Timestamp,Course,Section,Instructor,Total_Seats,Open_Seats,Waitlist,Fetch_Time,Actual_Log_Time
2026-10-05 03:40:31,AAAS100,0101,Shane Walsh,35,35,0,2026-10-05 03:40:35,2026-10-05 03:40:35.017
2026-10-05 03:40:31,AAAS100,0201,Shane Walsh,35,35,0,2026-10-05 03:40:35,2026-10-05 03:40:35.017
2026-10-05 03:40:31,AAAS100,0301,George Kintiba,30,30,0,2026-10-05 03:40:35,2026-10-05 03:40:35.017
2026-10-05 03:40:31,AAAS100,0401,Beka Guluma,35,35,0,2026-10-05 03:40:35,2026-10-05 03:40:35.017
2026-10-05 03:40:31,AAAS100,0501,Jason Nichols,33,33,0,2026-10-05 03:40:35,2026-10-05 03:40:35.018
2026-10-05 03:40:31,AAAS100,0601,Jason Nichols,35,35,0,2026-10-05 03:40:35,2026-10-05 03:40:35.018
2026-10-05 03:40:31,AAAS100H,0301,George Kintiba,5,5,0,2026-10-05 03:40:35,2026-10-05 03:40:35.438
2026-10-05 03:40:31,AAAS101,0101,Periloux Peay,40,40,0,2026-10-05 03:40:35,2026-10-05 03:40:35.861
2026-10-05 03:40:31,AAAS187,0101,Robert Choflet,30,30,0,2026-10-05 03:40:36,2026-10-05 03:40:36.458
2026-10-05 03:40:31,AAAS200,0101,George Kintiba,40,40,0,2026-10-05 03:40:36,2026-10-05 03:40:36.853
2026-10-05 03:40:31,AAAS202,0101,Robert Choflet,30,30,0,2026-10-05 03:40:37,2026-10-05 03:40:37.471
2026-10-05 03:40:31,AAAS202,0201,Angelica Dunbar,35,35,0,2026-10-05 03:40:37,2026-10-05 03:40:37.471
2026-10-05 03:40:31,AAAS202,0301,Angelica Dunbar,35,35,0,2026-10-05 03:40:37,2026-10-05 03:40:37.472
2026-10-05 03:40:31,AAAS202,0401,Robert Choflet,35,35,0,2026-10-05 03:40:37,2026-10-05 03:40:37.472
2026-10-05 03:40:31,AAAS202H,0101,Robert Choflet,5,5,0,2026-10-05 03:40:38,2026-10-05 03:40:38.098
2026-10-05 03:40:31,AAAS211,0101,Shane Walsh,120,120,0,2026-10-05 03:40:38,2026-10-05 03:40:38.936
2026-10-05 03:40:31,AAAS234,0101,Instructor: TBA,30,30,0,2026-10-05 03:40:39,2026-10-05 03:40:39.335
2026-10-05 03:40:31,AAAS255,0101,Leigh Soares,40,40,0,2026-10-05 03:40:39,2026-10-05 03:40:39.740
2026-10-05 03:40:31,AAAS265,0101,Ashley Newby,40,40,0,2026-10-05 03:40:40,2026-10-05 03:40:40.148
2026-10-05 03:40:31,AAAS320,0101,Cecily Jackson,25,25,0,2026-10-05 03:40:40,2026-10-05 03:40:40.562
2026-10-05 03:40:31,AAAS320,0201,Cecily Jackson,25,25,0,2026-10-05 03:40:40,2026-10-05 03:40:40.562
2026-10-05 03:40:31,AAAS386,0101,Marshal Washington,10,10,0,2026-10-05 03:40:41,2026-10-05 03:40:41.288
2026-10-05 03:40:31,AAAS398G,0101,Chinyere Osuji,20,20,0,2026-10-05 03:40:41,2026-10-05 03:40:41.912
2026-10-05 03:40:31,AAAS398U,0101,John Drabinski,25,25,0,2026-10-05 03:40:42,2026-10-05 03:40:42.304
2026-10-05 03:40:31,AAAS400,0101,George Kintiba,20,20,0,2026-10-05 03:40:42,2026-10-05 03:40:42.733
2026-10-05 03:40:31,AAAS400H,0101,George Kintiba,5,5,0,2026-10-05 03:40:43,2026-10-05 03:40:43.145
2026-10-05 03:40:31,AAAS490,0101,Paul Landau,18,18,0,2026-10-05 03:40:43,2026-10-05 03:40:43.758
2026-10-05 03:40:31,AAAS498X,0101,Terrill Taylor,36,36,0,2026-10-05 03:40:44,2026-10-05 03:40:44.155
2026-10-05 03:40:31,AAST200,0101,Jennifer Cho,34,34,0,2026-10-05 03:40:46,2026-10-05 03:40:46.368
2026-10-05 03:40:31,AAST201,0101,Madeline Hsu,40,40,0,2026-10-05 03:40:46,2026-10-05 03:40:46.790
2026-10-05 03:40:31,AAST250,0101,Jennifer Cho,30,30,0,2026-10-05 03:40:47,2026-10-05 03:40:47.200
2026-10-05 03:40:31,AAST262,0101,Derek Iwamoto,54,54,0,2026-10-05 03:40:47,2026-10-05 03:40:47.598
2026-10-05 03:40:31,AAST322,0101,Julie Park,30,30,0,2026-10-05 03:40:48,2026-10-05 03:40:48.015
2026-10-05 03:40:31,AAST350,0101,Binod Paudyal,25,25,0,2026-10-05 03:40:48,2026-10-05 03:40:48.434
2026-10-05 03:40:31,AAST351,0101,Binod Paudyal,34,34,0,2026-10-05 03:40:48,2026-10-05 03:40:48.845
2026-10-05 03:40:31,AAST363,0101,Gemirald Daus,35,35,0,2026-10-05 03:40:49,2026-10-05 03:40:49.265
2026-10-05 03:40:31,AAST378,0101,Janelle Wong,2,2,0,2026-10-05 03:40:49,2026-10-05 03:40:49.699
2026-10-05 03:40:31,AAST394,0101,Wenxi Yang,25,25,0,2026-10-05 03:40:50,2026-10-05 03:40:50.499
2026-10-05 03:40:31,AAST398A,0101,Michelle Magalong,20,20,0,2026-10-05 03:40:50,2026-10-05 03:40:50.898
2026-10-05 03:40:31,AAST398B,0101,Chris Eng,25,25,0,2026-10-05 03:40:51,2026-10-05 03:40:51.319
2026-10-05 03:40:31,AAST421,0101,Philip Nash,20,20,0,2026-10-05 03:40:51,2026-10-05 03:40:51.711
2026-10-05 03:40:31,AAST422,0101,Jennifer Cho,18,18,0,2026-10-05 03:40:52,2026-10-05 03:40:52.109
2026-10-05 03:40:31,AAST443,0101,Janelle Wong,27,27,0,2026-10-05 03:40:52,2026-10-05 03:40:52.553
2026-10-05 03:40:31,ABRM450,0101,Ashley Newby,10,10,0,2026-10-05 03:40:54,2026-10-05 03:40:54.299
2026-10-05 03:40:31,AGNR301,0101,Thomas Hilde,150,150,0,2026-10-05 03:40:56,2026-10-05 03:40:56.259
2026-10-05 03:40:31,AGNR388,0101,Instructor: TBA,20,20,0,2026-10-05 03:40:56,2026-10-05 03:40:56.652
2026-10-05 03:40:31,AIME498B,0101,Kevin McGarry,30,30,0,2026-10-05 03:41:01,2026-10-05 03:41:01.128
2026-10-05 03:40:31,ARAB101,0101,Samah Al-salami,15,15,0,2026-10-05 03:41:55,2026-10-05 03:41:55.557
2026-10-05 03:40:31,ARAB101,0201,Ahmed Hanafy,15,15,0,2026-10-05 03:41:55,2026-10-05 03:41:55.557
2026-10-05 03:40:31,ARAB102,0101,Samah Al-salami,15,15,0,2026-10-05 03:41:55,2026-10-05 03:41:55.966
2026-10-05 03:40:31,ARAB102,0201,Samah Al-salami,15,15,0,2026-10-05 03:41:55,2026-10-05 03:41:55.966
2026-10-05 03:40:31,ARAB201,0101,Lutf Alkebsi,15,15,0,2026-10-05 03:41:56,2026-10-05 03:41:56.389
2026-10-05 03:40:31,ARAB202,0101,Lutf Alkebsi,15,15,0,2026-10-05 03:41:56,2026-10-05 03:41:56.809
2026-10-05 03:40:31,ARAB202,0201,Lutf Alkebsi,15,15,0,2026-10-05 03:41:56,2026-10-05 03:41:56.810
2026-10-05 03:40:31,ARAB222,0101,Ahmed Hanafy,15,15,0,2026-10-05 03:41:57,2026-10-05 03:41:57.202
2026-10-05 03:40:31,ARAB250,0101,Anny Gaul,20,20,0,2026-10-05 03:41:57,2026-10-05 03:41:57.598
2026-10-05 03:40:31,ARAB302,0101,Ahmed Hanafy,15,15,0,2026-10-05 03:41:57,2026-10-05 03:41:57.991
2026-10-05 03:40:31,ARAB317,0101,Anny Gaul,15,15,0,2026-10-05 03:41:58,2026-10-05 03:41:58.406
2026-10-05 03:40:31,ARAB398W,0101,Lutf Alkebsi,15,15,0,2026-10-05 03:41:59,2026-10-05 03:41:59.214
2026-10-05 03:40:31,ARAB499X,0101,Samah Al-salami,15,15,0,2026-10-05 03:42:00,2026-10-05 03:42:00.029
2026-10-05 03:40:31,ARCH170,0101,Lindsey May,100,100,0,2026-10-05 03:42:02,2026-10-05 03:42:02.794
2026-10-05 03:40:31,ARCH200,0101,Michael Abrams,21,21,0,2026-10-05 03:42:03,2026-10-05 03:42:03.300
2026-10-05 03:40:31,ARCH200,0102,Michael Abrams,21,21,0,2026-10-05 03:42:03,2026-10-05 03:42:03.300
2026-10-05 03:40:31,ARCH200,0103,Michael Abrams,21,21,0,2026-10-05 03:42:03,2026-10-05 03:42:03.301
2026-10-05 03:40:31,ARCH200,0104,Michael Abrams,21,21,0,2026-10-05 03:42:03,2026-10-05 03:42:03.301
2026-10-05 03:40:31,ARCH200,0105,Michael Abrams,21,21,0,2026-10-05 03:42:03,2026-10-05 03:42:03.301
2026-10-05 03:40:31,ARCH200,0106,Michael Abrams,21,21,0,2026-10-05 03:42:03,2026-10-05 03:42:03.301
2026-10-05 03:40:31,ARCH225,0101,Joseph Williams,125,125,0,2026-10-05 03:42:03,2026-10-05 03:42:03.729
2026-10-05 03:40:31,ARCH271,0101,Wayne Ricardo Curtis,75,75,0,2026-10-05 03:42:04,2026-10-05 03:42:04.187
2026-10-05 03:40:31,ARCH271,0102,Wayne Ricardo Curtis,75,75,0,2026-10-05 03:42:04,2026-10-05 03:42:04.187
2026-10-05 03:40:31,ARCH386,0101,Kristen Stack,10,10,0,2026-10-05 03:42:04,2026-10-05 03:42:04.598
2026-10-05 03:40:31,ARCH400,0101,Kenneth Filler,75,75,0,2026-10-05 03:42:04,2026-10-05 03:42:04.995
2026-10-05 03:40:31,ARCH400,0201,Marcus Cross,60,60,0,2026-10-05 03:42:04,2026-10-05 03:42:04.995
2026-10-05 03:40:31,ARCH402,0101,Taejun James Kim,75,75,0,2026-10-05 03:42:05,2026-10-05 03:42:05.401
2026-10-05 03:40:31,ARCH405,0101,Brittany L Williams,14,14,0,2026-10-05 03:42:05,2026-10-05 03:42:05.815
2026-10-05 03:40:31,ARCH407,0101,Georgeanne Matthews,12,12,0,2026-10-05 03:42:06,2026-10-05 03:42:06.245
2026-10-05 03:40:31,ARCH408A,0101,Daniel Curry,5,5,0,2026-10-05 03:42:06,2026-10-05 03:42:06.638
2026-10-05 03:40:31,ARCH408C,0101,Edgar Alvarado,5,5,0,2026-10-05 03:42:07,2026-10-05 03:42:07.039
2026-10-05 03:40:31,ARCH418D,0101,Hooman Koliji,30,30,0,2026-10-05 03:42:07,2026-10-05 03:42:07.439
2026-10-05 03:40:31,ARCH418G,0101,Deokoh Woo,16,16,0,2026-10-05 03:42:07,2026-10-05 03:42:07.857
2026-10-05 03:40:31,ARCH418I,0101,Michael Kleiss,16,16,0,2026-10-05 03:42:08,2026-10-05 03:42:08.255
2026-10-05 03:40:31,ARCH420,0101,Caroline Hickman,30,30,0,2026-10-05 03:42:08,2026-10-05 03:42:08.672
2026-10-05 03:40:31,ARCH423,0101,Joseph Williams,30,30,0,2026-10-05 03:42:09,2026-10-05 03:42:09.097
2026-10-05 03:40:31,ARCH425,0101,Joseph Williams,10,10,0,2026-10-05 03:42:09,2026-10-05 03:42:09.511
2026-10-05 03:40:31,ARCH428F,0101,Matthew Bell,20,20,0,2026-10-05 03:42:09,2026-10-05 03:42:09.925
2026-10-05 03:40:31,ARCH428K,0101,Michele Lamprakos,26,26,0,2026-10-05 03:42:10,2026-10-05 03:42:10.350
2026-10-05 03:40:31,ARCH445,0101,Daniel Curry,15,15,0,2026-10-05 03:42:10,2026-10-05 03:42:10.769
2026-10-05 03:40:31,ARCH463,0101,Deokoh Woo,150,150,0,2026-10-05 03:42:11,2026-10-05 03:42:11.179
2026-10-05 03:40:31,ARCH465,0101,Michael Kleiss,80,80,0,2026-10-05 03:42:11,2026-10-05 03:42:11.603
2026-10-05 03:40:31,ARCH468I,0101,Hooman Koliji,26,26,0,2026-10-05 03:42:12,2026-10-05 03:42:12.016
2026-10-05 03:40:31,ARCH468P,0101,Hooman Koliji,26,26,0,2026-10-05 03:42:12,2026-10-05 03:42:12.437
2026-10-05 03:40:31,ARCH472,0101,Kiley Wilfong Cullen,24,24,0,2026-10-05 03:42:12,2026-10-05 03:42:12.851
2026-10-05 03:40:31,ARCH478L,0101,Michele Lamprakos,10,10,0,2026-10-05 03:42:13,2026-10-05 03:42:13.262
2026-10-05 03:40:31,ARCH478O,0101,Stefan Woehlke,20,20,0,2026-10-05 03:42:13,2026-10-05 03:42:13.680
2026-10-05 03:40:31,ARCH601,0101,Peter Noonan,20,20,0,2026-10-05 03:42:14,2026-10-05 03:42:14.081
2026-10-05 03:40:31,ARCH618G,0101,Deokoh Woo,4,4,0,2026-10-05 03:42:14,2026-10-05 03:42:14.489
2026-10-05 03:40:31,ARCH618I,0101,Michael Kleiss,4,4,0,2026-10-05 03:42:14,2026-10-05 03:42:14.907
2026-10-05 03:40:31,ARCH628K,0101,Michele Lamprakos,4,4,0,2026-10-05 03:42:15,2026-10-05 03:42:15.320
2026-10-05 03:40:31,ARCH635,0101,Matthew Bell,15,15,0,2026-10-05 03:42:15,2026-10-05 03:42:15.731
2026-10-05 03:40:31,ARCH645,0101,Daniel Curry,10,10,0,2026-10-05 03:42:16,2026-10-05 03:42:16.133
2026-10-05 03:40:31,ARCH654,0101,Anatole Tchikine,35,35,0,2026-10-05 03:42:16,2026-10-05 03:42:16.549
2026-10-05 03:40:31,ARCH658I,0101,Sonja Ewing,15,15,0,2026-10-05 03:42:16,2026-10-05 03:42:16.946
2026-10-05 03:40:31,ARCH668I,0101,Hooman Koliji,4,4,0,2026-10-05 03:42:17,2026-10-05 03:42:17.342
2026-10-05 03:40:31,ARCH668P,0101,Hooman Koliji,4,4,0,2026-10-05 03:42:17,2026-10-05 03:42:17.756
2026-10-05 03:40:31,ARCH678L,0101,Michele Lamprakos,10,10,0,2026-10-05 03:42:18,2026-10-05 03:42:18.154
2026-10-05 03:40:31,ARCH678O,0101,Stefan Woehlke,5,5,0,2026-10-05 03:42:18,2026-10-05 03:42:18.549
2026-10-05 03:40:31,ARCH797,0101,Hooman Koliji,15,15,0,2026-10-05 03:42:18,2026-10-05 03:42:18.964
2026-10-05 03:40:31,ARMY105,0101,Andrew Bischoff,60,60,0,2026-10-05 03:42:45,2026-10-05 03:42:45.274
2026-10-05 03:40:31,ARMY105,0102,Andrew Bischoff,60,60,0,2026-10-05 03:42:45,2026-10-05 03:42:45.274
2026-10-05 03:40:31,ARMY110,0101,Andrew Bischoff,40,40,0,2026-10-05 03:42:45,2026-10-05 03:42:45.693
2026-10-05 03:40:31,ARMY202,0102,Andrew Bischoff,60,60,0,2026-10-05 03:42:46,2026-10-05 03:42:46.112
2026-10-05 03:40:31,ARMY302,0101,Andrew Bischoff,40,40,0,2026-10-05 03:42:46,2026-10-05 03:42:46.792
2026-10-05 03:40:31,ARMY402,0101,Andrew Bischoff,30,30,0,2026-10-05 03:42:47,2026-10-05 03:42:47.704
2026-10-05 03:40:31,ARMY402,0102,Andrew Bischoff,100,100,0,2026-10-05 03:42:47,2026-10-05 03:42:47.704
2026-10-05 03:40:31,ARSC059,0101,Kathryn Love,250,250,0,2026-10-05 03:42:49,2026-10-05 03:42:49.829
2026-10-05 03:40:31,ARSC101,0101,Alan Snyder,50,50,0,2026-10-05 03:42:50,2026-10-05 03:42:50.234
2026-10-05 03:40:31,ARSC101,0102,Alan Snyder,65,65,0,2026-10-05 03:42:50,2026-10-05 03:42:50.235
2026-10-05 03:40:31,ARSC101,0103,Alan Snyder,40,40,0,2026-10-05 03:42:50,2026-10-05 03:42:50.235
2026-10-05 03:40:31,ARSC101,0104,Alan Snyder,10,10,0,2026-10-05 03:42:50,2026-10-05 03:42:50.235
2026-10-05 03:40:31,ARSC201,0101,Nathan Rabe,65,65,0,2026-10-05 03:42:50,2026-10-05 03:42:50.645
2026-10-05 03:40:31,ARSC201,0102,Kathleen West,40,40,0,2026-10-05 03:42:50,2026-10-05 03:42:50.645
2026-10-05 03:40:31,ARSC201,0103,Kathleen West,40,40,0,2026-10-05 03:42:50,2026-10-05 03:42:50.645
2026-10-05 03:40:31,ARSC301,0101,Kathryn Love,45,45,0,2026-10-05 03:42:51,2026-10-05 03:42:51.068
2026-10-05 03:40:31,ARSC301,0102,Kathryn Love,20,20,0,2026-10-05 03:42:51,2026-10-05 03:42:51.068
2026-10-05 03:40:31,ARSC401,0101,Joseph Herwatic,30,30,0,2026-10-05 03:42:51,2026-10-05 03:42:51.467
2026-10-05 03:40:31,ARSC401,0102,Joseph Herwatic,15,15,0,2026-10-05 03:42:51,2026-10-05 03:42:51.467
2026-10-05 03:40:31,BIOM301,0101,Christine Hakenkamp,28,28,0,2026-10-05 03:44:02,2026-10-05 03:44:02.399
2026-10-05 03:40:31,BIOM301,0102,Christine Hakenkamp,28,28,0,2026-10-05 03:44:02,2026-10-05 03:44:02.399
2026-10-05 03:40:31,BIOM301,0103,Christine Hakenkamp,28,28,0,2026-10-05 03:44:02,2026-10-05 03:44:02.400
2026-10-05 03:40:31,BIOM301,0104,Christine Hakenkamp,28,28,0,2026-10-05 03:44:02,2026-10-05 03:44:02.400
2026-10-05 03:40:31,BIOM301,0105,Christine Hakenkamp,28,28,0,2026-10-05 03:44:02,2026-10-05 03:44:02.400
2026-10-05 03:40:31,BIOM301,0106,Christine Hakenkamp,28,28,0,2026-10-05 03:44:02,2026-10-05 03:44:02.400
2026-10-05 03:40:31,BIOM301,0107,Christine Hakenkamp,28,28,0,2026-10-05 03:44:02,2026-10-05 03:44:02.400
2026-10-05 03:40:31,BIOM301,0201,Instructor: TBA,28,28,0,2026-10-05 03:44:02,2026-10-05 03:44:02.400
2026-10-05 03:40:31,BIOM602,0101,Jiuzhou Song,28,28,0,2026-10-05 03:44:02,2026-10-05 03:44:02.809
2026-10-05 03:40:31,BMIN210,0101,Darlene Dennison,162,162,0,2026-10-05 03:44:37,2026-10-05 03:44:37.870
2026-10-05 03:40:31,BMIN210,0201,Darlene Dennison,162,162,0,2026-10-05 03:44:37,2026-10-05 03:44:37.871
2026-10-05 03:40:31,BMIN305,0101,Tejwansh Anand,162,162,0,2026-10-05 03:44:38,2026-10-05 03:44:38.265
2026-10-05 03:40:31,BMIN345,0101,Michael Padhi,325,325,0,2026-10-05 03:44:38,2026-10-05 03:44:38.687
2026-10-05 03:40:31,BMIN355,0101,Idil Yaveroglu,162,162,0,2026-10-05 03:44:39,2026-10-05 03:44:39.100
2026-10-05 03:40:31,BMIN355,0201,Idil Yaveroglu,162,162,0,2026-10-05 03:44:39,2026-10-05 03:44:39.100
2026-10-05 03:40:31,BMIN375,0101,Leland Gardner,162,162,0,2026-10-05 03:44:39,2026-10-05 03:44:39.492
2026-10-05 03:40:31,BMIN395,0101,Nima Farshchi,162,162,0,2026-10-05 03:44:39,2026-10-05 03:44:39.890
2026-10-05 03:40:31,BMIN395,0201,Nima Farshchi,162,162,0,2026-10-05 03:44:39,2026-10-05 03:44:39.890
2026-10-05 03:40:31,BSCI103,1100,Tais Mattoso De Andrade Ribeiro,24,24,0,2026-10-05 03:44:44,2026-10-05 03:44:44.084
2026-10-05 03:40:31,BSCI103,1101,Tais Mattoso De Andrade Ribeiro,24,24,0,2026-10-05 03:44:44,2026-10-05 03:44:44.084
2026-10-05 03:40:31,BSCI103,1103,Tais Mattoso De Andrade Ribeiro,24,24,0,2026-10-05 03:44:44,2026-10-05 03:44:44.084
2026-10-05 03:40:31,BSCI103,1105,Tais Mattoso De Andrade Ribeiro,24,24,0,2026-10-05 03:44:44,2026-10-05 03:44:44.084
2026-10-05 03:40:31,BSCI103,1107,Tais Mattoso De Andrade Ribeiro,24,24,0,2026-10-05 03:44:44,2026-10-05 03:44:44.084
2026-10-05 03:40:31,BSCI103,1108,Tais Mattoso De Andrade Ribeiro,24,24,0,2026-10-05 03:44:44,2026-10-05 03:44:44.085
2026-10-05 03:40:31,BSCI103,1109,Tais Mattoso De Andrade Ribeiro,24,24,0,2026-10-05 03:44:44,2026-10-05 03:44:44.085
2026-10-05 03:40:31,BSCI103,1110,Tais Mattoso De Andrade Ribeiro,24,24,0,2026-10-05 03:44:44,2026-10-05 03:44:44.085
2026-10-05 03:40:31,BSCI103M,0101,Tais Mattoso De Andrade Ribeiro,24,24,0,2026-10-05 03:44:44,2026-10-05 03:44:44.499
2026-10-05 03:40:31,BSCI120,0101,Dennis vanEngelsdorp,21,21,0,2026-10-05 03:44:44,2026-10-05 03:44:44.913
2026-10-05 03:40:31,BSCI120,0102,Dennis vanEngelsdorp,21,21,0,2026-10-05 03:44:44,2026-10-05 03:44:44.913
2026-10-05 03:40:31,BSCI135,1101,Edgar Moctezuma,24,24,0,2026-10-05 03:44:45,2026-10-05 03:44:45.322
2026-10-05 03:40:31,BSCI135,1102,Edgar Moctezuma,24,24,0,2026-10-05 03:44:45,2026-10-05 03:44:45.322
2026-10-05 03:40:31,BSCI135,1103,Edgar Moctezuma,24,24,0,2026-10-05 03:44:45,2026-10-05 03:44:45.322
2026-10-05 03:40:31,BSCI135,1104,Edgar Moctezuma,24,24,0,2026-10-05 03:44:45,2026-10-05 03:44:45.323
2026-10-05 03:40:31,BSCI135,1105,Edgar Moctezuma,24,24,0,2026-10-05 03:44:45,2026-10-05 03:44:45.323
2026-10-05 03:40:31,BSCI160,6101,Leo Shapiro,104,104,0,2026-10-05 03:44:45,2026-10-05 03:44:45.726
2026-10-05 03:40:31,BSCI160,6301,Chloe Garfinkel,56,56,0,2026-10-05 03:44:45,2026-10-05 03:44:45.726
2026-10-05 03:40:31,BSCI160,6601,Vadim Karatayev,88,88,0,2026-10-05 03:44:45,2026-10-05 03:44:45.726
2026-10-05 03:40:31,BSCI160,SES1,Chloe Garfinkel,15,15,0,2026-10-05 03:44:45,2026-10-05 03:44:45.727
2026-10-05 03:40:31,BSCI170,0101,Cordelia Weiss,153,153,0,2026-10-05 03:44:46,2026-10-05 03:44:46.157
2026-10-05 03:40:31,BSCI170,0201,Nicholas Fletcher,153,153,0,2026-10-05 03:44:46,2026-10-05 03:44:46.157
2026-10-05 03:40:31,BSCI170,0301,Ricardo Araneda,152,152,0,2026-10-05 03:44:46,2026-10-05 03:44:46.157
2026-10-05 03:40:31,BSCI170,0401,Swarna Mohan,153,153,0,2026-10-05 03:44:46,2026-10-05 03:44:46.157
2026-10-05 03:40:31,BSCI170,0501,Ji Young Choi,120,120,0,2026-10-05 03:44:46,2026-10-05 03:44:46.158
2026-10-05 03:40:31,BSCI170,0701,Ji Young Choi,153,153,0,2026-10-05 03:44:46,2026-10-05 03:44:46.158
2026-10-05 03:40:31,BSCI170,SES1,James Sniezek,20,20,0,2026-10-05 03:44:46,2026-10-05 03:44:46.158
2026-10-05 03:40:31,BSCI180,8105,Hans Lemke,19,19,0,2026-10-05 03:44:46,2026-10-05 03:44:46.811
2026-10-05 03:40:31,BSCI180,8106,Hans Lemke,19,19,0,2026-10-05 03:44:46,2026-10-05 03:44:46.811
2026-10-05 03:40:31,BSCI180,8107,Hans Lemke,19,19,0,2026-10-05 03:44:46,2026-10-05 03:44:46.812
2026-10-05 03:40:31,BSCI180,8108,Hans Lemke,19,19,0,2026-10-05 03:44:46,2026-10-05 03:44:46.812
2026-10-05 03:40:31,BSCI180,8109,Hans Lemke,19,19,0,2026-10-05 03:44:46,2026-10-05 03:44:46.812
2026-10-05 03:40:31,BSCI180,8110,Hans Lemke,19,19,0,2026-10-05 03:44:46,2026-10-05 03:44:46.812
2026-10-05 03:40:31,BSCI180,8111,Hans Lemke,19,19,0,2026-10-05 03:44:46,2026-10-05 03:44:46.812
2026-10-05 03:40:31,BSCI180,8112,Hans Lemke,19,19,0,2026-10-05 03:44:46,2026-10-05 03:44:46.813
2026-10-05 03:40:31,BSCI180,8113,Hans Lemke,19,19,0,2026-10-05 03:44:46,2026-10-05 03:44:46.813
2026-10-05 03:40:31,BSCI180,8114,Hans Lemke,19,19,0,2026-10-05 03:44:46,2026-10-05 03:44:46.813
2026-10-05 03:40:31,BSCI180,8201,Hans Lemke,19,19,0,2026-10-05 03:44:46,2026-10-05 03:44:46.813
2026-10-05 03:40:31,BSCI180,8202,Hans Lemke,19,19,0,2026-10-05 03:44:46,2026-10-05 03:44:46.813
2026-10-05 03:40:31,BSCI180,8205,Hans Lemke,19,19,0,2026-10-05 03:44:46,2026-10-05 03:44:46.814
2026-10-05 03:40:31,BSCI180,8206,Hans Lemke,19,19,0,2026-10-05 03:44:46,2026-10-05 03:44:46.814
2026-10-05 03:40:31,BSCI180,8207,Hans Lemke,19,19,0,2026-10-05 03:44:46,2026-10-05 03:44:46.814
2026-10-05 03:40:31,BSCI180,8208,Hans Lemke,19,19,0,2026-10-05 03:44:46,2026-10-05 03:44:46.814
2026-10-05 03:40:31,BSCI180,8209,Hans Lemke,19,19,0,2026-10-05 03:44:46,2026-10-05 03:44:46.814
2026-10-05 03:40:31,BSCI180,8210,Hans Lemke,19,19,0,2026-10-05 03:44:46,2026-10-05 03:44:46.814
2026-10-05 03:40:31,BSCI180,8211,Hans Lemke,19,19,0,2026-10-05 03:44:46,2026-10-05 03:44:46.815
2026-10-05 03:40:31,BSCI180,8212,Hans Lemke,19,19,0,2026-10-05 03:44:46,2026-10-05 03:44:46.815
2026-10-05 03:40:31,BSCI180,8213,Hans Lemke,19,19,0,2026-10-05 03:44:46,2026-10-05 03:44:46.815
2026-10-05 03:40:31,BSCI180,8214,Hans Lemke,19,19,0,2026-10-05 03:44:46,2026-10-05 03:44:46.815
2026-10-05 03:40:31,BSCI180,8301,Hans Lemke,19,19,0,2026-10-05 03:44:46,2026-10-05 03:44:46.815
2026-10-05 03:40:31,BSCI180,8302,Hans Lemke,19,19,0,2026-10-05 03:44:46,2026-10-05 03:44:46.816
2026-10-05 03:40:31,BSCI180,8305,Hans Lemke,19,19,0,2026-10-05 03:44:46,2026-10-05 03:44:46.816
2026-10-05 03:40:31,BSCI180,8306,Hans Lemke,19,19,0,2026-10-05 03:44:46,2026-10-05 03:44:46.816
2026-10-05 03:40:31,BSCI180,8307,Hans Lemke,19,19,0,2026-10-05 03:44:46,2026-10-05 03:44:46.816
2026-10-05 03:40:31,BSCI180,8308,Hans Lemke,19,19,0,2026-10-05 03:44:46,2026-10-05 03:44:46.816
2026-10-05 03:40:31,BSCI180,8309,Hans Lemke,19,19,0,2026-10-05 03:44:46,2026-10-05 03:44:46.816
2026-10-05 03:40:31,BSCI180,8310,Hans Lemke,19,19,0,2026-10-05 03:44:46,2026-10-05 03:44:46.817
2026-10-05 03:40:31,BSCI180,8311,Hans Lemke,19,19,0,2026-10-05 03:44:46,2026-10-05 03:44:46.817
2026-10-05 03:40:31,BSCI180,8312,Hans Lemke,19,19,0,2026-10-05 03:44:46,2026-10-05 03:44:46.817
2026-10-05 03:40:31,BSCI180,8313,Hans Lemke,19,19,0,2026-10-05 03:44:46,2026-10-05 03:44:46.817
2026-10-05 03:40:31,BSCI180,8314,Hans Lemke,19,19,0,2026-10-05 03:44:46,2026-10-05 03:44:46.817
2026-10-05 03:40:31,BSCI180,8401,Hans Lemke,19,19,0,2026-10-05 03:44:46,2026-10-05 03:44:46.818
2026-10-05 03:40:31,BSCI180,8402,Hans Lemke,19,19,0,2026-10-05 03:44:46,2026-10-05 03:44:46.818
2026-10-05 03:40:31,BSCI180,8405,Hans Lemke,19,19,0,2026-10-05 03:44:46,2026-10-05 03:44:46.818
2026-10-05 03:40:31,BSCI180,8406,Hans Lemke,19,19,0,2026-10-05 03:44:46,2026-10-05 03:44:46.818
2026-10-05 03:40:31,BSCI180,8407,Hans Lemke,19,19,0,2026-10-05 03:44:46,2026-10-05 03:44:46.818
2026-10-05 03:40:31,BSCI180,8408,Hans Lemke,19,19,0,2026-10-05 03:44:46,2026-10-05 03:44:46.818
2026-10-05 03:40:31,BSCI180,8409,Hans Lemke,19,19,0,2026-10-05 03:44:46,2026-10-05 03:44:46.819
2026-10-05 03:40:31,BSCI180,8410,Hans Lemke,19,19,0,2026-10-05 03:44:46,2026-10-05 03:44:46.819
2026-10-05 03:40:31,BSCI180,8411,Hans Lemke,19,19,0,2026-10-05 03:44:46,2026-10-05 03:44:46.819
2026-10-05 03:40:31,BSCI180,8412,Hans Lemke,19,19,0,2026-10-05 03:44:46,2026-10-05 03:44:46.819
2026-10-05 03:40:31,BSCI180,8413,Hans Lemke,19,19,0,2026-10-05 03:44:46,2026-10-05 03:44:46.819
2026-10-05 03:40:31,BSCI180,8414,Hans Lemke,19,19,0,2026-10-05 03:44:46,2026-10-05 03:44:46.820
2026-10-05 03:40:31,BSCI180,SEF2,Hans Lemke,19,19,0,2026-10-05 03:44:46,2026-10-05 03:44:46.820
2026-10-05 03:40:31,BSCI180,SES1,Hans Lemke,19,19,0,2026-10-05 03:44:46,2026-10-05 03:44:46.820
2026-10-05 03:40:31,BSCI201,0101,Caitlin Fox,24,24,0,2026-10-05 03:44:47,2026-10-05 03:44:47.250
2026-10-05 03:40:31,BSCI201,0103,Caitlin Fox,24,24,0,2026-10-05 03:44:47,2026-10-05 03:44:47.251
2026-10-05 03:40:31,BSCI201,0105,Caitlin Fox,24,24,0,2026-10-05 03:44:47,2026-10-05 03:44:47.251
2026-10-05 03:40:31,BSCI201,0106,Caitlin Fox,24,24,0,2026-10-05 03:44:47,2026-10-05 03:44:47.251
2026-10-05 03:40:31,BSCI201,0107,Caitlin Fox,24,24,0,2026-10-05 03:44:47,2026-10-05 03:44:47.251
2026-10-05 03:40:31,BSCI201,0109,Maira Goytia,24,24,0,2026-10-05 03:44:47,2026-10-05 03:44:47.251
2026-10-05 03:40:31,BSCI201,0110,Caitlin Fox,24,24,0,2026-10-05 03:44:47,2026-10-05 03:44:47.251
2026-10-05 03:40:31,BSCI201,0111,Caitlin Fox,24,24,0,2026-10-05 03:44:47,2026-10-05 03:44:47.252
2026-10-05 03:40:31,BSCI201,1101,Justicia Opoku-Edusei,24,24,0,2026-10-05 03:44:47,2026-10-05 03:44:47.252
2026-10-05 03:40:31,BSCI201,1103,Justicia Opoku-Edusei,24,24,0,2026-10-05 03:44:47,2026-10-05 03:44:47.252
2026-10-05 03:40:31,BSCI201,1104,Justicia Opoku-Edusei,24,24,0,2026-10-05 03:44:47,2026-10-05 03:44:47.252
2026-10-05 03:40:31,BSCI201,1105,Caitlin Fox,24,24,0,2026-10-05 03:44:47,2026-10-05 03:44:47.252
2026-10-05 03:40:31,BSCI201,1106,Caitlin Fox,24,24,0,2026-10-05 03:44:47,2026-10-05 03:44:47.253
2026-10-05 03:40:31,BSCI201,1108,Caitlin Fox,24,24,0,2026-10-05 03:44:47,2026-10-05 03:44:47.253
2026-10-05 03:40:31,BSCI201,1109,Justicia Opoku-Edusei,24,24,0,2026-10-05 03:44:47,2026-10-05 03:44:47.253
2026-10-05 03:40:31,BSCI201,1110,Justicia Opoku-Edusei,24,24,0,2026-10-05 03:44:47,2026-10-05 03:44:47.253
2026-10-05 03:40:31,BSCI202,0101,Caitlin Fox,24,24,0,2026-10-05 03:44:47,2026-10-05 03:44:47.677
2026-10-05 03:40:31,BSCI202,0102,Caitlin Fox,24,24,0,2026-10-05 03:44:47,2026-10-05 03:44:47.677
2026-10-05 03:40:31,BSCI202,0104,Caitlin Fox,24,24,0,2026-10-05 03:44:47,2026-10-05 03:44:47.677
2026-10-05 03:40:31,BSCI202,0108,Caitlin Fox,24,24,0,2026-10-05 03:44:47,2026-10-05 03:44:47.677
2026-10-05 03:40:31,BSCI202,0109,Maira Goytia,24,24,0,2026-10-05 03:44:47,2026-10-05 03:44:47.678
2026-10-05 03:40:31,BSCI202,0110,Caitlin Fox,24,24,0,2026-10-05 03:44:47,2026-10-05 03:44:47.678
2026-10-05 03:40:31,BSCI202,1101,Justicia Opoku-Edusei,24,24,0,2026-10-05 03:44:47,2026-10-05 03:44:47.678
2026-10-05 03:40:31,BSCI202,1103,Justicia Opoku-Edusei,24,24,0,2026-10-05 03:44:47,2026-10-05 03:44:47.678
2026-10-05 03:40:31,BSCI202,1104,Justicia Opoku-Edusei,24,24,0,2026-10-05 03:44:47,2026-10-05 03:44:47.678
2026-10-05 03:40:31,BSCI202,1106,Justicia Opoku-Edusei,24,24,0,2026-10-05 03:44:47,2026-10-05 03:44:47.679
2026-10-05 03:40:31,BSCI202,1107,Justicia Opoku-Edusei,24,24,0,2026-10-05 03:44:47,2026-10-05 03:44:47.679
2026-10-05 03:40:31,BSCI202,1108,Justicia Opoku-Edusei,24,24,0,2026-10-05 03:44:47,2026-10-05 03:44:47.679
2026-10-05 03:40:31,BSCI202,SES1,Edward Orlando,20,20,0,2026-10-05 03:44:47,2026-10-05 03:44:47.679
2026-10-05 03:40:31,BSCI207,0101,Karen Carleton,80,80,0,2026-10-05 03:44:48,2026-10-05 03:44:48.075
2026-10-05 03:40:31,BSCI207,0201,Chloe Garfinkel,80,80,0,2026-10-05 03:44:48,2026-10-05 03:44:48.075
2026-10-05 03:40:31,BSCI213,0101,Cordelia Weiss,20,20,0,2026-10-05 03:44:48,2026-10-05 03:44:48.472
2026-10-05 03:40:31,BSCI213,0102,Cordelia Weiss,20,20,0,2026-10-05 03:44:48,2026-10-05 03:44:48.472
2026-10-05 03:40:31,BSCI222,7106,Thomas Kocher,18,18,0,2026-10-05 03:44:48,2026-10-05 03:44:48.970
2026-10-05 03:40:31,BSCI222,7108,Thomas Kocher,18,18,0,2026-10-05 03:44:48,2026-10-05 03:44:48.971
2026-10-05 03:40:31,BSCI222,7110,Thomas Kocher,18,18,0,2026-10-05 03:44:48,2026-10-05 03:44:48.971
2026-10-05 03:40:31,BSCI222,7112,Thomas Kocher,18,18,0,2026-10-05 03:44:48,2026-10-05 03:44:48.971
2026-10-05 03:40:31,BSCI222,7114,Thomas Kocher,18,18,0,2026-10-05 03:44:48,2026-10-05 03:44:48.971
2026-10-05 03:40:31,BSCI222,7116,Thomas Kocher,18,18,0,2026-10-05 03:44:48,2026-10-05 03:44:48.971
2026-10-05 03:40:31,BSCI222,7118,Thomas Kocher,18,18,0,2026-10-05 03:44:48,2026-10-05 03:44:48.971
2026-10-05 03:40:31,BSCI222,7120,Thomas Kocher,18,18,0,2026-10-05 03:44:48,2026-10-05 03:44:48.972
2026-10-05 03:40:31,BSCI222,7130,Thomas Kocher,18,18,0,2026-10-05 03:44:48,2026-10-05 03:44:48.972
2026-10-05 03:40:31,BSCI222,7133,Thomas Kocher,18,18,0,2026-10-05 03:44:48,2026-10-05 03:44:48.972
2026-10-05 03:40:31,BSCI222,7214,Michael Keller,18,18,0,2026-10-05 03:44:48,2026-10-05 03:44:48.972
2026-10-05 03:40:31,BSCI222,7216,Michael Keller,18,18,0,2026-10-05 03:44:48,2026-10-05 03:44:48.972
2026-10-05 03:40:31,BSCI222,7218,Michael Keller,18,18,0,2026-10-05 03:44:48,2026-10-05 03:44:48.973
2026-10-05 03:40:31,BSCI222,7219,Michael Keller,18,18,0,2026-10-05 03:44:48,2026-10-05 03:44:48.973
2026-10-05 03:40:31,BSCI222,7220,Michael Keller,18,18,0,2026-10-05 03:44:48,2026-10-05 03:44:48.973
2026-10-05 03:40:31,BSCI222,7221,Michael Keller,18,18,0,2026-10-05 03:44:48,2026-10-05 03:44:48.973
2026-10-05 03:40:31,BSCI222,7222,Michael Keller,18,18,0,2026-10-05 03:44:48,2026-10-05 03:44:48.973
2026-10-05 03:40:31,BSCI222,7224,Michael Keller,18,18,0,2026-10-05 03:44:48,2026-10-05 03:44:48.973
2026-10-05 03:40:31,BSCI222,7226,Michael Keller,18,18,0,2026-10-05 03:44:48,2026-10-05 03:44:48.974
2026-10-05 03:40:31,BSCI222,7232,Michael Keller,18,18,0,2026-10-05 03:44:48,2026-10-05 03:44:48.974
2026-10-05 03:40:31,BSCI222,7234,Michael Keller,18,18,0,2026-10-05 03:44:48,2026-10-05 03:44:48.974
2026-10-05 03:40:31,BSCI222,7236,Michael Keller,18,18,0,2026-10-05 03:44:48,2026-10-05 03:44:48.974
2026-10-05 03:40:31,BSCI222,7310,Maria Colt,18,18,0,2026-10-05 03:44:48,2026-10-05 03:44:48.974
2026-10-05 03:40:31,BSCI222,7311,Maria Colt,18,18,0,2026-10-05 03:44:48,2026-10-05 03:44:48.975
2026-10-05 03:40:31,BSCI222,7312,Maria Colt,18,18,0,2026-10-05 03:44:48,2026-10-05 03:44:48.975
2026-10-05 03:40:31,BSCI222,7313,Maria Colt,18,18,0,2026-10-05 03:44:48,2026-10-05 03:44:48.975
2026-10-05 03:40:31,BSCI222,7315,Maria Colt,18,18,0,2026-10-05 03:44:48,2026-10-05 03:44:48.975
2026-10-05 03:40:31,BSCI222,7320,Maria Colt,18,18,0,2026-10-05 03:44:48,2026-10-05 03:44:48.975
2026-10-05 03:40:31,BSCI222,7325,Maria Colt,18,18,0,2026-10-05 03:44:48,2026-10-05 03:44:48.975
2026-10-05 03:40:31,BSCI222,7330,Maria Colt,18,18,0,2026-10-05 03:44:48,2026-10-05 03:44:48.976
2026-10-05 03:40:31,BSCI222,7332,Maria Colt,18,18,0,2026-10-05 03:44:48,2026-10-05 03:44:48.976
2026-10-05 03:40:31,BSCI222,7335,Maria Colt,18,18,0,2026-10-05 03:44:48,2026-10-05 03:44:48.976
2026-10-05 03:40:31,BSCI222,SES1,Maria Colt,23,23,0,2026-10-05 03:44:48,2026-10-05 03:44:48.976
2026-10-05 03:40:31,BSCI223,1021,John Buchner,16,16,0,2026-10-05 03:44:49,2026-10-05 03:44:49.421
2026-10-05 03:40:31,BSCI223,1025,John Buchner,16,16,0,2026-10-05 03:44:49,2026-10-05 03:44:49.421
2026-10-05 03:40:31,BSCI223,1026,John Buchner,16,16,0,2026-10-05 03:44:49,2026-10-05 03:44:49.421
2026-10-05 03:40:31,BSCI223,1101,John Buchner,16,16,0,2026-10-05 03:44:49,2026-10-05 03:44:49.421
2026-10-05 03:40:31,BSCI223,1105,John Buchner,16,16,0,2026-10-05 03:44:49,2026-10-05 03:44:49.422
2026-10-05 03:40:31,BSCI223,1106,John Buchner,16,16,0,2026-10-05 03:44:49,2026-10-05 03:44:49.422
2026-10-05 03:40:31,BSCI223,1121,John Buchner,16,16,0,2026-10-05 03:44:49,2026-10-05 03:44:49.422
2026-10-05 03:40:31,BSCI223,1125,John Buchner,16,16,0,2026-10-05 03:44:49,2026-10-05 03:44:49.422
2026-10-05 03:40:31,BSCI223,1126,John Buchner,16,16,0,2026-10-05 03:44:49,2026-10-05 03:44:49.422
2026-10-05 03:40:31,BSCI223,1201,John Buchner,16,16,0,2026-10-05 03:44:49,2026-10-05 03:44:49.423
2026-10-05 03:40:31,BSCI223,1206,John Buchner,16,16,0,2026-10-05 03:44:49,2026-10-05 03:44:49.423
2026-10-05 03:40:31,BSCI223,1221,John Buchner,16,16,0,2026-10-05 03:44:49,2026-10-05 03:44:49.423
2026-10-05 03:40:31,BSCI223,1225,John Buchner,16,16,0,2026-10-05 03:44:49,2026-10-05 03:44:49.423
2026-10-05 03:40:31,BSCI223,1226,John Buchner,16,16,0,2026-10-05 03:44:49,2026-10-05 03:44:49.423
2026-10-05 03:40:31,BSCI223,1301,John Buchner,16,16,0,2026-10-05 03:44:49,2026-10-05 03:44:49.423
2026-10-05 03:40:31,BSCI223,1306,John Buchner,16,16,0,2026-10-05 03:44:49,2026-10-05 03:44:49.424
2026-10-05 03:40:31,BSCI223,2401,John Buchner,16,16,0,2026-10-05 03:44:49,2026-10-05 03:44:49.424
2026-10-05 03:40:31,BSCI223,2406,John Buchner,16,16,0,2026-10-05 03:44:49,2026-10-05 03:44:49.424
2026-10-05 03:40:31,BSCI223,SES1,Cherisse Hall,20,20,0,2026-10-05 03:44:49,2026-10-05 03:44:49.424
2026-10-05 03:40:31,BSCI238I,0101,Aditri Gadigi,30,30,0,2026-10-05 03:44:49,2026-10-05 03:44:49.857
2026-10-05 03:40:31,BSCI258A,0101,Nicholas Fletcher,10,10,0,2026-10-05 03:44:50,2026-10-05 03:44:50.279
2026-10-05 03:40:31,BSCI258B,0101,Nicholas Fletcher,80,80,0,2026-10-05 03:44:50,2026-10-05 03:44:50.680
2026-10-05 03:40:31,BSCI279B,0101,Katerina Thompson,32,32,0,2026-10-05 03:44:51,2026-10-05 03:44:51.489
2026-10-05 03:40:31,BSCI279B,0102,Katerina Thompson,32,32,0,2026-10-05 03:44:51,2026-10-05 03:44:51.489
2026-10-05 03:40:31,BSCI279Q,0101,Daniel Butts,10,10,0,2026-10-05 03:44:52,2026-10-05 03:44:52.334
2026-10-05 03:40:31,BSCI283,1205,Kevin McIver,20,20,0,2026-10-05 03:44:53,2026-10-05 03:44:53.561
2026-10-05 03:40:31,BSCI283,1305,Daniel Stein,20,20,0,2026-10-05 03:44:53,2026-10-05 03:44:53.561
2026-10-05 03:40:31,BSCI329,1016,Hilary Bierman,5,5,0,2026-10-05 03:44:53,2026-10-05 03:44:53.981
2026-10-05 03:40:31,BSCI329,1028,Daniel Butts,10,10,0,2026-10-05 03:44:53,2026-10-05 03:44:53.981
2026-10-05 03:40:31,BSCI329,1033,Chan Lin,10,10,0,2026-10-05 03:44:53,2026-10-05 03:44:53.981
2026-10-05 03:40:31,BSCI329,1250,Justicia Opoku-Edusei,20,20,0,2026-10-05 03:44:53,2026-10-05 03:44:53.982
2026-10-05 03:40:31,BSCI329,1388,Corine Van der Weele,8,8,0,2026-10-05 03:44:53,2026-10-05 03:44:53.982
2026-10-05 03:40:31,BSCI329,ESG1,Hadiya Woodham,10,10,0,2026-10-05 03:44:53,2026-10-05 03:44:53.982
2026-10-05 03:40:31,BSCI331,0101,Kenneth Frauwirth,200,200,0,2026-10-05 03:44:54,2026-10-05 03:44:54.402
2026-10-05 03:40:31,BSCI331,0201,Kenneth Frauwirth,200,200,0,2026-10-05 03:44:54,2026-10-05 03:44:54.403
2026-10-05 03:40:31,BSCI332,0102,Corine Van der Weele,23,23,0,2026-10-05 03:44:54,2026-10-05 03:44:54.821
2026-10-05 03:40:31,BSCI332,0104,Corine Van der Weele,23,23,0,2026-10-05 03:44:54,2026-10-05 03:44:54.822
2026-10-05 03:40:31,BSCI332,0106,Corine Van der Weele,23,23,0,2026-10-05 03:44:54,2026-10-05 03:44:54.822
2026-10-05 03:40:31,BSCI332,0107,Corine Van der Weele,23,23,0,2026-10-05 03:44:54,2026-10-05 03:44:54.822
2026-10-05 03:40:31,BSCI332,0111,Corine Van der Weele,23,23,0,2026-10-05 03:44:54,2026-10-05 03:44:54.822
2026-10-05 03:40:31,BSCI332,1103,Corine Van der Weele,23,23,0,2026-10-05 03:44:54,2026-10-05 03:44:54.822
2026-10-05 03:40:31,BSCI332,1105,Corine Van der Weele,23,23,0,2026-10-05 03:44:54,2026-10-05 03:44:54.823
2026-10-05 03:40:31,BSCI332,1108,Corine Van der Weele,23,23,0,2026-10-05 03:44:54,2026-10-05 03:44:54.823
2026-10-05 03:40:31,BSCI332,1109,Corine Van der Weele,23,23,0,2026-10-05 03:44:54,2026-10-05 03:44:54.823
2026-10-05 03:40:31,BSCI332,1111,Corine Van der Weele,23,23,0,2026-10-05 03:44:54,2026-10-05 03:44:54.823
2026-10-05 03:40:31,BSCI332,1113,Corine Van der Weele,23,23,0,2026-10-05 03:44:54,2026-10-05 03:44:54.823
2026-10-05 03:40:31,BSCI334,0101,Katerina Thompson,60,60,0,2026-10-05 03:44:55,2026-10-05 03:44:55.231
2026-10-05 03:40:31,BSCI335,0101,Katerina Thompson,20,20,0,2026-10-05 03:44:55,2026-10-05 03:44:55.623
2026-10-05 03:40:31,BSCI335,0102,Katerina Thompson,20,20,0,2026-10-05 03:44:55,2026-10-05 03:44:55.624
2026-10-05 03:40:31,BSCI337,0101,Leo Shapiro,20,20,0,2026-10-05 03:44:56,2026-10-05 03:44:56.021
2026-10-05 03:40:31,BSCI337,0102,Leo Shapiro,20,20,0,2026-10-05 03:44:56,2026-10-05 03:44:56.021
2026-10-05 03:40:31,BSCI343,ESG1,Hadiya Woodham,30,30,0,2026-10-05 03:44:56,2026-10-05 03:44:56.837
2026-10-05 03:40:31,BSCI348A,0101,John Buchner,22,22,0,2026-10-05 03:44:57,2026-10-05 03:44:57.655
2026-10-05 03:40:31,BSCI348I,SES1,Erik Lontok,25,25,0,2026-10-05 03:44:58,2026-10-05 03:44:58.068
2026-10-05 03:40:31,BSCI348R,0101,Najib El-Sayed,10,10,0,2026-10-05 03:44:58,2026-10-05 03:44:58.488
2026-10-05 03:40:31,BSCI353,0101,Chan Lin,64,64,0,2026-10-05 03:44:58,2026-10-05 03:44:58.887
2026-10-05 03:40:31,BSCI353,0102,Melissa Caras,40,40,0,2026-10-05 03:44:58,2026-10-05 03:44:58.888
2026-10-05 03:40:31,BSCI353,ESG1,Vitaly Stepensky,40,40,0,2026-10-05 03:44:58,2026-10-05 03:44:58.888
2026-10-05 03:40:31,BSCI358A,ESG1,Vitaly Stepensky,30,30,0,2026-10-05 03:44:59,2026-10-05 03:44:59.313
2026-10-05 03:40:31,BSCI358B,ESG1,Gregory Simon,30,30,0,2026-10-05 03:44:59,2026-10-05 03:44:59.726
2026-10-05 03:40:31,BSCI361,0101,Daniel Gruner,25,25,0,2026-10-05 03:45:00,2026-10-05 03:45:00.204
2026-10-05 03:40:31,BSCI361,0102,Daniel Gruner,25,25,0,2026-10-05 03:45:00,2026-10-05 03:45:00.204
2026-10-05 03:40:31,BSCI370,0101,Alexandra Bely,64,64,0,2026-10-05 03:45:00,2026-10-05 03:45:00.622
2026-10-05 03:40:31,BSCI378H,0101,Kenneth Frauwirth,23,23,0,2026-10-05 03:45:01,2026-10-05 03:45:01.040
2026-10-05 03:40:31,BSCI398H,0101,Alexandra Bely,35,35,0,2026-10-05 03:45:03,2026-10-05 03:45:03.912
2026-10-05 03:40:31,BSCI401,0101,Gerald Wilkinson,39,39,0,2026-10-05 03:45:05,2026-10-05 03:45:05.583
2026-10-05 03:40:31,BSCI406,0101,Sergei Sukharev,20,20,0,2026-10-05 03:45:05,2026-10-05 03:45:05.996
2026-10-05 03:40:31,BSCI410,0101,Charles Seller,140,140,0,2026-10-05 03:45:06,2026-10-05 03:45:06.418
2026-10-05 03:40:31,BSCI412,0101,Erin Tran,18,18,0,2026-10-05 03:45:06,2026-10-05 03:45:06.835
2026-10-05 03:40:31,BSCI412,0103,Wade Winkler,18,18,0,2026-10-05 03:45:06,2026-10-05 03:45:06.835
2026-10-05 03:40:31,BSCI414,ESG1,Caitlin Fox,24,24,0,2026-10-05 03:45:07,2026-10-05 03:45:07.264
2026-10-05 03:40:31,BSCI416,0101,Silvia Bolland,42,42,0,2026-10-05 03:45:07,2026-10-05 03:45:07.661
2026-10-05 03:40:31,BSCI417,0101,Vincent Lee,30,30,0,2026-10-05 03:45:08,2026-10-05 03:45:08.053
2026-10-05 03:40:31,BSCI420,0101,Sougata Roy,62,62,0,2026-10-05 03:45:08,2026-10-05 03:45:08.450
2026-10-05 03:40:31,BSCI422,0101,Kenneth Frauwirth,25,25,0,2026-10-05 03:45:08,2026-10-05 03:45:08.875
2026-10-05 03:40:31,BSCI422,0102,Kenneth Frauwirth,25,25,0,2026-10-05 03:45:08,2026-10-05 03:45:08.875
2026-10-05 03:40:31,BSCI422,0103,David Mosser,25,25,0,2026-10-05 03:45:08,2026-10-05 03:45:08.875
2026-10-05 03:40:31,BSCI422,0104,David Mosser,25,25,0,2026-10-05 03:45:08,2026-10-05 03:45:08.876
2026-10-05 03:40:31,BSCI423,0101,Wenxia Song,18,18,0,2026-10-05 03:45:09,2026-10-05 03:45:09.298
2026-10-05 03:40:31,BSCI423,0102,Wenxia Song,18,18,0,2026-10-05 03:45:09,2026-10-05 03:45:09.298
2026-10-05 03:40:31,BSCI425,0101,Kan Cao,20,20,0,2026-10-05 03:45:09,2026-10-05 03:45:09.698
2026-10-05 03:40:31,BSCI430,0101,Eric Haag,35,35,0,2026-10-05 03:45:10,2026-10-05 03:45:10.116
2026-10-05 03:40:31,BSCI433,0101,Jeff Maltas,30,30,0,2026-10-05 03:45:10,2026-10-05 03:45:10.507
2026-10-05 03:40:31,BSCI435,0101,Tapan Goel,18,18,0,2026-10-05 03:45:10,2026-10-05 03:45:10.915
2026-10-05 03:40:31,BSCI436,0101,Jonathan Dinman,60,60,0,2026-10-05 03:45:11,2026-10-05 03:45:11.320
2026-10-05 03:40:31,BSCI437,0101,Jeffrey DeStefano,70,70,0,2026-10-05 03:45:11,2026-10-05 03:45:11.716
2026-10-05 03:40:31,BSCI437,ESG1,Gilad Ofek,40,40,0,2026-10-05 03:45:11,2026-10-05 03:45:11.716
2026-10-05 03:40:31,BSCI437H,0101,Jeffrey DeStefano,8,8,0,2026-10-05 03:45:12,2026-10-05 03:45:12.129
2026-10-05 03:40:31,BSCI439B,ESG1,Maira Goytia,40,40,0,2026-10-05 03:45:12,2026-10-05 03:45:12.541
2026-10-05 03:40:31,BSCI439E,0101,Beatrice Kondo,5,5,0,2026-10-05 03:45:12,2026-10-05 03:45:12.954
2026-10-05 03:40:31,BSCI439G,0101,Beatrice Kondo,5,5,0,2026-10-05 03:45:13,2026-10-05 03:45:13.345
2026-10-05 03:40:31,BSCI439L,0101,Instructor: TBA,5,5,0,2026-10-05 03:45:13,2026-10-05 03:45:13.745
2026-10-05 03:40:31,BSCI439Z,0101,Amanda Chicoli,20,20,0,2026-10-05 03:45:14,2026-10-05 03:45:14.167
2026-10-05 03:40:31,BSCI442,0101,Daniel Rodriguez Leal,20,20,0,2026-10-05 03:45:14,2026-10-05 03:45:14.567
2026-10-05 03:40:31,BSCI442,0102,Jose Feijo,20,20,0,2026-10-05 03:45:14,2026-10-05 03:45:14.567
2026-10-05 03:40:31,BSCI450,0101,Juan Angueyra,130,130,0,2026-10-05 03:45:14,2026-10-05 03:45:14.968
2026-10-05 03:40:31,BSCI450,0201,Joshua Singer,120,120,0,2026-10-05 03:45:14,2026-10-05 03:45:14.968
2026-10-05 03:40:31,BSCI450,PDS1,William Higgins,20,20,0,2026-10-05 03:45:14,2026-10-05 03:45:14.969
2026-10-05 03:40:31,BSCI451,0101,Corine Van der Weele,20,20,0,2026-10-05 03:45:15,2026-10-05 03:45:15.369
2026-10-05 03:40:31,BSCI451,0102,Corine Van der Weele,20,20,0,2026-10-05 03:45:15,2026-10-05 03:45:15.370
2026-10-05 03:40:31,BSCI451,0103,Corine Van der Weele,20,20,0,2026-10-05 03:45:15,2026-10-05 03:45:15.370
2026-10-05 03:40:31,BSCI451,0104,Corine Van der Weele,20,20,0,2026-10-05 03:45:15,2026-10-05 03:45:15.370
2026-10-05 03:40:31,BSCI452,0101,Chan Lin,40,40,0,2026-10-05 03:45:15,2026-10-05 03:45:15.770
2026-10-05 03:40:31,BSCI452,SES1,Chan Lin,20,20,0,2026-10-05 03:45:15,2026-10-05 03:45:15.770
2026-10-05 03:40:31,BSCI453,0101,Nikolas Francis,38,38,0,2026-10-05 03:45:16,2026-10-05 03:45:16.173
2026-10-05 03:40:31,BSCI455,0101,Hilary Bierman,16,16,0,2026-10-05 03:45:16,2026-10-05 03:45:16.596
2026-10-05 03:40:31,BSCI455,0102,Hilary Bierman,16,16,0,2026-10-05 03:45:16,2026-10-05 03:45:16.596
2026-10-05 03:40:31,BSCI455,0103,Hilary Bierman,16,16,0,2026-10-05 03:45:16,2026-10-05 03:45:16.596
2026-10-05 03:40:31,BSCI456,0101,Colenso Speer,5,5,0,2026-10-05 03:45:17,2026-10-05 03:45:17.015
2026-10-05 03:40:31,BSCI477,0101,Emily Bruns,40,40,0,2026-10-05 03:45:17,2026-10-05 03:45:17.413
2026-10-05 03:40:31,BSCI487,0101,Kelly Hamby,24,24,0,2026-10-05 03:45:17,2026-10-05 03:45:17.827
2026-10-05 03:40:31,BSOS355,0101,Liza Lebrun,40,40,0,2026-10-05 03:45:19,2026-10-05 03:45:19.639
2026-10-05 03:40:31,BSOS361,0101,TC Lloyd,30,30,0,2026-10-05 03:45:20,2026-10-05 03:45:20.033
2026-10-05 03:40:31,BSOS361,0102,TC Lloyd,30,30,0,2026-10-05 03:45:20,2026-10-05 03:45:20.034
2026-10-05 03:40:31,BSOS448M,0101,Brandee Pettus,12,12,0,2026-10-05 03:45:20,2026-10-05 03:45:20.437
2026-10-05 03:40:31,BUMO600,0501,Sheetal Singh,52,52,0,2026-10-05 03:45:43,2026-10-05 03:45:43.487
2026-10-05 03:40:31,BUMO604,0501,Jon Crocker,0,0,0,2026-10-05 03:45:43,2026-10-05 03:45:43.893
2026-10-05 03:40:31,BUMO614,0501,Waverly Ding,58,58,0,2026-10-05 03:45:44,2026-10-05 03:45:44.289
2026-10-05 03:40:31,BUMO701,0501,Jason Choi,65,65,0,2026-10-05 03:45:44,2026-10-05 03:45:44.685
2026-10-05 03:40:31,BUMO703,0501,Mary Beth Furst,65,65,0,2026-10-05 03:45:45,2026-10-05 03:45:45.101
2026-10-05 03:40:31,BUMO711,0501,Sheetal Singh,65,65,0,2026-10-05 03:45:45,2026-10-05 03:45:45.501
2026-10-05 03:40:31,BUMO714,0501,Rellie Rozin,0,0,0,2026-10-05 03:45:45,2026-10-05 03:45:45.923
2026-10-05 03:40:31,BUMO723,0501,Stephen Sclafani,58,58,0,2026-10-05 03:45:46,2026-10-05 03:45:46.336
2026-10-05 03:40:31,BUMO724,0501,Stephen Sclafani,58,58,0,2026-10-05 03:45:46,2026-10-05 03:45:46.819
2026-10-05 03:40:31,BUMO726,0501,Stephen Sclafani,58,58,0,2026-10-05 03:45:47,2026-10-05 03:45:47.238
2026-10-05 03:40:31,BUMO731,0501,Balaji Padmanabhan,58,58,0,2026-10-05 03:45:47,2026-10-05 03:45:47.632
2026-10-05 03:40:31,BUMO733,0501,Balaji Padmanabhan,58,58,0,2026-10-05 03:45:48,2026-10-05 03:45:48.026
2026-10-05 03:40:31,BUMO758P,0501,Jon Crocker,37,37,0,2026-10-05 03:45:48,2026-10-05 03:45:48.457
2026-10-05 03:40:31,BUMO780,0501,Jennifer Marr,37,37,0,2026-10-05 03:45:49,2026-10-05 03:45:49.285
2026-10-05 03:40:31,BUMO780,0502,Jennifer Marr,37,37,0,2026-10-05 03:45:49,2026-10-05 03:45:49.286
2026-10-05 03:40:31,BUMO782,0501,Mike Hoffmeyer,40,40,0,2026-10-05 03:45:49,2026-10-05 03:45:49.709
2026-10-05 03:40:31,BUMO785,0501,Maria Bustamante,65,65,0,2026-10-05 03:45:50,2026-10-05 03:45:50.119
2026-10-05 03:40:31,BUMO790,0501,Roy Thomason,65,65,0,2026-10-05 03:45:50,2026-10-05 03:45:50.526
2026-10-05 03:40:31,BUMO790,0502,Roy Thomason,65,65,0,2026-10-05 03:45:50,2026-10-05 03:45:50.527
2026-10-05 03:40:31,BUMO791,0501,Roy Thomason,65,65,0,2026-10-05 03:45:50,2026-10-05 03:45:50.940
2026-10-05 03:40:31,BUMO791,0502,Roy Thomason,65,65,0,2026-10-05 03:45:50,2026-10-05 03:45:50.941
2026-10-05 03:40:31,CHIN100,0101,Yuli Wang,15,15,0,2026-10-05 03:46:49,2026-10-05 03:46:49.890
2026-10-05 03:40:31,CHIN121,0101,Mei Kong,15,15,0,2026-10-05 03:46:50,2026-10-05 03:46:50.302
2026-10-05 03:40:31,CHIN122,0101,Mei Kong,15,15,0,2026-10-05 03:46:50,2026-10-05 03:46:50.726
2026-10-05 03:40:31,CHIN122,0201,Mei Kong,15,15,0,2026-10-05 03:46:50,2026-10-05 03:46:50.726
2026-10-05 03:40:31,CHIN122,0301,Guiling Hu,15,15,0,2026-10-05 03:46:50,2026-10-05 03:46:50.726
2026-10-05 03:40:31,CHIN207,0101,Guiling Hu,15,15,0,2026-10-05 03:46:51,2026-10-05 03:46:51.125
2026-10-05 03:40:31,CHIN207,0201,Guiling Hu,15,15,0,2026-10-05 03:46:51,2026-10-05 03:46:51.125
2026-10-05 03:40:31,CHIN302,0101,Jungjung Lee,15,15,0,2026-10-05 03:46:51,2026-10-05 03:46:51.521
2026-10-05 03:40:31,CHIN302,0201,Jungjung Lee,15,15,0,2026-10-05 03:46:51,2026-10-05 03:46:51.521
2026-10-05 03:40:31,CHIN307,0101,Minglang Zhou,25,25,0,2026-10-05 03:46:52,2026-10-05 03:46:52.151
2026-10-05 03:40:31,CHIN315,0101,Mei Nan,30,30,0,2026-10-05 03:46:52,2026-10-05 03:46:52.574
2026-10-05 03:40:31,CHIN332,0101,Yuli Wang,15,15,0,2026-10-05 03:46:52,2026-10-05 03:46:52.969
2026-10-05 03:40:31,CHIN402,0101,Jungjung Lee,15,15,0,2026-10-05 03:46:53,2026-10-05 03:46:53.775
2026-10-05 03:40:31,CHIN415,0101,Jungjung Lee,15,15,0,2026-10-05 03:46:54,2026-10-05 03:46:54.198
2026-10-05 03:40:31,CHIN418O,0101,Mei Nan,25,25,0,2026-10-05 03:46:54,2026-10-05 03:46:54.617
2026-10-05 03:40:31,CHIN441,0101,Andrew Schonebaum,20,20,0,2026-10-05 03:46:55,2026-10-05 03:46:55.025
2026-10-05 03:40:31,CHSE205,0101,Yewon Lee,60,60,0,2026-10-05 03:46:59,2026-10-05 03:46:59.565
2026-10-05 03:40:31,CHSE205,0201,Katryna Andrusik,50,50,0,2026-10-05 03:46:59,2026-10-05 03:46:59.566
2026-10-05 03:40:31,CHSE228D,0101,Nikita Kimani,16,16,0,2026-10-05 03:46:59,2026-10-05 03:46:59.983
2026-10-05 03:40:31,CHSE376,0101,Michael Dunham,20,20,0,2026-10-05 03:47:00,2026-10-05 03:47:00.415
2026-10-05 03:40:31,CHSE376,0201,Elizabeth Martinez,20,20,0,2026-10-05 03:47:00,2026-10-05 03:47:00.415
2026-10-05 03:40:31,CHSE376,0301,Colleen McGilpin,20,20,0,2026-10-05 03:47:00,2026-10-05 03:47:00.416
2026-10-05 03:40:31,CHSE376,0401,Chanai Brewster,20,20,0,2026-10-05 03:47:00,2026-10-05 03:47:00.416
2026-10-05 03:40:31,CHSE376,0501,Michael Dunham,20,20,0,2026-10-05 03:47:00,2026-10-05 03:47:00.416
2026-10-05 03:40:31,CHSE476,0101,Michael Dunham,20,20,0,2026-10-05 03:47:01,2026-10-05 03:47:01.237
2026-10-05 03:40:31,CHSE477,0101,Michael Dunham,18,18,0,2026-10-05 03:47:01,2026-10-05 03:47:01.674
2026-10-05 03:40:31,CHSE480,0101,Michael Dunham,18,18,0,2026-10-05 03:47:02,2026-10-05 03:47:02.342
2026-10-05 03:40:31,CHSE489,1901,Amy D'Agati,10,10,0,2026-10-05 03:47:02,2026-10-05 03:47:02.768
2026-10-05 03:40:31,CINE245,0201,Instructor: TBA,27,27,0,2026-10-05 03:47:05,2026-10-05 03:47:05.073
2026-10-05 03:40:31,CINE245,0301,Alan Montroso,27,27,0,2026-10-05 03:47:05,2026-10-05 03:47:05.073
2026-10-05 03:40:31,CINE280,0101,Eric Zakim,25,25,0,2026-10-05 03:47:05,2026-10-05 03:47:05.483
2026-10-05 03:40:31,CINE280,0102,Eric Zakim,25,25,0,2026-10-05 03:47:05,2026-10-05 03:47:05.483
2026-10-05 03:40:31,CINE280,0103,Eric Zakim,25,25,0,2026-10-05 03:47:05,2026-10-05 03:47:05.484
2026-10-05 03:40:31,CINE280,0104,Eric Zakim,25,25,0,2026-10-05 03:47:05,2026-10-05 03:47:05.484
2026-10-05 03:40:31,CINE282,0101,Susan Pramschufer,35,35,0,2026-10-05 03:47:05,2026-10-05 03:47:05.896
2026-10-05 03:40:31,CINE298B,0101,Sean Pue,20,20,0,2026-10-05 03:47:06,2026-10-05 03:47:06.316
2026-10-05 03:40:31,CINE302,0101,Luka Arsenjuk,30,30,0,2026-10-05 03:47:06,2026-10-05 03:47:06.713
2026-10-05 03:40:31,CINE310,0101,Nathaniel Stevens,15,15,0,2026-10-05 03:47:07,2026-10-05 03:47:07.113
2026-10-05 03:40:31,CINE319A,0101,Paul Cote,20,20,0,2026-10-05 03:47:07,2026-10-05 03:47:07.540
2026-10-05 03:40:31,CINE319I,0101,Yael Inbar,15,15,0,2026-10-05 03:47:07,2026-10-05 03:47:07.956
2026-10-05 03:40:31,CINE319P,5501,Samuel Crawford,10,10,0,2026-10-05 03:47:08,2026-10-05 03:47:08.368
2026-10-05 03:40:31,CINE329E,0101,Elizabeth Papazian,25,25,0,2026-10-05 03:47:08,2026-10-05 03:47:08.762
2026-10-05 03:40:31,CINE329N,0101,Daniel Richter,25,25,0,2026-10-05 03:47:09,2026-10-05 03:47:09.183
2026-10-05 03:40:31,CINE329Z,0101,Daniel Richter,25,25,0,2026-10-05 03:47:09,2026-10-05 03:47:09.601
2026-10-05 03:40:31,CINE335,0101,Jason Kuo,25,25,0,2026-10-05 03:47:10,2026-10-05 03:47:10.021
2026-10-05 03:40:31,CINE369C,0101,Mauro Resmini,40,40,0,2026-10-05 03:47:10,2026-10-05 03:47:10.435
2026-10-05 03:40:31,CINE369F,0101,Alexis Lothian,30,30,0,2026-10-05 03:47:10,2026-10-05 03:47:10.860
2026-10-05 03:40:31,CINE369K,0101,Paul Cote,20,20,0,2026-10-05 03:47:11,2026-10-05 03:47:11.269
2026-10-05 03:40:31,CINE376,0101,Ross Angelella,14,14,0,2026-10-05 03:47:11,2026-10-05 03:47:11.679
2026-10-05 03:40:31,CINE376,0102,Ross Angelella,5,5,0,2026-10-05 03:47:11,2026-10-05 03:47:11.680
2026-10-05 03:40:31,CINE419E,0101,Stephanie Sapienza,15,15,0,2026-10-05 03:47:12,2026-10-05 03:47:12.484
2026-10-05 03:40:31,CINE429O,0101,Mei Nan,25,25,0,2026-10-05 03:47:12,2026-10-05 03:47:12.895
2026-10-05 03:40:31,CINE459C,0101,Saverio Giovacchini,54,54,0,2026-10-05 03:47:13,2026-10-05 03:47:13.291
2026-10-05 03:40:31,CINE469Y,0101,Jason Kuo,14,14,0,2026-10-05 03:47:13,2026-10-05 03:47:13.719
2026-10-05 03:40:31,CLAS170,0101,Katherine Wasdin,21,21,0,2026-10-05 03:47:15,2026-10-05 03:47:15.888
2026-10-05 03:40:31,CLAS170,0102,Katherine Wasdin,21,21,0,2026-10-05 03:47:15,2026-10-05 03:47:15.889
2026-10-05 03:40:31,CLAS170,0103,Katherine Wasdin,21,21,0,2026-10-05 03:47:15,2026-10-05 03:47:15.889
2026-10-05 03:40:31,CLAS170,0104,Katherine Wasdin,21,21,0,2026-10-05 03:47:15,2026-10-05 03:47:15.889
2026-10-05 03:40:31,CLAS170,0105,Katherine Wasdin,21,21,0,2026-10-05 03:47:15,2026-10-05 03:47:15.889
2026-10-05 03:40:31,CLAS170,0106,Katherine Wasdin,21,21,0,2026-10-05 03:47:15,2026-10-05 03:47:15.889
2026-10-05 03:40:31,CLAS170,0107,Katherine Wasdin,21,21,0,2026-10-05 03:47:15,2026-10-05 03:47:15.890
2026-10-05 03:40:31,CLAS170,0108,Katherine Wasdin,21,21,0,2026-10-05 03:47:15,2026-10-05 03:47:15.890
2026-10-05 03:40:31,CLAS170,0109,Katherine Wasdin,21,21,0,2026-10-05 03:47:15,2026-10-05 03:47:15.890
2026-10-05 03:40:31,CLAS276,0101,Eric Adler,25,25,0,2026-10-05 03:47:16,2026-10-05 03:47:16.322
2026-10-05 03:40:31,CLAS276,0102,Eric Adler,25,25,0,2026-10-05 03:47:16,2026-10-05 03:47:16.323
2026-10-05 03:40:31,CLAS276,0103,Eric Adler,25,25,0,2026-10-05 03:47:16,2026-10-05 03:47:16.323
2026-10-05 03:40:31,CLAS276,0104,Eric Adler,25,25,0,2026-10-05 03:47:16,2026-10-05 03:47:16.323
2026-10-05 03:40:31,CLAS276,0105,Eric Adler,25,25,0,2026-10-05 03:47:16,2026-10-05 03:47:16.323
2026-10-05 03:40:31,CLAS276,0106,Eric Adler,25,25,0,2026-10-05 03:47:16,2026-10-05 03:47:16.323
2026-10-05 03:40:31,CLAS333,0101,Nathan Levine,35,35,0,2026-10-05 03:47:16,2026-10-05 03:47:16.720
2026-10-05 03:40:31,CLAS340,0101,Katherine Wasdin,35,35,0,2026-10-05 03:47:17,2026-10-05 03:47:17.114
2026-10-05 03:40:31,CMLT235,0101,Instructor: TBA,30,30,0,2026-10-05 03:47:19,2026-10-05 03:47:19.968
2026-10-05 03:40:31,CMLT270,0201,Instructor: TBA,30,30,0,2026-10-05 03:47:20,2026-10-05 03:47:20.384
2026-10-05 03:40:31,CMLT270,0301,Instructor: TBA,30,30,0,2026-10-05 03:47:20,2026-10-05 03:47:20.385
2026-10-05 03:40:31,CMLT275,0101,Instructor: TBA,30,30,0,2026-10-05 03:47:20,2026-10-05 03:47:20.800
2026-10-05 03:40:31,CMLT277,0101,Instructor: TBA,30,30,0,2026-10-05 03:47:21,2026-10-05 03:47:21.223
2026-10-05 03:40:31,CMLT280,0101,Eric Zakim,25,25,0,2026-10-05 03:47:21,2026-10-05 03:47:21.649
2026-10-05 03:40:31,CMLT280,0102,Eric Zakim,25,25,0,2026-10-05 03:47:21,2026-10-05 03:47:21.650
2026-10-05 03:40:31,CMLT280,0103,Eric Zakim,25,25,0,2026-10-05 03:47:21,2026-10-05 03:47:21.650
2026-10-05 03:40:31,CMLT280,0104,Eric Zakim,25,25,0,2026-10-05 03:47:21,2026-10-05 03:47:21.650
2026-10-05 03:40:31,CPBE101,0101,Oliver Schlake,75,75,0,2026-10-05 03:47:49,2026-10-05 03:47:49.387
2026-10-05 03:40:31,CPBE230,0101,Oliver Schlake,30,30,0,2026-10-05 03:47:49,2026-10-05 03:47:49.787
2026-10-05 03:40:31,CPBE240,0101,Oliver Schlake,20,20,0,2026-10-05 03:47:50,2026-10-05 03:47:50.243
2026-10-05 03:40:31,CPBE250,0101,Oliver Schlake,30,30,0,2026-10-05 03:47:50,2026-10-05 03:47:50.638
2026-10-05 03:40:31,CPCV101,0101,Julie Randolph,40,40,0,2026-10-05 03:47:52,2026-10-05 03:47:52.517
2026-10-05 03:40:31,CPCV101,0201,Julie Randolph,40,40,0,2026-10-05 03:47:52,2026-10-05 03:47:52.518
2026-10-05 03:40:31,CPCV230,0101,Korey Rothman,20,20,0,2026-10-05 03:47:52,2026-10-05 03:47:52.928
2026-10-05 03:40:31,CPCV230,0201,Korey Rothman,20,20,0,2026-10-05 03:47:52,2026-10-05 03:47:52.929
2026-10-05 03:40:31,CPDJ101,0101,Jess Feltner,75,75,0,2026-10-05 03:47:54,2026-10-05 03:47:54.687
2026-10-05 03:40:31,CPDJ230,0101,Jess Feltner,10,10,0,2026-10-05 03:47:55,2026-10-05 03:47:55.103
2026-10-05 03:40:31,CPDJ240,0101,Jess Feltner,8,8,0,2026-10-05 03:47:55,2026-10-05 03:47:55.505
2026-10-05 03:40:31,CPDJ250,0101,Jess Feltner,10,10,0,2026-10-05 03:47:55,2026-10-05 03:47:55.904
2026-10-05 03:40:31,CPET101,0101,Dani Moore,78,78,0,2026-10-05 03:47:57,2026-10-05 03:47:57.692
2026-10-05 03:40:31,CPET230,0101,Dani Moore,50,50,0,2026-10-05 03:47:58,2026-10-05 03:47:58.091
2026-10-05 03:40:31,CPET240,0101,Dani Moore,20,20,0,2026-10-05 03:47:58,2026-10-05 03:47:58.514
2026-10-05 03:40:31,CPET250,0101,Dani Moore,15,15,0,2026-10-05 03:47:58,2026-10-05 03:47:58.911
2026-10-05 03:40:31,CPGH101,0101,Angshuman Kashyap,75,75,0,2026-10-05 03:48:00,2026-10-05 03:48:00.741
2026-10-05 03:40:31,CPGH210,0101,Haley Clark,80,80,0,2026-10-05 03:48:01,2026-10-05 03:48:01.178
2026-10-05 03:40:31,CPGH230,0101,John Wiggins,30,30,0,2026-10-05 03:48:01,2026-10-05 03:48:01.733
2026-10-05 03:40:31,CPGH240,0101,John Wiggins,30,30,0,2026-10-05 03:48:02,2026-10-05 03:48:02.174
2026-10-05 03:40:31,CPGH250,0101,John Wiggins,25,25,0,2026-10-05 03:48:02,2026-10-05 03:48:02.622
2026-10-05 03:40:31,CPGH270,0101,John Wiggins,5,5,0,2026-10-05 03:48:03,2026-10-05 03:48:03.145
2026-10-05 03:40:31,CPJT101,0101,Justine DeCamillis,75,75,0,2026-10-05 03:48:04,2026-10-05 03:48:04.931
2026-10-05 03:40:31,CPJT230,0101,Justine DeCamillis,35,35,0,2026-10-05 03:48:05,2026-10-05 03:48:05.331
2026-10-05 03:40:31,CPJT240,0101,Justine DeCamillis,25,25,0,2026-10-05 03:48:05,2026-10-05 03:48:05.737
2026-10-05 03:40:31,CPJT250,0101,Victoria Worley,25,25,0,2026-10-05 03:48:06,2026-10-05 03:48:06.173
2026-10-05 03:40:31,CPMS101,0101,Alison Burns,75,75,0,2026-10-05 03:48:07,2026-10-05 03:48:07.945
2026-10-05 03:40:31,CPMS230,0101,Alison Burns,30,30,0,2026-10-05 03:48:08,2026-10-05 03:48:08.343
2026-10-05 03:40:31,CPMS240,0101,Alison Burns,15,15,0,2026-10-05 03:48:08,2026-10-05 03:48:08.772
2026-10-05 03:40:31,CPPL101,0101,Kelly Brower,75,75,0,2026-10-05 03:48:10,2026-10-05 03:48:10.536
2026-10-05 03:40:31,CPSA101,0101,Heather-Erin Bremenstuhl,75,75,0,2026-10-05 03:48:12,2026-10-05 03:48:12.322
2026-10-05 03:40:31,CPSA149,0101,Harold Burgess,20,20,0,2026-10-05 03:48:12,2026-10-05 03:48:12.720
2026-10-05 03:40:31,CPSA201,0101,Heather-Erin Bremenstuhl,75,75,0,2026-10-05 03:48:13,2026-10-05 03:48:13.120
2026-10-05 03:40:31,CPSA240,0101,Harold Burgess,15,15,0,2026-10-05 03:48:13,2026-10-05 03:48:13.525
2026-10-05 03:40:31,CPSA250,0101,Heather-Erin Bremenstuhl,10,10,0,2026-10-05 03:48:13,2026-10-05 03:48:13.938
2026-10-05 03:40:31,CPSA250,0201,Heather-Erin Bremenstuhl,10,10,0,2026-10-05 03:48:13,2026-10-05 03:48:13.938
2026-10-05 03:40:31,CPSA250,0301,Heather-Erin Bremenstuhl,10,10,0,2026-10-05 03:48:13,2026-10-05 03:48:13.939
2026-10-05 03:40:31,CPSA260,0101,Heather-Erin Bremenstuhl,10,10,0,2026-10-05 03:48:14,2026-10-05 03:48:14.341
2026-10-05 03:40:31,CPSA260,0201,Heather-Erin Bremenstuhl,10,10,0,2026-10-05 03:48:14,2026-10-05 03:48:14.341
2026-10-05 03:40:31,CPSA260,0301,Alexandra Lynch,10,10,0,2026-10-05 03:48:14,2026-10-05 03:48:14.341
2026-10-05 03:40:31,CPSF101,0101,Nicholas Fletcher,75,75,0,2026-10-05 03:48:16,2026-10-05 03:48:16.068
2026-10-05 03:40:31,CPSG101,0101,Thomas Holtz,75,75,0,2026-10-05 03:48:17,2026-10-05 03:48:17.814
2026-10-05 03:40:31,CPSG230,0101,John Merck,50,50,0,2026-10-05 03:48:18,2026-10-05 03:48:18.219
2026-10-05 03:40:31,CPSG240,0101,John Merck,25,25,0,2026-10-05 03:48:18,2026-10-05 03:48:18.618
2026-10-05 03:40:31,CPSG250,0101,John Merck,25,25,0,2026-10-05 03:48:19,2026-10-05 03:48:19.017
2026-10-05 03:40:31,CPSN101,0101,Hansol Kwak,75,75,0,2026-10-05 03:48:20,2026-10-05 03:48:20.752
2026-10-05 03:40:31,CPSN230,0101,Ellin Chung,40,40,0,2026-10-05 03:48:21,2026-10-05 03:48:21.148
2026-10-05 03:40:31,CPSN240,0101,Ellin Chung,15,15,0,2026-10-05 03:48:21,2026-10-05 03:48:21.568
2026-10-05 03:40:31,CPSN250,0101,Hansol Kwak,25,25,0,2026-10-05 03:48:21,2026-10-05 03:48:21.978
2026-10-05 03:40:31,CPSP110,0101,Instructor: TBA,18,18,0,2026-10-05 03:48:23,2026-10-05 03:48:23.847
2026-10-05 03:40:31,CPSP110,0201,Instructor: TBA,18,18,0,2026-10-05 03:48:23,2026-10-05 03:48:23.847
2026-10-05 03:40:31,CPSP110,0301,Instructor: TBA,18,18,0,2026-10-05 03:48:23,2026-10-05 03:48:23.847
2026-10-05 03:40:31,CPSP210,0101,Christine Alexander,20,20,0,2026-10-05 03:48:24,2026-10-05 03:48:24.259
2026-10-05 03:40:31,CPSP239A,0101,Heather-Erin Bremenstuhl,10,10,0,2026-10-05 03:48:24,2026-10-05 03:48:24.678
2026-10-05 03:40:31,CPSP259J,0101,Alison Burns,10,10,0,2026-10-05 03:48:25,2026-10-05 03:48:25.074
2026-10-05 03:40:31,CPSP279N,0101,Stacy Kosko,10,10,0,2026-10-05 03:48:25,2026-10-05 03:48:25.486
2026-10-05 03:40:31,CPSP339P,0101,Kelly Brower,15,15,0,2026-10-05 03:48:25,2026-10-05 03:48:25.884
2026-10-05 03:40:31,CPSP359G,0101,John Merck,25,25,0,2026-10-05 03:48:26,2026-10-05 03:48:26.293
2026-10-05 03:40:31,CPSP359S,0101,David Eubanks,24,24,0,2026-10-05 03:48:26,2026-10-05 03:48:26.715
2026-10-05 03:40:31,CPSP369E,0101,Tim Knight,7,7,0,2026-10-05 03:48:27,2026-10-05 03:48:27.116
2026-10-05 03:40:31,CPSP369E,0102,Tim Knight,5,5,0,2026-10-05 03:48:27,2026-10-05 03:48:27.116
2026-10-05 03:40:31,CPSS101,0101,Christine Alexander,75,75,0,2026-10-05 03:48:28,2026-10-05 03:48:28.863
2026-10-05 03:40:31,CPSS225,0101,Roan Parrish,20,20,0,2026-10-05 03:48:29,2026-10-05 03:48:29.263
2026-10-05 03:40:31,CPSS225,0201,Thomas Zeller,20,20,0,2026-10-05 03:48:29,2026-10-05 03:48:29.263
2026-10-05 03:40:31,CPSS240,0101,Timothy Reedy,25,25,0,2026-10-05 03:48:29,2026-10-05 03:48:29.659
2026-10-05 03:40:31,CPSS340,0101,Nicole Mogul,20,20,0,2026-10-05 03:48:30,2026-10-05 03:48:30.080
2026-10-05 03:40:31,DATA100,0111,Matthew Griffin,27,27,0,2026-10-05 03:48:46,2026-10-05 03:48:46.589
2026-10-05 03:40:31,DATA100,0112,Matthew Griffin,27,27,0,2026-10-05 03:48:46,2026-10-05 03:48:46.589
2026-10-05 03:40:31,DATA100,0121,Matthew Griffin,27,27,0,2026-10-05 03:48:46,2026-10-05 03:48:46.589
2026-10-05 03:40:31,DATA100,0122,Matthew Griffin,27,27,0,2026-10-05 03:48:46,2026-10-05 03:48:46.590
2026-10-05 03:40:31,DATA100,0123,Matthew Griffin,27,27,0,2026-10-05 03:48:46,2026-10-05 03:48:46.590
2026-10-05 03:40:31,DATA100,0131,Matthew Griffin,27,27,0,2026-10-05 03:48:46,2026-10-05 03:48:46.590
2026-10-05 03:40:31,DATA100,0211,Matthew Griffin,27,27,0,2026-10-05 03:48:46,2026-10-05 03:48:46.590
2026-10-05 03:40:31,DATA100,0212,Matthew Griffin,27,27,0,2026-10-05 03:48:46,2026-10-05 03:48:46.590
2026-10-05 03:40:31,DATA100,0221,Matthew Griffin,27,27,0,2026-10-05 03:48:46,2026-10-05 03:48:46.590
2026-10-05 03:40:31,DATA100,0222,Matthew Griffin,27,27,0,2026-10-05 03:48:46,2026-10-05 03:48:46.591
2026-10-05 03:40:31,DATA100,0223,Matthew Griffin,27,27,0,2026-10-05 03:48:46,2026-10-05 03:48:46.591
2026-10-05 03:40:31,DATA100,0224,Matthew Griffin,27,27,0,2026-10-05 03:48:46,2026-10-05 03:48:46.591
2026-10-05 03:40:31,DATA100,0231,Matthew Griffin,27,27,0,2026-10-05 03:48:46,2026-10-05 03:48:46.591
2026-10-05 03:40:31,DATA100,0241,Matthew Griffin,27,27,0,2026-10-05 03:48:46,2026-10-05 03:48:46.591
2026-10-05 03:40:31,DATA100,0242,Matthew Griffin,27,27,0,2026-10-05 03:48:46,2026-10-05 03:48:46.592
2026-10-05 03:40:31,DATA100,0311,Jonathan Fernandes,25,25,0,2026-10-05 03:48:46,2026-10-05 03:48:46.592
2026-10-05 03:40:31,DATA100,0312,Jonathan Fernandes,25,25,0,2026-10-05 03:48:46,2026-10-05 03:48:46.592
2026-10-05 03:40:31,DATA100,0321,Jonathan Fernandes,25,25,0,2026-10-05 03:48:46,2026-10-05 03:48:46.592
2026-10-05 03:40:31,DATA100,0322,Jonathan Fernandes,25,25,0,2026-10-05 03:48:46,2026-10-05 03:48:46.592
2026-10-05 03:40:31,DATA100,0323,Jonathan Fernandes,25,25,0,2026-10-05 03:48:46,2026-10-05 03:48:46.592
2026-10-05 03:40:31,DATA110,0101,Susan Mazzullo,310,310,0,2026-10-05 03:48:46,2026-10-05 03:48:47.000
2026-10-05 03:40:31,DATA120,0101,Fardina Alam,200,200,0,2026-10-05 03:48:47,2026-10-05 03:48:47.424
2026-10-05 03:40:31,DATA200,0101,Fardina Alam,90,90,0,2026-10-05 03:48:47,2026-10-05 03:48:47.900
2026-10-05 03:40:31,DATA250,0101,Todd Rowland,30,30,0,2026-10-05 03:48:48,2026-10-05 03:48:48.323
2026-10-05 03:40:31,DATA320,0101,Maksym Morawski,20,20,0,2026-10-05 03:48:48,2026-10-05 03:48:48.734
2026-10-05 03:40:31,DATA320,0201,Fardina Alam,20,20,0,2026-10-05 03:48:48,2026-10-05 03:48:48.734
2026-10-05 03:40:31,DATA320,0301,Anna Evtushenko,12,12,0,2026-10-05 03:48:48,2026-10-05 03:48:48.734
2026-10-05 03:40:31,DATA350,0101,Todd Rowland,30,30,0,2026-10-05 03:48:49,2026-10-05 03:48:49.148
2026-10-05 03:40:31,DATA350,0201,Raluca Rosca,30,30,0,2026-10-05 03:48:49,2026-10-05 03:48:49.148
2026-10-05 03:40:31,DATA400,0111,Archana Khurana,27,27,0,2026-10-05 03:48:49,2026-10-05 03:48:49.564
2026-10-05 03:40:31,DATA400,0121,Archana Khurana,27,27,0,2026-10-05 03:48:49,2026-10-05 03:48:49.565
2026-10-05 03:40:31,DATA400,0131,Archana Khurana,27,27,0,2026-10-05 03:48:49,2026-10-05 03:48:49.565
2026-10-05 03:40:31,DATA400,0211,Salman Safdar,27,27,0,2026-10-05 03:48:49,2026-10-05 03:48:49.565
2026-10-05 03:40:31,DATA400,0311,Shixin Zheng,27,27,0,2026-10-05 03:48:49,2026-10-05 03:48:49.565
2026-10-05 03:40:31,DATA400,0321,Shixin Zheng,27,27,0,2026-10-05 03:48:49,2026-10-05 03:48:49.565
2026-10-05 03:40:31,DATA400,0331,Shixin Zheng,27,27,0,2026-10-05 03:48:49,2026-10-05 03:48:49.566
2026-10-05 03:40:31,DATA400,0411,Mestiyage Gunatilleka,27,27,0,2026-10-05 03:48:49,2026-10-05 03:48:49.566
2026-10-05 03:40:31,DATA400,0421,Mestiyage Gunatilleka,27,27,0,2026-10-05 03:48:49,2026-10-05 03:48:49.566
2026-10-05 03:40:31,DATA400,0431,Mestiyage Gunatilleka,27,27,0,2026-10-05 03:48:49,2026-10-05 03:48:49.566
2026-10-05 03:40:31,EALL361,0101,Jyana Browne,20,20,0,2026-10-05 03:48:51,2026-10-05 03:48:51.307
2026-10-05 03:40:31,EDDI300,0101,Nicole Mehta,20,20,0,2026-10-05 03:49:06,2026-10-05 03:49:06.921
2026-10-05 03:40:31,EMBA788G,GX01,Judy Frels,31,31,0,2026-10-05 03:49:40,2026-10-05 03:49:40.425
2026-10-05 03:40:31,EMBA788V,GX01,Zhi-Long Chen,31,31,0,2026-10-05 03:49:40,2026-10-05 03:49:40.846
2026-10-05 03:40:31,ENAI603,0101,A Seyed,35,35,0,2026-10-05 03:49:56,2026-10-05 03:49:56.279
2026-10-05 03:40:31,ENAI603,AEC1,A Seyed,20,20,0,2026-10-05 03:49:56,2026-10-05 03:49:56.279
2026-10-05 03:40:31,ENBC312,ESG1,Kyunghun Lee,20,20,0,2026-10-05 03:49:58,2026-10-05 03:49:58.055
2026-10-05 03:40:31,ENBC321,ESG1,Jamasp Azarnoosh,20,20,0,2026-10-05 03:49:58,2026-10-05 03:49:58.453
2026-10-05 03:40:31,ENBC342,ESG1,Lan Ma,20,20,0,2026-10-05 03:49:58,2026-10-05 03:49:58.849
2026-10-05 03:40:31,ENBC351,ESG1,Jarred Callura,20,20,0,2026-10-05 03:49:59,2026-10-05 03:49:59.248
2026-10-05 03:40:31,ENBC352,ESG1,Jarred Callura,20,20,0,2026-10-05 03:49:59,2026-10-05 03:49:59.640
2026-10-05 03:40:31,ENBC403,ESG1,Jamasp Azarnoosh,20,20,0,2026-10-05 03:50:00,2026-10-05 03:50:00.147
2026-10-05 03:40:31,ENBC441,ESG1,Lan Ma,20,20,0,2026-10-05 03:50:00,2026-10-05 03:50:00.581
2026-10-05 03:40:31,ENBC455,ESG1,Jarred Callura,20,20,0,2026-10-05 03:50:00,2026-10-05 03:50:01.002
2026-10-05 03:40:31,ENBC491,ESG1,Lan Ma,20,20,0,2026-10-05 03:50:01,2026-10-05 03:50:01.652
2026-10-05 03:40:31,ENCO099,0101,Lizzy Solovey,200,200,0,2026-10-05 03:50:14,2026-10-05 03:50:14.177
2026-10-05 03:40:31,ENEB304,ESG1,Nestor Michael Tiglao,20,20,0,2026-10-05 03:50:15,2026-10-05 03:50:15.933
2026-10-05 03:40:31,ENEB345,ESG1,Nestor Michael Tiglao,20,20,0,2026-10-05 03:50:16,2026-10-05 03:50:16.358
2026-10-05 03:40:31,ENEB352,ESG1,Mohamed Hany,20,20,0,2026-10-05 03:50:16,2026-10-05 03:50:16.760
2026-10-05 03:40:31,ENEB353,ESG1,Manoj Franklin,20,20,0,2026-10-05 03:50:17,2026-10-05 03:50:17.179
2026-10-05 03:40:31,ENEB355,ESG1,Nestor Michael Tiglao,20,20,0,2026-10-05 03:50:17,2026-10-05 03:50:17.577
2026-10-05 03:40:31,ENEB408B,ESG1,Jerry Wu,20,20,0,2026-10-05 03:50:18,2026-10-05 03:50:18.212
2026-10-05 03:40:31,ENEB443,ESG1,George Zaki,20,20,0,2026-10-05 03:50:18,2026-10-05 03:50:18.640
2026-10-05 03:40:31,ENEB453,ESG1,Nestor Michael Tiglao,20,20,0,2026-10-05 03:50:19,2026-10-05 03:50:19.052
2026-10-05 03:40:31,ENEB455,ESG1,Jerry Wu,20,20,0,2026-10-05 03:50:19,2026-10-05 03:50:19.472
2026-10-05 03:40:31,ENEB456,ESG1,Nestor Michael Tiglao,20,20,0,2026-10-05 03:50:19,2026-10-05 03:50:19.870
2026-10-05 03:40:31,ENED037,0101,Hillary Owusu,20,20,0,2026-10-05 03:50:21,2026-10-05 03:50:21.636
2026-10-05 03:40:31,ENED290H,0101,Christopher Troilo,45,45,0,2026-10-05 03:50:22,2026-10-05 03:50:22.038
2026-10-05 03:40:31,ENED390H,0101,Instructor: TBA,45,45,0,2026-10-05 03:50:22,2026-10-05 03:50:22.573
2026-10-05 03:40:31,ENED394H,0101,Maria Bardossy,40,40,0,2026-10-05 03:50:22,2026-10-05 03:50:22.982
2026-10-05 03:40:31,ENED397,0101,Emily Marks,9,9,0,2026-10-05 03:50:23,2026-10-05 03:50:23.379
2026-10-05 03:40:31,ENED490H,0101,David Ashley,45,45,0,2026-10-05 03:50:23,2026-10-05 03:50:23.777
2026-10-05 03:40:31,ENED491,0101,Jessica Roffe,10,10,0,2026-10-05 03:50:24,2026-10-05 03:50:24.465
2026-10-05 03:40:31,ENMT313,ESG1,Nicholas Limparis,3,3,0,2026-10-05 03:52:08,2026-10-05 03:52:08.355
2026-10-05 03:40:31,ENMT332,ESG1,Norman Wereley,4,4,0,2026-10-05 03:52:08,2026-10-05 03:52:08.754
2026-10-05 03:40:31,ENMT362,ESG1,Young Choi,3,3,0,2026-10-05 03:52:09,2026-10-05 03:52:09.156
2026-10-05 03:40:31,ENMT372,ESG1,Gurtajbir Herr,3,3,0,2026-10-05 03:52:09,2026-10-05 03:52:09.567
2026-10-05 03:40:31,ENMT477,ESG1,Gurtajbir Herr,7,7,0,2026-10-05 03:52:09,2026-10-05 03:52:09.976
2026-10-05 03:40:31,ENMT488C,ESG1,Colleen Murray,7,7,0,2026-10-05 03:52:10,2026-10-05 03:52:10.388
2026-10-05 03:40:31,ENMT488P,ESG1,Colleen Murray,7,7,0,2026-10-05 03:52:10,2026-10-05 03:52:10.805
2026-10-05 03:40:31,ENMT488Z,ESG1,Nicholas Limparis,7,7,0,2026-10-05 03:52:11,2026-10-05 03:52:11.212
2026-10-05 03:40:31,ENSP102,0101,Joanna Goger,22,22,0,2026-10-05 03:52:28,2026-10-05 03:52:28.170
2026-10-05 03:40:31,ENSP102,0102,Joanna Goger,22,22,0,2026-10-05 03:52:28,2026-10-05 03:52:28.170
2026-10-05 03:40:31,ENSP102,0103,Joanna Goger,23,23,0,2026-10-05 03:52:28,2026-10-05 03:52:28.171
2026-10-05 03:40:31,ENSP102,0104,Joanna Goger,22,22,0,2026-10-05 03:52:28,2026-10-05 03:52:28.171
2026-10-05 03:40:31,ENSP102,0105,Joanna Goger,22,22,0,2026-10-05 03:52:28,2026-10-05 03:52:28.171
2026-10-05 03:40:31,ENSP102,0106,Joanna Goger,22,22,0,2026-10-05 03:52:28,2026-10-05 03:52:28.171
2026-10-05 03:40:31,ENSP102,0107,Joanna Goger,22,22,0,2026-10-05 03:52:28,2026-10-05 03:52:28.171
2026-10-05 03:40:31,ENSP306,0101,Caroline Boules,30,30,0,2026-10-05 03:52:28,2026-10-05 03:52:28.580
2026-10-05 03:40:31,ENSP330,0101,Joanna Goger,35,35,0,2026-10-05 03:52:28,2026-10-05 03:52:28.979
2026-10-05 03:40:31,ENSP342,0101,Annette Spivy,35,35,0,2026-10-05 03:52:29,2026-10-05 03:52:29.379
2026-10-05 03:40:31,ENSP370,0101,Arielle Wharton,30,30,0,2026-10-05 03:52:29,2026-10-05 03:52:29.813
2026-10-05 03:40:31,ENSP399R,0101,Melissa Kenney,15,15,0,2026-10-05 03:52:31,2026-10-05 03:52:31.042
2026-10-05 03:40:31,ENSP399R,0301,Instructor: TBA,15,15,0,2026-10-05 03:52:31,2026-10-05 03:52:31.042
2026-10-05 03:40:31,ENSP399R,0601,Annette Spivy,10,10,0,2026-10-05 03:52:31,2026-10-05 03:52:31.042
2026-10-05 03:40:31,ENSP399R,1001,Jennifer Mullinax,10,10,0,2026-10-05 03:52:31,2026-10-05 03:52:31.042
2026-10-05 03:40:31,ENSP400,0101,Caroline Boules,30,30,0,2026-10-05 03:52:31,2026-10-05 03:52:31.442
2026-10-05 03:40:31,ENSP400,0102,Annette Spivy,30,30,0,2026-10-05 03:52:31,2026-10-05 03:52:31.442
2026-10-05 03:40:31,ENSP400,0104,Colleen O'Donnell,20,20,0,2026-10-05 03:52:31,2026-10-05 03:52:31.442
2026-10-05 03:40:31,FGSM398,0101,Jayakumar Arasan,120,120,0,2026-10-05 03:53:00,2026-10-05 03:53:00.017
2026-10-05 03:40:31,FGSM398,0201,Jayakumar Arasan,120,120,0,2026-10-05 03:53:00,2026-10-05 03:53:00.017
2026-10-05 03:40:31,GEMS102,0101,David Lovell,180,180,0,2026-10-05 03:53:31,2026-10-05 03:53:31.722
2026-10-05 03:40:31,GEMS208D,0101,Allison Lansverk,1,1,0,2026-10-05 03:53:32,2026-10-05 03:53:32.132
2026-10-05 03:40:31,GEMS208E,0101,Allison Lansverk,18,18,0,2026-10-05 03:53:32,2026-10-05 03:53:32.553
2026-10-05 03:40:31,GEMS208F,0201,Allison Lansverk,12,12,0,2026-10-05 03:53:32,2026-10-05 03:53:32.963
2026-10-05 03:40:31,GEMS208J,0101,Allison Lansverk,24,24,0,2026-10-05 03:53:33,2026-10-05 03:53:33.378
2026-10-05 03:40:31,GEMS208K,0101,Allison Lansverk,30,30,0,2026-10-05 03:53:33,2026-10-05 03:53:33.777
2026-10-05 03:40:31,GEMS208P,0101,Allison Lansverk,15,15,0,2026-10-05 03:53:34,2026-10-05 03:53:34.195
2026-10-05 03:40:31,GEMS208Q,0201,Allison Lansverk,1,1,0,2026-10-05 03:53:34,2026-10-05 03:53:34.593
2026-10-05 03:40:31,GEMS296,0113,David Lovell,5,5,0,2026-10-05 03:53:35,2026-10-05 03:53:35.011
2026-10-05 03:40:31,GEMS297,0101,Instructor: TBA,14,14,0,2026-10-05 03:53:35,2026-10-05 03:53:35.461
2026-10-05 03:40:31,GEMS297,0102,Instructor: TBA,14,14,0,2026-10-05 03:53:35,2026-10-05 03:53:35.461
2026-10-05 03:40:31,GEMS297,0103,Instructor: TBA,14,14,0,2026-10-05 03:53:35,2026-10-05 03:53:35.461
2026-10-05 03:40:31,GEMS297,0104,Instructor: TBA,14,14,0,2026-10-05 03:53:35,2026-10-05 03:53:35.461
2026-10-05 03:40:31,GEMS297,0105,Instructor: TBA,14,14,0,2026-10-05 03:53:35,2026-10-05 03:53:35.462
2026-10-05 03:40:31,GEMS297,0106,Instructor: TBA,14,14,0,2026-10-05 03:53:35,2026-10-05 03:53:35.462
2026-10-05 03:40:31,GEMS297,0107,Instructor: TBA,14,14,0,2026-10-05 03:53:35,2026-10-05 03:53:35.462
2026-10-05 03:40:31,GEMS297,0108,Instructor: TBA,14,14,0,2026-10-05 03:53:35,2026-10-05 03:53:35.462
2026-10-05 03:40:31,GEMS297,0109,Instructor: TBA,14,14,0,2026-10-05 03:53:35,2026-10-05 03:53:35.462
2026-10-05 03:40:31,GEMS297,0110,Instructor: TBA,14,14,0,2026-10-05 03:53:35,2026-10-05 03:53:35.462
2026-10-05 03:40:31,GEMS297,0111,Instructor: TBA,14,14,0,2026-10-05 03:53:35,2026-10-05 03:53:35.463
2026-10-05 03:40:31,GEMS297,0112,Instructor: TBA,14,14,0,2026-10-05 03:53:35,2026-10-05 03:53:35.463
2026-10-05 03:40:31,GEMS297,0113,Instructor: TBA,14,14,0,2026-10-05 03:53:35,2026-10-05 03:53:35.463
2026-10-05 03:40:31,GEMS297,0114,Instructor: TBA,14,14,0,2026-10-05 03:53:35,2026-10-05 03:53:35.463
2026-10-05 03:40:31,GEMS297,0115,Instructor: TBA,5,5,0,2026-10-05 03:53:35,2026-10-05 03:53:35.463
2026-10-05 03:40:31,GEMS396,0113,David Lovell,5,5,0,2026-10-05 03:53:35,2026-10-05 03:53:35.859
2026-10-05 03:40:31,GEMS397,0101,Michael Humber,14,14,0,2026-10-05 03:53:36,2026-10-05 03:53:36.278
2026-10-05 03:40:31,GEMS397,0102,Seth Dickey,14,14,0,2026-10-05 03:53:36,2026-10-05 03:53:36.278
2026-10-05 03:40:31,GEMS397,0103,Cecilia Huertas Cerdeira,14,14,0,2026-10-05 03:53:36,2026-10-05 03:53:36.278
2026-10-05 03:40:31,GEMS397,0104,Rodolphe Gentili,14,14,0,2026-10-05 03:53:36,2026-10-05 03:53:36.278
2026-10-05 03:40:31,GEMS397,0105,Allison Reilly,14,14,0,2026-10-05 03:53:36,2026-10-05 03:53:36.278
2026-10-05 03:40:31,GEMS397,0106,Peter Sunderland,14,14,0,2026-10-05 03:53:36,2026-10-05 03:53:36.279
2026-10-05 03:40:31,GEMS397,0107,Brett Lacey,14,14,0,2026-10-05 03:53:36,2026-10-05 03:53:36.279
2026-10-05 03:40:31,GEMS397,0108,Natalia Buzulukova,14,14,0,2026-10-05 03:53:36,2026-10-05 03:53:36.279
2026-10-05 03:40:31,GEMS397,0109,Anil Deane,14,14,0,2026-10-05 03:53:36,2026-10-05 03:53:36.279
2026-10-05 03:40:31,GEMS397,0110,Colenso Speer,14,14,0,2026-10-05 03:53:36,2026-10-05 03:53:36.279
2026-10-05 03:40:31,GEMS397,0111,Alisa Clyne,14,14,0,2026-10-05 03:53:36,2026-10-05 03:53:36.279
2026-10-05 03:40:31,GEMS397,0112,Xin Zan,14,14,0,2026-10-05 03:53:36,2026-10-05 03:53:36.280
2026-10-05 03:40:31,GEMS397,0113,Instructor: TBA,14,14,0,2026-10-05 03:53:36,2026-10-05 03:53:36.280
2026-10-05 03:40:31,GEMS397,0114,David Lovell,5,5,0,2026-10-05 03:53:36,2026-10-05 03:53:36.280
2026-10-05 03:40:31,GEMS397,0115,David Lovell,5,5,0,2026-10-05 03:53:36,2026-10-05 03:53:36.280
2026-10-05 03:40:31,GEMS496,0113,David Lovell,5,5,0,2026-10-05 03:53:36,2026-10-05 03:53:36.697
2026-10-05 03:40:31,GEMS497,0101,Eric Haag,14,14,0,2026-10-05 03:53:37,2026-10-05 03:53:37.107
2026-10-05 03:40:31,GEMS497,0102,Mohammad Nayeem Teli,14,14,0,2026-10-05 03:53:37,2026-10-05 03:53:37.107
2026-10-05 03:40:31,GEMS497,0103,Norberto Gonzalez- Juarbe,14,14,0,2026-10-05 03:53:37,2026-10-05 03:53:37.107
2026-10-05 03:40:31,GEMS497,0104,Abhinav Shrivastava,14,14,0,2026-10-05 03:53:37,2026-10-05 03:53:37.107
2026-10-05 03:40:31,GEMS497,0105,Hector Alcala,14,14,0,2026-10-05 03:53:37,2026-10-05 03:53:37.108
2026-10-05 03:40:31,GEMS497,0106,Massimo Ricotti,14,14,0,2026-10-05 03:53:37,2026-10-05 03:53:37.108
2026-10-05 03:40:31,GEMS497,0107,Reza Ghodssi,14,14,0,2026-10-05 03:53:37,2026-10-05 03:53:37.108
2026-10-05 03:40:31,GEMS497,0108,Nikhil Chopra,14,14,0,2026-10-05 03:53:37,2026-10-05 03:53:37.108
2026-10-05 03:40:31,GEMS497,0109,Kimberly Stroka,14,14,0,2026-10-05 03:53:37,2026-10-05 03:53:37.108
2026-10-05 03:40:31,GEMS497,0110,Gorjan Alagic,14,14,0,2026-10-05 03:53:37,2026-10-05 03:53:37.108
2026-10-05 03:40:31,GEMS497,0111,Alisa Clyne,14,14,0,2026-10-05 03:53:37,2026-10-05 03:53:37.109
2026-10-05 03:40:31,GEMS497,0112,Xin Zan,14,14,0,2026-10-05 03:53:37,2026-10-05 03:53:37.109
2026-10-05 03:40:31,GEMS497,0113,David Lovell,14,14,0,2026-10-05 03:53:37,2026-10-05 03:53:37.109
2026-10-05 03:40:31,GEMS497,0114,David Lovell,14,14,0,2026-10-05 03:53:37,2026-10-05 03:53:37.109
2026-10-05 03:40:31,GFPL100,0101,Alec Worsnop,21,21,0,2026-10-05 03:54:08,2026-10-05 03:54:09.000
2026-10-05 03:40:31,GFPL100,0102,Alec Worsnop,21,21,0,2026-10-05 03:54:08,2026-10-05 03:54:09.000
2026-10-05 03:40:31,GFPL100,0103,Alec Worsnop,21,21,0,2026-10-05 03:54:08,2026-10-05 03:54:09.000
2026-10-05 03:40:31,GFPL100,0104,Alec Worsnop,21,21,0,2026-10-05 03:54:08,2026-10-05 03:54:09.000
2026-10-05 03:40:31,GFPL100,0105,Alec Worsnop,21,21,0,2026-10-05 03:54:08,2026-10-05 03:54:09.001
2026-10-05 03:40:31,GFPL100,0106,Alec Worsnop,20,20,0,2026-10-05 03:54:08,2026-10-05 03:54:09.001
2026-10-05 03:40:31,GFPL102,0101,Caroline Ritter,95,95,0,2026-10-05 03:54:09,2026-10-05 03:54:09.407
2026-10-05 03:40:31,GFPL372,0101,Devin Entrikin,40,40,0,2026-10-05 03:54:09,2026-10-05 03:54:09.834
2026-10-05 03:40:31,GLBC200,0101,Parker Brookie,30,30,0,2026-10-05 03:54:11,2026-10-05 03:54:11.591
2026-10-05 03:40:31,GLBC360,0101,Hester Baer,30,30,0,2026-10-05 03:54:12,2026-10-05 03:54:12.003
2026-10-05 03:40:31,HACS101,0101,Michel Cukier,35,35,0,2026-10-05 03:54:46,2026-10-05 03:54:46.146
2026-10-05 03:40:31,HACS101,0201,Michel Cukier,35,35,0,2026-10-05 03:54:46,2026-10-05 03:54:46.146
2026-10-05 03:40:31,HACS201,0101,Bertrand Sobesto,26,26,0,2026-10-05 03:54:46,2026-10-05 03:54:46.557
2026-10-05 03:40:31,HACS208A,0101,Lawrence Gordon,20,20,0,2026-10-05 03:54:47,2026-10-05 03:54:47.182
2026-10-05 03:40:31,HACS208E,0101,Ian Serbin,26,26,0,2026-10-05 03:54:47,2026-10-05 03:54:47.922
2026-10-05 03:40:31,HACS208Z,0101,Zulema Belyeu,30,30,0,2026-10-05 03:54:48,2026-10-05 03:54:48.323
2026-10-05 03:40:31,HACS297,0101,Sarah Herberger,25,25,0,2026-10-05 03:54:50,2026-10-05 03:54:50.228
2026-10-05 03:40:31,HACS318A,0101,Lindsey Schrott,75,75,0,2026-10-05 03:54:50,2026-10-05 03:54:50.656
2026-10-05 03:40:31,HACS408C,0101,Lamia Zia,26,26,0,2026-10-05 03:54:51,2026-10-05 03:54:51.302
2026-10-05 03:40:31,HACS408P,0101,Firoozeh Rahimian,26,26,0,2026-10-05 03:54:51,2026-10-05 03:54:51.912
2026-10-05 03:40:31,HACS408T,0101,Kevin Bock,30,30,0,2026-10-05 03:54:52,2026-10-05 03:54:52.318
2026-10-05 03:40:31,HACS408V,0101,Edward Condon,30,30,0,2026-10-05 03:54:52,2026-10-05 03:54:52.755
2026-10-05 03:40:31,HACS497,0101,Cassie Harrington,25,25,0,2026-10-05 03:54:53,2026-10-05 03:54:53.592
2026-10-05 03:40:31,HACS498,0101,Thomas Woods,10,10,0,2026-10-05 03:54:54,2026-10-05 03:54:54.014
2026-10-05 03:40:31,HACS498,0201,Neal Ziring,18,18,0,2026-10-05 03:54:54,2026-10-05 03:54:54.014
2026-10-05 03:40:31,HACS498,0301,Michel Cukier,4,4,0,2026-10-05 03:54:54,2026-10-05 03:54:54.015
2026-10-05 03:40:31,HBUS105,0101,Daniel McCarthy,35,35,0,2026-10-05 03:54:55,2026-10-05 03:54:55.836
2026-10-05 03:40:31,HBUS105,0201,Daniel McCarthy,35,35,0,2026-10-05 03:54:55,2026-10-05 03:54:55.836
2026-10-05 03:40:31,HBUS205,0101,Nicole Coomber,30,30,0,2026-10-05 03:54:56,2026-10-05 03:54:56.254
2026-10-05 03:40:31,HBUS205,0201,Nicole Coomber,30,30,0,2026-10-05 03:54:56,2026-10-05 03:54:56.254
2026-10-05 03:40:31,HDCC106,0101,Jeffrey Everett,13,13,0,2026-10-05 03:54:58,2026-10-05 03:54:58.016
2026-10-05 03:40:31,HDCC106,0201,William Evans,13,13,0,2026-10-05 03:54:58,2026-10-05 03:54:58.017
2026-10-05 03:40:31,HDCC106,0301,Grant Bollmer,13,13,0,2026-10-05 03:54:58,2026-10-05 03:54:58.017
2026-10-05 03:40:31,HDCC106,0401,Cliff Bakalian,13,13,0,2026-10-05 03:54:58,2026-10-05 03:54:58.017
2026-10-05 03:40:31,HDCC106,0501,Instructor: TBA,13,13,0,2026-10-05 03:54:58,2026-10-05 03:54:58.017
2026-10-05 03:40:31,HDCC209B,0101,Katherine Macyshyn,16,16,0,2026-10-05 03:54:58,2026-10-05 03:54:58.436
2026-10-05 03:40:31,HDCC209C,0101,Josue Porras-Fernandez,16,16,0,2026-10-05 03:54:59,2026-10-05 03:54:59.046
2026-10-05 03:40:31,HDCC209E,0101,Antwon Key,16,16,0,2026-10-05 03:54:59,2026-10-05 03:54:59.438
2026-10-05 03:40:31,HEBR107,0101,Avital Karpman,15,15,0,2026-10-05 03:55:01,2026-10-05 03:55:01.803
2026-10-05 03:40:31,HEBR107,0201,Avital Karpman,15,15,0,2026-10-05 03:55:01,2026-10-05 03:55:01.803
2026-10-05 03:40:31,HEBR207,0101,Avital Karpman,15,15,0,2026-10-05 03:55:02,2026-10-05 03:55:02.726
2026-10-05 03:40:31,HEBR249A,0101,Aliza Sandalon,15,15,0,2026-10-05 03:55:03,2026-10-05 03:55:03.155
2026-10-05 03:40:31,HEBR314,0101,Aliza Sandalon,20,20,0,2026-10-05 03:55:03,2026-10-05 03:55:03.554
2026-10-05 03:40:31,HEBR488,0101,Bernard Cooperman,10,10,0,2026-10-05 03:55:04,2026-10-05 03:55:04.437
2026-10-05 03:40:31,HEBR488,0102,Aner Tal,10,10,0,2026-10-05 03:55:04,2026-10-05 03:55:04.437
2026-10-05 03:40:31,HGLO298,0101,Daniel Tuke,30,30,0,2026-10-05 03:55:30,2026-10-05 03:55:30.530
2026-10-05 03:40:31,HHUM106,0101,Sarah Humud,17,17,0,2026-10-05 03:55:32,2026-10-05 03:55:32.262
2026-10-05 03:40:31,HHUM106,0102,Sarah Humud,17,17,0,2026-10-05 03:55:32,2026-10-05 03:55:32.262
2026-10-05 03:40:31,HHUM106,0103,Sarah Humud,17,17,0,2026-10-05 03:55:32,2026-10-05 03:55:32.262
2026-10-05 03:40:31,HHUM106,0104,Sarah Humud,17,17,0,2026-10-05 03:55:32,2026-10-05 03:55:32.262
2026-10-05 03:40:31,HHUM206,0101,Sarah Humud,15,15,0,2026-10-05 03:55:32,2026-10-05 03:55:32.692
2026-10-05 03:40:31,HHUM206,0102,Sarah Humud,15,15,0,2026-10-05 03:55:32,2026-10-05 03:55:32.692
2026-10-05 03:40:31,HHUM206,0103,Sarah Humud,15,15,0,2026-10-05 03:55:32,2026-10-05 03:55:32.692
2026-10-05 03:40:31,HHUM206,0104,Sarah Humud,15,15,0,2026-10-05 03:55:32,2026-10-05 03:55:32.692
2026-10-05 03:40:31,HHUM328,0101,Sarah Humud,20,20,0,2026-10-05 03:55:33,2026-10-05 03:55:33.087
2026-10-05 03:40:31,HHUM329,0101,Sarah Humud,5,5,0,2026-10-05 03:55:33,2026-10-05 03:55:33.477
2026-10-05 03:40:31,HISP200,0101,Stefan Woehlke,22,22,0,2026-10-05 03:55:35,2026-10-05 03:55:35.398
2026-10-05 03:40:31,HISP200,0102,Stefan Woehlke,22,22,0,2026-10-05 03:55:35,2026-10-05 03:55:35.398
2026-10-05 03:40:31,HISP200,0103,Stefan Woehlke,22,22,0,2026-10-05 03:55:35,2026-10-05 03:55:35.398
2026-10-05 03:40:31,HISP200,0104,Stefan Woehlke,22,22,0,2026-10-05 03:55:35,2026-10-05 03:55:35.399
2026-10-05 03:40:31,HISP200,0105,Stefan Woehlke,22,22,0,2026-10-05 03:55:35,2026-10-05 03:55:35.399
2026-10-05 03:40:31,HISP319E,0101,Michelle Magalong,20,20,0,2026-10-05 03:55:35,2026-10-05 03:55:35.802
2026-10-05 03:40:31,HISP319S,0101,Michelle Magalong,30,30,0,2026-10-05 03:55:36,2026-10-05 03:55:36.213
2026-10-05 03:40:31,HISP619E,0101,Michelle Magalong,24,24,0,2026-10-05 03:55:36,2026-10-05 03:55:36.620
2026-10-05 03:40:31,HISP619O,0101,Stefan Woehlke,5,5,0,2026-10-05 03:55:37,2026-10-05 03:55:37.069
2026-10-05 03:40:31,HISP630,0101,Rhonda Sincavage,15,15,0,2026-10-05 03:55:37,2026-10-05 03:55:37.507
2026-10-05 03:40:31,HISP635,0101,Eola Dance,10,10,0,2026-10-05 03:55:37,2026-10-05 03:55:37.930
2026-10-05 03:40:31,HISP640,0101,Frederick Stachura,15,15,0,2026-10-05 03:55:39,2026-10-05 03:55:39.050
2026-10-05 03:40:31,HISP655,0101,Donald Linebaugh,15,15,0,2026-10-05 03:55:39,2026-10-05 03:55:39.465
2026-10-05 03:40:31,HISP660,0101,Instructor: TBA,15,15,0,2026-10-05 03:55:39,2026-10-05 03:55:39.891
2026-10-05 03:40:31,HISP670,0101,Alfonso Narvaez,15,15,0,2026-10-05 03:55:40,2026-10-05 03:55:40.298
2026-10-05 03:40:31,HISP690,0101,Donald Linebaugh,15,15,0,2026-10-05 03:55:40,2026-10-05 03:55:40.730
2026-10-05 03:40:31,HISP701,0101,Instructor: TBA,5,5,0,2026-10-05 03:55:41,2026-10-05 03:55:41.138
2026-10-05 03:40:31,HISP710,0101,Susan Kern,15,15,0,2026-10-05 03:55:41,2026-10-05 03:55:41.535
2026-10-05 03:40:31,HISP711,0101,Susan Kern,15,15,0,2026-10-05 03:55:41,2026-10-05 03:55:41.935
2026-10-05 03:40:31,HLSC102,0101,Sabrina Kramer,94,94,0,2026-10-05 03:56:16,2026-10-05 03:56:16.693
2026-10-05 03:40:31,HLSC102,0102,Jalah Townsend,35,35,0,2026-10-05 03:56:16,2026-10-05 03:56:16.694
2026-10-05 03:40:31,HLSC227,0101,Najib El-Sayed,25,25,0,2026-10-05 03:56:17,2026-10-05 03:56:17.092
2026-10-05 03:40:31,HLSC322,0101,Leslie Pick,23,23,0,2026-10-05 03:56:17,2026-10-05 03:56:17.526
2026-10-05 03:40:31,HLSC322,0102,Leslie Pick,23,23,0,2026-10-05 03:56:17,2026-10-05 03:56:17.526
2026-10-05 03:40:31,HLSC322,0103,Sabrina Kramer,23,23,0,2026-10-05 03:56:17,2026-10-05 03:56:17.526
2026-10-05 03:40:31,HLSC322,0104,Sabrina Kramer,23,23,0,2026-10-05 03:56:17,2026-10-05 03:56:17.526
2026-10-05 03:40:31,HLSC329,0101,Sabrina Kramer,12,12,0,2026-10-05 03:56:17,2026-10-05 03:56:17.939
2026-10-05 03:40:31,HNUH100,0101,Max Barnewitz,10,10,0,2026-10-05 03:56:38,2026-10-05 03:56:38.477
2026-10-05 03:40:31,HNUH218D,0101,Brian Gilmore,50,50,0,2026-10-05 03:56:38,2026-10-05 03:56:38.897
2026-10-05 03:40:31,HNUH218L,0101,Shauna Rigaud,20,20,0,2026-10-05 03:56:39,2026-10-05 03:56:39.310
2026-10-05 03:40:31,HNUH218L,0201,Shauna Rigaud,20,20,0,2026-10-05 03:56:39,2026-10-05 03:56:39.310
2026-10-05 03:40:31,HNUH218M,0101,Ebonie Johnson Cooper,20,20,0,2026-10-05 03:56:39,2026-10-05 03:56:39.721
2026-10-05 03:40:31,HNUH218N,0101,Sujith Kumar,20,20,0,2026-10-05 03:56:40,2026-10-05 03:56:40.133
2026-10-05 03:40:31,HNUH228D,0101,Matthew McLaughlin,60,60,0,2026-10-05 03:56:40,2026-10-05 03:56:40.540
2026-10-05 03:40:31,HNUH228L,0101,Alena Wigodner,20,20,0,2026-10-05 03:56:42,2026-10-05 03:56:42.735
2026-10-05 03:40:31,HNUH228L,0201,Alena Wigodner,20,20,0,2026-10-05 03:56:42,2026-10-05 03:56:42.735
2026-10-05 03:40:31,HNUH228M,0101,Ted Baker,20,20,0,2026-10-05 03:56:43,2026-10-05 03:56:43.153
2026-10-05 03:40:31,HNUH229P,0101,Tyson Slocum,20,20,0,2026-10-05 03:56:43,2026-10-05 03:56:43.548
2026-10-05 03:40:31,HNUH238D,0101,Susan Moeller,60,60,0,2026-10-05 03:56:43,2026-10-05 03:56:43.944
2026-10-05 03:40:31,HNUH238L,0101,Kimberly Johnson,20,20,0,2026-10-05 03:56:44,2026-10-05 03:56:44.524
2026-10-05 03:40:31,HNUH238L,0201,Kimberly Johnson,20,20,0,2026-10-05 03:56:44,2026-10-05 03:56:44.525
2026-10-05 03:40:31,HNUH238M,0101,Daniel Reck,20,20,0,2026-10-05 03:56:44,2026-10-05 03:56:44.921
2026-10-05 03:40:31,HNUH239I,0101,Jon Crocker,20,20,0,2026-10-05 03:56:45,2026-10-05 03:56:45.345
2026-10-05 03:40:31,HNUH248D,0101,Juan Uriagereka,45,45,0,2026-10-05 03:56:45,2026-10-05 03:56:45.778
2026-10-05 03:40:31,HNUH248L,0101,Robert Graham,20,20,0,2026-10-05 03:56:46,2026-10-05 03:56:46.556
2026-10-05 03:40:31,HNUH249T,0101,Daniel Rosenthal,20,20,0,2026-10-05 03:56:46,2026-10-05 03:56:46.949
2026-10-05 03:40:31,HNUH258C,0101,Bill Fagan,55,55,0,2026-10-05 03:56:47,2026-10-05 03:56:47.389
2026-10-05 03:40:31,HNUH258O,0101,Amy Green,20,20,0,2026-10-05 03:56:47,2026-10-05 03:56:47.806
2026-10-05 03:40:31,HNUH259T,0101,Ingrid Satelmajer,20,20,0,2026-10-05 03:56:48,2026-10-05 03:56:48.203
2026-10-05 03:40:31,HNUH268C,0101,Perla Guerrero,60,60,0,2026-10-05 03:56:48,2026-10-05 03:56:48.644
2026-10-05 03:40:31,HNUH268Q,0101,Binod Paudyal,20,20,0,2026-10-05 03:56:49,2026-10-05 03:56:49.085
2026-10-05 03:40:31,HNUH268R,0201,Vasfiye Toprak,20,20,0,2026-10-05 03:56:49,2026-10-05 03:56:49.680
2026-10-05 03:40:31,HNUH269T,0101,James Stillwell,20,20,0,2026-10-05 03:56:50,2026-10-05 03:56:50.145
2026-10-05 03:40:31,HNUH278C,0101,Chinyere Osuji,60,60,0,2026-10-05 03:56:50,2026-10-05 03:56:50.562
2026-10-05 03:40:31,HNUH278I,0101,Marisa Franco,20,20,0,2026-10-05 03:56:50,2026-10-05 03:56:50.978
2026-10-05 03:40:31,HNUH278I,0201,Marisa Franco,20,20,0,2026-10-05 03:56:50,2026-10-05 03:56:50.978
2026-10-05 03:40:31,HNUH278O,0101,DeNeen Brown,20,20,0,2026-10-05 03:56:51,2026-10-05 03:56:51.415
2026-10-05 03:40:31,HNUH278Q,0101,Katherine Coogan,20,20,0,2026-10-05 03:56:51,2026-10-05 03:56:51.830
2026-10-05 03:40:31,HNUH278R,0101,Max Barnewitz,20,20,0,2026-10-05 03:56:52,2026-10-05 03:56:52.272
2026-10-05 03:40:31,HNUH288C,0101,Julia Steinberg,30,30,0,2026-10-05 03:56:52,2026-10-05 03:56:52.712
2026-10-05 03:40:31,HNUH288C,0102,Julia Steinberg,30,30,0,2026-10-05 03:56:52,2026-10-05 03:56:52.712
2026-10-05 03:40:31,HNUH288O,0101,Ariana Nash,20,20,0,2026-10-05 03:56:53,2026-10-05 03:56:53.123
2026-10-05 03:40:31,HNUH300,0201,Vasfiye Toprak,20,20,0,2026-10-05 03:56:53,2026-10-05 03:56:53.607
2026-10-05 03:40:31,HNUH300,0301,Shauna Rigaud,20,20,0,2026-10-05 03:56:53,2026-10-05 03:56:53.607
2026-10-05 03:40:31,HNUH300,0401,Vasfiye Toprak,20,20,0,2026-10-05 03:56:53,2026-10-05 03:56:53.607
2026-10-05 03:40:31,HNUH300,0501,Ingrid Satelmajer,20,20,0,2026-10-05 03:56:53,2026-10-05 03:56:53.607
2026-10-05 03:40:31,HNUH300,0701,Jordan Johnson,20,20,0,2026-10-05 03:56:53,2026-10-05 03:56:53.607
2026-10-05 03:40:31,HNUH300,0801,Instructor: TBA,20,20,0,2026-10-05 03:56:53,2026-10-05 03:56:53.608
2026-10-05 03:40:31,HNUH300,0901,Alena Wigodner,20,20,0,2026-10-05 03:56:53,2026-10-05 03:56:53.608
2026-10-05 03:40:31,HNUH300,1001,Robert Graham,20,20,0,2026-10-05 03:56:53,2026-10-05 03:56:53.608
2026-10-05 03:40:31,HNUH300,1101,Max Barnewitz,20,20,0,2026-10-05 03:56:53,2026-10-05 03:56:53.608
2026-10-05 03:40:31,HNUH398P,0101,Jayakumar Arasan,120,120,0,2026-10-05 03:56:54,2026-10-05 03:56:54.006
2026-10-05 03:40:31,HNUH398P,0201,Jayakumar Arasan,120,120,0,2026-10-05 03:56:54,2026-10-05 03:56:54.006
2026-10-05 03:40:31,HONR379W,0101,Blake Wilder,15,15,0,2026-10-05 03:56:55,2026-10-05 03:56:55.753
2026-10-05 03:40:31,IDEA201,0101,Mira Azarm,20,20,0,2026-10-05 03:56:57,2026-10-05 03:56:57.534
2026-10-05 03:40:31,IDEA201,0102,Christina Hnatov,10,10,0,2026-10-05 03:56:57,2026-10-05 03:56:57.535
2026-10-05 03:40:31,IDEA201,0103,Brooke Smith,60,60,0,2026-10-05 03:56:57,2026-10-05 03:56:57.535
2026-10-05 03:40:31,IDEA201,0104,Brooke Smith,60,60,0,2026-10-05 03:56:57,2026-10-05 03:56:57.535
2026-10-05 03:40:31,IDEA311,0101,Brooke Smith,40,40,0,2026-10-05 03:56:57,2026-10-05 03:56:57.949
2026-10-05 03:40:31,IDEA311,0102,Brooke Smith,15,15,0,2026-10-05 03:56:57,2026-10-05 03:56:57.950
2026-10-05 03:40:31,IDEA312,0101,Meredith Kaunitz,15,15,0,2026-10-05 03:56:58,2026-10-05 03:56:58.367
2026-10-05 03:40:31,IMDM101,0101,Stevens Miller,30,30,0,2026-10-05 03:57:01,2026-10-05 03:57:01.134
2026-10-05 03:40:31,IMDM101,0201,Stevens Miller,30,30,0,2026-10-05 03:57:01,2026-10-05 03:57:01.134
2026-10-05 03:40:31,IMDM101,0301,Myungin Lee,30,30,0,2026-10-05 03:57:01,2026-10-05 03:57:01.134
2026-10-05 03:40:31,IMDM127,0101,Matthew Nolan,30,30,0,2026-10-05 03:57:01,2026-10-05 03:57:01.585
2026-10-05 03:40:31,IMDM150,0101,Cy Keener,45,45,0,2026-10-05 03:57:02,2026-10-05 03:57:02.081
2026-10-05 03:40:31,IMDM290,0101,Myungin Lee,30,30,0,2026-10-05 03:57:02,2026-10-05 03:57:02.522
2026-10-05 03:40:31,IMDM290,0201,Myungin Lee,30,30,0,2026-10-05 03:57:02,2026-10-05 03:57:02.522
2026-10-05 03:40:31,IMDM351,0101,Georgia Creson,15,15,0,2026-10-05 03:57:02,2026-10-05 03:57:02.945
2026-10-05 03:40:31,IMDM390,0101,Stefano Passeri,30,30,0,2026-10-05 03:57:03,2026-10-05 03:57:03.391
2026-10-05 03:40:31,IMDM390,0201,Stefano Passeri,30,30,0,2026-10-05 03:57:03,2026-10-05 03:57:03.391
2026-10-05 03:40:31,IMDM491,0101,Matthew Nolan,30,30,0,2026-10-05 03:57:04,2026-10-05 03:57:04.304
2026-10-05 03:40:31,IMDM491,0201,Matthew Nolan,30,30,0,2026-10-05 03:57:04,2026-10-05 03:57:04.305
2026-10-05 03:40:31,IMDM498I,0101,Snehesh Shrestha,16,16,0,2026-10-05 03:57:04,2026-10-05 03:57:04.700
2026-10-05 03:40:31,IMDM498J,0101,Yael Inbar,15,15,0,2026-10-05 03:57:05,2026-10-05 03:57:05.117
2026-10-05 03:40:31,IMMR200,0101,Instructor: TBA,40,40,0,2026-10-05 03:57:07,2026-10-05 03:57:07.263
2026-10-05 03:40:31,IMMR394,0101,Wenxi Yang,25,25,0,2026-10-05 03:57:07,2026-10-05 03:57:07.656
2026-10-05 03:40:31,IMMR399,0101,Christina Getrich,1,1,0,2026-10-05 03:57:08,2026-10-05 03:57:08.081
2026-10-05 03:40:31,INFM612,IM01,Instructor: TBA,40,40,0,2026-10-05 03:57:15,2026-10-05 03:57:15.311
2026-10-05 03:40:31,INFM737,IM01,David Loshin,40,40,0,2026-10-05 03:57:15,2026-10-05 03:57:15.733
2026-10-05 03:40:31,ISRL187,0101,Bernard Cooperman,23,23,0,2026-10-05 03:57:45,2026-10-05 03:57:45.044
2026-10-05 03:40:31,ISRL187,0102,Bernard Cooperman,23,23,0,2026-10-05 03:57:45,2026-10-05 03:57:45.044
2026-10-05 03:40:31,ISRL187,0103,Bernard Cooperman,23,23,0,2026-10-05 03:57:45,2026-10-05 03:57:45.045
2026-10-05 03:40:31,ISRL249O,0101,Aner Tal,35,35,0,2026-10-05 03:57:45,2026-10-05 03:57:45.452
2026-10-05 03:40:31,ISRL249P,0101,Aliza Sandalon,15,15,0,2026-10-05 03:57:45,2026-10-05 03:57:45.893
2026-10-05 03:40:31,ISRL282,0101,Shirelle Doughty,30,30,0,2026-10-05 03:57:46,2026-10-05 03:57:46.311
2026-10-05 03:40:31,ISRL329D,0101,Regev Ben-David,35,35,0,2026-10-05 03:57:46,2026-10-05 03:57:46.705
2026-10-05 03:40:31,ISRL329Y,0101,Marwa Maziad,30,30,0,2026-10-05 03:57:47,2026-10-05 03:57:47.122
2026-10-05 03:40:31,ISRL342,0101,Elli Lieberman,35,35,0,2026-10-05 03:57:47,2026-10-05 03:57:47.522
2026-10-05 03:40:31,ISRL349N,0101,Morad Elsana,30,30,0,2026-10-05 03:57:47,2026-10-05 03:57:47.922
2026-10-05 03:40:31,ISRL349W,0101,Avital Karpman,35,35,0,2026-10-05 03:57:48,2026-10-05 03:57:48.372
2026-10-05 03:40:31,ISRL372,0101,Shirelle Doughty,30,30,0,2026-10-05 03:57:48,2026-10-05 03:57:48.791
2026-10-05 03:40:31,ISRL380,0101,Regev Ben-David,35,35,0,2026-10-05 03:57:49,2026-10-05 03:57:49.201
2026-10-05 03:40:31,ISRL383,0101,Ilai Saltzman,35,35,0,2026-10-05 03:57:49,2026-10-05 03:57:49.604
2026-10-05 03:40:31,JAPN102,0101,Kumiko Akikawa,15,15,0,2026-10-05 03:57:54,2026-10-05 03:57:54.581
2026-10-05 03:40:31,JAPN102,0201,Kumiko Akikawa,15,15,0,2026-10-05 03:57:54,2026-10-05 03:57:54.581
2026-10-05 03:40:31,JAPN202,0101,Makiko Inoue,15,15,0,2026-10-05 03:57:54,2026-10-05 03:57:54.993
2026-10-05 03:40:31,JAPN202,0201,Makiko Inoue,15,15,0,2026-10-05 03:57:54,2026-10-05 03:57:54.993
2026-10-05 03:40:31,JAPN302,0101,Mari Hamada,15,15,0,2026-10-05 03:57:55,2026-10-05 03:57:55.393
2026-10-05 03:40:31,JAPN306,0101,Lindsay Yotsukura,15,15,0,2026-10-05 03:57:55,2026-10-05 03:57:55.813
2026-10-05 03:40:31,JAPN335,0101,Michele Mason,20,20,0,2026-10-05 03:57:56,2026-10-05 03:57:56.229
2026-10-05 03:40:31,JAPN355,0101,Jyana Browne,20,20,0,2026-10-05 03:57:56,2026-10-05 03:57:56.629
2026-10-05 03:40:31,JAPN361,0101,Jyana Browne,20,20,0,2026-10-05 03:57:57,2026-10-05 03:57:57.048
2026-10-05 03:40:31,JAPN425,0101,Michele Mason,30,30,0,2026-10-05 03:57:57,2026-10-05 03:57:57.861
2026-10-05 03:40:31,JAPN457,0101,Lindsay Yotsukura,15,15,0,2026-10-05 03:57:58,2026-10-05 03:57:58.266
2026-10-05 03:40:31,JWST187,0101,Bernard Cooperman,23,23,0,2026-10-05 03:58:28,2026-10-05 03:58:28.449
2026-10-05 03:40:31,JWST187,0102,Bernard Cooperman,23,23,0,2026-10-05 03:58:28,2026-10-05 03:58:28.449
2026-10-05 03:40:31,JWST187,0103,Bernard Cooperman,23,23,0,2026-10-05 03:58:28,2026-10-05 03:58:28.449
2026-10-05 03:40:31,JWST233,0101,Hayim Lapin,45,45,0,2026-10-05 03:58:28,2026-10-05 03:58:28.865
2026-10-05 03:40:31,JWST319A,0101,Daniel Richter,35,35,0,2026-10-05 03:58:29,2026-10-05 03:58:29.262
2026-10-05 03:40:31,JWST319J,0101,Nathan Levine,35,35,0,2026-10-05 03:58:29,2026-10-05 03:58:29.664
2026-10-05 03:40:31,JWST319P,0101,Lauren Kotkin,18,18,0,2026-10-05 03:58:30,2026-10-05 03:58:30.091
2026-10-05 03:40:31,JWST319Q,0101,Regev Ben-David,35,35,0,2026-10-05 03:58:30,2026-10-05 03:58:30.504
2026-10-05 03:40:31,JWST319W,0101,Avital Karpman,35,35,0,2026-10-05 03:58:30,2026-10-05 03:58:30.899
2026-10-05 03:40:31,JWST324,0101,Matthew Suriano,25,25,0,2026-10-05 03:58:31,2026-10-05 03:58:31.318
2026-10-05 03:40:31,JWST372,0101,Shirelle Doughty,30,30,0,2026-10-05 03:58:31,2026-10-05 03:58:31.738
2026-10-05 03:40:31,JWST386,0101,Instructor: TBA,5,5,0,2026-10-05 03:58:32,2026-10-05 03:58:32.167
2026-10-05 03:40:31,JWST419B,0101,Bernard Cooperman,20,20,0,2026-10-05 03:58:32,2026-10-05 03:58:32.965
2026-10-05 03:40:31,JWST427,0101,Matthew Suriano,15,15,0,2026-10-05 03:58:33,2026-10-05 03:58:33.391
2026-10-05 03:40:31,JWST469C,0101,Bernard Cooperman,10,10,0,2026-10-05 03:58:33,2026-10-05 03:58:33.795
2026-10-05 03:40:31,KORA101,0101,Seong Minne Koh,15,15,0,2026-10-05 03:59:11,2026-10-05 03:59:11.481
2026-10-05 03:40:31,KORA102,0101,Saerom Kwak,15,15,0,2026-10-05 03:59:11,2026-10-05 03:59:11.897
2026-10-05 03:40:31,KORA102,0201,Saerom Kwak,15,15,0,2026-10-05 03:59:11,2026-10-05 03:59:11.897
2026-10-05 03:40:31,KORA102,0301,Saerom Kwak,15,15,0,2026-10-05 03:59:11,2026-10-05 03:59:11.897
2026-10-05 03:40:31,KORA102,0401,Saerom Kwak,15,15,0,2026-10-05 03:59:11,2026-10-05 03:59:11.897
2026-10-05 03:40:31,KORA202,0101,Seong Minne Koh,15,15,0,2026-10-05 03:59:12,2026-10-05 03:59:12.322
2026-10-05 03:40:31,KORA202,0301,Seong Minne Koh,15,15,0,2026-10-05 03:59:12,2026-10-05 03:59:12.322
2026-10-05 03:40:31,KORA398O,0101,Instructor: TBA,10,10,0,2026-10-05 03:59:12,2026-10-05 03:59:12.731
2026-10-05 03:40:31,KORA398V,0101,Seong Minne Koh,10,10,0,2026-10-05 03:59:13,2026-10-05 03:59:13.132
2026-10-05 03:40:31,LEAD217,0101,Festus Ainoo,25,25,0,2026-10-05 03:59:31,2026-10-05 03:59:31.980
2026-10-05 03:40:31,LEAD217,0201,Festus Ainoo,25,25,0,2026-10-05 03:59:31,2026-10-05 03:59:31.980
2026-10-05 03:40:31,LEAD321,0101,Courtney Holder,10,10,0,2026-10-05 03:59:32,2026-10-05 03:59:32.387
2026-10-05 03:40:31,LEAD417,0101,Anastasia Lavrenyuk,20,20,0,2026-10-05 03:59:32,2026-10-05 03:59:32.793
2026-10-05 03:40:31,LGBT200,0101,Sayan Bhattacharya,25,25,0,2026-10-05 03:59:34,2026-10-05 03:59:34.584
2026-10-05 03:40:31,LGBT200,0102,Sayan Bhattacharya,25,25,0,2026-10-05 03:59:34,2026-10-05 03:59:34.584
2026-10-05 03:40:31,LGBT265,0201,Instructor: TBA,30,30,0,2026-10-05 03:59:34,2026-10-05 03:59:34.987
2026-10-05 03:40:31,LGBT306,0101,Sydney Lewis,30,30,0,2026-10-05 03:59:35,2026-10-05 03:59:35.392
2026-10-05 03:40:31,LGBT310,0101,Sayan Bhattacharya,25,25,0,2026-10-05 03:59:35,2026-10-05 03:59:35.805
2026-10-05 03:40:31,LGBT338F,0101,Alexis Lothian,30,30,0,2026-10-05 03:59:36,2026-10-05 03:59:36.208
2026-10-05 03:40:31,LGBT475,0101,Sydney Lewis,20,20,0,2026-10-05 03:59:36,2026-10-05 03:59:36.609
2026-10-05 03:40:31,MLAW150,0101,David Gray,25,25,0,2026-10-05 04:00:23,2026-10-05 04:00:23.057
2026-10-05 03:40:31,MLAW150,0102,David Gray,25,25,0,2026-10-05 04:00:23,2026-10-05 04:00:23.057
2026-10-05 03:40:31,MLAW150,0103,David Gray,25,25,0,2026-10-05 04:00:23,2026-10-05 04:00:23.058
2026-10-05 03:40:31,MLAW304,0101,Christine White,40,40,0,2026-10-05 04:00:23,2026-10-05 04:00:23.484
2026-10-05 03:40:31,MLAW305,0201,Brian Gilmore,60,60,0,2026-10-05 04:00:23,2026-10-05 04:00:23.884
2026-10-05 03:40:31,MLAW325,0101,Grace Benton,12,12,0,2026-10-05 04:00:24,2026-10-05 04:00:24.310
2026-10-05 03:40:31,MLAW358W,0101,Michael Spivey,25,25,0,2026-10-05 04:00:24,2026-10-05 04:00:24.750
2026-10-05 03:40:31,MLAW358W,0102,Michael Spivey,25,25,0,2026-10-05 04:00:24,2026-10-05 04:00:24.750
2026-10-05 03:40:31,MLAW358W,0103,Michael Spivey,25,25,0,2026-10-05 04:00:24,2026-10-05 04:00:24.750
2026-10-05 03:40:31,MLAW358W,0104,Michael Spivey,25,25,0,2026-10-05 04:00:24,2026-10-05 04:00:24.750
2026-10-05 03:40:31,MLAW358W,0105,Michael Spivey,25,25,0,2026-10-05 04:00:24,2026-10-05 04:00:24.750
2026-10-05 03:40:31,MLAW358W,0106,Michael Spivey,25,25,0,2026-10-05 04:00:24,2026-10-05 04:00:24.751
2026-10-05 03:40:31,MLAW358Y,0101,Martin Kobren,5,5,0,2026-10-05 04:00:25,2026-10-05 04:00:25.158
2026-10-05 03:40:31,MLAW358Z,0101,Christine White,19,19,0,2026-10-05 04:00:25,2026-10-05 04:00:25.576
2026-10-05 03:40:31,MLAW359,0101,Brandee Pettus,8,8,0,2026-10-05 04:00:25,2026-10-05 04:00:25.976
2026-10-05 03:40:31,MLAW378E,0101,Brandee Pettus,5,5,0,2026-10-05 04:00:26,2026-10-05 04:00:26.377
2026-10-05 03:40:31,MLAW378F,0101,Brian Gilmore,15,15,0,2026-10-05 04:00:26,2026-10-05 04:00:26.789
2026-10-05 03:40:31,MLAW378J,0101,Natalie Ram,20,20,0,2026-10-05 04:00:27,2026-10-05 04:00:27.206
2026-10-05 03:40:31,MLAW378T,0101,Marley Weiss,20,20,0,2026-10-05 04:00:27,2026-10-05 04:00:27.605
2026-10-05 03:40:31,MLAW388,0101,Brandee Pettus,33,33,0,2026-10-05 04:00:27,2026-10-05 04:00:28.002
2026-10-05 03:40:31,MLAW388,0201,Brandee Pettus,6,6,0,2026-10-05 04:00:27,2026-10-05 04:00:28.003
2026-10-05 03:40:31,MLAW404,0101,Christine White,75,75,0,2026-10-05 04:00:28,2026-10-05 04:00:28.414
2026-10-05 03:40:31,NAVY101,0101,Beau Cisneros,30,30,0,2026-10-05 04:01:11,2026-10-05 04:01:11.951
2026-10-05 03:40:31,NAVY108,0101,Christopher Boehm,150,150,0,2026-10-05 04:01:12,2026-10-05 04:01:12.352
2026-10-05 03:40:31,NAVY201,0101,Austin Cranfill,30,30,0,2026-10-05 04:01:12,2026-10-05 04:01:12.787
2026-10-05 03:40:31,NAVY301,0101,Beau Cisneros,35,35,0,2026-10-05 04:01:13,2026-10-05 04:01:13.192
2026-10-05 03:40:31,NAVY401,0101,John Gonser,36,36,0,2026-10-05 04:01:13,2026-10-05 04:01:13.609
2026-10-05 03:40:31,NAVY402,0102,Jenna Weiner,25,25,0,2026-10-05 04:01:14,2026-10-05 04:01:14.008
2026-10-05 03:40:31,NEUR200,0101,Ana Navarro Cebrian,90,90,0,2026-10-05 04:01:15,2026-10-05 04:01:15.799
2026-10-05 03:40:31,NEUR200,0201,Ana Navarro Cebrian,90,90,0,2026-10-05 04:01:15,2026-10-05 04:01:15.799
2026-10-05 03:40:31,NEUR305,0101,Amanda Chicoli,90,90,0,2026-10-05 04:01:16,2026-10-05 04:01:16.209
2026-10-05 03:40:31,NEUR306,0101,Chan Lin,64,64,0,2026-10-05 04:01:16,2026-10-05 04:01:16.634
2026-10-05 03:40:31,NEUR306,0102,Melissa Caras,40,40,0,2026-10-05 04:01:16,2026-10-05 04:01:16.634
2026-10-05 03:40:31,NEUR338A,0101,Amanda Chicoli,20,20,0,2026-10-05 04:01:17,2026-10-05 04:01:17.453
2026-10-05 03:40:31,NEUR398H,0101,Nikolas Francis,20,20,0,2026-10-05 04:01:18,2026-10-05 04:01:18.678
2026-10-05 03:40:31,NEUR405,0101,Hilary Bierman,16,16,0,2026-10-05 04:01:19,2026-10-05 04:01:19.106
2026-10-05 03:40:31,NEUR405,0102,Hilary Bierman,16,16,0,2026-10-05 04:01:19,2026-10-05 04:01:19.106
2026-10-05 03:40:31,NEUR405,0103,Hilary Bierman,16,16,0,2026-10-05 04:01:19,2026-10-05 04:01:19.106
2026-10-05 03:40:31,NEUR405,0106,Hilary Bierman,16,16,0,2026-10-05 04:01:19,2026-10-05 04:01:19.107
2026-10-05 03:40:31,PEER318,0101,Christina Jay,15,15,0,2026-10-05 04:01:32,2026-10-05 04:01:32.064
2026-10-05 03:40:31,PEER319,0101,Grace Boudreau,15,15,0,2026-10-05 04:01:32,2026-10-05 04:01:32.477
2026-10-05 03:40:31,PEER322,0101,Aleia Gardner,15,15,0,2026-10-05 04:01:32,2026-10-05 04:01:32.898
2026-10-05 03:40:31,PHPE308A,0101,Rachel Singpurwalla,25,25,0,2026-10-05 04:01:45,2026-10-05 04:01:45.435
2026-10-05 03:40:31,PHPE308M,0101,Eric Pacuit,30,30,0,2026-10-05 04:01:45,2026-10-05 04:01:45.853
2026-10-05 03:40:31,PHPE308P,0101,Xinzhi Zhao,30,30,0,2026-10-05 04:01:46,2026-10-05 04:01:46.268
2026-10-05 03:40:31,PHPE308U,0101,Aner Tal,35,35,0,2026-10-05 04:01:46,2026-10-05 04:01:46.691
2026-10-05 03:40:31,PHPE308Z,0101,Hallie Liberto,30,30,0,2026-10-05 04:01:47,2026-10-05 04:01:47.095
2026-10-05 03:40:31,PHPE400,0101,Instructor: TBA,30,30,0,2026-10-05 04:01:47,2026-10-05 04:01:47.887
2026-10-05 03:40:31,PHPE401,0101,Xinzhi Zhao,27,27,0,2026-10-05 04:01:48,2026-10-05 04:01:48.300
2026-10-05 03:40:31,PHPE401,0102,Xinzhi Zhao,27,27,0,2026-10-05 04:01:48,2026-10-05 04:01:48.300
2026-10-05 03:40:31,PHPE402,0101,Ben Fan,30,30,0,2026-10-05 04:01:48,2026-10-05 04:01:48.699
2026-10-05 03:40:31,PHPE408M,0101,Nicholas Laskowski,25,25,0,2026-10-05 04:01:49,2026-10-05 04:01:49.118
2026-10-05 03:40:31,PHPE408Q,0101,Samuel Kerstein,20,20,0,2026-10-05 04:01:49,2026-10-05 04:01:49.531
2026-10-05 03:40:31,PHPE408Z,0101,Avia Pasternak,30,30,0,2026-10-05 04:01:49,2026-10-05 04:01:49.931
2026-10-05 03:40:31,PHSC399,0101,Shannon Edward,30,30,0,2026-10-05 04:01:52,2026-10-05 04:01:52.115
2026-10-05 03:40:31,PHSC399,ESG1,Shannon Edward,20,20,0,2026-10-05 04:01:52,2026-10-05 04:01:52.115
2026-10-05 03:40:31,PHSC415,0101,Jessica O'Hara,36,36,0,2026-10-05 04:01:52,2026-10-05 04:01:52.540
2026-10-05 03:40:31,PHSC415,0102,Jessica O'Hara,36,36,0,2026-10-05 04:01:52,2026-10-05 04:01:52.540
2026-10-05 03:40:31,PHSC415,0103,Jessica O'Hara,36,36,0,2026-10-05 04:01:52,2026-10-05 04:01:52.540
2026-10-05 03:40:31,PHSC415,0104,Jessica O'Hara,36,36,0,2026-10-05 04:01:52,2026-10-05 04:01:52.540
2026-10-05 03:40:31,PHSC415,0105,Jessica O'Hara,36,36,0,2026-10-05 04:01:52,2026-10-05 04:01:52.540
2026-10-05 03:40:31,PHSC425,0101,Jennifer German,30,30,0,2026-10-05 04:01:52,2026-10-05 04:01:52.949
2026-10-05 03:40:31,PHSC440,0101,Kendall Bustad,35,35,0,2026-10-05 04:01:53,2026-10-05 04:01:53.346
2026-10-05 03:40:31,PHSC450,0101,Kendall Bustad,20,20,0,2026-10-05 04:01:53,2026-10-05 04:01:53.778
2026-10-05 03:40:31,PHSC450,0102,Kendall Bustad,20,20,0,2026-10-05 04:01:53,2026-10-05 04:01:53.778
2026-10-05 03:40:31,PHSC450,0103,Kendall Bustad,20,20,0,2026-10-05 04:01:53,2026-10-05 04:01:53.779
2026-10-05 03:40:31,PHSC450,0104,Kendall Bustad,20,20,0,2026-10-05 04:01:53,2026-10-05 04:01:53.779
2026-10-05 03:40:31,PHSC450,0105,Kendall Bustad,20,20,0,2026-10-05 04:01:53,2026-10-05 04:01:53.779
2026-10-05 03:40:31,PHSC450,0106,Kendall Bustad,20,20,0,2026-10-05 04:01:53,2026-10-05 04:01:53.779
2026-10-05 03:40:31,PHSC450,0107,Kendall Bustad,20,20,0,2026-10-05 04:01:53,2026-10-05 04:01:53.779
2026-10-05 03:40:31,PHSC490,0101,Shannon Edward,30,30,0,2026-10-05 04:01:54,2026-10-05 04:01:54.177
2026-10-05 03:40:31,PHSC497,0101,Gretchen De Silva,20,20,0,2026-10-05 04:01:54,2026-10-05 04:01:54.599
2026-10-05 03:40:31,PHSC497,0201,Kendall Bustad,20,20,0,2026-10-05 04:01:54,2026-10-05 04:01:54.600
2026-10-05 03:40:31,PHSC497,0301,Gretchen De Silva,20,20,0,2026-10-05 04:01:54,2026-10-05 04:01:54.600
2026-10-05 03:40:31,PHSC497,0401,Aysha Jawed,20,20,0,2026-10-05 04:01:54,2026-10-05 04:01:54.600
2026-10-05 03:40:31,PHSC497,0501,Jennifer German,20,20,0,2026-10-05 04:01:54,2026-10-05 04:01:54.600
2026-10-05 03:40:31,PHSC497,0601,Ann Truelove,20,20,0,2026-10-05 04:01:54,2026-10-05 04:01:54.600
2026-10-05 03:40:31,PHSC497,0701,Lakeshia Watson,20,20,0,2026-10-05 04:01:54,2026-10-05 04:01:54.601
2026-10-05 03:40:31,PHSC497,0801,Carmen Booker,20,20,0,2026-10-05 04:01:54,2026-10-05 04:01:54.601
2026-10-05 03:40:31,PHSC497,0901,Darya Soltani,20,20,0,2026-10-05 04:01:54,2026-10-05 04:01:54.601
2026-10-05 03:40:31,PHSC497,1001,Brienna Anderson,20,20,0,2026-10-05 04:01:54,2026-10-05 04:01:54.601
2026-10-05 03:40:31,PHSC497,1101,Margaret Smith,20,20,0,2026-10-05 04:01:54,2026-10-05 04:01:54.601
2026-10-05 03:40:31,PHSC497,1201,Eric Silfen,20,20,0,2026-10-05 04:01:54,2026-10-05 04:01:54.602
2026-10-05 03:40:31,PHSC497,1301,Lakeshia Watson,20,20,0,2026-10-05 04:01:54,2026-10-05 04:01:54.602
2026-10-05 03:40:31,RDEV250,0101,Wayne Ricardo Curtis,75,75,0,2026-10-05 04:03:12,2026-10-05 04:03:12.037
2026-10-05 03:40:31,RDEV250,0102,Wayne Ricardo Curtis,75,75,0,2026-10-05 04:03:12,2026-10-05 04:03:12.038
2026-10-05 03:40:31,RDEV270,0101,John Park,30,30,0,2026-10-05 04:03:12,2026-10-05 04:03:12.458
2026-10-05 03:40:31,RDEV350,0101,Jesse Saginor,25,25,0,2026-10-05 04:03:12,2026-10-05 04:03:12.882
2026-10-05 03:40:31,RDEV350,0102,Instructor: TBA,30,30,0,2026-10-05 04:03:12,2026-10-05 04:03:12.883
2026-10-05 03:40:31,RDEV410,0101,Peter Goldsmith,30,30,0,2026-10-05 04:03:13,2026-10-05 04:03:13.299
2026-10-05 03:40:31,RDEV415,0101,Bilal Ali,20,20,0,2026-10-05 04:03:13,2026-10-05 04:03:13.695
2026-10-05 03:40:31,RDEV445,0101,Matthew O'Malley,15,15,0,2026-10-05 04:03:14,2026-10-05 04:03:14.103
2026-10-05 03:40:31,RDEV450,0101,Kathryn Corby,30,30,0,2026-10-05 04:03:14,2026-10-05 04:03:14.515
2026-10-05 03:40:31,RDEV450,0102,Thomas Dwyer,20,20,0,2026-10-05 04:03:14,2026-10-05 04:03:14.516
2026-10-05 03:40:31,RDEV450,0103,John Park,30,30,0,2026-10-05 04:03:14,2026-10-05 04:03:14.516
2026-10-05 03:40:31,RDEV478D,0101,Jesse Saginor,20,20,0,2026-10-05 04:03:14,2026-10-05 04:03:14.923
2026-10-05 03:40:31,RDEV600,0101,Jesse Saginor,10,10,0,2026-10-05 04:03:15,2026-10-05 04:03:15.321
2026-10-05 03:40:31,RDEV603,0101,Thomas Dwyer,18,18,0,2026-10-05 04:03:15,2026-10-05 04:03:15.742
2026-10-05 03:40:31,RDEV610,0101,David Warner,20,20,0,2026-10-05 04:03:16,2026-10-05 04:03:16.156
2026-10-05 03:40:31,RDEV615,0101,Bilal Ali,20,20,0,2026-10-05 04:03:16,2026-10-05 04:03:16.567
2026-10-05 03:40:31,RDEV630,0101,Mansur Abdul-Malik,30,30,0,2026-10-05 04:03:16,2026-10-05 04:03:16.967
2026-10-05 03:40:31,RDEV650,0101,Matthew O'Malley,25,25,0,2026-10-05 04:03:17,2026-10-05 04:03:17.386
2026-10-05 03:40:31,RDEV689F,0101,Zachary Marks,20,20,0,2026-10-05 04:03:17,2026-10-05 04:03:17.784
2026-10-05 03:40:31,RDEV689I,0101,Ronald McDonald,14,14,0,2026-10-05 04:03:18,2026-10-05 04:03:18.198
2026-10-05 03:40:31,RDEV689R,0101,Nick Egelanian,15,15,0,2026-10-05 04:03:18,2026-10-05 04:03:18.596
2026-10-05 03:40:31,RDEV689Y,0101,Instructor: TBA,12,12,0,2026-10-05 04:03:19,2026-10-05 04:03:19.017
2026-10-05 03:40:31,RDEV690,0101,Tanya Bansal,12,12,0,2026-10-05 04:03:19,2026-10-05 04:03:19.435
2026-10-05 03:40:31,RELS170,0101,Katherine Wasdin,21,21,0,2026-10-05 04:03:21,2026-10-05 04:03:21.209
2026-10-05 03:40:31,RELS170,0102,Katherine Wasdin,21,21,0,2026-10-05 04:03:21,2026-10-05 04:03:21.209
2026-10-05 03:40:31,RELS170,0103,Katherine Wasdin,21,21,0,2026-10-05 04:03:21,2026-10-05 04:03:21.209
2026-10-05 03:40:31,RELS170,0104,Katherine Wasdin,21,21,0,2026-10-05 04:03:21,2026-10-05 04:03:21.209
2026-10-05 03:40:31,RELS170,0105,Katherine Wasdin,21,21,0,2026-10-05 04:03:21,2026-10-05 04:03:21.209
2026-10-05 03:40:31,RELS170,0106,Katherine Wasdin,21,21,0,2026-10-05 04:03:21,2026-10-05 04:03:21.210
2026-10-05 03:40:31,RELS170,0107,Katherine Wasdin,21,21,0,2026-10-05 04:03:21,2026-10-05 04:03:21.210
2026-10-05 03:40:31,RELS170,0108,Katherine Wasdin,21,21,0,2026-10-05 04:03:21,2026-10-05 04:03:21.210
2026-10-05 03:40:31,RELS170,0109,Katherine Wasdin,21,21,0,2026-10-05 04:03:21,2026-10-05 04:03:21.210
2026-10-05 03:40:31,RELS264,0101,Jay Moses,30,30,0,2026-10-05 04:03:21,2026-10-05 04:03:21.614
2026-10-05 03:40:31,RELS271,0101,Instructor: TBA,40,40,0,2026-10-05 04:03:22,2026-10-05 04:03:22.007
2026-10-05 03:40:31,RELS319Q,0101,Regev Ben-David,35,35,0,2026-10-05 04:03:22,2026-10-05 04:03:22.454
2026-10-05 03:40:31,RELS342,0101,Stefano Villani,27,27,0,2026-10-05 04:03:22,2026-10-05 04:03:22.847
2026-10-05 03:40:31,RELS427,0101,Matthew Suriano,15,15,0,2026-10-05 04:03:23,2026-10-05 04:03:23.269
2026-10-05 03:40:31,RELS429M,0101,Antoine Borrut,27,27,0,2026-10-05 04:03:23,2026-10-05 04:03:23.688
2026-10-05 03:40:31,RUSS102,0101,Inna Hardman,15,15,0,2026-10-05 04:03:25,2026-10-05 04:03:25.457
2026-10-05 03:40:31,RUSS102,0201,Inna Hardman,15,15,0,2026-10-05 04:03:25,2026-10-05 04:03:25.458
2026-10-05 03:40:31,RUSS202,0101,Zhanna Gerus-Vernola,15,15,0,2026-10-05 04:03:25,2026-10-05 04:03:25.865
2026-10-05 03:40:31,RUSS302,0101,Izolda Savenkova,15,15,0,2026-10-05 04:03:26,2026-10-05 04:03:26.278
2026-10-05 03:40:31,RUSS398A,0101,Instructor: TBA,15,15,0,2026-10-05 04:03:27,2026-10-05 04:03:27.082
2026-10-05 03:40:31,RUSS398F,0101,Elizabeth Papazian,25,25,0,2026-10-05 04:03:27,2026-10-05 04:03:27.502
2026-10-05 03:40:31,RUSS406,0101,Izolda Savenkova,15,15,0,2026-10-05 04:03:28,2026-10-05 04:03:28.311
2026-10-05 03:40:31,RUSS412,0101,Inna Hardman,15,15,0,2026-10-05 04:03:28,2026-10-05 04:03:28.710
2026-10-05 03:40:31,SDSB123,0101,Srijeeta Mitra,26,26,0,2026-10-05 04:03:30,2026-10-05 04:03:30.880
2026-10-05 03:40:31,SDSB180,0101,Srijeeta Mitra,155,155,0,2026-10-05 04:03:31,2026-10-05 04:03:31.279
2026-10-05 03:40:31,SDSB233,0101,Richard Engstrom,28,28,0,2026-10-05 04:03:31,2026-10-05 04:03:31.689
2026-10-05 03:40:31,SDSB233,0102,Richard Engstrom,28,28,0,2026-10-05 04:03:31,2026-10-05 04:03:31.689
2026-10-05 03:40:31,SDSB326,0101,Jacob Coutts,40,40,0,2026-10-05 04:03:32,2026-10-05 04:03:32.085
2026-10-05 03:40:31,SDSB340,0101,Neil Lund,24,24,0,2026-10-05 04:03:32,2026-10-05 04:03:32.484
2026-10-05 03:40:31,SDSI414,0101,Instructor: TBA,40,40,0,2026-10-05 04:03:34,2026-10-05 04:03:34.263
2026-10-05 03:40:31,SDSI414,0102,Instructor: TBA,40,40,0,2026-10-05 04:03:34,2026-10-05 04:03:34.263
2026-10-05 03:40:31,SDSI414,0103,Instructor: TBA,40,40,0,2026-10-05 04:03:34,2026-10-05 04:03:34.264
2026-10-05 03:40:31,SDSI414,0201,Instructor: TBA,40,40,0,2026-10-05 04:03:34,2026-10-05 04:03:34.264
2026-10-05 03:40:31,SDSI414,0202,Instructor: TBA,40,40,0,2026-10-05 04:03:34,2026-10-05 04:03:34.264
2026-10-05 03:40:31,SDSI492,0101,Instructor: TBA,45,45,0,2026-10-05 04:03:34,2026-10-05 04:03:34.691
2026-10-05 03:40:31,SDSI492,0103,Instructor: TBA,45,45,0,2026-10-05 04:03:34,2026-10-05 04:03:34.691
2026-10-05 03:40:31,SDSI492,0104,Instructor: TBA,35,35,0,2026-10-05 04:03:34,2026-10-05 04:03:34.691
2026-10-05 03:40:31,SDSI492,0105,Instructor: TBA,45,45,0,2026-10-05 04:03:34,2026-10-05 04:03:34.691
2026-10-05 03:40:31,SDSI492,0106,Instructor: TBA,45,45,0,2026-10-05 04:03:34,2026-10-05 04:03:34.691
2026-10-05 03:40:31,SDSI492,0107,Instructor: TBA,45,45,0,2026-10-05 04:03:34,2026-10-05 04:03:34.692
2026-10-05 03:40:31,SDSI492,0108,Instructor: TBA,45,45,0,2026-10-05 04:03:34,2026-10-05 04:03:34.692
2026-10-05 03:40:31,SDSI492,0110,Instructor: TBA,45,45,0,2026-10-05 04:03:34,2026-10-05 04:03:34.692
2026-10-05 03:40:31,SDSI496,0101,Jacob Coutts,25,25,0,2026-10-05 04:03:35,2026-10-05 04:03:35.094
2026-10-05 03:40:31,SLLC109I,0101,Instructor: TBA,5,5,0,2026-10-05 04:03:39,2026-10-05 04:03:39.450
2026-10-05 03:40:31,SLLC286,0101,Andrew Schonebaum,60,60,0,2026-10-05 04:03:40,2026-10-05 04:03:40.247
2026-10-05 03:40:31,SLLC287,0101,Sean Pue,20,20,0,2026-10-05 04:03:40,2026-10-05 04:03:40.646
2026-10-05 03:40:31,SLLC305,0101,Nahal Akbari-Saneh,25,25,0,2026-10-05 04:03:41,2026-10-05 04:03:41.043
2026-10-05 03:40:31,SLLC309,0101,Ahmed Hanafy,10,10,0,2026-10-05 04:03:41,2026-10-05 04:03:41.456
2026-10-05 03:40:31,SLLC309,0102,Ahmed Hanafy,10,10,0,2026-10-05 04:03:41,2026-10-05 04:03:41.456
2026-10-05 03:40:31,SLLC309,0103,Ahmed Hanafy,10,10,0,2026-10-05 04:03:41,2026-10-05 04:03:41.456
2026-10-05 03:40:31,SLLC309,0104,Ahmed Hanafy,10,10,0,2026-10-05 04:03:41,2026-10-05 04:03:41.457
2026-10-05 03:40:31,SLLC309,0105,Ahmed Hanafy,10,10,0,2026-10-05 04:03:41,2026-10-05 04:03:41.457
2026-10-05 03:40:31,SLLC309,0106,Ahmed Hanafy,10,10,0,2026-10-05 04:03:41,2026-10-05 04:03:41.457
2026-10-05 03:40:31,SLLC309,0107,Ahmed Hanafy,10,10,0,2026-10-05 04:03:41,2026-10-05 04:03:41.457
2026-10-05 03:40:31,SLLC309,0108,Ahmed Hanafy,10,10,0,2026-10-05 04:03:41,2026-10-05 04:03:41.457
2026-10-05 03:40:31,SLLC309,0109,Ahmed Hanafy,10,10,0,2026-10-05 04:03:41,2026-10-05 04:03:41.458
2026-10-05 03:40:31,SLLC309,0110,Ahmed Hanafy,10,10,0,2026-10-05 04:03:41,2026-10-05 04:03:41.458
2026-10-05 03:40:31,SLLC309,0111,Ahmed Hanafy,10,10,0,2026-10-05 04:03:41,2026-10-05 04:03:41.458
2026-10-05 03:40:31,SLLC329,0101,Marilyn Matar,10,10,0,2026-10-05 04:03:41,2026-10-05 04:03:41.895
2026-10-05 03:40:31,SLLC329,0102,Marilyn Matar,10,10,0,2026-10-05 04:03:41,2026-10-05 04:03:41.895
2026-10-05 03:40:31,SLLC329,0103,Marilyn Matar,20,20,0,2026-10-05 04:03:41,2026-10-05 04:03:41.895
2026-10-05 03:40:31,SLLC329,0104,Marilyn Matar,10,10,0,2026-10-05 04:03:41,2026-10-05 04:03:41.895
2026-10-05 03:40:31,SLLC329,0105,Marilyn Matar,10,10,0,2026-10-05 04:03:41,2026-10-05 04:03:41.896
2026-10-05 03:40:31,SLLC329,0106,Marilyn Matar,10,10,0,2026-10-05 04:03:41,2026-10-05 04:03:41.896
2026-10-05 03:40:31,SLLC329,0107,Marilyn Matar,10,10,0,2026-10-05 04:03:41,2026-10-05 04:03:41.896
2026-10-05 03:40:31,SLLC329,0108,Marilyn Matar,10,10,0,2026-10-05 04:03:41,2026-10-05 04:03:41.896
2026-10-05 03:40:31,SLLC329,0109,Marilyn Matar,10,10,0,2026-10-05 04:03:41,2026-10-05 04:03:41.896
2026-10-05 03:40:31,SLLC329,0110,Marilyn Matar,20,20,0,2026-10-05 04:03:41,2026-10-05 04:03:41.896
2026-10-05 03:40:31,SMLP471,0101,Jennifer Hsin,60,60,0,2026-10-05 04:03:43,2026-10-05 04:03:43.671
2026-10-05 03:40:31,SMLP474,0101,Sara Herald,60,60,0,2026-10-05 04:03:44,2026-10-05 04:03:44.084
2026-10-05 03:40:31,SPHL100,0101,Shuling Wu,20,20,0,2026-10-05 04:04:15,2026-10-05 04:04:15.275
2026-10-05 03:40:31,SPHL100,0102,Shuling Wu,20,20,0,2026-10-05 04:04:15,2026-10-05 04:04:15.275
2026-10-05 03:40:31,SPHL100,0103,Shuling Wu,20,20,0,2026-10-05 04:04:15,2026-10-05 04:04:15.275
2026-10-05 03:40:31,SPHL100,0104,Shuling Wu,20,20,0,2026-10-05 04:04:15,2026-10-05 04:04:15.276
2026-10-05 03:40:31,SPHL100,0105,Shuling Wu,20,20,0,2026-10-05 04:04:15,2026-10-05 04:04:15.276
2026-10-05 03:40:31,SPHL100,0106,Shuling Wu,20,20,0,2026-10-05 04:04:15,2026-10-05 04:04:15.276
2026-10-05 03:40:31,SPHL100,0107,Shuling Wu,20,20,0,2026-10-05 04:04:15,2026-10-05 04:04:15.276
2026-10-05 03:40:31,SPHL100,0108,Shuling Wu,20,20,0,2026-10-05 04:04:15,2026-10-05 04:04:15.276
2026-10-05 03:40:31,SPHL100,0109,Shuling Wu,20,20,0,2026-10-05 04:04:15,2026-10-05 04:04:15.277
2026-10-05 03:40:31,SPHL100,0110,Shuling Wu,20,20,0,2026-10-05 04:04:15,2026-10-05 04:04:15.277
2026-10-05 03:40:31,SPHL100,0201,Shuling Wu,20,20,0,2026-10-05 04:04:15,2026-10-05 04:04:15.277
2026-10-05 03:40:31,SPHL100,0202,Shuling Wu,20,20,0,2026-10-05 04:04:15,2026-10-05 04:04:15.277
2026-10-05 03:40:31,SPHL100,0203,Shuling Wu,20,20,0,2026-10-05 04:04:15,2026-10-05 04:04:15.277
2026-10-05 03:40:31,SPHL100,0204,Shuling Wu,20,20,0,2026-10-05 04:04:15,2026-10-05 04:04:15.278
2026-10-05 03:40:31,SPHL100,0205,Shuling Wu,20,20,0,2026-10-05 04:04:15,2026-10-05 04:04:15.278
2026-10-05 03:40:31,SPHL100,0206,Shuling Wu,20,20,0,2026-10-05 04:04:15,2026-10-05 04:04:15.278
2026-10-05 03:40:31,SPHL100,0207,Shuling Wu,20,20,0,2026-10-05 04:04:15,2026-10-05 04:04:15.278
2026-10-05 03:40:31,SPHL100,0208,Shuling Wu,20,20,0,2026-10-05 04:04:15,2026-10-05 04:04:15.278
2026-10-05 03:40:31,SPHL246,0101,April Khaing,20,20,0,2026-10-05 04:04:15,2026-10-05 04:04:15.696
2026-10-05 03:40:31,SPHL276,0101,Dina Borzekowski,25,25,0,2026-10-05 04:04:16,2026-10-05 04:04:16.091
2026-10-05 03:40:31,SPHL321,0101,Sylvette La Touche-Howard,15,15,0,2026-10-05 04:04:16,2026-10-05 04:04:16.508
2026-10-05 03:40:31,SPHL333,0101,Cynthia Kershaw,75,75,0,2026-10-05 04:04:16,2026-10-05 04:04:16.907
2026-10-05 03:40:31,SPHL478,0101,Tracy Zeeger,10,10,0,2026-10-05 04:04:17,2026-10-05 04:04:17.723
2026-10-05 03:40:31,SPHL600,0101,Sylvette La Touche-Howard,8,8,0,2026-10-05 04:04:18,2026-10-05 04:04:18.121
2026-10-05 03:40:31,SPHL610,0101,Danielle Catona,22,22,0,2026-10-05 04:04:18,2026-10-05 04:04:18.549
2026-10-05 03:40:31,SPHL610,0102,Danielle Catona,22,22,0,2026-10-05 04:04:18,2026-10-05 04:04:18.549
2026-10-05 03:40:31,SPHL610,0103,Danielle Catona,22,22,0,2026-10-05 04:04:18,2026-10-05 04:04:18.549
2026-10-05 03:40:31,SPHL610,PLB1,Priscilla Novak,20,20,0,2026-10-05 04:04:18,2026-10-05 04:04:18.550
2026-10-05 03:40:31,SPHL610,PLH1,Priscilla Novak,28,28,0,2026-10-05 04:04:18,2026-10-05 04:04:18.550
2026-10-05 03:40:31,SPHL610,PLK1,Priscilla Novak,5,5,0,2026-10-05 04:04:18,2026-10-05 04:04:18.550
2026-10-05 03:40:31,SPHL611,0101,Danielle Catona,45,45,0,2026-10-05 04:04:18,2026-10-05 04:04:18.956
2026-10-05 03:40:31,SPHL611,0201,Danielle Catona,45,45,0,2026-10-05 04:04:18,2026-10-05 04:04:18.956
2026-10-05 03:40:31,SPHL611,PLB1,Evelyn King-Marshall,20,20,0,2026-10-05 04:04:18,2026-10-05 04:04:18.956
2026-10-05 03:40:31,SPHL611,PLH1,Evelyn King-Marshall,28,28,0,2026-10-05 04:04:18,2026-10-05 04:04:18.957
2026-10-05 03:40:31,SPHL611,PLK1,Evelyn King-Marshall,5,5,0,2026-10-05 04:04:18,2026-10-05 04:04:18.957
2026-10-05 03:40:31,SPHL612,0101,James Hagberg,15,15,0,2026-10-05 04:04:19,2026-10-05 04:04:19.378
2026-10-05 03:40:31,TLTC310,0101,Sarah Kistner,20,20,0,2026-10-05 04:05:07,2026-10-05 04:05:07.448
2026-10-05 03:40:31,TLTC333,0101,Mona Thompson,55,55,0,2026-10-05 04:05:07,2026-10-05 04:05:07.888
2026-10-05 03:40:31,TLTC333,0102,Mona Thompson,55,55,0,2026-10-05 04:05:07,2026-10-05 04:05:07.888
2026-10-05 03:40:31,TLTC333,0105,Mona Thompson,55,55,0,2026-10-05 04:05:07,2026-10-05 04:05:07.888
2026-10-05 03:40:31,URSP372,0101,Priscila Alves,20,20,0,2026-10-05 04:05:17,2026-10-05 04:05:17.629
2026-10-05 03:40:31,URSP488A,0101,Chengri Ding,30,30,0,2026-10-05 04:05:18,2026-10-05 04:05:18.026
2026-10-05 03:40:31,URSP600,0101,Kevin Nelson,25,25,0,2026-10-05 04:05:18,2026-10-05 04:05:18.433
2026-10-05 03:40:31,URSP603,0101,Dawn Jourdan,33,33,0,2026-10-05 04:05:18,2026-10-05 04:05:18.835
2026-10-05 03:40:31,URSP606,0101,Chengri Ding,15,15,0,2026-10-05 04:05:19,2026-10-05 04:05:19.286
2026-10-05 03:40:31,URSP631,0101,Hiroyuki Iseki,15,15,0,2026-10-05 04:05:19,2026-10-05 04:05:19.705
2026-10-05 03:40:31,URSP668B,0101,Eric Burnstein,20,20,0,2026-10-05 04:05:20,2026-10-05 04:05:20.114
2026-10-05 03:40:31,URSP673,0101,Riem ElZoghbi,25,25,0,2026-10-05 04:05:20,2026-10-05 04:05:20.526
2026-10-05 03:40:31,URSP688M,0101,Andrew Bernish,20,20,0,2026-10-05 04:05:20,2026-10-05 04:05:20.922
2026-10-05 03:40:31,URSP688P,0101,Sonja Ewing,15,15,0,2026-10-05 04:05:21,2026-10-05 04:05:21.317
2026-10-05 03:40:31,URSP688Y,0101,Chester Harvey,30,30,0,2026-10-05 04:05:21,2026-10-05 04:05:21.724
2026-10-05 03:40:31,URSP708,0101,Nicholas Finio,10,10,0,2026-10-05 04:05:22,2026-10-05 04:05:22.147
2026-10-05 03:40:31,URSP709,0101,Casey Dawkins,10,10,0,2026-10-05 04:05:22,2026-10-05 04:05:22.569
2026-10-05 03:40:31,URSP805,0101,Casey Dawkins,15,15,0,2026-10-05 04:05:24,2026-10-05 04:05:24.162
2026-10-05 03:40:31,USLT202,0101,Robert Chester,26,26,0,2026-10-05 04:05:26,2026-10-05 04:05:26.773
2026-10-05 03:40:31,USLT403,0101,Perla Guerrero,20,20,0,2026-10-05 04:05:27,2026-10-05 04:05:27.195
2026-10-05 03:40:31,USLT420,0101,Robert Chester,27,27,0,2026-10-05 04:05:27,2026-10-05 04:05:27.597
2026-10-05 03:40:31,USLT488,0101,Nancy Mirabal,30,30,0,2026-10-05 04:05:28,2026-10-05 04:05:28.014
2026-10-05 03:40:31,USLT498L,0101,Fernando Rios,12,12,0,2026-10-05 04:05:28,2026-10-05 04:05:28.427
2026-10-05 03:40:31,VIPS208,0102,Ken Kiger,10,10,0,2026-10-05 04:05:30,2026-10-05 04:05:30.245
2026-10-05 03:40:31,VIPS208,0103,Bryan Quinn,10,10,0,2026-10-05 04:05:30,2026-10-05 04:05:30.245
2026-10-05 03:40:31,VIPS208,0104,Ryan Sochol,10,10,0,2026-10-05 04:05:30,2026-10-05 04:05:30.245
2026-10-05 03:40:31,VIPS208,0105,Molly Carton,10,10,0,2026-10-05 04:05:30,2026-10-05 04:05:30.245
2026-10-05 03:40:31,VIPS208,0106,James Baeder,11,11,0,2026-10-05 04:05:30,2026-10-05 04:05:30.246
2026-10-05 03:40:31,VIPS208,0107,Catherine Spirito,10,10,0,2026-10-05 04:05:30,2026-10-05 04:05:30.246
2026-10-05 03:40:31,VIPS208,0108,Ronald Yaros,10,10,0,2026-10-05 04:05:30,2026-10-05 04:05:30.246
2026-10-05 03:40:31,VIPS208,0109,Carinna Ferguson,10,10,0,2026-10-05 04:05:30,2026-10-05 04:05:30.246
2026-10-05 03:40:31,VIPS208,0110,Tracy Riggins,10,10,0,2026-10-05 04:05:30,2026-10-05 04:05:30.246
2026-10-05 03:40:31,VIPS208,0111,Kevin Calabro,10,10,0,2026-10-05 04:05:30,2026-10-05 04:05:30.246
2026-10-05 03:40:31,VIPS208,0112,Raffaele Viglianti,10,10,0,2026-10-05 04:05:30,2026-10-05 04:05:30.247
2026-10-05 03:40:31,VIPS208,0113,Shabnam Jabeen,10,10,0,2026-10-05 04:05:30,2026-10-05 04:05:30.247
2026-10-05 03:40:31,VIPS208,0114,Ning Zeng,10,10,0,2026-10-05 04:05:30,2026-10-05 04:05:30.247
2026-10-05 03:40:31,VIPS208,0115,Veronica Kang,10,10,0,2026-10-05 04:05:30,2026-10-05 04:05:30.247
2026-10-05 03:40:31,VIPS208,0116,David Stewart,10,10,0,2026-10-05 04:05:30,2026-10-05 04:05:30.247
2026-10-05 03:40:31,VIPS208,0117,Meredith Epstein,10,10,0,2026-10-05 04:05:30,2026-10-05 04:05:30.248
2026-10-05 03:40:31,VIPS208,0118,Magaly Toro Ibaceta,10,10,0,2026-10-05 04:05:30,2026-10-05 04:05:30.248
2026-10-05 03:40:31,VIPS208,0120,Marisa Parham,10,10,0,2026-10-05 04:05:30,2026-10-05 04:05:30.248
2026-10-05 03:40:31,VIPS208,0121,Becky Epanchin-Niell,10,10,0,2026-10-05 04:05:30,2026-10-05 04:05:30.248
2026-10-05 03:40:31,VIPS208,0122,Timothy Reedy,10,10,0,2026-10-05 04:05:30,2026-10-05 04:05:30.248
2026-10-05 03:40:31,VIPS208,0123,Lingnan Lin,10,10,0,2026-10-05 04:05:30,2026-10-05 04:05:30.248
2026-10-05 03:40:31,VIPS208,0124,Jeffrey Moro,10,10,0,2026-10-05 04:05:30,2026-10-05 04:05:30.249
2026-10-05 03:40:31,VIPS208,0125,Peter Sunderland,10,10,0,2026-10-05 04:05:30,2026-10-05 04:05:30.249
2026-10-05 03:40:31,VIPS208,0126,Brienna Anderson,10,10,0,2026-10-05 04:05:30,2026-10-05 04:05:30.249
2026-10-05 03:40:31,VIPS308,0102,Ken Kiger,10,10,0,2026-10-05 04:05:30,2026-10-05 04:05:30.711
2026-10-05 03:40:31,VIPS308,0103,Bryan Quinn,13,13,0,2026-10-05 04:05:30,2026-10-05 04:05:30.711
2026-10-05 03:40:31,VIPS308,0104,Ryan Sochol,10,10,0,2026-10-05 04:05:30,2026-10-05 04:05:30.711
2026-10-05 03:40:31,VIPS308,0105,Molly Carton,10,10,0,2026-10-05 04:05:30,2026-10-05 04:05:30.711
2026-10-05 03:40:31,VIPS308,0106,James Baeder,10,10,0,2026-10-05 04:05:30,2026-10-05 04:05:30.712
2026-10-05 03:40:31,VIPS308,0107,Catherine Spirito,10,10,0,2026-10-05 04:05:30,2026-10-05 04:05:30.712
2026-10-05 03:40:31,VIPS308,0108,Ronald Yaros,10,10,0,2026-10-05 04:05:30,2026-10-05 04:05:30.712
2026-10-05 03:40:31,VIPS308,0109,Carinna Ferguson,10,10,0,2026-10-05 04:05:30,2026-10-05 04:05:30.712
2026-10-05 03:40:31,VIPS308,0110,Tracy Riggins,10,10,0,2026-10-05 04:05:30,2026-10-05 04:05:30.712
2026-10-05 03:40:31,VIPS308,0111,Kevin Calabro,10,10,0,2026-10-05 04:05:30,2026-10-05 04:05:30.713
2026-10-05 03:40:31,VIPS308,0112,Raffaele Viglianti,10,10,0,2026-10-05 04:05:30,2026-10-05 04:05:30.713
2026-10-05 03:40:31,VIPS308,0113,Shabnam Jabeen,10,10,0,2026-10-05 04:05:30,2026-10-05 04:05:30.713
2026-10-05 03:40:31,VIPS308,0114,Ning Zeng,10,10,0,2026-10-05 04:05:30,2026-10-05 04:05:30.713
2026-10-05 03:40:31,VIPS308,0115,Veronica Kang,10,10,0,2026-10-05 04:05:30,2026-10-05 04:05:30.713
2026-10-05 03:40:31,VIPS308,0116,David Stewart,10,10,0,2026-10-05 04:05:30,2026-10-05 04:05:30.713
2026-10-05 03:40:31,VIPS308,0117,Meredith Epstein,10,10,0,2026-10-05 04:05:30,2026-10-05 04:05:30.714
2026-10-05 03:40:31,VIPS308,0118,Magaly Toro Ibaceta,10,10,0,2026-10-05 04:05:30,2026-10-05 04:05:30.714
2026-10-05 03:40:31,VIPS308,0120,Marisa Parham,10,10,0,2026-10-05 04:05:30,2026-10-05 04:05:30.714
2026-10-05 03:40:31,VIPS308,0121,Becky Epanchin-Niell,10,10,0,2026-10-05 04:05:30,2026-10-05 04:05:30.714
2026-10-05 03:40:31,VIPS308,0122,Timothy Reedy,10,10,0,2026-10-05 04:05:30,2026-10-05 04:05:30.714
2026-10-05 03:40:31,VIPS308,0123,Lingnan Lin,10,10,0,2026-10-05 04:05:30,2026-10-05 04:05:30.714
2026-10-05 03:40:31,VIPS308,0124,Jeffrey Moro,10,10,0,2026-10-05 04:05:30,2026-10-05 04:05:30.715
2026-10-05 03:40:31,VIPS308,0125,Peter Sunderland,10,10,0,2026-10-05 04:05:30,2026-10-05 04:05:30.715
2026-10-05 03:40:31,VIPS308,0126,Brienna Anderson,10,10,0,2026-10-05 04:05:30,2026-10-05 04:05:30.715
2026-10-05 03:40:31,VIPS408,0102,Ken Kiger,10,10,0,2026-10-05 04:05:31,2026-10-05 04:05:31.183
2026-10-05 03:40:31,VIPS408,0103,Bryan Quinn,10,10,0,2026-10-05 04:05:31,2026-10-05 04:05:31.183
2026-10-05 03:40:31,VIPS408,0104,Ryan Sochol,10,10,0,2026-10-05 04:05:31,2026-10-05 04:05:31.183
2026-10-05 03:40:31,VIPS408,0105,Molly Carton,10,10,0,2026-10-05 04:05:31,2026-10-05 04:05:31.183
2026-10-05 03:40:31,VIPS408,0106,James Baeder,10,10,0,2026-10-05 04:05:31,2026-10-05 04:05:31.184
2026-10-05 03:40:31,VIPS408,0107,Catherine Spirito,10,10,0,2026-10-05 04:05:31,2026-10-05 04:05:31.184
2026-10-05 03:40:31,VIPS408,0108,Ronald Yaros,10,10,0,2026-10-05 04:05:31,2026-10-05 04:05:31.184
2026-10-05 03:40:31,VIPS408,0109,Carinna Ferguson,10,10,0,2026-10-05 04:05:31,2026-10-05 04:05:31.184
2026-10-05 03:40:31,VIPS408,0110,Tracy Riggins,10,10,0,2026-10-05 04:05:31,2026-10-05 04:05:31.184
2026-10-05 03:40:31,VIPS408,0111,Kevin Calabro,10,10,0,2026-10-05 04:05:31,2026-10-05 04:05:31.185
2026-10-05 03:40:31,VIPS408,0112,Raffaele Viglianti,10,10,0,2026-10-05 04:05:31,2026-10-05 04:05:31.185
2026-10-05 03:40:31,VIPS408,0113,Shabnam Jabeen,10,10,0,2026-10-05 04:05:31,2026-10-05 04:05:31.185
2026-10-05 03:40:31,VIPS408,0114,Ning Zeng,10,10,0,2026-10-05 04:05:31,2026-10-05 04:05:31.185
2026-10-05 03:40:31,VIPS408,0115,Veronica Kang,10,10,0,2026-10-05 04:05:31,2026-10-05 04:05:31.185
2026-10-05 03:40:31,VIPS408,0116,David Stewart,10,10,0,2026-10-05 04:05:31,2026-10-05 04:05:31.186
2026-10-05 03:40:31,VIPS408,0117,Meredith Epstein,10,10,0,2026-10-05 04:05:31,2026-10-05 04:05:31.186
2026-10-05 03:40:31,VIPS408,0118,Magaly Toro Ibaceta,10,10,0,2026-10-05 04:05:31,2026-10-05 04:05:31.186
2026-10-05 03:40:31,VIPS408,0120,Marisa Parham,10,10,0,2026-10-05 04:05:31,2026-10-05 04:05:31.186
2026-10-05 03:40:31,VIPS408,0121,Becky Epanchin-Niell,10,10,0,2026-10-05 04:05:31,2026-10-05 04:05:31.186
2026-10-05 03:40:31,VIPS408,0122,Timothy Reedy,10,10,0,2026-10-05 04:05:31,2026-10-05 04:05:31.187
2026-10-05 03:40:31,VIPS408,0123,Lingnan Lin,10,10,0,2026-10-05 04:05:31,2026-10-05 04:05:31.187
2026-10-05 03:40:31,VIPS408,0124,Jeffrey Moro,10,10,0,2026-10-05 04:05:31,2026-10-05 04:05:31.187
2026-10-05 03:40:31,VIPS408,0125,Peter Sunderland,10,10,0,2026-10-05 04:05:31,2026-10-05 04:05:31.187
2026-10-05 03:40:31,VIPS408,0126,Brienna Anderson,10,10,0,2026-10-05 04:05:31,2026-10-05 04:05:31.187
2026-10-05 03:40:31,WEID139N,0101,Denise Joseph,60,60,0,2026-10-05 04:05:34,2026-10-05 04:05:34.824
2026-10-05 03:40:31,WEID139T,0201,Taylor Togafau-Lewis,45,45,0,2026-10-05 04:05:35,2026-10-05 04:05:35.224
2026-10-05 03:40:31,WGSS105,0101,Jessica Mathiason,30,30,0,2026-10-05 04:05:37,2026-10-05 04:05:37.203
2026-10-05 03:40:31,WGSS105,0102,Jessica Mathiason,30,30,0,2026-10-05 04:05:37,2026-10-05 04:05:37.203
2026-10-05 03:40:31,WGSS105,0103,Jessica Mathiason,30,30,0,2026-10-05 04:05:37,2026-10-05 04:05:37.204
2026-10-05 03:40:31,WGSS105,0104,Jessica Mathiason,30,30,0,2026-10-05 04:05:37,2026-10-05 04:05:37.204
2026-10-05 03:40:31,WGSS115,0101,Alexis Lothian,25,25,0,2026-10-05 04:05:37,2026-10-05 04:05:37.626
2026-10-05 03:40:31,WGSS115,0102,Alexis Lothian,25,25,0,2026-10-05 04:05:37,2026-10-05 04:05:37.626
2026-10-05 03:40:31,WGSS201,0101,Sayan Bhattacharya,25,25,0,2026-10-05 04:05:38,2026-10-05 04:05:38.054
2026-10-05 03:40:31,WGSS201,0102,Sayan Bhattacharya,25,25,0,2026-10-05 04:05:38,2026-10-05 04:05:38.054
2026-10-05 03:40:31,WGSS205,0101,Shelbi Meissner,21,21,0,2026-10-05 04:05:38,2026-10-05 04:05:38.489
2026-10-05 03:40:31,WGSS205,0201,Shelbi Meissner,21,21,0,2026-10-05 04:05:38,2026-10-05 04:05:38.489
2026-10-05 03:40:31,WGSS230,0101,Daniel Richter,20,20,0,2026-10-05 04:05:38,2026-10-05 04:05:38.904
2026-10-05 03:40:31,WGSS230,0201,Robert Lucci,20,20,0,2026-10-05 04:05:38,2026-10-05 04:05:38.904
2026-10-05 03:40:31,WGSS250,0101,Lidia Garcia Berrelleza,25,25,0,2026-10-05 04:05:39,2026-10-05 04:05:39.320
2026-10-05 03:40:31,WGSS250,0201,Shameem Razack,25,25,0,2026-10-05 04:05:39,2026-10-05 04:05:39.320
2026-10-05 03:40:31,WGSS255,0101,Instructor: TBA,30,30,0,2026-10-05 04:05:39,2026-10-05 04:05:39.744
2026-10-05 03:40:31,WGSS265,0101,Ashley Newby,40,40,0,2026-10-05 04:05:40,2026-10-05 04:05:40.144
2026-10-05 03:40:31,WGSS275,0101,Instructor: TBA,30,30,0,2026-10-05 04:05:40,2026-10-05 04:05:40.567
2026-10-05 03:40:31,WGSS280,0101,Jessica Mathiason,52,52,0,2026-10-05 04:05:40,2026-10-05 04:05:40.961
2026-10-05 03:40:31,WGSS290,0101,Jessica Mathiason,30,30,0,2026-10-05 04:05:41,2026-10-05 04:05:41.358
2026-10-05 03:40:31,WGSS290,0201,Sydney Lewis,31,31,0,2026-10-05 04:05:41,2026-10-05 04:05:41.359
2026-10-05 03:40:31,WGSS298C,0101,Will Mosley,35,35,0,2026-10-05 04:05:41,2026-10-05 04:05:41.766
2026-10-05 03:40:31,WGSS298S,0101,Jordan Keesler,25,25,0,2026-10-05 04:05:42,2026-10-05 04:05:42.168
2026-10-05 03:40:31,WGSS302,0101,Will Mosley,25,25,0,2026-10-05 04:05:42,2026-10-05 04:05:42.581
2026-10-05 03:40:31,WGSS306,0101,Sydney Lewis,30,30,0,2026-10-05 04:05:42,2026-10-05 04:05:42.995
2026-10-05 03:40:31,WGSS310,0101,Sayan Bhattacharya,25,25,0,2026-10-05 04:05:43,2026-10-05 04:05:43.395
2026-10-05 03:40:31,WGSS319F,0101,Alexis Lothian,30,30,0,2026-10-05 04:05:43,2026-10-05 04:05:43.805
2026-10-05 03:40:31,WGSS379G,0101,Chinyere Osuji,20,20,0,2026-10-05 04:05:44,2026-10-05 04:05:44.247
2026-10-05 03:40:31,WGSS379U,0101,John Drabinski,25,25,0,2026-10-05 04:05:44,2026-10-05 04:05:44.646
2026-10-05 03:40:31,WGSS422,0101,Jennifer Cho,18,18,0,2026-10-05 04:05:45,2026-10-05 04:05:45.070
2026-10-05 03:40:31,WGSS471,0101,Katherine Sharp,25,25,0,2026-10-05 04:05:45,2026-10-05 04:05:45.468
2026-10-05 03:40:31,WGSS471,0201,Katherine Sharp,45,45,0,2026-10-05 04:05:45,2026-10-05 04:05:45.468
2026-10-05 03:40:31,WGSS475,0101,Sydney Lewis,20,20,0,2026-10-05 04:05:45,2026-10-05 04:05:45.869
2026-10-05 03:40:31,WGSS487,0101,Eva Hageman,15,15,0,2026-10-05 04:05:46,2026-10-05 04:05:46.270
2026-10-05 03:40:31,WGSS487H,0101,Eva Hageman,5,5,0,2026-10-05 04:05:46,2026-10-05 04:05:46.665
2026-10-05 03:40:31,WGSS602,0101,Shelbi Meissner,12,12,0,2026-10-05 04:05:48,2026-10-05 04:05:48.260
2026-10-05 03:40:31,WGSS708,0101,Alexis Lothian,10,10,0,2026-10-05 04:05:49,2026-10-05 04:05:49.491
2026-10-05 03:40:31,XPER455,0101,TJ Rainsford,25,25,0,2026-10-05 04:05:52,2026-10-05 04:05:52.465
2026-10-05 12:22:21,AAAS100,0101,Shane Walsh,35,35,0,2026-10-05 12:22:22,2026-10-05 12:22:22.518
2026-10-05 12:22:21,AAAS100,0201,Shane Walsh,35,35,0,2026-10-05 12:22:22,2026-10-05 12:22:22.518
2026-10-05 12:22:21,AAAS100,0301,George Kintiba,30,30,0,2026-10-05 12:22:22,2026-10-05 12:22:22.518
2026-10-05 12:22:21,AAAS100,0401,Beka Guluma,35,35,0,2026-10-05 12:22:22,2026-10-05 12:22:22.519
2026-10-05 12:22:21,AAAS100,0501,Jason Nichols,33,33,0,2026-10-05 12:22:22,2026-10-05 12:22:22.519
2026-10-05 12:22:21,AAAS100,0601,Jason Nichols,35,35,0,2026-10-05 12:22:22,2026-10-05 12:22:22.519
2026-10-05 12:22:21,AAAS100H,0301,George Kintiba,5,5,0,2026-10-05 12:22:22,2026-10-05 12:22:22.745
2026-10-05 12:22:21,AAAS101,0101,Periloux Peay,40,40,0,2026-10-05 12:22:22,2026-10-05 12:22:22.957
2026-10-05 12:22:21,AAAS187,0101,Robert Choflet,30,30,0,2026-10-05 12:22:23,2026-10-05 12:22:23.129
2026-10-05 12:22:21,AAAS200,0101,George Kintiba,40,40,0,2026-10-05 12:22:23,2026-10-05 12:22:23.302
2026-10-05 12:22:21,AAAS202,0101,Robert Choflet,30,30,0,2026-10-05 12:22:23,2026-10-05 12:22:23.487
2026-10-05 12:22:21,AAAS202,0201,Angelica Dunbar,35,35,0,2026-10-05 12:22:23,2026-10-05 12:22:23.487
2026-10-05 12:22:21,AAAS202,0301,Angelica Dunbar,35,35,0,2026-10-05 12:22:23,2026-10-05 12:22:23.488
2026-10-05 12:22:21,AAAS202,0401,Robert Choflet,35,35,0,2026-10-05 12:22:23,2026-10-05 12:22:23.488
2026-10-05 12:22:21,AAAS202H,0101,Robert Choflet,5,5,0,2026-10-05 12:22:23,2026-10-05 12:22:23.719
2026-10-05 12:22:21,AAAS211,0101,Shane Walsh,120,120,0,2026-10-05 12:22:23,2026-10-05 12:22:23.943
2026-10-05 12:22:21,AAAS234,0101,Instructor: TBA,30,30,0,2026-10-05 12:22:24,2026-10-05 12:22:24.144
2026-10-05 12:22:21,AAAS255,0101,Leigh Soares,40,40,0,2026-10-05 12:22:24,2026-10-05 12:22:24.311
2026-10-05 12:22:21,AAAS265,0101,Ashley Newby,40,40,0,2026-10-05 12:22:24,2026-10-05 12:22:24.517
2026-10-05 12:22:21,AAAS320,0101,Cecily Jackson,25,25,0,2026-10-05 12:22:24,2026-10-05 12:22:24.723
2026-10-05 12:22:21,AAAS320,0201,Cecily Jackson,25,25,0,2026-10-05 12:22:24,2026-10-05 12:22:24.724
2026-10-05 12:22:21,AAAS386,0101,Marshal Washington,10,10,0,2026-10-05 12:22:24,2026-10-05 12:22:24.895
2026-10-05 12:22:21,AAAS398G,0101,Chinyere Osuji,20,20,0,2026-10-05 12:22:25,2026-10-05 12:22:25.069
2026-10-05 12:22:21,AAAS398U,0101,John Drabinski,25,25,0,2026-10-05 12:22:25,2026-10-05 12:22:25.235
2026-10-05 12:22:21,AAAS400,0101,George Kintiba,20,20,0,2026-10-05 12:22:25,2026-10-05 12:22:25.880
2026-10-05 12:22:21,AAAS400H,0101,George Kintiba,5,5,0,2026-10-05 12:22:26,2026-10-05 12:22:26.084
2026-10-05 12:22:21,AAAS490,0101,Paul Landau,18,18,0,2026-10-05 12:22:26,2026-10-05 12:22:26.301
2026-10-05 12:22:21,AAAS498X,0101,Terrill Taylor,36,36,0,2026-10-05 12:22:26,2026-10-05 12:22:26.465
2026-10-05 12:22:21,AAST200,0101,Jennifer Cho,34,34,0,2026-10-05 12:22:27,2026-10-05 12:22:27.799
2026-10-05 12:22:21,AAST201,0101,Madeline Hsu,40,40,0,2026-10-05 12:22:27,2026-10-05 12:22:27.966
2026-10-05 12:22:21,AAST250,0101,Jennifer Cho,30,30,0,2026-10-05 12:22:28,2026-10-05 12:22:28.190
2026-10-05 12:22:21,AAST262,0101,Derek Iwamoto,54,54,0,2026-10-05 12:22:28,2026-10-05 12:22:28.362
2026-10-05 12:22:21,AAST322,0101,Julie Park,30,30,0,2026-10-05 12:22:28,2026-10-05 12:22:28.537
2026-10-05 12:22:21,AAST350,0101,Binod Paudyal,25,25,0,2026-10-05 12:22:28,2026-10-05 12:22:28.708
2026-10-05 12:22:21,AAST351,0101,Binod Paudyal,34,34,0,2026-10-05 12:22:28,2026-10-05 12:22:28.873
2026-10-05 12:22:21,AAST363,0101,Gemirald Daus,35,35,0,2026-10-05 12:22:29,2026-10-05 12:22:29.046
2026-10-05 12:22:21,AAST378,0101,Janelle Wong,2,2,0,2026-10-05 12:22:29,2026-10-05 12:22:29.216
2026-10-05 12:22:21,AAST394,0101,Wenxi Yang,25,25,0,2026-10-05 12:22:29,2026-10-05 12:22:29.579
2026-10-05 12:22:21,AAST398A,0101,Michelle Magalong,20,20,0,2026-10-05 12:22:29,2026-10-05 12:22:29.745
2026-10-05 12:22:21,AAST398B,0101,Chris Eng,25,25,0,2026-10-05 12:22:29,2026-10-05 12:22:29.950
2026-10-05 12:22:21,AAST421,0101,Philip Nash,20,20,0,2026-10-05 12:22:30,2026-10-05 12:22:30.120
2026-10-05 12:22:21,AAST422,0101,Jennifer Cho,18,18,0,2026-10-05 12:22:30,2026-10-05 12:22:30.287
2026-10-05 12:22:21,AAST443,0101,Janelle Wong,27,27,0,2026-10-05 12:22:30,2026-10-05 12:22:30.519
2026-10-05 12:22:21,ABRM450,0101,Ashley Newby,10,10,0,2026-10-05 12:22:31,2026-10-05 12:22:31.787
2026-10-05 12:22:21,AGNR301,0101,Thomas Hilde,150,150,0,2026-10-05 12:22:33,2026-10-05 12:22:33.125
2026-10-05 12:22:21,AGNR388,0101,Instructor: TBA,20,20,0,2026-10-05 12:22:33,2026-10-05 12:22:33.291
2026-10-05 12:22:21,AIME498B,0101,Kevin McGarry,30,30,0,2026-10-05 12:22:36,2026-10-05 12:22:36.228
2026-10-05 12:22:21,ARAB101,0101,Samah Al-salami,15,15,0,2026-10-05 12:23:01,2026-10-05 12:23:01.879
2026-10-05 12:22:21,ARAB101,0201,Ahmed Hanafy,15,15,0,2026-10-05 12:23:01,2026-10-05 12:23:01.879
2026-10-05 12:22:21,ARAB102,0101,Samah Al-salami,15,15,0,2026-10-05 12:23:02,2026-10-05 12:23:02.169
2026-10-05 12:22:21,ARAB102,0201,Samah Al-salami,15,15,0,2026-10-05 12:23:02,2026-10-05 12:23:02.169
2026-10-05 12:22:21,ARAB201,0101,Lutf Alkebsi,15,15,0,2026-10-05 12:23:02,2026-10-05 12:23:02.342
2026-10-05 12:22:21,ARAB202,0101,Lutf Alkebsi,15,15,0,2026-10-05 12:23:02,2026-10-05 12:23:02.530
2026-10-05 12:22:21,ARAB202,0201,Lutf Alkebsi,15,15,0,2026-10-05 12:23:02,2026-10-05 12:23:02.530
2026-10-05 12:22:21,ARAB222,0101,Ahmed Hanafy,15,15,0,2026-10-05 12:23:02,2026-10-05 12:23:02.737
2026-10-05 12:22:21,ARAB250,0101,Anny Gaul,20,20,0,2026-10-05 12:23:02,2026-10-05 12:23:02.909
2026-10-05 12:22:21,ARAB302,0101,Ahmed Hanafy,15,15,0,2026-10-05 12:23:03,2026-10-05 12:23:03.084
2026-10-05 12:22:21,ARAB317,0101,Anny Gaul,15,15,0,2026-10-05 12:23:03,2026-10-05 12:23:03.279
2026-10-05 12:22:21,ARAB398W,0101,Lutf Alkebsi,15,15,0,2026-10-05 12:23:03,2026-10-05 12:23:03.620
2026-10-05 12:22:21,ARAB499X,0101,Samah Al-salami,15,15,0,2026-10-05 12:23:03,2026-10-05 12:23:03.984
2026-10-05 12:22:21,ARCH170,0101,Lindsey May,100,100,0,2026-10-05 12:23:05,2026-10-05 12:23:05.441
2026-10-05 12:22:21,ARCH200,0101,Michael Abrams,21,21,0,2026-10-05 12:23:05,2026-10-05 12:23:05.621
2026-10-05 12:22:21,ARCH200,0102,Michael Abrams,21,21,0,2026-10-05 12:23:05,2026-10-05 12:23:05.621
2026-10-05 12:22:21,ARCH200,0103,Michael Abrams,21,21,0,2026-10-05 12:23:05,2026-10-05 12:23:05.622
2026-10-05 12:22:21,ARCH200,0104,Michael Abrams,21,21,0,2026-10-05 12:23:05,2026-10-05 12:23:05.622
2026-10-05 12:22:21,ARCH200,0105,Michael Abrams,21,21,0,2026-10-05 12:23:05,2026-10-05 12:23:05.622
2026-10-05 12:22:21,ARCH200,0106,Michael Abrams,21,21,0,2026-10-05 12:23:05,2026-10-05 12:23:05.622
2026-10-05 12:22:21,ARCH225,0101,Joseph Williams,125,125,0,2026-10-05 12:23:05,2026-10-05 12:23:05.790
2026-10-05 12:22:21,ARCH271,0101,Wayne Ricardo Curtis,75,75,0,2026-10-05 12:23:05,2026-10-05 12:23:05.958
2026-10-05 12:22:21,ARCH271,0102,Wayne Ricardo Curtis,75,75,0,2026-10-05 12:23:05,2026-10-05 12:23:05.958
2026-10-05 12:22:21,ARCH386,0101,Kristen Stack,10,10,0,2026-10-05 12:23:06,2026-10-05 12:23:06.124
2026-10-05 12:22:21,ARCH400,0101,Kenneth Filler,75,75,0,2026-10-05 12:23:06,2026-10-05 12:23:06.294
2026-10-05 12:22:21,ARCH400,0201,Marcus Cross,60,60,0,2026-10-05 12:23:06,2026-10-05 12:23:06.294
2026-10-05 12:22:21,ARCH402,0101,Taejun James Kim,75,75,0,2026-10-05 12:23:06,2026-10-05 12:23:06.464
2026-10-05 12:22:21,ARCH405,0101,Brittany L Williams,14,14,0,2026-10-05 12:23:06,2026-10-05 12:23:06.633
2026-10-05 12:22:21,ARCH407,0101,Georgeanne Matthews,12,12,0,2026-10-05 12:23:06,2026-10-05 12:23:06.800
2026-10-05 12:22:21,ARCH408A,0101,Daniel Curry,5,5,0,2026-10-05 12:23:06,2026-10-05 12:23:06.968
2026-10-05 12:22:21,ARCH408C,0101,Edgar Alvarado,5,5,0,2026-10-05 12:23:07,2026-10-05 12:23:07.157
2026-10-05 12:22:21,ARCH418D,0101,Hooman Koliji,30,30,0,2026-10-05 12:23:07,2026-10-05 12:23:07.327
2026-10-05 12:22:21,ARCH418G,0101,Deokoh Woo,16,16,0,2026-10-05 12:23:07,2026-10-05 12:23:07.495
2026-10-05 12:22:21,ARCH418I,0101,Michael Kleiss,16,16,0,2026-10-05 12:23:07,2026-10-05 12:23:07.671
2026-10-05 12:22:21,ARCH420,0101,Caroline Hickman,30,30,0,2026-10-05 12:23:07,2026-10-05 12:23:07.846
2026-10-05 12:22:21,ARCH423,0101,Joseph Williams,30,30,0,2026-10-05 12:23:08,2026-10-05 12:23:08.015
2026-10-05 12:22:21,ARCH425,0101,Joseph Williams,10,10,0,2026-10-05 12:23:08,2026-10-05 12:23:08.182
2026-10-05 12:22:21,ARCH428F,0101,Matthew Bell,20,20,0,2026-10-05 12:23:08,2026-10-05 12:23:08.349
2026-10-05 12:22:21,ARCH428K,0101,Michele Lamprakos,26,26,0,2026-10-05 12:23:08,2026-10-05 12:23:08.523
2026-10-05 12:22:21,ARCH445,0101,Daniel Curry,15,15,0,2026-10-05 12:23:08,2026-10-05 12:23:08.700
2026-10-05 12:22:21,ARCH463,0101,Deokoh Woo,150,150,0,2026-10-05 12:23:08,2026-10-05 12:23:08.872
2026-10-05 12:22:21,ARCH465,0101,Michael Kleiss,80,80,0,2026-10-05 12:23:09,2026-10-05 12:23:09.059
2026-10-05 12:22:21,ARCH468I,0101,Hooman Koliji,26,26,0,2026-10-05 12:23:09,2026-10-05 12:23:09.228
2026-10-05 12:22:21,ARCH468P,0101,Hooman Koliji,26,26,0,2026-10-05 12:23:09,2026-10-05 12:23:09.396
2026-10-05 12:22:21,ARCH472,0101,Kiley Wilfong Cullen,24,24,0,2026-10-05 12:23:09,2026-10-05 12:23:09.571
2026-10-05 12:22:21,ARCH478L,0101,Michele Lamprakos,10,10,0,2026-10-05 12:23:09,2026-10-05 12:23:09.737
2026-10-05 12:22:21,ARCH478O,0101,Stefan Woehlke,20,20,0,2026-10-05 12:23:09,2026-10-05 12:23:09.905
2026-10-05 12:22:21,ARCH601,0101,Peter Noonan,20,20,0,2026-10-05 12:23:10,2026-10-05 12:23:10.096
2026-10-05 12:22:21,ARCH618G,0101,Deokoh Woo,4,4,0,2026-10-05 12:23:10,2026-10-05 12:23:10.263
2026-10-05 12:22:21,ARCH618I,0101,Michael Kleiss,4,4,0,2026-10-05 12:23:10,2026-10-05 12:23:10.434
2026-10-05 12:22:21,ARCH628K,0101,Michele Lamprakos,4,4,0,2026-10-05 12:23:10,2026-10-05 12:23:10.601
2026-10-05 12:22:21,ARCH635,0101,Matthew Bell,15,15,0,2026-10-05 12:23:10,2026-10-05 12:23:10.772
2026-10-05 12:22:21,ARCH645,0101,Daniel Curry,10,10,0,2026-10-05 12:23:10,2026-10-05 12:23:10.943
2026-10-05 12:22:21,ARCH654,0101,Anatole Tchikine,35,35,0,2026-10-05 12:23:11,2026-10-05 12:23:11.130
2026-10-05 12:22:21,ARCH658I,0101,Sonja Ewing,15,15,0,2026-10-05 12:23:11,2026-10-05 12:23:11.341
2026-10-05 12:22:21,ARCH668I,0101,Hooman Koliji,4,4,0,2026-10-05 12:23:11,2026-10-05 12:23:11.510
2026-10-05 12:22:21,ARCH668P,0101,Hooman Koliji,4,4,0,2026-10-05 12:23:11,2026-10-05 12:23:11.681
2026-10-05 12:22:21,ARCH678L,0101,Michele Lamprakos,10,10,0,2026-10-05 12:23:11,2026-10-05 12:23:11.851
2026-10-05 12:22:21,ARCH678O,0101,Stefan Woehlke,5,5,0,2026-10-05 12:23:12,2026-10-05 12:23:12.061
2026-10-05 12:22:21,ARCH797,0101,Hooman Koliji,15,15,0,2026-10-05 12:23:12,2026-10-05 12:23:12.229
2026-10-05 12:22:21,ARMY105,0101,Andrew Bischoff,60,60,0,2026-10-05 12:23:23,2026-10-05 12:23:23.324
2026-10-05 12:22:21,ARMY105,0102,Andrew Bischoff,60,60,0,2026-10-05 12:23:23,2026-10-05 12:23:23.325
2026-10-05 12:22:21,ARMY110,0101,Andrew Bischoff,40,40,0,2026-10-05 12:23:23,2026-10-05 12:23:23.580
2026-10-05 12:22:21,ARMY202,0102,Andrew Bischoff,60,60,0,2026-10-05 12:23:23,2026-10-05 12:23:23.785
2026-10-05 12:22:21,ARMY302,0101,Andrew Bischoff,40,40,0,2026-10-05 12:23:24,2026-10-05 12:23:24.032
2026-10-05 12:22:21,ARMY402,0101,Andrew Bischoff,30,30,0,2026-10-05 12:23:24,2026-10-05 12:23:24.272
2026-10-05 12:22:21,ARMY402,0102,Andrew Bischoff,100,100,0,2026-10-05 12:23:24,2026-10-05 12:23:24.272
2026-10-05 12:22:21,ARSC059,0101,Kathryn Love,250,250,0,2026-10-05 12:23:25,2026-10-05 12:23:25.669
2026-10-05 12:22:21,ARSC101,0101,Alan Snyder,50,50,0,2026-10-05 12:23:25,2026-10-05 12:23:25.899
2026-10-05 12:22:21,ARSC101,0102,Alan Snyder,65,65,0,2026-10-05 12:23:25,2026-10-05 12:23:25.899
2026-10-05 12:22:21,ARSC101,0103,Alan Snyder,40,40,0,2026-10-05 12:23:25,2026-10-05 12:23:25.899
2026-10-05 12:22:21,ARSC101,0104,Alan Snyder,10,10,0,2026-10-05 12:23:25,2026-10-05 12:23:25.899
2026-10-05 12:22:21,ARSC201,0101,Nathan Rabe,65,65,0,2026-10-05 12:23:26,2026-10-05 12:23:26.075
2026-10-05 12:22:21,ARSC201,0102,Kathleen West,40,40,0,2026-10-05 12:23:26,2026-10-05 12:23:26.076
2026-10-05 12:22:21,ARSC201,0103,Kathleen West,40,40,0,2026-10-05 12:23:26,2026-10-05 12:23:26.076
2026-10-05 12:22:21,ARSC301,0101,Kathryn Love,45,45,0,2026-10-05 12:23:26,2026-10-05 12:23:26.247
2026-10-05 12:22:21,ARSC301,0102,Kathryn Love,20,20,0,2026-10-05 12:23:26,2026-10-05 12:23:26.248
2026-10-05 12:22:21,ARSC401,0101,Joseph Herwatic,30,30,0,2026-10-05 12:23:26,2026-10-05 12:23:26.423
2026-10-05 12:22:21,ARSC401,0102,Joseph Herwatic,15,15,0,2026-10-05 12:23:26,2026-10-05 12:23:26.423
2026-10-05 12:22:21,BIOM301,0101,Christine Hakenkamp,28,28,0,2026-10-05 12:24:02,2026-10-05 12:24:02.600
2026-10-05 12:22:21,BIOM301,0102,Christine Hakenkamp,28,28,0,2026-10-05 12:24:02,2026-10-05 12:24:02.600
2026-10-05 12:22:21,BIOM301,0103,Christine Hakenkamp,28,28,0,2026-10-05 12:24:02,2026-10-05 12:24:02.601
2026-10-05 12:22:21,BIOM301,0104,Christine Hakenkamp,28,28,0,2026-10-05 12:24:02,2026-10-05 12:24:02.601
2026-10-05 12:22:21,BIOM301,0105,Christine Hakenkamp,28,28,0,2026-10-05 12:24:02,2026-10-05 12:24:02.601
2026-10-05 12:22:21,BIOM301,0106,Christine Hakenkamp,28,28,0,2026-10-05 12:24:02,2026-10-05 12:24:02.601
2026-10-05 12:22:21,BIOM301,0107,Christine Hakenkamp,28,28,0,2026-10-05 12:24:02,2026-10-05 12:24:02.601
2026-10-05 12:22:21,BIOM301,0201,Instructor: TBA,28,28,0,2026-10-05 12:24:02,2026-10-05 12:24:02.601
2026-10-05 12:22:21,BIOM602,0101,Jiuzhou Song,28,28,0,2026-10-05 12:24:02,2026-10-05 12:24:02.800
2026-10-05 12:22:21,BMIN210,0101,Darlene Dennison,162,162,0,2026-10-05 12:24:21,2026-10-05 12:24:21.706
2026-10-05 12:22:21,BMIN210,0201,Darlene Dennison,162,162,0,2026-10-05 12:24:21,2026-10-05 12:24:21.706
2026-10-05 12:22:21,BMIN305,0101,Tejwansh Anand,162,162,0,2026-10-05 12:24:21,2026-10-05 12:24:21.886
2026-10-05 12:22:21,BMIN345,0101,Michael Padhi,325,325,0,2026-10-05 12:24:22,2026-10-05 12:24:22.069
2026-10-05 12:22:21,BMIN355,0101,Idil Yaveroglu,162,162,0,2026-10-05 12:24:22,2026-10-05 12:24:22.241
2026-10-05 12:22:21,BMIN355,0201,Idil Yaveroglu,162,162,0,2026-10-05 12:24:22,2026-10-05 12:24:22.241
2026-10-05 12:22:21,BMIN375,0101,Leland Gardner,162,162,0,2026-10-05 12:24:22,2026-10-05 12:24:22.415
2026-10-05 12:22:21,BMIN395,0101,Nima Farshchi,162,162,0,2026-10-05 12:24:22,2026-10-05 12:24:22.587
2026-10-05 12:22:21,BMIN395,0201,Nima Farshchi,162,162,0,2026-10-05 12:24:22,2026-10-05 12:24:22.587
2026-10-05 12:22:21,BSCI103,1100,Tais Mattoso De Andrade Ribeiro,24,24,0,2026-10-05 12:24:25,2026-10-05 12:24:25.609
2026-10-05 12:22:21,BSCI103,1101,Tais Mattoso De Andrade Ribeiro,24,24,0,2026-10-05 12:24:25,2026-10-05 12:24:25.609
2026-10-05 12:22:21,BSCI103,1103,Tais Mattoso De Andrade Ribeiro,24,24,0,2026-10-05 12:24:25,2026-10-05 12:24:25.609
2026-10-05 12:22:21,BSCI103,1105,Tais Mattoso De Andrade Ribeiro,24,24,0,2026-10-05 12:24:25,2026-10-05 12:24:25.609
2026-10-05 12:22:21,BSCI103,1107,Tais Mattoso De Andrade Ribeiro,24,24,0,2026-10-05 12:24:25,2026-10-05 12:24:25.609
2026-10-05 12:22:21,BSCI103,1108,Tais Mattoso De Andrade Ribeiro,24,24,0,2026-10-05 12:24:25,2026-10-05 12:24:25.610
2026-10-05 12:22:21,BSCI103,1109,Tais Mattoso De Andrade Ribeiro,24,24,0,2026-10-05 12:24:25,2026-10-05 12:24:25.610
2026-10-05 12:22:21,BSCI103,1110,Tais Mattoso De Andrade Ribeiro,24,24,0,2026-10-05 12:24:25,2026-10-05 12:24:25.610
2026-10-05 12:22:21,BSCI103M,0101,Tais Mattoso De Andrade Ribeiro,24,24,0,2026-10-05 12:24:25,2026-10-05 12:24:25.782
2026-10-05 12:22:21,BSCI120,0101,Dennis vanEngelsdorp,21,21,0,2026-10-05 12:24:25,2026-10-05 12:24:25.953
2026-10-05 12:22:21,BSCI120,0102,Dennis vanEngelsdorp,21,21,0,2026-10-05 12:24:25,2026-10-05 12:24:25.954
2026-10-05 12:22:21,BSCI135,1101,Edgar Moctezuma,24,24,0,2026-10-05 12:24:26,2026-10-05 12:24:26.135
2026-10-05 12:22:21,BSCI135,1102,Edgar Moctezuma,24,24,0,2026-10-05 12:24:26,2026-10-05 12:24:26.135
2026-10-05 12:22:21,BSCI135,1103,Edgar Moctezuma,24,24,0,2026-10-05 12:24:26,2026-10-05 12:24:26.135
2026-10-05 12:22:21,BSCI135,1104,Edgar Moctezuma,24,24,0,2026-10-05 12:24:26,2026-10-05 12:24:26.135
2026-10-05 12:22:21,BSCI135,1105,Edgar Moctezuma,24,24,0,2026-10-05 12:24:26,2026-10-05 12:24:26.136
2026-10-05 12:22:21,BSCI160,6101,Leo Shapiro,104,104,0,2026-10-05 12:24:26,2026-10-05 12:24:26.307
2026-10-05 12:22:21,BSCI160,6301,Chloe Garfinkel,56,56,0,2026-10-05 12:24:26,2026-10-05 12:24:26.308
2026-10-05 12:22:21,BSCI160,6601,Vadim Karatayev,88,88,0,2026-10-05 12:24:26,2026-10-05 12:24:26.308
2026-10-05 12:22:21,BSCI160,SES1,Chloe Garfinkel,15,15,0,2026-10-05 12:24:26,2026-10-05 12:24:26.308
2026-10-05 12:22:21,BSCI170,0101,Cordelia Weiss,153,153,0,2026-10-05 12:24:26,2026-10-05 12:24:26.488
2026-10-05 12:22:21,BSCI170,0201,Nicholas Fletcher,153,153,0,2026-10-05 12:24:26,2026-10-05 12:24:26.488
2026-10-05 12:22:21,BSCI170,0301,Ricardo Araneda,152,152,0,2026-10-05 12:24:26,2026-10-05 12:24:26.488
2026-10-05 12:22:21,BSCI170,0401,Swarna Mohan,153,153,0,2026-10-05 12:24:26,2026-10-05 12:24:26.488
2026-10-05 12:22:21,BSCI170,0501,Ji Young Choi,120,120,0,2026-10-05 12:24:26,2026-10-05 12:24:26.488
2026-10-05 12:22:21,BSCI170,0701,Ji Young Choi,153,153,0,2026-10-05 12:24:26,2026-10-05 12:24:26.488
2026-10-05 12:22:21,BSCI170,SES1,James Sniezek,20,20,0,2026-10-05 12:24:26,2026-10-05 12:24:26.489
2026-10-05 12:22:21,BSCI180,8105,Hans Lemke,19,19,0,2026-10-05 12:24:26,2026-10-05 12:24:26.834
2026-10-05 12:22:21,BSCI180,8106,Hans Lemke,19,19,0,2026-10-05 12:24:26,2026-10-05 12:24:26.834
2026-10-05 12:22:21,BSCI180,8107,Hans Lemke,19,19,0,2026-10-05 12:24:26,2026-10-05 12:24:26.834
2026-10-05 12:22:21,BSCI180,8108,Hans Lemke,19,19,0,2026-10-05 12:24:26,2026-10-05 12:24:26.834
2026-10-05 12:22:21,BSCI180,8109,Hans Lemke,19,19,0,2026-10-05 12:24:26,2026-10-05 12:24:26.834
2026-10-05 12:22:21,BSCI180,8110,Hans Lemke,19,19,0,2026-10-05 12:24:26,2026-10-05 12:24:26.835
2026-10-05 12:22:21,BSCI180,8111,Hans Lemke,19,19,0,2026-10-05 12:24:26,2026-10-05 12:24:26.835
2026-10-05 12:22:21,BSCI180,8112,Hans Lemke,19,19,0,2026-10-05 12:24:26,2026-10-05 12:24:26.835
2026-10-05 12:22:21,BSCI180,8113,Hans Lemke,19,19,0,2026-10-05 12:24:26,2026-10-05 12:24:26.835
2026-10-05 12:22:21,BSCI180,8114,Hans Lemke,19,19,0,2026-10-05 12:24:26,2026-10-05 12:24:26.835
2026-10-05 12:22:21,BSCI180,8201,Hans Lemke,19,19,0,2026-10-05 12:24:26,2026-10-05 12:24:26.836
2026-10-05 12:22:21,BSCI180,8202,Hans Lemke,19,19,0,2026-10-05 12:24:26,2026-10-05 12:24:26.836
2026-10-05 12:22:21,BSCI180,8205,Hans Lemke,19,19,0,2026-10-05 12:24:26,2026-10-05 12:24:26.836
2026-10-05 12:22:21,BSCI180,8206,Hans Lemke,19,19,0,2026-10-05 12:24:26,2026-10-05 12:24:26.836
2026-10-05 12:22:21,BSCI180,8207,Hans Lemke,19,19,0,2026-10-05 12:24:26,2026-10-05 12:24:26.836
2026-10-05 12:22:21,BSCI180,8208,Hans Lemke,19,19,0,2026-10-05 12:24:26,2026-10-05 12:24:26.837
2026-10-05 12:22:21,BSCI180,8209,Hans Lemke,19,19,0,2026-10-05 12:24:26,2026-10-05 12:24:26.837
2026-10-05 12:22:21,BSCI180,8210,Hans Lemke,19,19,0,2026-10-05 12:24:26,2026-10-05 12:24:26.837
2026-10-05 12:22:21,BSCI180,8211,Hans Lemke,19,19,0,2026-10-05 12:24:26,2026-10-05 12:24:26.837
2026-10-05 12:22:21,BSCI180,8212,Hans Lemke,19,19,0,2026-10-05 12:24:26,2026-10-05 12:24:26.837
2026-10-05 12:22:21,BSCI180,8213,Hans Lemke,19,19,0,2026-10-05 12:24:26,2026-10-05 12:24:26.837
2026-10-05 12:22:21,BSCI180,8214,Hans Lemke,19,19,0,2026-10-05 12:24:26,2026-10-05 12:24:26.838
2026-10-05 12:22:21,BSCI180,8301,Hans Lemke,19,19,0,2026-10-05 12:24:26,2026-10-05 12:24:26.838
2026-10-05 12:22:21,BSCI180,8302,Hans Lemke,19,19,0,2026-10-05 12:24:26,2026-10-05 12:24:26.838
2026-10-05 12:22:21,BSCI180,8305,Hans Lemke,19,19,0,2026-10-05 12:24:26,2026-10-05 12:24:26.838
2026-10-05 12:22:21,BSCI180,8306,Hans Lemke,19,19,0,2026-10-05 12:24:26,2026-10-05 12:24:26.838
2026-10-05 12:22:21,BSCI180,8307,Hans Lemke,19,19,0,2026-10-05 12:24:26,2026-10-05 12:24:26.839
2026-10-05 12:22:21,BSCI180,8308,Hans Lemke,19,19,0,2026-10-05 12:24:26,2026-10-05 12:24:26.839
2026-10-05 12:22:21,BSCI180,8309,Hans Lemke,19,19,0,2026-10-05 12:24:26,2026-10-05 12:24:26.839
2026-10-05 12:22:21,BSCI180,8310,Hans Lemke,19,19,0,2026-10-05 12:24:26,2026-10-05 12:24:26.839
2026-10-05 12:22:21,BSCI180,8311,Hans Lemke,19,19,0,2026-10-05 12:24:26,2026-10-05 12:24:26.839
2026-10-05 12:22:21,BSCI180,8312,Hans Lemke,19,19,0,2026-10-05 12:24:26,2026-10-05 12:24:26.839
2026-10-05 12:22:21,BSCI180,8313,Hans Lemke,19,19,0,2026-10-05 12:24:26,2026-10-05 12:24:26.840
2026-10-05 12:22:21,BSCI180,8314,Hans Lemke,19,19,0,2026-10-05 12:24:26,2026-10-05 12:24:26.840
2026-10-05 12:22:21,BSCI180,8401,Hans Lemke,19,19,0,2026-10-05 12:24:26,2026-10-05 12:24:26.840
2026-10-05 12:22:21,BSCI180,8402,Hans Lemke,19,19,0,2026-10-05 12:24:26,2026-10-05 12:24:26.840
2026-10-05 12:22:21,BSCI180,8405,Hans Lemke,19,19,0,2026-10-05 12:24:26,2026-10-05 12:24:26.840
2026-10-05 12:22:21,BSCI180,8406,Hans Lemke,19,19,0,2026-10-05 12:24:26,2026-10-05 12:24:26.841
2026-10-05 12:22:21,BSCI180,8407,Hans Lemke,19,19,0,2026-10-05 12:24:26,2026-10-05 12:24:26.841
2026-10-05 12:22:21,BSCI180,8408,Hans Lemke,19,19,0,2026-10-05 12:24:26,2026-10-05 12:24:26.841
2026-10-05 12:22:21,BSCI180,8409,Hans Lemke,19,19,0,2026-10-05 12:24:26,2026-10-05 12:24:26.841
2026-10-05 12:22:21,BSCI180,8410,Hans Lemke,19,19,0,2026-10-05 12:24:26,2026-10-05 12:24:26.841
2026-10-05 12:22:21,BSCI180,8411,Hans Lemke,19,19,0,2026-10-05 12:24:26,2026-10-05 12:24:26.842
2026-10-05 12:22:21,BSCI180,8412,Hans Lemke,19,19,0,2026-10-05 12:24:26,2026-10-05 12:24:26.842
2026-10-05 12:22:21,BSCI180,8413,Hans Lemke,19,19,0,2026-10-05 12:24:26,2026-10-05 12:24:26.842
2026-10-05 12:22:21,BSCI180,8414,Hans Lemke,19,19,0,2026-10-05 12:24:26,2026-10-05 12:24:26.842
2026-10-05 12:22:21,BSCI180,SEF2,Hans Lemke,19,19,0,2026-10-05 12:24:26,2026-10-05 12:24:26.842
2026-10-05 12:22:21,BSCI180,SES1,Hans Lemke,19,19,0,2026-10-05 12:24:26,2026-10-05 12:24:26.842
2026-10-05 12:22:21,BSCI201,0101,Caitlin Fox,24,24,0,2026-10-05 12:24:27,2026-10-05 12:24:27.052
2026-10-05 12:22:21,BSCI201,0103,Caitlin Fox,24,24,0,2026-10-05 12:24:27,2026-10-05 12:24:27.052
2026-10-05 12:22:21,BSCI201,0105,Caitlin Fox,24,24,0,2026-10-05 12:24:27,2026-10-05 12:24:27.053
2026-10-05 12:22:21,BSCI201,0106,Caitlin Fox,24,24,0,2026-10-05 12:24:27,2026-10-05 12:24:27.053
2026-10-05 12:22:21,BSCI201,0107,Caitlin Fox,24,24,0,2026-10-05 12:24:27,2026-10-05 12:24:27.053
2026-10-05 12:22:21,BSCI201,0109,Caitlin Fox,24,24,0,2026-10-05 12:24:27,2026-10-05 12:24:27.053
2026-10-05 12:22:21,BSCI201,0110,Caitlin Fox,24,24,0,2026-10-05 12:24:27,2026-10-05 12:24:27.053
2026-10-05 12:22:21,BSCI201,0111,Caitlin Fox,24,24,0,2026-10-05 12:24:27,2026-10-05 12:24:27.054
2026-10-05 12:22:21,BSCI201,1101,Justicia Opoku-Edusei,24,24,0,2026-10-05 12:24:27,2026-10-05 12:24:27.054
2026-10-05 12:22:21,BSCI201,1103,Justicia Opoku-Edusei,24,24,0,2026-10-05 12:24:27,2026-10-05 12:24:27.054
2026-10-05 12:22:21,BSCI201,1104,Justicia Opoku-Edusei,24,24,0,2026-10-05 12:24:27,2026-10-05 12:24:27.054
2026-10-05 12:22:21,BSCI201,1105,Justicia Opoku-Edusei,24,24,0,2026-10-05 12:24:27,2026-10-05 12:24:27.054
2026-10-05 12:22:21,BSCI201,1106,Justicia Opoku-Edusei,24,24,0,2026-10-05 12:24:27,2026-10-05 12:24:27.055
2026-10-05 12:22:21,BSCI201,1108,Justicia Opoku-Edusei,24,24,0,2026-10-05 12:24:27,2026-10-05 12:24:27.055
2026-10-05 12:22:21,BSCI201,1109,Justicia Opoku-Edusei,24,24,0,2026-10-05 12:24:27,2026-10-05 12:24:27.055
2026-10-05 12:22:21,BSCI201,1110,Justicia Opoku-Edusei,24,24,0,2026-10-05 12:24:27,2026-10-05 12:24:27.055
2026-10-05 12:22:21,BSCI202,0101,Caitlin Fox,24,24,0,2026-10-05 12:24:27,2026-10-05 12:24:27.258
2026-10-05 12:22:21,BSCI202,0102,Caitlin Fox,24,24,0,2026-10-05 12:24:27,2026-10-05 12:24:27.259
2026-10-05 12:22:21,BSCI202,0104,Caitlin Fox,24,24,0,2026-10-05 12:24:27,2026-10-05 12:24:27.259
2026-10-05 12:22:21,BSCI202,0108,Caitlin Fox,24,24,0,2026-10-05 12:24:27,2026-10-05 12:24:27.259
2026-10-05 12:22:21,BSCI202,0109,Caitlin Fox,24,24,0,2026-10-05 12:24:27,2026-10-05 12:24:27.259
2026-10-05 12:22:21,BSCI202,0110,Caitlin Fox,24,24,0,2026-10-05 12:24:27,2026-10-05 12:24:27.259
2026-10-05 12:22:21,BSCI202,1101,Justicia Opoku-Edusei,24,24,0,2026-10-05 12:24:27,2026-10-05 12:24:27.260
2026-10-05 12:22:21,BSCI202,1103,Justicia Opoku-Edusei,24,24,0,2026-10-05 12:24:27,2026-10-05 12:24:27.260
2026-10-05 12:22:21,BSCI202,1104,Justicia Opoku-Edusei,24,24,0,2026-10-05 12:24:27,2026-10-05 12:24:27.260
2026-10-05 12:22:21,BSCI202,1106,Justicia Opoku-Edusei,24,24,0,2026-10-05 12:24:27,2026-10-05 12:24:27.260
2026-10-05 12:22:21,BSCI202,1107,Justicia Opoku-Edusei,24,24,0,2026-10-05 12:24:27,2026-10-05 12:24:27.260
2026-10-05 12:22:21,BSCI202,1108,Justicia Opoku-Edusei,24,24,0,2026-10-05 12:24:27,2026-10-05 12:24:27.261
2026-10-05 12:22:21,BSCI202,SES1,Edward Orlando,20,20,0,2026-10-05 12:24:27,2026-10-05 12:24:27.261
2026-10-05 12:22:21,BSCI207,0101,Karen Carleton,80,80,0,2026-10-05 12:24:27,2026-10-05 12:24:27.475
2026-10-05 12:22:21,BSCI207,0201,Chloe Garfinkel,80,80,0,2026-10-05 12:24:27,2026-10-05 12:24:27.475
2026-10-05 12:22:21,BSCI213,0101,Cordelia Weiss,20,20,0,2026-10-05 12:24:27,2026-10-05 12:24:27.644
2026-10-05 12:22:21,BSCI213,0102,Cordelia Weiss,20,20,0,2026-10-05 12:24:27,2026-10-05 12:24:27.644
2026-10-05 12:22:21,BSCI222,7106,Thomas Kocher,18,18,0,2026-10-05 12:24:27,2026-10-05 12:24:27.907
2026-10-05 12:22:21,BSCI222,7108,Thomas Kocher,18,18,0,2026-10-05 12:24:27,2026-10-05 12:24:27.908
2026-10-05 12:22:21,BSCI222,7110,Thomas Kocher,18,18,0,2026-10-05 12:24:27,2026-10-05 12:24:27.908
2026-10-05 12:22:21,BSCI222,7112,Thomas Kocher,18,18,0,2026-10-05 12:24:27,2026-10-05 12:24:27.908
2026-10-05 12:22:21,BSCI222,7114,Thomas Kocher,18,18,0,2026-10-05 12:24:27,2026-10-05 12:24:27.908
2026-10-05 12:22:21,BSCI222,7116,Thomas Kocher,18,18,0,2026-10-05 12:24:27,2026-10-05 12:24:27.908
2026-10-05 12:22:21,BSCI222,7118,Thomas Kocher,18,18,0,2026-10-05 12:24:27,2026-10-05 12:24:27.908
2026-10-05 12:22:21,BSCI222,7120,Thomas Kocher,18,18,0,2026-10-05 12:24:27,2026-10-05 12:24:27.909
2026-10-05 12:22:21,BSCI222,7130,Thomas Kocher,18,18,0,2026-10-05 12:24:27,2026-10-05 12:24:27.909
2026-10-05 12:22:21,BSCI222,7133,Thomas Kocher,18,18,0,2026-10-05 12:24:27,2026-10-05 12:24:27.909
2026-10-05 12:22:21,BSCI222,7214,Michael Keller,18,18,0,2026-10-05 12:24:27,2026-10-05 12:24:27.909
2026-10-05 12:22:21,BSCI222,7216,Michael Keller,18,18,0,2026-10-05 12:24:27,2026-10-05 12:24:27.909
2026-10-05 12:22:21,BSCI222,7218,Michael Keller,18,18,0,2026-10-05 12:24:27,2026-10-05 12:24:27.910
2026-10-05 12:22:21,BSCI222,7219,Michael Keller,18,18,0,2026-10-05 12:24:27,2026-10-05 12:24:27.910
2026-10-05 12:22:21,BSCI222,7220,Michael Keller,18,18,0,2026-10-05 12:24:27,2026-10-05 12:24:27.910
2026-10-05 12:22:21,BSCI222,7221,Michael Keller,18,18,0,2026-10-05 12:24:27,2026-10-05 12:24:27.910
2026-10-05 12:22:21,BSCI222,7222,Michael Keller,18,18,0,2026-10-05 12:24:27,2026-10-05 12:24:27.910
2026-10-05 12:22:21,BSCI222,7224,Michael Keller,18,18,0,2026-10-05 12:24:27,2026-10-05 12:24:27.911
2026-10-05 12:22:21,BSCI222,7226,Michael Keller,18,18,0,2026-10-05 12:24:27,2026-10-05 12:24:27.911
2026-10-05 12:22:21,BSCI222,7232,Michael Keller,18,18,0,2026-10-05 12:24:27,2026-10-05 12:24:27.911
2026-10-05 12:22:21,BSCI222,7234,Michael Keller,18,18,0,2026-10-05 12:24:27,2026-10-05 12:24:27.911
2026-10-05 12:22:21,BSCI222,7236,Michael Keller,18,18,0,2026-10-05 12:24:27,2026-10-05 12:24:27.911
2026-10-05 12:22:21,BSCI222,7310,Maria Colt,18,18,0,2026-10-05 12:24:27,2026-10-05 12:24:27.911
2026-10-05 12:22:21,BSCI222,7311,Maria Colt,18,18,0,2026-10-05 12:24:27,2026-10-05 12:24:27.912
2026-10-05 12:22:21,BSCI222,7312,Maria Colt,18,18,0,2026-10-05 12:24:27,2026-10-05 12:24:27.912
2026-10-05 12:22:21,BSCI222,7313,Maria Colt,18,18,0,2026-10-05 12:24:27,2026-10-05 12:24:27.912
2026-10-05 12:22:21,BSCI222,7315,Maria Colt,18,18,0,2026-10-05 12:24:27,2026-10-05 12:24:27.912
2026-10-05 12:22:21,BSCI222,7320,Maria Colt,18,18,0,2026-10-05 12:24:27,2026-10-05 12:24:27.912
2026-10-05 12:22:21,BSCI222,7325,Maria Colt,18,18,0,2026-10-05 12:24:27,2026-10-05 12:24:27.913
2026-10-05 12:22:21,BSCI222,7330,Maria Colt,18,18,0,2026-10-05 12:24:27,2026-10-05 12:24:27.913
2026-10-05 12:22:21,BSCI222,7332,Maria Colt,18,18,0,2026-10-05 12:24:27,2026-10-05 12:24:27.913
2026-10-05 12:22:21,BSCI222,7335,Maria Colt,18,18,0,2026-10-05 12:24:27,2026-10-05 12:24:27.913
2026-10-05 12:22:21,BSCI222,SES1,Maria Colt,23,23,0,2026-10-05 12:24:27,2026-10-05 12:24:27.913
2026-10-05 12:22:21,BSCI223,1021,John Buchner,16,16,0,2026-10-05 12:24:28,2026-10-05 12:24:28.127
2026-10-05 12:22:21,BSCI223,1025,John Buchner,16,16,0,2026-10-05 12:24:28,2026-10-05 12:24:28.127
2026-10-05 12:22:21,BSCI223,1026,John Buchner,16,16,0,2026-10-05 12:24:28,2026-10-05 12:24:28.127
2026-10-05 12:22:21,BSCI223,1101,John Buchner,16,16,0,2026-10-05 12:24:28,2026-10-05 12:24:28.128
2026-10-05 12:22:21,BSCI223,1105,John Buchner,16,16,0,2026-10-05 12:24:28,2026-10-05 12:24:28.128
2026-10-05 12:22:21,BSCI223,1106,John Buchner,16,16,0,2026-10-05 12:24:28,2026-10-05 12:24:28.128
2026-10-05 12:22:21,BSCI223,1121,John Buchner,16,16,0,2026-10-05 12:24:28,2026-10-05 12:24:28.128
2026-10-05 12:22:21,BSCI223,1125,John Buchner,16,16,0,2026-10-05 12:24:28,2026-10-05 12:24:28.128
2026-10-05 12:22:21,BSCI223,1126,John Buchner,16,16,0,2026-10-05 12:24:28,2026-10-05 12:24:28.129
2026-10-05 12:22:21,BSCI223,1201,John Buchner,16,16,0,2026-10-05 12:24:28,2026-10-05 12:24:28.129
2026-10-05 12:22:21,BSCI223,1206,John Buchner,16,16,0,2026-10-05 12:24:28,2026-10-05 12:24:28.129
2026-10-05 12:22:21,BSCI223,1221,John Buchner,16,16,0,2026-10-05 12:24:28,2026-10-05 12:24:28.129
2026-10-05 12:22:21,BSCI223,1225,John Buchner,16,16,0,2026-10-05 12:24:28,2026-10-05 12:24:28.129
2026-10-05 12:22:21,BSCI223,1226,John Buchner,16,16,0,2026-10-05 12:24:28,2026-10-05 12:24:28.129
2026-10-05 12:22:21,BSCI223,1301,John Buchner,16,16,0,2026-10-05 12:24:28,2026-10-05 12:24:28.130
2026-10-05 12:22:21,BSCI223,1306,John Buchner,16,16,0,2026-10-05 12:24:28,2026-10-05 12:24:28.130
2026-10-05 12:22:21,BSCI223,2401,John Buchner,16,16,0,2026-10-05 12:24:28,2026-10-05 12:24:28.130
2026-10-05 12:22:21,BSCI223,2406,John Buchner,16,16,0,2026-10-05 12:24:28,2026-10-05 12:24:28.130
2026-10-05 12:22:21,BSCI223,SES1,Cherisse Hall,20,20,0,2026-10-05 12:24:28,2026-10-05 12:24:28.130
2026-10-05 12:22:21,BSCI238I,0101,Aditri Gadigi,30,30,0,2026-10-05 12:24:28,2026-10-05 12:24:28.298
2026-10-05 12:22:21,BSCI258A,0101,Erin Thomson,10,10,0,2026-10-05 12:24:28,2026-10-05 12:24:28.464
2026-10-05 12:22:21,BSCI258B,0101,Erin Thomson,80,80,0,2026-10-05 12:24:28,2026-10-05 12:24:28.634
2026-10-05 12:22:21,BSCI279B,0101,Katerina Thompson,32,32,0,2026-10-05 12:24:28,2026-10-05 12:24:28.970
2026-10-05 12:22:21,BSCI279B,0102,Katerina Thompson,32,32,0,2026-10-05 12:24:28,2026-10-05 12:24:28.970
2026-10-05 12:22:21,BSCI279Q,0101,Daniel Butts,10,10,0,2026-10-05 12:24:29,2026-10-05 12:24:29.321
2026-10-05 12:22:21,BSCI283,1205,Daniel Stein,20,20,0,2026-10-05 12:24:29,2026-10-05 12:24:29.820
2026-10-05 12:22:21,BSCI283,1305,Daniel Stein,20,20,0,2026-10-05 12:24:29,2026-10-05 12:24:29.820
2026-10-05 12:22:21,BSCI329,1016,Hilary Bierman,5,5,0,2026-10-05 12:24:29,2026-10-05 12:24:29.993
2026-10-05 12:22:21,BSCI329,1028,Daniel Butts,10,10,0,2026-10-05 12:24:29,2026-10-05 12:24:29.993
2026-10-05 12:22:21,BSCI329,1033,Chan Lin,10,10,0,2026-10-05 12:24:29,2026-10-05 12:24:29.993
2026-10-05 12:22:21,BSCI329,1250,Justicia Opoku-Edusei,20,20,0,2026-10-05 12:24:29,2026-10-05 12:24:29.994
2026-10-05 12:22:21,BSCI329,1388,Corine Van der Weele,8,8,0,2026-10-05 12:24:29,2026-10-05 12:24:29.994
2026-10-05 12:22:21,BSCI329,ESG1,Hadiya Woodham,10,10,0,2026-10-05 12:24:29,2026-10-05 12:24:29.994
2026-10-05 12:22:21,BSCI331,0101,Kenneth Frauwirth,200,200,0,2026-10-05 12:24:30,2026-10-05 12:24:30.174
2026-10-05 12:22:21,BSCI331,0201,Kenneth Frauwirth,200,200,0,2026-10-05 12:24:30,2026-10-05 12:24:30.174
2026-10-05 12:22:21,BSCI332,0102,Corine Van der Weele,23,23,0,2026-10-05 12:24:30,2026-10-05 12:24:30.363
2026-10-05 12:22:21,BSCI332,0104,Corine Van der Weele,23,23,0,2026-10-05 12:24:30,2026-10-05 12:24:30.363
2026-10-05 12:22:21,BSCI332,0106,Corine Van der Weele,23,23,0,2026-10-05 12:24:30,2026-10-05 12:24:30.363
2026-10-05 12:22:21,BSCI332,0107,Corine Van der Weele,23,23,0,2026-10-05 12:24:30,2026-10-05 12:24:30.364
2026-10-05 12:22:21,BSCI332,0111,Corine Van der Weele,23,23,0,2026-10-05 12:24:30,2026-10-05 12:24:30.364
2026-10-05 12:22:21,BSCI332,1103,Corine Van der Weele,23,23,0,2026-10-05 12:24:30,2026-10-05 12:24:30.364
2026-10-05 12:22:21,BSCI332,1105,Corine Van der Weele,23,23,0,2026-10-05 12:24:30,2026-10-05 12:24:30.364
2026-10-05 12:22:21,BSCI332,1108,Corine Van der Weele,23,23,0,2026-10-05 12:24:30,2026-10-05 12:24:30.364
2026-10-05 12:22:21,BSCI332,1109,Corine Van der Weele,23,23,0,2026-10-05 12:24:30,2026-10-05 12:24:30.364
2026-10-05 12:22:21,BSCI332,1111,Corine Van der Weele,23,23,0,2026-10-05 12:24:30,2026-10-05 12:24:30.365
2026-10-05 12:22:21,BSCI332,1113,Corine Van der Weele,23,23,0,2026-10-05 12:24:30,2026-10-05 12:24:30.365
2026-10-05 12:22:21,BSCI334,0101,Katerina Thompson,60,60,0,2026-10-05 12:24:30,2026-10-05 12:24:30.544
2026-10-05 12:22:21,BSCI335,0101,Katerina Thompson,20,20,0,2026-10-05 12:24:30,2026-10-05 12:24:30.720
2026-10-05 12:22:21,BSCI335,0102,Katerina Thompson,20,20,0,2026-10-05 12:24:30,2026-10-05 12:24:30.720
2026-10-05 12:22:21,BSCI337,0101,Leo Shapiro,20,20,0,2026-10-05 12:24:30,2026-10-05 12:24:30.892
2026-10-05 12:22:21,BSCI337,0102,Leo Shapiro,20,20,0,2026-10-05 12:24:30,2026-10-05 12:24:30.892
2026-10-05 12:22:21,BSCI343,ESG1,Hadiya Woodham,30,30,0,2026-10-05 12:24:31,2026-10-05 12:24:31.233
2026-10-05 12:22:21,BSCI348A,0101,John Buchner,22,22,0,2026-10-05 12:24:31,2026-10-05 12:24:31.571
2026-10-05 12:22:21,BSCI348I,SES1,Erik Lontok,25,25,0,2026-10-05 12:24:31,2026-10-05 12:24:31.740
2026-10-05 12:22:21,BSCI348R,0101,Najib El-Sayed,10,10,0,2026-10-05 12:24:31,2026-10-05 12:24:31.921
2026-10-05 12:22:21,BSCI353,0101,Chan Lin,64,64,0,2026-10-05 12:24:32,2026-10-05 12:24:32.095
2026-10-05 12:22:21,BSCI353,0102,Melissa Caras,40,40,0,2026-10-05 12:24:32,2026-10-05 12:24:32.095
2026-10-05 12:22:21,BSCI353,ESG1,Vitaly Stepensky,40,40,0,2026-10-05 12:24:32,2026-10-05 12:24:32.095
2026-10-05 12:22:21,BSCI358A,ESG1,Vitaly Stepensky,30,30,0,2026-10-05 12:24:32,2026-10-05 12:24:32.264
2026-10-05 12:22:21,BSCI358B,ESG1,Gregory Simon,30,30,0,2026-10-05 12:24:32,2026-10-05 12:24:32.432
2026-10-05 12:22:21,BSCI361,0101,Daniel Gruner,25,25,0,2026-10-05 12:24:32,2026-10-05 12:24:32.606
2026-10-05 12:22:21,BSCI361,0102,Daniel Gruner,25,25,0,2026-10-05 12:24:32,2026-10-05 12:24:32.606
2026-10-05 12:22:21,BSCI370,0101,Alexandra Bely,64,64,0,2026-10-05 12:24:32,2026-10-05 12:24:32.781
2026-10-05 12:22:21,BSCI378H,0101,Kenneth Frauwirth,23,23,0,2026-10-05 12:24:32,2026-10-05 12:24:32.950
2026-10-05 12:22:21,BSCI398H,0101,Alexandra Bely,35,35,0,2026-10-05 12:24:34,2026-10-05 12:24:34.101
2026-10-05 12:22:21,BSCI401,0101,Gerald Wilkinson,39,39,0,2026-10-05 12:24:34,2026-10-05 12:24:34.753
2026-10-05 12:22:21,BSCI406,0101,Sergei Sukharev,20,20,0,2026-10-05 12:24:34,2026-10-05 12:24:34.919
2026-10-05 12:22:21,BSCI410,0101,Charles Seller,140,140,0,2026-10-05 12:24:35,2026-10-05 12:24:35.085
2026-10-05 12:22:21,BSCI412,0101,Wade Winkler,18,18,0,2026-10-05 12:24:35,2026-10-05 12:24:35.254
2026-10-05 12:22:21,BSCI412,0103,Wade Winkler,18,18,0,2026-10-05 12:24:35,2026-10-05 12:24:35.255
2026-10-05 12:22:21,BSCI414,ESG1,Caitlin Fox,24,24,0,2026-10-05 12:24:35,2026-10-05 12:24:35.426
2026-10-05 12:22:21,BSCI416,0101,Silvia Bolland,42,42,0,2026-10-05 12:24:35,2026-10-05 12:24:35.594
2026-10-05 12:22:21,BSCI417,0101,Vincent Lee,30,30,0,2026-10-05 12:24:35,2026-10-05 12:24:35.760
2026-10-05 12:22:21,BSCI420,0101,Sougata Roy,62,62,0,2026-10-05 12:24:35,2026-10-05 12:24:35.925
2026-10-05 12:22:21,BSCI422,0101,David Mosser,25,25,0,2026-10-05 12:24:36,2026-10-05 12:24:36.116
2026-10-05 12:22:21,BSCI422,0102,David Mosser,25,25,0,2026-10-05 12:24:36,2026-10-05 12:24:36.117
2026-10-05 12:22:21,BSCI422,0103,David Mosser,25,25,0,2026-10-05 12:24:36,2026-10-05 12:24:36.117
2026-10-05 12:22:21,BSCI422,0104,David Mosser,25,25,0,2026-10-05 12:24:36,2026-10-05 12:24:36.117
2026-10-05 12:22:21,BSCI423,0101,Wenxia Song,18,18,0,2026-10-05 12:24:36,2026-10-05 12:24:36.291
2026-10-05 12:22:21,BSCI423,0102,Wenxia Song,18,18,0,2026-10-05 12:24:36,2026-10-05 12:24:36.291
2026-10-05 12:22:21,BSCI425,0101,Kan Cao,20,20,0,2026-10-05 12:24:36,2026-10-05 12:24:36.456
2026-10-05 12:22:21,BSCI430,0101,Eric Haag,35,35,0,2026-10-05 12:24:36,2026-10-05 12:24:36.625
2026-10-05 12:22:21,BSCI433,0101,Jeff Maltas,30,30,0,2026-10-05 12:24:36,2026-10-05 12:24:36.794
2026-10-05 12:22:21,BSCI435,0101,Joshua Weitz,18,18,0,2026-10-05 12:24:36,2026-10-05 12:24:36.960
2026-10-05 12:22:21,BSCI436,0101,Jonathan Dinman,60,60,0,2026-10-05 12:24:37,2026-10-05 12:24:37.126
2026-10-05 12:22:21,BSCI437,0101,Jeffrey DeStefano,70,70,0,2026-10-05 12:24:37,2026-10-05 12:24:37.296
2026-10-05 12:22:21,BSCI437,ESG1,Gilad Ofek,40,40,0,2026-10-05 12:24:37,2026-10-05 12:24:37.296
2026-10-05 12:22:21,BSCI437H,0101,Jeffrey DeStefano,8,8,0,2026-10-05 12:24:37,2026-10-05 12:24:37.464
2026-10-05 12:22:21,BSCI439B,ESG1,Maira Goytia,40,40,0,2026-10-05 12:24:37,2026-10-05 12:24:37.633
2026-10-05 12:22:21,BSCI439E,0101,Beatrice Kondo,5,5,0,2026-10-05 12:24:37,2026-10-05 12:24:37.808
2026-10-05 12:22:21,BSCI439G,0101,Beatrice Kondo,5,5,0,2026-10-05 12:24:37,2026-10-05 12:24:37.975
2026-10-05 12:22:21,BSCI439L,0101,Instructor: TBA,5,5,0,2026-10-05 12:24:38,2026-10-05 12:24:38.137
2026-10-05 12:22:21,BSCI439Z,0101,Amanda Chicoli,20,20,0,2026-10-05 12:24:38,2026-10-05 12:24:38.306
2026-10-05 12:22:21,BSCI442,0101,Jose Feijo,20,20,0,2026-10-05 12:24:38,2026-10-05 12:24:38.479
2026-10-05 12:22:21,BSCI442,0102,Jose Feijo,20,20,0,2026-10-05 12:24:38,2026-10-05 12:24:38.479
2026-10-05 12:22:21,BSCI450,0101,Juan Angueyra,130,130,0,2026-10-05 12:24:38,2026-10-05 12:24:38.652
2026-10-05 12:22:21,BSCI450,0201,Joshua Singer,120,120,0,2026-10-05 12:24:38,2026-10-05 12:24:38.652
2026-10-05 12:22:21,BSCI450,PDS1,William Higgins,20,20,0,2026-10-05 12:24:38,2026-10-05 12:24:38.652
2026-10-05 12:22:21,BSCI451,0101,Corine Van der Weele,20,20,0,2026-10-05 12:24:38,2026-10-05 12:24:38.848
2026-10-05 12:22:21,BSCI451,0102,Corine Van der Weele,20,20,0,2026-10-05 12:24:38,2026-10-05 12:24:38.848
2026-10-05 12:22:21,BSCI451,0103,Corine Van der Weele,20,20,0,2026-10-05 12:24:38,2026-10-05 12:24:38.848
2026-10-05 12:22:21,BSCI451,0104,Corine Van der Weele,20,20,0,2026-10-05 12:24:38,2026-10-05 12:24:38.849
2026-10-05 12:22:21,BSCI452,0101,Chan Lin,40,40,0,2026-10-05 12:24:39,2026-10-05 12:24:39.022
2026-10-05 12:22:21,BSCI452,SES1,Chan Lin,20,20,0,2026-10-05 12:24:39,2026-10-05 12:24:39.022
2026-10-05 12:22:21,BSCI453,0101,Nikolas Francis,38,38,0,2026-10-05 12:24:39,2026-10-05 12:24:39.188
2026-10-05 12:22:21,BSCI455,0101,Hilary Bierman,16,16,0,2026-10-05 12:24:39,2026-10-05 12:24:39.360
2026-10-05 12:22:21,BSCI455,0102,Hilary Bierman,16,16,0,2026-10-05 12:24:39,2026-10-05 12:24:39.360
2026-10-05 12:22:21,BSCI455,0103,Hilary Bierman,16,16,0,2026-10-05 12:24:39,2026-10-05 12:24:39.361
2026-10-05 12:22:21,BSCI456,0101,Colenso Speer,5,5,0,2026-10-05 12:24:39,2026-10-05 12:24:39.531
2026-10-05 12:22:21,BSCI477,0101,Emily Bruns,40,40,0,2026-10-05 12:24:39,2026-10-05 12:24:39.707
2026-10-05 12:22:21,BSCI487,0101,Kelly Hamby,24,24,0,2026-10-05 12:24:39,2026-10-05 12:24:39.875
2026-10-05 12:22:21,BSOS355,0101,Liza Lebrun,40,40,0,2026-10-05 12:24:41,2026-10-05 12:24:41.200
2026-10-05 12:22:21,BSOS361,0101,TC Lloyd,30,30,0,2026-10-05 12:24:41,2026-10-05 12:24:41.372
2026-10-05 12:22:21,BSOS361,0102,TC Lloyd,30,30,0,2026-10-05 12:24:41,2026-10-05 12:24:41.372
2026-10-05 12:22:21,BSOS448M,0101,Brandee Pettus,12,12,0,2026-10-05 12:24:41,2026-10-05 12:24:41.541
2026-10-05 12:22:21,BUMO600,0501,Sheetal Singh,52,52,0,2026-10-05 12:24:55,2026-10-05 12:24:55.766
2026-10-05 12:22:21,BUMO604,0501,Jon Crocker,0,0,0,2026-10-05 12:24:55,2026-10-05 12:24:55.934
2026-10-05 12:22:21,BUMO614,0501,Waverly Ding,58,58,0,2026-10-05 12:24:56,2026-10-05 12:24:56.099
2026-10-05 12:22:21,BUMO701,0501,Jason Choi,65,65,0,2026-10-05 12:24:56,2026-10-05 12:24:56.261
2026-10-05 12:22:21,BUMO703,0501,Mary Beth Furst,65,65,0,2026-10-05 12:24:56,2026-10-05 12:24:56.430
2026-10-05 12:22:21,BUMO711,0501,Sheetal Singh,65,65,0,2026-10-05 12:24:56,2026-10-05 12:24:56.595
2026-10-05 12:22:21,BUMO714,0501,Rellie Rozin,0,0,0,2026-10-05 12:24:56,2026-10-05 12:24:56.762
2026-10-05 12:22:21,BUMO723,0501,Stephen Sclafani,58,58,0,2026-10-05 12:24:56,2026-10-05 12:24:56.931
2026-10-05 12:22:21,BUMO724,0501,Stephen Sclafani,58,58,0,2026-10-05 12:24:57,2026-10-05 12:24:57.100
2026-10-05 12:22:21,BUMO726,0501,Stephen Sclafani,58,58,0,2026-10-05 12:24:57,2026-10-05 12:24:57.267
2026-10-05 12:22:21,BUMO731,0501,Balaji Padmanabhan,58,58,0,2026-10-05 12:24:57,2026-10-05 12:24:57.436
2026-10-05 12:22:21,BUMO733,0501,Balaji Padmanabhan,58,58,0,2026-10-05 12:24:57,2026-10-05 12:24:57.608
2026-10-05 12:22:21,BUMO758P,0501,Jon Crocker,37,37,0,2026-10-05 12:24:57,2026-10-05 12:24:57.772
2026-10-05 12:22:21,BUMO780,0501,Jennifer Marr,37,37,0,2026-10-05 12:24:58,2026-10-05 12:24:58.112
2026-10-05 12:22:21,BUMO780,0502,Jennifer Marr,37,37,0,2026-10-05 12:24:58,2026-10-05 12:24:58.112
2026-10-05 12:22:21,BUMO782,0501,Mike Hoffmeyer,40,40,0,2026-10-05 12:24:58,2026-10-05 12:24:58.284
2026-10-05 12:22:21,BUMO785,0501,Maria Bustamante,65,65,0,2026-10-05 12:24:58,2026-10-05 12:24:58.457
2026-10-05 12:22:21,BUMO790,0501,Roy Thomason,65,65,0,2026-10-05 12:24:58,2026-10-05 12:24:58.627
2026-10-05 12:22:21,BUMO790,0502,Roy Thomason,65,65,0,2026-10-05 12:24:58,2026-10-05 12:24:58.627
2026-10-05 12:22:21,BUMO791,0501,Roy Thomason,65,65,0,2026-10-05 12:24:58,2026-10-05 12:24:58.796
2026-10-05 12:22:21,BUMO791,0502,Roy Thomason,65,65,0,2026-10-05 12:24:58,2026-10-05 12:24:58.796
2026-10-05 12:22:21,CHIN100,0101,Yuli Wang,15,15,0,2026-10-05 12:25:33,2026-10-05 12:25:33.738
2026-10-05 12:22:21,CHIN121,0101,Mei Kong,15,15,0,2026-10-05 12:25:33,2026-10-05 12:25:33.907
2026-10-05 12:22:21,CHIN122,0101,Mei Kong,15,15,0,2026-10-05 12:25:34,2026-10-05 12:25:34.079
2026-10-05 12:22:21,CHIN122,0201,Mei Kong,15,15,0,2026-10-05 12:25:34,2026-10-05 12:25:34.079
2026-10-05 12:22:21,CHIN122,0301,Guiling Hu,15,15,0,2026-10-05 12:25:34,2026-10-05 12:25:34.079
2026-10-05 12:22:21,CHIN207,0101,Guiling Hu,15,15,0,2026-10-05 12:25:34,2026-10-05 12:25:34.257
2026-10-05 12:22:21,CHIN207,0201,Guiling Hu,15,15,0,2026-10-05 12:25:34,2026-10-05 12:25:34.257
2026-10-05 12:22:21,CHIN302,0101,Jungjung Lee,15,15,0,2026-10-05 12:25:34,2026-10-05 12:25:34.425
2026-10-05 12:22:21,CHIN302,0201,Jungjung Lee,15,15,0,2026-10-05 12:25:34,2026-10-05 12:25:34.426
2026-10-05 12:22:21,CHIN307,0101,Minglang Zhou,25,25,0,2026-10-05 12:25:34,2026-10-05 12:25:34.591
2026-10-05 12:22:21,CHIN315,0101,Mei Nan,30,30,0,2026-10-05 12:25:34,2026-10-05 12:25:34.759
2026-10-05 12:22:21,CHIN332,0101,Yuli Wang,15,15,0,2026-10-05 12:25:34,2026-10-05 12:25:34.925
2026-10-05 12:22:21,CHIN402,0101,Jungjung Lee,15,15,0,2026-10-05 12:25:35,2026-10-05 12:25:35.261
2026-10-05 12:22:21,CHIN415,0101,Jungjung Lee,15,15,0,2026-10-05 12:25:35,2026-10-05 12:25:35.428
2026-10-05 12:22:21,CHIN418O,0101,Mei Nan,25,25,0,2026-10-05 12:25:35,2026-10-05 12:25:35.597
2026-10-05 12:22:21,CHIN441,0101,Andrew Schonebaum,20,20,0,2026-10-05 12:25:35,2026-10-05 12:25:35.763
2026-10-05 12:22:21,CHSE205,0101,Yewon Lee,60,60,0,2026-10-05 12:25:38,2026-10-05 12:25:38.784
2026-10-05 12:22:21,CHSE205,0201,Katryna Andrusik,50,50,0,2026-10-05 12:25:38,2026-10-05 12:25:38.784
2026-10-05 12:22:21,CHSE228D,0101,Nikita Kimani,16,16,0,2026-10-05 12:25:38,2026-10-05 12:25:38.954
2026-10-05 12:22:21,CHSE376,0101,Michael Dunham,20,20,0,2026-10-05 12:25:39,2026-10-05 12:25:39.137
2026-10-05 12:22:21,CHSE376,0201,Elizabeth Martinez,20,20,0,2026-10-05 12:25:39,2026-10-05 12:25:39.137
2026-10-05 12:22:21,CHSE376,0301,Colleen McGilpin,20,20,0,2026-10-05 12:25:39,2026-10-05 12:25:39.137
2026-10-05 12:22:21,CHSE376,0401,Chanai Brewster,20,20,0,2026-10-05 12:25:39,2026-10-05 12:25:39.137
2026-10-05 12:22:21,CHSE376,0501,Michael Dunham,20,20,0,2026-10-05 12:25:39,2026-10-05 12:25:39.138
2026-10-05 12:22:21,CHSE476,0101,Michael Dunham,20,20,0,2026-10-05 12:25:39,2026-10-05 12:25:39.466
2026-10-05 12:22:21,CHSE477,0101,Michael Dunham,18,18,0,2026-10-05 12:25:39,2026-10-05 12:25:39.631
2026-10-05 12:22:21,CHSE480,0101,Michael Dunham,18,18,0,2026-10-05 12:25:39,2026-10-05 12:25:39.796
2026-10-05 12:22:21,CHSE489,1901,Amy D'Agati,10,10,0,2026-10-05 12:25:39,2026-10-05 12:25:39.964
2026-10-05 12:22:21,CINE245,0201,Instructor: TBA,27,27,0,2026-10-05 12:25:41,2026-10-05 12:25:41.482
2026-10-05 12:22:21,CINE245,0301,Alan Montroso,27,27,0,2026-10-05 12:25:41,2026-10-05 12:25:41.482
2026-10-05 12:22:21,CINE280,0101,Eric Zakim,25,25,0,2026-10-05 12:25:41,2026-10-05 12:25:41.653
2026-10-05 12:22:21,CINE280,0102,Eric Zakim,25,25,0,2026-10-05 12:25:41,2026-10-05 12:25:41.654
2026-10-05 12:22:21,CINE280,0103,Eric Zakim,25,25,0,2026-10-05 12:25:41,2026-10-05 12:25:41.654
2026-10-05 12:22:21,CINE280,0104,Eric Zakim,25,25,0,2026-10-05 12:25:41,2026-10-05 12:25:41.654
2026-10-05 12:22:21,CINE282,0101,Susan Pramschufer,35,35,0,2026-10-05 12:25:41,2026-10-05 12:25:41.819
2026-10-05 12:22:21,CINE298B,0101,Sean Pue,20,20,0,2026-10-05 12:25:41,2026-10-05 12:25:41.997
2026-10-05 12:22:21,CINE302,0101,Luka Arsenjuk,30,30,0,2026-10-05 12:25:42,2026-10-05 12:25:42.163
2026-10-05 12:22:21,CINE310,0101,Nathaniel Stevens,15,15,0,2026-10-05 12:25:42,2026-10-05 12:25:42.332
2026-10-05 12:22:21,CINE319A,0101,Paul Cote,20,20,0,2026-10-05 12:25:42,2026-10-05 12:25:42.500
2026-10-05 12:22:21,CINE319I,0101,Yael Inbar,15,15,0,2026-10-05 12:25:42,2026-10-05 12:25:42.668
2026-10-05 12:22:21,CINE319P,5501,Samuel Crawford,10,10,0,2026-10-05 12:25:42,2026-10-05 12:25:42.838
2026-10-05 12:22:21,CINE329E,0101,Elizabeth Papazian,25,25,0,2026-10-05 12:25:43,2026-10-05 12:25:43.007
2026-10-05 12:22:21,CINE329N,0101,Daniel Richter,25,25,0,2026-10-05 12:25:43,2026-10-05 12:25:43.170
2026-10-05 12:22:21,CINE329Z,0101,Daniel Richter,25,25,0,2026-10-05 12:25:43,2026-10-05 12:25:43.339
2026-10-05 12:22:21,CINE335,0101,Jason Kuo,25,25,0,2026-10-05 12:25:43,2026-10-05 12:25:43.506
2026-10-05 12:22:21,CINE369C,0101,Mauro Resmini,40,40,0,2026-10-05 12:25:43,2026-10-05 12:25:43.673
2026-10-05 12:22:21,CINE369F,0101,Alexis Lothian,30,30,0,2026-10-05 12:25:43,2026-10-05 12:25:43.839
2026-10-05 12:22:21,CINE369K,0101,Paul Cote,20,20,0,2026-10-05 12:25:44,2026-10-05 12:25:44.007
2026-10-05 12:22:21,CINE376,0101,Ross Angelella,14,14,0,2026-10-05 12:25:44,2026-10-05 12:25:44.191
2026-10-05 12:22:21,CINE376,0102,Ross Angelella,5,5,0,2026-10-05 12:25:44,2026-10-05 12:25:44.192
2026-10-05 12:22:21,CINE419E,0101,Stephanie Sapienza,15,15,0,2026-10-05 12:25:44,2026-10-05 12:25:44.524
2026-10-05 12:22:21,CINE429O,0101,Mei Nan,25,25,0,2026-10-05 12:25:44,2026-10-05 12:25:44.689
2026-10-05 12:22:21,CINE459C,0101,Saverio Giovacchini,54,54,0,2026-10-05 12:25:44,2026-10-05 12:25:44.865
2026-10-05 12:22:21,CINE469Y,0101,Jason Kuo,14,14,0,2026-10-05 12:25:45,2026-10-05 12:25:45.036
2026-10-05 12:22:21,CLAS170,0101,Katherine Wasdin,21,21,0,2026-10-05 12:25:46,2026-10-05 12:25:46.498
2026-10-05 12:22:21,CLAS170,0102,Katherine Wasdin,21,21,0,2026-10-05 12:25:46,2026-10-05 12:25:46.498
2026-10-05 12:22:21,CLAS170,0103,Katherine Wasdin,21,21,0,2026-10-05 12:25:46,2026-10-05 12:25:46.498
2026-10-05 12:22:21,CLAS170,0104,Katherine Wasdin,21,21,0,2026-10-05 12:25:46,2026-10-05 12:25:46.499
2026-10-05 12:22:21,CLAS170,0105,Katherine Wasdin,21,21,0,2026-10-05 12:25:46,2026-10-05 12:25:46.499
2026-10-05 12:22:21,CLAS170,0106,Katherine Wasdin,21,21,0,2026-10-05 12:25:46,2026-10-05 12:25:46.499
2026-10-05 12:22:21,CLAS170,0107,Katherine Wasdin,21,21,0,2026-10-05 12:25:46,2026-10-05 12:25:46.499
2026-10-05 12:22:21,CLAS170,0108,Katherine Wasdin,21,21,0,2026-10-05 12:25:46,2026-10-05 12:25:46.499
2026-10-05 12:22:21,CLAS170,0109,Katherine Wasdin,21,21,0,2026-10-05 12:25:46,2026-10-05 12:25:46.500
2026-10-05 12:22:21,CLAS276,0101,Eric Adler,25,25,0,2026-10-05 12:25:46,2026-10-05 12:25:46.684
2026-10-05 12:22:21,CLAS276,0102,Eric Adler,25,25,0,2026-10-05 12:25:46,2026-10-05 12:25:46.684
2026-10-05 12:22:21,CLAS276,0103,Eric Adler,25,25,0,2026-10-05 12:25:46,2026-10-05 12:25:46.685
2026-10-05 12:22:21,CLAS276,0104,Eric Adler,25,25,0,2026-10-05 12:25:46,2026-10-05 12:25:46.685
2026-10-05 12:22:21,CLAS276,0105,Eric Adler,25,25,0,2026-10-05 12:25:46,2026-10-05 12:25:46.685
2026-10-05 12:22:21,CLAS276,0106,Eric Adler,25,25,0,2026-10-05 12:25:46,2026-10-05 12:25:46.685
2026-10-05 12:22:21,CLAS333,0101,Nathan Levine,35,35,0,2026-10-05 12:25:46,2026-10-05 12:25:46.851
2026-10-05 12:22:21,CLAS340,0101,Katherine Wasdin,35,35,0,2026-10-05 12:25:47,2026-10-05 12:25:47.019
2026-10-05 12:22:21,CMLT235,0101,Instructor: TBA,30,30,0,2026-10-05 12:25:48,2026-10-05 12:25:48.482
2026-10-05 12:22:21,CMLT270,0201,Instructor: TBA,30,30,0,2026-10-05 12:25:48,2026-10-05 12:25:48.670
2026-10-05 12:22:21,CMLT270,0301,Instructor: TBA,30,30,0,2026-10-05 12:25:48,2026-10-05 12:25:48.670
2026-10-05 12:22:21,CMLT275,0101,Instructor: TBA,30,30,0,2026-10-05 12:25:48,2026-10-05 12:25:48.836
2026-10-05 12:22:21,CMLT277,0101,Instructor: TBA,30,30,0,2026-10-05 12:25:49,2026-10-05 12:25:49.006
2026-10-05 12:22:21,CMLT280,0101,Eric Zakim,25,25,0,2026-10-05 12:25:49,2026-10-05 12:25:49.185
2026-10-05 12:22:21,CMLT280,0102,Eric Zakim,25,25,0,2026-10-05 12:25:49,2026-10-05 12:25:49.185
2026-10-05 12:22:21,CMLT280,0103,Eric Zakim,25,25,0,2026-10-05 12:25:49,2026-10-05 12:25:49.185
2026-10-05 12:22:21,CMLT280,0104,Eric Zakim,25,25,0,2026-10-05 12:25:49,2026-10-05 12:25:49.185
2026-10-05 12:22:21,CPBE101,0101,Oliver Schlake,75,75,0,2026-10-05 12:26:03,2026-10-05 12:26:03.282
2026-10-05 12:22:21,CPBE230,0101,Obioma Akaigwe,30,30,0,2026-10-05 12:26:03,2026-10-05 12:26:03.522
2026-10-05 12:22:21,CPBE240,0101,Obioma Akaigwe,20,20,0,2026-10-05 12:26:03,2026-10-05 12:26:03.694
2026-10-05 12:22:21,CPBE250,0101,Obioma Akaigwe,30,30,0,2026-10-05 12:26:03,2026-10-05 12:26:03.889
2026-10-05 12:22:21,CPCV101,0101,Julie Randolph,40,40,0,2026-10-05 12:26:05,2026-10-05 12:26:05.269
2026-10-05 12:22:21,CPCV101,0201,Julie Randolph,40,40,0,2026-10-05 12:26:05,2026-10-05 12:26:05.269
2026-10-05 12:22:21,CPCV230,0101,Korey Rothman,20,20,0,2026-10-05 12:26:05,2026-10-05 12:26:05.445
2026-10-05 12:22:21,CPCV230,0201,Korey Rothman,20,20,0,2026-10-05 12:26:05,2026-10-05 12:26:05.445
2026-10-05 12:22:21,CPDJ101,0101,Jess Feltner,75,75,0,2026-10-05 12:26:06,2026-10-05 12:26:06.724
2026-10-05 12:22:21,CPDJ230,0101,Andrew Fellows,10,10,0,2026-10-05 12:26:06,2026-10-05 12:26:06.897
2026-10-05 12:22:21,CPDJ240,0101,Andrew Fellows,8,8,0,2026-10-05 12:26:07,2026-10-05 12:26:07.073
2026-10-05 12:22:21,CPDJ250,0101,Andrew Fellows,10,10,0,2026-10-05 12:26:07,2026-10-05 12:26:07.244
2026-10-05 12:22:21,CPET101,0101,Dani Moore,78,78,0,2026-10-05 12:26:08,2026-10-05 12:26:08.513
2026-10-05 12:22:21,CPET230,0101,Tim Knight,50,50,0,2026-10-05 12:26:08,2026-10-05 12:26:08.682
2026-10-05 12:22:21,CPET240,0101,Tim Knight,20,20,0,2026-10-05 12:26:08,2026-10-05 12:26:08.851
2026-10-05 12:22:21,CPET250,0101,Tim Knight,15,15,0,2026-10-05 12:26:09,2026-10-05 12:26:09.018
2026-10-05 12:22:21,CPGH101,0101,Angshuman Kashyap,75,75,0,2026-10-05 12:26:10,2026-10-05 12:26:10.305
2026-10-05 12:22:21,CPGH210,0101,Haley Clark,80,80,0,2026-10-05 12:26:10,2026-10-05 12:26:10.473
2026-10-05 12:22:21,CPGH230,0101,John Wiggins,30,30,0,2026-10-05 12:26:10,2026-10-05 12:26:10.640
2026-10-05 12:22:21,CPGH240,0101,John Wiggins,30,30,0,2026-10-05 12:26:10,2026-10-05 12:26:10.806
2026-10-05 12:22:21,CPGH250,0101,John Wiggins,25,25,0,2026-10-05 12:26:10,2026-10-05 12:26:10.972
2026-10-05 12:22:21,CPGH270,0101,Elisabeth Maring,5,5,0,2026-10-05 12:26:11,2026-10-05 12:26:11.148
2026-10-05 12:22:21,CPJT101,0101,Justine DeCamillis,75,75,0,2026-10-05 12:26:12,2026-10-05 12:26:12.417
2026-10-05 12:22:21,CPJT230,0101,Justine DeCamillis,35,35,0,2026-10-05 12:26:12,2026-10-05 12:26:12.590
2026-10-05 12:22:21,CPJT240,0101,Justine DeCamillis,25,25,0,2026-10-05 12:26:12,2026-10-05 12:26:12.761
2026-10-05 12:22:21,CPJT250,0101,Victoria Worley,25,25,0,2026-10-05 12:26:12,2026-10-05 12:26:12.926
2026-10-05 12:22:21,CPMS101,0101,Alison Burns,75,75,0,2026-10-05 12:26:14,2026-10-05 12:26:14.198
2026-10-05 12:22:21,CPMS230,0101,Alison Burns,30,30,0,2026-10-05 12:26:14,2026-10-05 12:26:14.367
2026-10-05 12:22:21,CPMS240,0101,Alison Burns,15,15,0,2026-10-05 12:26:14,2026-10-05 12:26:14.537
2026-10-05 12:22:21,CPPL101,0101,Kelly Brower,75,75,0,2026-10-05 12:26:15,2026-10-05 12:26:15.799
2026-10-05 12:22:21,CPSA101,0101,Heather-Erin Bremenstuhl,75,75,0,2026-10-05 12:26:17,2026-10-05 12:26:17.081
2026-10-05 12:22:21,CPSA149,0101,Harold Burgess,20,20,0,2026-10-05 12:26:17,2026-10-05 12:26:17.247
2026-10-05 12:22:21,CPSA201,0101,Heather-Erin Bremenstuhl,75,75,0,2026-10-05 12:26:17,2026-10-05 12:26:17.415
2026-10-05 12:22:21,CPSA240,0101,Harold Burgess,15,15,0,2026-10-05 12:26:17,2026-10-05 12:26:17.584
2026-10-05 12:22:21,CPSA250,0101,Heather-Erin Bremenstuhl,10,10,0,2026-10-05 12:26:17,2026-10-05 12:26:17.754
2026-10-05 12:22:21,CPSA250,0201,Heather-Erin Bremenstuhl,10,10,0,2026-10-05 12:26:17,2026-10-05 12:26:17.754
2026-10-05 12:22:21,CPSA250,0301,Heather-Erin Bremenstuhl,10,10,0,2026-10-05 12:26:17,2026-10-05 12:26:17.755
2026-10-05 12:22:21,CPSA260,0101,Harold Burgess,10,10,0,2026-10-05 12:26:17,2026-10-05 12:26:17.930
2026-10-05 12:22:21,CPSA260,0201,Harold Burgess,10,10,0,2026-10-05 12:26:17,2026-10-05 12:26:17.931
2026-10-05 12:22:21,CPSA260,0301,Heather-Erin Bremenstuhl,10,10,0,2026-10-05 12:26:17,2026-10-05 12:26:17.931
2026-10-05 12:22:21,CPSF101,0101,Erin Thomson,75,75,0,2026-10-05 12:26:19,2026-10-05 12:26:19.184
2026-10-05 12:22:21,CPSG101,0101,Thomas Holtz,75,75,0,2026-10-05 12:26:20,2026-10-05 12:26:20.449
2026-10-05 12:22:21,CPSG230,0101,John Merck,50,50,0,2026-10-05 12:26:20,2026-10-05 12:26:20.617
2026-10-05 12:22:21,CPSG240,0101,John Merck,25,25,0,2026-10-05 12:26:20,2026-10-05 12:26:20.791
2026-10-05 12:22:21,CPSG250,0101,John Merck,25,25,0,2026-10-05 12:26:20,2026-10-05 12:26:20.970
2026-10-05 12:22:21,CPSN101,0101,Hansol Kwak,75,75,0,2026-10-05 12:26:22,2026-10-05 12:26:22.248
2026-10-05 12:22:21,CPSN230,0101,Ellin Chung,40,40,0,2026-10-05 12:26:22,2026-10-05 12:26:22.415
2026-10-05 12:22:21,CPSN240,0101,Ellin Chung,15,15,0,2026-10-05 12:26:22,2026-10-05 12:26:22.584
2026-10-05 12:22:21,CPSN250,0101,Hansol Kwak,25,25,0,2026-10-05 12:26:22,2026-10-05 12:26:22.750
2026-10-05 12:22:21,CPSP110,0101,Instructor: TBA,18,18,0,2026-10-05 12:26:24,2026-10-05 12:26:24.061
2026-10-05 12:22:21,CPSP110,0201,Instructor: TBA,18,18,0,2026-10-05 12:26:24,2026-10-05 12:26:24.062
2026-10-05 12:22:21,CPSP110,0301,Instructor: TBA,18,18,0,2026-10-05 12:26:24,2026-10-05 12:26:24.062
2026-10-05 12:22:21,CPSP210,0101,Christine Alexander,20,20,0,2026-10-05 12:26:24,2026-10-05 12:26:24.225
2026-10-05 12:22:21,CPSP239A,0101,Heather-Erin Bremenstuhl,10,10,0,2026-10-05 12:26:24,2026-10-05 12:26:24.396
2026-10-05 12:22:21,CPSP259J,0101,Alison Burns,10,10,0,2026-10-05 12:26:24,2026-10-05 12:26:24.567
2026-10-05 12:22:21,CPSP279N,0101,Stacy Kosko,10,10,0,2026-10-05 12:26:24,2026-10-05 12:26:24.736
2026-10-05 12:22:21,CPSP339P,0101,Kelly Brower,15,15,0,2026-10-05 12:26:24,2026-10-05 12:26:24.903
2026-10-05 12:22:21,CPSP359G,0101,John Merck,25,25,0,2026-10-05 12:26:25,2026-10-05 12:26:25.078
2026-10-05 12:22:21,CPSP359S,0101,David Eubanks,24,24,0,2026-10-05 12:26:25,2026-10-05 12:26:25.242
2026-10-05 12:22:21,CPSP369E,0101,Tim Knight,7,7,0,2026-10-05 12:26:25,2026-10-05 12:26:25.411
2026-10-05 12:22:21,CPSP369E,0102,Tim Knight,5,5,0,2026-10-05 12:26:25,2026-10-05 12:26:25.411
2026-10-05 12:22:21,CPSS101,0101,Christine Alexander,75,75,0,2026-10-05 12:26:26,2026-10-05 12:26:26.694
2026-10-05 12:22:21,CPSS225,0101,Roan Parrish,20,20,0,2026-10-05 12:26:26,2026-10-05 12:26:26.861
2026-10-05 12:22:21,CPSS225,0201,Thomas Zeller,20,20,0,2026-10-05 12:26:26,2026-10-05 12:26:26.861
2026-10-05 12:22:21,CPSS240,0101,Timothy Reedy,25,25,0,2026-10-05 12:26:27,2026-10-05 12:26:27.027
2026-10-05 12:22:21,CPSS340,0101,Nicole Mogul,20,20,0,2026-10-05 12:26:27,2026-10-05 12:26:27.194
2026-10-05 12:22:21,DATA100,0111,Matthew Griffin,27,27,0,2026-10-05 12:26:35,2026-10-05 12:26:35.214
2026-10-05 12:22:21,DATA100,0112,Matthew Griffin,27,27,0,2026-10-05 12:26:35,2026-10-05 12:26:35.214
2026-10-05 12:22:21,DATA100,0121,Matthew Griffin,27,27,0,2026-10-05 12:26:35,2026-10-05 12:26:35.214
2026-10-05 12:22:21,DATA100,0122,Matthew Griffin,27,27,0,2026-10-05 12:26:35,2026-10-05 12:26:35.214
2026-10-05 12:22:21,DATA100,0123,Matthew Griffin,27,27,0,2026-10-05 12:26:35,2026-10-05 12:26:35.214
2026-10-05 12:22:21,DATA100,0131,Matthew Griffin,27,27,0,2026-10-05 12:26:35,2026-10-05 12:26:35.215
2026-10-05 12:22:21,DATA100,0211,Matthew Griffin,27,27,0,2026-10-05 12:26:35,2026-10-05 12:26:35.215
2026-10-05 12:22:21,DATA100,0212,Matthew Griffin,27,27,0,2026-10-05 12:26:35,2026-10-05 12:26:35.215
2026-10-05 12:22:21,DATA100,0221,Matthew Griffin,27,27,0,2026-10-05 12:26:35,2026-10-05 12:26:35.215
2026-10-05 12:22:21,DATA100,0222,Matthew Griffin,27,27,0,2026-10-05 12:26:35,2026-10-05 12:26:35.215
2026-10-05 12:22:21,DATA100,0223,Matthew Griffin,27,27,0,2026-10-05 12:26:35,2026-10-05 12:26:35.215
2026-10-05 12:22:21,DATA100,0224,Matthew Griffin,27,27,0,2026-10-05 12:26:35,2026-10-05 12:26:35.216
2026-10-05 12:22:21,DATA100,0231,Matthew Griffin,27,27,0,2026-10-05 12:26:35,2026-10-05 12:26:35.216
2026-10-05 12:22:21,DATA100,0241,Matthew Griffin,27,27,0,2026-10-05 12:26:35,2026-10-05 12:26:35.216
2026-10-05 12:22:21,DATA100,0242,Matthew Griffin,27,27,0,2026-10-05 12:26:35,2026-10-05 12:26:35.216
2026-10-05 12:22:21,DATA100,0311,Jonathan Fernandes,25,25,0,2026-10-05 12:26:35,2026-10-05 12:26:35.216
2026-10-05 12:22:21,DATA100,0312,Jonathan Fernandes,25,25,0,2026-10-05 12:26:35,2026-10-05 12:26:35.217
2026-10-05 12:22:21,DATA100,0321,Jonathan Fernandes,25,25,0,2026-10-05 12:26:35,2026-10-05 12:26:35.217
2026-10-05 12:22:21,DATA100,0322,Jonathan Fernandes,25,25,0,2026-10-05 12:26:35,2026-10-05 12:26:35.217
2026-10-05 12:22:21,DATA100,0323,Jonathan Fernandes,25,25,0,2026-10-05 12:26:35,2026-10-05 12:26:35.217
2026-10-05 12:22:21,DATA110,0101,Susan Mazzullo,310,310,0,2026-10-05 12:26:35,2026-10-05 12:26:35.386
2026-10-05 12:22:21,DATA120,0101,Fardina Alam,200,200,0,2026-10-05 12:26:35,2026-10-05 12:26:35.564
2026-10-05 12:22:21,DATA200,0101,Fardina Alam,90,90,0,2026-10-05 12:26:35,2026-10-05 12:26:35.738
2026-10-05 12:22:21,DATA250,0101,Todd Rowland,30,30,0,2026-10-05 12:26:35,2026-10-05 12:26:35.906
2026-10-05 12:22:21,DATA320,0101,Maksym Morawski,20,20,0,2026-10-05 12:26:36,2026-10-05 12:26:36.080
2026-10-05 12:22:21,DATA320,0201,Fardina Alam,20,20,0,2026-10-05 12:26:36,2026-10-05 12:26:36.080
2026-10-05 12:22:21,DATA320,0301,Anna Evtushenko,12,12,0,2026-10-05 12:26:36,2026-10-05 12:26:36.080
2026-10-05 12:22:21,DATA350,0101,Todd Rowland,30,30,0,2026-10-05 12:26:36,2026-10-05 12:26:36.255
2026-10-05 12:22:21,DATA350,0201,Raluca Rosca,30,30,0,2026-10-05 12:26:36,2026-10-05 12:26:36.256
2026-10-05 12:22:21,DATA400,0111,Archana Khurana,27,27,0,2026-10-05 12:26:36,2026-10-05 12:26:36.445
2026-10-05 12:22:21,DATA400,0121,Archana Khurana,27,27,0,2026-10-05 12:26:36,2026-10-05 12:26:36.446
2026-10-05 12:22:21,DATA400,0131,Archana Khurana,27,27,0,2026-10-05 12:26:36,2026-10-05 12:26:36.446
2026-10-05 12:22:21,DATA400,0211,Salman Safdar,27,27,0,2026-10-05 12:26:36,2026-10-05 12:26:36.446
2026-10-05 12:22:21,DATA400,0311,Shixin Zheng,27,27,0,2026-10-05 12:26:36,2026-10-05 12:26:36.446
2026-10-05 12:22:21,DATA400,0321,Shixin Zheng,27,27,0,2026-10-05 12:26:36,2026-10-05 12:26:36.446
2026-10-05 12:22:21,DATA400,0331,Shixin Zheng,27,27,0,2026-10-05 12:26:36,2026-10-05 12:26:36.446
2026-10-05 12:22:21,DATA400,0411,Mestiyage Gunatilleka,27,27,0,2026-10-05 12:26:36,2026-10-05 12:26:36.447
2026-10-05 12:22:21,DATA400,0421,Mestiyage Gunatilleka,27,27,0,2026-10-05 12:26:36,2026-10-05 12:26:36.447
2026-10-05 12:22:21,DATA400,0431,Mestiyage Gunatilleka,27,27,0,2026-10-05 12:26:36,2026-10-05 12:26:36.447
2026-10-05 12:22:21,EALL361,0101,Jyana Browne,20,20,0,2026-10-05 12:26:37,2026-10-05 12:26:37.734
2026-10-05 12:22:21,EDDI300,0101,Nicole Mehta,20,20,0,2026-10-05 12:26:46,2026-10-05 12:26:46.164
2026-10-05 12:22:21,EMBA788G,GX01,Judy Frels,31,31,0,2026-10-05 12:27:03,2026-10-05 12:27:03.537
2026-10-05 12:22:21,EMBA788V,GX01,Zhi-Long Chen,31,31,0,2026-10-05 12:27:03,2026-10-05 12:27:03.712
2026-10-05 12:22:21,ENAI603,0101,A Seyed,35,35,0,2026-10-05 12:27:11,2026-10-05 12:27:11.173
2026-10-05 12:22:21,ENAI603,AEC1,A Seyed,20,20,0,2026-10-05 12:27:11,2026-10-05 12:27:11.173
2026-10-05 12:22:21,ENBC312,ESG1,Kyunghun Lee,20,20,0,2026-10-05 12:27:12,2026-10-05 12:27:12.476
2026-10-05 12:22:21,ENBC321,ESG1,Jamasp Azarnoosh,20,20,0,2026-10-05 12:27:12,2026-10-05 12:27:12.649
2026-10-05 12:22:21,ENBC342,ESG1,Lan Ma,20,20,0,2026-10-05 12:27:12,2026-10-05 12:27:12.817
2026-10-05 12:22:21,ENBC351,ESG1,Jarred Callura,20,20,0,2026-10-05 12:27:12,2026-10-05 12:27:12.985
2026-10-05 12:22:21,ENBC352,ESG1,Jarred Callura,20,20,0,2026-10-05 12:27:13,2026-10-05 12:27:13.149
2026-10-05 12:22:21,ENBC403,ESG1,Jamasp Azarnoosh,20,20,0,2026-10-05 12:27:13,2026-10-05 12:27:13.324
2026-10-05 12:22:21,ENBC441,ESG1,Lan Ma,20,20,0,2026-10-05 12:27:13,2026-10-05 12:27:13.501
2026-10-05 12:22:21,ENBC455,ESG1,Jarred Callura,20,20,0,2026-10-05 12:27:13,2026-10-05 12:27:13.672
2026-10-05 12:22:21,ENBC491,ESG1,Lan Ma,20,20,0,2026-10-05 12:27:13,2026-10-05 12:27:13.882
2026-10-05 12:22:21,ENCO099,0101,Lizzy Solovey,200,200,0,2026-10-05 12:27:19,2026-10-05 12:27:19.761
2026-10-05 12:22:21,ENEB304,ESG1,Nestor Michael Tiglao,20,20,0,2026-10-05 12:27:21,2026-10-05 12:27:21.060
2026-10-05 12:22:21,ENEB345,ESG1,Nestor Michael Tiglao,20,20,0,2026-10-05 12:27:21,2026-10-05 12:27:21.230
2026-10-05 12:22:21,ENEB352,ESG1,Mohamed Hany,20,20,0,2026-10-05 12:27:21,2026-10-05 12:27:21.402
2026-10-05 12:22:21,ENEB353,ESG1,Manoj Franklin,20,20,0,2026-10-05 12:27:21,2026-10-05 12:27:21.656
2026-10-05 12:22:21,ENEB355,ESG1,Nestor Michael Tiglao,20,20,0,2026-10-05 12:27:21,2026-10-05 12:27:21.826
2026-10-05 12:22:21,ENEB408B,ESG1,Jerry Wu,20,20,0,2026-10-05 12:27:21,2026-10-05 12:27:21.998
2026-10-05 12:22:21,ENEB443,ESG1,George Zaki,20,20,0,2026-10-05 12:27:22,2026-10-05 12:27:22.164
2026-10-05 12:22:21,ENEB453,ESG1,Nestor Michael Tiglao,20,20,0,2026-10-05 12:27:22,2026-10-05 12:27:22.335
2026-10-05 12:22:21,ENEB455,ESG1,Jerry Wu,20,20,0,2026-10-05 12:27:22,2026-10-05 12:27:22.502
2026-10-05 12:22:21,ENEB456,ESG1,Nestor Michael Tiglao,20,20,0,2026-10-05 12:27:22,2026-10-05 12:27:22.672
2026-10-05 12:22:21,ENED037,0101,Hillary Owusu,20,20,0,2026-10-05 12:27:23,2026-10-05 12:27:23.968
2026-10-05 12:22:21,ENED290H,0101,Christopher Troilo,45,45,0,2026-10-05 12:27:24,2026-10-05 12:27:24.133
2026-10-05 12:22:21,ENED390H,0101,Instructor: TBA,45,45,0,2026-10-05 12:27:24,2026-10-05 12:27:24.342
2026-10-05 12:22:21,ENED394H,0101,Maria Bardossy,40,40,0,2026-10-05 12:27:24,2026-10-05 12:27:24.594
2026-10-05 12:22:21,ENED397,0101,Emily Marks,9,9,0,2026-10-05 12:27:24,2026-10-05 12:27:24.820
2026-10-05 12:22:21,ENED490H,0101,David Ashley,45,45,0,2026-10-05 12:27:25,2026-10-05 12:27:25.047
2026-10-05 12:22:21,ENED491,0101,Jessica Roffe,10,10,0,2026-10-05 12:27:25,2026-10-05 12:27:25.270
2026-10-05 12:22:21,ENMT313,ESG1,Nicholas Limparis,3,3,0,2026-10-05 12:28:12,2026-10-05 12:28:12.616
2026-10-05 12:22:21,ENMT332,ESG1,Norman Wereley,4,4,0,2026-10-05 12:28:12,2026-10-05 12:28:12.782
2026-10-05 12:22:21,ENMT362,ESG1,Young Choi,3,3,0,2026-10-05 12:28:12,2026-10-05 12:28:12.951
2026-10-05 12:22:21,ENMT372,ESG1,Gurtajbir Herr,3,3,0,2026-10-05 12:28:13,2026-10-05 12:28:13.125
2026-10-05 12:22:21,ENMT477,ESG1,Gurtajbir Herr,7,7,0,2026-10-05 12:28:13,2026-10-05 12:28:13.292
2026-10-05 12:22:21,ENMT488C,ESG1,Colleen Murray,7,7,0,2026-10-05 12:28:13,2026-10-05 12:28:13.459
2026-10-05 12:22:21,ENMT488P,ESG1,Colleen Murray,7,7,0,2026-10-05 12:28:13,2026-10-05 12:28:13.633
2026-10-05 12:22:21,ENMT488Z,ESG1,Nicholas Limparis,7,7,0,2026-10-05 12:28:13,2026-10-05 12:28:13.804
2026-10-05 12:22:21,ENSP102,0101,Joanna Goger,22,22,0,2026-10-05 12:28:23,2026-10-05 12:28:23.343
2026-10-05 12:22:21,ENSP102,0102,Joanna Goger,22,22,0,2026-10-05 12:28:23,2026-10-05 12:28:23.344
2026-10-05 12:22:21,ENSP102,0103,Joanna Goger,23,23,0,2026-10-05 12:28:23,2026-10-05 12:28:23.344
2026-10-05 12:22:21,ENSP102,0104,Joanna Goger,22,22,0,2026-10-05 12:28:23,2026-10-05 12:28:23.344
2026-10-05 12:22:21,ENSP102,0105,Joanna Goger,22,22,0,2026-10-05 12:28:23,2026-10-05 12:28:23.344
2026-10-05 12:22:21,ENSP102,0106,Joanna Goger,22,22,0,2026-10-05 12:28:23,2026-10-05 12:28:23.344
2026-10-05 12:22:21,ENSP102,0107,Joanna Goger,22,22,0,2026-10-05 12:28:23,2026-10-05 12:28:23.345
2026-10-05 12:22:21,ENSP306,0101,Caroline Boules,30,30,0,2026-10-05 12:28:23,2026-10-05 12:28:23.519
2026-10-05 12:22:21,ENSP330,0101,Joanna Goger,35,35,0,2026-10-05 12:28:23,2026-10-05 12:28:23.731
2026-10-05 12:22:21,ENSP342,0101,Annette Spivy,35,35,0,2026-10-05 12:28:23,2026-10-05 12:28:23.908
2026-10-05 12:22:21,ENSP370,0101,Arielle Wharton,30,30,0,2026-10-05 12:28:24,2026-10-05 12:28:24.085
2026-10-05 12:22:21,ENSP399R,0101,Melissa Kenney,15,15,0,2026-10-05 12:28:24,2026-10-05 12:28:24.581
2026-10-05 12:22:21,ENSP399R,0301,Instructor: TBA,15,15,0,2026-10-05 12:28:24,2026-10-05 12:28:24.581
2026-10-05 12:22:21,ENSP399R,0601,Annette Spivy,10,10,0,2026-10-05 12:28:24,2026-10-05 12:28:24.581
2026-10-05 12:22:21,ENSP399R,1001,Jennifer Mullinax,10,10,0,2026-10-05 12:28:24,2026-10-05 12:28:24.581
2026-10-05 12:22:21,ENSP400,0101,Caroline Boules,30,30,0,2026-10-05 12:28:24,2026-10-05 12:28:24.759
2026-10-05 12:22:21,ENSP400,0102,Annette Spivy,30,30,0,2026-10-05 12:28:24,2026-10-05 12:28:24.759
2026-10-05 12:22:21,ENSP400,0104,Colleen O'Donnell,20,20,0,2026-10-05 12:28:24,2026-10-05 12:28:24.759
2026-10-05 12:22:21,FGSM398,0101,Jayakumar Arasan,120,120,0,2026-10-05 12:28:41,2026-10-05 12:28:41.312
2026-10-05 12:22:21,FGSM398,0201,Jayakumar Arasan,120,120,0,2026-10-05 12:28:41,2026-10-05 12:28:41.312
2026-10-05 12:22:21,GEMS102,0101,David Lovell,180,180,0,2026-10-05 12:28:57,2026-10-05 12:28:57.340
2026-10-05 12:22:21,GEMS208D,0101,Allison Lansverk,1,1,0,2026-10-05 12:28:57,2026-10-05 12:28:57.506
2026-10-05 12:22:21,GEMS208E,0101,Allison Lansverk,18,18,0,2026-10-05 12:28:57,2026-10-05 12:28:57.680
2026-10-05 12:22:21,GEMS208F,0201,Allison Lansverk,12,12,0,2026-10-05 12:28:57,2026-10-05 12:28:57.850
2026-10-05 12:22:21,GEMS208J,0101,Allison Lansverk,24,24,0,2026-10-05 12:28:58,2026-10-05 12:28:58.017
2026-10-05 12:22:21,GEMS208K,0101,Allison Lansverk,30,30,0,2026-10-05 12:28:58,2026-10-05 12:28:58.183
2026-10-05 12:22:21,GEMS208P,0101,Allison Lansverk,15,15,0,2026-10-05 12:28:58,2026-10-05 12:28:58.350
2026-10-05 12:22:21,GEMS208Q,0201,Allison Lansverk,1,1,0,2026-10-05 12:28:58,2026-10-05 12:28:58.517
2026-10-05 12:22:21,GEMS296,0113,David Lovell,5,5,0,2026-10-05 12:28:58,2026-10-05 12:28:58.682
2026-10-05 12:22:21,GEMS297,0101,Instructor: TBA,14,14,0,2026-10-05 12:28:58,2026-10-05 12:28:58.903
2026-10-05 12:22:21,GEMS297,0102,Instructor: TBA,14,14,0,2026-10-05 12:28:58,2026-10-05 12:28:58.904
2026-10-05 12:22:21,GEMS297,0103,Instructor: TBA,14,14,0,2026-10-05 12:28:58,2026-10-05 12:28:58.904
2026-10-05 12:22:21,GEMS297,0104,Instructor: TBA,14,14,0,2026-10-05 12:28:58,2026-10-05 12:28:58.904
2026-10-05 12:22:21,GEMS297,0105,Instructor: TBA,14,14,0,2026-10-05 12:28:58,2026-10-05 12:28:58.904
2026-10-05 12:22:21,GEMS297,0106,Instructor: TBA,14,14,0,2026-10-05 12:28:58,2026-10-05 12:28:58.904
2026-10-05 12:22:21,GEMS297,0107,Instructor: TBA,14,14,0,2026-10-05 12:28:58,2026-10-05 12:28:58.905
2026-10-05 12:22:21,GEMS297,0108,Instructor: TBA,14,14,0,2026-10-05 12:28:58,2026-10-05 12:28:58.905
2026-10-05 12:22:21,GEMS297,0109,Instructor: TBA,14,14,0,2026-10-05 12:28:58,2026-10-05 12:28:58.905
2026-10-05 12:22:21,GEMS297,0110,Instructor: TBA,14,14,0,2026-10-05 12:28:58,2026-10-05 12:28:58.905
2026-10-05 12:22:21,GEMS297,0111,Instructor: TBA,14,14,0,2026-10-05 12:28:58,2026-10-05 12:28:58.905
2026-10-05 12:22:21,GEMS297,0112,Instructor: TBA,14,14,0,2026-10-05 12:28:58,2026-10-05 12:28:58.906
2026-10-05 12:22:21,GEMS297,0113,Instructor: TBA,14,14,0,2026-10-05 12:28:58,2026-10-05 12:28:58.906
2026-10-05 12:22:21,GEMS297,0114,Instructor: TBA,14,14,0,2026-10-05 12:28:58,2026-10-05 12:28:58.906
2026-10-05 12:22:21,GEMS297,0115,Instructor: TBA,5,5,0,2026-10-05 12:28:58,2026-10-05 12:28:58.906
2026-10-05 12:22:21,GEMS396,0113,David Lovell,5,5,0,2026-10-05 12:28:59,2026-10-05 12:28:59.073
2026-10-05 12:22:21,GEMS397,0101,Michael Humber,14,14,0,2026-10-05 12:28:59,2026-10-05 12:28:59.260
2026-10-05 12:22:21,GEMS397,0102,Seth Dickey,14,14,0,2026-10-05 12:28:59,2026-10-05 12:28:59.260
2026-10-05 12:22:21,GEMS397,0103,Cecilia Huertas Cerdeira,14,14,0,2026-10-05 12:28:59,2026-10-05 12:28:59.260
2026-10-05 12:22:21,GEMS397,0104,Rodolphe Gentili,14,14,0,2026-10-05 12:28:59,2026-10-05 12:28:59.260
2026-10-05 12:22:21,GEMS397,0105,Allison Reilly,14,14,0,2026-10-05 12:28:59,2026-10-05 12:28:59.261
2026-10-05 12:22:21,GEMS397,0106,Peter Sunderland,14,14,0,2026-10-05 12:28:59,2026-10-05 12:28:59.261
2026-10-05 12:22:21,GEMS397,0107,Brett Lacey,14,14,0,2026-10-05 12:28:59,2026-10-05 12:28:59.261
2026-10-05 12:22:21,GEMS397,0108,Natalia Buzulukova,14,14,0,2026-10-05 12:28:59,2026-10-05 12:28:59.261
2026-10-05 12:22:21,GEMS397,0109,Anil Deane,14,14,0,2026-10-05 12:28:59,2026-10-05 12:28:59.261
2026-10-05 12:22:21,GEMS397,0110,Colenso Speer,14,14,0,2026-10-05 12:28:59,2026-10-05 12:28:59.261
2026-10-05 12:22:21,GEMS397,0111,Alisa Clyne,14,14,0,2026-10-05 12:28:59,2026-10-05 12:28:59.262
2026-10-05 12:22:21,GEMS397,0112,Xin Zan,14,14,0,2026-10-05 12:28:59,2026-10-05 12:28:59.262
2026-10-05 12:22:21,GEMS397,0113,Instructor: TBA,14,14,0,2026-10-05 12:28:59,2026-10-05 12:28:59.262
2026-10-05 12:22:21,GEMS397,0114,David Lovell,5,5,0,2026-10-05 12:28:59,2026-10-05 12:28:59.262
2026-10-05 12:22:21,GEMS397,0115,David Lovell,5,5,0,2026-10-05 12:28:59,2026-10-05 12:28:59.262
2026-10-05 12:22:21,GEMS496,0113,David Lovell,5,5,0,2026-10-05 12:28:59,2026-10-05 12:28:59.430
2026-10-05 12:22:21,GEMS497,0101,Eric Haag,14,14,0,2026-10-05 12:28:59,2026-10-05 12:28:59.616
2026-10-05 12:22:21,GEMS497,0102,Mohammad Nayeem Teli,14,14,0,2026-10-05 12:28:59,2026-10-05 12:28:59.617
2026-10-05 12:22:21,GEMS497,0103,Norberto Gonzalez- Juarbe,14,14,0,2026-10-05 12:28:59,2026-10-05 12:28:59.617
2026-10-05 12:22:21,GEMS497,0104,Abhinav Shrivastava,14,14,0,2026-10-05 12:28:59,2026-10-05 12:28:59.617
2026-10-05 12:22:21,GEMS497,0105,Hector Alcala,14,14,0,2026-10-05 12:28:59,2026-10-05 12:28:59.617
2026-10-05 12:22:21,GEMS497,0106,Massimo Ricotti,14,14,0,2026-10-05 12:28:59,2026-10-05 12:28:59.617
2026-10-05 12:22:21,GEMS497,0107,Reza Ghodssi,14,14,0,2026-10-05 12:28:59,2026-10-05 12:28:59.618
2026-10-05 12:22:21,GEMS497,0108,Nikhil Chopra,14,14,0,2026-10-05 12:28:59,2026-10-05 12:28:59.618
2026-10-05 12:22:21,GEMS497,0109,Kimberly Stroka,14,14,0,2026-10-05 12:28:59,2026-10-05 12:28:59.618
2026-10-05 12:22:21,GEMS497,0110,Gorjan Alagic,14,14,0,2026-10-05 12:28:59,2026-10-05 12:28:59.618
2026-10-05 12:22:21,GEMS497,0111,Alisa Clyne,14,14,0,2026-10-05 12:28:59,2026-10-05 12:28:59.618
2026-10-05 12:22:21,GEMS497,0112,Xin Zan,14,14,0,2026-10-05 12:28:59,2026-10-05 12:28:59.619
2026-10-05 12:22:21,GEMS497,0113,David Lovell,14,14,0,2026-10-05 12:28:59,2026-10-05 12:28:59.619
2026-10-05 12:22:21,GEMS497,0114,David Lovell,14,14,0,2026-10-05 12:28:59,2026-10-05 12:28:59.619
2026-10-05 12:22:21,GFPL100,0101,Alec Worsnop,21,21,0,2026-10-05 12:29:15,2026-10-05 12:29:15.557
2026-10-05 12:22:21,GFPL100,0102,Alec Worsnop,21,21,0,2026-10-05 12:29:15,2026-10-05 12:29:15.557
2026-10-05 12:22:21,GFPL100,0103,Alec Worsnop,21,21,0,2026-10-05 12:29:15,2026-10-05 12:29:15.557
2026-10-05 12:22:21,GFPL100,0104,Alec Worsnop,21,21,0,2026-10-05 12:29:15,2026-10-05 12:29:15.558
2026-10-05 12:22:21,GFPL100,0105,Alec Worsnop,21,21,0,2026-10-05 12:29:15,2026-10-05 12:29:15.558
2026-10-05 12:22:21,GFPL100,0106,Alec Worsnop,20,20,0,2026-10-05 12:29:15,2026-10-05 12:29:15.558
2026-10-05 12:22:21,GFPL102,0101,Caroline Ritter,95,95,0,2026-10-05 12:29:15,2026-10-05 12:29:15.728
2026-10-05 12:22:21,GFPL372,0101,Devin Entrikin,40,40,0,2026-10-05 12:29:15,2026-10-05 12:29:15.891
2026-10-05 12:22:21,GLBC200,0101,Parker Brookie,30,30,0,2026-10-05 12:29:17,2026-10-05 12:29:17.154
2026-10-05 12:22:21,GLBC360,0101,Hester Baer,30,30,0,2026-10-05 12:29:17,2026-10-05 12:29:17.322
2026-10-05 12:22:21,HACS101,0101,Michel Cukier,35,35,0,2026-10-05 12:29:32,2026-10-05 12:29:32.921
2026-10-05 12:22:21,HACS101,0201,Michel Cukier,35,35,0,2026-10-05 12:29:32,2026-10-05 12:29:32.922
2026-10-05 12:22:21,HACS201,0101,Bertrand Sobesto,26,26,0,2026-10-05 12:29:33,2026-10-05 12:29:33.095
2026-10-05 12:22:21,HACS208A,0101,Lawrence Gordon,20,20,0,2026-10-05 12:29:33,2026-10-05 12:29:33.261
2026-10-05 12:22:21,HACS208E,0101,Ian Serbin,26,26,0,2026-10-05 12:29:33,2026-10-05 12:29:33.428
2026-10-05 12:22:21,HACS208Z,0101,Zulema Belyeu,30,30,0,2026-10-05 12:29:33,2026-10-05 12:29:33.596
2026-10-05 12:22:21,HACS297,0101,Sarah Herberger,25,25,0,2026-10-05 12:29:34,2026-10-05 12:29:34.086
2026-10-05 12:22:21,HACS318A,0101,Lindsey Schrott,75,75,0,2026-10-05 12:29:34,2026-10-05 12:29:34.255
2026-10-05 12:22:21,HACS408C,0101,Lamia Zia,26,26,0,2026-10-05 12:29:34,2026-10-05 12:29:34.423
2026-10-05 12:22:21,HACS408P,0101,Firoozeh Rahimian,26,26,0,2026-10-05 12:29:34,2026-10-05 12:29:34.591
2026-10-05 12:22:21,HACS408T,0101,Kevin Bock,30,30,0,2026-10-05 12:29:34,2026-10-05 12:29:34.759
2026-10-05 12:22:21,HACS408V,0101,Edward Condon,30,30,0,2026-10-05 12:29:34,2026-10-05 12:29:34.926
2026-10-05 12:22:21,HACS497,0101,Cassie Harrington,25,25,0,2026-10-05 12:29:35,2026-10-05 12:29:35.264
2026-10-05 12:22:21,HACS498,0101,Thomas Woods,10,10,0,2026-10-05 12:29:35,2026-10-05 12:29:35.434
2026-10-05 12:22:21,HACS498,0201,Neal Ziring,18,18,0,2026-10-05 12:29:35,2026-10-05 12:29:35.435
2026-10-05 12:22:21,HACS498,0301,Michel Cukier,4,4,0,2026-10-05 12:29:35,2026-10-05 12:29:35.435
2026-10-05 12:22:21,HBUS105,0101,Daniel McCarthy,35,35,0,2026-10-05 12:29:36,2026-10-05 12:29:36.697
2026-10-05 12:22:21,HBUS105,0201,Daniel McCarthy,35,35,0,2026-10-05 12:29:36,2026-10-05 12:29:36.697
2026-10-05 12:22:21,HBUS205,0101,Nicole Coomber,30,30,0,2026-10-05 12:29:36,2026-10-05 12:29:36.866
2026-10-05 12:22:21,HBUS205,0201,Nicole Coomber,30,30,0,2026-10-05 12:29:36,2026-10-05 12:29:36.866
2026-10-05 12:22:21,HDCC106,0101,Jeffrey Everett,13,13,0,2026-10-05 12:29:38,2026-10-05 12:29:38.163
2026-10-05 12:22:21,HDCC106,0201,William Evans,13,13,0,2026-10-05 12:29:38,2026-10-05 12:29:38.163
2026-10-05 12:22:21,HDCC106,0301,Grant Bollmer,13,13,0,2026-10-05 12:29:38,2026-10-05 12:29:38.163
2026-10-05 12:22:21,HDCC106,0401,Cliff Bakalian,13,13,0,2026-10-05 12:29:38,2026-10-05 12:29:38.163
2026-10-05 12:22:21,HDCC106,0501,Instructor: TBA,13,13,0,2026-10-05 12:29:38,2026-10-05 12:29:38.163
2026-10-05 12:22:21,HDCC209B,0101,Katherine Macyshyn,16,16,0,2026-10-05 12:29:38,2026-10-05 12:29:38.329
2026-10-05 12:22:21,HDCC209C,0101,Josue Porras-Fernandez,16,16,0,2026-10-05 12:29:38,2026-10-05 12:29:38.500
2026-10-05 12:22:21,HDCC209E,0101,Antwon Key,16,16,0,2026-10-05 12:29:38,2026-10-05 12:29:38.671
2026-10-05 12:22:21,HEBR107,0101,Avital Karpman,15,15,0,2026-10-05 12:29:40,2026-10-05 12:29:40.156
2026-10-05 12:22:21,HEBR107,0201,Avital Karpman,15,15,0,2026-10-05 12:29:40,2026-10-05 12:29:40.157
2026-10-05 12:22:21,HEBR207,0101,Avital Karpman,15,15,0,2026-10-05 12:29:40,2026-10-05 12:29:40.327
2026-10-05 12:22:21,HEBR249A,0101,Aliza Sandalon,15,15,0,2026-10-05 12:29:40,2026-10-05 12:29:40.493
2026-10-05 12:22:21,HEBR314,0101,Aliza Sandalon,20,20,0,2026-10-05 12:29:40,2026-10-05 12:29:40.660
2026-10-05 12:22:21,HEBR488,0101,Bernard Cooperman,10,10,0,2026-10-05 12:29:40,2026-10-05 12:29:40.990
2026-10-05 12:22:21,HEBR488,0102,Aner Tal,10,10,0,2026-10-05 12:29:40,2026-10-05 12:29:40.991
2026-10-05 12:22:21,HGLO298,0101,Daniel Tuke,30,30,0,2026-10-05 12:29:52,2026-10-05 12:29:52.598
2026-10-05 12:22:21,HHUM106,0101,Sarah Humud,17,17,0,2026-10-05 12:29:53,2026-10-05 12:29:53.894
2026-10-05 12:22:21,HHUM106,0102,Sarah Humud,17,17,0,2026-10-05 12:29:53,2026-10-05 12:29:53.894
2026-10-05 12:22:21,HHUM106,0103,Sarah Humud,17,17,0,2026-10-05 12:29:53,2026-10-05 12:29:53.895
2026-10-05 12:22:21,HHUM106,0104,Sarah Humud,17,17,0,2026-10-05 12:29:53,2026-10-05 12:29:53.895
2026-10-05 12:22:21,HHUM206,0101,Sarah Humud,15,15,0,2026-10-05 12:29:54,2026-10-05 12:29:54.069
2026-10-05 12:22:21,HHUM206,0102,Sarah Humud,15,15,0,2026-10-05 12:29:54,2026-10-05 12:29:54.069
2026-10-05 12:22:21,HHUM206,0103,Carla Della Gatta,15,15,0,2026-10-05 12:29:54,2026-10-05 12:29:54.070
2026-10-05 12:22:21,HHUM206,0104,Sarah Humud,15,15,0,2026-10-05 12:29:54,2026-10-05 12:29:54.070
2026-10-05 12:22:21,HHUM328,0101,Sarah Humud,20,20,0,2026-10-05 12:29:54,2026-10-05 12:29:54.237
2026-10-05 12:22:21,HHUM329,0101,Sarah Humud,5,5,0,2026-10-05 12:29:54,2026-10-05 12:29:54.404
2026-10-05 12:22:21,HISP200,0101,Stefan Woehlke,22,22,0,2026-10-05 12:29:55,2026-10-05 12:29:55.750
2026-10-05 12:22:21,HISP200,0102,Stefan Woehlke,22,22,0,2026-10-05 12:29:55,2026-10-05 12:29:55.750
2026-10-05 12:22:21,HISP200,0103,Stefan Woehlke,22,22,0,2026-10-05 12:29:55,2026-10-05 12:29:55.750
2026-10-05 12:22:21,HISP200,0104,Stefan Woehlke,22,22,0,2026-10-05 12:29:55,2026-10-05 12:29:55.750
2026-10-05 12:22:21,HISP200,0105,Stefan Woehlke,22,22,0,2026-10-05 12:29:55,2026-10-05 12:29:55.750
2026-10-05 12:22:21,HISP319E,0101,Michelle Magalong,20,20,0,2026-10-05 12:29:55,2026-10-05 12:29:55.921
2026-10-05 12:22:21,HISP319S,0101,Michelle Magalong,30,30,0,2026-10-05 12:29:56,2026-10-05 12:29:56.095
2026-10-05 12:22:21,HISP619E,0101,Michelle Magalong,24,24,0,2026-10-05 12:29:56,2026-10-05 12:29:56.260
2026-10-05 12:22:21,HISP619O,0101,Stefan Woehlke,5,5,0,2026-10-05 12:29:56,2026-10-05 12:29:56.428
2026-10-05 12:22:21,HISP630,0101,Rhonda Sincavage,15,15,0,2026-10-05 12:29:56,2026-10-05 12:29:56.594
2026-10-05 12:22:21,HISP635,0101,Eola Dance,10,10,0,2026-10-05 12:29:56,2026-10-05 12:29:56.759
2026-10-05 12:22:21,HISP640,0101,Frederick Stachura,15,15,0,2026-10-05 12:29:56,2026-10-05 12:29:56.929
2026-10-05 12:22:21,HISP655,0101,Donald Linebaugh,15,15,0,2026-10-05 12:29:57,2026-10-05 12:29:57.099
2026-10-05 12:22:21,HISP660,0101,Instructor: TBA,15,15,0,2026-10-05 12:29:57,2026-10-05 12:29:57.269
2026-10-05 12:22:21,HISP670,0101,Alfonso Narvaez,15,15,0,2026-10-05 12:29:57,2026-10-05 12:29:57.435
2026-10-05 12:22:21,HISP690,0101,Donald Linebaugh,15,15,0,2026-10-05 12:29:57,2026-10-05 12:29:57.605
2026-10-05 12:22:21,HISP701,0101,Instructor: TBA,5,5,0,2026-10-05 12:29:57,2026-10-05 12:29:57.774
2026-10-05 12:22:21,HISP710,0101,Susan Kern,15,15,0,2026-10-05 12:29:57,2026-10-05 12:29:57.943
2026-10-05 12:22:21,HISP711,0101,Susan Kern,15,15,0,2026-10-05 12:29:58,2026-10-05 12:29:58.113
2026-10-05 12:22:21,HLSC102,0101,Sabrina Kramer,94,94,0,2026-10-05 12:30:20,2026-10-05 12:30:20.604
2026-10-05 12:22:21,HLSC102,0102,Jalah Townsend,35,35,0,2026-10-05 12:30:20,2026-10-05 12:30:20.604
2026-10-05 12:22:21,HLSC227,0101,Najib El-Sayed,25,25,0,2026-10-05 12:30:20,2026-10-05 12:30:20.775
2026-10-05 12:22:21,HLSC322,0101,Sabrina Kramer,23,23,0,2026-10-05 12:30:20,2026-10-05 12:30:20.953
2026-10-05 12:22:21,HLSC322,0102,Sabrina Kramer,23,23,0,2026-10-05 12:30:20,2026-10-05 12:30:20.953
2026-10-05 12:22:21,HLSC322,0103,Sabrina Kramer,23,23,0,2026-10-05 12:30:20,2026-10-05 12:30:20.953
2026-10-05 12:22:21,HLSC322,0104,Sabrina Kramer,23,23,0,2026-10-05 12:30:20,2026-10-05 12:30:20.953
2026-10-05 12:22:21,HLSC329,0101,Sabrina Kramer,12,12,0,2026-10-05 12:30:21,2026-10-05 12:30:21.124
2026-10-05 12:22:21,HNUH100,0101,Max Barnewitz,10,10,0,2026-10-05 12:30:30,2026-10-05 12:30:30.119
2026-10-05 12:22:21,HNUH218D,0101,Brian Gilmore,50,50,0,2026-10-05 12:30:30,2026-10-05 12:30:30.284
2026-10-05 12:22:21,HNUH218L,0101,Shauna Rigaud,20,20,0,2026-10-05 12:30:30,2026-10-05 12:30:30.466
2026-10-05 12:22:21,HNUH218L,0201,Shauna Rigaud,20,20,0,2026-10-05 12:30:30,2026-10-05 12:30:30.467
2026-10-05 12:22:21,HNUH218M,0101,Ebonie Johnson Cooper,20,20,0,2026-10-05 12:30:30,2026-10-05 12:30:30.636
2026-10-05 12:22:21,HNUH218N,0101,Sujith Kumar,20,20,0,2026-10-05 12:30:30,2026-10-05 12:30:30.800
2026-10-05 12:22:21,HNUH228D,0101,Matthew McLaughlin,60,60,0,2026-10-05 12:30:30,2026-10-05 12:30:30.964
2026-10-05 12:22:21,HNUH228L,0101,Alena Wigodner,20,20,0,2026-10-05 12:30:31,2026-10-05 12:30:31.132
2026-10-05 12:22:21,HNUH228L,0201,Alena Wigodner,20,20,0,2026-10-05 12:30:31,2026-10-05 12:30:31.132
2026-10-05 12:22:21,HNUH228M,0101,Ted Baker,20,20,0,2026-10-05 12:30:31,2026-10-05 12:30:31.308
2026-10-05 12:22:21,HNUH229P,0101,Tyson Slocum,20,20,0,2026-10-05 12:30:31,2026-10-05 12:30:31.475
2026-10-05 12:22:21,HNUH238D,0101,Susan Moeller,60,60,0,2026-10-05 12:30:31,2026-10-05 12:30:31.650
2026-10-05 12:22:21,HNUH238L,0101,Kimberly Johnson,20,20,0,2026-10-05 12:30:31,2026-10-05 12:30:31.832
2026-10-05 12:22:21,HNUH238L,0201,Kimberly Johnson,20,20,0,2026-10-05 12:30:31,2026-10-05 12:30:31.833
2026-10-05 12:22:21,HNUH238M,0101,Daniel Reck,20,20,0,2026-10-05 12:30:32,2026-10-05 12:30:32.011
2026-10-05 12:22:21,HNUH239I,0101,Jon Crocker,20,20,0,2026-10-05 12:30:32,2026-10-05 12:30:32.179
2026-10-05 12:22:21,HNUH248D,0101,Juan Uriagereka,45,45,0,2026-10-05 12:30:32,2026-10-05 12:30:32.344
2026-10-05 12:22:21,HNUH248L,0101,Robert Graham,20,20,0,2026-10-05 12:30:32,2026-10-05 12:30:32.508
2026-10-05 12:22:21,HNUH249T,0101,Daniel Rosenthal,20,20,0,2026-10-05 12:30:32,2026-10-05 12:30:32.673
2026-10-05 12:22:21,HNUH258C,0101,Bill Fagan,55,55,0,2026-10-05 12:30:32,2026-10-05 12:30:32.839
2026-10-05 12:22:21,HNUH258O,0101,Amy Green,20,20,0,2026-10-05 12:30:33,2026-10-05 12:30:33.010
2026-10-05 12:22:21,HNUH259T,0101,Ingrid Satelmajer,20,20,0,2026-10-05 12:30:33,2026-10-05 12:30:33.175
2026-10-05 12:22:21,HNUH268C,0101,Perla Guerrero,60,60,0,2026-10-05 12:30:33,2026-10-05 12:30:33.343
2026-10-05 12:22:21,HNUH268Q,0101,Binod Paudyal,20,20,0,2026-10-05 12:30:33,2026-10-05 12:30:33.511
2026-10-05 12:22:21,HNUH268R,0201,Vasfiye Toprak,20,20,0,2026-10-05 12:30:33,2026-10-05 12:30:33.681
2026-10-05 12:22:21,HNUH269T,0101,James Stillwell,20,20,0,2026-10-05 12:30:33,2026-10-05 12:30:33.852
2026-10-05 12:22:21,HNUH278C,0101,Chinyere Osuji,60,60,0,2026-10-05 12:30:34,2026-10-05 12:30:34.020
2026-10-05 12:22:21,HNUH278I,0101,Marisa Franco,20,20,0,2026-10-05 12:30:34,2026-10-05 12:30:34.187
2026-10-05 12:22:21,HNUH278I,0201,Marisa Franco,20,20,0,2026-10-05 12:30:34,2026-10-05 12:30:34.188
2026-10-05 12:22:21,HNUH278O,0101,DeNeen Brown,20,20,0,2026-10-05 12:30:34,2026-10-05 12:30:34.371
2026-10-05 12:22:21,HNUH278Q,0101,Katherine Coogan,20,20,0,2026-10-05 12:30:34,2026-10-05 12:30:34.538
2026-10-05 12:22:21,HNUH278R,0101,Max Barnewitz,20,20,0,2026-10-05 12:30:34,2026-10-05 12:30:34.710
2026-10-05 12:22:21,HNUH288C,0101,Julia Steinberg,30,30,0,2026-10-05 12:30:34,2026-10-05 12:30:34.881
2026-10-05 12:22:21,HNUH288C,0102,Julia Steinberg,30,30,0,2026-10-05 12:30:34,2026-10-05 12:30:34.881
2026-10-05 12:22:21,HNUH288O,0101,Ariana Nash,20,20,0,2026-10-05 12:30:35,2026-10-05 12:30:35.052
2026-10-05 12:22:21,HNUH300,0201,Vasfiye Toprak,20,20,0,2026-10-05 12:30:35,2026-10-05 12:30:35.232
2026-10-05 12:22:21,HNUH300,0301,Shauna Rigaud,20,20,0,2026-10-05 12:30:35,2026-10-05 12:30:35.232
2026-10-05 12:22:21,HNUH300,0401,Vasfiye Toprak,20,20,0,2026-10-05 12:30:35,2026-10-05 12:30:35.233
2026-10-05 12:22:21,HNUH300,0501,Ingrid Satelmajer,20,20,0,2026-10-05 12:30:35,2026-10-05 12:30:35.233
2026-10-05 12:22:21,HNUH300,0701,Jordan Johnson,20,20,0,2026-10-05 12:30:35,2026-10-05 12:30:35.233
2026-10-05 12:22:21,HNUH300,0801,Instructor: TBA,20,20,0,2026-10-05 12:30:35,2026-10-05 12:30:35.233
2026-10-05 12:22:21,HNUH300,0901,Alena Wigodner,20,20,0,2026-10-05 12:30:35,2026-10-05 12:30:35.233
2026-10-05 12:22:21,HNUH300,1001,Robert Graham,20,20,0,2026-10-05 12:30:35,2026-10-05 12:30:35.234
2026-10-05 12:22:21,HNUH300,1101,Max Barnewitz,20,20,0,2026-10-05 12:30:35,2026-10-05 12:30:35.234
2026-10-05 12:22:21,HNUH398P,0101,Jayakumar Arasan,120,120,0,2026-10-05 12:30:35,2026-10-05 12:30:35.403
2026-10-05 12:22:21,HNUH398P,0201,Jayakumar Arasan,120,120,0,2026-10-05 12:30:35,2026-10-05 12:30:35.404
2026-10-05 12:22:21,HONR379W,0101,Blake Wilder,15,15,0,2026-10-05 12:30:36,2026-10-05 12:30:36.665
2026-10-05 12:22:21,IDEA201,0101,Mira Azarm,20,20,0,2026-10-05 12:30:37,2026-10-05 12:30:37.943
2026-10-05 12:22:21,IDEA201,0102,Christina Hnatov,10,10,0,2026-10-05 12:30:37,2026-10-05 12:30:37.943
2026-10-05 12:22:21,IDEA201,0103,Brooke Smith,60,60,0,2026-10-05 12:30:37,2026-10-05 12:30:37.943
2026-10-05 12:22:21,IDEA201,0104,Brooke Smith,60,60,0,2026-10-05 12:30:37,2026-10-05 12:30:37.943
2026-10-05 12:22:21,IDEA311,0101,Brooke Smith,40,40,0,2026-10-05 12:30:38,2026-10-05 12:30:38.125
2026-10-05 12:22:21,IDEA311,0102,Brooke Smith,15,15,0,2026-10-05 12:30:38,2026-10-05 12:30:38.125
2026-10-05 12:22:21,IDEA312,0101,Meredith Kaunitz,15,15,0,2026-10-05 12:30:38,2026-10-05 12:30:38.294
2026-10-05 12:22:21,IMDM101,0101,Stevens Miller,30,30,0,2026-10-05 12:30:39,2026-10-05 12:30:39.923
2026-10-05 12:22:21,IMDM101,0201,Stevens Miller,30,30,0,2026-10-05 12:30:39,2026-10-05 12:30:39.923
2026-10-05 12:22:21,IMDM101,0301,Myungin Lee,30,30,0,2026-10-05 12:30:39,2026-10-05 12:30:39.923
2026-10-05 12:22:21,IMDM127,0101,Matthew Nolan,30,30,0,2026-10-05 12:30:40,2026-10-05 12:30:40.088
2026-10-05 12:22:21,IMDM150,0101,Cy Keener,45,45,0,2026-10-05 12:30:40,2026-10-05 12:30:40.257
2026-10-05 12:22:21,IMDM290,0101,Myungin Lee,30,30,0,2026-10-05 12:30:40,2026-10-05 12:30:40.463
2026-10-05 12:22:21,IMDM290,0201,Myungin Lee,30,30,0,2026-10-05 12:30:40,2026-10-05 12:30:40.463
2026-10-05 12:22:21,IMDM351,0101,Georgia Creson,15,15,0,2026-10-05 12:30:40,2026-10-05 12:30:40.635
2026-10-05 12:22:21,IMDM390,0101,Stefano Passeri,30,30,0,2026-10-05 12:30:40,2026-10-05 12:30:40.807
2026-10-05 12:22:21,IMDM390,0201,Stefano Passeri,30,30,0,2026-10-05 12:30:40,2026-10-05 12:30:40.807
2026-10-05 12:22:21,IMDM491,0101,Matthew Nolan,30,30,0,2026-10-05 12:30:41,2026-10-05 12:30:41.140
2026-10-05 12:22:21,IMDM491,0201,Matthew Nolan,30,30,0,2026-10-05 12:30:41,2026-10-05 12:30:41.140
2026-10-05 12:22:21,IMDM498I,0101,Snehesh Shrestha,16,16,0,2026-10-05 12:30:41,2026-10-05 12:30:41.337
2026-10-05 12:22:21,IMDM498J,0101,Yael Inbar,15,15,0,2026-10-05 12:30:41,2026-10-05 12:30:41.504
2026-10-05 12:22:21,IMMR200,0101,Instructor: TBA,40,40,0,2026-10-05 12:30:42,2026-10-05 12:30:42.935
2026-10-05 12:22:21,IMMR394,0101,Wenxi Yang,25,25,0,2026-10-05 12:30:43,2026-10-05 12:30:43.099
2026-10-05 12:22:21,IMMR399,0101,Christina Getrich,1,1,0,2026-10-05 12:30:43,2026-10-05 12:30:43.268
2026-10-05 12:22:21,INFM612,IM01,Instructor: TBA,40,40,0,2026-10-05 12:30:47,2026-10-05 12:30:47.736
2026-10-05 12:22:21,INFM737,IM01,David Loshin,40,40,0,2026-10-05 12:30:47,2026-10-05 12:30:47.911
2026-10-05 12:22:21,ISRL187,0101,Bernard Cooperman,23,23,0,2026-10-05 12:31:02,2026-10-05 12:31:02.335
2026-10-05 12:22:21,ISRL187,0102,Bernard Cooperman,23,23,0,2026-10-05 12:31:02,2026-10-05 12:31:02.335
2026-10-05 12:22:21,ISRL187,0103,Bernard Cooperman,23,23,0,2026-10-05 12:31:02,2026-10-05 12:31:02.335
2026-10-05 12:22:21,ISRL249O,0101,Aner Tal,35,35,0,2026-10-05 12:31:02,2026-10-05 12:31:02.577
2026-10-05 12:22:21,ISRL249P,0101,Aliza Sandalon,15,15,0,2026-10-05 12:31:02,2026-10-05 12:31:02.751
2026-10-05 12:22:21,ISRL282,0101,Shirelle Doughty,30,30,0,2026-10-05 12:31:02,2026-10-05 12:31:02.924
2026-10-05 12:22:21,ISRL329D,0101,Regev Ben-David,35,35,0,2026-10-05 12:31:03,2026-10-05 12:31:03.090
2026-10-05 12:22:21,ISRL329Y,0101,Marwa Maziad,30,30,0,2026-10-05 12:31:03,2026-10-05 12:31:03.309
2026-10-05 12:22:21,ISRL342,0101,Elli Lieberman,35,35,0,2026-10-05 12:31:03,2026-10-05 12:31:03.480
2026-10-05 12:22:21,ISRL349N,0101,Morad Elsana,30,30,0,2026-10-05 12:31:03,2026-10-05 12:31:03.648
2026-10-05 12:22:21,ISRL349W,0101,Avital Karpman,35,35,0,2026-10-05 12:31:03,2026-10-05 12:31:03.825
2026-10-05 12:22:21,ISRL372,0101,Shirelle Doughty,30,30,0,2026-10-05 12:31:03,2026-10-05 12:31:03.992
2026-10-05 12:22:21,ISRL380,0101,Regev Ben-David,35,35,0,2026-10-05 12:31:04,2026-10-05 12:31:04.193
2026-10-05 12:22:21,ISRL383,0101,Ilai Saltzman,35,35,0,2026-10-05 12:31:04,2026-10-05 12:31:04.368
2026-10-05 12:22:21,JAPN102,0101,Kumiko Akikawa,15,15,0,2026-10-05 12:31:07,2026-10-05 12:31:07.678
2026-10-05 12:22:21,JAPN102,0201,Kumiko Akikawa,15,15,0,2026-10-05 12:31:07,2026-10-05 12:31:07.678
2026-10-05 12:22:21,JAPN202,0101,Makiko Inoue,15,15,0,2026-10-05 12:31:07,2026-10-05 12:31:07.846
2026-10-05 12:22:21,JAPN202,0201,Makiko Inoue,15,15,0,2026-10-05 12:31:07,2026-10-05 12:31:07.846
2026-10-05 12:22:21,JAPN302,0101,Mari Hamada,15,15,0,2026-10-05 12:31:08,2026-10-05 12:31:08.030
2026-10-05 12:22:21,JAPN306,0101,Lindsay Yotsukura,15,15,0,2026-10-05 12:31:08,2026-10-05 12:31:08.202
2026-10-05 12:22:21,JAPN335,0101,Michele Mason,20,20,0,2026-10-05 12:31:08,2026-10-05 12:31:08.369
2026-10-05 12:22:21,JAPN355,0101,Jyana Browne,20,20,0,2026-10-05 12:31:08,2026-10-05 12:31:08.538
2026-10-05 12:22:21,JAPN361,0101,Jyana Browne,20,20,0,2026-10-05 12:31:08,2026-10-05 12:31:08.705
2026-10-05 12:22:21,JAPN425,0101,Michele Mason,30,30,0,2026-10-05 12:31:09,2026-10-05 12:31:09.033
2026-10-05 12:22:21,JAPN457,0101,Lindsay Yotsukura,15,15,0,2026-10-05 12:31:09,2026-10-05 12:31:09.205
2026-10-05 12:22:21,JWST187,0101,Bernard Cooperman,23,23,0,2026-10-05 12:31:23,2026-10-05 12:31:23.759
2026-10-05 12:22:21,JWST187,0102,Bernard Cooperman,23,23,0,2026-10-05 12:31:23,2026-10-05 12:31:23.760
2026-10-05 12:22:21,JWST187,0103,Bernard Cooperman,23,23,0,2026-10-05 12:31:23,2026-10-05 12:31:23.760
2026-10-05 12:22:21,JWST233,0101,Hayim Lapin,45,45,0,2026-10-05 12:31:23,2026-10-05 12:31:23.924
2026-10-05 12:22:21,JWST319A,0101,Daniel Richter,35,35,0,2026-10-05 12:31:24,2026-10-05 12:31:24.095
2026-10-05 12:22:21,JWST319J,0101,Nathan Levine,35,35,0,2026-10-05 12:31:24,2026-10-05 12:31:24.265
2026-10-05 12:22:21,JWST319P,0101,Lauren Kotkin,18,18,0,2026-10-05 12:31:24,2026-10-05 12:31:24.458
2026-10-05 12:22:21,JWST319Q,0101,Regev Ben-David,35,35,0,2026-10-05 12:31:24,2026-10-05 12:31:24.632
2026-10-05 12:22:21,JWST319W,0101,Avital Karpman,35,35,0,2026-10-05 12:31:24,2026-10-05 12:31:24.797
2026-10-05 12:22:21,JWST324,0101,Matthew Suriano,25,25,0,2026-10-05 12:31:24,2026-10-05 12:31:24.968
2026-10-05 12:22:21,JWST372,0101,Shirelle Doughty,30,30,0,2026-10-05 12:31:25,2026-10-05 12:31:25.135
2026-10-05 12:22:21,JWST386,0101,Instructor: TBA,5,5,0,2026-10-05 12:31:25,2026-10-05 12:31:25.312
2026-10-05 12:22:21,JWST419B,0101,Bernard Cooperman,20,20,0,2026-10-05 12:31:25,2026-10-05 12:31:25.780
2026-10-05 12:22:21,JWST427,0101,Matthew Suriano,15,15,0,2026-10-05 12:31:26,2026-10-05 12:31:26.008
2026-10-05 12:22:21,JWST469C,0101,Bernard Cooperman,10,10,0,2026-10-05 12:31:26,2026-10-05 12:31:26.240
2026-10-05 12:22:21,KORA101,0101,Seong Minne Koh,15,15,0,2026-10-05 12:31:42,2026-10-05 12:31:42.855
2026-10-05 12:22:21,KORA102,0101,Saerom Kwak,15,15,0,2026-10-05 12:31:43,2026-10-05 12:31:43.061
2026-10-05 12:22:21,KORA102,0201,Saerom Kwak,15,15,0,2026-10-05 12:31:43,2026-10-05 12:31:43.062
2026-10-05 12:22:21,KORA102,0301,Saerom Kwak,15,15,0,2026-10-05 12:31:43,2026-10-05 12:31:43.062
2026-10-05 12:22:21,KORA102,0401,Saerom Kwak,15,15,0,2026-10-05 12:31:43,2026-10-05 12:31:43.062
2026-10-05 12:22:21,KORA202,0101,Seong Minne Koh,15,15,0,2026-10-05 12:31:43,2026-10-05 12:31:43.239
2026-10-05 12:22:21,KORA202,0301,Seong Minne Koh,15,15,0,2026-10-05 12:31:43,2026-10-05 12:31:43.239
2026-10-05 12:22:21,KORA398O,0101,Instructor: TBA,10,10,0,2026-10-05 12:31:43,2026-10-05 12:31:43.407
2026-10-05 12:22:21,KORA398V,0101,Seong Minne Koh,10,10,0,2026-10-05 12:31:43,2026-10-05 12:31:43.595
2026-10-05 12:22:21,LEAD217,0101,Festus Ainoo,25,25,0,2026-10-05 12:31:54,2026-10-05 12:31:54.586
2026-10-05 12:22:21,LEAD217,0201,Festus Ainoo,25,25,0,2026-10-05 12:31:54,2026-10-05 12:31:54.586
2026-10-05 12:22:21,LEAD321,0101,Courtney Holder,10,10,0,2026-10-05 12:31:54,2026-10-05 12:31:54.757
2026-10-05 12:22:21,LEAD417,0101,Anastasia Lavrenyuk,20,20,0,2026-10-05 12:31:54,2026-10-05 12:31:54.934
2026-10-05 12:22:21,LGBT200,0101,Sayan Bhattacharya,25,25,0,2026-10-05 12:31:56,2026-10-05 12:31:56.221
2026-10-05 12:22:21,LGBT200,0102,Sayan Bhattacharya,25,25,0,2026-10-05 12:31:56,2026-10-05 12:31:56.221
2026-10-05 12:22:21,LGBT265,0201,Instructor: TBA,30,30,0,2026-10-05 12:31:56,2026-10-05 12:31:56.387
2026-10-05 12:22:21,LGBT306,0101,Sydney Lewis,30,30,0,2026-10-05 12:31:56,2026-10-05 12:31:56.551
2026-10-05 12:22:21,LGBT310,0101,Sayan Bhattacharya,25,25,0,2026-10-05 12:31:56,2026-10-05 12:31:56.723
2026-10-05 12:22:21,LGBT338F,0101,Alexis Lothian,30,30,0,2026-10-05 12:31:56,2026-10-05 12:31:56.891
2026-10-05 12:22:21,LGBT475,0101,Sydney Lewis,20,20,0,2026-10-05 12:31:57,2026-10-05 12:31:57.059
2026-10-05 12:22:21,MLAW150,0101,David Gray,25,25,0,2026-10-05 12:32:20,2026-10-05 12:32:20.381
2026-10-05 12:22:21,MLAW150,0102,David Gray,25,25,0,2026-10-05 12:32:20,2026-10-05 12:32:20.381
2026-10-05 12:22:21,MLAW150,0103,David Gray,25,25,0,2026-10-05 12:32:20,2026-10-05 12:32:20.382
2026-10-05 12:22:21,MLAW304,0101,Christine White,40,40,0,2026-10-05 12:32:20,2026-10-05 12:32:20.557
2026-10-05 12:22:21,MLAW305,0201,Brian Gilmore,60,60,0,2026-10-05 12:32:20,2026-10-05 12:32:20.728
2026-10-05 12:22:21,MLAW325,0101,Grace Benton,12,12,0,2026-10-05 12:32:20,2026-10-05 12:32:20.898
2026-10-05 12:22:21,MLAW358W,0101,Michael Spivey,25,25,0,2026-10-05 12:32:21,2026-10-05 12:32:21.077
2026-10-05 12:22:21,MLAW358W,0102,Michael Spivey,25,25,0,2026-10-05 12:32:21,2026-10-05 12:32:21.077
2026-10-05 12:22:21,MLAW358W,0103,Michael Spivey,25,25,0,2026-10-05 12:32:21,2026-10-05 12:32:21.077
2026-10-05 12:22:21,MLAW358W,0104,Michael Spivey,25,25,0,2026-10-05 12:32:21,2026-10-05 12:32:21.077
2026-10-05 12:22:21,MLAW358W,0105,Michael Spivey,25,25,0,2026-10-05 12:32:21,2026-10-05 12:32:21.077
2026-10-05 12:22:21,MLAW358W,0106,Michael Spivey,25,25,0,2026-10-05 12:32:21,2026-10-05 12:32:21.078
2026-10-05 12:22:21,MLAW358Y,0101,Martin Kobren,5,5,0,2026-10-05 12:32:21,2026-10-05 12:32:21.247
2026-10-05 12:22:21,MLAW358Z,0101,Christine White,19,19,0,2026-10-05 12:32:21,2026-10-05 12:32:21.410
2026-10-05 12:22:21,MLAW359,0101,Brandee Pettus,8,8,0,2026-10-05 12:32:21,2026-10-05 12:32:21.577
2026-10-05 12:22:21,MLAW378E,0101,Brandee Pettus,5,5,0,2026-10-05 12:32:21,2026-10-05 12:32:21.743
2026-10-05 12:22:21,MLAW378F,0101,Brian Gilmore,15,15,0,2026-10-05 12:32:21,2026-10-05 12:32:21.910
2026-10-05 12:22:21,MLAW378J,0101,Natalie Ram,20,20,0,2026-10-05 12:32:22,2026-10-05 12:32:22.082
2026-10-05 12:22:21,MLAW378T,0101,Marley Weiss,20,20,0,2026-10-05 12:32:22,2026-10-05 12:32:22.250
2026-10-05 12:22:21,MLAW388,0101,Brandee Pettus,33,33,0,2026-10-05 12:32:22,2026-10-05 12:32:22.428
2026-10-05 12:22:21,MLAW388,0201,Brandee Pettus,6,6,0,2026-10-05 12:32:22,2026-10-05 12:32:22.428
2026-10-05 12:22:21,MLAW404,0101,Christine White,75,75,0,2026-10-05 12:32:22,2026-10-05 12:32:22.598
2026-10-05 12:22:21,NAVY101,0101,Beau Cisneros,30,30,0,2026-10-05 12:32:42,2026-10-05 12:32:42.880
2026-10-05 12:22:21,NAVY108,0101,Christopher Boehm,150,150,0,2026-10-05 12:32:43,2026-10-05 12:32:43.048
2026-10-05 12:22:21,NAVY201,0101,Austin Cranfill,30,30,0,2026-10-05 12:32:43,2026-10-05 12:32:43.216
2026-10-05 12:22:21,NAVY301,0101,Beau Cisneros,35,35,0,2026-10-05 12:32:43,2026-10-05 12:32:43.383
2026-10-05 12:22:21,NAVY401,0101,John Gonser,36,36,0,2026-10-05 12:32:43,2026-10-05 12:32:43.549
2026-10-05 12:22:21,NAVY402,0102,Jenna Weiner,25,25,0,2026-10-05 12:32:43,2026-10-05 12:32:43.717
2026-10-05 12:22:21,NEUR200,0101,Ana Navarro Cebrian,90,90,0,2026-10-05 12:32:45,2026-10-05 12:32:45.012
2026-10-05 12:22:21,NEUR200,0201,Ana Navarro Cebrian,90,90,0,2026-10-05 12:32:45,2026-10-05 12:32:45.012
2026-10-05 12:22:21,NEUR305,0101,Amanda Chicoli,90,90,0,2026-10-05 12:32:45,2026-10-05 12:32:45.183
2026-10-05 12:22:21,NEUR306,0101,Chan Lin,64,64,0,2026-10-05 12:32:45,2026-10-05 12:32:45.348
2026-10-05 12:22:21,NEUR306,0102,Melissa Caras,40,40,0,2026-10-05 12:32:45,2026-10-05 12:32:45.348
2026-10-05 12:22:21,NEUR338A,0101,Amanda Chicoli,20,20,0,2026-10-05 12:32:45,2026-10-05 12:32:45.693
2026-10-05 12:22:21,NEUR398H,0101,Nikolas Francis,20,20,0,2026-10-05 12:32:46,2026-10-05 12:32:46.189
2026-10-05 12:22:21,NEUR405,0101,Hilary Bierman,16,16,0,2026-10-05 12:32:46,2026-10-05 12:32:46.366
2026-10-05 12:22:21,NEUR405,0102,Hilary Bierman,16,16,0,2026-10-05 12:32:46,2026-10-05 12:32:46.367
2026-10-05 12:22:21,NEUR405,0103,Hilary Bierman,16,16,0,2026-10-05 12:32:46,2026-10-05 12:32:46.367
2026-10-05 12:22:21,NEUR405,0106,Hilary Bierman,16,16,0,2026-10-05 12:32:46,2026-10-05 12:32:46.367
2026-10-05 12:22:21,PEER318,0101,Christina Jay,15,15,0,2026-10-05 12:32:53,2026-10-05 12:32:53.292
2026-10-05 12:22:21,PEER319,0101,Grace Boudreau,15,15,0,2026-10-05 12:32:53,2026-10-05 12:32:53.462
2026-10-05 12:22:21,PEER322,0101,Aleia Gardner,15,15,0,2026-10-05 12:32:53,2026-10-05 12:32:53.633
2026-10-05 12:22:21,PHPE308A,0101,Rachel Singpurwalla,25,25,0,2026-10-05 12:33:00,2026-10-05 12:33:00.834
2026-10-05 12:22:21,PHPE308M,0101,Eric Pacuit,30,30,0,2026-10-05 12:33:00,2026-10-05 12:33:01.001
2026-10-05 12:22:21,PHPE308P,0101,Xinzhi Zhao,30,30,0,2026-10-05 12:33:01,2026-10-05 12:33:01.190
2026-10-05 12:22:21,PHPE308U,0101,Aner Tal,35,35,0,2026-10-05 12:33:01,2026-10-05 12:33:01.367
2026-10-05 12:22:21,PHPE308Z,0101,Hallie Liberto,30,30,0,2026-10-05 12:33:01,2026-10-05 12:33:01.573
2026-10-05 12:22:21,PHPE400,0101,Instructor: TBA,30,30,0,2026-10-05 12:33:01,2026-10-05 12:33:01.963
2026-10-05 12:22:21,PHPE401,0101,Xinzhi Zhao,27,27,0,2026-10-05 12:33:02,2026-10-05 12:33:02.196
2026-10-05 12:22:21,PHPE401,0102,Xinzhi Zhao,27,27,0,2026-10-05 12:33:02,2026-10-05 12:33:02.196
2026-10-05 12:22:21,PHPE402,0101,Ben Fan,30,30,0,2026-10-05 12:33:02,2026-10-05 12:33:02.376
2026-10-05 12:22:21,PHPE408M,0101,Nicholas Laskowski,25,25,0,2026-10-05 12:33:02,2026-10-05 12:33:02.561
2026-10-05 12:22:21,PHPE408Q,0101,Samuel Kerstein,20,20,0,2026-10-05 12:33:02,2026-10-05 12:33:02.751
2026-10-05 12:22:21,PHPE408Z,0101,Avia Pasternak,30,30,0,2026-10-05 12:33:02,2026-10-05 12:33:02.935
2026-10-05 12:22:21,PHSC399,0101,Shannon Edward,30,30,0,2026-10-05 12:33:04,2026-10-05 12:33:04.399
2026-10-05 12:22:21,PHSC399,ESG1,Shannon Edward,20,20,0,2026-10-05 12:33:04,2026-10-05 12:33:04.399
2026-10-05 12:22:21,PHSC415,0101,Jessica O'Hara,36,36,0,2026-10-05 12:33:04,2026-10-05 12:33:04.583
2026-10-05 12:22:21,PHSC415,0102,Jessica O'Hara,36,36,0,2026-10-05 12:33:04,2026-10-05 12:33:04.583
2026-10-05 12:22:21,PHSC415,0103,Jessica O'Hara,36,36,0,2026-10-05 12:33:04,2026-10-05 12:33:04.584
2026-10-05 12:22:21,PHSC415,0104,Jessica O'Hara,36,36,0,2026-10-05 12:33:04,2026-10-05 12:33:04.584
2026-10-05 12:22:21,PHSC415,0105,Jessica O'Hara,36,36,0,2026-10-05 12:33:04,2026-10-05 12:33:04.584
2026-10-05 12:22:21,PHSC425,0101,Jennifer German,30,30,0,2026-10-05 12:33:04,2026-10-05 12:33:04.758
2026-10-05 12:22:21,PHSC440,0101,Kendall Bustad,35,35,0,2026-10-05 12:33:04,2026-10-05 12:33:04.927
2026-10-05 12:22:21,PHSC450,0101,Kendall Bustad,20,20,0,2026-10-05 12:33:05,2026-10-05 12:33:05.117
2026-10-05 12:22:21,PHSC450,0102,Kendall Bustad,20,20,0,2026-10-05 12:33:05,2026-10-05 12:33:05.117
2026-10-05 12:22:21,PHSC450,0103,Kendall Bustad,20,20,0,2026-10-05 12:33:05,2026-10-05 12:33:05.117
2026-10-05 12:22:21,PHSC450,0104,Kendall Bustad,20,20,0,2026-10-05 12:33:05,2026-10-05 12:33:05.118
2026-10-05 12:22:21,PHSC450,0105,Kendall Bustad,20,20,0,2026-10-05 12:33:05,2026-10-05 12:33:05.118
2026-10-05 12:22:21,PHSC450,0106,Kendall Bustad,20,20,0,2026-10-05 12:33:05,2026-10-05 12:33:05.118
2026-10-05 12:22:21,PHSC450,0107,Kendall Bustad,20,20,0,2026-10-05 12:33:05,2026-10-05 12:33:05.118
2026-10-05 12:22:21,PHSC490,0101,Shannon Edward,30,30,0,2026-10-05 12:33:05,2026-10-05 12:33:05.291
2026-10-05 12:22:21,PHSC497,0101,Gretchen De Silva,20,20,0,2026-10-05 12:33:05,2026-10-05 12:33:05.483
2026-10-05 12:22:21,PHSC497,0201,Kendall Bustad,20,20,0,2026-10-05 12:33:05,2026-10-05 12:33:05.483
2026-10-05 12:22:21,PHSC497,0301,Gretchen De Silva,20,20,0,2026-10-05 12:33:05,2026-10-05 12:33:05.483
2026-10-05 12:22:21,PHSC497,0401,Aysha Jawed,20,20,0,2026-10-05 12:33:05,2026-10-05 12:33:05.484
2026-10-05 12:22:21,PHSC497,0501,Jennifer German,20,20,0,2026-10-05 12:33:05,2026-10-05 12:33:05.484
2026-10-05 12:22:21,PHSC497,0601,Ann Truelove,20,20,0,2026-10-05 12:33:05,2026-10-05 12:33:05.484
2026-10-05 12:22:21,PHSC497,0701,Lakeshia Watson,20,20,0,2026-10-05 12:33:05,2026-10-05 12:33:05.484
2026-10-05 12:22:21,PHSC497,0801,Carmen Booker,20,20,0,2026-10-05 12:33:05,2026-10-05 12:33:05.484
2026-10-05 12:22:21,PHSC497,0901,Darya Soltani,20,20,0,2026-10-05 12:33:05,2026-10-05 12:33:05.485
2026-10-05 12:22:21,PHSC497,1001,Brienna Anderson,20,20,0,2026-10-05 12:33:05,2026-10-05 12:33:05.485
2026-10-05 12:22:21,PHSC497,1101,Margaret Smith,20,20,0,2026-10-05 12:33:05,2026-10-05 12:33:05.485
2026-10-05 12:22:21,PHSC497,1201,Eric Silfen,20,20,0,2026-10-05 12:33:05,2026-10-05 12:33:05.485
2026-10-05 12:22:21,PHSC497,1301,Lakeshia Watson,20,20,0,2026-10-05 12:33:05,2026-10-05 12:33:05.485
2026-10-05 12:22:21,RDEV250,0101,Wayne Ricardo Curtis,75,75,0,2026-10-05 12:33:40,2026-10-05 12:33:40.638
2026-10-05 12:22:21,RDEV250,0102,Wayne Ricardo Curtis,75,75,0,2026-10-05 12:33:40,2026-10-05 12:33:40.638
2026-10-05 12:22:21,RDEV270,0101,John Park,30,30,0,2026-10-05 12:33:40,2026-10-05 12:33:40.805
2026-10-05 12:22:21,RDEV350,0101,Jesse Saginor,25,25,0,2026-10-05 12:33:40,2026-10-05 12:33:40.975
2026-10-05 12:22:21,RDEV350,0102,Instructor: TBA,30,30,0,2026-10-05 12:33:40,2026-10-05 12:33:40.975
2026-10-05 12:22:21,RDEV410,0101,Peter Goldsmith,30,30,0,2026-10-05 12:33:41,2026-10-05 12:33:41.153
2026-10-05 12:22:21,RDEV415,0101,Bilal Ali,20,20,0,2026-10-05 12:33:41,2026-10-05 12:33:41.324
2026-10-05 12:22:21,RDEV445,0101,Matthew O'Malley,15,15,0,2026-10-05 12:33:41,2026-10-05 12:33:41.493
2026-10-05 12:22:21,RDEV450,0101,Kathryn Corby,30,30,0,2026-10-05 12:33:41,2026-10-05 12:33:41.668
2026-10-05 12:22:21,RDEV450,0102,Thomas Dwyer,20,20,0,2026-10-05 12:33:41,2026-10-05 12:33:41.668
2026-10-05 12:22:21,RDEV450,0103,John Park,30,30,0,2026-10-05 12:33:41,2026-10-05 12:33:41.668
2026-10-05 12:22:21,RDEV478D,0101,Jesse Saginor,20,20,0,2026-10-05 12:33:41,2026-10-05 12:33:41.836
2026-10-05 12:22:21,RDEV600,0101,Jesse Saginor,10,10,0,2026-10-05 12:33:42,2026-10-05 12:33:42.004
2026-10-05 12:22:21,RDEV603,0101,Thomas Dwyer,18,18,0,2026-10-05 12:33:42,2026-10-05 12:33:42.174
2026-10-05 12:22:21,RDEV610,0101,David Warner,20,20,0,2026-10-05 12:33:42,2026-10-05 12:33:42.342
2026-10-05 12:22:21,RDEV615,0101,Bilal Ali,20,20,0,2026-10-05 12:33:42,2026-10-05 12:33:42.527
2026-10-05 12:22:21,RDEV630,0101,Mansur Abdul-Malik,30,30,0,2026-10-05 12:33:42,2026-10-05 12:33:42.695
2026-10-05 12:22:21,RDEV650,0101,Matthew O'Malley,25,25,0,2026-10-05 12:33:42,2026-10-05 12:33:42.861
2026-10-05 12:22:21,RDEV689F,0101,Zachary Marks,20,20,0,2026-10-05 12:33:43,2026-10-05 12:33:43.029
2026-10-05 12:22:21,RDEV689I,0101,Ronald McDonald,14,14,0,2026-10-05 12:33:43,2026-10-05 12:33:43.196
2026-10-05 12:22:21,RDEV689R,0101,Nick Egelanian,15,15,0,2026-10-05 12:33:43,2026-10-05 12:33:43.371
2026-10-05 12:22:21,RDEV689Y,0101,Instructor: TBA,12,12,0,2026-10-05 12:33:43,2026-10-05 12:33:43.535
2026-10-05 12:22:21,RDEV690,0101,Tanya Bansal,12,12,0,2026-10-05 12:33:43,2026-10-05 12:33:43.705
2026-10-05 12:22:21,RELS170,0101,Katherine Wasdin,21,21,0,2026-10-05 12:33:44,2026-10-05 12:33:45.064
2026-10-05 12:22:21,RELS170,0102,Katherine Wasdin,21,21,0,2026-10-05 12:33:44,2026-10-05 12:33:45.064
2026-10-05 12:22:21,RELS170,0103,Katherine Wasdin,21,21,0,2026-10-05 12:33:44,2026-10-05 12:33:45.064
2026-10-05 12:22:21,RELS170,0104,Katherine Wasdin,21,21,0,2026-10-05 12:33:44,2026-10-05 12:33:45.064
2026-10-05 12:22:21,RELS170,0105,Katherine Wasdin,21,21,0,2026-10-05 12:33:44,2026-10-05 12:33:45.065
2026-10-05 12:22:21,RELS170,0106,Katherine Wasdin,21,21,0,2026-10-05 12:33:44,2026-10-05 12:33:45.065
2026-10-05 12:22:21,RELS170,0107,Katherine Wasdin,21,21,0,2026-10-05 12:33:44,2026-10-05 12:33:45.065
2026-10-05 12:22:21,RELS170,0108,Katherine Wasdin,21,21,0,2026-10-05 12:33:44,2026-10-05 12:33:45.065
2026-10-05 12:22:21,RELS170,0109,Katherine Wasdin,21,21,0,2026-10-05 12:33:44,2026-10-05 12:33:45.065
2026-10-05 12:22:21,RELS264,0101,Jay Moses,30,30,0,2026-10-05 12:33:45,2026-10-05 12:33:45.231
2026-10-05 12:22:21,RELS271,0101,Instructor: TBA,40,40,0,2026-10-05 12:33:45,2026-10-05 12:33:45.431
2026-10-05 12:22:21,RELS319Q,0101,Regev Ben-David,35,35,0,2026-10-05 12:33:45,2026-10-05 12:33:45.600
2026-10-05 12:22:21,RELS342,0101,Stefano Villani,27,27,0,2026-10-05 12:33:45,2026-10-05 12:33:45.768
2026-10-05 12:22:21,RELS427,0101,Matthew Suriano,15,15,0,2026-10-05 12:33:45,2026-10-05 12:33:45.948
2026-10-05 12:22:21,RELS429M,0101,Antoine Borrut,27,27,0,2026-10-05 12:33:46,2026-10-05 12:33:46.116
2026-10-05 12:22:21,RUSS102,0101,Inna Hardman,15,15,0,2026-10-05 12:33:47,2026-10-05 12:33:47.420
2026-10-05 12:22:21,RUSS102,0201,Inna Hardman,15,15,0,2026-10-05 12:33:47,2026-10-05 12:33:47.420
2026-10-05 12:22:21,RUSS202,0101,Zhanna Gerus-Vernola,15,15,0,2026-10-05 12:33:47,2026-10-05 12:33:47.589
2026-10-05 12:22:21,RUSS302,0101,Izolda Savenkova,15,15,0,2026-10-05 12:33:47,2026-10-05 12:33:47.755
2026-10-05 12:22:21,RUSS398A,0101,Instructor: TBA,15,15,0,2026-10-05 12:33:48,2026-10-05 12:33:48.085
2026-10-05 12:22:21,RUSS398F,0101,Elizabeth Papazian,25,25,0,2026-10-05 12:33:48,2026-10-05 12:33:48.263
2026-10-05 12:22:21,RUSS406,0101,Izolda Savenkova,15,15,0,2026-10-05 12:33:48,2026-10-05 12:33:48.623
2026-10-05 12:22:21,RUSS412,0101,Inna Hardman,15,15,0,2026-10-05 12:33:48,2026-10-05 12:33:48.790
2026-10-05 12:22:21,SDSB123,0101,Srijeeta Mitra,26,26,0,2026-10-05 12:33:50,2026-10-05 12:33:50.292
2026-10-05 12:22:21,SDSB180,0101,Srijeeta Mitra,155,155,0,2026-10-05 12:33:50,2026-10-05 12:33:50.458
2026-10-05 12:22:21,SDSB233,0101,Richard Engstrom,28,28,0,2026-10-05 12:33:50,2026-10-05 12:33:50.635
2026-10-05 12:22:21,SDSB233,0102,Richard Engstrom,28,28,0,2026-10-05 12:33:50,2026-10-05 12:33:50.636
2026-10-05 12:22:21,SDSB326,0101,Jacob Coutts,40,40,0,2026-10-05 12:33:50,2026-10-05 12:33:50.805
2026-10-05 12:22:21,SDSB340,0101,Neil Lund,24,24,0,2026-10-05 12:33:50,2026-10-05 12:33:50.971
2026-10-05 12:22:21,SDSI414,0101,Instructor: TBA,40,40,0,2026-10-05 12:33:52,2026-10-05 12:33:52.254
2026-10-05 12:22:21,SDSI414,0102,Instructor: TBA,40,40,0,2026-10-05 12:33:52,2026-10-05 12:33:52.254
2026-10-05 12:22:21,SDSI414,0103,Instructor: TBA,40,40,0,2026-10-05 12:33:52,2026-10-05 12:33:52.254
2026-10-05 12:22:21,SDSI414,0201,Instructor: TBA,40,40,0,2026-10-05 12:33:52,2026-10-05 12:33:52.254
2026-10-05 12:22:21,SDSI414,0202,Instructor: TBA,40,40,0,2026-10-05 12:33:52,2026-10-05 12:33:52.255
2026-10-05 12:22:21,SDSI492,0101,Instructor: TBA,45,45,0,2026-10-05 12:33:52,2026-10-05 12:33:52.444
2026-10-05 12:22:21,SDSI492,0103,Instructor: TBA,45,45,0,2026-10-05 12:33:52,2026-10-05 12:33:52.444
2026-10-05 12:22:21,SDSI492,0104,Instructor: TBA,35,35,0,2026-10-05 12:33:52,2026-10-05 12:33:52.444
2026-10-05 12:22:21,SDSI492,0105,Instructor: TBA,45,45,0,2026-10-05 12:33:52,2026-10-05 12:33:52.444
2026-10-05 12:22:21,SDSI492,0106,Instructor: TBA,45,45,0,2026-10-05 12:33:52,2026-10-05 12:33:52.444
2026-10-05 12:22:21,SDSI492,0107,Instructor: TBA,45,45,0,2026-10-05 12:33:52,2026-10-05 12:33:52.445
2026-10-05 12:22:21,SDSI492,0108,Instructor: TBA,45,45,0,2026-10-05 12:33:52,2026-10-05 12:33:52.445
2026-10-05 12:22:21,SDSI492,0110,Instructor: TBA,45,45,0,2026-10-05 12:33:52,2026-10-05 12:33:52.445
2026-10-05 12:22:21,SDSI496,0101,Jacob Coutts,25,25,0,2026-10-05 12:33:52,2026-10-05 12:33:52.616
2026-10-05 12:22:21,SLLC109I,0101,Instructor: TBA,5,5,0,2026-10-05 12:33:55,2026-10-05 12:33:55.710
2026-10-05 12:22:21,SLLC286,0101,Andrew Schonebaum,60,60,0,2026-10-05 12:33:55,2026-10-05 12:33:55.888
2026-10-05 12:22:21,SLLC287,0101,Sean Pue,20,20,0,2026-10-05 12:33:56,2026-10-05 12:33:56.060
2026-10-05 12:22:21,SLLC305,0101,Nahal Akbari-Saneh,25,25,0,2026-10-05 12:33:56,2026-10-05 12:33:56.239
2026-10-05 12:22:21,SLLC309,0101,Ahmed Hanafy,10,10,0,2026-10-05 12:33:56,2026-10-05 12:33:56.427
2026-10-05 12:22:21,SLLC309,0102,Ahmed Hanafy,10,10,0,2026-10-05 12:33:56,2026-10-05 12:33:56.427
2026-10-05 12:22:21,SLLC309,0103,Ahmed Hanafy,10,10,0,2026-10-05 12:33:56,2026-10-05 12:33:56.428
2026-10-05 12:22:21,SLLC309,0104,Ahmed Hanafy,10,10,0,2026-10-05 12:33:56,2026-10-05 12:33:56.428
2026-10-05 12:22:21,SLLC309,0105,Ahmed Hanafy,10,10,0,2026-10-05 12:33:56,2026-10-05 12:33:56.428
2026-10-05 12:22:21,SLLC309,0106,Ahmed Hanafy,10,10,0,2026-10-05 12:33:56,2026-10-05 12:33:56.428
2026-10-05 12:22:21,SLLC309,0107,Ahmed Hanafy,10,10,0,2026-10-05 12:33:56,2026-10-05 12:33:56.428
2026-10-05 12:22:21,SLLC309,0108,Ahmed Hanafy,10,10,0,2026-10-05 12:33:56,2026-10-05 12:33:56.429
2026-10-05 12:22:21,SLLC309,0109,Ahmed Hanafy,10,10,0,2026-10-05 12:33:56,2026-10-05 12:33:56.429
2026-10-05 12:22:21,SLLC309,0110,Ahmed Hanafy,10,10,0,2026-10-05 12:33:56,2026-10-05 12:33:56.429
2026-10-05 12:22:21,SLLC309,0111,Ahmed Hanafy,10,10,0,2026-10-05 12:33:56,2026-10-05 12:33:56.429
2026-10-05 12:22:21,SLLC329,0101,Marilyn Matar,10,10,0,2026-10-05 12:33:56,2026-10-05 12:33:56.612
2026-10-05 12:22:21,SLLC329,0102,Marilyn Matar,10,10,0,2026-10-05 12:33:56,2026-10-05 12:33:56.612
2026-10-05 12:22:21,SLLC329,0103,Marilyn Matar,20,20,0,2026-10-05 12:33:56,2026-10-05 12:33:56.612
2026-10-05 12:22:21,SLLC329,0104,Marilyn Matar,10,10,0,2026-10-05 12:33:56,2026-10-05 12:33:56.612
2026-10-05 12:22:21,SLLC329,0105,Marilyn Matar,10,10,0,2026-10-05 12:33:56,2026-10-05 12:33:56.612
2026-10-05 12:22:21,SLLC329,0106,Marilyn Matar,10,10,0,2026-10-05 12:33:56,2026-10-05 12:33:56.613
2026-10-05 12:22:21,SLLC329,0107,Marilyn Matar,10,10,0,2026-10-05 12:33:56,2026-10-05 12:33:56.613
2026-10-05 12:22:21,SLLC329,0108,Marilyn Matar,10,10,0,2026-10-05 12:33:56,2026-10-05 12:33:56.613
2026-10-05 12:22:21,SLLC329,0109,Marilyn Matar,10,10,0,2026-10-05 12:33:56,2026-10-05 12:33:56.613
2026-10-05 12:22:21,SLLC329,0110,Marilyn Matar,20,20,0,2026-10-05 12:33:56,2026-10-05 12:33:56.613
2026-10-05 12:22:21,SMLP471,0101,Jennifer Hsin,60,60,0,2026-10-05 12:33:57,2026-10-05 12:33:57.879
2026-10-05 12:22:21,SMLP474,0101,Sara Herald,60,60,0,2026-10-05 12:33:58,2026-10-05 12:33:58.046
2026-10-05 12:22:21,SPHL100,0101,Shuling Wu,20,20,0,2026-10-05 12:34:13,2026-10-05 12:34:13.398
2026-10-05 12:22:21,SPHL100,0102,Shuling Wu,20,20,0,2026-10-05 12:34:13,2026-10-05 12:34:13.398
2026-10-05 12:22:21,SPHL100,0103,Shuling Wu,20,20,0,2026-10-05 12:34:13,2026-10-05 12:34:13.398
2026-10-05 12:22:21,SPHL100,0104,Shuling Wu,20,20,0,2026-10-05 12:34:13,2026-10-05 12:34:13.398
2026-10-05 12:22:21,SPHL100,0105,Shuling Wu,20,20,0,2026-10-05 12:34:13,2026-10-05 12:34:13.398
2026-10-05 12:22:21,SPHL100,0106,Shuling Wu,20,20,0,2026-10-05 12:34:13,2026-10-05 12:34:13.398
2026-10-05 12:22:21,SPHL100,0107,Shuling Wu,20,20,0,2026-10-05 12:34:13,2026-10-05 12:34:13.399
2026-10-05 12:22:21,SPHL100,0108,Shuling Wu,20,20,0,2026-10-05 12:34:13,2026-10-05 12:34:13.399
2026-10-05 12:22:21,SPHL100,0109,Shuling Wu,20,20,0,2026-10-05 12:34:13,2026-10-05 12:34:13.399
2026-10-05 12:22:21,SPHL100,0110,Shuling Wu,20,20,0,2026-10-05 12:34:13,2026-10-05 12:34:13.399
2026-10-05 12:22:21,SPHL100,0201,Shuling Wu,20,20,0,2026-10-05 12:34:13,2026-10-05 12:34:13.399
2026-10-05 12:22:21,SPHL100,0202,Shuling Wu,20,20,0,2026-10-05 12:34:13,2026-10-05 12:34:13.400
2026-10-05 12:22:21,SPHL100,0203,Shuling Wu,20,20,0,2026-10-05 12:34:13,2026-10-05 12:34:13.400
2026-10-05 12:22:21,SPHL100,0204,Shuling Wu,20,20,0,2026-10-05 12:34:13,2026-10-05 12:34:13.400
2026-10-05 12:22:21,SPHL100,0205,Shuling Wu,20,20,0,2026-10-05 12:34:13,2026-10-05 12:34:13.400
2026-10-05 12:22:21,SPHL100,0206,Shuling Wu,20,20,0,2026-10-05 12:34:13,2026-10-05 12:34:13.400
2026-10-05 12:22:21,SPHL100,0207,Shuling Wu,20,20,0,2026-10-05 12:34:13,2026-10-05 12:34:13.401
2026-10-05 12:22:21,SPHL100,0208,Shuling Wu,20,20,0,2026-10-05 12:34:13,2026-10-05 12:34:13.401
2026-10-05 12:22:21,SPHL246,0101,April Khaing,20,20,0,2026-10-05 12:34:13,2026-10-05 12:34:13.566
2026-10-05 12:22:21,SPHL276,0101,Dina Borzekowski,25,25,0,2026-10-05 12:34:13,2026-10-05 12:34:13.732
2026-10-05 12:22:21,SPHL321,0101,Sylvette La Touche-Howard,15,15,0,2026-10-05 12:34:13,2026-10-05 12:34:13.899
2026-10-05 12:22:21,SPHL333,0101,Cynthia Kershaw,75,75,0,2026-10-05 12:34:14,2026-10-05 12:34:14.071
2026-10-05 12:22:21,SPHL478,0101,Tracy Zeeger,10,10,0,2026-10-05 12:34:14,2026-10-05 12:34:14.403
2026-10-05 12:22:21,SPHL600,0101,Sylvette La Touche-Howard,8,8,0,2026-10-05 12:34:14,2026-10-05 12:34:14.572
2026-10-05 12:22:21,SPHL610,0101,Danielle Catona,22,22,0,2026-10-05 12:34:14,2026-10-05 12:34:14.753
2026-10-05 12:22:21,SPHL610,0102,Danielle Catona,22,22,0,2026-10-05 12:34:14,2026-10-05 12:34:14.753
2026-10-05 12:22:21,SPHL610,0103,Danielle Catona,22,22,0,2026-10-05 12:34:14,2026-10-05 12:34:14.753
2026-10-05 12:22:21,SPHL610,PLB1,Priscilla Novak,20,20,0,2026-10-05 12:34:14,2026-10-05 12:34:14.753
2026-10-05 12:22:21,SPHL610,PLH1,Priscilla Novak,28,28,0,2026-10-05 12:34:14,2026-10-05 12:34:14.753
2026-10-05 12:22:21,SPHL610,PLK1,Priscilla Novak,5,5,0,2026-10-05 12:34:14,2026-10-05 12:34:14.754
2026-10-05 12:22:21,SPHL611,0101,Danielle Catona,45,45,0,2026-10-05 12:34:14,2026-10-05 12:34:14.933
2026-10-05 12:22:21,SPHL611,0201,Danielle Catona,45,45,0,2026-10-05 12:34:14,2026-10-05 12:34:14.933
2026-10-05 12:22:21,SPHL611,PLB1,Evelyn King-Marshall,20,20,0,2026-10-05 12:34:14,2026-10-05 12:34:14.933
2026-10-05 12:22:21,SPHL611,PLH1,Evelyn King-Marshall,28,28,0,2026-10-05 12:34:14,2026-10-05 12:34:14.933
2026-10-05 12:22:21,SPHL611,PLK1,Evelyn King-Marshall,5,5,0,2026-10-05 12:34:14,2026-10-05 12:34:14.934
2026-10-05 12:22:21,SPHL612,0101,James Hagberg,15,15,0,2026-10-05 12:34:15,2026-10-05 12:34:15.107
2026-10-05 12:22:21,TLTC310,0101,Danielle Pafe,20,20,0,2026-10-05 12:34:36,2026-10-05 12:34:36.617
2026-10-05 12:22:21,TLTC333,0101,Mona Thompson,55,55,0,2026-10-05 12:34:36,2026-10-05 12:34:36.791
2026-10-05 12:22:21,TLTC333,0102,Mona Thompson,55,55,0,2026-10-05 12:34:36,2026-10-05 12:34:36.791
2026-10-05 12:22:21,TLTC333,0105,Mona Thompson,55,55,0,2026-10-05 12:34:36,2026-10-05 12:34:36.791
2026-10-05 12:22:21,URSP372,0101,Priscila Alves,20,20,0,2026-10-05 12:34:42,2026-10-05 12:34:42.796
2026-10-05 12:22:21,URSP488A,0101,Chengri Ding,30,30,0,2026-10-05 12:34:42,2026-10-05 12:34:42.961
2026-10-05 12:22:21,URSP600,0101,Kevin Nelson,25,25,0,2026-10-05 12:34:43,2026-10-05 12:34:43.129
2026-10-05 12:22:21,URSP603,0101,Dawn Jourdan,33,33,0,2026-10-05 12:34:43,2026-10-05 12:34:43.299
2026-10-05 12:22:21,URSP606,0101,Chengri Ding,15,15,0,2026-10-05 12:34:43,2026-10-05 12:34:43.542
2026-10-05 12:22:21,URSP631,0101,Hiroyuki Iseki,15,15,0,2026-10-05 12:34:43,2026-10-05 12:34:43.712
2026-10-05 12:22:21,URSP668B,0101,Eric Burnstein,20,20,0,2026-10-05 12:34:43,2026-10-05 12:34:43.880
2026-10-05 12:22:21,URSP673,0101,Riem ElZoghbi,25,25,0,2026-10-05 12:34:44,2026-10-05 12:34:44.051
2026-10-05 12:22:21,URSP688M,0101,Andrew Bernish,20,20,0,2026-10-05 12:34:44,2026-10-05 12:34:44.216
2026-10-05 12:22:21,URSP688P,0101,Sonja Ewing,15,15,0,2026-10-05 12:34:44,2026-10-05 12:34:44.379
2026-10-05 12:22:21,URSP688Y,0101,Chester Harvey,30,30,0,2026-10-05 12:34:44,2026-10-05 12:34:44.545
2026-10-05 12:22:21,URSP708,0101,Nicholas Finio,10,10,0,2026-10-05 12:34:44,2026-10-05 12:34:44.723
2026-10-05 12:22:21,URSP709,0101,Casey Dawkins,10,10,0,2026-10-05 12:34:44,2026-10-05 12:34:44.891
2026-10-05 12:22:21,URSP805,0101,Casey Dawkins,15,15,0,2026-10-05 12:34:45,2026-10-05 12:34:45.595
2026-10-05 12:22:21,USLT202,0101,Robert Chester,26,26,0,2026-10-05 12:34:47,2026-10-05 12:34:47.193
2026-10-05 12:22:21,USLT403,0101,Perla Guerrero,20,20,0,2026-10-05 12:34:47,2026-10-05 12:34:47.367
2026-10-05 12:22:21,USLT420,0101,Robert Chester,27,27,0,2026-10-05 12:34:47,2026-10-05 12:34:47.532
2026-10-05 12:22:21,USLT488,0101,Nancy Mirabal,30,30,0,2026-10-05 12:34:47,2026-10-05 12:34:47.698
2026-10-05 12:22:21,USLT498L,0101,Fernando Rios,12,12,0,2026-10-05 12:34:47,2026-10-05 12:34:47.863
2026-10-05 12:22:21,VIPS208,0102,Ken Kiger,10,10,0,2026-10-05 12:34:49,2026-10-05 12:34:49.173
2026-10-05 12:22:21,VIPS208,0103,Bryan Quinn,10,10,0,2026-10-05 12:34:49,2026-10-05 12:34:49.173
2026-10-05 12:22:21,VIPS208,0104,Ryan Sochol,10,10,0,2026-10-05 12:34:49,2026-10-05 12:34:49.173
2026-10-05 12:22:21,VIPS208,0105,Molly Carton,10,10,0,2026-10-05 12:34:49,2026-10-05 12:34:49.173
2026-10-05 12:22:21,VIPS208,0106,James Baeder,11,11,0,2026-10-05 12:34:49,2026-10-05 12:34:49.173
2026-10-05 12:22:21,VIPS208,0107,Catherine Spirito,10,10,0,2026-10-05 12:34:49,2026-10-05 12:34:49.174
2026-10-05 12:22:21,VIPS208,0108,Ronald Yaros,10,10,0,2026-10-05 12:34:49,2026-10-05 12:34:49.174
2026-10-05 12:22:21,VIPS208,0109,Carinna Ferguson,10,10,0,2026-10-05 12:34:49,2026-10-05 12:34:49.174
2026-10-05 12:22:21,VIPS208,0110,Tracy Riggins,10,10,0,2026-10-05 12:34:49,2026-10-05 12:34:49.174
2026-10-05 12:22:21,VIPS208,0111,Kevin Calabro,10,10,0,2026-10-05 12:34:49,2026-10-05 12:34:49.174
2026-10-05 12:22:21,VIPS208,0112,Raffaele Viglianti,10,10,0,2026-10-05 12:34:49,2026-10-05 12:34:49.174
2026-10-05 12:22:21,VIPS208,0113,Shabnam Jabeen,10,10,0,2026-10-05 12:34:49,2026-10-05 12:34:49.175
2026-10-05 12:22:21,VIPS208,0114,Ning Zeng,10,10,0,2026-10-05 12:34:49,2026-10-05 12:34:49.175
2026-10-05 12:22:21,VIPS208,0115,Veronica Kang,10,10,0,2026-10-05 12:34:49,2026-10-05 12:34:49.175
2026-10-05 12:22:21,VIPS208,0116,David Stewart,10,10,0,2026-10-05 12:34:49,2026-10-05 12:34:49.175
2026-10-05 12:22:21,VIPS208,0117,Meredith Epstein,10,10,0,2026-10-05 12:34:49,2026-10-05 12:34:49.175
2026-10-05 12:22:21,VIPS208,0118,Magaly Toro Ibaceta,10,10,0,2026-10-05 12:34:49,2026-10-05 12:34:49.176
2026-10-05 12:22:21,VIPS208,0120,Marisa Parham,10,10,0,2026-10-05 12:34:49,2026-10-05 12:34:49.176
2026-10-05 12:22:21,VIPS208,0121,Becky Epanchin-Niell,10,10,0,2026-10-05 12:34:49,2026-10-05 12:34:49.176
2026-10-05 12:22:21,VIPS208,0122,Timothy Reedy,10,10,0,2026-10-05 12:34:49,2026-10-05 12:34:49.176
2026-10-05 12:22:21,VIPS208,0123,Lingnan Lin,10,10,0,2026-10-05 12:34:49,2026-10-05 12:34:49.176
2026-10-05 12:22:21,VIPS208,0124,Jeffrey Moro,10,10,0,2026-10-05 12:34:49,2026-10-05 12:34:49.176
2026-10-05 12:22:21,VIPS208,0125,Peter Sunderland,10,10,0,2026-10-05 12:34:49,2026-10-05 12:34:49.177
2026-10-05 12:22:21,VIPS208,0126,Brienna Anderson,10,10,0,2026-10-05 12:34:49,2026-10-05 12:34:49.177
2026-10-05 12:22:21,VIPS308,0102,Ken Kiger,10,10,0,2026-10-05 12:34:49,2026-10-05 12:34:49.402
2026-10-05 12:22:21,VIPS308,0103,Bryan Quinn,13,13,0,2026-10-05 12:34:49,2026-10-05 12:34:49.403
2026-10-05 12:22:21,VIPS308,0104,Ryan Sochol,10,10,0,2026-10-05 12:34:49,2026-10-05 12:34:49.403
2026-10-05 12:22:21,VIPS308,0105,Molly Carton,10,10,0,2026-10-05 12:34:49,2026-10-05 12:34:49.403
2026-10-05 12:22:21,VIPS308,0106,James Baeder,10,10,0,2026-10-05 12:34:49,2026-10-05 12:34:49.403
2026-10-05 12:22:21,VIPS308,0107,Catherine Spirito,10,10,0,2026-10-05 12:34:49,2026-10-05 12:34:49.403
2026-10-05 12:22:21,VIPS308,0108,Ronald Yaros,10,10,0,2026-10-05 12:34:49,2026-10-05 12:34:49.404
2026-10-05 12:22:21,VIPS308,0109,Carinna Ferguson,10,10,0,2026-10-05 12:34:49,2026-10-05 12:34:49.404
2026-10-05 12:22:21,VIPS308,0110,Tracy Riggins,10,10,0,2026-10-05 12:34:49,2026-10-05 12:34:49.404
2026-10-05 12:22:21,VIPS308,0111,Kevin Calabro,10,10,0,2026-10-05 12:34:49,2026-10-05 12:34:49.404
2026-10-05 12:22:21,VIPS308,0112,Raffaele Viglianti,10,10,0,2026-10-05 12:34:49,2026-10-05 12:34:49.404
2026-10-05 12:22:21,VIPS308,0113,Shabnam Jabeen,10,10,0,2026-10-05 12:34:49,2026-10-05 12:34:49.404
2026-10-05 12:22:21,VIPS308,0114,Ning Zeng,10,10,0,2026-10-05 12:34:49,2026-10-05 12:34:49.405
2026-10-05 12:22:21,VIPS308,0115,Veronica Kang,10,10,0,2026-10-05 12:34:49,2026-10-05 12:34:49.405
2026-10-05 12:22:21,VIPS308,0116,David Stewart,10,10,0,2026-10-05 12:34:49,2026-10-05 12:34:49.405
2026-10-05 12:22:21,VIPS308,0117,Meredith Epstein,10,10,0,2026-10-05 12:34:49,2026-10-05 12:34:49.405
2026-10-05 12:22:21,VIPS308,0118,Magaly Toro Ibaceta,10,10,0,2026-10-05 12:34:49,2026-10-05 12:34:49.405
2026-10-05 12:22:21,VIPS308,0120,Marisa Parham,10,10,0,2026-10-05 12:34:49,2026-10-05 12:34:49.406
2026-10-05 12:22:21,VIPS308,0121,Becky Epanchin-Niell,10,10,0,2026-10-05 12:34:49,2026-10-05 12:34:49.406
2026-10-05 12:22:21,VIPS308,0122,Timothy Reedy,10,10,0,2026-10-05 12:34:49,2026-10-05 12:34:49.406
2026-10-05 12:22:21,VIPS308,0123,Lingnan Lin,10,10,0,2026-10-05 12:34:49,2026-10-05 12:34:49.406
2026-10-05 12:22:21,VIPS308,0124,Jeffrey Moro,10,10,0,2026-10-05 12:34:49,2026-10-05 12:34:49.406
2026-10-05 12:22:21,VIPS308,0125,Peter Sunderland,10,10,0,2026-10-05 12:34:49,2026-10-05 12:34:49.406
2026-10-05 12:22:21,VIPS308,0126,Brienna Anderson,10,10,0,2026-10-05 12:34:49,2026-10-05 12:34:49.407
2026-10-05 12:22:21,VIPS408,0102,Ken Kiger,10,10,0,2026-10-05 12:34:49,2026-10-05 12:34:49.631
2026-10-05 12:22:21,VIPS408,0103,Bryan Quinn,10,10,0,2026-10-05 12:34:49,2026-10-05 12:34:49.631
2026-10-05 12:22:21,VIPS408,0104,Ryan Sochol,10,10,0,2026-10-05 12:34:49,2026-10-05 12:34:49.631
2026-10-05 12:22:21,VIPS408,0105,Molly Carton,10,10,0,2026-10-05 12:34:49,2026-10-05 12:34:49.631
2026-10-05 12:22:21,VIPS408,0106,James Baeder,10,10,0,2026-10-05 12:34:49,2026-10-05 12:34:49.631
2026-10-05 12:22:21,VIPS408,0107,Catherine Spirito,10,10,0,2026-10-05 12:34:49,2026-10-05 12:34:49.632
2026-10-05 12:22:21,VIPS408,0108,Ronald Yaros,10,10,0,2026-10-05 12:34:49,2026-10-05 12:34:49.632
2026-10-05 12:22:21,VIPS408,0109,Carinna Ferguson,10,10,0,2026-10-05 12:34:49,2026-10-05 12:34:49.632
2026-10-05 12:22:21,VIPS408,0110,Tracy Riggins,10,10,0,2026-10-05 12:34:49,2026-10-05 12:34:49.632
2026-10-05 12:22:21,VIPS408,0111,Kevin Calabro,10,10,0,2026-10-05 12:34:49,2026-10-05 12:34:49.632
2026-10-05 12:22:21,VIPS408,0112,Raffaele Viglianti,10,10,0,2026-10-05 12:34:49,2026-10-05 12:34:49.633
2026-10-05 12:22:21,VIPS408,0113,Shabnam Jabeen,10,10,0,2026-10-05 12:34:49,2026-10-05 12:34:49.633
2026-10-05 12:22:21,VIPS408,0114,Ning Zeng,10,10,0,2026-10-05 12:34:49,2026-10-05 12:34:49.633
2026-10-05 12:22:21,VIPS408,0115,Veronica Kang,10,10,0,2026-10-05 12:34:49,2026-10-05 12:34:49.633
2026-10-05 12:22:21,VIPS408,0116,David Stewart,10,10,0,2026-10-05 12:34:49,2026-10-05 12:34:49.633
2026-10-05 12:22:21,VIPS408,0117,Meredith Epstein,10,10,0,2026-10-05 12:34:49,2026-10-05 12:34:49.634
2026-10-05 12:22:21,VIPS408,0118,Magaly Toro Ibaceta,10,10,0,2026-10-05 12:34:49,2026-10-05 12:34:49.634
2026-10-05 12:22:21,VIPS408,0120,Marisa Parham,10,10,0,2026-10-05 12:34:49,2026-10-05 12:34:49.634
2026-10-05 12:22:21,VIPS408,0121,Becky Epanchin-Niell,10,10,0,2026-10-05 12:34:49,2026-10-05 12:34:49.634
2026-10-05 12:22:21,VIPS408,0122,Timothy Reedy,10,10,0,2026-10-05 12:34:49,2026-10-05 12:34:49.634
2026-10-05 12:22:21,VIPS408,0123,Lingnan Lin,10,10,0,2026-10-05 12:34:49,2026-10-05 12:34:49.634
2026-10-05 12:22:21,VIPS408,0124,Jeffrey Moro,10,10,0,2026-10-05 12:34:49,2026-10-05 12:34:49.635
2026-10-05 12:22:21,VIPS408,0125,Peter Sunderland,10,10,0,2026-10-05 12:34:49,2026-10-05 12:34:49.635
2026-10-05 12:22:21,VIPS408,0126,Brienna Anderson,10,10,0,2026-10-05 12:34:49,2026-10-05 12:34:49.635
2026-10-05 12:22:21,WEID139N,0101,Denise Joseph,60,60,0,2026-10-05 12:34:54,2026-10-05 12:34:54.348
2026-10-05 12:22:21,WEID139T,0201,Taylor Togafau-Lewis,45,45,0,2026-10-05 12:34:54,2026-10-05 12:34:54.518
2026-10-05 12:22:21,WGSS105,0101,Jessica Mathiason,30,30,0,2026-10-05 12:34:55,2026-10-05 12:34:55.914
2026-10-05 12:22:21,WGSS105,0102,Jessica Mathiason,30,30,0,2026-10-05 12:34:55,2026-10-05 12:34:55.914
2026-10-05 12:22:21,WGSS105,0103,Jessica Mathiason,30,30,0,2026-10-05 12:34:55,2026-10-05 12:34:55.914
2026-10-05 12:22:21,WGSS105,0104,Jessica Mathiason,30,30,0,2026-10-05 12:34:55,2026-10-05 12:34:55.915
2026-10-05 12:22:21,WGSS115,0101,Alexis Lothian,25,25,0,2026-10-05 12:34:56,2026-10-05 12:34:56.095
2026-10-05 12:22:21,WGSS115,0102,Alexis Lothian,25,25,0,2026-10-05 12:34:56,2026-10-05 12:34:56.095
2026-10-05 12:22:21,WGSS201,0101,Sayan Bhattacharya,25,25,0,2026-10-05 12:34:56,2026-10-05 12:34:56.270
2026-10-05 12:22:21,WGSS201,0102,Sayan Bhattacharya,25,25,0,2026-10-05 12:34:56,2026-10-05 12:34:56.270
2026-10-05 12:22:21,WGSS205,0101,Shelbi Meissner,21,21,0,2026-10-05 12:34:56,2026-10-05 12:34:56.459
2026-10-05 12:22:21,WGSS205,0201,Shelbi Meissner,21,21,0,2026-10-05 12:34:56,2026-10-05 12:34:56.459
2026-10-05 12:22:21,WGSS230,0101,Daniel Richter,20,20,0,2026-10-05 12:34:56,2026-10-05 12:34:56.632
2026-10-05 12:22:21,WGSS230,0201,Robert Lucci,20,20,0,2026-10-05 12:34:56,2026-10-05 12:34:56.632
2026-10-05 12:22:21,WGSS250,0101,Lidia Garcia Berrelleza,25,25,0,2026-10-05 12:34:56,2026-10-05 12:34:56.799
2026-10-05 12:22:21,WGSS250,0201,Shameem Razack,25,25,0,2026-10-05 12:34:56,2026-10-05 12:34:56.800
2026-10-05 12:22:21,WGSS255,0101,Instructor: TBA,30,30,0,2026-10-05 12:34:56,2026-10-05 12:34:56.968
2026-10-05 12:22:21,WGSS265,0101,Ashley Newby,40,40,0,2026-10-05 12:34:57,2026-10-05 12:34:57.134
2026-10-05 12:22:21,WGSS275,0101,Instructor: TBA,30,30,0,2026-10-05 12:34:57,2026-10-05 12:34:57.307
2026-10-05 12:22:21,WGSS280,0101,Jessica Mathiason,52,52,0,2026-10-05 12:34:57,2026-10-05 12:34:57.507
2026-10-05 12:22:21,WGSS290,0101,Jessica Mathiason,30,30,0,2026-10-05 12:34:57,2026-10-05 12:34:57.678
2026-10-05 12:22:21,WGSS290,0201,Sydney Lewis,31,31,0,2026-10-05 12:34:57,2026-10-05 12:34:57.678
2026-10-05 12:22:21,WGSS298C,0101,Will Mosley,35,35,0,2026-10-05 12:34:57,2026-10-05 12:34:57.848
2026-10-05 12:22:21,WGSS298S,0101,Jordan Keesler,25,25,0,2026-10-05 12:34:58,2026-10-05 12:34:58.021
2026-10-05 12:22:21,WGSS302,0101,Will Mosley,25,25,0,2026-10-05 12:34:58,2026-10-05 12:34:58.184
2026-10-05 12:22:21,WGSS306,0101,Sydney Lewis,30,30,0,2026-10-05 12:34:58,2026-10-05 12:34:58.365
2026-10-05 12:22:21,WGSS310,0101,Sayan Bhattacharya,25,25,0,2026-10-05 12:34:58,2026-10-05 12:34:58.532
2026-10-05 12:22:21,WGSS319F,0101,Alexis Lothian,30,30,0,2026-10-05 12:34:58,2026-10-05 12:34:58.703
2026-10-05 12:22:21,WGSS379G,0101,Chinyere Osuji,20,20,0,2026-10-05 12:34:58,2026-10-05 12:34:58.874
2026-10-05 12:22:21,WGSS379U,0101,John Drabinski,25,25,0,2026-10-05 12:34:59,2026-10-05 12:34:59.046
2026-10-05 12:22:21,WGSS422,0101,Jennifer Cho,18,18,0,2026-10-05 12:34:59,2026-10-05 12:34:59.213
2026-10-05 12:22:21,WGSS471,0101,Katherine Sharp,25,25,0,2026-10-05 12:34:59,2026-10-05 12:34:59.383
2026-10-05 12:22:21,WGSS471,0201,Katherine Sharp,45,45,0,2026-10-05 12:34:59,2026-10-05 12:34:59.383
2026-10-05 12:22:21,WGSS475,0101,Sydney Lewis,20,20,0,2026-10-05 12:34:59,2026-10-05 12:34:59.549
2026-10-05 12:22:21,WGSS487,0101,Eva Hageman,15,15,0,2026-10-05 12:34:59,2026-10-05 12:34:59.719
2026-10-05 12:22:21,WGSS487H,0101,Eva Hageman,5,5,0,2026-10-05 12:34:59,2026-10-05 12:34:59.887
2026-10-05 12:22:21,WGSS602,0101,Shelbi Meissner,12,12,0,2026-10-05 12:35:00,2026-10-05 12:35:00.652
2026-10-05 12:22:21,WGSS708,0101,Alexis Lothian,10,10,0,2026-10-05 12:35:01,2026-10-05 12:35:01.156
2026-10-05 12:22:21,XPER455,0101,TJ Rainsford,25,25,0,2026-10-05 12:35:03,2026-10-05 12:35:03.130
