Timestamp,Course,Section,Instructor,Total_Seats,Open_Seats,Waitlist,Fetch_Time,Actual_Log_Time
2026-09-23 02:38:38,AAAS100,0101,Shane Walsh,35,35,0,2026-09-23 02:39:29,2026-09-23 02:39:29.869
2026-09-23 02:38:38,AAAS100,0201,Shane Walsh,35,35,0,2026-09-23 02:39:29,2026-09-23 02:39:29.869
2026-09-23 02:38:38,AAAS100,0301,George Kintiba,30,30,0,2026-09-23 02:39:29,2026-09-23 02:39:29.869
2026-09-23 02:38:38,AAAS100,0401,Beka Guluma,35,35,0,2026-09-23 02:39:29,2026-09-23 02:39:29.870
2026-09-23 02:38:38,AAAS100,0501,Jason Nichols,33,33,0,2026-09-23 02:39:29,2026-09-23 02:39:29.870
2026-09-23 02:38:38,AAAS100,0601,Jason Nichols,35,35,0,2026-09-23 02:39:29,2026-09-23 02:39:29.870
2026-09-23 02:38:38,AAAS100H,0301,George Kintiba,5,5,0,2026-09-23 02:39:30,2026-09-23 02:39:30.064
2026-09-23 02:38:38,AAAS101,0101,Periloux Peay,40,40,0,2026-09-23 02:39:30,2026-09-23 02:39:30.331
2026-09-23 02:38:38,AAAS187,0101,Robert Choflet,30,30,0,2026-09-23 02:39:30,2026-09-23 02:39:30.489
2026-09-23 02:38:38,AAAS200,0101,George Kintiba,40,40,0,2026-09-23 02:39:30,2026-09-23 02:39:30.729
2026-09-23 02:38:38,AAAS202,0101,Robert Choflet,30,30,0,2026-09-23 02:39:30,2026-09-23 02:39:30.966
2026-09-23 02:38:38,AAAS202,0201,Angelica Dunbar,35,35,0,2026-09-23 02:39:30,2026-09-23 02:39:30.966
2026-09-23 02:38:38,AAAS202,0301,Angelica Dunbar,35,35,0,2026-09-23 02:39:30,2026-09-23 02:39:30.966
2026-09-23 02:38:38,AAAS202,0401,Robert Choflet,35,35,0,2026-09-23 02:39:30,2026-09-23 02:39:30.966
2026-09-23 02:38:38,AAAS202H,0101,Robert Choflet,5,5,0,2026-09-23 02:39:31,2026-09-23 02:39:31.112
2026-09-23 02:38:38,AAAS211,0101,Shane Walsh,120,120,0,2026-09-23 02:39:31,2026-09-23 02:39:31.341
2026-09-23 02:38:38,AAAS234,0101,Instructor: TBA,30,30,0,2026-09-23 02:39:31,2026-09-23 02:39:31.489
2026-09-23 02:38:38,AAAS255,0101,Leigh Soares,40,40,0,2026-09-23 02:39:31,2026-09-23 02:39:31.679
2026-09-23 02:38:38,AAAS265,0101,Ashley Newby,40,40,0,2026-09-23 02:39:31,2026-09-23 02:39:31.824
2026-09-23 02:38:38,AAAS320,0101,Cecily Jackson,25,25,0,2026-09-23 02:39:32,2026-09-23 02:39:32.090
2026-09-23 02:38:38,AAAS320,0201,Cecily Jackson,25,25,0,2026-09-23 02:39:32,2026-09-23 02:39:32.090
2026-09-23 02:38:38,AAAS386,0101,Marshal Washington,10,10,0,2026-09-23 02:39:32,2026-09-23 02:39:32.258
2026-09-23 02:38:38,AAAS398G,0101,Chinyere Osuji,20,20,0,2026-09-23 02:39:32,2026-09-23 02:39:32.409
2026-09-23 02:38:38,AAAS398U,0101,John Drabinski,25,25,0,2026-09-23 02:39:32,2026-09-23 02:39:32.711
2026-09-23 02:38:38,AAAS400,0101,George Kintiba,20,20,0,2026-09-23 02:39:32,2026-09-23 02:39:32.862
2026-09-23 02:38:38,AAAS400H,0101,George Kintiba,5,5,0,2026-09-23 02:39:33,2026-09-23 02:39:33.110
2026-09-23 02:38:38,AAAS490,0101,Paul Landau,18,18,0,2026-09-23 02:39:33,2026-09-23 02:39:33.258
2026-09-23 02:38:38,AAAS498X,0101,Terrill Taylor,40,40,0,2026-09-23 02:39:33,2026-09-23 02:39:33.414
2026-09-23 02:38:38,AAST200,0101,Jennifer Cho,34,34,0,2026-09-23 02:39:34,2026-09-23 02:39:34.641
2026-09-23 02:38:38,AAST201,0101,Madeline Hsu,40,40,0,2026-09-23 02:39:34,2026-09-23 02:39:34.785
2026-09-23 02:38:38,AAST250,0101,Jennifer Cho,30,30,0,2026-09-23 02:39:34,2026-09-23 02:39:34.943
2026-09-23 02:38:38,AAST262,0101,Derek Iwamoto,60,60,0,2026-09-23 02:39:35,2026-09-23 02:39:35.117
2026-09-23 02:38:38,AAST322,0101,Julie Park,30,30,0,2026-09-23 02:39:35,2026-09-23 02:39:35.319
2026-09-23 02:38:38,AAST350,0101,Binod Paudyal,25,25,0,2026-09-23 02:39:35,2026-09-23 02:39:35.495
2026-09-23 02:38:38,AAST351,0101,Binod Paudyal,34,34,0,2026-09-23 02:39:35,2026-09-23 02:39:35.688
2026-09-23 02:38:38,AAST363,0101,Gemirald Daus,35,35,0,2026-09-23 02:39:35,2026-09-23 02:39:35.834
2026-09-23 02:38:38,AAST378,0101,Janelle Wong,2,2,0,2026-09-23 02:39:36,2026-09-23 02:39:36.222
2026-09-23 02:38:38,AAST394,0101,Wenxi Yang,25,25,0,2026-09-23 02:39:36,2026-09-23 02:39:36.575
2026-09-23 02:38:38,AAST398A,0101,Michelle Magalong,20,20,0,2026-09-23 02:39:36,2026-09-23 02:39:36.805
2026-09-23 02:38:38,AAST398B,0101,Chris Eng,25,25,0,2026-09-23 02:39:36,2026-09-23 02:39:36.951
2026-09-23 02:38:38,AAST421,0101,Philip Nash,20,20,0,2026-09-23 02:39:37,2026-09-23 02:39:37.130
2026-09-23 02:38:38,AAST422,0101,Jennifer Cho,18,18,0,2026-09-23 02:39:37,2026-09-23 02:39:37.277
2026-09-23 02:38:38,AAST443,0101,Janelle Wong,27,27,0,2026-09-23 02:39:37,2026-09-23 02:39:37.432
2026-09-23 02:38:38,ABRM450,0101,Ashley Newby,10,10,0,2026-09-23 02:39:38,2026-09-23 02:39:38.812
2026-09-23 02:38:38,AGNR301,0101,Thomas Hilde,150,150,0,2026-09-23 02:39:40,2026-09-23 02:39:40.088
2026-09-23 02:38:38,AGNR388,0101,Instructor: TBA,20,20,0,2026-09-23 02:39:40,2026-09-23 02:39:40.240
2026-09-23 02:38:38,AIME498B,0101,Kevin McGarry,30,30,0,2026-09-23 02:39:43,2026-09-23 02:39:43.169
2026-09-23 02:38:38,ARAB101,0101,Samah Al-salami,15,15,0,2026-09-23 02:40:10,2026-09-23 02:40:10.934
2026-09-23 02:38:38,ARAB101,0201,Ahmed Hanafy,15,15,0,2026-09-23 02:40:10,2026-09-23 02:40:10.934
2026-09-23 02:38:38,ARAB102,0101,Samah Al-salami,15,15,0,2026-09-23 02:40:11,2026-09-23 02:40:11.080
2026-09-23 02:38:38,ARAB102,0201,Samah Al-salami,15,15,0,2026-09-23 02:40:11,2026-09-23 02:40:11.080
2026-09-23 02:38:38,ARAB201,0101,Lutf Alkebsi,15,15,0,2026-09-23 02:40:11,2026-09-23 02:40:11.247
2026-09-23 02:38:38,ARAB202,0101,Lutf Alkebsi,15,15,0,2026-09-23 02:40:11,2026-09-23 02:40:11.397
2026-09-23 02:38:38,ARAB202,0201,Lutf Alkebsi,15,15,0,2026-09-23 02:40:11,2026-09-23 02:40:11.397
2026-09-23 02:38:38,ARAB222,0101,Ahmed Hanafy,15,15,0,2026-09-23 02:40:11,2026-09-23 02:40:11.549
2026-09-23 02:38:38,ARAB250,0101,Anny Gaul,15,15,0,2026-09-23 02:40:11,2026-09-23 02:40:11.701
2026-09-23 02:38:38,ARAB302,0101,Ahmed Hanafy,15,15,0,2026-09-23 02:40:11,2026-09-23 02:40:11.851
2026-09-23 02:38:38,ARAB317,0101,Anny Gaul,15,15,0,2026-09-23 02:40:11,2026-09-23 02:40:11.999
2026-09-23 02:38:38,ARAB398W,0101,Lutf Alkebsi,15,15,0,2026-09-23 02:40:12,2026-09-23 02:40:12.291
2026-09-23 02:38:38,ARAB499X,0101,Samah Al-salami,15,15,0,2026-09-23 02:40:12,2026-09-23 02:40:12.765
2026-09-23 02:38:38,ARCH170,0101,Lindsey May,100,100,0,2026-09-23 02:40:14,2026-09-23 02:40:14.115
2026-09-23 02:38:38,ARCH200,0101,Michael Abrams,21,21,0,2026-09-23 02:40:14,2026-09-23 02:40:14.268
2026-09-23 02:38:38,ARCH200,0102,Michael Abrams,21,21,0,2026-09-23 02:40:14,2026-09-23 02:40:14.268
2026-09-23 02:38:38,ARCH200,0103,Michael Abrams,21,21,0,2026-09-23 02:40:14,2026-09-23 02:40:14.268
2026-09-23 02:38:38,ARCH200,0104,Michael Abrams,21,21,0,2026-09-23 02:40:14,2026-09-23 02:40:14.268
2026-09-23 02:38:38,ARCH200,0105,Michael Abrams,21,21,0,2026-09-23 02:40:14,2026-09-23 02:40:14.268
2026-09-23 02:38:38,ARCH200,0106,Michael Abrams,21,21,0,2026-09-23 02:40:14,2026-09-23 02:40:14.269
2026-09-23 02:38:38,ARCH225,0101,Joseph Williams,125,125,0,2026-09-23 02:40:14,2026-09-23 02:40:14.414
2026-09-23 02:38:38,ARCH271,0101,Wayne Ricardo Curtis,75,75,0,2026-09-23 02:40:14,2026-09-23 02:40:14.565
2026-09-23 02:38:38,ARCH271,0102,Wayne Ricardo Curtis,75,75,0,2026-09-23 02:40:14,2026-09-23 02:40:14.565
2026-09-23 02:38:38,ARCH386,0101,Kristen Stack,10,10,0,2026-09-23 02:40:14,2026-09-23 02:40:14.717
2026-09-23 02:38:38,ARCH400,0101,Kenneth Filler,75,75,0,2026-09-23 02:40:14,2026-09-23 02:40:14.861
2026-09-23 02:38:38,ARCH400,0201,Marcus Cross,60,60,0,2026-09-23 02:40:14,2026-09-23 02:40:14.862
2026-09-23 02:38:38,ARCH402,0101,Taejun James Kim,75,75,0,2026-09-23 02:40:15,2026-09-23 02:40:15.016
2026-09-23 02:38:38,ARCH405,0101,Brittany L Williams,14,14,0,2026-09-23 02:40:15,2026-09-23 02:40:15.164
2026-09-23 02:38:38,ARCH407,0101,Georgeanne Matthews,12,12,0,2026-09-23 02:40:15,2026-09-23 02:40:15.312
2026-09-23 02:38:38,ARCH408A,0101,Daniel Curry,5,5,0,2026-09-23 02:40:15,2026-09-23 02:40:15.460
2026-09-23 02:38:38,ARCH408C,0101,Edgar Alvarado,5,5,0,2026-09-23 02:40:15,2026-09-23 02:40:15.607
2026-09-23 02:38:38,ARCH418D,0101,Hooman Koliji,30,30,0,2026-09-23 02:40:15,2026-09-23 02:40:15.758
2026-09-23 02:38:38,ARCH418G,0101,Deokoh Woo,16,16,0,2026-09-23 02:40:15,2026-09-23 02:40:15.907
2026-09-23 02:38:38,ARCH418I,0101,Michael Kleiss,16,16,0,2026-09-23 02:40:16,2026-09-23 02:40:16.055
2026-09-23 02:38:38,ARCH420,0101,Caroline Hickman,30,30,0,2026-09-23 02:40:16,2026-09-23 02:40:16.204
2026-09-23 02:38:38,ARCH423,0101,Joseph Williams,30,30,0,2026-09-23 02:40:16,2026-09-23 02:40:16.352
2026-09-23 02:38:38,ARCH425,0101,Joseph Williams,10,10,0,2026-09-23 02:40:16,2026-09-23 02:40:16.496
2026-09-23 02:38:38,ARCH428F,0101,Matthew Bell,20,20,0,2026-09-23 02:40:16,2026-09-23 02:40:16.653
2026-09-23 02:38:38,ARCH428K,0101,Michele Lamprakos,26,26,0,2026-09-23 02:40:16,2026-09-23 02:40:16.801
2026-09-23 02:38:38,ARCH445,0101,Daniel Curry,15,15,0,2026-09-23 02:40:16,2026-09-23 02:40:16.956
2026-09-23 02:38:38,ARCH463,0101,Deokoh Woo,150,150,0,2026-09-23 02:40:17,2026-09-23 02:40:17.106
2026-09-23 02:38:38,ARCH465,0101,Michael Kleiss,80,80,0,2026-09-23 02:40:17,2026-09-23 02:40:17.258
2026-09-23 02:38:38,ARCH468I,0101,Hooman Koliji,26,26,0,2026-09-23 02:40:17,2026-09-23 02:40:17.429
2026-09-23 02:38:38,ARCH468P,0101,Hooman Koliji,26,26,0,2026-09-23 02:40:17,2026-09-23 02:40:17.577
2026-09-23 02:38:38,ARCH472,0101,Kiley Wilfong Cullen,24,24,0,2026-09-23 02:40:17,2026-09-23 02:40:17.728
2026-09-23 02:38:38,ARCH478L,0101,Michele Lamprakos,10,10,0,2026-09-23 02:40:17,2026-09-23 02:40:17.878
2026-09-23 02:38:38,ARCH478O,0101,Stefan Woehlke,20,20,0,2026-09-23 02:40:18,2026-09-23 02:40:18.027
2026-09-23 02:38:38,ARCH601,0101,Peter Noonan,20,20,0,2026-09-23 02:40:18,2026-09-23 02:40:18.180
2026-09-23 02:38:38,ARCH618G,0101,Deokoh Woo,4,4,0,2026-09-23 02:40:18,2026-09-23 02:40:18.334
2026-09-23 02:38:38,ARCH618I,0101,Michael Kleiss,4,4,0,2026-09-23 02:40:18,2026-09-23 02:40:18.481
2026-09-23 02:38:38,ARCH628K,0101,Michele Lamprakos,4,4,0,2026-09-23 02:40:18,2026-09-23 02:40:18.630
2026-09-23 02:38:38,ARCH635,0101,Matthew Bell,15,15,0,2026-09-23 02:40:18,2026-09-23 02:40:18.777
2026-09-23 02:38:38,ARCH654,0101,Anatole Tchikine,35,35,0,2026-09-23 02:40:18,2026-09-23 02:40:18.930
2026-09-23 02:38:38,ARCH658I,0101,Sonja Ewing,15,15,0,2026-09-23 02:40:19,2026-09-23 02:40:19.176
2026-09-23 02:38:38,ARCH668I,0101,Hooman Koliji,4,4,0,2026-09-23 02:40:19,2026-09-23 02:40:19.366
2026-09-23 02:38:38,ARCH668P,0101,Hooman Koliji,4,4,0,2026-09-23 02:40:19,2026-09-23 02:40:19.554
2026-09-23 02:38:38,ARCH678L,0101,Michele Lamprakos,10,10,0,2026-09-23 02:40:19,2026-09-23 02:40:19.730
2026-09-23 02:38:38,ARCH678O,0101,Stefan Woehlke,5,5,0,2026-09-23 02:40:20,2026-09-23 02:40:20.148
2026-09-23 02:38:38,ARCH797,0101,Hooman Koliji,15,15,0,2026-09-23 02:40:20,2026-09-23 02:40:20.315
2026-09-23 02:38:38,ARMY105,0101,Andrew Bischoff,60,60,0,2026-09-23 02:40:32,2026-09-23 02:40:32.037
2026-09-23 02:38:38,ARMY105,0102,Andrew Bischoff,60,60,0,2026-09-23 02:40:32,2026-09-23 02:40:32.037
2026-09-23 02:38:38,ARMY110,0101,Andrew Bischoff,40,40,0,2026-09-23 02:40:32,2026-09-23 02:40:32.183
2026-09-23 02:38:38,ARMY202,0102,Andrew Bischoff,60,60,0,2026-09-23 02:40:32,2026-09-23 02:40:32.417
2026-09-23 02:38:38,ARMY302,0101,Andrew Bischoff,40,40,0,2026-09-23 02:40:32,2026-09-23 02:40:32.563
2026-09-23 02:38:38,ARMY402,0101,Andrew Bischoff,30,30,0,2026-09-23 02:40:32,2026-09-23 02:40:32.716
2026-09-23 02:38:38,ARMY402,0102,Andrew Bischoff,100,100,0,2026-09-23 02:40:32,2026-09-23 02:40:32.716
2026-09-23 02:38:38,ARSC059,0101,Kathryn Love,250,250,0,2026-09-23 02:40:33,2026-09-23 02:40:33.941
2026-09-23 02:38:38,ARSC101,0101,Alan Snyder,50,50,0,2026-09-23 02:40:34,2026-09-23 02:40:34.224
2026-09-23 02:38:38,ARSC101,0102,Alan Snyder,65,65,0,2026-09-23 02:40:34,2026-09-23 02:40:34.224
2026-09-23 02:38:38,ARSC101,0103,Alan Snyder,40,40,0,2026-09-23 02:40:34,2026-09-23 02:40:34.224
2026-09-23 02:38:38,ARSC101,0104,Alan Snyder,10,10,0,2026-09-23 02:40:34,2026-09-23 02:40:34.224
2026-09-23 02:38:38,ARSC201,0101,Nathan Rabe,65,65,0,2026-09-23 02:40:34,2026-09-23 02:40:34.374
2026-09-23 02:38:38,ARSC201,0102,Kathleen West,40,40,0,2026-09-23 02:40:34,2026-09-23 02:40:34.374
2026-09-23 02:38:38,ARSC201,0103,Kathleen West,40,40,0,2026-09-23 02:40:34,2026-09-23 02:40:34.374
2026-09-23 02:38:38,ARSC301,0101,Kathryn Love,45,45,0,2026-09-23 02:40:34,2026-09-23 02:40:34.530
2026-09-23 02:38:38,ARSC301,0102,Kathryn Love,20,20,0,2026-09-23 02:40:34,2026-09-23 02:40:34.531
2026-09-23 02:38:38,ARSC401,0101,Joseph Herwatic,30,30,0,2026-09-23 02:40:34,2026-09-23 02:40:34.894
2026-09-23 02:38:38,ARSC401,0102,Joseph Herwatic,15,15,0,2026-09-23 02:40:34,2026-09-23 02:40:34.894
2026-09-23 02:38:38,BIOM301,0101,Christine Hakenkamp,28,28,0,2026-09-23 02:41:10,2026-09-23 02:41:10.140
2026-09-23 02:38:38,BIOM301,0102,Christine Hakenkamp,28,28,0,2026-09-23 02:41:10,2026-09-23 02:41:10.141
2026-09-23 02:38:38,BIOM301,0103,Christine Hakenkamp,28,28,0,2026-09-23 02:41:10,2026-09-23 02:41:10.141
2026-09-23 02:38:38,BIOM301,0104,Christine Hakenkamp,28,28,0,2026-09-23 02:41:10,2026-09-23 02:41:10.141
2026-09-23 02:38:38,BIOM301,0105,Christine Hakenkamp,28,28,0,2026-09-23 02:41:10,2026-09-23 02:41:10.141
2026-09-23 02:38:38,BIOM301,0106,Christine Hakenkamp,28,28,0,2026-09-23 02:41:10,2026-09-23 02:41:10.141
2026-09-23 02:38:38,BIOM301,0107,Christine Hakenkamp,28,28,0,2026-09-23 02:41:10,2026-09-23 02:41:10.141
2026-09-23 02:38:38,BIOM301,0201,Instructor: TBA,28,28,0,2026-09-23 02:41:10,2026-09-23 02:41:10.141
2026-09-23 02:38:38,BIOM602,0101,Jiuzhou Song,28,28,0,2026-09-23 02:41:10,2026-09-23 02:41:10.289
2026-09-23 02:38:38,BMIN210,0101,Darlene Dennison,162,162,0,2026-09-23 02:41:27,2026-09-23 02:41:27.003
2026-09-23 02:38:38,BMIN210,0201,Darlene Dennison,162,162,0,2026-09-23 02:41:27,2026-09-23 02:41:27.003
2026-09-23 02:38:38,BMIN305,0101,Tejwansh Anand,162,162,0,2026-09-23 02:41:27,2026-09-23 02:41:27.152
2026-09-23 02:38:38,BMIN345,0101,Michael Padhi,325,325,0,2026-09-23 02:41:27,2026-09-23 02:41:27.304
2026-09-23 02:38:38,BMIN355,0101,Idil Yaveroglu,162,162,0,2026-09-23 02:41:27,2026-09-23 02:41:27.458
2026-09-23 02:38:38,BMIN355,0201,Idil Yaveroglu,162,162,0,2026-09-23 02:41:27,2026-09-23 02:41:27.459
2026-09-23 02:38:38,BMIN375,0101,Leland Gardner,162,162,0,2026-09-23 02:41:27,2026-09-23 02:41:27.609
2026-09-23 02:38:38,BMIN395,0101,Nima Farshchi,162,162,0,2026-09-23 02:41:27,2026-09-23 02:41:27.760
2026-09-23 02:38:38,BMIN395,0201,Nima Farshchi,162,162,0,2026-09-23 02:41:27,2026-09-23 02:41:27.761
2026-09-23 02:38:38,BSCI103,1100,Instructor: TBA,24,24,0,2026-09-23 02:41:30,2026-09-23 02:41:30.723
2026-09-23 02:38:38,BSCI103,1101,Instructor: TBA,24,24,0,2026-09-23 02:41:30,2026-09-23 02:41:30.723
2026-09-23 02:38:38,BSCI103,1103,Instructor: TBA,24,24,0,2026-09-23 02:41:30,2026-09-23 02:41:30.723
2026-09-23 02:38:38,BSCI103,1105,Instructor: TBA,24,24,0,2026-09-23 02:41:30,2026-09-23 02:41:30.723
2026-09-23 02:38:38,BSCI103,1107,Instructor: TBA,24,24,0,2026-09-23 02:41:30,2026-09-23 02:41:30.723
2026-09-23 02:38:38,BSCI103,1108,Instructor: TBA,24,24,0,2026-09-23 02:41:30,2026-09-23 02:41:30.723
2026-09-23 02:38:38,BSCI103,1109,Instructor: TBA,24,24,0,2026-09-23 02:41:30,2026-09-23 02:41:30.723
2026-09-23 02:38:38,BSCI103,1110,Instructor: TBA,24,24,0,2026-09-23 02:41:30,2026-09-23 02:41:30.724
2026-09-23 02:38:38,BSCI103M,0101,Instructor: TBA,24,24,0,2026-09-23 02:41:30,2026-09-23 02:41:30.874
2026-09-23 02:38:38,BSCI120,0101,Dennis vanEngelsdorp,21,21,0,2026-09-23 02:41:31,2026-09-23 02:41:31.022
2026-09-23 02:38:38,BSCI120,0102,Dennis vanEngelsdorp,21,21,0,2026-09-23 02:41:31,2026-09-23 02:41:31.022
2026-09-23 02:38:38,BSCI135,1101,Edgar Moctezuma,24,24,0,2026-09-23 02:41:31,2026-09-23 02:41:31.177
2026-09-23 02:38:38,BSCI135,1102,Edgar Moctezuma,24,24,0,2026-09-23 02:41:31,2026-09-23 02:41:31.177
2026-09-23 02:38:38,BSCI135,1103,Edgar Moctezuma,24,24,0,2026-09-23 02:41:31,2026-09-23 02:41:31.177
2026-09-23 02:38:38,BSCI135,1104,Edgar Moctezuma,24,24,0,2026-09-23 02:41:31,2026-09-23 02:41:31.177
2026-09-23 02:38:38,BSCI135,1105,Edgar Moctezuma,24,24,0,2026-09-23 02:41:31,2026-09-23 02:41:31.178
2026-09-23 02:38:38,BSCI160,6101,Leo Shapiro,104,104,0,2026-09-23 02:41:31,2026-09-23 02:41:31.335
2026-09-23 02:38:38,BSCI160,6301,Chloe Garfinkel,56,56,0,2026-09-23 02:41:31,2026-09-23 02:41:31.335
2026-09-23 02:38:38,BSCI160,6601,Vadim Karatayev,88,88,0,2026-09-23 02:41:31,2026-09-23 02:41:31.335
2026-09-23 02:38:38,BSCI160,SES1,Chloe Garfinkel,15,15,0,2026-09-23 02:41:31,2026-09-23 02:41:31.336
2026-09-23 02:38:38,BSCI170,0101,Cordelia Weiss,153,153,0,2026-09-23 02:41:31,2026-09-23 02:41:31.565
2026-09-23 02:38:38,BSCI170,0201,Nicholas Fletcher,153,153,0,2026-09-23 02:41:31,2026-09-23 02:41:31.565
2026-09-23 02:38:38,BSCI170,0301,Ricardo Araneda,152,152,0,2026-09-23 02:41:31,2026-09-23 02:41:31.565
2026-09-23 02:38:38,BSCI170,0401,Swarna Mohan,153,153,0,2026-09-23 02:41:31,2026-09-23 02:41:31.565
2026-09-23 02:38:38,BSCI170,0501,Ji Young Choi,120,120,0,2026-09-23 02:41:31,2026-09-23 02:41:31.565
2026-09-23 02:38:38,BSCI170,0701,Ji Young Choi,153,153,0,2026-09-23 02:41:31,2026-09-23 02:41:31.565
2026-09-23 02:38:38,BSCI170,SES1,James Sniezek,20,20,0,2026-09-23 02:41:31,2026-09-23 02:41:31.565
2026-09-23 02:38:38,BSCI180,8105,Hans Lemke,19,19,0,2026-09-23 02:41:31,2026-09-23 02:41:31.779
2026-09-23 02:38:38,BSCI180,8106,Hans Lemke,19,19,0,2026-09-23 02:41:31,2026-09-23 02:41:31.779
2026-09-23 02:38:38,BSCI180,8107,Hans Lemke,19,19,0,2026-09-23 02:41:31,2026-09-23 02:41:31.779
2026-09-23 02:38:38,BSCI180,8108,Hans Lemke,19,19,0,2026-09-23 02:41:31,2026-09-23 02:41:31.779
2026-09-23 02:38:38,BSCI180,8109,Hans Lemke,19,19,0,2026-09-23 02:41:31,2026-09-23 02:41:31.780
2026-09-23 02:38:38,BSCI180,8110,Hans Lemke,19,19,0,2026-09-23 02:41:31,2026-09-23 02:41:31.780
2026-09-23 02:38:38,BSCI180,8111,Hans Lemke,19,19,0,2026-09-23 02:41:31,2026-09-23 02:41:31.780
2026-09-23 02:38:38,BSCI180,8112,Hans Lemke,19,19,0,2026-09-23 02:41:31,2026-09-23 02:41:31.780
2026-09-23 02:38:38,BSCI180,8113,Hans Lemke,19,19,0,2026-09-23 02:41:31,2026-09-23 02:41:31.780
2026-09-23 02:38:38,BSCI180,8114,Hans Lemke,19,19,0,2026-09-23 02:41:31,2026-09-23 02:41:31.780
2026-09-23 02:38:38,BSCI180,8201,Hans Lemke,19,19,0,2026-09-23 02:41:31,2026-09-23 02:41:31.780
2026-09-23 02:38:38,BSCI180,8202,Hans Lemke,19,19,0,2026-09-23 02:41:31,2026-09-23 02:41:31.780
2026-09-23 02:38:38,BSCI180,8205,Hans Lemke,19,19,0,2026-09-23 02:41:31,2026-09-23 02:41:31.781
2026-09-23 02:38:38,BSCI180,8206,Hans Lemke,19,19,0,2026-09-23 02:41:31,2026-09-23 02:41:31.781
2026-09-23 02:38:38,BSCI180,8207,Hans Lemke,19,19,0,2026-09-23 02:41:31,2026-09-23 02:41:31.781
2026-09-23 02:38:38,BSCI180,8208,Hans Lemke,19,19,0,2026-09-23 02:41:31,2026-09-23 02:41:31.781
2026-09-23 02:38:38,BSCI180,8209,Hans Lemke,19,19,0,2026-09-23 02:41:31,2026-09-23 02:41:31.781
2026-09-23 02:38:38,BSCI180,8210,Hans Lemke,19,19,0,2026-09-23 02:41:31,2026-09-23 02:41:31.781
2026-09-23 02:38:38,BSCI180,8211,Hans Lemke,19,19,0,2026-09-23 02:41:31,2026-09-23 02:41:31.781
2026-09-23 02:38:38,BSCI180,8212,Hans Lemke,19,19,0,2026-09-23 02:41:31,2026-09-23 02:41:31.781
2026-09-23 02:38:38,BSCI180,8213,Hans Lemke,19,19,0,2026-09-23 02:41:31,2026-09-23 02:41:31.782
2026-09-23 02:38:38,BSCI180,8214,Hans Lemke,19,19,0,2026-09-23 02:41:31,2026-09-23 02:41:31.782
2026-09-23 02:38:38,BSCI180,8301,Hans Lemke,19,19,0,2026-09-23 02:41:31,2026-09-23 02:41:31.782
2026-09-23 02:38:38,BSCI180,8302,Hans Lemke,19,19,0,2026-09-23 02:41:31,2026-09-23 02:41:31.782
2026-09-23 02:38:38,BSCI180,8305,Hans Lemke,19,19,0,2026-09-23 02:41:31,2026-09-23 02:41:31.782
2026-09-23 02:38:38,BSCI180,8306,Hans Lemke,19,19,0,2026-09-23 02:41:31,2026-09-23 02:41:31.782
2026-09-23 02:38:38,BSCI180,8307,Hans Lemke,19,19,0,2026-09-23 02:41:31,2026-09-23 02:41:31.782
2026-09-23 02:38:38,BSCI180,8308,Hans Lemke,19,19,0,2026-09-23 02:41:31,2026-09-23 02:41:31.782
2026-09-23 02:38:38,BSCI180,8309,Hans Lemke,19,19,0,2026-09-23 02:41:31,2026-09-23 02:41:31.783
2026-09-23 02:38:38,BSCI180,8310,Hans Lemke,19,19,0,2026-09-23 02:41:31,2026-09-23 02:41:31.783
2026-09-23 02:38:38,BSCI180,8311,Hans Lemke,19,19,0,2026-09-23 02:41:31,2026-09-23 02:41:31.783
2026-09-23 02:38:38,BSCI180,8312,Hans Lemke,19,19,0,2026-09-23 02:41:31,2026-09-23 02:41:31.783
2026-09-23 02:38:38,BSCI180,8313,Hans Lemke,19,19,0,2026-09-23 02:41:31,2026-09-23 02:41:31.783
2026-09-23 02:38:38,BSCI180,8314,Hans Lemke,19,19,0,2026-09-23 02:41:31,2026-09-23 02:41:31.783
2026-09-23 02:38:38,BSCI180,8401,Hans Lemke,19,19,0,2026-09-23 02:41:31,2026-09-23 02:41:31.783
2026-09-23 02:38:38,BSCI180,8402,Hans Lemke,19,19,0,2026-09-23 02:41:31,2026-09-23 02:41:31.783
2026-09-23 02:38:38,BSCI180,8405,Hans Lemke,19,19,0,2026-09-23 02:41:31,2026-09-23 02:41:31.784
2026-09-23 02:38:38,BSCI180,8406,Hans Lemke,19,19,0,2026-09-23 02:41:31,2026-09-23 02:41:31.784
2026-09-23 02:38:38,BSCI180,8407,Hans Lemke,19,19,0,2026-09-23 02:41:31,2026-09-23 02:41:31.784
2026-09-23 02:38:38,BSCI180,8408,Hans Lemke,19,19,0,2026-09-23 02:41:31,2026-09-23 02:41:31.784
2026-09-23 02:38:38,BSCI180,8409,Hans Lemke,19,19,0,2026-09-23 02:41:31,2026-09-23 02:41:31.784
2026-09-23 02:38:38,BSCI180,8410,Hans Lemke,19,19,0,2026-09-23 02:41:31,2026-09-23 02:41:31.784
2026-09-23 02:38:38,BSCI180,8411,Hans Lemke,19,19,0,2026-09-23 02:41:31,2026-09-23 02:41:31.784
2026-09-23 02:38:38,BSCI180,8412,Hans Lemke,19,19,0,2026-09-23 02:41:31,2026-09-23 02:41:31.784
2026-09-23 02:38:38,BSCI180,8413,Hans Lemke,19,19,0,2026-09-23 02:41:31,2026-09-23 02:41:31.784
2026-09-23 02:38:38,BSCI180,8414,Hans Lemke,19,19,0,2026-09-23 02:41:31,2026-09-23 02:41:31.785
2026-09-23 02:38:38,BSCI180,SEF2,Hans Lemke,19,19,0,2026-09-23 02:41:31,2026-09-23 02:41:31.785
2026-09-23 02:38:38,BSCI180,SES1,Hans Lemke,19,19,0,2026-09-23 02:41:31,2026-09-23 02:41:31.785
2026-09-23 02:38:38,BSCI201,0101,Caitlin Fox,24,24,0,2026-09-23 02:41:31,2026-09-23 02:41:31.960
2026-09-23 02:38:38,BSCI201,0103,Caitlin Fox,24,24,0,2026-09-23 02:41:31,2026-09-23 02:41:31.960
2026-09-23 02:38:38,BSCI201,0105,Caitlin Fox,24,24,0,2026-09-23 02:41:31,2026-09-23 02:41:31.960
2026-09-23 02:38:38,BSCI201,0106,Caitlin Fox,24,24,0,2026-09-23 02:41:31,2026-09-23 02:41:31.960
2026-09-23 02:38:38,BSCI201,0107,Caitlin Fox,24,24,0,2026-09-23 02:41:31,2026-09-23 02:41:31.960
2026-09-23 02:38:38,BSCI201,0109,Caitlin Fox,24,24,0,2026-09-23 02:41:31,2026-09-23 02:41:31.960
2026-09-23 02:38:38,BSCI201,0110,Caitlin Fox,24,24,0,2026-09-23 02:41:31,2026-09-23 02:41:31.960
2026-09-23 02:38:38,BSCI201,0111,Caitlin Fox,24,24,0,2026-09-23 02:41:31,2026-09-23 02:41:31.961
2026-09-23 02:38:38,BSCI201,1101,Justicia Opoku-Edusei,24,24,0,2026-09-23 02:41:31,2026-09-23 02:41:31.961
2026-09-23 02:38:38,BSCI201,1103,Justicia Opoku-Edusei,24,24,0,2026-09-23 02:41:31,2026-09-23 02:41:31.961
2026-09-23 02:38:38,BSCI201,1104,Justicia Opoku-Edusei,24,24,0,2026-09-23 02:41:31,2026-09-23 02:41:31.961
2026-09-23 02:38:38,BSCI201,1105,Justicia Opoku-Edusei,24,24,0,2026-09-23 02:41:31,2026-09-23 02:41:31.961
2026-09-23 02:38:38,BSCI201,1106,Justicia Opoku-Edusei,24,24,0,2026-09-23 02:41:31,2026-09-23 02:41:31.961
2026-09-23 02:38:38,BSCI201,1108,Justicia Opoku-Edusei,24,24,0,2026-09-23 02:41:31,2026-09-23 02:41:31.961
2026-09-23 02:38:38,BSCI201,1109,Justicia Opoku-Edusei,24,24,0,2026-09-23 02:41:31,2026-09-23 02:41:31.961
2026-09-23 02:38:38,BSCI201,1110,Justicia Opoku-Edusei,24,24,0,2026-09-23 02:41:31,2026-09-23 02:41:31.962
2026-09-23 02:38:38,BSCI202,0101,Caitlin Fox,24,24,0,2026-09-23 02:41:32,2026-09-23 02:41:32.145
2026-09-23 02:38:38,BSCI202,0102,Caitlin Fox,24,24,0,2026-09-23 02:41:32,2026-09-23 02:41:32.145
2026-09-23 02:38:38,BSCI202,0104,Caitlin Fox,24,24,0,2026-09-23 02:41:32,2026-09-23 02:41:32.145
2026-09-23 02:38:38,BSCI202,0108,Caitlin Fox,24,24,0,2026-09-23 02:41:32,2026-09-23 02:41:32.146
2026-09-23 02:38:38,BSCI202,0109,Caitlin Fox,24,24,0,2026-09-23 02:41:32,2026-09-23 02:41:32.146
2026-09-23 02:38:38,BSCI202,0110,Caitlin Fox,24,24,0,2026-09-23 02:41:32,2026-09-23 02:41:32.146
2026-09-23 02:38:38,BSCI202,1101,Justicia Opoku-Edusei,24,24,0,2026-09-23 02:41:32,2026-09-23 02:41:32.146
2026-09-23 02:38:38,BSCI202,1103,Justicia Opoku-Edusei,24,24,0,2026-09-23 02:41:32,2026-09-23 02:41:32.146
2026-09-23 02:38:38,BSCI202,1104,Justicia Opoku-Edusei,24,24,0,2026-09-23 02:41:32,2026-09-23 02:41:32.146
2026-09-23 02:38:38,BSCI202,1106,Justicia Opoku-Edusei,24,24,0,2026-09-23 02:41:32,2026-09-23 02:41:32.146
2026-09-23 02:38:38,BSCI202,1107,Justicia Opoku-Edusei,24,24,0,2026-09-23 02:41:32,2026-09-23 02:41:32.146
2026-09-23 02:38:38,BSCI202,1108,Justicia Opoku-Edusei,24,24,0,2026-09-23 02:41:32,2026-09-23 02:41:32.147
2026-09-23 02:38:38,BSCI202,SES1,Edward Orlando,20,20,0,2026-09-23 02:41:32,2026-09-23 02:41:32.147
2026-09-23 02:38:38,BSCI207,0101,Karen Carleton,80,80,0,2026-09-23 02:41:32,2026-09-23 02:41:32.301
2026-09-23 02:38:38,BSCI207,0201,Chloe Garfinkel,80,80,0,2026-09-23 02:41:32,2026-09-23 02:41:32.301
2026-09-23 02:38:38,BSCI213,0101,Cordelia Weiss,20,20,0,2026-09-23 02:41:32,2026-09-23 02:41:32.454
2026-09-23 02:38:38,BSCI213,0102,Cordelia Weiss,20,20,0,2026-09-23 02:41:32,2026-09-23 02:41:32.454
2026-09-23 02:38:38,BSCI222,7106,Thomas Kocher,18,18,0,2026-09-23 02:41:32,2026-09-23 02:41:32.656
2026-09-23 02:38:38,BSCI222,7108,Thomas Kocher,18,18,0,2026-09-23 02:41:32,2026-09-23 02:41:32.656
2026-09-23 02:38:38,BSCI222,7110,Thomas Kocher,18,18,0,2026-09-23 02:41:32,2026-09-23 02:41:32.656
2026-09-23 02:38:38,BSCI222,7112,Thomas Kocher,18,18,0,2026-09-23 02:41:32,2026-09-23 02:41:32.656
2026-09-23 02:38:38,BSCI222,7114,Thomas Kocher,18,18,0,2026-09-23 02:41:32,2026-09-23 02:41:32.656
2026-09-23 02:38:38,BSCI222,7116,Thomas Kocher,18,18,0,2026-09-23 02:41:32,2026-09-23 02:41:32.657
2026-09-23 02:38:38,BSCI222,7118,Thomas Kocher,18,18,0,2026-09-23 02:41:32,2026-09-23 02:41:32.657
2026-09-23 02:38:38,BSCI222,7120,Thomas Kocher,18,18,0,2026-09-23 02:41:32,2026-09-23 02:41:32.657
2026-09-23 02:38:38,BSCI222,7130,Thomas Kocher,18,18,0,2026-09-23 02:41:32,2026-09-23 02:41:32.657
2026-09-23 02:38:38,BSCI222,7133,Thomas Kocher,18,18,0,2026-09-23 02:41:32,2026-09-23 02:41:32.657
2026-09-23 02:38:38,BSCI222,7214,Michael Keller,18,18,0,2026-09-23 02:41:32,2026-09-23 02:41:32.657
2026-09-23 02:38:38,BSCI222,7216,Michael Keller,18,18,0,2026-09-23 02:41:32,2026-09-23 02:41:32.657
2026-09-23 02:38:38,BSCI222,7218,Michael Keller,18,18,0,2026-09-23 02:41:32,2026-09-23 02:41:32.657
2026-09-23 02:38:38,BSCI222,7219,Michael Keller,18,18,0,2026-09-23 02:41:32,2026-09-23 02:41:32.657
2026-09-23 02:38:38,BSCI222,7220,Michael Keller,18,18,0,2026-09-23 02:41:32,2026-09-23 02:41:32.658
2026-09-23 02:38:38,BSCI222,7221,Michael Keller,18,18,0,2026-09-23 02:41:32,2026-09-23 02:41:32.658
2026-09-23 02:38:38,BSCI222,7222,Michael Keller,18,18,0,2026-09-23 02:41:32,2026-09-23 02:41:32.658
2026-09-23 02:38:38,BSCI222,7224,Michael Keller,18,18,0,2026-09-23 02:41:32,2026-09-23 02:41:32.658
2026-09-23 02:38:38,BSCI222,7226,Michael Keller,18,18,0,2026-09-23 02:41:32,2026-09-23 02:41:32.658
2026-09-23 02:38:38,BSCI222,7232,Michael Keller,18,18,0,2026-09-23 02:41:32,2026-09-23 02:41:32.658
2026-09-23 02:38:38,BSCI222,7234,Michael Keller,18,18,0,2026-09-23 02:41:32,2026-09-23 02:41:32.658
2026-09-23 02:38:38,BSCI222,7236,Michael Keller,18,18,0,2026-09-23 02:41:32,2026-09-23 02:41:32.658
2026-09-23 02:38:38,BSCI222,7310,Maria Colt,18,18,0,2026-09-23 02:41:32,2026-09-23 02:41:32.659
2026-09-23 02:38:38,BSCI222,7311,Maria Colt,18,18,0,2026-09-23 02:41:32,2026-09-23 02:41:32.659
2026-09-23 02:38:38,BSCI222,7312,Maria Colt,18,18,0,2026-09-23 02:41:32,2026-09-23 02:41:32.659
2026-09-23 02:38:38,BSCI222,7313,Maria Colt,18,18,0,2026-09-23 02:41:32,2026-09-23 02:41:32.659
2026-09-23 02:38:38,BSCI222,7315,Maria Colt,18,18,0,2026-09-23 02:41:32,2026-09-23 02:41:32.659
2026-09-23 02:38:38,BSCI222,7320,Maria Colt,18,18,0,2026-09-23 02:41:32,2026-09-23 02:41:32.659
2026-09-23 02:38:38,BSCI222,7325,Maria Colt,18,18,0,2026-09-23 02:41:32,2026-09-23 02:41:32.659
2026-09-23 02:38:38,BSCI222,7330,Maria Colt,18,18,0,2026-09-23 02:41:32,2026-09-23 02:41:32.659
2026-09-23 02:38:38,BSCI222,7332,Maria Colt,18,18,0,2026-09-23 02:41:32,2026-09-23 02:41:32.660
2026-09-23 02:38:38,BSCI222,7335,Maria Colt,18,18,0,2026-09-23 02:41:32,2026-09-23 02:41:32.660
2026-09-23 02:38:38,BSCI222,SES1,Maria Colt,23,23,0,2026-09-23 02:41:32,2026-09-23 02:41:32.660
2026-09-23 02:38:38,BSCI223,1021,John Buchner,16,16,0,2026-09-23 02:41:32,2026-09-23 02:41:32.835
2026-09-23 02:38:38,BSCI223,1025,John Buchner,16,16,0,2026-09-23 02:41:32,2026-09-23 02:41:32.835
2026-09-23 02:38:38,BSCI223,1026,John Buchner,16,16,0,2026-09-23 02:41:32,2026-09-23 02:41:32.836
2026-09-23 02:38:38,BSCI223,1101,John Buchner,16,16,0,2026-09-23 02:41:32,2026-09-23 02:41:32.836
2026-09-23 02:38:38,BSCI223,1105,John Buchner,16,16,0,2026-09-23 02:41:32,2026-09-23 02:41:32.836
2026-09-23 02:38:38,BSCI223,1106,John Buchner,16,16,0,2026-09-23 02:41:32,2026-09-23 02:41:32.836
2026-09-23 02:38:38,BSCI223,1121,John Buchner,16,16,0,2026-09-23 02:41:32,2026-09-23 02:41:32.836
2026-09-23 02:38:38,BSCI223,1125,John Buchner,16,16,0,2026-09-23 02:41:32,2026-09-23 02:41:32.836
2026-09-23 02:38:38,BSCI223,1126,John Buchner,16,16,0,2026-09-23 02:41:32,2026-09-23 02:41:32.836
2026-09-23 02:38:38,BSCI223,1201,John Buchner,16,16,0,2026-09-23 02:41:32,2026-09-23 02:41:32.836
2026-09-23 02:38:38,BSCI223,1206,John Buchner,16,16,0,2026-09-23 02:41:32,2026-09-23 02:41:32.837
2026-09-23 02:38:38,BSCI223,1221,John Buchner,16,16,0,2026-09-23 02:41:32,2026-09-23 02:41:32.837
2026-09-23 02:38:38,BSCI223,1225,John Buchner,16,16,0,2026-09-23 02:41:32,2026-09-23 02:41:32.837
2026-09-23 02:38:38,BSCI223,1226,John Buchner,16,16,0,2026-09-23 02:41:32,2026-09-23 02:41:32.837
2026-09-23 02:38:38,BSCI223,1301,John Buchner,16,16,0,2026-09-23 02:41:32,2026-09-23 02:41:32.837
2026-09-23 02:38:38,BSCI223,1306,John Buchner,16,16,0,2026-09-23 02:41:32,2026-09-23 02:41:32.837
2026-09-23 02:38:38,BSCI223,2401,John Buchner,16,16,0,2026-09-23 02:41:32,2026-09-23 02:41:32.837
2026-09-23 02:38:38,BSCI223,2406,John Buchner,16,16,0,2026-09-23 02:41:32,2026-09-23 02:41:32.837
2026-09-23 02:38:38,BSCI223,SES1,Cherisse Hall,20,20,0,2026-09-23 02:41:32,2026-09-23 02:41:32.838
2026-09-23 02:38:38,BSCI238I,0101,Aditri Gadigi,30,30,0,2026-09-23 02:41:32,2026-09-23 02:41:32.986
2026-09-23 02:38:38,BSCI258A,0101,Erin Thomson,10,10,0,2026-09-23 02:41:33,2026-09-23 02:41:33.132
2026-09-23 02:38:38,BSCI258B,0101,Erin Thomson,80,80,0,2026-09-23 02:41:33,2026-09-23 02:41:33.281
2026-09-23 02:38:38,BSCI279B,0101,Katerina Thompson,32,32,0,2026-09-23 02:41:33,2026-09-23 02:41:33.570
2026-09-23 02:38:38,BSCI279B,0102,Katerina Thompson,32,32,0,2026-09-23 02:41:33,2026-09-23 02:41:33.570
2026-09-23 02:38:38,BSCI279Q,0101,Daniel Butts,10,10,0,2026-09-23 02:41:33,2026-09-23 02:41:33.892
2026-09-23 02:38:38,BSCI283,1205,Daniel Stein,20,20,0,2026-09-23 02:41:34,2026-09-23 02:41:34.342
2026-09-23 02:38:38,BSCI283,1305,Daniel Stein,20,20,0,2026-09-23 02:41:34,2026-09-23 02:41:34.342
2026-09-23 02:38:38,BSCI329,1016,Hilary Bierman,5,5,0,2026-09-23 02:41:34,2026-09-23 02:41:34.492
2026-09-23 02:38:38,BSCI329,1028,Daniel Butts,10,10,0,2026-09-23 02:41:34,2026-09-23 02:41:34.492
2026-09-23 02:38:38,BSCI329,1033,Chan Lin,10,10,0,2026-09-23 02:41:34,2026-09-23 02:41:34.493
2026-09-23 02:38:38,BSCI329,1250,Justicia Opoku-Edusei,20,20,0,2026-09-23 02:41:34,2026-09-23 02:41:34.493
2026-09-23 02:38:38,BSCI329,1388,Corine Van der Weele,8,8,0,2026-09-23 02:41:34,2026-09-23 02:41:34.493
2026-09-23 02:38:38,BSCI329,ESG1,Hadiya Woodham,10,10,0,2026-09-23 02:41:34,2026-09-23 02:41:34.493
2026-09-23 02:38:38,BSCI331,0101,Kenneth Frauwirth,200,200,0,2026-09-23 02:41:34,2026-09-23 02:41:34.646
2026-09-23 02:38:38,BSCI331,0201,Kenneth Frauwirth,200,200,0,2026-09-23 02:41:34,2026-09-23 02:41:34.646
2026-09-23 02:38:38,BSCI332,0102,Corine Van der Weele,23,23,0,2026-09-23 02:41:34,2026-09-23 02:41:34.807
2026-09-23 02:38:38,BSCI332,0104,Corine Van der Weele,23,23,0,2026-09-23 02:41:34,2026-09-23 02:41:34.808
2026-09-23 02:38:38,BSCI332,0106,Corine Van der Weele,23,23,0,2026-09-23 02:41:34,2026-09-23 02:41:34.808
2026-09-23 02:38:38,BSCI332,0107,Corine Van der Weele,23,23,0,2026-09-23 02:41:34,2026-09-23 02:41:34.808
2026-09-23 02:38:38,BSCI332,0111,Corine Van der Weele,23,23,0,2026-09-23 02:41:34,2026-09-23 02:41:34.808
2026-09-23 02:38:38,BSCI332,1103,Corine Van der Weele,23,23,0,2026-09-23 02:41:34,2026-09-23 02:41:34.808
2026-09-23 02:38:38,BSCI332,1105,Corine Van der Weele,23,23,0,2026-09-23 02:41:34,2026-09-23 02:41:34.808
2026-09-23 02:38:38,BSCI332,1108,Corine Van der Weele,23,23,0,2026-09-23 02:41:34,2026-09-23 02:41:34.808
2026-09-23 02:38:38,BSCI332,1109,Corine Van der Weele,23,23,0,2026-09-23 02:41:34,2026-09-23 02:41:34.808
2026-09-23 02:38:38,BSCI332,1111,Corine Van der Weele,23,23,0,2026-09-23 02:41:34,2026-09-23 02:41:34.809
2026-09-23 02:38:38,BSCI332,1113,Corine Van der Weele,23,23,0,2026-09-23 02:41:34,2026-09-23 02:41:34.809
2026-09-23 02:38:38,BSCI334,0101,Katerina Thompson,60,60,0,2026-09-23 02:41:34,2026-09-23 02:41:34.956
2026-09-23 02:38:38,BSCI335,0101,Katerina Thompson,20,20,0,2026-09-23 02:41:35,2026-09-23 02:41:35.105
2026-09-23 02:38:38,BSCI335,0102,Katerina Thompson,20,20,0,2026-09-23 02:41:35,2026-09-23 02:41:35.105
2026-09-23 02:38:38,BSCI337,0101,Leo Shapiro,20,20,0,2026-09-23 02:41:35,2026-09-23 02:41:35.252
2026-09-23 02:38:38,BSCI337,0102,Leo Shapiro,20,20,0,2026-09-23 02:41:35,2026-09-23 02:41:35.252
2026-09-23 02:38:38,BSCI343,ESG1,Hadiya Woodham,30,30,0,2026-09-23 02:41:35,2026-09-23 02:41:35.546
2026-09-23 02:38:38,BSCI348A,0101,John Buchner,22,22,0,2026-09-23 02:41:35,2026-09-23 02:41:35.834
2026-09-23 02:38:38,BSCI348B,SES1,Erik Lontok,20,20,0,2026-09-23 02:41:36,2026-09-23 02:41:36.100
2026-09-23 02:38:38,BSCI348I,SES1,Erik Lontok,25,25,0,2026-09-23 02:41:36,2026-09-23 02:41:36.249
2026-09-23 02:38:38,BSCI348R,0101,Najib El-Sayed,10,10,0,2026-09-23 02:41:36,2026-09-23 02:41:36.401
2026-09-23 02:38:38,BSCI353,0101,Chan Lin,64,64,0,2026-09-23 02:41:36,2026-09-23 02:41:36.575
2026-09-23 02:38:38,BSCI353,0102,Melissa Caras,40,40,0,2026-09-23 02:41:36,2026-09-23 02:41:36.575
2026-09-23 02:38:38,BSCI353,ESG1,Vitaly Stepensky,40,40,0,2026-09-23 02:41:36,2026-09-23 02:41:36.575
2026-09-23 02:38:38,BSCI358A,ESG1,Vitaly Stepensky,30,30,0,2026-09-23 02:41:36,2026-09-23 02:41:36.724
2026-09-23 02:38:38,BSCI358B,ESG1,Gregory Simon,30,30,0,2026-09-23 02:41:36,2026-09-23 02:41:36.875
2026-09-23 02:38:38,BSCI361,0101,Daniel Gruner,25,25,0,2026-09-23 02:41:37,2026-09-23 02:41:37.028
2026-09-23 02:38:38,BSCI361,0102,Daniel Gruner,25,25,0,2026-09-23 02:41:37,2026-09-23 02:41:37.028
2026-09-23 02:38:38,BSCI370,0101,Alexandra Bely,64,64,0,2026-09-23 02:41:37,2026-09-23 02:41:37.176
2026-09-23 02:38:38,BSCI378H,0101,Kenneth Frauwirth,23,23,0,2026-09-23 02:41:37,2026-09-23 02:41:37.333
2026-09-23 02:38:38,BSCI398H,0101,Alexandra Bely,35,35,0,2026-09-23 02:41:38,2026-09-23 02:41:38.364
2026-09-23 02:38:38,BSCI401,0101,Gerald Wilkinson,39,39,0,2026-09-23 02:41:38,2026-09-23 02:41:38.934
2026-09-23 02:38:38,BSCI406,0101,Sergei Sukharev,20,20,0,2026-09-23 02:41:39,2026-09-23 02:41:39.083
2026-09-23 02:38:38,BSCI410,0101,Charles Seller,140,140,0,2026-09-23 02:41:39,2026-09-23 02:41:39.227
2026-09-23 02:38:38,BSCI412,0101,Wade Winkler,18,18,0,2026-09-23 02:41:39,2026-09-23 02:41:39.376
2026-09-23 02:38:38,BSCI412,0103,Wade Winkler,18,18,0,2026-09-23 02:41:39,2026-09-23 02:41:39.377
2026-09-23 02:38:38,BSCI414,ESG1,Caitlin Fox,24,24,0,2026-09-23 02:41:39,2026-09-23 02:41:39.526
2026-09-23 02:38:38,BSCI416,0101,Silvia Bolland,42,42,0,2026-09-23 02:41:39,2026-09-23 02:41:39.679
2026-09-23 02:38:38,BSCI417,0101,Vincent Lee,30,30,0,2026-09-23 02:41:39,2026-09-23 02:41:39.831
2026-09-23 02:38:38,BSCI420,0101,Sougata Roy,62,62,0,2026-09-23 02:41:39,2026-09-23 02:41:39.979
2026-09-23 02:38:38,BSCI422,0101,David Mosser,25,25,0,2026-09-23 02:41:40,2026-09-23 02:41:40.132
2026-09-23 02:38:38,BSCI422,0102,David Mosser,25,25,0,2026-09-23 02:41:40,2026-09-23 02:41:40.132
2026-09-23 02:38:38,BSCI422,0103,David Mosser,25,25,0,2026-09-23 02:41:40,2026-09-23 02:41:40.132
2026-09-23 02:38:38,BSCI422,0104,David Mosser,25,25,0,2026-09-23 02:41:40,2026-09-23 02:41:40.132
2026-09-23 02:38:38,BSCI423,0101,Wenxia Song,18,18,0,2026-09-23 02:41:40,2026-09-23 02:41:40.289
2026-09-23 02:38:38,BSCI423,0102,Wenxia Song,18,18,0,2026-09-23 02:41:40,2026-09-23 02:41:40.289
2026-09-23 02:38:38,BSCI425,0101,Kan Cao,20,20,0,2026-09-23 02:41:40,2026-09-23 02:41:40.441
2026-09-23 02:38:38,BSCI430,0101,Eric Haag,35,35,0,2026-09-23 02:41:40,2026-09-23 02:41:40.613
2026-09-23 02:38:38,BSCI433,0101,Jeff Maltas,30,30,0,2026-09-23 02:41:40,2026-09-23 02:41:40.774
2026-09-23 02:38:38,BSCI435,0101,Joshua Weitz,18,18,0,2026-09-23 02:41:40,2026-09-23 02:41:40.924
2026-09-23 02:38:38,BSCI436,0101,Jonathan Dinman,60,60,0,2026-09-23 02:41:41,2026-09-23 02:41:41.079
2026-09-23 02:38:38,BSCI437,0101,Jeffrey DeStefano,70,70,0,2026-09-23 02:41:41,2026-09-23 02:41:41.231
2026-09-23 02:38:38,BSCI437,ESG1,Gilad Ofek,40,40,0,2026-09-23 02:41:41,2026-09-23 02:41:41.231
2026-09-23 02:38:38,BSCI437H,0101,Jeffrey DeStefano,8,8,0,2026-09-23 02:41:41,2026-09-23 02:41:41.381
2026-09-23 02:38:38,BSCI439B,ESG1,Maira Goytia,40,40,0,2026-09-23 02:41:41,2026-09-23 02:41:41.531
2026-09-23 02:38:38,BSCI439E,0101,Beatrice Kondo,5,5,0,2026-09-23 02:41:41,2026-09-23 02:41:41.677
2026-09-23 02:38:38,BSCI439G,0101,Beatrice Kondo,5,5,0,2026-09-23 02:41:41,2026-09-23 02:41:41.823
2026-09-23 02:38:38,BSCI439L,0101,Instructor: TBA,5,5,0,2026-09-23 02:41:41,2026-09-23 02:41:41.971
2026-09-23 02:38:38,BSCI442,0101,Jose Feijo,20,20,0,2026-09-23 02:41:42,2026-09-23 02:41:42.119
2026-09-23 02:38:38,BSCI442,0102,Jose Feijo,20,20,0,2026-09-23 02:41:42,2026-09-23 02:41:42.119
2026-09-23 02:38:38,BSCI450,0101,Juan Angueyra,130,130,0,2026-09-23 02:41:42,2026-09-23 02:41:42.273
2026-09-23 02:38:38,BSCI450,0201,Joshua Singer,120,120,0,2026-09-23 02:41:42,2026-09-23 02:41:42.273
2026-09-23 02:38:38,BSCI450,PDS1,William Higgins,20,20,0,2026-09-23 02:41:42,2026-09-23 02:41:42.273
2026-09-23 02:38:38,BSCI451,0101,Corine Van der Weele,20,20,0,2026-09-23 02:41:42,2026-09-23 02:41:42.424
2026-09-23 02:38:38,BSCI451,0102,Corine Van der Weele,20,20,0,2026-09-23 02:41:42,2026-09-23 02:41:42.424
2026-09-23 02:38:38,BSCI451,0103,Corine Van der Weele,20,20,0,2026-09-23 02:41:42,2026-09-23 02:41:42.424
2026-09-23 02:38:38,BSCI451,0104,Corine Van der Weele,20,20,0,2026-09-23 02:41:42,2026-09-23 02:41:42.424
2026-09-23 02:38:38,BSCI452,0101,Chan Lin,40,40,0,2026-09-23 02:41:42,2026-09-23 02:41:42.572
2026-09-23 02:38:38,BSCI453,0101,Nikolas Francis,38,38,0,2026-09-23 02:41:42,2026-09-23 02:41:42.719
2026-09-23 02:38:38,BSCI455,0101,Hilary Bierman,16,16,0,2026-09-23 02:41:42,2026-09-23 02:41:42.872
2026-09-23 02:38:38,BSCI455,0102,Hilary Bierman,16,16,0,2026-09-23 02:41:42,2026-09-23 02:41:42.873
2026-09-23 02:38:38,BSCI455,0103,Hilary Bierman,16,16,0,2026-09-23 02:41:42,2026-09-23 02:41:42.873
2026-09-23 02:38:38,BSCI456,0101,Colenso Speer,5,5,0,2026-09-23 02:41:43,2026-09-23 02:41:43.057
2026-09-23 02:38:38,BSCI477,0101,Emily Bruns,40,40,0,2026-09-23 02:41:43,2026-09-23 02:41:43.216
2026-09-23 02:38:38,BSCI487,0101,Kelly Hamby,24,24,0,2026-09-23 02:41:43,2026-09-23 02:41:43.362
2026-09-23 02:38:38,BSOS355,0101,Liza Lebrun,40,40,0,2026-09-23 02:41:44,2026-09-23 02:41:44.580
2026-09-23 02:38:38,BSOS361,0101,TC Lloyd,30,30,0,2026-09-23 02:41:44,2026-09-23 02:41:44.730
2026-09-23 02:38:38,BSOS361,0102,TC Lloyd,30,30,0,2026-09-23 02:41:44,2026-09-23 02:41:44.730
2026-09-23 02:38:38,BSOS448M,0101,Brandee Pettus,12,12,0,2026-09-23 02:41:44,2026-09-23 02:41:44.885
2026-09-23 02:38:38,BUMO600,0501,Sheetal Singh,52,52,0,2026-09-23 02:41:57,2026-09-23 02:41:57.442
2026-09-23 02:38:38,BUMO604,0501,Jon Crocker,0,0,0,2026-09-23 02:41:57,2026-09-23 02:41:57.588
2026-09-23 02:38:38,BUMO614,0501,Waverly Ding,58,58,0,2026-09-23 02:41:57,2026-09-23 02:41:57.739
2026-09-23 02:38:38,BUMO701,0501,Jason Choi,65,65,0,2026-09-23 02:41:57,2026-09-23 02:41:57.881
2026-09-23 02:38:38,BUMO703,0501,Mary Beth Furst,65,65,0,2026-09-23 02:41:58,2026-09-23 02:41:58.026
2026-09-23 02:38:38,BUMO711,0501,Sheetal Singh,65,65,0,2026-09-23 02:41:58,2026-09-23 02:41:58.171
2026-09-23 02:38:38,BUMO714,0501,Rellie Rozin,0,0,0,2026-09-23 02:41:58,2026-09-23 02:41:58.318
2026-09-23 02:38:38,BUMO723,0501,Stephen Sclafani,58,58,0,2026-09-23 02:41:58,2026-09-23 02:41:58.466
2026-09-23 02:38:38,BUMO724,0501,Stephen Sclafani,58,58,0,2026-09-23 02:41:58,2026-09-23 02:41:58.622
2026-09-23 02:38:38,BUMO726,0501,Stephen Sclafani,58,58,0,2026-09-23 02:41:58,2026-09-23 02:41:58.772
2026-09-23 02:38:38,BUMO731,0501,Balaji Padmanabhan,58,58,0,2026-09-23 02:41:58,2026-09-23 02:41:58.918
2026-09-23 02:38:38,BUMO733,0501,Balaji Padmanabhan,58,58,0,2026-09-23 02:41:59,2026-09-23 02:41:59.064
2026-09-23 02:38:38,BUMO758P,0501,Jon Crocker,37,37,0,2026-09-23 02:41:59,2026-09-23 02:41:59.211
2026-09-23 02:38:38,BUMO780,0501,Jennifer Marr,37,37,0,2026-09-23 02:41:59,2026-09-23 02:41:59.515
2026-09-23 02:38:38,BUMO780,0502,Jennifer Marr,37,37,0,2026-09-23 02:41:59,2026-09-23 02:41:59.515
2026-09-23 02:38:38,BUMO782,0501,Mike Hoffmeyer,40,40,0,2026-09-23 02:41:59,2026-09-23 02:41:59.660
2026-09-23 02:38:38,BUMO785,0501,Maria Bustamante,65,65,0,2026-09-23 02:41:59,2026-09-23 02:41:59.812
2026-09-23 02:38:38,BUMO790,0501,Roy Thomason,65,65,0,2026-09-23 02:41:59,2026-09-23 02:41:59.959
2026-09-23 02:38:38,BUMO790,0502,Roy Thomason,65,65,0,2026-09-23 02:41:59,2026-09-23 02:41:59.959
2026-09-23 02:38:38,BUMO791,0501,Roy Thomason,65,65,0,2026-09-23 02:42:00,2026-09-23 02:42:00.222
2026-09-23 02:38:38,BUMO791,0502,Roy Thomason,65,65,0,2026-09-23 02:42:00,2026-09-23 02:42:00.222
2026-09-23 02:38:38,CHIN100,0101,Yuli Wang,15,15,0,2026-09-23 02:42:26,2026-09-23 02:42:26.906
2026-09-23 02:38:38,CHIN121,0101,Mei Kong,15,15,0,2026-09-23 02:42:27,2026-09-23 02:42:27.059
2026-09-23 02:38:38,CHIN122,0101,Mei Kong,15,15,0,2026-09-23 02:42:27,2026-09-23 02:42:27.206
2026-09-23 02:38:38,CHIN122,0201,Mei Kong,15,15,0,2026-09-23 02:42:27,2026-09-23 02:42:27.206
2026-09-23 02:38:38,CHIN122,0301,Guiling Hu,15,15,0,2026-09-23 02:42:27,2026-09-23 02:42:27.206
2026-09-23 02:38:38,CHIN207,0101,Guiling Hu,15,15,0,2026-09-23 02:42:27,2026-09-23 02:42:27.362
2026-09-23 02:38:38,CHIN207,0201,Guiling Hu,15,15,0,2026-09-23 02:42:27,2026-09-23 02:42:27.362
2026-09-23 02:38:38,CHIN302,0101,Jungjung Lee,15,15,0,2026-09-23 02:42:27,2026-09-23 02:42:27.513
2026-09-23 02:38:38,CHIN302,0201,Jungjung Lee,15,15,0,2026-09-23 02:42:27,2026-09-23 02:42:27.513
2026-09-23 02:38:38,CHIN307,0101,Minglang Zhou,25,25,0,2026-09-23 02:42:27,2026-09-23 02:42:27.666
2026-09-23 02:38:38,CHIN315,0101,Mei Nan,25,25,0,2026-09-23 02:42:27,2026-09-23 02:42:27.816
2026-09-23 02:38:38,CHIN332,0101,Yuli Wang,15,15,0,2026-09-23 02:42:27,2026-09-23 02:42:27.962
2026-09-23 02:38:38,CHIN402,0101,Jungjung Lee,15,15,0,2026-09-23 02:42:28,2026-09-23 02:42:28.251
2026-09-23 02:38:38,CHIN415,0101,Jungjung Lee,15,15,0,2026-09-23 02:42:28,2026-09-23 02:42:28.396
2026-09-23 02:38:38,CHIN418O,0101,Mei Nan,25,25,0,2026-09-23 02:42:28,2026-09-23 02:42:28.546
2026-09-23 02:38:38,CHIN441,0101,Andrew Schonebaum,20,20,0,2026-09-23 02:42:28,2026-09-23 02:42:28.690
2026-09-23 02:38:38,CHSE205,0101,Yewon Lee,60,60,0,2026-09-23 02:42:31,2026-09-23 02:42:31.829
2026-09-23 02:38:38,CHSE205,0201,Katryna Andrusik,50,50,0,2026-09-23 02:42:31,2026-09-23 02:42:31.829
2026-09-23 02:38:38,CHSE228D,0101,Nikita Kimani,16,16,0,2026-09-23 02:42:31,2026-09-23 02:42:31.988
2026-09-23 02:38:38,CHSE376,0101,Michael Dunham,20,20,0,2026-09-23 02:42:32,2026-09-23 02:42:32.150
2026-09-23 02:38:38,CHSE376,0201,Elizabeth Martinez,20,20,0,2026-09-23 02:42:32,2026-09-23 02:42:32.151
2026-09-23 02:38:38,CHSE376,0301,Colleen McGilpin,20,20,0,2026-09-23 02:42:32,2026-09-23 02:42:32.151
2026-09-23 02:38:38,CHSE376,0401,Chanai Brewster,15,15,0,2026-09-23 02:42:32,2026-09-23 02:42:32.151
2026-09-23 02:38:38,CHSE376,0501,Michael Dunham,15,15,0,2026-09-23 02:42:32,2026-09-23 02:42:32.151
2026-09-23 02:38:38,CHSE476,0101,Michael Dunham,20,20,0,2026-09-23 02:42:32,2026-09-23 02:42:32.451
2026-09-23 02:38:38,CHSE477,0101,Michael Dunham,18,18,0,2026-09-23 02:42:32,2026-09-23 02:42:32.601
2026-09-23 02:38:38,CHSE480,0101,Michael Dunham,18,18,0,2026-09-23 02:42:32,2026-09-23 02:42:32.753
2026-09-23 02:38:38,CHSE489,1901,Amy D'Agati,10,10,0,2026-09-23 02:42:32,2026-09-23 02:42:32.895
2026-09-23 02:38:38,CINE245,0201,Instructor: TBA,27,27,0,2026-09-23 02:42:34,2026-09-23 02:42:34.302
2026-09-23 02:38:38,CINE245,0301,Instructor: TBA,27,27,0,2026-09-23 02:42:34,2026-09-23 02:42:34.302
2026-09-23 02:38:38,CINE280,0101,Eric Zakim,25,25,0,2026-09-23 02:42:34,2026-09-23 02:42:34.452
2026-09-23 02:38:38,CINE280,0102,Eric Zakim,25,25,0,2026-09-23 02:42:34,2026-09-23 02:42:34.452
2026-09-23 02:38:38,CINE280,0103,Eric Zakim,25,25,0,2026-09-23 02:42:34,2026-09-23 02:42:34.452
2026-09-23 02:38:38,CINE280,0104,Eric Zakim,25,25,0,2026-09-23 02:42:34,2026-09-23 02:42:34.452
2026-09-23 02:38:38,CINE282,0101,Susan Pramschufer,35,35,0,2026-09-23 02:42:34,2026-09-23 02:42:34.603
2026-09-23 02:38:38,CINE298B,0101,Sean Pue,20,20,0,2026-09-23 02:42:34,2026-09-23 02:42:34.747
2026-09-23 02:38:38,CINE302,0101,Luka Arsenjuk,30,30,0,2026-09-23 02:42:34,2026-09-23 02:42:34.895
2026-09-23 02:38:38,CINE310,0101,Nathaniel Stevens,15,15,0,2026-09-23 02:42:35,2026-09-23 02:42:35.054
2026-09-23 02:38:38,CINE319A,0101,Instructor: TBA,20,20,0,2026-09-23 02:42:35,2026-09-23 02:42:35.210
2026-09-23 02:38:38,CINE319I,0101,Yael Inbar,15,15,0,2026-09-23 02:42:35,2026-09-23 02:42:35.357
2026-09-23 02:38:38,CINE319P,5501,Samuel Crawford,10,10,0,2026-09-23 02:42:35,2026-09-23 02:42:35.505
2026-09-23 02:38:38,CINE329E,0101,Elizabeth Papazian,25,25,0,2026-09-23 02:42:35,2026-09-23 02:42:35.661
2026-09-23 02:38:38,CINE329N,0101,Daniel Richter,25,25,0,2026-09-23 02:42:35,2026-09-23 02:42:35.809
2026-09-23 02:38:38,CINE329Z,0101,Daniel Richter,25,25,0,2026-09-23 02:42:35,2026-09-23 02:42:35.958
2026-09-23 02:38:38,CINE335,0101,Jason Kuo,25,25,0,2026-09-23 02:42:36,2026-09-23 02:42:36.108
2026-09-23 02:38:38,CINE369C,0101,Mauro Resmini,40,40,0,2026-09-23 02:42:36,2026-09-23 02:42:36.251
2026-09-23 02:38:38,CINE369F,0101,Alexis Lothian,30,30,0,2026-09-23 02:42:36,2026-09-23 02:42:36.404
2026-09-23 02:38:38,CINE369K,0101,Instructor: TBA,20,20,0,2026-09-23 02:42:36,2026-09-23 02:42:36.552
2026-09-23 02:38:38,CINE376,0101,Ross Angelella,14,14,0,2026-09-23 02:42:36,2026-09-23 02:42:36.705
2026-09-23 02:38:38,CINE376,0102,Ross Angelella,5,5,0,2026-09-23 02:42:36,2026-09-23 02:42:36.705
2026-09-23 02:38:38,CINE419E,0101,Stephanie Sapienza,15,15,0,2026-09-23 02:42:36,2026-09-23 02:42:36.995
2026-09-23 02:38:38,CINE429O,0101,Mei Nan,25,25,0,2026-09-23 02:42:37,2026-09-23 02:42:37.148
2026-09-23 02:38:38,CINE459C,0101,Saverio Giovacchini,54,54,0,2026-09-23 02:42:37,2026-09-23 02:42:37.298
2026-09-23 02:38:38,CINE469Y,0101,Jason Kuo,14,14,0,2026-09-23 02:42:37,2026-09-23 02:42:37.611
2026-09-23 02:38:38,CLAS170,0101,Katherine Wasdin,21,21,0,2026-09-23 02:42:38,2026-09-23 02:42:38.992
2026-09-23 02:38:38,CLAS170,0102,Katherine Wasdin,21,21,0,2026-09-23 02:42:38,2026-09-23 02:42:38.992
2026-09-23 02:38:38,CLAS170,0103,Katherine Wasdin,21,21,0,2026-09-23 02:42:38,2026-09-23 02:42:38.992
2026-09-23 02:38:38,CLAS170,0104,Katherine Wasdin,21,21,0,2026-09-23 02:42:38,2026-09-23 02:42:38.992
2026-09-23 02:38:38,CLAS170,0105,Katherine Wasdin,21,21,0,2026-09-23 02:42:38,2026-09-23 02:42:38.992
2026-09-23 02:38:38,CLAS170,0106,Katherine Wasdin,21,21,0,2026-09-23 02:42:38,2026-09-23 02:42:38.993
2026-09-23 02:38:38,CLAS170,0107,Katherine Wasdin,21,21,0,2026-09-23 02:42:38,2026-09-23 02:42:38.993
2026-09-23 02:38:38,CLAS170,0108,Katherine Wasdin,21,21,0,2026-09-23 02:42:38,2026-09-23 02:42:38.993
2026-09-23 02:38:38,CLAS170,0109,Katherine Wasdin,21,21,0,2026-09-23 02:42:38,2026-09-23 02:42:38.993
2026-09-23 02:38:38,CLAS276,0101,Eric Adler,25,25,0,2026-09-23 02:42:39,2026-09-23 02:42:39.147
2026-09-23 02:38:38,CLAS276,0102,Eric Adler,25,25,0,2026-09-23 02:42:39,2026-09-23 02:42:39.148
2026-09-23 02:38:38,CLAS276,0103,Eric Adler,25,25,0,2026-09-23 02:42:39,2026-09-23 02:42:39.148
2026-09-23 02:38:38,CLAS276,0104,Eric Adler,25,25,0,2026-09-23 02:42:39,2026-09-23 02:42:39.148
2026-09-23 02:38:38,CLAS276,0105,Eric Adler,25,25,0,2026-09-23 02:42:39,2026-09-23 02:42:39.148
2026-09-23 02:38:38,CLAS276,0106,Eric Adler,25,25,0,2026-09-23 02:42:39,2026-09-23 02:42:39.148
2026-09-23 02:38:38,CLAS333,0101,Nathan Levine,35,35,0,2026-09-23 02:42:39,2026-09-23 02:42:39.300
2026-09-23 02:38:38,CLAS340,0101,Katherine Wasdin,35,35,0,2026-09-23 02:42:39,2026-09-23 02:42:39.451
2026-09-23 02:38:38,CMLT235,0101,Instructor: TBA,30,30,0,2026-09-23 02:42:42,2026-09-23 02:42:42.563
2026-09-23 02:38:38,CMLT270,0201,Instructor: TBA,30,30,0,2026-09-23 02:42:42,2026-09-23 02:42:42.713
2026-09-23 02:38:38,CMLT270,0301,Instructor: TBA,30,30,0,2026-09-23 02:42:42,2026-09-23 02:42:42.713
2026-09-23 02:38:38,CMLT275,0101,Instructor: TBA,30,30,0,2026-09-23 02:42:42,2026-09-23 02:42:42.868
2026-09-23 02:38:38,CMLT277,0101,Instructor: TBA,30,30,0,2026-09-23 02:42:43,2026-09-23 02:42:43.013
2026-09-23 02:38:38,CMLT280,0101,Eric Zakim,25,25,0,2026-09-23 02:42:43,2026-09-23 02:42:43.166
2026-09-23 02:38:38,CMLT280,0102,Eric Zakim,25,25,0,2026-09-23 02:42:43,2026-09-23 02:42:43.166
2026-09-23 02:38:38,CMLT280,0103,Eric Zakim,25,25,0,2026-09-23 02:42:43,2026-09-23 02:42:43.166
2026-09-23 02:38:38,CMLT280,0104,Eric Zakim,25,25,0,2026-09-23 02:42:43,2026-09-23 02:42:43.166
2026-09-23 02:38:38,CPBE101,0101,Oliver Schlake,75,75,0,2026-09-23 02:42:55,2026-09-23 02:42:55.464
2026-09-23 02:38:38,CPBE230,0101,Obioma Akaigwe,30,30,0,2026-09-23 02:42:55,2026-09-23 02:42:55.618
2026-09-23 02:38:38,CPBE240,0101,Obioma Akaigwe,20,20,0,2026-09-23 02:42:55,2026-09-23 02:42:55.762
2026-09-23 02:38:38,CPBE250,0101,Obioma Akaigwe,30,30,0,2026-09-23 02:42:55,2026-09-23 02:42:55.920
2026-09-23 02:38:38,CPCV101,0101,Julie Randolph,40,40,0,2026-09-23 02:42:57,2026-09-23 02:42:57.140
2026-09-23 02:38:38,CPCV101,0201,Julie Randolph,40,40,0,2026-09-23 02:42:57,2026-09-23 02:42:57.141
2026-09-23 02:38:38,CPCV230,0101,Korey Rothman,20,20,0,2026-09-23 02:42:57,2026-09-23 02:42:57.294
2026-09-23 02:38:38,CPCV230,0201,Korey Rothman,20,20,0,2026-09-23 02:42:57,2026-09-23 02:42:57.294
2026-09-23 02:38:38,CPDJ101,0101,Jess Feltner,75,75,0,2026-09-23 02:42:58,2026-09-23 02:42:58.507
2026-09-23 02:38:38,CPDJ230,0101,Andrew Fellows,10,10,0,2026-09-23 02:42:58,2026-09-23 02:42:58.656
2026-09-23 02:38:38,CPDJ240,0101,Andrew Fellows,8,8,0,2026-09-23 02:42:58,2026-09-23 02:42:58.803
2026-09-23 02:38:38,CPDJ250,0101,Andrew Fellows,10,10,0,2026-09-23 02:42:58,2026-09-23 02:42:58.955
2026-09-23 02:38:38,CPET101,0101,Dani Moore,78,78,0,2026-09-23 02:43:00,2026-09-23 02:43:00.307
2026-09-23 02:38:38,CPET230,0101,Tim Knight,50,50,0,2026-09-23 02:43:00,2026-09-23 02:43:00.466
2026-09-23 02:38:38,CPET240,0101,Tim Knight,20,20,0,2026-09-23 02:43:00,2026-09-23 02:43:00.613
2026-09-23 02:38:38,CPET250,0101,Tim Knight,15,15,0,2026-09-23 02:43:00,2026-09-23 02:43:00.760
2026-09-23 02:38:38,CPGH101,0101,Angshuman Kashyap,75,75,0,2026-09-23 02:43:02,2026-09-23 02:43:02.133
2026-09-23 02:38:38,CPGH210,0101,Haley Clark,80,80,0,2026-09-23 02:43:02,2026-09-23 02:43:02.300
2026-09-23 02:38:38,CPGH230,0101,John Wiggins,30,30,0,2026-09-23 02:43:02,2026-09-23 02:43:02.461
2026-09-23 02:38:38,CPGH240,0101,John Wiggins,30,30,0,2026-09-23 02:43:02,2026-09-23 02:43:02.639
2026-09-23 02:38:38,CPGH250,0101,John Wiggins,25,25,0,2026-09-23 02:43:02,2026-09-23 02:43:02.822
2026-09-23 02:38:38,CPGH270,0101,Elisabeth Maring,5,5,0,2026-09-23 02:43:02,2026-09-23 02:43:02.979
2026-09-23 02:38:38,CPJT101,0101,Justine DeCamillis,75,75,0,2026-09-23 02:43:04,2026-09-23 02:43:04.200
2026-09-23 02:38:38,CPJT230,0101,Justine DeCamillis,35,35,0,2026-09-23 02:43:04,2026-09-23 02:43:04.350
2026-09-23 02:38:38,CPJT240,0101,Justine DeCamillis,25,25,0,2026-09-23 02:43:04,2026-09-23 02:43:04.498
2026-09-23 02:38:38,CPJT250,0101,Victoria Worley,25,25,0,2026-09-23 02:43:04,2026-09-23 02:43:04.646
2026-09-23 02:38:38,CPMS101,0101,Alison Burns,75,75,0,2026-09-23 02:43:05,2026-09-23 02:43:05.878
2026-09-23 02:38:38,CPMS230,0101,Alison Burns,30,30,0,2026-09-23 02:43:06,2026-09-23 02:43:06.025
2026-09-23 02:38:38,CPMS240,0101,Alison Burns,15,15,0,2026-09-23 02:43:06,2026-09-23 02:43:06.178
2026-09-23 02:38:38,CPPL101,0101,Kelly Brower,75,75,0,2026-09-23 02:43:07,2026-09-23 02:43:07.391
2026-09-23 02:38:38,CPSA101,0101,Heather-Erin Bremenstuhl,75,75,0,2026-09-23 02:43:08,2026-09-23 02:43:08.629
2026-09-23 02:38:38,CPSA149,0101,Harold Burgess,20,20,0,2026-09-23 02:43:08,2026-09-23 02:43:08.776
2026-09-23 02:38:38,CPSA201,0101,Heather-Erin Bremenstuhl,75,75,0,2026-09-23 02:43:08,2026-09-23 02:43:08.928
2026-09-23 02:38:38,CPSA240,0101,Harold Burgess,15,15,0,2026-09-23 02:43:09,2026-09-23 02:43:09.074
2026-09-23 02:38:38,CPSA250,0101,Heather-Erin Bremenstuhl,10,10,0,2026-09-23 02:43:09,2026-09-23 02:43:09.227
2026-09-23 02:38:38,CPSA250,0201,Heather-Erin Bremenstuhl,10,10,0,2026-09-23 02:43:09,2026-09-23 02:43:09.227
2026-09-23 02:38:38,CPSA250,0301,Heather-Erin Bremenstuhl,10,10,0,2026-09-23 02:43:09,2026-09-23 02:43:09.227
2026-09-23 02:38:38,CPSA260,0101,Harold Burgess,10,10,0,2026-09-23 02:43:09,2026-09-23 02:43:09.382
2026-09-23 02:38:38,CPSA260,0201,Harold Burgess,10,10,0,2026-09-23 02:43:09,2026-09-23 02:43:09.382
2026-09-23 02:38:38,CPSA260,0301,Heather-Erin Bremenstuhl,10,10,0,2026-09-23 02:43:09,2026-09-23 02:43:09.382
2026-09-23 02:38:38,CPSF101,0101,Erin Thomson,75,75,0,2026-09-23 02:43:10,2026-09-23 02:43:10.600
2026-09-23 02:38:38,CPSG101,0101,Thomas Holtz,75,75,0,2026-09-23 02:43:11,2026-09-23 02:43:11.846
2026-09-23 02:38:38,CPSG230,0101,John Merck,50,50,0,2026-09-23 02:43:11,2026-09-23 02:43:11.997
2026-09-23 02:38:38,CPSG240,0101,John Merck,25,25,0,2026-09-23 02:43:12,2026-09-23 02:43:12.146
2026-09-23 02:38:38,CPSG250,0101,John Merck,25,25,0,2026-09-23 02:43:12,2026-09-23 02:43:12.292
2026-09-23 02:38:38,CPSN101,0101,Hansol Kwak,75,75,0,2026-09-23 02:43:13,2026-09-23 02:43:13.512
2026-09-23 02:38:38,CPSN230,0101,Ellin Chung,40,40,0,2026-09-23 02:43:13,2026-09-23 02:43:13.656
2026-09-23 02:38:38,CPSN240,0101,Ellin Chung,15,15,0,2026-09-23 02:43:13,2026-09-23 02:43:13.805
2026-09-23 02:38:38,CPSN250,0101,Hansol Kwak,25,25,0,2026-09-23 02:43:13,2026-09-23 02:43:13.950
2026-09-23 02:38:38,CPSP239A,0101,Heather-Erin Bremenstuhl,10,10,0,2026-09-23 02:43:15,2026-09-23 02:43:15.192
2026-09-23 02:38:38,CPSP259J,0101,Alison Burns,10,10,0,2026-09-23 02:43:15,2026-09-23 02:43:15.343
2026-09-23 02:38:38,CPSP279N,0101,Stacy Kosko,10,10,0,2026-09-23 02:43:15,2026-09-23 02:43:15.488
2026-09-23 02:38:38,CPSP339P,0101,Kelly Brower,15,15,0,2026-09-23 02:43:15,2026-09-23 02:43:15.633
2026-09-23 02:38:38,CPSP359G,0101,John Merck,25,25,0,2026-09-23 02:43:15,2026-09-23 02:43:15.777
2026-09-23 02:38:38,CPSP359S,0101,David Eubanks,24,24,0,2026-09-23 02:43:15,2026-09-23 02:43:15.930
2026-09-23 02:38:38,CPSP369E,0101,Tim Knight,7,7,0,2026-09-23 02:43:16,2026-09-23 02:43:16.077
2026-09-23 02:38:38,CPSP369E,0102,Tim Knight,5,5,0,2026-09-23 02:43:16,2026-09-23 02:43:16.078
2026-09-23 02:38:38,CPSS101,0101,Christine Alexander,75,75,0,2026-09-23 02:43:17,2026-09-23 02:43:17.288
2026-09-23 02:38:38,CPSS225,0101,Roan Parrish,20,20,0,2026-09-23 02:43:17,2026-09-23 02:43:17.440
2026-09-23 02:38:38,CPSS225,0201,Thomas Zeller,20,20,0,2026-09-23 02:43:17,2026-09-23 02:43:17.440
2026-09-23 02:38:38,CPSS240,0101,Timothy Reedy,25,25,0,2026-09-23 02:43:17,2026-09-23 02:43:17.587
2026-09-23 02:38:38,CPSS340,0101,Nicole Mogul,20,20,0,2026-09-23 02:43:17,2026-09-23 02:43:17.740
2026-09-23 02:38:38,DATA100,0111,Matthew Griffin,27,27,0,2026-09-23 02:43:25,2026-09-23 02:43:25.263
2026-09-23 02:38:38,DATA100,0112,Matthew Griffin,27,27,0,2026-09-23 02:43:25,2026-09-23 02:43:25.263
2026-09-23 02:38:38,DATA100,0121,Matthew Griffin,27,27,0,2026-09-23 02:43:25,2026-09-23 02:43:25.263
2026-09-23 02:38:38,DATA100,0122,Matthew Griffin,27,27,0,2026-09-23 02:43:25,2026-09-23 02:43:25.263
2026-09-23 02:38:38,DATA100,0123,Matthew Griffin,27,27,0,2026-09-23 02:43:25,2026-09-23 02:43:25.263
2026-09-23 02:38:38,DATA100,0124,Matthew Griffin,27,27,0,2026-09-23 02:43:25,2026-09-23 02:43:25.263
2026-09-23 02:38:38,DATA100,0131,Matthew Griffin,27,27,0,2026-09-23 02:43:25,2026-09-23 02:43:25.263
2026-09-23 02:38:38,DATA100,0141,Matthew Griffin,27,27,0,2026-09-23 02:43:25,2026-09-23 02:43:25.264
2026-09-23 02:38:38,DATA100,0211,Matthew Griffin,27,27,0,2026-09-23 02:43:25,2026-09-23 02:43:25.264
2026-09-23 02:38:38,DATA100,0212,Matthew Griffin,27,27,0,2026-09-23 02:43:25,2026-09-23 02:43:25.264
2026-09-23 02:38:38,DATA100,0221,Matthew Griffin,27,27,0,2026-09-23 02:43:25,2026-09-23 02:43:25.264
2026-09-23 02:38:38,DATA100,0222,Matthew Griffin,27,27,0,2026-09-23 02:43:25,2026-09-23 02:43:25.264
2026-09-23 02:38:38,DATA100,0223,Matthew Griffin,27,27,0,2026-09-23 02:43:25,2026-09-23 02:43:25.264
2026-09-23 02:38:38,DATA100,0224,Matthew Griffin,27,27,0,2026-09-23 02:43:25,2026-09-23 02:43:25.264
2026-09-23 02:38:38,DATA100,0231,Matthew Griffin,27,27,0,2026-09-23 02:43:25,2026-09-23 02:43:25.264
2026-09-23 02:38:38,DATA100,0241,Matthew Griffin,27,27,0,2026-09-23 02:43:25,2026-09-23 02:43:25.264
2026-09-23 02:38:38,DATA100,0242,Matthew Griffin,27,27,0,2026-09-23 02:43:25,2026-09-23 02:43:25.265
2026-09-23 02:38:38,DATA100,0311,Jonathan Fernandes,25,25,0,2026-09-23 02:43:25,2026-09-23 02:43:25.265
2026-09-23 02:38:38,DATA100,0312,Jonathan Fernandes,25,25,0,2026-09-23 02:43:25,2026-09-23 02:43:25.265
2026-09-23 02:38:38,DATA100,0321,Jonathan Fernandes,25,25,0,2026-09-23 02:43:25,2026-09-23 02:43:25.265
2026-09-23 02:38:38,DATA100,0322,Jonathan Fernandes,25,25,0,2026-09-23 02:43:25,2026-09-23 02:43:25.265
2026-09-23 02:38:38,DATA100,0323,Jonathan Fernandes,25,25,0,2026-09-23 02:43:25,2026-09-23 02:43:25.265
2026-09-23 02:38:38,DATA100,0331,Jonathan Fernandes,25,25,0,2026-09-23 02:43:25,2026-09-23 02:43:25.265
2026-09-23 02:38:38,DATA100,0332,Jonathan Fernandes,29,29,0,2026-09-23 02:43:25,2026-09-23 02:43:25.265
2026-09-23 02:38:38,DATA110,0101,Susan Mazzullo,310,310,0,2026-09-23 02:43:25,2026-09-23 02:43:25.411
2026-09-23 02:38:38,DATA120,0101,Fardina Alam,200,200,0,2026-09-23 02:43:25,2026-09-23 02:43:25.561
2026-09-23 02:38:38,DATA200,0101,Fardina Alam,90,90,0,2026-09-23 02:43:25,2026-09-23 02:43:25.708
2026-09-23 02:38:38,DATA250,0101,Todd Rowland,30,30,0,2026-09-23 02:43:25,2026-09-23 02:43:25.864
2026-09-23 02:38:38,DATA320,0101,Maksym Morawski,20,20,0,2026-09-23 02:43:26,2026-09-23 02:43:26.018
2026-09-23 02:38:38,DATA320,0201,Fardina Alam,20,20,0,2026-09-23 02:43:26,2026-09-23 02:43:26.018
2026-09-23 02:38:38,DATA320,0301,Anna Evtushenko,12,12,0,2026-09-23 02:43:26,2026-09-23 02:43:26.018
2026-09-23 02:38:38,DATA350,0101,Todd Rowland,30,30,0,2026-09-23 02:43:26,2026-09-23 02:43:26.173
2026-09-23 02:38:38,DATA350,0201,Raluca Rosca,30,30,0,2026-09-23 02:43:26,2026-09-23 02:43:26.174
2026-09-23 02:38:38,DATA400,0111,Archana Khurana,27,27,0,2026-09-23 02:43:26,2026-09-23 02:43:26.341
2026-09-23 02:38:38,DATA400,0121,Archana Khurana,27,27,0,2026-09-23 02:43:26,2026-09-23 02:43:26.342
2026-09-23 02:38:38,DATA400,0131,Archana Khurana,27,27,0,2026-09-23 02:43:26,2026-09-23 02:43:26.342
2026-09-23 02:38:38,DATA400,0211,Salman Safdar,27,27,0,2026-09-23 02:43:26,2026-09-23 02:43:26.342
2026-09-23 02:38:38,DATA400,0311,Shixin Zheng,27,27,0,2026-09-23 02:43:26,2026-09-23 02:43:26.342
2026-09-23 02:38:38,DATA400,0321,Shixin Zheng,30,30,0,2026-09-23 02:43:26,2026-09-23 02:43:26.342
2026-09-23 02:38:38,DATA400,0331,Shixin Zheng,27,27,0,2026-09-23 02:43:26,2026-09-23 02:43:26.342
2026-09-23 02:38:38,DATA400,0411,Mestiyage Gunatilleka,27,27,0,2026-09-23 02:43:26,2026-09-23 02:43:26.342
2026-09-23 02:38:38,DATA400,0412,Mestiyage Gunatilleka,27,27,0,2026-09-23 02:43:26,2026-09-23 02:43:26.343
2026-09-23 02:38:38,DATA400,0421,Mestiyage Gunatilleka,27,27,0,2026-09-23 02:43:26,2026-09-23 02:43:26.343
2026-09-23 02:38:38,DATA400,0422,Mestiyage Gunatilleka,27,27,0,2026-09-23 02:43:26,2026-09-23 02:43:26.343
2026-09-23 02:38:38,DATA400,0431,Mestiyage Gunatilleka,27,27,0,2026-09-23 02:43:26,2026-09-23 02:43:26.343
2026-09-23 02:38:38,DATA400,0432,Mestiyage Gunatilleka,27,27,0,2026-09-23 02:43:26,2026-09-23 02:43:26.343
2026-09-23 02:38:38,DATA602,PCS1,Tammy Perrin,30,30,0,2026-09-23 02:43:26,2026-09-23 02:43:26.491
2026-09-23 02:38:38,DATA603,PWS1,Kemal Davaslioglu,50,50,0,2026-09-23 02:43:26,2026-09-23 02:43:26.640
2026-09-23 02:38:38,DATA604,PCS1,Wojciech Czaja,55,55,0,2026-09-23 02:43:26,2026-09-23 02:43:26.793
2026-09-23 02:38:38,DATA604,PCS2,Mestiyage Gunatilleka,55,55,0,2026-09-23 02:43:26,2026-09-23 02:43:26.793
2026-09-23 02:38:38,DATA604,PCS3,Kendall Williams,55,55,0,2026-09-23 02:43:26,2026-09-23 02:43:26.793
2026-09-23 02:38:38,DATA604,PCS4,Jonathan Fernandes,55,55,0,2026-09-23 02:43:26,2026-09-23 02:43:26.793
2026-09-23 02:38:38,DATA605,PCS1,Tammy Perrin,55,55,0,2026-09-23 02:43:27,2026-09-23 02:43:27.580
2026-09-23 02:38:38,DATA605,PCS2,Tammy Perrin,55,55,0,2026-09-23 02:43:27,2026-09-23 02:43:27.581
2026-09-23 02:38:38,DATA605,PWS1,Giacinto Paolo Saggese,55,55,0,2026-09-23 02:43:27,2026-09-23 02:43:27.581
2026-09-23 02:38:38,DATA606,PCS1,Abdirisak Mohamed,55,55,0,2026-09-23 02:43:27,2026-09-23 02:43:27.733
2026-09-23 02:38:38,DATA606,PCS2,Abdirisak Mohamed,55,55,0,2026-09-23 02:43:27,2026-09-23 02:43:27.733
2026-09-23 02:38:38,DATA606,PCS3,Toki Inan,55,55,0,2026-09-23 02:43:27,2026-09-23 02:43:27.733
2026-09-23 02:38:38,DATA612,PCS1,Samet Ayhan,55,55,0,2026-09-23 02:43:27,2026-09-23 02:43:27.883
2026-09-23 02:38:38,DATA612,PCS2,Samet Ayhan,55,55,0,2026-09-23 02:43:27,2026-09-23 02:43:27.884
2026-09-23 02:38:38,DATA612,PCS3,Emre Gunduzhan,55,55,0,2026-09-23 02:43:27,2026-09-23 02:43:27.884
2026-09-23 02:38:38,DATA641,PCS1,Armin Mehrabian,55,55,0,2026-09-23 02:43:28,2026-09-23 02:43:28.033
2026-09-23 02:38:38,EALL361,0101,Instructor: TBA,20,20,0,2026-09-23 02:43:29,2026-09-23 02:43:29.251
2026-09-23 02:38:38,EDDI300,0101,Nicole Mehta,20,20,0,2026-09-23 02:43:38,2026-09-23 02:43:38.025
2026-09-23 02:38:38,EMBA788V,GX01,Zhi-Long Chen,31,31,0,2026-09-23 02:43:53,2026-09-23 02:43:53.478
2026-09-23 02:38:38,ENAI603,0101,A Seyed,35,35,0,2026-09-23 02:44:00,2026-09-23 02:44:00.335
2026-09-23 02:38:38,ENAI603,AEC1,A Seyed,20,20,0,2026-09-23 02:44:00,2026-09-23 02:44:00.335
2026-09-23 02:38:38,ENBC312,ESG1,Kyunghun Lee,20,20,0,2026-09-23 02:44:01,2026-09-23 02:44:01.728
2026-09-23 02:38:38,ENBC321,ESG1,Jamasp Azarnoosh,20,20,0,2026-09-23 02:44:01,2026-09-23 02:44:01.908
2026-09-23 02:38:38,ENBC342,ESG1,Lan Ma,20,20,0,2026-09-23 02:44:02,2026-09-23 02:44:02.077
2026-09-23 02:38:38,ENBC351,ESG1,Jarred Callura,20,20,0,2026-09-23 02:44:02,2026-09-23 02:44:02.239
2026-09-23 02:38:38,ENBC352,ESG1,Jarred Callura,20,20,0,2026-09-23 02:44:02,2026-09-23 02:44:02.394
2026-09-23 02:38:38,ENBC403,ESG1,Jamasp Azarnoosh,20,20,0,2026-09-23 02:44:02,2026-09-23 02:44:02.556
2026-09-23 02:38:38,ENBC441,ESG1,Lan Ma,20,20,0,2026-09-23 02:44:02,2026-09-23 02:44:02.704
2026-09-23 02:38:38,ENBC455,ESG1,Jarred Callura,20,20,0,2026-09-23 02:44:02,2026-09-23 02:44:02.856
2026-09-23 02:38:38,ENBC491,ESG1,Lan Ma,20,20,0,2026-09-23 02:44:03,2026-09-23 02:44:03.024
2026-09-23 02:38:38,ENCO099,0101,Lizzy Solovey,200,200,0,2026-09-23 02:44:08,2026-09-23 02:44:08.388
2026-09-23 02:38:38,ENEB304,ESG1,Nestor Michael Tiglao,20,20,0,2026-09-23 02:44:09,2026-09-23 02:44:09.640
2026-09-23 02:38:38,ENEB345,ESG1,Nestor Michael Tiglao,20,20,0,2026-09-23 02:44:09,2026-09-23 02:44:09.789
2026-09-23 02:38:38,ENEB352,ESG1,Mohamed Hany,20,20,0,2026-09-23 02:44:09,2026-09-23 02:44:09.950
2026-09-23 02:38:38,ENEB353,ESG1,Manoj Franklin,20,20,0,2026-09-23 02:44:10,2026-09-23 02:44:10.099
2026-09-23 02:38:38,ENEB355,ESG1,Nestor Michael Tiglao,20,20,0,2026-09-23 02:44:10,2026-09-23 02:44:10.248
2026-09-23 02:38:38,ENEB408B,ESG1,Jerry Wu,20,20,0,2026-09-23 02:44:10,2026-09-23 02:44:10.394
2026-09-23 02:38:38,ENEB443,ESG1,George Zaki,20,20,0,2026-09-23 02:44:10,2026-09-23 02:44:10.537
2026-09-23 02:38:38,ENEB453,ESG1,Nestor Michael Tiglao,20,20,0,2026-09-23 02:44:10,2026-09-23 02:44:10.685
2026-09-23 02:38:38,ENEB455,ESG1,Jerry Wu,20,20,0,2026-09-23 02:44:10,2026-09-23 02:44:10.830
2026-09-23 02:38:38,ENEB456,ESG1,Nestor Michael Tiglao,20,20,0,2026-09-23 02:44:10,2026-09-23 02:44:10.980
2026-09-23 02:38:38,ENED037,0101,Hillary Owusu,20,20,0,2026-09-23 02:44:12,2026-09-23 02:44:12.208
2026-09-23 02:38:38,ENED290H,0101,Christopher Troilo,45,45,0,2026-09-23 02:44:12,2026-09-23 02:44:12.356
2026-09-23 02:38:38,ENED394H,0101,Maria Bardossy,40,40,0,2026-09-23 02:44:12,2026-09-23 02:44:12.505
2026-09-23 02:38:38,ENED397,0101,Emily Marks,9,9,0,2026-09-23 02:44:12,2026-09-23 02:44:12.651
2026-09-23 02:38:38,ENED490H,0101,David Ashley,45,45,0,2026-09-23 02:44:12,2026-09-23 02:44:12.800
2026-09-23 02:38:38,ENMT313,ESG1,Nicholas Limparis,3,3,0,2026-09-23 02:44:50,2026-09-23 02:44:50.463
2026-09-23 02:38:38,ENMT332,ESG1,Norman Wereley,4,4,0,2026-09-23 02:44:50,2026-09-23 02:44:50.607
2026-09-23 02:38:38,ENMT362,ESG1,Young Choi,3,3,0,2026-09-23 02:44:50,2026-09-23 02:44:50.773
2026-09-23 02:38:38,ENMT372,ESG1,Gurtajbir Herr,3,3,0,2026-09-23 02:44:50,2026-09-23 02:44:50.943
2026-09-23 02:38:38,ENMT477,ESG1,Gurtajbir Herr,7,7,0,2026-09-23 02:44:51,2026-09-23 02:44:51.101
2026-09-23 02:38:38,ENMT488C,ESG1,Colleen Murray,7,7,0,2026-09-23 02:44:51,2026-09-23 02:44:51.257
2026-09-23 02:38:38,ENMT488P,ESG1,Colleen Murray,7,7,0,2026-09-23 02:44:51,2026-09-23 02:44:51.408
2026-09-23 02:38:38,ENMT488Z,ESG1,Nicholas Limparis,7,7,0,2026-09-23 02:44:51,2026-09-23 02:44:51.553
2026-09-23 02:38:38,ENSP102,0101,Joanna Goger,22,22,0,2026-09-23 02:45:01,2026-09-23 02:45:01.148
2026-09-23 02:38:38,ENSP102,0102,Joanna Goger,22,22,0,2026-09-23 02:45:01,2026-09-23 02:45:01.148
2026-09-23 02:38:38,ENSP102,0103,Joanna Goger,23,23,0,2026-09-23 02:45:01,2026-09-23 02:45:01.148
2026-09-23 02:38:38,ENSP102,0104,Joanna Goger,22,22,0,2026-09-23 02:45:01,2026-09-23 02:45:01.148
2026-09-23 02:38:38,ENSP102,0105,Joanna Goger,22,22,0,2026-09-23 02:45:01,2026-09-23 02:45:01.149
2026-09-23 02:38:38,ENSP102,0106,Joanna Goger,22,22,0,2026-09-23 02:45:01,2026-09-23 02:45:01.149
2026-09-23 02:38:38,ENSP102,0107,Joanna Goger,22,22,0,2026-09-23 02:45:01,2026-09-23 02:45:01.149
2026-09-23 02:38:38,ENSP306,0101,Caroline Boules,30,30,0,2026-09-23 02:45:01,2026-09-23 02:45:01.332
2026-09-23 02:38:38,ENSP330,0101,Joanna Goger,35,35,0,2026-09-23 02:45:01,2026-09-23 02:45:01.517
2026-09-23 02:38:38,ENSP342,0101,Annette Spivy,35,35,0,2026-09-23 02:45:01,2026-09-23 02:45:01.745
2026-09-23 02:38:38,ENSP370,0101,Arielle Wharton,30,30,0,2026-09-23 02:45:01,2026-09-23 02:45:01.990
2026-09-23 02:38:38,ENSP399R,0101,Melissa Kenney,15,15,0,2026-09-23 02:45:02,2026-09-23 02:45:02.511
2026-09-23 02:38:38,ENSP399R,0301,Instructor: TBA,15,15,0,2026-09-23 02:45:02,2026-09-23 02:45:02.511
2026-09-23 02:38:38,ENSP399R,0601,Annette Spivy,10,10,0,2026-09-23 02:45:02,2026-09-23 02:45:02.511
2026-09-23 02:38:38,ENSP399R,1001,Jennifer Mullinax,10,10,0,2026-09-23 02:45:02,2026-09-23 02:45:02.511
2026-09-23 02:38:38,ENSP400,0101,Caroline Boules,30,30,0,2026-09-23 02:45:02,2026-09-23 02:45:02.667
2026-09-23 02:38:38,ENSP400,0102,Annette Spivy,30,30,0,2026-09-23 02:45:02,2026-09-23 02:45:02.667
2026-09-23 02:38:38,ENSP400,0104,Colleen O'Donnell,20,20,0,2026-09-23 02:45:02,2026-09-23 02:45:02.667
2026-09-23 02:38:38,FGSM398,0101,Jayakumar Arasan,120,120,0,2026-09-23 02:45:17,2026-09-23 02:45:17.157
2026-09-23 02:38:38,FGSM398,0201,Jayakumar Arasan,120,120,0,2026-09-23 02:45:17,2026-09-23 02:45:17.158
2026-09-23 02:38:38,GBHL200,0101,Leena Malayil,18,18,0,2026-09-23 02:45:29,2026-09-23 02:45:29.437
2026-09-23 02:38:38,GBHL200,0201,Leena Malayil,13,13,0,2026-09-23 02:45:29,2026-09-23 02:45:29.437
2026-09-23 02:38:38,GBHL210,0101,Leena Malayil,18,18,0,2026-09-23 02:45:29,2026-09-23 02:45:29.586
2026-09-23 02:38:38,GBHL210,0201,Leena Malayil,13,13,0,2026-09-23 02:45:29,2026-09-23 02:45:29.586
2026-09-23 02:38:38,GBHL310,0101,Catherine Maybury,15,15,0,2026-09-23 02:45:29,2026-09-23 02:45:29.737
2026-09-23 02:38:38,GBHL310,0201,Catherine Maybury,15,15,0,2026-09-23 02:45:29,2026-09-23 02:45:29.737
2026-09-23 02:38:38,GBHL497,0101,Hassanatu Blake,3,3,0,2026-09-23 02:45:30,2026-09-23 02:45:30.177
2026-09-23 02:38:38,GEMS102,0101,David Lovell,180,180,0,2026-09-23 02:45:31,2026-09-23 02:45:31.526
2026-09-23 02:38:38,GEMS208D,0101,Allison Lansverk,1,1,0,2026-09-23 02:45:31,2026-09-23 02:45:31.671
2026-09-23 02:38:38,GEMS208E,0101,Allison Lansverk,18,18,0,2026-09-23 02:45:31,2026-09-23 02:45:31.820
2026-09-23 02:38:38,GEMS208F,0201,Allison Lansverk,12,12,0,2026-09-23 02:45:31,2026-09-23 02:45:31.966
2026-09-23 02:38:38,GEMS208J,0101,Allison Lansverk,24,24,0,2026-09-23 02:45:32,2026-09-23 02:45:32.120
2026-09-23 02:38:38,GEMS208K,0101,Allison Lansverk,30,30,0,2026-09-23 02:45:32,2026-09-23 02:45:32.273
2026-09-23 02:38:38,GEMS208P,0101,Allison Lansverk,15,15,0,2026-09-23 02:45:32,2026-09-23 02:45:32.425
2026-09-23 02:38:38,GEMS208Q,0201,Allison Lansverk,1,1,0,2026-09-23 02:45:32,2026-09-23 02:45:32.571
2026-09-23 02:38:38,GEMS296,0113,David Lovell,5,5,0,2026-09-23 02:45:32,2026-09-23 02:45:32.717
2026-09-23 02:38:38,GEMS297,0101,Instructor: TBA,14,14,0,2026-09-23 02:45:32,2026-09-23 02:45:32.875
2026-09-23 02:38:38,GEMS297,0102,Instructor: TBA,14,14,0,2026-09-23 02:45:32,2026-09-23 02:45:32.875
2026-09-23 02:38:38,GEMS297,0103,Instructor: TBA,14,14,0,2026-09-23 02:45:32,2026-09-23 02:45:32.875
2026-09-23 02:38:38,GEMS297,0104,Instructor: TBA,14,14,0,2026-09-23 02:45:32,2026-09-23 02:45:32.876
2026-09-23 02:38:38,GEMS297,0105,Instructor: TBA,14,14,0,2026-09-23 02:45:32,2026-09-23 02:45:32.876
2026-09-23 02:38:38,GEMS297,0106,Instructor: TBA,14,14,0,2026-09-23 02:45:32,2026-09-23 02:45:32.876
2026-09-23 02:38:38,GEMS297,0107,Instructor: TBA,14,14,0,2026-09-23 02:45:32,2026-09-23 02:45:32.876
2026-09-23 02:38:38,GEMS297,0108,Instructor: TBA,14,14,0,2026-09-23 02:45:32,2026-09-23 02:45:32.876
2026-09-23 02:38:38,GEMS297,0109,Instructor: TBA,14,14,0,2026-09-23 02:45:32,2026-09-23 02:45:32.876
2026-09-23 02:38:38,GEMS297,0110,Instructor: TBA,14,14,0,2026-09-23 02:45:32,2026-09-23 02:45:32.876
2026-09-23 02:38:38,GEMS297,0111,Instructor: TBA,14,14,0,2026-09-23 02:45:32,2026-09-23 02:45:32.876
2026-09-23 02:38:38,GEMS297,0112,Instructor: TBA,14,14,0,2026-09-23 02:45:32,2026-09-23 02:45:32.877
2026-09-23 02:38:38,GEMS297,0113,Instructor: TBA,14,14,0,2026-09-23 02:45:32,2026-09-23 02:45:32.877
2026-09-23 02:38:38,GEMS297,0114,Instructor: TBA,14,14,0,2026-09-23 02:45:32,2026-09-23 02:45:32.877
2026-09-23 02:38:38,GEMS297,0115,Instructor: TBA,5,5,0,2026-09-23 02:45:32,2026-09-23 02:45:32.877
2026-09-23 02:38:38,GEMS396,0113,David Lovell,5,5,0,2026-09-23 02:45:33,2026-09-23 02:45:33.026
2026-09-23 02:38:38,GEMS397,0101,Michael Humber,14,14,0,2026-09-23 02:45:33,2026-09-23 02:45:33.184
2026-09-23 02:38:38,GEMS397,0102,Seth Dickey,14,14,0,2026-09-23 02:45:33,2026-09-23 02:45:33.185
2026-09-23 02:38:38,GEMS397,0103,Cecilia Huertas Cerdeira,14,14,0,2026-09-23 02:45:33,2026-09-23 02:45:33.185
2026-09-23 02:38:38,GEMS397,0104,Rodolphe Gentili,14,14,0,2026-09-23 02:45:33,2026-09-23 02:45:33.185
2026-09-23 02:38:38,GEMS397,0105,Allison Reilly,14,14,0,2026-09-23 02:45:33,2026-09-23 02:45:33.185
2026-09-23 02:38:38,GEMS397,0106,Peter Sunderland,14,14,0,2026-09-23 02:45:33,2026-09-23 02:45:33.185
2026-09-23 02:38:38,GEMS397,0107,Brett Lacey,14,14,0,2026-09-23 02:45:33,2026-09-23 02:45:33.185
2026-09-23 02:38:38,GEMS397,0108,Natalia Buzulukova,14,14,0,2026-09-23 02:45:33,2026-09-23 02:45:33.185
2026-09-23 02:38:38,GEMS397,0109,Anil Deane,14,14,0,2026-09-23 02:45:33,2026-09-23 02:45:33.185
2026-09-23 02:38:38,GEMS397,0110,Colenso Speer,14,14,0,2026-09-23 02:45:33,2026-09-23 02:45:33.186
2026-09-23 02:38:38,GEMS397,0111,Alisa Clyne,14,14,0,2026-09-23 02:45:33,2026-09-23 02:45:33.186
2026-09-23 02:38:38,GEMS397,0112,Xin Zan,14,14,0,2026-09-23 02:45:33,2026-09-23 02:45:33.186
2026-09-23 02:38:38,GEMS397,0113,Instructor: TBA,14,14,0,2026-09-23 02:45:33,2026-09-23 02:45:33.186
2026-09-23 02:38:38,GEMS397,0114,David Lovell,5,5,0,2026-09-23 02:45:33,2026-09-23 02:45:33.186
2026-09-23 02:38:38,GEMS397,0115,David Lovell,5,5,0,2026-09-23 02:45:33,2026-09-23 02:45:33.186
2026-09-23 02:38:38,GEMS496,0113,David Lovell,5,5,0,2026-09-23 02:45:33,2026-09-23 02:45:33.337
2026-09-23 02:38:38,GEMS497,0101,Eric Haag,14,14,0,2026-09-23 02:45:33,2026-09-23 02:45:33.503
2026-09-23 02:38:38,GEMS497,0102,Mohammad Nayeem Teli,14,14,0,2026-09-23 02:45:33,2026-09-23 02:45:33.503
2026-09-23 02:38:38,GEMS497,0103,Norberto Gonzalez- Juarbe,14,14,0,2026-09-23 02:45:33,2026-09-23 02:45:33.504
2026-09-23 02:38:38,GEMS497,0104,Abhinav Shrivastava,14,14,0,2026-09-23 02:45:33,2026-09-23 02:45:33.504
2026-09-23 02:38:38,GEMS497,0105,Hector Alcala,14,14,0,2026-09-23 02:45:33,2026-09-23 02:45:33.504
2026-09-23 02:38:38,GEMS497,0106,Massimo Ricotti,14,14,0,2026-09-23 02:45:33,2026-09-23 02:45:33.504
2026-09-23 02:38:38,GEMS497,0107,Reza Ghodssi,14,14,0,2026-09-23 02:45:33,2026-09-23 02:45:33.504
2026-09-23 02:38:38,GEMS497,0108,Nikhil Chopra,14,14,0,2026-09-23 02:45:33,2026-09-23 02:45:33.504
2026-09-23 02:38:38,GEMS497,0109,Kimberly Stroka,14,14,0,2026-09-23 02:45:33,2026-09-23 02:45:33.504
2026-09-23 02:38:38,GEMS497,0110,Gorjan Alagic,14,14,0,2026-09-23 02:45:33,2026-09-23 02:45:33.504
2026-09-23 02:38:38,GEMS497,0111,Alisa Clyne,14,14,0,2026-09-23 02:45:33,2026-09-23 02:45:33.505
2026-09-23 02:38:38,GEMS497,0112,Xin Zan,14,14,0,2026-09-23 02:45:33,2026-09-23 02:45:33.505
2026-09-23 02:38:38,GEMS497,0113,David Lovell,14,14,0,2026-09-23 02:45:33,2026-09-23 02:45:33.505
2026-09-23 02:38:38,GEMS497,0114,David Lovell,14,14,0,2026-09-23 02:45:33,2026-09-23 02:45:33.505
2026-09-23 02:38:38,GFPL100,0101,Alec Worsnop,21,21,0,2026-09-23 02:45:47,2026-09-23 02:45:47.778
2026-09-23 02:38:38,GFPL100,0102,Alec Worsnop,21,21,0,2026-09-23 02:45:47,2026-09-23 02:45:47.778
2026-09-23 02:38:38,GFPL100,0103,Alec Worsnop,21,21,0,2026-09-23 02:45:47,2026-09-23 02:45:47.779
2026-09-23 02:38:38,GFPL100,0104,Alec Worsnop,21,21,0,2026-09-23 02:45:47,2026-09-23 02:45:47.779
2026-09-23 02:38:38,GFPL100,0105,Alec Worsnop,21,21,0,2026-09-23 02:45:47,2026-09-23 02:45:47.779
2026-09-23 02:38:38,GFPL100,0106,Alec Worsnop,20,20,0,2026-09-23 02:45:47,2026-09-23 02:45:47.779
2026-09-23 02:38:38,GFPL102,0101,Caroline Ritter,95,95,0,2026-09-23 02:45:47,2026-09-23 02:45:47.931
2026-09-23 02:38:38,GFPL372,0101,Devin Entrikin,40,40,0,2026-09-23 02:45:48,2026-09-23 02:45:48.078
2026-09-23 02:38:38,GLBC200,0101,Parker Brookie,30,30,0,2026-09-23 02:45:49,2026-09-23 02:45:49.299
2026-09-23 02:38:38,GLBC360,0101,Hester Baer,30,30,0,2026-09-23 02:45:49,2026-09-23 02:45:49.442
2026-09-23 02:38:38,HACS101,0101,Michel Cukier,35,35,0,2026-09-23 02:46:04,2026-09-23 02:46:04.329
2026-09-23 02:38:38,HACS101,0201,Michel Cukier,35,35,0,2026-09-23 02:46:04,2026-09-23 02:46:04.330
2026-09-23 02:38:38,HACS201,0101,Bertrand Sobesto,26,26,0,2026-09-23 02:46:04,2026-09-23 02:46:04.478
2026-09-23 02:38:38,HACS208A,0101,Lawrence Gordon,20,20,0,2026-09-23 02:46:04,2026-09-23 02:46:04.627
2026-09-23 02:38:38,HACS208E,0101,Ian Serbin,26,26,0,2026-09-23 02:46:04,2026-09-23 02:46:04.777
2026-09-23 02:38:38,HACS208Z,0101,Zulema Belyeu,30,30,0,2026-09-23 02:46:04,2026-09-23 02:46:04.925
2026-09-23 02:38:38,HACS297,0101,Sarah Herberger,25,25,0,2026-09-23 02:46:05,2026-09-23 02:46:05.367
2026-09-23 02:38:38,HACS318A,0101,Lindsey Schrott,75,75,0,2026-09-23 02:46:05,2026-09-23 02:46:05.517
2026-09-23 02:38:38,HACS408C,0101,Lamia Zia,26,26,0,2026-09-23 02:46:05,2026-09-23 02:46:05.665
2026-09-23 02:38:38,HACS408P,0101,Firoozeh Rahimian,26,26,0,2026-09-23 02:46:05,2026-09-23 02:46:05.817
2026-09-23 02:38:38,HACS408T,0101,Kevin Bock,30,30,0,2026-09-23 02:46:05,2026-09-23 02:46:05.965
2026-09-23 02:38:38,HACS408V,0101,Edward Condon,30,30,0,2026-09-23 02:46:06,2026-09-23 02:46:06.109
2026-09-23 02:38:38,HACS497,0101,Cassie Harrington,25,25,0,2026-09-23 02:46:06,2026-09-23 02:46:06.412
2026-09-23 02:38:38,HACS498,0101,Thomas Woods,10,10,0,2026-09-23 02:46:06,2026-09-23 02:46:06.561
2026-09-23 02:38:38,HACS498,0201,Neal Ziring,18,18,0,2026-09-23 02:46:06,2026-09-23 02:46:06.561
2026-09-23 02:38:38,HACS498,0301,Michel Cukier,4,4,0,2026-09-23 02:46:06,2026-09-23 02:46:06.562
2026-09-23 02:38:38,HBUS105,0101,Daniel McCarthy,65,65,0,2026-09-23 02:46:07,2026-09-23 02:46:07.788
2026-09-23 02:38:38,HBUS205,0101,Jui Ramaprasad,60,60,0,2026-09-23 02:46:07,2026-09-23 02:46:07.954
2026-09-23 02:38:38,HDCC106,0101,Jessica Lu,10,10,0,2026-09-23 02:46:09,2026-09-23 02:46:09.180
2026-09-23 02:38:38,HDCC106,0201,William Evans,10,10,0,2026-09-23 02:46:09,2026-09-23 02:46:09.180
2026-09-23 02:38:38,HDCC106,0301,Grant Bollmer,10,10,0,2026-09-23 02:46:09,2026-09-23 02:46:09.180
2026-09-23 02:38:38,HDCC106,0401,Cliff Bakalian,10,10,0,2026-09-23 02:46:09,2026-09-23 02:46:09.180
2026-09-23 02:38:38,HDCC106,0501,Alex Leitch,10,10,0,2026-09-23 02:46:09,2026-09-23 02:46:09.181
2026-09-23 02:38:38,HDCC106,0601,Jade Olson,10,10,0,2026-09-23 02:46:09,2026-09-23 02:46:09.181
2026-09-23 02:38:38,HDCC106,0701,Courtney Ray,10,10,0,2026-09-23 02:46:09,2026-09-23 02:46:09.181
2026-09-23 02:38:38,HDCC209A,0101,Jessica Lu,15,15,0,2026-09-23 02:46:09,2026-09-23 02:46:09.332
2026-09-23 02:38:38,HDCC209B,0101,Nishtha Das,15,15,0,2026-09-23 02:46:09,2026-09-23 02:46:09.488
2026-09-23 02:38:38,HDCC209C,0101,Hansika Murugu,15,15,0,2026-09-23 02:46:09,2026-09-23 02:46:09.634
2026-09-23 02:38:38,HEBR107,0101,Avital Karpman,15,15,0,2026-09-23 02:46:11,2026-09-23 02:46:11.009
2026-09-23 02:38:38,HEBR107,0201,Avital Karpman,15,15,0,2026-09-23 02:46:11,2026-09-23 02:46:11.010
2026-09-23 02:38:38,HEBR207,0101,Avital Karpman,15,15,0,2026-09-23 02:46:11,2026-09-23 02:46:11.156
2026-09-23 02:38:38,HEBR249A,0101,Aliza Sandalon,15,15,0,2026-09-23 02:46:11,2026-09-23 02:46:11.302
2026-09-23 02:38:38,HEBR314,0101,Aliza Sandalon,20,20,0,2026-09-23 02:46:11,2026-09-23 02:46:11.449
2026-09-23 02:38:38,HGLO298,0101,Daniel Tuke,30,30,0,2026-09-23 02:46:22,2026-09-23 02:46:22.306
2026-09-23 02:38:38,HHUM106,0101,Sarah Humud,17,17,0,2026-09-23 02:46:23,2026-09-23 02:46:23.529
2026-09-23 02:38:38,HHUM106,0102,Sarah Humud,17,17,0,2026-09-23 02:46:23,2026-09-23 02:46:23.530
2026-09-23 02:38:38,HHUM106,0103,Sarah Humud,17,17,0,2026-09-23 02:46:23,2026-09-23 02:46:23.530
2026-09-23 02:38:38,HHUM106,0104,Sarah Humud,17,17,0,2026-09-23 02:46:23,2026-09-23 02:46:23.530
2026-09-23 02:38:38,HHUM206,0101,Sarah Humud,15,15,0,2026-09-23 02:46:23,2026-09-23 02:46:23.686
2026-09-23 02:38:38,HHUM206,0102,Sarah Humud,15,15,0,2026-09-23 02:46:23,2026-09-23 02:46:23.687
2026-09-23 02:38:38,HHUM206,0103,Carla Della Gatta,15,15,0,2026-09-23 02:46:23,2026-09-23 02:46:23.687
2026-09-23 02:38:38,HHUM206,0104,Sarah Humud,15,15,0,2026-09-23 02:46:23,2026-09-23 02:46:23.687
2026-09-23 02:38:38,HHUM328,0101,Sarah Humud,20,20,0,2026-09-23 02:46:23,2026-09-23 02:46:23.831
2026-09-23 02:38:38,HHUM329,0101,Sarah Humud,5,5,0,2026-09-23 02:46:23,2026-09-23 02:46:23.981
2026-09-23 02:38:38,HISP200,0101,Stefan Woehlke,22,22,0,2026-09-23 02:46:25,2026-09-23 02:46:25.240
2026-09-23 02:38:38,HISP200,0102,Stefan Woehlke,22,22,0,2026-09-23 02:46:25,2026-09-23 02:46:25.240
2026-09-23 02:38:38,HISP200,0103,Stefan Woehlke,22,22,0,2026-09-23 02:46:25,2026-09-23 02:46:25.241
2026-09-23 02:38:38,HISP200,0104,Stefan Woehlke,22,22,0,2026-09-23 02:46:25,2026-09-23 02:46:25.241
2026-09-23 02:38:38,HISP200,0105,Stefan Woehlke,22,22,0,2026-09-23 02:46:25,2026-09-23 02:46:25.241
2026-09-23 02:38:38,HISP319E,0101,Michelle Magalong,20,20,0,2026-09-23 02:46:25,2026-09-23 02:46:25.388
2026-09-23 02:38:38,HISP319S,0101,Michelle Magalong,30,30,0,2026-09-23 02:46:25,2026-09-23 02:46:25.544
2026-09-23 02:38:38,HISP619E,0101,Michelle Magalong,24,24,0,2026-09-23 02:46:25,2026-09-23 02:46:25.694
2026-09-23 02:38:38,HISP619O,0101,Stefan Woehlke,5,5,0,2026-09-23 02:46:25,2026-09-23 02:46:25.842
2026-09-23 02:38:38,HISP630,0101,Rhonda Sincavage,15,15,0,2026-09-23 02:46:25,2026-09-23 02:46:25.991
2026-09-23 02:38:38,HISP635,0101,Eola Dance,10,10,0,2026-09-23 02:46:26,2026-09-23 02:46:26.138
2026-09-23 02:38:38,HISP640,0101,Frederick Stachura,15,15,0,2026-09-23 02:46:26,2026-09-23 02:46:26.286
2026-09-23 02:38:38,HISP655,0101,Donald Linebaugh,15,15,0,2026-09-23 02:46:26,2026-09-23 02:46:26.437
2026-09-23 02:38:38,HISP660,0101,Instructor: TBA,15,15,0,2026-09-23 02:46:26,2026-09-23 02:46:26.589
2026-09-23 02:38:38,HISP670,0101,Alfonso Narvaez,15,15,0,2026-09-23 02:46:26,2026-09-23 02:46:26.740
2026-09-23 02:38:38,HISP690,0101,Donald Linebaugh,15,15,0,2026-09-23 02:46:26,2026-09-23 02:46:26.890
2026-09-23 02:38:38,HISP701,0101,Instructor: TBA,5,5,0,2026-09-23 02:46:27,2026-09-23 02:46:27.039
2026-09-23 02:38:38,HISP710,0101,Susan Kern,15,15,0,2026-09-23 02:46:27,2026-09-23 02:46:27.188
2026-09-23 02:38:38,HISP711,0101,Susan Kern,15,15,0,2026-09-23 02:46:27,2026-09-23 02:46:27.334
2026-09-23 02:38:38,HLSC102,0101,Sabrina Kramer,94,94,0,2026-09-23 02:46:42,2026-09-23 02:46:42.069
2026-09-23 02:38:38,HLSC102,0102,Jalah Townsend,35,35,0,2026-09-23 02:46:42,2026-09-23 02:46:42.069
2026-09-23 02:38:38,HLSC227,0101,Najib El-Sayed,25,25,0,2026-09-23 02:46:42,2026-09-23 02:46:42.218
2026-09-23 02:38:38,HLSC322,0101,Sabrina Kramer,23,23,0,2026-09-23 02:46:42,2026-09-23 02:46:42.381
2026-09-23 02:38:38,HLSC322,0102,Sabrina Kramer,23,23,0,2026-09-23 02:46:42,2026-09-23 02:46:42.381
2026-09-23 02:38:38,HLSC322,0103,Sabrina Kramer,23,23,0,2026-09-23 02:46:42,2026-09-23 02:46:42.381
2026-09-23 02:38:38,HLSC322,0104,Sabrina Kramer,23,23,0,2026-09-23 02:46:42,2026-09-23 02:46:42.381
2026-09-23 02:38:38,HLSC329,0101,Sabrina Kramer,12,12,0,2026-09-23 02:46:42,2026-09-23 02:46:42.527
2026-09-23 02:38:38,HNUH100,0101,Leigha McReynolds,10,10,0,2026-09-23 02:46:54,2026-09-23 02:46:54.273
2026-09-23 02:38:38,HNUH218D,0101,Brian Gilmore,50,50,0,2026-09-23 02:46:54,2026-09-23 02:46:54.445
2026-09-23 02:38:38,HNUH218L,0101,Shauna Rigaud,20,20,0,2026-09-23 02:46:54,2026-09-23 02:46:54.600
2026-09-23 02:38:38,HNUH218L,0201,Shauna Rigaud,20,20,0,2026-09-23 02:46:54,2026-09-23 02:46:54.600
2026-09-23 02:38:38,HNUH218M,0101,Instructor: TBA,20,20,0,2026-09-23 02:46:54,2026-09-23 02:46:54.752
2026-09-23 02:38:38,HNUH228D,0101,Matthew McLaughlin,60,60,0,2026-09-23 02:46:54,2026-09-23 02:46:54.905
2026-09-23 02:38:38,HNUH228L,0101,Alena Wigodner,20,20,0,2026-09-23 02:46:55,2026-09-23 02:46:55.055
2026-09-23 02:38:38,HNUH228L,0201,Alena Wigodner,20,20,0,2026-09-23 02:46:55,2026-09-23 02:46:55.055
2026-09-23 02:38:38,HNUH228M,0101,Ted Baker,20,20,0,2026-09-23 02:46:55,2026-09-23 02:46:55.215
2026-09-23 02:38:38,HNUH229P,0101,Tyson Slocum,20,20,0,2026-09-23 02:46:55,2026-09-23 02:46:55.365
2026-09-23 02:38:38,HNUH238D,0101,Susan Moeller,60,60,0,2026-09-23 02:46:55,2026-09-23 02:46:55.516
2026-09-23 02:38:38,HNUH238L,0101,Kimberly Johnson,20,20,0,2026-09-23 02:46:55,2026-09-23 02:46:55.669
2026-09-23 02:38:38,HNUH238L,0201,Kimberly Johnson,20,20,0,2026-09-23 02:46:55,2026-09-23 02:46:55.669
2026-09-23 02:38:38,HNUH238M,0101,Daniel Reck,20,20,0,2026-09-23 02:46:55,2026-09-23 02:46:55.817
2026-09-23 02:38:38,HNUH239I,0101,Jon Crocker,20,20,0,2026-09-23 02:46:55,2026-09-23 02:46:55.974
2026-09-23 02:38:38,HNUH248D,0101,Juan Uriagereka,45,45,0,2026-09-23 02:46:56,2026-09-23 02:46:56.119
2026-09-23 02:38:38,HNUH249T,0101,Daniel Rosenthal,20,20,0,2026-09-23 02:46:56,2026-09-23 02:46:56.286
2026-09-23 02:38:38,HNUH258C,0101,Bill Fagan,55,55,0,2026-09-23 02:46:56,2026-09-23 02:46:56.433
2026-09-23 02:38:38,HNUH258O,0101,Amy Green,20,20,0,2026-09-23 02:46:56,2026-09-23 02:46:56.582
2026-09-23 02:38:38,HNUH259T,0101,Ingrid Satelmajer,20,20,0,2026-09-23 02:46:56,2026-09-23 02:46:56.726
2026-09-23 02:38:38,HNUH268C,0101,Perla Guerrero,60,60,0,2026-09-23 02:46:56,2026-09-23 02:46:56.872
2026-09-23 02:38:38,HNUH268Q,0101,Ebonie Johnson Cooper,20,20,0,2026-09-23 02:46:57,2026-09-23 02:46:57.024
2026-09-23 02:38:38,HNUH268R,0201,Vasfiye Toprak,20,20,0,2026-09-23 02:46:57,2026-09-23 02:46:57.167
2026-09-23 02:38:38,HNUH269T,0101,James Stillwell,20,20,0,2026-09-23 02:46:57,2026-09-23 02:46:57.312
2026-09-23 02:38:38,HNUH278C,0101,Chinyere Osuji,60,60,0,2026-09-23 02:46:57,2026-09-23 02:46:57.471
2026-09-23 02:38:38,HNUH278I,0101,Marisa Franco,20,20,0,2026-09-23 02:46:57,2026-09-23 02:46:57.616
2026-09-23 02:38:38,HNUH278I,0201,Marisa Franco,20,20,0,2026-09-23 02:46:57,2026-09-23 02:46:57.616
2026-09-23 02:38:38,HNUH278O,0101,DeNeen Brown,20,20,0,2026-09-23 02:46:57,2026-09-23 02:46:57.767
2026-09-23 02:38:38,HNUH278Q,0101,Instructor: TBA,20,20,0,2026-09-23 02:46:57,2026-09-23 02:46:57.911
2026-09-23 02:38:38,HNUH278R,0101,Max Barnewitz,20,20,0,2026-09-23 02:46:58,2026-09-23 02:46:58.056
2026-09-23 02:38:38,HNUH288C,0101,Julia Steinberg,30,30,0,2026-09-23 02:46:58,2026-09-23 02:46:58.206
2026-09-23 02:38:38,HNUH288C,0102,Julia Steinberg,30,30,0,2026-09-23 02:46:58,2026-09-23 02:46:58.206
2026-09-23 02:38:38,HNUH288O,0101,Ariana Nash,20,20,0,2026-09-23 02:46:58,2026-09-23 02:46:58.351
2026-09-23 02:38:38,HNUH300,0201,Vasfiye Toprak,20,20,0,2026-09-23 02:46:58,2026-09-23 02:46:58.511
2026-09-23 02:38:38,HNUH300,0301,Shauna Rigaud,20,20,0,2026-09-23 02:46:58,2026-09-23 02:46:58.511
2026-09-23 02:38:38,HNUH300,0401,Instructor: TBA,20,20,0,2026-09-23 02:46:58,2026-09-23 02:46:58.511
2026-09-23 02:38:38,HNUH300,0501,Kimberly Johnson,20,20,0,2026-09-23 02:46:58,2026-09-23 02:46:58.511
2026-09-23 02:38:38,HNUH300,0701,Vasfiye Toprak,20,20,0,2026-09-23 02:46:58,2026-09-23 02:46:58.511
2026-09-23 02:38:38,HNUH300,0801,Instructor: TBA,20,20,0,2026-09-23 02:46:58,2026-09-23 02:46:58.511
2026-09-23 02:38:38,HNUH300,0901,Alena Wigodner,20,20,0,2026-09-23 02:46:58,2026-09-23 02:46:58.512
2026-09-23 02:38:38,HNUH300,1001,Robert Graham,20,20,0,2026-09-23 02:46:58,2026-09-23 02:46:58.512
2026-09-23 02:38:38,HNUH300,1101,Instructor: TBA,20,20,0,2026-09-23 02:46:58,2026-09-23 02:46:58.512
2026-09-23 02:38:38,HNUH398P,0101,Jayakumar Arasan,120,120,0,2026-09-23 02:46:58,2026-09-23 02:46:58.660
2026-09-23 02:38:38,HNUH398P,0201,Jayakumar Arasan,120,120,0,2026-09-23 02:46:58,2026-09-23 02:46:58.660
2026-09-23 02:38:38,HONR379W,0101,Blake Wilder,15,15,0,2026-09-23 02:46:59,2026-09-23 02:46:59.865
2026-09-23 02:38:38,IDEA201,0101,Mira Azarm,20,20,0,2026-09-23 02:47:01,2026-09-23 02:47:01.091
2026-09-23 02:38:38,IDEA201,0102,Christina Hnatov,10,10,0,2026-09-23 02:47:01,2026-09-23 02:47:01.091
2026-09-23 02:38:38,IDEA201,0103,Brooke Smith,60,60,0,2026-09-23 02:47:01,2026-09-23 02:47:01.091
2026-09-23 02:38:38,IDEA201,0104,Brooke Smith,60,60,0,2026-09-23 02:47:01,2026-09-23 02:47:01.091
2026-09-23 02:38:38,IDEA311,0101,Brooke Smith,40,40,0,2026-09-23 02:47:01,2026-09-23 02:47:01.266
2026-09-23 02:38:38,IDEA311,0102,Brooke Smith,15,15,0,2026-09-23 02:47:01,2026-09-23 02:47:01.266
2026-09-23 02:38:38,IMDM101,0101,Stevens Miller,30,30,0,2026-09-23 02:47:02,2026-09-23 02:47:02.913
2026-09-23 02:38:38,IMDM101,0201,Stevens Miller,30,30,0,2026-09-23 02:47:02,2026-09-23 02:47:02.913
2026-09-23 02:38:38,IMDM101,0301,Myungin Lee,30,30,0,2026-09-23 02:47:02,2026-09-23 02:47:02.913
2026-09-23 02:38:38,IMDM127,0101,Matthew Nolan,30,30,0,2026-09-23 02:47:03,2026-09-23 02:47:03.098
2026-09-23 02:38:38,IMDM150,0101,Cy Keener,45,45,0,2026-09-23 02:47:03,2026-09-23 02:47:03.261
2026-09-23 02:38:38,IMDM290,0101,Myungin Lee,30,30,0,2026-09-23 02:47:03,2026-09-23 02:47:03.410
2026-09-23 02:38:38,IMDM290,0201,Myungin Lee,30,30,0,2026-09-23 02:47:03,2026-09-23 02:47:03.411
2026-09-23 02:38:38,IMDM390,0101,Stefano Passeri,30,30,0,2026-09-23 02:47:03,2026-09-23 02:47:03.570
2026-09-23 02:38:38,IMDM390,0201,Stefano Passeri,30,30,0,2026-09-23 02:47:03,2026-09-23 02:47:03.571
2026-09-23 02:38:38,IMDM491,0101,Matthew Nolan,30,30,0,2026-09-23 02:47:03,2026-09-23 02:47:03.882
2026-09-23 02:38:38,IMDM491,0201,Matthew Nolan,30,30,0,2026-09-23 02:47:03,2026-09-23 02:47:03.882
2026-09-23 02:38:38,IMDM498I,0101,Snehesh Shrestha,16,16,0,2026-09-23 02:47:04,2026-09-23 02:47:04.028
2026-09-23 02:38:38,IMDM498J,0101,Yael Inbar,15,15,0,2026-09-23 02:47:04,2026-09-23 02:47:04.173
2026-09-23 02:38:38,IMMR200,0101,Instructor: TBA,40,40,0,2026-09-23 02:47:05,2026-09-23 02:47:05.554
2026-09-23 02:38:38,IMMR394,0101,Wenxi Yang,25,25,0,2026-09-23 02:47:05,2026-09-23 02:47:05.702
2026-09-23 02:38:38,IMMR399,0101,Christina Getrich,1,1,0,2026-09-23 02:47:05,2026-09-23 02:47:05.847
2026-09-23 02:38:38,INFM612,IM01,Instructor: TBA,40,40,0,2026-09-23 02:47:09,2026-09-23 02:47:09.766
2026-09-23 02:38:38,INFM737,IM01,David Loshin,40,40,0,2026-09-23 02:47:09,2026-09-23 02:47:09.912
2026-09-23 02:38:38,ISRL187,0101,Bernard Cooperman,23,23,0,2026-09-23 02:47:22,2026-09-23 02:47:22.040
2026-09-23 02:38:38,ISRL187,0102,Bernard Cooperman,23,23,0,2026-09-23 02:47:22,2026-09-23 02:47:22.040
2026-09-23 02:38:38,ISRL187,0103,Bernard Cooperman,23,23,0,2026-09-23 02:47:22,2026-09-23 02:47:22.040
2026-09-23 02:38:38,ISRL249O,0101,Aner Tal,35,35,0,2026-09-23 02:47:22,2026-09-23 02:47:22.188
2026-09-23 02:38:38,ISRL249P,0101,Aliza Sandalon,15,15,0,2026-09-23 02:47:22,2026-09-23 02:47:22.334
2026-09-23 02:38:38,ISRL282,0101,Shirelle Doughty,30,30,0,2026-09-23 02:47:22,2026-09-23 02:47:22.480
2026-09-23 02:38:38,ISRL329D,0101,Regev Ben-David,35,35,0,2026-09-23 02:47:22,2026-09-23 02:47:22.624
2026-09-23 02:38:38,ISRL329Y,0101,Marwa Maziad,30,30,0,2026-09-23 02:47:22,2026-09-23 02:47:22.770
2026-09-23 02:38:38,ISRL342,0101,Elli Lieberman,35,35,0,2026-09-23 02:47:22,2026-09-23 02:47:22.915
2026-09-23 02:38:38,ISRL349N,0101,Morad Elsana,30,30,0,2026-09-23 02:47:23,2026-09-23 02:47:23.075
2026-09-23 02:38:38,ISRL349W,0101,Avital Karpman,35,35,0,2026-09-23 02:47:23,2026-09-23 02:47:23.226
2026-09-23 02:38:38,ISRL380,0101,Regev Ben-David,35,35,0,2026-09-23 02:47:23,2026-09-23 02:47:23.373
2026-09-23 02:38:38,ISRL383,0101,Ilai Saltzman,35,35,0,2026-09-23 02:47:23,2026-09-23 02:47:23.520
2026-09-23 02:38:38,JAPN102,0101,Kumiko Akikawa,15,15,0,2026-09-23 02:47:26,2026-09-23 02:47:26.521
2026-09-23 02:38:38,JAPN102,0201,Kumiko Akikawa,15,15,0,2026-09-23 02:47:26,2026-09-23 02:47:26.521
2026-09-23 02:38:38,JAPN202,0101,Makiko Inoue,15,15,0,2026-09-23 02:47:26,2026-09-23 02:47:26.674
2026-09-23 02:38:38,JAPN202,0201,Makiko Inoue,15,15,0,2026-09-23 02:47:26,2026-09-23 02:47:26.674
2026-09-23 02:38:38,JAPN302,0101,Mari Hamada,15,15,0,2026-09-23 02:47:26,2026-09-23 02:47:26.829
2026-09-23 02:38:38,JAPN306,0101,Lindsay Yotsukura,15,15,0,2026-09-23 02:47:26,2026-09-23 02:47:26.981
2026-09-23 02:38:38,JAPN335,0101,Michele Mason,20,20,0,2026-09-23 02:47:27,2026-09-23 02:47:27.125
2026-09-23 02:38:38,JAPN355,0101,Jyana Browne,20,20,0,2026-09-23 02:47:27,2026-09-23 02:47:27.272
2026-09-23 02:38:38,JAPN361,0101,Instructor: TBA,20,20,0,2026-09-23 02:47:27,2026-09-23 02:47:27.418
2026-09-23 02:38:38,JAPN425,0101,Michele Mason,25,25,0,2026-09-23 02:47:27,2026-09-23 02:47:27.720
2026-09-23 02:38:38,JAPN457,0101,Lindsay Yotsukura,15,15,0,2026-09-23 02:47:27,2026-09-23 02:47:27.867
2026-09-23 02:38:38,JWST187,0101,Bernard Cooperman,23,23,0,2026-09-23 02:47:39,2026-09-23 02:47:39.815
2026-09-23 02:38:38,JWST187,0102,Bernard Cooperman,23,23,0,2026-09-23 02:47:39,2026-09-23 02:47:39.815
2026-09-23 02:38:38,JWST187,0103,Bernard Cooperman,23,23,0,2026-09-23 02:47:39,2026-09-23 02:47:39.815
2026-09-23 02:38:38,JWST233,0101,Hayim Lapin,30,30,0,2026-09-23 02:47:39,2026-09-23 02:47:39.963
2026-09-23 02:38:38,JWST319A,0101,Daniel Richter,35,35,0,2026-09-23 02:47:40,2026-09-23 02:47:40.111
2026-09-23 02:38:38,JWST319J,0101,Nathan Levine,35,35,0,2026-09-23 02:47:40,2026-09-23 02:47:40.272
2026-09-23 02:38:38,JWST319P,0101,Lauren Kotkin,18,18,0,2026-09-23 02:47:40,2026-09-23 02:47:40.420
2026-09-23 02:38:38,JWST319Q,0101,Regev Ben-David,35,35,0,2026-09-23 02:47:40,2026-09-23 02:47:40.566
2026-09-23 02:38:38,JWST319W,0101,Avital Karpman,35,35,0,2026-09-23 02:47:40,2026-09-23 02:47:40.719
2026-09-23 02:38:38,JWST324,0101,Matthew Suriano,25,25,0,2026-09-23 02:47:40,2026-09-23 02:47:40.864
2026-09-23 02:38:38,JWST386,0101,Instructor: TBA,5,5,0,2026-09-23 02:47:41,2026-09-23 02:47:41.015
2026-09-23 02:38:38,JWST419B,0101,Bernard Cooperman,9,9,0,2026-09-23 02:47:41,2026-09-23 02:47:41.305
2026-09-23 02:38:38,JWST427,0101,Matthew Suriano,15,15,0,2026-09-23 02:47:41,2026-09-23 02:47:41.451
2026-09-23 02:38:38,JWST469C,0101,Bernard Cooperman,10,10,0,2026-09-23 02:47:41,2026-09-23 02:47:41.601
2026-09-23 02:38:38,KORA101,0101,Seong Minne Koh,15,15,0,2026-09-23 02:47:55,2026-09-23 02:47:55.098
2026-09-23 02:38:38,KORA102,0101,Saerom Kwak,15,15,0,2026-09-23 02:47:55,2026-09-23 02:47:55.251
2026-09-23 02:38:38,KORA102,0201,Saerom Kwak,15,15,0,2026-09-23 02:47:55,2026-09-23 02:47:55.251
2026-09-23 02:38:38,KORA102,0301,Saerom Kwak,15,15,0,2026-09-23 02:47:55,2026-09-23 02:47:55.251
2026-09-23 02:38:38,KORA102,0401,Saerom Kwak,15,15,0,2026-09-23 02:47:55,2026-09-23 02:47:55.251
2026-09-23 02:38:38,KORA202,0101,Seong Minne Koh,15,15,0,2026-09-23 02:47:55,2026-09-23 02:47:55.399
2026-09-23 02:38:38,KORA202,0301,Seong Minne Koh,15,15,0,2026-09-23 02:47:55,2026-09-23 02:47:55.399
2026-09-23 02:38:38,KORA398O,0101,Instructor: TBA,10,10,0,2026-09-23 02:47:55,2026-09-23 02:47:55.549
2026-09-23 02:38:38,KORA398V,0101,Seong Minne Koh,10,10,0,2026-09-23 02:47:55,2026-09-23 02:47:55.694
2026-09-23 02:38:38,LEAD217,0101,Pamela Scott,25,25,0,2026-09-23 02:48:05,2026-09-23 02:48:05.934
2026-09-23 02:38:38,LEAD217,0201,Pamela Scott,25,25,0,2026-09-23 02:48:05,2026-09-23 02:48:05.935
2026-09-23 02:38:38,LEAD321,0101,Courtney Holder,10,10,0,2026-09-23 02:48:06,2026-09-23 02:48:06.089
2026-09-23 02:38:38,LEAD417,0101,Anastasia Lavrenyuk,20,20,0,2026-09-23 02:48:06,2026-09-23 02:48:06.241
2026-09-23 02:38:38,LGBT200,0101,Sayan Bhattacharya,25,25,0,2026-09-23 02:48:07,2026-09-23 02:48:07.470
2026-09-23 02:38:38,LGBT200,0102,Sayan Bhattacharya,25,25,0,2026-09-23 02:48:07,2026-09-23 02:48:07.470
2026-09-23 02:38:38,LGBT265,0201,Instructor: TBA,30,30,0,2026-09-23 02:48:07,2026-09-23 02:48:07.621
2026-09-23 02:38:38,LGBT310,0101,Sayan Bhattacharya,25,25,0,2026-09-23 02:48:07,2026-09-23 02:48:07.778
2026-09-23 02:38:38,LGBT475,0101,Sydney Lewis,20,20,0,2026-09-23 02:48:07,2026-09-23 02:48:07.930
2026-09-23 02:38:38,MLAW150,0101,David Gray,25,25,0,2026-09-23 02:48:28,2026-09-23 02:48:28.148
2026-09-23 02:38:38,MLAW150,0102,David Gray,25,25,0,2026-09-23 02:48:28,2026-09-23 02:48:28.148
2026-09-23 02:38:38,MLAW150,0103,David Gray,25,25,0,2026-09-23 02:48:28,2026-09-23 02:48:28.148
2026-09-23 02:38:38,MLAW304,0101,Christine White,40,40,0,2026-09-23 02:48:28,2026-09-23 02:48:28.306
2026-09-23 02:38:38,MLAW305,0201,Brian Gilmore,60,60,0,2026-09-23 02:48:28,2026-09-23 02:48:28.454
2026-09-23 02:38:38,MLAW325,0101,Grace Benton,12,12,0,2026-09-23 02:48:28,2026-09-23 02:48:28.649
2026-09-23 02:38:38,MLAW358W,0101,Michael Spivey,25,25,0,2026-09-23 02:48:28,2026-09-23 02:48:28.803
2026-09-23 02:38:38,MLAW358W,0102,Michael Spivey,25,25,0,2026-09-23 02:48:28,2026-09-23 02:48:28.803
2026-09-23 02:38:38,MLAW358W,0103,Michael Spivey,25,25,0,2026-09-23 02:48:28,2026-09-23 02:48:28.803
2026-09-23 02:38:38,MLAW358W,0104,Michael Spivey,25,25,0,2026-09-23 02:48:28,2026-09-23 02:48:28.803
2026-09-23 02:38:38,MLAW358W,0105,Michael Spivey,25,25,0,2026-09-23 02:48:28,2026-09-23 02:48:28.803
2026-09-23 02:38:38,MLAW358W,0106,Michael Spivey,25,25,0,2026-09-23 02:48:28,2026-09-23 02:48:28.803
2026-09-23 02:38:38,MLAW358Y,0101,Martin Kobren,5,5,0,2026-09-23 02:48:28,2026-09-23 02:48:28.950
2026-09-23 02:38:38,MLAW358Z,0101,Christine White,19,19,0,2026-09-23 02:48:29,2026-09-23 02:48:29.094
2026-09-23 02:38:38,MLAW359,0101,Brandee Pettus,8,8,0,2026-09-23 02:48:29,2026-09-23 02:48:29.237
2026-09-23 02:38:38,MLAW378E,0101,Brandee Pettus,5,5,0,2026-09-23 02:48:29,2026-09-23 02:48:29.490
2026-09-23 02:38:38,MLAW378F,0101,Brian Gilmore,15,15,0,2026-09-23 02:48:29,2026-09-23 02:48:29.638
2026-09-23 02:38:38,MLAW378J,0101,Natalie Ram,20,20,0,2026-09-23 02:48:29,2026-09-23 02:48:29.834
2026-09-23 02:38:38,MLAW378T,0101,Marley Weiss,20,20,0,2026-09-23 02:48:29,2026-09-23 02:48:29.983
2026-09-23 02:38:38,MLAW388,0101,Brandee Pettus,33,33,0,2026-09-23 02:48:30,2026-09-23 02:48:30.150
2026-09-23 02:38:38,MLAW388,0201,Brandee Pettus,6,6,0,2026-09-23 02:48:30,2026-09-23 02:48:30.150
2026-09-23 02:38:38,MLAW404,0101,Christine White,75,75,0,2026-09-23 02:48:30,2026-09-23 02:48:30.386
2026-09-23 02:38:38,MSAI602,PCS1,Tammy Perrin,30,30,0,2026-09-23 02:48:31,2026-09-23 02:48:31.906
2026-09-23 02:38:38,MSAI603,PWS1,Kemal Davaslioglu,50,50,0,2026-09-23 02:48:32,2026-09-23 02:48:32.051
2026-09-23 02:38:38,MSAI605,PCS1,Jerry Wu,55,55,0,2026-09-23 02:48:32,2026-09-23 02:48:32.205
2026-09-23 02:38:38,MSAI605,PCS2,Samet Ayhan,55,55,0,2026-09-23 02:48:32,2026-09-23 02:48:32.205
2026-09-23 02:38:38,MSAI605,PCS3,Rajeev Barua,65,65,0,2026-09-23 02:48:32,2026-09-23 02:48:32.205
2026-09-23 02:38:38,MSML602,PCS1,Tammy Perrin,30,30,0,2026-09-23 02:48:33,2026-09-23 02:48:33.447
2026-09-23 02:38:38,MSML603,PWS1,Kemal Davaslioglu,50,50,0,2026-09-23 02:48:33,2026-09-23 02:48:33.753
2026-09-23 02:38:38,MSML604,PCS1,Richard La,38,38,0,2026-09-23 02:48:33,2026-09-23 02:48:33.900
2026-09-23 02:38:38,MSML604,PCS2,Richard La,38,38,0,2026-09-23 02:48:33,2026-09-23 02:48:33.900
2026-09-23 02:38:38,MSML604,PCS3,Siddharth Pal,55,55,0,2026-09-23 02:48:33,2026-09-23 02:48:33.900
2026-09-23 02:38:38,MSML605,PCS1,Jerry Wu,55,55,0,2026-09-23 02:48:34,2026-09-23 02:48:34.049
2026-09-23 02:38:38,MSML605,PCS2,Samet Ayhan,55,55,0,2026-09-23 02:48:34,2026-09-23 02:48:34.050
2026-09-23 02:38:38,MSML605,PCS3,Rajeev Barua,65,65,0,2026-09-23 02:48:34,2026-09-23 02:48:34.050
2026-09-23 02:38:38,MSML606,PCS2,Sujeong Kim,55,55,0,2026-09-23 02:48:34,2026-09-23 02:48:34.196
2026-09-23 02:38:38,MSML606,PCS3,Samet Ayhan,55,55,0,2026-09-23 02:48:34,2026-09-23 02:48:34.196
2026-09-23 02:38:38,MSML612,PCS1,Samet Ayhan,55,55,0,2026-09-23 02:48:34,2026-09-23 02:48:34.344
2026-09-23 02:38:38,MSML612,PCS2,Samet Ayhan,55,55,0,2026-09-23 02:48:34,2026-09-23 02:48:34.344
2026-09-23 02:38:38,MSML612,PCS3,Emre Gunduzhan,55,55,0,2026-09-23 02:48:34,2026-09-23 02:48:34.344
2026-09-23 02:38:38,MSML640,PCS1,Jerry Wu,70,70,0,2026-09-23 02:48:34,2026-09-23 02:48:34.496
2026-09-23 02:38:38,MSML640,PCS2,Sujeong Kim,55,55,0,2026-09-23 02:48:34,2026-09-23 02:48:34.496
2026-09-23 02:38:38,MSML641,PCS1,Armin Mehrabian,55,55,0,2026-09-23 02:48:34,2026-09-23 02:48:34.643
2026-09-23 02:38:38,NAVY101,0101,Beau Cisneros,30,30,0,2026-09-23 02:48:55,2026-09-23 02:48:55.191
2026-09-23 02:38:38,NAVY108,0101,Christopher Boehm,150,150,0,2026-09-23 02:48:55,2026-09-23 02:48:55.352
2026-09-23 02:38:38,NAVY201,0101,Austin Cranfill,30,30,0,2026-09-23 02:48:55,2026-09-23 02:48:55.506
2026-09-23 02:38:38,NAVY301,0101,Beau Cisneros,35,35,0,2026-09-23 02:48:55,2026-09-23 02:48:55.653
2026-09-23 02:38:38,NAVY401,0101,John Gonser,36,36,0,2026-09-23 02:48:55,2026-09-23 02:48:55.798
2026-09-23 02:38:38,NAVY402,0102,Jenna Weiner,25,25,0,2026-09-23 02:48:55,2026-09-23 02:48:55.943
2026-09-23 02:38:38,NEUR200,0101,Ana Navarro Cebrian,90,90,0,2026-09-23 02:48:57,2026-09-23 02:48:57.188
2026-09-23 02:38:38,NEUR200,0201,Ana Navarro Cebrian,90,90,0,2026-09-23 02:48:57,2026-09-23 02:48:57.188
2026-09-23 02:38:38,NEUR305,0101,Amanda Chicoli,90,90,0,2026-09-23 02:48:57,2026-09-23 02:48:57.335
2026-09-23 02:38:38,NEUR306,0101,Chan Lin,64,64,0,2026-09-23 02:48:57,2026-09-23 02:48:57.481
2026-09-23 02:38:38,NEUR306,0102,Melissa Caras,40,40,0,2026-09-23 02:48:57,2026-09-23 02:48:57.481
2026-09-23 02:38:38,NEUR338A,0101,Amanda Chicoli,20,20,0,2026-09-23 02:48:57,2026-09-23 02:48:57.773
2026-09-23 02:38:38,NEUR398H,0101,Nikolas Francis,20,20,0,2026-09-23 02:48:58,2026-09-23 02:48:58.205
2026-09-23 02:38:38,NEUR405,0101,Hilary Bierman,16,16,0,2026-09-23 02:48:58,2026-09-23 02:48:58.355
2026-09-23 02:38:38,NEUR405,0102,Hilary Bierman,16,16,0,2026-09-23 02:48:58,2026-09-23 02:48:58.355
2026-09-23 02:38:38,NEUR405,0103,Hilary Bierman,16,16,0,2026-09-23 02:48:58,2026-09-23 02:48:58.355
2026-09-23 02:38:38,NEUR405,0106,Hilary Bierman,16,16,0,2026-09-23 02:48:58,2026-09-23 02:48:58.355
2026-09-23 02:38:38,PEER318,0101,Christina Jay,15,15,0,2026-09-23 02:49:04,2026-09-23 02:49:04.493
2026-09-23 02:38:38,PEER319,0101,Grace Boudreau,15,15,0,2026-09-23 02:49:04,2026-09-23 02:49:04.640
2026-09-23 02:38:38,PEER322,0101,Aleia Gardner,15,15,0,2026-09-23 02:49:04,2026-09-23 02:49:04.789
2026-09-23 02:38:38,PHPE308A,0101,Rachel Singpurwalla,25,25,0,2026-09-23 02:49:11,2026-09-23 02:49:11.262
2026-09-23 02:38:38,PHPE308P,0101,Xinzhi Zhao,30,30,0,2026-09-23 02:49:11,2026-09-23 02:49:11.406
2026-09-23 02:38:38,PHPE308U,0101,Aner Tal,35,35,0,2026-09-23 02:49:11,2026-09-23 02:49:11.556
2026-09-23 02:38:38,PHPE400,0101,Instructor: TBA,30,30,0,2026-09-23 02:49:12,2026-09-23 02:49:12.218
2026-09-23 02:38:38,PHPE401,0101,Xinzhi Zhao,27,27,0,2026-09-23 02:49:12,2026-09-23 02:49:12.363
2026-09-23 02:38:38,PHPE401,0102,Instructor: TBA,27,27,0,2026-09-23 02:49:12,2026-09-23 02:49:12.363
2026-09-23 02:38:38,PHPE402,0101,Ben Fan,30,30,0,2026-09-23 02:49:12,2026-09-23 02:49:12.514
2026-09-23 02:38:38,PHPE408M,0101,Nicholas Laskowski,25,25,0,2026-09-23 02:49:12,2026-09-23 02:49:12.658
2026-09-23 02:38:38,PHPE408Z,0101,Avia Pasternak,30,30,0,2026-09-23 02:49:12,2026-09-23 02:49:12.804
2026-09-23 02:38:38,PHSC201,0101,Kayla Hoffman,30,30,0,2026-09-23 02:49:14,2026-09-23 02:49:14.039
2026-09-23 02:38:38,PHSC388F,0101,Jennifer German,30,30,0,2026-09-23 02:49:14,2026-09-23 02:49:14.192
2026-09-23 02:38:38,PHSC399,0101,Shannon Edward,30,30,0,2026-09-23 02:49:14,2026-09-23 02:49:14.481
2026-09-23 02:38:38,PHSC399,ESG1,Shannon Edward,20,20,0,2026-09-23 02:49:14,2026-09-23 02:49:14.482
2026-09-23 02:38:38,PHSC415,0101,Jessica O'Hara,36,36,0,2026-09-23 02:49:14,2026-09-23 02:49:14.660
2026-09-23 02:38:38,PHSC415,0102,Jessica O'Hara,36,36,0,2026-09-23 02:49:14,2026-09-23 02:49:14.660
2026-09-23 02:38:38,PHSC415,0103,Jessica O'Hara,36,36,0,2026-09-23 02:49:14,2026-09-23 02:49:14.660
2026-09-23 02:38:38,PHSC415,0104,Jessica O'Hara,36,36,0,2026-09-23 02:49:14,2026-09-23 02:49:14.661
2026-09-23 02:38:38,PHSC415,0105,Jessica O'Hara,36,36,0,2026-09-23 02:49:14,2026-09-23 02:49:14.661
2026-09-23 02:38:38,PHSC430,0101,Kendall Bustad,35,35,0,2026-09-23 02:49:14,2026-09-23 02:49:14.822
2026-09-23 02:38:38,PHSC430,ESG1,Kendall Bustad,8,8,0,2026-09-23 02:49:14,2026-09-23 02:49:14.823
2026-09-23 02:38:38,PHSC450,0101,Kendall Bustad,20,20,0,2026-09-23 02:49:14,2026-09-23 02:49:14.980
2026-09-23 02:38:38,PHSC450,0102,Kendall Bustad,20,20,0,2026-09-23 02:49:14,2026-09-23 02:49:14.980
2026-09-23 02:38:38,PHSC450,0103,Kendall Bustad,20,20,0,2026-09-23 02:49:14,2026-09-23 02:49:14.980
2026-09-23 02:38:38,PHSC450,0104,Kendall Bustad,20,20,0,2026-09-23 02:49:14,2026-09-23 02:49:14.980
2026-09-23 02:38:38,PHSC450,0105,Kendall Bustad,20,20,0,2026-09-23 02:49:14,2026-09-23 02:49:14.980
2026-09-23 02:38:38,PHSC450,0106,Kendall Bustad,20,20,0,2026-09-23 02:49:14,2026-09-23 02:49:14.981
2026-09-23 02:38:38,PHSC450,0107,Kendall Bustad,20,20,0,2026-09-23 02:49:14,2026-09-23 02:49:14.981
2026-09-23 02:38:38,PHSC450,ESG1,Kendall Bustad,35,35,0,2026-09-23 02:49:14,2026-09-23 02:49:14.981
2026-09-23 02:38:38,PHSC490,0101,Shannon Edward,30,30,0,2026-09-23 02:49:15,2026-09-23 02:49:15.133
2026-09-23 02:38:38,PHSC497,0101,Gretchen De Silva,20,20,0,2026-09-23 02:49:15,2026-09-23 02:49:15.298
2026-09-23 02:38:38,PHSC497,0201,Kendall Bustad,20,20,0,2026-09-23 02:49:15,2026-09-23 02:49:15.298
2026-09-23 02:38:38,PHSC497,0301,Gretchen De Silva,20,20,0,2026-09-23 02:49:15,2026-09-23 02:49:15.298
2026-09-23 02:38:38,PHSC497,0401,Aysha Jawed,20,20,0,2026-09-23 02:49:15,2026-09-23 02:49:15.298
2026-09-23 02:38:38,PHSC497,0501,Jennifer German,20,20,0,2026-09-23 02:49:15,2026-09-23 02:49:15.298
2026-09-23 02:38:38,PHSC497,0601,Carmen Booker,20,20,0,2026-09-23 02:49:15,2026-09-23 02:49:15.299
2026-09-23 02:38:38,PHSC497,0701,Lakeshia Watson,20,20,0,2026-09-23 02:49:15,2026-09-23 02:49:15.299
2026-09-23 02:38:38,PHSC497,0801,Lakeshia Watson,20,20,0,2026-09-23 02:49:15,2026-09-23 02:49:15.299
2026-09-23 02:38:38,PHSC497,0901,Darya Soltani,20,20,0,2026-09-23 02:49:15,2026-09-23 02:49:15.299
2026-09-23 02:38:38,PHSC497,1001,Brienna Anderson,20,20,0,2026-09-23 02:49:15,2026-09-23 02:49:15.299
2026-09-23 02:38:38,PHSC497,1101,Margaret Smith,20,20,0,2026-09-23 02:49:15,2026-09-23 02:49:15.299
2026-09-23 02:38:38,PHSC497,1201,Eric Silfen,20,20,0,2026-09-23 02:49:15,2026-09-23 02:49:15.299
2026-09-23 02:38:38,PHSC497,1301,Lakeshia Watson,20,20,0,2026-09-23 02:49:15,2026-09-23 02:49:15.299
2026-09-23 02:38:38,PHSC497,ESG1,Ann Truelove,20,20,0,2026-09-23 02:49:15,2026-09-23 02:49:15.300
2026-09-23 02:38:38,RDEV250,0101,Wayne Ricardo Curtis,75,75,0,2026-09-23 02:49:48,2026-09-23 02:49:48.143
2026-09-23 02:38:38,RDEV250,0102,Wayne Ricardo Curtis,75,75,0,2026-09-23 02:49:48,2026-09-23 02:49:48.143
2026-09-23 02:38:38,RDEV270,0101,John Park,30,30,0,2026-09-23 02:49:48,2026-09-23 02:49:48.293
2026-09-23 02:38:38,RDEV350,0101,Jesse Saginor,25,25,0,2026-09-23 02:49:48,2026-09-23 02:49:48.442
2026-09-23 02:38:38,RDEV350,0102,Instructor: TBA,30,30,0,2026-09-23 02:49:48,2026-09-23 02:49:48.442
2026-09-23 02:38:38,RDEV410,0101,Peter Goldsmith,30,30,0,2026-09-23 02:49:48,2026-09-23 02:49:48.587
2026-09-23 02:38:38,RDEV415,0101,Bilal Ali,20,20,0,2026-09-23 02:49:50,2026-09-23 02:49:50.092
2026-09-23 02:38:38,RDEV445,0101,Matthew O'Malley,15,15,0,2026-09-23 02:49:50,2026-09-23 02:49:50.241
2026-09-23 02:38:38,RDEV450,0101,Kathryn Corby,30,30,0,2026-09-23 02:49:50,2026-09-23 02:49:50.396
2026-09-23 02:38:38,RDEV450,0102,Thomas Dwyer,20,20,0,2026-09-23 02:49:50,2026-09-23 02:49:50.396
2026-09-23 02:38:38,RDEV450,0103,John Park,30,30,0,2026-09-23 02:49:50,2026-09-23 02:49:50.396
2026-09-23 02:38:38,RDEV478D,0101,Jesse Saginor,20,20,0,2026-09-23 02:49:50,2026-09-23 02:49:50.582
2026-09-23 02:38:38,RDEV600,0101,Jesse Saginor,10,10,0,2026-09-23 02:49:50,2026-09-23 02:49:50.740
2026-09-23 02:38:38,RDEV603,0101,Thomas Dwyer,18,18,0,2026-09-23 02:49:51,2026-09-23 02:49:51.196
2026-09-23 02:38:38,RDEV610,0101,David Warner,20,20,0,2026-09-23 02:49:51,2026-09-23 02:49:51.346
2026-09-23 02:38:38,RDEV615,0101,Bilal Ali,20,20,0,2026-09-23 02:49:51,2026-09-23 02:49:51.492
2026-09-23 02:38:38,RDEV630,0101,Mansur Abdul-Malik,30,30,0,2026-09-23 02:49:51,2026-09-23 02:49:51.656
2026-09-23 02:38:38,RDEV650,0101,Matthew O'Malley,25,25,0,2026-09-23 02:49:51,2026-09-23 02:49:51.803
2026-09-23 02:38:38,RDEV689F,0101,Zachary Marks,20,20,0,2026-09-23 02:49:52,2026-09-23 02:49:52.022
2026-09-23 02:38:38,RDEV689I,0101,Ronald McDonald,14,14,0,2026-09-23 02:49:52,2026-09-23 02:49:52.174
2026-09-23 02:38:38,RDEV689R,0101,Nick Egelanian,15,15,0,2026-09-23 02:49:52,2026-09-23 02:49:52.320
2026-09-23 02:38:38,RDEV689Y,0101,Instructor: TBA,12,12,0,2026-09-23 02:49:52,2026-09-23 02:49:52.468
2026-09-23 02:38:38,RDEV690,0101,Tanya Bansal,12,12,0,2026-09-23 02:49:52,2026-09-23 02:49:52.626
2026-09-23 02:38:38,RELS170,0101,Katherine Wasdin,21,21,0,2026-09-23 02:49:53,2026-09-23 02:49:53.870
2026-09-23 02:38:38,RELS170,0102,Katherine Wasdin,21,21,0,2026-09-23 02:49:53,2026-09-23 02:49:53.870
2026-09-23 02:38:38,RELS170,0103,Katherine Wasdin,21,21,0,2026-09-23 02:49:53,2026-09-23 02:49:53.870
2026-09-23 02:38:38,RELS170,0104,Katherine Wasdin,21,21,0,2026-09-23 02:49:53,2026-09-23 02:49:53.870
2026-09-23 02:38:38,RELS170,0105,Katherine Wasdin,21,21,0,2026-09-23 02:49:53,2026-09-23 02:49:53.870
2026-09-23 02:38:38,RELS170,0106,Katherine Wasdin,21,21,0,2026-09-23 02:49:53,2026-09-23 02:49:53.870
2026-09-23 02:38:38,RELS170,0107,Katherine Wasdin,21,21,0,2026-09-23 02:49:53,2026-09-23 02:49:53.871
2026-09-23 02:38:38,RELS170,0108,Katherine Wasdin,21,21,0,2026-09-23 02:49:53,2026-09-23 02:49:53.871
2026-09-23 02:38:38,RELS170,0109,Katherine Wasdin,21,21,0,2026-09-23 02:49:53,2026-09-23 02:49:53.871
2026-09-23 02:38:38,RELS264,0101,Jay Moses,30,30,0,2026-09-23 02:49:54,2026-09-23 02:49:54.018
2026-09-23 02:38:38,RELS271,0101,Instructor: TBA,40,40,0,2026-09-23 02:49:54,2026-09-23 02:49:54.163
2026-09-23 02:38:38,RELS319Q,0101,Regev Ben-David,35,35,0,2026-09-23 02:49:54,2026-09-23 02:49:54.313
2026-09-23 02:38:38,RELS342,0101,Stefano Villani,27,27,0,2026-09-23 02:49:54,2026-09-23 02:49:54.459
2026-09-23 02:38:38,RELS427,0101,Matthew Suriano,15,15,0,2026-09-23 02:49:54,2026-09-23 02:49:54.612
2026-09-23 02:38:38,RELS429M,0101,Antoine Borrut,27,27,0,2026-09-23 02:49:54,2026-09-23 02:49:54.909
2026-09-23 02:38:38,RUSS102,0101,Inna Hardman,15,15,0,2026-09-23 02:49:56,2026-09-23 02:49:56.156
2026-09-23 02:38:38,RUSS102,0201,Inna Hardman,15,15,0,2026-09-23 02:49:56,2026-09-23 02:49:56.156
2026-09-23 02:38:38,RUSS202,0101,Zhanna Gerus-Vernola,15,15,0,2026-09-23 02:49:56,2026-09-23 02:49:56.335
2026-09-23 02:38:38,RUSS302,0101,Izolda Savenkova,15,15,0,2026-09-23 02:49:56,2026-09-23 02:49:56.479
2026-09-23 02:38:38,RUSS398A,0101,Instructor: TBA,15,15,0,2026-09-23 02:49:56,2026-09-23 02:49:56.780
2026-09-23 02:38:38,RUSS398F,0101,Elizabeth Papazian,25,25,0,2026-09-23 02:49:56,2026-09-23 02:49:56.958
2026-09-23 02:38:38,RUSS406,0101,Izolda Savenkova,15,15,0,2026-09-23 02:49:57,2026-09-23 02:49:57.250
2026-09-23 02:38:38,RUSS412,0101,Inna Hardman,15,15,0,2026-09-23 02:49:57,2026-09-23 02:49:57.411
2026-09-23 02:38:38,SDSB123,0101,Srijeeta Mitra,26,26,0,2026-09-23 02:49:58,2026-09-23 02:49:58.767
2026-09-23 02:38:38,SDSB180,0101,Srijeeta Mitra,155,155,0,2026-09-23 02:49:58,2026-09-23 02:49:58.926
2026-09-23 02:38:38,SDSB233,0101,Richard Engstrom,28,28,0,2026-09-23 02:49:59,2026-09-23 02:49:59.080
2026-09-23 02:38:38,SDSB233,0102,Richard Engstrom,28,28,0,2026-09-23 02:49:59,2026-09-23 02:49:59.081
2026-09-23 02:38:38,SDSB326,0101,Jacob Coutts,40,40,0,2026-09-23 02:49:59,2026-09-23 02:49:59.228
2026-09-23 02:38:38,SDSB340,0101,Neil Lund,24,24,0,2026-09-23 02:49:59,2026-09-23 02:49:59.377
2026-09-23 02:38:38,SDSI414,0101,Instructor: TBA,40,40,0,2026-09-23 02:50:00,2026-09-23 02:50:00.617
2026-09-23 02:38:38,SDSI414,0102,Instructor: TBA,40,40,0,2026-09-23 02:50:00,2026-09-23 02:50:00.617
2026-09-23 02:38:38,SDSI414,0103,Instructor: TBA,40,40,0,2026-09-23 02:50:00,2026-09-23 02:50:00.617
2026-09-23 02:38:38,SDSI414,0201,Instructor: TBA,40,40,0,2026-09-23 02:50:00,2026-09-23 02:50:00.617
2026-09-23 02:38:38,SDSI414,0202,Instructor: TBA,40,40,0,2026-09-23 02:50:00,2026-09-23 02:50:00.617
2026-09-23 02:38:38,SDSI492,0101,Instructor: TBA,29,29,0,2026-09-23 02:50:00,2026-09-23 02:50:00.773
2026-09-23 02:38:38,SDSI492,0102,Instructor: TBA,25,25,0,2026-09-23 02:50:00,2026-09-23 02:50:00.773
2026-09-23 02:38:38,SDSI492,0103,Instructor: TBA,25,25,0,2026-09-23 02:50:00,2026-09-23 02:50:00.773
2026-09-23 02:38:38,SDSI492,0104,Instructor: TBA,20,20,0,2026-09-23 02:50:00,2026-09-23 02:50:00.773
2026-09-23 02:38:38,SDSI492,0105,Instructor: TBA,50,50,0,2026-09-23 02:50:00,2026-09-23 02:50:00.774
2026-09-23 02:38:38,SDSI492,0107,Instructor: TBA,25,25,0,2026-09-23 02:50:00,2026-09-23 02:50:00.774
2026-09-23 02:38:38,SDSI492,0108,Instructor: TBA,25,25,0,2026-09-23 02:50:00,2026-09-23 02:50:00.774
2026-09-23 02:38:38,SDSI492,0110,Instructor: TBA,25,25,0,2026-09-23 02:50:00,2026-09-23 02:50:00.774
2026-09-23 02:38:38,SDSI496,0101,Jacob Coutts,25,25,0,2026-09-23 02:50:00,2026-09-23 02:50:00.931
2026-09-23 02:38:38,SLLC286,0101,Andrew Schonebaum,60,60,0,2026-09-23 02:50:03,2026-09-23 02:50:03.675
2026-09-23 02:38:38,SLLC287,0101,Sean Pue,20,20,0,2026-09-23 02:50:03,2026-09-23 02:50:03.837
2026-09-23 02:38:38,SLLC305,0101,Nahal Akbari-Saneh,25,25,0,2026-09-23 02:50:03,2026-09-23 02:50:03.989
2026-09-23 02:38:38,SLLC309,0101,Ahmed Hanafy,10,10,0,2026-09-23 02:50:04,2026-09-23 02:50:04.156
2026-09-23 02:38:38,SLLC309,0102,Ahmed Hanafy,10,10,0,2026-09-23 02:50:04,2026-09-23 02:50:04.156
2026-09-23 02:38:38,SLLC309,0103,Ahmed Hanafy,10,10,0,2026-09-23 02:50:04,2026-09-23 02:50:04.156
2026-09-23 02:38:38,SLLC309,0104,Ahmed Hanafy,10,10,0,2026-09-23 02:50:04,2026-09-23 02:50:04.156
2026-09-23 02:38:38,SLLC309,0105,Ahmed Hanafy,10,10,0,2026-09-23 02:50:04,2026-09-23 02:50:04.157
2026-09-23 02:38:38,SLLC309,0106,Ahmed Hanafy,10,10,0,2026-09-23 02:50:04,2026-09-23 02:50:04.157
2026-09-23 02:38:38,SLLC309,0107,Ahmed Hanafy,10,10,0,2026-09-23 02:50:04,2026-09-23 02:50:04.157
2026-09-23 02:38:38,SLLC309,0108,Ahmed Hanafy,10,10,0,2026-09-23 02:50:04,2026-09-23 02:50:04.157
2026-09-23 02:38:38,SLLC309,0109,Ahmed Hanafy,10,10,0,2026-09-23 02:50:04,2026-09-23 02:50:04.157
2026-09-23 02:38:38,SLLC309,0110,Ahmed Hanafy,10,10,0,2026-09-23 02:50:04,2026-09-23 02:50:04.157
2026-09-23 02:38:38,SLLC309,0111,Ahmed Hanafy,10,10,0,2026-09-23 02:50:04,2026-09-23 02:50:04.157
2026-09-23 02:38:38,SLLC329,0101,Marilyn Matar,10,10,0,2026-09-23 02:50:04,2026-09-23 02:50:04.322
2026-09-23 02:38:38,SLLC329,0102,Marilyn Matar,10,10,0,2026-09-23 02:50:04,2026-09-23 02:50:04.322
2026-09-23 02:38:38,SLLC329,0103,Marilyn Matar,20,20,0,2026-09-23 02:50:04,2026-09-23 02:50:04.322
2026-09-23 02:38:38,SLLC329,0104,Marilyn Matar,10,10,0,2026-09-23 02:50:04,2026-09-23 02:50:04.322
2026-09-23 02:38:38,SLLC329,0105,Marilyn Matar,10,10,0,2026-09-23 02:50:04,2026-09-23 02:50:04.322
2026-09-23 02:38:38,SLLC329,0106,Marilyn Matar,10,10,0,2026-09-23 02:50:04,2026-09-23 02:50:04.322
2026-09-23 02:38:38,SLLC329,0107,Marilyn Matar,10,10,0,2026-09-23 02:50:04,2026-09-23 02:50:04.323
2026-09-23 02:38:38,SLLC329,0108,Marilyn Matar,10,10,0,2026-09-23 02:50:04,2026-09-23 02:50:04.323
2026-09-23 02:38:38,SLLC329,0109,Marilyn Matar,10,10,0,2026-09-23 02:50:04,2026-09-23 02:50:04.323
2026-09-23 02:38:38,SLLC329,0110,Marilyn Matar,20,20,0,2026-09-23 02:50:04,2026-09-23 02:50:04.323
2026-09-23 02:38:38,SMLP471,0101,Jennifer Hsin,60,60,0,2026-09-23 02:50:06,2026-09-23 02:50:06.046
2026-09-23 02:38:38,SMLP474,0101,Sara Herald,60,60,0,2026-09-23 02:50:06,2026-09-23 02:50:06.192
2026-09-23 02:38:38,SPHL100,0101,Shuling Wu,20,20,0,2026-09-23 02:50:21,2026-09-23 02:50:21.042
2026-09-23 02:38:38,SPHL100,0102,Shuling Wu,20,20,0,2026-09-23 02:50:21,2026-09-23 02:50:21.042
2026-09-23 02:38:38,SPHL100,0103,Shuling Wu,20,20,0,2026-09-23 02:50:21,2026-09-23 02:50:21.042
2026-09-23 02:38:38,SPHL100,0104,Shuling Wu,20,20,0,2026-09-23 02:50:21,2026-09-23 02:50:21.042
2026-09-23 02:38:38,SPHL100,0105,Shuling Wu,20,20,0,2026-09-23 02:50:21,2026-09-23 02:50:21.042
2026-09-23 02:38:38,SPHL100,0106,Shuling Wu,20,20,0,2026-09-23 02:50:21,2026-09-23 02:50:21.042
2026-09-23 02:38:38,SPHL100,0107,Shuling Wu,20,20,0,2026-09-23 02:50:21,2026-09-23 02:50:21.043
2026-09-23 02:38:38,SPHL100,0108,Shuling Wu,20,20,0,2026-09-23 02:50:21,2026-09-23 02:50:21.043
2026-09-23 02:38:38,SPHL100,0109,Shuling Wu,20,20,0,2026-09-23 02:50:21,2026-09-23 02:50:21.043
2026-09-23 02:38:38,SPHL100,0110,Shuling Wu,20,20,0,2026-09-23 02:50:21,2026-09-23 02:50:21.043
2026-09-23 02:38:38,SPHL100,0201,Shuling Wu,20,20,0,2026-09-23 02:50:21,2026-09-23 02:50:21.043
2026-09-23 02:38:38,SPHL100,0202,Shuling Wu,20,20,0,2026-09-23 02:50:21,2026-09-23 02:50:21.043
2026-09-23 02:38:38,SPHL100,0203,Shuling Wu,20,20,0,2026-09-23 02:50:21,2026-09-23 02:50:21.043
2026-09-23 02:38:38,SPHL100,0204,Shuling Wu,20,20,0,2026-09-23 02:50:21,2026-09-23 02:50:21.043
2026-09-23 02:38:38,SPHL100,0205,Shuling Wu,20,20,0,2026-09-23 02:50:21,2026-09-23 02:50:21.044
2026-09-23 02:38:38,SPHL100,0206,Shuling Wu,20,20,0,2026-09-23 02:50:21,2026-09-23 02:50:21.044
2026-09-23 02:38:38,SPHL100,0207,Shuling Wu,20,20,0,2026-09-23 02:50:21,2026-09-23 02:50:21.044
2026-09-23 02:38:38,SPHL100,0208,Shuling Wu,20,20,0,2026-09-23 02:50:21,2026-09-23 02:50:21.044
2026-09-23 02:38:38,SPHL246,0101,April Khaing,20,20,0,2026-09-23 02:50:21,2026-09-23 02:50:21.192
2026-09-23 02:38:38,SPHL276,0101,Dina Borzekowski,25,25,0,2026-09-23 02:50:21,2026-09-23 02:50:21.346
2026-09-23 02:38:38,SPHL321,0101,Sylvette La Touche-Howard,15,15,0,2026-09-23 02:50:21,2026-09-23 02:50:21.494
2026-09-23 02:38:38,SPHL333,0101,Cynthia Kershaw,75,75,0,2026-09-23 02:50:21,2026-09-23 02:50:21.686
2026-09-23 02:38:38,SPHL478,0101,Tracy Zeeger,10,10,0,2026-09-23 02:50:21,2026-09-23 02:50:21.987
2026-09-23 02:38:38,SPHL600,0101,Sylvette La Touche-Howard,8,8,0,2026-09-23 02:50:22,2026-09-23 02:50:22.152
2026-09-23 02:38:38,SPHL610,0101,Danielle Catona,22,22,0,2026-09-23 02:50:22,2026-09-23 02:50:22.305
2026-09-23 02:38:38,SPHL610,0102,Danielle Catona,22,22,0,2026-09-23 02:50:22,2026-09-23 02:50:22.305
2026-09-23 02:38:38,SPHL610,0103,Danielle Catona,22,22,0,2026-09-23 02:50:22,2026-09-23 02:50:22.305
2026-09-23 02:38:38,SPHL610,PLB1,Priscilla Novak,20,20,0,2026-09-23 02:50:22,2026-09-23 02:50:22.305
2026-09-23 02:38:38,SPHL610,PLH1,Priscilla Novak,28,28,0,2026-09-23 02:50:22,2026-09-23 02:50:22.306
2026-09-23 02:38:38,SPHL610,PLK1,Priscilla Novak,5,5,0,2026-09-23 02:50:22,2026-09-23 02:50:22.306
2026-09-23 02:38:38,SPHL611,0101,Danielle Catona,45,45,0,2026-09-23 02:50:22,2026-09-23 02:50:22.464
2026-09-23 02:38:38,SPHL611,0201,Danielle Catona,45,45,0,2026-09-23 02:50:22,2026-09-23 02:50:22.464
2026-09-23 02:38:38,SPHL611,PLB1,Evelyn King-Marshall,20,20,0,2026-09-23 02:50:22,2026-09-23 02:50:22.464
2026-09-23 02:38:38,SPHL611,PLH1,Evelyn King-Marshall,28,28,0,2026-09-23 02:50:22,2026-09-23 02:50:22.464
2026-09-23 02:38:38,SPHL611,PLK1,Evelyn King-Marshall,5,5,0,2026-09-23 02:50:22,2026-09-23 02:50:22.464
2026-09-23 02:38:38,SPHL612,0101,James Hagberg,15,15,0,2026-09-23 02:50:22,2026-09-23 02:50:22.610
2026-09-23 02:38:38,TLTC310,0101,Danielle Pafe,20,20,0,2026-09-23 02:50:40,2026-09-23 02:50:40.905
2026-09-23 02:38:38,TLTC333,0101,Mona Thompson,55,55,0,2026-09-23 02:50:41,2026-09-23 02:50:41.056
2026-09-23 02:38:38,TLTC333,0102,Mona Thompson,55,55,0,2026-09-23 02:50:41,2026-09-23 02:50:41.056
2026-09-23 02:38:38,TLTC333,0105,Mona Thompson,55,55,0,2026-09-23 02:50:41,2026-09-23 02:50:41.056
2026-09-23 02:38:38,URSP372,0101,Priscila Alves,20,20,0,2026-09-23 02:50:48,2026-09-23 02:50:48.745
2026-09-23 02:38:38,URSP600,0101,Kevin Nelson,25,25,0,2026-09-23 02:50:48,2026-09-23 02:50:48.896
2026-09-23 02:38:38,URSP603,0101,Dawn Jourdan,33,33,0,2026-09-23 02:50:49,2026-09-23 02:50:49.045
2026-09-23 02:38:38,URSP606,0101,Chengri Ding,15,15,0,2026-09-23 02:50:49,2026-09-23 02:50:49.200
2026-09-23 02:38:38,URSP631,0101,Hiroyuki Iseki,15,15,0,2026-09-23 02:50:49,2026-09-23 02:50:49.352
2026-09-23 02:38:38,URSP668B,0101,Eric Burnstein,20,20,0,2026-09-23 02:50:49,2026-09-23 02:50:49.498
2026-09-23 02:38:38,URSP673,0101,Riem ElZoghbi,25,25,0,2026-09-23 02:50:49,2026-09-23 02:50:49.643
2026-09-23 02:38:38,URSP688M,0101,Andrew Bernish,20,20,0,2026-09-23 02:50:49,2026-09-23 02:50:49.792
2026-09-23 02:38:38,URSP688P,0101,Sonja Ewing,15,15,0,2026-09-23 02:50:49,2026-09-23 02:50:49.939
2026-09-23 02:38:38,URSP688Y,0101,Chester Harvey,30,30,0,2026-09-23 02:50:50,2026-09-23 02:50:50.086
2026-09-23 02:38:38,URSP708,0101,Nicholas Finio,10,10,0,2026-09-23 02:50:50,2026-09-23 02:50:50.237
2026-09-23 02:38:38,URSP709,0101,Casey Dawkins,10,10,0,2026-09-23 02:50:50,2026-09-23 02:50:50.386
2026-09-23 02:38:38,URSP805,0101,Casey Dawkins,15,15,0,2026-09-23 02:50:50,2026-09-23 02:50:50.959
2026-09-23 02:38:38,USLT202,0101,Robert Chester,26,26,0,2026-09-23 02:50:52,2026-09-23 02:50:52.474
2026-09-23 02:38:38,USLT403,0101,Perla Guerrero,20,20,0,2026-09-23 02:50:52,2026-09-23 02:50:52.622
2026-09-23 02:38:38,USLT420,0101,Robert Chester,27,27,0,2026-09-23 02:50:52,2026-09-23 02:50:52.766
2026-09-23 02:38:38,USLT488,0101,Nancy Mirabal,30,30,0,2026-09-23 02:50:52,2026-09-23 02:50:52.917
2026-09-23 02:38:38,USLT498L,0101,Fernando Rios,12,12,0,2026-09-23 02:50:53,2026-09-23 02:50:53.068
2026-09-23 02:38:38,VIPS208,0102,Ken Kiger,10,10,0,2026-09-23 02:50:54,2026-09-23 02:50:54.319
2026-09-23 02:38:38,VIPS208,0103,Bryan Quinn,10,10,0,2026-09-23 02:50:54,2026-09-23 02:50:54.319
2026-09-23 02:38:38,VIPS208,0104,Ryan Sochol,10,10,0,2026-09-23 02:50:54,2026-09-23 02:50:54.319
2026-09-23 02:38:38,VIPS208,0105,Molly Carton,10,10,0,2026-09-23 02:50:54,2026-09-23 02:50:54.319
2026-09-23 02:38:38,VIPS208,0106,James Baeder,11,11,0,2026-09-23 02:50:54,2026-09-23 02:50:54.320
2026-09-23 02:38:38,VIPS208,0107,Catherine Spirito,10,10,0,2026-09-23 02:50:54,2026-09-23 02:50:54.320
2026-09-23 02:38:38,VIPS208,0108,Ronald Yaros,10,10,0,2026-09-23 02:50:54,2026-09-23 02:50:54.320
2026-09-23 02:38:38,VIPS208,0109,Carinna Ferguson,10,10,0,2026-09-23 02:50:54,2026-09-23 02:50:54.320
2026-09-23 02:38:38,VIPS208,0110,Tracy Riggins,10,10,0,2026-09-23 02:50:54,2026-09-23 02:50:54.320
2026-09-23 02:38:38,VIPS208,0111,Kevin Calabro,10,10,0,2026-09-23 02:50:54,2026-09-23 02:50:54.320
2026-09-23 02:38:38,VIPS208,0112,Raffaele Viglianti,10,10,0,2026-09-23 02:50:54,2026-09-23 02:50:54.320
2026-09-23 02:38:38,VIPS208,0113,Shabnam Jabeen,10,10,0,2026-09-23 02:50:54,2026-09-23 02:50:54.320
2026-09-23 02:38:38,VIPS208,0114,Ning Zeng,10,10,0,2026-09-23 02:50:54,2026-09-23 02:50:54.321
2026-09-23 02:38:38,VIPS208,0115,Veronica Kang,10,10,0,2026-09-23 02:50:54,2026-09-23 02:50:54.321
2026-09-23 02:38:38,VIPS208,0116,David Stewart,10,10,0,2026-09-23 02:50:54,2026-09-23 02:50:54.321
2026-09-23 02:38:38,VIPS208,0117,Meredith Epstein,10,10,0,2026-09-23 02:50:54,2026-09-23 02:50:54.321
2026-09-23 02:38:38,VIPS208,0118,Magaly Toro Ibaceta,10,10,0,2026-09-23 02:50:54,2026-09-23 02:50:54.321
2026-09-23 02:38:38,VIPS208,0120,Marisa Parham,10,10,0,2026-09-23 02:50:54,2026-09-23 02:50:54.321
2026-09-23 02:38:38,VIPS208,0121,Becky Epanchin-Niell,10,10,0,2026-09-23 02:50:54,2026-09-23 02:50:54.321
2026-09-23 02:38:38,VIPS208,0122,Timothy Reedy,10,10,0,2026-09-23 02:50:54,2026-09-23 02:50:54.321
2026-09-23 02:38:38,VIPS208,0123,Lingnan Lin,10,10,0,2026-09-23 02:50:54,2026-09-23 02:50:54.322
2026-09-23 02:38:38,VIPS208,0124,Jeffrey Moro,10,10,0,2026-09-23 02:50:54,2026-09-23 02:50:54.322
2026-09-23 02:38:38,VIPS208,0125,Peter Sunderland,10,10,0,2026-09-23 02:50:54,2026-09-23 02:50:54.322
2026-09-23 02:38:38,VIPS208,0126,Brienna Anderson,10,10,0,2026-09-23 02:50:54,2026-09-23 02:50:54.322
2026-09-23 02:38:38,VIPS308,0102,Ken Kiger,10,10,0,2026-09-23 02:50:54,2026-09-23 02:50:54.503
2026-09-23 02:38:38,VIPS308,0103,Bryan Quinn,13,13,0,2026-09-23 02:50:54,2026-09-23 02:50:54.504
2026-09-23 02:38:38,VIPS308,0104,Ryan Sochol,10,10,0,2026-09-23 02:50:54,2026-09-23 02:50:54.504
2026-09-23 02:38:38,VIPS308,0105,Molly Carton,10,10,0,2026-09-23 02:50:54,2026-09-23 02:50:54.504
2026-09-23 02:38:38,VIPS308,0106,James Baeder,10,10,0,2026-09-23 02:50:54,2026-09-23 02:50:54.504
2026-09-23 02:38:38,VIPS308,0107,Catherine Spirito,10,10,0,2026-09-23 02:50:54,2026-09-23 02:50:54.504
2026-09-23 02:38:38,VIPS308,0108,Ronald Yaros,10,10,0,2026-09-23 02:50:54,2026-09-23 02:50:54.504
2026-09-23 02:38:38,VIPS308,0109,Carinna Ferguson,10,10,0,2026-09-23 02:50:54,2026-09-23 02:50:54.504
2026-09-23 02:38:38,VIPS308,0110,Tracy Riggins,10,10,0,2026-09-23 02:50:54,2026-09-23 02:50:54.504
2026-09-23 02:38:38,VIPS308,0111,Kevin Calabro,10,10,0,2026-09-23 02:50:54,2026-09-23 02:50:54.505
2026-09-23 02:38:38,VIPS308,0112,Raffaele Viglianti,10,10,0,2026-09-23 02:50:54,2026-09-23 02:50:54.505
2026-09-23 02:38:38,VIPS308,0113,Shabnam Jabeen,10,10,0,2026-09-23 02:50:54,2026-09-23 02:50:54.505
2026-09-23 02:38:38,VIPS308,0114,Ning Zeng,10,10,0,2026-09-23 02:50:54,2026-09-23 02:50:54.505
2026-09-23 02:38:38,VIPS308,0115,Veronica Kang,10,10,0,2026-09-23 02:50:54,2026-09-23 02:50:54.505
2026-09-23 02:38:38,VIPS308,0116,David Stewart,10,10,0,2026-09-23 02:50:54,2026-09-23 02:50:54.505
2026-09-23 02:38:38,VIPS308,0117,Meredith Epstein,10,10,0,2026-09-23 02:50:54,2026-09-23 02:50:54.505
2026-09-23 02:38:38,VIPS308,0118,Magaly Toro Ibaceta,10,10,0,2026-09-23 02:50:54,2026-09-23 02:50:54.505
2026-09-23 02:38:38,VIPS308,0120,Marisa Parham,10,10,0,2026-09-23 02:50:54,2026-09-23 02:50:54.505
2026-09-23 02:38:38,VIPS308,0121,Becky Epanchin-Niell,10,10,0,2026-09-23 02:50:54,2026-09-23 02:50:54.506
2026-09-23 02:38:38,VIPS308,0122,Timothy Reedy,10,10,0,2026-09-23 02:50:54,2026-09-23 02:50:54.506
2026-09-23 02:38:38,VIPS308,0123,Lingnan Lin,10,10,0,2026-09-23 02:50:54,2026-09-23 02:50:54.506
2026-09-23 02:38:38,VIPS308,0124,Jeffrey Moro,10,10,0,2026-09-23 02:50:54,2026-09-23 02:50:54.506
2026-09-23 02:38:38,VIPS308,0125,Peter Sunderland,10,10,0,2026-09-23 02:50:54,2026-09-23 02:50:54.506
2026-09-23 02:38:38,VIPS308,0126,Brienna Anderson,10,10,0,2026-09-23 02:50:54,2026-09-23 02:50:54.506
2026-09-23 02:38:38,VIPS408,0102,Ken Kiger,10,10,0,2026-09-23 02:50:54,2026-09-23 02:50:54.687
2026-09-23 02:38:38,VIPS408,0103,Bryan Quinn,10,10,0,2026-09-23 02:50:54,2026-09-23 02:50:54.687
2026-09-23 02:38:38,VIPS408,0104,Ryan Sochol,10,10,0,2026-09-23 02:50:54,2026-09-23 02:50:54.687
2026-09-23 02:38:38,VIPS408,0105,Molly Carton,10,10,0,2026-09-23 02:50:54,2026-09-23 02:50:54.687
2026-09-23 02:38:38,VIPS408,0106,James Baeder,10,10,0,2026-09-23 02:50:54,2026-09-23 02:50:54.687
2026-09-23 02:38:38,VIPS408,0107,Catherine Spirito,10,10,0,2026-09-23 02:50:54,2026-09-23 02:50:54.687
2026-09-23 02:38:38,VIPS408,0108,Ronald Yaros,10,10,0,2026-09-23 02:50:54,2026-09-23 02:50:54.687
2026-09-23 02:38:38,VIPS408,0109,Carinna Ferguson,10,10,0,2026-09-23 02:50:54,2026-09-23 02:50:54.687
2026-09-23 02:38:38,VIPS408,0110,Tracy Riggins,10,10,0,2026-09-23 02:50:54,2026-09-23 02:50:54.688
2026-09-23 02:38:38,VIPS408,0111,Kevin Calabro,10,10,0,2026-09-23 02:50:54,2026-09-23 02:50:54.688
2026-09-23 02:38:38,VIPS408,0112,Raffaele Viglianti,10,10,0,2026-09-23 02:50:54,2026-09-23 02:50:54.688
2026-09-23 02:38:38,VIPS408,0113,Shabnam Jabeen,10,10,0,2026-09-23 02:50:54,2026-09-23 02:50:54.688
2026-09-23 02:38:38,VIPS408,0114,Ning Zeng,10,10,0,2026-09-23 02:50:54,2026-09-23 02:50:54.688
2026-09-23 02:38:38,VIPS408,0115,Veronica Kang,10,10,0,2026-09-23 02:50:54,2026-09-23 02:50:54.688
2026-09-23 02:38:38,VIPS408,0116,David Stewart,10,10,0,2026-09-23 02:50:54,2026-09-23 02:50:54.688
2026-09-23 02:38:38,VIPS408,0117,Meredith Epstein,10,10,0,2026-09-23 02:50:54,2026-09-23 02:50:54.688
2026-09-23 02:38:38,VIPS408,0118,Magaly Toro Ibaceta,10,10,0,2026-09-23 02:50:54,2026-09-23 02:50:54.689
2026-09-23 02:38:38,VIPS408,0120,Marisa Parham,10,10,0,2026-09-23 02:50:54,2026-09-23 02:50:54.689
2026-09-23 02:38:38,VIPS408,0121,Becky Epanchin-Niell,10,10,0,2026-09-23 02:50:54,2026-09-23 02:50:54.689
2026-09-23 02:38:38,VIPS408,0122,Timothy Reedy,10,10,0,2026-09-23 02:50:54,2026-09-23 02:50:54.689
2026-09-23 02:38:38,VIPS408,0123,Lingnan Lin,10,10,0,2026-09-23 02:50:54,2026-09-23 02:50:54.689
2026-09-23 02:38:38,VIPS408,0124,Jeffrey Moro,10,10,0,2026-09-23 02:50:54,2026-09-23 02:50:54.689
2026-09-23 02:38:38,VIPS408,0125,Peter Sunderland,10,10,0,2026-09-23 02:50:54,2026-09-23 02:50:54.689
2026-09-23 02:38:38,VIPS408,0126,Brienna Anderson,10,10,0,2026-09-23 02:50:54,2026-09-23 02:50:54.689
2026-09-23 02:38:38,WEID139N,0101,Denise Joseph,60,60,0,2026-09-23 02:50:57,2026-09-23 02:50:57.221
2026-09-23 02:38:38,WEID139T,0201,Taylor Togafau-Lewis,45,45,0,2026-09-23 02:50:57,2026-09-23 02:50:57.366
2026-09-23 02:38:38,WGSS105,0101,Jessica Mathiason,30,30,0,2026-09-23 02:50:58,2026-09-23 02:50:58.850
2026-09-23 02:38:38,WGSS105,0102,Jessica Mathiason,30,30,0,2026-09-23 02:50:58,2026-09-23 02:50:58.850
2026-09-23 02:38:38,WGSS105,0103,Jessica Mathiason,30,30,0,2026-09-23 02:50:58,2026-09-23 02:50:58.850
2026-09-23 02:38:38,WGSS105,0104,Jessica Mathiason,30,30,0,2026-09-23 02:50:58,2026-09-23 02:50:58.850
2026-09-23 02:38:38,WGSS115,0101,Alexis Lothian,25,25,0,2026-09-23 02:50:58,2026-09-23 02:50:59.002
2026-09-23 02:38:38,WGSS115,0102,Alexis Lothian,25,25,0,2026-09-23 02:50:58,2026-09-23 02:50:59.002
2026-09-23 02:38:38,WGSS201,0101,Sayan Bhattacharya,25,25,0,2026-09-23 02:50:59,2026-09-23 02:50:59.149
2026-09-23 02:38:38,WGSS201,0102,Sayan Bhattacharya,25,25,0,2026-09-23 02:50:59,2026-09-23 02:50:59.149
2026-09-23 02:38:38,WGSS205,0101,Shelbi Meissner,21,21,0,2026-09-23 02:50:59,2026-09-23 02:50:59.294
2026-09-23 02:38:38,WGSS205,0201,Shelbi Meissner,21,21,0,2026-09-23 02:50:59,2026-09-23 02:50:59.294
2026-09-23 02:38:38,WGSS230,0101,Daniel Richter,20,20,0,2026-09-23 02:50:59,2026-09-23 02:50:59.448
2026-09-23 02:38:38,WGSS250,0101,Lidia Garcia Berrelleza,25,25,0,2026-09-23 02:50:59,2026-09-23 02:50:59.598
2026-09-23 02:38:38,WGSS250,0201,Shameem Razack,25,25,0,2026-09-23 02:50:59,2026-09-23 02:50:59.598
2026-09-23 02:38:38,WGSS255,0101,Instructor: TBA,30,30,0,2026-09-23 02:50:59,2026-09-23 02:50:59.747
2026-09-23 02:38:38,WGSS265,0101,Ashley Newby,40,40,0,2026-09-23 02:50:59,2026-09-23 02:50:59.898
2026-09-23 02:38:38,WGSS275,0101,Instructor: TBA,30,30,0,2026-09-23 02:51:00,2026-09-23 02:51:00.153
2026-09-23 02:38:38,WGSS280,0101,Jessica Mathiason,52,52,0,2026-09-23 02:51:00,2026-09-23 02:51:00.318
2026-09-23 02:38:38,WGSS290,0101,Jessica Mathiason,30,30,0,2026-09-23 02:51:00,2026-09-23 02:51:00.465
2026-09-23 02:38:38,WGSS290,0201,Sydney Lewis,31,31,0,2026-09-23 02:51:00,2026-09-23 02:51:00.465
2026-09-23 02:38:38,WGSS298C,0101,Will Mosley,35,35,0,2026-09-23 02:51:00,2026-09-23 02:51:00.611
2026-09-23 02:38:38,WGSS298S,0101,Jordan Keesler,25,25,0,2026-09-23 02:51:00,2026-09-23 02:51:00.759
2026-09-23 02:38:38,WGSS302,0101,Will Mosley,25,25,0,2026-09-23 02:51:00,2026-09-23 02:51:00.939
2026-09-23 02:38:38,WGSS306,0101,Sydney Lewis,30,30,0,2026-09-23 02:51:01,2026-09-23 02:51:01.088
2026-09-23 02:38:38,WGSS310,0101,Sayan Bhattacharya,25,25,0,2026-09-23 02:51:01,2026-09-23 02:51:01.260
2026-09-23 02:38:38,WGSS319F,0101,Alexis Lothian,30,30,0,2026-09-23 02:51:01,2026-09-23 02:51:01.429
2026-09-23 02:38:38,WGSS379U,0101,John Drabinski,25,25,0,2026-09-23 02:51:01,2026-09-23 02:51:01.681
2026-09-23 02:38:38,WGSS422,0101,Jennifer Cho,18,18,0,2026-09-23 02:51:01,2026-09-23 02:51:01.919
2026-09-23 02:38:38,WGSS471,0101,Instructor: TBA,25,25,0,2026-09-23 02:51:02,2026-09-23 02:51:02.131
2026-09-23 02:38:38,WGSS471,0201,Instructor: TBA,45,45,0,2026-09-23 02:51:02,2026-09-23 02:51:02.131
2026-09-23 02:38:38,WGSS475,0101,Sydney Lewis,20,20,0,2026-09-23 02:51:02,2026-09-23 02:51:02.324
2026-09-23 02:38:38,WGSS487,0101,Eva Hageman,15,15,0,2026-09-23 02:51:02,2026-09-23 02:51:02.543
2026-09-23 02:38:38,WGSS487H,0101,Eva Hageman,5,5,0,2026-09-23 02:51:02,2026-09-23 02:51:02.684
2026-09-23 02:38:38,WGSS602,0101,Shelbi Meissner,12,12,0,2026-09-23 02:51:03,2026-09-23 02:51:03.412
2026-09-23 02:38:38,WGSS708,0101,Alexis Lothian,10,10,0,2026-09-23 02:51:03,2026-09-23 02:51:03.906
2026-09-23 02:38:38,XPER455,0101,TJ Rainsford,25,25,0,2026-09-23 02:51:05,2026-09-23 02:51:05.541
2026-09-23 08:07:09,AAAS100,0101,Shane Walsh,35,35,0,2026-09-23 08:07:10,2026-09-23 08:07:10.253
2026-09-23 08:07:09,AAAS100,0201,Shane Walsh,35,35,0,2026-09-23 08:07:10,2026-09-23 08:07:10.253
2026-09-23 08:07:09,AAAS100,0301,George Kintiba,30,30,0,2026-09-23 08:07:10,2026-09-23 08:07:10.253
2026-09-23 08:07:09,AAAS100,0401,Beka Guluma,35,35,0,2026-09-23 08:07:10,2026-09-23 08:07:10.253
2026-09-23 08:07:09,AAAS100,0501,Jason Nichols,33,33,0,2026-09-23 08:07:10,2026-09-23 08:07:10.253
2026-09-23 08:07:09,AAAS100,0601,Jason Nichols,35,35,0,2026-09-23 08:07:10,2026-09-23 08:07:10.254
2026-09-23 08:07:09,AAAS100H,0301,George Kintiba,5,5,0,2026-09-23 08:07:10,2026-09-23 08:07:10.457
2026-09-23 08:07:09,AAAS101,0101,Periloux Peay,40,40,0,2026-09-23 08:07:10,2026-09-23 08:07:10.668
2026-09-23 08:07:09,AAAS187,0101,Robert Choflet,30,30,0,2026-09-23 08:07:10,2026-09-23 08:07:10.843
2026-09-23 08:07:09,AAAS200,0101,George Kintiba,40,40,0,2026-09-23 08:07:11,2026-09-23 08:07:11.056
2026-09-23 08:07:09,AAAS202,0101,Robert Choflet,30,30,0,2026-09-23 08:07:11,2026-09-23 08:07:11.375
2026-09-23 08:07:09,AAAS202,0201,Angelica Dunbar,35,35,0,2026-09-23 08:07:11,2026-09-23 08:07:11.375
2026-09-23 08:07:09,AAAS202,0301,Angelica Dunbar,35,35,0,2026-09-23 08:07:11,2026-09-23 08:07:11.375
2026-09-23 08:07:09,AAAS202,0401,Robert Choflet,35,35,0,2026-09-23 08:07:11,2026-09-23 08:07:11.376
2026-09-23 08:07:09,AAAS202H,0101,Robert Choflet,5,5,0,2026-09-23 08:07:11,2026-09-23 08:07:11.546
2026-09-23 08:07:09,AAAS211,0101,Shane Walsh,120,120,0,2026-09-23 08:07:11,2026-09-23 08:07:11.770
2026-09-23 08:07:09,AAAS234,0101,Instructor: TBA,30,30,0,2026-09-23 08:07:11,2026-09-23 08:07:11.974
2026-09-23 08:07:09,AAAS255,0101,Leigh Soares,40,40,0,2026-09-23 08:07:12,2026-09-23 08:07:12.146
2026-09-23 08:07:09,AAAS265,0101,Ashley Newby,40,40,0,2026-09-23 08:07:12,2026-09-23 08:07:12.311
2026-09-23 08:07:09,AAAS320,0101,Cecily Jackson,25,25,0,2026-09-23 08:07:12,2026-09-23 08:07:12.570
2026-09-23 08:07:09,AAAS320,0201,Cecily Jackson,25,25,0,2026-09-23 08:07:12,2026-09-23 08:07:12.571
2026-09-23 08:07:09,AAAS386,0101,Marshal Washington,10,10,0,2026-09-23 08:07:12,2026-09-23 08:07:12.780
2026-09-23 08:07:09,AAAS398G,0101,Chinyere Osuji,20,20,0,2026-09-23 08:07:12,2026-09-23 08:07:12.945
2026-09-23 08:07:09,AAAS398U,0101,John Drabinski,25,25,0,2026-09-23 08:07:13,2026-09-23 08:07:13.211
2026-09-23 08:07:09,AAAS400,0101,George Kintiba,20,20,0,2026-09-23 08:07:13,2026-09-23 08:07:13.378
2026-09-23 08:07:09,AAAS400H,0101,George Kintiba,5,5,0,2026-09-23 08:07:13,2026-09-23 08:07:13.716
2026-09-23 08:07:09,AAAS490,0101,Paul Landau,18,18,0,2026-09-23 08:07:13,2026-09-23 08:07:13.881
2026-09-23 08:07:09,AAAS498X,0101,Terrill Taylor,40,40,0,2026-09-23 08:07:14,2026-09-23 08:07:14.142
2026-09-23 08:07:09,AAST200,0101,Jennifer Cho,34,34,0,2026-09-23 08:07:15,2026-09-23 08:07:15.519
2026-09-23 08:07:09,AAST201,0101,Madeline Hsu,40,40,0,2026-09-23 08:07:15,2026-09-23 08:07:15.685
2026-09-23 08:07:09,AAST250,0101,Jennifer Cho,30,30,0,2026-09-23 08:07:15,2026-09-23 08:07:15.848
2026-09-23 08:07:09,AAST262,0101,Derek Iwamoto,60,60,0,2026-09-23 08:07:16,2026-09-23 08:07:16.018
2026-09-23 08:07:09,AAST322,0101,Julie Park,30,30,0,2026-09-23 08:07:16,2026-09-23 08:07:16.180
2026-09-23 08:07:09,AAST350,0101,Binod Paudyal,25,25,0,2026-09-23 08:07:16,2026-09-23 08:07:16.379
2026-09-23 08:07:09,AAST351,0101,Binod Paudyal,34,34,0,2026-09-23 08:07:16,2026-09-23 08:07:16.553
2026-09-23 08:07:09,AAST363,0101,Gemirald Daus,35,35,0,2026-09-23 08:07:16,2026-09-23 08:07:16.769
2026-09-23 08:07:09,AAST378,0101,Janelle Wong,2,2,0,2026-09-23 08:07:16,2026-09-23 08:07:16.965
2026-09-23 08:07:09,AAST394,0101,Wenxi Yang,25,25,0,2026-09-23 08:07:17,2026-09-23 08:07:17.376
2026-09-23 08:07:09,AAST398A,0101,Michelle Magalong,20,20,0,2026-09-23 08:07:17,2026-09-23 08:07:17.553
2026-09-23 08:07:09,AAST398B,0101,Chris Eng,25,25,0,2026-09-23 08:07:17,2026-09-23 08:07:17.725
2026-09-23 08:07:09,AAST421,0101,Philip Nash,20,20,0,2026-09-23 08:07:17,2026-09-23 08:07:17.893
2026-09-23 08:07:09,AAST422,0101,Jennifer Cho,18,18,0,2026-09-23 08:07:18,2026-09-23 08:07:18.097
2026-09-23 08:07:09,AAST443,0101,Janelle Wong,27,27,0,2026-09-23 08:07:18,2026-09-23 08:07:18.265
2026-09-23 08:07:09,ABRM450,0101,Ashley Newby,10,10,0,2026-09-23 08:07:19,2026-09-23 08:07:19.532
2026-09-23 08:07:09,AGNR301,0101,Thomas Hilde,150,150,0,2026-09-23 08:07:20,2026-09-23 08:07:20.811
2026-09-23 08:07:09,AGNR388,0101,Instructor: TBA,20,20,0,2026-09-23 08:07:20,2026-09-23 08:07:20.976
2026-09-23 08:07:09,AIME498B,0101,Kevin McGarry,30,30,0,2026-09-23 08:07:23,2026-09-23 08:07:23.789
2026-09-23 08:07:09,ARAB101,0101,Samah Al-salami,15,15,0,2026-09-23 08:07:50,2026-09-23 08:07:50.046
2026-09-23 08:07:09,ARAB101,0201,Ahmed Hanafy,15,15,0,2026-09-23 08:07:50,2026-09-23 08:07:50.046
2026-09-23 08:07:09,ARAB102,0101,Samah Al-salami,15,15,0,2026-09-23 08:07:50,2026-09-23 08:07:50.234
2026-09-23 08:07:09,ARAB102,0201,Samah Al-salami,15,15,0,2026-09-23 08:07:50,2026-09-23 08:07:50.234
2026-09-23 08:07:09,ARAB201,0101,Lutf Alkebsi,15,15,0,2026-09-23 08:07:50,2026-09-23 08:07:50.401
2026-09-23 08:07:09,ARAB202,0101,Lutf Alkebsi,15,15,0,2026-09-23 08:07:50,2026-09-23 08:07:50.601
2026-09-23 08:07:09,ARAB202,0201,Lutf Alkebsi,15,15,0,2026-09-23 08:07:50,2026-09-23 08:07:50.602
2026-09-23 08:07:09,ARAB222,0101,Ahmed Hanafy,15,15,0,2026-09-23 08:07:50,2026-09-23 08:07:50.770
2026-09-23 08:07:09,ARAB250,0101,Anny Gaul,15,15,0,2026-09-23 08:07:50,2026-09-23 08:07:50.941
2026-09-23 08:07:09,ARAB302,0101,Ahmed Hanafy,15,15,0,2026-09-23 08:07:51,2026-09-23 08:07:51.114
2026-09-23 08:07:09,ARAB317,0101,Anny Gaul,15,15,0,2026-09-23 08:07:51,2026-09-23 08:07:51.286
2026-09-23 08:07:09,ARAB398W,0101,Lutf Alkebsi,15,15,0,2026-09-23 08:07:51,2026-09-23 08:07:51.616
2026-09-23 08:07:09,ARAB499X,0101,Samah Al-salami,15,15,0,2026-09-23 08:07:51,2026-09-23 08:07:51.950
2026-09-23 08:07:09,ARCH170,0101,Lindsey May,100,100,0,2026-09-23 08:07:53,2026-09-23 08:07:53.479
2026-09-23 08:07:09,ARCH200,0101,Michael Abrams,21,21,0,2026-09-23 08:07:53,2026-09-23 08:07:53.662
2026-09-23 08:07:09,ARCH200,0102,Michael Abrams,21,21,0,2026-09-23 08:07:53,2026-09-23 08:07:53.662
2026-09-23 08:07:09,ARCH200,0103,Michael Abrams,21,21,0,2026-09-23 08:07:53,2026-09-23 08:07:53.663
2026-09-23 08:07:09,ARCH200,0104,Michael Abrams,21,21,0,2026-09-23 08:07:53,2026-09-23 08:07:53.663
2026-09-23 08:07:09,ARCH200,0105,Michael Abrams,21,21,0,2026-09-23 08:07:53,2026-09-23 08:07:53.663
2026-09-23 08:07:09,ARCH200,0106,Michael Abrams,21,21,0,2026-09-23 08:07:53,2026-09-23 08:07:53.663
2026-09-23 08:07:09,ARCH225,0101,Joseph Williams,125,125,0,2026-09-23 08:07:53,2026-09-23 08:07:53.838
2026-09-23 08:07:09,ARCH271,0101,Wayne Ricardo Curtis,75,75,0,2026-09-23 08:07:54,2026-09-23 08:07:54.007
2026-09-23 08:07:09,ARCH271,0102,Wayne Ricardo Curtis,75,75,0,2026-09-23 08:07:54,2026-09-23 08:07:54.007
2026-09-23 08:07:09,ARCH386,0101,Kristen Stack,10,10,0,2026-09-23 08:07:54,2026-09-23 08:07:54.174
2026-09-23 08:07:09,ARCH400,0101,Kenneth Filler,75,75,0,2026-09-23 08:07:54,2026-09-23 08:07:54.339
2026-09-23 08:07:09,ARCH400,0201,Marcus Cross,60,60,0,2026-09-23 08:07:54,2026-09-23 08:07:54.339
2026-09-23 08:07:09,ARCH402,0101,Taejun James Kim,75,75,0,2026-09-23 08:07:54,2026-09-23 08:07:54.514
2026-09-23 08:07:09,ARCH405,0101,Brittany L Williams,14,14,0,2026-09-23 08:07:54,2026-09-23 08:07:54.759
2026-09-23 08:07:09,ARCH407,0101,Georgeanne Matthews,12,12,0,2026-09-23 08:07:54,2026-09-23 08:07:54.928
2026-09-23 08:07:09,ARCH408A,0101,Daniel Curry,5,5,0,2026-09-23 08:07:55,2026-09-23 08:07:55.100
2026-09-23 08:07:09,ARCH408C,0101,Edgar Alvarado,5,5,0,2026-09-23 08:07:55,2026-09-23 08:07:55.266
2026-09-23 08:07:09,ARCH418D,0101,Hooman Koliji,30,30,0,2026-09-23 08:07:55,2026-09-23 08:07:55.445
2026-09-23 08:07:09,ARCH418G,0101,Deokoh Woo,16,16,0,2026-09-23 08:07:55,2026-09-23 08:07:55.613
2026-09-23 08:07:09,ARCH418I,0101,Michael Kleiss,16,16,0,2026-09-23 08:07:55,2026-09-23 08:07:55.784
2026-09-23 08:07:09,ARCH420,0101,Caroline Hickman,30,30,0,2026-09-23 08:07:55,2026-09-23 08:07:55.959
2026-09-23 08:07:09,ARCH423,0101,Joseph Williams,30,30,0,2026-09-23 08:07:56,2026-09-23 08:07:56.140
2026-09-23 08:07:09,ARCH425,0101,Joseph Williams,10,10,0,2026-09-23 08:07:56,2026-09-23 08:07:56.311
2026-09-23 08:07:09,ARCH428F,0101,Matthew Bell,20,20,0,2026-09-23 08:07:56,2026-09-23 08:07:56.478
2026-09-23 08:07:09,ARCH428K,0101,Michele Lamprakos,26,26,0,2026-09-23 08:07:56,2026-09-23 08:07:56.648
2026-09-23 08:07:09,ARCH445,0101,Daniel Curry,15,15,0,2026-09-23 08:07:56,2026-09-23 08:07:56.814
2026-09-23 08:07:09,ARCH463,0101,Deokoh Woo,150,150,0,2026-09-23 08:07:56,2026-09-23 08:07:56.980
2026-09-23 08:07:09,ARCH465,0101,Michael Kleiss,80,80,0,2026-09-23 08:07:57,2026-09-23 08:07:57.142
2026-09-23 08:07:09,ARCH468I,0101,Hooman Koliji,26,26,0,2026-09-23 08:07:57,2026-09-23 08:07:57.313
2026-09-23 08:07:09,ARCH468P,0101,Hooman Koliji,26,26,0,2026-09-23 08:07:57,2026-09-23 08:07:57.482
2026-09-23 08:07:09,ARCH472,0101,Kiley Wilfong Cullen,24,24,0,2026-09-23 08:07:57,2026-09-23 08:07:57.645
2026-09-23 08:07:09,ARCH478L,0101,Michele Lamprakos,10,10,0,2026-09-23 08:07:57,2026-09-23 08:07:57.813
2026-09-23 08:07:09,ARCH478O,0101,Stefan Woehlke,20,20,0,2026-09-23 08:07:57,2026-09-23 08:07:57.996
2026-09-23 08:07:09,ARCH601,0101,Peter Noonan,20,20,0,2026-09-23 08:07:58,2026-09-23 08:07:58.162
2026-09-23 08:07:09,ARCH618G,0101,Deokoh Woo,4,4,0,2026-09-23 08:07:58,2026-09-23 08:07:58.348
2026-09-23 08:07:09,ARCH618I,0101,Michael Kleiss,4,4,0,2026-09-23 08:07:58,2026-09-23 08:07:58.513
2026-09-23 08:07:09,ARCH628K,0101,Michele Lamprakos,4,4,0,2026-09-23 08:07:58,2026-09-23 08:07:58.685
2026-09-23 08:07:09,ARCH635,0101,Matthew Bell,15,15,0,2026-09-23 08:07:58,2026-09-23 08:07:58.854
2026-09-23 08:07:09,ARCH654,0101,Anatole Tchikine,35,35,0,2026-09-23 08:07:59,2026-09-23 08:07:59.017
2026-09-23 08:07:09,ARCH658I,0101,Sonja Ewing,15,15,0,2026-09-23 08:07:59,2026-09-23 08:07:59.197
2026-09-23 08:07:09,ARCH668I,0101,Hooman Koliji,4,4,0,2026-09-23 08:07:59,2026-09-23 08:07:59.367
2026-09-23 08:07:09,ARCH668P,0101,Hooman Koliji,4,4,0,2026-09-23 08:07:59,2026-09-23 08:07:59.535
2026-09-23 08:07:09,ARCH678L,0101,Michele Lamprakos,10,10,0,2026-09-23 08:07:59,2026-09-23 08:07:59.747
2026-09-23 08:07:09,ARCH678O,0101,Stefan Woehlke,5,5,0,2026-09-23 08:07:59,2026-09-23 08:07:59.959
2026-09-23 08:07:09,ARCH797,0101,Hooman Koliji,15,15,0,2026-09-23 08:08:00,2026-09-23 08:08:00.228
2026-09-23 08:07:09,ARMY105,0101,Andrew Bischoff,60,60,0,2026-09-23 08:08:12,2026-09-23 08:08:12.841
2026-09-23 08:07:09,ARMY105,0102,Andrew Bischoff,60,60,0,2026-09-23 08:08:12,2026-09-23 08:08:12.841
2026-09-23 08:07:09,ARMY110,0101,Andrew Bischoff,40,40,0,2026-09-23 08:08:13,2026-09-23 08:08:13.007
2026-09-23 08:07:09,ARMY202,0102,Andrew Bischoff,60,60,0,2026-09-23 08:08:13,2026-09-23 08:08:13.194
2026-09-23 08:07:09,ARMY302,0101,Andrew Bischoff,40,40,0,2026-09-23 08:08:13,2026-09-23 08:08:13.359
2026-09-23 08:07:09,ARMY402,0101,Andrew Bischoff,30,30,0,2026-09-23 08:08:13,2026-09-23 08:08:13.527
2026-09-23 08:07:09,ARMY402,0102,Andrew Bischoff,100,100,0,2026-09-23 08:08:13,2026-09-23 08:08:13.527
2026-09-23 08:07:09,ARSC059,0101,Kathryn Love,250,250,0,2026-09-23 08:08:14,2026-09-23 08:08:14.825
2026-09-23 08:07:09,ARSC101,0101,Alan Snyder,50,50,0,2026-09-23 08:08:14,2026-09-23 08:08:14.997
2026-09-23 08:07:09,ARSC101,0102,Alan Snyder,65,65,0,2026-09-23 08:08:14,2026-09-23 08:08:14.997
2026-09-23 08:07:09,ARSC101,0103,Alan Snyder,40,40,0,2026-09-23 08:08:14,2026-09-23 08:08:14.997
2026-09-23 08:07:09,ARSC101,0104,Alan Snyder,10,10,0,2026-09-23 08:08:14,2026-09-23 08:08:14.997
2026-09-23 08:07:09,ARSC201,0101,Nathan Rabe,65,65,0,2026-09-23 08:08:15,2026-09-23 08:08:15.166
2026-09-23 08:07:09,ARSC201,0102,Kathleen West,40,40,0,2026-09-23 08:08:15,2026-09-23 08:08:15.167
2026-09-23 08:07:09,ARSC201,0103,Kathleen West,40,40,0,2026-09-23 08:08:15,2026-09-23 08:08:15.167
2026-09-23 08:07:09,ARSC301,0101,Kathryn Love,45,45,0,2026-09-23 08:08:15,2026-09-23 08:08:15.333
2026-09-23 08:07:09,ARSC301,0102,Kathryn Love,20,20,0,2026-09-23 08:08:15,2026-09-23 08:08:15.333
2026-09-23 08:07:09,ARSC401,0101,Joseph Herwatic,30,30,0,2026-09-23 08:08:15,2026-09-23 08:08:15.564
2026-09-23 08:07:09,ARSC401,0102,Joseph Herwatic,15,15,0,2026-09-23 08:08:15,2026-09-23 08:08:15.564
2026-09-23 08:07:09,BIOM301,0101,Christine Hakenkamp,28,28,0,2026-09-23 08:08:52,2026-09-23 08:08:52.788
2026-09-23 08:07:09,BIOM301,0102,Christine Hakenkamp,28,28,0,2026-09-23 08:08:52,2026-09-23 08:08:52.788
2026-09-23 08:07:09,BIOM301,0103,Christine Hakenkamp,28,28,0,2026-09-23 08:08:52,2026-09-23 08:08:52.788
2026-09-23 08:07:09,BIOM301,0104,Christine Hakenkamp,28,28,0,2026-09-23 08:08:52,2026-09-23 08:08:52.788
2026-09-23 08:07:09,BIOM301,0105,Christine Hakenkamp,28,28,0,2026-09-23 08:08:52,2026-09-23 08:08:52.788
2026-09-23 08:07:09,BIOM301,0106,Christine Hakenkamp,28,28,0,2026-09-23 08:08:52,2026-09-23 08:08:52.789
2026-09-23 08:07:09,BIOM301,0107,Christine Hakenkamp,28,28,0,2026-09-23 08:08:52,2026-09-23 08:08:52.789
2026-09-23 08:07:09,BIOM301,0201,Instructor: TBA,28,28,0,2026-09-23 08:08:52,2026-09-23 08:08:52.789
2026-09-23 08:07:09,BIOM602,0101,Jiuzhou Song,28,28,0,2026-09-23 08:08:52,2026-09-23 08:08:52.966
2026-09-23 08:07:09,BMIN210,0101,Darlene Dennison,162,162,0,2026-09-23 08:09:10,2026-09-23 08:09:10.669
2026-09-23 08:07:09,BMIN210,0201,Darlene Dennison,162,162,0,2026-09-23 08:09:10,2026-09-23 08:09:10.669
2026-09-23 08:07:09,BMIN305,0101,Tejwansh Anand,162,162,0,2026-09-23 08:09:10,2026-09-23 08:09:10.830
2026-09-23 08:07:09,BMIN345,0101,Michael Padhi,325,325,0,2026-09-23 08:09:10,2026-09-23 08:09:10.996
2026-09-23 08:07:09,BMIN355,0101,Idil Yaveroglu,162,162,0,2026-09-23 08:09:11,2026-09-23 08:09:11.165
2026-09-23 08:07:09,BMIN355,0201,Idil Yaveroglu,162,162,0,2026-09-23 08:09:11,2026-09-23 08:09:11.165
2026-09-23 08:07:09,BMIN375,0101,Leland Gardner,162,162,0,2026-09-23 08:09:11,2026-09-23 08:09:11.333
2026-09-23 08:07:09,BMIN395,0101,Nima Farshchi,162,162,0,2026-09-23 08:09:11,2026-09-23 08:09:11.500
2026-09-23 08:07:09,BMIN395,0201,Nima Farshchi,162,162,0,2026-09-23 08:09:11,2026-09-23 08:09:11.500
2026-09-23 08:07:09,BSCI103,1100,Instructor: TBA,24,24,0,2026-09-23 08:09:16,2026-09-23 08:09:16.845
2026-09-23 08:07:09,BSCI103,1101,Instructor: TBA,24,24,0,2026-09-23 08:09:16,2026-09-23 08:09:16.845
2026-09-23 08:07:09,BSCI103,1103,Instructor: TBA,24,24,0,2026-09-23 08:09:16,2026-09-23 08:09:16.845
2026-09-23 08:07:09,BSCI103,1105,Instructor: TBA,24,24,0,2026-09-23 08:09:16,2026-09-23 08:09:16.845
2026-09-23 08:07:09,BSCI103,1107,Instructor: TBA,24,24,0,2026-09-23 08:09:16,2026-09-23 08:09:16.846
2026-09-23 08:07:09,BSCI103,1108,Instructor: TBA,24,24,0,2026-09-23 08:09:16,2026-09-23 08:09:16.846
2026-09-23 08:07:09,BSCI103,1109,Instructor: TBA,24,24,0,2026-09-23 08:09:16,2026-09-23 08:09:16.846
2026-09-23 08:07:09,BSCI103,1110,Instructor: TBA,24,24,0,2026-09-23 08:09:16,2026-09-23 08:09:16.846
2026-09-23 08:07:09,BSCI103M,0101,Instructor: TBA,24,24,0,2026-09-23 08:09:17,2026-09-23 08:09:17.014
2026-09-23 08:07:09,BSCI120,0101,Dennis vanEngelsdorp,21,21,0,2026-09-23 08:09:17,2026-09-23 08:09:17.184
2026-09-23 08:07:09,BSCI120,0102,Dennis vanEngelsdorp,21,21,0,2026-09-23 08:09:17,2026-09-23 08:09:17.185
2026-09-23 08:07:09,BSCI135,1101,Edgar Moctezuma,24,24,0,2026-09-23 08:09:17,2026-09-23 08:09:17.365
2026-09-23 08:07:09,BSCI135,1102,Edgar Moctezuma,24,24,0,2026-09-23 08:09:17,2026-09-23 08:09:17.365
2026-09-23 08:07:09,BSCI135,1103,Edgar Moctezuma,24,24,0,2026-09-23 08:09:17,2026-09-23 08:09:17.365
2026-09-23 08:07:09,BSCI135,1104,Edgar Moctezuma,24,24,0,2026-09-23 08:09:17,2026-09-23 08:09:17.365
2026-09-23 08:07:09,BSCI135,1105,Edgar Moctezuma,24,24,0,2026-09-23 08:09:17,2026-09-23 08:09:17.366
2026-09-23 08:07:09,BSCI160,6101,Leo Shapiro,104,104,0,2026-09-23 08:09:17,2026-09-23 08:09:17.537
2026-09-23 08:07:09,BSCI160,6301,Chloe Garfinkel,56,56,0,2026-09-23 08:09:17,2026-09-23 08:09:17.537
2026-09-23 08:07:09,BSCI160,6601,Vadim Karatayev,88,88,0,2026-09-23 08:09:17,2026-09-23 08:09:17.538
2026-09-23 08:07:09,BSCI160,SES1,Chloe Garfinkel,15,15,0,2026-09-23 08:09:17,2026-09-23 08:09:17.538
2026-09-23 08:07:09,BSCI170,0101,Cordelia Weiss,153,153,0,2026-09-23 08:09:17,2026-09-23 08:09:17.715
2026-09-23 08:07:09,BSCI170,0201,Nicholas Fletcher,153,153,0,2026-09-23 08:09:17,2026-09-23 08:09:17.715
2026-09-23 08:07:09,BSCI170,0301,Ricardo Araneda,152,152,0,2026-09-23 08:09:17,2026-09-23 08:09:17.715
2026-09-23 08:07:09,BSCI170,0401,Swarna Mohan,153,153,0,2026-09-23 08:09:17,2026-09-23 08:09:17.715
2026-09-23 08:07:09,BSCI170,0501,Ji Young Choi,120,120,0,2026-09-23 08:09:17,2026-09-23 08:09:17.716
2026-09-23 08:07:09,BSCI170,0701,Ji Young Choi,153,153,0,2026-09-23 08:09:17,2026-09-23 08:09:17.716
2026-09-23 08:07:09,BSCI170,SES1,James Sniezek,20,20,0,2026-09-23 08:09:17,2026-09-23 08:09:17.716
2026-09-23 08:07:09,BSCI180,8105,Hans Lemke,19,19,0,2026-09-23 08:09:17,2026-09-23 08:09:18.046
2026-09-23 08:07:09,BSCI180,8106,Hans Lemke,19,19,0,2026-09-23 08:09:17,2026-09-23 08:09:18.047
2026-09-23 08:07:09,BSCI180,8107,Hans Lemke,19,19,0,2026-09-23 08:09:17,2026-09-23 08:09:18.047
2026-09-23 08:07:09,BSCI180,8108,Hans Lemke,19,19,0,2026-09-23 08:09:17,2026-09-23 08:09:18.047
2026-09-23 08:07:09,BSCI180,8109,Hans Lemke,19,19,0,2026-09-23 08:09:17,2026-09-23 08:09:18.047
2026-09-23 08:07:09,BSCI180,8110,Hans Lemke,19,19,0,2026-09-23 08:09:17,2026-09-23 08:09:18.047
2026-09-23 08:07:09,BSCI180,8111,Hans Lemke,19,19,0,2026-09-23 08:09:17,2026-09-23 08:09:18.048
2026-09-23 08:07:09,BSCI180,8112,Hans Lemke,19,19,0,2026-09-23 08:09:17,2026-09-23 08:09:18.048
2026-09-23 08:07:09,BSCI180,8113,Hans Lemke,19,19,0,2026-09-23 08:09:17,2026-09-23 08:09:18.048
2026-09-23 08:07:09,BSCI180,8114,Hans Lemke,19,19,0,2026-09-23 08:09:17,2026-09-23 08:09:18.048
2026-09-23 08:07:09,BSCI180,8201,Hans Lemke,19,19,0,2026-09-23 08:09:17,2026-09-23 08:09:18.048
2026-09-23 08:07:09,BSCI180,8202,Hans Lemke,19,19,0,2026-09-23 08:09:17,2026-09-23 08:09:18.048
2026-09-23 08:07:09,BSCI180,8205,Hans Lemke,19,19,0,2026-09-23 08:09:17,2026-09-23 08:09:18.049
2026-09-23 08:07:09,BSCI180,8206,Hans Lemke,19,19,0,2026-09-23 08:09:17,2026-09-23 08:09:18.049
2026-09-23 08:07:09,BSCI180,8207,Hans Lemke,19,19,0,2026-09-23 08:09:17,2026-09-23 08:09:18.049
2026-09-23 08:07:09,BSCI180,8208,Hans Lemke,19,19,0,2026-09-23 08:09:17,2026-09-23 08:09:18.049
2026-09-23 08:07:09,BSCI180,8209,Hans Lemke,19,19,0,2026-09-23 08:09:17,2026-09-23 08:09:18.049
2026-09-23 08:07:09,BSCI180,8210,Hans Lemke,19,19,0,2026-09-23 08:09:17,2026-09-23 08:09:18.050
2026-09-23 08:07:09,BSCI180,8211,Hans Lemke,19,19,0,2026-09-23 08:09:17,2026-09-23 08:09:18.050
2026-09-23 08:07:09,BSCI180,8212,Hans Lemke,19,19,0,2026-09-23 08:09:17,2026-09-23 08:09:18.050
2026-09-23 08:07:09,BSCI180,8213,Hans Lemke,19,19,0,2026-09-23 08:09:17,2026-09-23 08:09:18.050
2026-09-23 08:07:09,BSCI180,8214,Hans Lemke,19,19,0,2026-09-23 08:09:17,2026-09-23 08:09:18.050
2026-09-23 08:07:09,BSCI180,8301,Hans Lemke,19,19,0,2026-09-23 08:09:17,2026-09-23 08:09:18.050
2026-09-23 08:07:09,BSCI180,8302,Hans Lemke,19,19,0,2026-09-23 08:09:17,2026-09-23 08:09:18.051
2026-09-23 08:07:09,BSCI180,8305,Hans Lemke,19,19,0,2026-09-23 08:09:17,2026-09-23 08:09:18.051
2026-09-23 08:07:09,BSCI180,8306,Hans Lemke,19,19,0,2026-09-23 08:09:17,2026-09-23 08:09:18.051
2026-09-23 08:07:09,BSCI180,8307,Hans Lemke,19,19,0,2026-09-23 08:09:17,2026-09-23 08:09:18.051
2026-09-23 08:07:09,BSCI180,8308,Hans Lemke,19,19,0,2026-09-23 08:09:17,2026-09-23 08:09:18.051
2026-09-23 08:07:09,BSCI180,8309,Hans Lemke,19,19,0,2026-09-23 08:09:17,2026-09-23 08:09:18.052
2026-09-23 08:07:09,BSCI180,8310,Hans Lemke,19,19,0,2026-09-23 08:09:17,2026-09-23 08:09:18.052
2026-09-23 08:07:09,BSCI180,8311,Hans Lemke,19,19,0,2026-09-23 08:09:17,2026-09-23 08:09:18.052
2026-09-23 08:07:09,BSCI180,8312,Hans Lemke,19,19,0,2026-09-23 08:09:17,2026-09-23 08:09:18.052
2026-09-23 08:07:09,BSCI180,8313,Hans Lemke,19,19,0,2026-09-23 08:09:17,2026-09-23 08:09:18.052
2026-09-23 08:07:09,BSCI180,8314,Hans Lemke,19,19,0,2026-09-23 08:09:17,2026-09-23 08:09:18.052
2026-09-23 08:07:09,BSCI180,8401,Hans Lemke,19,19,0,2026-09-23 08:09:17,2026-09-23 08:09:18.053
2026-09-23 08:07:09,BSCI180,8402,Hans Lemke,19,19,0,2026-09-23 08:09:17,2026-09-23 08:09:18.053
2026-09-23 08:07:09,BSCI180,8405,Hans Lemke,19,19,0,2026-09-23 08:09:17,2026-09-23 08:09:18.053
2026-09-23 08:07:09,BSCI180,8406,Hans Lemke,19,19,0,2026-09-23 08:09:17,2026-09-23 08:09:18.053
2026-09-23 08:07:09,BSCI180,8407,Hans Lemke,19,19,0,2026-09-23 08:09:17,2026-09-23 08:09:18.053
2026-09-23 08:07:09,BSCI180,8408,Hans Lemke,19,19,0,2026-09-23 08:09:17,2026-09-23 08:09:18.054
2026-09-23 08:07:09,BSCI180,8409,Hans Lemke,19,19,0,2026-09-23 08:09:17,2026-09-23 08:09:18.054
2026-09-23 08:07:09,BSCI180,8410,Hans Lemke,19,19,0,2026-09-23 08:09:17,2026-09-23 08:09:18.054
2026-09-23 08:07:09,BSCI180,8411,Hans Lemke,19,19,0,2026-09-23 08:09:17,2026-09-23 08:09:18.054
2026-09-23 08:07:09,BSCI180,8412,Hans Lemke,19,19,0,2026-09-23 08:09:17,2026-09-23 08:09:18.054
2026-09-23 08:07:09,BSCI180,8413,Hans Lemke,19,19,0,2026-09-23 08:09:17,2026-09-23 08:09:18.054
2026-09-23 08:07:09,BSCI180,8414,Hans Lemke,19,19,0,2026-09-23 08:09:17,2026-09-23 08:09:18.055
2026-09-23 08:07:09,BSCI180,SEF2,Hans Lemke,19,19,0,2026-09-23 08:09:17,2026-09-23 08:09:18.055
2026-09-23 08:07:09,BSCI180,SES1,Hans Lemke,19,19,0,2026-09-23 08:09:17,2026-09-23 08:09:18.055
2026-09-23 08:07:09,BSCI201,0101,Caitlin Fox,24,24,0,2026-09-23 08:09:18,2026-09-23 08:09:18.255
2026-09-23 08:07:09,BSCI201,0103,Caitlin Fox,24,24,0,2026-09-23 08:09:18,2026-09-23 08:09:18.255
2026-09-23 08:07:09,BSCI201,0105,Caitlin Fox,24,24,0,2026-09-23 08:09:18,2026-09-23 08:09:18.255
2026-09-23 08:07:09,BSCI201,0106,Caitlin Fox,24,24,0,2026-09-23 08:09:18,2026-09-23 08:09:18.255
2026-09-23 08:07:09,BSCI201,0107,Caitlin Fox,24,24,0,2026-09-23 08:09:18,2026-09-23 08:09:18.256
2026-09-23 08:07:09,BSCI201,0109,Caitlin Fox,24,24,0,2026-09-23 08:09:18,2026-09-23 08:09:18.256
2026-09-23 08:07:09,BSCI201,0110,Caitlin Fox,24,24,0,2026-09-23 08:09:18,2026-09-23 08:09:18.256
2026-09-23 08:07:09,BSCI201,0111,Caitlin Fox,24,24,0,2026-09-23 08:09:18,2026-09-23 08:09:18.256
2026-09-23 08:07:09,BSCI201,1101,Justicia Opoku-Edusei,24,24,0,2026-09-23 08:09:18,2026-09-23 08:09:18.256
2026-09-23 08:07:09,BSCI201,1103,Justicia Opoku-Edusei,24,24,0,2026-09-23 08:09:18,2026-09-23 08:09:18.257
2026-09-23 08:07:09,BSCI201,1104,Justicia Opoku-Edusei,24,24,0,2026-09-23 08:09:18,2026-09-23 08:09:18.257
2026-09-23 08:07:09,BSCI201,1105,Justicia Opoku-Edusei,24,24,0,2026-09-23 08:09:18,2026-09-23 08:09:18.257
2026-09-23 08:07:09,BSCI201,1106,Justicia Opoku-Edusei,24,24,0,2026-09-23 08:09:18,2026-09-23 08:09:18.257
2026-09-23 08:07:09,BSCI201,1108,Justicia Opoku-Edusei,24,24,0,2026-09-23 08:09:18,2026-09-23 08:09:18.257
2026-09-23 08:07:09,BSCI201,1109,Justicia Opoku-Edusei,24,24,0,2026-09-23 08:09:18,2026-09-23 08:09:18.258
2026-09-23 08:07:09,BSCI201,1110,Justicia Opoku-Edusei,24,24,0,2026-09-23 08:09:18,2026-09-23 08:09:18.258
2026-09-23 08:07:09,BSCI202,0101,Caitlin Fox,24,24,0,2026-09-23 08:09:18,2026-09-23 08:09:18.466
2026-09-23 08:07:09,BSCI202,0102,Caitlin Fox,24,24,0,2026-09-23 08:09:18,2026-09-23 08:09:18.466
2026-09-23 08:07:09,BSCI202,0104,Caitlin Fox,24,24,0,2026-09-23 08:09:18,2026-09-23 08:09:18.467
2026-09-23 08:07:09,BSCI202,0108,Caitlin Fox,24,24,0,2026-09-23 08:09:18,2026-09-23 08:09:18.467
2026-09-23 08:07:09,BSCI202,0109,Caitlin Fox,24,24,0,2026-09-23 08:09:18,2026-09-23 08:09:18.467
2026-09-23 08:07:09,BSCI202,0110,Caitlin Fox,24,24,0,2026-09-23 08:09:18,2026-09-23 08:09:18.467
2026-09-23 08:07:09,BSCI202,1101,Justicia Opoku-Edusei,24,24,0,2026-09-23 08:09:18,2026-09-23 08:09:18.467
2026-09-23 08:07:09,BSCI202,1103,Justicia Opoku-Edusei,24,24,0,2026-09-23 08:09:18,2026-09-23 08:09:18.468
2026-09-23 08:07:09,BSCI202,1104,Justicia Opoku-Edusei,24,24,0,2026-09-23 08:09:18,2026-09-23 08:09:18.468
2026-09-23 08:07:09,BSCI202,1106,Justicia Opoku-Edusei,24,24,0,2026-09-23 08:09:18,2026-09-23 08:09:18.468
2026-09-23 08:07:09,BSCI202,1107,Justicia Opoku-Edusei,24,24,0,2026-09-23 08:09:18,2026-09-23 08:09:18.468
2026-09-23 08:07:09,BSCI202,1108,Justicia Opoku-Edusei,24,24,0,2026-09-23 08:09:18,2026-09-23 08:09:18.468
2026-09-23 08:07:09,BSCI202,SES1,Edward Orlando,20,20,0,2026-09-23 08:09:18,2026-09-23 08:09:18.469
2026-09-23 08:07:09,BSCI207,0101,Karen Carleton,80,80,0,2026-09-23 08:09:18,2026-09-23 08:09:18.634
2026-09-23 08:07:09,BSCI207,0201,Chloe Garfinkel,80,80,0,2026-09-23 08:09:18,2026-09-23 08:09:18.634
2026-09-23 08:07:09,BSCI213,0101,Cordelia Weiss,20,20,0,2026-09-23 08:09:18,2026-09-23 08:09:18.805
2026-09-23 08:07:09,BSCI213,0102,Cordelia Weiss,20,20,0,2026-09-23 08:09:18,2026-09-23 08:09:18.806
2026-09-23 08:07:09,BSCI222,7106,Thomas Kocher,18,18,0,2026-09-23 08:09:18,2026-09-23 08:09:19.058
2026-09-23 08:07:09,BSCI222,7108,Thomas Kocher,18,18,0,2026-09-23 08:09:18,2026-09-23 08:09:19.058
2026-09-23 08:07:09,BSCI222,7110,Thomas Kocher,18,18,0,2026-09-23 08:09:18,2026-09-23 08:09:19.059
2026-09-23 08:07:09,BSCI222,7112,Thomas Kocher,18,18,0,2026-09-23 08:09:18,2026-09-23 08:09:19.059
2026-09-23 08:07:09,BSCI222,7114,Thomas Kocher,18,18,0,2026-09-23 08:09:18,2026-09-23 08:09:19.059
2026-09-23 08:07:09,BSCI222,7116,Thomas Kocher,18,18,0,2026-09-23 08:09:18,2026-09-23 08:09:19.059
2026-09-23 08:07:09,BSCI222,7118,Thomas Kocher,18,18,0,2026-09-23 08:09:18,2026-09-23 08:09:19.059
2026-09-23 08:07:09,BSCI222,7120,Thomas Kocher,18,18,0,2026-09-23 08:09:18,2026-09-23 08:09:19.060
2026-09-23 08:07:09,BSCI222,7130,Thomas Kocher,18,18,0,2026-09-23 08:09:18,2026-09-23 08:09:19.060
2026-09-23 08:07:09,BSCI222,7133,Thomas Kocher,18,18,0,2026-09-23 08:09:18,2026-09-23 08:09:19.060
2026-09-23 08:07:09,BSCI222,7214,Michael Keller,18,18,0,2026-09-23 08:09:18,2026-09-23 08:09:19.060
2026-09-23 08:07:09,BSCI222,7216,Michael Keller,18,18,0,2026-09-23 08:09:18,2026-09-23 08:09:19.060
2026-09-23 08:07:09,BSCI222,7218,Michael Keller,18,18,0,2026-09-23 08:09:18,2026-09-23 08:09:19.060
2026-09-23 08:07:09,BSCI222,7219,Michael Keller,18,18,0,2026-09-23 08:09:18,2026-09-23 08:09:19.061
2026-09-23 08:07:09,BSCI222,7220,Michael Keller,18,18,0,2026-09-23 08:09:18,2026-09-23 08:09:19.061
2026-09-23 08:07:09,BSCI222,7221,Michael Keller,18,18,0,2026-09-23 08:09:18,2026-09-23 08:09:19.061
2026-09-23 08:07:09,BSCI222,7222,Michael Keller,18,18,0,2026-09-23 08:09:18,2026-09-23 08:09:19.061
2026-09-23 08:07:09,BSCI222,7224,Michael Keller,18,18,0,2026-09-23 08:09:18,2026-09-23 08:09:19.061
2026-09-23 08:07:09,BSCI222,7226,Michael Keller,18,18,0,2026-09-23 08:09:18,2026-09-23 08:09:19.062
2026-09-23 08:07:09,BSCI222,7232,Michael Keller,18,18,0,2026-09-23 08:09:18,2026-09-23 08:09:19.062
2026-09-23 08:07:09,BSCI222,7234,Michael Keller,18,18,0,2026-09-23 08:09:18,2026-09-23 08:09:19.062
2026-09-23 08:07:09,BSCI222,7236,Michael Keller,18,18,0,2026-09-23 08:09:18,2026-09-23 08:09:19.062
2026-09-23 08:07:09,BSCI222,7310,Maria Colt,18,18,0,2026-09-23 08:09:18,2026-09-23 08:09:19.062
2026-09-23 08:07:09,BSCI222,7311,Maria Colt,18,18,0,2026-09-23 08:09:18,2026-09-23 08:09:19.062
2026-09-23 08:07:09,BSCI222,7312,Maria Colt,18,18,0,2026-09-23 08:09:18,2026-09-23 08:09:19.063
2026-09-23 08:07:09,BSCI222,7313,Maria Colt,18,18,0,2026-09-23 08:09:18,2026-09-23 08:09:19.063
2026-09-23 08:07:09,BSCI222,7315,Maria Colt,18,18,0,2026-09-23 08:09:18,2026-09-23 08:09:19.063
2026-09-23 08:07:09,BSCI222,7320,Maria Colt,18,18,0,2026-09-23 08:09:18,2026-09-23 08:09:19.063
2026-09-23 08:07:09,BSCI222,7325,Maria Colt,18,18,0,2026-09-23 08:09:18,2026-09-23 08:09:19.063
2026-09-23 08:07:09,BSCI222,7330,Maria Colt,18,18,0,2026-09-23 08:09:18,2026-09-23 08:09:19.064
2026-09-23 08:07:09,BSCI222,7332,Maria Colt,18,18,0,2026-09-23 08:09:18,2026-09-23 08:09:19.064
2026-09-23 08:07:09,BSCI222,7335,Maria Colt,18,18,0,2026-09-23 08:09:18,2026-09-23 08:09:19.064
2026-09-23 08:07:09,BSCI222,SES1,Maria Colt,23,23,0,2026-09-23 08:09:18,2026-09-23 08:09:19.064
2026-09-23 08:07:09,BSCI223,1021,John Buchner,16,16,0,2026-09-23 08:09:19,2026-09-23 08:09:19.281
2026-09-23 08:07:09,BSCI223,1025,John Buchner,16,16,0,2026-09-23 08:09:19,2026-09-23 08:09:19.281
2026-09-23 08:07:09,BSCI223,1026,John Buchner,16,16,0,2026-09-23 08:09:19,2026-09-23 08:09:19.281
2026-09-23 08:07:09,BSCI223,1101,John Buchner,16,16,0,2026-09-23 08:09:19,2026-09-23 08:09:19.281
2026-09-23 08:07:09,BSCI223,1105,John Buchner,16,16,0,2026-09-23 08:09:19,2026-09-23 08:09:19.281
2026-09-23 08:07:09,BSCI223,1106,John Buchner,16,16,0,2026-09-23 08:09:19,2026-09-23 08:09:19.282
2026-09-23 08:07:09,BSCI223,1121,John Buchner,16,16,0,2026-09-23 08:09:19,2026-09-23 08:09:19.282
2026-09-23 08:07:09,BSCI223,1125,John Buchner,16,16,0,2026-09-23 08:09:19,2026-09-23 08:09:19.282
2026-09-23 08:07:09,BSCI223,1126,John Buchner,16,16,0,2026-09-23 08:09:19,2026-09-23 08:09:19.282
2026-09-23 08:07:09,BSCI223,1201,John Buchner,16,16,0,2026-09-23 08:09:19,2026-09-23 08:09:19.282
2026-09-23 08:07:09,BSCI223,1206,John Buchner,16,16,0,2026-09-23 08:09:19,2026-09-23 08:09:19.282
2026-09-23 08:07:09,BSCI223,1221,John Buchner,16,16,0,2026-09-23 08:09:19,2026-09-23 08:09:19.283
2026-09-23 08:07:09,BSCI223,1225,John Buchner,16,16,0,2026-09-23 08:09:19,2026-09-23 08:09:19.283
2026-09-23 08:07:09,BSCI223,1226,John Buchner,16,16,0,2026-09-23 08:09:19,2026-09-23 08:09:19.283
2026-09-23 08:07:09,BSCI223,1301,John Buchner,16,16,0,2026-09-23 08:09:19,2026-09-23 08:09:19.283
2026-09-23 08:07:09,BSCI223,1306,John Buchner,16,16,0,2026-09-23 08:09:19,2026-09-23 08:09:19.283
2026-09-23 08:07:09,BSCI223,2401,John Buchner,16,16,0,2026-09-23 08:09:19,2026-09-23 08:09:19.284
2026-09-23 08:07:09,BSCI223,2406,John Buchner,16,16,0,2026-09-23 08:09:19,2026-09-23 08:09:19.284
2026-09-23 08:07:09,BSCI223,SES1,Cherisse Hall,20,20,0,2026-09-23 08:09:19,2026-09-23 08:09:19.284
2026-09-23 08:07:09,BSCI238I,0101,Aditri Gadigi,30,30,0,2026-09-23 08:09:19,2026-09-23 08:09:19.450
2026-09-23 08:07:09,BSCI258A,0101,Erin Thomson,10,10,0,2026-09-23 08:09:19,2026-09-23 08:09:19.618
2026-09-23 08:07:09,BSCI258B,0101,Erin Thomson,80,80,0,2026-09-23 08:09:19,2026-09-23 08:09:19.783
2026-09-23 08:07:09,BSCI279B,0101,Katerina Thompson,32,32,0,2026-09-23 08:09:20,2026-09-23 08:09:20.110
2026-09-23 08:07:09,BSCI279B,0102,Katerina Thompson,32,32,0,2026-09-23 08:09:20,2026-09-23 08:09:20.110
2026-09-23 08:07:09,BSCI279Q,0101,Daniel Butts,10,10,0,2026-09-23 08:09:20,2026-09-23 08:09:20.486
2026-09-23 08:07:09,BSCI283,1205,Daniel Stein,20,20,0,2026-09-23 08:09:29,2026-09-23 08:09:29.397
2026-09-23 08:07:09,BSCI283,1305,Daniel Stein,20,20,0,2026-09-23 08:09:29,2026-09-23 08:09:29.398
2026-09-23 08:07:09,BSCI329,1016,Hilary Bierman,5,5,0,2026-09-23 08:09:29,2026-09-23 08:09:29.577
2026-09-23 08:07:09,BSCI329,1028,Daniel Butts,10,10,0,2026-09-23 08:09:29,2026-09-23 08:09:29.577
2026-09-23 08:07:09,BSCI329,1033,Chan Lin,10,10,0,2026-09-23 08:09:29,2026-09-23 08:09:29.578
2026-09-23 08:07:09,BSCI329,1250,Justicia Opoku-Edusei,20,20,0,2026-09-23 08:09:29,2026-09-23 08:09:29.578
2026-09-23 08:07:09,BSCI329,1388,Corine Van der Weele,8,8,0,2026-09-23 08:09:29,2026-09-23 08:09:29.578
2026-09-23 08:07:09,BSCI329,ESG1,Hadiya Woodham,10,10,0,2026-09-23 08:09:29,2026-09-23 08:09:29.578
2026-09-23 08:07:09,BSCI331,0101,Kenneth Frauwirth,200,200,0,2026-09-23 08:09:29,2026-09-23 08:09:29.747
2026-09-23 08:07:09,BSCI331,0201,Kenneth Frauwirth,200,200,0,2026-09-23 08:09:29,2026-09-23 08:09:29.747
2026-09-23 08:07:09,BSCI332,0102,Corine Van der Weele,23,23,0,2026-09-23 08:09:29,2026-09-23 08:09:29.933
2026-09-23 08:07:09,BSCI332,0104,Corine Van der Weele,23,23,0,2026-09-23 08:09:29,2026-09-23 08:09:29.933
2026-09-23 08:07:09,BSCI332,0106,Corine Van der Weele,23,23,0,2026-09-23 08:09:29,2026-09-23 08:09:29.933
2026-09-23 08:07:09,BSCI332,0107,Corine Van der Weele,23,23,0,2026-09-23 08:09:29,2026-09-23 08:09:29.933
2026-09-23 08:07:09,BSCI332,0111,Corine Van der Weele,23,23,0,2026-09-23 08:09:29,2026-09-23 08:09:29.933
2026-09-23 08:07:09,BSCI332,1103,Corine Van der Weele,23,23,0,2026-09-23 08:09:29,2026-09-23 08:09:29.934
2026-09-23 08:07:09,BSCI332,1105,Corine Van der Weele,23,23,0,2026-09-23 08:09:29,2026-09-23 08:09:29.934
2026-09-23 08:07:09,BSCI332,1108,Corine Van der Weele,23,23,0,2026-09-23 08:09:29,2026-09-23 08:09:29.934
2026-09-23 08:07:09,BSCI332,1109,Corine Van der Weele,23,23,0,2026-09-23 08:09:29,2026-09-23 08:09:29.934
2026-09-23 08:07:09,BSCI332,1111,Corine Van der Weele,23,23,0,2026-09-23 08:09:29,2026-09-23 08:09:29.934
2026-09-23 08:07:09,BSCI332,1113,Corine Van der Weele,23,23,0,2026-09-23 08:09:29,2026-09-23 08:09:29.935
2026-09-23 08:07:09,BSCI334,0101,Katerina Thompson,60,60,0,2026-09-23 08:09:30,2026-09-23 08:09:30.102
2026-09-23 08:07:09,BSCI335,0101,Katerina Thompson,20,20,0,2026-09-23 08:09:30,2026-09-23 08:09:30.273
2026-09-23 08:07:09,BSCI335,0102,Katerina Thompson,20,20,0,2026-09-23 08:09:30,2026-09-23 08:09:30.273
2026-09-23 08:07:09,BSCI337,0101,Leo Shapiro,20,20,0,2026-09-23 08:09:30,2026-09-23 08:09:30.476
2026-09-23 08:07:09,BSCI337,0102,Leo Shapiro,20,20,0,2026-09-23 08:09:30,2026-09-23 08:09:30.476
2026-09-23 08:07:09,BSCI343,ESG1,Hadiya Woodham,30,30,0,2026-09-23 08:09:30,2026-09-23 08:09:30.811
2026-09-23 08:07:09,BSCI348A,0101,John Buchner,22,22,0,2026-09-23 08:09:31,2026-09-23 08:09:31.201
2026-09-23 08:07:09,BSCI348B,SES1,Erik Lontok,20,20,0,2026-09-23 08:09:31,2026-09-23 08:09:31.371
2026-09-23 08:07:09,BSCI348I,SES1,Erik Lontok,25,25,0,2026-09-23 08:09:31,2026-09-23 08:09:31.535
2026-09-23 08:07:09,BSCI348R,0101,Najib El-Sayed,10,10,0,2026-09-23 08:09:31,2026-09-23 08:09:31.700
2026-09-23 08:07:09,BSCI353,0101,Chan Lin,64,64,0,2026-09-23 08:09:31,2026-09-23 08:09:31.867
2026-09-23 08:07:09,BSCI353,0102,Melissa Caras,40,40,0,2026-09-23 08:09:31,2026-09-23 08:09:31.867
2026-09-23 08:07:09,BSCI353,ESG1,Vitaly Stepensky,40,40,0,2026-09-23 08:09:31,2026-09-23 08:09:31.867
2026-09-23 08:07:09,BSCI358A,ESG1,Vitaly Stepensky,30,30,0,2026-09-23 08:09:32,2026-09-23 08:09:32.037
2026-09-23 08:07:09,BSCI358B,ESG1,Gregory Simon,30,30,0,2026-09-23 08:09:32,2026-09-23 08:09:32.206
2026-09-23 08:07:09,BSCI361,0101,Daniel Gruner,25,25,0,2026-09-23 08:09:32,2026-09-23 08:09:32.372
2026-09-23 08:07:09,BSCI361,0102,Daniel Gruner,25,25,0,2026-09-23 08:09:32,2026-09-23 08:09:32.372
2026-09-23 08:07:09,BSCI370,0101,Alexandra Bely,64,64,0,2026-09-23 08:09:32,2026-09-23 08:09:32.534
2026-09-23 08:07:09,BSCI378H,0101,Kenneth Frauwirth,23,23,0,2026-09-23 08:09:32,2026-09-23 08:09:32.700
2026-09-23 08:07:09,BSCI398H,0101,Alexandra Bely,35,35,0,2026-09-23 08:09:33,2026-09-23 08:09:33.828
2026-09-23 08:07:09,BSCI401,0101,Gerald Wilkinson,39,39,0,2026-09-23 08:09:34,2026-09-23 08:09:34.479
2026-09-23 08:07:09,BSCI406,0101,Sergei Sukharev,20,20,0,2026-09-23 08:09:34,2026-09-23 08:09:34.639
2026-09-23 08:07:09,BSCI410,0101,Charles Seller,140,140,0,2026-09-23 08:09:34,2026-09-23 08:09:34.806
2026-09-23 08:07:09,BSCI412,0101,Wade Winkler,18,18,0,2026-09-23 08:09:34,2026-09-23 08:09:34.977
2026-09-23 08:07:09,BSCI412,0103,Wade Winkler,18,18,0,2026-09-23 08:09:34,2026-09-23 08:09:34.978
2026-09-23 08:07:09,BSCI414,ESG1,Caitlin Fox,24,24,0,2026-09-23 08:09:35,2026-09-23 08:09:35.151
2026-09-23 08:07:09,BSCI416,0101,Silvia Bolland,42,42,0,2026-09-23 08:09:35,2026-09-23 08:09:35.315
2026-09-23 08:07:09,BSCI417,0101,Vincent Lee,30,30,0,2026-09-23 08:09:35,2026-09-23 08:09:35.482
2026-09-23 08:07:09,BSCI420,0101,Sougata Roy,62,62,0,2026-09-23 08:09:35,2026-09-23 08:09:35.666
2026-09-23 08:07:09,BSCI422,0101,David Mosser,25,25,0,2026-09-23 08:09:35,2026-09-23 08:09:35.843
2026-09-23 08:07:09,BSCI422,0102,David Mosser,25,25,0,2026-09-23 08:09:35,2026-09-23 08:09:35.843
2026-09-23 08:07:09,BSCI422,0103,David Mosser,25,25,0,2026-09-23 08:09:35,2026-09-23 08:09:35.843
2026-09-23 08:07:09,BSCI422,0104,David Mosser,25,25,0,2026-09-23 08:09:35,2026-09-23 08:09:35.844
2026-09-23 08:07:09,BSCI423,0101,Wenxia Song,18,18,0,2026-09-23 08:09:36,2026-09-23 08:09:36.017
2026-09-23 08:07:09,BSCI423,0102,Wenxia Song,18,18,0,2026-09-23 08:09:36,2026-09-23 08:09:36.017
2026-09-23 08:07:09,BSCI425,0101,Kan Cao,20,20,0,2026-09-23 08:09:36,2026-09-23 08:09:36.180
2026-09-23 08:07:09,BSCI430,0101,Eric Haag,35,35,0,2026-09-23 08:09:36,2026-09-23 08:09:36.348
2026-09-23 08:07:09,BSCI433,0101,Jeff Maltas,30,30,0,2026-09-23 08:09:36,2026-09-23 08:09:36.522
2026-09-23 08:07:09,BSCI435,0101,Joshua Weitz,18,18,0,2026-09-23 08:09:36,2026-09-23 08:09:36.691
2026-09-23 08:07:09,BSCI436,0101,Jonathan Dinman,60,60,0,2026-09-23 08:09:36,2026-09-23 08:09:36.858
2026-09-23 08:07:09,BSCI437,0101,Jeffrey DeStefano,70,70,0,2026-09-23 08:09:37,2026-09-23 08:09:37.030
2026-09-23 08:07:09,BSCI437,ESG1,Gilad Ofek,40,40,0,2026-09-23 08:09:37,2026-09-23 08:09:37.030
2026-09-23 08:07:09,BSCI437H,0101,Jeffrey DeStefano,8,8,0,2026-09-23 08:09:37,2026-09-23 08:09:37.198
2026-09-23 08:07:09,BSCI439B,ESG1,Maira Goytia,40,40,0,2026-09-23 08:09:37,2026-09-23 08:09:37.367
2026-09-23 08:07:09,BSCI439E,0101,Beatrice Kondo,5,5,0,2026-09-23 08:09:37,2026-09-23 08:09:37.533
2026-09-23 08:07:09,BSCI439G,0101,Beatrice Kondo,5,5,0,2026-09-23 08:09:37,2026-09-23 08:09:37.697
2026-09-23 08:07:09,BSCI439L,0101,Instructor: TBA,5,5,0,2026-09-23 08:09:37,2026-09-23 08:09:37.860
2026-09-23 08:07:09,BSCI442,0101,Jose Feijo,20,20,0,2026-09-23 08:09:38,2026-09-23 08:09:38.032
2026-09-23 08:07:09,BSCI442,0102,Jose Feijo,20,20,0,2026-09-23 08:09:38,2026-09-23 08:09:38.033
2026-09-23 08:07:09,BSCI450,0101,Juan Angueyra,130,130,0,2026-09-23 08:09:38,2026-09-23 08:09:38.208
2026-09-23 08:07:09,BSCI450,0201,Joshua Singer,120,120,0,2026-09-23 08:09:38,2026-09-23 08:09:38.209
2026-09-23 08:07:09,BSCI450,PDS1,William Higgins,20,20,0,2026-09-23 08:09:38,2026-09-23 08:09:38.209
2026-09-23 08:07:09,BSCI451,0101,Corine Van der Weele,20,20,0,2026-09-23 08:09:38,2026-09-23 08:09:38.377
2026-09-23 08:07:09,BSCI451,0102,Corine Van der Weele,20,20,0,2026-09-23 08:09:38,2026-09-23 08:09:38.377
2026-09-23 08:07:09,BSCI451,0103,Corine Van der Weele,20,20,0,2026-09-23 08:09:38,2026-09-23 08:09:38.377
2026-09-23 08:07:09,BSCI451,0104,Corine Van der Weele,20,20,0,2026-09-23 08:09:38,2026-09-23 08:09:38.377
2026-09-23 08:07:09,BSCI452,0101,Chan Lin,40,40,0,2026-09-23 08:09:38,2026-09-23 08:09:38.545
2026-09-23 08:07:09,BSCI452,SES1,Chan Lin,20,20,0,2026-09-23 08:09:38,2026-09-23 08:09:38.546
2026-09-23 08:07:09,BSCI453,0101,Nikolas Francis,38,38,0,2026-09-23 08:09:38,2026-09-23 08:09:38.713
2026-09-23 08:07:09,BSCI455,0101,Hilary Bierman,16,16,0,2026-09-23 08:09:38,2026-09-23 08:09:38.886
2026-09-23 08:07:09,BSCI455,0102,Hilary Bierman,16,16,0,2026-09-23 08:09:38,2026-09-23 08:09:38.886
2026-09-23 08:07:09,BSCI455,0103,Hilary Bierman,16,16,0,2026-09-23 08:09:38,2026-09-23 08:09:38.886
2026-09-23 08:07:09,BSCI456,0101,Colenso Speer,5,5,0,2026-09-23 08:09:39,2026-09-23 08:09:39.052
2026-09-23 08:07:09,BSCI477,0101,Emily Bruns,40,40,0,2026-09-23 08:09:39,2026-09-23 08:09:39.216
2026-09-23 08:07:09,BSCI487,0101,Kelly Hamby,24,24,0,2026-09-23 08:09:39,2026-09-23 08:09:39.383
2026-09-23 08:07:09,BSOS355,0101,Liza Lebrun,40,40,0,2026-09-23 08:09:40,2026-09-23 08:09:40.689
2026-09-23 08:07:09,BSOS361,0101,TC Lloyd,30,30,0,2026-09-23 08:09:40,2026-09-23 08:09:40.858
2026-09-23 08:07:09,BSOS361,0102,TC Lloyd,30,30,0,2026-09-23 08:09:40,2026-09-23 08:09:40.858
2026-09-23 08:07:09,BSOS448M,0101,Brandee Pettus,12,12,0,2026-09-23 08:09:41,2026-09-23 08:09:41.025
2026-09-23 08:07:09,BUMO600,0501,Sheetal Singh,52,52,0,2026-09-23 08:09:55,2026-09-23 08:09:55.020
2026-09-23 08:07:09,BUMO604,0501,Jon Crocker,0,0,0,2026-09-23 08:09:55,2026-09-23 08:09:55.184
2026-09-23 08:07:09,BUMO614,0501,Waverly Ding,58,58,0,2026-09-23 08:09:55,2026-09-23 08:09:55.347
2026-09-23 08:07:09,BUMO701,0501,Jason Choi,65,65,0,2026-09-23 08:09:55,2026-09-23 08:09:55.513
2026-09-23 08:07:09,BUMO703,0501,Mary Beth Furst,65,65,0,2026-09-23 08:09:55,2026-09-23 08:09:55.689
2026-09-23 08:07:09,BUMO711,0501,Sheetal Singh,65,65,0,2026-09-23 08:09:55,2026-09-23 08:09:55.857
2026-09-23 08:07:09,BUMO714,0501,Rellie Rozin,0,0,0,2026-09-23 08:09:56,2026-09-23 08:09:56.022
2026-09-23 08:07:09,BUMO723,0501,Stephen Sclafani,58,58,0,2026-09-23 08:09:56,2026-09-23 08:09:56.188
2026-09-23 08:07:09,BUMO724,0501,Stephen Sclafani,58,58,0,2026-09-23 08:09:56,2026-09-23 08:09:56.353
2026-09-23 08:07:09,BUMO726,0501,Stephen Sclafani,58,58,0,2026-09-23 08:09:56,2026-09-23 08:09:56.515
2026-09-23 08:07:09,BUMO731,0501,Balaji Padmanabhan,58,58,0,2026-09-23 08:09:56,2026-09-23 08:09:56.684
2026-09-23 08:07:09,BUMO733,0501,Balaji Padmanabhan,58,58,0,2026-09-23 08:09:56,2026-09-23 08:09:56.849
2026-09-23 08:07:09,BUMO758P,0501,Jon Crocker,37,37,0,2026-09-23 08:09:57,2026-09-23 08:09:57.015
2026-09-23 08:07:09,BUMO780,0501,Jennifer Marr,37,37,0,2026-09-23 08:09:57,2026-09-23 08:09:57.347
2026-09-23 08:07:09,BUMO780,0502,Jennifer Marr,37,37,0,2026-09-23 08:09:57,2026-09-23 08:09:57.347
2026-09-23 08:07:09,BUMO782,0501,Mike Hoffmeyer,40,40,0,2026-09-23 08:09:57,2026-09-23 08:09:57.513
2026-09-23 08:07:09,BUMO785,0501,Maria Bustamante,65,65,0,2026-09-23 08:09:57,2026-09-23 08:09:57.679
2026-09-23 08:07:09,BUMO790,0501,Roy Thomason,65,65,0,2026-09-23 08:09:57,2026-09-23 08:09:57.844
2026-09-23 08:07:09,BUMO790,0502,Roy Thomason,65,65,0,2026-09-23 08:09:57,2026-09-23 08:09:57.844
2026-09-23 08:07:09,BUMO791,0501,Roy Thomason,65,65,0,2026-09-23 08:09:58,2026-09-23 08:09:58.014
2026-09-23 08:07:09,BUMO791,0502,Roy Thomason,65,65,0,2026-09-23 08:09:58,2026-09-23 08:09:58.014
2026-09-23 08:07:09,CHIN100,0101,Yuli Wang,15,15,0,2026-09-23 08:10:27,2026-09-23 08:10:27.612
2026-09-23 08:07:09,CHIN121,0101,Mei Kong,15,15,0,2026-09-23 08:10:27,2026-09-23 08:10:27.778
2026-09-23 08:07:09,CHIN122,0101,Mei Kong,15,15,0,2026-09-23 08:10:27,2026-09-23 08:10:27.949
2026-09-23 08:07:09,CHIN122,0201,Mei Kong,15,15,0,2026-09-23 08:10:27,2026-09-23 08:10:27.949
2026-09-23 08:07:09,CHIN122,0301,Guiling Hu,15,15,0,2026-09-23 08:10:27,2026-09-23 08:10:27.949
2026-09-23 08:07:09,CHIN207,0101,Guiling Hu,15,15,0,2026-09-23 08:10:28,2026-09-23 08:10:28.119
2026-09-23 08:07:09,CHIN207,0201,Guiling Hu,15,15,0,2026-09-23 08:10:28,2026-09-23 08:10:28.119
2026-09-23 08:07:09,CHIN302,0101,Jungjung Lee,15,15,0,2026-09-23 08:10:28,2026-09-23 08:10:28.293
2026-09-23 08:07:09,CHIN302,0201,Jungjung Lee,15,15,0,2026-09-23 08:10:28,2026-09-23 08:10:28.293
2026-09-23 08:07:09,CHIN307,0101,Minglang Zhou,25,25,0,2026-09-23 08:10:28,2026-09-23 08:10:28.460
2026-09-23 08:07:09,CHIN315,0101,Mei Nan,25,25,0,2026-09-23 08:10:28,2026-09-23 08:10:28.623
2026-09-23 08:07:09,CHIN332,0101,Yuli Wang,15,15,0,2026-09-23 08:10:28,2026-09-23 08:10:28.787
2026-09-23 08:07:09,CHIN402,0101,Jungjung Lee,15,15,0,2026-09-23 08:10:29,2026-09-23 08:10:29.116
2026-09-23 08:07:09,CHIN415,0101,Jungjung Lee,15,15,0,2026-09-23 08:10:29,2026-09-23 08:10:29.284
2026-09-23 08:07:09,CHIN418O,0101,Mei Nan,25,25,0,2026-09-23 08:10:29,2026-09-23 08:10:29.447
2026-09-23 08:07:09,CHIN441,0101,Andrew Schonebaum,20,20,0,2026-09-23 08:10:29,2026-09-23 08:10:29.613
2026-09-23 08:07:09,CHSE205,0101,Yewon Lee,60,60,0,2026-09-23 08:10:32,2026-09-23 08:10:32.822
2026-09-23 08:07:09,CHSE205,0201,Katryna Andrusik,50,50,0,2026-09-23 08:10:32,2026-09-23 08:10:32.822
2026-09-23 08:07:09,CHSE228D,0101,Nikita Kimani,16,16,0,2026-09-23 08:10:32,2026-09-23 08:10:32.992
2026-09-23 08:07:09,CHSE376,0101,Michael Dunham,20,20,0,2026-09-23 08:10:33,2026-09-23 08:10:33.163
2026-09-23 08:07:09,CHSE376,0201,Elizabeth Martinez,20,20,0,2026-09-23 08:10:33,2026-09-23 08:10:33.163
2026-09-23 08:07:09,CHSE376,0301,Colleen McGilpin,20,20,0,2026-09-23 08:10:33,2026-09-23 08:10:33.163
2026-09-23 08:07:09,CHSE376,0401,Chanai Brewster,15,15,0,2026-09-23 08:10:33,2026-09-23 08:10:33.163
2026-09-23 08:07:09,CHSE376,0501,Michael Dunham,15,15,0,2026-09-23 08:10:33,2026-09-23 08:10:33.163
2026-09-23 08:07:09,CHSE476,0101,Michael Dunham,20,20,0,2026-09-23 08:10:33,2026-09-23 08:10:33.489
2026-09-23 08:07:09,CHSE477,0101,Michael Dunham,18,18,0,2026-09-23 08:10:33,2026-09-23 08:10:33.652
2026-09-23 08:07:09,CHSE480,0101,Michael Dunham,18,18,0,2026-09-23 08:10:33,2026-09-23 08:10:33.817
2026-09-23 08:07:09,CHSE489,1901,Amy D'Agati,10,10,0,2026-09-23 08:10:33,2026-09-23 08:10:33.984
2026-09-23 08:07:09,CINE245,0201,Instructor: TBA,27,27,0,2026-09-23 08:10:35,2026-09-23 08:10:35.496
2026-09-23 08:07:09,CINE245,0301,Instructor: TBA,27,27,0,2026-09-23 08:10:35,2026-09-23 08:10:35.496
2026-09-23 08:07:09,CINE280,0101,Eric Zakim,25,25,0,2026-09-23 08:10:35,2026-09-23 08:10:35.672
2026-09-23 08:07:09,CINE280,0102,Eric Zakim,25,25,0,2026-09-23 08:10:35,2026-09-23 08:10:35.672
2026-09-23 08:07:09,CINE280,0103,Eric Zakim,25,25,0,2026-09-23 08:10:35,2026-09-23 08:10:35.672
2026-09-23 08:07:09,CINE280,0104,Eric Zakim,25,25,0,2026-09-23 08:10:35,2026-09-23 08:10:35.673
2026-09-23 08:07:09,CINE282,0101,Susan Pramschufer,35,35,0,2026-09-23 08:10:35,2026-09-23 08:10:35.841
2026-09-23 08:07:09,CINE298B,0101,Sean Pue,20,20,0,2026-09-23 08:10:36,2026-09-23 08:10:36.010
2026-09-23 08:07:09,CINE302,0101,Luka Arsenjuk,30,30,0,2026-09-23 08:10:36,2026-09-23 08:10:36.173
2026-09-23 08:07:09,CINE310,0101,Nathaniel Stevens,15,15,0,2026-09-23 08:10:36,2026-09-23 08:10:36.343
2026-09-23 08:07:09,CINE319A,0101,Instructor: TBA,20,20,0,2026-09-23 08:10:36,2026-09-23 08:10:36.511
2026-09-23 08:07:09,CINE319I,0101,Yael Inbar,15,15,0,2026-09-23 08:10:36,2026-09-23 08:10:36.678
2026-09-23 08:07:09,CINE319P,5501,Samuel Crawford,10,10,0,2026-09-23 08:10:36,2026-09-23 08:10:36.841
2026-09-23 08:07:09,CINE329E,0101,Elizabeth Papazian,25,25,0,2026-09-23 08:10:37,2026-09-23 08:10:37.011
2026-09-23 08:07:09,CINE329N,0101,Daniel Richter,25,25,0,2026-09-23 08:10:37,2026-09-23 08:10:37.177
2026-09-23 08:07:09,CINE329Z,0101,Daniel Richter,25,25,0,2026-09-23 08:10:37,2026-09-23 08:10:37.343
2026-09-23 08:07:09,CINE335,0101,Jason Kuo,25,25,0,2026-09-23 08:10:37,2026-09-23 08:10:37.511
2026-09-23 08:07:09,CINE369C,0101,Mauro Resmini,40,40,0,2026-09-23 08:10:37,2026-09-23 08:10:37.682
2026-09-23 08:07:09,CINE369F,0101,Alexis Lothian,30,30,0,2026-09-23 08:10:37,2026-09-23 08:10:37.848
2026-09-23 08:07:09,CINE369K,0101,Instructor: TBA,20,20,0,2026-09-23 08:10:38,2026-09-23 08:10:38.012
2026-09-23 08:07:09,CINE376,0101,Ross Angelella,14,14,0,2026-09-23 08:10:38,2026-09-23 08:10:38.179
2026-09-23 08:07:09,CINE376,0102,Ross Angelella,5,5,0,2026-09-23 08:10:38,2026-09-23 08:10:38.179
2026-09-23 08:07:09,CINE419E,0101,Stephanie Sapienza,15,15,0,2026-09-23 08:10:38,2026-09-23 08:10:38.504
2026-09-23 08:07:09,CINE429O,0101,Mei Nan,25,25,0,2026-09-23 08:10:38,2026-09-23 08:10:38.669
2026-09-23 08:07:09,CINE459C,0101,Saverio Giovacchini,54,54,0,2026-09-23 08:10:38,2026-09-23 08:10:38.833
2026-09-23 08:07:09,CINE469Y,0101,Jason Kuo,14,14,0,2026-09-23 08:10:38,2026-09-23 08:10:38.997
2026-09-23 08:07:09,CLAS170,0101,Katherine Wasdin,21,21,0,2026-09-23 08:10:40,2026-09-23 08:10:40.456
2026-09-23 08:07:09,CLAS170,0102,Katherine Wasdin,21,21,0,2026-09-23 08:10:40,2026-09-23 08:10:40.456
2026-09-23 08:07:09,CLAS170,0103,Katherine Wasdin,21,21,0,2026-09-23 08:10:40,2026-09-23 08:10:40.457
2026-09-23 08:07:09,CLAS170,0104,Katherine Wasdin,21,21,0,2026-09-23 08:10:40,2026-09-23 08:10:40.457
2026-09-23 08:07:09,CLAS170,0105,Katherine Wasdin,21,21,0,2026-09-23 08:10:40,2026-09-23 08:10:40.457
2026-09-23 08:07:09,CLAS170,0106,Katherine Wasdin,21,21,0,2026-09-23 08:10:40,2026-09-23 08:10:40.457
2026-09-23 08:07:09,CLAS170,0107,Katherine Wasdin,21,21,0,2026-09-23 08:10:40,2026-09-23 08:10:40.457
2026-09-23 08:07:09,CLAS170,0108,Katherine Wasdin,21,21,0,2026-09-23 08:10:40,2026-09-23 08:10:40.458
2026-09-23 08:07:09,CLAS170,0109,Katherine Wasdin,21,21,0,2026-09-23 08:10:40,2026-09-23 08:10:40.458
2026-09-23 08:07:09,CLAS276,0101,Eric Adler,25,25,0,2026-09-23 08:10:40,2026-09-23 08:10:40.642
2026-09-23 08:07:09,CLAS276,0102,Eric Adler,25,25,0,2026-09-23 08:10:40,2026-09-23 08:10:40.642
2026-09-23 08:07:09,CLAS276,0103,Eric Adler,25,25,0,2026-09-23 08:10:40,2026-09-23 08:10:40.642
2026-09-23 08:07:09,CLAS276,0104,Eric Adler,25,25,0,2026-09-23 08:10:40,2026-09-23 08:10:40.642
2026-09-23 08:07:09,CLAS276,0105,Eric Adler,25,25,0,2026-09-23 08:10:40,2026-09-23 08:10:40.642
2026-09-23 08:07:09,CLAS276,0106,Eric Adler,25,25,0,2026-09-23 08:10:40,2026-09-23 08:10:40.643
2026-09-23 08:07:09,CLAS333,0101,Nathan Levine,35,35,0,2026-09-23 08:10:40,2026-09-23 08:10:40.807
2026-09-23 08:07:09,CLAS340,0101,Katherine Wasdin,35,35,0,2026-09-23 08:10:40,2026-09-23 08:10:40.973
2026-09-23 08:07:09,CMLT235,0101,Instructor: TBA,30,30,0,2026-09-23 08:10:44,2026-09-23 08:10:44.277
2026-09-23 08:07:09,CMLT270,0201,Instructor: TBA,30,30,0,2026-09-23 08:10:44,2026-09-23 08:10:44.443
2026-09-23 08:07:09,CMLT270,0301,Instructor: TBA,30,30,0,2026-09-23 08:10:44,2026-09-23 08:10:44.443
2026-09-23 08:07:09,CMLT275,0101,Instructor: TBA,30,30,0,2026-09-23 08:10:44,2026-09-23 08:10:44.605
2026-09-23 08:07:09,CMLT277,0101,Instructor: TBA,30,30,0,2026-09-23 08:10:44,2026-09-23 08:10:44.770
2026-09-23 08:07:09,CMLT280,0101,Eric Zakim,25,25,0,2026-09-23 08:10:44,2026-09-23 08:10:44.939
2026-09-23 08:07:09,CMLT280,0102,Eric Zakim,25,25,0,2026-09-23 08:10:44,2026-09-23 08:10:44.939
2026-09-23 08:07:09,CMLT280,0103,Eric Zakim,25,25,0,2026-09-23 08:10:44,2026-09-23 08:10:44.939
2026-09-23 08:07:09,CMLT280,0104,Eric Zakim,25,25,0,2026-09-23 08:10:44,2026-09-23 08:10:44.939
2026-09-23 08:07:09,CPBE101,0101,Oliver Schlake,75,75,0,2026-09-23 08:10:59,2026-09-23 08:10:59.829
2026-09-23 08:07:09,CPBE230,0101,Obioma Akaigwe,30,30,0,2026-09-23 08:10:59,2026-09-23 08:10:59.999
2026-09-23 08:07:09,CPBE240,0101,Obioma Akaigwe,20,20,0,2026-09-23 08:11:00,2026-09-23 08:11:00.253
2026-09-23 08:07:09,CPBE250,0101,Obioma Akaigwe,30,30,0,2026-09-23 08:11:00,2026-09-23 08:11:00.419
2026-09-23 08:07:09,CPCV101,0101,Julie Randolph,40,40,0,2026-09-23 08:11:01,2026-09-23 08:11:01.759
2026-09-23 08:07:09,CPCV101,0201,Julie Randolph,40,40,0,2026-09-23 08:11:01,2026-09-23 08:11:01.759
2026-09-23 08:07:09,CPCV230,0101,Korey Rothman,20,20,0,2026-09-23 08:11:02,2026-09-23 08:11:02.039
2026-09-23 08:07:09,CPCV230,0201,Korey Rothman,20,20,0,2026-09-23 08:11:02,2026-09-23 08:11:02.039
2026-09-23 08:07:09,CPDJ101,0101,Jess Feltner,75,75,0,2026-09-23 08:11:03,2026-09-23 08:11:03.328
2026-09-23 08:07:09,CPDJ230,0101,Andrew Fellows,10,10,0,2026-09-23 08:11:03,2026-09-23 08:11:03.496
2026-09-23 08:07:09,CPDJ240,0101,Andrew Fellows,8,8,0,2026-09-23 08:11:03,2026-09-23 08:11:03.660
2026-09-23 08:07:09,CPDJ250,0101,Andrew Fellows,10,10,0,2026-09-23 08:11:03,2026-09-23 08:11:03.829
2026-09-23 08:07:09,CPET101,0101,Dani Moore,78,78,0,2026-09-23 08:11:05,2026-09-23 08:11:05.122
2026-09-23 08:07:09,CPET230,0101,Tim Knight,50,50,0,2026-09-23 08:11:05,2026-09-23 08:11:05.291
2026-09-23 08:07:09,CPET240,0101,Tim Knight,20,20,0,2026-09-23 08:11:05,2026-09-23 08:11:05.462
2026-09-23 08:07:09,CPET250,0101,Tim Knight,15,15,0,2026-09-23 08:11:05,2026-09-23 08:11:05.628
2026-09-23 08:07:09,CPGH101,0101,Angshuman Kashyap,75,75,0,2026-09-23 08:11:06,2026-09-23 08:11:06.922
2026-09-23 08:07:09,CPGH210,0101,Haley Clark,80,80,0,2026-09-23 08:11:07,2026-09-23 08:11:07.088
2026-09-23 08:07:09,CPGH230,0101,John Wiggins,30,30,0,2026-09-23 08:11:07,2026-09-23 08:11:07.252
2026-09-23 08:07:09,CPGH240,0101,John Wiggins,30,30,0,2026-09-23 08:11:07,2026-09-23 08:11:07.424
2026-09-23 08:07:09,CPGH250,0101,John Wiggins,25,25,0,2026-09-23 08:11:07,2026-09-23 08:11:07.587
2026-09-23 08:07:09,CPGH270,0101,Elisabeth Maring,5,5,0,2026-09-23 08:11:07,2026-09-23 08:11:07.749
2026-09-23 08:07:09,CPJT101,0101,Justine DeCamillis,75,75,0,2026-09-23 08:11:09,2026-09-23 08:11:09.039
2026-09-23 08:07:09,CPJT230,0101,Justine DeCamillis,35,35,0,2026-09-23 08:11:09,2026-09-23 08:11:09.202
2026-09-23 08:07:09,CPJT240,0101,Justine DeCamillis,25,25,0,2026-09-23 08:11:09,2026-09-23 08:11:09.364
2026-09-23 08:07:09,CPJT250,0101,Victoria Worley,25,25,0,2026-09-23 08:11:09,2026-09-23 08:11:09.535
2026-09-23 08:07:09,CPMS101,0101,Alison Burns,75,75,0,2026-09-23 08:11:10,2026-09-23 08:11:10.808
2026-09-23 08:07:09,CPMS230,0101,Alison Burns,30,30,0,2026-09-23 08:11:10,2026-09-23 08:11:10.976
2026-09-23 08:07:09,CPMS240,0101,Alison Burns,15,15,0,2026-09-23 08:11:11,2026-09-23 08:11:11.141
2026-09-23 08:07:09,CPPL101,0101,Kelly Brower,75,75,0,2026-09-23 08:11:12,2026-09-23 08:11:12.423
2026-09-23 08:07:09,CPSA101,0101,Heather-Erin Bremenstuhl,75,75,0,2026-09-23 08:11:13,2026-09-23 08:11:13.697
2026-09-23 08:07:09,CPSA149,0101,Harold Burgess,20,20,0,2026-09-23 08:11:13,2026-09-23 08:11:13.866
2026-09-23 08:07:09,CPSA201,0101,Heather-Erin Bremenstuhl,75,75,0,2026-09-23 08:11:14,2026-09-23 08:11:14.035
2026-09-23 08:07:09,CPSA240,0101,Harold Burgess,15,15,0,2026-09-23 08:11:14,2026-09-23 08:11:14.201
2026-09-23 08:07:09,CPSA250,0101,Heather-Erin Bremenstuhl,10,10,0,2026-09-23 08:11:14,2026-09-23 08:11:14.368
2026-09-23 08:07:09,CPSA250,0201,Heather-Erin Bremenstuhl,10,10,0,2026-09-23 08:11:14,2026-09-23 08:11:14.368
2026-09-23 08:07:09,CPSA250,0301,Heather-Erin Bremenstuhl,10,10,0,2026-09-23 08:11:14,2026-09-23 08:11:14.369
2026-09-23 08:07:09,CPSA260,0101,Harold Burgess,10,10,0,2026-09-23 08:11:14,2026-09-23 08:11:14.545
2026-09-23 08:07:09,CPSA260,0201,Harold Burgess,10,10,0,2026-09-23 08:11:14,2026-09-23 08:11:14.545
2026-09-23 08:07:09,CPSA260,0301,Heather-Erin Bremenstuhl,10,10,0,2026-09-23 08:11:14,2026-09-23 08:11:14.545
2026-09-23 08:07:09,CPSF101,0101,Erin Thomson,75,75,0,2026-09-23 08:11:15,2026-09-23 08:11:15.810
2026-09-23 08:07:09,CPSG101,0101,Thomas Holtz,75,75,0,2026-09-23 08:11:17,2026-09-23 08:11:17.092
2026-09-23 08:07:09,CPSG230,0101,John Merck,50,50,0,2026-09-23 08:11:17,2026-09-23 08:11:17.259
2026-09-23 08:07:09,CPSG240,0101,John Merck,25,25,0,2026-09-23 08:11:17,2026-09-23 08:11:17.431
2026-09-23 08:07:09,CPSG250,0101,John Merck,25,25,0,2026-09-23 08:11:17,2026-09-23 08:11:17.595
2026-09-23 08:07:09,CPSN101,0101,Hansol Kwak,75,75,0,2026-09-23 08:11:18,2026-09-23 08:11:18.864
2026-09-23 08:07:09,CPSN230,0101,Ellin Chung,40,40,0,2026-09-23 08:11:19,2026-09-23 08:11:19.056
2026-09-23 08:07:09,CPSN240,0101,Ellin Chung,15,15,0,2026-09-23 08:11:19,2026-09-23 08:11:19.222
2026-09-23 08:07:09,CPSN250,0101,Hansol Kwak,25,25,0,2026-09-23 08:11:19,2026-09-23 08:11:19.389
2026-09-23 08:07:09,CPSP239A,0101,Heather-Erin Bremenstuhl,10,10,0,2026-09-23 08:11:20,2026-09-23 08:11:20.719
2026-09-23 08:07:09,CPSP259J,0101,Alison Burns,10,10,0,2026-09-23 08:11:20,2026-09-23 08:11:20.884
2026-09-23 08:07:09,CPSP279N,0101,Stacy Kosko,10,10,0,2026-09-23 08:11:21,2026-09-23 08:11:21.049
2026-09-23 08:07:09,CPSP339P,0101,Kelly Brower,15,15,0,2026-09-23 08:11:21,2026-09-23 08:11:21.221
2026-09-23 08:07:09,CPSP359G,0101,John Merck,25,25,0,2026-09-23 08:11:21,2026-09-23 08:11:21.390
2026-09-23 08:07:09,CPSP359S,0101,David Eubanks,24,24,0,2026-09-23 08:11:21,2026-09-23 08:11:21.555
2026-09-23 08:07:09,CPSP369E,0101,Tim Knight,7,7,0,2026-09-23 08:11:21,2026-09-23 08:11:21.723
2026-09-23 08:07:09,CPSP369E,0102,Tim Knight,5,5,0,2026-09-23 08:11:21,2026-09-23 08:11:21.723
2026-09-23 08:07:09,CPSS101,0101,Christine Alexander,75,75,0,2026-09-23 08:11:22,2026-09-23 08:11:22.998
2026-09-23 08:07:09,CPSS225,0101,Roan Parrish,20,20,0,2026-09-23 08:11:23,2026-09-23 08:11:23.170
2026-09-23 08:07:09,CPSS225,0201,Thomas Zeller,20,20,0,2026-09-23 08:11:23,2026-09-23 08:11:23.171
2026-09-23 08:07:09,CPSS240,0101,Timothy Reedy,25,25,0,2026-09-23 08:11:23,2026-09-23 08:11:23.333
2026-09-23 08:07:09,CPSS340,0101,Nicole Mogul,20,20,0,2026-09-23 08:11:23,2026-09-23 08:11:23.497
2026-09-23 08:07:09,DATA100,0111,Matthew Griffin,27,27,0,2026-09-23 08:11:31,2026-09-23 08:11:31.659
2026-09-23 08:07:09,DATA100,0112,Matthew Griffin,27,27,0,2026-09-23 08:11:31,2026-09-23 08:11:31.659
2026-09-23 08:07:09,DATA100,0121,Matthew Griffin,27,27,0,2026-09-23 08:11:31,2026-09-23 08:11:31.659
2026-09-23 08:07:09,DATA100,0122,Matthew Griffin,27,27,0,2026-09-23 08:11:31,2026-09-23 08:11:31.660
2026-09-23 08:07:09,DATA100,0123,Matthew Griffin,27,27,0,2026-09-23 08:11:31,2026-09-23 08:11:31.660
2026-09-23 08:07:09,DATA100,0131,Matthew Griffin,27,27,0,2026-09-23 08:11:31,2026-09-23 08:11:31.660
2026-09-23 08:07:09,DATA100,0211,Matthew Griffin,27,27,0,2026-09-23 08:11:31,2026-09-23 08:11:31.660
2026-09-23 08:07:09,DATA100,0212,Matthew Griffin,27,27,0,2026-09-23 08:11:31,2026-09-23 08:11:31.660
2026-09-23 08:07:09,DATA100,0221,Matthew Griffin,27,27,0,2026-09-23 08:11:31,2026-09-23 08:11:31.660
2026-09-23 08:07:09,DATA100,0222,Matthew Griffin,27,27,0,2026-09-23 08:11:31,2026-09-23 08:11:31.661
2026-09-23 08:07:09,DATA100,0223,Matthew Griffin,27,27,0,2026-09-23 08:11:31,2026-09-23 08:11:31.661
2026-09-23 08:07:09,DATA100,0224,Matthew Griffin,27,27,0,2026-09-23 08:11:31,2026-09-23 08:11:31.661
2026-09-23 08:07:09,DATA100,0231,Matthew Griffin,27,27,0,2026-09-23 08:11:31,2026-09-23 08:11:31.661
2026-09-23 08:07:09,DATA100,0241,Matthew Griffin,27,27,0,2026-09-23 08:11:31,2026-09-23 08:11:31.661
2026-09-23 08:07:09,DATA100,0242,Matthew Griffin,27,27,0,2026-09-23 08:11:31,2026-09-23 08:11:31.662
2026-09-23 08:07:09,DATA100,0311,Jonathan Fernandes,25,25,0,2026-09-23 08:11:31,2026-09-23 08:11:31.662
2026-09-23 08:07:09,DATA100,0312,Jonathan Fernandes,25,25,0,2026-09-23 08:11:31,2026-09-23 08:11:31.662
2026-09-23 08:07:09,DATA100,0321,Jonathan Fernandes,25,25,0,2026-09-23 08:11:31,2026-09-23 08:11:31.662
2026-09-23 08:07:09,DATA100,0322,Jonathan Fernandes,25,25,0,2026-09-23 08:11:31,2026-09-23 08:11:31.662
2026-09-23 08:07:09,DATA100,0323,Jonathan Fernandes,25,25,0,2026-09-23 08:11:31,2026-09-23 08:11:31.662
2026-09-23 08:07:09,DATA110,0101,Susan Mazzullo,310,310,0,2026-09-23 08:11:31,2026-09-23 08:11:31.831
2026-09-23 08:07:09,DATA120,0101,Fardina Alam,200,200,0,2026-09-23 08:11:31,2026-09-23 08:11:32.000
2026-09-23 08:07:09,DATA200,0101,Fardina Alam,90,90,0,2026-09-23 08:11:32,2026-09-23 08:11:32.164
2026-09-23 08:07:09,DATA250,0101,Todd Rowland,30,30,0,2026-09-23 08:11:32,2026-09-23 08:11:32.328
2026-09-23 08:07:09,DATA320,0101,Maksym Morawski,20,20,0,2026-09-23 08:11:32,2026-09-23 08:11:32.499
2026-09-23 08:07:09,DATA320,0201,Fardina Alam,20,20,0,2026-09-23 08:11:32,2026-09-23 08:11:32.499
2026-09-23 08:07:09,DATA320,0301,Anna Evtushenko,12,12,0,2026-09-23 08:11:32,2026-09-23 08:11:32.499
2026-09-23 08:07:09,DATA350,0101,Todd Rowland,30,30,0,2026-09-23 08:11:32,2026-09-23 08:11:32.672
2026-09-23 08:07:09,DATA350,0201,Raluca Rosca,30,30,0,2026-09-23 08:11:32,2026-09-23 08:11:32.672
2026-09-23 08:07:09,DATA400,0111,Archana Khurana,27,27,0,2026-09-23 08:11:32,2026-09-23 08:11:32.860
2026-09-23 08:07:09,DATA400,0121,Archana Khurana,27,27,0,2026-09-23 08:11:32,2026-09-23 08:11:32.861
2026-09-23 08:07:09,DATA400,0131,Archana Khurana,27,27,0,2026-09-23 08:11:32,2026-09-23 08:11:32.861
2026-09-23 08:07:09,DATA400,0211,Salman Safdar,27,27,0,2026-09-23 08:11:32,2026-09-23 08:11:32.861
2026-09-23 08:07:09,DATA400,0311,Shixin Zheng,27,27,0,2026-09-23 08:11:32,2026-09-23 08:11:32.861
2026-09-23 08:07:09,DATA400,0321,Shixin Zheng,30,30,0,2026-09-23 08:11:32,2026-09-23 08:11:32.861
2026-09-23 08:07:09,DATA400,0331,Shixin Zheng,27,27,0,2026-09-23 08:11:32,2026-09-23 08:11:32.861
2026-09-23 08:07:09,DATA400,0411,Mestiyage Gunatilleka,27,27,0,2026-09-23 08:11:32,2026-09-23 08:11:32.862
2026-09-23 08:07:09,DATA400,0421,Mestiyage Gunatilleka,27,27,0,2026-09-23 08:11:32,2026-09-23 08:11:32.862
2026-09-23 08:07:09,DATA400,0431,Mestiyage Gunatilleka,27,27,0,2026-09-23 08:11:32,2026-09-23 08:11:32.862
2026-09-23 08:07:09,DATA602,PCS1,Tammy Perrin,30,30,0,2026-09-23 08:11:33,2026-09-23 08:11:33.034
2026-09-23 08:07:09,DATA603,PWS1,Kemal Davaslioglu,50,50,0,2026-09-23 08:11:33,2026-09-23 08:11:33.199
2026-09-23 08:07:09,DATA604,PCS1,Wojciech Czaja,55,55,0,2026-09-23 08:11:33,2026-09-23 08:11:33.376
2026-09-23 08:07:09,DATA604,PCS2,Mestiyage Gunatilleka,55,55,0,2026-09-23 08:11:33,2026-09-23 08:11:33.376
2026-09-23 08:07:09,DATA604,PCS3,Kendall Williams,55,55,0,2026-09-23 08:11:33,2026-09-23 08:11:33.376
2026-09-23 08:07:09,DATA604,PCS4,Jonathan Fernandes,55,55,0,2026-09-23 08:11:33,2026-09-23 08:11:33.376
2026-09-23 08:07:09,DATA605,PCS1,Tammy Perrin,55,55,0,2026-09-23 08:11:33,2026-09-23 08:11:33.547
2026-09-23 08:07:09,DATA605,PCS2,Tammy Perrin,55,55,0,2026-09-23 08:11:33,2026-09-23 08:11:33.547
2026-09-23 08:07:09,DATA605,PWS1,Giacinto Paolo Saggese,55,55,0,2026-09-23 08:11:33,2026-09-23 08:11:33.547
2026-09-23 08:07:09,DATA606,PCS1,Abdirisak Mohamed,55,55,0,2026-09-23 08:11:33,2026-09-23 08:11:33.716
2026-09-23 08:07:09,DATA606,PCS2,Abdirisak Mohamed,55,55,0,2026-09-23 08:11:33,2026-09-23 08:11:33.717
2026-09-23 08:07:09,DATA606,PCS3,Toki Inan,55,55,0,2026-09-23 08:11:33,2026-09-23 08:11:33.717
2026-09-23 08:07:09,DATA612,PCS1,Samet Ayhan,55,55,0,2026-09-23 08:11:33,2026-09-23 08:11:33.888
2026-09-23 08:07:09,DATA612,PCS2,Samet Ayhan,55,55,0,2026-09-23 08:11:33,2026-09-23 08:11:33.888
2026-09-23 08:07:09,DATA612,PCS3,Emre Gunduzhan,55,55,0,2026-09-23 08:11:33,2026-09-23 08:11:33.888
2026-09-23 08:07:09,DATA641,PCS1,Armin Mehrabian,55,55,0,2026-09-23 08:11:34,2026-09-23 08:11:34.053
2026-09-23 08:07:09,EALL361,0101,Instructor: TBA,20,20,0,2026-09-23 08:11:35,2026-09-23 08:11:35.314
2026-09-23 08:07:09,EDDI300,0101,Nicole Mehta,20,20,0,2026-09-23 08:11:43,2026-09-23 08:11:43.485
2026-09-23 08:07:09,EMBA788G,GX01,Judy Frels,31,31,0,2026-09-23 08:12:00,2026-09-23 08:12:00.308
2026-09-23 08:07:09,EMBA788V,GX01,Zhi-Long Chen,31,31,0,2026-09-23 08:12:00,2026-09-23 08:12:00.475
2026-09-23 08:07:09,ENAI603,0101,A Seyed,35,35,0,2026-09-23 08:12:10,2026-09-23 08:12:10.103
2026-09-23 08:07:09,ENAI603,AEC1,A Seyed,20,20,0,2026-09-23 08:12:10,2026-09-23 08:12:10.103
2026-09-23 08:07:09,ENBC312,ESG1,Kyunghun Lee,20,20,0,2026-09-23 08:12:11,2026-09-23 08:12:11.490
2026-09-23 08:07:09,ENBC321,ESG1,Jamasp Azarnoosh,20,20,0,2026-09-23 08:12:11,2026-09-23 08:12:11.690
2026-09-23 08:07:09,ENBC342,ESG1,Lan Ma,20,20,0,2026-09-23 08:12:11,2026-09-23 08:12:11.855
2026-09-23 08:07:09,ENBC351,ESG1,Jarred Callura,20,20,0,2026-09-23 08:12:12,2026-09-23 08:12:12.022
2026-09-23 08:07:09,ENBC352,ESG1,Jarred Callura,20,20,0,2026-09-23 08:12:12,2026-09-23 08:12:12.372
2026-09-23 08:07:09,ENBC403,ESG1,Jamasp Azarnoosh,20,20,0,2026-09-23 08:12:12,2026-09-23 08:12:12.538
2026-09-23 08:07:09,ENBC441,ESG1,Lan Ma,20,20,0,2026-09-23 08:12:12,2026-09-23 08:12:12.765
2026-09-23 08:07:09,ENBC455,ESG1,Jarred Callura,20,20,0,2026-09-23 08:12:12,2026-09-23 08:12:12.929
2026-09-23 08:07:09,ENBC491,ESG1,Lan Ma,20,20,0,2026-09-23 08:12:13,2026-09-23 08:12:13.095
2026-09-23 08:07:09,ENCO099,0101,Lizzy Solovey,200,200,0,2026-09-23 08:12:18,2026-09-23 08:12:18.828
2026-09-23 08:07:09,ENEB304,ESG1,Nestor Michael Tiglao,20,20,0,2026-09-23 08:12:20,2026-09-23 08:12:20.158
2026-09-23 08:07:09,ENEB345,ESG1,Nestor Michael Tiglao,20,20,0,2026-09-23 08:12:20,2026-09-23 08:12:20.323
2026-09-23 08:07:09,ENEB352,ESG1,Mohamed Hany,20,20,0,2026-09-23 08:12:20,2026-09-23 08:12:20.486
2026-09-23 08:07:09,ENEB353,ESG1,Manoj Franklin,20,20,0,2026-09-23 08:12:20,2026-09-23 08:12:20.655
2026-09-23 08:07:09,ENEB355,ESG1,Nestor Michael Tiglao,20,20,0,2026-09-23 08:12:20,2026-09-23 08:12:20.819
2026-09-23 08:07:09,ENEB408B,ESG1,Jerry Wu,20,20,0,2026-09-23 08:12:20,2026-09-23 08:12:20.993
2026-09-23 08:07:09,ENEB443,ESG1,George Zaki,20,20,0,2026-09-23 08:12:21,2026-09-23 08:12:21.159
2026-09-23 08:07:09,ENEB453,ESG1,Nestor Michael Tiglao,20,20,0,2026-09-23 08:12:21,2026-09-23 08:12:21.326
2026-09-23 08:07:09,ENEB455,ESG1,Jerry Wu,20,20,0,2026-09-23 08:12:21,2026-09-23 08:12:21.493
2026-09-23 08:07:09,ENEB456,ESG1,Nestor Michael Tiglao,20,20,0,2026-09-23 08:12:21,2026-09-23 08:12:21.662
2026-09-23 08:07:09,ENED037,0101,Hillary Owusu,20,20,0,2026-09-23 08:12:22,2026-09-23 08:12:22.942
2026-09-23 08:07:09,ENED290H,0101,Christopher Troilo,45,45,0,2026-09-23 08:12:23,2026-09-23 08:12:23.114
2026-09-23 08:07:09,ENED394H,0101,Maria Bardossy,40,40,0,2026-09-23 08:12:23,2026-09-23 08:12:23.279
2026-09-23 08:07:09,ENED397,0101,Emily Marks,9,9,0,2026-09-23 08:12:23,2026-09-23 08:12:23.452
2026-09-23 08:07:09,ENED490H,0101,David Ashley,45,45,0,2026-09-23 08:12:23,2026-09-23 08:12:23.619
2026-09-23 08:07:09,ENMT313,ESG1,Nicholas Limparis,3,3,0,2026-09-23 08:13:06,2026-09-23 08:13:06.410
2026-09-23 08:07:09,ENMT332,ESG1,Norman Wereley,4,4,0,2026-09-23 08:13:06,2026-09-23 08:13:06.576
2026-09-23 08:07:09,ENMT362,ESG1,Young Choi,3,3,0,2026-09-23 08:13:06,2026-09-23 08:13:06.742
2026-09-23 08:07:09,ENMT372,ESG1,Gurtajbir Herr,3,3,0,2026-09-23 08:13:06,2026-09-23 08:13:06.909
2026-09-23 08:07:09,ENMT477,ESG1,Gurtajbir Herr,7,7,0,2026-09-23 08:13:07,2026-09-23 08:13:07.076
2026-09-23 08:07:09,ENMT488C,ESG1,Colleen Murray,7,7,0,2026-09-23 08:13:07,2026-09-23 08:13:07.245
2026-09-23 08:07:09,ENMT488P,ESG1,Colleen Murray,7,7,0,2026-09-23 08:13:07,2026-09-23 08:13:07.416
2026-09-23 08:07:09,ENMT488Z,ESG1,Nicholas Limparis,7,7,0,2026-09-23 08:13:07,2026-09-23 08:13:07.585
2026-09-23 08:07:09,ENSP102,0101,Joanna Goger,22,22,0,2026-09-23 08:13:17,2026-09-23 08:13:17.122
2026-09-23 08:07:09,ENSP102,0102,Joanna Goger,22,22,0,2026-09-23 08:13:17,2026-09-23 08:13:17.122
2026-09-23 08:07:09,ENSP102,0103,Joanna Goger,23,23,0,2026-09-23 08:13:17,2026-09-23 08:13:17.122
2026-09-23 08:07:09,ENSP102,0104,Joanna Goger,22,22,0,2026-09-23 08:13:17,2026-09-23 08:13:17.122
2026-09-23 08:07:09,ENSP102,0105,Joanna Goger,22,22,0,2026-09-23 08:13:17,2026-09-23 08:13:17.123
2026-09-23 08:07:09,ENSP102,0106,Joanna Goger,22,22,0,2026-09-23 08:13:17,2026-09-23 08:13:17.123
2026-09-23 08:07:09,ENSP102,0107,Joanna Goger,22,22,0,2026-09-23 08:13:17,2026-09-23 08:13:17.123
2026-09-23 08:07:09,ENSP306,0101,Caroline Boules,30,30,0,2026-09-23 08:13:17,2026-09-23 08:13:17.304
2026-09-23 08:07:09,ENSP330,0101,Joanna Goger,35,35,0,2026-09-23 08:13:17,2026-09-23 08:13:17.468
2026-09-23 08:07:09,ENSP342,0101,Annette Spivy,35,35,0,2026-09-23 08:13:17,2026-09-23 08:13:17.634
2026-09-23 08:07:09,ENSP370,0101,Arielle Wharton,30,30,0,2026-09-23 08:13:17,2026-09-23 08:13:17.797
2026-09-23 08:07:09,ENSP399R,0101,Melissa Kenney,15,15,0,2026-09-23 08:13:18,2026-09-23 08:13:18.290
2026-09-23 08:07:09,ENSP399R,0301,Instructor: TBA,15,15,0,2026-09-23 08:13:18,2026-09-23 08:13:18.290
2026-09-23 08:07:09,ENSP399R,0601,Annette Spivy,10,10,0,2026-09-23 08:13:18,2026-09-23 08:13:18.290
2026-09-23 08:07:09,ENSP399R,1001,Jennifer Mullinax,10,10,0,2026-09-23 08:13:18,2026-09-23 08:13:18.290
2026-09-23 08:07:09,ENSP400,0101,Caroline Boules,30,30,0,2026-09-23 08:13:18,2026-09-23 08:13:18.461
2026-09-23 08:07:09,ENSP400,0102,Annette Spivy,30,30,0,2026-09-23 08:13:18,2026-09-23 08:13:18.461
2026-09-23 08:07:09,ENSP400,0104,Colleen O'Donnell,20,20,0,2026-09-23 08:13:18,2026-09-23 08:13:18.462
2026-09-23 08:07:09,FGSM398,0101,Jayakumar Arasan,120,120,0,2026-09-23 08:13:34,2026-09-23 08:13:34.538
2026-09-23 08:07:09,FGSM398,0201,Jayakumar Arasan,120,120,0,2026-09-23 08:13:34,2026-09-23 08:13:34.538
2026-09-23 08:07:09,GBHL200,0101,Leena Malayil,18,18,0,2026-09-23 08:13:47,2026-09-23 08:13:47.857
2026-09-23 08:07:09,GBHL200,0201,Leena Malayil,13,13,0,2026-09-23 08:13:47,2026-09-23 08:13:47.857
2026-09-23 08:07:09,GBHL210,0101,Leena Malayil,18,18,0,2026-09-23 08:13:48,2026-09-23 08:13:48.028
2026-09-23 08:07:09,GBHL210,0201,Leena Malayil,13,13,0,2026-09-23 08:13:48,2026-09-23 08:13:48.028
2026-09-23 08:07:09,GBHL310,0101,Catherine Maybury,15,15,0,2026-09-23 08:13:48,2026-09-23 08:13:48.193
2026-09-23 08:07:09,GBHL310,0201,Catherine Maybury,15,15,0,2026-09-23 08:13:48,2026-09-23 08:13:48.193
2026-09-23 08:07:09,GBHL450,0101,Heather Wipfli,15,15,0,2026-09-23 08:13:48,2026-09-23 08:13:48.681
2026-09-23 08:07:09,GBHL497,0101,Hassanatu Blake,3,3,0,2026-09-23 08:13:48,2026-09-23 08:13:48.849
2026-09-23 08:07:09,GEMS102,0101,David Lovell,180,180,0,2026-09-23 08:13:50,2026-09-23 08:13:50.181
2026-09-23 08:07:09,GEMS208D,0101,Allison Lansverk,1,1,0,2026-09-23 08:13:50,2026-09-23 08:13:50.344
2026-09-23 08:07:09,GEMS208E,0101,Allison Lansverk,18,18,0,2026-09-23 08:13:50,2026-09-23 08:13:50.517
2026-09-23 08:07:09,GEMS208F,0201,Allison Lansverk,12,12,0,2026-09-23 08:13:50,2026-09-23 08:13:50.679
2026-09-23 08:07:09,GEMS208J,0101,Allison Lansverk,24,24,0,2026-09-23 08:13:50,2026-09-23 08:13:50.846
2026-09-23 08:07:09,GEMS208K,0101,Allison Lansverk,30,30,0,2026-09-23 08:13:51,2026-09-23 08:13:51.012
2026-09-23 08:07:09,GEMS208P,0101,Allison Lansverk,15,15,0,2026-09-23 08:13:51,2026-09-23 08:13:51.177
2026-09-23 08:07:09,GEMS208Q,0201,Allison Lansverk,1,1,0,2026-09-23 08:13:51,2026-09-23 08:13:51.342
2026-09-23 08:07:09,GEMS296,0113,David Lovell,5,5,0,2026-09-23 08:13:51,2026-09-23 08:13:51.507
2026-09-23 08:07:09,GEMS297,0101,Instructor: TBA,14,14,0,2026-09-23 08:13:51,2026-09-23 08:13:51.693
2026-09-23 08:07:09,GEMS297,0102,Instructor: TBA,14,14,0,2026-09-23 08:13:51,2026-09-23 08:13:51.694
2026-09-23 08:07:09,GEMS297,0103,Instructor: TBA,14,14,0,2026-09-23 08:13:51,2026-09-23 08:13:51.694
2026-09-23 08:07:09,GEMS297,0104,Instructor: TBA,14,14,0,2026-09-23 08:13:51,2026-09-23 08:13:51.694
2026-09-23 08:07:09,GEMS297,0105,Instructor: TBA,14,14,0,2026-09-23 08:13:51,2026-09-23 08:13:51.694
2026-09-23 08:07:09,GEMS297,0106,Instructor: TBA,14,14,0,2026-09-23 08:13:51,2026-09-23 08:13:51.694
2026-09-23 08:07:09,GEMS297,0107,Instructor: TBA,14,14,0,2026-09-23 08:13:51,2026-09-23 08:13:51.695
2026-09-23 08:07:09,GEMS297,0108,Instructor: TBA,14,14,0,2026-09-23 08:13:51,2026-09-23 08:13:51.695
2026-09-23 08:07:09,GEMS297,0109,Instructor: TBA,14,14,0,2026-09-23 08:13:51,2026-09-23 08:13:51.695
2026-09-23 08:07:09,GEMS297,0110,Instructor: TBA,14,14,0,2026-09-23 08:13:51,2026-09-23 08:13:51.695
2026-09-23 08:07:09,GEMS297,0111,Instructor: TBA,14,14,0,2026-09-23 08:13:51,2026-09-23 08:13:51.695
2026-09-23 08:07:09,GEMS297,0112,Instructor: TBA,14,14,0,2026-09-23 08:13:51,2026-09-23 08:13:51.696
2026-09-23 08:07:09,GEMS297,0113,Instructor: TBA,14,14,0,2026-09-23 08:13:51,2026-09-23 08:13:51.696
2026-09-23 08:07:09,GEMS297,0114,Instructor: TBA,14,14,0,2026-09-23 08:13:51,2026-09-23 08:13:51.696
2026-09-23 08:07:09,GEMS297,0115,Instructor: TBA,5,5,0,2026-09-23 08:13:51,2026-09-23 08:13:51.696
2026-09-23 08:07:09,GEMS396,0113,David Lovell,5,5,0,2026-09-23 08:13:51,2026-09-23 08:13:51.862
2026-09-23 08:07:09,GEMS397,0101,Michael Humber,14,14,0,2026-09-23 08:13:52,2026-09-23 08:13:52.048
2026-09-23 08:07:09,GEMS397,0102,Seth Dickey,14,14,0,2026-09-23 08:13:52,2026-09-23 08:13:52.048
2026-09-23 08:07:09,GEMS397,0103,Cecilia Huertas Cerdeira,14,14,0,2026-09-23 08:13:52,2026-09-23 08:13:52.048
2026-09-23 08:07:09,GEMS397,0104,Rodolphe Gentili,14,14,0,2026-09-23 08:13:52,2026-09-23 08:13:52.048
2026-09-23 08:07:09,GEMS397,0105,Allison Reilly,14,14,0,2026-09-23 08:13:52,2026-09-23 08:13:52.048
2026-09-23 08:07:09,GEMS397,0106,Peter Sunderland,14,14,0,2026-09-23 08:13:52,2026-09-23 08:13:52.049
2026-09-23 08:07:09,GEMS397,0107,Brett Lacey,14,14,0,2026-09-23 08:13:52,2026-09-23 08:13:52.049
2026-09-23 08:07:09,GEMS397,0108,Natalia Buzulukova,14,14,0,2026-09-23 08:13:52,2026-09-23 08:13:52.049
2026-09-23 08:07:09,GEMS397,0109,Anil Deane,14,14,0,2026-09-23 08:13:52,2026-09-23 08:13:52.049
2026-09-23 08:07:09,GEMS397,0110,Colenso Speer,14,14,0,2026-09-23 08:13:52,2026-09-23 08:13:52.049
2026-09-23 08:07:09,GEMS397,0111,Alisa Clyne,14,14,0,2026-09-23 08:13:52,2026-09-23 08:13:52.050
2026-09-23 08:07:09,GEMS397,0112,Xin Zan,14,14,0,2026-09-23 08:13:52,2026-09-23 08:13:52.050
2026-09-23 08:07:09,GEMS397,0113,Instructor: TBA,14,14,0,2026-09-23 08:13:52,2026-09-23 08:13:52.050
2026-09-23 08:07:09,GEMS397,0114,David Lovell,5,5,0,2026-09-23 08:13:52,2026-09-23 08:13:52.050
2026-09-23 08:07:09,GEMS397,0115,David Lovell,5,5,0,2026-09-23 08:13:52,2026-09-23 08:13:52.050
2026-09-23 08:07:09,GEMS496,0113,David Lovell,5,5,0,2026-09-23 08:13:52,2026-09-23 08:13:52.219
2026-09-23 08:07:09,GEMS497,0101,Eric Haag,14,14,0,2026-09-23 08:13:52,2026-09-23 08:13:52.404
2026-09-23 08:07:09,GEMS497,0102,Mohammad Nayeem Teli,14,14,0,2026-09-23 08:13:52,2026-09-23 08:13:52.404
2026-09-23 08:07:09,GEMS497,0103,Norberto Gonzalez- Juarbe,14,14,0,2026-09-23 08:13:52,2026-09-23 08:13:52.404
2026-09-23 08:07:09,GEMS497,0104,Abhinav Shrivastava,14,14,0,2026-09-23 08:13:52,2026-09-23 08:13:52.404
2026-09-23 08:07:09,GEMS497,0105,Hector Alcala,14,14,0,2026-09-23 08:13:52,2026-09-23 08:13:52.405
2026-09-23 08:07:09,GEMS497,0106,Massimo Ricotti,14,14,0,2026-09-23 08:13:52,2026-09-23 08:13:52.405
2026-09-23 08:07:09,GEMS497,0107,Reza Ghodssi,14,14,0,2026-09-23 08:13:52,2026-09-23 08:13:52.405
2026-09-23 08:07:09,GEMS497,0108,Nikhil Chopra,14,14,0,2026-09-23 08:13:52,2026-09-23 08:13:52.405
2026-09-23 08:07:09,GEMS497,0109,Kimberly Stroka,14,14,0,2026-09-23 08:13:52,2026-09-23 08:13:52.405
2026-09-23 08:07:09,GEMS497,0110,Gorjan Alagic,14,14,0,2026-09-23 08:13:52,2026-09-23 08:13:52.406
2026-09-23 08:07:09,GEMS497,0111,Alisa Clyne,14,14,0,2026-09-23 08:13:52,2026-09-23 08:13:52.406
2026-09-23 08:07:09,GEMS497,0112,Xin Zan,14,14,0,2026-09-23 08:13:52,2026-09-23 08:13:52.406
2026-09-23 08:07:09,GEMS497,0113,David Lovell,14,14,0,2026-09-23 08:13:52,2026-09-23 08:13:52.406
2026-09-23 08:07:09,GEMS497,0114,David Lovell,14,14,0,2026-09-23 08:13:52,2026-09-23 08:13:52.406
2026-09-23 08:07:09,GFPL100,0101,Alec Worsnop,21,21,0,2026-09-23 08:14:08,2026-09-23 08:14:08.426
2026-09-23 08:07:09,GFPL100,0102,Alec Worsnop,21,21,0,2026-09-23 08:14:08,2026-09-23 08:14:08.426
2026-09-23 08:07:09,GFPL100,0103,Alec Worsnop,21,21,0,2026-09-23 08:14:08,2026-09-23 08:14:08.426
2026-09-23 08:07:09,GFPL100,0104,Alec Worsnop,21,21,0,2026-09-23 08:14:08,2026-09-23 08:14:08.427
2026-09-23 08:07:09,GFPL100,0105,Alec Worsnop,21,21,0,2026-09-23 08:14:08,2026-09-23 08:14:08.427
2026-09-23 08:07:09,GFPL100,0106,Alec Worsnop,20,20,0,2026-09-23 08:14:08,2026-09-23 08:14:08.427
2026-09-23 08:07:09,GFPL102,0101,Caroline Ritter,95,95,0,2026-09-23 08:14:08,2026-09-23 08:14:08.594
2026-09-23 08:07:09,GFPL372,0101,Devin Entrikin,40,40,0,2026-09-23 08:14:08,2026-09-23 08:14:08.759
2026-09-23 08:07:09,GLBC200,0101,Parker Brookie,30,30,0,2026-09-23 08:14:10,2026-09-23 08:14:10.024
2026-09-23 08:07:09,GLBC360,0101,Hester Baer,30,30,0,2026-09-23 08:14:10,2026-09-23 08:14:10.191
2026-09-23 08:07:09,HACS101,0101,Michel Cukier,35,35,0,2026-09-23 08:14:25,2026-09-23 08:14:25.632
2026-09-23 08:07:09,HACS101,0201,Michel Cukier,35,35,0,2026-09-23 08:14:25,2026-09-23 08:14:25.633
2026-09-23 08:07:09,HACS201,0101,Bertrand Sobesto,26,26,0,2026-09-23 08:14:25,2026-09-23 08:14:25.799
2026-09-23 08:07:09,HACS208A,0101,Lawrence Gordon,20,20,0,2026-09-23 08:14:25,2026-09-23 08:14:25.966
2026-09-23 08:07:09,HACS208E,0101,Ian Serbin,26,26,0,2026-09-23 08:14:26,2026-09-23 08:14:26.129
2026-09-23 08:07:09,HACS208Z,0101,Zulema Belyeu,30,30,0,2026-09-23 08:14:26,2026-09-23 08:14:26.291
2026-09-23 08:07:09,HACS297,0101,Sarah Herberger,25,25,0,2026-09-23 08:14:26,2026-09-23 08:14:26.773
2026-09-23 08:07:09,HACS318A,0101,Lindsey Schrott,75,75,0,2026-09-23 08:14:26,2026-09-23 08:14:26.938
2026-09-23 08:07:09,HACS408C,0101,Lamia Zia,26,26,0,2026-09-23 08:14:27,2026-09-23 08:14:27.108
2026-09-23 08:07:09,HACS408P,0101,Firoozeh Rahimian,26,26,0,2026-09-23 08:14:27,2026-09-23 08:14:27.272
2026-09-23 08:07:09,HACS408T,0101,Kevin Bock,30,30,0,2026-09-23 08:14:27,2026-09-23 08:14:27.437
2026-09-23 08:07:09,HACS408V,0101,Edward Condon,30,30,0,2026-09-23 08:14:27,2026-09-23 08:14:27.599
2026-09-23 08:07:09,HACS497,0101,Cassie Harrington,25,25,0,2026-09-23 08:14:27,2026-09-23 08:14:27.920
2026-09-23 08:07:09,HACS498,0101,Thomas Woods,10,10,0,2026-09-23 08:14:28,2026-09-23 08:14:28.088
2026-09-23 08:07:09,HACS498,0201,Neal Ziring,18,18,0,2026-09-23 08:14:28,2026-09-23 08:14:28.088
2026-09-23 08:07:09,HACS498,0301,Michel Cukier,4,4,0,2026-09-23 08:14:28,2026-09-23 08:14:28.088
2026-09-23 08:07:09,HBUS105,0101,Daniel McCarthy,35,35,0,2026-09-23 08:14:29,2026-09-23 08:14:29.360
2026-09-23 08:07:09,HBUS105,0201,Daniel McCarthy,35,35,0,2026-09-23 08:14:29,2026-09-23 08:14:29.360
2026-09-23 08:07:09,HBUS205,0101,Nicole Coomber,30,30,0,2026-09-23 08:14:29,2026-09-23 08:14:29.528
2026-09-23 08:07:09,HBUS205,0201,Nicole Coomber,30,30,0,2026-09-23 08:14:29,2026-09-23 08:14:29.528
2026-09-23 08:07:09,HDCC106,0101,Jessica Lu,10,10,0,2026-09-23 08:14:30,2026-09-23 08:14:30.804
2026-09-23 08:07:09,HDCC106,0201,William Evans,10,10,0,2026-09-23 08:14:30,2026-09-23 08:14:30.805
2026-09-23 08:07:09,HDCC106,0301,Grant Bollmer,10,10,0,2026-09-23 08:14:30,2026-09-23 08:14:30.805
2026-09-23 08:07:09,HDCC106,0401,Cliff Bakalian,10,10,0,2026-09-23 08:14:30,2026-09-23 08:14:30.805
2026-09-23 08:07:09,HDCC106,0501,Alex Leitch,10,10,0,2026-09-23 08:14:30,2026-09-23 08:14:30.805
2026-09-23 08:07:09,HDCC106,0601,Jade Olson,10,10,0,2026-09-23 08:14:30,2026-09-23 08:14:30.805
2026-09-23 08:07:09,HDCC106,0701,Courtney Ray,10,10,0,2026-09-23 08:14:30,2026-09-23 08:14:30.806
2026-09-23 08:07:09,HDCC209A,0101,Jessica Lu,15,15,0,2026-09-23 08:14:30,2026-09-23 08:14:30.976
2026-09-23 08:07:09,HDCC209B,0101,Nishtha Das,15,15,0,2026-09-23 08:14:31,2026-09-23 08:14:31.141
2026-09-23 08:07:09,HDCC209C,0101,Hansika Murugu,15,15,0,2026-09-23 08:14:31,2026-09-23 08:14:31.328
2026-09-23 08:07:09,HEBR107,0101,Avital Karpman,15,15,0,2026-09-23 08:14:32,2026-09-23 08:14:32.779
2026-09-23 08:07:09,HEBR107,0201,Avital Karpman,15,15,0,2026-09-23 08:14:32,2026-09-23 08:14:32.779
2026-09-23 08:07:09,HEBR207,0101,Avital Karpman,15,15,0,2026-09-23 08:14:32,2026-09-23 08:14:32.939
2026-09-23 08:07:09,HEBR249A,0101,Aliza Sandalon,15,15,0,2026-09-23 08:14:33,2026-09-23 08:14:33.105
2026-09-23 08:07:09,HEBR314,0101,Aliza Sandalon,20,20,0,2026-09-23 08:14:33,2026-09-23 08:14:33.270
2026-09-23 08:07:09,HGLO298,0101,Daniel Tuke,30,30,0,2026-09-23 08:14:44,2026-09-23 08:14:44.928
2026-09-23 08:07:09,HHUM106,0101,Sarah Humud,17,17,0,2026-09-23 08:14:46,2026-09-23 08:14:46.201
2026-09-23 08:07:09,HHUM106,0102,Sarah Humud,17,17,0,2026-09-23 08:14:46,2026-09-23 08:14:46.201
2026-09-23 08:07:09,HHUM106,0103,Sarah Humud,17,17,0,2026-09-23 08:14:46,2026-09-23 08:14:46.201
2026-09-23 08:07:09,HHUM106,0104,Sarah Humud,17,17,0,2026-09-23 08:14:46,2026-09-23 08:14:46.202
2026-09-23 08:07:09,HHUM206,0101,Sarah Humud,15,15,0,2026-09-23 08:14:46,2026-09-23 08:14:46.377
2026-09-23 08:07:09,HHUM206,0102,Sarah Humud,15,15,0,2026-09-23 08:14:46,2026-09-23 08:14:46.377
2026-09-23 08:07:09,HHUM206,0103,Carla Della Gatta,15,15,0,2026-09-23 08:14:46,2026-09-23 08:14:46.377
2026-09-23 08:07:09,HHUM206,0104,Sarah Humud,15,15,0,2026-09-23 08:14:46,2026-09-23 08:14:46.378
2026-09-23 08:07:09,HHUM328,0101,Sarah Humud,20,20,0,2026-09-23 08:14:46,2026-09-23 08:14:46.546
2026-09-23 08:07:09,HHUM329,0101,Sarah Humud,5,5,0,2026-09-23 08:14:46,2026-09-23 08:14:46.709
2026-09-23 08:07:09,HISP200,0101,Stefan Woehlke,22,22,0,2026-09-23 08:14:48,2026-09-23 08:14:48.052
2026-09-23 08:07:09,HISP200,0102,Stefan Woehlke,22,22,0,2026-09-23 08:14:48,2026-09-23 08:14:48.052
2026-09-23 08:07:09,HISP200,0103,Stefan Woehlke,22,22,0,2026-09-23 08:14:48,2026-09-23 08:14:48.053
2026-09-23 08:07:09,HISP200,0104,Stefan Woehlke,22,22,0,2026-09-23 08:14:48,2026-09-23 08:14:48.053
2026-09-23 08:07:09,HISP200,0105,Stefan Woehlke,22,22,0,2026-09-23 08:14:48,2026-09-23 08:14:48.053
2026-09-23 08:07:09,HISP319E,0101,Michelle Magalong,20,20,0,2026-09-23 08:14:48,2026-09-23 08:14:48.218
2026-09-23 08:07:09,HISP319S,0101,Michelle Magalong,30,30,0,2026-09-23 08:14:48,2026-09-23 08:14:48.380
2026-09-23 08:07:09,HISP619E,0101,Michelle Magalong,24,24,0,2026-09-23 08:14:48,2026-09-23 08:14:48.713
2026-09-23 08:07:09,HISP619O,0101,Stefan Woehlke,5,5,0,2026-09-23 08:14:48,2026-09-23 08:14:48.881
2026-09-23 08:07:09,HISP630,0101,Rhonda Sincavage,15,15,0,2026-09-23 08:14:49,2026-09-23 08:14:49.046
2026-09-23 08:07:09,HISP635,0101,Eola Dance,10,10,0,2026-09-23 08:14:49,2026-09-23 08:14:49.207
2026-09-23 08:07:09,HISP640,0101,Frederick Stachura,15,15,0,2026-09-23 08:14:49,2026-09-23 08:14:49.373
2026-09-23 08:07:09,HISP655,0101,Donald Linebaugh,15,15,0,2026-09-23 08:14:49,2026-09-23 08:14:49.542
2026-09-23 08:07:09,HISP660,0101,Instructor: TBA,15,15,0,2026-09-23 08:14:49,2026-09-23 08:14:49.706
2026-09-23 08:07:09,HISP670,0101,Alfonso Narvaez,15,15,0,2026-09-23 08:14:49,2026-09-23 08:14:49.871
2026-09-23 08:07:09,HISP690,0101,Donald Linebaugh,15,15,0,2026-09-23 08:14:50,2026-09-23 08:14:50.041
2026-09-23 08:07:09,HISP701,0101,Instructor: TBA,5,5,0,2026-09-23 08:14:50,2026-09-23 08:14:50.206
2026-09-23 08:07:09,HISP710,0101,Susan Kern,15,15,0,2026-09-23 08:14:50,2026-09-23 08:14:50.370
2026-09-23 08:07:09,HISP711,0101,Susan Kern,15,15,0,2026-09-23 08:14:50,2026-09-23 08:14:50.558
2026-09-23 08:07:09,HLSC102,0101,Sabrina Kramer,94,94,0,2026-09-23 08:15:07,2026-09-23 08:15:07.321
2026-09-23 08:07:09,HLSC102,0102,Jalah Townsend,35,35,0,2026-09-23 08:15:07,2026-09-23 08:15:07.321
2026-09-23 08:07:09,HLSC227,0101,Najib El-Sayed,25,25,0,2026-09-23 08:15:07,2026-09-23 08:15:07.488
2026-09-23 08:07:09,HLSC322,0101,Sabrina Kramer,23,23,0,2026-09-23 08:15:07,2026-09-23 08:15:07.664
2026-09-23 08:07:09,HLSC322,0102,Sabrina Kramer,23,23,0,2026-09-23 08:15:07,2026-09-23 08:15:07.664
2026-09-23 08:07:09,HLSC322,0103,Sabrina Kramer,23,23,0,2026-09-23 08:15:07,2026-09-23 08:15:07.664
2026-09-23 08:07:09,HLSC322,0104,Sabrina Kramer,23,23,0,2026-09-23 08:15:07,2026-09-23 08:15:07.664
2026-09-23 08:07:09,HLSC329,0101,Sabrina Kramer,12,12,0,2026-09-23 08:15:07,2026-09-23 08:15:07.830
2026-09-23 08:07:09,HNUH100,0101,Leigha McReynolds,10,10,0,2026-09-23 08:15:16,2026-09-23 08:15:16.724
2026-09-23 08:07:09,HNUH218D,0101,Brian Gilmore,50,50,0,2026-09-23 08:15:16,2026-09-23 08:15:16.888
2026-09-23 08:07:09,HNUH218L,0101,Shauna Rigaud,20,20,0,2026-09-23 08:15:17,2026-09-23 08:15:17.056
2026-09-23 08:07:09,HNUH218L,0201,Shauna Rigaud,20,20,0,2026-09-23 08:15:17,2026-09-23 08:15:17.057
2026-09-23 08:07:09,HNUH218M,0101,Instructor: TBA,20,20,0,2026-09-23 08:15:17,2026-09-23 08:15:17.222
2026-09-23 08:07:09,HNUH228D,0101,Matthew McLaughlin,60,60,0,2026-09-23 08:15:17,2026-09-23 08:15:17.391
2026-09-23 08:07:09,HNUH228L,0101,Alena Wigodner,20,20,0,2026-09-23 08:15:17,2026-09-23 08:15:17.561
2026-09-23 08:07:09,HNUH228L,0201,Alena Wigodner,20,20,0,2026-09-23 08:15:17,2026-09-23 08:15:17.561
2026-09-23 08:07:09,HNUH228M,0101,Ted Baker,20,20,0,2026-09-23 08:15:17,2026-09-23 08:15:17.725
2026-09-23 08:07:09,HNUH229P,0101,Tyson Slocum,20,20,0,2026-09-23 08:15:17,2026-09-23 08:15:17.888
2026-09-23 08:07:09,HNUH238D,0101,Susan Moeller,60,60,0,2026-09-23 08:15:18,2026-09-23 08:15:18.059
2026-09-23 08:07:09,HNUH238L,0101,Kimberly Johnson,20,20,0,2026-09-23 08:15:18,2026-09-23 08:15:18.226
2026-09-23 08:07:09,HNUH238L,0201,Kimberly Johnson,20,20,0,2026-09-23 08:15:18,2026-09-23 08:15:18.227
2026-09-23 08:07:09,HNUH238M,0101,Daniel Reck,20,20,0,2026-09-23 08:15:18,2026-09-23 08:15:18.392
2026-09-23 08:07:09,HNUH239I,0101,Jon Crocker,20,20,0,2026-09-23 08:15:18,2026-09-23 08:15:18.559
2026-09-23 08:07:09,HNUH248D,0101,Juan Uriagereka,45,45,0,2026-09-23 08:15:18,2026-09-23 08:15:18.722
2026-09-23 08:07:09,HNUH249T,0101,Daniel Rosenthal,20,20,0,2026-09-23 08:15:18,2026-09-23 08:15:18.954
2026-09-23 08:07:09,HNUH258C,0101,Bill Fagan,55,55,0,2026-09-23 08:15:19,2026-09-23 08:15:19.123
2026-09-23 08:07:09,HNUH258O,0101,Amy Green,20,20,0,2026-09-23 08:15:19,2026-09-23 08:15:19.289
2026-09-23 08:07:09,HNUH259T,0101,Ingrid Satelmajer,20,20,0,2026-09-23 08:15:19,2026-09-23 08:15:19.457
2026-09-23 08:07:09,HNUH268C,0101,Perla Guerrero,60,60,0,2026-09-23 08:15:19,2026-09-23 08:15:19.621
2026-09-23 08:07:09,HNUH268Q,0101,Ebonie Johnson Cooper,20,20,0,2026-09-23 08:15:19,2026-09-23 08:15:19.833
2026-09-23 08:07:09,HNUH268R,0201,Vasfiye Toprak,20,20,0,2026-09-23 08:15:19,2026-09-23 08:15:19.994
2026-09-23 08:07:09,HNUH269T,0101,James Stillwell,20,20,0,2026-09-23 08:15:20,2026-09-23 08:15:20.157
2026-09-23 08:07:09,HNUH278C,0101,Chinyere Osuji,60,60,0,2026-09-23 08:15:20,2026-09-23 08:15:20.353
2026-09-23 08:07:09,HNUH278I,0101,Marisa Franco,20,20,0,2026-09-23 08:15:20,2026-09-23 08:15:20.554
2026-09-23 08:07:09,HNUH278I,0201,Marisa Franco,20,20,0,2026-09-23 08:15:20,2026-09-23 08:15:20.554
2026-09-23 08:07:09,HNUH278O,0101,DeNeen Brown,20,20,0,2026-09-23 08:15:20,2026-09-23 08:15:20.719
2026-09-23 08:07:09,HNUH278Q,0101,Instructor: TBA,20,20,0,2026-09-23 08:15:20,2026-09-23 08:15:20.897
2026-09-23 08:07:09,HNUH278R,0101,Max Barnewitz,20,20,0,2026-09-23 08:15:21,2026-09-23 08:15:21.061
2026-09-23 08:07:09,HNUH288C,0101,Julia Steinberg,30,30,0,2026-09-23 08:15:21,2026-09-23 08:15:21.227
2026-09-23 08:07:09,HNUH288C,0102,Julia Steinberg,30,30,0,2026-09-23 08:15:21,2026-09-23 08:15:21.227
2026-09-23 08:07:09,HNUH288O,0101,Ariana Nash,20,20,0,2026-09-23 08:15:21,2026-09-23 08:15:21.415
2026-09-23 08:07:09,HNUH300,0201,Vasfiye Toprak,20,20,0,2026-09-23 08:15:21,2026-09-23 08:15:21.595
2026-09-23 08:07:09,HNUH300,0301,Shauna Rigaud,20,20,0,2026-09-23 08:15:21,2026-09-23 08:15:21.595
2026-09-23 08:07:09,HNUH300,0401,Instructor: TBA,20,20,0,2026-09-23 08:15:21,2026-09-23 08:15:21.595
2026-09-23 08:07:09,HNUH300,0501,Kimberly Johnson,20,20,0,2026-09-23 08:15:21,2026-09-23 08:15:21.595
2026-09-23 08:07:09,HNUH300,0701,Vasfiye Toprak,20,20,0,2026-09-23 08:15:21,2026-09-23 08:15:21.596
2026-09-23 08:07:09,HNUH300,0801,Instructor: TBA,20,20,0,2026-09-23 08:15:21,2026-09-23 08:15:21.596
2026-09-23 08:07:09,HNUH300,0901,Alena Wigodner,20,20,0,2026-09-23 08:15:21,2026-09-23 08:15:21.596
2026-09-23 08:07:09,HNUH300,1001,Robert Graham,20,20,0,2026-09-23 08:15:21,2026-09-23 08:15:21.596
2026-09-23 08:07:09,HNUH300,1101,Instructor: TBA,20,20,0,2026-09-23 08:15:21,2026-09-23 08:15:21.596
2026-09-23 08:07:09,HNUH398P,0101,Jayakumar Arasan,120,120,0,2026-09-23 08:15:21,2026-09-23 08:15:21.764
2026-09-23 08:07:09,HNUH398P,0201,Jayakumar Arasan,120,120,0,2026-09-23 08:15:21,2026-09-23 08:15:21.765
2026-09-23 08:07:09,HONR379W,0101,Blake Wilder,15,15,0,2026-09-23 08:15:23,2026-09-23 08:15:23.030
2026-09-23 08:07:09,IDEA201,0101,Mira Azarm,20,20,0,2026-09-23 08:15:24,2026-09-23 08:15:24.305
2026-09-23 08:07:09,IDEA201,0102,Christina Hnatov,10,10,0,2026-09-23 08:15:24,2026-09-23 08:15:24.305
2026-09-23 08:07:09,IDEA201,0103,Brooke Smith,60,60,0,2026-09-23 08:15:24,2026-09-23 08:15:24.305
2026-09-23 08:07:09,IDEA201,0104,Brooke Smith,60,60,0,2026-09-23 08:15:24,2026-09-23 08:15:24.305
2026-09-23 08:07:09,IDEA311,0101,Brooke Smith,40,40,0,2026-09-23 08:15:24,2026-09-23 08:15:24.503
2026-09-23 08:07:09,IDEA311,0102,Brooke Smith,15,15,0,2026-09-23 08:15:24,2026-09-23 08:15:24.503
2026-09-23 08:07:09,IMDM101,0101,Stevens Miller,30,30,0,2026-09-23 08:15:26,2026-09-23 08:15:26.118
2026-09-23 08:07:09,IMDM101,0201,Stevens Miller,30,30,0,2026-09-23 08:15:26,2026-09-23 08:15:26.119
2026-09-23 08:07:09,IMDM101,0301,Myungin Lee,30,30,0,2026-09-23 08:15:26,2026-09-23 08:15:26.119
2026-09-23 08:07:09,IMDM127,0101,Matthew Nolan,30,30,0,2026-09-23 08:15:26,2026-09-23 08:15:26.284
2026-09-23 08:07:09,IMDM150,0101,Cy Keener,45,45,0,2026-09-23 08:15:26,2026-09-23 08:15:26.447
2026-09-23 08:07:09,IMDM290,0101,Myungin Lee,30,30,0,2026-09-23 08:15:26,2026-09-23 08:15:26.615
2026-09-23 08:07:09,IMDM290,0201,Myungin Lee,30,30,0,2026-09-23 08:15:26,2026-09-23 08:15:26.616
2026-09-23 08:07:09,IMDM390,0101,Stefano Passeri,30,30,0,2026-09-23 08:15:26,2026-09-23 08:15:26.779
2026-09-23 08:07:09,IMDM390,0201,Stefano Passeri,30,30,0,2026-09-23 08:15:26,2026-09-23 08:15:26.780
2026-09-23 08:07:09,IMDM491,0101,Matthew Nolan,30,30,0,2026-09-23 08:15:27,2026-09-23 08:15:27.106
2026-09-23 08:07:09,IMDM491,0201,Matthew Nolan,30,30,0,2026-09-23 08:15:27,2026-09-23 08:15:27.106
2026-09-23 08:07:09,IMDM498I,0101,Snehesh Shrestha,16,16,0,2026-09-23 08:15:27,2026-09-23 08:15:27.269
2026-09-23 08:07:09,IMDM498J,0101,Yael Inbar,15,15,0,2026-09-23 08:15:27,2026-09-23 08:15:27.436
2026-09-23 08:07:09,IMMR200,0101,Instructor: TBA,40,40,0,2026-09-23 08:15:28,2026-09-23 08:15:28.872
2026-09-23 08:07:09,IMMR394,0101,Wenxi Yang,25,25,0,2026-09-23 08:15:29,2026-09-23 08:15:29.036
2026-09-23 08:07:09,IMMR399,0101,Christina Getrich,1,1,0,2026-09-23 08:15:29,2026-09-23 08:15:29.199
2026-09-23 08:07:09,INFM612,IM01,Instructor: TBA,40,40,0,2026-09-23 08:15:33,2026-09-23 08:15:33.603
2026-09-23 08:07:09,INFM737,IM01,David Loshin,40,40,0,2026-09-23 08:15:33,2026-09-23 08:15:33.768
2026-09-23 08:07:09,ISRL187,0101,Bernard Cooperman,23,23,0,2026-09-23 08:15:47,2026-09-23 08:15:47.626
2026-09-23 08:07:09,ISRL187,0102,Bernard Cooperman,23,23,0,2026-09-23 08:15:47,2026-09-23 08:15:47.626
2026-09-23 08:07:09,ISRL187,0103,Bernard Cooperman,23,23,0,2026-09-23 08:15:47,2026-09-23 08:15:47.626
2026-09-23 08:07:09,ISRL249O,0101,Aner Tal,35,35,0,2026-09-23 08:15:47,2026-09-23 08:15:47.793
2026-09-23 08:07:09,ISRL249P,0101,Aliza Sandalon,15,15,0,2026-09-23 08:15:47,2026-09-23 08:15:47.960
2026-09-23 08:07:09,ISRL282,0101,Shirelle Doughty,30,30,0,2026-09-23 08:15:48,2026-09-23 08:15:48.124
2026-09-23 08:07:09,ISRL329D,0101,Regev Ben-David,35,35,0,2026-09-23 08:15:48,2026-09-23 08:15:48.289
2026-09-23 08:07:09,ISRL329Y,0101,Marwa Maziad,30,30,0,2026-09-23 08:15:48,2026-09-23 08:15:48.457
2026-09-23 08:07:09,ISRL342,0101,Elli Lieberman,35,35,0,2026-09-23 08:15:48,2026-09-23 08:15:48.626
2026-09-23 08:07:09,ISRL349N,0101,Morad Elsana,30,30,0,2026-09-23 08:15:48,2026-09-23 08:15:48.792
2026-09-23 08:07:09,ISRL349W,0101,Avital Karpman,35,35,0,2026-09-23 08:15:48,2026-09-23 08:15:49.000
2026-09-23 08:07:09,ISRL380,0101,Regev Ben-David,35,35,0,2026-09-23 08:15:49,2026-09-23 08:15:49.166
2026-09-23 08:07:09,ISRL383,0101,Ilai Saltzman,35,35,0,2026-09-23 08:15:49,2026-09-23 08:15:49.330
2026-09-23 08:07:09,JAPN102,0101,Kumiko Akikawa,15,15,0,2026-09-23 08:15:52,2026-09-23 08:15:52.500
2026-09-23 08:07:09,JAPN102,0201,Kumiko Akikawa,15,15,0,2026-09-23 08:15:52,2026-09-23 08:15:52.500
2026-09-23 08:07:09,JAPN202,0101,Makiko Inoue,15,15,0,2026-09-23 08:15:52,2026-09-23 08:15:52.665
2026-09-23 08:07:09,JAPN202,0201,Makiko Inoue,15,15,0,2026-09-23 08:15:52,2026-09-23 08:15:52.665
2026-09-23 08:07:09,JAPN302,0101,Mari Hamada,15,15,0,2026-09-23 08:15:52,2026-09-23 08:15:52.837
2026-09-23 08:07:09,JAPN306,0101,Lindsay Yotsukura,15,15,0,2026-09-23 08:15:52,2026-09-23 08:15:53.002
2026-09-23 08:07:09,JAPN335,0101,Michele Mason,20,20,0,2026-09-23 08:15:53,2026-09-23 08:15:53.170
2026-09-23 08:07:09,JAPN355,0101,Jyana Browne,20,20,0,2026-09-23 08:15:53,2026-09-23 08:15:53.337
2026-09-23 08:07:09,JAPN361,0101,Instructor: TBA,20,20,0,2026-09-23 08:15:53,2026-09-23 08:15:53.503
2026-09-23 08:07:09,JAPN425,0101,Michele Mason,25,25,0,2026-09-23 08:15:53,2026-09-23 08:15:53.829
2026-09-23 08:07:09,JAPN457,0101,Lindsay Yotsukura,15,15,0,2026-09-23 08:15:53,2026-09-23 08:15:53.993
2026-09-23 08:07:09,JWST187,0101,Bernard Cooperman,23,23,0,2026-09-23 08:16:08,2026-09-23 08:16:08.781
2026-09-23 08:07:09,JWST187,0102,Bernard Cooperman,23,23,0,2026-09-23 08:16:08,2026-09-23 08:16:08.782
2026-09-23 08:07:09,JWST187,0103,Bernard Cooperman,23,23,0,2026-09-23 08:16:08,2026-09-23 08:16:08.782
2026-09-23 08:07:09,JWST233,0101,Hayim Lapin,45,45,0,2026-09-23 08:16:08,2026-09-23 08:16:08.949
2026-09-23 08:07:09,JWST319A,0101,Daniel Richter,35,35,0,2026-09-23 08:16:09,2026-09-23 08:16:09.115
2026-09-23 08:07:09,JWST319J,0101,Nathan Levine,35,35,0,2026-09-23 08:16:09,2026-09-23 08:16:09.426
2026-09-23 08:07:09,JWST319P,0101,Lauren Kotkin,18,18,0,2026-09-23 08:16:09,2026-09-23 08:16:09.592
2026-09-23 08:07:09,JWST319Q,0101,Regev Ben-David,35,35,0,2026-09-23 08:16:09,2026-09-23 08:16:09.756
2026-09-23 08:07:09,JWST319W,0101,Avital Karpman,35,35,0,2026-09-23 08:16:09,2026-09-23 08:16:09.925
2026-09-23 08:07:09,JWST324,0101,Matthew Suriano,25,25,0,2026-09-23 08:16:10,2026-09-23 08:16:10.131
2026-09-23 08:07:09,JWST386,0101,Instructor: TBA,5,5,0,2026-09-23 08:16:10,2026-09-23 08:16:10.296
2026-09-23 08:07:09,JWST419B,0101,Bernard Cooperman,9,9,0,2026-09-23 08:16:10,2026-09-23 08:16:10.619
2026-09-23 08:07:09,JWST427,0101,Matthew Suriano,15,15,0,2026-09-23 08:16:10,2026-09-23 08:16:10.787
2026-09-23 08:07:09,JWST469C,0101,Bernard Cooperman,10,10,0,2026-09-23 08:16:10,2026-09-23 08:16:10.952
2026-09-23 08:07:09,KORA101,0101,Seong Minne Koh,15,15,0,2026-09-23 08:16:26,2026-09-23 08:16:26.430
2026-09-23 08:07:09,KORA102,0101,Saerom Kwak,15,15,0,2026-09-23 08:16:26,2026-09-23 08:16:26.602
2026-09-23 08:07:09,KORA102,0201,Saerom Kwak,15,15,0,2026-09-23 08:16:26,2026-09-23 08:16:26.602
2026-09-23 08:07:09,KORA102,0301,Saerom Kwak,15,15,0,2026-09-23 08:16:26,2026-09-23 08:16:26.602
2026-09-23 08:07:09,KORA102,0401,Saerom Kwak,15,15,0,2026-09-23 08:16:26,2026-09-23 08:16:26.602
2026-09-23 08:07:09,KORA202,0101,Seong Minne Koh,15,15,0,2026-09-23 08:16:26,2026-09-23 08:16:26.773
2026-09-23 08:07:09,KORA202,0301,Seong Minne Koh,15,15,0,2026-09-23 08:16:26,2026-09-23 08:16:26.773
2026-09-23 08:07:09,KORA398O,0101,Instructor: TBA,10,10,0,2026-09-23 08:16:26,2026-09-23 08:16:26.939
2026-09-23 08:07:09,KORA398V,0101,Seong Minne Koh,10,10,0,2026-09-23 08:16:27,2026-09-23 08:16:27.105
2026-09-23 08:07:09,LEAD217,0101,Pamela Scott,25,25,0,2026-09-23 08:16:37,2026-09-23 08:16:37.764
2026-09-23 08:07:09,LEAD217,0201,Pamela Scott,25,25,0,2026-09-23 08:16:37,2026-09-23 08:16:37.765
2026-09-23 08:07:09,LEAD321,0101,Courtney Holder,10,10,0,2026-09-23 08:16:37,2026-09-23 08:16:37.937
2026-09-23 08:07:09,LEAD417,0101,Anastasia Lavrenyuk,20,20,0,2026-09-23 08:16:38,2026-09-23 08:16:38.103
2026-09-23 08:07:09,LGBT200,0101,Sayan Bhattacharya,25,25,0,2026-09-23 08:16:39,2026-09-23 08:16:39.388
2026-09-23 08:07:09,LGBT200,0102,Sayan Bhattacharya,25,25,0,2026-09-23 08:16:39,2026-09-23 08:16:39.389
2026-09-23 08:07:09,LGBT265,0201,Instructor: TBA,30,30,0,2026-09-23 08:16:39,2026-09-23 08:16:39.551
2026-09-23 08:07:09,LGBT310,0101,Sayan Bhattacharya,25,25,0,2026-09-23 08:16:39,2026-09-23 08:16:39.713
2026-09-23 08:07:09,LGBT475,0101,Sydney Lewis,20,20,0,2026-09-23 08:16:39,2026-09-23 08:16:39.880
2026-09-23 08:07:09,MLAW150,0101,David Gray,25,25,0,2026-09-23 08:17:02,2026-09-23 08:17:02.135
2026-09-23 08:07:09,MLAW150,0102,David Gray,25,25,0,2026-09-23 08:17:02,2026-09-23 08:17:02.135
2026-09-23 08:07:09,MLAW150,0103,David Gray,25,25,0,2026-09-23 08:17:02,2026-09-23 08:17:02.135
2026-09-23 08:07:09,MLAW304,0101,Christine White,40,40,0,2026-09-23 08:17:02,2026-09-23 08:17:02.322
2026-09-23 08:07:09,MLAW305,0201,Brian Gilmore,60,60,0,2026-09-23 08:17:02,2026-09-23 08:17:02.527
2026-09-23 08:07:09,MLAW325,0101,Grace Benton,12,12,0,2026-09-23 08:17:02,2026-09-23 08:17:02.723
2026-09-23 08:07:09,MLAW358W,0101,Michael Spivey,25,25,0,2026-09-23 08:17:02,2026-09-23 08:17:02.920
2026-09-23 08:07:09,MLAW358W,0102,Michael Spivey,25,25,0,2026-09-23 08:17:02,2026-09-23 08:17:02.920
2026-09-23 08:07:09,MLAW358W,0103,Michael Spivey,25,25,0,2026-09-23 08:17:02,2026-09-23 08:17:02.920
2026-09-23 08:07:09,MLAW358W,0104,Michael Spivey,25,25,0,2026-09-23 08:17:02,2026-09-23 08:17:02.920
2026-09-23 08:07:09,MLAW358W,0105,Michael Spivey,25,25,0,2026-09-23 08:17:02,2026-09-23 08:17:02.920
2026-09-23 08:07:09,MLAW358W,0106,Michael Spivey,25,25,0,2026-09-23 08:17:02,2026-09-23 08:17:02.921
2026-09-23 08:07:09,MLAW358Y,0101,Martin Kobren,5,5,0,2026-09-23 08:17:03,2026-09-23 08:17:03.086
2026-09-23 08:07:09,MLAW358Z,0101,Christine White,19,19,0,2026-09-23 08:17:03,2026-09-23 08:17:03.258
2026-09-23 08:07:09,MLAW359,0101,Brandee Pettus,8,8,0,2026-09-23 08:17:03,2026-09-23 08:17:03.433
2026-09-23 08:07:09,MLAW378E,0101,Brandee Pettus,5,5,0,2026-09-23 08:17:03,2026-09-23 08:17:03.599
2026-09-23 08:07:09,MLAW378F,0101,Brian Gilmore,15,15,0,2026-09-23 08:17:03,2026-09-23 08:17:03.766
2026-09-23 08:07:09,MLAW378J,0101,Natalie Ram,20,20,0,2026-09-23 08:17:03,2026-09-23 08:17:03.928
2026-09-23 08:07:09,MLAW378T,0101,Marley Weiss,20,20,0,2026-09-23 08:17:04,2026-09-23 08:17:04.096
2026-09-23 08:07:09,MLAW388,0101,Brandee Pettus,33,33,0,2026-09-23 08:17:04,2026-09-23 08:17:04.262
2026-09-23 08:07:09,MLAW388,0201,Brandee Pettus,6,6,0,2026-09-23 08:17:04,2026-09-23 08:17:04.263
2026-09-23 08:07:09,MLAW404,0101,Christine White,75,75,0,2026-09-23 08:17:04,2026-09-23 08:17:04.426
2026-09-23 08:07:09,MSAI602,PCS1,Tammy Perrin,30,30,0,2026-09-23 08:17:05,2026-09-23 08:17:05.699
2026-09-23 08:07:09,MSAI603,PWS1,Kemal Davaslioglu,50,50,0,2026-09-23 08:17:05,2026-09-23 08:17:05.861
2026-09-23 08:07:09,MSAI605,PCS1,Jerry Wu,55,55,0,2026-09-23 08:17:06,2026-09-23 08:17:06.071
2026-09-23 08:07:09,MSAI605,PCS2,Samet Ayhan,55,55,0,2026-09-23 08:17:06,2026-09-23 08:17:06.071
2026-09-23 08:07:09,MSAI605,PCS3,Rajeev Barua,65,65,0,2026-09-23 08:17:06,2026-09-23 08:17:06.072
2026-09-23 08:07:09,MSML602,PCS1,Tammy Perrin,30,30,0,2026-09-23 08:17:07,2026-09-23 08:17:07.371
2026-09-23 08:07:09,MSML603,PWS1,Kemal Davaslioglu,50,50,0,2026-09-23 08:17:07,2026-09-23 08:17:07.536
2026-09-23 08:07:09,MSML604,PCS1,Richard La,38,38,0,2026-09-23 08:17:07,2026-09-23 08:17:07.705
2026-09-23 08:07:09,MSML604,PCS2,Richard La,38,38,0,2026-09-23 08:17:07,2026-09-23 08:17:07.705
2026-09-23 08:07:09,MSML604,PCS3,Siddharth Pal,55,55,0,2026-09-23 08:17:07,2026-09-23 08:17:07.706
2026-09-23 08:07:09,MSML605,PCS1,Jerry Wu,55,55,0,2026-09-23 08:17:07,2026-09-23 08:17:07.877
2026-09-23 08:07:09,MSML605,PCS2,Samet Ayhan,55,55,0,2026-09-23 08:17:07,2026-09-23 08:17:07.877
2026-09-23 08:07:09,MSML605,PCS3,Rajeev Barua,65,65,0,2026-09-23 08:17:07,2026-09-23 08:17:07.877
2026-09-23 08:07:09,MSML606,PCS2,Sujeong Kim,55,55,0,2026-09-23 08:17:08,2026-09-23 08:17:08.080
2026-09-23 08:07:09,MSML606,PCS3,Samet Ayhan,55,55,0,2026-09-23 08:17:08,2026-09-23 08:17:08.080
2026-09-23 08:07:09,MSML612,PCS1,Samet Ayhan,55,55,0,2026-09-23 08:17:08,2026-09-23 08:17:08.251
2026-09-23 08:07:09,MSML612,PCS2,Samet Ayhan,55,55,0,2026-09-23 08:17:08,2026-09-23 08:17:08.252
2026-09-23 08:07:09,MSML612,PCS3,Emre Gunduzhan,55,55,0,2026-09-23 08:17:08,2026-09-23 08:17:08.252
2026-09-23 08:07:09,MSML640,PCS1,Jerry Wu,70,70,0,2026-09-23 08:17:08,2026-09-23 08:17:08.418
2026-09-23 08:07:09,MSML640,PCS2,Sujeong Kim,55,55,0,2026-09-23 08:17:08,2026-09-23 08:17:08.419
2026-09-23 08:07:09,MSML641,PCS1,Armin Mehrabian,55,55,0,2026-09-23 08:17:08,2026-09-23 08:17:08.588
2026-09-23 08:07:09,NAVY101,0101,Beau Cisneros,30,30,0,2026-09-23 08:17:30,2026-09-23 08:17:30.409
2026-09-23 08:07:09,NAVY108,0101,Christopher Boehm,150,150,0,2026-09-23 08:17:30,2026-09-23 08:17:30.575
2026-09-23 08:07:09,NAVY201,0101,Austin Cranfill,30,30,0,2026-09-23 08:17:30,2026-09-23 08:17:30.752
2026-09-23 08:07:09,NAVY301,0101,Beau Cisneros,35,35,0,2026-09-23 08:17:30,2026-09-23 08:17:30.919
2026-09-23 08:07:09,NAVY401,0101,John Gonser,36,36,0,2026-09-23 08:17:31,2026-09-23 08:17:31.083
2026-09-23 08:07:09,NAVY402,0102,Jenna Weiner,25,25,0,2026-09-23 08:17:31,2026-09-23 08:17:31.250
2026-09-23 08:07:09,NEUR200,0101,Ana Navarro Cebrian,90,90,0,2026-09-23 08:17:32,2026-09-23 08:17:32.556
2026-09-23 08:07:09,NEUR200,0201,Ana Navarro Cebrian,90,90,0,2026-09-23 08:17:32,2026-09-23 08:17:32.556
2026-09-23 08:07:09,NEUR305,0101,Amanda Chicoli,90,90,0,2026-09-23 08:17:32,2026-09-23 08:17:32.726
2026-09-23 08:07:09,NEUR306,0101,Chan Lin,64,64,0,2026-09-23 08:17:32,2026-09-23 08:17:32.899
2026-09-23 08:07:09,NEUR306,0102,Melissa Caras,40,40,0,2026-09-23 08:17:32,2026-09-23 08:17:32.899
2026-09-23 08:07:09,NEUR338A,0101,Amanda Chicoli,20,20,0,2026-09-23 08:17:33,2026-09-23 08:17:33.223
2026-09-23 08:07:09,NEUR398H,0101,Nikolas Francis,20,20,0,2026-09-23 08:17:33,2026-09-23 08:17:33.706
2026-09-23 08:07:09,NEUR405,0101,Hilary Bierman,16,16,0,2026-09-23 08:17:33,2026-09-23 08:17:33.880
2026-09-23 08:07:09,NEUR405,0102,Hilary Bierman,16,16,0,2026-09-23 08:17:33,2026-09-23 08:17:33.880
2026-09-23 08:07:09,NEUR405,0103,Hilary Bierman,16,16,0,2026-09-23 08:17:33,2026-09-23 08:17:33.881
2026-09-23 08:07:09,NEUR405,0106,Hilary Bierman,16,16,0,2026-09-23 08:17:33,2026-09-23 08:17:33.881
2026-09-23 08:07:09,PEER318,0101,Christina Jay,15,15,0,2026-09-23 08:17:40,2026-09-23 08:17:40.284
2026-09-23 08:07:09,PEER319,0101,Grace Boudreau,15,15,0,2026-09-23 08:17:40,2026-09-23 08:17:40.453
2026-09-23 08:07:09,PEER322,0101,Aleia Gardner,15,15,0,2026-09-23 08:17:40,2026-09-23 08:17:40.617
2026-09-23 08:07:09,PHPE308A,0101,Rachel Singpurwalla,25,25,0,2026-09-23 08:17:47,2026-09-23 08:17:47.599
2026-09-23 08:07:09,PHPE308P,0101,Xinzhi Zhao,30,30,0,2026-09-23 08:17:47,2026-09-23 08:17:47.764
2026-09-23 08:07:09,PHPE308U,0101,Aner Tal,35,35,0,2026-09-23 08:17:47,2026-09-23 08:17:47.930
2026-09-23 08:07:09,PHPE400,0101,Instructor: TBA,30,30,0,2026-09-23 08:17:48,2026-09-23 08:17:48.252
2026-09-23 08:07:09,PHPE401,0101,Xinzhi Zhao,27,27,0,2026-09-23 08:17:48,2026-09-23 08:17:48.450
2026-09-23 08:07:09,PHPE401,0102,Xinzhi Zhao,27,27,0,2026-09-23 08:17:48,2026-09-23 08:17:48.450
2026-09-23 08:07:09,PHPE402,0101,Ben Fan,30,30,0,2026-09-23 08:17:48,2026-09-23 08:17:48.617
2026-09-23 08:07:09,PHPE408M,0101,Nicholas Laskowski,25,25,0,2026-09-23 08:17:48,2026-09-23 08:17:48.783
2026-09-23 08:07:09,PHPE408Z,0101,Avia Pasternak,30,30,0,2026-09-23 08:17:48,2026-09-23 08:17:48.955
2026-09-23 08:07:09,PHSC201,0101,Kayla Hoffman,30,30,0,2026-09-23 08:17:50,2026-09-23 08:17:50.284
2026-09-23 08:07:09,PHSC388F,0101,Jennifer German,30,30,0,2026-09-23 08:17:50,2026-09-23 08:17:50.450
2026-09-23 08:07:09,PHSC399,0101,Shannon Edward,30,30,0,2026-09-23 08:17:50,2026-09-23 08:17:50.782
2026-09-23 08:07:09,PHSC399,ESG1,Shannon Edward,20,20,0,2026-09-23 08:17:50,2026-09-23 08:17:50.782
2026-09-23 08:07:09,PHSC415,0101,Jessica O'Hara,36,36,0,2026-09-23 08:17:50,2026-09-23 08:17:50.959
2026-09-23 08:07:09,PHSC415,0102,Jessica O'Hara,36,36,0,2026-09-23 08:17:50,2026-09-23 08:17:50.959
2026-09-23 08:07:09,PHSC415,0103,Jessica O'Hara,36,36,0,2026-09-23 08:17:50,2026-09-23 08:17:50.959
2026-09-23 08:07:09,PHSC415,0104,Jessica O'Hara,36,36,0,2026-09-23 08:17:50,2026-09-23 08:17:50.959
2026-09-23 08:07:09,PHSC415,0105,Jessica O'Hara,36,36,0,2026-09-23 08:17:50,2026-09-23 08:17:50.959
2026-09-23 08:07:09,PHSC430,0101,Kendall Bustad,35,35,0,2026-09-23 08:17:51,2026-09-23 08:17:51.126
2026-09-23 08:07:09,PHSC430,ESG1,Kendall Bustad,8,8,0,2026-09-23 08:17:51,2026-09-23 08:17:51.126
2026-09-23 08:07:09,PHSC450,0101,Kendall Bustad,20,20,0,2026-09-23 08:17:51,2026-09-23 08:17:51.313
2026-09-23 08:07:09,PHSC450,0102,Kendall Bustad,20,20,0,2026-09-23 08:17:51,2026-09-23 08:17:51.313
2026-09-23 08:07:09,PHSC450,0103,Kendall Bustad,20,20,0,2026-09-23 08:17:51,2026-09-23 08:17:51.314
2026-09-23 08:07:09,PHSC450,0104,Kendall Bustad,20,20,0,2026-09-23 08:17:51,2026-09-23 08:17:51.314
2026-09-23 08:07:09,PHSC450,0105,Kendall Bustad,20,20,0,2026-09-23 08:17:51,2026-09-23 08:17:51.314
2026-09-23 08:07:09,PHSC450,0106,Kendall Bustad,20,20,0,2026-09-23 08:17:51,2026-09-23 08:17:51.314
2026-09-23 08:07:09,PHSC450,0107,Kendall Bustad,20,20,0,2026-09-23 08:17:51,2026-09-23 08:17:51.314
2026-09-23 08:07:09,PHSC450,ESG1,Kendall Bustad,35,35,0,2026-09-23 08:17:51,2026-09-23 08:17:51.314
2026-09-23 08:07:09,PHSC490,0101,Shannon Edward,30,30,0,2026-09-23 08:17:51,2026-09-23 08:17:51.486
2026-09-23 08:07:09,PHSC497,0101,Gretchen De Silva,20,20,0,2026-09-23 08:17:51,2026-09-23 08:17:51.681
2026-09-23 08:07:09,PHSC497,0201,Kendall Bustad,20,20,0,2026-09-23 08:17:51,2026-09-23 08:17:51.681
2026-09-23 08:07:09,PHSC497,0301,Gretchen De Silva,20,20,0,2026-09-23 08:17:51,2026-09-23 08:17:51.681
2026-09-23 08:07:09,PHSC497,0401,Aysha Jawed,20,20,0,2026-09-23 08:17:51,2026-09-23 08:17:51.682
2026-09-23 08:07:09,PHSC497,0501,Jennifer German,20,20,0,2026-09-23 08:17:51,2026-09-23 08:17:51.682
2026-09-23 08:07:09,PHSC497,0601,Carmen Booker,20,20,0,2026-09-23 08:17:51,2026-09-23 08:17:51.682
2026-09-23 08:07:09,PHSC497,0701,Lakeshia Watson,20,20,0,2026-09-23 08:17:51,2026-09-23 08:17:51.682
2026-09-23 08:07:09,PHSC497,0801,Lakeshia Watson,20,20,0,2026-09-23 08:17:51,2026-09-23 08:17:51.682
2026-09-23 08:07:09,PHSC497,0901,Darya Soltani,20,20,0,2026-09-23 08:17:51,2026-09-23 08:17:51.683
2026-09-23 08:07:09,PHSC497,1001,Brienna Anderson,20,20,0,2026-09-23 08:17:51,2026-09-23 08:17:51.683
2026-09-23 08:07:09,PHSC497,1101,Margaret Smith,20,20,0,2026-09-23 08:17:51,2026-09-23 08:17:51.683
2026-09-23 08:07:09,PHSC497,1201,Eric Silfen,20,20,0,2026-09-23 08:17:51,2026-09-23 08:17:51.683
2026-09-23 08:07:09,PHSC497,1301,Lakeshia Watson,20,20,0,2026-09-23 08:17:51,2026-09-23 08:17:51.683
2026-09-23 08:07:09,PHSC497,ESG1,Ann Truelove,20,20,0,2026-09-23 08:17:51,2026-09-23 08:17:51.683
2026-09-23 08:07:09,RDEV250,0101,Wayne Ricardo Curtis,75,75,0,2026-09-23 08:18:27,2026-09-23 08:18:27.745
2026-09-23 08:07:09,RDEV250,0102,Wayne Ricardo Curtis,75,75,0,2026-09-23 08:18:27,2026-09-23 08:18:27.745
2026-09-23 08:07:09,RDEV270,0101,John Park,30,30,0,2026-09-23 08:18:27,2026-09-23 08:18:27.919
2026-09-23 08:07:09,RDEV350,0101,Jesse Saginor,25,25,0,2026-09-23 08:18:28,2026-09-23 08:18:28.091
2026-09-23 08:07:09,RDEV350,0102,Instructor: TBA,30,30,0,2026-09-23 08:18:28,2026-09-23 08:18:28.091
2026-09-23 08:07:09,RDEV410,0101,Peter Goldsmith,30,30,0,2026-09-23 08:18:28,2026-09-23 08:18:28.255
2026-09-23 08:07:09,RDEV415,0101,Bilal Ali,20,20,0,2026-09-23 08:18:28,2026-09-23 08:18:28.423
2026-09-23 08:07:09,RDEV445,0101,Matthew O'Malley,15,15,0,2026-09-23 08:18:28,2026-09-23 08:18:28.590
2026-09-23 08:07:09,RDEV450,0101,Kathryn Corby,30,30,0,2026-09-23 08:18:28,2026-09-23 08:18:28.760
2026-09-23 08:07:09,RDEV450,0102,Thomas Dwyer,20,20,0,2026-09-23 08:18:28,2026-09-23 08:18:28.760
2026-09-23 08:07:09,RDEV450,0103,John Park,30,30,0,2026-09-23 08:18:28,2026-09-23 08:18:28.760
2026-09-23 08:07:09,RDEV478D,0101,Jesse Saginor,20,20,0,2026-09-23 08:18:28,2026-09-23 08:18:28.923
2026-09-23 08:07:09,RDEV600,0101,Jesse Saginor,10,10,0,2026-09-23 08:18:29,2026-09-23 08:18:29.095
2026-09-23 08:07:09,RDEV603,0101,Thomas Dwyer,18,18,0,2026-09-23 08:18:29,2026-09-23 08:18:29.260
2026-09-23 08:07:09,RDEV610,0101,David Warner,20,20,0,2026-09-23 08:18:29,2026-09-23 08:18:29.427
2026-09-23 08:07:09,RDEV615,0101,Bilal Ali,20,20,0,2026-09-23 08:18:29,2026-09-23 08:18:29.587
2026-09-23 08:07:09,RDEV630,0101,Mansur Abdul-Malik,30,30,0,2026-09-23 08:18:29,2026-09-23 08:18:29.754
2026-09-23 08:07:09,RDEV650,0101,Matthew O'Malley,25,25,0,2026-09-23 08:18:29,2026-09-23 08:18:29.916
2026-09-23 08:07:09,RDEV689F,0101,Zachary Marks,20,20,0,2026-09-23 08:18:30,2026-09-23 08:18:30.083
2026-09-23 08:07:09,RDEV689I,0101,Ronald McDonald,14,14,0,2026-09-23 08:18:30,2026-09-23 08:18:30.251
2026-09-23 08:07:09,RDEV689R,0101,Nick Egelanian,15,15,0,2026-09-23 08:18:30,2026-09-23 08:18:30.414
2026-09-23 08:07:09,RDEV689Y,0101,Instructor: TBA,12,12,0,2026-09-23 08:18:30,2026-09-23 08:18:30.595
2026-09-23 08:07:09,RDEV690,0101,Tanya Bansal,12,12,0,2026-09-23 08:18:30,2026-09-23 08:18:30.760
2026-09-23 08:07:09,RELS170,0101,Katherine Wasdin,21,21,0,2026-09-23 08:18:32,2026-09-23 08:18:32.094
2026-09-23 08:07:09,RELS170,0102,Katherine Wasdin,21,21,0,2026-09-23 08:18:32,2026-09-23 08:18:32.095
2026-09-23 08:07:09,RELS170,0103,Katherine Wasdin,21,21,0,2026-09-23 08:18:32,2026-09-23 08:18:32.095
2026-09-23 08:07:09,RELS170,0104,Katherine Wasdin,21,21,0,2026-09-23 08:18:32,2026-09-23 08:18:32.095
2026-09-23 08:07:09,RELS170,0105,Katherine Wasdin,21,21,0,2026-09-23 08:18:32,2026-09-23 08:18:32.095
2026-09-23 08:07:09,RELS170,0106,Katherine Wasdin,21,21,0,2026-09-23 08:18:32,2026-09-23 08:18:32.095
2026-09-23 08:07:09,RELS170,0107,Katherine Wasdin,21,21,0,2026-09-23 08:18:32,2026-09-23 08:18:32.096
2026-09-23 08:07:09,RELS170,0108,Katherine Wasdin,21,21,0,2026-09-23 08:18:32,2026-09-23 08:18:32.096
2026-09-23 08:07:09,RELS170,0109,Katherine Wasdin,21,21,0,2026-09-23 08:18:32,2026-09-23 08:18:32.096
2026-09-23 08:07:09,RELS264,0101,Jay Moses,30,30,0,2026-09-23 08:18:32,2026-09-23 08:18:32.263
2026-09-23 08:07:09,RELS271,0101,Instructor: TBA,40,40,0,2026-09-23 08:18:32,2026-09-23 08:18:32.431
2026-09-23 08:07:09,RELS319Q,0101,Regev Ben-David,35,35,0,2026-09-23 08:18:32,2026-09-23 08:18:32.599
2026-09-23 08:07:09,RELS342,0101,Stefano Villani,27,27,0,2026-09-23 08:18:32,2026-09-23 08:18:32.764
2026-09-23 08:07:09,RELS427,0101,Matthew Suriano,15,15,0,2026-09-23 08:18:32,2026-09-23 08:18:32.928
2026-09-23 08:07:09,RELS429M,0101,Antoine Borrut,27,27,0,2026-09-23 08:18:33,2026-09-23 08:18:33.097
2026-09-23 08:07:09,RUSS102,0101,Inna Hardman,15,15,0,2026-09-23 08:18:34,2026-09-23 08:18:34.392
2026-09-23 08:07:09,RUSS102,0201,Inna Hardman,15,15,0,2026-09-23 08:18:34,2026-09-23 08:18:34.393
2026-09-23 08:07:09,RUSS202,0101,Zhanna Gerus-Vernola,15,15,0,2026-09-23 08:18:34,2026-09-23 08:18:34.556
2026-09-23 08:07:09,RUSS302,0101,Izolda Savenkova,15,15,0,2026-09-23 08:18:34,2026-09-23 08:18:34.721
2026-09-23 08:07:09,RUSS398A,0101,Instructor: TBA,15,15,0,2026-09-23 08:18:35,2026-09-23 08:18:35.062
2026-09-23 08:07:09,RUSS398F,0101,Elizabeth Papazian,25,25,0,2026-09-23 08:18:35,2026-09-23 08:18:35.228
2026-09-23 08:07:09,RUSS406,0101,Izolda Savenkova,15,15,0,2026-09-23 08:18:35,2026-09-23 08:18:35.553
2026-09-23 08:07:09,RUSS412,0101,Inna Hardman,15,15,0,2026-09-23 08:18:35,2026-09-23 08:18:35.720
2026-09-23 08:07:09,SDSB123,0101,Srijeeta Mitra,26,26,0,2026-09-23 08:18:37,2026-09-23 08:18:37.164
2026-09-23 08:07:09,SDSB180,0101,Srijeeta Mitra,155,155,0,2026-09-23 08:18:37,2026-09-23 08:18:37.334
2026-09-23 08:07:09,SDSB233,0101,Richard Engstrom,28,28,0,2026-09-23 08:18:37,2026-09-23 08:18:37.504
2026-09-23 08:07:09,SDSB233,0102,Richard Engstrom,28,28,0,2026-09-23 08:18:37,2026-09-23 08:18:37.504
2026-09-23 08:07:09,SDSB326,0101,Jacob Coutts,40,40,0,2026-09-23 08:18:37,2026-09-23 08:18:37.669
2026-09-23 08:07:09,SDSB340,0101,Neil Lund,24,24,0,2026-09-23 08:18:37,2026-09-23 08:18:37.833
2026-09-23 08:07:09,SDSI414,0101,Instructor: TBA,40,40,0,2026-09-23 08:18:39,2026-09-23 08:18:39.114
2026-09-23 08:07:09,SDSI414,0102,Instructor: TBA,40,40,0,2026-09-23 08:18:39,2026-09-23 08:18:39.114
2026-09-23 08:07:09,SDSI414,0103,Instructor: TBA,40,40,0,2026-09-23 08:18:39,2026-09-23 08:18:39.114
2026-09-23 08:07:09,SDSI414,0201,Instructor: TBA,40,40,0,2026-09-23 08:18:39,2026-09-23 08:18:39.115
2026-09-23 08:07:09,SDSI414,0202,Instructor: TBA,40,40,0,2026-09-23 08:18:39,2026-09-23 08:18:39.115
2026-09-23 08:07:09,SDSI492,0101,Instructor: TBA,29,29,0,2026-09-23 08:18:39,2026-09-23 08:18:39.290
2026-09-23 08:07:09,SDSI492,0102,Instructor: TBA,25,25,0,2026-09-23 08:18:39,2026-09-23 08:18:39.290
2026-09-23 08:07:09,SDSI492,0103,Instructor: TBA,25,25,0,2026-09-23 08:18:39,2026-09-23 08:18:39.290
2026-09-23 08:07:09,SDSI492,0104,Instructor: TBA,20,20,0,2026-09-23 08:18:39,2026-09-23 08:18:39.291
2026-09-23 08:07:09,SDSI492,0105,Instructor: TBA,50,50,0,2026-09-23 08:18:39,2026-09-23 08:18:39.291
2026-09-23 08:07:09,SDSI492,0107,Instructor: TBA,25,25,0,2026-09-23 08:18:39,2026-09-23 08:18:39.291
2026-09-23 08:07:09,SDSI492,0108,Instructor: TBA,25,25,0,2026-09-23 08:18:39,2026-09-23 08:18:39.291
2026-09-23 08:07:09,SDSI492,0110,Instructor: TBA,25,25,0,2026-09-23 08:18:39,2026-09-23 08:18:39.291
2026-09-23 08:07:09,SDSI496,0101,Jacob Coutts,25,25,0,2026-09-23 08:18:39,2026-09-23 08:18:39.456
2026-09-23 08:07:09,SLLC286,0101,Andrew Schonebaum,60,60,0,2026-09-23 08:18:42,2026-09-23 08:18:42.181
2026-09-23 08:07:09,SLLC287,0101,Sean Pue,20,20,0,2026-09-23 08:18:42,2026-09-23 08:18:42.344
2026-09-23 08:07:09,SLLC305,0101,Nahal Akbari-Saneh,25,25,0,2026-09-23 08:18:42,2026-09-23 08:18:42.509
2026-09-23 08:07:09,SLLC309,0101,Ahmed Hanafy,10,10,0,2026-09-23 08:18:42,2026-09-23 08:18:42.697
2026-09-23 08:07:09,SLLC309,0102,Ahmed Hanafy,10,10,0,2026-09-23 08:18:42,2026-09-23 08:18:42.697
2026-09-23 08:07:09,SLLC309,0103,Ahmed Hanafy,10,10,0,2026-09-23 08:18:42,2026-09-23 08:18:42.697
2026-09-23 08:07:09,SLLC309,0104,Ahmed Hanafy,10,10,0,2026-09-23 08:18:42,2026-09-23 08:18:42.697
2026-09-23 08:07:09,SLLC309,0105,Ahmed Hanafy,10,10,0,2026-09-23 08:18:42,2026-09-23 08:18:42.697
2026-09-23 08:07:09,SLLC309,0106,Ahmed Hanafy,10,10,0,2026-09-23 08:18:42,2026-09-23 08:18:42.698
2026-09-23 08:07:09,SLLC309,0107,Ahmed Hanafy,10,10,0,2026-09-23 08:18:42,2026-09-23 08:18:42.698
2026-09-23 08:07:09,SLLC309,0108,Ahmed Hanafy,10,10,0,2026-09-23 08:18:42,2026-09-23 08:18:42.698
2026-09-23 08:07:09,SLLC309,0109,Ahmed Hanafy,10,10,0,2026-09-23 08:18:42,2026-09-23 08:18:42.698
2026-09-23 08:07:09,SLLC309,0110,Ahmed Hanafy,10,10,0,2026-09-23 08:18:42,2026-09-23 08:18:42.698
2026-09-23 08:07:09,SLLC309,0111,Ahmed Hanafy,10,10,0,2026-09-23 08:18:42,2026-09-23 08:18:42.699
2026-09-23 08:07:09,SLLC329,0101,Marilyn Matar,10,10,0,2026-09-23 08:18:42,2026-09-23 08:18:42.876
2026-09-23 08:07:09,SLLC329,0102,Marilyn Matar,10,10,0,2026-09-23 08:18:42,2026-09-23 08:18:42.876
2026-09-23 08:07:09,SLLC329,0103,Marilyn Matar,20,20,0,2026-09-23 08:18:42,2026-09-23 08:18:42.876
2026-09-23 08:07:09,SLLC329,0104,Marilyn Matar,10,10,0,2026-09-23 08:18:42,2026-09-23 08:18:42.876
2026-09-23 08:07:09,SLLC329,0105,Marilyn Matar,10,10,0,2026-09-23 08:18:42,2026-09-23 08:18:42.877
2026-09-23 08:07:09,SLLC329,0106,Marilyn Matar,10,10,0,2026-09-23 08:18:42,2026-09-23 08:18:42.877
2026-09-23 08:07:09,SLLC329,0107,Marilyn Matar,10,10,0,2026-09-23 08:18:42,2026-09-23 08:18:42.877
2026-09-23 08:07:09,SLLC329,0108,Marilyn Matar,10,10,0,2026-09-23 08:18:42,2026-09-23 08:18:42.877
2026-09-23 08:07:09,SLLC329,0109,Marilyn Matar,10,10,0,2026-09-23 08:18:42,2026-09-23 08:18:42.877
2026-09-23 08:07:09,SLLC329,0110,Marilyn Matar,20,20,0,2026-09-23 08:18:42,2026-09-23 08:18:42.878
2026-09-23 08:07:09,SMLP471,0101,Jennifer Hsin,60,60,0,2026-09-23 08:18:44,2026-09-23 08:18:44.144
2026-09-23 08:07:09,SMLP474,0101,Sara Herald,60,60,0,2026-09-23 08:18:44,2026-09-23 08:18:44.309
2026-09-23 08:07:09,SPHL100,0101,Shuling Wu,20,20,0,2026-09-23 08:18:58,2026-09-23 08:18:58.900
2026-09-23 08:07:09,SPHL100,0102,Shuling Wu,20,20,0,2026-09-23 08:18:58,2026-09-23 08:18:58.900
2026-09-23 08:07:09,SPHL100,0103,Shuling Wu,20,20,0,2026-09-23 08:18:58,2026-09-23 08:18:58.900
2026-09-23 08:07:09,SPHL100,0104,Shuling Wu,20,20,0,2026-09-23 08:18:58,2026-09-23 08:18:58.900
2026-09-23 08:07:09,SPHL100,0105,Shuling Wu,20,20,0,2026-09-23 08:18:58,2026-09-23 08:18:58.901
2026-09-23 08:07:09,SPHL100,0106,Shuling Wu,20,20,0,2026-09-23 08:18:58,2026-09-23 08:18:58.901
2026-09-23 08:07:09,SPHL100,0107,Shuling Wu,20,20,0,2026-09-23 08:18:58,2026-09-23 08:18:58.901
2026-09-23 08:07:09,SPHL100,0108,Shuling Wu,20,20,0,2026-09-23 08:18:58,2026-09-23 08:18:58.901
2026-09-23 08:07:09,SPHL100,0109,Shuling Wu,20,20,0,2026-09-23 08:18:58,2026-09-23 08:18:58.901
2026-09-23 08:07:09,SPHL100,0110,Shuling Wu,20,20,0,2026-09-23 08:18:58,2026-09-23 08:18:58.902
2026-09-23 08:07:09,SPHL100,0201,Shuling Wu,20,20,0,2026-09-23 08:18:58,2026-09-23 08:18:58.902
2026-09-23 08:07:09,SPHL100,0202,Shuling Wu,20,20,0,2026-09-23 08:18:58,2026-09-23 08:18:58.902
2026-09-23 08:07:09,SPHL100,0203,Shuling Wu,20,20,0,2026-09-23 08:18:58,2026-09-23 08:18:58.902
2026-09-23 08:07:09,SPHL100,0204,Shuling Wu,20,20,0,2026-09-23 08:18:58,2026-09-23 08:18:58.902
2026-09-23 08:07:09,SPHL100,0205,Shuling Wu,20,20,0,2026-09-23 08:18:58,2026-09-23 08:18:58.902
2026-09-23 08:07:09,SPHL100,0206,Shuling Wu,20,20,0,2026-09-23 08:18:58,2026-09-23 08:18:58.903
2026-09-23 08:07:09,SPHL100,0207,Shuling Wu,20,20,0,2026-09-23 08:18:58,2026-09-23 08:18:58.903
2026-09-23 08:07:09,SPHL100,0208,Shuling Wu,20,20,0,2026-09-23 08:18:58,2026-09-23 08:18:58.903
2026-09-23 08:07:09,SPHL246,0101,April Khaing,20,20,0,2026-09-23 08:18:59,2026-09-23 08:18:59.069
2026-09-23 08:07:09,SPHL276,0101,Dina Borzekowski,25,25,0,2026-09-23 08:18:59,2026-09-23 08:18:59.235
2026-09-23 08:07:09,SPHL321,0101,Sylvette La Touche-Howard,15,15,0,2026-09-23 08:18:59,2026-09-23 08:18:59.404
2026-09-23 08:07:09,SPHL333,0101,Cynthia Kershaw,75,75,0,2026-09-23 08:18:59,2026-09-23 08:18:59.580
2026-09-23 08:07:09,SPHL478,0101,Tracy Zeeger,10,10,0,2026-09-23 08:18:59,2026-09-23 08:18:59.904
2026-09-23 08:07:09,SPHL600,0101,Sylvette La Touche-Howard,8,8,0,2026-09-23 08:19:00,2026-09-23 08:19:00.164
2026-09-23 08:07:09,SPHL610,0101,Danielle Catona,22,22,0,2026-09-23 08:19:00,2026-09-23 08:19:00.341
2026-09-23 08:07:09,SPHL610,0102,Danielle Catona,22,22,0,2026-09-23 08:19:00,2026-09-23 08:19:00.341
2026-09-23 08:07:09,SPHL610,0103,Danielle Catona,22,22,0,2026-09-23 08:19:00,2026-09-23 08:19:00.342
2026-09-23 08:07:09,SPHL610,PLB1,Priscilla Novak,20,20,0,2026-09-23 08:19:00,2026-09-23 08:19:00.342
2026-09-23 08:07:09,SPHL610,PLH1,Priscilla Novak,28,28,0,2026-09-23 08:19:00,2026-09-23 08:19:00.342
2026-09-23 08:07:09,SPHL610,PLK1,Priscilla Novak,5,5,0,2026-09-23 08:19:00,2026-09-23 08:19:00.342
2026-09-23 08:07:09,SPHL611,0101,Danielle Catona,45,45,0,2026-09-23 08:19:00,2026-09-23 08:19:00.519
2026-09-23 08:07:09,SPHL611,0201,Danielle Catona,45,45,0,2026-09-23 08:19:00,2026-09-23 08:19:00.520
2026-09-23 08:07:09,SPHL611,PLB1,Evelyn King-Marshall,20,20,0,2026-09-23 08:19:00,2026-09-23 08:19:00.520
2026-09-23 08:07:09,SPHL611,PLH1,Evelyn King-Marshall,28,28,0,2026-09-23 08:19:00,2026-09-23 08:19:00.520
2026-09-23 08:07:09,SPHL611,PLK1,Evelyn King-Marshall,5,5,0,2026-09-23 08:19:00,2026-09-23 08:19:00.520
2026-09-23 08:07:09,SPHL612,0101,James Hagberg,15,15,0,2026-09-23 08:19:00,2026-09-23 08:19:00.688
2026-09-23 08:07:09,TLTC310,0101,Danielle Pafe,20,20,0,2026-09-23 08:19:20,2026-09-23 08:19:20.909
2026-09-23 08:07:09,TLTC333,0101,Mona Thompson,55,55,0,2026-09-23 08:19:21,2026-09-23 08:19:21.084
2026-09-23 08:07:09,TLTC333,0102,Mona Thompson,55,55,0,2026-09-23 08:19:21,2026-09-23 08:19:21.084
2026-09-23 08:07:09,TLTC333,0105,Mona Thompson,55,55,0,2026-09-23 08:19:21,2026-09-23 08:19:21.084
2026-09-23 08:07:09,URSP372,0101,Priscila Alves,20,20,0,2026-09-23 08:19:26,2026-09-23 08:19:26.831
2026-09-23 08:07:09,URSP600,0101,Kevin Nelson,25,25,0,2026-09-23 08:19:26,2026-09-23 08:19:26.996
2026-09-23 08:07:09,URSP603,0101,Dawn Jourdan,33,33,0,2026-09-23 08:19:27,2026-09-23 08:19:27.163
2026-09-23 08:07:09,URSP606,0101,Chengri Ding,15,15,0,2026-09-23 08:19:27,2026-09-23 08:19:27.327
2026-09-23 08:07:09,URSP631,0101,Hiroyuki Iseki,15,15,0,2026-09-23 08:19:27,2026-09-23 08:19:27.496
2026-09-23 08:07:09,URSP668B,0101,Eric Burnstein,20,20,0,2026-09-23 08:19:27,2026-09-23 08:19:27.661
2026-09-23 08:07:09,URSP673,0101,Riem ElZoghbi,25,25,0,2026-09-23 08:19:27,2026-09-23 08:19:27.828
2026-09-23 08:07:09,URSP688M,0101,Andrew Bernish,20,20,0,2026-09-23 08:19:28,2026-09-23 08:19:28.010
2026-09-23 08:07:09,URSP688P,0101,Sonja Ewing,15,15,0,2026-09-23 08:19:28,2026-09-23 08:19:28.174
2026-09-23 08:07:09,URSP688Y,0101,Chester Harvey,30,30,0,2026-09-23 08:19:28,2026-09-23 08:19:28.358
2026-09-23 08:07:09,URSP708,0101,Nicholas Finio,10,10,0,2026-09-23 08:19:28,2026-09-23 08:19:28.523
2026-09-23 08:07:09,URSP709,0101,Casey Dawkins,10,10,0,2026-09-23 08:19:28,2026-09-23 08:19:28.689
2026-09-23 08:07:09,URSP805,0101,Casey Dawkins,15,15,0,2026-09-23 08:19:29,2026-09-23 08:19:29.332
2026-09-23 08:07:09,USLT202,0101,Robert Chester,26,26,0,2026-09-23 08:19:30,2026-09-23 08:19:30.934
2026-09-23 08:07:09,USLT403,0101,Perla Guerrero,20,20,0,2026-09-23 08:19:31,2026-09-23 08:19:31.101
2026-09-23 08:07:09,USLT420,0101,Robert Chester,27,27,0,2026-09-23 08:19:31,2026-09-23 08:19:31.265
2026-09-23 08:07:09,USLT488,0101,Nancy Mirabal,30,30,0,2026-09-23 08:19:31,2026-09-23 08:19:31.430
2026-09-23 08:07:09,USLT498L,0101,Fernando Rios,12,12,0,2026-09-23 08:19:31,2026-09-23 08:19:31.594
2026-09-23 08:07:09,VIPS208,0102,Ken Kiger,10,10,0,2026-09-23 08:19:32,2026-09-23 08:19:32.927
2026-09-23 08:07:09,VIPS208,0103,Bryan Quinn,10,10,0,2026-09-23 08:19:32,2026-09-23 08:19:32.928
2026-09-23 08:07:09,VIPS208,0104,Ryan Sochol,10,10,0,2026-09-23 08:19:32,2026-09-23 08:19:32.928
2026-09-23 08:07:09,VIPS208,0105,Molly Carton,10,10,0,2026-09-23 08:19:32,2026-09-23 08:19:32.928
2026-09-23 08:07:09,VIPS208,0106,James Baeder,11,11,0,2026-09-23 08:19:32,2026-09-23 08:19:32.928
2026-09-23 08:07:09,VIPS208,0107,Catherine Spirito,10,10,0,2026-09-23 08:19:32,2026-09-23 08:19:32.928
2026-09-23 08:07:09,VIPS208,0108,Ronald Yaros,10,10,0,2026-09-23 08:19:32,2026-09-23 08:19:32.929
2026-09-23 08:07:09,VIPS208,0109,Carinna Ferguson,10,10,0,2026-09-23 08:19:32,2026-09-23 08:19:32.929
2026-09-23 08:07:09,VIPS208,0110,Tracy Riggins,10,10,0,2026-09-23 08:19:32,2026-09-23 08:19:32.929
2026-09-23 08:07:09,VIPS208,0111,Kevin Calabro,10,10,0,2026-09-23 08:19:32,2026-09-23 08:19:32.929
2026-09-23 08:07:09,VIPS208,0112,Raffaele Viglianti,10,10,0,2026-09-23 08:19:32,2026-09-23 08:19:32.929
2026-09-23 08:07:09,VIPS208,0113,Shabnam Jabeen,10,10,0,2026-09-23 08:19:32,2026-09-23 08:19:32.929
2026-09-23 08:07:09,VIPS208,0114,Ning Zeng,10,10,0,2026-09-23 08:19:32,2026-09-23 08:19:32.930
2026-09-23 08:07:09,VIPS208,0115,Veronica Kang,10,10,0,2026-09-23 08:19:32,2026-09-23 08:19:32.930
2026-09-23 08:07:09,VIPS208,0116,David Stewart,10,10,0,2026-09-23 08:19:32,2026-09-23 08:19:32.930
2026-09-23 08:07:09,VIPS208,0117,Meredith Epstein,10,10,0,2026-09-23 08:19:32,2026-09-23 08:19:32.930
2026-09-23 08:07:09,VIPS208,0118,Magaly Toro Ibaceta,10,10,0,2026-09-23 08:19:32,2026-09-23 08:19:32.930
2026-09-23 08:07:09,VIPS208,0120,Marisa Parham,10,10,0,2026-09-23 08:19:32,2026-09-23 08:19:32.931
2026-09-23 08:07:09,VIPS208,0121,Becky Epanchin-Niell,10,10,0,2026-09-23 08:19:32,2026-09-23 08:19:32.931
2026-09-23 08:07:09,VIPS208,0122,Timothy Reedy,10,10,0,2026-09-23 08:19:32,2026-09-23 08:19:32.931
2026-09-23 08:07:09,VIPS208,0123,Lingnan Lin,10,10,0,2026-09-23 08:19:32,2026-09-23 08:19:32.931
2026-09-23 08:07:09,VIPS208,0124,Jeffrey Moro,10,10,0,2026-09-23 08:19:32,2026-09-23 08:19:32.931
2026-09-23 08:07:09,VIPS208,0125,Peter Sunderland,10,10,0,2026-09-23 08:19:32,2026-09-23 08:19:32.931
2026-09-23 08:07:09,VIPS208,0126,Brienna Anderson,10,10,0,2026-09-23 08:19:32,2026-09-23 08:19:32.932
2026-09-23 08:07:09,VIPS308,0102,Ken Kiger,10,10,0,2026-09-23 08:19:33,2026-09-23 08:19:33.154
2026-09-23 08:07:09,VIPS308,0103,Bryan Quinn,13,13,0,2026-09-23 08:19:33,2026-09-23 08:19:33.154
2026-09-23 08:07:09,VIPS308,0104,Ryan Sochol,10,10,0,2026-09-23 08:19:33,2026-09-23 08:19:33.155
2026-09-23 08:07:09,VIPS308,0105,Molly Carton,10,10,0,2026-09-23 08:19:33,2026-09-23 08:19:33.155
2026-09-23 08:07:09,VIPS308,0106,James Baeder,10,10,0,2026-09-23 08:19:33,2026-09-23 08:19:33.155
2026-09-23 08:07:09,VIPS308,0107,Catherine Spirito,10,10,0,2026-09-23 08:19:33,2026-09-23 08:19:33.155
2026-09-23 08:07:09,VIPS308,0108,Ronald Yaros,10,10,0,2026-09-23 08:19:33,2026-09-23 08:19:33.155
2026-09-23 08:07:09,VIPS308,0109,Carinna Ferguson,10,10,0,2026-09-23 08:19:33,2026-09-23 08:19:33.156
2026-09-23 08:07:09,VIPS308,0110,Tracy Riggins,10,10,0,2026-09-23 08:19:33,2026-09-23 08:19:33.156
2026-09-23 08:07:09,VIPS308,0111,Kevin Calabro,10,10,0,2026-09-23 08:19:33,2026-09-23 08:19:33.156
2026-09-23 08:07:09,VIPS308,0112,Raffaele Viglianti,10,10,0,2026-09-23 08:19:33,2026-09-23 08:19:33.156
2026-09-23 08:07:09,VIPS308,0113,Shabnam Jabeen,10,10,0,2026-09-23 08:19:33,2026-09-23 08:19:33.156
2026-09-23 08:07:09,VIPS308,0114,Ning Zeng,10,10,0,2026-09-23 08:19:33,2026-09-23 08:19:33.156
2026-09-23 08:07:09,VIPS308,0115,Veronica Kang,10,10,0,2026-09-23 08:19:33,2026-09-23 08:19:33.157
2026-09-23 08:07:09,VIPS308,0116,David Stewart,10,10,0,2026-09-23 08:19:33,2026-09-23 08:19:33.157
2026-09-23 08:07:09,VIPS308,0117,Meredith Epstein,10,10,0,2026-09-23 08:19:33,2026-09-23 08:19:33.157
2026-09-23 08:07:09,VIPS308,0118,Magaly Toro Ibaceta,10,10,0,2026-09-23 08:19:33,2026-09-23 08:19:33.157
2026-09-23 08:07:09,VIPS308,0120,Marisa Parham,10,10,0,2026-09-23 08:19:33,2026-09-23 08:19:33.157
2026-09-23 08:07:09,VIPS308,0121,Becky Epanchin-Niell,10,10,0,2026-09-23 08:19:33,2026-09-23 08:19:33.158
2026-09-23 08:07:09,VIPS308,0122,Timothy Reedy,10,10,0,2026-09-23 08:19:33,2026-09-23 08:19:33.158
2026-09-23 08:07:09,VIPS308,0123,Lingnan Lin,10,10,0,2026-09-23 08:19:33,2026-09-23 08:19:33.158
2026-09-23 08:07:09,VIPS308,0124,Jeffrey Moro,10,10,0,2026-09-23 08:19:33,2026-09-23 08:19:33.158
2026-09-23 08:07:09,VIPS308,0125,Peter Sunderland,10,10,0,2026-09-23 08:19:33,2026-09-23 08:19:33.158
2026-09-23 08:07:09,VIPS308,0126,Brienna Anderson,10,10,0,2026-09-23 08:19:33,2026-09-23 08:19:33.158
2026-09-23 08:07:09,VIPS408,0102,Ken Kiger,10,10,0,2026-09-23 08:19:33,2026-09-23 08:19:33.365
2026-09-23 08:07:09,VIPS408,0103,Bryan Quinn,10,10,0,2026-09-23 08:19:33,2026-09-23 08:19:33.365
2026-09-23 08:07:09,VIPS408,0104,Ryan Sochol,10,10,0,2026-09-23 08:19:33,2026-09-23 08:19:33.365
2026-09-23 08:07:09,VIPS408,0105,Molly Carton,10,10,0,2026-09-23 08:19:33,2026-09-23 08:19:33.365
2026-09-23 08:07:09,VIPS408,0106,James Baeder,10,10,0,2026-09-23 08:19:33,2026-09-23 08:19:33.365
2026-09-23 08:07:09,VIPS408,0107,Catherine Spirito,10,10,0,2026-09-23 08:19:33,2026-09-23 08:19:33.366
2026-09-23 08:07:09,VIPS408,0108,Ronald Yaros,10,10,0,2026-09-23 08:19:33,2026-09-23 08:19:33.366
2026-09-23 08:07:09,VIPS408,0109,Carinna Ferguson,10,10,0,2026-09-23 08:19:33,2026-09-23 08:19:33.366
2026-09-23 08:07:09,VIPS408,0110,Tracy Riggins,10,10,0,2026-09-23 08:19:33,2026-09-23 08:19:33.366
2026-09-23 08:07:09,VIPS408,0111,Kevin Calabro,10,10,0,2026-09-23 08:19:33,2026-09-23 08:19:33.366
2026-09-23 08:07:09,VIPS408,0112,Raffaele Viglianti,10,10,0,2026-09-23 08:19:33,2026-09-23 08:19:33.367
2026-09-23 08:07:09,VIPS408,0113,Shabnam Jabeen,10,10,0,2026-09-23 08:19:33,2026-09-23 08:19:33.367
2026-09-23 08:07:09,VIPS408,0114,Ning Zeng,10,10,0,2026-09-23 08:19:33,2026-09-23 08:19:33.367
2026-09-23 08:07:09,VIPS408,0115,Veronica Kang,10,10,0,2026-09-23 08:19:33,2026-09-23 08:19:33.367
2026-09-23 08:07:09,VIPS408,0116,David Stewart,10,10,0,2026-09-23 08:19:33,2026-09-23 08:19:33.367
2026-09-23 08:07:09,VIPS408,0117,Meredith Epstein,10,10,0,2026-09-23 08:19:33,2026-09-23 08:19:33.367
2026-09-23 08:07:09,VIPS408,0118,Magaly Toro Ibaceta,10,10,0,2026-09-23 08:19:33,2026-09-23 08:19:33.368
2026-09-23 08:07:09,VIPS408,0120,Marisa Parham,10,10,0,2026-09-23 08:19:33,2026-09-23 08:19:33.368
2026-09-23 08:07:09,VIPS408,0121,Becky Epanchin-Niell,10,10,0,2026-09-23 08:19:33,2026-09-23 08:19:33.368
2026-09-23 08:07:09,VIPS408,0122,Timothy Reedy,10,10,0,2026-09-23 08:19:33,2026-09-23 08:19:33.368
2026-09-23 08:07:09,VIPS408,0123,Lingnan Lin,10,10,0,2026-09-23 08:19:33,2026-09-23 08:19:33.368
2026-09-23 08:07:09,VIPS408,0124,Jeffrey Moro,10,10,0,2026-09-23 08:19:33,2026-09-23 08:19:33.369
2026-09-23 08:07:09,VIPS408,0125,Peter Sunderland,10,10,0,2026-09-23 08:19:33,2026-09-23 08:19:33.369
2026-09-23 08:07:09,VIPS408,0126,Brienna Anderson,10,10,0,2026-09-23 08:19:33,2026-09-23 08:19:33.369
2026-09-23 08:07:09,WEID139N,0101,Denise Joseph,60,60,0,2026-09-23 08:19:36,2026-09-23 08:19:36.086
2026-09-23 08:07:09,WEID139T,0201,Taylor Togafau-Lewis,45,45,0,2026-09-23 08:19:36,2026-09-23 08:19:36.252
2026-09-23 08:07:09,WGSS105,0101,Jessica Mathiason,30,30,0,2026-09-23 08:19:37,2026-09-23 08:19:37.679
2026-09-23 08:07:09,WGSS105,0102,Jessica Mathiason,30,30,0,2026-09-23 08:19:37,2026-09-23 08:19:37.679
2026-09-23 08:07:09,WGSS105,0103,Jessica Mathiason,30,30,0,2026-09-23 08:19:37,2026-09-23 08:19:37.679
2026-09-23 08:07:09,WGSS105,0104,Jessica Mathiason,30,30,0,2026-09-23 08:19:37,2026-09-23 08:19:37.679
2026-09-23 08:07:09,WGSS115,0101,Alexis Lothian,25,25,0,2026-09-23 08:19:37,2026-09-23 08:19:37.859
2026-09-23 08:07:09,WGSS115,0102,Alexis Lothian,25,25,0,2026-09-23 08:19:37,2026-09-23 08:19:37.859
2026-09-23 08:07:09,WGSS201,0101,Sayan Bhattacharya,25,25,0,2026-09-23 08:19:38,2026-09-23 08:19:38.060
2026-09-23 08:07:09,WGSS201,0102,Sayan Bhattacharya,25,25,0,2026-09-23 08:19:38,2026-09-23 08:19:38.060
2026-09-23 08:07:09,WGSS205,0101,Shelbi Meissner,21,21,0,2026-09-23 08:19:38,2026-09-23 08:19:38.227
2026-09-23 08:07:09,WGSS205,0201,Shelbi Meissner,21,21,0,2026-09-23 08:19:38,2026-09-23 08:19:38.228
2026-09-23 08:07:09,WGSS230,0101,Daniel Richter,20,20,0,2026-09-23 08:19:38,2026-09-23 08:19:38.394
2026-09-23 08:07:09,WGSS250,0101,Lidia Garcia Berrelleza,25,25,0,2026-09-23 08:19:38,2026-09-23 08:19:38.559
2026-09-23 08:07:09,WGSS250,0201,Shameem Razack,25,25,0,2026-09-23 08:19:38,2026-09-23 08:19:38.560
2026-09-23 08:07:09,WGSS255,0101,Instructor: TBA,30,30,0,2026-09-23 08:19:38,2026-09-23 08:19:38.730
2026-09-23 08:07:09,WGSS265,0101,Ashley Newby,40,40,0,2026-09-23 08:19:38,2026-09-23 08:19:38.908
2026-09-23 08:07:09,WGSS275,0101,Instructor: TBA,30,30,0,2026-09-23 08:19:39,2026-09-23 08:19:39.097
2026-09-23 08:07:09,WGSS280,0101,Jessica Mathiason,52,52,0,2026-09-23 08:19:39,2026-09-23 08:19:39.259
2026-09-23 08:07:09,WGSS290,0101,Jessica Mathiason,30,30,0,2026-09-23 08:19:39,2026-09-23 08:19:39.425
2026-09-23 08:07:09,WGSS290,0201,Sydney Lewis,31,31,0,2026-09-23 08:19:39,2026-09-23 08:19:39.426
2026-09-23 08:07:09,WGSS298C,0101,Will Mosley,35,35,0,2026-09-23 08:19:39,2026-09-23 08:19:39.588
2026-09-23 08:07:09,WGSS298S,0101,Jordan Keesler,25,25,0,2026-09-23 08:19:39,2026-09-23 08:19:39.756
2026-09-23 08:07:09,WGSS302,0101,Will Mosley,25,25,0,2026-09-23 08:19:39,2026-09-23 08:19:39.922
2026-09-23 08:07:09,WGSS306,0101,Sydney Lewis,30,30,0,2026-09-23 08:19:40,2026-09-23 08:19:40.087
2026-09-23 08:07:09,WGSS310,0101,Sayan Bhattacharya,25,25,0,2026-09-23 08:19:40,2026-09-23 08:19:40.256
2026-09-23 08:07:09,WGSS319F,0101,Alexis Lothian,30,30,0,2026-09-23 08:19:40,2026-09-23 08:19:40.424
2026-09-23 08:07:09,WGSS379U,0101,John Drabinski,25,25,0,2026-09-23 08:19:40,2026-09-23 08:19:40.587
2026-09-23 08:07:09,WGSS422,0101,Jennifer Cho,18,18,0,2026-09-23 08:19:40,2026-09-23 08:19:40.753
2026-09-23 08:07:09,WGSS471,0101,Instructor: TBA,25,25,0,2026-09-23 08:19:40,2026-09-23 08:19:40.927
2026-09-23 08:07:09,WGSS471,0201,Instructor: TBA,45,45,0,2026-09-23 08:19:40,2026-09-23 08:19:40.927
2026-09-23 08:07:09,WGSS475,0101,Sydney Lewis,20,20,0,2026-09-23 08:19:41,2026-09-23 08:19:41.092
2026-09-23 08:07:09,WGSS487,0101,Eva Hageman,15,15,0,2026-09-23 08:19:41,2026-09-23 08:19:41.271
2026-09-23 08:07:09,WGSS487H,0101,Eva Hageman,5,5,0,2026-09-23 08:19:41,2026-09-23 08:19:41.435
2026-09-23 08:07:09,WGSS602,0101,Shelbi Meissner,12,12,0,2026-09-23 08:19:45,2026-09-23 08:19:45.604
2026-09-23 08:07:09,WGSS708,0101,Alexis Lothian,10,10,0,2026-09-23 08:19:46,2026-09-23 08:19:46.244
2026-09-23 08:07:09,XPER455,0101,TJ Rainsford,25,25,0,2026-09-23 08:19:49,2026-09-23 08:19:49.289
2026-09-23 13:27:08,AAAS100,0101,Shane Walsh,35,35,0,2026-09-23 13:27:10,2026-09-23 13:27:10.066
2026-09-23 13:27:08,AAAS100,0201,Shane Walsh,35,35,0,2026-09-23 13:27:10,2026-09-23 13:27:10.066
2026-09-23 13:27:08,AAAS100,0301,George Kintiba,30,30,0,2026-09-23 13:27:10,2026-09-23 13:27:10.066
2026-09-23 13:27:08,AAAS100,0401,Beka Guluma,35,35,0,2026-09-23 13:27:10,2026-09-23 13:27:10.066
2026-09-23 13:27:08,AAAS100,0501,Jason Nichols,33,33,0,2026-09-23 13:27:10,2026-09-23 13:27:10.066
2026-09-23 13:27:08,AAAS100,0601,Jason Nichols,35,35,0,2026-09-23 13:27:10,2026-09-23 13:27:10.067
2026-09-23 13:27:08,AAAS100H,0301,George Kintiba,5,5,0,2026-09-23 13:27:10,2026-09-23 13:27:10.374
2026-09-23 13:27:08,AAAS101,0101,Periloux Peay,40,40,0,2026-09-23 13:27:10,2026-09-23 13:27:10.785
2026-09-23 13:27:08,AAAS187,0101,Robert Choflet,30,30,0,2026-09-23 13:27:11,2026-09-23 13:27:11.182
2026-09-23 13:27:08,AAAS200,0101,George Kintiba,40,40,0,2026-09-23 13:27:11,2026-09-23 13:27:11.581
2026-09-23 13:27:08,AAAS202,0101,Robert Choflet,30,30,0,2026-09-23 13:27:11,2026-09-23 13:27:11.989
2026-09-23 13:27:08,AAAS202,0201,Angelica Dunbar,35,35,0,2026-09-23 13:27:11,2026-09-23 13:27:11.989
2026-09-23 13:27:08,AAAS202,0301,Angelica Dunbar,35,35,0,2026-09-23 13:27:11,2026-09-23 13:27:11.989
2026-09-23 13:27:08,AAAS202,0401,Robert Choflet,35,35,0,2026-09-23 13:27:11,2026-09-23 13:27:11.989
2026-09-23 13:27:08,AAAS202H,0101,Robert Choflet,5,5,0,2026-09-23 13:27:12,2026-09-23 13:27:12.280
2026-09-23 13:27:08,AAAS211,0101,Shane Walsh,120,120,0,2026-09-23 13:27:12,2026-09-23 13:27:12.711
2026-09-23 13:27:08,AAAS234,0101,Instructor: TBA,30,30,0,2026-09-23 13:27:13,2026-09-23 13:27:13.110
2026-09-23 13:27:08,AAAS255,0101,Leigh Soares,40,40,0,2026-09-23 13:27:13,2026-09-23 13:27:13.478
2026-09-23 13:27:08,AAAS265,0101,Ashley Newby,40,40,0,2026-09-23 13:27:14,2026-09-23 13:27:14.052
2026-09-23 13:27:08,AAAS320,0101,Cecily Jackson,25,25,0,2026-09-23 13:27:14,2026-09-23 13:27:14.326
2026-09-23 13:27:08,AAAS320,0201,Cecily Jackson,25,25,0,2026-09-23 13:27:14,2026-09-23 13:27:14.326
2026-09-23 13:27:08,AAAS386,0101,Marshal Washington,10,10,0,2026-09-23 13:27:14,2026-09-23 13:27:14.603
2026-09-23 13:27:08,AAAS398G,0101,Chinyere Osuji,20,20,0,2026-09-23 13:27:14,2026-09-23 13:27:14.892
2026-09-23 13:27:08,AAAS398U,0101,John Drabinski,25,25,0,2026-09-23 13:27:15,2026-09-23 13:27:15.183
2026-09-23 13:27:08,AAAS400,0101,George Kintiba,20,20,0,2026-09-23 13:27:15,2026-09-23 13:27:15.486
2026-09-23 13:27:08,AAAS400H,0101,George Kintiba,5,5,0,2026-09-23 13:27:15,2026-09-23 13:27:15.903
2026-09-23 13:27:08,AAAS490,0101,Paul Landau,18,18,0,2026-09-23 13:27:16,2026-09-23 13:27:16.297
2026-09-23 13:27:08,AAAS498X,0101,Terrill Taylor,40,40,0,2026-09-23 13:27:16,2026-09-23 13:27:16.550
2026-09-23 13:27:08,AAST200,0101,Jennifer Cho,34,34,0,2026-09-23 13:27:18,2026-09-23 13:27:18.203
2026-09-23 13:27:08,AAST201,0101,Madeline Hsu,40,40,0,2026-09-23 13:27:18,2026-09-23 13:27:18.463
2026-09-23 13:27:08,AAST250,0101,Jennifer Cho,30,30,0,2026-09-23 13:27:18,2026-09-23 13:27:18.702
2026-09-23 13:27:08,AAST262,0101,Derek Iwamoto,60,60,0,2026-09-23 13:27:18,2026-09-23 13:27:18.978
2026-09-23 13:27:08,AAST322,0101,Julie Park,30,30,0,2026-09-23 13:27:19,2026-09-23 13:27:19.241
2026-09-23 13:27:08,AAST350,0101,Binod Paudyal,25,25,0,2026-09-23 13:27:19,2026-09-23 13:27:19.504
2026-09-23 13:27:08,AAST351,0101,Binod Paudyal,34,34,0,2026-09-23 13:27:19,2026-09-23 13:27:19.906
2026-09-23 13:27:08,AAST363,0101,Gemirald Daus,35,35,0,2026-09-23 13:27:20,2026-09-23 13:27:20.198
2026-09-23 13:27:08,AAST378,0101,Janelle Wong,2,2,0,2026-09-23 13:27:20,2026-09-23 13:27:20.487
2026-09-23 13:27:08,AAST394,0101,Wenxi Yang,25,25,0,2026-09-23 13:27:21,2026-09-23 13:27:21.100
2026-09-23 13:27:08,AAST398A,0101,Michelle Magalong,20,20,0,2026-09-23 13:27:21,2026-09-23 13:27:21.343
2026-09-23 13:27:08,AAST398B,0101,Chris Eng,25,25,0,2026-09-23 13:27:21,2026-09-23 13:27:21.620
2026-09-23 13:27:08,AAST421,0101,Philip Nash,20,20,0,2026-09-23 13:27:22,2026-09-23 13:27:22.013
2026-09-23 13:27:08,AAST422,0101,Jennifer Cho,18,18,0,2026-09-23 13:27:22,2026-09-23 13:27:22.305
2026-09-23 13:27:08,AAST443,0101,Janelle Wong,27,27,0,2026-09-23 13:27:22,2026-09-23 13:27:22.601
2026-09-23 13:27:08,ABRM450,0101,Ashley Newby,10,10,0,2026-09-23 13:27:24,2026-09-23 13:27:24.089
2026-09-23 13:27:08,AGNR301,0101,Thomas Hilde,150,150,0,2026-09-23 13:27:25,2026-09-23 13:27:25.693
2026-09-23 13:27:08,AGNR388,0101,Instructor: TBA,20,20,0,2026-09-23 13:27:25,2026-09-23 13:27:25.945
2026-09-23 13:27:08,AIME498B,0101,Kevin McGarry,30,30,0,2026-09-23 13:27:29,2026-09-23 13:27:29.247
2026-09-23 13:27:08,ARAB101,0101,Samah Al-salami,15,15,0,2026-09-23 13:28:05,2026-09-23 13:28:05.644
2026-09-23 13:27:08,ARAB101,0201,Ahmed Hanafy,15,15,0,2026-09-23 13:28:05,2026-09-23 13:28:05.644
2026-09-23 13:27:08,ARAB102,0101,Samah Al-salami,15,15,0,2026-09-23 13:28:05,2026-09-23 13:28:05.903
2026-09-23 13:27:08,ARAB102,0201,Samah Al-salami,15,15,0,2026-09-23 13:28:05,2026-09-23 13:28:05.903
2026-09-23 13:27:08,ARAB201,0101,Lutf Alkebsi,15,15,0,2026-09-23 13:28:06,2026-09-23 13:28:06.155
2026-09-23 13:27:08,ARAB202,0101,Lutf Alkebsi,15,15,0,2026-09-23 13:28:06,2026-09-23 13:28:06.450
2026-09-23 13:27:08,ARAB202,0201,Lutf Alkebsi,15,15,0,2026-09-23 13:28:06,2026-09-23 13:28:06.450
2026-09-23 13:27:08,ARAB222,0101,Ahmed Hanafy,15,15,0,2026-09-23 13:28:06,2026-09-23 13:28:06.721
2026-09-23 13:27:08,ARAB250,0101,Anny Gaul,15,15,0,2026-09-23 13:28:06,2026-09-23 13:28:06.987
2026-09-23 13:27:08,ARAB302,0101,Ahmed Hanafy,15,15,0,2026-09-23 13:28:07,2026-09-23 13:28:07.251
2026-09-23 13:27:08,ARAB317,0101,Anny Gaul,15,15,0,2026-09-23 13:28:07,2026-09-23 13:28:07.530
2026-09-23 13:27:08,ARAB398W,0101,Lutf Alkebsi,15,15,0,2026-09-23 13:28:08,2026-09-23 13:28:08.082
2026-09-23 13:27:08,ARAB499X,0101,Samah Al-salami,15,15,0,2026-09-23 13:28:08,2026-09-23 13:28:08.597
2026-09-23 13:27:08,ARCH170,0101,Lindsey May,100,100,0,2026-09-23 13:28:10,2026-09-23 13:28:10.234
2026-09-23 13:27:08,ARCH200,0101,Michael Abrams,21,21,0,2026-09-23 13:28:10,2026-09-23 13:28:10.513
2026-09-23 13:27:08,ARCH200,0102,Michael Abrams,21,21,0,2026-09-23 13:28:10,2026-09-23 13:28:10.513
2026-09-23 13:27:08,ARCH200,0103,Michael Abrams,21,21,0,2026-09-23 13:28:10,2026-09-23 13:28:10.513
2026-09-23 13:27:08,ARCH200,0104,Michael Abrams,21,21,0,2026-09-23 13:28:10,2026-09-23 13:28:10.513
2026-09-23 13:27:08,ARCH200,0105,Michael Abrams,21,21,0,2026-09-23 13:28:10,2026-09-23 13:28:10.513
2026-09-23 13:27:08,ARCH200,0106,Michael Abrams,21,21,0,2026-09-23 13:28:10,2026-09-23 13:28:10.513
2026-09-23 13:27:08,ARCH225,0101,Joseph Williams,125,125,0,2026-09-23 13:28:10,2026-09-23 13:28:10.755
2026-09-23 13:27:08,ARCH271,0101,Wayne Ricardo Curtis,75,75,0,2026-09-23 13:28:11,2026-09-23 13:28:11.038
2026-09-23 13:27:08,ARCH271,0102,Wayne Ricardo Curtis,75,75,0,2026-09-23 13:28:11,2026-09-23 13:28:11.038
2026-09-23 13:27:08,ARCH386,0101,Kristen Stack,10,10,0,2026-09-23 13:28:11,2026-09-23 13:28:11.317
2026-09-23 13:27:08,ARCH400,0101,Kenneth Filler,75,75,0,2026-09-23 13:28:11,2026-09-23 13:28:11.585
2026-09-23 13:27:08,ARCH400,0201,Marcus Cross,60,60,0,2026-09-23 13:28:11,2026-09-23 13:28:11.585
2026-09-23 13:27:08,ARCH402,0101,Taejun James Kim,75,75,0,2026-09-23 13:28:11,2026-09-23 13:28:11.863
2026-09-23 13:27:08,ARCH405,0101,Brittany L Williams,14,14,0,2026-09-23 13:28:12,2026-09-23 13:28:12.118
2026-09-23 13:27:08,ARCH407,0101,Georgeanne Matthews,12,12,0,2026-09-23 13:28:12,2026-09-23 13:28:12.400
2026-09-23 13:27:08,ARCH408A,0101,Daniel Curry,5,5,0,2026-09-23 13:28:12,2026-09-23 13:28:12.708
2026-09-23 13:27:08,ARCH408C,0101,Edgar Alvarado,5,5,0,2026-09-23 13:28:12,2026-09-23 13:28:12.986
2026-09-23 13:27:08,ARCH418D,0101,Hooman Koliji,30,30,0,2026-09-23 13:28:13,2026-09-23 13:28:13.229
2026-09-23 13:27:08,ARCH418G,0101,Deokoh Woo,16,16,0,2026-09-23 13:28:13,2026-09-23 13:28:13.509
2026-09-23 13:27:08,ARCH418I,0101,Michael Kleiss,16,16,0,2026-09-23 13:28:13,2026-09-23 13:28:13.805
2026-09-23 13:27:08,ARCH420,0101,Caroline Hickman,30,30,0,2026-09-23 13:28:14,2026-09-23 13:28:14.091
2026-09-23 13:27:08,ARCH423,0101,Joseph Williams,30,30,0,2026-09-23 13:28:14,2026-09-23 13:28:14.357
2026-09-23 13:27:08,ARCH425,0101,Joseph Williams,10,10,0,2026-09-23 13:28:14,2026-09-23 13:28:14.614
2026-09-23 13:27:08,ARCH428F,0101,Matthew Bell,20,20,0,2026-09-23 13:28:14,2026-09-23 13:28:14.886
2026-09-23 13:27:08,ARCH428K,0101,Michele Lamprakos,26,26,0,2026-09-23 13:28:15,2026-09-23 13:28:15.146
2026-09-23 13:27:08,ARCH445,0101,Daniel Curry,15,15,0,2026-09-23 13:28:15,2026-09-23 13:28:15.388
2026-09-23 13:27:08,ARCH463,0101,Deokoh Woo,150,150,0,2026-09-23 13:28:15,2026-09-23 13:28:15.659
2026-09-23 13:27:08,ARCH465,0101,Michael Kleiss,80,80,0,2026-09-23 13:28:15,2026-09-23 13:28:15.935
2026-09-23 13:27:08,ARCH468I,0101,Hooman Koliji,26,26,0,2026-09-23 13:28:16,2026-09-23 13:28:16.213
2026-09-23 13:27:08,ARCH468P,0101,Hooman Koliji,26,26,0,2026-09-23 13:28:16,2026-09-23 13:28:16.464
2026-09-23 13:27:08,ARCH472,0101,Kiley Wilfong Cullen,24,24,0,2026-09-23 13:28:16,2026-09-23 13:28:16.715
2026-09-23 13:27:08,ARCH478L,0101,Michele Lamprakos,10,10,0,2026-09-23 13:28:16,2026-09-23 13:28:16.990
2026-09-23 13:27:08,ARCH478O,0101,Stefan Woehlke,20,20,0,2026-09-23 13:28:17,2026-09-23 13:28:17.259
2026-09-23 13:27:08,ARCH601,0101,Peter Noonan,20,20,0,2026-09-23 13:28:17,2026-09-23 13:28:17.565
2026-09-23 13:27:08,ARCH618G,0101,Deokoh Woo,4,4,0,2026-09-23 13:28:17,2026-09-23 13:28:17.857
2026-09-23 13:27:08,ARCH618I,0101,Michael Kleiss,4,4,0,2026-09-23 13:28:18,2026-09-23 13:28:18.145
2026-09-23 13:27:08,ARCH628K,0101,Michele Lamprakos,4,4,0,2026-09-23 13:28:18,2026-09-23 13:28:18.415
2026-09-23 13:27:08,ARCH635,0101,Matthew Bell,15,15,0,2026-09-23 13:28:18,2026-09-23 13:28:18.658
2026-09-23 13:27:08,ARCH654,0101,Anatole Tchikine,35,35,0,2026-09-23 13:28:18,2026-09-23 13:28:18.960
2026-09-23 13:27:08,ARCH658I,0101,Sonja Ewing,15,15,0,2026-09-23 13:28:19,2026-09-23 13:28:19.206
2026-09-23 13:27:08,ARCH668I,0101,Hooman Koliji,4,4,0,2026-09-23 13:28:19,2026-09-23 13:28:19.520
2026-09-23 13:27:08,ARCH668P,0101,Hooman Koliji,4,4,0,2026-09-23 13:28:19,2026-09-23 13:28:19.790
2026-09-23 13:27:08,ARCH678L,0101,Michele Lamprakos,10,10,0,2026-09-23 13:28:20,2026-09-23 13:28:20.069
2026-09-23 13:27:08,ARCH678O,0101,Stefan Woehlke,5,5,0,2026-09-23 13:28:20,2026-09-23 13:28:20.345
2026-09-23 13:27:08,ARCH797,0101,Hooman Koliji,15,15,0,2026-09-23 13:28:20,2026-09-23 13:28:20.647
2026-09-23 13:27:08,ARMY105,0101,Andrew Bischoff,60,60,0,2026-09-23 13:28:36,2026-09-23 13:28:36.236
2026-09-23 13:27:08,ARMY105,0102,Andrew Bischoff,60,60,0,2026-09-23 13:28:36,2026-09-23 13:28:36.236
2026-09-23 13:27:08,ARMY110,0101,Andrew Bischoff,40,40,0,2026-09-23 13:28:36,2026-09-23 13:28:36.515
2026-09-23 13:27:08,ARMY202,0102,Andrew Bischoff,60,60,0,2026-09-23 13:28:36,2026-09-23 13:28:36.798
2026-09-23 13:27:08,ARMY302,0101,Andrew Bischoff,40,40,0,2026-09-23 13:28:37,2026-09-23 13:28:37.077
2026-09-23 13:27:08,ARMY402,0101,Andrew Bischoff,30,30,0,2026-09-23 13:28:37,2026-09-23 13:28:37.357
2026-09-23 13:27:08,ARMY402,0102,Andrew Bischoff,100,100,0,2026-09-23 13:28:37,2026-09-23 13:28:37.357
2026-09-23 13:27:08,ARSC059,0101,Kathryn Love,250,250,0,2026-09-23 13:28:38,2026-09-23 13:28:38.798
2026-09-23 13:27:08,ARSC101,0101,Alan Snyder,50,50,0,2026-09-23 13:28:39,2026-09-23 13:28:39.058
2026-09-23 13:27:08,ARSC101,0102,Alan Snyder,65,65,0,2026-09-23 13:28:39,2026-09-23 13:28:39.058
2026-09-23 13:27:08,ARSC101,0103,Alan Snyder,40,40,0,2026-09-23 13:28:39,2026-09-23 13:28:39.058
2026-09-23 13:27:08,ARSC101,0104,Alan Snyder,10,10,0,2026-09-23 13:28:39,2026-09-23 13:28:39.059
2026-09-23 13:27:08,ARSC201,0101,Nathan Rabe,65,65,0,2026-09-23 13:28:39,2026-09-23 13:28:39.334
2026-09-23 13:27:08,ARSC201,0102,Kathleen West,40,40,0,2026-09-23 13:28:39,2026-09-23 13:28:39.334
2026-09-23 13:27:08,ARSC201,0103,Kathleen West,40,40,0,2026-09-23 13:28:39,2026-09-23 13:28:39.334
2026-09-23 13:27:08,ARSC301,0101,Kathryn Love,45,45,0,2026-09-23 13:28:39,2026-09-23 13:28:39.616
2026-09-23 13:27:08,ARSC301,0102,Kathryn Love,20,20,0,2026-09-23 13:28:39,2026-09-23 13:28:39.616
2026-09-23 13:27:08,ARSC401,0101,Joseph Herwatic,30,30,0,2026-09-23 13:28:39,2026-09-23 13:28:39.863
2026-09-23 13:27:08,ARSC401,0102,Joseph Herwatic,15,15,0,2026-09-23 13:28:39,2026-09-23 13:28:39.863
2026-09-23 13:27:08,BIOM301,0101,Christine Hakenkamp,28,28,0,2026-09-23 13:29:32,2026-09-23 13:29:32.562
2026-09-23 13:27:08,BIOM301,0102,Christine Hakenkamp,28,28,0,2026-09-23 13:29:32,2026-09-23 13:29:32.562
2026-09-23 13:27:08,BIOM301,0103,Christine Hakenkamp,28,28,0,2026-09-23 13:29:32,2026-09-23 13:29:32.563
2026-09-23 13:27:08,BIOM301,0104,Christine Hakenkamp,28,28,0,2026-09-23 13:29:32,2026-09-23 13:29:32.563
2026-09-23 13:27:08,BIOM301,0105,Christine Hakenkamp,28,28,0,2026-09-23 13:29:32,2026-09-23 13:29:32.563
2026-09-23 13:27:08,BIOM301,0106,Christine Hakenkamp,28,28,0,2026-09-23 13:29:32,2026-09-23 13:29:32.563
2026-09-23 13:27:08,BIOM301,0107,Christine Hakenkamp,28,28,0,2026-09-23 13:29:32,2026-09-23 13:29:32.563
2026-09-23 13:27:08,BIOM301,0201,Instructor: TBA,28,28,0,2026-09-23 13:29:32,2026-09-23 13:29:32.563
2026-09-23 13:27:08,BIOM602,0101,Jiuzhou Song,28,28,0,2026-09-23 13:29:32,2026-09-23 13:29:32.822
2026-09-23 13:27:08,BMIN210,0101,Darlene Dennison,162,162,0,2026-09-23 13:30:00,2026-09-23 13:30:00.564
2026-09-23 13:27:08,BMIN210,0201,Darlene Dennison,162,162,0,2026-09-23 13:30:00,2026-09-23 13:30:00.564
2026-09-23 13:27:08,BMIN305,0101,Tejwansh Anand,162,162,0,2026-09-23 13:30:00,2026-09-23 13:30:00.834
2026-09-23 13:27:08,BMIN345,0101,Michael Padhi,325,325,0,2026-09-23 13:30:01,2026-09-23 13:30:01.135
2026-09-23 13:27:08,BMIN355,0101,Idil Yaveroglu,162,162,0,2026-09-23 13:30:01,2026-09-23 13:30:01.589
2026-09-23 13:27:08,BMIN355,0201,Idil Yaveroglu,162,162,0,2026-09-23 13:30:01,2026-09-23 13:30:01.589
2026-09-23 13:27:08,BMIN375,0101,Leland Gardner,162,162,0,2026-09-23 13:30:02,2026-09-23 13:30:02.094
2026-09-23 13:27:08,BMIN395,0101,Nima Farshchi,162,162,0,2026-09-23 13:30:02,2026-09-23 13:30:02.432
2026-09-23 13:27:08,BMIN395,0201,Nima Farshchi,162,162,0,2026-09-23 13:30:02,2026-09-23 13:30:02.433
2026-09-23 13:27:08,BSCI103,1100,Instructor: TBA,24,24,0,2026-09-23 13:30:06,2026-09-23 13:30:06.234
2026-09-23 13:27:08,BSCI103,1101,Instructor: TBA,24,24,0,2026-09-23 13:30:06,2026-09-23 13:30:06.234
2026-09-23 13:27:08,BSCI103,1103,Instructor: TBA,24,24,0,2026-09-23 13:30:06,2026-09-23 13:30:06.235
2026-09-23 13:27:08,BSCI103,1105,Instructor: TBA,24,24,0,2026-09-23 13:30:06,2026-09-23 13:30:06.235
2026-09-23 13:27:08,BSCI103,1107,Instructor: TBA,24,24,0,2026-09-23 13:30:06,2026-09-23 13:30:06.235
2026-09-23 13:27:08,BSCI103,1108,Instructor: TBA,24,24,0,2026-09-23 13:30:06,2026-09-23 13:30:06.235
2026-09-23 13:27:08,BSCI103,1109,Instructor: TBA,24,24,0,2026-09-23 13:30:06,2026-09-23 13:30:06.235
2026-09-23 13:27:08,BSCI103,1110,Instructor: TBA,24,24,0,2026-09-23 13:30:06,2026-09-23 13:30:06.235
2026-09-23 13:27:08,BSCI103M,0101,Instructor: TBA,24,24,0,2026-09-23 13:30:06,2026-09-23 13:30:06.500
2026-09-23 13:27:08,BSCI120,0101,Dennis vanEngelsdorp,21,21,0,2026-09-23 13:30:06,2026-09-23 13:30:06.760
2026-09-23 13:27:08,BSCI120,0102,Dennis vanEngelsdorp,21,21,0,2026-09-23 13:30:06,2026-09-23 13:30:06.760
2026-09-23 13:27:08,BSCI135,1101,Edgar Moctezuma,24,24,0,2026-09-23 13:30:07,2026-09-23 13:30:07.394
2026-09-23 13:27:08,BSCI135,1102,Edgar Moctezuma,24,24,0,2026-09-23 13:30:07,2026-09-23 13:30:07.394
2026-09-23 13:27:08,BSCI135,1103,Edgar Moctezuma,24,24,0,2026-09-23 13:30:07,2026-09-23 13:30:07.394
2026-09-23 13:27:08,BSCI135,1104,Edgar Moctezuma,24,24,0,2026-09-23 13:30:07,2026-09-23 13:30:07.395
2026-09-23 13:27:08,BSCI135,1105,Edgar Moctezuma,24,24,0,2026-09-23 13:30:07,2026-09-23 13:30:07.395
2026-09-23 13:27:08,BSCI160,6101,Leo Shapiro,104,104,0,2026-09-23 13:30:07,2026-09-23 13:30:07.663
2026-09-23 13:27:08,BSCI160,6301,Chloe Garfinkel,56,56,0,2026-09-23 13:30:07,2026-09-23 13:30:07.663
2026-09-23 13:27:08,BSCI160,6601,Vadim Karatayev,88,88,0,2026-09-23 13:30:07,2026-09-23 13:30:07.663
2026-09-23 13:27:08,BSCI160,SES1,Chloe Garfinkel,15,15,0,2026-09-23 13:30:07,2026-09-23 13:30:07.663
2026-09-23 13:27:08,BSCI170,0101,Cordelia Weiss,153,153,0,2026-09-23 13:30:07,2026-09-23 13:30:07.938
2026-09-23 13:27:08,BSCI170,0201,Nicholas Fletcher,153,153,0,2026-09-23 13:30:07,2026-09-23 13:30:07.938
2026-09-23 13:27:08,BSCI170,0301,Ricardo Araneda,152,152,0,2026-09-23 13:30:07,2026-09-23 13:30:07.938
2026-09-23 13:27:08,BSCI170,0401,Swarna Mohan,153,153,0,2026-09-23 13:30:07,2026-09-23 13:30:07.938
2026-09-23 13:27:08,BSCI170,0501,Ji Young Choi,120,120,0,2026-09-23 13:30:07,2026-09-23 13:30:07.938
2026-09-23 13:27:08,BSCI170,0701,Ji Young Choi,153,153,0,2026-09-23 13:30:07,2026-09-23 13:30:07.939
2026-09-23 13:27:08,BSCI170,SES1,James Sniezek,20,20,0,2026-09-23 13:30:07,2026-09-23 13:30:07.939
2026-09-23 13:27:08,BSCI180,8105,Hans Lemke,19,19,0,2026-09-23 13:30:08,2026-09-23 13:30:08.484
2026-09-23 13:27:08,BSCI180,8106,Hans Lemke,19,19,0,2026-09-23 13:30:08,2026-09-23 13:30:08.484
2026-09-23 13:27:08,BSCI180,8107,Hans Lemke,19,19,0,2026-09-23 13:30:08,2026-09-23 13:30:08.484
2026-09-23 13:27:08,BSCI180,8108,Hans Lemke,19,19,0,2026-09-23 13:30:08,2026-09-23 13:30:08.484
2026-09-23 13:27:08,BSCI180,8109,Hans Lemke,19,19,0,2026-09-23 13:30:08,2026-09-23 13:30:08.485
2026-09-23 13:27:08,BSCI180,8110,Hans Lemke,19,19,0,2026-09-23 13:30:08,2026-09-23 13:30:08.485
2026-09-23 13:27:08,BSCI180,8111,Hans Lemke,19,19,0,2026-09-23 13:30:08,2026-09-23 13:30:08.485
2026-09-23 13:27:08,BSCI180,8112,Hans Lemke,19,19,0,2026-09-23 13:30:08,2026-09-23 13:30:08.485
2026-09-23 13:27:08,BSCI180,8113,Hans Lemke,19,19,0,2026-09-23 13:30:08,2026-09-23 13:30:08.485
2026-09-23 13:27:08,BSCI180,8114,Hans Lemke,19,19,0,2026-09-23 13:30:08,2026-09-23 13:30:08.486
2026-09-23 13:27:08,BSCI180,8201,Hans Lemke,19,19,0,2026-09-23 13:30:08,2026-09-23 13:30:08.486
2026-09-23 13:27:08,BSCI180,8202,Hans Lemke,19,19,0,2026-09-23 13:30:08,2026-09-23 13:30:08.486
2026-09-23 13:27:08,BSCI180,8205,Hans Lemke,19,19,0,2026-09-23 13:30:08,2026-09-23 13:30:08.486
2026-09-23 13:27:08,BSCI180,8206,Hans Lemke,19,19,0,2026-09-23 13:30:08,2026-09-23 13:30:08.486
2026-09-23 13:27:08,BSCI180,8207,Hans Lemke,19,19,0,2026-09-23 13:30:08,2026-09-23 13:30:08.486
2026-09-23 13:27:08,BSCI180,8208,Hans Lemke,19,19,0,2026-09-23 13:30:08,2026-09-23 13:30:08.487
2026-09-23 13:27:08,BSCI180,8209,Hans Lemke,19,19,0,2026-09-23 13:30:08,2026-09-23 13:30:08.487
2026-09-23 13:27:08,BSCI180,8210,Hans Lemke,19,19,0,2026-09-23 13:30:08,2026-09-23 13:30:08.487
2026-09-23 13:27:08,BSCI180,8211,Hans Lemke,19,19,0,2026-09-23 13:30:08,2026-09-23 13:30:08.487
2026-09-23 13:27:08,BSCI180,8212,Hans Lemke,19,19,0,2026-09-23 13:30:08,2026-09-23 13:30:08.487
2026-09-23 13:27:08,BSCI180,8213,Hans Lemke,19,19,0,2026-09-23 13:30:08,2026-09-23 13:30:08.487
2026-09-23 13:27:08,BSCI180,8214,Hans Lemke,19,19,0,2026-09-23 13:30:08,2026-09-23 13:30:08.488
2026-09-23 13:27:08,BSCI180,8301,Hans Lemke,19,19,0,2026-09-23 13:30:08,2026-09-23 13:30:08.488
2026-09-23 13:27:08,BSCI180,8302,Hans Lemke,19,19,0,2026-09-23 13:30:08,2026-09-23 13:30:08.488
2026-09-23 13:27:08,BSCI180,8305,Hans Lemke,19,19,0,2026-09-23 13:30:08,2026-09-23 13:30:08.488
2026-09-23 13:27:08,BSCI180,8306,Hans Lemke,19,19,0,2026-09-23 13:30:08,2026-09-23 13:30:08.488
2026-09-23 13:27:08,BSCI180,8307,Hans Lemke,19,19,0,2026-09-23 13:30:08,2026-09-23 13:30:08.489
2026-09-23 13:27:08,BSCI180,8308,Hans Lemke,19,19,0,2026-09-23 13:30:08,2026-09-23 13:30:08.489
2026-09-23 13:27:08,BSCI180,8309,Hans Lemke,19,19,0,2026-09-23 13:30:08,2026-09-23 13:30:08.489
2026-09-23 13:27:08,BSCI180,8310,Hans Lemke,19,19,0,2026-09-23 13:30:08,2026-09-23 13:30:08.489
2026-09-23 13:27:08,BSCI180,8311,Hans Lemke,19,19,0,2026-09-23 13:30:08,2026-09-23 13:30:08.489
2026-09-23 13:27:08,BSCI180,8312,Hans Lemke,19,19,0,2026-09-23 13:30:08,2026-09-23 13:30:08.489
2026-09-23 13:27:08,BSCI180,8313,Hans Lemke,19,19,0,2026-09-23 13:30:08,2026-09-23 13:30:08.490
2026-09-23 13:27:08,BSCI180,8314,Hans Lemke,19,19,0,2026-09-23 13:30:08,2026-09-23 13:30:08.490
2026-09-23 13:27:08,BSCI180,8401,Hans Lemke,19,19,0,2026-09-23 13:30:08,2026-09-23 13:30:08.490
2026-09-23 13:27:08,BSCI180,8402,Hans Lemke,19,19,0,2026-09-23 13:30:08,2026-09-23 13:30:08.490
2026-09-23 13:27:08,BSCI180,8405,Hans Lemke,19,19,0,2026-09-23 13:30:08,2026-09-23 13:30:08.490
2026-09-23 13:27:08,BSCI180,8406,Hans Lemke,19,19,0,2026-09-23 13:30:08,2026-09-23 13:30:08.490
2026-09-23 13:27:08,BSCI180,8407,Hans Lemke,19,19,0,2026-09-23 13:30:08,2026-09-23 13:30:08.491
2026-09-23 13:27:08,BSCI180,8408,Hans Lemke,19,19,0,2026-09-23 13:30:08,2026-09-23 13:30:08.491
2026-09-23 13:27:08,BSCI180,8409,Hans Lemke,19,19,0,2026-09-23 13:30:08,2026-09-23 13:30:08.491
2026-09-23 13:27:08,BSCI180,8410,Hans Lemke,19,19,0,2026-09-23 13:30:08,2026-09-23 13:30:08.491
2026-09-23 13:27:08,BSCI180,8411,Hans Lemke,19,19,0,2026-09-23 13:30:08,2026-09-23 13:30:08.491
2026-09-23 13:27:08,BSCI180,8412,Hans Lemke,19,19,0,2026-09-23 13:30:08,2026-09-23 13:30:08.491
2026-09-23 13:27:08,BSCI180,8413,Hans Lemke,19,19,0,2026-09-23 13:30:08,2026-09-23 13:30:08.492
2026-09-23 13:27:08,BSCI180,8414,Hans Lemke,19,19,0,2026-09-23 13:30:08,2026-09-23 13:30:08.492
2026-09-23 13:27:08,BSCI180,SEF2,Hans Lemke,19,19,0,2026-09-23 13:30:08,2026-09-23 13:30:08.492
2026-09-23 13:27:08,BSCI180,SES1,Hans Lemke,19,19,0,2026-09-23 13:30:08,2026-09-23 13:30:08.492
2026-09-23 13:27:08,BSCI201,0101,Caitlin Fox,24,24,0,2026-09-23 13:30:08,2026-09-23 13:30:08.781
2026-09-23 13:27:08,BSCI201,0103,Caitlin Fox,24,24,0,2026-09-23 13:30:08,2026-09-23 13:30:08.781
2026-09-23 13:27:08,BSCI201,0105,Caitlin Fox,24,24,0,2026-09-23 13:30:08,2026-09-23 13:30:08.781
2026-09-23 13:27:08,BSCI201,0106,Caitlin Fox,24,24,0,2026-09-23 13:30:08,2026-09-23 13:30:08.782
2026-09-23 13:27:08,BSCI201,0107,Caitlin Fox,24,24,0,2026-09-23 13:30:08,2026-09-23 13:30:08.782
2026-09-23 13:27:08,BSCI201,0109,Maira Goytia,24,24,0,2026-09-23 13:30:08,2026-09-23 13:30:08.782
2026-09-23 13:27:08,BSCI201,0110,Caitlin Fox,24,24,0,2026-09-23 13:30:08,2026-09-23 13:30:08.782
2026-09-23 13:27:08,BSCI201,0111,Caitlin Fox,24,24,0,2026-09-23 13:30:08,2026-09-23 13:30:08.782
2026-09-23 13:27:08,BSCI201,1101,Justicia Opoku-Edusei,24,24,0,2026-09-23 13:30:08,2026-09-23 13:30:08.782
2026-09-23 13:27:08,BSCI201,1103,Justicia Opoku-Edusei,24,24,0,2026-09-23 13:30:08,2026-09-23 13:30:08.783
2026-09-23 13:27:08,BSCI201,1104,Justicia Opoku-Edusei,24,24,0,2026-09-23 13:30:08,2026-09-23 13:30:08.783
2026-09-23 13:27:08,BSCI201,1105,Caitlin Fox,24,24,0,2026-09-23 13:30:08,2026-09-23 13:30:08.783
2026-09-23 13:27:08,BSCI201,1106,Caitlin Fox,24,24,0,2026-09-23 13:30:08,2026-09-23 13:30:08.783
2026-09-23 13:27:08,BSCI201,1108,Caitlin Fox,24,24,0,2026-09-23 13:30:08,2026-09-23 13:30:08.783
2026-09-23 13:27:08,BSCI201,1109,Justicia Opoku-Edusei,24,24,0,2026-09-23 13:30:08,2026-09-23 13:30:08.783
2026-09-23 13:27:08,BSCI201,1110,Justicia Opoku-Edusei,24,24,0,2026-09-23 13:30:08,2026-09-23 13:30:08.784
2026-09-23 13:27:08,BSCI202,0101,Caitlin Fox,24,24,0,2026-09-23 13:30:09,2026-09-23 13:30:09.083
2026-09-23 13:27:08,BSCI202,0102,Caitlin Fox,24,24,0,2026-09-23 13:30:09,2026-09-23 13:30:09.083
2026-09-23 13:27:08,BSCI202,0104,Caitlin Fox,24,24,0,2026-09-23 13:30:09,2026-09-23 13:30:09.084
2026-09-23 13:27:08,BSCI202,0108,Caitlin Fox,24,24,0,2026-09-23 13:30:09,2026-09-23 13:30:09.084
2026-09-23 13:27:08,BSCI202,0109,Maira Goytia,24,24,0,2026-09-23 13:30:09,2026-09-23 13:30:09.084
2026-09-23 13:27:08,BSCI202,0110,Caitlin Fox,24,24,0,2026-09-23 13:30:09,2026-09-23 13:30:09.084
2026-09-23 13:27:08,BSCI202,1101,Justicia Opoku-Edusei,24,24,0,2026-09-23 13:30:09,2026-09-23 13:30:09.084
2026-09-23 13:27:08,BSCI202,1103,Justicia Opoku-Edusei,24,24,0,2026-09-23 13:30:09,2026-09-23 13:30:09.084
2026-09-23 13:27:08,BSCI202,1104,Justicia Opoku-Edusei,24,24,0,2026-09-23 13:30:09,2026-09-23 13:30:09.085
2026-09-23 13:27:08,BSCI202,1106,Justicia Opoku-Edusei,24,24,0,2026-09-23 13:30:09,2026-09-23 13:30:09.085
2026-09-23 13:27:08,BSCI202,1107,Justicia Opoku-Edusei,24,24,0,2026-09-23 13:30:09,2026-09-23 13:30:09.085
2026-09-23 13:27:08,BSCI202,1108,Justicia Opoku-Edusei,24,24,0,2026-09-23 13:30:09,2026-09-23 13:30:09.085
2026-09-23 13:27:08,BSCI202,SES1,Edward Orlando,20,20,0,2026-09-23 13:30:09,2026-09-23 13:30:09.085
2026-09-23 13:27:08,BSCI207,0101,Karen Carleton,80,80,0,2026-09-23 13:30:09,2026-09-23 13:30:09.380
2026-09-23 13:27:08,BSCI207,0201,Chloe Garfinkel,80,80,0,2026-09-23 13:30:09,2026-09-23 13:30:09.380
2026-09-23 13:27:08,BSCI213,0101,Cordelia Weiss,20,20,0,2026-09-23 13:30:09,2026-09-23 13:30:09.691
2026-09-23 13:27:08,BSCI213,0102,Cordelia Weiss,20,20,0,2026-09-23 13:30:09,2026-09-23 13:30:09.691
2026-09-23 13:27:08,BSCI222,7106,Thomas Kocher,18,18,0,2026-09-23 13:30:09,2026-09-23 13:30:10.033
2026-09-23 13:27:08,BSCI222,7108,Thomas Kocher,18,18,0,2026-09-23 13:30:09,2026-09-23 13:30:10.033
2026-09-23 13:27:08,BSCI222,7110,Thomas Kocher,18,18,0,2026-09-23 13:30:09,2026-09-23 13:30:10.033
2026-09-23 13:27:08,BSCI222,7112,Thomas Kocher,18,18,0,2026-09-23 13:30:09,2026-09-23 13:30:10.033
2026-09-23 13:27:08,BSCI222,7114,Thomas Kocher,18,18,0,2026-09-23 13:30:09,2026-09-23 13:30:10.033
2026-09-23 13:27:08,BSCI222,7116,Thomas Kocher,18,18,0,2026-09-23 13:30:09,2026-09-23 13:30:10.033
2026-09-23 13:27:08,BSCI222,7118,Thomas Kocher,18,18,0,2026-09-23 13:30:09,2026-09-23 13:30:10.034
2026-09-23 13:27:08,BSCI222,7120,Thomas Kocher,18,18,0,2026-09-23 13:30:09,2026-09-23 13:30:10.034
2026-09-23 13:27:08,BSCI222,7130,Thomas Kocher,18,18,0,2026-09-23 13:30:09,2026-09-23 13:30:10.034
2026-09-23 13:27:08,BSCI222,7133,Thomas Kocher,18,18,0,2026-09-23 13:30:09,2026-09-23 13:30:10.034
2026-09-23 13:27:08,BSCI222,7214,Michael Keller,18,18,0,2026-09-23 13:30:09,2026-09-23 13:30:10.034
2026-09-23 13:27:08,BSCI222,7216,Michael Keller,18,18,0,2026-09-23 13:30:09,2026-09-23 13:30:10.035
2026-09-23 13:27:08,BSCI222,7218,Michael Keller,18,18,0,2026-09-23 13:30:09,2026-09-23 13:30:10.035
2026-09-23 13:27:08,BSCI222,7219,Michael Keller,18,18,0,2026-09-23 13:30:09,2026-09-23 13:30:10.035
2026-09-23 13:27:08,BSCI222,7220,Michael Keller,18,18,0,2026-09-23 13:30:09,2026-09-23 13:30:10.035
2026-09-23 13:27:08,BSCI222,7221,Michael Keller,18,18,0,2026-09-23 13:30:09,2026-09-23 13:30:10.035
2026-09-23 13:27:08,BSCI222,7222,Michael Keller,18,18,0,2026-09-23 13:30:09,2026-09-23 13:30:10.035
2026-09-23 13:27:08,BSCI222,7224,Michael Keller,18,18,0,2026-09-23 13:30:09,2026-09-23 13:30:10.036
2026-09-23 13:27:08,BSCI222,7226,Michael Keller,18,18,0,2026-09-23 13:30:09,2026-09-23 13:30:10.036
2026-09-23 13:27:08,BSCI222,7232,Michael Keller,18,18,0,2026-09-23 13:30:09,2026-09-23 13:30:10.036
2026-09-23 13:27:08,BSCI222,7234,Michael Keller,18,18,0,2026-09-23 13:30:09,2026-09-23 13:30:10.036
2026-09-23 13:27:08,BSCI222,7236,Michael Keller,18,18,0,2026-09-23 13:30:09,2026-09-23 13:30:10.036
2026-09-23 13:27:08,BSCI222,7310,Maria Colt,18,18,0,2026-09-23 13:30:09,2026-09-23 13:30:10.036
2026-09-23 13:27:08,BSCI222,7311,Maria Colt,18,18,0,2026-09-23 13:30:09,2026-09-23 13:30:10.037
2026-09-23 13:27:08,BSCI222,7312,Maria Colt,18,18,0,2026-09-23 13:30:09,2026-09-23 13:30:10.037
2026-09-23 13:27:08,BSCI222,7313,Maria Colt,18,18,0,2026-09-23 13:30:09,2026-09-23 13:30:10.037
2026-09-23 13:27:08,BSCI222,7315,Maria Colt,18,18,0,2026-09-23 13:30:09,2026-09-23 13:30:10.037
2026-09-23 13:27:08,BSCI222,7320,Maria Colt,18,18,0,2026-09-23 13:30:09,2026-09-23 13:30:10.037
2026-09-23 13:27:08,BSCI222,7325,Maria Colt,18,18,0,2026-09-23 13:30:09,2026-09-23 13:30:10.037
2026-09-23 13:27:08,BSCI222,7330,Maria Colt,18,18,0,2026-09-23 13:30:09,2026-09-23 13:30:10.038
2026-09-23 13:27:08,BSCI222,7332,Maria Colt,18,18,0,2026-09-23 13:30:09,2026-09-23 13:30:10.038
2026-09-23 13:27:08,BSCI222,7335,Maria Colt,18,18,0,2026-09-23 13:30:09,2026-09-23 13:30:10.038
2026-09-23 13:27:08,BSCI222,SES1,Maria Colt,23,23,0,2026-09-23 13:30:09,2026-09-23 13:30:10.038
2026-09-23 13:27:08,BSCI223,1021,John Buchner,16,16,0,2026-09-23 13:30:10,2026-09-23 13:30:10.369
2026-09-23 13:27:08,BSCI223,1025,John Buchner,16,16,0,2026-09-23 13:30:10,2026-09-23 13:30:10.369
2026-09-23 13:27:08,BSCI223,1026,John Buchner,16,16,0,2026-09-23 13:30:10,2026-09-23 13:30:10.369
2026-09-23 13:27:08,BSCI223,1101,John Buchner,16,16,0,2026-09-23 13:30:10,2026-09-23 13:30:10.370
2026-09-23 13:27:08,BSCI223,1105,John Buchner,16,16,0,2026-09-23 13:30:10,2026-09-23 13:30:10.370
2026-09-23 13:27:08,BSCI223,1106,John Buchner,16,16,0,2026-09-23 13:30:10,2026-09-23 13:30:10.370
2026-09-23 13:27:08,BSCI223,1121,John Buchner,16,16,0,2026-09-23 13:30:10,2026-09-23 13:30:10.370
2026-09-23 13:27:08,BSCI223,1125,John Buchner,16,16,0,2026-09-23 13:30:10,2026-09-23 13:30:10.370
2026-09-23 13:27:08,BSCI223,1126,John Buchner,16,16,0,2026-09-23 13:30:10,2026-09-23 13:30:10.370
2026-09-23 13:27:08,BSCI223,1201,John Buchner,16,16,0,2026-09-23 13:30:10,2026-09-23 13:30:10.371
2026-09-23 13:27:08,BSCI223,1206,John Buchner,16,16,0,2026-09-23 13:30:10,2026-09-23 13:30:10.371
2026-09-23 13:27:08,BSCI223,1221,John Buchner,16,16,0,2026-09-23 13:30:10,2026-09-23 13:30:10.371
2026-09-23 13:27:08,BSCI223,1225,John Buchner,16,16,0,2026-09-23 13:30:10,2026-09-23 13:30:10.371
2026-09-23 13:27:08,BSCI223,1226,John Buchner,16,16,0,2026-09-23 13:30:10,2026-09-23 13:30:10.371
2026-09-23 13:27:08,BSCI223,1301,John Buchner,16,16,0,2026-09-23 13:30:10,2026-09-23 13:30:10.371
2026-09-23 13:27:08,BSCI223,1306,John Buchner,16,16,0,2026-09-23 13:30:10,2026-09-23 13:30:10.372
2026-09-23 13:27:08,BSCI223,2401,John Buchner,16,16,0,2026-09-23 13:30:10,2026-09-23 13:30:10.372
2026-09-23 13:27:08,BSCI223,2406,John Buchner,16,16,0,2026-09-23 13:30:10,2026-09-23 13:30:10.372
2026-09-23 13:27:08,BSCI223,SES1,Cherisse Hall,20,20,0,2026-09-23 13:30:10,2026-09-23 13:30:10.372
2026-09-23 13:27:08,BSCI238I,0101,Aditri Gadigi,30,30,0,2026-09-23 13:30:10,2026-09-23 13:30:10.642
2026-09-23 13:27:08,BSCI258A,0101,Nicholas Fletcher,10,10,0,2026-09-23 13:30:11,2026-09-23 13:30:11.038
2026-09-23 13:27:08,BSCI258B,0101,Nicholas Fletcher,80,80,0,2026-09-23 13:30:11,2026-09-23 13:30:11.310
2026-09-23 13:27:08,BSCI279B,0101,Katerina Thompson,32,32,0,2026-09-23 13:30:11,2026-09-23 13:30:11.840
2026-09-23 13:27:08,BSCI279B,0102,Katerina Thompson,32,32,0,2026-09-23 13:30:11,2026-09-23 13:30:11.840
2026-09-23 13:27:08,BSCI279Q,0101,Daniel Butts,10,10,0,2026-09-23 13:30:12,2026-09-23 13:30:12.410
2026-09-23 13:27:08,BSCI283,1205,Kevin McIver,20,20,0,2026-09-23 13:30:13,2026-09-23 13:30:13.199
2026-09-23 13:27:08,BSCI283,1305,Daniel Stein,20,20,0,2026-09-23 13:30:13,2026-09-23 13:30:13.199
2026-09-23 13:27:08,BSCI329,1016,Hilary Bierman,5,5,0,2026-09-23 13:30:13,2026-09-23 13:30:13.497
2026-09-23 13:27:08,BSCI329,1028,Daniel Butts,10,10,0,2026-09-23 13:30:13,2026-09-23 13:30:13.497
2026-09-23 13:27:08,BSCI329,1033,Chan Lin,10,10,0,2026-09-23 13:30:13,2026-09-23 13:30:13.497
2026-09-23 13:27:08,BSCI329,1250,Justicia Opoku-Edusei,20,20,0,2026-09-23 13:30:13,2026-09-23 13:30:13.498
2026-09-23 13:27:08,BSCI329,1388,Corine Van der Weele,8,8,0,2026-09-23 13:30:13,2026-09-23 13:30:13.498
2026-09-23 13:27:08,BSCI329,ESG1,Hadiya Woodham,10,10,0,2026-09-23 13:30:13,2026-09-23 13:30:13.498
2026-09-23 13:27:08,BSCI331,0101,Kenneth Frauwirth,200,200,0,2026-09-23 13:30:13,2026-09-23 13:30:13.744
2026-09-23 13:27:08,BSCI331,0201,Kenneth Frauwirth,200,200,0,2026-09-23 13:30:13,2026-09-23 13:30:13.744
2026-09-23 13:27:08,BSCI332,0102,Corine Van der Weele,23,23,0,2026-09-23 13:30:14,2026-09-23 13:30:14.014
2026-09-23 13:27:08,BSCI332,0104,Corine Van der Weele,23,23,0,2026-09-23 13:30:14,2026-09-23 13:30:14.014
2026-09-23 13:27:08,BSCI332,0106,Corine Van der Weele,23,23,0,2026-09-23 13:30:14,2026-09-23 13:30:14.015
2026-09-23 13:27:08,BSCI332,0107,Corine Van der Weele,23,23,0,2026-09-23 13:30:14,2026-09-23 13:30:14.015
2026-09-23 13:27:08,BSCI332,0111,Corine Van der Weele,23,23,0,2026-09-23 13:30:14,2026-09-23 13:30:14.015
2026-09-23 13:27:08,BSCI332,1103,Corine Van der Weele,23,23,0,2026-09-23 13:30:14,2026-09-23 13:30:14.015
2026-09-23 13:27:08,BSCI332,1105,Corine Van der Weele,23,23,0,2026-09-23 13:30:14,2026-09-23 13:30:14.015
2026-09-23 13:27:08,BSCI332,1108,Corine Van der Weele,23,23,0,2026-09-23 13:30:14,2026-09-23 13:30:14.015
2026-09-23 13:27:08,BSCI332,1109,Corine Van der Weele,23,23,0,2026-09-23 13:30:14,2026-09-23 13:30:14.016
2026-09-23 13:27:08,BSCI332,1111,Corine Van der Weele,23,23,0,2026-09-23 13:30:14,2026-09-23 13:30:14.016
2026-09-23 13:27:08,BSCI332,1113,Corine Van der Weele,23,23,0,2026-09-23 13:30:14,2026-09-23 13:30:14.016
2026-09-23 13:27:08,BSCI334,0101,Katerina Thompson,60,60,0,2026-09-23 13:30:14,2026-09-23 13:30:14.295
2026-09-23 13:27:08,BSCI335,0101,Katerina Thompson,20,20,0,2026-09-23 13:30:14,2026-09-23 13:30:14.557
2026-09-23 13:27:08,BSCI335,0102,Katerina Thompson,20,20,0,2026-09-23 13:30:14,2026-09-23 13:30:14.557
2026-09-23 13:27:08,BSCI337,0101,Leo Shapiro,20,20,0,2026-09-23 13:30:14,2026-09-23 13:30:14.819
2026-09-23 13:27:08,BSCI337,0102,Leo Shapiro,20,20,0,2026-09-23 13:30:14,2026-09-23 13:30:14.819
2026-09-23 13:27:08,BSCI343,ESG1,Hadiya Woodham,30,30,0,2026-09-23 13:30:15,2026-09-23 13:30:15.363
2026-09-23 13:27:08,BSCI348A,0101,John Buchner,22,22,0,2026-09-23 13:30:15,2026-09-23 13:30:15.961
2026-09-23 13:27:08,BSCI348B,SES1,Erik Lontok,20,20,0,2026-09-23 13:30:16,2026-09-23 13:30:16.251
2026-09-23 13:27:08,BSCI348I,SES1,Erik Lontok,25,25,0,2026-09-23 13:30:16,2026-09-23 13:30:16.533
2026-09-23 13:27:08,BSCI348R,0101,Najib El-Sayed,10,10,0,2026-09-23 13:30:16,2026-09-23 13:30:16.816
2026-09-23 13:27:08,BSCI353,0101,Chan Lin,64,64,0,2026-09-23 13:30:17,2026-09-23 13:30:17.088
2026-09-23 13:27:08,BSCI353,0102,Melissa Caras,40,40,0,2026-09-23 13:30:17,2026-09-23 13:30:17.089
2026-09-23 13:27:08,BSCI353,ESG1,Vitaly Stepensky,40,40,0,2026-09-23 13:30:17,2026-09-23 13:30:17.089
2026-09-23 13:27:08,BSCI358A,ESG1,Vitaly Stepensky,30,30,0,2026-09-23 13:30:17,2026-09-23 13:30:17.375
2026-09-23 13:27:08,BSCI358B,ESG1,Gregory Simon,30,30,0,2026-09-23 13:30:17,2026-09-23 13:30:17.629
2026-09-23 13:27:08,BSCI361,0101,Daniel Gruner,25,25,0,2026-09-23 13:30:17,2026-09-23 13:30:17.902
2026-09-23 13:27:08,BSCI361,0102,Daniel Gruner,25,25,0,2026-09-23 13:30:17,2026-09-23 13:30:17.903
2026-09-23 13:27:08,BSCI370,0101,Alexandra Bely,64,64,0,2026-09-23 13:30:18,2026-09-23 13:30:18.182
2026-09-23 13:27:08,BSCI378H,0101,Kenneth Frauwirth,23,23,0,2026-09-23 13:30:18,2026-09-23 13:30:18.708
2026-09-23 13:27:08,BSCI398H,0101,Alexandra Bely,35,35,0,2026-09-23 13:30:20,2026-09-23 13:30:20.510
2026-09-23 13:27:08,BSCI401,0101,Gerald Wilkinson,39,39,0,2026-09-23 13:30:21,2026-09-23 13:30:21.620
2026-09-23 13:27:08,BSCI406,0101,Sergei Sukharev,20,20,0,2026-09-23 13:30:21,2026-09-23 13:30:21.878
2026-09-23 13:27:08,BSCI410,0101,Charles Seller,140,140,0,2026-09-23 13:30:22,2026-09-23 13:30:22.145
2026-09-23 13:27:08,BSCI412,0101,Erin Tran,18,18,0,2026-09-23 13:30:22,2026-09-23 13:30:22.428
2026-09-23 13:27:08,BSCI412,0103,Wade Winkler,18,18,0,2026-09-23 13:30:22,2026-09-23 13:30:22.428
2026-09-23 13:27:08,BSCI414,ESG1,Caitlin Fox,24,24,0,2026-09-23 13:30:22,2026-09-23 13:30:22.686
2026-09-23 13:27:08,BSCI416,0101,Silvia Bolland,42,42,0,2026-09-23 13:30:22,2026-09-23 13:30:22.993
2026-09-23 13:27:08,BSCI417,0101,Vincent Lee,30,30,0,2026-09-23 13:30:23,2026-09-23 13:30:23.262
2026-09-23 13:27:08,BSCI420,0101,Sougata Roy,62,62,0,2026-09-23 13:30:23,2026-09-23 13:30:23.538
2026-09-23 13:27:08,BSCI422,0101,Kenneth Frauwirth,25,25,0,2026-09-23 13:30:23,2026-09-23 13:30:23.838
2026-09-23 13:27:08,BSCI422,0102,Kenneth Frauwirth,25,25,0,2026-09-23 13:30:23,2026-09-23 13:30:23.839
2026-09-23 13:27:08,BSCI422,0103,David Mosser,25,25,0,2026-09-23 13:30:23,2026-09-23 13:30:23.839
2026-09-23 13:27:08,BSCI422,0104,David Mosser,25,25,0,2026-09-23 13:30:23,2026-09-23 13:30:23.839
2026-09-23 13:27:08,BSCI423,0101,Wenxia Song,18,18,0,2026-09-23 13:30:24,2026-09-23 13:30:24.123
2026-09-23 13:27:08,BSCI423,0102,Wenxia Song,18,18,0,2026-09-23 13:30:24,2026-09-23 13:30:24.123
2026-09-23 13:27:08,BSCI425,0101,Kan Cao,20,20,0,2026-09-23 13:30:24,2026-09-23 13:30:24.400
2026-09-23 13:27:08,BSCI430,0101,Eric Haag,35,35,0,2026-09-23 13:30:24,2026-09-23 13:30:24.692
2026-09-23 13:27:08,BSCI433,0101,Jeff Maltas,30,30,0,2026-09-23 13:30:24,2026-09-23 13:30:24.944
2026-09-23 13:27:08,BSCI435,0101,Tapan Goel,18,18,0,2026-09-23 13:30:25,2026-09-23 13:30:25.246
2026-09-23 13:27:08,BSCI436,0101,Jonathan Dinman,60,60,0,2026-09-23 13:30:25,2026-09-23 13:30:25.530
2026-09-23 13:27:08,BSCI437,0101,Jeffrey DeStefano,70,70,0,2026-09-23 13:30:25,2026-09-23 13:30:25.813
2026-09-23 13:27:08,BSCI437,ESG1,Gilad Ofek,40,40,0,2026-09-23 13:30:25,2026-09-23 13:30:25.813
2026-09-23 13:27:08,BSCI437H,0101,Jeffrey DeStefano,8,8,0,2026-09-23 13:30:26,2026-09-23 13:30:26.089
2026-09-23 13:27:08,BSCI439B,ESG1,Maira Goytia,40,40,0,2026-09-23 13:30:26,2026-09-23 13:30:26.331
2026-09-23 13:27:08,BSCI439E,0101,Beatrice Kondo,5,5,0,2026-09-23 13:30:26,2026-09-23 13:30:26.639
2026-09-23 13:27:08,BSCI439G,0101,Beatrice Kondo,5,5,0,2026-09-23 13:30:26,2026-09-23 13:30:26.892
2026-09-23 13:27:08,BSCI439L,0101,Instructor: TBA,5,5,0,2026-09-23 13:30:27,2026-09-23 13:30:27.138
2026-09-23 13:27:08,BSCI442,0101,Daniel Rodriguez Leal,20,20,0,2026-09-23 13:30:27,2026-09-23 13:30:27.397
2026-09-23 13:27:08,BSCI442,0102,Jose Feijo,20,20,0,2026-09-23 13:30:27,2026-09-23 13:30:27.397
2026-09-23 13:27:08,BSCI450,0101,Juan Angueyra,130,130,0,2026-09-23 13:30:27,2026-09-23 13:30:27.675
2026-09-23 13:27:08,BSCI450,0201,Joshua Singer,120,120,0,2026-09-23 13:30:27,2026-09-23 13:30:27.676
2026-09-23 13:27:08,BSCI450,PDS1,William Higgins,20,20,0,2026-09-23 13:30:27,2026-09-23 13:30:27.676
2026-09-23 13:27:08,BSCI451,0101,Corine Van der Weele,20,20,0,2026-09-23 13:30:27,2026-09-23 13:30:27.981
2026-09-23 13:27:08,BSCI451,0102,Corine Van der Weele,20,20,0,2026-09-23 13:30:27,2026-09-23 13:30:27.981
2026-09-23 13:27:08,BSCI451,0103,Corine Van der Weele,20,20,0,2026-09-23 13:30:27,2026-09-23 13:30:27.981
2026-09-23 13:27:08,BSCI451,0104,Corine Van der Weele,20,20,0,2026-09-23 13:30:27,2026-09-23 13:30:27.981
2026-09-23 13:27:08,BSCI452,0101,Chan Lin,40,40,0,2026-09-23 13:30:28,2026-09-23 13:30:28.247
2026-09-23 13:27:08,BSCI452,SES1,Chan Lin,20,20,0,2026-09-23 13:30:28,2026-09-23 13:30:28.247
2026-09-23 13:27:08,BSCI453,0101,Nikolas Francis,38,38,0,2026-09-23 13:30:28,2026-09-23 13:30:28.503
2026-09-23 13:27:08,BSCI455,0101,Hilary Bierman,16,16,0,2026-09-23 13:30:28,2026-09-23 13:30:28.769
2026-09-23 13:27:08,BSCI455,0102,Hilary Bierman,16,16,0,2026-09-23 13:30:28,2026-09-23 13:30:28.769
2026-09-23 13:27:08,BSCI455,0103,Hilary Bierman,16,16,0,2026-09-23 13:30:28,2026-09-23 13:30:28.769
2026-09-23 13:27:08,BSCI456,0101,Colenso Speer,5,5,0,2026-09-23 13:30:29,2026-09-23 13:30:29.047
2026-09-23 13:27:08,BSCI477,0101,Emily Bruns,40,40,0,2026-09-23 13:30:29,2026-09-23 13:30:29.327
2026-09-23 13:27:08,BSCI487,0101,Kelly Hamby,24,24,0,2026-09-23 13:30:29,2026-09-23 13:30:29.575
2026-09-23 13:27:08,BSOS355,0101,Liza Lebrun,40,40,0,2026-09-23 13:30:31,2026-09-23 13:30:31.120
2026-09-23 13:27:08,BSOS361,0101,TC Lloyd,30,30,0,2026-09-23 13:30:31,2026-09-23 13:30:31.404
2026-09-23 13:27:08,BSOS361,0102,TC Lloyd,30,30,0,2026-09-23 13:30:31,2026-09-23 13:30:31.405
2026-09-23 13:27:08,BSOS448M,0101,Brandee Pettus,12,12,0,2026-09-23 13:30:31,2026-09-23 13:30:31.671
2026-09-23 13:27:08,BUMO600,0501,Sheetal Singh,52,52,0,2026-09-23 13:30:49,2026-09-23 13:30:49.201
2026-09-23 13:27:08,BUMO604,0501,Jon Crocker,0,0,0,2026-09-23 13:30:49,2026-09-23 13:30:49.463
2026-09-23 13:27:08,BUMO614,0501,Waverly Ding,58,58,0,2026-09-23 13:30:49,2026-09-23 13:30:49.725
2026-09-23 13:27:08,BUMO701,0501,Jason Choi,65,65,0,2026-09-23 13:30:50,2026-09-23 13:30:50.023
2026-09-23 13:27:08,BUMO703,0501,Mary Beth Furst,65,65,0,2026-09-23 13:30:50,2026-09-23 13:30:50.311
2026-09-23 13:27:08,BUMO711,0501,Sheetal Singh,65,65,0,2026-09-23 13:30:50,2026-09-23 13:30:50.566
2026-09-23 13:27:08,BUMO714,0501,Rellie Rozin,0,0,0,2026-09-23 13:30:50,2026-09-23 13:30:50.837
2026-09-23 13:27:08,BUMO723,0501,Stephen Sclafani,58,58,0,2026-09-23 13:30:51,2026-09-23 13:30:51.078
2026-09-23 13:27:08,BUMO724,0501,Stephen Sclafani,58,58,0,2026-09-23 13:30:51,2026-09-23 13:30:51.361
2026-09-23 13:27:08,BUMO726,0501,Stephen Sclafani,58,58,0,2026-09-23 13:30:51,2026-09-23 13:30:51.648
2026-09-23 13:27:08,BUMO731,0501,Balaji Padmanabhan,58,58,0,2026-09-23 13:30:51,2026-09-23 13:30:51.901
2026-09-23 13:27:08,BUMO733,0501,Balaji Padmanabhan,58,58,0,2026-09-23 13:30:52,2026-09-23 13:30:52.182
2026-09-23 13:27:08,BUMO758P,0501,Jon Crocker,37,37,0,2026-09-23 13:30:52,2026-09-23 13:30:52.427
2026-09-23 13:27:08,BUMO780,0501,Jennifer Marr,37,37,0,2026-09-23 13:30:52,2026-09-23 13:30:52.997
2026-09-23 13:27:08,BUMO780,0502,Jennifer Marr,37,37,0,2026-09-23 13:30:52,2026-09-23 13:30:52.998
2026-09-23 13:27:08,BUMO782,0501,Mike Hoffmeyer,40,40,0,2026-09-23 13:30:53,2026-09-23 13:30:53.278
2026-09-23 13:27:08,BUMO785,0501,Maria Bustamante,65,65,0,2026-09-23 13:30:53,2026-09-23 13:30:53.560
2026-09-23 13:27:08,BUMO790,0501,Roy Thomason,65,65,0,2026-09-23 13:30:53,2026-09-23 13:30:53.832
2026-09-23 13:27:08,BUMO790,0502,Roy Thomason,65,65,0,2026-09-23 13:30:53,2026-09-23 13:30:53.832
2026-09-23 13:27:08,BUMO791,0501,Roy Thomason,65,65,0,2026-09-23 13:30:54,2026-09-23 13:30:54.087
2026-09-23 13:27:08,BUMO791,0502,Roy Thomason,65,65,0,2026-09-23 13:30:54,2026-09-23 13:30:54.087
2026-09-23 13:27:08,CHIN100,0101,Yuli Wang,15,15,0,2026-09-23 13:31:35,2026-09-23 13:31:35.208
2026-09-23 13:27:08,CHIN121,0101,Mei Kong,15,15,0,2026-09-23 13:31:35,2026-09-23 13:31:35.479
2026-09-23 13:27:08,CHIN122,0101,Mei Kong,15,15,0,2026-09-23 13:31:35,2026-09-23 13:31:35.738
2026-09-23 13:27:08,CHIN122,0201,Mei Kong,15,15,0,2026-09-23 13:31:35,2026-09-23 13:31:35.738
2026-09-23 13:27:08,CHIN122,0301,Guiling Hu,15,15,0,2026-09-23 13:31:35,2026-09-23 13:31:35.738
2026-09-23 13:27:08,CHIN207,0101,Guiling Hu,15,15,0,2026-09-23 13:31:36,2026-09-23 13:31:36.007
2026-09-23 13:27:08,CHIN207,0201,Guiling Hu,15,15,0,2026-09-23 13:31:36,2026-09-23 13:31:36.007
2026-09-23 13:27:08,CHIN302,0101,Jungjung Lee,15,15,0,2026-09-23 13:31:36,2026-09-23 13:31:36.286
2026-09-23 13:27:08,CHIN302,0201,Jungjung Lee,15,15,0,2026-09-23 13:31:36,2026-09-23 13:31:36.286
2026-09-23 13:27:08,CHIN307,0101,Minglang Zhou,25,25,0,2026-09-23 13:31:36,2026-09-23 13:31:36.595
2026-09-23 13:27:08,CHIN315,0101,Mei Nan,25,25,0,2026-09-23 13:31:36,2026-09-23 13:31:36.876
2026-09-23 13:27:08,CHIN332,0101,Yuli Wang,15,15,0,2026-09-23 13:31:37,2026-09-23 13:31:37.157
2026-09-23 13:27:08,CHIN402,0101,Jungjung Lee,15,15,0,2026-09-23 13:31:37,2026-09-23 13:31:37.706
2026-09-23 13:27:08,CHIN415,0101,Jungjung Lee,15,15,0,2026-09-23 13:31:37,2026-09-23 13:31:37.963
2026-09-23 13:27:08,CHIN418O,0101,Mei Nan,25,25,0,2026-09-23 13:31:38,2026-09-23 13:31:38.253
2026-09-23 13:27:08,CHIN441,0101,Andrew Schonebaum,20,20,0,2026-09-23 13:31:38,2026-09-23 13:31:38.498
2026-09-23 13:27:08,CHSE205,0101,Yewon Lee,60,60,0,2026-09-23 13:31:42,2026-09-23 13:31:42.186
2026-09-23 13:27:08,CHSE205,0201,Katryna Andrusik,50,50,0,2026-09-23 13:31:42,2026-09-23 13:31:42.186
2026-09-23 13:27:08,CHSE228D,0101,Nikita Kimani,16,16,0,2026-09-23 13:31:42,2026-09-23 13:31:42.445
2026-09-23 13:27:08,CHSE376,0101,Michael Dunham,20,20,0,2026-09-23 13:31:42,2026-09-23 13:31:42.706
2026-09-23 13:27:08,CHSE376,0201,Elizabeth Martinez,20,20,0,2026-09-23 13:31:42,2026-09-23 13:31:42.706
2026-09-23 13:27:08,CHSE376,0301,Colleen McGilpin,20,20,0,2026-09-23 13:31:42,2026-09-23 13:31:42.706
2026-09-23 13:27:08,CHSE376,0401,Chanai Brewster,15,15,0,2026-09-23 13:31:42,2026-09-23 13:31:42.706
2026-09-23 13:27:08,CHSE376,0501,Michael Dunham,15,15,0,2026-09-23 13:31:42,2026-09-23 13:31:42.707
2026-09-23 13:27:08,CHSE476,0101,Michael Dunham,20,20,0,2026-09-23 13:31:43,2026-09-23 13:31:43.206
2026-09-23 13:27:08,CHSE477,0101,Michael Dunham,18,18,0,2026-09-23 13:31:43,2026-09-23 13:31:43.488
2026-09-23 13:27:08,CHSE480,0101,Michael Dunham,18,18,0,2026-09-23 13:31:43,2026-09-23 13:31:43.796
2026-09-23 13:27:08,CHSE489,1901,Amy D'Agati,10,10,0,2026-09-23 13:31:44,2026-09-23 13:31:44.081
2026-09-23 13:27:08,CINE245,0201,Instructor: TBA,27,27,0,2026-09-23 13:31:45,2026-09-23 13:31:45.974
2026-09-23 13:27:08,CINE245,0301,Instructor: TBA,27,27,0,2026-09-23 13:31:45,2026-09-23 13:31:45.974
2026-09-23 13:27:08,CINE280,0101,Eric Zakim,25,25,0,2026-09-23 13:31:46,2026-09-23 13:31:46.233
2026-09-23 13:27:08,CINE280,0102,Eric Zakim,25,25,0,2026-09-23 13:31:46,2026-09-23 13:31:46.233
2026-09-23 13:27:08,CINE280,0103,Eric Zakim,25,25,0,2026-09-23 13:31:46,2026-09-23 13:31:46.233
2026-09-23 13:27:08,CINE280,0104,Eric Zakim,25,25,0,2026-09-23 13:31:46,2026-09-23 13:31:46.233
2026-09-23 13:27:08,CINE282,0101,Susan Pramschufer,35,35,0,2026-09-23 13:31:46,2026-09-23 13:31:46.518
2026-09-23 13:27:08,CINE298B,0101,Sean Pue,20,20,0,2026-09-23 13:31:46,2026-09-23 13:31:46.797
2026-09-23 13:27:08,CINE302,0101,Luka Arsenjuk,30,30,0,2026-09-23 13:31:47,2026-09-23 13:31:47.062
2026-09-23 13:27:08,CINE310,0101,Nathaniel Stevens,15,15,0,2026-09-23 13:31:47,2026-09-23 13:31:47.338
2026-09-23 13:27:08,CINE319A,0101,Instructor: TBA,20,20,0,2026-09-23 13:31:47,2026-09-23 13:31:47.634
2026-09-23 13:27:08,CINE319I,0101,Yael Inbar,15,15,0,2026-09-23 13:31:47,2026-09-23 13:31:47.878
2026-09-23 13:27:08,CINE319P,5501,Samuel Crawford,10,10,0,2026-09-23 13:31:48,2026-09-23 13:31:48.119
2026-09-23 13:27:08,CINE329E,0101,Elizabeth Papazian,25,25,0,2026-09-23 13:31:48,2026-09-23 13:31:48.380
2026-09-23 13:27:08,CINE329N,0101,Daniel Richter,25,25,0,2026-09-23 13:31:48,2026-09-23 13:31:48.667
2026-09-23 13:27:08,CINE329Z,0101,Daniel Richter,25,25,0,2026-09-23 13:31:48,2026-09-23 13:31:48.913
2026-09-23 13:27:08,CINE335,0101,Jason Kuo,25,25,0,2026-09-23 13:31:49,2026-09-23 13:31:49.173
2026-09-23 13:27:08,CINE369C,0101,Mauro Resmini,40,40,0,2026-09-23 13:31:49,2026-09-23 13:31:49.436
2026-09-23 13:27:08,CINE369F,0101,Alexis Lothian,30,30,0,2026-09-23 13:31:49,2026-09-23 13:31:49.690
2026-09-23 13:27:08,CINE369K,0101,Instructor: TBA,20,20,0,2026-09-23 13:31:49,2026-09-23 13:31:49.966
2026-09-23 13:27:08,CINE376,0101,Ross Angelella,14,14,0,2026-09-23 13:31:50,2026-09-23 13:31:50.241
2026-09-23 13:27:08,CINE376,0102,Ross Angelella,5,5,0,2026-09-23 13:31:50,2026-09-23 13:31:50.242
2026-09-23 13:27:08,CINE419E,0101,Stephanie Sapienza,15,15,0,2026-09-23 13:31:50,2026-09-23 13:31:50.795
2026-09-23 13:27:08,CINE429O,0101,Mei Nan,25,25,0,2026-09-23 13:31:51,2026-09-23 13:31:51.109
2026-09-23 13:27:08,CINE459C,0101,Saverio Giovacchini,54,54,0,2026-09-23 13:31:51,2026-09-23 13:31:51.383
2026-09-23 13:27:08,CINE469Y,0101,Jason Kuo,14,14,0,2026-09-23 13:31:51,2026-09-23 13:31:51.674
2026-09-23 13:27:08,CLAS170,0101,Katherine Wasdin,21,21,0,2026-09-23 13:31:53,2026-09-23 13:31:53.492
2026-09-23 13:27:08,CLAS170,0102,Katherine Wasdin,21,21,0,2026-09-23 13:31:53,2026-09-23 13:31:53.493
2026-09-23 13:27:08,CLAS170,0103,Katherine Wasdin,21,21,0,2026-09-23 13:31:53,2026-09-23 13:31:53.493
2026-09-23 13:27:08,CLAS170,0104,Katherine Wasdin,21,21,0,2026-09-23 13:31:53,2026-09-23 13:31:53.493
2026-09-23 13:27:08,CLAS170,0105,Katherine Wasdin,21,21,0,2026-09-23 13:31:53,2026-09-23 13:31:53.493
2026-09-23 13:27:08,CLAS170,0106,Katherine Wasdin,21,21,0,2026-09-23 13:31:53,2026-09-23 13:31:53.493
2026-09-23 13:27:08,CLAS170,0107,Katherine Wasdin,21,21,0,2026-09-23 13:31:53,2026-09-23 13:31:53.493
2026-09-23 13:27:08,CLAS170,0108,Katherine Wasdin,21,21,0,2026-09-23 13:31:53,2026-09-23 13:31:53.494
2026-09-23 13:27:08,CLAS170,0109,Katherine Wasdin,21,21,0,2026-09-23 13:31:53,2026-09-23 13:31:53.494
2026-09-23 13:27:08,CLAS276,0101,Eric Adler,25,25,0,2026-09-23 13:31:53,2026-09-23 13:31:53.785
2026-09-23 13:27:08,CLAS276,0102,Eric Adler,25,25,0,2026-09-23 13:31:53,2026-09-23 13:31:53.786
2026-09-23 13:27:08,CLAS276,0103,Eric Adler,25,25,0,2026-09-23 13:31:53,2026-09-23 13:31:53.786
2026-09-23 13:27:08,CLAS276,0104,Eric Adler,25,25,0,2026-09-23 13:31:53,2026-09-23 13:31:53.786
2026-09-23 13:27:08,CLAS276,0105,Eric Adler,25,25,0,2026-09-23 13:31:53,2026-09-23 13:31:53.786
2026-09-23 13:27:08,CLAS276,0106,Eric Adler,25,25,0,2026-09-23 13:31:53,2026-09-23 13:31:53.786
2026-09-23 13:27:08,CLAS333,0101,Nathan Levine,35,35,0,2026-09-23 13:31:54,2026-09-23 13:31:54.207
2026-09-23 13:27:08,CLAS340,0101,Katherine Wasdin,35,35,0,2026-09-23 13:31:54,2026-09-23 13:31:54.447
2026-09-23 13:27:08,CMLT235,0101,Instructor: TBA,30,30,0,2026-09-23 13:31:58,2026-09-23 13:31:58.572
2026-09-23 13:27:08,CMLT270,0201,Instructor: TBA,30,30,0,2026-09-23 13:31:58,2026-09-23 13:31:58.871
2026-09-23 13:27:08,CMLT270,0301,Instructor: TBA,30,30,0,2026-09-23 13:31:58,2026-09-23 13:31:58.871
2026-09-23 13:27:08,CMLT275,0101,Instructor: TBA,30,30,0,2026-09-23 13:31:59,2026-09-23 13:31:59.148
2026-09-23 13:27:08,CMLT277,0101,Instructor: TBA,30,30,0,2026-09-23 13:31:59,2026-09-23 13:31:59.421
2026-09-23 13:27:08,CMLT280,0101,Eric Zakim,25,25,0,2026-09-23 13:31:59,2026-09-23 13:31:59.701
2026-09-23 13:27:08,CMLT280,0102,Eric Zakim,25,25,0,2026-09-23 13:31:59,2026-09-23 13:31:59.701
2026-09-23 13:27:08,CMLT280,0103,Eric Zakim,25,25,0,2026-09-23 13:31:59,2026-09-23 13:31:59.701
2026-09-23 13:27:08,CMLT280,0104,Eric Zakim,25,25,0,2026-09-23 13:31:59,2026-09-23 13:31:59.701
2026-09-23 13:27:08,CPBE101,0101,Oliver Schlake,75,75,0,2026-09-23 13:32:19,2026-09-23 13:32:19.750
2026-09-23 13:27:08,CPBE230,0101,Oliver Schlake,30,30,0,2026-09-23 13:32:20,2026-09-23 13:32:20.017
2026-09-23 13:27:08,CPBE240,0101,Oliver Schlake,20,20,0,2026-09-23 13:32:20,2026-09-23 13:32:20.274
2026-09-23 13:27:08,CPBE250,0101,Oliver Schlake,30,30,0,2026-09-23 13:32:20,2026-09-23 13:32:20.517
2026-09-23 13:27:08,CPCV101,0101,Julie Randolph,40,40,0,2026-09-23 13:32:21,2026-09-23 13:32:21.974
2026-09-23 13:27:08,CPCV101,0201,Julie Randolph,40,40,0,2026-09-23 13:32:21,2026-09-23 13:32:21.974
2026-09-23 13:27:08,CPCV230,0101,Korey Rothman,20,20,0,2026-09-23 13:32:22,2026-09-23 13:32:22.246
2026-09-23 13:27:08,CPCV230,0201,Korey Rothman,20,20,0,2026-09-23 13:32:22,2026-09-23 13:32:22.246
2026-09-23 13:27:08,CPDJ101,0101,Jess Feltner,75,75,0,2026-09-23 13:32:23,2026-09-23 13:32:23.708
2026-09-23 13:27:08,CPDJ230,0101,Jess Feltner,10,10,0,2026-09-23 13:32:23,2026-09-23 13:32:23.951
2026-09-23 13:27:08,CPDJ240,0101,Jess Feltner,8,8,0,2026-09-23 13:32:24,2026-09-23 13:32:24.233
2026-09-23 13:27:08,CPDJ250,0101,Jess Feltner,10,10,0,2026-09-23 13:32:24,2026-09-23 13:32:24.513
2026-09-23 13:27:08,CPET101,0101,Dani Moore,78,78,0,2026-09-23 13:32:25,2026-09-23 13:32:25.957
2026-09-23 13:27:08,CPET230,0101,Dani Moore,50,50,0,2026-09-23 13:32:26,2026-09-23 13:32:26.213
2026-09-23 13:27:08,CPET240,0101,Dani Moore,20,20,0,2026-09-23 13:32:26,2026-09-23 13:32:26.521
2026-09-23 13:27:08,CPET250,0101,Dani Moore,15,15,0,2026-09-23 13:32:26,2026-09-23 13:32:26.776
2026-09-23 13:27:08,CPGH101,0101,Angshuman Kashyap,75,75,0,2026-09-23 13:32:28,2026-09-23 13:32:28.271
2026-09-23 13:27:08,CPGH210,0101,Haley Clark,80,80,0,2026-09-23 13:32:28,2026-09-23 13:32:28.549
2026-09-23 13:27:08,CPGH230,0101,John Wiggins,30,30,0,2026-09-23 13:32:28,2026-09-23 13:32:28.826
2026-09-23 13:27:08,CPGH240,0101,John Wiggins,30,30,0,2026-09-23 13:32:29,2026-09-23 13:32:29.123
2026-09-23 13:27:08,CPGH250,0101,John Wiggins,25,25,0,2026-09-23 13:32:29,2026-09-23 13:32:29.381
2026-09-23 13:27:08,CPGH270,0101,John Wiggins,5,5,0,2026-09-23 13:32:29,2026-09-23 13:32:29.649
2026-09-23 13:27:08,CPJT101,0101,Justine DeCamillis,75,75,0,2026-09-23 13:32:31,2026-09-23 13:32:31.172
2026-09-23 13:27:08,CPJT230,0101,Justine DeCamillis,35,35,0,2026-09-23 13:32:31,2026-09-23 13:32:31.455
2026-09-23 13:27:08,CPJT240,0101,Justine DeCamillis,25,25,0,2026-09-23 13:32:31,2026-09-23 13:32:31.699
2026-09-23 13:27:08,CPJT250,0101,Victoria Worley,25,25,0,2026-09-23 13:32:31,2026-09-23 13:32:31.949
2026-09-23 13:27:08,CPMS101,0101,Alison Burns,75,75,0,2026-09-23 13:32:33,2026-09-23 13:32:33.390
2026-09-23 13:27:08,CPMS230,0101,Alison Burns,30,30,0,2026-09-23 13:32:33,2026-09-23 13:32:33.666
2026-09-23 13:27:08,CPMS240,0101,Alison Burns,15,15,0,2026-09-23 13:32:33,2026-09-23 13:32:33.910
2026-09-23 13:27:08,CPPL101,0101,Kelly Brower,75,75,0,2026-09-23 13:32:35,2026-09-23 13:32:35.366
2026-09-23 13:27:08,CPSA101,0101,Heather-Erin Bremenstuhl,75,75,0,2026-09-23 13:32:36,2026-09-23 13:32:36.837
2026-09-23 13:27:08,CPSA149,0101,Harold Burgess,20,20,0,2026-09-23 13:32:37,2026-09-23 13:32:37.113
2026-09-23 13:27:08,CPSA201,0101,Heather-Erin Bremenstuhl,75,75,0,2026-09-23 13:32:37,2026-09-23 13:32:37.380
2026-09-23 13:27:08,CPSA240,0101,Harold Burgess,15,15,0,2026-09-23 13:32:37,2026-09-23 13:32:37.662
2026-09-23 13:27:08,CPSA250,0101,Heather-Erin Bremenstuhl,10,10,0,2026-09-23 13:32:37,2026-09-23 13:32:37.951
2026-09-23 13:27:08,CPSA250,0201,Heather-Erin Bremenstuhl,10,10,0,2026-09-23 13:32:37,2026-09-23 13:32:37.951
2026-09-23 13:27:08,CPSA250,0301,Heather-Erin Bremenstuhl,10,10,0,2026-09-23 13:32:37,2026-09-23 13:32:37.951
2026-09-23 13:27:08,CPSA260,0101,Heather-Erin Bremenstuhl,10,10,0,2026-09-23 13:32:38,2026-09-23 13:32:38.238
2026-09-23 13:27:08,CPSA260,0201,Heather-Erin Bremenstuhl,10,10,0,2026-09-23 13:32:38,2026-09-23 13:32:38.239
2026-09-23 13:27:08,CPSA260,0301,Alexandra Lynch,10,10,0,2026-09-23 13:32:38,2026-09-23 13:32:38.239
2026-09-23 13:27:08,CPSF101,0101,Nicholas Fletcher,75,75,0,2026-09-23 13:32:39,2026-09-23 13:32:39.705
2026-09-23 13:27:08,CPSG101,0101,Thomas Holtz,75,75,0,2026-09-23 13:32:41,2026-09-23 13:32:41.157
2026-09-23 13:27:08,CPSG230,0101,John Merck,50,50,0,2026-09-23 13:32:41,2026-09-23 13:32:41.395
2026-09-23 13:27:08,CPSG240,0101,John Merck,25,25,0,2026-09-23 13:32:41,2026-09-23 13:32:41.655
2026-09-23 13:27:08,CPSG250,0101,John Merck,25,25,0,2026-09-23 13:32:41,2026-09-23 13:32:41.900
2026-09-23 13:27:08,CPSN101,0101,Hansol Kwak,75,75,0,2026-09-23 13:32:43,2026-09-23 13:32:43.357
2026-09-23 13:27:08,CPSN230,0101,Ellin Chung,40,40,0,2026-09-23 13:32:43,2026-09-23 13:32:43.662
2026-09-23 13:27:08,CPSN240,0101,Ellin Chung,15,15,0,2026-09-23 13:32:43,2026-09-23 13:32:43.931
2026-09-23 13:27:08,CPSN250,0101,Hansol Kwak,25,25,0,2026-09-23 13:32:44,2026-09-23 13:32:44.200
2026-09-23 13:27:08,CPSP239A,0101,Heather-Erin Bremenstuhl,10,10,0,2026-09-23 13:32:45,2026-09-23 13:32:45.735
2026-09-23 13:27:08,CPSP259J,0101,Alison Burns,10,10,0,2026-09-23 13:32:46,2026-09-23 13:32:46.012
2026-09-23 13:27:08,CPSP279N,0101,Stacy Kosko,10,10,0,2026-09-23 13:32:46,2026-09-23 13:32:46.266
2026-09-23 13:27:08,CPSP339P,0101,Kelly Brower,15,15,0,2026-09-23 13:32:46,2026-09-23 13:32:46.548
2026-09-23 13:27:08,CPSP359G,0101,John Merck,25,25,0,2026-09-23 13:32:46,2026-09-23 13:32:46.824
2026-09-23 13:27:08,CPSP359S,0101,David Eubanks,24,24,0,2026-09-23 13:32:47,2026-09-23 13:32:47.080
2026-09-23 13:27:08,CPSP369E,0101,Tim Knight,7,7,0,2026-09-23 13:32:47,2026-09-23 13:32:47.364
2026-09-23 13:27:08,CPSP369E,0102,Tim Knight,5,5,0,2026-09-23 13:32:47,2026-09-23 13:32:47.364
2026-09-23 13:27:08,CPSS101,0101,Christine Alexander,75,75,0,2026-09-23 13:32:48,2026-09-23 13:32:48.797
2026-09-23 13:27:08,CPSS225,0101,Roan Parrish,20,20,0,2026-09-23 13:32:49,2026-09-23 13:32:49.094
2026-09-23 13:27:08,CPSS225,0201,Thomas Zeller,20,20,0,2026-09-23 13:32:49,2026-09-23 13:32:49.094
2026-09-23 13:27:08,CPSS240,0101,Timothy Reedy,25,25,0,2026-09-23 13:32:49,2026-09-23 13:32:49.375
2026-09-23 13:27:08,CPSS340,0101,Nicole Mogul,20,20,0,2026-09-23 13:32:49,2026-09-23 13:32:49.620
2026-09-23 13:27:08,DATA100,0111,Matthew Griffin,27,27,0,2026-09-23 13:33:01,2026-09-23 13:33:01.616
2026-09-23 13:27:08,DATA100,0112,Matthew Griffin,27,27,0,2026-09-23 13:33:01,2026-09-23 13:33:01.616
2026-09-23 13:27:08,DATA100,0121,Matthew Griffin,27,27,0,2026-09-23 13:33:01,2026-09-23 13:33:01.616
2026-09-23 13:27:08,DATA100,0122,Matthew Griffin,27,27,0,2026-09-23 13:33:01,2026-09-23 13:33:01.616
2026-09-23 13:27:08,DATA100,0123,Matthew Griffin,27,27,0,2026-09-23 13:33:01,2026-09-23 13:33:01.616
2026-09-23 13:27:08,DATA100,0131,Matthew Griffin,27,27,0,2026-09-23 13:33:01,2026-09-23 13:33:01.617
2026-09-23 13:27:08,DATA100,0211,Matthew Griffin,27,27,0,2026-09-23 13:33:01,2026-09-23 13:33:01.617
2026-09-23 13:27:08,DATA100,0212,Matthew Griffin,27,27,0,2026-09-23 13:33:01,2026-09-23 13:33:01.617
2026-09-23 13:27:08,DATA100,0221,Matthew Griffin,27,27,0,2026-09-23 13:33:01,2026-09-23 13:33:01.617
2026-09-23 13:27:08,DATA100,0222,Matthew Griffin,27,27,0,2026-09-23 13:33:01,2026-09-23 13:33:01.617
2026-09-23 13:27:08,DATA100,0223,Matthew Griffin,27,27,0,2026-09-23 13:33:01,2026-09-23 13:33:01.617
2026-09-23 13:27:08,DATA100,0224,Matthew Griffin,27,27,0,2026-09-23 13:33:01,2026-09-23 13:33:01.617
2026-09-23 13:27:08,DATA100,0231,Matthew Griffin,27,27,0,2026-09-23 13:33:01,2026-09-23 13:33:01.618
2026-09-23 13:27:08,DATA100,0241,Matthew Griffin,27,27,0,2026-09-23 13:33:01,2026-09-23 13:33:01.618
2026-09-23 13:27:08,DATA100,0242,Matthew Griffin,27,27,0,2026-09-23 13:33:01,2026-09-23 13:33:01.618
2026-09-23 13:27:08,DATA100,0311,Jonathan Fernandes,25,25,0,2026-09-23 13:33:01,2026-09-23 13:33:01.618
2026-09-23 13:27:08,DATA100,0312,Jonathan Fernandes,25,25,0,2026-09-23 13:33:01,2026-09-23 13:33:01.618
2026-09-23 13:27:08,DATA100,0321,Jonathan Fernandes,25,25,0,2026-09-23 13:33:01,2026-09-23 13:33:01.618
2026-09-23 13:27:08,DATA100,0322,Jonathan Fernandes,25,25,0,2026-09-23 13:33:01,2026-09-23 13:33:01.619
2026-09-23 13:27:08,DATA100,0323,Jonathan Fernandes,25,25,0,2026-09-23 13:33:01,2026-09-23 13:33:01.619
2026-09-23 13:27:08,DATA110,0101,Susan Mazzullo,310,310,0,2026-09-23 13:33:01,2026-09-23 13:33:01.992
2026-09-23 13:27:08,DATA120,0101,Fardina Alam,200,200,0,2026-09-23 13:33:02,2026-09-23 13:33:02.311
2026-09-23 13:27:08,DATA200,0101,Fardina Alam,90,90,0,2026-09-23 13:33:02,2026-09-23 13:33:02.561
2026-09-23 13:27:08,DATA250,0101,Todd Rowland,30,30,0,2026-09-23 13:33:02,2026-09-23 13:33:02.819
2026-09-23 13:27:08,DATA320,0101,Maksym Morawski,20,20,0,2026-09-23 13:33:03,2026-09-23 13:33:03.144
2026-09-23 13:27:08,DATA320,0201,Fardina Alam,20,20,0,2026-09-23 13:33:03,2026-09-23 13:33:03.144
2026-09-23 13:27:08,DATA320,0301,Anna Evtushenko,12,12,0,2026-09-23 13:33:03,2026-09-23 13:33:03.144
2026-09-23 13:27:08,DATA350,0101,Todd Rowland,30,30,0,2026-09-23 13:33:03,2026-09-23 13:33:03.448
2026-09-23 13:27:08,DATA350,0201,Raluca Rosca,30,30,0,2026-09-23 13:33:03,2026-09-23 13:33:03.448
2026-09-23 13:27:08,DATA400,0111,Archana Khurana,27,27,0,2026-09-23 13:33:03,2026-09-23 13:33:03.758
2026-09-23 13:27:08,DATA400,0121,Archana Khurana,27,27,0,2026-09-23 13:33:03,2026-09-23 13:33:03.758
2026-09-23 13:27:08,DATA400,0131,Archana Khurana,27,27,0,2026-09-23 13:33:03,2026-09-23 13:33:03.758
2026-09-23 13:27:08,DATA400,0211,Salman Safdar,27,27,0,2026-09-23 13:33:03,2026-09-23 13:33:03.758
2026-09-23 13:27:08,DATA400,0311,Shixin Zheng,27,27,0,2026-09-23 13:33:03,2026-09-23 13:33:03.758
2026-09-23 13:27:08,DATA400,0321,Shixin Zheng,30,30,0,2026-09-23 13:33:03,2026-09-23 13:33:03.759
2026-09-23 13:27:08,DATA400,0331,Shixin Zheng,27,27,0,2026-09-23 13:33:03,2026-09-23 13:33:03.759
2026-09-23 13:27:08,DATA400,0411,Mestiyage Gunatilleka,27,27,0,2026-09-23 13:33:03,2026-09-23 13:33:03.759
2026-09-23 13:27:08,DATA400,0421,Mestiyage Gunatilleka,27,27,0,2026-09-23 13:33:03,2026-09-23 13:33:03.759
2026-09-23 13:27:08,DATA400,0431,Mestiyage Gunatilleka,27,27,0,2026-09-23 13:33:03,2026-09-23 13:33:03.759
2026-09-23 13:27:08,DATA602,PCS1,Tammy Perrin,30,30,0,2026-09-23 13:33:04,2026-09-23 13:33:04.028
2026-09-23 13:27:08,DATA603,PWS1,Kemal Davaslioglu,50,50,0,2026-09-23 13:33:04,2026-09-23 13:33:04.330
2026-09-23 13:27:08,DATA604,PCS1,Wojciech Czaja,55,55,0,2026-09-23 13:33:04,2026-09-23 13:33:04.631
2026-09-23 13:27:08,DATA604,PCS2,Mestiyage Gunatilleka,55,55,0,2026-09-23 13:33:04,2026-09-23 13:33:04.631
2026-09-23 13:27:08,DATA604,PCS3,Kendall Williams,55,55,0,2026-09-23 13:33:04,2026-09-23 13:33:04.632
2026-09-23 13:27:08,DATA604,PCS4,Jonathan Fernandes,55,55,0,2026-09-23 13:33:04,2026-09-23 13:33:04.632
2026-09-23 13:27:08,DATA605,PCS1,Tammy Perrin,55,55,0,2026-09-23 13:33:04,2026-09-23 13:33:04.890
2026-09-23 13:27:08,DATA605,PCS2,Tammy Perrin,55,55,0,2026-09-23 13:33:04,2026-09-23 13:33:04.890
2026-09-23 13:27:08,DATA605,PWS1,Giacinto Paolo Saggese,55,55,0,2026-09-23 13:33:04,2026-09-23 13:33:04.890
2026-09-23 13:27:08,DATA606,PCS1,Abdirisak Mohamed,55,55,0,2026-09-23 13:33:05,2026-09-23 13:33:05.165
2026-09-23 13:27:08,DATA606,PCS2,Abdirisak Mohamed,55,55,0,2026-09-23 13:33:05,2026-09-23 13:33:05.165
2026-09-23 13:27:08,DATA606,PCS3,Toki Inan,55,55,0,2026-09-23 13:33:05,2026-09-23 13:33:05.165
2026-09-23 13:27:08,DATA612,PCS1,Samet Ayhan,55,55,0,2026-09-23 13:33:05,2026-09-23 13:33:05.432
2026-09-23 13:27:08,DATA612,PCS2,Samet Ayhan,55,55,0,2026-09-23 13:33:05,2026-09-23 13:33:05.432
2026-09-23 13:27:08,DATA612,PCS3,Emre Gunduzhan,55,55,0,2026-09-23 13:33:05,2026-09-23 13:33:05.433
2026-09-23 13:27:08,DATA641,PCS1,Armin Mehrabian,55,55,0,2026-09-23 13:33:05,2026-09-23 13:33:05.703
2026-09-23 13:27:08,EALL361,0101,Instructor: TBA,20,20,0,2026-09-23 13:33:07,2026-09-23 13:33:07.154
2026-09-23 13:27:08,EDDI300,0101,Nicole Mehta,20,20,0,2026-09-23 13:33:19,2026-09-23 13:33:19.198
2026-09-23 13:27:08,EMBA788G,GX01,Judy Frels,31,31,0,2026-09-23 13:33:42,2026-09-23 13:33:42.808
2026-09-23 13:27:08,EMBA788V,GX01,Zhi-Long Chen,31,31,0,2026-09-23 13:33:43,2026-09-23 13:33:43.077
2026-09-23 13:27:08,ENAI603,0101,A Seyed,35,35,0,2026-09-23 13:33:56,2026-09-23 13:33:56.306
2026-09-23 13:27:08,ENAI603,AEC1,A Seyed,20,20,0,2026-09-23 13:33:56,2026-09-23 13:33:56.306
2026-09-23 13:27:08,ENBC312,ESG1,Kyunghun Lee,20,20,0,2026-09-23 13:33:57,2026-09-23 13:33:57.987
2026-09-23 13:27:08,ENBC321,ESG1,Jamasp Azarnoosh,20,20,0,2026-09-23 13:33:58,2026-09-23 13:33:58.240
2026-09-23 13:27:08,ENBC342,ESG1,Lan Ma,20,20,0,2026-09-23 13:33:58,2026-09-23 13:33:58.481
2026-09-23 13:27:08,ENBC351,ESG1,Jarred Callura,20,20,0,2026-09-23 13:33:58,2026-09-23 13:33:58.756
2026-09-23 13:27:08,ENBC352,ESG1,Jarred Callura,20,20,0,2026-09-23 13:33:58,2026-09-23 13:33:58.998
2026-09-23 13:27:08,ENBC403,ESG1,Jamasp Azarnoosh,20,20,0,2026-09-23 13:33:59,2026-09-23 13:33:59.283
2026-09-23 13:27:08,ENBC441,ESG1,Lan Ma,20,20,0,2026-09-23 13:33:59,2026-09-23 13:33:59.553
2026-09-23 13:27:08,ENBC455,ESG1,Jarred Callura,20,20,0,2026-09-23 13:33:59,2026-09-23 13:33:59.808
2026-09-23 13:27:08,ENBC491,ESG1,Lan Ma,20,20,0,2026-09-23 13:34:00,2026-09-23 13:34:00.221
2026-09-23 13:27:08,ENCO099,0101,Lizzy Solovey,200,200,0,2026-09-23 13:34:09,2026-09-23 13:34:09.407
2026-09-23 13:27:08,ENEB304,ESG1,Nestor Michael Tiglao,20,20,0,2026-09-23 13:34:10,2026-09-23 13:34:10.930
2026-09-23 13:27:08,ENEB345,ESG1,Nestor Michael Tiglao,20,20,0,2026-09-23 13:34:11,2026-09-23 13:34:11.184
2026-09-23 13:27:08,ENEB352,ESG1,Mohamed Hany,20,20,0,2026-09-23 13:34:11,2026-09-23 13:34:11.492
2026-09-23 13:27:08,ENEB353,ESG1,Manoj Franklin,20,20,0,2026-09-23 13:34:11,2026-09-23 13:34:11.789
2026-09-23 13:27:08,ENEB355,ESG1,Nestor Michael Tiglao,20,20,0,2026-09-23 13:34:12,2026-09-23 13:34:12.051
2026-09-23 13:27:08,ENEB408B,ESG1,Jerry Wu,20,20,0,2026-09-23 13:34:12,2026-09-23 13:34:12.347
2026-09-23 13:27:08,ENEB443,ESG1,George Zaki,20,20,0,2026-09-23 13:34:12,2026-09-23 13:34:12.633
2026-09-23 13:27:08,ENEB453,ESG1,Nestor Michael Tiglao,20,20,0,2026-09-23 13:34:12,2026-09-23 13:34:12.915
2026-09-23 13:27:08,ENEB455,ESG1,Jerry Wu,20,20,0,2026-09-23 13:34:13,2026-09-23 13:34:13.159
2026-09-23 13:27:08,ENEB456,ESG1,Nestor Michael Tiglao,20,20,0,2026-09-23 13:34:13,2026-09-23 13:34:13.400
2026-09-23 13:27:08,ENED037,0101,Hillary Owusu,20,20,0,2026-09-23 13:34:14,2026-09-23 13:34:14.857
2026-09-23 13:27:08,ENED290H,0101,Christopher Troilo,45,45,0,2026-09-23 13:34:15,2026-09-23 13:34:15.162
2026-09-23 13:27:08,ENED394H,0101,Maria Bardossy,40,40,0,2026-09-23 13:34:15,2026-09-23 13:34:15.442
2026-09-23 13:27:08,ENED397,0101,Emily Marks,9,9,0,2026-09-23 13:34:15,2026-09-23 13:34:15.727
2026-09-23 13:27:08,ENED490H,0101,David Ashley,45,45,0,2026-09-23 13:34:16,2026-09-23 13:34:16.006
2026-09-23 13:27:08,ENMT313,ESG1,Nicholas Limparis,3,3,0,2026-09-23 13:35:21,2026-09-23 13:35:21.138
2026-09-23 13:27:08,ENMT332,ESG1,Norman Wereley,4,4,0,2026-09-23 13:35:21,2026-09-23 13:35:21.411
2026-09-23 13:27:08,ENMT362,ESG1,Young Choi,3,3,0,2026-09-23 13:35:21,2026-09-23 13:35:21.696
2026-09-23 13:27:08,ENMT372,ESG1,Gurtajbir Herr,3,3,0,2026-09-23 13:35:21,2026-09-23 13:35:21.965
2026-09-23 13:27:08,ENMT477,ESG1,Gurtajbir Herr,7,7,0,2026-09-23 13:35:22,2026-09-23 13:35:22.262
2026-09-23 13:27:08,ENMT488C,ESG1,Colleen Murray,7,7,0,2026-09-23 13:35:22,2026-09-23 13:35:22.504
2026-09-23 13:27:08,ENMT488P,ESG1,Colleen Murray,7,7,0,2026-09-23 13:35:22,2026-09-23 13:35:22.777
2026-09-23 13:27:08,ENMT488Z,ESG1,Nicholas Limparis,7,7,0,2026-09-23 13:35:23,2026-09-23 13:35:23.039
2026-09-23 13:27:08,ENSP102,0101,Joanna Goger,22,22,0,2026-09-23 13:35:43,2026-09-23 13:35:43.099
2026-09-23 13:27:08,ENSP102,0102,Joanna Goger,22,22,0,2026-09-23 13:35:43,2026-09-23 13:35:43.099
2026-09-23 13:27:08,ENSP102,0103,Joanna Goger,23,23,0,2026-09-23 13:35:43,2026-09-23 13:35:43.100
2026-09-23 13:27:08,ENSP102,0104,Joanna Goger,22,22,0,2026-09-23 13:35:43,2026-09-23 13:35:43.100
2026-09-23 13:27:08,ENSP102,0105,Joanna Goger,22,22,0,2026-09-23 13:35:43,2026-09-23 13:35:43.100
2026-09-23 13:27:08,ENSP102,0106,Joanna Goger,22,22,0,2026-09-23 13:35:43,2026-09-23 13:35:43.100
2026-09-23 13:27:08,ENSP102,0107,Joanna Goger,22,22,0,2026-09-23 13:35:43,2026-09-23 13:35:43.100
2026-09-23 13:27:08,ENSP306,0101,Caroline Boules,30,30,0,2026-09-23 13:35:43,2026-09-23 13:35:43.379
2026-09-23 13:27:08,ENSP330,0101,Joanna Goger,35,35,0,2026-09-23 13:35:43,2026-09-23 13:35:43.616
2026-09-23 13:27:08,ENSP342,0101,Annette Spivy,35,35,0,2026-09-23 13:35:43,2026-09-23 13:35:43.868
2026-09-23 13:27:08,ENSP370,0101,Arielle Wharton,30,30,0,2026-09-23 13:35:44,2026-09-23 13:35:44.129
2026-09-23 13:27:08,ENSP399R,0101,Melissa Kenney,15,15,0,2026-09-23 13:35:44,2026-09-23 13:35:44.958
2026-09-23 13:27:08,ENSP399R,0301,Instructor: TBA,15,15,0,2026-09-23 13:35:44,2026-09-23 13:35:44.958
2026-09-23 13:27:08,ENSP399R,0601,Annette Spivy,10,10,0,2026-09-23 13:35:44,2026-09-23 13:35:44.958
2026-09-23 13:27:08,ENSP399R,1001,Jennifer Mullinax,10,10,0,2026-09-23 13:35:44,2026-09-23 13:35:44.958
2026-09-23 13:27:08,ENSP400,0101,Caroline Boules,30,30,0,2026-09-23 13:35:45,2026-09-23 13:35:45.254
2026-09-23 13:27:08,ENSP400,0102,Annette Spivy,30,30,0,2026-09-23 13:35:45,2026-09-23 13:35:45.255
2026-09-23 13:27:08,ENSP400,0104,Colleen O'Donnell,20,20,0,2026-09-23 13:35:45,2026-09-23 13:35:45.255
2026-09-23 13:27:08,FGSM398,0101,Jayakumar Arasan,120,120,0,2026-09-23 13:36:08,2026-09-23 13:36:08.022
2026-09-23 13:27:08,FGSM398,0201,Jayakumar Arasan,120,120,0,2026-09-23 13:36:08,2026-09-23 13:36:08.022
2026-09-23 13:27:08,GBHL200,0101,Leena Malayil,18,18,0,2026-09-23 13:36:26,2026-09-23 13:36:26.764
2026-09-23 13:27:08,GBHL200,0201,Leena Malayil,13,13,0,2026-09-23 13:36:26,2026-09-23 13:36:26.765
2026-09-23 13:27:08,GBHL210,0101,Leena Malayil,18,18,0,2026-09-23 13:36:27,2026-09-23 13:36:27.023
2026-09-23 13:27:08,GBHL210,0201,Leena Malayil,13,13,0,2026-09-23 13:36:27,2026-09-23 13:36:27.023
2026-09-23 13:27:08,GBHL310,0101,Catherine Maybury,15,15,0,2026-09-23 13:36:27,2026-09-23 13:36:27.303
2026-09-23 13:27:08,GBHL310,0201,Catherine Maybury,15,15,0,2026-09-23 13:36:27,2026-09-23 13:36:27.303
2026-09-23 13:27:08,GBHL450,0101,Heather Wipfli,15,15,0,2026-09-23 13:36:28,2026-09-23 13:36:28.067
2026-09-23 13:27:08,GBHL497,0101,Hassanatu Blake,3,3,0,2026-09-23 13:36:28,2026-09-23 13:36:28.355
2026-09-23 13:27:08,GEMS102,0101,David Lovell,180,180,0,2026-09-23 13:36:29,2026-09-23 13:36:29.963
2026-09-23 13:27:08,GEMS208D,0101,Allison Lansverk,1,1,0,2026-09-23 13:36:30,2026-09-23 13:36:30.240
2026-09-23 13:27:08,GEMS208E,0101,Allison Lansverk,18,18,0,2026-09-23 13:36:30,2026-09-23 13:36:30.499
2026-09-23 13:27:08,GEMS208F,0201,Allison Lansverk,12,12,0,2026-09-23 13:36:30,2026-09-23 13:36:30.780
2026-09-23 13:27:08,GEMS208J,0101,Allison Lansverk,24,24,0,2026-09-23 13:36:31,2026-09-23 13:36:31.038
2026-09-23 13:27:08,GEMS208K,0101,Allison Lansverk,30,30,0,2026-09-23 13:36:31,2026-09-23 13:36:31.310
2026-09-23 13:27:08,GEMS208P,0101,Allison Lansverk,15,15,0,2026-09-23 13:36:31,2026-09-23 13:36:31.591
2026-09-23 13:27:08,GEMS208Q,0201,Allison Lansverk,1,1,0,2026-09-23 13:36:31,2026-09-23 13:36:31.864
2026-09-23 13:27:08,GEMS296,0113,David Lovell,5,5,0,2026-09-23 13:36:32,2026-09-23 13:36:32.105
2026-09-23 13:27:08,GEMS297,0101,Instructor: TBA,14,14,0,2026-09-23 13:36:32,2026-09-23 13:36:32.396
2026-09-23 13:27:08,GEMS297,0102,Instructor: TBA,14,14,0,2026-09-23 13:36:32,2026-09-23 13:36:32.396
2026-09-23 13:27:08,GEMS297,0103,Instructor: TBA,14,14,0,2026-09-23 13:36:32,2026-09-23 13:36:32.397
2026-09-23 13:27:08,GEMS297,0104,Instructor: TBA,14,14,0,2026-09-23 13:36:32,2026-09-23 13:36:32.397
2026-09-23 13:27:08,GEMS297,0105,Instructor: TBA,14,14,0,2026-09-23 13:36:32,2026-09-23 13:36:32.397
2026-09-23 13:27:08,GEMS297,0106,Instructor: TBA,14,14,0,2026-09-23 13:36:32,2026-09-23 13:36:32.397
2026-09-23 13:27:08,GEMS297,0107,Instructor: TBA,14,14,0,2026-09-23 13:36:32,2026-09-23 13:36:32.397
2026-09-23 13:27:08,GEMS297,0108,Instructor: TBA,14,14,0,2026-09-23 13:36:32,2026-09-23 13:36:32.397
2026-09-23 13:27:08,GEMS297,0109,Instructor: TBA,14,14,0,2026-09-23 13:36:32,2026-09-23 13:36:32.398
2026-09-23 13:27:08,GEMS297,0110,Instructor: TBA,14,14,0,2026-09-23 13:36:32,2026-09-23 13:36:32.398
2026-09-23 13:27:08,GEMS297,0111,Instructor: TBA,14,14,0,2026-09-23 13:36:32,2026-09-23 13:36:32.398
2026-09-23 13:27:08,GEMS297,0112,Instructor: TBA,14,14,0,2026-09-23 13:36:32,2026-09-23 13:36:32.398
2026-09-23 13:27:08,GEMS297,0113,Instructor: TBA,14,14,0,2026-09-23 13:36:32,2026-09-23 13:36:32.398
2026-09-23 13:27:08,GEMS297,0114,Instructor: TBA,14,14,0,2026-09-23 13:36:32,2026-09-23 13:36:32.398
2026-09-23 13:27:08,GEMS297,0115,Instructor: TBA,5,5,0,2026-09-23 13:36:32,2026-09-23 13:36:32.398
2026-09-23 13:27:08,GEMS396,0113,David Lovell,5,5,0,2026-09-23 13:36:32,2026-09-23 13:36:32.702
2026-09-23 13:27:08,GEMS397,0101,Michael Humber,14,14,0,2026-09-23 13:36:32,2026-09-23 13:36:32.996
2026-09-23 13:27:08,GEMS397,0102,Seth Dickey,14,14,0,2026-09-23 13:36:32,2026-09-23 13:36:32.996
2026-09-23 13:27:08,GEMS397,0103,Cecilia Huertas Cerdeira,14,14,0,2026-09-23 13:36:32,2026-09-23 13:36:32.996
2026-09-23 13:27:08,GEMS397,0104,Rodolphe Gentili,14,14,0,2026-09-23 13:36:32,2026-09-23 13:36:32.996
2026-09-23 13:27:08,GEMS397,0105,Allison Reilly,14,14,0,2026-09-23 13:36:32,2026-09-23 13:36:32.996
2026-09-23 13:27:08,GEMS397,0106,Peter Sunderland,14,14,0,2026-09-23 13:36:32,2026-09-23 13:36:32.996
2026-09-23 13:27:08,GEMS397,0107,Brett Lacey,14,14,0,2026-09-23 13:36:32,2026-09-23 13:36:32.996
2026-09-23 13:27:08,GEMS397,0108,Natalia Buzulukova,14,14,0,2026-09-23 13:36:32,2026-09-23 13:36:32.997
2026-09-23 13:27:08,GEMS397,0109,Anil Deane,14,14,0,2026-09-23 13:36:32,2026-09-23 13:36:32.997
2026-09-23 13:27:08,GEMS397,0110,Colenso Speer,14,14,0,2026-09-23 13:36:32,2026-09-23 13:36:32.997
2026-09-23 13:27:08,GEMS397,0111,Alisa Clyne,14,14,0,2026-09-23 13:36:32,2026-09-23 13:36:32.997
2026-09-23 13:27:08,GEMS397,0112,Xin Zan,14,14,0,2026-09-23 13:36:32,2026-09-23 13:36:32.997
2026-09-23 13:27:08,GEMS397,0113,Instructor: TBA,14,14,0,2026-09-23 13:36:32,2026-09-23 13:36:32.997
2026-09-23 13:27:08,GEMS397,0114,David Lovell,5,5,0,2026-09-23 13:36:32,2026-09-23 13:36:32.998
2026-09-23 13:27:08,GEMS397,0115,David Lovell,5,5,0,2026-09-23 13:36:32,2026-09-23 13:36:32.998
2026-09-23 13:27:08,GEMS496,0113,David Lovell,5,5,0,2026-09-23 13:36:33,2026-09-23 13:36:33.272
2026-09-23 13:27:08,GEMS497,0101,Eric Haag,14,14,0,2026-09-23 13:36:33,2026-09-23 13:36:33.596
2026-09-23 13:27:08,GEMS497,0102,Mohammad Nayeem Teli,14,14,0,2026-09-23 13:36:33,2026-09-23 13:36:33.596
2026-09-23 13:27:08,GEMS497,0103,Norberto Gonzalez- Juarbe,14,14,0,2026-09-23 13:36:33,2026-09-23 13:36:33.597
2026-09-23 13:27:08,GEMS497,0104,Abhinav Shrivastava,14,14,0,2026-09-23 13:36:33,2026-09-23 13:36:33.597
2026-09-23 13:27:08,GEMS497,0105,Hector Alcala,14,14,0,2026-09-23 13:36:33,2026-09-23 13:36:33.597
2026-09-23 13:27:08,GEMS497,0106,Massimo Ricotti,14,14,0,2026-09-23 13:36:33,2026-09-23 13:36:33.597
2026-09-23 13:27:08,GEMS497,0107,Reza Ghodssi,14,14,0,2026-09-23 13:36:33,2026-09-23 13:36:33.597
2026-09-23 13:27:08,GEMS497,0108,Nikhil Chopra,14,14,0,2026-09-23 13:36:33,2026-09-23 13:36:33.597
2026-09-23 13:27:08,GEMS497,0109,Kimberly Stroka,14,14,0,2026-09-23 13:36:33,2026-09-23 13:36:33.598
2026-09-23 13:27:08,GEMS497,0110,Gorjan Alagic,14,14,0,2026-09-23 13:36:33,2026-09-23 13:36:33.598
2026-09-23 13:27:08,GEMS497,0111,Alisa Clyne,14,14,0,2026-09-23 13:36:33,2026-09-23 13:36:33.598
2026-09-23 13:27:08,GEMS497,0112,Xin Zan,14,14,0,2026-09-23 13:36:33,2026-09-23 13:36:33.598
2026-09-23 13:27:08,GEMS497,0113,David Lovell,14,14,0,2026-09-23 13:36:33,2026-09-23 13:36:33.598
2026-09-23 13:27:08,GEMS497,0114,David Lovell,14,14,0,2026-09-23 13:36:33,2026-09-23 13:36:33.598
2026-09-23 13:27:08,GFPL100,0101,Alec Worsnop,21,21,0,2026-09-23 13:36:56,2026-09-23 13:36:56.256
2026-09-23 13:27:08,GFPL100,0102,Alec Worsnop,21,21,0,2026-09-23 13:36:56,2026-09-23 13:36:56.256
2026-09-23 13:27:08,GFPL100,0103,Alec Worsnop,21,21,0,2026-09-23 13:36:56,2026-09-23 13:36:56.256
2026-09-23 13:27:08,GFPL100,0104,Alec Worsnop,21,21,0,2026-09-23 13:36:56,2026-09-23 13:36:56.256
2026-09-23 13:27:08,GFPL100,0105,Alec Worsnop,21,21,0,2026-09-23 13:36:56,2026-09-23 13:36:56.257
2026-09-23 13:27:08,GFPL100,0106,Alec Worsnop,20,20,0,2026-09-23 13:36:56,2026-09-23 13:36:56.257
2026-09-23 13:27:08,GFPL102,0101,Caroline Ritter,95,95,0,2026-09-23 13:36:56,2026-09-23 13:36:56.524
2026-09-23 13:27:08,GFPL372,0101,Devin Entrikin,40,40,0,2026-09-23 13:36:56,2026-09-23 13:36:56.839
2026-09-23 13:27:08,GLBC200,0101,Parker Brookie,30,30,0,2026-09-23 13:36:58,2026-09-23 13:36:58.308
2026-09-23 13:27:08,GLBC360,0101,Hester Baer,30,30,0,2026-09-23 13:36:58,2026-09-23 13:36:58.590
2026-09-23 13:27:08,HACS101,0101,Michel Cukier,35,35,0,2026-09-23 13:37:24,2026-09-23 13:37:24.397
2026-09-23 13:27:08,HACS101,0201,Michel Cukier,35,35,0,2026-09-23 13:37:24,2026-09-23 13:37:24.397
2026-09-23 13:27:08,HACS201,0101,Bertrand Sobesto,26,26,0,2026-09-23 13:37:24,2026-09-23 13:37:24.648
2026-09-23 13:27:08,HACS208A,0101,Lawrence Gordon,20,20,0,2026-09-23 13:37:24,2026-09-23 13:37:24.916
2026-09-23 13:27:08,HACS208E,0101,Ian Serbin,26,26,0,2026-09-23 13:37:25,2026-09-23 13:37:25.199
2026-09-23 13:27:08,HACS208Z,0101,Zulema Belyeu,30,30,0,2026-09-23 13:37:25,2026-09-23 13:37:25.480
2026-09-23 13:27:08,HACS297,0101,Sarah Herberger,25,25,0,2026-09-23 13:37:26,2026-09-23 13:37:26.234
2026-09-23 13:27:08,HACS318A,0101,Lindsey Schrott,75,75,0,2026-09-23 13:37:26,2026-09-23 13:37:26.529
2026-09-23 13:27:08,HACS408C,0101,Lamia Zia,26,26,0,2026-09-23 13:37:26,2026-09-23 13:37:26.840
2026-09-23 13:27:08,HACS408P,0101,Firoozeh Rahimian,26,26,0,2026-09-23 13:37:27,2026-09-23 13:37:27.149
2026-09-23 13:27:08,HACS408T,0101,Kevin Bock,30,30,0,2026-09-23 13:37:27,2026-09-23 13:37:27.395
2026-09-23 13:27:08,HACS408V,0101,Edward Condon,30,30,0,2026-09-23 13:37:27,2026-09-23 13:37:27.659
2026-09-23 13:27:08,HACS497,0101,Cassie Harrington,25,25,0,2026-09-23 13:37:28,2026-09-23 13:37:28.243
2026-09-23 13:27:08,HACS498,0101,Thomas Woods,10,10,0,2026-09-23 13:37:28,2026-09-23 13:37:28.514
2026-09-23 13:27:08,HACS498,0201,Neal Ziring,18,18,0,2026-09-23 13:37:28,2026-09-23 13:37:28.515
2026-09-23 13:27:08,HACS498,0301,Michel Cukier,4,4,0,2026-09-23 13:37:28,2026-09-23 13:37:28.515
2026-09-23 13:27:08,HBUS105,0101,Daniel McCarthy,35,35,0,2026-09-23 13:37:29,2026-09-23 13:37:29.972
2026-09-23 13:27:08,HBUS105,0201,Daniel McCarthy,35,35,0,2026-09-23 13:37:29,2026-09-23 13:37:29.972
2026-09-23 13:27:08,HBUS205,0101,Nicole Coomber,30,30,0,2026-09-23 13:37:30,2026-09-23 13:37:30.256
2026-09-23 13:27:08,HBUS205,0201,Nicole Coomber,30,30,0,2026-09-23 13:37:30,2026-09-23 13:37:30.257
2026-09-23 13:27:08,HDCC106,0101,Jessica Lu,10,10,0,2026-09-23 13:37:31,2026-09-23 13:37:31.719
2026-09-23 13:27:08,HDCC106,0201,William Evans,10,10,0,2026-09-23 13:37:31,2026-09-23 13:37:31.719
2026-09-23 13:27:08,HDCC106,0301,Grant Bollmer,10,10,0,2026-09-23 13:37:31,2026-09-23 13:37:31.719
2026-09-23 13:27:08,HDCC106,0401,Cliff Bakalian,10,10,0,2026-09-23 13:37:31,2026-09-23 13:37:31.719
2026-09-23 13:27:08,HDCC106,0501,Alex Leitch,10,10,0,2026-09-23 13:37:31,2026-09-23 13:37:31.720
2026-09-23 13:27:08,HDCC106,0601,Jade Olson,10,10,0,2026-09-23 13:37:31,2026-09-23 13:37:31.720
2026-09-23 13:27:08,HDCC106,0701,Courtney Ray,10,10,0,2026-09-23 13:37:31,2026-09-23 13:37:31.720
2026-09-23 13:27:08,HDCC209A,0101,Jessica Lu,15,15,0,2026-09-23 13:37:32,2026-09-23 13:37:32.027
2026-09-23 13:27:08,HDCC209B,0101,Nishtha Das,15,15,0,2026-09-23 13:37:32,2026-09-23 13:37:32.282
2026-09-23 13:27:08,HDCC209C,0101,Hansika Murugu,15,15,0,2026-09-23 13:37:32,2026-09-23 13:37:32.548
2026-09-23 13:27:08,HEBR107,0101,Avital Karpman,15,15,0,2026-09-23 13:37:34,2026-09-23 13:37:34.275
2026-09-23 13:27:08,HEBR107,0201,Avital Karpman,15,15,0,2026-09-23 13:37:34,2026-09-23 13:37:34.275
2026-09-23 13:27:08,HEBR207,0101,Avital Karpman,15,15,0,2026-09-23 13:37:34,2026-09-23 13:37:34.607
2026-09-23 13:27:08,HEBR249A,0101,Aliza Sandalon,15,15,0,2026-09-23 13:37:34,2026-09-23 13:37:34.879
2026-09-23 13:27:08,HEBR314,0101,Aliza Sandalon,20,20,0,2026-09-23 13:37:35,2026-09-23 13:37:35.161
2026-09-23 13:27:08,HGLO298,0101,Daniel Tuke,30,30,0,2026-09-23 13:37:56,2026-09-23 13:37:56.319
2026-09-23 13:27:08,HHUM106,0101,Sarah Humud,17,17,0,2026-09-23 13:37:57,2026-09-23 13:37:57.845
2026-09-23 13:27:08,HHUM106,0102,Sarah Humud,17,17,0,2026-09-23 13:37:57,2026-09-23 13:37:57.845
2026-09-23 13:27:08,HHUM106,0103,Sarah Humud,17,17,0,2026-09-23 13:37:57,2026-09-23 13:37:57.845
2026-09-23 13:27:08,HHUM106,0104,Sarah Humud,17,17,0,2026-09-23 13:37:57,2026-09-23 13:37:57.845
2026-09-23 13:27:08,HHUM206,0101,Sarah Humud,15,15,0,2026-09-23 13:37:58,2026-09-23 13:37:58.144
2026-09-23 13:27:08,HHUM206,0102,Sarah Humud,15,15,0,2026-09-23 13:37:58,2026-09-23 13:37:58.144
2026-09-23 13:27:08,HHUM206,0103,Sarah Humud,15,15,0,2026-09-23 13:37:58,2026-09-23 13:37:58.144
2026-09-23 13:27:08,HHUM206,0104,Sarah Humud,15,15,0,2026-09-23 13:37:58,2026-09-23 13:37:58.144
2026-09-23 13:27:08,HHUM328,0101,Sarah Humud,20,20,0,2026-09-23 13:37:58,2026-09-23 13:37:58.498
2026-09-23 13:27:08,HHUM329,0101,Sarah Humud,5,5,0,2026-09-23 13:37:58,2026-09-23 13:37:58.868
2026-09-23 13:27:08,HISP200,0101,Stefan Woehlke,22,22,0,2026-09-23 13:38:00,2026-09-23 13:38:00.479
2026-09-23 13:27:08,HISP200,0102,Stefan Woehlke,22,22,0,2026-09-23 13:38:00,2026-09-23 13:38:00.479
2026-09-23 13:27:08,HISP200,0103,Stefan Woehlke,22,22,0,2026-09-23 13:38:00,2026-09-23 13:38:00.480
2026-09-23 13:27:08,HISP200,0104,Stefan Woehlke,22,22,0,2026-09-23 13:38:00,2026-09-23 13:38:00.480
2026-09-23 13:27:08,HISP200,0105,Stefan Woehlke,22,22,0,2026-09-23 13:38:00,2026-09-23 13:38:00.480
2026-09-23 13:27:08,HISP319E,0101,Michelle Magalong,20,20,0,2026-09-23 13:38:00,2026-09-23 13:38:00.748
2026-09-23 13:27:08,HISP319S,0101,Michelle Magalong,30,30,0,2026-09-23 13:38:01,2026-09-23 13:38:01.025
2026-09-23 13:27:08,HISP619E,0101,Michelle Magalong,24,24,0,2026-09-23 13:38:01,2026-09-23 13:38:01.354
2026-09-23 13:27:08,HISP619O,0101,Stefan Woehlke,5,5,0,2026-09-23 13:38:01,2026-09-23 13:38:01.778
2026-09-23 13:27:08,HISP630,0101,Rhonda Sincavage,15,15,0,2026-09-23 13:38:02,2026-09-23 13:38:02.073
2026-09-23 13:27:08,HISP635,0101,Eola Dance,10,10,0,2026-09-23 13:38:02,2026-09-23 13:38:02.502
2026-09-23 13:27:08,HISP640,0101,Frederick Stachura,15,15,0,2026-09-23 13:38:02,2026-09-23 13:38:02.763
2026-09-23 13:27:08,HISP655,0101,Donald Linebaugh,15,15,0,2026-09-23 13:38:03,2026-09-23 13:38:03.040
2026-09-23 13:27:08,HISP660,0101,Instructor: TBA,15,15,0,2026-09-23 13:38:03,2026-09-23 13:38:03.413
2026-09-23 13:27:08,HISP670,0101,Alfonso Narvaez,15,15,0,2026-09-23 13:38:03,2026-09-23 13:38:03.712
2026-09-23 13:27:08,HISP690,0101,Donald Linebaugh,15,15,0,2026-09-23 13:38:04,2026-09-23 13:38:04.032
2026-09-23 13:27:08,HISP701,0101,Instructor: TBA,5,5,0,2026-09-23 13:38:04,2026-09-23 13:38:04.400
2026-09-23 13:27:08,HISP710,0101,Susan Kern,15,15,0,2026-09-23 13:38:04,2026-09-23 13:38:04.676
2026-09-23 13:27:08,HISP711,0101,Susan Kern,15,15,0,2026-09-23 13:38:04,2026-09-23 13:38:04.994
2026-09-23 13:27:08,HLSC102,0101,Sabrina Kramer,94,94,0,2026-09-23 13:38:34,2026-09-23 13:38:34.121
2026-09-23 13:27:08,HLSC102,0102,Jalah Townsend,35,35,0,2026-09-23 13:38:34,2026-09-23 13:38:34.121
2026-09-23 13:27:08,HLSC227,0101,Najib El-Sayed,25,25,0,2026-09-23 13:38:34,2026-09-23 13:38:34.587
2026-09-23 13:27:08,HLSC322,0101,Leslie Pick,23,23,0,2026-09-23 13:38:34,2026-09-23 13:38:34.857
2026-09-23 13:27:08,HLSC322,0102,Leslie Pick,23,23,0,2026-09-23 13:38:34,2026-09-23 13:38:34.857
2026-09-23 13:27:08,HLSC322,0103,Sabrina Kramer,23,23,0,2026-09-23 13:38:34,2026-09-23 13:38:34.857
2026-09-23 13:27:08,HLSC322,0104,Sabrina Kramer,23,23,0,2026-09-23 13:38:34,2026-09-23 13:38:34.857
2026-09-23 13:27:08,HLSC329,0101,Sabrina Kramer,12,12,0,2026-09-23 13:38:35,2026-09-23 13:38:35.137
2026-09-23 13:27:08,HNUH100,0101,Leigha McReynolds,10,10,0,2026-09-23 13:38:48,2026-09-23 13:38:48.687
2026-09-23 13:27:08,HNUH218D,0101,Brian Gilmore,50,50,0,2026-09-23 13:38:48,2026-09-23 13:38:48.947
2026-09-23 13:27:08,HNUH218L,0101,Shauna Rigaud,20,20,0,2026-09-23 13:38:49,2026-09-23 13:38:49.225
2026-09-23 13:27:08,HNUH218L,0201,Shauna Rigaud,20,20,0,2026-09-23 13:38:49,2026-09-23 13:38:49.225
2026-09-23 13:27:08,HNUH218M,0101,Instructor: TBA,20,20,0,2026-09-23 13:38:49,2026-09-23 13:38:49.495
2026-09-23 13:27:08,HNUH228D,0101,Matthew McLaughlin,60,60,0,2026-09-23 13:38:49,2026-09-23 13:38:49.774
2026-09-23 13:27:08,HNUH228L,0101,Alena Wigodner,20,20,0,2026-09-23 13:38:50,2026-09-23 13:38:50.053
2026-09-23 13:27:08,HNUH228L,0201,Alena Wigodner,20,20,0,2026-09-23 13:38:50,2026-09-23 13:38:50.053
2026-09-23 13:27:08,HNUH228M,0101,Ted Baker,20,20,0,2026-09-23 13:38:50,2026-09-23 13:38:50.380
2026-09-23 13:27:08,HNUH229P,0101,Tyson Slocum,20,20,0,2026-09-23 13:38:50,2026-09-23 13:38:50.633
2026-09-23 13:27:08,HNUH238D,0101,Susan Moeller,60,60,0,2026-09-23 13:38:50,2026-09-23 13:38:50.889
2026-09-23 13:27:08,HNUH238L,0101,Kimberly Johnson,20,20,0,2026-09-23 13:38:51,2026-09-23 13:38:51.170
2026-09-23 13:27:08,HNUH238L,0201,Kimberly Johnson,20,20,0,2026-09-23 13:38:51,2026-09-23 13:38:51.170
2026-09-23 13:27:08,HNUH238M,0101,Daniel Reck,20,20,0,2026-09-23 13:38:51,2026-09-23 13:38:51.423
2026-09-23 13:27:08,HNUH239I,0101,Jon Crocker,20,20,0,2026-09-23 13:38:51,2026-09-23 13:38:51.727
2026-09-23 13:27:08,HNUH248D,0101,Juan Uriagereka,45,45,0,2026-09-23 13:38:51,2026-09-23 13:38:51.971
2026-09-23 13:27:08,HNUH249T,0101,Daniel Rosenthal,20,20,0,2026-09-23 13:38:52,2026-09-23 13:38:52.235
2026-09-23 13:27:08,HNUH258C,0101,Bill Fagan,55,55,0,2026-09-23 13:38:52,2026-09-23 13:38:52.509
2026-09-23 13:27:08,HNUH258O,0101,Amy Green,20,20,0,2026-09-23 13:38:52,2026-09-23 13:38:52.797
2026-09-23 13:27:08,HNUH259T,0101,Ingrid Satelmajer,20,20,0,2026-09-23 13:38:53,2026-09-23 13:38:53.075
2026-09-23 13:27:08,HNUH268C,0101,Perla Guerrero,60,60,0,2026-09-23 13:38:53,2026-09-23 13:38:53.565
2026-09-23 13:27:08,HNUH268Q,0101,Ebonie Johnson Cooper,20,20,0,2026-09-23 13:38:53,2026-09-23 13:38:53.871
2026-09-23 13:27:08,HNUH268R,0201,Vasfiye Toprak,20,20,0,2026-09-23 13:38:54,2026-09-23 13:38:54.178
2026-09-23 13:27:08,HNUH269T,0101,James Stillwell,20,20,0,2026-09-23 13:38:54,2026-09-23 13:38:54.426
2026-09-23 13:27:08,HNUH278C,0101,Chinyere Osuji,60,60,0,2026-09-23 13:38:54,2026-09-23 13:38:54.744
2026-09-23 13:27:08,HNUH278I,0101,Marisa Franco,20,20,0,2026-09-23 13:38:54,2026-09-23 13:38:54.991
2026-09-23 13:27:08,HNUH278I,0201,Marisa Franco,20,20,0,2026-09-23 13:38:54,2026-09-23 13:38:54.991
2026-09-23 13:27:08,HNUH278O,0101,DeNeen Brown,20,20,0,2026-09-23 13:38:55,2026-09-23 13:38:55.248
2026-09-23 13:27:08,HNUH278Q,0101,Instructor: TBA,20,20,0,2026-09-23 13:38:55,2026-09-23 13:38:55.512
2026-09-23 13:27:08,HNUH278R,0101,Max Barnewitz,20,20,0,2026-09-23 13:38:55,2026-09-23 13:38:55.805
2026-09-23 13:27:08,HNUH288C,0101,Julia Steinberg,30,30,0,2026-09-23 13:38:56,2026-09-23 13:38:56.082
2026-09-23 13:27:08,HNUH288C,0102,Julia Steinberg,30,30,0,2026-09-23 13:38:56,2026-09-23 13:38:56.082
2026-09-23 13:27:08,HNUH288O,0101,Ariana Nash,20,20,0,2026-09-23 13:38:56,2026-09-23 13:38:56.364
2026-09-23 13:27:08,HNUH300,0201,Vasfiye Toprak,20,20,0,2026-09-23 13:38:56,2026-09-23 13:38:56.645
2026-09-23 13:27:08,HNUH300,0301,Shauna Rigaud,20,20,0,2026-09-23 13:38:56,2026-09-23 13:38:56.645
2026-09-23 13:27:08,HNUH300,0401,Instructor: TBA,20,20,0,2026-09-23 13:38:56,2026-09-23 13:38:56.645
2026-09-23 13:27:08,HNUH300,0501,Kimberly Johnson,20,20,0,2026-09-23 13:38:56,2026-09-23 13:38:56.645
2026-09-23 13:27:08,HNUH300,0701,Vasfiye Toprak,20,20,0,2026-09-23 13:38:56,2026-09-23 13:38:56.646
2026-09-23 13:27:08,HNUH300,0801,Instructor: TBA,20,20,0,2026-09-23 13:38:56,2026-09-23 13:38:56.646
2026-09-23 13:27:08,HNUH300,0901,Alena Wigodner,20,20,0,2026-09-23 13:38:56,2026-09-23 13:38:56.646
2026-09-23 13:27:08,HNUH300,1001,Robert Graham,20,20,0,2026-09-23 13:38:56,2026-09-23 13:38:56.646
2026-09-23 13:27:08,HNUH300,1101,Instructor: TBA,20,20,0,2026-09-23 13:38:56,2026-09-23 13:38:56.646
2026-09-23 13:27:08,HNUH398P,0101,Jayakumar Arasan,120,120,0,2026-09-23 13:38:56,2026-09-23 13:38:56.921
2026-09-23 13:27:08,HNUH398P,0201,Jayakumar Arasan,120,120,0,2026-09-23 13:38:56,2026-09-23 13:38:56.921
2026-09-23 13:27:08,HONR379W,0101,Blake Wilder,15,15,0,2026-09-23 13:38:58,2026-09-23 13:38:58.363
2026-09-23 13:27:08,IDEA201,0101,Mira Azarm,20,20,0,2026-09-23 13:38:59,2026-09-23 13:38:59.828
2026-09-23 13:27:08,IDEA201,0102,Christina Hnatov,10,10,0,2026-09-23 13:38:59,2026-09-23 13:38:59.828
2026-09-23 13:27:08,IDEA201,0103,Brooke Smith,60,60,0,2026-09-23 13:38:59,2026-09-23 13:38:59.828
2026-09-23 13:27:08,IDEA201,0104,Brooke Smith,60,60,0,2026-09-23 13:38:59,2026-09-23 13:38:59.828
2026-09-23 13:27:08,IDEA311,0101,Brooke Smith,40,40,0,2026-09-23 13:39:00,2026-09-23 13:39:00.222
2026-09-23 13:27:08,IDEA311,0102,Brooke Smith,15,15,0,2026-09-23 13:39:00,2026-09-23 13:39:00.222
2026-09-23 13:27:08,IMDM101,0101,Stevens Miller,30,30,0,2026-09-23 13:39:02,2026-09-23 13:39:02.363
2026-09-23 13:27:08,IMDM101,0201,Stevens Miller,30,30,0,2026-09-23 13:39:02,2026-09-23 13:39:02.363
2026-09-23 13:27:08,IMDM101,0301,Myungin Lee,30,30,0,2026-09-23 13:39:02,2026-09-23 13:39:02.363
2026-09-23 13:27:08,IMDM127,0101,Matthew Nolan,30,30,0,2026-09-23 13:39:02,2026-09-23 13:39:02.656
2026-09-23 13:27:08,IMDM150,0101,Cy Keener,45,45,0,2026-09-23 13:39:02,2026-09-23 13:39:02.934
2026-09-23 13:27:08,IMDM290,0101,Myungin Lee,30,30,0,2026-09-23 13:39:03,2026-09-23 13:39:03.215
2026-09-23 13:27:08,IMDM290,0201,Myungin Lee,30,30,0,2026-09-23 13:39:03,2026-09-23 13:39:03.215
2026-09-23 13:27:08,IMDM390,0101,Stefano Passeri,30,30,0,2026-09-23 13:39:03,2026-09-23 13:39:03.944
2026-09-23 13:27:08,IMDM390,0201,Stefano Passeri,30,30,0,2026-09-23 13:39:03,2026-09-23 13:39:03.944
2026-09-23 13:27:08,IMDM491,0101,Matthew Nolan,30,30,0,2026-09-23 13:39:04,2026-09-23 13:39:04.530
2026-09-23 13:27:08,IMDM491,0201,Matthew Nolan,30,30,0,2026-09-23 13:39:04,2026-09-23 13:39:04.530
2026-09-23 13:27:08,IMDM498I,0101,Snehesh Shrestha,16,16,0,2026-09-23 13:39:04,2026-09-23 13:39:04.822
2026-09-23 13:27:08,IMDM498J,0101,Yael Inbar,15,15,0,2026-09-23 13:39:05,2026-09-23 13:39:05.115
2026-09-23 13:27:08,IMMR200,0101,Instructor: TBA,40,40,0,2026-09-23 13:39:06,2026-09-23 13:39:06.872
2026-09-23 13:27:08,IMMR394,0101,Wenxi Yang,25,25,0,2026-09-23 13:39:07,2026-09-23 13:39:07.153
2026-09-23 13:27:08,IMMR399,0101,Christina Getrich,1,1,0,2026-09-23 13:39:07,2026-09-23 13:39:07.405
2026-09-23 13:27:08,INFM612,IM01,Instructor: TBA,40,40,0,2026-09-23 13:39:13,2026-09-23 13:39:13.419
2026-09-23 13:27:08,INFM737,IM01,David Loshin,40,40,0,2026-09-23 13:39:13,2026-09-23 13:39:13.666
2026-09-23 13:27:08,ISRL187,0101,Bernard Cooperman,23,23,0,2026-09-23 13:39:33,2026-09-23 13:39:33.989
2026-09-23 13:27:08,ISRL187,0102,Bernard Cooperman,23,23,0,2026-09-23 13:39:33,2026-09-23 13:39:33.989
2026-09-23 13:27:08,ISRL187,0103,Bernard Cooperman,23,23,0,2026-09-23 13:39:33,2026-09-23 13:39:33.989
2026-09-23 13:27:08,ISRL249O,0101,Aner Tal,35,35,0,2026-09-23 13:39:34,2026-09-23 13:39:34.299
2026-09-23 13:27:08,ISRL249P,0101,Aliza Sandalon,15,15,0,2026-09-23 13:39:34,2026-09-23 13:39:34.565
2026-09-23 13:27:08,ISRL282,0101,Shirelle Doughty,30,30,0,2026-09-23 13:39:34,2026-09-23 13:39:34.858
2026-09-23 13:27:08,ISRL329D,0101,Regev Ben-David,35,35,0,2026-09-23 13:39:35,2026-09-23 13:39:35.130
2026-09-23 13:27:08,ISRL329Y,0101,Marwa Maziad,30,30,0,2026-09-23 13:39:35,2026-09-23 13:39:35.400
2026-09-23 13:27:08,ISRL342,0101,Elli Lieberman,35,35,0,2026-09-23 13:39:35,2026-09-23 13:39:35.656
2026-09-23 13:27:08,ISRL349N,0101,Morad Elsana,30,30,0,2026-09-23 13:39:35,2026-09-23 13:39:35.938
2026-09-23 13:27:08,ISRL349W,0101,Avital Karpman,35,35,0,2026-09-23 13:39:36,2026-09-23 13:39:36.188
2026-09-23 13:27:08,ISRL380,0101,Regev Ben-David,35,35,0,2026-09-23 13:39:36,2026-09-23 13:39:36.461
2026-09-23 13:27:08,ISRL383,0101,Ilai Saltzman,35,35,0,2026-09-23 13:39:36,2026-09-23 13:39:36.737
2026-09-23 13:27:08,JAPN102,0101,Kumiko Akikawa,15,15,0,2026-09-23 13:39:40,2026-09-23 13:39:40.541
2026-09-23 13:27:08,JAPN102,0201,Kumiko Akikawa,15,15,0,2026-09-23 13:39:40,2026-09-23 13:39:40.541
2026-09-23 13:27:08,JAPN202,0101,Makiko Inoue,15,15,0,2026-09-23 13:39:40,2026-09-23 13:39:40.817
2026-09-23 13:27:08,JAPN202,0201,Makiko Inoue,15,15,0,2026-09-23 13:39:40,2026-09-23 13:39:40.817
2026-09-23 13:27:08,JAPN302,0101,Mari Hamada,15,15,0,2026-09-23 13:39:41,2026-09-23 13:39:41.122
2026-09-23 13:27:08,JAPN306,0101,Lindsay Yotsukura,15,15,0,2026-09-23 13:39:41,2026-09-23 13:39:41.427
2026-09-23 13:27:08,JAPN335,0101,Michele Mason,20,20,0,2026-09-23 13:39:41,2026-09-23 13:39:41.681
2026-09-23 13:27:08,JAPN355,0101,Jyana Browne,20,20,0,2026-09-23 13:39:41,2026-09-23 13:39:41.939
2026-09-23 13:27:08,JAPN361,0101,Instructor: TBA,20,20,0,2026-09-23 13:39:42,2026-09-23 13:39:42.219
2026-09-23 13:27:08,JAPN425,0101,Michele Mason,25,25,0,2026-09-23 13:39:42,2026-09-23 13:39:42.796
2026-09-23 13:27:08,JAPN457,0101,Lindsay Yotsukura,15,15,0,2026-09-23 13:39:43,2026-09-23 13:39:43.046
2026-09-23 13:27:08,JWST187,0101,Bernard Cooperman,23,23,0,2026-09-23 13:40:03,2026-09-23 13:40:03.465
2026-09-23 13:27:08,JWST187,0102,Bernard Cooperman,23,23,0,2026-09-23 13:40:03,2026-09-23 13:40:03.465
2026-09-23 13:27:08,JWST187,0103,Bernard Cooperman,23,23,0,2026-09-23 13:40:03,2026-09-23 13:40:03.466
2026-09-23 13:27:08,JWST233,0101,Hayim Lapin,45,45,0,2026-09-23 13:40:03,2026-09-23 13:40:03.751
2026-09-23 13:27:08,JWST319A,0101,Daniel Richter,35,35,0,2026-09-23 13:40:04,2026-09-23 13:40:04.041
2026-09-23 13:27:08,JWST319J,0101,Nathan Levine,35,35,0,2026-09-23 13:40:04,2026-09-23 13:40:04.330
2026-09-23 13:27:08,JWST319P,0101,Lauren Kotkin,18,18,0,2026-09-23 13:40:04,2026-09-23 13:40:04.625
2026-09-23 13:27:08,JWST319Q,0101,Regev Ben-David,35,35,0,2026-09-23 13:40:04,2026-09-23 13:40:04.884
2026-09-23 13:27:08,JWST319W,0101,Avital Karpman,35,35,0,2026-09-23 13:40:05,2026-09-23 13:40:05.132
2026-09-23 13:27:08,JWST324,0101,Matthew Suriano,25,25,0,2026-09-23 13:40:05,2026-09-23 13:40:05.397
2026-09-23 13:27:08,JWST386,0101,Instructor: TBA,5,5,0,2026-09-23 13:40:05,2026-09-23 13:40:05.674
2026-09-23 13:27:08,JWST419B,0101,Bernard Cooperman,9,9,0,2026-09-23 13:40:06,2026-09-23 13:40:06.223
2026-09-23 13:27:08,JWST427,0101,Matthew Suriano,15,15,0,2026-09-23 13:40:06,2026-09-23 13:40:06.499
2026-09-23 13:27:08,JWST469C,0101,Bernard Cooperman,10,10,0,2026-09-23 13:40:06,2026-09-23 13:40:06.755
2026-09-23 13:27:08,KORA101,0101,Seong Minne Koh,15,15,0,2026-09-23 13:40:32,2026-09-23 13:40:32.027
2026-09-23 13:27:08,KORA102,0101,Saerom Kwak,15,15,0,2026-09-23 13:40:32,2026-09-23 13:40:32.276
2026-09-23 13:27:08,KORA102,0201,Saerom Kwak,15,15,0,2026-09-23 13:40:32,2026-09-23 13:40:32.276
2026-09-23 13:27:08,KORA102,0301,Saerom Kwak,15,15,0,2026-09-23 13:40:32,2026-09-23 13:40:32.277
2026-09-23 13:27:08,KORA102,0401,Saerom Kwak,15,15,0,2026-09-23 13:40:32,2026-09-23 13:40:32.277
2026-09-23 13:27:08,KORA202,0101,Seong Minne Koh,15,15,0,2026-09-23 13:40:32,2026-09-23 13:40:32.557
2026-09-23 13:27:08,KORA202,0301,Seong Minne Koh,15,15,0,2026-09-23 13:40:32,2026-09-23 13:40:32.557
2026-09-23 13:27:08,KORA398O,0101,Instructor: TBA,10,10,0,2026-09-23 13:40:33,2026-09-23 13:40:33.911
2026-09-23 13:27:08,KORA398V,0101,Seong Minne Koh,10,10,0,2026-09-23 13:40:34,2026-09-23 13:40:34.497
2026-09-23 13:27:08,LEAD217,0101,Pamela Scott,25,25,0,2026-09-23 13:40:48,2026-09-23 13:40:48.489
2026-09-23 13:27:08,LEAD217,0201,Pamela Scott,25,25,0,2026-09-23 13:40:48,2026-09-23 13:40:48.489
2026-09-23 13:27:08,LEAD321,0101,Courtney Holder,10,10,0,2026-09-23 13:40:48,2026-09-23 13:40:48.794
2026-09-23 13:27:08,LEAD417,0101,Anastasia Lavrenyuk,20,20,0,2026-09-23 13:40:49,2026-09-23 13:40:49.053
2026-09-23 13:27:08,LGBT200,0101,Sayan Bhattacharya,25,25,0,2026-09-23 13:40:50,2026-09-23 13:40:50.604
2026-09-23 13:27:08,LGBT200,0102,Sayan Bhattacharya,25,25,0,2026-09-23 13:40:50,2026-09-23 13:40:50.604
2026-09-23 13:27:08,LGBT265,0201,Instructor: TBA,30,30,0,2026-09-23 13:40:50,2026-09-23 13:40:50.887
2026-09-23 13:27:08,LGBT310,0101,Sayan Bhattacharya,25,25,0,2026-09-23 13:40:51,2026-09-23 13:40:51.151
2026-09-23 13:27:08,LGBT475,0101,Sydney Lewis,20,20,0,2026-09-23 13:40:51,2026-09-23 13:40:51.462
2026-09-23 13:27:08,MLAW150,0101,David Gray,25,25,0,2026-09-23 13:41:23,2026-09-23 13:41:23.814
2026-09-23 13:27:08,MLAW150,0102,David Gray,25,25,0,2026-09-23 13:41:23,2026-09-23 13:41:23.814
2026-09-23 13:27:08,MLAW150,0103,David Gray,25,25,0,2026-09-23 13:41:23,2026-09-23 13:41:23.814
2026-09-23 13:27:08,MLAW304,0101,Christine White,40,40,0,2026-09-23 13:41:24,2026-09-23 13:41:24.092
2026-09-23 13:27:08,MLAW305,0201,Brian Gilmore,60,60,0,2026-09-23 13:41:24,2026-09-23 13:41:24.349
2026-09-23 13:27:08,MLAW325,0101,Grace Benton,12,12,0,2026-09-23 13:41:24,2026-09-23 13:41:24.624
2026-09-23 13:27:08,MLAW358W,0101,Michael Spivey,25,25,0,2026-09-23 13:41:24,2026-09-23 13:41:24.924
2026-09-23 13:27:08,MLAW358W,0102,Michael Spivey,25,25,0,2026-09-23 13:41:24,2026-09-23 13:41:24.925
2026-09-23 13:27:08,MLAW358W,0103,Michael Spivey,25,25,0,2026-09-23 13:41:24,2026-09-23 13:41:24.925
2026-09-23 13:27:08,MLAW358W,0104,Michael Spivey,25,25,0,2026-09-23 13:41:24,2026-09-23 13:41:24.925
2026-09-23 13:27:08,MLAW358W,0105,Michael Spivey,25,25,0,2026-09-23 13:41:24,2026-09-23 13:41:24.925
2026-09-23 13:27:08,MLAW358W,0106,Michael Spivey,25,25,0,2026-09-23 13:41:24,2026-09-23 13:41:24.925
2026-09-23 13:27:08,MLAW358Y,0101,Martin Kobren,5,5,0,2026-09-23 13:41:25,2026-09-23 13:41:25.178
2026-09-23 13:27:08,MLAW358Z,0101,Christine White,19,19,0,2026-09-23 13:41:25,2026-09-23 13:41:25.432
2026-09-23 13:27:08,MLAW359,0101,Brandee Pettus,8,8,0,2026-09-23 13:41:25,2026-09-23 13:41:25.701
2026-09-23 13:27:08,MLAW378E,0101,Brandee Pettus,5,5,0,2026-09-23 13:41:25,2026-09-23 13:41:25.970
2026-09-23 13:27:08,MLAW378F,0101,Brian Gilmore,15,15,0,2026-09-23 13:41:26,2026-09-23 13:41:26.248
2026-09-23 13:27:08,MLAW378J,0101,Natalie Ram,20,20,0,2026-09-23 13:41:26,2026-09-23 13:41:26.516
2026-09-23 13:27:08,MLAW378T,0101,Marley Weiss,20,20,0,2026-09-23 13:41:26,2026-09-23 13:41:26.806
2026-09-23 13:27:08,MLAW388,0101,Brandee Pettus,33,33,0,2026-09-23 13:41:27,2026-09-23 13:41:27.114
2026-09-23 13:27:08,MLAW388,0201,Brandee Pettus,6,6,0,2026-09-23 13:41:27,2026-09-23 13:41:27.114
2026-09-23 13:27:08,MLAW404,0101,Christine White,75,75,0,2026-09-23 13:41:27,2026-09-23 13:41:27.367
2026-09-23 13:27:08,MSAI602,PCS1,Tammy Perrin,30,30,0,2026-09-23 13:41:28,2026-09-23 13:41:28.848
2026-09-23 13:27:08,MSAI603,PWS1,Kemal Davaslioglu,50,50,0,2026-09-23 13:41:29,2026-09-23 13:41:29.153
2026-09-23 13:27:08,MSAI605,PCS1,Jerry Wu,55,55,0,2026-09-23 13:41:29,2026-09-23 13:41:29.425
2026-09-23 13:27:08,MSAI605,PCS2,Samet Ayhan,55,55,0,2026-09-23 13:41:29,2026-09-23 13:41:29.425
2026-09-23 13:27:08,MSAI605,PCS3,Rajeev Barua,65,65,0,2026-09-23 13:41:29,2026-09-23 13:41:29.425
2026-09-23 13:27:08,MSML602,PCS1,Tammy Perrin,30,30,0,2026-09-23 13:41:30,2026-09-23 13:41:30.977
2026-09-23 13:27:08,MSML603,PWS1,Kemal Davaslioglu,50,50,0,2026-09-23 13:41:31,2026-09-23 13:41:31.219
2026-09-23 13:27:08,MSML604,PCS1,Richard La,38,38,0,2026-09-23 13:41:31,2026-09-23 13:41:31.504
2026-09-23 13:27:08,MSML604,PCS2,Richard La,38,38,0,2026-09-23 13:41:31,2026-09-23 13:41:31.504
2026-09-23 13:27:08,MSML604,PCS3,Siddharth Pal,55,55,0,2026-09-23 13:41:31,2026-09-23 13:41:31.504
2026-09-23 13:27:08,MSML605,PCS1,Jerry Wu,55,55,0,2026-09-23 13:41:31,2026-09-23 13:41:31.784
2026-09-23 13:27:08,MSML605,PCS2,Samet Ayhan,55,55,0,2026-09-23 13:41:31,2026-09-23 13:41:31.784
2026-09-23 13:27:08,MSML605,PCS3,Rajeev Barua,65,65,0,2026-09-23 13:41:31,2026-09-23 13:41:31.784
2026-09-23 13:27:08,MSML606,PCS2,Sujeong Kim,55,55,0,2026-09-23 13:41:32,2026-09-23 13:41:32.064
2026-09-23 13:27:08,MSML606,PCS3,Samet Ayhan,55,55,0,2026-09-23 13:41:32,2026-09-23 13:41:32.065
2026-09-23 13:27:08,MSML612,PCS1,Samet Ayhan,55,55,0,2026-09-23 13:41:32,2026-09-23 13:41:32.360
2026-09-23 13:27:08,MSML612,PCS2,Samet Ayhan,55,55,0,2026-09-23 13:41:32,2026-09-23 13:41:32.360
2026-09-23 13:27:08,MSML612,PCS3,Emre Gunduzhan,55,55,0,2026-09-23 13:41:32,2026-09-23 13:41:32.360
2026-09-23 13:27:08,MSML640,PCS1,Jerry Wu,70,70,0,2026-09-23 13:41:32,2026-09-23 13:41:32.637
2026-09-23 13:27:08,MSML640,PCS2,Sujeong Kim,55,55,0,2026-09-23 13:41:32,2026-09-23 13:41:32.637
2026-09-23 13:27:08,MSML641,PCS1,Armin Mehrabian,55,55,0,2026-09-23 13:41:32,2026-09-23 13:41:32.894
2026-09-23 13:27:08,NAVY101,0101,Beau Cisneros,30,30,0,2026-09-23 13:42:06,2026-09-23 13:42:06.979
2026-09-23 13:27:08,NAVY108,0101,Christopher Boehm,150,150,0,2026-09-23 13:42:07,2026-09-23 13:42:07.250
2026-09-23 13:27:08,NAVY201,0101,Austin Cranfill,30,30,0,2026-09-23 13:42:07,2026-09-23 13:42:07.528
2026-09-23 13:27:08,NAVY301,0101,Beau Cisneros,35,35,0,2026-09-23 13:42:07,2026-09-23 13:42:07.785
2026-09-23 13:27:08,NAVY401,0101,John Gonser,36,36,0,2026-09-23 13:42:08,2026-09-23 13:42:08.056
2026-09-23 13:27:08,NAVY402,0102,Jenna Weiner,25,25,0,2026-09-23 13:42:08,2026-09-23 13:42:08.309
2026-09-23 13:27:08,NEUR200,0101,Ana Navarro Cebrian,90,90,0,2026-09-23 13:42:09,2026-09-23 13:42:09.817
2026-09-23 13:27:08,NEUR200,0201,Ana Navarro Cebrian,90,90,0,2026-09-23 13:42:09,2026-09-23 13:42:09.817
2026-09-23 13:27:08,NEUR305,0101,Amanda Chicoli,90,90,0,2026-09-23 13:42:10,2026-09-23 13:42:10.094
2026-09-23 13:27:08,NEUR306,0101,Chan Lin,64,64,0,2026-09-23 13:42:10,2026-09-23 13:42:10.402
2026-09-23 13:27:08,NEUR306,0102,Melissa Caras,40,40,0,2026-09-23 13:42:10,2026-09-23 13:42:10.402
2026-09-23 13:27:08,NEUR338A,0101,Amanda Chicoli,20,20,0,2026-09-23 13:42:10,2026-09-23 13:42:10.919
2026-09-23 13:27:08,NEUR398H,0101,Nikolas Francis,20,20,0,2026-09-23 13:42:11,2026-09-23 13:42:11.713
2026-09-23 13:27:08,NEUR405,0101,Hilary Bierman,16,16,0,2026-09-23 13:42:11,2026-09-23 13:42:11.978
2026-09-23 13:27:08,NEUR405,0102,Hilary Bierman,16,16,0,2026-09-23 13:42:11,2026-09-23 13:42:11.978
2026-09-23 13:27:08,NEUR405,0103,Hilary Bierman,16,16,0,2026-09-23 13:42:11,2026-09-23 13:42:11.978
2026-09-23 13:27:08,NEUR405,0106,Hilary Bierman,16,16,0,2026-09-23 13:42:11,2026-09-23 13:42:11.978
2026-09-23 13:27:08,PEER318,0101,Christina Jay,15,15,0,2026-09-23 13:42:21,2026-09-23 13:42:21.131
2026-09-23 13:27:08,PEER319,0101,Grace Boudreau,15,15,0,2026-09-23 13:42:21,2026-09-23 13:42:21.412
2026-09-23 13:27:08,PEER322,0101,Aleia Gardner,15,15,0,2026-09-23 13:42:21,2026-09-23 13:42:21.665
2026-09-23 13:27:08,PHPE308A,0101,Rachel Singpurwalla,25,25,0,2026-09-23 13:42:31,2026-09-23 13:42:31.452
2026-09-23 13:27:08,PHPE308P,0101,Xinzhi Zhao,30,30,0,2026-09-23 13:42:31,2026-09-23 13:42:31.723
2026-09-23 13:27:08,PHPE308U,0101,Aner Tal,35,35,0,2026-09-23 13:42:31,2026-09-23 13:42:31.973
2026-09-23 13:27:08,PHPE400,0101,Instructor: TBA,30,30,0,2026-09-23 13:42:32,2026-09-23 13:42:32.502
2026-09-23 13:27:08,PHPE401,0101,Xinzhi Zhao,27,27,0,2026-09-23 13:42:32,2026-09-23 13:42:32.795
2026-09-23 13:27:08,PHPE401,0102,Xinzhi Zhao,27,27,0,2026-09-23 13:42:32,2026-09-23 13:42:32.795
2026-09-23 13:27:08,PHPE402,0101,Ben Fan,30,30,0,2026-09-23 13:42:33,2026-09-23 13:42:33.102
2026-09-23 13:27:08,PHPE408M,0101,Nicholas Laskowski,25,25,0,2026-09-23 13:42:33,2026-09-23 13:42:33.357
2026-09-23 13:27:08,PHPE408Z,0101,Avia Pasternak,30,30,0,2026-09-23 13:42:33,2026-09-23 13:42:33.630
2026-09-23 13:27:08,PHSC201,0101,Kayla Hoffman,30,30,0,2026-09-23 13:42:35,2026-09-23 13:42:35.101
2026-09-23 13:27:08,PHSC388F,0101,Jennifer German,30,30,0,2026-09-23 13:42:35,2026-09-23 13:42:35.412
2026-09-23 13:27:08,PHSC399,0101,Shannon Edward,30,30,0,2026-09-23 13:42:35,2026-09-23 13:42:35.963
2026-09-23 13:27:08,PHSC399,ESG1,Shannon Edward,20,20,0,2026-09-23 13:42:35,2026-09-23 13:42:35.964
2026-09-23 13:27:08,PHSC415,0101,Jessica O'Hara,36,36,0,2026-09-23 13:42:36,2026-09-23 13:42:36.253
2026-09-23 13:27:08,PHSC415,0102,Jessica O'Hara,36,36,0,2026-09-23 13:42:36,2026-09-23 13:42:36.253
2026-09-23 13:27:08,PHSC415,0103,Jessica O'Hara,36,36,0,2026-09-23 13:42:36,2026-09-23 13:42:36.254
2026-09-23 13:27:08,PHSC415,0104,Jessica O'Hara,36,36,0,2026-09-23 13:42:36,2026-09-23 13:42:36.254
2026-09-23 13:27:08,PHSC415,0105,Jessica O'Hara,36,36,0,2026-09-23 13:42:36,2026-09-23 13:42:36.254
2026-09-23 13:27:08,PHSC430,0101,Kendall Bustad,35,35,0,2026-09-23 13:42:36,2026-09-23 13:42:36.507
2026-09-23 13:27:08,PHSC430,ESG1,Kendall Bustad,8,8,0,2026-09-23 13:42:36,2026-09-23 13:42:36.508
2026-09-23 13:27:08,PHSC450,0101,Kendall Bustad,20,20,0,2026-09-23 13:42:36,2026-09-23 13:42:36.776
2026-09-23 13:27:08,PHSC450,0102,Kendall Bustad,20,20,0,2026-09-23 13:42:36,2026-09-23 13:42:36.776
2026-09-23 13:27:08,PHSC450,0103,Kendall Bustad,20,20,0,2026-09-23 13:42:36,2026-09-23 13:42:36.776
2026-09-23 13:27:08,PHSC450,0104,Kendall Bustad,20,20,0,2026-09-23 13:42:36,2026-09-23 13:42:36.776
2026-09-23 13:27:08,PHSC450,0105,Kendall Bustad,20,20,0,2026-09-23 13:42:36,2026-09-23 13:42:36.776
2026-09-23 13:27:08,PHSC450,0106,Kendall Bustad,20,20,0,2026-09-23 13:42:36,2026-09-23 13:42:36.776
2026-09-23 13:27:08,PHSC450,0107,Kendall Bustad,20,20,0,2026-09-23 13:42:36,2026-09-23 13:42:36.777
2026-09-23 13:27:08,PHSC450,ESG1,Kendall Bustad,35,35,0,2026-09-23 13:42:36,2026-09-23 13:42:36.777
2026-09-23 13:27:08,PHSC490,0101,Shannon Edward,30,30,0,2026-09-23 13:42:37,2026-09-23 13:42:37.053
2026-09-23 13:27:08,PHSC497,0101,Gretchen De Silva,20,20,0,2026-09-23 13:42:37,2026-09-23 13:42:37.330
2026-09-23 13:27:08,PHSC497,0201,Kendall Bustad,20,20,0,2026-09-23 13:42:37,2026-09-23 13:42:37.330
2026-09-23 13:27:08,PHSC497,0301,Gretchen De Silva,20,20,0,2026-09-23 13:42:37,2026-09-23 13:42:37.330
2026-09-23 13:27:08,PHSC497,0401,Aysha Jawed,20,20,0,2026-09-23 13:42:37,2026-09-23 13:42:37.330
2026-09-23 13:27:08,PHSC497,0501,Jennifer German,20,20,0,2026-09-23 13:42:37,2026-09-23 13:42:37.331
2026-09-23 13:27:08,PHSC497,0601,Carmen Booker,20,20,0,2026-09-23 13:42:37,2026-09-23 13:42:37.331
2026-09-23 13:27:08,PHSC497,0701,Lakeshia Watson,20,20,0,2026-09-23 13:42:37,2026-09-23 13:42:37.331
2026-09-23 13:27:08,PHSC497,0801,Lakeshia Watson,20,20,0,2026-09-23 13:42:37,2026-09-23 13:42:37.331
2026-09-23 13:27:08,PHSC497,0901,Darya Soltani,20,20,0,2026-09-23 13:42:37,2026-09-23 13:42:37.331
2026-09-23 13:27:08,PHSC497,1001,Brienna Anderson,20,20,0,2026-09-23 13:42:37,2026-09-23 13:42:37.331
2026-09-23 13:27:08,PHSC497,1101,Margaret Smith,20,20,0,2026-09-23 13:42:37,2026-09-23 13:42:37.332
2026-09-23 13:27:08,PHSC497,1201,Eric Silfen,20,20,0,2026-09-23 13:42:37,2026-09-23 13:42:37.332
2026-09-23 13:27:08,PHSC497,1301,Lakeshia Watson,20,20,0,2026-09-23 13:42:37,2026-09-23 13:42:37.332
2026-09-23 13:27:08,PHSC497,ESG1,Ann Truelove,20,20,0,2026-09-23 13:42:37,2026-09-23 13:42:37.332
2026-09-23 13:27:08,RDEV250,0101,Wayne Ricardo Curtis,75,75,0,2026-09-23 13:43:33,2026-09-23 13:43:33.964
2026-09-23 13:27:08,RDEV250,0102,Wayne Ricardo Curtis,75,75,0,2026-09-23 13:43:33,2026-09-23 13:43:33.965
2026-09-23 13:27:08,RDEV270,0101,John Park,30,30,0,2026-09-23 13:43:34,2026-09-23 13:43:34.205
2026-09-23 13:27:08,RDEV350,0101,Jesse Saginor,25,25,0,2026-09-23 13:43:34,2026-09-23 13:43:34.467
2026-09-23 13:27:08,RDEV350,0102,Instructor: TBA,30,30,0,2026-09-23 13:43:34,2026-09-23 13:43:34.467
2026-09-23 13:27:08,RDEV410,0101,Peter Goldsmith,30,30,0,2026-09-23 13:43:34,2026-09-23 13:43:34.734
2026-09-23 13:27:08,RDEV415,0101,Bilal Ali,20,20,0,2026-09-23 13:43:35,2026-09-23 13:43:35.068
2026-09-23 13:27:08,RDEV445,0101,Matthew O'Malley,15,15,0,2026-09-23 13:43:35,2026-09-23 13:43:35.352
2026-09-23 13:27:08,RDEV450,0101,Kathryn Corby,30,30,0,2026-09-23 13:43:35,2026-09-23 13:43:35.653
2026-09-23 13:27:08,RDEV450,0102,Thomas Dwyer,20,20,0,2026-09-23 13:43:35,2026-09-23 13:43:35.653
2026-09-23 13:27:08,RDEV450,0103,John Park,30,30,0,2026-09-23 13:43:35,2026-09-23 13:43:35.653
2026-09-23 13:27:08,RDEV478D,0101,Jesse Saginor,20,20,0,2026-09-23 13:43:35,2026-09-23 13:43:35.923
2026-09-23 13:27:08,RDEV600,0101,Jesse Saginor,10,10,0,2026-09-23 13:43:36,2026-09-23 13:43:36.207
2026-09-23 13:27:08,RDEV603,0101,Thomas Dwyer,18,18,0,2026-09-23 13:43:36,2026-09-23 13:43:36.476
2026-09-23 13:27:08,RDEV610,0101,David Warner,20,20,0,2026-09-23 13:43:36,2026-09-23 13:43:36.734
2026-09-23 13:27:08,RDEV615,0101,Bilal Ali,20,20,0,2026-09-23 13:43:36,2026-09-23 13:43:36.984
2026-09-23 13:27:08,RDEV630,0101,Mansur Abdul-Malik,30,30,0,2026-09-23 13:43:37,2026-09-23 13:43:37.271
2026-09-23 13:27:08,RDEV650,0101,Matthew O'Malley,25,25,0,2026-09-23 13:43:37,2026-09-23 13:43:37.545
2026-09-23 13:27:08,RDEV689F,0101,Zachary Marks,20,20,0,2026-09-23 13:43:37,2026-09-23 13:43:37.848
2026-09-23 13:27:08,RDEV689I,0101,Ronald McDonald,14,14,0,2026-09-23 13:43:38,2026-09-23 13:43:38.130
2026-09-23 13:27:08,RDEV689R,0101,Nick Egelanian,15,15,0,2026-09-23 13:43:38,2026-09-23 13:43:38.422
2026-09-23 13:27:08,RDEV689Y,0101,Instructor: TBA,12,12,0,2026-09-23 13:43:38,2026-09-23 13:43:38.692
2026-09-23 13:27:08,RDEV690,0101,Tanya Bansal,12,12,0,2026-09-23 13:43:38,2026-09-23 13:43:38.997
2026-09-23 13:27:08,RELS170,0101,Katherine Wasdin,21,21,0,2026-09-23 13:43:40,2026-09-23 13:43:40.471
2026-09-23 13:27:08,RELS170,0102,Katherine Wasdin,21,21,0,2026-09-23 13:43:40,2026-09-23 13:43:40.471
2026-09-23 13:27:08,RELS170,0103,Katherine Wasdin,21,21,0,2026-09-23 13:43:40,2026-09-23 13:43:40.471
2026-09-23 13:27:08,RELS170,0104,Katherine Wasdin,21,21,0,2026-09-23 13:43:40,2026-09-23 13:43:40.471
2026-09-23 13:27:08,RELS170,0105,Katherine Wasdin,21,21,0,2026-09-23 13:43:40,2026-09-23 13:43:40.471
2026-09-23 13:27:08,RELS170,0106,Katherine Wasdin,21,21,0,2026-09-23 13:43:40,2026-09-23 13:43:40.471
2026-09-23 13:27:08,RELS170,0107,Katherine Wasdin,21,21,0,2026-09-23 13:43:40,2026-09-23 13:43:40.472
2026-09-23 13:27:08,RELS170,0108,Katherine Wasdin,21,21,0,2026-09-23 13:43:40,2026-09-23 13:43:40.472
2026-09-23 13:27:08,RELS170,0109,Katherine Wasdin,21,21,0,2026-09-23 13:43:40,2026-09-23 13:43:40.472
2026-09-23 13:27:08,RELS264,0101,Jay Moses,30,30,0,2026-09-23 13:43:40,2026-09-23 13:43:40.758
2026-09-23 13:27:08,RELS271,0101,Instructor: TBA,40,40,0,2026-09-23 13:43:41,2026-09-23 13:43:41.022
2026-09-23 13:27:08,RELS319Q,0101,Regev Ben-David,35,35,0,2026-09-23 13:43:41,2026-09-23 13:43:41.283
2026-09-23 13:27:08,RELS342,0101,Stefano Villani,27,27,0,2026-09-23 13:43:47,2026-09-23 13:43:47.528
2026-09-23 13:27:08,RELS427,0101,Matthew Suriano,15,15,0,2026-09-23 13:43:47,2026-09-23 13:43:47.795
2026-09-23 13:27:08,RELS429M,0101,Antoine Borrut,27,27,0,2026-09-23 13:43:48,2026-09-23 13:43:48.072
2026-09-23 13:27:08,RUSS102,0101,Inna Hardman,15,15,0,2026-09-23 13:43:49,2026-09-23 13:43:49.550
2026-09-23 13:27:08,RUSS102,0201,Inna Hardman,15,15,0,2026-09-23 13:43:49,2026-09-23 13:43:49.550
2026-09-23 13:27:08,RUSS202,0101,Zhanna Gerus-Vernola,15,15,0,2026-09-23 13:43:49,2026-09-23 13:43:49.960
2026-09-23 13:27:08,RUSS302,0101,Izolda Savenkova,15,15,0,2026-09-23 13:43:50,2026-09-23 13:43:50.218
2026-09-23 13:27:08,RUSS398A,0101,Instructor: TBA,15,15,0,2026-09-23 13:43:50,2026-09-23 13:43:50.807
2026-09-23 13:27:08,RUSS398F,0101,Elizabeth Papazian,25,25,0,2026-09-23 13:43:51,2026-09-23 13:43:51.089
2026-09-23 13:27:08,RUSS406,0101,Izolda Savenkova,15,15,0,2026-09-23 13:43:51,2026-09-23 13:43:51.641
2026-09-23 13:27:08,RUSS412,0101,Inna Hardman,15,15,0,2026-09-23 13:43:51,2026-09-23 13:43:51.919
2026-09-23 13:27:08,SDSB123,0101,Srijeeta Mitra,26,26,0,2026-09-23 13:43:53,2026-09-23 13:43:53.627
2026-09-23 13:27:08,SDSB180,0101,Srijeeta Mitra,155,155,0,2026-09-23 13:43:53,2026-09-23 13:43:53.901
2026-09-23 13:27:08,SDSB233,0101,Richard Engstrom,28,28,0,2026-09-23 13:43:54,2026-09-23 13:43:54.208
2026-09-23 13:27:08,SDSB233,0102,Richard Engstrom,28,28,0,2026-09-23 13:43:54,2026-09-23 13:43:54.208
2026-09-23 13:27:08,SDSB326,0101,Jacob Coutts,40,40,0,2026-09-23 13:43:54,2026-09-23 13:43:54.486
2026-09-23 13:27:08,SDSB340,0101,Neil Lund,24,24,0,2026-09-23 13:43:54,2026-09-23 13:43:54.744
2026-09-23 13:27:08,SDSI414,0101,Instructor: TBA,40,40,0,2026-09-23 13:43:56,2026-09-23 13:43:56.177
2026-09-23 13:27:08,SDSI414,0102,Instructor: TBA,40,40,0,2026-09-23 13:43:56,2026-09-23 13:43:56.177
2026-09-23 13:27:08,SDSI414,0103,Instructor: TBA,40,40,0,2026-09-23 13:43:56,2026-09-23 13:43:56.177
2026-09-23 13:27:08,SDSI414,0201,Instructor: TBA,40,40,0,2026-09-23 13:43:56,2026-09-23 13:43:56.177
2026-09-23 13:27:08,SDSI414,0202,Instructor: TBA,40,40,0,2026-09-23 13:43:56,2026-09-23 13:43:56.178
2026-09-23 13:27:08,SDSI492,0101,Instructor: TBA,29,29,0,2026-09-23 13:43:56,2026-09-23 13:43:56.452
2026-09-23 13:27:08,SDSI492,0102,Instructor: TBA,25,25,0,2026-09-23 13:43:56,2026-09-23 13:43:56.453
2026-09-23 13:27:08,SDSI492,0103,Instructor: TBA,25,25,0,2026-09-23 13:43:56,2026-09-23 13:43:56.453
2026-09-23 13:27:08,SDSI492,0104,Instructor: TBA,20,20,0,2026-09-23 13:43:56,2026-09-23 13:43:56.453
2026-09-23 13:27:08,SDSI492,0105,Instructor: TBA,50,50,0,2026-09-23 13:43:56,2026-09-23 13:43:56.453
2026-09-23 13:27:08,SDSI492,0107,Instructor: TBA,25,25,0,2026-09-23 13:43:56,2026-09-23 13:43:56.453
2026-09-23 13:27:08,SDSI492,0108,Instructor: TBA,25,25,0,2026-09-23 13:43:56,2026-09-23 13:43:56.453
2026-09-23 13:27:08,SDSI492,0110,Instructor: TBA,25,25,0,2026-09-23 13:43:56,2026-09-23 13:43:56.454
2026-09-23 13:27:08,SDSI496,0101,Jacob Coutts,25,25,0,2026-09-23 13:43:56,2026-09-23 13:43:56.733
2026-09-23 13:27:08,SLLC286,0101,Andrew Schonebaum,60,60,0,2026-09-23 13:43:59,2026-09-23 13:43:59.936
2026-09-23 13:27:08,SLLC287,0101,Sean Pue,20,20,0,2026-09-23 13:44:00,2026-09-23 13:44:00.254
2026-09-23 13:27:08,SLLC305,0101,Nahal Akbari-Saneh,25,25,0,2026-09-23 13:44:00,2026-09-23 13:44:00.535
2026-09-23 13:27:08,SLLC309,0101,Ahmed Hanafy,10,10,0,2026-09-23 13:44:00,2026-09-23 13:44:00.861
2026-09-23 13:27:08,SLLC309,0102,Ahmed Hanafy,10,10,0,2026-09-23 13:44:00,2026-09-23 13:44:00.861
2026-09-23 13:27:08,SLLC309,0103,Ahmed Hanafy,10,10,0,2026-09-23 13:44:00,2026-09-23 13:44:00.862
2026-09-23 13:27:08,SLLC309,0104,Ahmed Hanafy,10,10,0,2026-09-23 13:44:00,2026-09-23 13:44:00.862
2026-09-23 13:27:08,SLLC309,0105,Ahmed Hanafy,10,10,0,2026-09-23 13:44:00,2026-09-23 13:44:00.862
2026-09-23 13:27:08,SLLC309,0106,Ahmed Hanafy,10,10,0,2026-09-23 13:44:00,2026-09-23 13:44:00.862
2026-09-23 13:27:08,SLLC309,0107,Ahmed Hanafy,10,10,0,2026-09-23 13:44:00,2026-09-23 13:44:00.862
2026-09-23 13:27:08,SLLC309,0108,Ahmed Hanafy,10,10,0,2026-09-23 13:44:00,2026-09-23 13:44:00.862
2026-09-23 13:27:08,SLLC309,0109,Ahmed Hanafy,10,10,0,2026-09-23 13:44:00,2026-09-23 13:44:00.862
2026-09-23 13:27:08,SLLC309,0110,Ahmed Hanafy,10,10,0,2026-09-23 13:44:00,2026-09-23 13:44:00.863
2026-09-23 13:27:08,SLLC309,0111,Ahmed Hanafy,10,10,0,2026-09-23 13:44:00,2026-09-23 13:44:00.863
2026-09-23 13:27:08,SLLC329,0101,Marilyn Matar,10,10,0,2026-09-23 13:44:01,2026-09-23 13:44:01.158
2026-09-23 13:27:08,SLLC329,0102,Marilyn Matar,10,10,0,2026-09-23 13:44:01,2026-09-23 13:44:01.158
2026-09-23 13:27:08,SLLC329,0103,Marilyn Matar,20,20,0,2026-09-23 13:44:01,2026-09-23 13:44:01.158
2026-09-23 13:27:08,SLLC329,0104,Marilyn Matar,10,10,0,2026-09-23 13:44:01,2026-09-23 13:44:01.159
2026-09-23 13:27:08,SLLC329,0105,Marilyn Matar,10,10,0,2026-09-23 13:44:01,2026-09-23 13:44:01.159
2026-09-23 13:27:08,SLLC329,0106,Marilyn Matar,10,10,0,2026-09-23 13:44:01,2026-09-23 13:44:01.159
2026-09-23 13:27:08,SLLC329,0107,Marilyn Matar,10,10,0,2026-09-23 13:44:01,2026-09-23 13:44:01.159
2026-09-23 13:27:08,SLLC329,0108,Marilyn Matar,10,10,0,2026-09-23 13:44:01,2026-09-23 13:44:01.159
2026-09-23 13:27:08,SLLC329,0109,Marilyn Matar,10,10,0,2026-09-23 13:44:01,2026-09-23 13:44:01.159
2026-09-23 13:27:08,SLLC329,0110,Marilyn Matar,20,20,0,2026-09-23 13:44:01,2026-09-23 13:44:01.160
2026-09-23 13:27:08,SMLP471,0101,Jennifer Hsin,60,60,0,2026-09-23 13:44:02,2026-09-23 13:44:02.667
2026-09-23 13:27:08,SMLP474,0101,Sara Herald,60,60,0,2026-09-23 13:44:02,2026-09-23 13:44:02.951
2026-09-23 13:27:08,SPHL100,0101,Shuling Wu,20,20,0,2026-09-23 13:44:35,2026-09-23 13:44:35.320
2026-09-23 13:27:08,SPHL100,0102,Shuling Wu,20,20,0,2026-09-23 13:44:35,2026-09-23 13:44:35.320
2026-09-23 13:27:08,SPHL100,0103,Shuling Wu,20,20,0,2026-09-23 13:44:35,2026-09-23 13:44:35.321
2026-09-23 13:27:08,SPHL100,0104,Shuling Wu,20,20,0,2026-09-23 13:44:35,2026-09-23 13:44:35.321
2026-09-23 13:27:08,SPHL100,0105,Shuling Wu,20,20,0,2026-09-23 13:44:35,2026-09-23 13:44:35.321
2026-09-23 13:27:08,SPHL100,0106,Shuling Wu,20,20,0,2026-09-23 13:44:35,2026-09-23 13:44:35.321
2026-09-23 13:27:08,SPHL100,0107,Shuling Wu,20,20,0,2026-09-23 13:44:35,2026-09-23 13:44:35.321
2026-09-23 13:27:08,SPHL100,0108,Shuling Wu,20,20,0,2026-09-23 13:44:35,2026-09-23 13:44:35.321
2026-09-23 13:27:08,SPHL100,0109,Shuling Wu,20,20,0,2026-09-23 13:44:35,2026-09-23 13:44:35.322
2026-09-23 13:27:08,SPHL100,0110,Shuling Wu,20,20,0,2026-09-23 13:44:35,2026-09-23 13:44:35.322
2026-09-23 13:27:08,SPHL100,0201,Shuling Wu,20,20,0,2026-09-23 13:44:35,2026-09-23 13:44:35.322
2026-09-23 13:27:08,SPHL100,0202,Shuling Wu,20,20,0,2026-09-23 13:44:35,2026-09-23 13:44:35.322
2026-09-23 13:27:08,SPHL100,0203,Shuling Wu,20,20,0,2026-09-23 13:44:35,2026-09-23 13:44:35.322
2026-09-23 13:27:08,SPHL100,0204,Shuling Wu,20,20,0,2026-09-23 13:44:35,2026-09-23 13:44:35.322
2026-09-23 13:27:08,SPHL100,0205,Shuling Wu,20,20,0,2026-09-23 13:44:35,2026-09-23 13:44:35.323
2026-09-23 13:27:08,SPHL100,0206,Shuling Wu,20,20,0,2026-09-23 13:44:35,2026-09-23 13:44:35.323
2026-09-23 13:27:08,SPHL100,0207,Shuling Wu,20,20,0,2026-09-23 13:44:35,2026-09-23 13:44:35.323
2026-09-23 13:27:08,SPHL100,0208,Shuling Wu,20,20,0,2026-09-23 13:44:35,2026-09-23 13:44:35.323
2026-09-23 13:27:08,SPHL246,0101,April Khaing,20,20,0,2026-09-23 13:44:35,2026-09-23 13:44:35.585
2026-09-23 13:27:08,SPHL276,0101,Dina Borzekowski,25,25,0,2026-09-23 13:44:35,2026-09-23 13:44:35.828
2026-09-23 13:27:08,SPHL321,0101,Sylvette La Touche-Howard,15,15,0,2026-09-23 13:44:36,2026-09-23 13:44:36.114
2026-09-23 13:27:08,SPHL333,0101,Cynthia Kershaw,75,75,0,2026-09-23 13:44:36,2026-09-23 13:44:36.395
2026-09-23 13:27:08,SPHL478,0101,Tracy Zeeger,10,10,0,2026-09-23 13:44:36,2026-09-23 13:44:36.945
2026-09-23 13:27:08,SPHL600,0101,Sylvette La Touche-Howard,8,8,0,2026-09-23 13:44:37,2026-09-23 13:44:37.232
2026-09-23 13:27:08,SPHL610,0101,Danielle Catona,22,22,0,2026-09-23 13:44:37,2026-09-23 13:44:37.514
2026-09-23 13:27:08,SPHL610,0102,Danielle Catona,22,22,0,2026-09-23 13:44:37,2026-09-23 13:44:37.514
2026-09-23 13:27:08,SPHL610,0103,Danielle Catona,22,22,0,2026-09-23 13:44:37,2026-09-23 13:44:37.514
2026-09-23 13:27:08,SPHL610,PLB1,Priscilla Novak,20,20,0,2026-09-23 13:44:37,2026-09-23 13:44:37.514
2026-09-23 13:27:08,SPHL610,PLH1,Priscilla Novak,28,28,0,2026-09-23 13:44:37,2026-09-23 13:44:37.515
2026-09-23 13:27:08,SPHL610,PLK1,Priscilla Novak,5,5,0,2026-09-23 13:44:37,2026-09-23 13:44:37.515
2026-09-23 13:27:08,SPHL611,0101,Danielle Catona,45,45,0,2026-09-23 13:44:37,2026-09-23 13:44:37.789
2026-09-23 13:27:08,SPHL611,0201,Danielle Catona,45,45,0,2026-09-23 13:44:37,2026-09-23 13:44:37.790
2026-09-23 13:27:08,SPHL611,PLB1,Evelyn King-Marshall,20,20,0,2026-09-23 13:44:37,2026-09-23 13:44:37.790
2026-09-23 13:27:08,SPHL611,PLH1,Evelyn King-Marshall,28,28,0,2026-09-23 13:44:37,2026-09-23 13:44:37.790
2026-09-23 13:27:08,SPHL611,PLK1,Evelyn King-Marshall,5,5,0,2026-09-23 13:44:37,2026-09-23 13:44:37.790
2026-09-23 13:27:08,SPHL612,0101,James Hagberg,15,15,0,2026-09-23 13:44:38,2026-09-23 13:44:38.049
2026-09-23 13:27:08,TLTC310,0101,Sarah Kistner,20,20,0,2026-09-23 13:45:09,2026-09-23 13:45:09.528
2026-09-23 13:27:08,TLTC333,0101,Mona Thompson,55,55,0,2026-09-23 13:45:09,2026-09-23 13:45:09.807
2026-09-23 13:27:08,TLTC333,0102,Mona Thompson,55,55,0,2026-09-23 13:45:09,2026-09-23 13:45:09.807
2026-09-23 13:27:08,TLTC333,0105,Mona Thompson,55,55,0,2026-09-23 13:45:09,2026-09-23 13:45:09.807
2026-09-23 13:27:08,URSP372,0101,Priscila Alves,20,20,0,2026-09-23 13:45:17,2026-09-23 13:45:17.562
2026-09-23 13:27:08,URSP600,0101,Kevin Nelson,25,25,0,2026-09-23 13:45:17,2026-09-23 13:45:17.839
2026-09-23 13:27:08,URSP603,0101,Dawn Jourdan,33,33,0,2026-09-23 13:45:18,2026-09-23 13:45:18.101
2026-09-23 13:27:08,URSP606,0101,Chengri Ding,15,15,0,2026-09-23 13:45:18,2026-09-23 13:45:18.414
2026-09-23 13:27:08,URSP631,0101,Hiroyuki Iseki,15,15,0,2026-09-23 13:45:18,2026-09-23 13:45:18.707
2026-09-23 13:27:08,URSP668B,0101,Eric Burnstein,20,20,0,2026-09-23 13:45:18,2026-09-23 13:45:18.969
2026-09-23 13:27:08,URSP673,0101,Riem ElZoghbi,25,25,0,2026-09-23 13:45:19,2026-09-23 13:45:19.246
2026-09-23 13:27:08,URSP688M,0101,Andrew Bernish,20,20,0,2026-09-23 13:45:19,2026-09-23 13:45:19.503
2026-09-23 13:27:08,URSP688P,0101,Sonja Ewing,15,15,0,2026-09-23 13:45:19,2026-09-23 13:45:19.774
2026-09-23 13:27:08,URSP688Y,0101,Chester Harvey,30,30,0,2026-09-23 13:45:20,2026-09-23 13:45:20.029
2026-09-23 13:27:08,URSP708,0101,Nicholas Finio,10,10,0,2026-09-23 13:45:20,2026-09-23 13:45:20.357
2026-09-23 13:27:08,URSP709,0101,Casey Dawkins,10,10,0,2026-09-23 13:45:20,2026-09-23 13:45:20.666
2026-09-23 13:27:08,URSP805,0101,Casey Dawkins,15,15,0,2026-09-23 13:45:21,2026-09-23 13:45:21.745
2026-09-23 13:27:08,USLT202,0101,Robert Chester,26,26,0,2026-09-23 13:45:23,2026-09-23 13:45:23.807
2026-09-23 13:27:08,USLT403,0101,Perla Guerrero,20,20,0,2026-09-23 13:45:24,2026-09-23 13:45:24.090
2026-09-23 13:27:08,USLT420,0101,Robert Chester,27,27,0,2026-09-23 13:45:24,2026-09-23 13:45:24.342
2026-09-23 13:27:08,USLT488,0101,Nancy Mirabal,30,30,0,2026-09-23 13:45:24,2026-09-23 13:45:24.627
2026-09-23 13:27:08,USLT498L,0101,Fernando Rios,12,12,0,2026-09-23 13:45:24,2026-09-23 13:45:24.937
2026-09-23 13:27:08,VIPS208,0102,Ken Kiger,10,10,0,2026-09-23 13:45:26,2026-09-23 13:45:26.420
2026-09-23 13:27:08,VIPS208,0103,Bryan Quinn,10,10,0,2026-09-23 13:45:26,2026-09-23 13:45:26.420
2026-09-23 13:27:08,VIPS208,0104,Ryan Sochol,10,10,0,2026-09-23 13:45:26,2026-09-23 13:45:26.420
2026-09-23 13:27:08,VIPS208,0105,Molly Carton,10,10,0,2026-09-23 13:45:26,2026-09-23 13:45:26.421
2026-09-23 13:27:08,VIPS208,0106,James Baeder,11,11,0,2026-09-23 13:45:26,2026-09-23 13:45:26.421
2026-09-23 13:27:08,VIPS208,0107,Catherine Spirito,10,10,0,2026-09-23 13:45:26,2026-09-23 13:45:26.421
2026-09-23 13:27:08,VIPS208,0108,Ronald Yaros,10,10,0,2026-09-23 13:45:26,2026-09-23 13:45:26.421
2026-09-23 13:27:08,VIPS208,0109,Carinna Ferguson,10,10,0,2026-09-23 13:45:26,2026-09-23 13:45:26.421
2026-09-23 13:27:08,VIPS208,0110,Tracy Riggins,10,10,0,2026-09-23 13:45:26,2026-09-23 13:45:26.421
2026-09-23 13:27:08,VIPS208,0111,Kevin Calabro,10,10,0,2026-09-23 13:45:26,2026-09-23 13:45:26.422
2026-09-23 13:27:08,VIPS208,0112,Raffaele Viglianti,10,10,0,2026-09-23 13:45:26,2026-09-23 13:45:26.422
2026-09-23 13:27:08,VIPS208,0113,Shabnam Jabeen,10,10,0,2026-09-23 13:45:26,2026-09-23 13:45:26.422
2026-09-23 13:27:08,VIPS208,0114,Ning Zeng,10,10,0,2026-09-23 13:45:26,2026-09-23 13:45:26.422
2026-09-23 13:27:08,VIPS208,0115,Veronica Kang,10,10,0,2026-09-23 13:45:26,2026-09-23 13:45:26.422
2026-09-23 13:27:08,VIPS208,0116,David Stewart,10,10,0,2026-09-23 13:45:26,2026-09-23 13:45:26.422
2026-09-23 13:27:08,VIPS208,0117,Meredith Epstein,10,10,0,2026-09-23 13:45:26,2026-09-23 13:45:26.423
2026-09-23 13:27:08,VIPS208,0118,Magaly Toro Ibaceta,10,10,0,2026-09-23 13:45:26,2026-09-23 13:45:26.423
2026-09-23 13:27:08,VIPS208,0120,Marisa Parham,10,10,0,2026-09-23 13:45:26,2026-09-23 13:45:26.423
2026-09-23 13:27:08,VIPS208,0121,Becky Epanchin-Niell,10,10,0,2026-09-23 13:45:26,2026-09-23 13:45:26.423
2026-09-23 13:27:08,VIPS208,0122,Timothy Reedy,10,10,0,2026-09-23 13:45:26,2026-09-23 13:45:26.423
2026-09-23 13:27:08,VIPS208,0123,Lingnan Lin,10,10,0,2026-09-23 13:45:26,2026-09-23 13:45:26.423
2026-09-23 13:27:08,VIPS208,0124,Jeffrey Moro,10,10,0,2026-09-23 13:45:26,2026-09-23 13:45:26.424
2026-09-23 13:27:08,VIPS208,0125,Peter Sunderland,10,10,0,2026-09-23 13:45:26,2026-09-23 13:45:26.424
2026-09-23 13:27:08,VIPS208,0126,Brienna Anderson,10,10,0,2026-09-23 13:45:26,2026-09-23 13:45:26.424
2026-09-23 13:27:08,VIPS308,0102,Ken Kiger,10,10,0,2026-09-23 13:45:26,2026-09-23 13:45:26.702
2026-09-23 13:27:08,VIPS308,0103,Bryan Quinn,13,13,0,2026-09-23 13:45:26,2026-09-23 13:45:26.702
2026-09-23 13:27:08,VIPS308,0104,Ryan Sochol,10,10,0,2026-09-23 13:45:26,2026-09-23 13:45:26.702
2026-09-23 13:27:08,VIPS308,0105,Molly Carton,10,10,0,2026-09-23 13:45:26,2026-09-23 13:45:26.702
2026-09-23 13:27:08,VIPS308,0106,James Baeder,10,10,0,2026-09-23 13:45:26,2026-09-23 13:45:26.702
2026-09-23 13:27:08,VIPS308,0107,Catherine Spirito,10,10,0,2026-09-23 13:45:26,2026-09-23 13:45:26.703
2026-09-23 13:27:08,VIPS308,0108,Ronald Yaros,10,10,0,2026-09-23 13:45:26,2026-09-23 13:45:26.703
2026-09-23 13:27:08,VIPS308,0109,Carinna Ferguson,10,10,0,2026-09-23 13:45:26,2026-09-23 13:45:26.703
2026-09-23 13:27:08,VIPS308,0110,Tracy Riggins,10,10,0,2026-09-23 13:45:26,2026-09-23 13:45:26.703
2026-09-23 13:27:08,VIPS308,0111,Kevin Calabro,10,10,0,2026-09-23 13:45:26,2026-09-23 13:45:26.703
2026-09-23 13:27:08,VIPS308,0112,Raffaele Viglianti,10,10,0,2026-09-23 13:45:26,2026-09-23 13:45:26.703
2026-09-23 13:27:08,VIPS308,0113,Shabnam Jabeen,10,10,0,2026-09-23 13:45:26,2026-09-23 13:45:26.703
2026-09-23 13:27:08,VIPS308,0114,Ning Zeng,10,10,0,2026-09-23 13:45:26,2026-09-23 13:45:26.704
2026-09-23 13:27:08,VIPS308,0115,Veronica Kang,10,10,0,2026-09-23 13:45:26,2026-09-23 13:45:26.704
2026-09-23 13:27:08,VIPS308,0116,David Stewart,10,10,0,2026-09-23 13:45:26,2026-09-23 13:45:26.704
2026-09-23 13:27:08,VIPS308,0117,Meredith Epstein,10,10,0,2026-09-23 13:45:26,2026-09-23 13:45:26.704
2026-09-23 13:27:08,VIPS308,0118,Magaly Toro Ibaceta,10,10,0,2026-09-23 13:45:26,2026-09-23 13:45:26.704
2026-09-23 13:27:08,VIPS308,0120,Marisa Parham,10,10,0,2026-09-23 13:45:26,2026-09-23 13:45:26.704
2026-09-23 13:27:08,VIPS308,0121,Becky Epanchin-Niell,10,10,0,2026-09-23 13:45:26,2026-09-23 13:45:26.705
2026-09-23 13:27:08,VIPS308,0122,Timothy Reedy,10,10,0,2026-09-23 13:45:26,2026-09-23 13:45:26.705
2026-09-23 13:27:08,VIPS308,0123,Lingnan Lin,10,10,0,2026-09-23 13:45:26,2026-09-23 13:45:26.705
2026-09-23 13:27:08,VIPS308,0124,Jeffrey Moro,10,10,0,2026-09-23 13:45:26,2026-09-23 13:45:26.705
2026-09-23 13:27:08,VIPS308,0125,Peter Sunderland,10,10,0,2026-09-23 13:45:26,2026-09-23 13:45:26.705
2026-09-23 13:27:08,VIPS308,0126,Brienna Anderson,10,10,0,2026-09-23 13:45:26,2026-09-23 13:45:26.705
2026-09-23 13:27:08,VIPS408,0102,Ken Kiger,10,10,0,2026-09-23 13:45:26,2026-09-23 13:45:27.023
2026-09-23 13:27:08,VIPS408,0103,Bryan Quinn,10,10,0,2026-09-23 13:45:26,2026-09-23 13:45:27.023
2026-09-23 13:27:08,VIPS408,0104,Ryan Sochol,10,10,0,2026-09-23 13:45:26,2026-09-23 13:45:27.023
2026-09-23 13:27:08,VIPS408,0105,Molly Carton,10,10,0,2026-09-23 13:45:26,2026-09-23 13:45:27.023
2026-09-23 13:27:08,VIPS408,0106,James Baeder,10,10,0,2026-09-23 13:45:26,2026-09-23 13:45:27.023
2026-09-23 13:27:08,VIPS408,0107,Catherine Spirito,10,10,0,2026-09-23 13:45:26,2026-09-23 13:45:27.023
2026-09-23 13:27:08,VIPS408,0108,Ronald Yaros,10,10,0,2026-09-23 13:45:26,2026-09-23 13:45:27.024
2026-09-23 13:27:08,VIPS408,0109,Carinna Ferguson,10,10,0,2026-09-23 13:45:26,2026-09-23 13:45:27.024
2026-09-23 13:27:08,VIPS408,0110,Tracy Riggins,10,10,0,2026-09-23 13:45:26,2026-09-23 13:45:27.024
2026-09-23 13:27:08,VIPS408,0111,Kevin Calabro,10,10,0,2026-09-23 13:45:26,2026-09-23 13:45:27.024
2026-09-23 13:27:08,VIPS408,0112,Raffaele Viglianti,10,10,0,2026-09-23 13:45:26,2026-09-23 13:45:27.024
2026-09-23 13:27:08,VIPS408,0113,Shabnam Jabeen,10,10,0,2026-09-23 13:45:26,2026-09-23 13:45:27.024
2026-09-23 13:27:08,VIPS408,0114,Ning Zeng,10,10,0,2026-09-23 13:45:26,2026-09-23 13:45:27.025
2026-09-23 13:27:08,VIPS408,0115,Veronica Kang,10,10,0,2026-09-23 13:45:26,2026-09-23 13:45:27.025
2026-09-23 13:27:08,VIPS408,0116,David Stewart,10,10,0,2026-09-23 13:45:26,2026-09-23 13:45:27.025
2026-09-23 13:27:08,VIPS408,0117,Meredith Epstein,10,10,0,2026-09-23 13:45:26,2026-09-23 13:45:27.025
2026-09-23 13:27:08,VIPS408,0118,Magaly Toro Ibaceta,10,10,0,2026-09-23 13:45:26,2026-09-23 13:45:27.025
2026-09-23 13:27:08,VIPS408,0120,Marisa Parham,10,10,0,2026-09-23 13:45:26,2026-09-23 13:45:27.025
2026-09-23 13:27:08,VIPS408,0121,Becky Epanchin-Niell,10,10,0,2026-09-23 13:45:26,2026-09-23 13:45:27.025
2026-09-23 13:27:08,VIPS408,0122,Timothy Reedy,10,10,0,2026-09-23 13:45:26,2026-09-23 13:45:27.026
2026-09-23 13:27:08,VIPS408,0123,Lingnan Lin,10,10,0,2026-09-23 13:45:26,2026-09-23 13:45:27.026
2026-09-23 13:27:08,VIPS408,0124,Jeffrey Moro,10,10,0,2026-09-23 13:45:26,2026-09-23 13:45:27.026
2026-09-23 13:27:08,VIPS408,0125,Peter Sunderland,10,10,0,2026-09-23 13:45:26,2026-09-23 13:45:27.026
2026-09-23 13:27:08,VIPS408,0126,Brienna Anderson,10,10,0,2026-09-23 13:45:26,2026-09-23 13:45:27.026
2026-09-23 13:27:08,WEID139N,0101,Denise Joseph,60,60,0,2026-09-23 13:45:30,2026-09-23 13:45:30.165
2026-09-23 13:27:08,WEID139T,0201,Taylor Togafau-Lewis,45,45,0,2026-09-23 13:45:30,2026-09-23 13:45:30.432
2026-09-23 13:27:08,WGSS105,0101,Jessica Mathiason,30,30,0,2026-09-23 13:45:32,2026-09-23 13:45:32.094
2026-09-23 13:27:08,WGSS105,0102,Jessica Mathiason,30,30,0,2026-09-23 13:45:32,2026-09-23 13:45:32.094
2026-09-23 13:27:08,WGSS105,0103,Jessica Mathiason,30,30,0,2026-09-23 13:45:32,2026-09-23 13:45:32.094
2026-09-23 13:27:08,WGSS105,0104,Jessica Mathiason,30,30,0,2026-09-23 13:45:32,2026-09-23 13:45:32.094
2026-09-23 13:27:08,WGSS115,0101,Alexis Lothian,25,25,0,2026-09-23 13:45:32,2026-09-23 13:45:32.390
2026-09-23 13:27:08,WGSS115,0102,Alexis Lothian,25,25,0,2026-09-23 13:45:32,2026-09-23 13:45:32.390
2026-09-23 13:27:08,WGSS201,0101,Sayan Bhattacharya,25,25,0,2026-09-23 13:45:32,2026-09-23 13:45:32.735
2026-09-23 13:27:08,WGSS201,0102,Sayan Bhattacharya,25,25,0,2026-09-23 13:45:32,2026-09-23 13:45:32.735
2026-09-23 13:27:08,WGSS205,0101,Shelbi Meissner,21,21,0,2026-09-23 13:45:32,2026-09-23 13:45:32.989
2026-09-23 13:27:08,WGSS205,0201,Shelbi Meissner,21,21,0,2026-09-23 13:45:32,2026-09-23 13:45:32.989
2026-09-23 13:27:08,WGSS230,0101,Daniel Richter,20,20,0,2026-09-23 13:45:33,2026-09-23 13:45:33.273
2026-09-23 13:27:08,WGSS250,0101,Lidia Garcia Berrelleza,25,25,0,2026-09-23 13:45:33,2026-09-23 13:45:33.515
2026-09-23 13:27:08,WGSS250,0201,Shameem Razack,25,25,0,2026-09-23 13:45:33,2026-09-23 13:45:33.515
2026-09-23 13:27:08,WGSS255,0101,Instructor: TBA,30,30,0,2026-09-23 13:45:33,2026-09-23 13:45:33.772
2026-09-23 13:27:08,WGSS265,0101,Ashley Newby,40,40,0,2026-09-23 13:45:34,2026-09-23 13:45:34.052
2026-09-23 13:27:08,WGSS275,0101,Instructor: TBA,30,30,0,2026-09-23 13:45:34,2026-09-23 13:45:34.325
2026-09-23 13:27:08,WGSS280,0101,Jessica Mathiason,52,52,0,2026-09-23 13:45:34,2026-09-23 13:45:34.583
2026-09-23 13:27:08,WGSS290,0101,Jessica Mathiason,30,30,0,2026-09-23 13:45:34,2026-09-23 13:45:34.829
2026-09-23 13:27:08,WGSS290,0201,Sydney Lewis,31,31,0,2026-09-23 13:45:34,2026-09-23 13:45:34.829
2026-09-23 13:27:08,WGSS298C,0101,Will Mosley,35,35,0,2026-09-23 13:45:35,2026-09-23 13:45:35.108
2026-09-23 13:27:08,WGSS298S,0101,Jordan Keesler,25,25,0,2026-09-23 13:45:35,2026-09-23 13:45:35.388
2026-09-23 13:27:08,WGSS302,0101,Will Mosley,25,25,0,2026-09-23 13:45:35,2026-09-23 13:45:35.652
2026-09-23 13:27:08,WGSS306,0101,Sydney Lewis,30,30,0,2026-09-23 13:45:35,2026-09-23 13:45:35.906
2026-09-23 13:27:08,WGSS310,0101,Sayan Bhattacharya,25,25,0,2026-09-23 13:45:36,2026-09-23 13:45:36.186
2026-09-23 13:27:08,WGSS319F,0101,Alexis Lothian,30,30,0,2026-09-23 13:45:36,2026-09-23 13:45:36.494
2026-09-23 13:27:08,WGSS379U,0101,John Drabinski,25,25,0,2026-09-23 13:45:36,2026-09-23 13:45:36.774
2026-09-23 13:27:08,WGSS422,0101,Jennifer Cho,18,18,0,2026-09-23 13:45:37,2026-09-23 13:45:37.040
2026-09-23 13:27:08,WGSS471,0101,Instructor: TBA,25,25,0,2026-09-23 13:45:37,2026-09-23 13:45:37.340
2026-09-23 13:27:08,WGSS471,0201,Instructor: TBA,45,45,0,2026-09-23 13:45:37,2026-09-23 13:45:37.341
2026-09-23 13:27:08,WGSS475,0101,Sydney Lewis,20,20,0,2026-09-23 13:45:37,2026-09-23 13:45:37.603
2026-09-23 13:27:08,WGSS487,0101,Eva Hageman,15,15,0,2026-09-23 13:45:37,2026-09-23 13:45:37.907
2026-09-23 13:27:08,WGSS487H,0101,Eva Hageman,5,5,0,2026-09-23 13:45:38,2026-09-23 13:45:38.184
2026-09-23 13:27:08,WGSS602,0101,Shelbi Meissner,12,12,0,2026-09-23 13:45:39,2026-09-23 13:45:39.237
2026-09-23 13:27:08,WGSS708,0101,Alexis Lothian,10,10,0,2026-09-23 13:45:40,2026-09-23 13:45:40.018
2026-09-23 13:27:08,XPER455,0101,TJ Rainsford,25,25,0,2026-09-23 13:45:42,2026-09-23 13:45:42.323
2026-09-23 16:40:27,AAAS100,0101,Shane Walsh,35,35,0,2026-09-23 16:40:29,2026-09-23 16:40:29.630
2026-09-23 16:40:27,AAAS100,0201,Shane Walsh,35,35,0,2026-09-23 16:40:29,2026-09-23 16:40:29.631
2026-09-23 16:40:27,AAAS100,0301,George Kintiba,30,30,0,2026-09-23 16:40:29,2026-09-23 16:40:29.631
2026-09-23 16:40:27,AAAS100,0401,Beka Guluma,35,35,0,2026-09-23 16:40:29,2026-09-23 16:40:29.631
2026-09-23 16:40:27,AAAS100,0501,Jason Nichols,33,33,0,2026-09-23 16:40:29,2026-09-23 16:40:29.631
2026-09-23 16:40:27,AAAS100,0601,Jason Nichols,35,35,0,2026-09-23 16:40:29,2026-09-23 16:40:29.631
2026-09-23 16:40:27,AAAS100H,0301,George Kintiba,5,5,0,2026-09-23 16:40:30,2026-09-23 16:40:30.263
2026-09-23 16:40:27,AAAS101,0101,Periloux Peay,40,40,0,2026-09-23 16:40:30,2026-09-23 16:40:30.687
2026-09-23 16:40:27,AAAS187,0101,Robert Choflet,30,30,0,2026-09-23 16:40:31,2026-09-23 16:40:31.426
2026-09-23 16:40:27,AAAS200,0101,George Kintiba,40,40,0,2026-09-23 16:40:31,2026-09-23 16:40:31.844
2026-09-23 16:40:27,AAAS202,0101,Robert Choflet,30,30,0,2026-09-23 16:40:32,2026-09-23 16:40:32.667
2026-09-23 16:40:27,AAAS202,0201,Angelica Dunbar,35,35,0,2026-09-23 16:40:32,2026-09-23 16:40:32.667
2026-09-23 16:40:27,AAAS202,0301,Angelica Dunbar,35,35,0,2026-09-23 16:40:32,2026-09-23 16:40:32.667
2026-09-23 16:40:27,AAAS202,0401,Robert Choflet,35,35,0,2026-09-23 16:40:32,2026-09-23 16:40:32.667
2026-09-23 16:40:27,AAAS202H,0101,Robert Choflet,5,5,0,2026-09-23 16:40:33,2026-09-23 16:40:33.083
2026-09-23 16:40:27,AAAS211,0101,Shane Walsh,120,120,0,2026-09-23 16:40:33,2026-09-23 16:40:33.501
2026-09-23 16:40:27,AAAS234,0101,Instructor: TBA,30,30,0,2026-09-23 16:40:34,2026-09-23 16:40:34.135
2026-09-23 16:40:27,AAAS255,0101,Leigh Soares,40,40,0,2026-09-23 16:40:34,2026-09-23 16:40:34.759
2026-09-23 16:40:27,AAAS265,0101,Ashley Newby,40,40,0,2026-09-23 16:40:35,2026-09-23 16:40:35.388
2026-09-23 16:40:27,AAAS320,0101,Cecily Jackson,25,25,0,2026-09-23 16:40:35,2026-09-23 16:40:35.803
2026-09-23 16:40:27,AAAS320,0201,Cecily Jackson,25,25,0,2026-09-23 16:40:35,2026-09-23 16:40:35.803
2026-09-23 16:40:27,AAAS386,0101,Marshal Washington,10,10,0,2026-09-23 16:40:36,2026-09-23 16:40:36.213
2026-09-23 16:40:27,AAAS398G,0101,Chinyere Osuji,20,20,0,2026-09-23 16:40:36,2026-09-23 16:40:36.623
2026-09-23 16:40:27,AAAS398U,0101,John Drabinski,25,25,0,2026-09-23 16:40:37,2026-09-23 16:40:37.054
2026-09-23 16:40:27,AAAS400,0101,George Kintiba,20,20,0,2026-09-23 16:40:37,2026-09-23 16:40:37.459
2026-09-23 16:40:27,AAAS400H,0101,George Kintiba,5,5,0,2026-09-23 16:40:37,2026-09-23 16:40:37.876
2026-09-23 16:40:27,AAAS490,0101,Paul Landau,18,18,0,2026-09-23 16:40:38,2026-09-23 16:40:38.523
2026-09-23 16:40:27,AAAS498X,0101,Terrill Taylor,40,40,0,2026-09-23 16:40:38,2026-09-23 16:40:38.939
2026-09-23 16:40:27,AAST200,0101,Jennifer Cho,34,34,0,2026-09-23 16:40:41,2026-09-23 16:40:41.686
2026-09-23 16:40:27,AAST201,0101,Madeline Hsu,40,40,0,2026-09-23 16:40:42,2026-09-23 16:40:42.126
2026-09-23 16:40:27,AAST250,0101,Jennifer Cho,30,30,0,2026-09-23 16:40:42,2026-09-23 16:40:42.859
2026-09-23 16:40:27,AAST262,0101,Derek Iwamoto,60,60,0,2026-09-23 16:40:43,2026-09-23 16:40:43.271
2026-09-23 16:40:27,AAST322,0101,Julie Park,30,30,0,2026-09-23 16:40:43,2026-09-23 16:40:43.688
2026-09-23 16:40:27,AAST350,0101,Binod Paudyal,25,25,0,2026-09-23 16:40:44,2026-09-23 16:40:44.105
2026-09-23 16:40:27,AAST351,0101,Binod Paudyal,34,34,0,2026-09-23 16:40:44,2026-09-23 16:40:44.525
2026-09-23 16:40:27,AAST363,0101,Gemirald Daus,35,35,0,2026-09-23 16:40:44,2026-09-23 16:40:44.937
2026-09-23 16:40:27,AAST378,0101,Janelle Wong,2,2,0,2026-09-23 16:40:45,2026-09-23 16:40:45.356
2026-09-23 16:40:27,AAST394,0101,Wenxi Yang,25,25,0,2026-09-23 16:40:46,2026-09-23 16:40:46.180
2026-09-23 16:40:27,AAST398A,0101,Michelle Magalong,20,20,0,2026-09-23 16:40:46,2026-09-23 16:40:46.609
2026-09-23 16:40:27,AAST398B,0101,Chris Eng,25,25,0,2026-09-23 16:40:47,2026-09-23 16:40:47.230
2026-09-23 16:40:27,AAST421,0101,Philip Nash,20,20,0,2026-09-23 16:40:47,2026-09-23 16:40:47.643
2026-09-23 16:40:27,AAST422,0101,Jennifer Cho,18,18,0,2026-09-23 16:40:48,2026-09-23 16:40:48.058
2026-09-23 16:40:27,AAST443,0101,Janelle Wong,27,27,0,2026-09-23 16:40:48,2026-09-23 16:40:48.469
2026-09-23 16:40:27,ABRM450,0101,Ashley Newby,10,10,0,2026-09-23 16:40:50,2026-09-23 16:40:50.213
2026-09-23 16:40:27,AGNR301,0101,Thomas Hilde,150,150,0,2026-09-23 16:40:51,2026-09-23 16:40:51.999
2026-09-23 16:40:27,AGNR388,0101,Instructor: TBA,20,20,0,2026-09-23 16:40:52,2026-09-23 16:40:52.413
2026-09-23 16:40:27,AIME498B,0101,Kevin McGarry,30,30,0,2026-09-23 16:40:56,2026-09-23 16:40:56.510
2026-09-23 16:40:27,ARAB101,0101,Samah Al-salami,15,15,0,2026-09-23 16:41:49,2026-09-23 16:41:49.338
2026-09-23 16:40:27,ARAB101,0201,Ahmed Hanafy,15,15,0,2026-09-23 16:41:49,2026-09-23 16:41:49.338
2026-09-23 16:40:27,ARAB102,0101,Samah Al-salami,15,15,0,2026-09-23 16:41:49,2026-09-23 16:41:49.762
2026-09-23 16:40:27,ARAB102,0201,Samah Al-salami,15,15,0,2026-09-23 16:41:49,2026-09-23 16:41:49.762
2026-09-23 16:40:27,ARAB201,0101,Lutf Alkebsi,15,15,0,2026-09-23 16:41:50,2026-09-23 16:41:50.177
2026-09-23 16:40:27,ARAB202,0101,Lutf Alkebsi,15,15,0,2026-09-23 16:41:50,2026-09-23 16:41:50.684
2026-09-23 16:40:27,ARAB202,0201,Lutf Alkebsi,15,15,0,2026-09-23 16:41:50,2026-09-23 16:41:50.685
2026-09-23 16:40:27,ARAB222,0101,Ahmed Hanafy,15,15,0,2026-09-23 16:41:51,2026-09-23 16:41:51.098
2026-09-23 16:40:27,ARAB250,0101,Anny Gaul,15,15,0,2026-09-23 16:41:51,2026-09-23 16:41:51.521
2026-09-23 16:40:27,ARAB302,0101,Ahmed Hanafy,15,15,0,2026-09-23 16:41:51,2026-09-23 16:41:51.943
2026-09-23 16:40:27,ARAB317,0101,Anny Gaul,15,15,0,2026-09-23 16:41:52,2026-09-23 16:41:52.362
2026-09-23 16:40:27,ARAB398W,0101,Lutf Alkebsi,15,15,0,2026-09-23 16:41:53,2026-09-23 16:41:53.187
2026-09-23 16:40:27,ARAB499X,0101,Samah Al-salami,15,15,0,2026-09-23 16:41:54,2026-09-23 16:41:54.023
2026-09-23 16:40:27,ARCH170,0101,Lindsey May,100,100,0,2026-09-23 16:41:56,2026-09-23 16:41:56.037
2026-09-23 16:40:27,ARCH200,0101,Michael Abrams,21,21,0,2026-09-23 16:41:56,2026-09-23 16:41:56.465
2026-09-23 16:40:27,ARCH200,0102,Michael Abrams,21,21,0,2026-09-23 16:41:56,2026-09-23 16:41:56.465
2026-09-23 16:40:27,ARCH200,0103,Michael Abrams,21,21,0,2026-09-23 16:41:56,2026-09-23 16:41:56.465
2026-09-23 16:40:27,ARCH200,0104,Michael Abrams,21,21,0,2026-09-23 16:41:56,2026-09-23 16:41:56.465
2026-09-23 16:40:27,ARCH200,0105,Michael Abrams,21,21,0,2026-09-23 16:41:56,2026-09-23 16:41:56.465
2026-09-23 16:40:27,ARCH200,0106,Michael Abrams,21,21,0,2026-09-23 16:41:56,2026-09-23 16:41:56.466
2026-09-23 16:40:27,ARCH225,0101,Joseph Williams,125,125,0,2026-09-23 16:41:56,2026-09-23 16:41:56.880
2026-09-23 16:40:27,ARCH271,0101,Wayne Ricardo Curtis,75,75,0,2026-09-23 16:41:57,2026-09-23 16:41:57.301
2026-09-23 16:40:27,ARCH271,0102,Wayne Ricardo Curtis,75,75,0,2026-09-23 16:41:57,2026-09-23 16:41:57.302
2026-09-23 16:40:27,ARCH386,0101,Kristen Stack,10,10,0,2026-09-23 16:41:57,2026-09-23 16:41:57.708
2026-09-23 16:40:27,ARCH400,0101,Kenneth Filler,75,75,0,2026-09-23 16:41:58,2026-09-23 16:41:58.123
2026-09-23 16:40:27,ARCH400,0201,Marcus Cross,60,60,0,2026-09-23 16:41:58,2026-09-23 16:41:58.123
2026-09-23 16:40:27,ARCH402,0101,Taejun James Kim,75,75,0,2026-09-23 16:41:58,2026-09-23 16:41:58.543
2026-09-23 16:40:27,ARCH405,0101,Brittany L Williams,14,14,0,2026-09-23 16:41:58,2026-09-23 16:41:58.958
2026-09-23 16:40:27,ARCH407,0101,Georgeanne Matthews,12,12,0,2026-09-23 16:41:59,2026-09-23 16:41:59.376
2026-09-23 16:40:27,ARCH408A,0101,Daniel Curry,5,5,0,2026-09-23 16:41:59,2026-09-23 16:41:59.788
2026-09-23 16:40:27,ARCH408C,0101,Edgar Alvarado,5,5,0,2026-09-23 16:42:00,2026-09-23 16:42:00.234
2026-09-23 16:40:27,ARCH418D,0101,Hooman Koliji,30,30,0,2026-09-23 16:42:00,2026-09-23 16:42:00.656
2026-09-23 16:40:27,ARCH418G,0101,Deokoh Woo,16,16,0,2026-09-23 16:42:01,2026-09-23 16:42:01.070
2026-09-23 16:40:27,ARCH418I,0101,Michael Kleiss,16,16,0,2026-09-23 16:42:01,2026-09-23 16:42:01.520
2026-09-23 16:40:27,ARCH420,0101,Caroline Hickman,30,30,0,2026-09-23 16:42:02,2026-09-23 16:42:02.014
2026-09-23 16:40:27,ARCH423,0101,Joseph Williams,30,30,0,2026-09-23 16:42:04,2026-09-23 16:42:04.129
2026-09-23 16:40:27,ARCH425,0101,Joseph Williams,10,10,0,2026-09-23 16:42:04,2026-09-23 16:42:04.549
2026-09-23 16:40:27,ARCH428F,0101,Matthew Bell,20,20,0,2026-09-23 16:42:04,2026-09-23 16:42:04.960
2026-09-23 16:40:27,ARCH428K,0101,Michele Lamprakos,26,26,0,2026-09-23 16:42:05,2026-09-23 16:42:05.408
2026-09-23 16:40:27,ARCH445,0101,Daniel Curry,15,15,0,2026-09-23 16:42:05,2026-09-23 16:42:05.835
2026-09-23 16:40:27,ARCH463,0101,Deokoh Woo,150,150,0,2026-09-23 16:42:06,2026-09-23 16:42:06.257
2026-09-23 16:40:27,ARCH465,0101,Michael Kleiss,80,80,0,2026-09-23 16:42:06,2026-09-23 16:42:06.668
2026-09-23 16:40:27,ARCH468I,0101,Hooman Koliji,26,26,0,2026-09-23 16:42:07,2026-09-23 16:42:07.084
2026-09-23 16:40:27,ARCH468P,0101,Hooman Koliji,26,26,0,2026-09-23 16:42:07,2026-09-23 16:42:07.505
2026-09-23 16:40:27,ARCH472,0101,Kiley Wilfong Cullen,24,24,0,2026-09-23 16:42:07,2026-09-23 16:42:07.922
2026-09-23 16:40:27,ARCH478L,0101,Michele Lamprakos,10,10,0,2026-09-23 16:42:08,2026-09-23 16:42:08.330
2026-09-23 16:40:27,ARCH478O,0101,Stefan Woehlke,20,20,0,2026-09-23 16:42:08,2026-09-23 16:42:08.743
2026-09-23 16:40:27,ARCH601,0101,Peter Noonan,20,20,0,2026-09-23 16:42:09,2026-09-23 16:42:09.158
2026-09-23 16:40:27,ARCH618G,0101,Deokoh Woo,4,4,0,2026-09-23 16:42:09,2026-09-23 16:42:09.573
2026-09-23 16:40:27,ARCH618I,0101,Michael Kleiss,4,4,0,2026-09-23 16:42:09,2026-09-23 16:42:09.986
2026-09-23 16:40:27,ARCH628K,0101,Michele Lamprakos,4,4,0,2026-09-23 16:42:10,2026-09-23 16:42:10.401
2026-09-23 16:40:27,ARCH635,0101,Matthew Bell,15,15,0,2026-09-23 16:42:10,2026-09-23 16:42:10.830
2026-09-23 16:40:27,ARCH654,0101,Anatole Tchikine,35,35,0,2026-09-23 16:42:11,2026-09-23 16:42:11.250
2026-09-23 16:40:27,ARCH658I,0101,Sonja Ewing,15,15,0,2026-09-23 16:42:11,2026-09-23 16:42:11.665
2026-09-23 16:40:27,ARCH668I,0101,Hooman Koliji,4,4,0,2026-09-23 16:42:12,2026-09-23 16:42:12.099
2026-09-23 16:40:27,ARCH668P,0101,Hooman Koliji,4,4,0,2026-09-23 16:42:12,2026-09-23 16:42:12.513
2026-09-23 16:40:27,ARCH678L,0101,Michele Lamprakos,10,10,0,2026-09-23 16:42:12,2026-09-23 16:42:12.925
2026-09-23 16:40:27,ARCH678O,0101,Stefan Woehlke,5,5,0,2026-09-23 16:42:13,2026-09-23 16:42:13.347
2026-09-23 16:40:27,ARCH797,0101,Hooman Koliji,15,15,0,2026-09-23 16:42:13,2026-09-23 16:42:13.773
2026-09-23 16:40:27,ARMY105,0101,Andrew Bischoff,60,60,0,2026-09-23 16:42:36,2026-09-23 16:42:36.345
2026-09-23 16:40:27,ARMY105,0102,Andrew Bischoff,60,60,0,2026-09-23 16:42:36,2026-09-23 16:42:36.345
2026-09-23 16:40:27,ARMY110,0101,Andrew Bischoff,40,40,0,2026-09-23 16:42:36,2026-09-23 16:42:36.761
2026-09-23 16:40:27,ARMY202,0102,Andrew Bischoff,60,60,0,2026-09-23 16:42:37,2026-09-23 16:42:37.174
2026-09-23 16:40:27,ARMY302,0101,Andrew Bischoff,40,40,0,2026-09-23 16:42:37,2026-09-23 16:42:37.593
2026-09-23 16:40:27,ARMY402,0101,Andrew Bischoff,30,30,0,2026-09-23 16:42:38,2026-09-23 16:42:38.030
2026-09-23 16:40:27,ARMY402,0102,Andrew Bischoff,100,100,0,2026-09-23 16:42:38,2026-09-23 16:42:38.031
2026-09-23 16:40:27,ARSC059,0101,Kathryn Love,250,250,0,2026-09-23 16:42:39,2026-09-23 16:42:39.791
2026-09-23 16:40:27,ARSC101,0101,Alan Snyder,50,50,0,2026-09-23 16:42:40,2026-09-23 16:42:40.225
2026-09-23 16:40:27,ARSC101,0102,Alan Snyder,65,65,0,2026-09-23 16:42:40,2026-09-23 16:42:40.225
2026-09-23 16:40:27,ARSC101,0103,Alan Snyder,40,40,0,2026-09-23 16:42:40,2026-09-23 16:42:40.225
2026-09-23 16:40:27,ARSC101,0104,Alan Snyder,10,10,0,2026-09-23 16:42:40,2026-09-23 16:42:40.225
2026-09-23 16:40:27,ARSC201,0101,Nathan Rabe,65,65,0,2026-09-23 16:42:40,2026-09-23 16:42:40.648
2026-09-23 16:40:27,ARSC201,0102,Kathleen West,40,40,0,2026-09-23 16:42:40,2026-09-23 16:42:40.648
2026-09-23 16:40:27,ARSC201,0103,Kathleen West,40,40,0,2026-09-23 16:42:40,2026-09-23 16:42:40.648
2026-09-23 16:40:27,ARSC301,0101,Kathryn Love,45,45,0,2026-09-23 16:42:41,2026-09-23 16:42:41.063
2026-09-23 16:40:27,ARSC301,0102,Kathryn Love,20,20,0,2026-09-23 16:42:41,2026-09-23 16:42:41.064
2026-09-23 16:40:27,ARSC401,0101,Joseph Herwatic,30,30,0,2026-09-23 16:42:41,2026-09-23 16:42:41.485
2026-09-23 16:40:27,ARSC401,0102,Joseph Herwatic,15,15,0,2026-09-23 16:42:41,2026-09-23 16:42:41.485
2026-09-23 16:40:27,BIOM301,0101,Christine Hakenkamp,28,28,0,2026-09-23 16:43:57,2026-09-23 16:43:57.413
2026-09-23 16:40:27,BIOM301,0102,Christine Hakenkamp,28,28,0,2026-09-23 16:43:57,2026-09-23 16:43:57.414
2026-09-23 16:40:27,BIOM301,0103,Christine Hakenkamp,28,28,0,2026-09-23 16:43:57,2026-09-23 16:43:57.414
2026-09-23 16:40:27,BIOM301,0104,Christine Hakenkamp,28,28,0,2026-09-23 16:43:57,2026-09-23 16:43:57.414
2026-09-23 16:40:27,BIOM301,0105,Christine Hakenkamp,28,28,0,2026-09-23 16:43:57,2026-09-23 16:43:57.414
2026-09-23 16:40:27,BIOM301,0106,Christine Hakenkamp,28,28,0,2026-09-23 16:43:57,2026-09-23 16:43:57.414
2026-09-23 16:40:27,BIOM301,0107,Christine Hakenkamp,28,28,0,2026-09-23 16:43:57,2026-09-23 16:43:57.415
2026-09-23 16:40:27,BIOM301,0201,Instructor: TBA,28,28,0,2026-09-23 16:43:57,2026-09-23 16:43:57.415
2026-09-23 16:40:27,BIOM602,0101,Jiuzhou Song,28,28,0,2026-09-23 16:43:57,2026-09-23 16:43:57.831
2026-09-23 16:40:27,BMIN210,0101,Darlene Dennison,162,162,0,2026-09-23 16:44:36,2026-09-23 16:44:36.898
2026-09-23 16:40:27,BMIN210,0201,Darlene Dennison,162,162,0,2026-09-23 16:44:36,2026-09-23 16:44:36.898
2026-09-23 16:40:27,BMIN305,0101,Tejwansh Anand,162,162,0,2026-09-23 16:44:37,2026-09-23 16:44:37.310
2026-09-23 16:40:27,BMIN345,0101,Michael Padhi,325,325,0,2026-09-23 16:44:37,2026-09-23 16:44:37.946
2026-09-23 16:40:27,BMIN355,0101,Idil Yaveroglu,162,162,0,2026-09-23 16:44:38,2026-09-23 16:44:38.362
2026-09-23 16:40:27,BMIN355,0201,Idil Yaveroglu,162,162,0,2026-09-23 16:44:38,2026-09-23 16:44:38.362
2026-09-23 16:40:27,BMIN375,0101,Leland Gardner,162,162,0,2026-09-23 16:44:38,2026-09-23 16:44:38.779
2026-09-23 16:40:27,BMIN395,0101,Nima Farshchi,162,162,0,2026-09-23 16:44:39,2026-09-23 16:44:39.195
2026-09-23 16:40:27,BMIN395,0201,Nima Farshchi,162,162,0,2026-09-23 16:44:39,2026-09-23 16:44:39.196
2026-09-23 16:40:27,BSCI103,1100,Instructor: TBA,24,24,0,2026-09-23 16:44:43,2026-09-23 16:44:43.329
2026-09-23 16:40:27,BSCI103,1101,Instructor: TBA,24,24,0,2026-09-23 16:44:43,2026-09-23 16:44:43.329
2026-09-23 16:40:27,BSCI103,1103,Instructor: TBA,24,24,0,2026-09-23 16:44:43,2026-09-23 16:44:43.330
2026-09-23 16:40:27,BSCI103,1105,Instructor: TBA,24,24,0,2026-09-23 16:44:43,2026-09-23 16:44:43.330
2026-09-23 16:40:27,BSCI103,1107,Instructor: TBA,24,24,0,2026-09-23 16:44:43,2026-09-23 16:44:43.330
2026-09-23 16:40:27,BSCI103,1108,Instructor: TBA,24,24,0,2026-09-23 16:44:43,2026-09-23 16:44:43.330
2026-09-23 16:40:27,BSCI103,1109,Instructor: TBA,24,24,0,2026-09-23 16:44:43,2026-09-23 16:44:43.330
2026-09-23 16:40:27,BSCI103,1110,Instructor: TBA,24,24,0,2026-09-23 16:44:43,2026-09-23 16:44:43.330
2026-09-23 16:40:27,BSCI103M,0101,Instructor: TBA,24,24,0,2026-09-23 16:44:43,2026-09-23 16:44:43.745
2026-09-23 16:40:27,BSCI120,0101,Dennis vanEngelsdorp,21,21,0,2026-09-23 16:44:44,2026-09-23 16:44:44.165
2026-09-23 16:40:27,BSCI120,0102,Dennis vanEngelsdorp,21,21,0,2026-09-23 16:44:44,2026-09-23 16:44:44.165
2026-09-23 16:40:27,BSCI135,1101,Edgar Moctezuma,24,24,0,2026-09-23 16:44:44,2026-09-23 16:44:44.585
2026-09-23 16:40:27,BSCI135,1102,Edgar Moctezuma,24,24,0,2026-09-23 16:44:44,2026-09-23 16:44:44.585
2026-09-23 16:40:27,BSCI135,1103,Edgar Moctezuma,24,24,0,2026-09-23 16:44:44,2026-09-23 16:44:44.585
2026-09-23 16:40:27,BSCI135,1104,Edgar Moctezuma,24,24,0,2026-09-23 16:44:44,2026-09-23 16:44:44.586
2026-09-23 16:40:27,BSCI135,1105,Edgar Moctezuma,24,24,0,2026-09-23 16:44:44,2026-09-23 16:44:44.586
2026-09-23 16:40:27,BSCI160,6101,Leo Shapiro,104,104,0,2026-09-23 16:44:45,2026-09-23 16:44:45.020
2026-09-23 16:40:27,BSCI160,6301,Chloe Garfinkel,56,56,0,2026-09-23 16:44:45,2026-09-23 16:44:45.020
2026-09-23 16:40:27,BSCI160,6601,Vadim Karatayev,88,88,0,2026-09-23 16:44:45,2026-09-23 16:44:45.020
2026-09-23 16:40:27,BSCI160,SES1,Chloe Garfinkel,15,15,0,2026-09-23 16:44:45,2026-09-23 16:44:45.020
2026-09-23 16:40:27,BSCI170,0101,Cordelia Weiss,153,153,0,2026-09-23 16:44:45,2026-09-23 16:44:45.443
2026-09-23 16:40:27,BSCI170,0201,Nicholas Fletcher,153,153,0,2026-09-23 16:44:45,2026-09-23 16:44:45.443
2026-09-23 16:40:27,BSCI170,0301,Ricardo Araneda,152,152,0,2026-09-23 16:44:45,2026-09-23 16:44:45.443
2026-09-23 16:40:27,BSCI170,0401,Swarna Mohan,153,153,0,2026-09-23 16:44:45,2026-09-23 16:44:45.443
2026-09-23 16:40:27,BSCI170,0501,Ji Young Choi,120,120,0,2026-09-23 16:44:45,2026-09-23 16:44:45.444
2026-09-23 16:40:27,BSCI170,0701,Ji Young Choi,153,153,0,2026-09-23 16:44:45,2026-09-23 16:44:45.444
2026-09-23 16:40:27,BSCI170,SES1,James Sniezek,20,20,0,2026-09-23 16:44:45,2026-09-23 16:44:45.444
2026-09-23 16:40:27,BSCI180,8105,Hans Lemke,19,19,0,2026-09-23 16:44:46,2026-09-23 16:44:46.346
2026-09-23 16:40:27,BSCI180,8106,Hans Lemke,19,19,0,2026-09-23 16:44:46,2026-09-23 16:44:46.347
2026-09-23 16:40:27,BSCI180,8107,Hans Lemke,19,19,0,2026-09-23 16:44:46,2026-09-23 16:44:46.347
2026-09-23 16:40:27,BSCI180,8108,Hans Lemke,19,19,0,2026-09-23 16:44:46,2026-09-23 16:44:46.347
2026-09-23 16:40:27,BSCI180,8109,Hans Lemke,19,19,0,2026-09-23 16:44:46,2026-09-23 16:44:46.347
2026-09-23 16:40:27,BSCI180,8110,Hans Lemke,19,19,0,2026-09-23 16:44:46,2026-09-23 16:44:46.347
2026-09-23 16:40:27,BSCI180,8111,Hans Lemke,19,19,0,2026-09-23 16:44:46,2026-09-23 16:44:46.348
2026-09-23 16:40:27,BSCI180,8112,Hans Lemke,19,19,0,2026-09-23 16:44:46,2026-09-23 16:44:46.348
2026-09-23 16:40:27,BSCI180,8113,Hans Lemke,19,19,0,2026-09-23 16:44:46,2026-09-23 16:44:46.348
2026-09-23 16:40:27,BSCI180,8114,Hans Lemke,19,19,0,2026-09-23 16:44:46,2026-09-23 16:44:46.348
2026-09-23 16:40:27,BSCI180,8201,Hans Lemke,19,19,0,2026-09-23 16:44:46,2026-09-23 16:44:46.348
2026-09-23 16:40:27,BSCI180,8202,Hans Lemke,19,19,0,2026-09-23 16:44:46,2026-09-23 16:44:46.349
2026-09-23 16:40:27,BSCI180,8205,Hans Lemke,19,19,0,2026-09-23 16:44:46,2026-09-23 16:44:46.349
2026-09-23 16:40:27,BSCI180,8206,Hans Lemke,19,19,0,2026-09-23 16:44:46,2026-09-23 16:44:46.349
2026-09-23 16:40:27,BSCI180,8207,Hans Lemke,19,19,0,2026-09-23 16:44:46,2026-09-23 16:44:46.349
2026-09-23 16:40:27,BSCI180,8208,Hans Lemke,19,19,0,2026-09-23 16:44:46,2026-09-23 16:44:46.349
2026-09-23 16:40:27,BSCI180,8209,Hans Lemke,19,19,0,2026-09-23 16:44:46,2026-09-23 16:44:46.349
2026-09-23 16:40:27,BSCI180,8210,Hans Lemke,19,19,0,2026-09-23 16:44:46,2026-09-23 16:44:46.350
2026-09-23 16:40:27,BSCI180,8211,Hans Lemke,19,19,0,2026-09-23 16:44:46,2026-09-23 16:44:46.350
2026-09-23 16:40:27,BSCI180,8212,Hans Lemke,19,19,0,2026-09-23 16:44:46,2026-09-23 16:44:46.350
2026-09-23 16:40:27,BSCI180,8213,Hans Lemke,19,19,0,2026-09-23 16:44:46,2026-09-23 16:44:46.350
2026-09-23 16:40:27,BSCI180,8214,Hans Lemke,19,19,0,2026-09-23 16:44:46,2026-09-23 16:44:46.350
2026-09-23 16:40:27,BSCI180,8301,Hans Lemke,19,19,0,2026-09-23 16:44:46,2026-09-23 16:44:46.351
2026-09-23 16:40:27,BSCI180,8302,Hans Lemke,19,19,0,2026-09-23 16:44:46,2026-09-23 16:44:46.351
2026-09-23 16:40:27,BSCI180,8305,Hans Lemke,19,19,0,2026-09-23 16:44:46,2026-09-23 16:44:46.351
2026-09-23 16:40:27,BSCI180,8306,Hans Lemke,19,19,0,2026-09-23 16:44:46,2026-09-23 16:44:46.351
2026-09-23 16:40:27,BSCI180,8307,Hans Lemke,19,19,0,2026-09-23 16:44:46,2026-09-23 16:44:46.351
2026-09-23 16:40:27,BSCI180,8308,Hans Lemke,19,19,0,2026-09-23 16:44:46,2026-09-23 16:44:46.352
2026-09-23 16:40:27,BSCI180,8309,Hans Lemke,19,19,0,2026-09-23 16:44:46,2026-09-23 16:44:46.352
2026-09-23 16:40:27,BSCI180,8310,Hans Lemke,19,19,0,2026-09-23 16:44:46,2026-09-23 16:44:46.352
2026-09-23 16:40:27,BSCI180,8311,Hans Lemke,19,19,0,2026-09-23 16:44:46,2026-09-23 16:44:46.352
2026-09-23 16:40:27,BSCI180,8312,Hans Lemke,19,19,0,2026-09-23 16:44:46,2026-09-23 16:44:46.352
2026-09-23 16:40:27,BSCI180,8313,Hans Lemke,19,19,0,2026-09-23 16:44:46,2026-09-23 16:44:46.353
2026-09-23 16:40:27,BSCI180,8314,Hans Lemke,19,19,0,2026-09-23 16:44:46,2026-09-23 16:44:46.353
2026-09-23 16:40:27,BSCI180,8401,Hans Lemke,19,19,0,2026-09-23 16:44:46,2026-09-23 16:44:46.353
2026-09-23 16:40:27,BSCI180,8402,Hans Lemke,19,19,0,2026-09-23 16:44:46,2026-09-23 16:44:46.353
2026-09-23 16:40:27,BSCI180,8405,Hans Lemke,19,19,0,2026-09-23 16:44:46,2026-09-23 16:44:46.353
2026-09-23 16:40:27,BSCI180,8406,Hans Lemke,19,19,0,2026-09-23 16:44:46,2026-09-23 16:44:46.353
2026-09-23 16:40:27,BSCI180,8407,Hans Lemke,19,19,0,2026-09-23 16:44:46,2026-09-23 16:44:46.354
2026-09-23 16:40:27,BSCI180,8408,Hans Lemke,19,19,0,2026-09-23 16:44:46,2026-09-23 16:44:46.354
2026-09-23 16:40:27,BSCI180,8409,Hans Lemke,19,19,0,2026-09-23 16:44:46,2026-09-23 16:44:46.354
2026-09-23 16:40:27,BSCI180,8410,Hans Lemke,19,19,0,2026-09-23 16:44:46,2026-09-23 16:44:46.354
2026-09-23 16:40:27,BSCI180,8411,Hans Lemke,19,19,0,2026-09-23 16:44:46,2026-09-23 16:44:46.354
2026-09-23 16:40:27,BSCI180,8412,Hans Lemke,19,19,0,2026-09-23 16:44:46,2026-09-23 16:44:46.355
2026-09-23 16:40:27,BSCI180,8413,Hans Lemke,19,19,0,2026-09-23 16:44:46,2026-09-23 16:44:46.355
2026-09-23 16:40:27,BSCI180,8414,Hans Lemke,19,19,0,2026-09-23 16:44:46,2026-09-23 16:44:46.355
2026-09-23 16:40:27,BSCI180,SEF2,Hans Lemke,19,19,0,2026-09-23 16:44:46,2026-09-23 16:44:46.355
2026-09-23 16:40:27,BSCI180,SES1,Hans Lemke,19,19,0,2026-09-23 16:44:46,2026-09-23 16:44:46.355
2026-09-23 16:40:27,BSCI201,0101,Caitlin Fox,24,24,0,2026-09-23 16:44:46,2026-09-23 16:44:46.816
2026-09-23 16:40:27,BSCI201,0103,Caitlin Fox,24,24,0,2026-09-23 16:44:46,2026-09-23 16:44:46.817
2026-09-23 16:40:27,BSCI201,0105,Caitlin Fox,24,24,0,2026-09-23 16:44:46,2026-09-23 16:44:46.817
2026-09-23 16:40:27,BSCI201,0106,Caitlin Fox,24,24,0,2026-09-23 16:44:46,2026-09-23 16:44:46.817
2026-09-23 16:40:27,BSCI201,0107,Caitlin Fox,24,24,0,2026-09-23 16:44:46,2026-09-23 16:44:46.817
2026-09-23 16:40:27,BSCI201,0109,Maira Goytia,24,24,0,2026-09-23 16:44:46,2026-09-23 16:44:46.817
2026-09-23 16:40:27,BSCI201,0110,Caitlin Fox,24,24,0,2026-09-23 16:44:46,2026-09-23 16:44:46.817
2026-09-23 16:40:27,BSCI201,0111,Caitlin Fox,24,24,0,2026-09-23 16:44:46,2026-09-23 16:44:46.818
2026-09-23 16:40:27,BSCI201,1101,Justicia Opoku-Edusei,24,24,0,2026-09-23 16:44:46,2026-09-23 16:44:46.818
2026-09-23 16:40:27,BSCI201,1103,Justicia Opoku-Edusei,24,24,0,2026-09-23 16:44:46,2026-09-23 16:44:46.818
2026-09-23 16:40:27,BSCI201,1104,Justicia Opoku-Edusei,24,24,0,2026-09-23 16:44:46,2026-09-23 16:44:46.818
2026-09-23 16:40:27,BSCI201,1105,Caitlin Fox,24,24,0,2026-09-23 16:44:46,2026-09-23 16:44:46.818
2026-09-23 16:40:27,BSCI201,1106,Caitlin Fox,24,24,0,2026-09-23 16:44:46,2026-09-23 16:44:46.819
2026-09-23 16:40:27,BSCI201,1108,Caitlin Fox,24,24,0,2026-09-23 16:44:46,2026-09-23 16:44:46.819
2026-09-23 16:40:27,BSCI201,1109,Justicia Opoku-Edusei,24,24,0,2026-09-23 16:44:46,2026-09-23 16:44:46.819
2026-09-23 16:40:27,BSCI201,1110,Justicia Opoku-Edusei,24,24,0,2026-09-23 16:44:46,2026-09-23 16:44:46.819
2026-09-23 16:40:27,BSCI202,0101,Caitlin Fox,24,24,0,2026-09-23 16:44:47,2026-09-23 16:44:47.478
2026-09-23 16:40:27,BSCI202,0102,Caitlin Fox,24,24,0,2026-09-23 16:44:47,2026-09-23 16:44:47.478
2026-09-23 16:40:27,BSCI202,0104,Caitlin Fox,24,24,0,2026-09-23 16:44:47,2026-09-23 16:44:47.478
2026-09-23 16:40:27,BSCI202,0108,Caitlin Fox,24,24,0,2026-09-23 16:44:47,2026-09-23 16:44:47.478
2026-09-23 16:40:27,BSCI202,0109,Maira Goytia,24,24,0,2026-09-23 16:44:47,2026-09-23 16:44:47.479
2026-09-23 16:40:27,BSCI202,0110,Caitlin Fox,24,24,0,2026-09-23 16:44:47,2026-09-23 16:44:47.479
2026-09-23 16:40:27,BSCI202,1101,Justicia Opoku-Edusei,24,24,0,2026-09-23 16:44:47,2026-09-23 16:44:47.479
2026-09-23 16:40:27,BSCI202,1103,Justicia Opoku-Edusei,24,24,0,2026-09-23 16:44:47,2026-09-23 16:44:47.479
2026-09-23 16:40:27,BSCI202,1104,Justicia Opoku-Edusei,24,24,0,2026-09-23 16:44:47,2026-09-23 16:44:47.479
2026-09-23 16:40:27,BSCI202,1106,Justicia Opoku-Edusei,24,24,0,2026-09-23 16:44:47,2026-09-23 16:44:47.480
2026-09-23 16:40:27,BSCI202,1107,Justicia Opoku-Edusei,24,24,0,2026-09-23 16:44:47,2026-09-23 16:44:47.480
2026-09-23 16:40:27,BSCI202,1108,Justicia Opoku-Edusei,24,24,0,2026-09-23 16:44:47,2026-09-23 16:44:47.480
2026-09-23 16:40:27,BSCI202,SES1,Edward Orlando,20,20,0,2026-09-23 16:44:47,2026-09-23 16:44:47.480
2026-09-23 16:40:27,BSCI207,0101,Karen Carleton,80,80,0,2026-09-23 16:44:48,2026-09-23 16:44:48.126
2026-09-23 16:40:27,BSCI207,0201,Chloe Garfinkel,80,80,0,2026-09-23 16:44:48,2026-09-23 16:44:48.126
2026-09-23 16:40:27,BSCI213,0101,Cordelia Weiss,20,20,0,2026-09-23 16:44:48,2026-09-23 16:44:48.543
2026-09-23 16:40:27,BSCI213,0102,Cordelia Weiss,20,20,0,2026-09-23 16:44:48,2026-09-23 16:44:48.544
2026-09-23 16:40:27,BSCI222,7106,Thomas Kocher,18,18,0,2026-09-23 16:44:48,2026-09-23 16:44:49.044
2026-09-23 16:40:27,BSCI222,7108,Thomas Kocher,18,18,0,2026-09-23 16:44:48,2026-09-23 16:44:49.044
2026-09-23 16:40:27,BSCI222,7110,Thomas Kocher,18,18,0,2026-09-23 16:44:48,2026-09-23 16:44:49.044
2026-09-23 16:40:27,BSCI222,7112,Thomas Kocher,18,18,0,2026-09-23 16:44:48,2026-09-23 16:44:49.045
2026-09-23 16:40:27,BSCI222,7114,Thomas Kocher,18,18,0,2026-09-23 16:44:48,2026-09-23 16:44:49.045
2026-09-23 16:40:27,BSCI222,7116,Thomas Kocher,18,18,0,2026-09-23 16:44:48,2026-09-23 16:44:49.045
2026-09-23 16:40:27,BSCI222,7118,Thomas Kocher,18,18,0,2026-09-23 16:44:48,2026-09-23 16:44:49.045
2026-09-23 16:40:27,BSCI222,7120,Thomas Kocher,18,18,0,2026-09-23 16:44:48,2026-09-23 16:44:49.045
2026-09-23 16:40:27,BSCI222,7130,Thomas Kocher,18,18,0,2026-09-23 16:44:48,2026-09-23 16:44:49.046
2026-09-23 16:40:27,BSCI222,7133,Thomas Kocher,18,18,0,2026-09-23 16:44:48,2026-09-23 16:44:49.046
2026-09-23 16:40:27,BSCI222,7214,Michael Keller,18,18,0,2026-09-23 16:44:48,2026-09-23 16:44:49.046
2026-09-23 16:40:27,BSCI222,7216,Michael Keller,18,18,0,2026-09-23 16:44:48,2026-09-23 16:44:49.046
2026-09-23 16:40:27,BSCI222,7218,Michael Keller,18,18,0,2026-09-23 16:44:48,2026-09-23 16:44:49.046
2026-09-23 16:40:27,BSCI222,7219,Michael Keller,18,18,0,2026-09-23 16:44:48,2026-09-23 16:44:49.047
2026-09-23 16:40:27,BSCI222,7220,Michael Keller,18,18,0,2026-09-23 16:44:48,2026-09-23 16:44:49.047
2026-09-23 16:40:27,BSCI222,7221,Michael Keller,18,18,0,2026-09-23 16:44:48,2026-09-23 16:44:49.047
2026-09-23 16:40:27,BSCI222,7222,Michael Keller,18,18,0,2026-09-23 16:44:48,2026-09-23 16:44:49.047
2026-09-23 16:40:27,BSCI222,7224,Michael Keller,18,18,0,2026-09-23 16:44:48,2026-09-23 16:44:49.048
2026-09-23 16:40:27,BSCI222,7226,Michael Keller,18,18,0,2026-09-23 16:44:48,2026-09-23 16:44:49.048
2026-09-23 16:40:27,BSCI222,7232,Michael Keller,18,18,0,2026-09-23 16:44:48,2026-09-23 16:44:49.048
2026-09-23 16:40:27,BSCI222,7234,Michael Keller,18,18,0,2026-09-23 16:44:48,2026-09-23 16:44:49.048
2026-09-23 16:40:27,BSCI222,7236,Michael Keller,18,18,0,2026-09-23 16:44:48,2026-09-23 16:44:49.048
2026-09-23 16:40:27,BSCI222,7310,Maria Colt,18,18,0,2026-09-23 16:44:48,2026-09-23 16:44:49.049
2026-09-23 16:40:27,BSCI222,7311,Maria Colt,18,18,0,2026-09-23 16:44:48,2026-09-23 16:44:49.049
2026-09-23 16:40:27,BSCI222,7312,Maria Colt,18,18,0,2026-09-23 16:44:48,2026-09-23 16:44:49.049
2026-09-23 16:40:27,BSCI222,7313,Maria Colt,18,18,0,2026-09-23 16:44:48,2026-09-23 16:44:49.049
2026-09-23 16:40:27,BSCI222,7315,Maria Colt,18,18,0,2026-09-23 16:44:48,2026-09-23 16:44:49.049
2026-09-23 16:40:27,BSCI222,7320,Maria Colt,18,18,0,2026-09-23 16:44:48,2026-09-23 16:44:49.050
2026-09-23 16:40:27,BSCI222,7325,Maria Colt,18,18,0,2026-09-23 16:44:48,2026-09-23 16:44:49.050
2026-09-23 16:40:27,BSCI222,7330,Maria Colt,18,18,0,2026-09-23 16:44:48,2026-09-23 16:44:49.050
2026-09-23 16:40:27,BSCI222,7332,Maria Colt,18,18,0,2026-09-23 16:44:48,2026-09-23 16:44:49.050
2026-09-23 16:40:27,BSCI222,7335,Maria Colt,18,18,0,2026-09-23 16:44:48,2026-09-23 16:44:49.050
2026-09-23 16:40:27,BSCI222,SES1,Maria Colt,23,23,0,2026-09-23 16:44:48,2026-09-23 16:44:49.051
2026-09-23 16:40:27,BSCI223,1021,John Buchner,16,16,0,2026-09-23 16:44:49,2026-09-23 16:44:49.528
2026-09-23 16:40:27,BSCI223,1025,John Buchner,16,16,0,2026-09-23 16:44:49,2026-09-23 16:44:49.528
2026-09-23 16:40:27,BSCI223,1026,John Buchner,16,16,0,2026-09-23 16:44:49,2026-09-23 16:44:49.528
2026-09-23 16:40:27,BSCI223,1101,John Buchner,16,16,0,2026-09-23 16:44:49,2026-09-23 16:44:49.529
2026-09-23 16:40:27,BSCI223,1105,John Buchner,16,16,0,2026-09-23 16:44:49,2026-09-23 16:44:49.529
2026-09-23 16:40:27,BSCI223,1106,John Buchner,16,16,0,2026-09-23 16:44:49,2026-09-23 16:44:49.529
2026-09-23 16:40:27,BSCI223,1121,John Buchner,16,16,0,2026-09-23 16:44:49,2026-09-23 16:44:49.529
2026-09-23 16:40:27,BSCI223,1125,John Buchner,16,16,0,2026-09-23 16:44:49,2026-09-23 16:44:49.529
2026-09-23 16:40:27,BSCI223,1126,John Buchner,16,16,0,2026-09-23 16:44:49,2026-09-23 16:44:49.529
2026-09-23 16:40:27,BSCI223,1201,John Buchner,16,16,0,2026-09-23 16:44:49,2026-09-23 16:44:49.530
2026-09-23 16:40:27,BSCI223,1206,John Buchner,16,16,0,2026-09-23 16:44:49,2026-09-23 16:44:49.530
2026-09-23 16:40:27,BSCI223,1221,John Buchner,16,16,0,2026-09-23 16:44:49,2026-09-23 16:44:49.530
2026-09-23 16:40:27,BSCI223,1225,John Buchner,16,16,0,2026-09-23 16:44:49,2026-09-23 16:44:49.530
2026-09-23 16:40:27,BSCI223,1226,John Buchner,16,16,0,2026-09-23 16:44:49,2026-09-23 16:44:49.530
2026-09-23 16:40:27,BSCI223,1301,John Buchner,16,16,0,2026-09-23 16:44:49,2026-09-23 16:44:49.531
2026-09-23 16:40:27,BSCI223,1306,John Buchner,16,16,0,2026-09-23 16:44:49,2026-09-23 16:44:49.531
2026-09-23 16:40:27,BSCI223,2401,John Buchner,16,16,0,2026-09-23 16:44:49,2026-09-23 16:44:49.531
2026-09-23 16:40:27,BSCI223,2406,John Buchner,16,16,0,2026-09-23 16:44:49,2026-09-23 16:44:49.531
2026-09-23 16:40:27,BSCI223,SES1,Cherisse Hall,20,20,0,2026-09-23 16:44:49,2026-09-23 16:44:49.531
2026-09-23 16:40:27,BSCI238I,0101,Aditri Gadigi,30,30,0,2026-09-23 16:44:49,2026-09-23 16:44:49.940
2026-09-23 16:40:27,BSCI258A,0101,Nicholas Fletcher,10,10,0,2026-09-23 16:44:50,2026-09-23 16:44:50.351
2026-09-23 16:40:27,BSCI258B,0101,Nicholas Fletcher,80,80,0,2026-09-23 16:44:50,2026-09-23 16:44:50.768
2026-09-23 16:40:27,BSCI279B,0101,Katerina Thompson,32,32,0,2026-09-23 16:44:51,2026-09-23 16:44:51.605
2026-09-23 16:40:27,BSCI279B,0102,Katerina Thompson,32,32,0,2026-09-23 16:44:51,2026-09-23 16:44:51.605
2026-09-23 16:40:27,BSCI279Q,0101,Daniel Butts,10,10,0,2026-09-23 16:44:52,2026-09-23 16:44:52.439
2026-09-23 16:40:27,BSCI283,1205,Kevin McIver,20,20,0,2026-09-23 16:44:53,2026-09-23 16:44:53.672
2026-09-23 16:40:27,BSCI283,1305,Daniel Stein,20,20,0,2026-09-23 16:44:53,2026-09-23 16:44:53.672
2026-09-23 16:40:27,BSCI329,1016,Hilary Bierman,5,5,0,2026-09-23 16:44:54,2026-09-23 16:44:54.092
2026-09-23 16:40:27,BSCI329,1028,Daniel Butts,10,10,0,2026-09-23 16:44:54,2026-09-23 16:44:54.092
2026-09-23 16:40:27,BSCI329,1033,Chan Lin,10,10,0,2026-09-23 16:44:54,2026-09-23 16:44:54.092
2026-09-23 16:40:27,BSCI329,1250,Justicia Opoku-Edusei,20,20,0,2026-09-23 16:44:54,2026-09-23 16:44:54.092
2026-09-23 16:40:27,BSCI329,1388,Corine Van der Weele,8,8,0,2026-09-23 16:44:54,2026-09-23 16:44:54.092
2026-09-23 16:40:27,BSCI329,ESG1,Hadiya Woodham,10,10,0,2026-09-23 16:44:54,2026-09-23 16:44:54.093
2026-09-23 16:40:27,BSCI331,0101,Kenneth Frauwirth,200,200,0,2026-09-23 16:44:54,2026-09-23 16:44:54.521
2026-09-23 16:40:27,BSCI331,0201,Kenneth Frauwirth,200,200,0,2026-09-23 16:44:54,2026-09-23 16:44:54.521
2026-09-23 16:40:27,BSCI332,0102,Corine Van der Weele,23,23,0,2026-09-23 16:44:54,2026-09-23 16:44:54.953
2026-09-23 16:40:27,BSCI332,0104,Corine Van der Weele,23,23,0,2026-09-23 16:44:54,2026-09-23 16:44:54.953
2026-09-23 16:40:27,BSCI332,0106,Corine Van der Weele,23,23,0,2026-09-23 16:44:54,2026-09-23 16:44:54.953
2026-09-23 16:40:27,BSCI332,0107,Corine Van der Weele,23,23,0,2026-09-23 16:44:54,2026-09-23 16:44:54.953
2026-09-23 16:40:27,BSCI332,0111,Corine Van der Weele,23,23,0,2026-09-23 16:44:54,2026-09-23 16:44:54.954
2026-09-23 16:40:27,BSCI332,1103,Corine Van der Weele,23,23,0,2026-09-23 16:44:54,2026-09-23 16:44:54.954
2026-09-23 16:40:27,BSCI332,1105,Corine Van der Weele,23,23,0,2026-09-23 16:44:54,2026-09-23 16:44:54.954
2026-09-23 16:40:27,BSCI332,1108,Corine Van der Weele,23,23,0,2026-09-23 16:44:54,2026-09-23 16:44:54.954
2026-09-23 16:40:27,BSCI332,1109,Corine Van der Weele,23,23,0,2026-09-23 16:44:54,2026-09-23 16:44:54.954
2026-09-23 16:40:27,BSCI332,1111,Corine Van der Weele,23,23,0,2026-09-23 16:44:54,2026-09-23 16:44:54.955
2026-09-23 16:40:27,BSCI332,1113,Corine Van der Weele,23,23,0,2026-09-23 16:44:54,2026-09-23 16:44:54.955
2026-09-23 16:40:27,BSCI334,0101,Katerina Thompson,60,60,0,2026-09-23 16:44:55,2026-09-23 16:44:55.372
2026-09-23 16:40:27,BSCI335,0101,Katerina Thompson,20,20,0,2026-09-23 16:44:55,2026-09-23 16:44:55.787
2026-09-23 16:40:27,BSCI335,0102,Katerina Thompson,20,20,0,2026-09-23 16:44:55,2026-09-23 16:44:55.787
2026-09-23 16:40:27,BSCI337,0101,Leo Shapiro,20,20,0,2026-09-23 16:44:56,2026-09-23 16:44:56.200
2026-09-23 16:40:27,BSCI337,0102,Leo Shapiro,20,20,0,2026-09-23 16:44:56,2026-09-23 16:44:56.200
2026-09-23 16:40:27,BSCI343,ESG1,Hadiya Woodham,30,30,0,2026-09-23 16:44:57,2026-09-23 16:44:57.050
2026-09-23 16:40:27,BSCI348A,0101,John Buchner,22,22,0,2026-09-23 16:44:57,2026-09-23 16:44:57.879
2026-09-23 16:40:27,BSCI348B,SES1,Erik Lontok,20,20,0,2026-09-23 16:44:58,2026-09-23 16:44:58.311
2026-09-23 16:40:27,BSCI348I,SES1,Erik Lontok,25,25,0,2026-09-23 16:44:58,2026-09-23 16:44:58.726
2026-09-23 16:40:27,BSCI348R,0101,Najib El-Sayed,10,10,0,2026-09-23 16:44:59,2026-09-23 16:44:59.135
2026-09-23 16:40:27,BSCI353,0101,Chan Lin,64,64,0,2026-09-23 16:44:59,2026-09-23 16:44:59.562
2026-09-23 16:40:27,BSCI353,0102,Melissa Caras,40,40,0,2026-09-23 16:44:59,2026-09-23 16:44:59.562
2026-09-23 16:40:27,BSCI353,ESG1,Vitaly Stepensky,40,40,0,2026-09-23 16:44:59,2026-09-23 16:44:59.562
2026-09-23 16:40:27,BSCI358A,ESG1,Vitaly Stepensky,30,30,0,2026-09-23 16:44:59,2026-09-23 16:44:59.971
2026-09-23 16:40:27,BSCI358B,ESG1,Gregory Simon,30,30,0,2026-09-23 16:45:00,2026-09-23 16:45:00.410
2026-09-23 16:40:27,BSCI361,0101,Daniel Gruner,25,25,0,2026-09-23 16:45:00,2026-09-23 16:45:00.848
2026-09-23 16:40:27,BSCI361,0102,Daniel Gruner,25,25,0,2026-09-23 16:45:00,2026-09-23 16:45:00.848
2026-09-23 16:40:27,BSCI370,0101,Alexandra Bely,64,64,0,2026-09-23 16:45:01,2026-09-23 16:45:01.297
2026-09-23 16:40:27,BSCI378H,0101,Kenneth Frauwirth,23,23,0,2026-09-23 16:45:01,2026-09-23 16:45:01.753
2026-09-23 16:40:27,BSCI398H,0101,Alexandra Bely,35,35,0,2026-09-23 16:45:04,2026-09-23 16:45:04.731
2026-09-23 16:40:27,BSCI401,0101,Gerald Wilkinson,39,39,0,2026-09-23 16:45:06,2026-09-23 16:45:06.391
2026-09-23 16:40:27,BSCI406,0101,Sergei Sukharev,20,20,0,2026-09-23 16:45:06,2026-09-23 16:45:06.812
2026-09-23 16:40:27,BSCI410,0101,Charles Seller,140,140,0,2026-09-23 16:45:07,2026-09-23 16:45:07.239
2026-09-23 16:40:27,BSCI412,0101,Erin Tran,18,18,0,2026-09-23 16:45:07,2026-09-23 16:45:07.654
2026-09-23 16:40:27,BSCI412,0103,Wade Winkler,18,18,0,2026-09-23 16:45:07,2026-09-23 16:45:07.654
2026-09-23 16:40:27,BSCI414,ESG1,Caitlin Fox,24,24,0,2026-09-23 16:45:08,2026-09-23 16:45:08.069
2026-09-23 16:40:27,BSCI416,0101,Silvia Bolland,42,42,0,2026-09-23 16:45:08,2026-09-23 16:45:08.493
2026-09-23 16:40:27,BSCI417,0101,Vincent Lee,30,30,0,2026-09-23 16:45:08,2026-09-23 16:45:08.914
2026-09-23 16:40:27,BSCI420,0101,Sougata Roy,62,62,0,2026-09-23 16:45:09,2026-09-23 16:45:09.332
2026-09-23 16:40:27,BSCI422,0101,Kenneth Frauwirth,25,25,0,2026-09-23 16:45:09,2026-09-23 16:45:09.755
2026-09-23 16:40:27,BSCI422,0102,Kenneth Frauwirth,25,25,0,2026-09-23 16:45:09,2026-09-23 16:45:09.755
2026-09-23 16:40:27,BSCI422,0103,David Mosser,25,25,0,2026-09-23 16:45:09,2026-09-23 16:45:09.755
2026-09-23 16:40:27,BSCI422,0104,David Mosser,25,25,0,2026-09-23 16:45:09,2026-09-23 16:45:09.756
2026-09-23 16:40:27,BSCI423,0101,Wenxia Song,18,18,0,2026-09-23 16:45:10,2026-09-23 16:45:10.173
2026-09-23 16:40:27,BSCI423,0102,Wenxia Song,18,18,0,2026-09-23 16:45:10,2026-09-23 16:45:10.174
2026-09-23 16:40:27,BSCI425,0101,Kan Cao,20,20,0,2026-09-23 16:45:10,2026-09-23 16:45:10.597
2026-09-23 16:40:27,BSCI430,0101,Eric Haag,35,35,0,2026-09-23 16:45:11,2026-09-23 16:45:11.013
2026-09-23 16:40:27,BSCI433,0101,Jeff Maltas,30,30,0,2026-09-23 16:45:11,2026-09-23 16:45:11.439
2026-09-23 16:40:27,BSCI435,0101,Tapan Goel,18,18,0,2026-09-23 16:45:11,2026-09-23 16:45:11.864
2026-09-23 16:40:27,BSCI436,0101,Jonathan Dinman,60,60,0,2026-09-23 16:45:12,2026-09-23 16:45:12.279
2026-09-23 16:40:27,BSCI437,0101,Jeffrey DeStefano,70,70,0,2026-09-23 16:45:12,2026-09-23 16:45:12.699
2026-09-23 16:40:27,BSCI437,ESG1,Gilad Ofek,40,40,0,2026-09-23 16:45:12,2026-09-23 16:45:12.700
2026-09-23 16:40:27,BSCI437H,0101,Jeffrey DeStefano,8,8,0,2026-09-23 16:45:13,2026-09-23 16:45:13.109
2026-09-23 16:40:27,BSCI439B,ESG1,Maira Goytia,40,40,0,2026-09-23 16:45:13,2026-09-23 16:45:13.524
2026-09-23 16:40:27,BSCI439E,0101,Beatrice Kondo,5,5,0,2026-09-23 16:45:13,2026-09-23 16:45:13.937
2026-09-23 16:40:27,BSCI439G,0101,Beatrice Kondo,5,5,0,2026-09-23 16:45:14,2026-09-23 16:45:14.371
2026-09-23 16:40:27,BSCI439L,0101,Instructor: TBA,5,5,0,2026-09-23 16:45:14,2026-09-23 16:45:14.793
2026-09-23 16:40:27,BSCI442,0101,Daniel Rodriguez Leal,20,20,0,2026-09-23 16:45:15,2026-09-23 16:45:15.211
2026-09-23 16:40:27,BSCI442,0102,Jose Feijo,20,20,0,2026-09-23 16:45:15,2026-09-23 16:45:15.211
2026-09-23 16:40:27,BSCI450,0101,Juan Angueyra,130,130,0,2026-09-23 16:45:15,2026-09-23 16:45:15.629
2026-09-23 16:40:27,BSCI450,0201,Joshua Singer,120,120,0,2026-09-23 16:45:15,2026-09-23 16:45:15.629
2026-09-23 16:40:27,BSCI450,PDS1,William Higgins,20,20,0,2026-09-23 16:45:15,2026-09-23 16:45:15.629
2026-09-23 16:40:27,BSCI451,0101,Corine Van der Weele,20,20,0,2026-09-23 16:45:16,2026-09-23 16:45:16.054
2026-09-23 16:40:27,BSCI451,0102,Corine Van der Weele,20,20,0,2026-09-23 16:45:16,2026-09-23 16:45:16.055
2026-09-23 16:40:27,BSCI451,0103,Corine Van der Weele,20,20,0,2026-09-23 16:45:16,2026-09-23 16:45:16.055
2026-09-23 16:40:27,BSCI451,0104,Corine Van der Weele,20,20,0,2026-09-23 16:45:16,2026-09-23 16:45:16.055
2026-09-23 16:40:27,BSCI452,0101,Chan Lin,40,40,0,2026-09-23 16:45:16,2026-09-23 16:45:16.471
2026-09-23 16:40:27,BSCI452,SES1,Chan Lin,20,20,0,2026-09-23 16:45:16,2026-09-23 16:45:16.472
2026-09-23 16:40:27,BSCI453,0101,Nikolas Francis,38,38,0,2026-09-23 16:45:16,2026-09-23 16:45:16.889
2026-09-23 16:40:27,BSCI455,0101,Hilary Bierman,16,16,0,2026-09-23 16:45:17,2026-09-23 16:45:17.305
2026-09-23 16:40:27,BSCI455,0102,Hilary Bierman,16,16,0,2026-09-23 16:45:17,2026-09-23 16:45:17.305
2026-09-23 16:40:27,BSCI455,0103,Hilary Bierman,16,16,0,2026-09-23 16:45:17,2026-09-23 16:45:17.305
2026-09-23 16:40:27,BSCI456,0101,Colenso Speer,5,5,0,2026-09-23 16:45:17,2026-09-23 16:45:17.717
2026-09-23 16:40:27,BSCI477,0101,Emily Bruns,40,40,0,2026-09-23 16:45:18,2026-09-23 16:45:18.125
2026-09-23 16:40:27,BSCI487,0101,Kelly Hamby,24,24,0,2026-09-23 16:45:18,2026-09-23 16:45:18.544
2026-09-23 16:40:27,BSOS355,0101,Liza Lebrun,40,40,0,2026-09-23 16:45:20,2026-09-23 16:45:20.370
2026-09-23 16:40:27,BSOS361,0101,TC Lloyd,30,30,0,2026-09-23 16:45:20,2026-09-23 16:45:20.787
2026-09-23 16:40:27,BSOS361,0102,TC Lloyd,30,30,0,2026-09-23 16:45:20,2026-09-23 16:45:20.787
2026-09-23 16:40:27,BSOS448M,0101,Brandee Pettus,12,12,0,2026-09-23 16:45:21,2026-09-23 16:45:21.197
2026-09-23 16:40:27,BUMO600,0501,Sheetal Singh,52,52,0,2026-09-23 16:45:44,2026-09-23 16:45:44.521
2026-09-23 16:40:27,BUMO604,0501,Jon Crocker,0,0,0,2026-09-23 16:45:44,2026-09-23 16:45:44.937
2026-09-23 16:40:27,BUMO614,0501,Waverly Ding,58,58,0,2026-09-23 16:45:45,2026-09-23 16:45:45.365
2026-09-23 16:40:27,BUMO701,0501,Jason Choi,65,65,0,2026-09-23 16:45:45,2026-09-23 16:45:45.779
2026-09-23 16:40:27,BUMO703,0501,Mary Beth Furst,65,65,0,2026-09-23 16:45:46,2026-09-23 16:45:46.193
2026-09-23 16:40:27,BUMO711,0501,Sheetal Singh,65,65,0,2026-09-23 16:45:46,2026-09-23 16:45:46.612
2026-09-23 16:40:27,BUMO714,0501,Rellie Rozin,0,0,0,2026-09-23 16:45:47,2026-09-23 16:45:47.025
2026-09-23 16:40:27,BUMO723,0501,Stephen Sclafani,58,58,0,2026-09-23 16:45:47,2026-09-23 16:45:47.439
2026-09-23 16:40:27,BUMO724,0501,Stephen Sclafani,58,58,0,2026-09-23 16:45:47,2026-09-23 16:45:47.853
2026-09-23 16:40:27,BUMO726,0501,Stephen Sclafani,58,58,0,2026-09-23 16:45:48,2026-09-23 16:45:48.264
2026-09-23 16:40:27,BUMO731,0501,Balaji Padmanabhan,58,58,0,2026-09-23 16:45:48,2026-09-23 16:45:48.673
2026-09-23 16:40:27,BUMO733,0501,Balaji Padmanabhan,58,58,0,2026-09-23 16:45:49,2026-09-23 16:45:49.084
2026-09-23 16:40:27,BUMO758P,0501,Jon Crocker,37,37,0,2026-09-23 16:45:49,2026-09-23 16:45:49.501
2026-09-23 16:40:27,BUMO780,0501,Jennifer Marr,37,37,0,2026-09-23 16:45:50,2026-09-23 16:45:50.328
2026-09-23 16:40:27,BUMO780,0502,Jennifer Marr,37,37,0,2026-09-23 16:45:50,2026-09-23 16:45:50.328
2026-09-23 16:40:27,BUMO782,0501,Mike Hoffmeyer,40,40,0,2026-09-23 16:45:50,2026-09-23 16:45:50.751
2026-09-23 16:40:27,BUMO785,0501,Maria Bustamante,65,65,0,2026-09-23 16:45:51,2026-09-23 16:45:51.184
2026-09-23 16:40:27,BUMO790,0501,Roy Thomason,65,65,0,2026-09-23 16:45:51,2026-09-23 16:45:51.602
2026-09-23 16:40:27,BUMO790,0502,Roy Thomason,65,65,0,2026-09-23 16:45:51,2026-09-23 16:45:51.603
2026-09-23 16:40:27,BUMO791,0501,Roy Thomason,65,65,0,2026-09-23 16:45:52,2026-09-23 16:45:52.033
2026-09-23 16:40:27,BUMO791,0502,Roy Thomason,65,65,0,2026-09-23 16:45:52,2026-09-23 16:45:52.033
2026-09-23 16:40:27,CHIN100,0101,Yuli Wang,15,15,0,2026-09-23 16:46:49,2026-09-23 16:46:49.529
2026-09-23 16:40:27,CHIN121,0101,Mei Kong,15,15,0,2026-09-23 16:46:49,2026-09-23 16:46:49.949
2026-09-23 16:40:27,CHIN122,0101,Mei Kong,15,15,0,2026-09-23 16:46:50,2026-09-23 16:46:50.369
2026-09-23 16:40:27,CHIN122,0201,Mei Kong,15,15,0,2026-09-23 16:46:50,2026-09-23 16:46:50.369
2026-09-23 16:40:27,CHIN122,0301,Guiling Hu,15,15,0,2026-09-23 16:46:50,2026-09-23 16:46:50.369
2026-09-23 16:40:27,CHIN207,0101,Guiling Hu,15,15,0,2026-09-23 16:46:50,2026-09-23 16:46:50.790
2026-09-23 16:40:27,CHIN207,0201,Guiling Hu,15,15,0,2026-09-23 16:46:50,2026-09-23 16:46:50.790
2026-09-23 16:40:27,CHIN302,0101,Jungjung Lee,15,15,0,2026-09-23 16:46:51,2026-09-23 16:46:51.206
2026-09-23 16:40:27,CHIN302,0201,Jungjung Lee,15,15,0,2026-09-23 16:46:51,2026-09-23 16:46:51.206
2026-09-23 16:40:27,CHIN307,0101,Minglang Zhou,25,25,0,2026-09-23 16:46:51,2026-09-23 16:46:51.618
2026-09-23 16:40:27,CHIN315,0101,Mei Nan,25,25,0,2026-09-23 16:46:52,2026-09-23 16:46:52.036
2026-09-23 16:40:27,CHIN332,0101,Yuli Wang,15,15,0,2026-09-23 16:46:52,2026-09-23 16:46:52.457
2026-09-23 16:40:27,CHIN402,0101,Jungjung Lee,15,15,0,2026-09-23 16:46:53,2026-09-23 16:46:53.283
2026-09-23 16:40:27,CHIN415,0101,Jungjung Lee,15,15,0,2026-09-23 16:46:53,2026-09-23 16:46:53.708
2026-09-23 16:40:27,CHIN418O,0101,Mei Nan,25,25,0,2026-09-23 16:46:54,2026-09-23 16:46:54.120
2026-09-23 16:40:27,CHIN441,0101,Andrew Schonebaum,20,20,0,2026-09-23 16:46:54,2026-09-23 16:46:54.550
2026-09-23 16:40:27,CHSE205,0101,Yewon Lee,60,60,0,2026-09-23 16:46:59,2026-09-23 16:46:59.162
2026-09-23 16:40:27,CHSE205,0201,Katryna Andrusik,50,50,0,2026-09-23 16:46:59,2026-09-23 16:46:59.162
2026-09-23 16:40:27,CHSE228D,0101,Nikita Kimani,16,16,0,2026-09-23 16:46:59,2026-09-23 16:46:59.577
2026-09-23 16:40:27,CHSE376,0101,Michael Dunham,20,20,0,2026-09-23 16:46:59,2026-09-23 16:47:00.003
2026-09-23 16:40:27,CHSE376,0201,Elizabeth Martinez,20,20,0,2026-09-23 16:46:59,2026-09-23 16:47:00.003
2026-09-23 16:40:27,CHSE376,0301,Colleen McGilpin,20,20,0,2026-09-23 16:46:59,2026-09-23 16:47:00.003
2026-09-23 16:40:27,CHSE376,0401,Chanai Brewster,15,15,0,2026-09-23 16:46:59,2026-09-23 16:47:00.004
2026-09-23 16:40:27,CHSE376,0501,Michael Dunham,15,15,0,2026-09-23 16:46:59,2026-09-23 16:47:00.004
2026-09-23 16:40:27,CHSE476,0101,Michael Dunham,20,20,0,2026-09-23 16:47:00,2026-09-23 16:47:00.853
2026-09-23 16:40:27,CHSE477,0101,Michael Dunham,18,18,0,2026-09-23 16:47:01,2026-09-23 16:47:01.295
2026-09-23 16:40:27,CHSE480,0101,Michael Dunham,18,18,0,2026-09-23 16:47:01,2026-09-23 16:47:01.750
2026-09-23 16:40:27,CHSE489,1901,Amy D'Agati,10,10,0,2026-09-23 16:47:02,2026-09-23 16:47:02.226
2026-09-23 16:40:27,CINE245,0201,Instructor: TBA,27,27,0,2026-09-23 16:47:04,2026-09-23 16:47:04.576
2026-09-23 16:40:27,CINE245,0301,Instructor: TBA,27,27,0,2026-09-23 16:47:04,2026-09-23 16:47:04.576
2026-09-23 16:40:27,CINE280,0101,Eric Zakim,25,25,0,2026-09-23 16:47:04,2026-09-23 16:47:05.006
2026-09-23 16:40:27,CINE280,0102,Eric Zakim,25,25,0,2026-09-23 16:47:04,2026-09-23 16:47:05.007
2026-09-23 16:40:27,CINE280,0103,Eric Zakim,25,25,0,2026-09-23 16:47:04,2026-09-23 16:47:05.007
2026-09-23 16:40:27,CINE280,0104,Eric Zakim,25,25,0,2026-09-23 16:47:04,2026-09-23 16:47:05.007
2026-09-23 16:40:27,CINE282,0101,Susan Pramschufer,35,35,0,2026-09-23 16:47:05,2026-09-23 16:47:05.419
2026-09-23 16:40:27,CINE298B,0101,Sean Pue,20,20,0,2026-09-23 16:47:05,2026-09-23 16:47:05.839
2026-09-23 16:40:27,CINE302,0101,Luka Arsenjuk,30,30,0,2026-09-23 16:47:06,2026-09-23 16:47:06.255
2026-09-23 16:40:27,CINE310,0101,Nathaniel Stevens,15,15,0,2026-09-23 16:47:06,2026-09-23 16:47:06.667
2026-09-23 16:40:27,CINE319A,0101,Instructor: TBA,20,20,0,2026-09-23 16:47:07,2026-09-23 16:47:07.093
2026-09-23 16:40:27,CINE319I,0101,Yael Inbar,15,15,0,2026-09-23 16:47:07,2026-09-23 16:47:07.506
2026-09-23 16:40:27,CINE319P,5501,Samuel Crawford,10,10,0,2026-09-23 16:47:07,2026-09-23 16:47:07.921
2026-09-23 16:40:27,CINE329E,0101,Elizabeth Papazian,25,25,0,2026-09-23 16:47:08,2026-09-23 16:47:08.335
2026-09-23 16:40:27,CINE329N,0101,Daniel Richter,25,25,0,2026-09-23 16:47:08,2026-09-23 16:47:08.752
2026-09-23 16:40:27,CINE329Z,0101,Daniel Richter,25,25,0,2026-09-23 16:47:09,2026-09-23 16:47:09.171
2026-09-23 16:40:27,CINE335,0101,Jason Kuo,25,25,0,2026-09-23 16:47:09,2026-09-23 16:47:09.606
2026-09-23 16:40:27,CINE369C,0101,Mauro Resmini,40,40,0,2026-09-23 16:47:10,2026-09-23 16:47:10.022
2026-09-23 16:40:27,CINE369F,0101,Alexis Lothian,30,30,0,2026-09-23 16:47:10,2026-09-23 16:47:10.433
2026-09-23 16:40:27,CINE369K,0101,Instructor: TBA,20,20,0,2026-09-23 16:47:10,2026-09-23 16:47:10.852
2026-09-23 16:40:27,CINE376,0101,Ross Angelella,14,14,0,2026-09-23 16:47:11,2026-09-23 16:47:11.267
2026-09-23 16:40:27,CINE376,0102,Ross Angelella,5,5,0,2026-09-23 16:47:11,2026-09-23 16:47:11.267
2026-09-23 16:40:27,CINE419E,0101,Stephanie Sapienza,15,15,0,2026-09-23 16:47:12,2026-09-23 16:47:12.100
2026-09-23 16:40:27,CINE429O,0101,Mei Nan,25,25,0,2026-09-23 16:47:12,2026-09-23 16:47:12.517
2026-09-23 16:40:27,CINE459C,0101,Saverio Giovacchini,54,54,0,2026-09-23 16:47:12,2026-09-23 16:47:12.938
2026-09-23 16:40:27,CINE469Y,0101,Jason Kuo,14,14,0,2026-09-23 16:47:13,2026-09-23 16:47:13.348
2026-09-23 16:40:27,CLAS170,0101,Katherine Wasdin,21,21,0,2026-09-23 16:47:15,2026-09-23 16:47:15.559
2026-09-23 16:40:27,CLAS170,0102,Katherine Wasdin,21,21,0,2026-09-23 16:47:15,2026-09-23 16:47:15.560
2026-09-23 16:40:27,CLAS170,0103,Katherine Wasdin,21,21,0,2026-09-23 16:47:15,2026-09-23 16:47:15.560
2026-09-23 16:40:27,CLAS170,0104,Katherine Wasdin,21,21,0,2026-09-23 16:47:15,2026-09-23 16:47:15.560
2026-09-23 16:40:27,CLAS170,0105,Katherine Wasdin,21,21,0,2026-09-23 16:47:15,2026-09-23 16:47:15.560
2026-09-23 16:40:27,CLAS170,0106,Katherine Wasdin,21,21,0,2026-09-23 16:47:15,2026-09-23 16:47:15.560
2026-09-23 16:40:27,CLAS170,0107,Katherine Wasdin,21,21,0,2026-09-23 16:47:15,2026-09-23 16:47:15.561
2026-09-23 16:40:27,CLAS170,0108,Katherine Wasdin,21,21,0,2026-09-23 16:47:15,2026-09-23 16:47:15.561
2026-09-23 16:40:27,CLAS170,0109,Katherine Wasdin,21,21,0,2026-09-23 16:47:15,2026-09-23 16:47:15.561
2026-09-23 16:40:27,CLAS276,0101,Eric Adler,25,25,0,2026-09-23 16:47:15,2026-09-23 16:47:15.988
2026-09-23 16:40:27,CLAS276,0102,Eric Adler,25,25,0,2026-09-23 16:47:15,2026-09-23 16:47:15.988
2026-09-23 16:40:27,CLAS276,0103,Eric Adler,25,25,0,2026-09-23 16:47:15,2026-09-23 16:47:15.988
2026-09-23 16:40:27,CLAS276,0104,Eric Adler,25,25,0,2026-09-23 16:47:15,2026-09-23 16:47:15.989
2026-09-23 16:40:27,CLAS276,0105,Eric Adler,25,25,0,2026-09-23 16:47:15,2026-09-23 16:47:15.989
2026-09-23 16:40:27,CLAS276,0106,Eric Adler,25,25,0,2026-09-23 16:47:15,2026-09-23 16:47:15.989
2026-09-23 16:40:27,CLAS333,0101,Nathan Levine,35,35,0,2026-09-23 16:47:16,2026-09-23 16:47:16.401
2026-09-23 16:40:27,CLAS340,0101,Katherine Wasdin,35,35,0,2026-09-23 16:47:16,2026-09-23 16:47:16.827
2026-09-23 16:40:27,CMLT235,0101,Instructor: TBA,30,30,0,2026-09-23 16:47:22,2026-09-23 16:47:22.233
2026-09-23 16:40:27,CMLT270,0201,Instructor: TBA,30,30,0,2026-09-23 16:47:22,2026-09-23 16:47:22.645
2026-09-23 16:40:27,CMLT270,0301,Instructor: TBA,30,30,0,2026-09-23 16:47:22,2026-09-23 16:47:22.645
2026-09-23 16:40:27,CMLT275,0101,Instructor: TBA,30,30,0,2026-09-23 16:47:23,2026-09-23 16:47:23.055
2026-09-23 16:40:27,CMLT277,0101,Instructor: TBA,30,30,0,2026-09-23 16:47:23,2026-09-23 16:47:23.467
2026-09-23 16:40:27,CMLT280,0101,Eric Zakim,25,25,0,2026-09-23 16:47:23,2026-09-23 16:47:23.889
2026-09-23 16:40:27,CMLT280,0102,Eric Zakim,25,25,0,2026-09-23 16:47:23,2026-09-23 16:47:23.890
2026-09-23 16:40:27,CMLT280,0103,Eric Zakim,25,25,0,2026-09-23 16:47:23,2026-09-23 16:47:23.890
2026-09-23 16:40:27,CMLT280,0104,Eric Zakim,25,25,0,2026-09-23 16:47:23,2026-09-23 16:47:23.890
2026-09-23 16:40:27,CPBE101,0101,Oliver Schlake,75,75,0,2026-09-23 16:47:52,2026-09-23 16:47:52.363
2026-09-23 16:40:27,CPBE230,0101,Oliver Schlake,30,30,0,2026-09-23 16:47:52,2026-09-23 16:47:52.780
2026-09-23 16:40:27,CPBE240,0101,Oliver Schlake,20,20,0,2026-09-23 16:47:53,2026-09-23 16:47:53.207
2026-09-23 16:40:27,CPBE250,0101,Oliver Schlake,30,30,0,2026-09-23 16:47:53,2026-09-23 16:47:53.619
2026-09-23 16:40:27,CPCV101,0101,Julie Randolph,40,40,0,2026-09-23 16:47:55,2026-09-23 16:47:55.375
2026-09-23 16:40:27,CPCV101,0201,Julie Randolph,40,40,0,2026-09-23 16:47:55,2026-09-23 16:47:55.376
2026-09-23 16:40:27,CPCV230,0101,Korey Rothman,20,20,0,2026-09-23 16:47:55,2026-09-23 16:47:55.792
2026-09-23 16:40:27,CPCV230,0201,Korey Rothman,20,20,0,2026-09-23 16:47:55,2026-09-23 16:47:55.793
2026-09-23 16:40:27,CPDJ101,0101,Jess Feltner,75,75,0,2026-09-23 16:47:57,2026-09-23 16:47:57.560
2026-09-23 16:40:27,CPDJ230,0101,Jess Feltner,10,10,0,2026-09-23 16:47:57,2026-09-23 16:47:57.975
2026-09-23 16:40:27,CPDJ240,0101,Jess Feltner,8,8,0,2026-09-23 16:47:58,2026-09-23 16:47:58.398
2026-09-23 16:40:27,CPDJ250,0101,Jess Feltner,10,10,0,2026-09-23 16:47:58,2026-09-23 16:47:58.812
2026-09-23 16:40:27,CPET101,0101,Dani Moore,78,78,0,2026-09-23 16:48:00,2026-09-23 16:48:00.609
2026-09-23 16:40:27,CPET230,0101,Dani Moore,50,50,0,2026-09-23 16:48:01,2026-09-23 16:48:01.042
2026-09-23 16:40:27,CPET240,0101,Dani Moore,20,20,0,2026-09-23 16:48:01,2026-09-23 16:48:01.535
2026-09-23 16:40:27,CPET250,0101,Dani Moore,15,15,0,2026-09-23 16:48:02,2026-09-23 16:48:02.006
2026-09-23 16:40:27,CPGH101,0101,Angshuman Kashyap,75,75,0,2026-09-23 16:48:03,2026-09-23 16:48:03.834
2026-09-23 16:40:27,CPGH210,0101,Haley Clark,80,80,0,2026-09-23 16:48:04,2026-09-23 16:48:04.251
2026-09-23 16:40:27,CPGH230,0101,John Wiggins,30,30,0,2026-09-23 16:48:04,2026-09-23 16:48:04.669
2026-09-23 16:40:27,CPGH240,0101,John Wiggins,30,30,0,2026-09-23 16:48:05,2026-09-23 16:48:05.086
2026-09-23 16:40:27,CPGH250,0101,John Wiggins,25,25,0,2026-09-23 16:48:05,2026-09-23 16:48:05.498
2026-09-23 16:40:27,CPGH270,0101,John Wiggins,5,5,0,2026-09-23 16:48:05,2026-09-23 16:48:05.912
2026-09-23 16:40:27,CPJT101,0101,Justine DeCamillis,75,75,0,2026-09-23 16:48:07,2026-09-23 16:48:07.673
2026-09-23 16:40:27,CPJT230,0101,Justine DeCamillis,35,35,0,2026-09-23 16:48:08,2026-09-23 16:48:08.088
2026-09-23 16:40:27,CPJT240,0101,Justine DeCamillis,25,25,0,2026-09-23 16:48:08,2026-09-23 16:48:08.503
2026-09-23 16:40:27,CPJT250,0101,Victoria Worley,25,25,0,2026-09-23 16:48:08,2026-09-23 16:48:08.911
2026-09-23 16:40:27,CPMS101,0101,Alison Burns,75,75,0,2026-09-23 16:48:10,2026-09-23 16:48:10.702
2026-09-23 16:40:27,CPMS230,0101,Alison Burns,30,30,0,2026-09-23 16:48:11,2026-09-23 16:48:11.131
2026-09-23 16:40:27,CPMS240,0101,Alison Burns,15,15,0,2026-09-23 16:48:11,2026-09-23 16:48:11.556
2026-09-23 16:40:27,CPPL101,0101,Kelly Brower,75,75,0,2026-09-23 16:48:13,2026-09-23 16:48:13.302
2026-09-23 16:40:27,CPSA101,0101,Heather-Erin Bremenstuhl,75,75,0,2026-09-23 16:48:15,2026-09-23 16:48:15.093
2026-09-23 16:40:27,CPSA149,0101,Harold Burgess,20,20,0,2026-09-23 16:48:15,2026-09-23 16:48:15.504
2026-09-23 16:40:27,CPSA201,0101,Heather-Erin Bremenstuhl,75,75,0,2026-09-23 16:48:15,2026-09-23 16:48:15.927
2026-09-23 16:40:27,CPSA240,0101,Harold Burgess,15,15,0,2026-09-23 16:48:16,2026-09-23 16:48:16.337
2026-09-23 16:40:27,CPSA250,0101,Heather-Erin Bremenstuhl,10,10,0,2026-09-23 16:48:16,2026-09-23 16:48:16.756
2026-09-23 16:40:27,CPSA250,0201,Heather-Erin Bremenstuhl,10,10,0,2026-09-23 16:48:16,2026-09-23 16:48:16.756
2026-09-23 16:40:27,CPSA250,0301,Heather-Erin Bremenstuhl,10,10,0,2026-09-23 16:48:16,2026-09-23 16:48:16.757
2026-09-23 16:40:27,CPSA260,0101,Heather-Erin Bremenstuhl,10,10,0,2026-09-23 16:48:17,2026-09-23 16:48:17.173
2026-09-23 16:40:27,CPSA260,0201,Heather-Erin Bremenstuhl,10,10,0,2026-09-23 16:48:17,2026-09-23 16:48:17.173
2026-09-23 16:40:27,CPSA260,0301,Alexandra Lynch,10,10,0,2026-09-23 16:48:17,2026-09-23 16:48:17.174
2026-09-23 16:40:27,CPSF101,0101,Nicholas Fletcher,75,75,0,2026-09-23 16:48:18,2026-09-23 16:48:18.945
2026-09-23 16:40:27,CPSG101,0101,Thomas Holtz,75,75,0,2026-09-23 16:48:20,2026-09-23 16:48:20.720
2026-09-23 16:40:27,CPSG230,0101,John Merck,50,50,0,2026-09-23 16:48:21,2026-09-23 16:48:21.136
2026-09-23 16:40:27,CPSG240,0101,John Merck,25,25,0,2026-09-23 16:48:21,2026-09-23 16:48:21.555
2026-09-23 16:40:27,CPSG250,0101,John Merck,25,25,0,2026-09-23 16:48:21,2026-09-23 16:48:21.979
2026-09-23 16:40:27,CPSN101,0101,Hansol Kwak,75,75,0,2026-09-23 16:48:23,2026-09-23 16:48:23.739
2026-09-23 16:40:27,CPSN230,0101,Ellin Chung,40,40,0,2026-09-23 16:48:24,2026-09-23 16:48:24.156
2026-09-23 16:40:27,CPSN240,0101,Ellin Chung,15,15,0,2026-09-23 16:48:24,2026-09-23 16:48:24.568
2026-09-23 16:40:27,CPSN250,0101,Hansol Kwak,25,25,0,2026-09-23 16:48:24,2026-09-23 16:48:24.982
2026-09-23 16:40:27,CPSP239A,0101,Heather-Erin Bremenstuhl,10,10,0,2026-09-23 16:48:26,2026-09-23 16:48:26.750
2026-09-23 16:40:27,CPSP259J,0101,Alison Burns,10,10,0,2026-09-23 16:48:27,2026-09-23 16:48:27.163
2026-09-23 16:40:27,CPSP279N,0101,Stacy Kosko,10,10,0,2026-09-23 16:48:27,2026-09-23 16:48:27.575
2026-09-23 16:40:27,CPSP339P,0101,Kelly Brower,15,15,0,2026-09-23 16:48:27,2026-09-23 16:48:27.989
2026-09-23 16:40:27,CPSP359G,0101,John Merck,25,25,0,2026-09-23 16:48:28,2026-09-23 16:48:28.406
2026-09-23 16:40:27,CPSP359S,0101,David Eubanks,24,24,0,2026-09-23 16:48:28,2026-09-23 16:48:28.838
2026-09-23 16:40:27,CPSP369E,0101,Tim Knight,7,7,0,2026-09-23 16:48:29,2026-09-23 16:48:29.257
2026-09-23 16:40:27,CPSP369E,0102,Tim Knight,5,5,0,2026-09-23 16:48:29,2026-09-23 16:48:29.257
2026-09-23 16:40:27,CPSS101,0101,Christine Alexander,75,75,0,2026-09-23 16:48:31,2026-09-23 16:48:31.569
2026-09-23 16:40:27,CPSS225,0101,Roan Parrish,20,20,0,2026-09-23 16:48:32,2026-09-23 16:48:32.227
2026-09-23 16:40:27,CPSS225,0201,Thomas Zeller,20,20,0,2026-09-23 16:48:32,2026-09-23 16:48:32.227
2026-09-23 16:40:27,CPSS240,0101,Timothy Reedy,25,25,0,2026-09-23 16:48:32,2026-09-23 16:48:32.646
2026-09-23 16:40:27,CPSS340,0101,Nicole Mogul,20,20,0,2026-09-23 16:48:33,2026-09-23 16:48:33.588
2026-09-23 16:40:27,DATA100,0111,Matthew Griffin,27,27,0,2026-09-23 16:48:53,2026-09-23 16:48:53.170
2026-09-23 16:40:27,DATA100,0112,Matthew Griffin,27,27,0,2026-09-23 16:48:53,2026-09-23 16:48:53.170
2026-09-23 16:40:27,DATA100,0121,Matthew Griffin,27,27,0,2026-09-23 16:48:53,2026-09-23 16:48:53.170
2026-09-23 16:40:27,DATA100,0122,Matthew Griffin,27,27,0,2026-09-23 16:48:53,2026-09-23 16:48:53.170
2026-09-23 16:40:27,DATA100,0123,Matthew Griffin,27,27,0,2026-09-23 16:48:53,2026-09-23 16:48:53.170
2026-09-23 16:40:27,DATA100,0131,Matthew Griffin,27,27,0,2026-09-23 16:48:53,2026-09-23 16:48:53.171
2026-09-23 16:40:27,DATA100,0211,Matthew Griffin,27,27,0,2026-09-23 16:48:53,2026-09-23 16:48:53.171
2026-09-23 16:40:27,DATA100,0212,Matthew Griffin,27,27,0,2026-09-23 16:48:53,2026-09-23 16:48:53.171
2026-09-23 16:40:27,DATA100,0221,Matthew Griffin,27,27,0,2026-09-23 16:48:53,2026-09-23 16:48:53.171
2026-09-23 16:40:27,DATA100,0222,Matthew Griffin,27,27,0,2026-09-23 16:48:53,2026-09-23 16:48:53.171
2026-09-23 16:40:27,DATA100,0223,Matthew Griffin,27,27,0,2026-09-23 16:48:53,2026-09-23 16:48:53.172
2026-09-23 16:40:27,DATA100,0224,Matthew Griffin,27,27,0,2026-09-23 16:48:53,2026-09-23 16:48:53.172
2026-09-23 16:40:27,DATA100,0231,Matthew Griffin,27,27,0,2026-09-23 16:48:53,2026-09-23 16:48:53.172
2026-09-23 16:40:27,DATA100,0241,Matthew Griffin,27,27,0,2026-09-23 16:48:53,2026-09-23 16:48:53.172
2026-09-23 16:40:27,DATA100,0242,Matthew Griffin,27,27,0,2026-09-23 16:48:53,2026-09-23 16:48:53.172
2026-09-23 16:40:27,DATA100,0311,Jonathan Fernandes,25,25,0,2026-09-23 16:48:53,2026-09-23 16:48:53.172
2026-09-23 16:40:27,DATA100,0312,Jonathan Fernandes,25,25,0,2026-09-23 16:48:53,2026-09-23 16:48:53.173
2026-09-23 16:40:27,DATA100,0321,Jonathan Fernandes,25,25,0,2026-09-23 16:48:53,2026-09-23 16:48:53.173
2026-09-23 16:40:27,DATA100,0322,Jonathan Fernandes,25,25,0,2026-09-23 16:48:53,2026-09-23 16:48:53.173
2026-09-23 16:40:27,DATA100,0323,Jonathan Fernandes,25,25,0,2026-09-23 16:48:53,2026-09-23 16:48:53.173
2026-09-23 16:40:27,DATA110,0101,Susan Mazzullo,310,310,0,2026-09-23 16:48:53,2026-09-23 16:48:53.590
2026-09-23 16:40:27,DATA120,0101,Fardina Alam,200,200,0,2026-09-23 16:48:54,2026-09-23 16:48:54.004
2026-09-23 16:40:27,DATA200,0101,Fardina Alam,90,90,0,2026-09-23 16:48:54,2026-09-23 16:48:54.632
2026-09-23 16:40:27,DATA250,0101,Todd Rowland,30,30,0,2026-09-23 16:48:55,2026-09-23 16:48:55.057
2026-09-23 16:40:27,DATA320,0101,Maksym Morawski,20,20,0,2026-09-23 16:48:55,2026-09-23 16:48:55.478
2026-09-23 16:40:27,DATA320,0201,Fardina Alam,20,20,0,2026-09-23 16:48:55,2026-09-23 16:48:55.478
2026-09-23 16:40:27,DATA320,0301,Anna Evtushenko,12,12,0,2026-09-23 16:48:55,2026-09-23 16:48:55.479
2026-09-23 16:40:27,DATA350,0101,Todd Rowland,30,30,0,2026-09-23 16:48:55,2026-09-23 16:48:55.904
2026-09-23 16:40:27,DATA350,0201,Raluca Rosca,30,30,0,2026-09-23 16:48:55,2026-09-23 16:48:55.904
2026-09-23 16:40:27,DATA400,0111,Archana Khurana,27,27,0,2026-09-23 16:48:56,2026-09-23 16:48:56.338
2026-09-23 16:40:27,DATA400,0121,Archana Khurana,27,27,0,2026-09-23 16:48:56,2026-09-23 16:48:56.339
2026-09-23 16:40:27,DATA400,0131,Archana Khurana,27,27,0,2026-09-23 16:48:56,2026-09-23 16:48:56.339
2026-09-23 16:40:27,DATA400,0211,Salman Safdar,27,27,0,2026-09-23 16:48:56,2026-09-23 16:48:56.339
2026-09-23 16:40:27,DATA400,0311,Shixin Zheng,27,27,0,2026-09-23 16:48:56,2026-09-23 16:48:56.339
2026-09-23 16:40:27,DATA400,0321,Shixin Zheng,30,30,0,2026-09-23 16:48:56,2026-09-23 16:48:56.339
2026-09-23 16:40:27,DATA400,0331,Shixin Zheng,27,27,0,2026-09-23 16:48:56,2026-09-23 16:48:56.339
2026-09-23 16:40:27,DATA400,0411,Mestiyage Gunatilleka,27,27,0,2026-09-23 16:48:56,2026-09-23 16:48:56.340
2026-09-23 16:40:27,DATA400,0421,Mestiyage Gunatilleka,27,27,0,2026-09-23 16:48:56,2026-09-23 16:48:56.340
2026-09-23 16:40:27,DATA400,0431,Mestiyage Gunatilleka,27,27,0,2026-09-23 16:48:56,2026-09-23 16:48:56.340
2026-09-23 16:40:27,DATA602,PCS1,Tammy Perrin,30,30,0,2026-09-23 16:48:56,2026-09-23 16:48:56.751
2026-09-23 16:40:27,DATA603,PWS1,Kemal Davaslioglu,50,50,0,2026-09-23 16:48:57,2026-09-23 16:48:57.164
2026-09-23 16:40:27,DATA604,PCS1,Wojciech Czaja,55,55,0,2026-09-23 16:48:57,2026-09-23 16:48:57.591
2026-09-23 16:40:27,DATA604,PCS2,Mestiyage Gunatilleka,55,55,0,2026-09-23 16:48:57,2026-09-23 16:48:57.591
2026-09-23 16:40:27,DATA604,PCS3,Kendall Williams,55,55,0,2026-09-23 16:48:57,2026-09-23 16:48:57.591
2026-09-23 16:40:27,DATA604,PCS4,Jonathan Fernandes,55,55,0,2026-09-23 16:48:57,2026-09-23 16:48:57.592
2026-09-23 16:40:27,DATA605,PCS1,Tammy Perrin,55,55,0,2026-09-23 16:48:58,2026-09-23 16:48:58.007
2026-09-23 16:40:27,DATA605,PCS2,Tammy Perrin,55,55,0,2026-09-23 16:48:58,2026-09-23 16:48:58.007
2026-09-23 16:40:27,DATA605,PWS1,Giacinto Paolo Saggese,55,55,0,2026-09-23 16:48:58,2026-09-23 16:48:58.008
2026-09-23 16:40:27,DATA606,PCS1,Abdirisak Mohamed,55,55,0,2026-09-23 16:48:58,2026-09-23 16:48:58.430
2026-09-23 16:40:27,DATA606,PCS2,Abdirisak Mohamed,55,55,0,2026-09-23 16:48:58,2026-09-23 16:48:58.430
2026-09-23 16:40:27,DATA606,PCS3,Toki Inan,55,55,0,2026-09-23 16:48:58,2026-09-23 16:48:58.430
2026-09-23 16:40:27,DATA612,PCS1,Samet Ayhan,55,55,0,2026-09-23 16:48:58,2026-09-23 16:48:58.863
2026-09-23 16:40:27,DATA612,PCS2,Samet Ayhan,55,55,0,2026-09-23 16:48:58,2026-09-23 16:48:58.863
2026-09-23 16:40:27,DATA612,PCS3,Emre Gunduzhan,55,55,0,2026-09-23 16:48:58,2026-09-23 16:48:58.863
2026-09-23 16:40:27,DATA641,PCS1,Armin Mehrabian,55,55,0,2026-09-23 16:48:59,2026-09-23 16:48:59.288
2026-09-23 16:40:27,EALL361,0101,Instructor: TBA,20,20,0,2026-09-23 16:49:01,2026-09-23 16:49:01.037
2026-09-23 16:40:27,EDDI300,0101,Nicole Mehta,20,20,0,2026-09-23 16:49:16,2026-09-23 16:49:16.897
2026-09-23 16:40:27,EMBA788G,GX01,Judy Frels,31,31,0,2026-09-23 16:50:00,2026-09-23 16:50:00.210
2026-09-23 16:40:27,EMBA788V,GX01,Zhi-Long Chen,31,31,0,2026-09-23 16:50:00,2026-09-23 16:50:01.001
2026-09-23 16:40:27,ENAI603,0101,A Seyed,35,35,0,2026-09-23 16:50:20,2026-09-23 16:50:20.524
2026-09-23 16:40:27,ENAI603,AEC1,A Seyed,20,20,0,2026-09-23 16:50:20,2026-09-23 16:50:20.524
2026-09-23 16:40:27,ENBC312,ESG1,Kyunghun Lee,20,20,0,2026-09-23 16:50:22,2026-09-23 16:50:22.315
2026-09-23 16:40:27,ENBC321,ESG1,Jamasp Azarnoosh,20,20,0,2026-09-23 16:50:22,2026-09-23 16:50:22.726
2026-09-23 16:40:27,ENBC342,ESG1,Lan Ma,20,20,0,2026-09-23 16:50:23,2026-09-23 16:50:23.146
2026-09-23 16:40:27,ENBC351,ESG1,Jarred Callura,20,20,0,2026-09-23 16:50:23,2026-09-23 16:50:23.566
2026-09-23 16:40:27,ENBC352,ESG1,Jarred Callura,20,20,0,2026-09-23 16:50:23,2026-09-23 16:50:23.979
2026-09-23 16:40:27,ENBC403,ESG1,Jamasp Azarnoosh,20,20,0,2026-09-23 16:50:24,2026-09-23 16:50:24.391
2026-09-23 16:40:27,ENBC441,ESG1,Lan Ma,20,20,0,2026-09-23 16:50:24,2026-09-23 16:50:24.806
2026-09-23 16:40:27,ENBC455,ESG1,Jarred Callura,20,20,0,2026-09-23 16:50:25,2026-09-23 16:50:25.218
2026-09-23 16:40:27,ENBC491,ESG1,Lan Ma,20,20,0,2026-09-23 16:50:25,2026-09-23 16:50:25.633
2026-09-23 16:40:27,ENCO099,0101,Lizzy Solovey,200,200,0,2026-09-23 16:50:36,2026-09-23 16:50:36.939
2026-09-23 16:40:27,ENEB304,ESG1,Nestor Michael Tiglao,20,20,0,2026-09-23 16:50:38,2026-09-23 16:50:38.723
2026-09-23 16:40:27,ENEB345,ESG1,Nestor Michael Tiglao,20,20,0,2026-09-23 16:50:39,2026-09-23 16:50:39.139
2026-09-23 16:40:27,ENEB352,ESG1,Mohamed Hany,20,20,0,2026-09-23 16:50:39,2026-09-23 16:50:39.553
2026-09-23 16:40:27,ENEB353,ESG1,Manoj Franklin,20,20,0,2026-09-23 16:50:39,2026-09-23 16:50:39.974
2026-09-23 16:40:27,ENEB355,ESG1,Nestor Michael Tiglao,20,20,0,2026-09-23 16:50:40,2026-09-23 16:50:40.397
2026-09-23 16:40:27,ENEB408B,ESG1,Jerry Wu,20,20,0,2026-09-23 16:50:40,2026-09-23 16:50:40.815
2026-09-23 16:40:27,ENEB443,ESG1,George Zaki,20,20,0,2026-09-23 16:50:41,2026-09-23 16:50:41.233
2026-09-23 16:40:27,ENEB453,ESG1,Nestor Michael Tiglao,20,20,0,2026-09-23 16:50:41,2026-09-23 16:50:41.646
2026-09-23 16:40:27,ENEB455,ESG1,Jerry Wu,20,20,0,2026-09-23 16:50:42,2026-09-23 16:50:42.059
2026-09-23 16:40:27,ENEB456,ESG1,Nestor Michael Tiglao,20,20,0,2026-09-23 16:50:42,2026-09-23 16:50:42.475
2026-09-23 16:40:27,ENED037,0101,Hillary Owusu,20,20,0,2026-09-23 16:50:44,2026-09-23 16:50:44.244
2026-09-23 16:40:27,ENED290H,0101,Christopher Troilo,45,45,0,2026-09-23 16:50:44,2026-09-23 16:50:44.667
2026-09-23 16:40:27,ENED394H,0101,Maria Bardossy,40,40,0,2026-09-23 16:50:45,2026-09-23 16:50:45.089
2026-09-23 16:40:27,ENED397,0101,Emily Marks,9,9,0,2026-09-23 16:50:45,2026-09-23 16:50:45.507
2026-09-23 16:40:27,ENED490H,0101,David Ashley,45,45,0,2026-09-23 16:50:45,2026-09-23 16:50:45.920
2026-09-23 16:40:27,ENMT313,ESG1,Nicholas Limparis,3,3,0,2026-09-23 16:52:19,2026-09-23 16:52:19.023
2026-09-23 16:40:27,ENMT332,ESG1,Norman Wereley,4,4,0,2026-09-23 16:52:19,2026-09-23 16:52:19.443
2026-09-23 16:40:27,ENMT362,ESG1,Young Choi,3,3,0,2026-09-23 16:52:19,2026-09-23 16:52:19.855
2026-09-23 16:40:27,ENMT372,ESG1,Gurtajbir Herr,3,3,0,2026-09-23 16:52:20,2026-09-23 16:52:20.267
2026-09-23 16:40:27,ENMT477,ESG1,Gurtajbir Herr,7,7,0,2026-09-23 16:52:20,2026-09-23 16:52:20.680
2026-09-23 16:40:27,ENMT488C,ESG1,Colleen Murray,7,7,0,2026-09-23 16:52:21,2026-09-23 16:52:21.089
2026-09-23 16:40:27,ENMT488P,ESG1,Colleen Murray,7,7,0,2026-09-23 16:52:21,2026-09-23 16:52:21.510
2026-09-23 16:40:27,ENMT488Z,ESG1,Nicholas Limparis,7,7,0,2026-09-23 16:52:21,2026-09-23 16:52:21.937
2026-09-23 16:40:27,ENSP102,0101,Joanna Goger,22,22,0,2026-09-23 16:52:40,2026-09-23 16:52:40.620
2026-09-23 16:40:27,ENSP102,0102,Joanna Goger,22,22,0,2026-09-23 16:52:40,2026-09-23 16:52:40.620
2026-09-23 16:40:27,ENSP102,0103,Joanna Goger,23,23,0,2026-09-23 16:52:40,2026-09-23 16:52:40.621
2026-09-23 16:40:27,ENSP102,0104,Joanna Goger,22,22,0,2026-09-23 16:52:40,2026-09-23 16:52:40.621
2026-09-23 16:40:27,ENSP102,0105,Joanna Goger,22,22,0,2026-09-23 16:52:40,2026-09-23 16:52:40.621
2026-09-23 16:40:27,ENSP102,0106,Joanna Goger,22,22,0,2026-09-23 16:52:40,2026-09-23 16:52:40.621
2026-09-23 16:40:27,ENSP102,0107,Joanna Goger,22,22,0,2026-09-23 16:52:40,2026-09-23 16:52:40.621
2026-09-23 16:40:27,ENSP306,0101,Caroline Boules,30,30,0,2026-09-23 16:52:41,2026-09-23 16:52:41.284
2026-09-23 16:40:27,ENSP330,0101,Joanna Goger,35,35,0,2026-09-23 16:52:41,2026-09-23 16:52:41.711
2026-09-23 16:40:27,ENSP342,0101,Annette Spivy,35,35,0,2026-09-23 16:52:42,2026-09-23 16:52:42.336
2026-09-23 16:40:27,ENSP370,0101,Arielle Wharton,30,30,0,2026-09-23 16:52:42,2026-09-23 16:52:42.752
2026-09-23 16:40:27,ENSP399R,0101,Melissa Kenney,15,15,0,2026-09-23 16:52:44,2026-09-23 16:52:44.630
2026-09-23 16:40:27,ENSP399R,0301,Instructor: TBA,15,15,0,2026-09-23 16:52:44,2026-09-23 16:52:44.630
2026-09-23 16:40:27,ENSP399R,0601,Annette Spivy,10,10,0,2026-09-23 16:52:44,2026-09-23 16:52:44.630
2026-09-23 16:40:27,ENSP399R,1001,Jennifer Mullinax,10,10,0,2026-09-23 16:52:44,2026-09-23 16:52:44.630
2026-09-23 16:40:27,ENSP400,0101,Caroline Boules,30,30,0,2026-09-23 16:52:45,2026-09-23 16:52:45.050
2026-09-23 16:40:27,ENSP400,0102,Annette Spivy,30,30,0,2026-09-23 16:52:45,2026-09-23 16:52:45.051
2026-09-23 16:40:27,ENSP400,0104,Colleen O'Donnell,20,20,0,2026-09-23 16:52:45,2026-09-23 16:52:45.051
2026-09-23 16:40:27,FGSM398,0101,Jayakumar Arasan,120,120,0,2026-09-23 16:53:15,2026-09-23 16:53:15.877
2026-09-23 16:40:27,FGSM398,0201,Jayakumar Arasan,120,120,0,2026-09-23 16:53:15,2026-09-23 16:53:15.877
2026-09-23 16:40:27,GBHL200,0101,Leena Malayil,18,18,0,2026-09-23 16:53:42,2026-09-23 16:53:42.304
2026-09-23 16:40:27,GBHL200,0201,Leena Malayil,13,13,0,2026-09-23 16:53:42,2026-09-23 16:53:42.304
2026-09-23 16:40:27,GBHL210,0101,Leena Malayil,18,18,0,2026-09-23 16:53:42,2026-09-23 16:53:42.735
2026-09-23 16:40:27,GBHL210,0201,Leena Malayil,13,13,0,2026-09-23 16:53:42,2026-09-23 16:53:42.736
2026-09-23 16:40:27,GBHL310,0101,Catherine Maybury,15,15,0,2026-09-23 16:53:43,2026-09-23 16:53:43.154
2026-09-23 16:40:27,GBHL310,0201,Catherine Maybury,15,15,0,2026-09-23 16:53:43,2026-09-23 16:53:43.154
2026-09-23 16:40:27,GBHL450,0101,Heather Wipfli,15,15,0,2026-09-23 16:53:44,2026-09-23 16:53:44.381
2026-09-23 16:40:27,GBHL497,0101,Hassanatu Blake,3,3,0,2026-09-23 16:53:44,2026-09-23 16:53:44.797
2026-09-23 16:40:27,GEMS102,0101,David Lovell,180,180,0,2026-09-23 16:53:46,2026-09-23 16:53:46.655
2026-09-23 16:40:27,GEMS208D,0101,Allison Lansverk,1,1,0,2026-09-23 16:53:47,2026-09-23 16:53:47.066
2026-09-23 16:40:27,GEMS208E,0101,Allison Lansverk,18,18,0,2026-09-23 16:53:47,2026-09-23 16:53:47.502
2026-09-23 16:40:27,GEMS208F,0201,Allison Lansverk,12,12,0,2026-09-23 16:53:47,2026-09-23 16:53:47.913
2026-09-23 16:40:27,GEMS208J,0101,Allison Lansverk,24,24,0,2026-09-23 16:53:48,2026-09-23 16:53:48.329
2026-09-23 16:40:27,GEMS208K,0101,Allison Lansverk,30,30,0,2026-09-23 16:53:48,2026-09-23 16:53:48.748
2026-09-23 16:40:27,GEMS208P,0101,Allison Lansverk,15,15,0,2026-09-23 16:53:49,2026-09-23 16:53:49.167
2026-09-23 16:40:27,GEMS208Q,0201,Allison Lansverk,1,1,0,2026-09-23 16:53:49,2026-09-23 16:53:49.583
2026-09-23 16:40:27,GEMS296,0113,David Lovell,5,5,0,2026-09-23 16:53:49,2026-09-23 16:53:49.997
2026-09-23 16:40:27,GEMS297,0101,Instructor: TBA,14,14,0,2026-09-23 16:53:50,2026-09-23 16:53:50.431
2026-09-23 16:40:27,GEMS297,0102,Instructor: TBA,14,14,0,2026-09-23 16:53:50,2026-09-23 16:53:50.432
2026-09-23 16:40:27,GEMS297,0103,Instructor: TBA,14,14,0,2026-09-23 16:53:50,2026-09-23 16:53:50.432
2026-09-23 16:40:27,GEMS297,0104,Instructor: TBA,14,14,0,2026-09-23 16:53:50,2026-09-23 16:53:50.432
2026-09-23 16:40:27,GEMS297,0105,Instructor: TBA,14,14,0,2026-09-23 16:53:50,2026-09-23 16:53:50.432
2026-09-23 16:40:27,GEMS297,0106,Instructor: TBA,14,14,0,2026-09-23 16:53:50,2026-09-23 16:53:50.432
2026-09-23 16:40:27,GEMS297,0107,Instructor: TBA,14,14,0,2026-09-23 16:53:50,2026-09-23 16:53:50.432
2026-09-23 16:40:27,GEMS297,0108,Instructor: TBA,14,14,0,2026-09-23 16:53:50,2026-09-23 16:53:50.433
2026-09-23 16:40:27,GEMS297,0109,Instructor: TBA,14,14,0,2026-09-23 16:53:50,2026-09-23 16:53:50.433
2026-09-23 16:40:27,GEMS297,0110,Instructor: TBA,14,14,0,2026-09-23 16:53:50,2026-09-23 16:53:50.433
2026-09-23 16:40:27,GEMS297,0111,Instructor: TBA,14,14,0,2026-09-23 16:53:50,2026-09-23 16:53:50.433
2026-09-23 16:40:27,GEMS297,0112,Instructor: TBA,14,14,0,2026-09-23 16:53:50,2026-09-23 16:53:50.433
2026-09-23 16:40:27,GEMS297,0113,Instructor: TBA,14,14,0,2026-09-23 16:53:50,2026-09-23 16:53:50.434
2026-09-23 16:40:27,GEMS297,0114,Instructor: TBA,14,14,0,2026-09-23 16:53:50,2026-09-23 16:53:50.434
2026-09-23 16:40:27,GEMS297,0115,Instructor: TBA,5,5,0,2026-09-23 16:53:50,2026-09-23 16:53:50.434
2026-09-23 16:40:27,GEMS396,0113,David Lovell,5,5,0,2026-09-23 16:53:50,2026-09-23 16:53:50.862
2026-09-23 16:40:27,GEMS397,0101,Michael Humber,14,14,0,2026-09-23 16:53:51,2026-09-23 16:53:51.333
2026-09-23 16:40:27,GEMS397,0102,Seth Dickey,14,14,0,2026-09-23 16:53:51,2026-09-23 16:53:51.333
2026-09-23 16:40:27,GEMS397,0103,Cecilia Huertas Cerdeira,14,14,0,2026-09-23 16:53:51,2026-09-23 16:53:51.333
2026-09-23 16:40:27,GEMS397,0104,Rodolphe Gentili,14,14,0,2026-09-23 16:53:51,2026-09-23 16:53:51.333
2026-09-23 16:40:27,GEMS397,0105,Allison Reilly,14,14,0,2026-09-23 16:53:51,2026-09-23 16:53:51.333
2026-09-23 16:40:27,GEMS397,0106,Peter Sunderland,14,14,0,2026-09-23 16:53:51,2026-09-23 16:53:51.333
2026-09-23 16:40:27,GEMS397,0107,Brett Lacey,14,14,0,2026-09-23 16:53:51,2026-09-23 16:53:51.334
2026-09-23 16:40:27,GEMS397,0108,Natalia Buzulukova,14,14,0,2026-09-23 16:53:51,2026-09-23 16:53:51.334
2026-09-23 16:40:27,GEMS397,0109,Anil Deane,14,14,0,2026-09-23 16:53:51,2026-09-23 16:53:51.334
2026-09-23 16:40:27,GEMS397,0110,Colenso Speer,14,14,0,2026-09-23 16:53:51,2026-09-23 16:53:51.334
2026-09-23 16:40:27,GEMS397,0111,Alisa Clyne,14,14,0,2026-09-23 16:53:51,2026-09-23 16:53:51.334
2026-09-23 16:40:27,GEMS397,0112,Xin Zan,14,14,0,2026-09-23 16:53:51,2026-09-23 16:53:51.335
2026-09-23 16:40:27,GEMS397,0113,Instructor: TBA,14,14,0,2026-09-23 16:53:51,2026-09-23 16:53:51.335
2026-09-23 16:40:27,GEMS397,0114,David Lovell,5,5,0,2026-09-23 16:53:51,2026-09-23 16:53:51.335
2026-09-23 16:40:27,GEMS397,0115,David Lovell,5,5,0,2026-09-23 16:53:51,2026-09-23 16:53:51.335
2026-09-23 16:40:27,GEMS496,0113,David Lovell,5,5,0,2026-09-23 16:53:51,2026-09-23 16:53:51.760
2026-09-23 16:40:27,GEMS497,0101,Eric Haag,14,14,0,2026-09-23 16:53:52,2026-09-23 16:53:52.189
2026-09-23 16:40:27,GEMS497,0102,Mohammad Nayeem Teli,14,14,0,2026-09-23 16:53:52,2026-09-23 16:53:52.189
2026-09-23 16:40:27,GEMS497,0103,Norberto Gonzalez- Juarbe,14,14,0,2026-09-23 16:53:52,2026-09-23 16:53:52.189
2026-09-23 16:40:27,GEMS497,0104,Abhinav Shrivastava,14,14,0,2026-09-23 16:53:52,2026-09-23 16:53:52.189
2026-09-23 16:40:27,GEMS497,0105,Hector Alcala,14,14,0,2026-09-23 16:53:52,2026-09-23 16:53:52.190
2026-09-23 16:40:27,GEMS497,0106,Massimo Ricotti,14,14,0,2026-09-23 16:53:52,2026-09-23 16:53:52.190
2026-09-23 16:40:27,GEMS497,0107,Reza Ghodssi,14,14,0,2026-09-23 16:53:52,2026-09-23 16:53:52.190
2026-09-23 16:40:27,GEMS497,0108,Nikhil Chopra,14,14,0,2026-09-23 16:53:52,2026-09-23 16:53:52.190
2026-09-23 16:40:27,GEMS497,0109,Kimberly Stroka,14,14,0,2026-09-23 16:53:52,2026-09-23 16:53:52.190
2026-09-23 16:40:27,GEMS497,0110,Gorjan Alagic,14,14,0,2026-09-23 16:53:52,2026-09-23 16:53:52.191
2026-09-23 16:40:27,GEMS497,0111,Alisa Clyne,14,14,0,2026-09-23 16:53:52,2026-09-23 16:53:52.191
2026-09-23 16:40:27,GEMS497,0112,Xin Zan,14,14,0,2026-09-23 16:53:52,2026-09-23 16:53:52.191
2026-09-23 16:40:27,GEMS497,0113,David Lovell,14,14,0,2026-09-23 16:53:52,2026-09-23 16:53:52.191
2026-09-23 16:40:27,GEMS497,0114,David Lovell,14,14,0,2026-09-23 16:53:52,2026-09-23 16:53:52.191
2026-09-23 16:40:27,GFPL100,0101,Alec Worsnop,21,21,0,2026-09-23 16:54:27,2026-09-23 16:54:27.293
2026-09-23 16:40:27,GFPL100,0102,Alec Worsnop,21,21,0,2026-09-23 16:54:27,2026-09-23 16:54:27.293
2026-09-23 16:40:27,GFPL100,0103,Alec Worsnop,21,21,0,2026-09-23 16:54:27,2026-09-23 16:54:27.294
2026-09-23 16:40:27,GFPL100,0104,Alec Worsnop,21,21,0,2026-09-23 16:54:27,2026-09-23 16:54:27.294
2026-09-23 16:40:27,GFPL100,0105,Alec Worsnop,21,21,0,2026-09-23 16:54:27,2026-09-23 16:54:27.294
2026-09-23 16:40:27,GFPL100,0106,Alec Worsnop,20,20,0,2026-09-23 16:54:27,2026-09-23 16:54:27.294
2026-09-23 16:40:27,GFPL102,0101,Caroline Ritter,95,95,0,2026-09-23 16:54:27,2026-09-23 16:54:27.707
2026-09-23 16:40:27,GFPL372,0101,Devin Entrikin,40,40,0,2026-09-23 16:54:28,2026-09-23 16:54:28.123
2026-09-23 16:40:27,GLBC200,0101,Parker Brookie,30,30,0,2026-09-23 16:54:29,2026-09-23 16:54:29.900
2026-09-23 16:40:27,GLBC360,0101,Hester Baer,30,30,0,2026-09-23 16:54:30,2026-09-23 16:54:30.670
2026-09-23 16:40:27,HACS101,0101,Michel Cukier,35,35,0,2026-09-23 16:55:07,2026-09-23 16:55:07.005
2026-09-23 16:40:27,HACS101,0201,Michel Cukier,35,35,0,2026-09-23 16:55:07,2026-09-23 16:55:07.005
2026-09-23 16:40:27,HACS201,0101,Bertrand Sobesto,26,26,0,2026-09-23 16:55:07,2026-09-23 16:55:07.436
2026-09-23 16:40:27,HACS208A,0101,Lawrence Gordon,20,20,0,2026-09-23 16:55:07,2026-09-23 16:55:07.854
2026-09-23 16:40:27,HACS208E,0101,Ian Serbin,26,26,0,2026-09-23 16:55:08,2026-09-23 16:55:08.283
2026-09-23 16:40:27,HACS208Z,0101,Zulema Belyeu,30,30,0,2026-09-23 16:55:08,2026-09-23 16:55:08.692
2026-09-23 16:40:27,HACS297,0101,Sarah Herberger,25,25,0,2026-09-23 16:55:09,2026-09-23 16:55:09.952
2026-09-23 16:40:27,HACS318A,0101,Lindsey Schrott,75,75,0,2026-09-23 16:55:10,2026-09-23 16:55:10.369
2026-09-23 16:40:27,HACS408C,0101,Lamia Zia,26,26,0,2026-09-23 16:55:10,2026-09-23 16:55:10.778
2026-09-23 16:40:27,HACS408P,0101,Firoozeh Rahimian,26,26,0,2026-09-23 16:55:11,2026-09-23 16:55:11.196
2026-09-23 16:40:27,HACS408T,0101,Kevin Bock,30,30,0,2026-09-23 16:55:11,2026-09-23 16:55:11.610
2026-09-23 16:40:27,HACS408V,0101,Edward Condon,30,30,0,2026-09-23 16:55:12,2026-09-23 16:55:12.028
2026-09-23 16:40:27,HACS497,0101,Cassie Harrington,25,25,0,2026-09-23 16:55:12,2026-09-23 16:55:12.859
2026-09-23 16:40:27,HACS498,0101,Thomas Woods,10,10,0,2026-09-23 16:55:13,2026-09-23 16:55:13.277
2026-09-23 16:40:27,HACS498,0201,Neal Ziring,18,18,0,2026-09-23 16:55:13,2026-09-23 16:55:13.278
2026-09-23 16:40:27,HACS498,0301,Michel Cukier,4,4,0,2026-09-23 16:55:13,2026-09-23 16:55:13.278
2026-09-23 16:40:27,HBUS105,0101,Daniel McCarthy,35,35,0,2026-09-23 16:55:15,2026-09-23 16:55:15.171
2026-09-23 16:40:27,HBUS105,0201,Daniel McCarthy,35,35,0,2026-09-23 16:55:15,2026-09-23 16:55:15.171
2026-09-23 16:40:27,HBUS205,0101,Nicole Coomber,30,30,0,2026-09-23 16:55:15,2026-09-23 16:55:15.584
2026-09-23 16:40:27,HBUS205,0201,Nicole Coomber,30,30,0,2026-09-23 16:55:15,2026-09-23 16:55:15.584
2026-09-23 16:40:27,HDCC106,0101,Jessica Lu,10,10,0,2026-09-23 16:55:17,2026-09-23 16:55:17.365
2026-09-23 16:40:27,HDCC106,0201,William Evans,10,10,0,2026-09-23 16:55:17,2026-09-23 16:55:17.365
2026-09-23 16:40:27,HDCC106,0301,Grant Bollmer,10,10,0,2026-09-23 16:55:17,2026-09-23 16:55:17.365
2026-09-23 16:40:27,HDCC106,0401,Cliff Bakalian,10,10,0,2026-09-23 16:55:17,2026-09-23 16:55:17.366
2026-09-23 16:40:27,HDCC106,0501,Alex Leitch,10,10,0,2026-09-23 16:55:17,2026-09-23 16:55:17.366
2026-09-23 16:40:27,HDCC106,0601,Jade Olson,10,10,0,2026-09-23 16:55:17,2026-09-23 16:55:17.366
2026-09-23 16:40:27,HDCC106,0701,Courtney Ray,10,10,0,2026-09-23 16:55:17,2026-09-23 16:55:17.366
2026-09-23 16:40:27,HDCC209A,0101,Jessica Lu,15,15,0,2026-09-23 16:55:17,2026-09-23 16:55:17.785
2026-09-23 16:40:27,HDCC209B,0101,Nishtha Das,15,15,0,2026-09-23 16:55:18,2026-09-23 16:55:18.197
2026-09-23 16:40:27,HDCC209C,0101,Hansika Murugu,15,15,0,2026-09-23 16:55:18,2026-09-23 16:55:18.612
2026-09-23 16:40:27,HEBR107,0101,Avital Karpman,15,15,0,2026-09-23 16:55:20,2026-09-23 16:55:20.832
2026-09-23 16:40:27,HEBR107,0201,Avital Karpman,15,15,0,2026-09-23 16:55:20,2026-09-23 16:55:20.832
2026-09-23 16:40:27,HEBR207,0101,Avital Karpman,15,15,0,2026-09-23 16:55:21,2026-09-23 16:55:21.261
2026-09-23 16:40:27,HEBR249A,0101,Aliza Sandalon,15,15,0,2026-09-23 16:55:21,2026-09-23 16:55:21.679
2026-09-23 16:40:27,HEBR314,0101,Aliza Sandalon,20,20,0,2026-09-23 16:55:22,2026-09-23 16:55:22.119
2026-09-23 16:40:27,HGLO298,0101,Daniel Tuke,30,30,0,2026-09-23 16:55:47,2026-09-23 16:55:47.429
2026-09-23 16:40:27,HHUM106,0101,Sarah Humud,17,17,0,2026-09-23 16:55:49,2026-09-23 16:55:49.226
2026-09-23 16:40:27,HHUM106,0102,Sarah Humud,17,17,0,2026-09-23 16:55:49,2026-09-23 16:55:49.226
2026-09-23 16:40:27,HHUM106,0103,Sarah Humud,17,17,0,2026-09-23 16:55:49,2026-09-23 16:55:49.226
2026-09-23 16:40:27,HHUM106,0104,Sarah Humud,17,17,0,2026-09-23 16:55:49,2026-09-23 16:55:49.227
2026-09-23 16:40:27,HHUM206,0101,Sarah Humud,15,15,0,2026-09-23 16:55:49,2026-09-23 16:55:49.650
2026-09-23 16:40:27,HHUM206,0102,Sarah Humud,15,15,0,2026-09-23 16:55:49,2026-09-23 16:55:49.651
2026-09-23 16:40:27,HHUM206,0103,Sarah Humud,15,15,0,2026-09-23 16:55:49,2026-09-23 16:55:49.651
2026-09-23 16:40:27,HHUM206,0104,Sarah Humud,15,15,0,2026-09-23 16:55:49,2026-09-23 16:55:49.651
2026-09-23 16:40:27,HHUM328,0101,Sarah Humud,20,20,0,2026-09-23 16:55:50,2026-09-23 16:55:50.071
2026-09-23 16:40:27,HHUM329,0101,Sarah Humud,5,5,0,2026-09-23 16:55:50,2026-09-23 16:55:50.483
2026-09-23 16:40:27,HISP200,0101,Stefan Woehlke,22,22,0,2026-09-23 16:55:52,2026-09-23 16:55:52.365
2026-09-23 16:40:27,HISP200,0102,Stefan Woehlke,22,22,0,2026-09-23 16:55:52,2026-09-23 16:55:52.365
2026-09-23 16:40:27,HISP200,0103,Stefan Woehlke,22,22,0,2026-09-23 16:55:52,2026-09-23 16:55:52.365
2026-09-23 16:40:27,HISP200,0104,Stefan Woehlke,22,22,0,2026-09-23 16:55:52,2026-09-23 16:55:52.365
2026-09-23 16:40:27,HISP200,0105,Stefan Woehlke,22,22,0,2026-09-23 16:55:52,2026-09-23 16:55:52.366
2026-09-23 16:40:27,HISP319E,0101,Michelle Magalong,20,20,0,2026-09-23 16:55:52,2026-09-23 16:55:52.787
2026-09-23 16:40:27,HISP319S,0101,Michelle Magalong,30,30,0,2026-09-23 16:55:53,2026-09-23 16:55:53.220
2026-09-23 16:40:27,HISP619E,0101,Michelle Magalong,24,24,0,2026-09-23 16:55:53,2026-09-23 16:55:53.634
2026-09-23 16:40:27,HISP619O,0101,Stefan Woehlke,5,5,0,2026-09-23 16:55:54,2026-09-23 16:55:54.065
2026-09-23 16:40:27,HISP630,0101,Rhonda Sincavage,15,15,0,2026-09-23 16:55:54,2026-09-23 16:55:54.479
2026-09-23 16:40:27,HISP635,0101,Eola Dance,10,10,0,2026-09-23 16:55:54,2026-09-23 16:55:54.891
2026-09-23 16:40:27,HISP640,0101,Frederick Stachura,15,15,0,2026-09-23 16:55:55,2026-09-23 16:55:55.318
2026-09-23 16:40:27,HISP655,0101,Donald Linebaugh,15,15,0,2026-09-23 16:55:55,2026-09-23 16:55:55.730
2026-09-23 16:40:27,HISP660,0101,Instructor: TBA,15,15,0,2026-09-23 16:55:56,2026-09-23 16:55:56.138
2026-09-23 16:40:27,HISP670,0101,Alfonso Narvaez,15,15,0,2026-09-23 16:55:56,2026-09-23 16:55:56.689
2026-09-23 16:40:27,HISP690,0101,Donald Linebaugh,15,15,0,2026-09-23 16:55:57,2026-09-23 16:55:57.247
2026-09-23 16:40:27,HISP701,0101,Instructor: TBA,5,5,0,2026-09-23 16:55:57,2026-09-23 16:55:57.660
2026-09-23 16:40:27,HISP710,0101,Susan Kern,15,15,0,2026-09-23 16:55:58,2026-09-23 16:55:58.074
2026-09-23 16:40:27,HISP711,0101,Susan Kern,15,15,0,2026-09-23 16:55:58,2026-09-23 16:55:58.503
2026-09-23 16:40:27,HLSC102,0101,Sabrina Kramer,94,94,0,2026-09-23 16:56:37,2026-09-23 16:56:37.315
2026-09-23 16:40:27,HLSC102,0102,Jalah Townsend,35,35,0,2026-09-23 16:56:37,2026-09-23 16:56:37.315
2026-09-23 16:40:27,HLSC227,0101,Najib El-Sayed,25,25,0,2026-09-23 16:56:38,2026-09-23 16:56:38.117
2026-09-23 16:40:27,HLSC322,0101,Leslie Pick,23,23,0,2026-09-23 16:56:38,2026-09-23 16:56:38.784
2026-09-23 16:40:27,HLSC322,0102,Leslie Pick,23,23,0,2026-09-23 16:56:38,2026-09-23 16:56:38.785
2026-09-23 16:40:27,HLSC322,0103,Sabrina Kramer,23,23,0,2026-09-23 16:56:38,2026-09-23 16:56:38.785
2026-09-23 16:40:27,HLSC322,0104,Sabrina Kramer,23,23,0,2026-09-23 16:56:38,2026-09-23 16:56:38.785
2026-09-23 16:40:27,HLSC329,0101,Sabrina Kramer,12,12,0,2026-09-23 16:56:39,2026-09-23 16:56:39.213
2026-09-23 16:40:27,HNUH100,0101,Leigha McReynolds,10,10,0,2026-09-23 16:57:00,2026-09-23 16:57:00.892
2026-09-23 16:40:27,HNUH218D,0101,Brian Gilmore,50,50,0,2026-09-23 16:57:01,2026-09-23 16:57:01.351
2026-09-23 16:40:27,HNUH218L,0101,Shauna Rigaud,20,20,0,2026-09-23 16:57:01,2026-09-23 16:57:01.839
2026-09-23 16:40:27,HNUH218L,0201,Shauna Rigaud,20,20,0,2026-09-23 16:57:01,2026-09-23 16:57:01.839
2026-09-23 16:40:27,HNUH218M,0101,Instructor: TBA,20,20,0,2026-09-23 16:57:02,2026-09-23 16:57:02.274
2026-09-23 16:40:27,HNUH228D,0101,Matthew McLaughlin,60,60,0,2026-09-23 16:57:02,2026-09-23 16:57:02.715
2026-09-23 16:40:27,HNUH228L,0101,Alena Wigodner,20,20,0,2026-09-23 16:57:03,2026-09-23 16:57:03.143
2026-09-23 16:40:27,HNUH228L,0201,Alena Wigodner,20,20,0,2026-09-23 16:57:03,2026-09-23 16:57:03.143
2026-09-23 16:40:27,HNUH228M,0101,Ted Baker,20,20,0,2026-09-23 16:57:03,2026-09-23 16:57:03.557
2026-09-23 16:40:27,HNUH229P,0101,Tyson Slocum,20,20,0,2026-09-23 16:57:04,2026-09-23 16:57:04.019
2026-09-23 16:40:27,HNUH238D,0101,Susan Moeller,60,60,0,2026-09-23 16:57:04,2026-09-23 16:57:04.452
2026-09-23 16:40:27,HNUH238L,0101,Kimberly Johnson,20,20,0,2026-09-23 16:57:04,2026-09-23 16:57:04.870
2026-09-23 16:40:27,HNUH238L,0201,Kimberly Johnson,20,20,0,2026-09-23 16:57:04,2026-09-23 16:57:04.871
2026-09-23 16:40:27,HNUH238M,0101,Daniel Reck,20,20,0,2026-09-23 16:57:05,2026-09-23 16:57:05.304
2026-09-23 16:40:27,HNUH239I,0101,Jon Crocker,20,20,0,2026-09-23 16:57:05,2026-09-23 16:57:05.717
2026-09-23 16:40:27,HNUH248D,0101,Juan Uriagereka,45,45,0,2026-09-23 16:57:06,2026-09-23 16:57:06.153
2026-09-23 16:40:27,HNUH249T,0101,Daniel Rosenthal,20,20,0,2026-09-23 16:57:06,2026-09-23 16:57:06.579
2026-09-23 16:40:27,HNUH258C,0101,Bill Fagan,55,55,0,2026-09-23 16:57:07,2026-09-23 16:57:07.005
2026-09-23 16:40:27,HNUH258O,0101,Amy Green,20,20,0,2026-09-23 16:57:07,2026-09-23 16:57:07.424
2026-09-23 16:40:27,HNUH259T,0101,Ingrid Satelmajer,20,20,0,2026-09-23 16:57:07,2026-09-23 16:57:07.837
2026-09-23 16:40:27,HNUH268C,0101,Perla Guerrero,60,60,0,2026-09-23 16:57:08,2026-09-23 16:57:08.269
2026-09-23 16:40:27,HNUH268Q,0101,Ebonie Johnson Cooper,20,20,0,2026-09-23 16:57:08,2026-09-23 16:57:08.696
2026-09-23 16:40:27,HNUH268R,0201,Vasfiye Toprak,20,20,0,2026-09-23 16:57:09,2026-09-23 16:57:09.115
2026-09-23 16:40:27,HNUH269T,0101,James Stillwell,20,20,0,2026-09-23 16:57:09,2026-09-23 16:57:09.680
2026-09-23 16:40:27,HNUH278C,0101,Chinyere Osuji,60,60,0,2026-09-23 16:57:10,2026-09-23 16:57:10.103
2026-09-23 16:40:27,HNUH278I,0101,Marisa Franco,20,20,0,2026-09-23 16:57:10,2026-09-23 16:57:10.548
2026-09-23 16:40:27,HNUH278I,0201,Marisa Franco,20,20,0,2026-09-23 16:57:10,2026-09-23 16:57:10.548
2026-09-23 16:40:27,HNUH278O,0101,DeNeen Brown,20,20,0,2026-09-23 16:57:11,2026-09-23 16:57:11.069
2026-09-23 16:40:27,HNUH278Q,0101,Instructor: TBA,20,20,0,2026-09-23 16:57:11,2026-09-23 16:57:11.488
2026-09-23 16:40:27,HNUH278R,0101,Max Barnewitz,20,20,0,2026-09-23 16:57:11,2026-09-23 16:57:11.902
2026-09-23 16:40:27,HNUH288C,0101,Julia Steinberg,30,30,0,2026-09-23 16:57:12,2026-09-23 16:57:12.345
2026-09-23 16:40:27,HNUH288C,0102,Julia Steinberg,30,30,0,2026-09-23 16:57:12,2026-09-23 16:57:12.345
2026-09-23 16:40:27,HNUH288O,0101,Ariana Nash,20,20,0,2026-09-23 16:57:12,2026-09-23 16:57:12.766
2026-09-23 16:40:27,HNUH300,0201,Vasfiye Toprak,20,20,0,2026-09-23 16:57:13,2026-09-23 16:57:13.188
2026-09-23 16:40:27,HNUH300,0301,Shauna Rigaud,20,20,0,2026-09-23 16:57:13,2026-09-23 16:57:13.188
2026-09-23 16:40:27,HNUH300,0401,Instructor: TBA,20,20,0,2026-09-23 16:57:13,2026-09-23 16:57:13.188
2026-09-23 16:40:27,HNUH300,0501,Kimberly Johnson,20,20,0,2026-09-23 16:57:13,2026-09-23 16:57:13.189
2026-09-23 16:40:27,HNUH300,0701,Vasfiye Toprak,20,20,0,2026-09-23 16:57:13,2026-09-23 16:57:13.189
2026-09-23 16:40:27,HNUH300,0801,Instructor: TBA,20,20,0,2026-09-23 16:57:13,2026-09-23 16:57:13.189
2026-09-23 16:40:27,HNUH300,0901,Alena Wigodner,20,20,0,2026-09-23 16:57:13,2026-09-23 16:57:13.189
2026-09-23 16:40:27,HNUH300,1001,Robert Graham,20,20,0,2026-09-23 16:57:13,2026-09-23 16:57:13.189
2026-09-23 16:40:27,HNUH300,1101,Instructor: TBA,20,20,0,2026-09-23 16:57:13,2026-09-23 16:57:13.189
2026-09-23 16:40:27,HNUH398P,0101,Jayakumar Arasan,120,120,0,2026-09-23 16:57:13,2026-09-23 16:57:13.611
2026-09-23 16:40:27,HNUH398P,0201,Jayakumar Arasan,120,120,0,2026-09-23 16:57:13,2026-09-23 16:57:13.611
2026-09-23 16:40:27,HONR379W,0101,Blake Wilder,15,15,0,2026-09-23 16:57:15,2026-09-23 16:57:15.392
2026-09-23 16:40:27,IDEA201,0101,Mira Azarm,20,20,0,2026-09-23 16:57:17,2026-09-23 16:57:17.176
2026-09-23 16:40:27,IDEA201,0102,Christina Hnatov,10,10,0,2026-09-23 16:57:17,2026-09-23 16:57:17.176
2026-09-23 16:40:27,IDEA201,0103,Brooke Smith,60,60,0,2026-09-23 16:57:17,2026-09-23 16:57:17.176
2026-09-23 16:40:27,IDEA201,0104,Brooke Smith,60,60,0,2026-09-23 16:57:17,2026-09-23 16:57:17.177
2026-09-23 16:40:27,IDEA311,0101,Brooke Smith,40,40,0,2026-09-23 16:57:17,2026-09-23 16:57:17.630
2026-09-23 16:40:27,IDEA311,0102,Brooke Smith,15,15,0,2026-09-23 16:57:17,2026-09-23 16:57:17.631
2026-09-23 16:40:27,IMDM101,0101,Stevens Miller,30,30,0,2026-09-23 16:57:20,2026-09-23 16:57:20.259
2026-09-23 16:40:27,IMDM101,0201,Stevens Miller,30,30,0,2026-09-23 16:57:20,2026-09-23 16:57:20.259
2026-09-23 16:40:27,IMDM101,0301,Myungin Lee,30,30,0,2026-09-23 16:57:20,2026-09-23 16:57:20.259
2026-09-23 16:40:27,IMDM127,0101,Matthew Nolan,30,30,0,2026-09-23 16:57:20,2026-09-23 16:57:20.684
2026-09-23 16:40:27,IMDM150,0101,Cy Keener,45,45,0,2026-09-23 16:57:21,2026-09-23 16:57:21.104
2026-09-23 16:40:27,IMDM290,0101,Myungin Lee,30,30,0,2026-09-23 16:57:21,2026-09-23 16:57:21.527
2026-09-23 16:40:27,IMDM290,0201,Myungin Lee,30,30,0,2026-09-23 16:57:21,2026-09-23 16:57:21.527
2026-09-23 16:40:27,IMDM390,0101,Stefano Passeri,30,30,0,2026-09-23 16:57:21,2026-09-23 16:57:21.942
2026-09-23 16:40:27,IMDM390,0201,Stefano Passeri,30,30,0,2026-09-23 16:57:21,2026-09-23 16:57:21.942
2026-09-23 16:40:27,IMDM491,0101,Matthew Nolan,30,30,0,2026-09-23 16:57:22,2026-09-23 16:57:22.756
2026-09-23 16:40:27,IMDM491,0201,Matthew Nolan,30,30,0,2026-09-23 16:57:22,2026-09-23 16:57:22.756
2026-09-23 16:40:27,IMDM498I,0101,Snehesh Shrestha,16,16,0,2026-09-23 16:57:23,2026-09-23 16:57:23.171
2026-09-23 16:40:27,IMDM498J,0101,Yael Inbar,15,15,0,2026-09-23 16:57:23,2026-09-23 16:57:23.593
2026-09-23 16:40:27,IMMR200,0101,Instructor: TBA,40,40,0,2026-09-23 16:57:25,2026-09-23 16:57:25.770
2026-09-23 16:40:27,IMMR394,0101,Wenxi Yang,25,25,0,2026-09-23 16:57:26,2026-09-23 16:57:26.198
2026-09-23 16:40:27,IMMR399,0101,Christina Getrich,1,1,0,2026-09-23 16:57:26,2026-09-23 16:57:26.606
2026-09-23 16:40:27,INFM612,IM01,Instructor: TBA,40,40,0,2026-09-23 16:57:34,2026-09-23 16:57:34.277
2026-09-23 16:40:27,INFM737,IM01,David Loshin,40,40,0,2026-09-23 16:57:34,2026-09-23 16:57:34.691
2026-09-23 16:40:27,ISRL187,0101,Bernard Cooperman,23,23,0,2026-09-23 16:58:05,2026-09-23 16:58:05.130
2026-09-23 16:40:27,ISRL187,0102,Bernard Cooperman,23,23,0,2026-09-23 16:58:05,2026-09-23 16:58:05.131
2026-09-23 16:40:27,ISRL187,0103,Bernard Cooperman,23,23,0,2026-09-23 16:58:05,2026-09-23 16:58:05.131
2026-09-23 16:40:27,ISRL249O,0101,Aner Tal,35,35,0,2026-09-23 16:58:05,2026-09-23 16:58:05.547
2026-09-23 16:40:27,ISRL249P,0101,Aliza Sandalon,15,15,0,2026-09-23 16:58:05,2026-09-23 16:58:05.971
2026-09-23 16:40:27,ISRL282,0101,Shirelle Doughty,30,30,0,2026-09-23 16:58:06,2026-09-23 16:58:06.385
2026-09-23 16:40:27,ISRL329D,0101,Regev Ben-David,35,35,0,2026-09-23 16:58:06,2026-09-23 16:58:06.797
2026-09-23 16:40:27,ISRL329Y,0101,Marwa Maziad,30,30,0,2026-09-23 16:58:07,2026-09-23 16:58:07.368
2026-09-23 16:40:27,ISRL342,0101,Elli Lieberman,35,35,0,2026-09-23 16:58:07,2026-09-23 16:58:07.788
2026-09-23 16:40:27,ISRL349N,0101,Morad Elsana,30,30,0,2026-09-23 16:58:08,2026-09-23 16:58:08.211
2026-09-23 16:40:27,ISRL349W,0101,Avital Karpman,35,35,0,2026-09-23 16:58:08,2026-09-23 16:58:08.640
2026-09-23 16:40:27,ISRL380,0101,Regev Ben-David,35,35,0,2026-09-23 16:58:09,2026-09-23 16:58:09.059
2026-09-23 16:40:27,ISRL383,0101,Ilai Saltzman,35,35,0,2026-09-23 16:58:09,2026-09-23 16:58:09.473
2026-09-23 16:40:27,JAPN102,0101,Kumiko Akikawa,15,15,0,2026-09-23 16:58:14,2026-09-23 16:58:14.694
2026-09-23 16:40:27,JAPN102,0201,Kumiko Akikawa,15,15,0,2026-09-23 16:58:14,2026-09-23 16:58:14.695
2026-09-23 16:40:27,JAPN202,0101,Makiko Inoue,15,15,0,2026-09-23 16:58:15,2026-09-23 16:58:15.128
2026-09-23 16:40:27,JAPN202,0201,Makiko Inoue,15,15,0,2026-09-23 16:58:15,2026-09-23 16:58:15.128
2026-09-23 16:40:27,JAPN302,0101,Mari Hamada,15,15,0,2026-09-23 16:58:15,2026-09-23 16:58:15.542
2026-09-23 16:40:27,JAPN306,0101,Lindsay Yotsukura,15,15,0,2026-09-23 16:58:15,2026-09-23 16:58:15.970
2026-09-23 16:40:27,JAPN335,0101,Michele Mason,20,20,0,2026-09-23 16:58:16,2026-09-23 16:58:16.406
2026-09-23 16:40:27,JAPN355,0101,Jyana Browne,20,20,0,2026-09-23 16:58:16,2026-09-23 16:58:16.820
2026-09-23 16:40:27,JAPN361,0101,Instructor: TBA,20,20,0,2026-09-23 16:58:17,2026-09-23 16:58:17.236
2026-09-23 16:40:27,JAPN425,0101,Michele Mason,25,25,0,2026-09-23 16:58:18,2026-09-23 16:58:18.070
2026-09-23 16:40:27,JAPN457,0101,Lindsay Yotsukura,15,15,0,2026-09-23 16:58:18,2026-09-23 16:58:18.492
2026-09-23 16:40:27,JWST187,0101,Bernard Cooperman,23,23,0,2026-09-23 16:58:48,2026-09-23 16:58:48.125
2026-09-23 16:40:27,JWST187,0102,Bernard Cooperman,23,23,0,2026-09-23 16:58:48,2026-09-23 16:58:48.125
2026-09-23 16:40:27,JWST187,0103,Bernard Cooperman,23,23,0,2026-09-23 16:58:48,2026-09-23 16:58:48.125
2026-09-23 16:40:27,JWST233,0101,Hayim Lapin,45,45,0,2026-09-23 16:58:48,2026-09-23 16:58:48.545
2026-09-23 16:40:27,JWST319A,0101,Daniel Richter,35,35,0,2026-09-23 16:58:48,2026-09-23 16:58:48.975
2026-09-23 16:40:27,JWST319J,0101,Nathan Levine,35,35,0,2026-09-23 16:58:49,2026-09-23 16:58:49.392
2026-09-23 16:40:27,JWST319P,0101,Lauren Kotkin,18,18,0,2026-09-23 16:58:49,2026-09-23 16:58:49.805
2026-09-23 16:40:27,JWST319Q,0101,Regev Ben-David,35,35,0,2026-09-23 16:58:50,2026-09-23 16:58:50.248
2026-09-23 16:40:27,JWST319W,0101,Avital Karpman,35,35,0,2026-09-23 16:58:50,2026-09-23 16:58:50.660
2026-09-23 16:40:27,JWST324,0101,Matthew Suriano,25,25,0,2026-09-23 16:58:51,2026-09-23 16:58:51.072
2026-09-23 16:40:27,JWST386,0101,Instructor: TBA,5,5,0,2026-09-23 16:58:51,2026-09-23 16:58:51.505
2026-09-23 16:40:27,JWST419B,0101,Bernard Cooperman,9,9,0,2026-09-23 16:58:52,2026-09-23 16:58:52.341
2026-09-23 16:40:27,JWST427,0101,Matthew Suriano,15,15,0,2026-09-23 16:58:52,2026-09-23 16:58:52.762
2026-09-23 16:40:27,JWST469C,0101,Bernard Cooperman,10,10,0,2026-09-23 16:58:53,2026-09-23 16:58:53.174
2026-09-23 16:40:27,KORA101,0101,Seong Minne Koh,15,15,0,2026-09-23 16:59:27,2026-09-23 16:59:27.466
2026-09-23 16:40:27,KORA102,0101,Saerom Kwak,15,15,0,2026-09-23 16:59:27,2026-09-23 16:59:27.885
2026-09-23 16:40:27,KORA102,0201,Saerom Kwak,15,15,0,2026-09-23 16:59:27,2026-09-23 16:59:27.886
2026-09-23 16:40:27,KORA102,0301,Saerom Kwak,15,15,0,2026-09-23 16:59:27,2026-09-23 16:59:27.886
2026-09-23 16:40:27,KORA102,0401,Saerom Kwak,15,15,0,2026-09-23 16:59:27,2026-09-23 16:59:27.886
2026-09-23 16:40:27,KORA202,0101,Seong Minne Koh,15,15,0,2026-09-23 16:59:28,2026-09-23 16:59:28.312
2026-09-23 16:40:27,KORA202,0301,Seong Minne Koh,15,15,0,2026-09-23 16:59:28,2026-09-23 16:59:28.313
2026-09-23 16:40:27,KORA398O,0101,Instructor: TBA,10,10,0,2026-09-23 16:59:28,2026-09-23 16:59:28.742
2026-09-23 16:40:27,KORA398V,0101,Seong Minne Koh,10,10,0,2026-09-23 16:59:29,2026-09-23 16:59:29.162
2026-09-23 16:40:27,LEAD217,0101,Pamela Scott,25,25,0,2026-09-23 16:59:48,2026-09-23 16:59:48.634
2026-09-23 16:40:27,LEAD217,0201,Pamela Scott,25,25,0,2026-09-23 16:59:48,2026-09-23 16:59:48.634
2026-09-23 16:40:27,LEAD321,0101,Courtney Holder,10,10,0,2026-09-23 16:59:49,2026-09-23 16:59:49.060
2026-09-23 16:40:27,LEAD417,0101,Anastasia Lavrenyuk,20,20,0,2026-09-23 16:59:49,2026-09-23 16:59:49.487
2026-09-23 16:40:27,LGBT200,0101,Sayan Bhattacharya,25,25,0,2026-09-23 16:59:51,2026-09-23 16:59:51.280
2026-09-23 16:40:27,LGBT200,0102,Sayan Bhattacharya,25,25,0,2026-09-23 16:59:51,2026-09-23 16:59:51.281
2026-09-23 16:40:27,LGBT265,0201,Instructor: TBA,30,30,0,2026-09-23 16:59:51,2026-09-23 16:59:51.692
2026-09-23 16:40:27,LGBT310,0101,Sayan Bhattacharya,25,25,0,2026-09-23 16:59:52,2026-09-23 16:59:52.104
2026-09-23 16:40:27,LGBT475,0101,Sydney Lewis,20,20,0,2026-09-23 16:59:52,2026-09-23 16:59:52.527
2026-09-23 16:40:27,MLAW150,0101,David Gray,25,25,0,2026-09-23 17:00:41,2026-09-23 17:00:41.934
2026-09-23 16:40:27,MLAW150,0102,David Gray,25,25,0,2026-09-23 17:00:41,2026-09-23 17:00:41.934
2026-09-23 16:40:27,MLAW150,0103,David Gray,25,25,0,2026-09-23 17:00:41,2026-09-23 17:00:41.934
2026-09-23 16:40:27,MLAW304,0101,Christine White,40,40,0,2026-09-23 17:00:42,2026-09-23 17:00:42.353
2026-09-23 16:40:27,MLAW305,0201,Brian Gilmore,60,60,0,2026-09-23 17:00:43,2026-09-23 17:00:43.050
2026-09-23 16:40:27,MLAW325,0101,Grace Benton,12,12,0,2026-09-23 17:00:43,2026-09-23 17:00:43.475
2026-09-23 16:40:27,MLAW358W,0101,Michael Spivey,25,25,0,2026-09-23 17:00:43,2026-09-23 17:00:43.906
2026-09-23 16:40:27,MLAW358W,0102,Michael Spivey,25,25,0,2026-09-23 17:00:43,2026-09-23 17:00:43.906
2026-09-23 16:40:27,MLAW358W,0103,Michael Spivey,25,25,0,2026-09-23 17:00:43,2026-09-23 17:00:43.907
2026-09-23 16:40:27,MLAW358W,0104,Michael Spivey,25,25,0,2026-09-23 17:00:43,2026-09-23 17:00:43.907
2026-09-23 16:40:27,MLAW358W,0105,Michael Spivey,25,25,0,2026-09-23 17:00:43,2026-09-23 17:00:43.907
2026-09-23 16:40:27,MLAW358W,0106,Michael Spivey,25,25,0,2026-09-23 17:00:43,2026-09-23 17:00:43.907
2026-09-23 16:40:27,MLAW358Y,0101,Martin Kobren,5,5,0,2026-09-23 17:00:44,2026-09-23 17:00:44.550
2026-09-23 16:40:27,MLAW358Z,0101,Christine White,19,19,0,2026-09-23 17:00:44,2026-09-23 17:00:44.970
2026-09-23 16:40:27,MLAW359,0101,Brandee Pettus,8,8,0,2026-09-23 17:00:45,2026-09-23 17:00:45.678
2026-09-23 16:40:27,MLAW378E,0101,Brandee Pettus,5,5,0,2026-09-23 17:00:46,2026-09-23 17:00:46.092
2026-09-23 16:40:27,MLAW378F,0101,Brian Gilmore,15,15,0,2026-09-23 17:00:46,2026-09-23 17:00:46.976
2026-09-23 16:40:27,MLAW378J,0101,Natalie Ram,20,20,0,2026-09-23 17:00:47,2026-09-23 17:00:47.402
2026-09-23 16:40:27,MLAW378T,0101,Marley Weiss,20,20,0,2026-09-23 17:00:47,2026-09-23 17:00:47.817
2026-09-23 16:40:27,MLAW388,0101,Brandee Pettus,33,33,0,2026-09-23 17:00:48,2026-09-23 17:00:48.236
2026-09-23 16:40:27,MLAW388,0201,Brandee Pettus,6,6,0,2026-09-23 17:00:48,2026-09-23 17:00:48.236
2026-09-23 16:40:27,MLAW404,0101,Christine White,75,75,0,2026-09-23 17:00:48,2026-09-23 17:00:48.649
2026-09-23 16:40:27,MSAI602,PCS1,Tammy Perrin,30,30,0,2026-09-23 17:00:50,2026-09-23 17:00:50.653
2026-09-23 16:40:27,MSAI603,PWS1,Kemal Davaslioglu,50,50,0,2026-09-23 17:00:51,2026-09-23 17:00:51.085
2026-09-23 16:40:27,MSAI605,PCS1,Jerry Wu,55,55,0,2026-09-23 17:00:51,2026-09-23 17:00:51.514
2026-09-23 16:40:27,MSAI605,PCS2,Samet Ayhan,55,55,0,2026-09-23 17:00:51,2026-09-23 17:00:51.514
2026-09-23 16:40:27,MSAI605,PCS3,Rajeev Barua,65,65,0,2026-09-23 17:00:51,2026-09-23 17:00:51.514
2026-09-23 16:40:27,MSML602,PCS1,Tammy Perrin,30,30,0,2026-09-23 17:00:53,2026-09-23 17:00:53.326
2026-09-23 16:40:27,MSML603,PWS1,Kemal Davaslioglu,50,50,0,2026-09-23 17:00:53,2026-09-23 17:00:53.735
2026-09-23 16:40:27,MSML604,PCS1,Richard La,38,38,0,2026-09-23 17:00:54,2026-09-23 17:00:54.155
2026-09-23 16:40:27,MSML604,PCS2,Richard La,38,38,0,2026-09-23 17:00:54,2026-09-23 17:00:54.155
2026-09-23 16:40:27,MSML604,PCS3,Siddharth Pal,55,55,0,2026-09-23 17:00:54,2026-09-23 17:00:54.155
2026-09-23 16:40:27,MSML605,PCS1,Jerry Wu,55,55,0,2026-09-23 17:00:54,2026-09-23 17:00:54.580
2026-09-23 16:40:27,MSML605,PCS2,Samet Ayhan,55,55,0,2026-09-23 17:00:54,2026-09-23 17:00:54.580
2026-09-23 16:40:27,MSML605,PCS3,Rajeev Barua,65,65,0,2026-09-23 17:00:54,2026-09-23 17:00:54.580
2026-09-23 16:40:27,MSML606,PCS2,Sujeong Kim,55,55,0,2026-09-23 17:00:55,2026-09-23 17:00:55.292
2026-09-23 16:40:27,MSML606,PCS3,Samet Ayhan,55,55,0,2026-09-23 17:00:55,2026-09-23 17:00:55.292
2026-09-23 16:40:27,MSML612,PCS1,Samet Ayhan,55,55,0,2026-09-23 17:00:55,2026-09-23 17:00:55.725
2026-09-23 16:40:27,MSML612,PCS2,Samet Ayhan,55,55,0,2026-09-23 17:00:55,2026-09-23 17:00:55.725
2026-09-23 16:40:27,MSML612,PCS3,Emre Gunduzhan,55,55,0,2026-09-23 17:00:55,2026-09-23 17:00:55.725
2026-09-23 16:40:27,MSML640,PCS1,Jerry Wu,70,70,0,2026-09-23 17:00:56,2026-09-23 17:00:56.144
2026-09-23 16:40:27,MSML640,PCS2,Sujeong Kim,55,55,0,2026-09-23 17:00:56,2026-09-23 17:00:56.144
2026-09-23 16:40:27,MSML641,PCS1,Armin Mehrabian,55,55,0,2026-09-23 17:00:56,2026-09-23 17:00:56.567
2026-09-23 16:40:27,NAVY101,0101,Beau Cisneros,30,30,0,2026-09-23 17:01:43,2026-09-23 17:01:43.085
2026-09-23 16:40:27,NAVY108,0101,Christopher Boehm,150,150,0,2026-09-23 17:01:43,2026-09-23 17:01:43.495
2026-09-23 16:40:27,NAVY201,0101,Austin Cranfill,30,30,0,2026-09-23 17:01:43,2026-09-23 17:01:43.912
2026-09-23 16:40:27,NAVY301,0101,Beau Cisneros,35,35,0,2026-09-23 17:01:44,2026-09-23 17:01:44.323
2026-09-23 16:40:27,NAVY401,0101,John Gonser,36,36,0,2026-09-23 17:01:44,2026-09-23 17:01:44.738
2026-09-23 16:40:27,NAVY402,0102,Jenna Weiner,25,25,0,2026-09-23 17:01:45,2026-09-23 17:01:45.165
2026-09-23 16:40:27,NEUR200,0101,Ana Navarro Cebrian,90,90,0,2026-09-23 17:01:46,2026-09-23 17:01:46.978
2026-09-23 16:40:27,NEUR200,0201,Ana Navarro Cebrian,90,90,0,2026-09-23 17:01:46,2026-09-23 17:01:46.978
2026-09-23 16:40:27,NEUR305,0101,Amanda Chicoli,90,90,0,2026-09-23 17:01:47,2026-09-23 17:01:47.395
2026-09-23 16:40:27,NEUR306,0101,Chan Lin,64,64,0,2026-09-23 17:01:47,2026-09-23 17:01:47.814
2026-09-23 16:40:27,NEUR306,0102,Melissa Caras,40,40,0,2026-09-23 17:01:47,2026-09-23 17:01:47.814
2026-09-23 16:40:27,NEUR338A,0101,Amanda Chicoli,20,20,0,2026-09-23 17:01:48,2026-09-23 17:01:48.656
2026-09-23 16:40:27,NEUR398H,0101,Nikolas Francis,20,20,0,2026-09-23 17:01:49,2026-09-23 17:01:49.883
2026-09-23 16:40:27,NEUR405,0101,Hilary Bierman,16,16,0,2026-09-23 17:01:50,2026-09-23 17:01:50.317
2026-09-23 16:40:27,NEUR405,0102,Hilary Bierman,16,16,0,2026-09-23 17:01:50,2026-09-23 17:01:50.317
2026-09-23 16:40:27,NEUR405,0103,Hilary Bierman,16,16,0,2026-09-23 17:01:50,2026-09-23 17:01:50.317
2026-09-23 16:40:27,NEUR405,0106,Hilary Bierman,16,16,0,2026-09-23 17:01:50,2026-09-23 17:01:50.318
2026-09-23 16:40:27,PEER318,0101,Christina Jay,15,15,0,2026-09-23 17:02:03,2026-09-23 17:02:03.533
2026-09-23 16:40:27,PEER319,0101,Grace Boudreau,15,15,0,2026-09-23 17:02:03,2026-09-23 17:02:03.963
2026-09-23 16:40:27,PEER322,0101,Aleia Gardner,15,15,0,2026-09-23 17:02:04,2026-09-23 17:02:04.425
2026-09-23 16:40:27,PHPE308A,0101,Rachel Singpurwalla,25,25,0,2026-09-23 17:02:17,2026-09-23 17:02:17.548
2026-09-23 16:40:27,PHPE308P,0101,Xinzhi Zhao,30,30,0,2026-09-23 17:02:17,2026-09-23 17:02:17.964
2026-09-23 16:40:27,PHPE308U,0101,Aner Tal,35,35,0,2026-09-23 17:02:18,2026-09-23 17:02:18.388
2026-09-23 16:40:27,PHPE400,0101,Instructor: TBA,30,30,0,2026-09-23 17:02:19,2026-09-23 17:02:19.211
2026-09-23 16:40:27,PHPE401,0101,Xinzhi Zhao,27,27,0,2026-09-23 17:02:19,2026-09-23 17:02:19.630
2026-09-23 16:40:27,PHPE401,0102,Xinzhi Zhao,27,27,0,2026-09-23 17:02:19,2026-09-23 17:02:19.630
2026-09-23 16:40:27,PHPE402,0101,Ben Fan,30,30,0,2026-09-23 17:02:20,2026-09-23 17:02:20.046
2026-09-23 16:40:27,PHPE408M,0101,Nicholas Laskowski,25,25,0,2026-09-23 17:02:20,2026-09-23 17:02:20.456
2026-09-23 16:40:27,PHPE408Z,0101,Avia Pasternak,30,30,0,2026-09-23 17:02:20,2026-09-23 17:02:20.897
2026-09-23 16:40:27,PHSC201,0101,Kayla Hoffman,30,30,0,2026-09-23 17:02:22,2026-09-23 17:02:22.699
2026-09-23 16:40:27,PHSC388F,0101,Jennifer German,30,30,0,2026-09-23 17:02:23,2026-09-23 17:02:23.125
2026-09-23 16:40:27,PHSC399,0101,Shannon Edward,30,30,0,2026-09-23 17:02:23,2026-09-23 17:02:23.953
2026-09-23 16:40:27,PHSC399,ESG1,Shannon Edward,20,20,0,2026-09-23 17:02:23,2026-09-23 17:02:23.953
2026-09-23 16:40:27,PHSC415,0101,Jessica O'Hara,36,36,0,2026-09-23 17:02:24,2026-09-23 17:02:24.391
2026-09-23 16:40:27,PHSC415,0102,Jessica O'Hara,36,36,0,2026-09-23 17:02:24,2026-09-23 17:02:24.391
2026-09-23 16:40:27,PHSC415,0103,Jessica O'Hara,36,36,0,2026-09-23 17:02:24,2026-09-23 17:02:24.391
2026-09-23 16:40:27,PHSC415,0104,Jessica O'Hara,36,36,0,2026-09-23 17:02:24,2026-09-23 17:02:24.391
2026-09-23 16:40:27,PHSC415,0105,Jessica O'Hara,36,36,0,2026-09-23 17:02:24,2026-09-23 17:02:24.391
2026-09-23 16:40:27,PHSC430,0101,Kendall Bustad,35,35,0,2026-09-23 17:02:24,2026-09-23 17:02:24.812
2026-09-23 16:40:27,PHSC430,ESG1,Kendall Bustad,8,8,0,2026-09-23 17:02:24,2026-09-23 17:02:24.812
2026-09-23 16:40:27,PHSC450,0101,Kendall Bustad,20,20,0,2026-09-23 17:02:25,2026-09-23 17:02:25.244
2026-09-23 16:40:27,PHSC450,0102,Kendall Bustad,20,20,0,2026-09-23 17:02:25,2026-09-23 17:02:25.244
2026-09-23 16:40:27,PHSC450,0103,Kendall Bustad,20,20,0,2026-09-23 17:02:25,2026-09-23 17:02:25.244
2026-09-23 16:40:27,PHSC450,0104,Kendall Bustad,20,20,0,2026-09-23 17:02:25,2026-09-23 17:02:25.244
2026-09-23 16:40:27,PHSC450,0105,Kendall Bustad,20,20,0,2026-09-23 17:02:25,2026-09-23 17:02:25.245
2026-09-23 16:40:27,PHSC450,0106,Kendall Bustad,20,20,0,2026-09-23 17:02:25,2026-09-23 17:02:25.245
2026-09-23 16:40:27,PHSC450,0107,Kendall Bustad,20,20,0,2026-09-23 17:02:25,2026-09-23 17:02:25.245
2026-09-23 16:40:27,PHSC450,ESG1,Kendall Bustad,35,35,0,2026-09-23 17:02:25,2026-09-23 17:02:25.245
2026-09-23 16:40:27,PHSC490,0101,Shannon Edward,30,30,0,2026-09-23 17:02:25,2026-09-23 17:02:25.658
2026-09-23 16:40:27,PHSC497,0101,Gretchen De Silva,20,20,0,2026-09-23 17:02:26,2026-09-23 17:02:26.114
2026-09-23 16:40:27,PHSC497,0201,Kendall Bustad,20,20,0,2026-09-23 17:02:26,2026-09-23 17:02:26.114
2026-09-23 16:40:27,PHSC497,0301,Gretchen De Silva,20,20,0,2026-09-23 17:02:26,2026-09-23 17:02:26.115
2026-09-23 16:40:27,PHSC497,0401,Aysha Jawed,20,20,0,2026-09-23 17:02:26,2026-09-23 17:02:26.115
2026-09-23 16:40:27,PHSC497,0501,Jennifer German,20,20,0,2026-09-23 17:02:26,2026-09-23 17:02:26.115
2026-09-23 16:40:27,PHSC497,0601,Carmen Booker,20,20,0,2026-09-23 17:02:26,2026-09-23 17:02:26.115
2026-09-23 16:40:27,PHSC497,0701,Lakeshia Watson,20,20,0,2026-09-23 17:02:26,2026-09-23 17:02:26.115
2026-09-23 16:40:27,PHSC497,0801,Lakeshia Watson,20,20,0,2026-09-23 17:02:26,2026-09-23 17:02:26.115
2026-09-23 16:40:27,PHSC497,0901,Darya Soltani,20,20,0,2026-09-23 17:02:26,2026-09-23 17:02:26.116
2026-09-23 16:40:27,PHSC497,1001,Brienna Anderson,20,20,0,2026-09-23 17:02:26,2026-09-23 17:02:26.116
2026-09-23 16:40:27,PHSC497,1101,Margaret Smith,20,20,0,2026-09-23 17:02:26,2026-09-23 17:02:26.116
2026-09-23 16:40:27,PHSC497,1201,Eric Silfen,20,20,0,2026-09-23 17:02:26,2026-09-23 17:02:26.116
2026-09-23 16:40:27,PHSC497,1301,Lakeshia Watson,20,20,0,2026-09-23 17:02:26,2026-09-23 17:02:26.116
2026-09-23 16:40:27,PHSC497,ESG1,Ann Truelove,20,20,0,2026-09-23 17:02:26,2026-09-23 17:02:26.117
2026-09-23 16:40:27,RDEV250,0101,Wayne Ricardo Curtis,75,75,0,2026-09-23 17:03:41,2026-09-23 17:03:41.122
2026-09-23 16:40:27,RDEV250,0102,Wayne Ricardo Curtis,75,75,0,2026-09-23 17:03:41,2026-09-23 17:03:41.122
2026-09-23 16:40:27,RDEV270,0101,John Park,30,30,0,2026-09-23 17:03:41,2026-09-23 17:03:41.541
2026-09-23 16:40:27,RDEV350,0101,Jesse Saginor,25,25,0,2026-09-23 17:03:41,2026-09-23 17:03:41.961
2026-09-23 16:40:27,RDEV350,0102,Instructor: TBA,30,30,0,2026-09-23 17:03:41,2026-09-23 17:03:41.961
2026-09-23 16:40:27,RDEV410,0101,Peter Goldsmith,30,30,0,2026-09-23 17:03:42,2026-09-23 17:03:42.374
2026-09-23 16:40:27,RDEV415,0101,Bilal Ali,20,20,0,2026-09-23 17:03:42,2026-09-23 17:03:42.786
2026-09-23 16:40:27,RDEV445,0101,Matthew O'Malley,15,15,0,2026-09-23 17:03:43,2026-09-23 17:03:43.207
2026-09-23 16:40:27,RDEV450,0101,Kathryn Corby,30,30,0,2026-09-23 17:03:43,2026-09-23 17:03:43.625
2026-09-23 16:40:27,RDEV450,0102,Thomas Dwyer,20,20,0,2026-09-23 17:03:43,2026-09-23 17:03:43.626
2026-09-23 16:40:27,RDEV450,0103,John Park,30,30,0,2026-09-23 17:03:43,2026-09-23 17:03:43.626
2026-09-23 16:40:27,RDEV478D,0101,Jesse Saginor,20,20,0,2026-09-23 17:03:44,2026-09-23 17:03:44.041
2026-09-23 16:40:27,RDEV600,0101,Jesse Saginor,10,10,0,2026-09-23 17:03:44,2026-09-23 17:03:44.624
2026-09-23 16:40:27,RDEV603,0101,Thomas Dwyer,18,18,0,2026-09-23 17:03:45,2026-09-23 17:03:45.087
2026-09-23 16:40:27,RDEV610,0101,David Warner,20,20,0,2026-09-23 17:03:45,2026-09-23 17:03:45.505
2026-09-23 16:40:27,RDEV615,0101,Bilal Ali,20,20,0,2026-09-23 17:03:45,2026-09-23 17:03:45.922
2026-09-23 16:40:27,RDEV630,0101,Mansur Abdul-Malik,30,30,0,2026-09-23 17:03:46,2026-09-23 17:03:46.341
2026-09-23 16:40:27,RDEV650,0101,Matthew O'Malley,25,25,0,2026-09-23 17:03:46,2026-09-23 17:03:46.758
2026-09-23 16:40:27,RDEV689F,0101,Zachary Marks,20,20,0,2026-09-23 17:03:47,2026-09-23 17:03:47.173
2026-09-23 16:40:27,RDEV689I,0101,Ronald McDonald,14,14,0,2026-09-23 17:03:47,2026-09-23 17:03:47.592
2026-09-23 16:40:27,RDEV689R,0101,Nick Egelanian,15,15,0,2026-09-23 17:03:48,2026-09-23 17:03:48.009
2026-09-23 16:40:27,RDEV689Y,0101,Instructor: TBA,12,12,0,2026-09-23 17:03:48,2026-09-23 17:03:48.427
2026-09-23 16:40:27,RDEV690,0101,Tanya Bansal,12,12,0,2026-09-23 17:03:48,2026-09-23 17:03:48.848
2026-09-23 16:40:27,RELS170,0101,Katherine Wasdin,21,21,0,2026-09-23 17:03:50,2026-09-23 17:03:50.649
2026-09-23 16:40:27,RELS170,0102,Katherine Wasdin,21,21,0,2026-09-23 17:03:50,2026-09-23 17:03:50.650
2026-09-23 16:40:27,RELS170,0103,Katherine Wasdin,21,21,0,2026-09-23 17:03:50,2026-09-23 17:03:50.650
2026-09-23 16:40:27,RELS170,0104,Katherine Wasdin,21,21,0,2026-09-23 17:03:50,2026-09-23 17:03:50.650
2026-09-23 16:40:27,RELS170,0105,Katherine Wasdin,21,21,0,2026-09-23 17:03:50,2026-09-23 17:03:50.650
2026-09-23 16:40:27,RELS170,0106,Katherine Wasdin,21,21,0,2026-09-23 17:03:50,2026-09-23 17:03:50.650
2026-09-23 16:40:27,RELS170,0107,Katherine Wasdin,21,21,0,2026-09-23 17:03:50,2026-09-23 17:03:50.651
2026-09-23 16:40:27,RELS170,0108,Katherine Wasdin,21,21,0,2026-09-23 17:03:50,2026-09-23 17:03:50.651
2026-09-23 16:40:27,RELS170,0109,Katherine Wasdin,21,21,0,2026-09-23 17:03:50,2026-09-23 17:03:50.651
2026-09-23 16:40:27,RELS264,0101,Jay Moses,30,30,0,2026-09-23 17:03:51,2026-09-23 17:03:51.066
2026-09-23 16:40:27,RELS271,0101,Instructor: TBA,40,40,0,2026-09-23 17:03:51,2026-09-23 17:03:51.481
2026-09-23 16:40:27,RELS319Q,0101,Regev Ben-David,35,35,0,2026-09-23 17:03:51,2026-09-23 17:03:51.901
2026-09-23 16:40:27,RELS342,0101,Stefano Villani,27,27,0,2026-09-23 17:03:52,2026-09-23 17:03:52.319
2026-09-23 16:40:27,RELS427,0101,Matthew Suriano,15,15,0,2026-09-23 17:03:52,2026-09-23 17:03:52.736
2026-09-23 16:40:27,RELS429M,0101,Antoine Borrut,27,27,0,2026-09-23 17:03:53,2026-09-23 17:03:53.152
2026-09-23 16:40:27,RUSS102,0101,Inna Hardman,15,15,0,2026-09-23 17:03:54,2026-09-23 17:03:54.948
2026-09-23 16:40:27,RUSS102,0201,Inna Hardman,15,15,0,2026-09-23 17:03:54,2026-09-23 17:03:54.949
2026-09-23 16:40:27,RUSS202,0101,Zhanna Gerus-Vernola,15,15,0,2026-09-23 17:03:55,2026-09-23 17:03:55.366
2026-09-23 16:40:27,RUSS302,0101,Izolda Savenkova,15,15,0,2026-09-23 17:03:55,2026-09-23 17:03:55.784
2026-09-23 16:40:27,RUSS398A,0101,Instructor: TBA,15,15,0,2026-09-23 17:03:56,2026-09-23 17:03:56.628
2026-09-23 16:40:27,RUSS398F,0101,Elizabeth Papazian,25,25,0,2026-09-23 17:03:57,2026-09-23 17:03:57.041
2026-09-23 16:40:27,RUSS406,0101,Izolda Savenkova,15,15,0,2026-09-23 17:03:57,2026-09-23 17:03:57.878
2026-09-23 16:40:27,RUSS412,0101,Inna Hardman,15,15,0,2026-09-23 17:03:58,2026-09-23 17:03:58.299
2026-09-23 16:40:27,SDSB123,0101,Srijeeta Mitra,26,26,0,2026-09-23 17:04:00,2026-09-23 17:04:00.599
2026-09-23 16:40:27,SDSB180,0101,Srijeeta Mitra,155,155,0,2026-09-23 17:04:01,2026-09-23 17:04:01.018
2026-09-23 16:40:27,SDSB233,0101,Richard Engstrom,28,28,0,2026-09-23 17:04:01,2026-09-23 17:04:01.492
2026-09-23 16:40:27,SDSB233,0102,Richard Engstrom,28,28,0,2026-09-23 17:04:01,2026-09-23 17:04:01.492
2026-09-23 16:40:27,SDSB326,0101,Jacob Coutts,40,40,0,2026-09-23 17:04:01,2026-09-23 17:04:01.963
2026-09-23 16:40:27,SDSB340,0101,Neil Lund,24,24,0,2026-09-23 17:04:02,2026-09-23 17:04:02.432
2026-09-23 16:40:27,SDSI414,0101,Instructor: TBA,40,40,0,2026-09-23 17:04:04,2026-09-23 17:04:04.224
2026-09-23 16:40:27,SDSI414,0102,Instructor: TBA,40,40,0,2026-09-23 17:04:04,2026-09-23 17:04:04.224
2026-09-23 16:40:27,SDSI414,0103,Instructor: TBA,40,40,0,2026-09-23 17:04:04,2026-09-23 17:04:04.224
2026-09-23 16:40:27,SDSI414,0201,Instructor: TBA,40,40,0,2026-09-23 17:04:04,2026-09-23 17:04:04.224
2026-09-23 16:40:27,SDSI414,0202,Instructor: TBA,40,40,0,2026-09-23 17:04:04,2026-09-23 17:04:04.225
2026-09-23 16:40:27,SDSI492,0101,Instructor: TBA,29,29,0,2026-09-23 17:04:04,2026-09-23 17:04:04.653
2026-09-23 16:40:27,SDSI492,0102,Instructor: TBA,25,25,0,2026-09-23 17:04:04,2026-09-23 17:04:04.653
2026-09-23 16:40:27,SDSI492,0103,Instructor: TBA,25,25,0,2026-09-23 17:04:04,2026-09-23 17:04:04.653
2026-09-23 16:40:27,SDSI492,0104,Instructor: TBA,20,20,0,2026-09-23 17:04:04,2026-09-23 17:04:04.653
2026-09-23 16:40:27,SDSI492,0105,Instructor: TBA,50,50,0,2026-09-23 17:04:04,2026-09-23 17:04:04.653
2026-09-23 16:40:27,SDSI492,0107,Instructor: TBA,25,25,0,2026-09-23 17:04:04,2026-09-23 17:04:04.654
2026-09-23 16:40:27,SDSI492,0108,Instructor: TBA,25,25,0,2026-09-23 17:04:04,2026-09-23 17:04:04.654
2026-09-23 16:40:27,SDSI492,0110,Instructor: TBA,25,25,0,2026-09-23 17:04:04,2026-09-23 17:04:04.654
2026-09-23 16:40:27,SDSI496,0101,Jacob Coutts,25,25,0,2026-09-23 17:04:05,2026-09-23 17:04:05.083
2026-09-23 16:40:27,SLLC286,0101,Andrew Schonebaum,60,60,0,2026-09-23 17:04:08,2026-09-23 17:04:08.844
2026-09-23 16:40:27,SLLC287,0101,Sean Pue,20,20,0,2026-09-23 17:04:09,2026-09-23 17:04:09.261
2026-09-23 16:40:27,SLLC305,0101,Nahal Akbari-Saneh,25,25,0,2026-09-23 17:04:09,2026-09-23 17:04:09.676
2026-09-23 16:40:27,SLLC309,0101,Ahmed Hanafy,10,10,0,2026-09-23 17:04:10,2026-09-23 17:04:10.115
2026-09-23 16:40:27,SLLC309,0102,Ahmed Hanafy,10,10,0,2026-09-23 17:04:10,2026-09-23 17:04:10.115
2026-09-23 16:40:27,SLLC309,0103,Ahmed Hanafy,10,10,0,2026-09-23 17:04:10,2026-09-23 17:04:10.115
2026-09-23 16:40:27,SLLC309,0104,Ahmed Hanafy,10,10,0,2026-09-23 17:04:10,2026-09-23 17:04:10.115
2026-09-23 16:40:27,SLLC309,0105,Ahmed Hanafy,10,10,0,2026-09-23 17:04:10,2026-09-23 17:04:10.115
2026-09-23 16:40:27,SLLC309,0106,Ahmed Hanafy,10,10,0,2026-09-23 17:04:10,2026-09-23 17:04:10.116
2026-09-23 16:40:27,SLLC309,0107,Ahmed Hanafy,10,10,0,2026-09-23 17:04:10,2026-09-23 17:04:10.116
2026-09-23 16:40:27,SLLC309,0108,Ahmed Hanafy,10,10,0,2026-09-23 17:04:10,2026-09-23 17:04:10.116
2026-09-23 16:40:27,SLLC309,0109,Ahmed Hanafy,10,10,0,2026-09-23 17:04:10,2026-09-23 17:04:10.116
2026-09-23 16:40:27,SLLC309,0110,Ahmed Hanafy,10,10,0,2026-09-23 17:04:10,2026-09-23 17:04:10.116
2026-09-23 16:40:27,SLLC309,0111,Ahmed Hanafy,10,10,0,2026-09-23 17:04:10,2026-09-23 17:04:10.116
2026-09-23 16:40:27,SLLC329,0101,Marilyn Matar,10,10,0,2026-09-23 17:04:10,2026-09-23 17:04:10.548
2026-09-23 16:40:27,SLLC329,0102,Marilyn Matar,10,10,0,2026-09-23 17:04:10,2026-09-23 17:04:10.548
2026-09-23 16:40:27,SLLC329,0103,Marilyn Matar,20,20,0,2026-09-23 17:04:10,2026-09-23 17:04:10.549
2026-09-23 16:40:27,SLLC329,0104,Marilyn Matar,10,10,0,2026-09-23 17:04:10,2026-09-23 17:04:10.549
2026-09-23 16:40:27,SLLC329,0105,Marilyn Matar,10,10,0,2026-09-23 17:04:10,2026-09-23 17:04:10.549
2026-09-23 16:40:27,SLLC329,0106,Marilyn Matar,10,10,0,2026-09-23 17:04:10,2026-09-23 17:04:10.549
2026-09-23 16:40:27,SLLC329,0107,Marilyn Matar,10,10,0,2026-09-23 17:04:10,2026-09-23 17:04:10.549
2026-09-23 16:40:27,SLLC329,0108,Marilyn Matar,10,10,0,2026-09-23 17:04:10,2026-09-23 17:04:10.550
2026-09-23 16:40:27,SLLC329,0109,Marilyn Matar,10,10,0,2026-09-23 17:04:10,2026-09-23 17:04:10.550
2026-09-23 16:40:27,SLLC329,0110,Marilyn Matar,20,20,0,2026-09-23 17:04:10,2026-09-23 17:04:10.550
2026-09-23 16:40:27,SMLP471,0101,Jennifer Hsin,60,60,0,2026-09-23 17:04:12,2026-09-23 17:04:12.309
2026-09-23 16:40:27,SMLP474,0101,Sara Herald,60,60,0,2026-09-23 17:04:12,2026-09-23 17:04:12.731
2026-09-23 16:40:27,SPHL100,0101,Shuling Wu,20,20,0,2026-09-23 17:04:46,2026-09-23 17:04:46.448
2026-09-23 16:40:27,SPHL100,0102,Shuling Wu,20,20,0,2026-09-23 17:04:46,2026-09-23 17:04:46.448
2026-09-23 16:40:27,SPHL100,0103,Shuling Wu,20,20,0,2026-09-23 17:04:46,2026-09-23 17:04:46.448
2026-09-23 16:40:27,SPHL100,0104,Shuling Wu,20,20,0,2026-09-23 17:04:46,2026-09-23 17:04:46.449
2026-09-23 16:40:27,SPHL100,0105,Shuling Wu,20,20,0,2026-09-23 17:04:46,2026-09-23 17:04:46.449
2026-09-23 16:40:27,SPHL100,0106,Shuling Wu,20,20,0,2026-09-23 17:04:46,2026-09-23 17:04:46.449
2026-09-23 16:40:27,SPHL100,0107,Shuling Wu,20,20,0,2026-09-23 17:04:46,2026-09-23 17:04:46.449
2026-09-23 16:40:27,SPHL100,0108,Shuling Wu,20,20,0,2026-09-23 17:04:46,2026-09-23 17:04:46.449
2026-09-23 16:40:27,SPHL100,0109,Shuling Wu,20,20,0,2026-09-23 17:04:46,2026-09-23 17:04:46.450
2026-09-23 16:40:27,SPHL100,0110,Shuling Wu,20,20,0,2026-09-23 17:04:46,2026-09-23 17:04:46.450
2026-09-23 16:40:27,SPHL100,0201,Shuling Wu,20,20,0,2026-09-23 17:04:46,2026-09-23 17:04:46.450
2026-09-23 16:40:27,SPHL100,0202,Shuling Wu,20,20,0,2026-09-23 17:04:46,2026-09-23 17:04:46.450
2026-09-23 16:40:27,SPHL100,0203,Shuling Wu,20,20,0,2026-09-23 17:04:46,2026-09-23 17:04:46.451
2026-09-23 16:40:27,SPHL100,0204,Shuling Wu,20,20,0,2026-09-23 17:04:46,2026-09-23 17:04:46.451
2026-09-23 16:40:27,SPHL100,0205,Shuling Wu,20,20,0,2026-09-23 17:04:46,2026-09-23 17:04:46.451
2026-09-23 16:40:27,SPHL100,0206,Shuling Wu,20,20,0,2026-09-23 17:04:46,2026-09-23 17:04:46.451
2026-09-23 16:40:27,SPHL100,0207,Shuling Wu,20,20,0,2026-09-23 17:04:46,2026-09-23 17:04:46.451
2026-09-23 16:40:27,SPHL100,0208,Shuling Wu,20,20,0,2026-09-23 17:04:46,2026-09-23 17:04:46.452
2026-09-23 16:40:27,SPHL246,0101,April Khaing,20,20,0,2026-09-23 17:04:47,2026-09-23 17:04:47.096
2026-09-23 16:40:27,SPHL276,0101,Dina Borzekowski,25,25,0,2026-09-23 17:04:47,2026-09-23 17:04:47.521
2026-09-23 16:40:27,SPHL321,0101,Sylvette La Touche-Howard,15,15,0,2026-09-23 17:04:47,2026-09-23 17:04:47.938
2026-09-23 16:40:27,SPHL333,0101,Cynthia Kershaw,75,75,0,2026-09-23 17:04:48,2026-09-23 17:04:48.348
2026-09-23 16:40:27,SPHL478,0101,Tracy Zeeger,10,10,0,2026-09-23 17:04:49,2026-09-23 17:04:49.176
2026-09-23 16:40:27,SPHL600,0101,Sylvette La Touche-Howard,8,8,0,2026-09-23 17:04:49,2026-09-23 17:04:49.604
2026-09-23 16:40:27,SPHL610,0101,Danielle Catona,22,22,0,2026-09-23 17:04:50,2026-09-23 17:04:50.029
2026-09-23 16:40:27,SPHL610,0102,Danielle Catona,22,22,0,2026-09-23 17:04:50,2026-09-23 17:04:50.030
2026-09-23 16:40:27,SPHL610,0103,Danielle Catona,22,22,0,2026-09-23 17:04:50,2026-09-23 17:04:50.030
2026-09-23 16:40:27,SPHL610,PLB1,Priscilla Novak,20,20,0,2026-09-23 17:04:50,2026-09-23 17:04:50.030
2026-09-23 16:40:27,SPHL610,PLH1,Priscilla Novak,28,28,0,2026-09-23 17:04:50,2026-09-23 17:04:50.030
2026-09-23 16:40:27,SPHL610,PLK1,Priscilla Novak,5,5,0,2026-09-23 17:04:50,2026-09-23 17:04:50.031
2026-09-23 16:40:27,SPHL611,0101,Danielle Catona,45,45,0,2026-09-23 17:04:50,2026-09-23 17:04:50.671
2026-09-23 16:40:27,SPHL611,0201,Danielle Catona,45,45,0,2026-09-23 17:04:50,2026-09-23 17:04:50.672
2026-09-23 16:40:27,SPHL611,PLB1,Evelyn King-Marshall,20,20,0,2026-09-23 17:04:50,2026-09-23 17:04:50.672
2026-09-23 16:40:27,SPHL611,PLH1,Evelyn King-Marshall,28,28,0,2026-09-23 17:04:50,2026-09-23 17:04:50.672
2026-09-23 16:40:27,SPHL611,PLK1,Evelyn King-Marshall,5,5,0,2026-09-23 17:04:50,2026-09-23 17:04:50.672
2026-09-23 16:40:27,SPHL612,0101,James Hagberg,15,15,0,2026-09-23 17:04:51,2026-09-23 17:04:51.093
2026-09-23 16:40:27,TLTC310,0101,Sarah Kistner,20,20,0,2026-09-23 17:05:31,2026-09-23 17:05:31.065
2026-09-23 16:40:27,TLTC333,0101,Mona Thompson,55,55,0,2026-09-23 17:05:31,2026-09-23 17:05:31.486
2026-09-23 16:40:27,TLTC333,0102,Mona Thompson,55,55,0,2026-09-23 17:05:31,2026-09-23 17:05:31.486
2026-09-23 16:40:27,TLTC333,0105,Mona Thompson,55,55,0,2026-09-23 17:05:31,2026-09-23 17:05:31.486
2026-09-23 16:40:27,URSP372,0101,Priscila Alves,20,20,0,2026-09-23 17:05:43,2026-09-23 17:05:43.501
2026-09-23 16:40:27,URSP600,0101,Kevin Nelson,25,25,0,2026-09-23 17:05:43,2026-09-23 17:05:43.915
2026-09-23 16:40:27,URSP603,0101,Dawn Jourdan,33,33,0,2026-09-23 17:05:44,2026-09-23 17:05:44.326
2026-09-23 16:40:27,URSP606,0101,Chengri Ding,15,15,0,2026-09-23 17:05:44,2026-09-23 17:05:44.755
2026-09-23 16:40:27,URSP631,0101,Hiroyuki Iseki,15,15,0,2026-09-23 17:05:45,2026-09-23 17:05:45.171
2026-09-23 16:40:27,URSP668B,0101,Eric Burnstein,20,20,0,2026-09-23 17:05:45,2026-09-23 17:05:45.630
2026-09-23 16:40:27,URSP673,0101,Riem ElZoghbi,25,25,0,2026-09-23 17:05:46,2026-09-23 17:05:46.047
2026-09-23 16:40:27,URSP688M,0101,Andrew Bernish,20,20,0,2026-09-23 17:05:46,2026-09-23 17:05:46.456
2026-09-23 16:40:27,URSP688P,0101,Sonja Ewing,15,15,0,2026-09-23 17:05:46,2026-09-23 17:05:46.872
2026-09-23 16:40:27,URSP688Y,0101,Chester Harvey,30,30,0,2026-09-23 17:05:47,2026-09-23 17:05:47.288
2026-09-23 16:40:27,URSP708,0101,Nicholas Finio,10,10,0,2026-09-23 17:05:47,2026-09-23 17:05:47.709
2026-09-23 16:40:27,URSP709,0101,Casey Dawkins,10,10,0,2026-09-23 17:05:48,2026-09-23 17:05:48.124
2026-09-23 16:40:27,URSP805,0101,Casey Dawkins,15,15,0,2026-09-23 17:05:49,2026-09-23 17:05:49.971
2026-09-23 16:40:27,USLT202,0101,Robert Chester,26,26,0,2026-09-23 17:05:52,2026-09-23 17:05:52.581
2026-09-23 16:40:27,USLT403,0101,Perla Guerrero,20,20,0,2026-09-23 17:05:52,2026-09-23 17:05:52.997
2026-09-23 16:40:27,USLT420,0101,Robert Chester,27,27,0,2026-09-23 17:05:53,2026-09-23 17:05:53.417
2026-09-23 16:40:27,USLT488,0101,Nancy Mirabal,30,30,0,2026-09-23 17:05:53,2026-09-23 17:05:53.836
2026-09-23 16:40:27,USLT498L,0101,Fernando Rios,12,12,0,2026-09-23 17:05:54,2026-09-23 17:05:54.244
2026-09-23 16:40:27,VIPS208,0102,Ken Kiger,10,10,0,2026-09-23 17:05:56,2026-09-23 17:05:56.047
2026-09-23 16:40:27,VIPS208,0103,Bryan Quinn,10,10,0,2026-09-23 17:05:56,2026-09-23 17:05:56.047
2026-09-23 16:40:27,VIPS208,0104,Ryan Sochol,10,10,0,2026-09-23 17:05:56,2026-09-23 17:05:56.047
2026-09-23 16:40:27,VIPS208,0105,Molly Carton,10,10,0,2026-09-23 17:05:56,2026-09-23 17:05:56.048
2026-09-23 16:40:27,VIPS208,0106,James Baeder,11,11,0,2026-09-23 17:05:56,2026-09-23 17:05:56.048
2026-09-23 16:40:27,VIPS208,0107,Catherine Spirito,10,10,0,2026-09-23 17:05:56,2026-09-23 17:05:56.048
2026-09-23 16:40:27,VIPS208,0108,Ronald Yaros,10,10,0,2026-09-23 17:05:56,2026-09-23 17:05:56.048
2026-09-23 16:40:27,VIPS208,0109,Carinna Ferguson,10,10,0,2026-09-23 17:05:56,2026-09-23 17:05:56.048
2026-09-23 16:40:27,VIPS208,0110,Tracy Riggins,10,10,0,2026-09-23 17:05:56,2026-09-23 17:05:56.048
2026-09-23 16:40:27,VIPS208,0111,Kevin Calabro,10,10,0,2026-09-23 17:05:56,2026-09-23 17:05:56.049
2026-09-23 16:40:27,VIPS208,0112,Raffaele Viglianti,10,10,0,2026-09-23 17:05:56,2026-09-23 17:05:56.049
2026-09-23 16:40:27,VIPS208,0113,Shabnam Jabeen,10,10,0,2026-09-23 17:05:56,2026-09-23 17:05:56.049
2026-09-23 16:40:27,VIPS208,0114,Ning Zeng,10,10,0,2026-09-23 17:05:56,2026-09-23 17:05:56.049
2026-09-23 16:40:27,VIPS208,0115,Veronica Kang,10,10,0,2026-09-23 17:05:56,2026-09-23 17:05:56.049
2026-09-23 16:40:27,VIPS208,0116,David Stewart,10,10,0,2026-09-23 17:05:56,2026-09-23 17:05:56.050
2026-09-23 16:40:27,VIPS208,0117,Meredith Epstein,10,10,0,2026-09-23 17:05:56,2026-09-23 17:05:56.050
2026-09-23 16:40:27,VIPS208,0118,Magaly Toro Ibaceta,10,10,0,2026-09-23 17:05:56,2026-09-23 17:05:56.050
2026-09-23 16:40:27,VIPS208,0120,Marisa Parham,10,10,0,2026-09-23 17:05:56,2026-09-23 17:05:56.050
2026-09-23 16:40:27,VIPS208,0121,Becky Epanchin-Niell,10,10,0,2026-09-23 17:05:56,2026-09-23 17:05:56.050
2026-09-23 16:40:27,VIPS208,0122,Timothy Reedy,10,10,0,2026-09-23 17:05:56,2026-09-23 17:05:56.051
2026-09-23 16:40:27,VIPS208,0123,Lingnan Lin,10,10,0,2026-09-23 17:05:56,2026-09-23 17:05:56.051
2026-09-23 16:40:27,VIPS208,0124,Jeffrey Moro,10,10,0,2026-09-23 17:05:56,2026-09-23 17:05:56.051
2026-09-23 16:40:27,VIPS208,0125,Peter Sunderland,10,10,0,2026-09-23 17:05:56,2026-09-23 17:05:56.051
2026-09-23 16:40:27,VIPS208,0126,Brienna Anderson,10,10,0,2026-09-23 17:05:56,2026-09-23 17:05:56.051
2026-09-23 16:40:27,VIPS308,0102,Ken Kiger,10,10,0,2026-09-23 17:05:56,2026-09-23 17:05:56.511
2026-09-23 16:40:27,VIPS308,0103,Bryan Quinn,13,13,0,2026-09-23 17:05:56,2026-09-23 17:05:56.511
2026-09-23 16:40:27,VIPS308,0104,Ryan Sochol,10,10,0,2026-09-23 17:05:56,2026-09-23 17:05:56.511
2026-09-23 16:40:27,VIPS308,0105,Molly Carton,10,10,0,2026-09-23 17:05:56,2026-09-23 17:05:56.511
2026-09-23 16:40:27,VIPS308,0106,James Baeder,10,10,0,2026-09-23 17:05:56,2026-09-23 17:05:56.511
2026-09-23 16:40:27,VIPS308,0107,Catherine Spirito,10,10,0,2026-09-23 17:05:56,2026-09-23 17:05:56.512
2026-09-23 16:40:27,VIPS308,0108,Ronald Yaros,10,10,0,2026-09-23 17:05:56,2026-09-23 17:05:56.512
2026-09-23 16:40:27,VIPS308,0109,Carinna Ferguson,10,10,0,2026-09-23 17:05:56,2026-09-23 17:05:56.512
2026-09-23 16:40:27,VIPS308,0110,Tracy Riggins,10,10,0,2026-09-23 17:05:56,2026-09-23 17:05:56.512
2026-09-23 16:40:27,VIPS308,0111,Kevin Calabro,10,10,0,2026-09-23 17:05:56,2026-09-23 17:05:56.512
2026-09-23 16:40:27,VIPS308,0112,Raffaele Viglianti,10,10,0,2026-09-23 17:05:56,2026-09-23 17:05:56.513
2026-09-23 16:40:27,VIPS308,0113,Shabnam Jabeen,10,10,0,2026-09-23 17:05:56,2026-09-23 17:05:56.513
2026-09-23 16:40:27,VIPS308,0114,Ning Zeng,10,10,0,2026-09-23 17:05:56,2026-09-23 17:05:56.513
2026-09-23 16:40:27,VIPS308,0115,Veronica Kang,10,10,0,2026-09-23 17:05:56,2026-09-23 17:05:56.513
2026-09-23 16:40:27,VIPS308,0116,David Stewart,10,10,0,2026-09-23 17:05:56,2026-09-23 17:05:56.513
2026-09-23 16:40:27,VIPS308,0117,Meredith Epstein,10,10,0,2026-09-23 17:05:56,2026-09-23 17:05:56.514
2026-09-23 16:40:27,VIPS308,0118,Magaly Toro Ibaceta,10,10,0,2026-09-23 17:05:56,2026-09-23 17:05:56.514
2026-09-23 16:40:27,VIPS308,0120,Marisa Parham,10,10,0,2026-09-23 17:05:56,2026-09-23 17:05:56.514
2026-09-23 16:40:27,VIPS308,0121,Becky Epanchin-Niell,10,10,0,2026-09-23 17:05:56,2026-09-23 17:05:56.514
2026-09-23 16:40:27,VIPS308,0122,Timothy Reedy,10,10,0,2026-09-23 17:05:56,2026-09-23 17:05:56.514
2026-09-23 16:40:27,VIPS308,0123,Lingnan Lin,10,10,0,2026-09-23 17:05:56,2026-09-23 17:05:56.514
2026-09-23 16:40:27,VIPS308,0124,Jeffrey Moro,10,10,0,2026-09-23 17:05:56,2026-09-23 17:05:56.515
2026-09-23 16:40:27,VIPS308,0125,Peter Sunderland,10,10,0,2026-09-23 17:05:56,2026-09-23 17:05:56.515
2026-09-23 16:40:27,VIPS308,0126,Brienna Anderson,10,10,0,2026-09-23 17:05:56,2026-09-23 17:05:56.515
2026-09-23 16:40:27,VIPS408,0102,Ken Kiger,10,10,0,2026-09-23 17:05:56,2026-09-23 17:05:56.978
2026-09-23 16:40:27,VIPS408,0103,Bryan Quinn,10,10,0,2026-09-23 17:05:56,2026-09-23 17:05:56.978
2026-09-23 16:40:27,VIPS408,0104,Ryan Sochol,10,10,0,2026-09-23 17:05:56,2026-09-23 17:05:56.978
2026-09-23 16:40:27,VIPS408,0105,Molly Carton,10,10,0,2026-09-23 17:05:56,2026-09-23 17:05:56.978
2026-09-23 16:40:27,VIPS408,0106,James Baeder,10,10,0,2026-09-23 17:05:56,2026-09-23 17:05:56.978
2026-09-23 16:40:27,VIPS408,0107,Catherine Spirito,10,10,0,2026-09-23 17:05:56,2026-09-23 17:05:56.979
2026-09-23 16:40:27,VIPS408,0108,Ronald Yaros,10,10,0,2026-09-23 17:05:56,2026-09-23 17:05:56.979
2026-09-23 16:40:27,VIPS408,0109,Carinna Ferguson,10,10,0,2026-09-23 17:05:56,2026-09-23 17:05:56.979
2026-09-23 16:40:27,VIPS408,0110,Tracy Riggins,10,10,0,2026-09-23 17:05:56,2026-09-23 17:05:56.979
2026-09-23 16:40:27,VIPS408,0111,Kevin Calabro,10,10,0,2026-09-23 17:05:56,2026-09-23 17:05:56.979
2026-09-23 16:40:27,VIPS408,0112,Raffaele Viglianti,10,10,0,2026-09-23 17:05:56,2026-09-23 17:05:56.979
2026-09-23 16:40:27,VIPS408,0113,Shabnam Jabeen,10,10,0,2026-09-23 17:05:56,2026-09-23 17:05:56.980
2026-09-23 16:40:27,VIPS408,0114,Ning Zeng,10,10,0,2026-09-23 17:05:56,2026-09-23 17:05:56.980
2026-09-23 16:40:27,VIPS408,0115,Veronica Kang,10,10,0,2026-09-23 17:05:56,2026-09-23 17:05:56.980
2026-09-23 16:40:27,VIPS408,0116,David Stewart,10,10,0,2026-09-23 17:05:56,2026-09-23 17:05:56.980
2026-09-23 16:40:27,VIPS408,0117,Meredith Epstein,10,10,0,2026-09-23 17:05:56,2026-09-23 17:05:56.980
2026-09-23 16:40:27,VIPS408,0118,Magaly Toro Ibaceta,10,10,0,2026-09-23 17:05:56,2026-09-23 17:05:56.981
2026-09-23 16:40:27,VIPS408,0120,Marisa Parham,10,10,0,2026-09-23 17:05:56,2026-09-23 17:05:56.981
2026-09-23 16:40:27,VIPS408,0121,Becky Epanchin-Niell,10,10,0,2026-09-23 17:05:56,2026-09-23 17:05:56.981
2026-09-23 16:40:27,VIPS408,0122,Timothy Reedy,10,10,0,2026-09-23 17:05:56,2026-09-23 17:05:56.981
2026-09-23 16:40:27,VIPS408,0123,Lingnan Lin,10,10,0,2026-09-23 17:05:56,2026-09-23 17:05:56.981
2026-09-23 16:40:27,VIPS408,0124,Jeffrey Moro,10,10,0,2026-09-23 17:05:56,2026-09-23 17:05:56.981
2026-09-23 16:40:27,VIPS408,0125,Peter Sunderland,10,10,0,2026-09-23 17:05:56,2026-09-23 17:05:56.982
2026-09-23 16:40:27,VIPS408,0126,Brienna Anderson,10,10,0,2026-09-23 17:05:56,2026-09-23 17:05:56.982
2026-09-23 16:40:27,WEID139N,0101,Denise Joseph,60,60,0,2026-09-23 17:06:00,2026-09-23 17:06:00.753
2026-09-23 16:40:27,WEID139T,0201,Taylor Togafau-Lewis,45,45,0,2026-09-23 17:06:01,2026-09-23 17:06:01.217
2026-09-23 16:40:27,WGSS105,0101,Jessica Mathiason,30,30,0,2026-09-23 17:06:03,2026-09-23 17:06:03.439
2026-09-23 16:40:27,WGSS105,0102,Jessica Mathiason,30,30,0,2026-09-23 17:06:03,2026-09-23 17:06:03.439
2026-09-23 16:40:27,WGSS105,0103,Jessica Mathiason,30,30,0,2026-09-23 17:06:03,2026-09-23 17:06:03.439
2026-09-23 16:40:27,WGSS105,0104,Jessica Mathiason,30,30,0,2026-09-23 17:06:03,2026-09-23 17:06:03.440
2026-09-23 16:40:27,WGSS115,0101,Alexis Lothian,25,25,0,2026-09-23 17:06:03,2026-09-23 17:06:03.902
2026-09-23 16:40:27,WGSS115,0102,Alexis Lothian,25,25,0,2026-09-23 17:06:03,2026-09-23 17:06:03.902
2026-09-23 16:40:27,WGSS201,0101,Sayan Bhattacharya,25,25,0,2026-09-23 17:06:04,2026-09-23 17:06:04.368
2026-09-23 16:40:27,WGSS201,0102,Sayan Bhattacharya,25,25,0,2026-09-23 17:06:04,2026-09-23 17:06:04.368
2026-09-23 16:40:27,WGSS205,0101,Shelbi Meissner,21,21,0,2026-09-23 17:06:04,2026-09-23 17:06:04.833
2026-09-23 16:40:27,WGSS205,0201,Shelbi Meissner,21,21,0,2026-09-23 17:06:04,2026-09-23 17:06:04.833
2026-09-23 16:40:27,WGSS230,0101,Daniel Richter,20,20,0,2026-09-23 17:06:05,2026-09-23 17:06:05.286
2026-09-23 16:40:27,WGSS250,0101,Lidia Garcia Berrelleza,25,25,0,2026-09-23 17:06:05,2026-09-23 17:06:05.732
2026-09-23 16:40:27,WGSS250,0201,Shameem Razack,25,25,0,2026-09-23 17:06:05,2026-09-23 17:06:05.732
2026-09-23 16:40:27,WGSS255,0101,Instructor: TBA,30,30,0,2026-09-23 17:06:06,2026-09-23 17:06:06.144
2026-09-23 16:40:27,WGSS265,0101,Ashley Newby,40,40,0,2026-09-23 17:06:06,2026-09-23 17:06:06.572
2026-09-23 16:40:27,WGSS275,0101,Instructor: TBA,30,30,0,2026-09-23 17:06:06,2026-09-23 17:06:06.995
2026-09-23 16:40:27,WGSS280,0101,Jessica Mathiason,52,52,0,2026-09-23 17:06:07,2026-09-23 17:06:07.408
2026-09-23 16:40:27,WGSS290,0101,Jessica Mathiason,30,30,0,2026-09-23 17:06:07,2026-09-23 17:06:07.824
2026-09-23 16:40:27,WGSS290,0201,Sydney Lewis,31,31,0,2026-09-23 17:06:07,2026-09-23 17:06:07.824
2026-09-23 16:40:27,WGSS298C,0101,Will Mosley,35,35,0,2026-09-23 17:06:08,2026-09-23 17:06:08.240
2026-09-23 16:40:27,WGSS298S,0101,Jordan Keesler,25,25,0,2026-09-23 17:06:08,2026-09-23 17:06:08.655
2026-09-23 16:40:27,WGSS302,0101,Will Mosley,25,25,0,2026-09-23 17:06:09,2026-09-23 17:06:09.069
2026-09-23 16:40:27,WGSS306,0101,Sydney Lewis,30,30,0,2026-09-23 17:06:09,2026-09-23 17:06:09.486
2026-09-23 16:40:27,WGSS310,0101,Sayan Bhattacharya,25,25,0,2026-09-23 17:06:09,2026-09-23 17:06:09.899
2026-09-23 16:40:27,WGSS319F,0101,Alexis Lothian,30,30,0,2026-09-23 17:06:10,2026-09-23 17:06:10.316
2026-09-23 16:40:27,WGSS379U,0101,John Drabinski,25,25,0,2026-09-23 17:06:10,2026-09-23 17:06:10.732
2026-09-23 16:40:27,WGSS422,0101,Jennifer Cho,18,18,0,2026-09-23 17:06:11,2026-09-23 17:06:11.150
2026-09-23 16:40:27,WGSS471,0101,Instructor: TBA,25,25,0,2026-09-23 17:06:11,2026-09-23 17:06:11.567
2026-09-23 16:40:27,WGSS471,0201,Instructor: TBA,45,45,0,2026-09-23 17:06:11,2026-09-23 17:06:11.567
2026-09-23 16:40:27,WGSS475,0101,Sydney Lewis,20,20,0,2026-09-23 17:06:11,2026-09-23 17:06:11.978
2026-09-23 16:40:27,WGSS487,0101,Eva Hageman,15,15,0,2026-09-23 17:06:12,2026-09-23 17:06:12.391
2026-09-23 16:40:27,WGSS487H,0101,Eva Hageman,5,5,0,2026-09-23 17:06:12,2026-09-23 17:06:12.805
2026-09-23 16:40:27,WGSS602,0101,Shelbi Meissner,12,12,0,2026-09-23 17:06:14,2026-09-23 17:06:14.446
2026-09-23 16:40:27,WGSS708,0101,Alexis Lothian,10,10,0,2026-09-23 17:06:15,2026-09-23 17:06:15.676
2026-09-23 16:40:27,XPER455,0101,TJ Rainsford,25,25,0,2026-09-23 17:06:18,2026-09-23 17:06:18.650
2026-09-23 19:07:56,AAAS100,0101,Shane Walsh,35,35,0,2026-09-23 19:07:58,2026-09-23 19:07:58.493
2026-09-23 19:07:56,AAAS100,0201,Shane Walsh,35,35,0,2026-09-23 19:07:58,2026-09-23 19:07:58.493
2026-09-23 19:07:56,AAAS100,0301,George Kintiba,30,30,0,2026-09-23 19:07:58,2026-09-23 19:07:58.494
2026-09-23 19:07:56,AAAS100,0401,Beka Guluma,35,35,0,2026-09-23 19:07:58,2026-09-23 19:07:58.494
2026-09-23 19:07:56,AAAS100,0501,Jason Nichols,33,33,0,2026-09-23 19:07:58,2026-09-23 19:07:58.494
2026-09-23 19:07:56,AAAS100,0601,Jason Nichols,35,35,0,2026-09-23 19:07:58,2026-09-23 19:07:58.494
2026-09-23 19:07:56,AAAS100H,0301,George Kintiba,5,5,0,2026-09-23 19:07:58,2026-09-23 19:07:58.703
2026-09-23 19:07:56,AAAS101,0101,Periloux Peay,40,40,0,2026-09-23 19:07:58,2026-09-23 19:07:58.948
2026-09-23 19:07:56,AAAS187,0101,Robert Choflet,30,30,0,2026-09-23 19:07:59,2026-09-23 19:07:59.105
2026-09-23 19:07:56,AAAS200,0101,George Kintiba,40,40,0,2026-09-23 19:07:59,2026-09-23 19:07:59.256
2026-09-23 19:07:56,AAAS202,0101,Robert Choflet,30,30,0,2026-09-23 19:07:59,2026-09-23 19:07:59.431
2026-09-23 19:07:56,AAAS202,0201,Angelica Dunbar,35,35,0,2026-09-23 19:07:59,2026-09-23 19:07:59.431
2026-09-23 19:07:56,AAAS202,0301,Angelica Dunbar,35,35,0,2026-09-23 19:07:59,2026-09-23 19:07:59.431
2026-09-23 19:07:56,AAAS202,0401,Robert Choflet,35,35,0,2026-09-23 19:07:59,2026-09-23 19:07:59.431
2026-09-23 19:07:56,AAAS202H,0101,Robert Choflet,5,5,0,2026-09-23 19:07:59,2026-09-23 19:07:59.652
2026-09-23 19:07:56,AAAS211,0101,Shane Walsh,120,120,0,2026-09-23 19:07:59,2026-09-23 19:07:59.991
2026-09-23 19:07:56,AAAS234,0101,Instructor: TBA,30,30,0,2026-09-23 19:08:00,2026-09-23 19:08:00.205
2026-09-23 19:07:56,AAAS255,0101,Leigh Soares,40,40,0,2026-09-23 19:08:00,2026-09-23 19:08:00.611
2026-09-23 19:07:56,AAAS265,0101,Ashley Newby,40,40,0,2026-09-23 19:08:00,2026-09-23 19:08:00.798
2026-09-23 19:07:56,AAAS320,0101,Cecily Jackson,25,25,0,2026-09-23 19:08:00,2026-09-23 19:08:00.978
2026-09-23 19:07:56,AAAS320,0201,Cecily Jackson,25,25,0,2026-09-23 19:08:00,2026-09-23 19:08:00.978
2026-09-23 19:07:56,AAAS386,0101,Marshal Washington,10,10,0,2026-09-23 19:08:01,2026-09-23 19:08:01.138
2026-09-23 19:07:56,AAAS398G,0101,Chinyere Osuji,20,20,0,2026-09-23 19:08:01,2026-09-23 19:08:01.334
2026-09-23 19:07:56,AAAS398U,0101,John Drabinski,25,25,0,2026-09-23 19:08:01,2026-09-23 19:08:01.515
2026-09-23 19:07:56,AAAS400,0101,George Kintiba,20,20,0,2026-09-23 19:08:01,2026-09-23 19:08:01.710
2026-09-23 19:07:56,AAAS400H,0101,George Kintiba,5,5,0,2026-09-23 19:08:01,2026-09-23 19:08:01.904
2026-09-23 19:07:56,AAAS490,0101,Paul Landau,18,18,0,2026-09-23 19:08:02,2026-09-23 19:08:02.081
2026-09-23 19:07:56,AAAS498X,0101,Terrill Taylor,40,40,0,2026-09-23 19:08:02,2026-09-23 19:08:02.259
2026-09-23 19:07:56,AAST200,0101,Jennifer Cho,34,34,0,2026-09-23 19:08:03,2026-09-23 19:08:03.591
2026-09-23 19:07:56,AAST201,0101,Madeline Hsu,40,40,0,2026-09-23 19:08:06,2026-09-23 19:08:06.897
2026-09-23 19:07:56,AAST250,0101,Jennifer Cho,30,30,0,2026-09-23 19:08:07,2026-09-23 19:08:07.219
2026-09-23 19:07:56,AAST262,0101,Derek Iwamoto,60,60,0,2026-09-23 19:08:07,2026-09-23 19:08:07.372
2026-09-23 19:07:56,AAST322,0101,Julie Park,30,30,0,2026-09-23 19:08:07,2026-09-23 19:08:07.523
2026-09-23 19:07:56,AAST350,0101,Binod Paudyal,25,25,0,2026-09-23 19:08:07,2026-09-23 19:08:07.678
2026-09-23 19:07:56,AAST351,0101,Binod Paudyal,34,34,0,2026-09-23 19:08:07,2026-09-23 19:08:07.826
2026-09-23 19:07:56,AAST363,0101,Gemirald Daus,35,35,0,2026-09-23 19:08:07,2026-09-23 19:08:07.979
2026-09-23 19:07:56,AAST378,0101,Janelle Wong,2,2,0,2026-09-23 19:08:08,2026-09-23 19:08:08.160
2026-09-23 19:07:56,AAST394,0101,Wenxi Yang,25,25,0,2026-09-23 19:08:08,2026-09-23 19:08:08.458
2026-09-23 19:07:56,AAST398A,0101,Michelle Magalong,20,20,0,2026-09-23 19:08:08,2026-09-23 19:08:08.612
2026-09-23 19:07:56,AAST398B,0101,Chris Eng,25,25,0,2026-09-23 19:08:08,2026-09-23 19:08:08.781
2026-09-23 19:07:56,AAST421,0101,Philip Nash,20,20,0,2026-09-23 19:08:08,2026-09-23 19:08:08.934
2026-09-23 19:07:56,AAST422,0101,Jennifer Cho,18,18,0,2026-09-23 19:08:09,2026-09-23 19:08:09.084
2026-09-23 19:07:56,AAST443,0101,Janelle Wong,27,27,0,2026-09-23 19:08:09,2026-09-23 19:08:09.925
2026-09-23 19:07:56,ABRM450,0101,Ashley Newby,10,10,0,2026-09-23 19:08:11,2026-09-23 19:08:11.218
2026-09-23 19:07:56,AGNR301,0101,Thomas Hilde,150,150,0,2026-09-23 19:08:12,2026-09-23 19:08:12.724
2026-09-23 19:07:56,AGNR388,0101,Instructor: TBA,20,20,0,2026-09-23 19:08:12,2026-09-23 19:08:12.876
2026-09-23 19:07:56,AIME498B,0101,Kevin McGarry,30,30,0,2026-09-23 19:08:15,2026-09-23 19:08:15.695
2026-09-23 19:07:56,ARAB101,0101,Samah Al-salami,15,15,0,2026-09-23 19:08:39,2026-09-23 19:08:39.369
2026-09-23 19:07:56,ARAB101,0201,Ahmed Hanafy,15,15,0,2026-09-23 19:08:39,2026-09-23 19:08:39.369
2026-09-23 19:07:56,ARAB102,0101,Samah Al-salami,15,15,0,2026-09-23 19:08:39,2026-09-23 19:08:39.527
2026-09-23 19:07:56,ARAB102,0201,Samah Al-salami,15,15,0,2026-09-23 19:08:39,2026-09-23 19:08:39.527
2026-09-23 19:07:56,ARAB201,0101,Lutf Alkebsi,15,15,0,2026-09-23 19:08:39,2026-09-23 19:08:39.683
2026-09-23 19:07:56,ARAB202,0101,Lutf Alkebsi,15,15,0,2026-09-23 19:08:39,2026-09-23 19:08:39.838
2026-09-23 19:07:56,ARAB202,0201,Lutf Alkebsi,15,15,0,2026-09-23 19:08:39,2026-09-23 19:08:39.839
2026-09-23 19:07:56,ARAB222,0101,Ahmed Hanafy,15,15,0,2026-09-23 19:08:39,2026-09-23 19:08:39.993
2026-09-23 19:07:56,ARAB250,0101,Anny Gaul,15,15,0,2026-09-23 19:08:40,2026-09-23 19:08:40.142
2026-09-23 19:07:56,ARAB302,0101,Ahmed Hanafy,15,15,0,2026-09-23 19:08:40,2026-09-23 19:08:40.293
2026-09-23 19:07:56,ARAB317,0101,Anny Gaul,15,15,0,2026-09-23 19:08:40,2026-09-23 19:08:40.468
2026-09-23 19:07:56,ARAB398W,0101,Lutf Alkebsi,15,15,0,2026-09-23 19:08:40,2026-09-23 19:08:40.770
2026-09-23 19:07:56,ARAB499X,0101,Samah Al-salami,15,15,0,2026-09-23 19:08:41,2026-09-23 19:08:41.076
2026-09-23 19:07:56,ARCH170,0101,Lindsey May,100,100,0,2026-09-23 19:08:42,2026-09-23 19:08:42.482
2026-09-23 19:07:56,ARCH200,0101,Michael Abrams,21,21,0,2026-09-23 19:08:42,2026-09-23 19:08:42.649
2026-09-23 19:07:56,ARCH200,0102,Michael Abrams,21,21,0,2026-09-23 19:08:42,2026-09-23 19:08:42.649
2026-09-23 19:07:56,ARCH200,0103,Michael Abrams,21,21,0,2026-09-23 19:08:42,2026-09-23 19:08:42.649
2026-09-23 19:07:56,ARCH200,0104,Michael Abrams,21,21,0,2026-09-23 19:08:42,2026-09-23 19:08:42.650
2026-09-23 19:07:56,ARCH200,0105,Michael Abrams,21,21,0,2026-09-23 19:08:42,2026-09-23 19:08:42.650
2026-09-23 19:07:56,ARCH200,0106,Michael Abrams,21,21,0,2026-09-23 19:08:42,2026-09-23 19:08:42.650
2026-09-23 19:07:56,ARCH225,0101,Joseph Williams,125,125,0,2026-09-23 19:08:43,2026-09-23 19:08:43.349
2026-09-23 19:07:56,ARCH271,0101,Wayne Ricardo Curtis,75,75,0,2026-09-23 19:08:43,2026-09-23 19:08:43.509
2026-09-23 19:07:56,ARCH271,0102,Wayne Ricardo Curtis,75,75,0,2026-09-23 19:08:43,2026-09-23 19:08:43.510
2026-09-23 19:07:56,ARCH386,0101,Kristen Stack,10,10,0,2026-09-23 19:08:43,2026-09-23 19:08:43.664
2026-09-23 19:07:56,ARCH400,0101,Kenneth Filler,75,75,0,2026-09-23 19:08:43,2026-09-23 19:08:43.818
2026-09-23 19:07:56,ARCH400,0201,Marcus Cross,60,60,0,2026-09-23 19:08:43,2026-09-23 19:08:43.819
2026-09-23 19:07:56,ARCH402,0101,Taejun James Kim,75,75,0,2026-09-23 19:08:43,2026-09-23 19:08:43.970
2026-09-23 19:07:56,ARCH405,0101,Brittany L Williams,14,14,0,2026-09-23 19:08:44,2026-09-23 19:08:44.124
2026-09-23 19:07:56,ARCH407,0101,Georgeanne Matthews,12,12,0,2026-09-23 19:08:44,2026-09-23 19:08:44.352
2026-09-23 19:07:56,ARCH408A,0101,Daniel Curry,5,5,0,2026-09-23 19:08:44,2026-09-23 19:08:44.588
2026-09-23 19:07:56,ARCH408C,0101,Edgar Alvarado,5,5,0,2026-09-23 19:08:44,2026-09-23 19:08:44.778
2026-09-23 19:07:56,ARCH418D,0101,Hooman Koliji,30,30,0,2026-09-23 19:08:44,2026-09-23 19:08:44.929
2026-09-23 19:07:56,ARCH418G,0101,Deokoh Woo,16,16,0,2026-09-23 19:08:45,2026-09-23 19:08:45.089
2026-09-23 19:07:56,ARCH418I,0101,Michael Kleiss,16,16,0,2026-09-23 19:08:45,2026-09-23 19:08:45.240
2026-09-23 19:07:56,ARCH420,0101,Caroline Hickman,30,30,0,2026-09-23 19:08:45,2026-09-23 19:08:45.398
2026-09-23 19:07:56,ARCH423,0101,Joseph Williams,30,30,0,2026-09-23 19:08:45,2026-09-23 19:08:45.550
2026-09-23 19:07:56,ARCH425,0101,Joseph Williams,10,10,0,2026-09-23 19:08:45,2026-09-23 19:08:45.704
2026-09-23 19:07:56,ARCH428F,0101,Matthew Bell,20,20,0,2026-09-23 19:08:45,2026-09-23 19:08:45.855
2026-09-23 19:07:56,ARCH428K,0101,Michele Lamprakos,26,26,0,2026-09-23 19:08:46,2026-09-23 19:08:46.007
2026-09-23 19:07:56,ARCH445,0101,Daniel Curry,15,15,0,2026-09-23 19:08:46,2026-09-23 19:08:46.158
2026-09-23 19:07:56,ARCH463,0101,Deokoh Woo,150,150,0,2026-09-23 19:08:46,2026-09-23 19:08:46.343
2026-09-23 19:07:56,ARCH465,0101,Michael Kleiss,80,80,0,2026-09-23 19:08:46,2026-09-23 19:08:46.591
2026-09-23 19:07:56,ARCH468I,0101,Hooman Koliji,26,26,0,2026-09-23 19:08:46,2026-09-23 19:08:46.806
2026-09-23 19:07:56,ARCH468P,0101,Hooman Koliji,26,26,0,2026-09-23 19:08:46,2026-09-23 19:08:46.970
2026-09-23 19:07:56,ARCH472,0101,Kiley Wilfong Cullen,24,24,0,2026-09-23 19:08:47,2026-09-23 19:08:47.122
2026-09-23 19:07:56,ARCH478L,0101,Michele Lamprakos,10,10,0,2026-09-23 19:08:47,2026-09-23 19:08:47.276
2026-09-23 19:07:56,ARCH478O,0101,Stefan Woehlke,20,20,0,2026-09-23 19:08:47,2026-09-23 19:08:47.430
2026-09-23 19:07:56,ARCH601,0101,Peter Noonan,20,20,0,2026-09-23 19:08:47,2026-09-23 19:08:47.580
2026-09-23 19:07:56,ARCH618G,0101,Deokoh Woo,4,4,0,2026-09-23 19:08:47,2026-09-23 19:08:47.730
2026-09-23 19:07:56,ARCH618I,0101,Michael Kleiss,4,4,0,2026-09-23 19:08:47,2026-09-23 19:08:47.883
2026-09-23 19:07:56,ARCH628K,0101,Michele Lamprakos,4,4,0,2026-09-23 19:08:48,2026-09-23 19:08:48.038
2026-09-23 19:07:56,ARCH635,0101,Matthew Bell,15,15,0,2026-09-23 19:08:48,2026-09-23 19:08:48.188
2026-09-23 19:07:56,ARCH654,0101,Anatole Tchikine,35,35,0,2026-09-23 19:08:48,2026-09-23 19:08:48.382
2026-09-23 19:07:56,ARCH658I,0101,Sonja Ewing,15,15,0,2026-09-23 19:08:48,2026-09-23 19:08:48.532
2026-09-23 19:07:56,ARCH668I,0101,Hooman Koliji,4,4,0,2026-09-23 19:08:48,2026-09-23 19:08:48.720
2026-09-23 19:07:56,ARCH668P,0101,Hooman Koliji,4,4,0,2026-09-23 19:08:48,2026-09-23 19:08:48.875
2026-09-23 19:07:56,ARCH678L,0101,Michele Lamprakos,10,10,0,2026-09-23 19:08:49,2026-09-23 19:08:49.027
2026-09-23 19:07:56,ARCH678O,0101,Stefan Woehlke,5,5,0,2026-09-23 19:08:49,2026-09-23 19:08:49.182
2026-09-23 19:07:56,ARCH797,0101,Hooman Koliji,15,15,0,2026-09-23 19:08:49,2026-09-23 19:08:49.384
2026-09-23 19:07:56,ARMY105,0101,Andrew Bischoff,60,60,0,2026-09-23 19:09:00,2026-09-23 19:09:00.380
2026-09-23 19:07:56,ARMY105,0102,Andrew Bischoff,60,60,0,2026-09-23 19:09:00,2026-09-23 19:09:00.381
2026-09-23 19:07:56,ARMY110,0101,Andrew Bischoff,40,40,0,2026-09-23 19:09:00,2026-09-23 19:09:00.534
2026-09-23 19:07:56,ARMY202,0102,Andrew Bischoff,60,60,0,2026-09-23 19:09:00,2026-09-23 19:09:00.688
2026-09-23 19:07:56,ARMY302,0101,Andrew Bischoff,40,40,0,2026-09-23 19:09:00,2026-09-23 19:09:00.839
2026-09-23 19:07:56,ARMY402,0101,Andrew Bischoff,30,30,0,2026-09-23 19:09:00,2026-09-23 19:09:00.997
2026-09-23 19:07:56,ARMY402,0102,Andrew Bischoff,100,100,0,2026-09-23 19:09:00,2026-09-23 19:09:00.997
2026-09-23 19:07:56,ARSC059,0101,Kathryn Love,250,250,0,2026-09-23 19:09:02,2026-09-23 19:09:02.380
2026-09-23 19:07:56,ARSC101,0101,Alan Snyder,50,50,0,2026-09-23 19:09:02,2026-09-23 19:09:02.559
2026-09-23 19:07:56,ARSC101,0102,Alan Snyder,65,65,0,2026-09-23 19:09:02,2026-09-23 19:09:02.560
2026-09-23 19:07:56,ARSC101,0103,Alan Snyder,40,40,0,2026-09-23 19:09:02,2026-09-23 19:09:02.560
2026-09-23 19:07:56,ARSC101,0104,Alan Snyder,10,10,0,2026-09-23 19:09:02,2026-09-23 19:09:02.560
2026-09-23 19:07:56,ARSC201,0101,Nathan Rabe,65,65,0,2026-09-23 19:09:02,2026-09-23 19:09:02.759
2026-09-23 19:07:56,ARSC201,0102,Kathleen West,40,40,0,2026-09-23 19:09:02,2026-09-23 19:09:02.759
2026-09-23 19:07:56,ARSC201,0103,Kathleen West,40,40,0,2026-09-23 19:09:02,2026-09-23 19:09:02.760
2026-09-23 19:07:56,ARSC301,0101,Kathryn Love,45,45,0,2026-09-23 19:09:02,2026-09-23 19:09:02.921
2026-09-23 19:07:56,ARSC301,0102,Kathryn Love,20,20,0,2026-09-23 19:09:02,2026-09-23 19:09:02.921
2026-09-23 19:07:56,ARSC401,0101,Joseph Herwatic,30,30,0,2026-09-23 19:09:03,2026-09-23 19:09:03.078
2026-09-23 19:07:56,ARSC401,0102,Joseph Herwatic,15,15,0,2026-09-23 19:09:03,2026-09-23 19:09:03.079
2026-09-23 19:07:56,BIOM301,0101,Christine Hakenkamp,28,28,0,2026-09-23 19:09:36,2026-09-23 19:09:36.731
2026-09-23 19:07:56,BIOM301,0102,Christine Hakenkamp,28,28,0,2026-09-23 19:09:36,2026-09-23 19:09:36.732
2026-09-23 19:07:56,BIOM301,0103,Christine Hakenkamp,28,28,0,2026-09-23 19:09:36,2026-09-23 19:09:36.732
2026-09-23 19:07:56,BIOM301,0104,Christine Hakenkamp,28,28,0,2026-09-23 19:09:36,2026-09-23 19:09:36.732
2026-09-23 19:07:56,BIOM301,0105,Christine Hakenkamp,28,28,0,2026-09-23 19:09:36,2026-09-23 19:09:36.732
2026-09-23 19:07:56,BIOM301,0106,Christine Hakenkamp,28,28,0,2026-09-23 19:09:36,2026-09-23 19:09:36.732
2026-09-23 19:07:56,BIOM301,0107,Christine Hakenkamp,28,28,0,2026-09-23 19:09:36,2026-09-23 19:09:36.732
2026-09-23 19:07:56,BIOM301,0201,Instructor: TBA,28,28,0,2026-09-23 19:09:36,2026-09-23 19:09:36.733
2026-09-23 19:07:56,BIOM602,0101,Jiuzhou Song,28,28,0,2026-09-23 19:09:36,2026-09-23 19:09:36.890
2026-09-23 19:07:56,BMIN210,0101,Darlene Dennison,162,162,0,2026-09-23 19:09:53,2026-09-23 19:09:53.543
2026-09-23 19:07:56,BMIN210,0201,Darlene Dennison,162,162,0,2026-09-23 19:09:53,2026-09-23 19:09:53.543
2026-09-23 19:07:56,BMIN305,0101,Tejwansh Anand,162,162,0,2026-09-23 19:09:53,2026-09-23 19:09:53.700
2026-09-23 19:07:56,BMIN345,0101,Michael Padhi,325,325,0,2026-09-23 19:09:53,2026-09-23 19:09:53.851
2026-09-23 19:07:56,BMIN355,0101,Idil Yaveroglu,162,162,0,2026-09-23 19:09:54,2026-09-23 19:09:54.008
2026-09-23 19:07:56,BMIN355,0201,Idil Yaveroglu,162,162,0,2026-09-23 19:09:54,2026-09-23 19:09:54.008
2026-09-23 19:07:56,BMIN375,0101,Leland Gardner,162,162,0,2026-09-23 19:09:54,2026-09-23 19:09:54.163
2026-09-23 19:07:56,BMIN395,0101,Nima Farshchi,162,162,0,2026-09-23 19:09:54,2026-09-23 19:09:54.318
2026-09-23 19:07:56,BMIN395,0201,Nima Farshchi,162,162,0,2026-09-23 19:09:54,2026-09-23 19:09:54.318
2026-09-23 19:07:56,BSCI103,1100,Instructor: TBA,24,24,0,2026-09-23 19:09:57,2026-09-23 19:09:57.495
2026-09-23 19:07:56,BSCI103,1101,Instructor: TBA,24,24,0,2026-09-23 19:09:57,2026-09-23 19:09:57.496
2026-09-23 19:07:56,BSCI103,1103,Instructor: TBA,24,24,0,2026-09-23 19:09:57,2026-09-23 19:09:57.496
2026-09-23 19:07:56,BSCI103,1105,Instructor: TBA,24,24,0,2026-09-23 19:09:57,2026-09-23 19:09:57.496
2026-09-23 19:07:56,BSCI103,1107,Instructor: TBA,24,24,0,2026-09-23 19:09:57,2026-09-23 19:09:57.496
2026-09-23 19:07:56,BSCI103,1108,Instructor: TBA,24,24,0,2026-09-23 19:09:57,2026-09-23 19:09:57.496
2026-09-23 19:07:56,BSCI103,1109,Instructor: TBA,24,24,0,2026-09-23 19:09:57,2026-09-23 19:09:57.497
2026-09-23 19:07:56,BSCI103,1110,Instructor: TBA,24,24,0,2026-09-23 19:09:57,2026-09-23 19:09:57.497
2026-09-23 19:07:56,BSCI103M,0101,Instructor: TBA,24,24,0,2026-09-23 19:09:57,2026-09-23 19:09:57.654
2026-09-23 19:07:56,BSCI120,0101,Dennis vanEngelsdorp,21,21,0,2026-09-23 19:09:57,2026-09-23 19:09:57.840
2026-09-23 19:07:56,BSCI120,0102,Dennis vanEngelsdorp,21,21,0,2026-09-23 19:09:57,2026-09-23 19:09:57.841
2026-09-23 19:07:56,BSCI135,1101,Edgar Moctezuma,24,24,0,2026-09-23 19:09:57,2026-09-23 19:09:58.004
2026-09-23 19:07:56,BSCI135,1102,Edgar Moctezuma,24,24,0,2026-09-23 19:09:57,2026-09-23 19:09:58.004
2026-09-23 19:07:56,BSCI135,1103,Edgar Moctezuma,24,24,0,2026-09-23 19:09:57,2026-09-23 19:09:58.004
2026-09-23 19:07:56,BSCI135,1104,Edgar Moctezuma,24,24,0,2026-09-23 19:09:57,2026-09-23 19:09:58.005
2026-09-23 19:07:56,BSCI135,1105,Edgar Moctezuma,24,24,0,2026-09-23 19:09:57,2026-09-23 19:09:58.005
2026-09-23 19:07:56,BSCI160,6101,Leo Shapiro,104,104,0,2026-09-23 19:09:58,2026-09-23 19:09:58.167
2026-09-23 19:07:56,BSCI160,6301,Chloe Garfinkel,56,56,0,2026-09-23 19:09:58,2026-09-23 19:09:58.167
2026-09-23 19:07:56,BSCI160,6601,Vadim Karatayev,88,88,0,2026-09-23 19:09:58,2026-09-23 19:09:58.167
2026-09-23 19:07:56,BSCI160,SES1,Chloe Garfinkel,15,15,0,2026-09-23 19:09:58,2026-09-23 19:09:58.167
2026-09-23 19:07:56,BSCI170,0101,Cordelia Weiss,153,153,0,2026-09-23 19:09:58,2026-09-23 19:09:58.332
2026-09-23 19:07:56,BSCI170,0201,Nicholas Fletcher,153,153,0,2026-09-23 19:09:58,2026-09-23 19:09:58.333
2026-09-23 19:07:56,BSCI170,0301,Ricardo Araneda,152,152,0,2026-09-23 19:09:58,2026-09-23 19:09:58.333
2026-09-23 19:07:56,BSCI170,0401,Swarna Mohan,153,153,0,2026-09-23 19:09:58,2026-09-23 19:09:58.333
2026-09-23 19:07:56,BSCI170,0501,Ji Young Choi,120,120,0,2026-09-23 19:09:58,2026-09-23 19:09:58.333
2026-09-23 19:07:56,BSCI170,0701,Ji Young Choi,153,153,0,2026-09-23 19:09:58,2026-09-23 19:09:58.333
2026-09-23 19:07:56,BSCI170,SES1,James Sniezek,20,20,0,2026-09-23 19:09:58,2026-09-23 19:09:58.334
2026-09-23 19:07:56,BSCI180,8105,Hans Lemke,19,19,0,2026-09-23 19:09:58,2026-09-23 19:09:58.669
2026-09-23 19:07:56,BSCI180,8106,Hans Lemke,19,19,0,2026-09-23 19:09:58,2026-09-23 19:09:58.669
2026-09-23 19:07:56,BSCI180,8107,Hans Lemke,19,19,0,2026-09-23 19:09:58,2026-09-23 19:09:58.669
2026-09-23 19:07:56,BSCI180,8108,Hans Lemke,19,19,0,2026-09-23 19:09:58,2026-09-23 19:09:58.669
2026-09-23 19:07:56,BSCI180,8109,Hans Lemke,19,19,0,2026-09-23 19:09:58,2026-09-23 19:09:58.670
2026-09-23 19:07:56,BSCI180,8110,Hans Lemke,19,19,0,2026-09-23 19:09:58,2026-09-23 19:09:58.670
2026-09-23 19:07:56,BSCI180,8111,Hans Lemke,19,19,0,2026-09-23 19:09:58,2026-09-23 19:09:58.670
2026-09-23 19:07:56,BSCI180,8112,Hans Lemke,19,19,0,2026-09-23 19:09:58,2026-09-23 19:09:58.670
2026-09-23 19:07:56,BSCI180,8113,Hans Lemke,19,19,0,2026-09-23 19:09:58,2026-09-23 19:09:58.670
2026-09-23 19:07:56,BSCI180,8114,Hans Lemke,19,19,0,2026-09-23 19:09:58,2026-09-23 19:09:58.671
2026-09-23 19:07:56,BSCI180,8201,Hans Lemke,19,19,0,2026-09-23 19:09:58,2026-09-23 19:09:58.671
2026-09-23 19:07:56,BSCI180,8202,Hans Lemke,19,19,0,2026-09-23 19:09:58,2026-09-23 19:09:58.671
2026-09-23 19:07:56,BSCI180,8205,Hans Lemke,19,19,0,2026-09-23 19:09:58,2026-09-23 19:09:58.671
2026-09-23 19:07:56,BSCI180,8206,Hans Lemke,19,19,0,2026-09-23 19:09:58,2026-09-23 19:09:58.671
2026-09-23 19:07:56,BSCI180,8207,Hans Lemke,19,19,0,2026-09-23 19:09:58,2026-09-23 19:09:58.671
2026-09-23 19:07:56,BSCI180,8208,Hans Lemke,19,19,0,2026-09-23 19:09:58,2026-09-23 19:09:58.672
2026-09-23 19:07:56,BSCI180,8209,Hans Lemke,19,19,0,2026-09-23 19:09:58,2026-09-23 19:09:58.672
2026-09-23 19:07:56,BSCI180,8210,Hans Lemke,19,19,0,2026-09-23 19:09:58,2026-09-23 19:09:58.672
2026-09-23 19:07:56,BSCI180,8211,Hans Lemke,19,19,0,2026-09-23 19:09:58,2026-09-23 19:09:58.672
2026-09-23 19:07:56,BSCI180,8212,Hans Lemke,19,19,0,2026-09-23 19:09:58,2026-09-23 19:09:58.672
2026-09-23 19:07:56,BSCI180,8213,Hans Lemke,19,19,0,2026-09-23 19:09:58,2026-09-23 19:09:58.673
2026-09-23 19:07:56,BSCI180,8214,Hans Lemke,19,19,0,2026-09-23 19:09:58,2026-09-23 19:09:58.673
2026-09-23 19:07:56,BSCI180,8301,Hans Lemke,19,19,0,2026-09-23 19:09:58,2026-09-23 19:09:58.673
2026-09-23 19:07:56,BSCI180,8302,Hans Lemke,19,19,0,2026-09-23 19:09:58,2026-09-23 19:09:58.673
2026-09-23 19:07:56,BSCI180,8305,Hans Lemke,19,19,0,2026-09-23 19:09:58,2026-09-23 19:09:58.673
2026-09-23 19:07:56,BSCI180,8306,Hans Lemke,19,19,0,2026-09-23 19:09:58,2026-09-23 19:09:58.674
2026-09-23 19:07:56,BSCI180,8307,Hans Lemke,19,19,0,2026-09-23 19:09:58,2026-09-23 19:09:58.674
2026-09-23 19:07:56,BSCI180,8308,Hans Lemke,19,19,0,2026-09-23 19:09:58,2026-09-23 19:09:58.674
2026-09-23 19:07:56,BSCI180,8309,Hans Lemke,19,19,0,2026-09-23 19:09:58,2026-09-23 19:09:58.674
2026-09-23 19:07:56,BSCI180,8310,Hans Lemke,19,19,0,2026-09-23 19:09:58,2026-09-23 19:09:58.674
2026-09-23 19:07:56,BSCI180,8311,Hans Lemke,19,19,0,2026-09-23 19:09:58,2026-09-23 19:09:58.674
2026-09-23 19:07:56,BSCI180,8312,Hans Lemke,19,19,0,2026-09-23 19:09:58,2026-09-23 19:09:58.675
2026-09-23 19:07:56,BSCI180,8313,Hans Lemke,19,19,0,2026-09-23 19:09:58,2026-09-23 19:09:58.675
2026-09-23 19:07:56,BSCI180,8314,Hans Lemke,19,19,0,2026-09-23 19:09:58,2026-09-23 19:09:58.675
2026-09-23 19:07:56,BSCI180,8401,Hans Lemke,19,19,0,2026-09-23 19:09:58,2026-09-23 19:09:58.675
2026-09-23 19:07:56,BSCI180,8402,Hans Lemke,19,19,0,2026-09-23 19:09:58,2026-09-23 19:09:58.675
2026-09-23 19:07:56,BSCI180,8405,Hans Lemke,19,19,0,2026-09-23 19:09:58,2026-09-23 19:09:58.676
2026-09-23 19:07:56,BSCI180,8406,Hans Lemke,19,19,0,2026-09-23 19:09:58,2026-09-23 19:09:58.676
2026-09-23 19:07:56,BSCI180,8407,Hans Lemke,19,19,0,2026-09-23 19:09:58,2026-09-23 19:09:58.676
2026-09-23 19:07:56,BSCI180,8408,Hans Lemke,19,19,0,2026-09-23 19:09:58,2026-09-23 19:09:58.676
2026-09-23 19:07:56,BSCI180,8409,Hans Lemke,19,19,0,2026-09-23 19:09:58,2026-09-23 19:09:58.676
2026-09-23 19:07:56,BSCI180,8410,Hans Lemke,19,19,0,2026-09-23 19:09:58,2026-09-23 19:09:58.676
2026-09-23 19:07:56,BSCI180,8411,Hans Lemke,19,19,0,2026-09-23 19:09:58,2026-09-23 19:09:58.677
2026-09-23 19:07:56,BSCI180,8412,Hans Lemke,19,19,0,2026-09-23 19:09:58,2026-09-23 19:09:58.677
2026-09-23 19:07:56,BSCI180,8413,Hans Lemke,19,19,0,2026-09-23 19:09:58,2026-09-23 19:09:58.677
2026-09-23 19:07:56,BSCI180,8414,Hans Lemke,19,19,0,2026-09-23 19:09:58,2026-09-23 19:09:58.677
2026-09-23 19:07:56,BSCI180,SEF2,Hans Lemke,19,19,0,2026-09-23 19:09:58,2026-09-23 19:09:58.677
2026-09-23 19:07:56,BSCI180,SES1,Hans Lemke,19,19,0,2026-09-23 19:09:58,2026-09-23 19:09:58.678
2026-09-23 19:07:56,BSCI201,0101,Caitlin Fox,24,24,0,2026-09-23 19:09:58,2026-09-23 19:09:58.874
2026-09-23 19:07:56,BSCI201,0103,Caitlin Fox,24,24,0,2026-09-23 19:09:58,2026-09-23 19:09:58.874
2026-09-23 19:07:56,BSCI201,0105,Caitlin Fox,24,24,0,2026-09-23 19:09:58,2026-09-23 19:09:58.874
2026-09-23 19:07:56,BSCI201,0106,Caitlin Fox,24,24,0,2026-09-23 19:09:58,2026-09-23 19:09:58.874
2026-09-23 19:07:56,BSCI201,0107,Caitlin Fox,24,24,0,2026-09-23 19:09:58,2026-09-23 19:09:58.875
2026-09-23 19:07:56,BSCI201,0109,Maira Goytia,24,24,0,2026-09-23 19:09:58,2026-09-23 19:09:58.875
2026-09-23 19:07:56,BSCI201,0110,Caitlin Fox,24,24,0,2026-09-23 19:09:58,2026-09-23 19:09:58.875
2026-09-23 19:07:56,BSCI201,0111,Caitlin Fox,24,24,0,2026-09-23 19:09:58,2026-09-23 19:09:58.875
2026-09-23 19:07:56,BSCI201,1101,Justicia Opoku-Edusei,24,24,0,2026-09-23 19:09:58,2026-09-23 19:09:58.875
2026-09-23 19:07:56,BSCI201,1103,Justicia Opoku-Edusei,24,24,0,2026-09-23 19:09:58,2026-09-23 19:09:58.876
2026-09-23 19:07:56,BSCI201,1104,Justicia Opoku-Edusei,24,24,0,2026-09-23 19:09:58,2026-09-23 19:09:58.876
2026-09-23 19:07:56,BSCI201,1105,Caitlin Fox,24,24,0,2026-09-23 19:09:58,2026-09-23 19:09:58.876
2026-09-23 19:07:56,BSCI201,1106,Caitlin Fox,24,24,0,2026-09-23 19:09:58,2026-09-23 19:09:58.876
2026-09-23 19:07:56,BSCI201,1108,Caitlin Fox,24,24,0,2026-09-23 19:09:58,2026-09-23 19:09:58.876
2026-09-23 19:07:56,BSCI201,1109,Justicia Opoku-Edusei,24,24,0,2026-09-23 19:09:58,2026-09-23 19:09:58.876
2026-09-23 19:07:56,BSCI201,1110,Justicia Opoku-Edusei,24,24,0,2026-09-23 19:09:58,2026-09-23 19:09:58.877
2026-09-23 19:07:56,BSCI202,0101,Caitlin Fox,24,24,0,2026-09-23 19:09:59,2026-09-23 19:09:59.068
2026-09-23 19:07:56,BSCI202,0102,Caitlin Fox,24,24,0,2026-09-23 19:09:59,2026-09-23 19:09:59.068
2026-09-23 19:07:56,BSCI202,0104,Caitlin Fox,24,24,0,2026-09-23 19:09:59,2026-09-23 19:09:59.068
2026-09-23 19:07:56,BSCI202,0108,Caitlin Fox,24,24,0,2026-09-23 19:09:59,2026-09-23 19:09:59.068
2026-09-23 19:07:56,BSCI202,0109,Maira Goytia,24,24,0,2026-09-23 19:09:59,2026-09-23 19:09:59.069
2026-09-23 19:07:56,BSCI202,0110,Caitlin Fox,24,24,0,2026-09-23 19:09:59,2026-09-23 19:09:59.069
2026-09-23 19:07:56,BSCI202,1101,Justicia Opoku-Edusei,24,24,0,2026-09-23 19:09:59,2026-09-23 19:09:59.069
2026-09-23 19:07:56,BSCI202,1103,Justicia Opoku-Edusei,24,24,0,2026-09-23 19:09:59,2026-09-23 19:09:59.069
2026-09-23 19:07:56,BSCI202,1104,Justicia Opoku-Edusei,24,24,0,2026-09-23 19:09:59,2026-09-23 19:09:59.069
2026-09-23 19:07:56,BSCI202,1106,Justicia Opoku-Edusei,24,24,0,2026-09-23 19:09:59,2026-09-23 19:09:59.070
2026-09-23 19:07:56,BSCI202,1107,Justicia Opoku-Edusei,24,24,0,2026-09-23 19:09:59,2026-09-23 19:09:59.070
2026-09-23 19:07:56,BSCI202,1108,Justicia Opoku-Edusei,24,24,0,2026-09-23 19:09:59,2026-09-23 19:09:59.070
2026-09-23 19:07:56,BSCI202,SES1,Edward Orlando,20,20,0,2026-09-23 19:09:59,2026-09-23 19:09:59.070
2026-09-23 19:07:56,BSCI207,0101,Karen Carleton,80,80,0,2026-09-23 19:09:59,2026-09-23 19:09:59.225
2026-09-23 19:07:56,BSCI207,0201,Chloe Garfinkel,80,80,0,2026-09-23 19:09:59,2026-09-23 19:09:59.225
2026-09-23 19:07:56,BSCI213,0101,Cordelia Weiss,20,20,0,2026-09-23 19:09:59,2026-09-23 19:09:59.383
2026-09-23 19:07:56,BSCI213,0102,Cordelia Weiss,20,20,0,2026-09-23 19:09:59,2026-09-23 19:09:59.383
2026-09-23 19:07:56,BSCI222,7106,Thomas Kocher,18,18,0,2026-09-23 19:09:59,2026-09-23 19:09:59.625
2026-09-23 19:07:56,BSCI222,7108,Thomas Kocher,18,18,0,2026-09-23 19:09:59,2026-09-23 19:09:59.625
2026-09-23 19:07:56,BSCI222,7110,Thomas Kocher,18,18,0,2026-09-23 19:09:59,2026-09-23 19:09:59.625
2026-09-23 19:07:56,BSCI222,7112,Thomas Kocher,18,18,0,2026-09-23 19:09:59,2026-09-23 19:09:59.625
2026-09-23 19:07:56,BSCI222,7114,Thomas Kocher,18,18,0,2026-09-23 19:09:59,2026-09-23 19:09:59.625
2026-09-23 19:07:56,BSCI222,7116,Thomas Kocher,18,18,0,2026-09-23 19:09:59,2026-09-23 19:09:59.626
2026-09-23 19:07:56,BSCI222,7118,Thomas Kocher,18,18,0,2026-09-23 19:09:59,2026-09-23 19:09:59.626
2026-09-23 19:07:56,BSCI222,7120,Thomas Kocher,18,18,0,2026-09-23 19:09:59,2026-09-23 19:09:59.626
2026-09-23 19:07:56,BSCI222,7130,Thomas Kocher,18,18,0,2026-09-23 19:09:59,2026-09-23 19:09:59.626
2026-09-23 19:07:56,BSCI222,7133,Thomas Kocher,18,18,0,2026-09-23 19:09:59,2026-09-23 19:09:59.626
2026-09-23 19:07:56,BSCI222,7214,Michael Keller,18,18,0,2026-09-23 19:09:59,2026-09-23 19:09:59.627
2026-09-23 19:07:56,BSCI222,7216,Michael Keller,18,18,0,2026-09-23 19:09:59,2026-09-23 19:09:59.627
2026-09-23 19:07:56,BSCI222,7218,Michael Keller,18,18,0,2026-09-23 19:09:59,2026-09-23 19:09:59.627
2026-09-23 19:07:56,BSCI222,7219,Michael Keller,18,18,0,2026-09-23 19:09:59,2026-09-23 19:09:59.627
2026-09-23 19:07:56,BSCI222,7220,Michael Keller,18,18,0,2026-09-23 19:09:59,2026-09-23 19:09:59.627
2026-09-23 19:07:56,BSCI222,7221,Michael Keller,18,18,0,2026-09-23 19:09:59,2026-09-23 19:09:59.628
2026-09-23 19:07:56,BSCI222,7222,Michael Keller,18,18,0,2026-09-23 19:09:59,2026-09-23 19:09:59.628
2026-09-23 19:07:56,BSCI222,7224,Michael Keller,18,18,0,2026-09-23 19:09:59,2026-09-23 19:09:59.628
2026-09-23 19:07:56,BSCI222,7226,Michael Keller,18,18,0,2026-09-23 19:09:59,2026-09-23 19:09:59.628
2026-09-23 19:07:56,BSCI222,7232,Michael Keller,18,18,0,2026-09-23 19:09:59,2026-09-23 19:09:59.628
2026-09-23 19:07:56,BSCI222,7234,Michael Keller,18,18,0,2026-09-23 19:09:59,2026-09-23 19:09:59.628
2026-09-23 19:07:56,BSCI222,7236,Michael Keller,18,18,0,2026-09-23 19:09:59,2026-09-23 19:09:59.629
2026-09-23 19:07:56,BSCI222,7310,Maria Colt,18,18,0,2026-09-23 19:09:59,2026-09-23 19:09:59.629
2026-09-23 19:07:56,BSCI222,7311,Maria Colt,18,18,0,2026-09-23 19:09:59,2026-09-23 19:09:59.629
2026-09-23 19:07:56,BSCI222,7312,Maria Colt,18,18,0,2026-09-23 19:09:59,2026-09-23 19:09:59.629
2026-09-23 19:07:56,BSCI222,7313,Maria Colt,18,18,0,2026-09-23 19:09:59,2026-09-23 19:09:59.629
2026-09-23 19:07:56,BSCI222,7315,Maria Colt,18,18,0,2026-09-23 19:09:59,2026-09-23 19:09:59.630
2026-09-23 19:07:56,BSCI222,7320,Maria Colt,18,18,0,2026-09-23 19:09:59,2026-09-23 19:09:59.630
2026-09-23 19:07:56,BSCI222,7325,Maria Colt,18,18,0,2026-09-23 19:09:59,2026-09-23 19:09:59.630
2026-09-23 19:07:56,BSCI222,7330,Maria Colt,18,18,0,2026-09-23 19:09:59,2026-09-23 19:09:59.630
2026-09-23 19:07:56,BSCI222,7332,Maria Colt,18,18,0,2026-09-23 19:09:59,2026-09-23 19:09:59.630
2026-09-23 19:07:56,BSCI222,7335,Maria Colt,18,18,0,2026-09-23 19:09:59,2026-09-23 19:09:59.630
2026-09-23 19:07:56,BSCI222,SES1,Maria Colt,23,23,0,2026-09-23 19:09:59,2026-09-23 19:09:59.631
2026-09-23 19:07:56,BSCI223,1021,John Buchner,16,16,0,2026-09-23 19:09:59,2026-09-23 19:09:59.838
2026-09-23 19:07:56,BSCI223,1025,John Buchner,16,16,0,2026-09-23 19:09:59,2026-09-23 19:09:59.838
2026-09-23 19:07:56,BSCI223,1026,John Buchner,16,16,0,2026-09-23 19:09:59,2026-09-23 19:09:59.838
2026-09-23 19:07:56,BSCI223,1101,John Buchner,16,16,0,2026-09-23 19:09:59,2026-09-23 19:09:59.838
2026-09-23 19:07:56,BSCI223,1105,John Buchner,16,16,0,2026-09-23 19:09:59,2026-09-23 19:09:59.839
2026-09-23 19:07:56,BSCI223,1106,John Buchner,16,16,0,2026-09-23 19:09:59,2026-09-23 19:09:59.839
2026-09-23 19:07:56,BSCI223,1121,John Buchner,16,16,0,2026-09-23 19:09:59,2026-09-23 19:09:59.839
2026-09-23 19:07:56,BSCI223,1125,John Buchner,16,16,0,2026-09-23 19:09:59,2026-09-23 19:09:59.839
2026-09-23 19:07:56,BSCI223,1126,John Buchner,16,16,0,2026-09-23 19:09:59,2026-09-23 19:09:59.839
2026-09-23 19:07:56,BSCI223,1201,John Buchner,16,16,0,2026-09-23 19:09:59,2026-09-23 19:09:59.839
2026-09-23 19:07:56,BSCI223,1206,John Buchner,16,16,0,2026-09-23 19:09:59,2026-09-23 19:09:59.840
2026-09-23 19:07:56,BSCI223,1221,John Buchner,16,16,0,2026-09-23 19:09:59,2026-09-23 19:09:59.840
2026-09-23 19:07:56,BSCI223,1225,John Buchner,16,16,0,2026-09-23 19:09:59,2026-09-23 19:09:59.840
2026-09-23 19:07:56,BSCI223,1226,John Buchner,16,16,0,2026-09-23 19:09:59,2026-09-23 19:09:59.840
2026-09-23 19:07:56,BSCI223,1301,John Buchner,16,16,0,2026-09-23 19:09:59,2026-09-23 19:09:59.840
2026-09-23 19:07:56,BSCI223,1306,John Buchner,16,16,0,2026-09-23 19:09:59,2026-09-23 19:09:59.841
2026-09-23 19:07:56,BSCI223,2401,John Buchner,16,16,0,2026-09-23 19:09:59,2026-09-23 19:09:59.841
2026-09-23 19:07:56,BSCI223,2406,John Buchner,16,16,0,2026-09-23 19:09:59,2026-09-23 19:09:59.841
2026-09-23 19:07:56,BSCI223,SES1,Cherisse Hall,20,20,0,2026-09-23 19:09:59,2026-09-23 19:09:59.841
2026-09-23 19:07:56,BSCI238I,0101,Aditri Gadigi,30,30,0,2026-09-23 19:09:59,2026-09-23 19:09:59.991
2026-09-23 19:07:56,BSCI258A,0101,Nicholas Fletcher,10,10,0,2026-09-23 19:10:00,2026-09-23 19:10:00.223
2026-09-23 19:07:56,BSCI258B,0101,Nicholas Fletcher,80,80,0,2026-09-23 19:10:00,2026-09-23 19:10:00.378
2026-09-23 19:07:56,BSCI279B,0101,Katerina Thompson,32,32,0,2026-09-23 19:10:00,2026-09-23 19:10:00.701
2026-09-23 19:07:56,BSCI279B,0102,Katerina Thompson,32,32,0,2026-09-23 19:10:00,2026-09-23 19:10:00.701
2026-09-23 19:07:56,BSCI279Q,0101,Daniel Butts,10,10,0,2026-09-23 19:10:01,2026-09-23 19:10:01.005
2026-09-23 19:07:56,BSCI283,1205,Kevin McIver,20,20,0,2026-09-23 19:10:01,2026-09-23 19:10:01.584
2026-09-23 19:07:56,BSCI283,1305,Daniel Stein,20,20,0,2026-09-23 19:10:01,2026-09-23 19:10:01.584
2026-09-23 19:07:56,BSCI329,1016,Hilary Bierman,5,5,0,2026-09-23 19:10:01,2026-09-23 19:10:01.790
2026-09-23 19:07:56,BSCI329,1028,Daniel Butts,10,10,0,2026-09-23 19:10:01,2026-09-23 19:10:01.790
2026-09-23 19:07:56,BSCI329,1033,Chan Lin,10,10,0,2026-09-23 19:10:01,2026-09-23 19:10:01.791
2026-09-23 19:07:56,BSCI329,1250,Justicia Opoku-Edusei,20,20,0,2026-09-23 19:10:01,2026-09-23 19:10:01.791
2026-09-23 19:07:56,BSCI329,1388,Corine Van der Weele,8,8,0,2026-09-23 19:10:01,2026-09-23 19:10:01.791
2026-09-23 19:07:56,BSCI329,ESG1,Hadiya Woodham,10,10,0,2026-09-23 19:10:01,2026-09-23 19:10:01.791
2026-09-23 19:07:56,BSCI331,0101,Kenneth Frauwirth,200,200,0,2026-09-23 19:10:01,2026-09-23 19:10:01.997
2026-09-23 19:07:56,BSCI331,0201,Kenneth Frauwirth,200,200,0,2026-09-23 19:10:01,2026-09-23 19:10:01.997
2026-09-23 19:07:56,BSCI332,0102,Corine Van der Weele,23,23,0,2026-09-23 19:10:02,2026-09-23 19:10:02.200
2026-09-23 19:07:56,BSCI332,0104,Corine Van der Weele,23,23,0,2026-09-23 19:10:02,2026-09-23 19:10:02.201
2026-09-23 19:07:56,BSCI332,0106,Corine Van der Weele,23,23,0,2026-09-23 19:10:02,2026-09-23 19:10:02.201
2026-09-23 19:07:56,BSCI332,0107,Corine Van der Weele,23,23,0,2026-09-23 19:10:02,2026-09-23 19:10:02.201
2026-09-23 19:07:56,BSCI332,0111,Corine Van der Weele,23,23,0,2026-09-23 19:10:02,2026-09-23 19:10:02.201
2026-09-23 19:07:56,BSCI332,1103,Corine Van der Weele,23,23,0,2026-09-23 19:10:02,2026-09-23 19:10:02.201
2026-09-23 19:07:56,BSCI332,1105,Corine Van der Weele,23,23,0,2026-09-23 19:10:02,2026-09-23 19:10:02.202
2026-09-23 19:07:56,BSCI332,1108,Corine Van der Weele,23,23,0,2026-09-23 19:10:02,2026-09-23 19:10:02.202
2026-09-23 19:07:56,BSCI332,1109,Corine Van der Weele,23,23,0,2026-09-23 19:10:02,2026-09-23 19:10:02.202
2026-09-23 19:07:56,BSCI332,1111,Corine Van der Weele,23,23,0,2026-09-23 19:10:02,2026-09-23 19:10:02.202
2026-09-23 19:07:56,BSCI332,1113,Corine Van der Weele,23,23,0,2026-09-23 19:10:02,2026-09-23 19:10:02.202
2026-09-23 19:07:56,BSCI334,0101,Katerina Thompson,60,60,0,2026-09-23 19:10:02,2026-09-23 19:10:02.423
2026-09-23 19:07:56,BSCI335,0101,Katerina Thompson,20,20,0,2026-09-23 19:10:02,2026-09-23 19:10:02.611
2026-09-23 19:07:56,BSCI335,0102,Katerina Thompson,20,20,0,2026-09-23 19:10:02,2026-09-23 19:10:02.611
2026-09-23 19:07:56,BSCI337,0101,Leo Shapiro,20,20,0,2026-09-23 19:10:02,2026-09-23 19:10:02.800
2026-09-23 19:07:56,BSCI337,0102,Leo Shapiro,20,20,0,2026-09-23 19:10:02,2026-09-23 19:10:02.800
2026-09-23 19:07:56,BSCI343,ESG1,Hadiya Woodham,30,30,0,2026-09-23 19:10:03,2026-09-23 19:10:03.187
2026-09-23 19:07:56,BSCI348A,0101,John Buchner,22,22,0,2026-09-23 19:10:03,2026-09-23 19:10:03.525
2026-09-23 19:07:56,BSCI348B,SES1,Erik Lontok,20,20,0,2026-09-23 19:10:03,2026-09-23 19:10:03.696
2026-09-23 19:07:56,BSCI348I,SES1,Erik Lontok,25,25,0,2026-09-23 19:10:03,2026-09-23 19:10:03.858
2026-09-23 19:07:56,BSCI348R,0101,Najib El-Sayed,10,10,0,2026-09-23 19:10:04,2026-09-23 19:10:04.029
2026-09-23 19:07:56,BSCI353,0101,Chan Lin,64,64,0,2026-09-23 19:10:04,2026-09-23 19:10:04.190
2026-09-23 19:07:56,BSCI353,0102,Melissa Caras,40,40,0,2026-09-23 19:10:04,2026-09-23 19:10:04.190
2026-09-23 19:07:56,BSCI353,ESG1,Vitaly Stepensky,40,40,0,2026-09-23 19:10:04,2026-09-23 19:10:04.190
2026-09-23 19:07:56,BSCI358A,ESG1,Vitaly Stepensky,30,30,0,2026-09-23 19:10:04,2026-09-23 19:10:04.348
2026-09-23 19:07:56,BSCI358B,ESG1,Gregory Simon,30,30,0,2026-09-23 19:10:04,2026-09-23 19:10:04.518
2026-09-23 19:07:56,BSCI361,0101,Daniel Gruner,25,25,0,2026-09-23 19:10:04,2026-09-23 19:10:04.677
2026-09-23 19:07:56,BSCI361,0102,Daniel Gruner,25,25,0,2026-09-23 19:10:04,2026-09-23 19:10:04.677
2026-09-23 19:07:56,BSCI370,0101,Alexandra Bely,64,64,0,2026-09-23 19:10:04,2026-09-23 19:10:04.832
2026-09-23 19:07:56,BSCI378H,0101,Kenneth Frauwirth,23,23,0,2026-09-23 19:10:04,2026-09-23 19:10:04.987
2026-09-23 19:07:56,BSCI398H,0101,Alexandra Bely,35,35,0,2026-09-23 19:10:06,2026-09-23 19:10:06.045
2026-09-23 19:07:56,BSCI401,0101,Gerald Wilkinson,39,39,0,2026-09-23 19:10:06,2026-09-23 19:10:06.638
2026-09-23 19:07:56,BSCI406,0101,Sergei Sukharev,20,20,0,2026-09-23 19:10:06,2026-09-23 19:10:06.796
2026-09-23 19:07:56,BSCI410,0101,Charles Seller,140,140,0,2026-09-23 19:10:06,2026-09-23 19:10:06.952
2026-09-23 19:07:56,BSCI412,0101,Erin Tran,18,18,0,2026-09-23 19:10:07,2026-09-23 19:10:07.111
2026-09-23 19:07:56,BSCI412,0103,Wade Winkler,18,18,0,2026-09-23 19:10:07,2026-09-23 19:10:07.111
2026-09-23 19:07:56,BSCI414,ESG1,Caitlin Fox,24,24,0,2026-09-23 19:10:07,2026-09-23 19:10:07.272
2026-09-23 19:07:56,BSCI416,0101,Silvia Bolland,42,42,0,2026-09-23 19:10:07,2026-09-23 19:10:07.425
2026-09-23 19:07:56,BSCI417,0101,Vincent Lee,30,30,0,2026-09-23 19:10:07,2026-09-23 19:10:07.583
2026-09-23 19:07:56,BSCI420,0101,Sougata Roy,62,62,0,2026-09-23 19:10:07,2026-09-23 19:10:07.736
2026-09-23 19:07:56,BSCI422,0101,Kenneth Frauwirth,25,25,0,2026-09-23 19:10:07,2026-09-23 19:10:07.897
2026-09-23 19:07:56,BSCI422,0102,Kenneth Frauwirth,25,25,0,2026-09-23 19:10:07,2026-09-23 19:10:07.897
2026-09-23 19:07:56,BSCI422,0103,David Mosser,25,25,0,2026-09-23 19:10:07,2026-09-23 19:10:07.897
2026-09-23 19:07:56,BSCI422,0104,David Mosser,25,25,0,2026-09-23 19:10:07,2026-09-23 19:10:07.897
2026-09-23 19:07:56,BSCI423,0101,Wenxia Song,18,18,0,2026-09-23 19:10:08,2026-09-23 19:10:08.061
2026-09-23 19:07:56,BSCI423,0102,Wenxia Song,18,18,0,2026-09-23 19:10:08,2026-09-23 19:10:08.061
2026-09-23 19:07:56,BSCI425,0101,Kan Cao,20,20,0,2026-09-23 19:10:08,2026-09-23 19:10:08.218
2026-09-23 19:07:56,BSCI430,0101,Eric Haag,35,35,0,2026-09-23 19:10:08,2026-09-23 19:10:08.371
2026-09-23 19:07:56,BSCI433,0101,Jeff Maltas,30,30,0,2026-09-23 19:10:08,2026-09-23 19:10:08.534
2026-09-23 19:07:56,BSCI435,0101,Tapan Goel,18,18,0,2026-09-23 19:10:08,2026-09-23 19:10:08.691
2026-09-23 19:07:56,BSCI436,0101,Jonathan Dinman,60,60,0,2026-09-23 19:10:08,2026-09-23 19:10:08.843
2026-09-23 19:07:56,BSCI437,0101,Jeffrey DeStefano,70,70,0,2026-09-23 19:10:08,2026-09-23 19:10:08.998
2026-09-23 19:07:56,BSCI437,ESG1,Gilad Ofek,40,40,0,2026-09-23 19:10:08,2026-09-23 19:10:08.998
2026-09-23 19:07:56,BSCI437H,0101,Jeffrey DeStefano,8,8,0,2026-09-23 19:10:09,2026-09-23 19:10:09.150
2026-09-23 19:07:56,BSCI439B,ESG1,Maira Goytia,40,40,0,2026-09-23 19:10:09,2026-09-23 19:10:09.302
2026-09-23 19:07:56,BSCI439E,0101,Beatrice Kondo,5,5,0,2026-09-23 19:10:09,2026-09-23 19:10:09.455
2026-09-23 19:07:56,BSCI439G,0101,Beatrice Kondo,5,5,0,2026-09-23 19:10:09,2026-09-23 19:10:09.608
2026-09-23 19:07:56,BSCI439L,0101,Instructor: TBA,5,5,0,2026-09-23 19:10:09,2026-09-23 19:10:09.762
2026-09-23 19:07:56,BSCI442,0101,Daniel Rodriguez Leal,20,20,0,2026-09-23 19:10:09,2026-09-23 19:10:09.919
2026-09-23 19:07:56,BSCI442,0102,Jose Feijo,20,20,0,2026-09-23 19:10:09,2026-09-23 19:10:09.920
2026-09-23 19:07:56,BSCI450,0101,Juan Angueyra,130,130,0,2026-09-23 19:10:10,2026-09-23 19:10:10.077
2026-09-23 19:07:56,BSCI450,0201,Joshua Singer,120,120,0,2026-09-23 19:10:10,2026-09-23 19:10:10.077
2026-09-23 19:07:56,BSCI450,PDS1,William Higgins,20,20,0,2026-09-23 19:10:10,2026-09-23 19:10:10.078
2026-09-23 19:07:56,BSCI451,0101,Corine Van der Weele,20,20,0,2026-09-23 19:10:10,2026-09-23 19:10:10.235
2026-09-23 19:07:56,BSCI451,0102,Corine Van der Weele,20,20,0,2026-09-23 19:10:10,2026-09-23 19:10:10.235
2026-09-23 19:07:56,BSCI451,0103,Corine Van der Weele,20,20,0,2026-09-23 19:10:10,2026-09-23 19:10:10.235
2026-09-23 19:07:56,BSCI451,0104,Corine Van der Weele,20,20,0,2026-09-23 19:10:10,2026-09-23 19:10:10.235
2026-09-23 19:07:56,BSCI452,0101,Chan Lin,40,40,0,2026-09-23 19:10:10,2026-09-23 19:10:10.394
2026-09-23 19:07:56,BSCI452,SES1,Chan Lin,20,20,0,2026-09-23 19:10:10,2026-09-23 19:10:10.394
2026-09-23 19:07:56,BSCI453,0101,Nikolas Francis,38,38,0,2026-09-23 19:10:10,2026-09-23 19:10:10.550
2026-09-23 19:07:56,BSCI455,0101,Hilary Bierman,16,16,0,2026-09-23 19:10:10,2026-09-23 19:10:10.713
2026-09-23 19:07:56,BSCI455,0102,Hilary Bierman,16,16,0,2026-09-23 19:10:10,2026-09-23 19:10:10.713
2026-09-23 19:07:56,BSCI455,0103,Hilary Bierman,16,16,0,2026-09-23 19:10:10,2026-09-23 19:10:10.713
2026-09-23 19:07:56,BSCI456,0101,Colenso Speer,5,5,0,2026-09-23 19:10:10,2026-09-23 19:10:10.864
2026-09-23 19:07:56,BSCI477,0101,Emily Bruns,40,40,0,2026-09-23 19:10:11,2026-09-23 19:10:11.019
2026-09-23 19:07:56,BSCI487,0101,Kelly Hamby,24,24,0,2026-09-23 19:10:11,2026-09-23 19:10:11.171
2026-09-23 19:07:56,BSOS355,0101,Liza Lebrun,40,40,0,2026-09-23 19:10:12,2026-09-23 19:10:12.469
2026-09-23 19:07:56,BSOS361,0101,TC Lloyd,30,30,0,2026-09-23 19:10:12,2026-09-23 19:10:12.626
2026-09-23 19:07:56,BSOS361,0102,TC Lloyd,30,30,0,2026-09-23 19:10:12,2026-09-23 19:10:12.626
2026-09-23 19:07:56,BSOS448M,0101,Brandee Pettus,12,12,0,2026-09-23 19:10:12,2026-09-23 19:10:12.778
2026-09-23 19:07:56,BUMO600,0501,Sheetal Singh,52,52,0,2026-09-23 19:10:26,2026-09-23 19:10:26.066
2026-09-23 19:07:56,BUMO604,0501,Jon Crocker,0,0,0,2026-09-23 19:10:26,2026-09-23 19:10:26.220
2026-09-23 19:07:56,BUMO614,0501,Waverly Ding,58,58,0,2026-09-23 19:10:26,2026-09-23 19:10:26.371
2026-09-23 19:07:56,BUMO701,0501,Jason Choi,65,65,0,2026-09-23 19:10:26,2026-09-23 19:10:26.526
2026-09-23 19:07:56,BUMO703,0501,Mary Beth Furst,65,65,0,2026-09-23 19:10:26,2026-09-23 19:10:26.678
2026-09-23 19:07:56,BUMO711,0501,Sheetal Singh,65,65,0,2026-09-23 19:10:26,2026-09-23 19:10:26.840
2026-09-23 19:07:56,BUMO714,0501,Rellie Rozin,0,0,0,2026-09-23 19:10:27,2026-09-23 19:10:27.005
2026-09-23 19:07:56,BUMO723,0501,Stephen Sclafani,58,58,0,2026-09-23 19:10:27,2026-09-23 19:10:27.157
2026-09-23 19:07:56,BUMO724,0501,Stephen Sclafani,58,58,0,2026-09-23 19:10:27,2026-09-23 19:10:27.319
2026-09-23 19:07:56,BUMO726,0501,Stephen Sclafani,58,58,0,2026-09-23 19:10:27,2026-09-23 19:10:27.476
2026-09-23 19:07:56,BUMO731,0501,Balaji Padmanabhan,58,58,0,2026-09-23 19:10:27,2026-09-23 19:10:27.633
2026-09-23 19:07:56,BUMO733,0501,Balaji Padmanabhan,58,58,0,2026-09-23 19:10:27,2026-09-23 19:10:27.785
2026-09-23 19:07:56,BUMO758P,0501,Jon Crocker,37,37,0,2026-09-23 19:10:27,2026-09-23 19:10:27.937
2026-09-23 19:07:56,BUMO780,0501,Jennifer Marr,37,37,0,2026-09-23 19:10:28,2026-09-23 19:10:28.240
2026-09-23 19:07:56,BUMO780,0502,Jennifer Marr,37,37,0,2026-09-23 19:10:28,2026-09-23 19:10:28.240
2026-09-23 19:07:56,BUMO782,0501,Mike Hoffmeyer,40,40,0,2026-09-23 19:10:28,2026-09-23 19:10:28.392
2026-09-23 19:07:56,BUMO785,0501,Maria Bustamante,65,65,0,2026-09-23 19:10:28,2026-09-23 19:10:28.544
2026-09-23 19:07:56,BUMO790,0501,Roy Thomason,65,65,0,2026-09-23 19:10:28,2026-09-23 19:10:28.701
2026-09-23 19:07:56,BUMO790,0502,Roy Thomason,65,65,0,2026-09-23 19:10:28,2026-09-23 19:10:28.701
2026-09-23 19:07:56,BUMO791,0501,Roy Thomason,65,65,0,2026-09-23 19:10:28,2026-09-23 19:10:28.855
2026-09-23 19:07:56,BUMO791,0502,Roy Thomason,65,65,0,2026-09-23 19:10:28,2026-09-23 19:10:28.855
2026-09-23 19:07:56,CHIN100,0101,Yuli Wang,15,15,0,2026-09-23 19:10:56,2026-09-23 19:10:56.782
2026-09-23 19:07:56,CHIN121,0101,Mei Kong,15,15,0,2026-09-23 19:10:56,2026-09-23 19:10:56.945
2026-09-23 19:07:56,CHIN122,0101,Mei Kong,15,15,0,2026-09-23 19:10:57,2026-09-23 19:10:57.104
2026-09-23 19:07:56,CHIN122,0201,Mei Kong,15,15,0,2026-09-23 19:10:57,2026-09-23 19:10:57.105
2026-09-23 19:07:56,CHIN122,0301,Guiling Hu,15,15,0,2026-09-23 19:10:57,2026-09-23 19:10:57.105
2026-09-23 19:07:56,CHIN207,0101,Guiling Hu,15,15,0,2026-09-23 19:10:57,2026-09-23 19:10:57.260
2026-09-23 19:07:56,CHIN207,0201,Guiling Hu,15,15,0,2026-09-23 19:10:57,2026-09-23 19:10:57.260
2026-09-23 19:07:56,CHIN302,0101,Jungjung Lee,15,15,0,2026-09-23 19:10:57,2026-09-23 19:10:57.418
2026-09-23 19:07:56,CHIN302,0201,Jungjung Lee,15,15,0,2026-09-23 19:10:57,2026-09-23 19:10:57.418
2026-09-23 19:07:56,CHIN307,0101,Minglang Zhou,25,25,0,2026-09-23 19:10:57,2026-09-23 19:10:57.577
2026-09-23 19:07:56,CHIN315,0101,Mei Nan,25,25,0,2026-09-23 19:10:57,2026-09-23 19:10:57.728
2026-09-23 19:07:56,CHIN332,0101,Yuli Wang,15,15,0,2026-09-23 19:10:57,2026-09-23 19:10:57.884
2026-09-23 19:07:56,CHIN402,0101,Jungjung Lee,15,15,0,2026-09-23 19:10:58,2026-09-23 19:10:58.185
2026-09-23 19:07:56,CHIN415,0101,Jungjung Lee,15,15,0,2026-09-23 19:10:58,2026-09-23 19:10:58.340
2026-09-23 19:07:56,CHIN418O,0101,Mei Nan,25,25,0,2026-09-23 19:10:58,2026-09-23 19:10:58.500
2026-09-23 19:07:56,CHIN441,0101,Andrew Schonebaum,20,20,0,2026-09-23 19:10:58,2026-09-23 19:10:58.651
2026-09-23 19:07:56,CHSE205,0101,Yewon Lee,60,60,0,2026-09-23 19:11:02,2026-09-23 19:11:02.160
2026-09-23 19:07:56,CHSE205,0201,Katryna Andrusik,50,50,0,2026-09-23 19:11:02,2026-09-23 19:11:02.160
2026-09-23 19:07:56,CHSE228D,0101,Nikita Kimani,16,16,0,2026-09-23 19:11:02,2026-09-23 19:11:02.323
2026-09-23 19:07:56,CHSE376,0101,Michael Dunham,20,20,0,2026-09-23 19:11:02,2026-09-23 19:11:02.519
2026-09-23 19:07:56,CHSE376,0201,Elizabeth Martinez,20,20,0,2026-09-23 19:11:02,2026-09-23 19:11:02.519
2026-09-23 19:07:56,CHSE376,0301,Colleen McGilpin,20,20,0,2026-09-23 19:11:02,2026-09-23 19:11:02.520
2026-09-23 19:07:56,CHSE376,0401,Chanai Brewster,15,15,0,2026-09-23 19:11:02,2026-09-23 19:11:02.520
2026-09-23 19:07:56,CHSE376,0501,Michael Dunham,15,15,0,2026-09-23 19:11:02,2026-09-23 19:11:02.520
2026-09-23 19:07:56,CHSE476,0101,Michael Dunham,20,20,0,2026-09-23 19:11:02,2026-09-23 19:11:02.837
2026-09-23 19:07:56,CHSE477,0101,Michael Dunham,18,18,0,2026-09-23 19:11:02,2026-09-23 19:11:02.992
2026-09-23 19:07:56,CHSE480,0101,Michael Dunham,18,18,0,2026-09-23 19:11:03,2026-09-23 19:11:03.158
2026-09-23 19:07:56,CHSE489,1901,Amy D'Agati,10,10,0,2026-09-23 19:11:03,2026-09-23 19:11:03.312
2026-09-23 19:07:56,CINE245,0201,Instructor: TBA,27,27,0,2026-09-23 19:11:04,2026-09-23 19:11:04.944
2026-09-23 19:07:56,CINE245,0301,Instructor: TBA,27,27,0,2026-09-23 19:11:04,2026-09-23 19:11:04.945
2026-09-23 19:07:56,CINE280,0101,Eric Zakim,25,25,0,2026-09-23 19:11:05,2026-09-23 19:11:05.106
2026-09-23 19:07:56,CINE280,0102,Eric Zakim,25,25,0,2026-09-23 19:11:05,2026-09-23 19:11:05.106
2026-09-23 19:07:56,CINE280,0103,Eric Zakim,25,25,0,2026-09-23 19:11:05,2026-09-23 19:11:05.106
2026-09-23 19:07:56,CINE280,0104,Eric Zakim,25,25,0,2026-09-23 19:11:05,2026-09-23 19:11:05.106
2026-09-23 19:07:56,CINE282,0101,Susan Pramschufer,35,35,0,2026-09-23 19:11:05,2026-09-23 19:11:05.262
2026-09-23 19:07:56,CINE298B,0101,Sean Pue,20,20,0,2026-09-23 19:11:05,2026-09-23 19:11:05.421
2026-09-23 19:07:56,CINE302,0101,Luka Arsenjuk,30,30,0,2026-09-23 19:11:05,2026-09-23 19:11:05.576
2026-09-23 19:07:56,CINE310,0101,Nathaniel Stevens,15,15,0,2026-09-23 19:11:05,2026-09-23 19:11:05.731
2026-09-23 19:07:56,CINE319A,0101,Instructor: TBA,20,20,0,2026-09-23 19:11:05,2026-09-23 19:11:05.882
2026-09-23 19:07:56,CINE319I,0101,Yael Inbar,15,15,0,2026-09-23 19:11:06,2026-09-23 19:11:06.039
2026-09-23 19:07:56,CINE319P,5501,Samuel Crawford,10,10,0,2026-09-23 19:11:06,2026-09-23 19:11:06.196
2026-09-23 19:07:56,CINE329E,0101,Elizabeth Papazian,25,25,0,2026-09-23 19:11:06,2026-09-23 19:11:06.349
2026-09-23 19:07:56,CINE329N,0101,Daniel Richter,25,25,0,2026-09-23 19:11:06,2026-09-23 19:11:06.503
2026-09-23 19:07:56,CINE329Z,0101,Daniel Richter,25,25,0,2026-09-23 19:11:06,2026-09-23 19:11:06.653
2026-09-23 19:07:56,CINE335,0101,Jason Kuo,25,25,0,2026-09-23 19:11:06,2026-09-23 19:11:06.808
2026-09-23 19:07:56,CINE369C,0101,Mauro Resmini,40,40,0,2026-09-23 19:11:06,2026-09-23 19:11:06.960
2026-09-23 19:07:56,CINE369F,0101,Alexis Lothian,30,30,0,2026-09-23 19:11:07,2026-09-23 19:11:07.113
2026-09-23 19:07:56,CINE369K,0101,Instructor: TBA,20,20,0,2026-09-23 19:11:07,2026-09-23 19:11:07.265
2026-09-23 19:07:56,CINE376,0101,Ross Angelella,14,14,0,2026-09-23 19:11:07,2026-09-23 19:11:07.419
2026-09-23 19:07:56,CINE376,0102,Ross Angelella,5,5,0,2026-09-23 19:11:07,2026-09-23 19:11:07.419
2026-09-23 19:07:56,CINE419E,0101,Stephanie Sapienza,15,15,0,2026-09-23 19:11:07,2026-09-23 19:11:07.720
2026-09-23 19:07:56,CINE429O,0101,Mei Nan,25,25,0,2026-09-23 19:11:07,2026-09-23 19:11:07.876
2026-09-23 19:07:56,CINE459C,0101,Saverio Giovacchini,54,54,0,2026-09-23 19:11:08,2026-09-23 19:11:08.029
2026-09-23 19:07:56,CINE469Y,0101,Jason Kuo,14,14,0,2026-09-23 19:11:08,2026-09-23 19:11:08.180
2026-09-23 19:07:56,CLAS170,0101,Katherine Wasdin,21,21,0,2026-09-23 19:11:09,2026-09-23 19:11:09.596
2026-09-23 19:07:56,CLAS170,0102,Katherine Wasdin,21,21,0,2026-09-23 19:11:09,2026-09-23 19:11:09.596
2026-09-23 19:07:56,CLAS170,0103,Katherine Wasdin,21,21,0,2026-09-23 19:11:09,2026-09-23 19:11:09.596
2026-09-23 19:07:56,CLAS170,0104,Katherine Wasdin,21,21,0,2026-09-23 19:11:09,2026-09-23 19:11:09.596
2026-09-23 19:07:56,CLAS170,0105,Katherine Wasdin,21,21,0,2026-09-23 19:11:09,2026-09-23 19:11:09.597
2026-09-23 19:07:56,CLAS170,0106,Katherine Wasdin,21,21,0,2026-09-23 19:11:09,2026-09-23 19:11:09.597
2026-09-23 19:07:56,CLAS170,0107,Katherine Wasdin,21,21,0,2026-09-23 19:11:09,2026-09-23 19:11:09.597
2026-09-23 19:07:56,CLAS170,0108,Katherine Wasdin,21,21,0,2026-09-23 19:11:09,2026-09-23 19:11:09.597
2026-09-23 19:07:56,CLAS170,0109,Katherine Wasdin,21,21,0,2026-09-23 19:11:09,2026-09-23 19:11:09.597
2026-09-23 19:07:56,CLAS276,0101,Eric Adler,25,25,0,2026-09-23 19:11:09,2026-09-23 19:11:09.769
2026-09-23 19:07:56,CLAS276,0102,Eric Adler,25,25,0,2026-09-23 19:11:09,2026-09-23 19:11:09.769
2026-09-23 19:07:56,CLAS276,0103,Eric Adler,25,25,0,2026-09-23 19:11:09,2026-09-23 19:11:09.769
2026-09-23 19:07:56,CLAS276,0104,Eric Adler,25,25,0,2026-09-23 19:11:09,2026-09-23 19:11:09.769
2026-09-23 19:07:56,CLAS276,0105,Eric Adler,25,25,0,2026-09-23 19:11:09,2026-09-23 19:11:09.770
2026-09-23 19:07:56,CLAS276,0106,Eric Adler,25,25,0,2026-09-23 19:11:09,2026-09-23 19:11:09.770
2026-09-23 19:07:56,CLAS333,0101,Nathan Levine,35,35,0,2026-09-23 19:11:09,2026-09-23 19:11:09.921
2026-09-23 19:07:56,CLAS340,0101,Katherine Wasdin,35,35,0,2026-09-23 19:11:10,2026-09-23 19:11:10.077
2026-09-23 19:07:56,CMLT235,0101,Instructor: TBA,30,30,0,2026-09-23 19:11:13,2026-09-23 19:11:13.257
2026-09-23 19:07:56,CMLT270,0201,Instructor: TBA,30,30,0,2026-09-23 19:11:13,2026-09-23 19:11:13.412
2026-09-23 19:07:56,CMLT270,0301,Instructor: TBA,30,30,0,2026-09-23 19:11:13,2026-09-23 19:11:13.412
2026-09-23 19:07:56,CMLT275,0101,Instructor: TBA,30,30,0,2026-09-23 19:11:13,2026-09-23 19:11:13.565
2026-09-23 19:07:56,CMLT277,0101,Instructor: TBA,30,30,0,2026-09-23 19:11:13,2026-09-23 19:11:13.725
2026-09-23 19:07:56,CMLT280,0101,Eric Zakim,25,25,0,2026-09-23 19:11:13,2026-09-23 19:11:13.883
2026-09-23 19:07:56,CMLT280,0102,Eric Zakim,25,25,0,2026-09-23 19:11:13,2026-09-23 19:11:13.883
2026-09-23 19:07:56,CMLT280,0103,Eric Zakim,25,25,0,2026-09-23 19:11:13,2026-09-23 19:11:13.883
2026-09-23 19:07:56,CMLT280,0104,Eric Zakim,25,25,0,2026-09-23 19:11:13,2026-09-23 19:11:13.883
2026-09-23 19:07:56,CPBE101,0101,Oliver Schlake,75,75,0,2026-09-23 19:11:26,2026-09-23 19:11:26.546
2026-09-23 19:07:56,CPBE230,0101,Oliver Schlake,30,30,0,2026-09-23 19:11:26,2026-09-23 19:11:26.700
2026-09-23 19:07:56,CPBE240,0101,Oliver Schlake,20,20,0,2026-09-23 19:11:26,2026-09-23 19:11:26.852
2026-09-23 19:07:56,CPBE250,0101,Oliver Schlake,30,30,0,2026-09-23 19:11:27,2026-09-23 19:11:27.006
2026-09-23 19:07:56,CPCV101,0101,Julie Randolph,40,40,0,2026-09-23 19:11:28,2026-09-23 19:11:28.241
2026-09-23 19:07:56,CPCV101,0201,Julie Randolph,40,40,0,2026-09-23 19:11:28,2026-09-23 19:11:28.241
2026-09-23 19:07:56,CPCV230,0101,Korey Rothman,20,20,0,2026-09-23 19:11:28,2026-09-23 19:11:28.401
2026-09-23 19:07:56,CPCV230,0201,Korey Rothman,20,20,0,2026-09-23 19:11:28,2026-09-23 19:11:28.401
2026-09-23 19:07:56,CPDJ101,0101,Jess Feltner,75,75,0,2026-09-23 19:11:29,2026-09-23 19:11:29.641
2026-09-23 19:07:56,CPDJ230,0101,Jess Feltner,10,10,0,2026-09-23 19:11:29,2026-09-23 19:11:29.794
2026-09-23 19:07:56,CPDJ240,0101,Jess Feltner,8,8,0,2026-09-23 19:11:29,2026-09-23 19:11:29.948
2026-09-23 19:07:56,CPDJ250,0101,Jess Feltner,10,10,0,2026-09-23 19:11:30,2026-09-23 19:11:30.099
2026-09-23 19:07:56,CPET101,0101,Dani Moore,78,78,0,2026-09-23 19:11:31,2026-09-23 19:11:31.340
2026-09-23 19:07:56,CPET230,0101,Dani Moore,50,50,0,2026-09-23 19:11:31,2026-09-23 19:11:31.490
2026-09-23 19:07:56,CPET240,0101,Dani Moore,20,20,0,2026-09-23 19:11:31,2026-09-23 19:11:31.642
2026-09-23 19:07:56,CPET250,0101,Dani Moore,15,15,0,2026-09-23 19:11:31,2026-09-23 19:11:31.799
2026-09-23 19:07:56,CPGH101,0101,Angshuman Kashyap,75,75,0,2026-09-23 19:11:33,2026-09-23 19:11:33.052
2026-09-23 19:07:56,CPGH210,0101,Haley Clark,80,80,0,2026-09-23 19:11:33,2026-09-23 19:11:33.208
2026-09-23 19:07:56,CPGH230,0101,John Wiggins,30,30,0,2026-09-23 19:11:33,2026-09-23 19:11:33.361
2026-09-23 19:07:56,CPGH240,0101,John Wiggins,30,30,0,2026-09-23 19:11:33,2026-09-23 19:11:33.510
2026-09-23 19:07:56,CPGH250,0101,John Wiggins,25,25,0,2026-09-23 19:11:33,2026-09-23 19:11:33.663
2026-09-23 19:07:56,CPGH270,0101,John Wiggins,5,5,0,2026-09-23 19:11:33,2026-09-23 19:11:33.812
2026-09-23 19:07:56,CPJT101,0101,Justine DeCamillis,75,75,0,2026-09-23 19:11:35,2026-09-23 19:11:35.052
2026-09-23 19:07:56,CPJT230,0101,Justine DeCamillis,35,35,0,2026-09-23 19:11:35,2026-09-23 19:11:35.208
2026-09-23 19:07:56,CPJT240,0101,Justine DeCamillis,25,25,0,2026-09-23 19:11:35,2026-09-23 19:11:35.363
2026-09-23 19:07:56,CPJT250,0101,Victoria Worley,25,25,0,2026-09-23 19:11:35,2026-09-23 19:11:35.516
2026-09-23 19:07:56,CPMS101,0101,Alison Burns,75,75,0,2026-09-23 19:11:36,2026-09-23 19:11:36.758
2026-09-23 19:07:56,CPMS230,0101,Alison Burns,30,30,0,2026-09-23 19:11:36,2026-09-23 19:11:36.909
2026-09-23 19:07:56,CPMS240,0101,Alison Burns,15,15,0,2026-09-23 19:11:37,2026-09-23 19:11:37.060
2026-09-23 19:07:56,CPPL101,0101,Kelly Brower,75,75,0,2026-09-23 19:11:38,2026-09-23 19:11:38.291
2026-09-23 19:07:56,CPSA101,0101,Heather-Erin Bremenstuhl,75,75,0,2026-09-23 19:11:39,2026-09-23 19:11:39.539
2026-09-23 19:07:56,CPSA149,0101,Harold Burgess,20,20,0,2026-09-23 19:11:39,2026-09-23 19:11:39.693
2026-09-23 19:07:56,CPSA201,0101,Heather-Erin Bremenstuhl,75,75,0,2026-09-23 19:11:39,2026-09-23 19:11:39.844
2026-09-23 19:07:56,CPSA240,0101,Harold Burgess,15,15,0,2026-09-23 19:11:39,2026-09-23 19:11:40.001
2026-09-23 19:07:56,CPSA250,0101,Heather-Erin Bremenstuhl,10,10,0,2026-09-23 19:11:40,2026-09-23 19:11:40.163
2026-09-23 19:07:56,CPSA250,0201,Heather-Erin Bremenstuhl,10,10,0,2026-09-23 19:11:40,2026-09-23 19:11:40.163
2026-09-23 19:07:56,CPSA250,0301,Heather-Erin Bremenstuhl,10,10,0,2026-09-23 19:11:40,2026-09-23 19:11:40.163
2026-09-23 19:07:56,CPSA260,0101,Heather-Erin Bremenstuhl,10,10,0,2026-09-23 19:11:40,2026-09-23 19:11:40.323
2026-09-23 19:07:56,CPSA260,0201,Heather-Erin Bremenstuhl,10,10,0,2026-09-23 19:11:40,2026-09-23 19:11:40.323
2026-09-23 19:07:56,CPSA260,0301,Alexandra Lynch,10,10,0,2026-09-23 19:11:40,2026-09-23 19:11:40.324
2026-09-23 19:07:56,CPSF101,0101,Nicholas Fletcher,75,75,0,2026-09-23 19:11:41,2026-09-23 19:11:41.547
2026-09-23 19:07:56,CPSG101,0101,Thomas Holtz,75,75,0,2026-09-23 19:11:42,2026-09-23 19:11:42.846
2026-09-23 19:07:56,CPSG230,0101,John Merck,50,50,0,2026-09-23 19:11:43,2026-09-23 19:11:43.003
2026-09-23 19:07:56,CPSG240,0101,John Merck,25,25,0,2026-09-23 19:11:43,2026-09-23 19:11:43.239
2026-09-23 19:07:56,CPSG250,0101,John Merck,25,25,0,2026-09-23 19:11:43,2026-09-23 19:11:43.405
2026-09-23 19:07:56,CPSN101,0101,Hansol Kwak,75,75,0,2026-09-23 19:11:44,2026-09-23 19:11:44.906
2026-09-23 19:07:56,CPSN230,0101,Ellin Chung,40,40,0,2026-09-23 19:11:45,2026-09-23 19:11:45.172
2026-09-23 19:07:56,CPSN240,0101,Ellin Chung,15,15,0,2026-09-23 19:11:45,2026-09-23 19:11:45.325
2026-09-23 19:07:56,CPSN250,0101,Hansol Kwak,25,25,0,2026-09-23 19:11:45,2026-09-23 19:11:45.498
2026-09-23 19:07:56,CPSP239A,0101,Heather-Erin Bremenstuhl,10,10,0,2026-09-23 19:11:47,2026-09-23 19:11:47.089
2026-09-23 19:07:56,CPSP259J,0101,Alison Burns,10,10,0,2026-09-23 19:11:47,2026-09-23 19:11:47.277
2026-09-23 19:07:56,CPSP279N,0101,Stacy Kosko,10,10,0,2026-09-23 19:11:47,2026-09-23 19:11:47.433
2026-09-23 19:07:56,CPSP339P,0101,Kelly Brower,15,15,0,2026-09-23 19:11:47,2026-09-23 19:11:47.776
2026-09-23 19:07:56,CPSP359G,0101,John Merck,25,25,0,2026-09-23 19:11:47,2026-09-23 19:11:47.927
2026-09-23 19:07:56,CPSP359S,0101,David Eubanks,24,24,0,2026-09-23 19:11:48,2026-09-23 19:11:48.082
2026-09-23 19:07:56,CPSP369E,0101,Tim Knight,7,7,0,2026-09-23 19:11:48,2026-09-23 19:11:48.258
2026-09-23 19:07:56,CPSP369E,0102,Tim Knight,5,5,0,2026-09-23 19:11:48,2026-09-23 19:11:48.258
2026-09-23 19:07:56,CPSS101,0101,Christine Alexander,75,75,0,2026-09-23 19:11:49,2026-09-23 19:11:49.593
2026-09-23 19:07:56,CPSS225,0101,Roan Parrish,20,20,0,2026-09-23 19:11:49,2026-09-23 19:11:49.748
2026-09-23 19:07:56,CPSS225,0201,Thomas Zeller,20,20,0,2026-09-23 19:11:49,2026-09-23 19:11:49.748
2026-09-23 19:07:56,CPSS240,0101,Timothy Reedy,25,25,0,2026-09-23 19:11:49,2026-09-23 19:11:49.938
2026-09-23 19:07:56,CPSS340,0101,Nicole Mogul,20,20,0,2026-09-23 19:11:50,2026-09-23 19:11:50.125
2026-09-23 19:07:56,DATA100,0111,Matthew Griffin,27,27,0,2026-09-23 19:11:58,2026-09-23 19:11:58.243
2026-09-23 19:07:56,DATA100,0112,Matthew Griffin,27,27,0,2026-09-23 19:11:58,2026-09-23 19:11:58.243
2026-09-23 19:07:56,DATA100,0121,Matthew Griffin,27,27,0,2026-09-23 19:11:58,2026-09-23 19:11:58.244
2026-09-23 19:07:56,DATA100,0122,Matthew Griffin,27,27,0,2026-09-23 19:11:58,2026-09-23 19:11:58.244
2026-09-23 19:07:56,DATA100,0123,Matthew Griffin,27,27,0,2026-09-23 19:11:58,2026-09-23 19:11:58.244
2026-09-23 19:07:56,DATA100,0131,Matthew Griffin,27,27,0,2026-09-23 19:11:58,2026-09-23 19:11:58.244
2026-09-23 19:07:56,DATA100,0211,Matthew Griffin,27,27,0,2026-09-23 19:11:58,2026-09-23 19:11:58.244
2026-09-23 19:07:56,DATA100,0212,Matthew Griffin,27,27,0,2026-09-23 19:11:58,2026-09-23 19:11:58.245
2026-09-23 19:07:56,DATA100,0221,Matthew Griffin,27,27,0,2026-09-23 19:11:58,2026-09-23 19:11:58.245
2026-09-23 19:07:56,DATA100,0222,Matthew Griffin,27,27,0,2026-09-23 19:11:58,2026-09-23 19:11:58.245
2026-09-23 19:07:56,DATA100,0223,Matthew Griffin,27,27,0,2026-09-23 19:11:58,2026-09-23 19:11:58.245
2026-09-23 19:07:56,DATA100,0224,Matthew Griffin,27,27,0,2026-09-23 19:11:58,2026-09-23 19:11:58.245
2026-09-23 19:07:56,DATA100,0231,Matthew Griffin,27,27,0,2026-09-23 19:11:58,2026-09-23 19:11:58.246
2026-09-23 19:07:56,DATA100,0241,Matthew Griffin,27,27,0,2026-09-23 19:11:58,2026-09-23 19:11:58.246
2026-09-23 19:07:56,DATA100,0242,Matthew Griffin,27,27,0,2026-09-23 19:11:58,2026-09-23 19:11:58.246
2026-09-23 19:07:56,DATA100,0311,Jonathan Fernandes,25,25,0,2026-09-23 19:11:58,2026-09-23 19:11:58.246
2026-09-23 19:07:56,DATA100,0312,Jonathan Fernandes,25,25,0,2026-09-23 19:11:58,2026-09-23 19:11:58.246
2026-09-23 19:07:56,DATA100,0321,Jonathan Fernandes,25,25,0,2026-09-23 19:11:58,2026-09-23 19:11:58.246
2026-09-23 19:07:56,DATA100,0322,Jonathan Fernandes,25,25,0,2026-09-23 19:11:58,2026-09-23 19:11:58.247
2026-09-23 19:07:56,DATA100,0323,Jonathan Fernandes,25,25,0,2026-09-23 19:11:58,2026-09-23 19:11:58.247
2026-09-23 19:07:56,DATA110,0101,Susan Mazzullo,310,310,0,2026-09-23 19:11:58,2026-09-23 19:11:58.398
2026-09-23 19:07:56,DATA120,0101,Fardina Alam,200,200,0,2026-09-23 19:11:58,2026-09-23 19:11:58.555
2026-09-23 19:07:56,DATA200,0101,Fardina Alam,90,90,0,2026-09-23 19:11:58,2026-09-23 19:11:58.706
2026-09-23 19:07:56,DATA250,0101,Todd Rowland,30,30,0,2026-09-23 19:11:58,2026-09-23 19:11:58.860
2026-09-23 19:07:56,DATA320,0101,Maksym Morawski,20,20,0,2026-09-23 19:11:59,2026-09-23 19:11:59.013
2026-09-23 19:07:56,DATA320,0201,Fardina Alam,20,20,0,2026-09-23 19:11:59,2026-09-23 19:11:59.013
2026-09-23 19:07:56,DATA320,0301,Anna Evtushenko,12,12,0,2026-09-23 19:11:59,2026-09-23 19:11:59.014
2026-09-23 19:07:56,DATA350,0101,Todd Rowland,30,30,0,2026-09-23 19:11:59,2026-09-23 19:11:59.171
2026-09-23 19:07:56,DATA350,0201,Raluca Rosca,30,30,0,2026-09-23 19:11:59,2026-09-23 19:11:59.171
2026-09-23 19:07:56,DATA400,0111,Archana Khurana,27,27,0,2026-09-23 19:11:59,2026-09-23 19:11:59.347
2026-09-23 19:07:56,DATA400,0121,Archana Khurana,27,27,0,2026-09-23 19:11:59,2026-09-23 19:11:59.347
2026-09-23 19:07:56,DATA400,0131,Archana Khurana,27,27,0,2026-09-23 19:11:59,2026-09-23 19:11:59.347
2026-09-23 19:07:56,DATA400,0211,Salman Safdar,27,27,0,2026-09-23 19:11:59,2026-09-23 19:11:59.348
2026-09-23 19:07:56,DATA400,0311,Shixin Zheng,27,27,0,2026-09-23 19:11:59,2026-09-23 19:11:59.348
2026-09-23 19:07:56,DATA400,0321,Shixin Zheng,30,30,0,2026-09-23 19:11:59,2026-09-23 19:11:59.348
2026-09-23 19:07:56,DATA400,0331,Shixin Zheng,27,27,0,2026-09-23 19:11:59,2026-09-23 19:11:59.348
2026-09-23 19:07:56,DATA400,0411,Mestiyage Gunatilleka,27,27,0,2026-09-23 19:11:59,2026-09-23 19:11:59.348
2026-09-23 19:07:56,DATA400,0421,Mestiyage Gunatilleka,27,27,0,2026-09-23 19:11:59,2026-09-23 19:11:59.349
2026-09-23 19:07:56,DATA400,0431,Mestiyage Gunatilleka,27,27,0,2026-09-23 19:11:59,2026-09-23 19:11:59.349
2026-09-23 19:07:56,DATA602,PCS1,Tammy Perrin,30,30,0,2026-09-23 19:11:59,2026-09-23 19:11:59.505
2026-09-23 19:07:56,DATA603,PWS1,Kemal Davaslioglu,50,50,0,2026-09-23 19:11:59,2026-09-23 19:11:59.657
2026-09-23 19:07:56,DATA604,PCS1,Wojciech Czaja,55,55,0,2026-09-23 19:11:59,2026-09-23 19:11:59.819
2026-09-23 19:07:56,DATA604,PCS2,Mestiyage Gunatilleka,55,55,0,2026-09-23 19:11:59,2026-09-23 19:11:59.819
2026-09-23 19:07:56,DATA604,PCS3,Kendall Williams,55,55,0,2026-09-23 19:11:59,2026-09-23 19:11:59.819
2026-09-23 19:07:56,DATA604,PCS4,Jonathan Fernandes,55,55,0,2026-09-23 19:11:59,2026-09-23 19:11:59.820
2026-09-23 19:07:56,DATA605,PCS1,Tammy Perrin,55,55,0,2026-09-23 19:11:59,2026-09-23 19:11:59.979
2026-09-23 19:07:56,DATA605,PCS2,Tammy Perrin,55,55,0,2026-09-23 19:11:59,2026-09-23 19:11:59.979
2026-09-23 19:07:56,DATA605,PWS1,Giacinto Paolo Saggese,55,55,0,2026-09-23 19:11:59,2026-09-23 19:11:59.979
2026-09-23 19:07:56,DATA606,PCS1,Abdirisak Mohamed,55,55,0,2026-09-23 19:12:00,2026-09-23 19:12:00.187
2026-09-23 19:07:56,DATA606,PCS2,Abdirisak Mohamed,55,55,0,2026-09-23 19:12:00,2026-09-23 19:12:00.187
2026-09-23 19:07:56,DATA606,PCS3,Toki Inan,55,55,0,2026-09-23 19:12:00,2026-09-23 19:12:00.187
2026-09-23 19:07:56,DATA612,PCS1,Samet Ayhan,55,55,0,2026-09-23 19:12:00,2026-09-23 19:12:00.347
2026-09-23 19:07:56,DATA612,PCS2,Samet Ayhan,55,55,0,2026-09-23 19:12:00,2026-09-23 19:12:00.347
2026-09-23 19:07:56,DATA612,PCS3,Emre Gunduzhan,55,55,0,2026-09-23 19:12:00,2026-09-23 19:12:00.348
2026-09-23 19:07:56,DATA641,PCS1,Armin Mehrabian,55,55,0,2026-09-23 19:12:00,2026-09-23 19:12:00.502
2026-09-23 19:07:56,EALL361,0101,Instructor: TBA,20,20,0,2026-09-23 19:12:01,2026-09-23 19:12:01.989
2026-09-23 19:07:56,EDDI300,0101,Nicole Mehta,20,20,0,2026-09-23 19:12:10,2026-09-23 19:12:10.166
2026-09-23 19:07:56,EMBA788G,GX01,Judy Frels,31,31,0,2026-09-23 19:12:25,2026-09-23 19:12:25.912
2026-09-23 19:07:56,EMBA788V,GX01,Zhi-Long Chen,31,31,0,2026-09-23 19:12:26,2026-09-23 19:12:26.064
2026-09-23 19:07:56,ENAI603,0101,A Seyed,35,35,0,2026-09-23 19:12:33,2026-09-23 19:12:33.105
2026-09-23 19:07:56,ENAI603,AEC1,A Seyed,20,20,0,2026-09-23 19:12:33,2026-09-23 19:12:33.105
2026-09-23 19:07:56,ENBC312,ESG1,Kyunghun Lee,20,20,0,2026-09-23 19:12:34,2026-09-23 19:12:34.369
2026-09-23 19:07:56,ENBC321,ESG1,Jamasp Azarnoosh,20,20,0,2026-09-23 19:12:34,2026-09-23 19:12:34.523
2026-09-23 19:07:56,ENBC342,ESG1,Lan Ma,20,20,0,2026-09-23 19:12:34,2026-09-23 19:12:34.676
2026-09-23 19:07:56,ENBC351,ESG1,Jarred Callura,20,20,0,2026-09-23 19:12:34,2026-09-23 19:12:34.828
2026-09-23 19:07:56,ENBC352,ESG1,Jarred Callura,20,20,0,2026-09-23 19:12:34,2026-09-23 19:12:34.981
2026-09-23 19:07:56,ENBC403,ESG1,Jamasp Azarnoosh,20,20,0,2026-09-23 19:12:35,2026-09-23 19:12:35.135
2026-09-23 19:07:56,ENBC441,ESG1,Lan Ma,20,20,0,2026-09-23 19:12:35,2026-09-23 19:12:35.286
2026-09-23 19:07:56,ENBC455,ESG1,Jarred Callura,20,20,0,2026-09-23 19:12:35,2026-09-23 19:12:35.438
2026-09-23 19:07:56,ENBC491,ESG1,Lan Ma,20,20,0,2026-09-23 19:12:35,2026-09-23 19:12:35.591
2026-09-23 19:07:56,ENCO099,0101,Lizzy Solovey,200,200,0,2026-09-23 19:12:40,2026-09-23 19:12:40.917
2026-09-23 19:07:56,ENEB304,ESG1,Nestor Michael Tiglao,20,20,0,2026-09-23 19:12:42,2026-09-23 19:12:42.193
2026-09-23 19:07:56,ENEB345,ESG1,Nestor Michael Tiglao,20,20,0,2026-09-23 19:12:42,2026-09-23 19:12:42.345
2026-09-23 19:07:56,ENEB352,ESG1,Mohamed Hany,20,20,0,2026-09-23 19:12:42,2026-09-23 19:12:42.499
2026-09-23 19:07:56,ENEB353,ESG1,Manoj Franklin,20,20,0,2026-09-23 19:12:42,2026-09-23 19:12:42.651
2026-09-23 19:07:56,ENEB355,ESG1,Nestor Michael Tiglao,20,20,0,2026-09-23 19:12:42,2026-09-23 19:12:42.804
2026-09-23 19:07:56,ENEB408B,ESG1,Jerry Wu,20,20,0,2026-09-23 19:12:43,2026-09-23 19:12:43.178
2026-09-23 19:07:56,ENEB443,ESG1,George Zaki,20,20,0,2026-09-23 19:12:43,2026-09-23 19:12:43.331
2026-09-23 19:07:56,ENEB453,ESG1,Nestor Michael Tiglao,20,20,0,2026-09-23 19:12:43,2026-09-23 19:12:43.486
2026-09-23 19:07:56,ENEB455,ESG1,Jerry Wu,20,20,0,2026-09-23 19:12:43,2026-09-23 19:12:43.642
2026-09-23 19:07:56,ENEB456,ESG1,Nestor Michael Tiglao,20,20,0,2026-09-23 19:12:43,2026-09-23 19:12:43.794
2026-09-23 19:07:56,ENED037,0101,Hillary Owusu,20,20,0,2026-09-23 19:12:45,2026-09-23 19:12:45.051
2026-09-23 19:07:56,ENED290H,0101,Christopher Troilo,45,45,0,2026-09-23 19:12:45,2026-09-23 19:12:45.239
2026-09-23 19:07:56,ENED394H,0101,Maria Bardossy,40,40,0,2026-09-23 19:12:45,2026-09-23 19:12:45.391
2026-09-23 19:07:56,ENED397,0101,Emily Marks,9,9,0,2026-09-23 19:12:45,2026-09-23 19:12:45.542
2026-09-23 19:07:56,ENED490H,0101,David Ashley,45,45,0,2026-09-23 19:12:45,2026-09-23 19:12:45.693
2026-09-23 19:07:56,ENMT313,ESG1,Nicholas Limparis,3,3,0,2026-09-23 19:13:25,2026-09-23 19:13:25.596
2026-09-23 19:07:56,ENMT332,ESG1,Norman Wereley,4,4,0,2026-09-23 19:13:25,2026-09-23 19:13:25.750
2026-09-23 19:07:56,ENMT362,ESG1,Young Choi,3,3,0,2026-09-23 19:13:25,2026-09-23 19:13:25.903
2026-09-23 19:07:56,ENMT372,ESG1,Gurtajbir Herr,3,3,0,2026-09-23 19:13:26,2026-09-23 19:13:26.058
2026-09-23 19:07:56,ENMT477,ESG1,Gurtajbir Herr,7,7,0,2026-09-23 19:13:26,2026-09-23 19:13:26.222
2026-09-23 19:07:56,ENMT488C,ESG1,Colleen Murray,7,7,0,2026-09-23 19:13:26,2026-09-23 19:13:26.378
2026-09-23 19:07:56,ENMT488P,ESG1,Colleen Murray,7,7,0,2026-09-23 19:13:26,2026-09-23 19:13:26.534
2026-09-23 19:07:56,ENMT488Z,ESG1,Nicholas Limparis,7,7,0,2026-09-23 19:13:26,2026-09-23 19:13:26.691
2026-09-23 19:07:56,ENSP102,0101,Joanna Goger,22,22,0,2026-09-23 19:13:35,2026-09-23 19:13:35.605
2026-09-23 19:07:56,ENSP102,0102,Joanna Goger,22,22,0,2026-09-23 19:13:35,2026-09-23 19:13:35.605
2026-09-23 19:07:56,ENSP102,0103,Joanna Goger,23,23,0,2026-09-23 19:13:35,2026-09-23 19:13:35.605
2026-09-23 19:07:56,ENSP102,0104,Joanna Goger,22,22,0,2026-09-23 19:13:35,2026-09-23 19:13:35.606
2026-09-23 19:07:56,ENSP102,0105,Joanna Goger,22,22,0,2026-09-23 19:13:35,2026-09-23 19:13:35.606
2026-09-23 19:07:56,ENSP102,0106,Joanna Goger,22,22,0,2026-09-23 19:13:35,2026-09-23 19:13:35.606
2026-09-23 19:07:56,ENSP102,0107,Joanna Goger,22,22,0,2026-09-23 19:13:35,2026-09-23 19:13:35.606
2026-09-23 19:07:56,ENSP306,0101,Caroline Boules,30,30,0,2026-09-23 19:13:35,2026-09-23 19:13:35.758
2026-09-23 19:07:56,ENSP330,0101,Joanna Goger,35,35,0,2026-09-23 19:13:35,2026-09-23 19:13:35.907
2026-09-23 19:07:56,ENSP342,0101,Annette Spivy,35,35,0,2026-09-23 19:13:36,2026-09-23 19:13:36.060
2026-09-23 19:07:56,ENSP370,0101,Arielle Wharton,30,30,0,2026-09-23 19:13:36,2026-09-23 19:13:36.214
2026-09-23 19:07:56,ENSP399R,0101,Melissa Kenney,15,15,0,2026-09-23 19:13:36,2026-09-23 19:13:36.666
2026-09-23 19:07:56,ENSP399R,0301,Instructor: TBA,15,15,0,2026-09-23 19:13:36,2026-09-23 19:13:36.667
2026-09-23 19:07:56,ENSP399R,0601,Annette Spivy,10,10,0,2026-09-23 19:13:36,2026-09-23 19:13:36.667
2026-09-23 19:07:56,ENSP399R,1001,Jennifer Mullinax,10,10,0,2026-09-23 19:13:36,2026-09-23 19:13:36.667
2026-09-23 19:07:56,ENSP400,0101,Caroline Boules,30,30,0,2026-09-23 19:13:36,2026-09-23 19:13:36.827
2026-09-23 19:07:56,ENSP400,0102,Annette Spivy,30,30,0,2026-09-23 19:13:36,2026-09-23 19:13:36.827
2026-09-23 19:07:56,ENSP400,0104,Colleen O'Donnell,20,20,0,2026-09-23 19:13:36,2026-09-23 19:13:36.827
2026-09-23 19:07:56,FGSM398,0101,Jayakumar Arasan,120,120,0,2026-09-23 19:13:53,2026-09-23 19:13:53.026
2026-09-23 19:07:56,FGSM398,0201,Jayakumar Arasan,120,120,0,2026-09-23 19:13:53,2026-09-23 19:13:53.026
2026-09-23 19:07:56,GBHL200,0101,Leena Malayil,18,18,0,2026-09-23 19:14:05,2026-09-23 19:14:05.950
2026-09-23 19:07:56,GBHL200,0201,Leena Malayil,13,13,0,2026-09-23 19:14:05,2026-09-23 19:14:05.950
2026-09-23 19:07:56,GBHL210,0101,Leena Malayil,18,18,0,2026-09-23 19:14:06,2026-09-23 19:14:06.108
2026-09-23 19:07:56,GBHL210,0201,Leena Malayil,13,13,0,2026-09-23 19:14:06,2026-09-23 19:14:06.108
2026-09-23 19:07:56,GBHL310,0101,Catherine Maybury,15,15,0,2026-09-23 19:14:06,2026-09-23 19:14:06.266
2026-09-23 19:07:56,GBHL310,0201,Catherine Maybury,15,15,0,2026-09-23 19:14:06,2026-09-23 19:14:06.266
2026-09-23 19:07:56,GBHL450,0101,Heather Wipfli,15,15,0,2026-09-23 19:14:06,2026-09-23 19:14:06.722
2026-09-23 19:07:56,GBHL497,0101,Hassanatu Blake,3,3,0,2026-09-23 19:14:06,2026-09-23 19:14:06.877
2026-09-23 19:07:56,GEMS102,0101,David Lovell,180,180,0,2026-09-23 19:14:08,2026-09-23 19:14:08.202
2026-09-23 19:07:56,GEMS208D,0101,Allison Lansverk,1,1,0,2026-09-23 19:14:08,2026-09-23 19:14:08.355
2026-09-23 19:07:56,GEMS208E,0101,Allison Lansverk,18,18,0,2026-09-23 19:14:08,2026-09-23 19:14:08.505
2026-09-23 19:07:56,GEMS208F,0201,Allison Lansverk,12,12,0,2026-09-23 19:14:08,2026-09-23 19:14:08.660
2026-09-23 19:07:56,GEMS208J,0101,Allison Lansverk,24,24,0,2026-09-23 19:14:08,2026-09-23 19:14:08.814
2026-09-23 19:07:56,GEMS208K,0101,Allison Lansverk,30,30,0,2026-09-23 19:14:08,2026-09-23 19:14:08.965
2026-09-23 19:07:56,GEMS208P,0101,Allison Lansverk,15,15,0,2026-09-23 19:14:09,2026-09-23 19:14:09.121
2026-09-23 19:07:56,GEMS208Q,0201,Allison Lansverk,1,1,0,2026-09-23 19:14:09,2026-09-23 19:14:09.275
2026-09-23 19:07:56,GEMS296,0113,David Lovell,5,5,0,2026-09-23 19:14:09,2026-09-23 19:14:09.423
2026-09-23 19:07:56,GEMS297,0101,Instructor: TBA,14,14,0,2026-09-23 19:14:09,2026-09-23 19:14:09.598
2026-09-23 19:07:56,GEMS297,0102,Instructor: TBA,14,14,0,2026-09-23 19:14:09,2026-09-23 19:14:09.598
2026-09-23 19:07:56,GEMS297,0103,Instructor: TBA,14,14,0,2026-09-23 19:14:09,2026-09-23 19:14:09.598
2026-09-23 19:07:56,GEMS297,0104,Instructor: TBA,14,14,0,2026-09-23 19:14:09,2026-09-23 19:14:09.598
2026-09-23 19:07:56,GEMS297,0105,Instructor: TBA,14,14,0,2026-09-23 19:14:09,2026-09-23 19:14:09.599
2026-09-23 19:07:56,GEMS297,0106,Instructor: TBA,14,14,0,2026-09-23 19:14:09,2026-09-23 19:14:09.599
2026-09-23 19:07:56,GEMS297,0107,Instructor: TBA,14,14,0,2026-09-23 19:14:09,2026-09-23 19:14:09.599
2026-09-23 19:07:56,GEMS297,0108,Instructor: TBA,14,14,0,2026-09-23 19:14:09,2026-09-23 19:14:09.599
2026-09-23 19:07:56,GEMS297,0109,Instructor: TBA,14,14,0,2026-09-23 19:14:09,2026-09-23 19:14:09.599
2026-09-23 19:07:56,GEMS297,0110,Instructor: TBA,14,14,0,2026-09-23 19:14:09,2026-09-23 19:14:09.599
2026-09-23 19:07:56,GEMS297,0111,Instructor: TBA,14,14,0,2026-09-23 19:14:09,2026-09-23 19:14:09.600
2026-09-23 19:07:56,GEMS297,0112,Instructor: TBA,14,14,0,2026-09-23 19:14:09,2026-09-23 19:14:09.600
2026-09-23 19:07:56,GEMS297,0113,Instructor: TBA,14,14,0,2026-09-23 19:14:09,2026-09-23 19:14:09.600
2026-09-23 19:07:56,GEMS297,0114,Instructor: TBA,14,14,0,2026-09-23 19:14:09,2026-09-23 19:14:09.600
2026-09-23 19:07:56,GEMS297,0115,Instructor: TBA,5,5,0,2026-09-23 19:14:09,2026-09-23 19:14:09.600
2026-09-23 19:07:56,GEMS396,0113,David Lovell,5,5,0,2026-09-23 19:14:09,2026-09-23 19:14:09.752
2026-09-23 19:07:56,GEMS397,0101,Michael Humber,14,14,0,2026-09-23 19:14:09,2026-09-23 19:14:09.926
2026-09-23 19:07:56,GEMS397,0102,Seth Dickey,14,14,0,2026-09-23 19:14:09,2026-09-23 19:14:09.927
2026-09-23 19:07:56,GEMS397,0103,Cecilia Huertas Cerdeira,14,14,0,2026-09-23 19:14:09,2026-09-23 19:14:09.927
2026-09-23 19:07:56,GEMS397,0104,Rodolphe Gentili,14,14,0,2026-09-23 19:14:09,2026-09-23 19:14:09.927
2026-09-23 19:07:56,GEMS397,0105,Allison Reilly,14,14,0,2026-09-23 19:14:09,2026-09-23 19:14:09.927
2026-09-23 19:07:56,GEMS397,0106,Peter Sunderland,14,14,0,2026-09-23 19:14:09,2026-09-23 19:14:09.927
2026-09-23 19:07:56,GEMS397,0107,Brett Lacey,14,14,0,2026-09-23 19:14:09,2026-09-23 19:14:09.927
2026-09-23 19:07:56,GEMS397,0108,Natalia Buzulukova,14,14,0,2026-09-23 19:14:09,2026-09-23 19:14:09.928
2026-09-23 19:07:56,GEMS397,0109,Anil Deane,14,14,0,2026-09-23 19:14:09,2026-09-23 19:14:09.928
2026-09-23 19:07:56,GEMS397,0110,Colenso Speer,14,14,0,2026-09-23 19:14:09,2026-09-23 19:14:09.928
2026-09-23 19:07:56,GEMS397,0111,Alisa Clyne,14,14,0,2026-09-23 19:14:09,2026-09-23 19:14:09.928
2026-09-23 19:07:56,GEMS397,0112,Xin Zan,14,14,0,2026-09-23 19:14:09,2026-09-23 19:14:09.928
2026-09-23 19:07:56,GEMS397,0113,Instructor: TBA,14,14,0,2026-09-23 19:14:09,2026-09-23 19:14:09.929
2026-09-23 19:07:56,GEMS397,0114,David Lovell,5,5,0,2026-09-23 19:14:09,2026-09-23 19:14:09.929
2026-09-23 19:07:56,GEMS397,0115,David Lovell,5,5,0,2026-09-23 19:14:09,2026-09-23 19:14:09.929
2026-09-23 19:07:56,GEMS496,0113,David Lovell,5,5,0,2026-09-23 19:14:10,2026-09-23 19:14:10.085
2026-09-23 19:07:56,GEMS497,0101,Eric Haag,14,14,0,2026-09-23 19:14:10,2026-09-23 19:14:10.262
2026-09-23 19:07:56,GEMS497,0102,Mohammad Nayeem Teli,14,14,0,2026-09-23 19:14:10,2026-09-23 19:14:10.262
2026-09-23 19:07:56,GEMS497,0103,Norberto Gonzalez- Juarbe,14,14,0,2026-09-23 19:14:10,2026-09-23 19:14:10.263
2026-09-23 19:07:56,GEMS497,0104,Abhinav Shrivastava,14,14,0,2026-09-23 19:14:10,2026-09-23 19:14:10.263
2026-09-23 19:07:56,GEMS497,0105,Hector Alcala,14,14,0,2026-09-23 19:14:10,2026-09-23 19:14:10.263
2026-09-23 19:07:56,GEMS497,0106,Massimo Ricotti,14,14,0,2026-09-23 19:14:10,2026-09-23 19:14:10.263
2026-09-23 19:07:56,GEMS497,0107,Reza Ghodssi,14,14,0,2026-09-23 19:14:10,2026-09-23 19:14:10.263
2026-09-23 19:07:56,GEMS497,0108,Nikhil Chopra,14,14,0,2026-09-23 19:14:10,2026-09-23 19:14:10.264
2026-09-23 19:07:56,GEMS497,0109,Kimberly Stroka,14,14,0,2026-09-23 19:14:10,2026-09-23 19:14:10.264
2026-09-23 19:07:56,GEMS497,0110,Gorjan Alagic,14,14,0,2026-09-23 19:14:10,2026-09-23 19:14:10.264
2026-09-23 19:07:56,GEMS497,0111,Alisa Clyne,14,14,0,2026-09-23 19:14:10,2026-09-23 19:14:10.264
2026-09-23 19:07:56,GEMS497,0112,Xin Zan,14,14,0,2026-09-23 19:14:10,2026-09-23 19:14:10.264
2026-09-23 19:07:56,GEMS497,0113,David Lovell,14,14,0,2026-09-23 19:14:10,2026-09-23 19:14:10.265
2026-09-23 19:07:56,GEMS497,0114,David Lovell,14,14,0,2026-09-23 19:14:10,2026-09-23 19:14:10.265
2026-09-23 19:07:56,GFPL100,0101,Alec Worsnop,21,21,0,2026-09-23 19:14:24,2026-09-23 19:14:24.982
2026-09-23 19:07:56,GFPL100,0102,Alec Worsnop,21,21,0,2026-09-23 19:14:24,2026-09-23 19:14:24.982
2026-09-23 19:07:56,GFPL100,0103,Alec Worsnop,21,21,0,2026-09-23 19:14:24,2026-09-23 19:14:24.982
2026-09-23 19:07:56,GFPL100,0104,Alec Worsnop,21,21,0,2026-09-23 19:14:24,2026-09-23 19:14:24.982
2026-09-23 19:07:56,GFPL100,0105,Alec Worsnop,21,21,0,2026-09-23 19:14:24,2026-09-23 19:14:24.983
2026-09-23 19:07:56,GFPL100,0106,Alec Worsnop,20,20,0,2026-09-23 19:14:24,2026-09-23 19:14:24.983
2026-09-23 19:07:56,GFPL102,0101,Caroline Ritter,95,95,0,2026-09-23 19:14:25,2026-09-23 19:14:25.132
2026-09-23 19:07:56,GFPL372,0101,Devin Entrikin,40,40,0,2026-09-23 19:14:25,2026-09-23 19:14:25.286
2026-09-23 19:07:56,GLBC200,0101,Parker Brookie,30,30,0,2026-09-23 19:14:26,2026-09-23 19:14:26.518
2026-09-23 19:07:56,GLBC360,0101,Hester Baer,30,30,0,2026-09-23 19:14:26,2026-09-23 19:14:26.671
2026-09-23 19:07:56,HACS101,0101,Michel Cukier,35,35,0,2026-09-23 19:14:41,2026-09-23 19:14:41.338
2026-09-23 19:07:56,HACS101,0201,Michel Cukier,35,35,0,2026-09-23 19:14:41,2026-09-23 19:14:41.339
2026-09-23 19:07:56,HACS201,0101,Bertrand Sobesto,26,26,0,2026-09-23 19:14:41,2026-09-23 19:14:41.489
2026-09-23 19:07:56,HACS208A,0101,Lawrence Gordon,20,20,0,2026-09-23 19:14:41,2026-09-23 19:14:41.642
2026-09-23 19:07:56,HACS208E,0101,Ian Serbin,26,26,0,2026-09-23 19:14:41,2026-09-23 19:14:41.797
2026-09-23 19:07:56,HACS208Z,0101,Zulema Belyeu,30,30,0,2026-09-23 19:14:41,2026-09-23 19:14:41.948
2026-09-23 19:07:56,HACS297,0101,Sarah Herberger,25,25,0,2026-09-23 19:14:42,2026-09-23 19:14:42.396
2026-09-23 19:07:56,HACS318A,0101,Lindsey Schrott,75,75,0,2026-09-23 19:14:42,2026-09-23 19:14:42.547
2026-09-23 19:07:56,HACS408C,0101,Lamia Zia,26,26,0,2026-09-23 19:14:42,2026-09-23 19:14:42.700
2026-09-23 19:07:56,HACS408P,0101,Firoozeh Rahimian,26,26,0,2026-09-23 19:14:42,2026-09-23 19:14:42.851
2026-09-23 19:07:56,HACS408T,0101,Kevin Bock,30,30,0,2026-09-23 19:14:43,2026-09-23 19:14:43.006
2026-09-23 19:07:56,HACS408V,0101,Edward Condon,30,30,0,2026-09-23 19:14:43,2026-09-23 19:14:43.162
2026-09-23 19:07:56,HACS497,0101,Cassie Harrington,25,25,0,2026-09-23 19:14:43,2026-09-23 19:14:43.462
2026-09-23 19:07:56,HACS498,0101,Thomas Woods,10,10,0,2026-09-23 19:14:43,2026-09-23 19:14:43.619
2026-09-23 19:07:56,HACS498,0201,Neal Ziring,18,18,0,2026-09-23 19:14:43,2026-09-23 19:14:43.619
2026-09-23 19:07:56,HACS498,0301,Michel Cukier,4,4,0,2026-09-23 19:14:43,2026-09-23 19:14:43.619
2026-09-23 19:07:56,HBUS105,0101,Daniel McCarthy,35,35,0,2026-09-23 19:14:44,2026-09-23 19:14:44.860
2026-09-23 19:07:56,HBUS105,0201,Daniel McCarthy,35,35,0,2026-09-23 19:14:44,2026-09-23 19:14:44.860
2026-09-23 19:07:56,HBUS205,0101,Nicole Coomber,30,30,0,2026-09-23 19:14:45,2026-09-23 19:14:45.018
2026-09-23 19:07:56,HBUS205,0201,Nicole Coomber,30,30,0,2026-09-23 19:14:45,2026-09-23 19:14:45.018
2026-09-23 19:07:56,HDCC106,0101,Jessica Lu,10,10,0,2026-09-23 19:14:46,2026-09-23 19:14:46.324
2026-09-23 19:07:56,HDCC106,0201,William Evans,10,10,0,2026-09-23 19:14:46,2026-09-23 19:14:46.324
2026-09-23 19:07:56,HDCC106,0301,Grant Bollmer,10,10,0,2026-09-23 19:14:46,2026-09-23 19:14:46.324
2026-09-23 19:07:56,HDCC106,0401,Cliff Bakalian,10,10,0,2026-09-23 19:14:46,2026-09-23 19:14:46.324
2026-09-23 19:07:56,HDCC106,0501,Alex Leitch,10,10,0,2026-09-23 19:14:46,2026-09-23 19:14:46.324
2026-09-23 19:07:56,HDCC106,0601,Jade Olson,10,10,0,2026-09-23 19:14:46,2026-09-23 19:14:46.325
2026-09-23 19:07:56,HDCC106,0701,Courtney Ray,10,10,0,2026-09-23 19:14:46,2026-09-23 19:14:46.325
2026-09-23 19:07:56,HDCC209A,0101,Jessica Lu,15,15,0,2026-09-23 19:14:46,2026-09-23 19:14:46.478
2026-09-23 19:07:56,HDCC209B,0101,Nishtha Das,15,15,0,2026-09-23 19:14:46,2026-09-23 19:14:46.632
2026-09-23 19:07:56,HDCC209C,0101,Hansika Murugu,15,15,0,2026-09-23 19:14:46,2026-09-23 19:14:46.784
2026-09-23 19:07:56,HEBR107,0101,Avital Karpman,15,15,0,2026-09-23 19:14:48,2026-09-23 19:14:48.173
2026-09-23 19:07:56,HEBR107,0201,Avital Karpman,15,15,0,2026-09-23 19:14:48,2026-09-23 19:14:48.173
2026-09-23 19:07:56,HEBR207,0101,Avital Karpman,15,15,0,2026-09-23 19:14:48,2026-09-23 19:14:48.362
2026-09-23 19:07:56,HEBR249A,0101,Aliza Sandalon,15,15,0,2026-09-23 19:14:48,2026-09-23 19:14:48.512
2026-09-23 19:07:56,HEBR314,0101,Aliza Sandalon,20,20,0,2026-09-23 19:14:48,2026-09-23 19:14:48.669
2026-09-23 19:07:56,HGLO298,0101,Daniel Tuke,30,30,0,2026-09-23 19:14:59,2026-09-23 19:14:59.662
2026-09-23 19:07:56,HHUM106,0101,Sarah Humud,17,17,0,2026-09-23 19:15:00,2026-09-23 19:15:00.956
2026-09-23 19:07:56,HHUM106,0102,Sarah Humud,17,17,0,2026-09-23 19:15:00,2026-09-23 19:15:00.956
2026-09-23 19:07:56,HHUM106,0103,Sarah Humud,17,17,0,2026-09-23 19:15:00,2026-09-23 19:15:00.956
2026-09-23 19:07:56,HHUM106,0104,Sarah Humud,17,17,0,2026-09-23 19:15:00,2026-09-23 19:15:00.956
2026-09-23 19:07:56,HHUM206,0101,Sarah Humud,15,15,0,2026-09-23 19:15:01,2026-09-23 19:15:01.123
2026-09-23 19:07:56,HHUM206,0102,Sarah Humud,15,15,0,2026-09-23 19:15:01,2026-09-23 19:15:01.123
2026-09-23 19:07:56,HHUM206,0103,Sarah Humud,15,15,0,2026-09-23 19:15:01,2026-09-23 19:15:01.123
2026-09-23 19:07:56,HHUM206,0104,Sarah Humud,15,15,0,2026-09-23 19:15:01,2026-09-23 19:15:01.124
2026-09-23 19:07:56,HHUM328,0101,Sarah Humud,20,20,0,2026-09-23 19:15:01,2026-09-23 19:15:01.348
2026-09-23 19:07:56,HHUM329,0101,Sarah Humud,5,5,0,2026-09-23 19:15:01,2026-09-23 19:15:01.721
2026-09-23 19:07:56,HISP200,0101,Stefan Woehlke,22,22,0,2026-09-23 19:15:03,2026-09-23 19:15:03.168
2026-09-23 19:07:56,HISP200,0102,Stefan Woehlke,22,22,0,2026-09-23 19:15:03,2026-09-23 19:15:03.168
2026-09-23 19:07:56,HISP200,0103,Stefan Woehlke,22,22,0,2026-09-23 19:15:03,2026-09-23 19:15:03.168
2026-09-23 19:07:56,HISP200,0104,Stefan Woehlke,22,22,0,2026-09-23 19:15:03,2026-09-23 19:15:03.168
2026-09-23 19:07:56,HISP200,0105,Stefan Woehlke,22,22,0,2026-09-23 19:15:03,2026-09-23 19:15:03.169
2026-09-23 19:07:56,HISP319E,0101,Michelle Magalong,20,20,0,2026-09-23 19:15:03,2026-09-23 19:15:03.358
2026-09-23 19:07:56,HISP319S,0101,Michelle Magalong,30,30,0,2026-09-23 19:15:03,2026-09-23 19:15:03.512
2026-09-23 19:07:56,HISP619E,0101,Michelle Magalong,24,24,0,2026-09-23 19:15:03,2026-09-23 19:15:03.681
2026-09-23 19:07:56,HISP619O,0101,Stefan Woehlke,5,5,0,2026-09-23 19:15:03,2026-09-23 19:15:03.870
2026-09-23 19:07:56,HISP630,0101,Rhonda Sincavage,15,15,0,2026-09-23 19:15:04,2026-09-23 19:15:04.031
2026-09-23 19:07:56,HISP635,0101,Eola Dance,10,10,0,2026-09-23 19:15:04,2026-09-23 19:15:04.212
2026-09-23 19:07:56,HISP640,0101,Frederick Stachura,15,15,0,2026-09-23 19:15:04,2026-09-23 19:15:04.368
2026-09-23 19:07:56,HISP655,0101,Donald Linebaugh,15,15,0,2026-09-23 19:15:04,2026-09-23 19:15:04.518
2026-09-23 19:07:56,HISP660,0101,Instructor: TBA,15,15,0,2026-09-23 19:15:04,2026-09-23 19:15:04.670
2026-09-23 19:07:56,HISP670,0101,Alfonso Narvaez,15,15,0,2026-09-23 19:15:04,2026-09-23 19:15:04.830
2026-09-23 19:07:56,HISP690,0101,Donald Linebaugh,15,15,0,2026-09-23 19:15:04,2026-09-23 19:15:04.985
2026-09-23 19:07:56,HISP701,0101,Instructor: TBA,5,5,0,2026-09-23 19:15:05,2026-09-23 19:15:05.143
2026-09-23 19:07:56,HISP710,0101,Susan Kern,15,15,0,2026-09-23 19:15:05,2026-09-23 19:15:05.295
2026-09-23 19:07:56,HISP711,0101,Susan Kern,15,15,0,2026-09-23 19:15:05,2026-09-23 19:15:05.447
2026-09-23 19:07:56,HLSC102,0101,Sabrina Kramer,94,94,0,2026-09-23 19:15:20,2026-09-23 19:15:20.611
2026-09-23 19:07:56,HLSC102,0102,Jalah Townsend,35,35,0,2026-09-23 19:15:20,2026-09-23 19:15:20.611
2026-09-23 19:07:56,HLSC227,0101,Najib El-Sayed,25,25,0,2026-09-23 19:15:20,2026-09-23 19:15:20.762
2026-09-23 19:07:56,HLSC322,0101,Leslie Pick,23,23,0,2026-09-23 19:15:20,2026-09-23 19:15:20.925
2026-09-23 19:07:56,HLSC322,0102,Leslie Pick,23,23,0,2026-09-23 19:15:20,2026-09-23 19:15:20.925
2026-09-23 19:07:56,HLSC322,0103,Sabrina Kramer,23,23,0,2026-09-23 19:15:20,2026-09-23 19:15:20.925
2026-09-23 19:07:56,HLSC322,0104,Sabrina Kramer,23,23,0,2026-09-23 19:15:20,2026-09-23 19:15:20.925
2026-09-23 19:07:56,HLSC329,0101,Sabrina Kramer,12,12,0,2026-09-23 19:15:21,2026-09-23 19:15:21.079
2026-09-23 19:07:56,HNUH100,0101,Leigha McReynolds,10,10,0,2026-09-23 19:15:29,2026-09-23 19:15:29.445
2026-09-23 19:07:56,HNUH218D,0101,Brian Gilmore,50,50,0,2026-09-23 19:15:29,2026-09-23 19:15:29.600
2026-09-23 19:07:56,HNUH218L,0101,Shauna Rigaud,20,20,0,2026-09-23 19:15:29,2026-09-23 19:15:29.754
2026-09-23 19:07:56,HNUH218L,0201,Shauna Rigaud,20,20,0,2026-09-23 19:15:29,2026-09-23 19:15:29.754
2026-09-23 19:07:56,HNUH218M,0101,Instructor: TBA,20,20,0,2026-09-23 19:15:29,2026-09-23 19:15:29.908
2026-09-23 19:07:56,HNUH228D,0101,Matthew McLaughlin,60,60,0,2026-09-23 19:15:30,2026-09-23 19:15:30.081
2026-09-23 19:07:56,HNUH228L,0101,Alena Wigodner,20,20,0,2026-09-23 19:15:30,2026-09-23 19:15:30.239
2026-09-23 19:07:56,HNUH228L,0201,Alena Wigodner,20,20,0,2026-09-23 19:15:30,2026-09-23 19:15:30.239
2026-09-23 19:07:56,HNUH228M,0101,Ted Baker,20,20,0,2026-09-23 19:15:30,2026-09-23 19:15:30.390
2026-09-23 19:07:56,HNUH229P,0101,Tyson Slocum,20,20,0,2026-09-23 19:15:30,2026-09-23 19:15:30.549
2026-09-23 19:07:56,HNUH238D,0101,Susan Moeller,60,60,0,2026-09-23 19:15:30,2026-09-23 19:15:30.703
2026-09-23 19:07:56,HNUH238L,0101,Kimberly Johnson,20,20,0,2026-09-23 19:15:30,2026-09-23 19:15:30.883
2026-09-23 19:07:56,HNUH238L,0201,Kimberly Johnson,20,20,0,2026-09-23 19:15:30,2026-09-23 19:15:30.883
2026-09-23 19:07:56,HNUH238M,0101,Daniel Reck,20,20,0,2026-09-23 19:15:31,2026-09-23 19:15:31.038
2026-09-23 19:07:56,HNUH239I,0101,Jon Crocker,20,20,0,2026-09-23 19:15:31,2026-09-23 19:15:31.199
2026-09-23 19:07:56,HNUH248D,0101,Juan Uriagereka,45,45,0,2026-09-23 19:15:31,2026-09-23 19:15:31.354
2026-09-23 19:07:56,HNUH249T,0101,Daniel Rosenthal,20,20,0,2026-09-23 19:15:31,2026-09-23 19:15:31.513
2026-09-23 19:07:56,HNUH258C,0101,Bill Fagan,55,55,0,2026-09-23 19:15:31,2026-09-23 19:15:31.664
2026-09-23 19:07:56,HNUH258O,0101,Amy Green,20,20,0,2026-09-23 19:15:31,2026-09-23 19:15:31.815
2026-09-23 19:07:56,HNUH259T,0101,Ingrid Satelmajer,20,20,0,2026-09-23 19:15:31,2026-09-23 19:15:31.963
2026-09-23 19:07:56,HNUH268C,0101,Perla Guerrero,60,60,0,2026-09-23 19:15:32,2026-09-23 19:15:32.117
2026-09-23 19:07:56,HNUH268Q,0101,Ebonie Johnson Cooper,20,20,0,2026-09-23 19:15:32,2026-09-23 19:15:32.270
2026-09-23 19:07:56,HNUH268R,0201,Vasfiye Toprak,20,20,0,2026-09-23 19:15:32,2026-09-23 19:15:32.420
2026-09-23 19:07:56,HNUH269T,0101,James Stillwell,20,20,0,2026-09-23 19:15:32,2026-09-23 19:15:32.581
2026-09-23 19:07:56,HNUH278C,0101,Chinyere Osuji,60,60,0,2026-09-23 19:15:32,2026-09-23 19:15:32.732
2026-09-23 19:07:56,HNUH278I,0101,Marisa Franco,20,20,0,2026-09-23 19:15:32,2026-09-23 19:15:32.884
2026-09-23 19:07:56,HNUH278I,0201,Marisa Franco,20,20,0,2026-09-23 19:15:32,2026-09-23 19:15:32.884
2026-09-23 19:07:56,HNUH278O,0101,DeNeen Brown,20,20,0,2026-09-23 19:15:33,2026-09-23 19:15:33.038
2026-09-23 19:07:56,HNUH278Q,0101,Instructor: TBA,20,20,0,2026-09-23 19:15:33,2026-09-23 19:15:33.190
2026-09-23 19:07:56,HNUH278R,0101,Max Barnewitz,20,20,0,2026-09-23 19:15:33,2026-09-23 19:15:33.338
2026-09-23 19:07:56,HNUH288C,0101,Julia Steinberg,30,30,0,2026-09-23 19:15:33,2026-09-23 19:15:33.494
2026-09-23 19:07:56,HNUH288C,0102,Julia Steinberg,30,30,0,2026-09-23 19:15:33,2026-09-23 19:15:33.494
2026-09-23 19:07:56,HNUH288O,0101,Ariana Nash,20,20,0,2026-09-23 19:15:33,2026-09-23 19:15:33.649
2026-09-23 19:07:56,HNUH300,0201,Vasfiye Toprak,20,20,0,2026-09-23 19:15:33,2026-09-23 19:15:33.814
2026-09-23 19:07:56,HNUH300,0301,Shauna Rigaud,20,20,0,2026-09-23 19:15:33,2026-09-23 19:15:33.814
2026-09-23 19:07:56,HNUH300,0401,Instructor: TBA,20,20,0,2026-09-23 19:15:33,2026-09-23 19:15:33.814
2026-09-23 19:07:56,HNUH300,0501,Kimberly Johnson,20,20,0,2026-09-23 19:15:33,2026-09-23 19:15:33.814
2026-09-23 19:07:56,HNUH300,0701,Vasfiye Toprak,20,20,0,2026-09-23 19:15:33,2026-09-23 19:15:33.815
2026-09-23 19:07:56,HNUH300,0801,Instructor: TBA,20,20,0,2026-09-23 19:15:33,2026-09-23 19:15:33.815
2026-09-23 19:07:56,HNUH300,0901,Alena Wigodner,20,20,0,2026-09-23 19:15:33,2026-09-23 19:15:33.815
2026-09-23 19:07:56,HNUH300,1001,Robert Graham,20,20,0,2026-09-23 19:15:33,2026-09-23 19:15:33.815
2026-09-23 19:07:56,HNUH300,1101,Instructor: TBA,20,20,0,2026-09-23 19:15:33,2026-09-23 19:15:33.815
2026-09-23 19:07:56,HNUH398P,0101,Jayakumar Arasan,120,120,0,2026-09-23 19:15:33,2026-09-23 19:15:33.971
2026-09-23 19:07:56,HNUH398P,0201,Jayakumar Arasan,120,120,0,2026-09-23 19:15:33,2026-09-23 19:15:33.971
2026-09-23 19:07:56,HONR379W,0101,Blake Wilder,15,15,0,2026-09-23 19:15:35,2026-09-23 19:15:35.212
2026-09-23 19:07:56,IDEA201,0101,Mira Azarm,20,20,0,2026-09-23 19:15:36,2026-09-23 19:15:36.464
2026-09-23 19:07:56,IDEA201,0102,Christina Hnatov,10,10,0,2026-09-23 19:15:36,2026-09-23 19:15:36.464
2026-09-23 19:07:56,IDEA201,0103,Brooke Smith,60,60,0,2026-09-23 19:15:36,2026-09-23 19:15:36.465
2026-09-23 19:07:56,IDEA201,0104,Brooke Smith,60,60,0,2026-09-23 19:15:36,2026-09-23 19:15:36.465
2026-09-23 19:07:56,IDEA311,0101,Brooke Smith,40,40,0,2026-09-23 19:15:36,2026-09-23 19:15:36.657
2026-09-23 19:07:56,IDEA311,0102,Brooke Smith,15,15,0,2026-09-23 19:15:36,2026-09-23 19:15:36.657
2026-09-23 19:07:56,IMDM101,0101,Stevens Miller,30,30,0,2026-09-23 19:15:38,2026-09-23 19:15:38.220
2026-09-23 19:07:56,IMDM101,0201,Stevens Miller,30,30,0,2026-09-23 19:15:38,2026-09-23 19:15:38.220
2026-09-23 19:07:56,IMDM101,0301,Myungin Lee,30,30,0,2026-09-23 19:15:38,2026-09-23 19:15:38.220
2026-09-23 19:07:56,IMDM127,0101,Matthew Nolan,30,30,0,2026-09-23 19:15:38,2026-09-23 19:15:38.372
2026-09-23 19:07:56,IMDM150,0101,Cy Keener,45,45,0,2026-09-23 19:15:38,2026-09-23 19:15:38.525
2026-09-23 19:07:56,IMDM290,0101,Myungin Lee,30,30,0,2026-09-23 19:15:38,2026-09-23 19:15:38.684
2026-09-23 19:07:56,IMDM290,0201,Myungin Lee,30,30,0,2026-09-23 19:15:38,2026-09-23 19:15:38.684
2026-09-23 19:07:56,IMDM390,0101,Stefano Passeri,30,30,0,2026-09-23 19:15:38,2026-09-23 19:15:38.837
2026-09-23 19:07:56,IMDM390,0201,Stefano Passeri,30,30,0,2026-09-23 19:15:38,2026-09-23 19:15:38.838
2026-09-23 19:07:56,IMDM491,0101,Matthew Nolan,30,30,0,2026-09-23 19:15:39,2026-09-23 19:15:39.141
2026-09-23 19:07:56,IMDM491,0201,Matthew Nolan,30,30,0,2026-09-23 19:15:39,2026-09-23 19:15:39.141
2026-09-23 19:07:56,IMDM498I,0101,Snehesh Shrestha,16,16,0,2026-09-23 19:15:39,2026-09-23 19:15:39.290
2026-09-23 19:07:56,IMDM498J,0101,Yael Inbar,15,15,0,2026-09-23 19:15:39,2026-09-23 19:15:39.443
2026-09-23 19:07:56,IMMR200,0101,Instructor: TBA,40,40,0,2026-09-23 19:15:40,2026-09-23 19:15:40.824
2026-09-23 19:07:56,IMMR394,0101,Wenxi Yang,25,25,0,2026-09-23 19:15:40,2026-09-23 19:15:40.976
2026-09-23 19:07:56,IMMR399,0101,Christina Getrich,1,1,0,2026-09-23 19:15:41,2026-09-23 19:15:41.128
2026-09-23 19:07:56,INFM612,IM01,Instructor: TBA,40,40,0,2026-09-23 19:15:45,2026-09-23 19:15:45.673
2026-09-23 19:07:56,INFM737,IM01,David Loshin,40,40,0,2026-09-23 19:15:45,2026-09-23 19:15:45.877
2026-09-23 19:07:56,ISRL187,0101,Bernard Cooperman,23,23,0,2026-09-23 19:16:00,2026-09-23 19:16:00.295
2026-09-23 19:07:56,ISRL187,0102,Bernard Cooperman,23,23,0,2026-09-23 19:16:00,2026-09-23 19:16:00.295
2026-09-23 19:07:56,ISRL187,0103,Bernard Cooperman,23,23,0,2026-09-23 19:16:00,2026-09-23 19:16:00.295
2026-09-23 19:07:56,ISRL249O,0101,Aner Tal,35,35,0,2026-09-23 19:16:00,2026-09-23 19:16:00.448
2026-09-23 19:07:56,ISRL249P,0101,Aliza Sandalon,15,15,0,2026-09-23 19:16:00,2026-09-23 19:16:00.599
2026-09-23 19:07:56,ISRL282,0101,Shirelle Doughty,30,30,0,2026-09-23 19:16:00,2026-09-23 19:16:00.750
2026-09-23 19:07:56,ISRL329D,0101,Regev Ben-David,35,35,0,2026-09-23 19:16:00,2026-09-23 19:16:00.901
2026-09-23 19:07:56,ISRL329Y,0101,Marwa Maziad,30,30,0,2026-09-23 19:16:01,2026-09-23 19:16:01.157
2026-09-23 19:07:56,ISRL342,0101,Elli Lieberman,35,35,0,2026-09-23 19:16:01,2026-09-23 19:16:01.392
2026-09-23 19:07:56,ISRL349N,0101,Morad Elsana,30,30,0,2026-09-23 19:16:01,2026-09-23 19:16:01.571
2026-09-23 19:07:56,ISRL349W,0101,Avital Karpman,35,35,0,2026-09-23 19:16:01,2026-09-23 19:16:01.835
2026-09-23 19:07:56,ISRL380,0101,Regev Ben-David,35,35,0,2026-09-23 19:16:02,2026-09-23 19:16:02.070
2026-09-23 19:07:56,ISRL383,0101,Ilai Saltzman,35,35,0,2026-09-23 19:16:02,2026-09-23 19:16:02.245
2026-09-23 19:07:56,JAPN102,0101,Kumiko Akikawa,15,15,0,2026-09-23 19:16:05,2026-09-23 19:16:05.446
2026-09-23 19:07:56,JAPN102,0201,Kumiko Akikawa,15,15,0,2026-09-23 19:16:05,2026-09-23 19:16:05.446
2026-09-23 19:07:56,JAPN202,0101,Makiko Inoue,15,15,0,2026-09-23 19:16:05,2026-09-23 19:16:05.611
2026-09-23 19:07:56,JAPN202,0201,Makiko Inoue,15,15,0,2026-09-23 19:16:05,2026-09-23 19:16:05.612
2026-09-23 19:07:56,JAPN302,0101,Mari Hamada,15,15,0,2026-09-23 19:16:05,2026-09-23 19:16:05.764
2026-09-23 19:07:56,JAPN306,0101,Lindsay Yotsukura,15,15,0,2026-09-23 19:16:05,2026-09-23 19:16:05.931
2026-09-23 19:07:56,JAPN335,0101,Michele Mason,20,20,0,2026-09-23 19:16:06,2026-09-23 19:16:06.128
2026-09-23 19:07:56,JAPN355,0101,Jyana Browne,20,20,0,2026-09-23 19:16:06,2026-09-23 19:16:06.285
2026-09-23 19:07:56,JAPN361,0101,Instructor: TBA,20,20,0,2026-09-23 19:16:06,2026-09-23 19:16:06.439
2026-09-23 19:07:56,JAPN425,0101,Michele Mason,25,25,0,2026-09-23 19:16:06,2026-09-23 19:16:06.737
2026-09-23 19:07:56,JAPN457,0101,Lindsay Yotsukura,15,15,0,2026-09-23 19:16:06,2026-09-23 19:16:06.889
2026-09-23 19:07:56,JWST187,0101,Bernard Cooperman,23,23,0,2026-09-23 19:16:19,2026-09-23 19:16:19.157
2026-09-23 19:07:56,JWST187,0102,Bernard Cooperman,23,23,0,2026-09-23 19:16:19,2026-09-23 19:16:19.157
2026-09-23 19:07:56,JWST187,0103,Bernard Cooperman,23,23,0,2026-09-23 19:16:19,2026-09-23 19:16:19.158
2026-09-23 19:07:56,JWST233,0101,Hayim Lapin,45,45,0,2026-09-23 19:16:19,2026-09-23 19:16:19.314
2026-09-23 19:07:56,JWST319A,0101,Daniel Richter,35,35,0,2026-09-23 19:16:19,2026-09-23 19:16:19.466
2026-09-23 19:07:56,JWST319J,0101,Nathan Levine,35,35,0,2026-09-23 19:16:19,2026-09-23 19:16:19.617
2026-09-23 19:07:56,JWST319P,0101,Lauren Kotkin,18,18,0,2026-09-23 19:16:19,2026-09-23 19:16:19.773
2026-09-23 19:07:56,JWST319Q,0101,Regev Ben-David,35,35,0,2026-09-23 19:16:19,2026-09-23 19:16:19.931
2026-09-23 19:07:56,JWST319W,0101,Avital Karpman,35,35,0,2026-09-23 19:16:20,2026-09-23 19:16:20.088
2026-09-23 19:07:56,JWST324,0101,Matthew Suriano,25,25,0,2026-09-23 19:16:20,2026-09-23 19:16:20.245
2026-09-23 19:07:56,JWST386,0101,Instructor: TBA,5,5,0,2026-09-23 19:16:20,2026-09-23 19:16:20.395
2026-09-23 19:07:56,JWST419B,0101,Bernard Cooperman,9,9,0,2026-09-23 19:16:20,2026-09-23 19:16:20.695
2026-09-23 19:07:56,JWST427,0101,Matthew Suriano,15,15,0,2026-09-23 19:16:20,2026-09-23 19:16:20.849
2026-09-23 19:07:56,JWST469C,0101,Bernard Cooperman,10,10,0,2026-09-23 19:16:20,2026-09-23 19:16:21.000
2026-09-23 19:07:56,KORA101,0101,Seong Minne Koh,15,15,0,2026-09-23 19:16:35,2026-09-23 19:16:35.025
2026-09-23 19:07:56,KORA102,0101,Saerom Kwak,15,15,0,2026-09-23 19:16:35,2026-09-23 19:16:35.188
2026-09-23 19:07:56,KORA102,0201,Saerom Kwak,15,15,0,2026-09-23 19:16:35,2026-09-23 19:16:35.189
2026-09-23 19:07:56,KORA102,0301,Saerom Kwak,15,15,0,2026-09-23 19:16:35,2026-09-23 19:16:35.189
2026-09-23 19:07:56,KORA102,0401,Saerom Kwak,15,15,0,2026-09-23 19:16:35,2026-09-23 19:16:35.189
2026-09-23 19:07:56,KORA202,0101,Seong Minne Koh,15,15,0,2026-09-23 19:16:35,2026-09-23 19:16:35.344
2026-09-23 19:07:56,KORA202,0301,Seong Minne Koh,15,15,0,2026-09-23 19:16:35,2026-09-23 19:16:35.344
2026-09-23 19:07:56,KORA398O,0101,Instructor: TBA,10,10,0,2026-09-23 19:16:35,2026-09-23 19:16:35.495
2026-09-23 19:07:56,KORA398V,0101,Seong Minne Koh,10,10,0,2026-09-23 19:16:35,2026-09-23 19:16:35.647
2026-09-23 19:07:56,LEAD217,0101,Pamela Scott,25,25,0,2026-09-23 19:16:45,2026-09-23 19:16:45.538
2026-09-23 19:07:56,LEAD217,0201,Pamela Scott,25,25,0,2026-09-23 19:16:45,2026-09-23 19:16:45.539
2026-09-23 19:07:56,LEAD321,0101,Courtney Holder,10,10,0,2026-09-23 19:16:45,2026-09-23 19:16:45.693
2026-09-23 19:07:56,LEAD417,0101,Anastasia Lavrenyuk,20,20,0,2026-09-23 19:16:45,2026-09-23 19:16:45.844
2026-09-23 19:07:56,LGBT200,0101,Sayan Bhattacharya,25,25,0,2026-09-23 19:16:47,2026-09-23 19:16:47.092
2026-09-23 19:07:56,LGBT200,0102,Sayan Bhattacharya,25,25,0,2026-09-23 19:16:47,2026-09-23 19:16:47.092
2026-09-23 19:07:56,LGBT265,0201,Instructor: TBA,30,30,0,2026-09-23 19:16:47,2026-09-23 19:16:47.257
2026-09-23 19:07:56,LGBT310,0101,Sayan Bhattacharya,25,25,0,2026-09-23 19:16:47,2026-09-23 19:16:47.411
2026-09-23 19:07:56,LGBT475,0101,Sydney Lewis,20,20,0,2026-09-23 19:16:47,2026-09-23 19:16:47.568
2026-09-23 19:07:56,MLAW150,0101,David Gray,25,25,0,2026-09-23 19:17:08,2026-09-23 19:17:08.615
2026-09-23 19:07:56,MLAW150,0102,David Gray,25,25,0,2026-09-23 19:17:08,2026-09-23 19:17:08.615
2026-09-23 19:07:56,MLAW150,0103,David Gray,25,25,0,2026-09-23 19:17:08,2026-09-23 19:17:08.616
2026-09-23 19:07:56,MLAW304,0101,Christine White,40,40,0,2026-09-23 19:17:08,2026-09-23 19:17:08.768
2026-09-23 19:07:56,MLAW305,0201,Brian Gilmore,60,60,0,2026-09-23 19:17:08,2026-09-23 19:17:08.916
2026-09-23 19:07:56,MLAW325,0101,Grace Benton,12,12,0,2026-09-23 19:17:09,2026-09-23 19:17:09.079
2026-09-23 19:07:56,MLAW358W,0101,Michael Spivey,25,25,0,2026-09-23 19:17:09,2026-09-23 19:17:09.241
2026-09-23 19:07:56,MLAW358W,0102,Michael Spivey,25,25,0,2026-09-23 19:17:09,2026-09-23 19:17:09.242
2026-09-23 19:07:56,MLAW358W,0103,Michael Spivey,25,25,0,2026-09-23 19:17:09,2026-09-23 19:17:09.242
2026-09-23 19:07:56,MLAW358W,0104,Michael Spivey,25,25,0,2026-09-23 19:17:09,2026-09-23 19:17:09.242
2026-09-23 19:07:56,MLAW358W,0105,Michael Spivey,25,25,0,2026-09-23 19:17:09,2026-09-23 19:17:09.242
2026-09-23 19:07:56,MLAW358W,0106,Michael Spivey,25,25,0,2026-09-23 19:17:09,2026-09-23 19:17:09.242
2026-09-23 19:07:56,MLAW358Y,0101,Martin Kobren,5,5,0,2026-09-23 19:17:09,2026-09-23 19:17:09.394
2026-09-23 19:07:56,MLAW358Z,0101,Christine White,19,19,0,2026-09-23 19:17:09,2026-09-23 19:17:09.549
2026-09-23 19:07:56,MLAW359,0101,Brandee Pettus,8,8,0,2026-09-23 19:17:09,2026-09-23 19:17:09.700
2026-09-23 19:07:56,MLAW378E,0101,Brandee Pettus,5,5,0,2026-09-23 19:17:09,2026-09-23 19:17:09.856
2026-09-23 19:07:56,MLAW378F,0101,Brian Gilmore,15,15,0,2026-09-23 19:17:10,2026-09-23 19:17:10.014
2026-09-23 19:07:56,MLAW378J,0101,Natalie Ram,20,20,0,2026-09-23 19:17:10,2026-09-23 19:17:10.176
2026-09-23 19:07:56,MLAW378T,0101,Marley Weiss,20,20,0,2026-09-23 19:17:10,2026-09-23 19:17:10.352
2026-09-23 19:07:56,MLAW388,0101,Brandee Pettus,33,33,0,2026-09-23 19:17:10,2026-09-23 19:17:10.509
2026-09-23 19:07:56,MLAW388,0201,Brandee Pettus,6,6,0,2026-09-23 19:17:10,2026-09-23 19:17:10.509
2026-09-23 19:07:56,MLAW404,0101,Christine White,75,75,0,2026-09-23 19:17:10,2026-09-23 19:17:10.663
2026-09-23 19:07:56,MSAI602,PCS1,Tammy Perrin,30,30,0,2026-09-23 19:17:11,2026-09-23 19:17:11.893
2026-09-23 19:07:56,MSAI603,PWS1,Kemal Davaslioglu,50,50,0,2026-09-23 19:17:12,2026-09-23 19:17:12.046
2026-09-23 19:07:56,MSAI605,PCS1,Jerry Wu,55,55,0,2026-09-23 19:17:12,2026-09-23 19:17:12.203
2026-09-23 19:07:56,MSAI605,PCS2,Samet Ayhan,55,55,0,2026-09-23 19:17:12,2026-09-23 19:17:12.203
2026-09-23 19:07:56,MSAI605,PCS3,Rajeev Barua,65,65,0,2026-09-23 19:17:12,2026-09-23 19:17:12.203
2026-09-23 19:07:56,MSML602,PCS1,Tammy Perrin,30,30,0,2026-09-23 19:17:13,2026-09-23 19:17:13.462
2026-09-23 19:07:56,MSML603,PWS1,Kemal Davaslioglu,50,50,0,2026-09-23 19:17:13,2026-09-23 19:17:13.613
2026-09-23 19:07:56,MSML604,PCS1,Richard La,38,38,0,2026-09-23 19:17:13,2026-09-23 19:17:13.768
2026-09-23 19:07:56,MSML604,PCS2,Richard La,38,38,0,2026-09-23 19:17:13,2026-09-23 19:17:13.768
2026-09-23 19:07:56,MSML604,PCS3,Siddharth Pal,55,55,0,2026-09-23 19:17:13,2026-09-23 19:17:13.768
2026-09-23 19:07:56,MSML605,PCS1,Jerry Wu,55,55,0,2026-09-23 19:17:13,2026-09-23 19:17:13.927
2026-09-23 19:07:56,MSML605,PCS2,Samet Ayhan,55,55,0,2026-09-23 19:17:13,2026-09-23 19:17:13.927
2026-09-23 19:07:56,MSML605,PCS3,Rajeev Barua,65,65,0,2026-09-23 19:17:13,2026-09-23 19:17:13.927
2026-09-23 19:07:56,MSML606,PCS2,Sujeong Kim,55,55,0,2026-09-23 19:17:14,2026-09-23 19:17:14.087
2026-09-23 19:07:56,MSML606,PCS3,Samet Ayhan,55,55,0,2026-09-23 19:17:14,2026-09-23 19:17:14.087
2026-09-23 19:07:56,MSML612,PCS1,Samet Ayhan,55,55,0,2026-09-23 19:17:14,2026-09-23 19:17:14.244
2026-09-23 19:07:56,MSML612,PCS2,Samet Ayhan,55,55,0,2026-09-23 19:17:14,2026-09-23 19:17:14.244
2026-09-23 19:07:56,MSML612,PCS3,Emre Gunduzhan,55,55,0,2026-09-23 19:17:14,2026-09-23 19:17:14.244
2026-09-23 19:07:56,MSML640,PCS1,Jerry Wu,70,70,0,2026-09-23 19:17:14,2026-09-23 19:17:14.395
2026-09-23 19:07:56,MSML640,PCS2,Sujeong Kim,55,55,0,2026-09-23 19:17:14,2026-09-23 19:17:14.395
2026-09-23 19:07:56,MSML641,PCS1,Armin Mehrabian,55,55,0,2026-09-23 19:17:14,2026-09-23 19:17:14.549
2026-09-23 19:07:56,NAVY101,0101,Beau Cisneros,30,30,0,2026-09-23 19:17:34,2026-09-23 19:17:34.797
2026-09-23 19:07:56,NAVY108,0101,Christopher Boehm,150,150,0,2026-09-23 19:17:34,2026-09-23 19:17:34.952
2026-09-23 19:07:56,NAVY201,0101,Austin Cranfill,30,30,0,2026-09-23 19:17:35,2026-09-23 19:17:35.119
2026-09-23 19:07:56,NAVY301,0101,Beau Cisneros,35,35,0,2026-09-23 19:17:35,2026-09-23 19:17:35.274
2026-09-23 19:07:56,NAVY401,0101,John Gonser,36,36,0,2026-09-23 19:17:35,2026-09-23 19:17:35.425
2026-09-23 19:07:56,NAVY402,0102,Jenna Weiner,25,25,0,2026-09-23 19:17:35,2026-09-23 19:17:35.578
2026-09-23 19:07:56,NEUR200,0101,Ana Navarro Cebrian,90,90,0,2026-09-23 19:17:36,2026-09-23 19:17:36.858
2026-09-23 19:07:56,NEUR200,0201,Ana Navarro Cebrian,90,90,0,2026-09-23 19:17:36,2026-09-23 19:17:36.858
2026-09-23 19:07:56,NEUR305,0101,Amanda Chicoli,90,90,0,2026-09-23 19:17:37,2026-09-23 19:17:37.014
2026-09-23 19:07:56,NEUR306,0101,Chan Lin,64,64,0,2026-09-23 19:17:37,2026-09-23 19:17:37.170
2026-09-23 19:07:56,NEUR306,0102,Melissa Caras,40,40,0,2026-09-23 19:17:37,2026-09-23 19:17:37.170
2026-09-23 19:07:56,NEUR338A,0101,Amanda Chicoli,20,20,0,2026-09-23 19:17:37,2026-09-23 19:17:37.467
2026-09-23 19:07:56,NEUR398H,0101,Nikolas Francis,20,20,0,2026-09-23 19:17:37,2026-09-23 19:17:37.919
2026-09-23 19:07:56,NEUR405,0101,Hilary Bierman,16,16,0,2026-09-23 19:17:38,2026-09-23 19:17:38.086
2026-09-23 19:07:56,NEUR405,0102,Hilary Bierman,16,16,0,2026-09-23 19:17:38,2026-09-23 19:17:38.087
2026-09-23 19:07:56,NEUR405,0103,Hilary Bierman,16,16,0,2026-09-23 19:17:38,2026-09-23 19:17:38.087
2026-09-23 19:07:56,NEUR405,0106,Hilary Bierman,16,16,0,2026-09-23 19:17:38,2026-09-23 19:17:38.087
2026-09-23 19:07:56,PEER318,0101,Christina Jay,15,15,0,2026-09-23 19:17:44,2026-09-23 19:17:44.329
2026-09-23 19:07:56,PEER319,0101,Grace Boudreau,15,15,0,2026-09-23 19:17:44,2026-09-23 19:17:44.482
2026-09-23 19:07:56,PEER322,0101,Aleia Gardner,15,15,0,2026-09-23 19:17:44,2026-09-23 19:17:44.637
2026-09-23 19:07:56,PHPE308A,0101,Rachel Singpurwalla,25,25,0,2026-09-23 19:17:51,2026-09-23 19:17:51.442
2026-09-23 19:07:56,PHPE308P,0101,Xinzhi Zhao,30,30,0,2026-09-23 19:17:51,2026-09-23 19:17:51.595
2026-09-23 19:07:56,PHPE308U,0101,Aner Tal,35,35,0,2026-09-23 19:17:51,2026-09-23 19:17:51.752
2026-09-23 19:07:56,PHPE400,0101,Instructor: TBA,30,30,0,2026-09-23 19:17:52,2026-09-23 19:17:52.056
2026-09-23 19:07:56,PHPE401,0101,Xinzhi Zhao,27,27,0,2026-09-23 19:17:52,2026-09-23 19:17:52.212
2026-09-23 19:07:56,PHPE401,0102,Xinzhi Zhao,27,27,0,2026-09-23 19:17:52,2026-09-23 19:17:52.212
2026-09-23 19:07:56,PHPE402,0101,Ben Fan,30,30,0,2026-09-23 19:17:52,2026-09-23 19:17:52.365
2026-09-23 19:07:56,PHPE408M,0101,Nicholas Laskowski,25,25,0,2026-09-23 19:17:52,2026-09-23 19:17:52.524
2026-09-23 19:07:56,PHPE408Z,0101,Avia Pasternak,30,30,0,2026-09-23 19:17:52,2026-09-23 19:17:52.676
2026-09-23 19:07:56,PHSC201,0101,Kayla Hoffman,30,30,0,2026-09-23 19:17:53,2026-09-23 19:17:53.929
2026-09-23 19:07:56,PHSC388F,0101,Jennifer German,30,30,0,2026-09-23 19:17:54,2026-09-23 19:17:54.083
2026-09-23 19:07:56,PHSC399,0101,Shannon Edward,30,30,0,2026-09-23 19:17:54,2026-09-23 19:17:54.384
2026-09-23 19:07:56,PHSC399,ESG1,Shannon Edward,20,20,0,2026-09-23 19:17:54,2026-09-23 19:17:54.384
2026-09-23 19:07:56,PHSC415,0101,Jessica O'Hara,36,36,0,2026-09-23 19:17:54,2026-09-23 19:17:54.547
2026-09-23 19:07:56,PHSC415,0102,Jessica O'Hara,36,36,0,2026-09-23 19:17:54,2026-09-23 19:17:54.547
2026-09-23 19:07:56,PHSC415,0103,Jessica O'Hara,36,36,0,2026-09-23 19:17:54,2026-09-23 19:17:54.548
2026-09-23 19:07:56,PHSC415,0104,Jessica O'Hara,36,36,0,2026-09-23 19:17:54,2026-09-23 19:17:54.548
2026-09-23 19:07:56,PHSC415,0105,Jessica O'Hara,36,36,0,2026-09-23 19:17:54,2026-09-23 19:17:54.548
2026-09-23 19:07:56,PHSC430,0101,Kendall Bustad,35,35,0,2026-09-23 19:17:54,2026-09-23 19:17:54.701
2026-09-23 19:07:56,PHSC430,ESG1,Kendall Bustad,8,8,0,2026-09-23 19:17:54,2026-09-23 19:17:54.701
2026-09-23 19:07:56,PHSC450,0101,Kendall Bustad,20,20,0,2026-09-23 19:17:54,2026-09-23 19:17:54.873
2026-09-23 19:07:56,PHSC450,0102,Kendall Bustad,20,20,0,2026-09-23 19:17:54,2026-09-23 19:17:54.873
2026-09-23 19:07:56,PHSC450,0103,Kendall Bustad,20,20,0,2026-09-23 19:17:54,2026-09-23 19:17:54.873
2026-09-23 19:07:56,PHSC450,0104,Kendall Bustad,20,20,0,2026-09-23 19:17:54,2026-09-23 19:17:54.873
2026-09-23 19:07:56,PHSC450,0105,Kendall Bustad,20,20,0,2026-09-23 19:17:54,2026-09-23 19:17:54.873
2026-09-23 19:07:56,PHSC450,0106,Kendall Bustad,20,20,0,2026-09-23 19:17:54,2026-09-23 19:17:54.874
2026-09-23 19:07:56,PHSC450,0107,Kendall Bustad,20,20,0,2026-09-23 19:17:54,2026-09-23 19:17:54.874
2026-09-23 19:07:56,PHSC450,ESG1,Kendall Bustad,35,35,0,2026-09-23 19:17:54,2026-09-23 19:17:54.874
2026-09-23 19:07:56,PHSC490,0101,Shannon Edward,30,30,0,2026-09-23 19:17:55,2026-09-23 19:17:55.039
2026-09-23 19:07:56,PHSC497,0101,Gretchen De Silva,20,20,0,2026-09-23 19:17:55,2026-09-23 19:17:55.215
2026-09-23 19:07:56,PHSC497,0201,Kendall Bustad,20,20,0,2026-09-23 19:17:55,2026-09-23 19:17:55.215
2026-09-23 19:07:56,PHSC497,0301,Gretchen De Silva,20,20,0,2026-09-23 19:17:55,2026-09-23 19:17:55.215
2026-09-23 19:07:56,PHSC497,0401,Aysha Jawed,20,20,0,2026-09-23 19:17:55,2026-09-23 19:17:55.215
2026-09-23 19:07:56,PHSC497,0501,Jennifer German,20,20,0,2026-09-23 19:17:55,2026-09-23 19:17:55.216
2026-09-23 19:07:56,PHSC497,0601,Carmen Booker,20,20,0,2026-09-23 19:17:55,2026-09-23 19:17:55.216
2026-09-23 19:07:56,PHSC497,0701,Lakeshia Watson,20,20,0,2026-09-23 19:17:55,2026-09-23 19:17:55.216
2026-09-23 19:07:56,PHSC497,0801,Lakeshia Watson,20,20,0,2026-09-23 19:17:55,2026-09-23 19:17:55.216
2026-09-23 19:07:56,PHSC497,0901,Darya Soltani,20,20,0,2026-09-23 19:17:55,2026-09-23 19:17:55.216
2026-09-23 19:07:56,PHSC497,1001,Brienna Anderson,20,20,0,2026-09-23 19:17:55,2026-09-23 19:17:55.217
2026-09-23 19:07:56,PHSC497,1101,Margaret Smith,20,20,0,2026-09-23 19:17:55,2026-09-23 19:17:55.217
2026-09-23 19:07:56,PHSC497,1201,Eric Silfen,20,20,0,2026-09-23 19:17:55,2026-09-23 19:17:55.217
2026-09-23 19:07:56,PHSC497,1301,Lakeshia Watson,20,20,0,2026-09-23 19:17:55,2026-09-23 19:17:55.217
2026-09-23 19:07:56,PHSC497,ESG1,Ann Truelove,20,20,0,2026-09-23 19:17:55,2026-09-23 19:17:55.217
2026-09-23 19:07:56,RDEV250,0101,Wayne Ricardo Curtis,75,75,0,2026-09-23 19:18:33,2026-09-23 19:18:33.071
2026-09-23 19:07:56,RDEV250,0102,Wayne Ricardo Curtis,75,75,0,2026-09-23 19:18:33,2026-09-23 19:18:33.072
2026-09-23 19:07:56,RDEV270,0101,John Park,30,30,0,2026-09-23 19:18:33,2026-09-23 19:18:33.226
2026-09-23 19:07:56,RDEV350,0101,Jesse Saginor,25,25,0,2026-09-23 19:18:33,2026-09-23 19:18:33.383
2026-09-23 19:07:56,RDEV350,0102,Instructor: TBA,30,30,0,2026-09-23 19:18:33,2026-09-23 19:18:33.383
2026-09-23 19:07:56,RDEV410,0101,Peter Goldsmith,30,30,0,2026-09-23 19:18:33,2026-09-23 19:18:33.561
2026-09-23 19:07:56,RDEV415,0101,Bilal Ali,20,20,0,2026-09-23 19:18:33,2026-09-23 19:18:33.713
2026-09-23 19:07:56,RDEV445,0101,Matthew O'Malley,15,15,0,2026-09-23 19:18:33,2026-09-23 19:18:33.866
2026-09-23 19:07:56,RDEV450,0101,Kathryn Corby,30,30,0,2026-09-23 19:18:34,2026-09-23 19:18:34.023
2026-09-23 19:07:56,RDEV450,0102,Thomas Dwyer,20,20,0,2026-09-23 19:18:34,2026-09-23 19:18:34.023
2026-09-23 19:07:56,RDEV450,0103,John Park,30,30,0,2026-09-23 19:18:34,2026-09-23 19:18:34.023
2026-09-23 19:07:56,RDEV478D,0101,Jesse Saginor,20,20,0,2026-09-23 19:18:34,2026-09-23 19:18:34.174
2026-09-23 19:07:56,RDEV600,0101,Jesse Saginor,10,10,0,2026-09-23 19:18:34,2026-09-23 19:18:34.330
2026-09-23 19:07:56,RDEV603,0101,Thomas Dwyer,18,18,0,2026-09-23 19:18:34,2026-09-23 19:18:34.483
2026-09-23 19:07:56,RDEV610,0101,David Warner,20,20,0,2026-09-23 19:18:34,2026-09-23 19:18:34.632
2026-09-23 19:07:56,RDEV615,0101,Bilal Ali,20,20,0,2026-09-23 19:18:34,2026-09-23 19:18:34.787
2026-09-23 19:07:56,RDEV630,0101,Mansur Abdul-Malik,30,30,0,2026-09-23 19:18:34,2026-09-23 19:18:34.939
2026-09-23 19:07:56,RDEV650,0101,Matthew O'Malley,25,25,0,2026-09-23 19:18:35,2026-09-23 19:18:35.094
2026-09-23 19:07:56,RDEV689F,0101,Zachary Marks,20,20,0,2026-09-23 19:18:35,2026-09-23 19:18:35.256
2026-09-23 19:07:56,RDEV689I,0101,Ronald McDonald,14,14,0,2026-09-23 19:18:35,2026-09-23 19:18:35.410
2026-09-23 19:07:56,RDEV689R,0101,Nick Egelanian,15,15,0,2026-09-23 19:18:35,2026-09-23 19:18:35.563
2026-09-23 19:07:56,RDEV689Y,0101,Instructor: TBA,12,12,0,2026-09-23 19:18:35,2026-09-23 19:18:35.716
2026-09-23 19:07:56,RDEV690,0101,Tanya Bansal,12,12,0,2026-09-23 19:18:35,2026-09-23 19:18:35.866
2026-09-23 19:07:56,RELS170,0101,Katherine Wasdin,21,21,0,2026-09-23 19:18:37,2026-09-23 19:18:37.157
2026-09-23 19:07:56,RELS170,0102,Katherine Wasdin,21,21,0,2026-09-23 19:18:37,2026-09-23 19:18:37.157
2026-09-23 19:07:56,RELS170,0103,Katherine Wasdin,21,21,0,2026-09-23 19:18:37,2026-09-23 19:18:37.157
2026-09-23 19:07:56,RELS170,0104,Katherine Wasdin,21,21,0,2026-09-23 19:18:37,2026-09-23 19:18:37.157
2026-09-23 19:07:56,RELS170,0105,Katherine Wasdin,21,21,0,2026-09-23 19:18:37,2026-09-23 19:18:37.157
2026-09-23 19:07:56,RELS170,0106,Katherine Wasdin,21,21,0,2026-09-23 19:18:37,2026-09-23 19:18:37.158
2026-09-23 19:07:56,RELS170,0107,Katherine Wasdin,21,21,0,2026-09-23 19:18:37,2026-09-23 19:18:37.158
2026-09-23 19:07:56,RELS170,0108,Katherine Wasdin,21,21,0,2026-09-23 19:18:37,2026-09-23 19:18:37.158
2026-09-23 19:07:56,RELS170,0109,Katherine Wasdin,21,21,0,2026-09-23 19:18:37,2026-09-23 19:18:37.158
2026-09-23 19:07:56,RELS264,0101,Jay Moses,30,30,0,2026-09-23 19:18:37,2026-09-23 19:18:37.313
2026-09-23 19:07:56,RELS271,0101,Instructor: TBA,40,40,0,2026-09-23 19:18:37,2026-09-23 19:18:37.469
2026-09-23 19:07:56,RELS319Q,0101,Regev Ben-David,35,35,0,2026-09-23 19:18:37,2026-09-23 19:18:37.624
2026-09-23 19:07:56,RELS342,0101,Stefano Villani,27,27,0,2026-09-23 19:18:37,2026-09-23 19:18:37.777
2026-09-23 19:07:56,RELS427,0101,Matthew Suriano,15,15,0,2026-09-23 19:18:37,2026-09-23 19:18:37.925
2026-09-23 19:07:56,RELS429M,0101,Antoine Borrut,27,27,0,2026-09-23 19:18:38,2026-09-23 19:18:38.089
2026-09-23 19:07:56,RUSS102,0101,Inna Hardman,15,15,0,2026-09-23 19:18:39,2026-09-23 19:18:39.366
2026-09-23 19:07:56,RUSS102,0201,Inna Hardman,15,15,0,2026-09-23 19:18:39,2026-09-23 19:18:39.367
2026-09-23 19:07:56,RUSS202,0101,Zhanna Gerus-Vernola,15,15,0,2026-09-23 19:18:39,2026-09-23 19:18:39.520
2026-09-23 19:07:56,RUSS302,0101,Izolda Savenkova,15,15,0,2026-09-23 19:18:39,2026-09-23 19:18:39.670
2026-09-23 19:07:56,RUSS398A,0101,Instructor: TBA,15,15,0,2026-09-23 19:18:39,2026-09-23 19:18:39.965
2026-09-23 19:07:56,RUSS398F,0101,Elizabeth Papazian,25,25,0,2026-09-23 19:18:40,2026-09-23 19:18:40.117
2026-09-23 19:07:56,RUSS406,0101,Izolda Savenkova,15,15,0,2026-09-23 19:18:40,2026-09-23 19:18:40.437
2026-09-23 19:07:56,RUSS412,0101,Inna Hardman,15,15,0,2026-09-23 19:18:40,2026-09-23 19:18:40.586
2026-09-23 19:07:56,SDSB123,0101,Srijeeta Mitra,26,26,0,2026-09-23 19:18:41,2026-09-23 19:18:41.984
2026-09-23 19:07:56,SDSB180,0101,Srijeeta Mitra,155,155,0,2026-09-23 19:18:42,2026-09-23 19:18:42.136
2026-09-23 19:07:56,SDSB233,0101,Richard Engstrom,28,28,0,2026-09-23 19:18:42,2026-09-23 19:18:42.295
2026-09-23 19:07:56,SDSB233,0102,Richard Engstrom,28,28,0,2026-09-23 19:18:42,2026-09-23 19:18:42.295
2026-09-23 19:07:56,SDSB326,0101,Jacob Coutts,40,40,0,2026-09-23 19:18:42,2026-09-23 19:18:42.446
2026-09-23 19:07:56,SDSB340,0101,Neil Lund,24,24,0,2026-09-23 19:18:42,2026-09-23 19:18:42.598
2026-09-23 19:07:56,SDSI414,0101,Instructor: TBA,40,40,0,2026-09-23 19:18:43,2026-09-23 19:18:43.841
2026-09-23 19:07:56,SDSI414,0102,Instructor: TBA,40,40,0,2026-09-23 19:18:43,2026-09-23 19:18:43.841
2026-09-23 19:07:56,SDSI414,0103,Instructor: TBA,40,40,0,2026-09-23 19:18:43,2026-09-23 19:18:43.842
2026-09-23 19:07:56,SDSI414,0201,Instructor: TBA,40,40,0,2026-09-23 19:18:43,2026-09-23 19:18:43.842
2026-09-23 19:07:56,SDSI414,0202,Instructor: TBA,40,40,0,2026-09-23 19:18:43,2026-09-23 19:18:43.842
2026-09-23 19:07:56,SDSI492,0101,Instructor: TBA,29,29,0,2026-09-23 19:18:43,2026-09-23 19:18:44.007
2026-09-23 19:07:56,SDSI492,0102,Instructor: TBA,25,25,0,2026-09-23 19:18:43,2026-09-23 19:18:44.007
2026-09-23 19:07:56,SDSI492,0103,Instructor: TBA,25,25,0,2026-09-23 19:18:43,2026-09-23 19:18:44.007
2026-09-23 19:07:56,SDSI492,0104,Instructor: TBA,20,20,0,2026-09-23 19:18:43,2026-09-23 19:18:44.007
2026-09-23 19:07:56,SDSI492,0105,Instructor: TBA,50,50,0,2026-09-23 19:18:43,2026-09-23 19:18:44.008
2026-09-23 19:07:56,SDSI492,0107,Instructor: TBA,25,25,0,2026-09-23 19:18:43,2026-09-23 19:18:44.008
2026-09-23 19:07:56,SDSI492,0108,Instructor: TBA,25,25,0,2026-09-23 19:18:43,2026-09-23 19:18:44.008
2026-09-23 19:07:56,SDSI492,0110,Instructor: TBA,25,25,0,2026-09-23 19:18:43,2026-09-23 19:18:44.008
2026-09-23 19:07:56,SDSI496,0101,Jacob Coutts,25,25,0,2026-09-23 19:18:44,2026-09-23 19:18:44.165
2026-09-23 19:07:56,SLLC286,0101,Andrew Schonebaum,60,60,0,2026-09-23 19:18:46,2026-09-23 19:18:46.983
2026-09-23 19:07:56,SLLC287,0101,Sean Pue,20,20,0,2026-09-23 19:18:47,2026-09-23 19:18:47.136
2026-09-23 19:07:56,SLLC305,0101,Nahal Akbari-Saneh,25,25,0,2026-09-23 19:18:47,2026-09-23 19:18:47.287
2026-09-23 19:07:56,SLLC309,0101,Ahmed Hanafy,10,10,0,2026-09-23 19:18:47,2026-09-23 19:18:47.463
2026-09-23 19:07:56,SLLC309,0102,Ahmed Hanafy,10,10,0,2026-09-23 19:18:47,2026-09-23 19:18:47.463
2026-09-23 19:07:56,SLLC309,0103,Ahmed Hanafy,10,10,0,2026-09-23 19:18:47,2026-09-23 19:18:47.464
2026-09-23 19:07:56,SLLC309,0104,Ahmed Hanafy,10,10,0,2026-09-23 19:18:47,2026-09-23 19:18:47.464
2026-09-23 19:07:56,SLLC309,0105,Ahmed Hanafy,10,10,0,2026-09-23 19:18:47,2026-09-23 19:18:47.464
2026-09-23 19:07:56,SLLC309,0106,Ahmed Hanafy,10,10,0,2026-09-23 19:18:47,2026-09-23 19:18:47.464
2026-09-23 19:07:56,SLLC309,0107,Ahmed Hanafy,10,10,0,2026-09-23 19:18:47,2026-09-23 19:18:47.464
2026-09-23 19:07:56,SLLC309,0108,Ahmed Hanafy,10,10,0,2026-09-23 19:18:47,2026-09-23 19:18:47.464
2026-09-23 19:07:56,SLLC309,0109,Ahmed Hanafy,10,10,0,2026-09-23 19:18:47,2026-09-23 19:18:47.465
2026-09-23 19:07:56,SLLC309,0110,Ahmed Hanafy,10,10,0,2026-09-23 19:18:47,2026-09-23 19:18:47.465
2026-09-23 19:07:56,SLLC309,0111,Ahmed Hanafy,10,10,0,2026-09-23 19:18:47,2026-09-23 19:18:47.465
2026-09-23 19:07:56,SLLC329,0101,Marilyn Matar,10,10,0,2026-09-23 19:18:47,2026-09-23 19:18:47.632
2026-09-23 19:07:56,SLLC329,0102,Marilyn Matar,10,10,0,2026-09-23 19:18:47,2026-09-23 19:18:47.633
2026-09-23 19:07:56,SLLC329,0103,Marilyn Matar,20,20,0,2026-09-23 19:18:47,2026-09-23 19:18:47.633
2026-09-23 19:07:56,SLLC329,0104,Marilyn Matar,10,10,0,2026-09-23 19:18:47,2026-09-23 19:18:47.633
2026-09-23 19:07:56,SLLC329,0105,Marilyn Matar,10,10,0,2026-09-23 19:18:47,2026-09-23 19:18:47.633
2026-09-23 19:07:56,SLLC329,0106,Marilyn Matar,10,10,0,2026-09-23 19:18:47,2026-09-23 19:18:47.633
2026-09-23 19:07:56,SLLC329,0107,Marilyn Matar,10,10,0,2026-09-23 19:18:47,2026-09-23 19:18:47.634
2026-09-23 19:07:56,SLLC329,0108,Marilyn Matar,10,10,0,2026-09-23 19:18:47,2026-09-23 19:18:47.634
2026-09-23 19:07:56,SLLC329,0109,Marilyn Matar,10,10,0,2026-09-23 19:18:47,2026-09-23 19:18:47.634
2026-09-23 19:07:56,SLLC329,0110,Marilyn Matar,20,20,0,2026-09-23 19:18:47,2026-09-23 19:18:47.634
2026-09-23 19:07:56,SMLP471,0101,Jennifer Hsin,60,60,0,2026-09-23 19:18:48,2026-09-23 19:18:48.890
2026-09-23 19:07:56,SMLP474,0101,Sara Herald,60,60,0,2026-09-23 19:18:49,2026-09-23 19:18:49.040
2026-09-23 19:07:56,SPHL100,0101,Shuling Wu,20,20,0,2026-09-23 19:19:02,2026-09-23 19:19:03.003
2026-09-23 19:07:56,SPHL100,0102,Shuling Wu,20,20,0,2026-09-23 19:19:02,2026-09-23 19:19:03.003
2026-09-23 19:07:56,SPHL100,0103,Shuling Wu,20,20,0,2026-09-23 19:19:02,2026-09-23 19:19:03.003
2026-09-23 19:07:56,SPHL100,0104,Shuling Wu,20,20,0,2026-09-23 19:19:02,2026-09-23 19:19:03.004
2026-09-23 19:07:56,SPHL100,0105,Shuling Wu,20,20,0,2026-09-23 19:19:02,2026-09-23 19:19:03.004
2026-09-23 19:07:56,SPHL100,0106,Shuling Wu,20,20,0,2026-09-23 19:19:02,2026-09-23 19:19:03.004
2026-09-23 19:07:56,SPHL100,0107,Shuling Wu,20,20,0,2026-09-23 19:19:02,2026-09-23 19:19:03.004
2026-09-23 19:07:56,SPHL100,0108,Shuling Wu,20,20,0,2026-09-23 19:19:02,2026-09-23 19:19:03.004
2026-09-23 19:07:56,SPHL100,0109,Shuling Wu,20,20,0,2026-09-23 19:19:02,2026-09-23 19:19:03.005
2026-09-23 19:07:56,SPHL100,0110,Shuling Wu,20,20,0,2026-09-23 19:19:02,2026-09-23 19:19:03.005
2026-09-23 19:07:56,SPHL100,0201,Shuling Wu,20,20,0,2026-09-23 19:19:02,2026-09-23 19:19:03.005
2026-09-23 19:07:56,SPHL100,0202,Shuling Wu,20,20,0,2026-09-23 19:19:02,2026-09-23 19:19:03.005
2026-09-23 19:07:56,SPHL100,0203,Shuling Wu,20,20,0,2026-09-23 19:19:02,2026-09-23 19:19:03.005
2026-09-23 19:07:56,SPHL100,0204,Shuling Wu,20,20,0,2026-09-23 19:19:02,2026-09-23 19:19:03.005
2026-09-23 19:07:56,SPHL100,0205,Shuling Wu,20,20,0,2026-09-23 19:19:02,2026-09-23 19:19:03.006
2026-09-23 19:07:56,SPHL100,0206,Shuling Wu,20,20,0,2026-09-23 19:19:02,2026-09-23 19:19:03.006
2026-09-23 19:07:56,SPHL100,0207,Shuling Wu,20,20,0,2026-09-23 19:19:02,2026-09-23 19:19:03.006
2026-09-23 19:07:56,SPHL100,0208,Shuling Wu,20,20,0,2026-09-23 19:19:02,2026-09-23 19:19:03.006
2026-09-23 19:07:56,SPHL246,0101,April Khaing,20,20,0,2026-09-23 19:19:03,2026-09-23 19:19:03.163
2026-09-23 19:07:56,SPHL276,0101,Dina Borzekowski,25,25,0,2026-09-23 19:19:03,2026-09-23 19:19:03.325
2026-09-23 19:07:56,SPHL321,0101,Sylvette La Touche-Howard,15,15,0,2026-09-23 19:19:03,2026-09-23 19:19:03.477
2026-09-23 19:07:56,SPHL333,0101,Cynthia Kershaw,75,75,0,2026-09-23 19:19:03,2026-09-23 19:19:03.692
2026-09-23 19:07:56,SPHL478,0101,Tracy Zeeger,10,10,0,2026-09-23 19:19:03,2026-09-23 19:19:03.990
2026-09-23 19:07:56,SPHL600,0101,Sylvette La Touche-Howard,8,8,0,2026-09-23 19:19:04,2026-09-23 19:19:04.147
2026-09-23 19:07:56,SPHL610,0101,Danielle Catona,22,22,0,2026-09-23 19:19:04,2026-09-23 19:19:04.312
2026-09-23 19:07:56,SPHL610,0102,Danielle Catona,22,22,0,2026-09-23 19:19:04,2026-09-23 19:19:04.312
2026-09-23 19:07:56,SPHL610,0103,Danielle Catona,22,22,0,2026-09-23 19:19:04,2026-09-23 19:19:04.312
2026-09-23 19:07:56,SPHL610,PLB1,Priscilla Novak,20,20,0,2026-09-23 19:19:04,2026-09-23 19:19:04.312
2026-09-23 19:07:56,SPHL610,PLH1,Priscilla Novak,28,28,0,2026-09-23 19:19:04,2026-09-23 19:19:04.313
2026-09-23 19:07:56,SPHL610,PLK1,Priscilla Novak,5,5,0,2026-09-23 19:19:04,2026-09-23 19:19:04.313
2026-09-23 19:07:56,SPHL611,0101,Danielle Catona,45,45,0,2026-09-23 19:19:04,2026-09-23 19:19:04.479
2026-09-23 19:07:56,SPHL611,0201,Danielle Catona,45,45,0,2026-09-23 19:19:04,2026-09-23 19:19:04.480
2026-09-23 19:07:56,SPHL611,PLB1,Evelyn King-Marshall,20,20,0,2026-09-23 19:19:04,2026-09-23 19:19:04.480
2026-09-23 19:07:56,SPHL611,PLH1,Evelyn King-Marshall,28,28,0,2026-09-23 19:19:04,2026-09-23 19:19:04.480
2026-09-23 19:07:56,SPHL611,PLK1,Evelyn King-Marshall,5,5,0,2026-09-23 19:19:04,2026-09-23 19:19:04.480
2026-09-23 19:07:56,SPHL612,0101,James Hagberg,15,15,0,2026-09-23 19:19:04,2026-09-23 19:19:04.660
2026-09-23 19:07:56,TLTC310,0101,Sarah Kistner,20,20,0,2026-09-23 19:19:24,2026-09-23 19:19:24.866
2026-09-23 19:07:56,TLTC333,0101,Mona Thompson,55,55,0,2026-09-23 19:19:25,2026-09-23 19:19:25.031
2026-09-23 19:07:56,TLTC333,0102,Mona Thompson,55,55,0,2026-09-23 19:19:25,2026-09-23 19:19:25.031
2026-09-23 19:07:56,TLTC333,0105,Mona Thompson,55,55,0,2026-09-23 19:19:25,2026-09-23 19:19:25.031
2026-09-23 19:07:56,URSP372,0101,Priscila Alves,20,20,0,2026-09-23 19:19:30,2026-09-23 19:19:30.629
2026-09-23 19:07:56,URSP600,0101,Kevin Nelson,25,25,0,2026-09-23 19:19:30,2026-09-23 19:19:30.777
2026-09-23 19:07:56,URSP603,0101,Dawn Jourdan,33,33,0,2026-09-23 19:19:30,2026-09-23 19:19:30.930
2026-09-23 19:07:56,URSP606,0101,Chengri Ding,15,15,0,2026-09-23 19:19:31,2026-09-23 19:19:31.084
2026-09-23 19:07:56,URSP631,0101,Hiroyuki Iseki,15,15,0,2026-09-23 19:19:31,2026-09-23 19:19:31.234
2026-09-23 19:07:56,URSP668B,0101,Eric Burnstein,20,20,0,2026-09-23 19:19:31,2026-09-23 19:19:31.400
2026-09-23 19:07:56,URSP673,0101,Riem ElZoghbi,25,25,0,2026-09-23 19:19:31,2026-09-23 19:19:31.556
2026-09-23 19:07:56,URSP688M,0101,Andrew Bernish,20,20,0,2026-09-23 19:19:31,2026-09-23 19:19:31.706
2026-09-23 19:07:56,URSP688P,0101,Sonja Ewing,15,15,0,2026-09-23 19:19:31,2026-09-23 19:19:31.860
2026-09-23 19:07:56,URSP688Y,0101,Chester Harvey,30,30,0,2026-09-23 19:19:32,2026-09-23 19:19:32.012
2026-09-23 19:07:56,URSP708,0101,Nicholas Finio,10,10,0,2026-09-23 19:19:32,2026-09-23 19:19:32.165
2026-09-23 19:07:56,URSP709,0101,Casey Dawkins,10,10,0,2026-09-23 19:19:32,2026-09-23 19:19:32.317
2026-09-23 19:07:56,URSP805,0101,Casey Dawkins,15,15,0,2026-09-23 19:19:32,2026-09-23 19:19:32.905
2026-09-23 19:07:56,USLT202,0101,Robert Chester,26,26,0,2026-09-23 19:19:34,2026-09-23 19:19:34.447
2026-09-23 19:07:56,USLT403,0101,Perla Guerrero,20,20,0,2026-09-23 19:19:34,2026-09-23 19:19:34.601
2026-09-23 19:07:56,USLT420,0101,Robert Chester,27,27,0,2026-09-23 19:19:34,2026-09-23 19:19:34.755
2026-09-23 19:07:56,USLT488,0101,Nancy Mirabal,30,30,0,2026-09-23 19:19:34,2026-09-23 19:19:34.906
2026-09-23 19:07:56,USLT498L,0101,Fernando Rios,12,12,0,2026-09-23 19:19:35,2026-09-23 19:19:35.058
2026-09-23 19:07:56,VIPS208,0102,Ken Kiger,10,10,0,2026-09-23 19:19:36,2026-09-23 19:19:36.340
2026-09-23 19:07:56,VIPS208,0103,Bryan Quinn,10,10,0,2026-09-23 19:19:36,2026-09-23 19:19:36.341
2026-09-23 19:07:56,VIPS208,0104,Ryan Sochol,10,10,0,2026-09-23 19:19:36,2026-09-23 19:19:36.341
2026-09-23 19:07:56,VIPS208,0105,Molly Carton,10,10,0,2026-09-23 19:19:36,2026-09-23 19:19:36.341
2026-09-23 19:07:56,VIPS208,0106,James Baeder,11,11,0,2026-09-23 19:19:36,2026-09-23 19:19:36.341
2026-09-23 19:07:56,VIPS208,0107,Catherine Spirito,10,10,0,2026-09-23 19:19:36,2026-09-23 19:19:36.341
2026-09-23 19:07:56,VIPS208,0108,Ronald Yaros,10,10,0,2026-09-23 19:19:36,2026-09-23 19:19:36.341
2026-09-23 19:07:56,VIPS208,0109,Carinna Ferguson,10,10,0,2026-09-23 19:19:36,2026-09-23 19:19:36.342
2026-09-23 19:07:56,VIPS208,0110,Tracy Riggins,10,10,0,2026-09-23 19:19:36,2026-09-23 19:19:36.342
2026-09-23 19:07:56,VIPS208,0111,Kevin Calabro,10,10,0,2026-09-23 19:19:36,2026-09-23 19:19:36.342
2026-09-23 19:07:56,VIPS208,0112,Raffaele Viglianti,10,10,0,2026-09-23 19:19:36,2026-09-23 19:19:36.342
2026-09-23 19:07:56,VIPS208,0113,Shabnam Jabeen,10,10,0,2026-09-23 19:19:36,2026-09-23 19:19:36.342
2026-09-23 19:07:56,VIPS208,0114,Ning Zeng,10,10,0,2026-09-23 19:19:36,2026-09-23 19:19:36.343
2026-09-23 19:07:56,VIPS208,0115,Veronica Kang,10,10,0,2026-09-23 19:19:36,2026-09-23 19:19:36.343
2026-09-23 19:07:56,VIPS208,0116,David Stewart,10,10,0,2026-09-23 19:19:36,2026-09-23 19:19:36.343
2026-09-23 19:07:56,VIPS208,0117,Meredith Epstein,10,10,0,2026-09-23 19:19:36,2026-09-23 19:19:36.343
2026-09-23 19:07:56,VIPS208,0118,Magaly Toro Ibaceta,10,10,0,2026-09-23 19:19:36,2026-09-23 19:19:36.343
2026-09-23 19:07:56,VIPS208,0120,Marisa Parham,10,10,0,2026-09-23 19:19:36,2026-09-23 19:19:36.343
2026-09-23 19:07:56,VIPS208,0121,Becky Epanchin-Niell,10,10,0,2026-09-23 19:19:36,2026-09-23 19:19:36.344
2026-09-23 19:07:56,VIPS208,0122,Timothy Reedy,10,10,0,2026-09-23 19:19:36,2026-09-23 19:19:36.344
2026-09-23 19:07:56,VIPS208,0123,Lingnan Lin,10,10,0,2026-09-23 19:19:36,2026-09-23 19:19:36.344
2026-09-23 19:07:56,VIPS208,0124,Jeffrey Moro,10,10,0,2026-09-23 19:19:36,2026-09-23 19:19:36.344
2026-09-23 19:07:56,VIPS208,0125,Peter Sunderland,10,10,0,2026-09-23 19:19:36,2026-09-23 19:19:36.344
2026-09-23 19:07:56,VIPS208,0126,Brienna Anderson,10,10,0,2026-09-23 19:19:36,2026-09-23 19:19:36.345
2026-09-23 19:07:56,VIPS308,0102,Ken Kiger,10,10,0,2026-09-23 19:19:36,2026-09-23 19:19:36.541
2026-09-23 19:07:56,VIPS308,0103,Bryan Quinn,13,13,0,2026-09-23 19:19:36,2026-09-23 19:19:36.542
2026-09-23 19:07:56,VIPS308,0104,Ryan Sochol,10,10,0,2026-09-23 19:19:36,2026-09-23 19:19:36.542
2026-09-23 19:07:56,VIPS308,0105,Molly Carton,10,10,0,2026-09-23 19:19:36,2026-09-23 19:19:36.542
2026-09-23 19:07:56,VIPS308,0106,James Baeder,10,10,0,2026-09-23 19:19:36,2026-09-23 19:19:36.542
2026-09-23 19:07:56,VIPS308,0107,Catherine Spirito,10,10,0,2026-09-23 19:19:36,2026-09-23 19:19:36.542
2026-09-23 19:07:56,VIPS308,0108,Ronald Yaros,10,10,0,2026-09-23 19:19:36,2026-09-23 19:19:36.543
2026-09-23 19:07:56,VIPS308,0109,Carinna Ferguson,10,10,0,2026-09-23 19:19:36,2026-09-23 19:19:36.543
2026-09-23 19:07:56,VIPS308,0110,Tracy Riggins,10,10,0,2026-09-23 19:19:36,2026-09-23 19:19:36.543
2026-09-23 19:07:56,VIPS308,0111,Kevin Calabro,10,10,0,2026-09-23 19:19:36,2026-09-23 19:19:36.543
2026-09-23 19:07:56,VIPS308,0112,Raffaele Viglianti,10,10,0,2026-09-23 19:19:36,2026-09-23 19:19:36.543
2026-09-23 19:07:56,VIPS308,0113,Shabnam Jabeen,10,10,0,2026-09-23 19:19:36,2026-09-23 19:19:36.543
2026-09-23 19:07:56,VIPS308,0114,Ning Zeng,10,10,0,2026-09-23 19:19:36,2026-09-23 19:19:36.544
2026-09-23 19:07:56,VIPS308,0115,Veronica Kang,10,10,0,2026-09-23 19:19:36,2026-09-23 19:19:36.544
2026-09-23 19:07:56,VIPS308,0116,David Stewart,10,10,0,2026-09-23 19:19:36,2026-09-23 19:19:36.544
2026-09-23 19:07:56,VIPS308,0117,Meredith Epstein,10,10,0,2026-09-23 19:19:36,2026-09-23 19:19:36.544
2026-09-23 19:07:56,VIPS308,0118,Magaly Toro Ibaceta,10,10,0,2026-09-23 19:19:36,2026-09-23 19:19:36.544
2026-09-23 19:07:56,VIPS308,0120,Marisa Parham,10,10,0,2026-09-23 19:19:36,2026-09-23 19:19:36.545
2026-09-23 19:07:56,VIPS308,0121,Becky Epanchin-Niell,10,10,0,2026-09-23 19:19:36,2026-09-23 19:19:36.545
2026-09-23 19:07:56,VIPS308,0122,Timothy Reedy,10,10,0,2026-09-23 19:19:36,2026-09-23 19:19:36.545
2026-09-23 19:07:56,VIPS308,0123,Lingnan Lin,10,10,0,2026-09-23 19:19:36,2026-09-23 19:19:36.545
2026-09-23 19:07:56,VIPS308,0124,Jeffrey Moro,10,10,0,2026-09-23 19:19:36,2026-09-23 19:19:36.545
2026-09-23 19:07:56,VIPS308,0125,Peter Sunderland,10,10,0,2026-09-23 19:19:36,2026-09-23 19:19:36.545
2026-09-23 19:07:56,VIPS308,0126,Brienna Anderson,10,10,0,2026-09-23 19:19:36,2026-09-23 19:19:36.546
2026-09-23 19:07:56,VIPS408,0102,Ken Kiger,10,10,0,2026-09-23 19:19:36,2026-09-23 19:19:36.744
2026-09-23 19:07:56,VIPS408,0103,Bryan Quinn,10,10,0,2026-09-23 19:19:36,2026-09-23 19:19:36.744
2026-09-23 19:07:56,VIPS408,0104,Ryan Sochol,10,10,0,2026-09-23 19:19:36,2026-09-23 19:19:36.745
2026-09-23 19:07:56,VIPS408,0105,Molly Carton,10,10,0,2026-09-23 19:19:36,2026-09-23 19:19:36.745
2026-09-23 19:07:56,VIPS408,0106,James Baeder,10,10,0,2026-09-23 19:19:36,2026-09-23 19:19:36.745
2026-09-23 19:07:56,VIPS408,0107,Catherine Spirito,10,10,0,2026-09-23 19:19:36,2026-09-23 19:19:36.745
2026-09-23 19:07:56,VIPS408,0108,Ronald Yaros,10,10,0,2026-09-23 19:19:36,2026-09-23 19:19:36.745
2026-09-23 19:07:56,VIPS408,0109,Carinna Ferguson,10,10,0,2026-09-23 19:19:36,2026-09-23 19:19:36.746
2026-09-23 19:07:56,VIPS408,0110,Tracy Riggins,10,10,0,2026-09-23 19:19:36,2026-09-23 19:19:36.746
2026-09-23 19:07:56,VIPS408,0111,Kevin Calabro,10,10,0,2026-09-23 19:19:36,2026-09-23 19:19:36.746
2026-09-23 19:07:56,VIPS408,0112,Raffaele Viglianti,10,10,0,2026-09-23 19:19:36,2026-09-23 19:19:36.746
2026-09-23 19:07:56,VIPS408,0113,Shabnam Jabeen,10,10,0,2026-09-23 19:19:36,2026-09-23 19:19:36.746
2026-09-23 19:07:56,VIPS408,0114,Ning Zeng,10,10,0,2026-09-23 19:19:36,2026-09-23 19:19:36.746
2026-09-23 19:07:56,VIPS408,0115,Veronica Kang,10,10,0,2026-09-23 19:19:36,2026-09-23 19:19:36.747
2026-09-23 19:07:56,VIPS408,0116,David Stewart,10,10,0,2026-09-23 19:19:36,2026-09-23 19:19:36.747
2026-09-23 19:07:56,VIPS408,0117,Meredith Epstein,10,10,0,2026-09-23 19:19:36,2026-09-23 19:19:36.747
2026-09-23 19:07:56,VIPS408,0118,Magaly Toro Ibaceta,10,10,0,2026-09-23 19:19:36,2026-09-23 19:19:36.747
2026-09-23 19:07:56,VIPS408,0120,Marisa Parham,10,10,0,2026-09-23 19:19:36,2026-09-23 19:19:36.747
2026-09-23 19:07:56,VIPS408,0121,Becky Epanchin-Niell,10,10,0,2026-09-23 19:19:36,2026-09-23 19:19:36.748
2026-09-23 19:07:56,VIPS408,0122,Timothy Reedy,10,10,0,2026-09-23 19:19:36,2026-09-23 19:19:36.748
2026-09-23 19:07:56,VIPS408,0123,Lingnan Lin,10,10,0,2026-09-23 19:19:36,2026-09-23 19:19:36.748
2026-09-23 19:07:56,VIPS408,0124,Jeffrey Moro,10,10,0,2026-09-23 19:19:36,2026-09-23 19:19:36.748
2026-09-23 19:07:56,VIPS408,0125,Peter Sunderland,10,10,0,2026-09-23 19:19:36,2026-09-23 19:19:36.748
2026-09-23 19:07:56,VIPS408,0126,Brienna Anderson,10,10,0,2026-09-23 19:19:36,2026-09-23 19:19:36.748
2026-09-23 19:07:56,WEID139N,0101,Denise Joseph,60,60,0,2026-09-23 19:19:39,2026-09-23 19:19:39.361
2026-09-23 19:07:56,WEID139T,0201,Taylor Togafau-Lewis,45,45,0,2026-09-23 19:19:39,2026-09-23 19:19:39.523
2026-09-23 19:07:56,WGSS105,0101,Jessica Mathiason,30,30,0,2026-09-23 19:19:40,2026-09-23 19:19:40.898
2026-09-23 19:07:56,WGSS105,0102,Jessica Mathiason,30,30,0,2026-09-23 19:19:40,2026-09-23 19:19:40.898
2026-09-23 19:07:56,WGSS105,0103,Jessica Mathiason,30,30,0,2026-09-23 19:19:40,2026-09-23 19:19:40.899
2026-09-23 19:07:56,WGSS105,0104,Jessica Mathiason,30,30,0,2026-09-23 19:19:40,2026-09-23 19:19:40.899
2026-09-23 19:07:56,WGSS115,0101,Alexis Lothian,25,25,0,2026-09-23 19:19:41,2026-09-23 19:19:41.061
2026-09-23 19:07:56,WGSS115,0102,Alexis Lothian,25,25,0,2026-09-23 19:19:41,2026-09-23 19:19:41.061
2026-09-23 19:07:56,WGSS201,0101,Sayan Bhattacharya,25,25,0,2026-09-23 19:19:41,2026-09-23 19:19:41.258
2026-09-23 19:07:56,WGSS201,0102,Sayan Bhattacharya,25,25,0,2026-09-23 19:19:41,2026-09-23 19:19:41.258
2026-09-23 19:07:56,WGSS205,0101,Shelbi Meissner,21,21,0,2026-09-23 19:19:41,2026-09-23 19:19:41.412
2026-09-23 19:07:56,WGSS205,0201,Shelbi Meissner,21,21,0,2026-09-23 19:19:41,2026-09-23 19:19:41.412
2026-09-23 19:07:56,WGSS230,0101,Daniel Richter,20,20,0,2026-09-23 19:19:41,2026-09-23 19:19:41.570
2026-09-23 19:07:56,WGSS250,0101,Lidia Garcia Berrelleza,25,25,0,2026-09-23 19:19:41,2026-09-23 19:19:41.724
2026-09-23 19:07:56,WGSS250,0201,Shameem Razack,25,25,0,2026-09-23 19:19:41,2026-09-23 19:19:41.724
2026-09-23 19:07:56,WGSS255,0101,Instructor: TBA,30,30,0,2026-09-23 19:19:41,2026-09-23 19:19:41.899
2026-09-23 19:07:56,WGSS265,0101,Ashley Newby,40,40,0,2026-09-23 19:19:42,2026-09-23 19:19:42.056
2026-09-23 19:07:56,WGSS275,0101,Instructor: TBA,30,30,0,2026-09-23 19:19:42,2026-09-23 19:19:42.211
2026-09-23 19:07:56,WGSS280,0101,Jessica Mathiason,52,52,0,2026-09-23 19:19:42,2026-09-23 19:19:42.363
2026-09-23 19:07:56,WGSS290,0101,Jessica Mathiason,30,30,0,2026-09-23 19:19:42,2026-09-23 19:19:42.513
2026-09-23 19:07:56,WGSS290,0201,Sydney Lewis,31,31,0,2026-09-23 19:19:42,2026-09-23 19:19:42.513
2026-09-23 19:07:56,WGSS298C,0101,Will Mosley,35,35,0,2026-09-23 19:19:42,2026-09-23 19:19:42.665
2026-09-23 19:07:56,WGSS298S,0101,Jordan Keesler,25,25,0,2026-09-23 19:19:42,2026-09-23 19:19:42.819
2026-09-23 19:07:56,WGSS302,0101,Will Mosley,25,25,0,2026-09-23 19:19:42,2026-09-23 19:19:42.976
2026-09-23 19:07:56,WGSS306,0101,Sydney Lewis,30,30,0,2026-09-23 19:19:43,2026-09-23 19:19:43.131
2026-09-23 19:07:56,WGSS310,0101,Sayan Bhattacharya,25,25,0,2026-09-23 19:19:43,2026-09-23 19:19:43.282
2026-09-23 19:07:56,WGSS319F,0101,Alexis Lothian,30,30,0,2026-09-23 19:19:43,2026-09-23 19:19:43.435
2026-09-23 19:07:56,WGSS379U,0101,John Drabinski,25,25,0,2026-09-23 19:19:43,2026-09-23 19:19:43.589
2026-09-23 19:07:56,WGSS422,0101,Jennifer Cho,18,18,0,2026-09-23 19:19:43,2026-09-23 19:19:43.743
2026-09-23 19:07:56,WGSS471,0101,Instructor: TBA,25,25,0,2026-09-23 19:19:43,2026-09-23 19:19:43.899
2026-09-23 19:07:56,WGSS471,0201,Instructor: TBA,45,45,0,2026-09-23 19:19:43,2026-09-23 19:19:43.899
2026-09-23 19:07:56,WGSS475,0101,Sydney Lewis,20,20,0,2026-09-23 19:19:44,2026-09-23 19:19:44.051
2026-09-23 19:07:56,WGSS487,0101,Eva Hageman,15,15,0,2026-09-23 19:19:44,2026-09-23 19:19:44.204
2026-09-23 19:07:56,WGSS487H,0101,Eva Hageman,5,5,0,2026-09-23 19:19:44,2026-09-23 19:19:44.357
2026-09-23 19:07:56,WGSS602,0101,Shelbi Meissner,12,12,0,2026-09-23 19:19:45,2026-09-23 19:19:45.005
2026-09-23 19:07:56,WGSS708,0101,Alexis Lothian,10,10,0,2026-09-23 19:19:45,2026-09-23 19:19:45.576
2026-09-23 19:07:56,XPER455,0101,TJ Rainsford,25,25,0,2026-09-23 19:19:47,2026-09-23 19:19:47.460
