Timestamp,Course,Section,Instructor,Total_Seats,Open_Seats,Waitlist,Fetch_Time,Actual_Log_Time
2026-09-25 01:22:51,AAAS100,0101,Shane Walsh,35,35,0,2026-09-25 01:22:54,2026-09-25 01:22:54.165
2026-09-25 01:22:51,AAAS100,0201,Shane Walsh,35,35,0,2026-09-25 01:22:54,2026-09-25 01:22:54.165
2026-09-25 01:22:51,AAAS100,0301,George Kintiba,30,30,0,2026-09-25 01:22:54,2026-09-25 01:22:54.165
2026-09-25 01:22:51,AAAS100,0401,Beka Guluma,35,35,0,2026-09-25 01:22:54,2026-09-25 01:22:54.165
2026-09-25 01:22:51,AAAS100,0501,Jason Nichols,33,33,0,2026-09-25 01:22:54,2026-09-25 01:22:54.165
2026-09-25 01:22:51,AAAS100,0601,Jason Nichols,35,35,0,2026-09-25 01:22:54,2026-09-25 01:22:54.165
2026-09-25 01:22:51,AAAS100H,0301,George Kintiba,5,5,0,2026-09-25 01:22:54,2026-09-25 01:22:54.640
2026-09-25 01:22:51,AAAS101,0101,Periloux Peay,40,40,0,2026-09-25 01:22:54,2026-09-25 01:22:54.965
2026-09-25 01:22:51,AAAS187,0101,Robert Choflet,30,30,0,2026-09-25 01:22:55,2026-09-25 01:22:55.539
2026-09-25 01:22:51,AAAS200,0101,George Kintiba,40,40,0,2026-09-25 01:22:56,2026-09-25 01:22:56.330
2026-09-25 01:22:51,AAAS202,0101,Robert Choflet,30,30,0,2026-09-25 01:22:56,2026-09-25 01:22:56.627
2026-09-25 01:22:51,AAAS202,0201,Angelica Dunbar,35,35,0,2026-09-25 01:22:56,2026-09-25 01:22:56.627
2026-09-25 01:22:51,AAAS202,0301,Angelica Dunbar,35,35,0,2026-09-25 01:22:56,2026-09-25 01:22:56.627
2026-09-25 01:22:51,AAAS202,0401,Robert Choflet,35,35,0,2026-09-25 01:22:56,2026-09-25 01:22:56.628
2026-09-25 01:22:51,AAAS202H,0101,Robert Choflet,5,5,0,2026-09-25 01:22:56,2026-09-25 01:22:56.956
2026-09-25 01:22:51,AAAS211,0101,Shane Walsh,120,120,0,2026-09-25 01:22:57,2026-09-25 01:22:57.271
2026-09-25 01:22:51,AAAS234,0101,Instructor: TBA,30,30,0,2026-09-25 01:22:57,2026-09-25 01:22:57.583
2026-09-25 01:22:51,AAAS255,0101,Leigh Soares,40,40,0,2026-09-25 01:22:57,2026-09-25 01:22:57.910
2026-09-25 01:22:51,AAAS265,0101,Ashley Newby,40,40,0,2026-09-25 01:22:58,2026-09-25 01:22:58.244
2026-09-25 01:22:51,AAAS320,0101,Cecily Jackson,25,25,0,2026-09-25 01:22:58,2026-09-25 01:22:58.564
2026-09-25 01:22:51,AAAS320,0201,Cecily Jackson,25,25,0,2026-09-25 01:22:58,2026-09-25 01:22:58.564
2026-09-25 01:22:51,AAAS386,0101,Marshal Washington,10,10,0,2026-09-25 01:22:58,2026-09-25 01:22:58.874
2026-09-25 01:22:51,AAAS398G,0101,Chinyere Osuji,20,20,0,2026-09-25 01:22:59,2026-09-25 01:22:59.193
2026-09-25 01:22:51,AAAS398U,0101,John Drabinski,25,25,0,2026-09-25 01:22:59,2026-09-25 01:22:59.521
2026-09-25 01:22:51,AAAS400,0101,George Kintiba,20,20,0,2026-09-25 01:22:59,2026-09-25 01:22:59.836
2026-09-25 01:22:51,AAAS400H,0101,George Kintiba,5,5,0,2026-09-25 01:23:00,2026-09-25 01:23:00.276
2026-09-25 01:22:51,AAAS490,0101,Paul Landau,18,18,0,2026-09-25 01:23:00,2026-09-25 01:23:00.617
2026-09-25 01:22:51,AAAS498X,0101,Terrill Taylor,40,40,0,2026-09-25 01:23:00,2026-09-25 01:23:00.933
2026-09-25 01:22:51,AAST200,0101,Jennifer Cho,34,34,0,2026-09-25 01:23:02,2026-09-25 01:23:02.687
2026-09-25 01:22:51,AAST201,0101,Madeline Hsu,40,40,0,2026-09-25 01:23:02,2026-09-25 01:23:02.989
2026-09-25 01:22:51,AAST250,0101,Jennifer Cho,30,30,0,2026-09-25 01:23:03,2026-09-25 01:23:03.312
2026-09-25 01:22:51,AAST262,0101,Derek Iwamoto,60,60,0,2026-09-25 01:23:03,2026-09-25 01:23:03.643
2026-09-25 01:22:51,AAST322,0101,Julie Park,30,30,0,2026-09-25 01:23:03,2026-09-25 01:23:03.951
2026-09-25 01:22:51,AAST350,0101,Binod Paudyal,25,25,0,2026-09-25 01:23:04,2026-09-25 01:23:04.288
2026-09-25 01:22:51,AAST351,0101,Binod Paudyal,34,34,0,2026-09-25 01:23:04,2026-09-25 01:23:04.632
2026-09-25 01:22:51,AAST363,0101,Gemirald Daus,35,35,0,2026-09-25 01:23:04,2026-09-25 01:23:04.980
2026-09-25 01:22:51,AAST378,0101,Janelle Wong,2,2,0,2026-09-25 01:23:05,2026-09-25 01:23:05.324
2026-09-25 01:22:51,AAST394,0101,Wenxi Yang,25,25,0,2026-09-25 01:23:05,2026-09-25 01:23:05.943
2026-09-25 01:22:51,AAST398A,0101,Michelle Magalong,20,20,0,2026-09-25 01:23:06,2026-09-25 01:23:06.275
2026-09-25 01:22:51,AAST398B,0101,Chris Eng,25,25,0,2026-09-25 01:23:06,2026-09-25 01:23:06.587
2026-09-25 01:22:51,AAST421,0101,Philip Nash,20,20,0,2026-09-25 01:23:06,2026-09-25 01:23:06.897
2026-09-25 01:22:51,AAST422,0101,Jennifer Cho,18,18,0,2026-09-25 01:23:07,2026-09-25 01:23:07.243
2026-09-25 01:22:51,AAST443,0101,Janelle Wong,27,27,0,2026-09-25 01:23:07,2026-09-25 01:23:07.583
2026-09-25 01:22:51,ABRM450,0101,Ashley Newby,10,10,0,2026-09-25 01:23:09,2026-09-25 01:23:09.137
2026-09-25 01:22:51,AGNR301,0101,Thomas Hilde,150,150,0,2026-09-25 01:23:10,2026-09-25 01:23:10.677
2026-09-25 01:22:51,AGNR388,0101,Instructor: TBA,20,20,0,2026-09-25 01:23:11,2026-09-25 01:23:11.007
2026-09-25 01:22:51,AIME498B,0101,Kevin McGarry,30,30,0,2026-09-25 01:23:19,2026-09-25 01:23:19.618
2026-09-25 01:22:51,ARAB101,0101,Samah Al-salami,15,15,0,2026-09-25 01:24:08,2026-09-25 01:24:08.755
2026-09-25 01:22:51,ARAB101,0201,Ahmed Hanafy,15,15,0,2026-09-25 01:24:08,2026-09-25 01:24:08.755
2026-09-25 01:22:51,ARAB102,0101,Samah Al-salami,15,15,0,2026-09-25 01:24:09,2026-09-25 01:24:09.066
2026-09-25 01:22:51,ARAB102,0201,Samah Al-salami,15,15,0,2026-09-25 01:24:09,2026-09-25 01:24:09.066
2026-09-25 01:22:51,ARAB201,0101,Lutf Alkebsi,15,15,0,2026-09-25 01:24:09,2026-09-25 01:24:09.394
2026-09-25 01:22:51,ARAB202,0101,Lutf Alkebsi,15,15,0,2026-09-25 01:24:09,2026-09-25 01:24:09.704
2026-09-25 01:22:51,ARAB202,0201,Lutf Alkebsi,15,15,0,2026-09-25 01:24:09,2026-09-25 01:24:09.704
2026-09-25 01:22:51,ARAB222,0101,Ahmed Hanafy,15,15,0,2026-09-25 01:24:10,2026-09-25 01:24:10.035
2026-09-25 01:22:51,ARAB250,0101,Anny Gaul,15,15,0,2026-09-25 01:24:10,2026-09-25 01:24:10.336
2026-09-25 01:22:51,ARAB302,0101,Ahmed Hanafy,15,15,0,2026-09-25 01:24:10,2026-09-25 01:24:10.646
2026-09-25 01:22:51,ARAB317,0101,Anny Gaul,15,15,0,2026-09-25 01:24:10,2026-09-25 01:24:10.947
2026-09-25 01:22:51,ARAB398W,0101,Lutf Alkebsi,15,15,0,2026-09-25 01:24:11,2026-09-25 01:24:11.564
2026-09-25 01:22:51,ARAB499X,0101,Samah Al-salami,15,15,0,2026-09-25 01:24:12,2026-09-25 01:24:12.192
2026-09-25 01:22:51,ARCH170,0101,Lindsey May,100,100,0,2026-09-25 01:24:13,2026-09-25 01:24:13.902
2026-09-25 01:22:51,ARCH200,0101,Michael Abrams,21,21,0,2026-09-25 01:24:14,2026-09-25 01:24:14.225
2026-09-25 01:22:51,ARCH200,0102,Michael Abrams,21,21,0,2026-09-25 01:24:14,2026-09-25 01:24:14.225
2026-09-25 01:22:51,ARCH200,0103,Michael Abrams,21,21,0,2026-09-25 01:24:14,2026-09-25 01:24:14.225
2026-09-25 01:22:51,ARCH200,0104,Michael Abrams,21,21,0,2026-09-25 01:24:14,2026-09-25 01:24:14.225
2026-09-25 01:22:51,ARCH200,0105,Michael Abrams,21,21,0,2026-09-25 01:24:14,2026-09-25 01:24:14.225
2026-09-25 01:22:51,ARCH200,0106,Michael Abrams,21,21,0,2026-09-25 01:24:14,2026-09-25 01:24:14.225
2026-09-25 01:22:51,ARCH225,0101,Joseph Williams,125,125,0,2026-09-25 01:24:14,2026-09-25 01:24:14.554
2026-09-25 01:22:51,ARCH271,0101,Wayne Ricardo Curtis,75,75,0,2026-09-25 01:24:14,2026-09-25 01:24:14.902
2026-09-25 01:22:51,ARCH271,0102,Wayne Ricardo Curtis,75,75,0,2026-09-25 01:24:14,2026-09-25 01:24:14.902
2026-09-25 01:22:51,ARCH386,0101,Kristen Stack,10,10,0,2026-09-25 01:24:15,2026-09-25 01:24:15.236
2026-09-25 01:22:51,ARCH400,0101,Kenneth Filler,75,75,0,2026-09-25 01:24:15,2026-09-25 01:24:15.536
2026-09-25 01:22:51,ARCH400,0201,Marcus Cross,60,60,0,2026-09-25 01:24:15,2026-09-25 01:24:15.536
2026-09-25 01:22:51,ARCH402,0101,Taejun James Kim,75,75,0,2026-09-25 01:24:15,2026-09-25 01:24:15.846
2026-09-25 01:22:51,ARCH405,0101,Brittany L Williams,14,14,0,2026-09-25 01:24:16,2026-09-25 01:24:16.179
2026-09-25 01:22:51,ARCH407,0101,Georgeanne Matthews,12,12,0,2026-09-25 01:24:16,2026-09-25 01:24:16.506
2026-09-25 01:22:51,ARCH408A,0101,Daniel Curry,5,5,0,2026-09-25 01:24:16,2026-09-25 01:24:16.833
2026-09-25 01:22:51,ARCH408C,0101,Edgar Alvarado,5,5,0,2026-09-25 01:24:17,2026-09-25 01:24:17.141
2026-09-25 01:22:51,ARCH418D,0101,Hooman Koliji,30,30,0,2026-09-25 01:24:17,2026-09-25 01:24:17.467
2026-09-25 01:22:51,ARCH418G,0101,Deokoh Woo,16,16,0,2026-09-25 01:24:17,2026-09-25 01:24:17.781
2026-09-25 01:22:51,ARCH418I,0101,Michael Kleiss,16,16,0,2026-09-25 01:24:18,2026-09-25 01:24:18.096
2026-09-25 01:22:51,ARCH420,0101,Caroline Hickman,30,30,0,2026-09-25 01:24:18,2026-09-25 01:24:18.459
2026-09-25 01:22:51,ARCH423,0101,Joseph Williams,30,30,0,2026-09-25 01:24:18,2026-09-25 01:24:18.790
2026-09-25 01:22:51,ARCH425,0101,Joseph Williams,10,10,0,2026-09-25 01:24:19,2026-09-25 01:24:19.157
2026-09-25 01:22:51,ARCH428F,0101,Matthew Bell,20,20,0,2026-09-25 01:24:19,2026-09-25 01:24:19.473
2026-09-25 01:22:51,ARCH428K,0101,Michele Lamprakos,26,26,0,2026-09-25 01:24:19,2026-09-25 01:24:19.796
2026-09-25 01:22:51,ARCH445,0101,Daniel Curry,15,15,0,2026-09-25 01:24:20,2026-09-25 01:24:20.109
2026-09-25 01:22:51,ARCH463,0101,Deokoh Woo,150,150,0,2026-09-25 01:24:20,2026-09-25 01:24:20.443
2026-09-25 01:22:51,ARCH465,0101,Michael Kleiss,80,80,0,2026-09-25 01:24:20,2026-09-25 01:24:20.762
2026-09-25 01:22:51,ARCH468I,0101,Hooman Koliji,26,26,0,2026-09-25 01:24:21,2026-09-25 01:24:21.071
2026-09-25 01:22:51,ARCH468P,0101,Hooman Koliji,26,26,0,2026-09-25 01:24:21,2026-09-25 01:24:21.540
2026-09-25 01:22:51,ARCH472,0101,Kiley Wilfong Cullen,24,24,0,2026-09-25 01:24:21,2026-09-25 01:24:21.955
2026-09-25 01:22:51,ARCH478L,0101,Michele Lamprakos,10,10,0,2026-09-25 01:24:22,2026-09-25 01:24:22.294
2026-09-25 01:22:51,ARCH478O,0101,Stefan Woehlke,20,20,0,2026-09-25 01:24:22,2026-09-25 01:24:22.616
2026-09-25 01:22:51,ARCH601,0101,Peter Noonan,20,20,0,2026-09-25 01:24:22,2026-09-25 01:24:22.945
2026-09-25 01:22:51,ARCH618G,0101,Deokoh Woo,4,4,0,2026-09-25 01:24:23,2026-09-25 01:24:23.258
2026-09-25 01:22:51,ARCH618I,0101,Michael Kleiss,4,4,0,2026-09-25 01:24:23,2026-09-25 01:24:23.590
2026-09-25 01:22:51,ARCH628K,0101,Michele Lamprakos,4,4,0,2026-09-25 01:24:23,2026-09-25 01:24:23.895
2026-09-25 01:22:51,ARCH635,0101,Matthew Bell,15,15,0,2026-09-25 01:24:24,2026-09-25 01:24:24.218
2026-09-25 01:22:51,ARCH654,0101,Anatole Tchikine,35,35,0,2026-09-25 01:24:24,2026-09-25 01:24:24.570
2026-09-25 01:22:51,ARCH658I,0101,Sonja Ewing,15,15,0,2026-09-25 01:24:24,2026-09-25 01:24:24.875
2026-09-25 01:22:51,ARCH668I,0101,Hooman Koliji,4,4,0,2026-09-25 01:24:25,2026-09-25 01:24:25.222
2026-09-25 01:22:51,ARCH668P,0101,Hooman Koliji,4,4,0,2026-09-25 01:24:25,2026-09-25 01:24:25.541
2026-09-25 01:22:51,ARCH678L,0101,Michele Lamprakos,10,10,0,2026-09-25 01:24:25,2026-09-25 01:24:25.844
2026-09-25 01:22:51,ARCH678O,0101,Stefan Woehlke,5,5,0,2026-09-25 01:24:26,2026-09-25 01:24:26.191
2026-09-25 01:22:51,ARCH797,0101,Hooman Koliji,15,15,0,2026-09-25 01:24:26,2026-09-25 01:24:26.520
2026-09-25 01:22:51,ARMY105,0101,Andrew Bischoff,60,60,0,2026-09-25 01:24:44,2026-09-25 01:24:44.499
2026-09-25 01:22:51,ARMY105,0102,Andrew Bischoff,60,60,0,2026-09-25 01:24:44,2026-09-25 01:24:44.500
2026-09-25 01:22:51,ARMY110,0101,Andrew Bischoff,40,40,0,2026-09-25 01:24:44,2026-09-25 01:24:44.827
2026-09-25 01:22:51,ARMY202,0102,Andrew Bischoff,60,60,0,2026-09-25 01:24:45,2026-09-25 01:24:45.157
2026-09-25 01:22:51,ARMY302,0101,Andrew Bischoff,40,40,0,2026-09-25 01:24:45,2026-09-25 01:24:45.465
2026-09-25 01:22:51,ARMY402,0101,Andrew Bischoff,30,30,0,2026-09-25 01:24:45,2026-09-25 01:24:45.814
2026-09-25 01:22:51,ARMY402,0102,Andrew Bischoff,100,100,0,2026-09-25 01:24:45,2026-09-25 01:24:45.814
2026-09-25 01:22:51,ARSC059,0101,Kathryn Love,250,250,0,2026-09-25 01:24:47,2026-09-25 01:24:47.467
2026-09-25 01:22:51,ARSC101,0101,Alan Snyder,50,50,0,2026-09-25 01:24:47,2026-09-25 01:24:47.808
2026-09-25 01:22:51,ARSC101,0102,Alan Snyder,65,65,0,2026-09-25 01:24:47,2026-09-25 01:24:47.808
2026-09-25 01:22:51,ARSC101,0103,Alan Snyder,40,40,0,2026-09-25 01:24:47,2026-09-25 01:24:47.808
2026-09-25 01:22:51,ARSC101,0104,Alan Snyder,10,10,0,2026-09-25 01:24:47,2026-09-25 01:24:47.808
2026-09-25 01:22:51,ARSC201,0101,Nathan Rabe,65,65,0,2026-09-25 01:24:48,2026-09-25 01:24:48.150
2026-09-25 01:22:51,ARSC201,0102,Kathleen West,40,40,0,2026-09-25 01:24:48,2026-09-25 01:24:48.150
2026-09-25 01:22:51,ARSC201,0103,Kathleen West,40,40,0,2026-09-25 01:24:48,2026-09-25 01:24:48.151
2026-09-25 01:22:51,ARSC301,0101,Kathryn Love,45,45,0,2026-09-25 01:24:48,2026-09-25 01:24:48.462
2026-09-25 01:22:51,ARSC301,0102,Kathryn Love,20,20,0,2026-09-25 01:24:48,2026-09-25 01:24:48.462
2026-09-25 01:22:51,ARSC401,0101,Joseph Herwatic,30,30,0,2026-09-25 01:24:48,2026-09-25 01:24:48.787
2026-09-25 01:22:51,ARSC401,0102,Joseph Herwatic,15,15,0,2026-09-25 01:24:48,2026-09-25 01:24:48.788
2026-09-25 01:22:51,BIOM301,0101,Christine Hakenkamp,28,28,0,2026-09-25 01:25:50,2026-09-25 01:25:50.832
2026-09-25 01:22:51,BIOM301,0102,Christine Hakenkamp,28,28,0,2026-09-25 01:25:50,2026-09-25 01:25:50.832
2026-09-25 01:22:51,BIOM301,0103,Christine Hakenkamp,28,28,0,2026-09-25 01:25:50,2026-09-25 01:25:50.832
2026-09-25 01:22:51,BIOM301,0104,Christine Hakenkamp,28,28,0,2026-09-25 01:25:50,2026-09-25 01:25:50.832
2026-09-25 01:22:51,BIOM301,0105,Christine Hakenkamp,28,28,0,2026-09-25 01:25:50,2026-09-25 01:25:50.832
2026-09-25 01:22:51,BIOM301,0106,Christine Hakenkamp,28,28,0,2026-09-25 01:25:50,2026-09-25 01:25:50.832
2026-09-25 01:22:51,BIOM301,0107,Christine Hakenkamp,28,28,0,2026-09-25 01:25:50,2026-09-25 01:25:50.833
2026-09-25 01:22:51,BIOM301,0201,Instructor: TBA,28,28,0,2026-09-25 01:25:50,2026-09-25 01:25:50.833
2026-09-25 01:22:51,BIOM602,0101,Jiuzhou Song,28,28,0,2026-09-25 01:25:51,2026-09-25 01:25:51.505
2026-09-25 01:22:51,BMIN210,0101,Darlene Dennison,162,162,0,2026-09-25 01:26:22,2026-09-25 01:26:22.465
2026-09-25 01:22:51,BMIN210,0201,Darlene Dennison,162,162,0,2026-09-25 01:26:22,2026-09-25 01:26:22.466
2026-09-25 01:22:51,BMIN305,0101,Tejwansh Anand,162,162,0,2026-09-25 01:26:22,2026-09-25 01:26:22.806
2026-09-25 01:22:51,BMIN345,0101,Michael Padhi,325,325,0,2026-09-25 01:26:23,2026-09-25 01:26:23.112
2026-09-25 01:22:51,BMIN355,0101,Idil Yaveroglu,162,162,0,2026-09-25 01:26:23,2026-09-25 01:26:23.418
2026-09-25 01:22:51,BMIN355,0201,Idil Yaveroglu,162,162,0,2026-09-25 01:26:23,2026-09-25 01:26:23.419
2026-09-25 01:22:51,BMIN375,0101,Leland Gardner,162,162,0,2026-09-25 01:26:23,2026-09-25 01:26:23.762
2026-09-25 01:22:51,BMIN395,0101,Nima Farshchi,162,162,0,2026-09-25 01:26:24,2026-09-25 01:26:24.092
2026-09-25 01:22:51,BMIN395,0201,Nima Farshchi,162,162,0,2026-09-25 01:26:24,2026-09-25 01:26:24.093
2026-09-25 01:22:51,BSCI103,1100,Instructor: TBA,24,24,0,2026-09-25 01:26:27,2026-09-25 01:26:28.013
2026-09-25 01:22:51,BSCI103,1101,Instructor: TBA,24,24,0,2026-09-25 01:26:27,2026-09-25 01:26:28.013
2026-09-25 01:22:51,BSCI103,1103,Instructor: TBA,24,24,0,2026-09-25 01:26:27,2026-09-25 01:26:28.013
2026-09-25 01:22:51,BSCI103,1105,Instructor: TBA,24,24,0,2026-09-25 01:26:27,2026-09-25 01:26:28.013
2026-09-25 01:22:51,BSCI103,1107,Instructor: TBA,24,24,0,2026-09-25 01:26:27,2026-09-25 01:26:28.013
2026-09-25 01:22:51,BSCI103,1108,Instructor: TBA,24,24,0,2026-09-25 01:26:27,2026-09-25 01:26:28.014
2026-09-25 01:22:51,BSCI103,1109,Instructor: TBA,24,24,0,2026-09-25 01:26:27,2026-09-25 01:26:28.014
2026-09-25 01:22:51,BSCI103,1110,Instructor: TBA,24,24,0,2026-09-25 01:26:27,2026-09-25 01:26:28.014
2026-09-25 01:22:51,BSCI103M,0101,Instructor: TBA,24,24,0,2026-09-25 01:26:28,2026-09-25 01:26:28.333
2026-09-25 01:22:51,BSCI120,0101,Dennis vanEngelsdorp,21,21,0,2026-09-25 01:26:28,2026-09-25 01:26:28.644
2026-09-25 01:22:51,BSCI120,0102,Dennis vanEngelsdorp,21,21,0,2026-09-25 01:26:28,2026-09-25 01:26:28.644
2026-09-25 01:22:51,BSCI135,1101,Edgar Moctezuma,24,24,0,2026-09-25 01:26:28,2026-09-25 01:26:28.982
2026-09-25 01:22:51,BSCI135,1102,Edgar Moctezuma,24,24,0,2026-09-25 01:26:28,2026-09-25 01:26:28.982
2026-09-25 01:22:51,BSCI135,1103,Edgar Moctezuma,24,24,0,2026-09-25 01:26:28,2026-09-25 01:26:28.982
2026-09-25 01:22:51,BSCI135,1104,Edgar Moctezuma,24,24,0,2026-09-25 01:26:28,2026-09-25 01:26:28.982
2026-09-25 01:22:51,BSCI135,1105,Edgar Moctezuma,24,24,0,2026-09-25 01:26:28,2026-09-25 01:26:28.982
2026-09-25 01:22:51,BSCI160,6101,Leo Shapiro,104,104,0,2026-09-25 01:26:29,2026-09-25 01:26:29.288
2026-09-25 01:22:51,BSCI160,6301,Chloe Garfinkel,56,56,0,2026-09-25 01:26:29,2026-09-25 01:26:29.288
2026-09-25 01:22:51,BSCI160,6601,Vadim Karatayev,88,88,0,2026-09-25 01:26:29,2026-09-25 01:26:29.288
2026-09-25 01:22:51,BSCI160,SES1,Chloe Garfinkel,15,15,0,2026-09-25 01:26:29,2026-09-25 01:26:29.289
2026-09-25 01:22:51,BSCI170,0101,Cordelia Weiss,153,153,0,2026-09-25 01:26:29,2026-09-25 01:26:29.616
2026-09-25 01:22:51,BSCI170,0201,Nicholas Fletcher,153,153,0,2026-09-25 01:26:29,2026-09-25 01:26:29.617
2026-09-25 01:22:51,BSCI170,0301,Ricardo Araneda,152,152,0,2026-09-25 01:26:29,2026-09-25 01:26:29.617
2026-09-25 01:22:51,BSCI170,0401,Swarna Mohan,153,153,0,2026-09-25 01:26:29,2026-09-25 01:26:29.617
2026-09-25 01:22:51,BSCI170,0501,Ji Young Choi,120,120,0,2026-09-25 01:26:29,2026-09-25 01:26:29.617
2026-09-25 01:22:51,BSCI170,0701,Ji Young Choi,153,153,0,2026-09-25 01:26:29,2026-09-25 01:26:29.617
2026-09-25 01:22:51,BSCI170,SES1,James Sniezek,20,20,0,2026-09-25 01:26:29,2026-09-25 01:26:29.617
2026-09-25 01:22:51,BSCI180,8105,Hans Lemke,19,19,0,2026-09-25 01:26:29,2026-09-25 01:26:30.122
2026-09-25 01:22:51,BSCI180,8106,Hans Lemke,19,19,0,2026-09-25 01:26:29,2026-09-25 01:26:30.122
2026-09-25 01:22:51,BSCI180,8107,Hans Lemke,19,19,0,2026-09-25 01:26:29,2026-09-25 01:26:30.122
2026-09-25 01:22:51,BSCI180,8108,Hans Lemke,19,19,0,2026-09-25 01:26:29,2026-09-25 01:26:30.122
2026-09-25 01:22:51,BSCI180,8109,Hans Lemke,19,19,0,2026-09-25 01:26:29,2026-09-25 01:26:30.122
2026-09-25 01:22:51,BSCI180,8110,Hans Lemke,19,19,0,2026-09-25 01:26:29,2026-09-25 01:26:30.123
2026-09-25 01:22:51,BSCI180,8111,Hans Lemke,19,19,0,2026-09-25 01:26:29,2026-09-25 01:26:30.123
2026-09-25 01:22:51,BSCI180,8112,Hans Lemke,19,19,0,2026-09-25 01:26:29,2026-09-25 01:26:30.123
2026-09-25 01:22:51,BSCI180,8113,Hans Lemke,19,19,0,2026-09-25 01:26:29,2026-09-25 01:26:30.123
2026-09-25 01:22:51,BSCI180,8114,Hans Lemke,19,19,0,2026-09-25 01:26:29,2026-09-25 01:26:30.123
2026-09-25 01:22:51,BSCI180,8201,Hans Lemke,19,19,0,2026-09-25 01:26:29,2026-09-25 01:26:30.123
2026-09-25 01:22:51,BSCI180,8202,Hans Lemke,19,19,0,2026-09-25 01:26:29,2026-09-25 01:26:30.123
2026-09-25 01:22:51,BSCI180,8205,Hans Lemke,19,19,0,2026-09-25 01:26:29,2026-09-25 01:26:30.124
2026-09-25 01:22:51,BSCI180,8206,Hans Lemke,19,19,0,2026-09-25 01:26:29,2026-09-25 01:26:30.124
2026-09-25 01:22:51,BSCI180,8207,Hans Lemke,19,19,0,2026-09-25 01:26:29,2026-09-25 01:26:30.124
2026-09-25 01:22:51,BSCI180,8208,Hans Lemke,19,19,0,2026-09-25 01:26:29,2026-09-25 01:26:30.124
2026-09-25 01:22:51,BSCI180,8209,Hans Lemke,19,19,0,2026-09-25 01:26:29,2026-09-25 01:26:30.124
2026-09-25 01:22:51,BSCI180,8210,Hans Lemke,19,19,0,2026-09-25 01:26:29,2026-09-25 01:26:30.124
2026-09-25 01:22:51,BSCI180,8211,Hans Lemke,19,19,0,2026-09-25 01:26:29,2026-09-25 01:26:30.124
2026-09-25 01:22:51,BSCI180,8212,Hans Lemke,19,19,0,2026-09-25 01:26:29,2026-09-25 01:26:30.125
2026-09-25 01:22:51,BSCI180,8213,Hans Lemke,19,19,0,2026-09-25 01:26:29,2026-09-25 01:26:30.125
2026-09-25 01:22:51,BSCI180,8214,Hans Lemke,19,19,0,2026-09-25 01:26:29,2026-09-25 01:26:30.125
2026-09-25 01:22:51,BSCI180,8301,Hans Lemke,19,19,0,2026-09-25 01:26:29,2026-09-25 01:26:30.125
2026-09-25 01:22:51,BSCI180,8302,Hans Lemke,19,19,0,2026-09-25 01:26:29,2026-09-25 01:26:30.125
2026-09-25 01:22:51,BSCI180,8305,Hans Lemke,19,19,0,2026-09-25 01:26:29,2026-09-25 01:26:30.125
2026-09-25 01:22:51,BSCI180,8306,Hans Lemke,19,19,0,2026-09-25 01:26:29,2026-09-25 01:26:30.125
2026-09-25 01:22:51,BSCI180,8307,Hans Lemke,19,19,0,2026-09-25 01:26:29,2026-09-25 01:26:30.126
2026-09-25 01:22:51,BSCI180,8308,Hans Lemke,19,19,0,2026-09-25 01:26:29,2026-09-25 01:26:30.126
2026-09-25 01:22:51,BSCI180,8309,Hans Lemke,19,19,0,2026-09-25 01:26:29,2026-09-25 01:26:30.126
2026-09-25 01:22:51,BSCI180,8310,Hans Lemke,19,19,0,2026-09-25 01:26:29,2026-09-25 01:26:30.126
2026-09-25 01:22:51,BSCI180,8311,Hans Lemke,19,19,0,2026-09-25 01:26:29,2026-09-25 01:26:30.126
2026-09-25 01:22:51,BSCI180,8312,Hans Lemke,19,19,0,2026-09-25 01:26:29,2026-09-25 01:26:30.126
2026-09-25 01:22:51,BSCI180,8313,Hans Lemke,19,19,0,2026-09-25 01:26:29,2026-09-25 01:26:30.126
2026-09-25 01:22:51,BSCI180,8314,Hans Lemke,19,19,0,2026-09-25 01:26:29,2026-09-25 01:26:30.126
2026-09-25 01:22:51,BSCI180,8401,Hans Lemke,19,19,0,2026-09-25 01:26:29,2026-09-25 01:26:30.127
2026-09-25 01:22:51,BSCI180,8402,Hans Lemke,19,19,0,2026-09-25 01:26:29,2026-09-25 01:26:30.127
2026-09-25 01:22:51,BSCI180,8405,Hans Lemke,19,19,0,2026-09-25 01:26:29,2026-09-25 01:26:30.127
2026-09-25 01:22:51,BSCI180,8406,Hans Lemke,19,19,0,2026-09-25 01:26:29,2026-09-25 01:26:30.127
2026-09-25 01:22:51,BSCI180,8407,Hans Lemke,19,19,0,2026-09-25 01:26:29,2026-09-25 01:26:30.127
2026-09-25 01:22:51,BSCI180,8408,Hans Lemke,19,19,0,2026-09-25 01:26:29,2026-09-25 01:26:30.127
2026-09-25 01:22:51,BSCI180,8409,Hans Lemke,19,19,0,2026-09-25 01:26:29,2026-09-25 01:26:30.127
2026-09-25 01:22:51,BSCI180,8410,Hans Lemke,19,19,0,2026-09-25 01:26:29,2026-09-25 01:26:30.128
2026-09-25 01:22:51,BSCI180,8411,Hans Lemke,19,19,0,2026-09-25 01:26:29,2026-09-25 01:26:30.128
2026-09-25 01:22:51,BSCI180,8412,Hans Lemke,19,19,0,2026-09-25 01:26:29,2026-09-25 01:26:30.128
2026-09-25 01:22:51,BSCI180,8413,Hans Lemke,19,19,0,2026-09-25 01:26:29,2026-09-25 01:26:30.128
2026-09-25 01:22:51,BSCI180,8414,Hans Lemke,19,19,0,2026-09-25 01:26:29,2026-09-25 01:26:30.128
2026-09-25 01:22:51,BSCI180,SEF2,Hans Lemke,19,19,0,2026-09-25 01:26:29,2026-09-25 01:26:30.128
2026-09-25 01:22:51,BSCI180,SES1,Hans Lemke,19,19,0,2026-09-25 01:26:29,2026-09-25 01:26:30.128
2026-09-25 01:22:51,BSCI201,0101,Caitlin Fox,24,24,0,2026-09-25 01:26:30,2026-09-25 01:26:30.494
2026-09-25 01:22:51,BSCI201,0103,Caitlin Fox,24,24,0,2026-09-25 01:26:30,2026-09-25 01:26:30.494
2026-09-25 01:22:51,BSCI201,0105,Caitlin Fox,24,24,0,2026-09-25 01:26:30,2026-09-25 01:26:30.494
2026-09-25 01:22:51,BSCI201,0106,Caitlin Fox,24,24,0,2026-09-25 01:26:30,2026-09-25 01:26:30.495
2026-09-25 01:22:51,BSCI201,0107,Caitlin Fox,24,24,0,2026-09-25 01:26:30,2026-09-25 01:26:30.495
2026-09-25 01:22:51,BSCI201,0109,Maira Goytia,24,24,0,2026-09-25 01:26:30,2026-09-25 01:26:30.495
2026-09-25 01:22:51,BSCI201,0110,Caitlin Fox,24,24,0,2026-09-25 01:26:30,2026-09-25 01:26:30.495
2026-09-25 01:22:51,BSCI201,0111,Caitlin Fox,24,24,0,2026-09-25 01:26:30,2026-09-25 01:26:30.495
2026-09-25 01:22:51,BSCI201,1101,Justicia Opoku-Edusei,24,24,0,2026-09-25 01:26:30,2026-09-25 01:26:30.495
2026-09-25 01:22:51,BSCI201,1103,Justicia Opoku-Edusei,24,24,0,2026-09-25 01:26:30,2026-09-25 01:26:30.495
2026-09-25 01:22:51,BSCI201,1104,Justicia Opoku-Edusei,24,24,0,2026-09-25 01:26:30,2026-09-25 01:26:30.495
2026-09-25 01:22:51,BSCI201,1105,Caitlin Fox,24,24,0,2026-09-25 01:26:30,2026-09-25 01:26:30.496
2026-09-25 01:22:51,BSCI201,1106,Caitlin Fox,24,24,0,2026-09-25 01:26:30,2026-09-25 01:26:30.496
2026-09-25 01:22:51,BSCI201,1108,Caitlin Fox,24,24,0,2026-09-25 01:26:30,2026-09-25 01:26:30.496
2026-09-25 01:22:51,BSCI201,1109,Justicia Opoku-Edusei,24,24,0,2026-09-25 01:26:30,2026-09-25 01:26:30.496
2026-09-25 01:22:51,BSCI201,1110,Justicia Opoku-Edusei,24,24,0,2026-09-25 01:26:30,2026-09-25 01:26:30.496
2026-09-25 01:22:51,BSCI202,0101,Caitlin Fox,24,24,0,2026-09-25 01:26:30,2026-09-25 01:26:30.838
2026-09-25 01:22:51,BSCI202,0102,Caitlin Fox,24,24,0,2026-09-25 01:26:30,2026-09-25 01:26:30.838
2026-09-25 01:22:51,BSCI202,0104,Caitlin Fox,24,24,0,2026-09-25 01:26:30,2026-09-25 01:26:30.838
2026-09-25 01:22:51,BSCI202,0108,Caitlin Fox,24,24,0,2026-09-25 01:26:30,2026-09-25 01:26:30.838
2026-09-25 01:22:51,BSCI202,0109,Maira Goytia,24,24,0,2026-09-25 01:26:30,2026-09-25 01:26:30.839
2026-09-25 01:22:51,BSCI202,0110,Caitlin Fox,24,24,0,2026-09-25 01:26:30,2026-09-25 01:26:30.839
2026-09-25 01:22:51,BSCI202,1101,Justicia Opoku-Edusei,24,24,0,2026-09-25 01:26:30,2026-09-25 01:26:30.839
2026-09-25 01:22:51,BSCI202,1103,Justicia Opoku-Edusei,24,24,0,2026-09-25 01:26:30,2026-09-25 01:26:30.839
2026-09-25 01:22:51,BSCI202,1104,Justicia Opoku-Edusei,24,24,0,2026-09-25 01:26:30,2026-09-25 01:26:30.839
2026-09-25 01:22:51,BSCI202,1106,Justicia Opoku-Edusei,24,24,0,2026-09-25 01:26:30,2026-09-25 01:26:30.839
2026-09-25 01:22:51,BSCI202,1107,Justicia Opoku-Edusei,24,24,0,2026-09-25 01:26:30,2026-09-25 01:26:30.839
2026-09-25 01:22:51,BSCI202,1108,Justicia Opoku-Edusei,24,24,0,2026-09-25 01:26:30,2026-09-25 01:26:30.840
2026-09-25 01:22:51,BSCI202,SES1,Edward Orlando,20,20,0,2026-09-25 01:26:30,2026-09-25 01:26:30.840
2026-09-25 01:22:51,BSCI207,0101,Karen Carleton,80,80,0,2026-09-25 01:26:31,2026-09-25 01:26:31.160
2026-09-25 01:22:51,BSCI207,0201,Chloe Garfinkel,80,80,0,2026-09-25 01:26:31,2026-09-25 01:26:31.160
2026-09-25 01:22:51,BSCI213,0101,Cordelia Weiss,20,20,0,2026-09-25 01:26:31,2026-09-25 01:26:31.468
2026-09-25 01:22:51,BSCI213,0102,Cordelia Weiss,20,20,0,2026-09-25 01:26:31,2026-09-25 01:26:31.468
2026-09-25 01:22:51,BSCI222,7106,Thomas Kocher,18,18,0,2026-09-25 01:26:31,2026-09-25 01:26:31.875
2026-09-25 01:22:51,BSCI222,7108,Thomas Kocher,18,18,0,2026-09-25 01:26:31,2026-09-25 01:26:31.875
2026-09-25 01:22:51,BSCI222,7110,Thomas Kocher,18,18,0,2026-09-25 01:26:31,2026-09-25 01:26:31.875
2026-09-25 01:22:51,BSCI222,7112,Thomas Kocher,18,18,0,2026-09-25 01:26:31,2026-09-25 01:26:31.876
2026-09-25 01:22:51,BSCI222,7114,Thomas Kocher,18,18,0,2026-09-25 01:26:31,2026-09-25 01:26:31.876
2026-09-25 01:22:51,BSCI222,7116,Thomas Kocher,18,18,0,2026-09-25 01:26:31,2026-09-25 01:26:31.876
2026-09-25 01:22:51,BSCI222,7118,Thomas Kocher,18,18,0,2026-09-25 01:26:31,2026-09-25 01:26:31.876
2026-09-25 01:22:51,BSCI222,7120,Thomas Kocher,18,18,0,2026-09-25 01:26:31,2026-09-25 01:26:31.876
2026-09-25 01:22:51,BSCI222,7130,Thomas Kocher,18,18,0,2026-09-25 01:26:31,2026-09-25 01:26:31.876
2026-09-25 01:22:51,BSCI222,7133,Thomas Kocher,18,18,0,2026-09-25 01:26:31,2026-09-25 01:26:31.876
2026-09-25 01:22:51,BSCI222,7214,Michael Keller,18,18,0,2026-09-25 01:26:31,2026-09-25 01:26:31.877
2026-09-25 01:22:51,BSCI222,7216,Michael Keller,18,18,0,2026-09-25 01:26:31,2026-09-25 01:26:31.877
2026-09-25 01:22:51,BSCI222,7218,Michael Keller,18,18,0,2026-09-25 01:26:31,2026-09-25 01:26:31.877
2026-09-25 01:22:51,BSCI222,7219,Michael Keller,18,18,0,2026-09-25 01:26:31,2026-09-25 01:26:31.877
2026-09-25 01:22:51,BSCI222,7220,Michael Keller,18,18,0,2026-09-25 01:26:31,2026-09-25 01:26:31.877
2026-09-25 01:22:51,BSCI222,7221,Michael Keller,18,18,0,2026-09-25 01:26:31,2026-09-25 01:26:31.877
2026-09-25 01:22:51,BSCI222,7222,Michael Keller,18,18,0,2026-09-25 01:26:31,2026-09-25 01:26:31.877
2026-09-25 01:22:51,BSCI222,7224,Michael Keller,18,18,0,2026-09-25 01:26:31,2026-09-25 01:26:31.878
2026-09-25 01:22:51,BSCI222,7226,Michael Keller,18,18,0,2026-09-25 01:26:31,2026-09-25 01:26:31.878
2026-09-25 01:22:51,BSCI222,7232,Michael Keller,18,18,0,2026-09-25 01:26:31,2026-09-25 01:26:31.878
2026-09-25 01:22:51,BSCI222,7234,Michael Keller,18,18,0,2026-09-25 01:26:31,2026-09-25 01:26:31.878
2026-09-25 01:22:51,BSCI222,7236,Michael Keller,18,18,0,2026-09-25 01:26:31,2026-09-25 01:26:31.878
2026-09-25 01:22:51,BSCI222,7310,Maria Colt,18,18,0,2026-09-25 01:26:31,2026-09-25 01:26:31.878
2026-09-25 01:22:51,BSCI222,7311,Maria Colt,18,18,0,2026-09-25 01:26:31,2026-09-25 01:26:31.878
2026-09-25 01:22:51,BSCI222,7312,Maria Colt,18,18,0,2026-09-25 01:26:31,2026-09-25 01:26:31.879
2026-09-25 01:22:51,BSCI222,7313,Maria Colt,18,18,0,2026-09-25 01:26:31,2026-09-25 01:26:31.879
2026-09-25 01:22:51,BSCI222,7315,Maria Colt,18,18,0,2026-09-25 01:26:31,2026-09-25 01:26:31.879
2026-09-25 01:22:51,BSCI222,7320,Maria Colt,18,18,0,2026-09-25 01:26:31,2026-09-25 01:26:31.879
2026-09-25 01:22:51,BSCI222,7325,Maria Colt,18,18,0,2026-09-25 01:26:31,2026-09-25 01:26:31.879
2026-09-25 01:22:51,BSCI222,7330,Maria Colt,18,18,0,2026-09-25 01:26:31,2026-09-25 01:26:31.879
2026-09-25 01:22:51,BSCI222,7332,Maria Colt,18,18,0,2026-09-25 01:26:31,2026-09-25 01:26:31.879
2026-09-25 01:22:51,BSCI222,7335,Maria Colt,18,18,0,2026-09-25 01:26:31,2026-09-25 01:26:31.880
2026-09-25 01:22:51,BSCI222,SES1,Maria Colt,23,23,0,2026-09-25 01:26:31,2026-09-25 01:26:31.880
2026-09-25 01:22:51,BSCI223,1021,John Buchner,16,16,0,2026-09-25 01:26:32,2026-09-25 01:26:32.594
2026-09-25 01:22:51,BSCI223,1025,John Buchner,16,16,0,2026-09-25 01:26:32,2026-09-25 01:26:32.594
2026-09-25 01:22:51,BSCI223,1026,John Buchner,16,16,0,2026-09-25 01:26:32,2026-09-25 01:26:32.595
2026-09-25 01:22:51,BSCI223,1101,John Buchner,16,16,0,2026-09-25 01:26:32,2026-09-25 01:26:32.595
2026-09-25 01:22:51,BSCI223,1105,John Buchner,16,16,0,2026-09-25 01:26:32,2026-09-25 01:26:32.595
2026-09-25 01:22:51,BSCI223,1106,John Buchner,16,16,0,2026-09-25 01:26:32,2026-09-25 01:26:32.595
2026-09-25 01:22:51,BSCI223,1121,John Buchner,16,16,0,2026-09-25 01:26:32,2026-09-25 01:26:32.595
2026-09-25 01:22:51,BSCI223,1125,John Buchner,16,16,0,2026-09-25 01:26:32,2026-09-25 01:26:32.595
2026-09-25 01:22:51,BSCI223,1126,John Buchner,16,16,0,2026-09-25 01:26:32,2026-09-25 01:26:32.595
2026-09-25 01:22:51,BSCI223,1201,John Buchner,16,16,0,2026-09-25 01:26:32,2026-09-25 01:26:32.596
2026-09-25 01:22:51,BSCI223,1206,John Buchner,16,16,0,2026-09-25 01:26:32,2026-09-25 01:26:32.596
2026-09-25 01:22:51,BSCI223,1221,John Buchner,16,16,0,2026-09-25 01:26:32,2026-09-25 01:26:32.596
2026-09-25 01:22:51,BSCI223,1225,John Buchner,16,16,0,2026-09-25 01:26:32,2026-09-25 01:26:32.596
2026-09-25 01:22:51,BSCI223,1226,John Buchner,16,16,0,2026-09-25 01:26:32,2026-09-25 01:26:32.596
2026-09-25 01:22:51,BSCI223,1301,John Buchner,16,16,0,2026-09-25 01:26:32,2026-09-25 01:26:32.596
2026-09-25 01:22:51,BSCI223,1306,John Buchner,16,16,0,2026-09-25 01:26:32,2026-09-25 01:26:32.596
2026-09-25 01:22:51,BSCI223,2401,John Buchner,16,16,0,2026-09-25 01:26:32,2026-09-25 01:26:32.597
2026-09-25 01:22:51,BSCI223,2406,John Buchner,16,16,0,2026-09-25 01:26:32,2026-09-25 01:26:32.597
2026-09-25 01:22:51,BSCI223,SES1,Cherisse Hall,20,20,0,2026-09-25 01:26:32,2026-09-25 01:26:32.597
2026-09-25 01:22:51,BSCI238I,0101,Aditri Gadigi,30,30,0,2026-09-25 01:26:32,2026-09-25 01:26:32.935
2026-09-25 01:22:51,BSCI258A,0101,Nicholas Fletcher,10,10,0,2026-09-25 01:26:33,2026-09-25 01:26:33.269
2026-09-25 01:22:51,BSCI258B,0101,Nicholas Fletcher,80,80,0,2026-09-25 01:26:33,2026-09-25 01:26:33.596
2026-09-25 01:22:51,BSCI279B,0101,Katerina Thompson,32,32,0,2026-09-25 01:26:34,2026-09-25 01:26:34.398
2026-09-25 01:22:51,BSCI279B,0102,Katerina Thompson,32,32,0,2026-09-25 01:26:34,2026-09-25 01:26:34.398
2026-09-25 01:22:51,BSCI279Q,0101,Daniel Butts,10,10,0,2026-09-25 01:26:35,2026-09-25 01:26:35.040
2026-09-25 01:22:51,BSCI283,1205,Kevin McIver,20,20,0,2026-09-25 01:26:36,2026-09-25 01:26:36.149
2026-09-25 01:22:51,BSCI283,1305,Daniel Stein,20,20,0,2026-09-25 01:26:36,2026-09-25 01:26:36.150
2026-09-25 01:22:51,BSCI329,1016,Hilary Bierman,5,5,0,2026-09-25 01:26:36,2026-09-25 01:26:36.470
2026-09-25 01:22:51,BSCI329,1028,Daniel Butts,10,10,0,2026-09-25 01:26:36,2026-09-25 01:26:36.470
2026-09-25 01:22:51,BSCI329,1033,Chan Lin,10,10,0,2026-09-25 01:26:36,2026-09-25 01:26:36.470
2026-09-25 01:22:51,BSCI329,1250,Justicia Opoku-Edusei,20,20,0,2026-09-25 01:26:36,2026-09-25 01:26:36.470
2026-09-25 01:22:51,BSCI329,1388,Corine Van der Weele,8,8,0,2026-09-25 01:26:36,2026-09-25 01:26:36.470
2026-09-25 01:22:51,BSCI329,ESG1,Hadiya Woodham,10,10,0,2026-09-25 01:26:36,2026-09-25 01:26:36.470
2026-09-25 01:22:51,BSCI331,0101,Kenneth Frauwirth,200,200,0,2026-09-25 01:26:36,2026-09-25 01:26:36.794
2026-09-25 01:22:51,BSCI331,0201,Kenneth Frauwirth,200,200,0,2026-09-25 01:26:36,2026-09-25 01:26:36.794
2026-09-25 01:22:51,BSCI332,0102,Corine Van der Weele,23,23,0,2026-09-25 01:26:37,2026-09-25 01:26:37.113
2026-09-25 01:22:51,BSCI332,0104,Corine Van der Weele,23,23,0,2026-09-25 01:26:37,2026-09-25 01:26:37.113
2026-09-25 01:22:51,BSCI332,0106,Corine Van der Weele,23,23,0,2026-09-25 01:26:37,2026-09-25 01:26:37.113
2026-09-25 01:22:51,BSCI332,0107,Corine Van der Weele,23,23,0,2026-09-25 01:26:37,2026-09-25 01:26:37.113
2026-09-25 01:22:51,BSCI332,0111,Corine Van der Weele,23,23,0,2026-09-25 01:26:37,2026-09-25 01:26:37.113
2026-09-25 01:22:51,BSCI332,1103,Corine Van der Weele,23,23,0,2026-09-25 01:26:37,2026-09-25 01:26:37.114
2026-09-25 01:22:51,BSCI332,1105,Corine Van der Weele,23,23,0,2026-09-25 01:26:37,2026-09-25 01:26:37.114
2026-09-25 01:22:51,BSCI332,1108,Corine Van der Weele,23,23,0,2026-09-25 01:26:37,2026-09-25 01:26:37.114
2026-09-25 01:22:51,BSCI332,1109,Corine Van der Weele,23,23,0,2026-09-25 01:26:37,2026-09-25 01:26:37.114
2026-09-25 01:22:51,BSCI332,1111,Corine Van der Weele,23,23,0,2026-09-25 01:26:37,2026-09-25 01:26:37.114
2026-09-25 01:22:51,BSCI332,1113,Corine Van der Weele,23,23,0,2026-09-25 01:26:37,2026-09-25 01:26:37.114
2026-09-25 01:22:51,BSCI334,0101,Katerina Thompson,60,60,0,2026-09-25 01:26:37,2026-09-25 01:26:37.427
2026-09-25 01:22:51,BSCI335,0101,Katerina Thompson,20,20,0,2026-09-25 01:26:37,2026-09-25 01:26:37.776
2026-09-25 01:22:51,BSCI335,0102,Katerina Thompson,20,20,0,2026-09-25 01:26:37,2026-09-25 01:26:37.776
2026-09-25 01:22:51,BSCI337,0101,Leo Shapiro,20,20,0,2026-09-25 01:26:38,2026-09-25 01:26:38.084
2026-09-25 01:22:51,BSCI337,0102,Leo Shapiro,20,20,0,2026-09-25 01:26:38,2026-09-25 01:26:38.084
2026-09-25 01:22:51,BSCI343,ESG1,Hadiya Woodham,30,30,0,2026-09-25 01:26:38,2026-09-25 01:26:38.721
2026-09-25 01:22:51,BSCI348A,0101,John Buchner,22,22,0,2026-09-25 01:26:39,2026-09-25 01:26:39.392
2026-09-25 01:22:51,BSCI348B,SES1,Erik Lontok,20,20,0,2026-09-25 01:26:39,2026-09-25 01:26:39.728
2026-09-25 01:22:51,BSCI348I,SES1,Erik Lontok,25,25,0,2026-09-25 01:26:40,2026-09-25 01:26:40.064
2026-09-25 01:22:51,BSCI348R,0101,Najib El-Sayed,10,10,0,2026-09-25 01:26:40,2026-09-25 01:26:40.373
2026-09-25 01:22:51,BSCI353,0101,Chan Lin,64,64,0,2026-09-25 01:26:40,2026-09-25 01:26:40.711
2026-09-25 01:22:51,BSCI353,0102,Melissa Caras,40,40,0,2026-09-25 01:26:40,2026-09-25 01:26:40.711
2026-09-25 01:22:51,BSCI353,ESG1,Vitaly Stepensky,40,40,0,2026-09-25 01:26:40,2026-09-25 01:26:40.711
2026-09-25 01:22:51,BSCI358A,ESG1,Vitaly Stepensky,30,30,0,2026-09-25 01:26:41,2026-09-25 01:26:41.035
2026-09-25 01:22:51,BSCI358B,ESG1,Gregory Simon,30,30,0,2026-09-25 01:26:41,2026-09-25 01:26:41.373
2026-09-25 01:22:51,BSCI361,0101,Daniel Gruner,25,25,0,2026-09-25 01:26:41,2026-09-25 01:26:41.693
2026-09-25 01:22:51,BSCI361,0102,Daniel Gruner,25,25,0,2026-09-25 01:26:41,2026-09-25 01:26:41.693
2026-09-25 01:22:51,BSCI370,0101,Alexandra Bely,64,64,0,2026-09-25 01:26:42,2026-09-25 01:26:42.037
2026-09-25 01:22:51,BSCI378H,0101,Kenneth Frauwirth,23,23,0,2026-09-25 01:26:42,2026-09-25 01:26:42.377
2026-09-25 01:22:51,BSCI398H,0101,Alexandra Bely,35,35,0,2026-09-25 01:26:44,2026-09-25 01:26:44.613
2026-09-25 01:22:51,BSCI401,0101,Gerald Wilkinson,39,39,0,2026-09-25 01:26:45,2026-09-25 01:26:45.842
2026-09-25 01:22:51,BSCI406,0101,Sergei Sukharev,20,20,0,2026-09-25 01:26:46,2026-09-25 01:26:46.167
2026-09-25 01:22:51,BSCI410,0101,Charles Seller,140,140,0,2026-09-25 01:26:46,2026-09-25 01:26:46.487
2026-09-25 01:22:51,BSCI412,0101,Erin Tran,18,18,0,2026-09-25 01:26:46,2026-09-25 01:26:46.827
2026-09-25 01:22:51,BSCI412,0103,Wade Winkler,18,18,0,2026-09-25 01:26:46,2026-09-25 01:26:46.827
2026-09-25 01:22:51,BSCI414,ESG1,Caitlin Fox,24,24,0,2026-09-25 01:26:47,2026-09-25 01:26:47.126
2026-09-25 01:22:51,BSCI416,0101,Silvia Bolland,42,42,0,2026-09-25 01:26:47,2026-09-25 01:26:47.454
2026-09-25 01:22:51,BSCI417,0101,Vincent Lee,30,30,0,2026-09-25 01:26:47,2026-09-25 01:26:47.786
2026-09-25 01:22:51,BSCI420,0101,Sougata Roy,62,62,0,2026-09-25 01:26:48,2026-09-25 01:26:48.094
2026-09-25 01:22:51,BSCI422,0101,Kenneth Frauwirth,25,25,0,2026-09-25 01:26:48,2026-09-25 01:26:48.434
2026-09-25 01:22:51,BSCI422,0102,Kenneth Frauwirth,25,25,0,2026-09-25 01:26:48,2026-09-25 01:26:48.434
2026-09-25 01:22:51,BSCI422,0103,David Mosser,25,25,0,2026-09-25 01:26:48,2026-09-25 01:26:48.434
2026-09-25 01:22:51,BSCI422,0104,David Mosser,25,25,0,2026-09-25 01:26:48,2026-09-25 01:26:48.435
2026-09-25 01:22:51,BSCI423,0101,Wenxia Song,18,18,0,2026-09-25 01:26:48,2026-09-25 01:26:48.784
2026-09-25 01:22:51,BSCI423,0102,Wenxia Song,18,18,0,2026-09-25 01:26:48,2026-09-25 01:26:48.784
2026-09-25 01:22:51,BSCI425,0101,Kan Cao,20,20,0,2026-09-25 01:26:49,2026-09-25 01:26:49.135
2026-09-25 01:22:51,BSCI430,0101,Eric Haag,35,35,0,2026-09-25 01:26:49,2026-09-25 01:26:49.464
2026-09-25 01:22:51,BSCI433,0101,Jeff Maltas,30,30,0,2026-09-25 01:26:49,2026-09-25 01:26:49.795
2026-09-25 01:22:51,BSCI435,0101,Tapan Goel,18,18,0,2026-09-25 01:26:50,2026-09-25 01:26:50.138
2026-09-25 01:22:51,BSCI436,0101,Jonathan Dinman,60,60,0,2026-09-25 01:26:50,2026-09-25 01:26:50.475
2026-09-25 01:22:51,BSCI437,0101,Jeffrey DeStefano,70,70,0,2026-09-25 01:26:50,2026-09-25 01:26:50.792
2026-09-25 01:22:51,BSCI437,ESG1,Gilad Ofek,40,40,0,2026-09-25 01:26:50,2026-09-25 01:26:50.793
2026-09-25 01:22:51,BSCI437H,0101,Jeffrey DeStefano,8,8,0,2026-09-25 01:26:51,2026-09-25 01:26:51.133
2026-09-25 01:22:51,BSCI439B,ESG1,Maira Goytia,40,40,0,2026-09-25 01:26:51,2026-09-25 01:26:51.434
2026-09-25 01:22:51,BSCI439E,0101,Beatrice Kondo,5,5,0,2026-09-25 01:26:51,2026-09-25 01:26:51.735
2026-09-25 01:22:51,BSCI439G,0101,Beatrice Kondo,5,5,0,2026-09-25 01:26:52,2026-09-25 01:26:52.054
2026-09-25 01:22:51,BSCI439L,0101,Instructor: TBA,5,5,0,2026-09-25 01:26:52,2026-09-25 01:26:52.375
2026-09-25 01:22:51,BSCI442,0101,Daniel Rodriguez Leal,20,20,0,2026-09-25 01:26:52,2026-09-25 01:26:52.720
2026-09-25 01:22:51,BSCI442,0102,Jose Feijo,20,20,0,2026-09-25 01:26:52,2026-09-25 01:26:52.720
2026-09-25 01:22:51,BSCI450,0101,Juan Angueyra,130,130,0,2026-09-25 01:26:53,2026-09-25 01:26:53.053
2026-09-25 01:22:51,BSCI450,0201,Joshua Singer,120,120,0,2026-09-25 01:26:53,2026-09-25 01:26:53.054
2026-09-25 01:22:51,BSCI450,PDS1,William Higgins,20,20,0,2026-09-25 01:26:53,2026-09-25 01:26:53.054
2026-09-25 01:22:51,BSCI451,0101,Corine Van der Weele,20,20,0,2026-09-25 01:26:53,2026-09-25 01:26:53.395
2026-09-25 01:22:51,BSCI451,0102,Corine Van der Weele,20,20,0,2026-09-25 01:26:53,2026-09-25 01:26:53.395
2026-09-25 01:22:51,BSCI451,0103,Corine Van der Weele,20,20,0,2026-09-25 01:26:53,2026-09-25 01:26:53.395
2026-09-25 01:22:51,BSCI451,0104,Corine Van der Weele,20,20,0,2026-09-25 01:26:53,2026-09-25 01:26:53.395
2026-09-25 01:22:51,BSCI452,0101,Chan Lin,40,40,0,2026-09-25 01:26:53,2026-09-25 01:26:53.734
2026-09-25 01:22:51,BSCI452,SES1,Chan Lin,20,20,0,2026-09-25 01:26:53,2026-09-25 01:26:53.734
2026-09-25 01:22:51,BSCI453,0101,Nikolas Francis,38,38,0,2026-09-25 01:26:54,2026-09-25 01:26:54.076
2026-09-25 01:22:51,BSCI455,0101,Hilary Bierman,16,16,0,2026-09-25 01:26:54,2026-09-25 01:26:54.414
2026-09-25 01:22:51,BSCI455,0102,Hilary Bierman,16,16,0,2026-09-25 01:26:54,2026-09-25 01:26:54.414
2026-09-25 01:22:51,BSCI455,0103,Hilary Bierman,16,16,0,2026-09-25 01:26:54,2026-09-25 01:26:54.415
2026-09-25 01:22:51,BSCI456,0101,Colenso Speer,5,5,0,2026-09-25 01:26:54,2026-09-25 01:26:54.739
2026-09-25 01:22:51,BSCI477,0101,Emily Bruns,40,40,0,2026-09-25 01:26:55,2026-09-25 01:26:55.068
2026-09-25 01:22:51,BSCI487,0101,Kelly Hamby,24,24,0,2026-09-25 01:26:55,2026-09-25 01:26:55.390
2026-09-25 01:22:51,BSOS355,0101,Liza Lebrun,40,40,0,2026-09-25 01:26:56,2026-09-25 01:26:56.967
2026-09-25 01:22:51,BSOS361,0101,TC Lloyd,30,30,0,2026-09-25 01:26:57,2026-09-25 01:26:57.274
2026-09-25 01:22:51,BSOS361,0102,TC Lloyd,30,30,0,2026-09-25 01:26:57,2026-09-25 01:26:57.274
2026-09-25 01:22:51,BSOS448M,0101,Brandee Pettus,12,12,0,2026-09-25 01:26:57,2026-09-25 01:26:57.599
2026-09-25 01:22:51,BUMO600,0501,Sheetal Singh,52,52,0,2026-09-25 01:27:18,2026-09-25 01:27:18.023
2026-09-25 01:22:51,BUMO604,0501,Jon Crocker,0,0,0,2026-09-25 01:27:18,2026-09-25 01:27:18.334
2026-09-25 01:22:51,BUMO614,0501,Waverly Ding,58,58,0,2026-09-25 01:27:18,2026-09-25 01:27:18.663
2026-09-25 01:22:51,BUMO701,0501,Jason Choi,65,65,0,2026-09-25 01:27:19,2026-09-25 01:27:19.017
2026-09-25 01:22:51,BUMO703,0501,Mary Beth Furst,65,65,0,2026-09-25 01:27:19,2026-09-25 01:27:19.339
2026-09-25 01:22:51,BUMO711,0501,Sheetal Singh,65,65,0,2026-09-25 01:27:19,2026-09-25 01:27:19.670
2026-09-25 01:22:51,BUMO714,0501,Rellie Rozin,0,0,0,2026-09-25 01:27:19,2026-09-25 01:27:19.986
2026-09-25 01:22:51,BUMO723,0501,Stephen Sclafani,58,58,0,2026-09-25 01:27:20,2026-09-25 01:27:20.296
2026-09-25 01:22:51,BUMO724,0501,Stephen Sclafani,58,58,0,2026-09-25 01:27:20,2026-09-25 01:27:20.600
2026-09-25 01:22:51,BUMO726,0501,Stephen Sclafani,58,58,0,2026-09-25 01:27:20,2026-09-25 01:27:20.907
2026-09-25 01:22:51,BUMO731,0501,Balaji Padmanabhan,58,58,0,2026-09-25 01:27:21,2026-09-25 01:27:21.215
2026-09-25 01:22:51,BUMO733,0501,Balaji Padmanabhan,58,58,0,2026-09-25 01:27:21,2026-09-25 01:27:21.521
2026-09-25 01:22:51,BUMO758P,0501,Jon Crocker,37,37,0,2026-09-25 01:27:21,2026-09-25 01:27:21.853
2026-09-25 01:22:51,BUMO780,0501,Jennifer Marr,37,37,0,2026-09-25 01:27:22,2026-09-25 01:27:22.522
2026-09-25 01:22:51,BUMO780,0502,Jennifer Marr,37,37,0,2026-09-25 01:27:22,2026-09-25 01:27:22.522
2026-09-25 01:22:51,BUMO782,0501,Mike Hoffmeyer,40,40,0,2026-09-25 01:27:22,2026-09-25 01:27:22.854
2026-09-25 01:22:51,BUMO785,0501,Maria Bustamante,65,65,0,2026-09-25 01:27:23,2026-09-25 01:27:23.179
2026-09-25 01:22:51,BUMO790,0501,Roy Thomason,65,65,0,2026-09-25 01:27:23,2026-09-25 01:27:23.510
2026-09-25 01:22:51,BUMO790,0502,Roy Thomason,65,65,0,2026-09-25 01:27:23,2026-09-25 01:27:23.510
2026-09-25 01:22:51,BUMO791,0501,Roy Thomason,65,65,0,2026-09-25 01:27:23,2026-09-25 01:27:23.826
2026-09-25 01:22:51,BUMO791,0502,Roy Thomason,65,65,0,2026-09-25 01:27:23,2026-09-25 01:27:23.827
2026-09-25 01:22:51,CHIN100,0101,Yuli Wang,15,15,0,2026-09-25 01:28:11,2026-09-25 01:28:11.662
2026-09-25 01:22:51,CHIN121,0101,Mei Kong,15,15,0,2026-09-25 01:28:11,2026-09-25 01:28:11.984
2026-09-25 01:22:51,CHIN122,0101,Mei Kong,15,15,0,2026-09-25 01:28:12,2026-09-25 01:28:12.313
2026-09-25 01:22:51,CHIN122,0201,Mei Kong,15,15,0,2026-09-25 01:28:12,2026-09-25 01:28:12.313
2026-09-25 01:22:51,CHIN122,0301,Guiling Hu,15,15,0,2026-09-25 01:28:12,2026-09-25 01:28:12.313
2026-09-25 01:22:51,CHIN207,0101,Guiling Hu,15,15,0,2026-09-25 01:28:12,2026-09-25 01:28:12.615
2026-09-25 01:22:51,CHIN207,0201,Guiling Hu,15,15,0,2026-09-25 01:28:12,2026-09-25 01:28:12.615
2026-09-25 01:22:51,CHIN302,0101,Jungjung Lee,15,15,0,2026-09-25 01:28:12,2026-09-25 01:28:12.912
2026-09-25 01:22:51,CHIN302,0201,Jungjung Lee,15,15,0,2026-09-25 01:28:12,2026-09-25 01:28:12.912
2026-09-25 01:22:51,CHIN307,0101,Minglang Zhou,25,25,0,2026-09-25 01:28:13,2026-09-25 01:28:13.230
2026-09-25 01:22:51,CHIN315,0101,Mei Nan,25,25,0,2026-09-25 01:28:13,2026-09-25 01:28:13.579
2026-09-25 01:22:51,CHIN332,0101,Yuli Wang,15,15,0,2026-09-25 01:28:13,2026-09-25 01:28:13.907
2026-09-25 01:22:51,CHIN402,0101,Jungjung Lee,15,15,0,2026-09-25 01:28:14,2026-09-25 01:28:14.523
2026-09-25 01:22:51,CHIN415,0101,Jungjung Lee,15,15,0,2026-09-25 01:28:14,2026-09-25 01:28:14.838
2026-09-25 01:22:51,CHIN418O,0101,Mei Nan,25,25,0,2026-09-25 01:28:15,2026-09-25 01:28:15.139
2026-09-25 01:22:51,CHIN441,0101,Andrew Schonebaum,20,20,0,2026-09-25 01:28:15,2026-09-25 01:28:15.468
2026-09-25 01:22:51,CHSE205,0101,Yewon Lee,60,60,0,2026-09-25 01:28:19,2026-09-25 01:28:19.456
2026-09-25 01:22:51,CHSE205,0201,Katryna Andrusik,50,50,0,2026-09-25 01:28:19,2026-09-25 01:28:19.456
2026-09-25 01:22:51,CHSE228D,0101,Nikita Kimani,16,16,0,2026-09-25 01:28:19,2026-09-25 01:28:19.778
2026-09-25 01:22:51,CHSE376,0101,Michael Dunham,20,20,0,2026-09-25 01:28:20,2026-09-25 01:28:20.085
2026-09-25 01:22:51,CHSE376,0201,Elizabeth Martinez,20,20,0,2026-09-25 01:28:20,2026-09-25 01:28:20.085
2026-09-25 01:22:51,CHSE376,0301,Colleen McGilpin,20,20,0,2026-09-25 01:28:20,2026-09-25 01:28:20.085
2026-09-25 01:22:51,CHSE376,0401,Chanai Brewster,15,15,0,2026-09-25 01:28:20,2026-09-25 01:28:20.085
2026-09-25 01:22:51,CHSE376,0501,Michael Dunham,15,15,0,2026-09-25 01:28:20,2026-09-25 01:28:20.085
2026-09-25 01:22:51,CHSE476,0101,Michael Dunham,20,20,0,2026-09-25 01:28:20,2026-09-25 01:28:20.741
2026-09-25 01:22:51,CHSE477,0101,Michael Dunham,18,18,0,2026-09-25 01:28:21,2026-09-25 01:28:21.044
2026-09-25 01:22:51,CHSE480,0101,Michael Dunham,18,18,0,2026-09-25 01:28:21,2026-09-25 01:28:21.406
2026-09-25 01:22:51,CHSE489,1901,Amy D'Agati,10,10,0,2026-09-25 01:28:21,2026-09-25 01:28:21.714
2026-09-25 01:22:51,CINE245,0201,Instructor: TBA,27,27,0,2026-09-25 01:28:23,2026-09-25 01:28:23.712
2026-09-25 01:22:51,CINE245,0301,Instructor: TBA,27,27,0,2026-09-25 01:28:23,2026-09-25 01:28:23.712
2026-09-25 01:22:51,CINE280,0101,Eric Zakim,25,25,0,2026-09-25 01:28:24,2026-09-25 01:28:24.060
2026-09-25 01:22:51,CINE280,0102,Eric Zakim,25,25,0,2026-09-25 01:28:24,2026-09-25 01:28:24.060
2026-09-25 01:22:51,CINE280,0103,Eric Zakim,25,25,0,2026-09-25 01:28:24,2026-09-25 01:28:24.060
2026-09-25 01:22:51,CINE280,0104,Eric Zakim,25,25,0,2026-09-25 01:28:24,2026-09-25 01:28:24.061
2026-09-25 01:22:51,CINE282,0101,Susan Pramschufer,35,35,0,2026-09-25 01:28:24,2026-09-25 01:28:24.402
2026-09-25 01:22:51,CINE298B,0101,Sean Pue,20,20,0,2026-09-25 01:28:24,2026-09-25 01:28:24.703
2026-09-25 01:22:51,CINE302,0101,Luka Arsenjuk,30,30,0,2026-09-25 01:28:25,2026-09-25 01:28:25.044
2026-09-25 01:22:51,CINE310,0101,Nathaniel Stevens,15,15,0,2026-09-25 01:28:25,2026-09-25 01:28:25.485
2026-09-25 01:22:51,CINE319A,0101,Instructor: TBA,20,20,0,2026-09-25 01:28:25,2026-09-25 01:28:25.794
2026-09-25 01:22:51,CINE319I,0101,Yael Inbar,15,15,0,2026-09-25 01:28:26,2026-09-25 01:28:26.123
2026-09-25 01:22:51,CINE319P,5501,Samuel Crawford,10,10,0,2026-09-25 01:28:26,2026-09-25 01:28:26.452
2026-09-25 01:22:51,CINE329E,0101,Elizabeth Papazian,25,25,0,2026-09-25 01:28:26,2026-09-25 01:28:26.806
2026-09-25 01:22:51,CINE329N,0101,Daniel Richter,25,25,0,2026-09-25 01:28:27,2026-09-25 01:28:27.118
2026-09-25 01:22:51,CINE329Z,0101,Daniel Richter,25,25,0,2026-09-25 01:28:27,2026-09-25 01:28:27.444
2026-09-25 01:22:51,CINE335,0101,Jason Kuo,25,25,0,2026-09-25 01:28:27,2026-09-25 01:28:27.741
2026-09-25 01:22:51,CINE369C,0101,Mauro Resmini,40,40,0,2026-09-25 01:28:28,2026-09-25 01:28:28.039
2026-09-25 01:22:51,CINE369F,0101,Alexis Lothian,30,30,0,2026-09-25 01:28:28,2026-09-25 01:28:28.361
2026-09-25 01:22:51,CINE369K,0101,Instructor: TBA,20,20,0,2026-09-25 01:28:28,2026-09-25 01:28:28.690
2026-09-25 01:22:51,CINE376,0101,Ross Angelella,14,14,0,2026-09-25 01:28:29,2026-09-25 01:28:29.043
2026-09-25 01:22:51,CINE376,0102,Ross Angelella,5,5,0,2026-09-25 01:28:29,2026-09-25 01:28:29.043
2026-09-25 01:22:51,CINE419E,0101,Stephanie Sapienza,15,15,0,2026-09-25 01:28:29,2026-09-25 01:28:29.679
2026-09-25 01:22:51,CINE429O,0101,Mei Nan,25,25,0,2026-09-25 01:28:29,2026-09-25 01:28:29.989
2026-09-25 01:22:51,CINE459C,0101,Saverio Giovacchini,54,54,0,2026-09-25 01:28:30,2026-09-25 01:28:30.311
2026-09-25 01:22:51,CINE469Y,0101,Jason Kuo,14,14,0,2026-09-25 01:28:30,2026-09-25 01:28:30.618
2026-09-25 01:22:51,CLAS170,0101,Katherine Wasdin,21,21,0,2026-09-25 01:28:32,2026-09-25 01:28:32.537
2026-09-25 01:22:51,CLAS170,0102,Katherine Wasdin,21,21,0,2026-09-25 01:28:32,2026-09-25 01:28:32.537
2026-09-25 01:22:51,CLAS170,0103,Katherine Wasdin,21,21,0,2026-09-25 01:28:32,2026-09-25 01:28:32.537
2026-09-25 01:22:51,CLAS170,0104,Katherine Wasdin,21,21,0,2026-09-25 01:28:32,2026-09-25 01:28:32.537
2026-09-25 01:22:51,CLAS170,0105,Katherine Wasdin,21,21,0,2026-09-25 01:28:32,2026-09-25 01:28:32.537
2026-09-25 01:22:51,CLAS170,0106,Katherine Wasdin,21,21,0,2026-09-25 01:28:32,2026-09-25 01:28:32.537
2026-09-25 01:22:51,CLAS170,0107,Katherine Wasdin,21,21,0,2026-09-25 01:28:32,2026-09-25 01:28:32.537
2026-09-25 01:22:51,CLAS170,0108,Katherine Wasdin,21,21,0,2026-09-25 01:28:32,2026-09-25 01:28:32.538
2026-09-25 01:22:51,CLAS170,0109,Katherine Wasdin,21,21,0,2026-09-25 01:28:32,2026-09-25 01:28:32.538
2026-09-25 01:22:51,CLAS276,0101,Eric Adler,25,25,0,2026-09-25 01:28:32,2026-09-25 01:28:32.872
2026-09-25 01:22:51,CLAS276,0102,Eric Adler,25,25,0,2026-09-25 01:28:32,2026-09-25 01:28:32.872
2026-09-25 01:22:51,CLAS276,0103,Eric Adler,25,25,0,2026-09-25 01:28:32,2026-09-25 01:28:32.872
2026-09-25 01:22:51,CLAS276,0104,Eric Adler,25,25,0,2026-09-25 01:28:32,2026-09-25 01:28:32.872
2026-09-25 01:22:51,CLAS276,0105,Eric Adler,25,25,0,2026-09-25 01:28:32,2026-09-25 01:28:32.872
2026-09-25 01:22:51,CLAS276,0106,Eric Adler,25,25,0,2026-09-25 01:28:32,2026-09-25 01:28:32.873
2026-09-25 01:22:51,CLAS333,0101,Nathan Levine,35,35,0,2026-09-25 01:28:33,2026-09-25 01:28:33.198
2026-09-25 01:22:51,CLAS340,0101,Katherine Wasdin,35,35,0,2026-09-25 01:28:33,2026-09-25 01:28:33.510
2026-09-25 01:22:51,CMLT235,0101,Instructor: TBA,30,30,0,2026-09-25 01:28:35,2026-09-25 01:28:35.457
2026-09-25 01:22:51,CMLT270,0201,Instructor: TBA,30,30,0,2026-09-25 01:28:35,2026-09-25 01:28:35.767
2026-09-25 01:22:51,CMLT270,0301,Instructor: TBA,30,30,0,2026-09-25 01:28:35,2026-09-25 01:28:35.768
2026-09-25 01:22:51,CMLT275,0101,Instructor: TBA,30,30,0,2026-09-25 01:28:36,2026-09-25 01:28:36.067
2026-09-25 01:22:51,CMLT277,0101,Instructor: TBA,30,30,0,2026-09-25 01:28:36,2026-09-25 01:28:36.381
2026-09-25 01:22:51,CMLT280,0101,Eric Zakim,25,25,0,2026-09-25 01:28:36,2026-09-25 01:28:36.693
2026-09-25 01:22:51,CMLT280,0102,Eric Zakim,25,25,0,2026-09-25 01:28:36,2026-09-25 01:28:36.693
2026-09-25 01:22:51,CMLT280,0103,Eric Zakim,25,25,0,2026-09-25 01:28:36,2026-09-25 01:28:36.693
2026-09-25 01:22:51,CMLT280,0104,Eric Zakim,25,25,0,2026-09-25 01:28:36,2026-09-25 01:28:36.693
2026-09-25 01:22:51,CPBE101,0101,Oliver Schlake,75,75,0,2026-09-25 01:28:59,2026-09-25 01:28:59.197
2026-09-25 01:22:51,CPBE230,0101,Oliver Schlake,30,30,0,2026-09-25 01:28:59,2026-09-25 01:28:59.515
2026-09-25 01:22:51,CPBE240,0101,Oliver Schlake,20,20,0,2026-09-25 01:28:59,2026-09-25 01:28:59.839
2026-09-25 01:22:51,CPBE250,0101,Oliver Schlake,30,30,0,2026-09-25 01:29:00,2026-09-25 01:29:00.152
2026-09-25 01:22:51,CPCV101,0101,Julie Randolph,40,40,0,2026-09-25 01:29:01,2026-09-25 01:29:01.759
2026-09-25 01:22:51,CPCV101,0201,Julie Randolph,40,40,0,2026-09-25 01:29:01,2026-09-25 01:29:01.759
2026-09-25 01:22:51,CPCV230,0101,Korey Rothman,20,20,0,2026-09-25 01:29:02,2026-09-25 01:29:02.152
2026-09-25 01:22:51,CPCV230,0201,Korey Rothman,20,20,0,2026-09-25 01:29:02,2026-09-25 01:29:02.152
2026-09-25 01:22:51,CPDJ101,0101,Jess Feltner,75,75,0,2026-09-25 01:29:03,2026-09-25 01:29:03.821
2026-09-25 01:22:51,CPDJ230,0101,Jess Feltner,10,10,0,2026-09-25 01:29:04,2026-09-25 01:29:04.189
2026-09-25 01:22:51,CPDJ240,0101,Jess Feltner,8,8,0,2026-09-25 01:29:04,2026-09-25 01:29:04.521
2026-09-25 01:22:51,CPDJ250,0101,Jess Feltner,10,10,0,2026-09-25 01:29:04,2026-09-25 01:29:04.856
2026-09-25 01:22:51,CPET101,0101,Dani Moore,78,78,0,2026-09-25 01:29:06,2026-09-25 01:29:06.417
2026-09-25 01:22:51,CPET230,0101,Dani Moore,50,50,0,2026-09-25 01:29:06,2026-09-25 01:29:06.724
2026-09-25 01:22:51,CPET240,0101,Dani Moore,20,20,0,2026-09-25 01:29:07,2026-09-25 01:29:07.047
2026-09-25 01:22:51,CPET250,0101,Dani Moore,15,15,0,2026-09-25 01:29:07,2026-09-25 01:29:07.363
2026-09-25 01:22:51,CPGH101,0101,Angshuman Kashyap,75,75,0,2026-09-25 01:29:08,2026-09-25 01:29:08.932
2026-09-25 01:22:51,CPGH210,0101,Haley Clark,80,80,0,2026-09-25 01:29:09,2026-09-25 01:29:09.252
2026-09-25 01:22:51,CPGH230,0101,John Wiggins,30,30,0,2026-09-25 01:29:09,2026-09-25 01:29:09.559
2026-09-25 01:22:51,CPGH240,0101,John Wiggins,30,30,0,2026-09-25 01:29:09,2026-09-25 01:29:09.854
2026-09-25 01:22:51,CPGH250,0101,John Wiggins,25,25,0,2026-09-25 01:29:10,2026-09-25 01:29:10.175
2026-09-25 01:22:51,CPGH270,0101,John Wiggins,5,5,0,2026-09-25 01:29:10,2026-09-25 01:29:10.512
2026-09-25 01:22:51,CPJT101,0101,Justine DeCamillis,75,75,0,2026-09-25 01:29:12,2026-09-25 01:29:12.104
2026-09-25 01:22:51,CPJT230,0101,Justine DeCamillis,35,35,0,2026-09-25 01:29:12,2026-09-25 01:29:12.427
2026-09-25 01:22:51,CPJT240,0101,Justine DeCamillis,25,25,0,2026-09-25 01:29:12,2026-09-25 01:29:12.760
2026-09-25 01:22:51,CPJT250,0101,Victoria Worley,25,25,0,2026-09-25 01:29:13,2026-09-25 01:29:13.064
2026-09-25 01:22:51,CPMS101,0101,Alison Burns,75,75,0,2026-09-25 01:29:14,2026-09-25 01:29:14.627
2026-09-25 01:22:51,CPMS230,0101,Alison Burns,30,30,0,2026-09-25 01:29:14,2026-09-25 01:29:14.941
2026-09-25 01:22:51,CPMS240,0101,Alison Burns,15,15,0,2026-09-25 01:29:15,2026-09-25 01:29:15.255
2026-09-25 01:22:51,CPPL101,0101,Kelly Brower,75,75,0,2026-09-25 01:29:16,2026-09-25 01:29:16.790
2026-09-25 01:22:51,CPSA101,0101,Heather-Erin Bremenstuhl,75,75,0,2026-09-25 01:29:18,2026-09-25 01:29:18.355
2026-09-25 01:22:51,CPSA149,0101,Harold Burgess,20,20,0,2026-09-25 01:29:18,2026-09-25 01:29:18.678
2026-09-25 01:22:51,CPSA201,0101,Heather-Erin Bremenstuhl,75,75,0,2026-09-25 01:29:19,2026-09-25 01:29:19.022
2026-09-25 01:22:51,CPSA240,0101,Harold Burgess,15,15,0,2026-09-25 01:29:19,2026-09-25 01:29:19.348
2026-09-25 01:22:51,CPSA250,0101,Heather-Erin Bremenstuhl,10,10,0,2026-09-25 01:29:19,2026-09-25 01:29:19.675
2026-09-25 01:22:51,CPSA250,0201,Heather-Erin Bremenstuhl,10,10,0,2026-09-25 01:29:19,2026-09-25 01:29:19.675
2026-09-25 01:22:51,CPSA250,0301,Heather-Erin Bremenstuhl,10,10,0,2026-09-25 01:29:19,2026-09-25 01:29:19.675
2026-09-25 01:22:51,CPSA260,0101,Heather-Erin Bremenstuhl,10,10,0,2026-09-25 01:29:19,2026-09-25 01:29:19.990
2026-09-25 01:22:51,CPSA260,0201,Heather-Erin Bremenstuhl,10,10,0,2026-09-25 01:29:19,2026-09-25 01:29:19.991
2026-09-25 01:22:51,CPSA260,0301,Alexandra Lynch,10,10,0,2026-09-25 01:29:19,2026-09-25 01:29:19.991
2026-09-25 01:22:51,CPSF101,0101,Nicholas Fletcher,75,75,0,2026-09-25 01:29:21,2026-09-25 01:29:21.551
2026-09-25 01:22:51,CPSG101,0101,Thomas Holtz,75,75,0,2026-09-25 01:29:23,2026-09-25 01:29:23.121
2026-09-25 01:22:51,CPSG230,0101,John Merck,50,50,0,2026-09-25 01:29:23,2026-09-25 01:29:23.453
2026-09-25 01:22:51,CPSG240,0101,John Merck,25,25,0,2026-09-25 01:29:23,2026-09-25 01:29:23.791
2026-09-25 01:22:51,CPSG250,0101,John Merck,25,25,0,2026-09-25 01:29:24,2026-09-25 01:29:24.110
2026-09-25 01:22:51,CPSN101,0101,Hansol Kwak,75,75,0,2026-09-25 01:29:25,2026-09-25 01:29:25.684
2026-09-25 01:22:51,CPSN230,0101,Ellin Chung,40,40,0,2026-09-25 01:29:26,2026-09-25 01:29:26.025
2026-09-25 01:22:51,CPSN240,0101,Ellin Chung,15,15,0,2026-09-25 01:29:26,2026-09-25 01:29:26.365
2026-09-25 01:22:51,CPSN250,0101,Hansol Kwak,25,25,0,2026-09-25 01:29:26,2026-09-25 01:29:26.674
2026-09-25 01:22:51,CPSP239A,0101,Heather-Erin Bremenstuhl,10,10,0,2026-09-25 01:29:28,2026-09-25 01:29:28.250
2026-09-25 01:22:51,CPSP259J,0101,Alison Burns,10,10,0,2026-09-25 01:29:28,2026-09-25 01:29:28.567
2026-09-25 01:22:51,CPSP279N,0101,Stacy Kosko,10,10,0,2026-09-25 01:29:28,2026-09-25 01:29:28.886
2026-09-25 01:22:51,CPSP339P,0101,Kelly Brower,15,15,0,2026-09-25 01:29:29,2026-09-25 01:29:29.225
2026-09-25 01:22:51,CPSP359G,0101,John Merck,25,25,0,2026-09-25 01:29:29,2026-09-25 01:29:29.554
2026-09-25 01:22:51,CPSP359S,0101,David Eubanks,24,24,0,2026-09-25 01:29:29,2026-09-25 01:29:29.857
2026-09-25 01:22:51,CPSP369E,0101,Tim Knight,7,7,0,2026-09-25 01:29:30,2026-09-25 01:29:30.168
2026-09-25 01:22:51,CPSP369E,0102,Tim Knight,5,5,0,2026-09-25 01:29:30,2026-09-25 01:29:30.168
2026-09-25 01:22:51,CPSS101,0101,Christine Alexander,75,75,0,2026-09-25 01:29:31,2026-09-25 01:29:31.748
2026-09-25 01:22:51,CPSS225,0101,Roan Parrish,20,20,0,2026-09-25 01:29:32,2026-09-25 01:29:32.053
2026-09-25 01:22:51,CPSS225,0201,Thomas Zeller,20,20,0,2026-09-25 01:29:32,2026-09-25 01:29:32.053
2026-09-25 01:22:51,CPSS240,0101,Timothy Reedy,25,25,0,2026-09-25 01:29:32,2026-09-25 01:29:32.377
2026-09-25 01:22:51,CPSS340,0101,Nicole Mogul,20,20,0,2026-09-25 01:29:32,2026-09-25 01:29:32.720
2026-09-25 01:22:51,DATA100,0111,Matthew Griffin,27,27,0,2026-09-25 01:29:46,2026-09-25 01:29:46.825
2026-09-25 01:22:51,DATA100,0112,Matthew Griffin,27,27,0,2026-09-25 01:29:46,2026-09-25 01:29:46.825
2026-09-25 01:22:51,DATA100,0121,Matthew Griffin,27,27,0,2026-09-25 01:29:46,2026-09-25 01:29:46.825
2026-09-25 01:22:51,DATA100,0122,Matthew Griffin,27,27,0,2026-09-25 01:29:46,2026-09-25 01:29:46.825
2026-09-25 01:22:51,DATA100,0123,Matthew Griffin,27,27,0,2026-09-25 01:29:46,2026-09-25 01:29:46.825
2026-09-25 01:22:51,DATA100,0131,Matthew Griffin,27,27,0,2026-09-25 01:29:46,2026-09-25 01:29:46.826
2026-09-25 01:22:51,DATA100,0211,Matthew Griffin,27,27,0,2026-09-25 01:29:46,2026-09-25 01:29:46.826
2026-09-25 01:22:51,DATA100,0212,Matthew Griffin,27,27,0,2026-09-25 01:29:46,2026-09-25 01:29:46.826
2026-09-25 01:22:51,DATA100,0221,Matthew Griffin,27,27,0,2026-09-25 01:29:46,2026-09-25 01:29:46.826
2026-09-25 01:22:51,DATA100,0222,Matthew Griffin,27,27,0,2026-09-25 01:29:46,2026-09-25 01:29:46.826
2026-09-25 01:22:51,DATA100,0223,Matthew Griffin,27,27,0,2026-09-25 01:29:46,2026-09-25 01:29:46.826
2026-09-25 01:22:51,DATA100,0224,Matthew Griffin,27,27,0,2026-09-25 01:29:46,2026-09-25 01:29:46.827
2026-09-25 01:22:51,DATA100,0231,Matthew Griffin,27,27,0,2026-09-25 01:29:46,2026-09-25 01:29:46.827
2026-09-25 01:22:51,DATA100,0241,Matthew Griffin,27,27,0,2026-09-25 01:29:46,2026-09-25 01:29:46.827
2026-09-25 01:22:51,DATA100,0242,Matthew Griffin,27,27,0,2026-09-25 01:29:46,2026-09-25 01:29:46.827
2026-09-25 01:22:51,DATA100,0311,Jonathan Fernandes,25,25,0,2026-09-25 01:29:46,2026-09-25 01:29:46.827
2026-09-25 01:22:51,DATA100,0312,Jonathan Fernandes,25,25,0,2026-09-25 01:29:46,2026-09-25 01:29:46.827
2026-09-25 01:22:51,DATA100,0321,Jonathan Fernandes,25,25,0,2026-09-25 01:29:46,2026-09-25 01:29:46.827
2026-09-25 01:22:51,DATA100,0322,Jonathan Fernandes,25,25,0,2026-09-25 01:29:46,2026-09-25 01:29:46.828
2026-09-25 01:22:51,DATA100,0323,Jonathan Fernandes,25,25,0,2026-09-25 01:29:46,2026-09-25 01:29:46.828
2026-09-25 01:22:51,DATA110,0101,Susan Mazzullo,310,310,0,2026-09-25 01:29:47,2026-09-25 01:29:47.161
2026-09-25 01:22:51,DATA120,0101,Fardina Alam,200,200,0,2026-09-25 01:29:47,2026-09-25 01:29:47.480
2026-09-25 01:22:51,DATA200,0101,Fardina Alam,90,90,0,2026-09-25 01:29:47,2026-09-25 01:29:47.800
2026-09-25 01:22:51,DATA250,0101,Todd Rowland,30,30,0,2026-09-25 01:29:48,2026-09-25 01:29:48.124
2026-09-25 01:22:51,DATA320,0101,Maksym Morawski,20,20,0,2026-09-25 01:29:48,2026-09-25 01:29:48.465
2026-09-25 01:22:51,DATA320,0201,Fardina Alam,20,20,0,2026-09-25 01:29:48,2026-09-25 01:29:48.465
2026-09-25 01:22:51,DATA320,0301,Anna Evtushenko,12,12,0,2026-09-25 01:29:48,2026-09-25 01:29:48.465
2026-09-25 01:22:51,DATA350,0101,Todd Rowland,30,30,0,2026-09-25 01:29:48,2026-09-25 01:29:48.804
2026-09-25 01:22:51,DATA350,0201,Raluca Rosca,30,30,0,2026-09-25 01:29:48,2026-09-25 01:29:48.804
2026-09-25 01:22:51,DATA400,0111,Archana Khurana,27,27,0,2026-09-25 01:29:49,2026-09-25 01:29:49.140
2026-09-25 01:22:51,DATA400,0121,Archana Khurana,27,27,0,2026-09-25 01:29:49,2026-09-25 01:29:49.140
2026-09-25 01:22:51,DATA400,0131,Archana Khurana,27,27,0,2026-09-25 01:29:49,2026-09-25 01:29:49.140
2026-09-25 01:22:51,DATA400,0211,Salman Safdar,27,27,0,2026-09-25 01:29:49,2026-09-25 01:29:49.140
2026-09-25 01:22:51,DATA400,0311,Shixin Zheng,27,27,0,2026-09-25 01:29:49,2026-09-25 01:29:49.140
2026-09-25 01:22:51,DATA400,0321,Shixin Zheng,27,27,0,2026-09-25 01:29:49,2026-09-25 01:29:49.141
2026-09-25 01:22:51,DATA400,0331,Shixin Zheng,27,27,0,2026-09-25 01:29:49,2026-09-25 01:29:49.141
2026-09-25 01:22:51,DATA400,0411,Mestiyage Gunatilleka,27,27,0,2026-09-25 01:29:49,2026-09-25 01:29:49.141
2026-09-25 01:22:51,DATA400,0421,Mestiyage Gunatilleka,27,27,0,2026-09-25 01:29:49,2026-09-25 01:29:49.141
2026-09-25 01:22:51,DATA400,0431,Mestiyage Gunatilleka,27,27,0,2026-09-25 01:29:49,2026-09-25 01:29:49.141
2026-09-25 01:22:51,EALL361,0101,Instructor: TBA,20,20,0,2026-09-25 01:29:50,2026-09-25 01:29:50.751
2026-09-25 01:22:51,EDDI300,0101,Nicole Mehta,20,20,0,2026-09-25 01:30:06,2026-09-25 01:30:06.755
2026-09-25 01:22:51,EMBA788G,GX01,Judy Frels,31,31,0,2026-09-25 01:30:34,2026-09-25 01:30:34.030
2026-09-25 01:22:51,EMBA788V,GX01,Zhi-Long Chen,31,31,0,2026-09-25 01:30:34,2026-09-25 01:30:34.348
2026-09-25 01:22:51,ENAI603,0101,A Seyed,35,35,0,2026-09-25 01:30:46,2026-09-25 01:30:46.582
2026-09-25 01:22:51,ENAI603,AEC1,A Seyed,20,20,0,2026-09-25 01:30:46,2026-09-25 01:30:46.582
2026-09-25 01:22:51,ENBC312,ESG1,Kyunghun Lee,20,20,0,2026-09-25 01:30:48,2026-09-25 01:30:48.196
2026-09-25 01:22:51,ENBC321,ESG1,Jamasp Azarnoosh,20,20,0,2026-09-25 01:30:48,2026-09-25 01:30:48.501
2026-09-25 01:22:51,ENBC342,ESG1,Lan Ma,20,20,0,2026-09-25 01:30:48,2026-09-25 01:30:48.824
2026-09-25 01:22:51,ENBC351,ESG1,Jarred Callura,20,20,0,2026-09-25 01:30:49,2026-09-25 01:30:49.127
2026-09-25 01:22:51,ENBC352,ESG1,Jarred Callura,20,20,0,2026-09-25 01:30:49,2026-09-25 01:30:49.456
2026-09-25 01:22:51,ENBC403,ESG1,Jamasp Azarnoosh,20,20,0,2026-09-25 01:30:49,2026-09-25 01:30:49.772
2026-09-25 01:22:51,ENBC441,ESG1,Lan Ma,20,20,0,2026-09-25 01:30:50,2026-09-25 01:30:50.077
2026-09-25 01:22:51,ENBC455,ESG1,Jarred Callura,20,20,0,2026-09-25 01:30:50,2026-09-25 01:30:50.421
2026-09-25 01:22:51,ENBC491,ESG1,Lan Ma,20,20,0,2026-09-25 01:30:50,2026-09-25 01:30:50.750
2026-09-25 01:22:51,ENCO099,0101,Lizzy Solovey,200,200,0,2026-09-25 01:31:00,2026-09-25 01:31:00.245
2026-09-25 01:22:51,ENEB304,ESG1,Nestor Michael Tiglao,20,20,0,2026-09-25 01:31:01,2026-09-25 01:31:01.993
2026-09-25 01:22:51,ENEB345,ESG1,Nestor Michael Tiglao,20,20,0,2026-09-25 01:31:02,2026-09-25 01:31:02.310
2026-09-25 01:22:51,ENEB352,ESG1,Mohamed Hany,20,20,0,2026-09-25 01:31:02,2026-09-25 01:31:02.672
2026-09-25 01:22:51,ENEB353,ESG1,Manoj Franklin,20,20,0,2026-09-25 01:31:03,2026-09-25 01:31:03.002
2026-09-25 01:22:51,ENEB355,ESG1,Nestor Michael Tiglao,20,20,0,2026-09-25 01:31:03,2026-09-25 01:31:03.328
2026-09-25 01:22:51,ENEB408B,ESG1,Jerry Wu,20,20,0,2026-09-25 01:31:03,2026-09-25 01:31:03.661
2026-09-25 01:22:51,ENEB443,ESG1,George Zaki,20,20,0,2026-09-25 01:31:03,2026-09-25 01:31:03.981
2026-09-25 01:22:51,ENEB453,ESG1,Nestor Michael Tiglao,20,20,0,2026-09-25 01:31:04,2026-09-25 01:31:04.290
2026-09-25 01:22:51,ENEB455,ESG1,Jerry Wu,20,20,0,2026-09-25 01:31:04,2026-09-25 01:31:04.584
2026-09-25 01:22:51,ENEB456,ESG1,Nestor Michael Tiglao,20,20,0,2026-09-25 01:31:04,2026-09-25 01:31:04.922
2026-09-25 01:22:51,ENED037,0101,Hillary Owusu,20,20,0,2026-09-25 01:31:06,2026-09-25 01:31:06.521
2026-09-25 01:22:51,ENED290H,0101,Christopher Troilo,45,45,0,2026-09-25 01:31:06,2026-09-25 01:31:06.851
2026-09-25 01:22:51,ENED394H,0101,Maria Bardossy,40,40,0,2026-09-25 01:31:07,2026-09-25 01:31:07.161
2026-09-25 01:22:51,ENED397,0101,Emily Marks,9,9,0,2026-09-25 01:31:07,2026-09-25 01:31:07.460
2026-09-25 01:22:51,ENED490H,0101,David Ashley,45,45,0,2026-09-25 01:31:07,2026-09-25 01:31:07.796
2026-09-25 01:22:51,ENMT313,ESG1,Nicholas Limparis,3,3,0,2026-09-25 01:32:21,2026-09-25 01:32:21.056
2026-09-25 01:22:51,ENMT332,ESG1,Norman Wereley,4,4,0,2026-09-25 01:32:21,2026-09-25 01:32:21.383
2026-09-25 01:22:51,ENMT362,ESG1,Young Choi,3,3,0,2026-09-25 01:32:21,2026-09-25 01:32:21.720
2026-09-25 01:22:51,ENMT372,ESG1,Gurtajbir Herr,3,3,0,2026-09-25 01:32:22,2026-09-25 01:32:22.048
2026-09-25 01:22:51,ENMT477,ESG1,Gurtajbir Herr,7,7,0,2026-09-25 01:32:22,2026-09-25 01:32:22.387
2026-09-25 01:22:51,ENMT488C,ESG1,Colleen Murray,7,7,0,2026-09-25 01:32:22,2026-09-25 01:32:22.720
2026-09-25 01:22:51,ENMT488P,ESG1,Colleen Murray,7,7,0,2026-09-25 01:32:23,2026-09-25 01:32:23.028
2026-09-25 01:22:51,ENMT488Z,ESG1,Nicholas Limparis,7,7,0,2026-09-25 01:32:23,2026-09-25 01:32:23.338
2026-09-25 01:22:51,ENSP102,0101,Joanna Goger,22,22,0,2026-09-25 01:32:37,2026-09-25 01:32:37.435
2026-09-25 01:22:51,ENSP102,0102,Joanna Goger,22,22,0,2026-09-25 01:32:37,2026-09-25 01:32:37.435
2026-09-25 01:22:51,ENSP102,0103,Joanna Goger,23,23,0,2026-09-25 01:32:37,2026-09-25 01:32:37.436
2026-09-25 01:22:51,ENSP102,0104,Joanna Goger,22,22,0,2026-09-25 01:32:37,2026-09-25 01:32:37.436
2026-09-25 01:22:51,ENSP102,0105,Joanna Goger,22,22,0,2026-09-25 01:32:37,2026-09-25 01:32:37.436
2026-09-25 01:22:51,ENSP102,0106,Joanna Goger,22,22,0,2026-09-25 01:32:37,2026-09-25 01:32:37.436
2026-09-25 01:22:51,ENSP102,0107,Joanna Goger,22,22,0,2026-09-25 01:32:37,2026-09-25 01:32:37.436
2026-09-25 01:22:51,ENSP306,0101,Caroline Boules,30,30,0,2026-09-25 01:32:37,2026-09-25 01:32:37.757
2026-09-25 01:22:51,ENSP330,0101,Joanna Goger,35,35,0,2026-09-25 01:32:38,2026-09-25 01:32:38.086
2026-09-25 01:22:51,ENSP342,0101,Annette Spivy,35,35,0,2026-09-25 01:32:38,2026-09-25 01:32:38.408
2026-09-25 01:22:51,ENSP370,0101,Arielle Wharton,30,30,0,2026-09-25 01:32:38,2026-09-25 01:32:38.723
2026-09-25 01:22:51,ENSP399R,0101,Melissa Kenney,15,15,0,2026-09-25 01:32:39,2026-09-25 01:32:39.696
2026-09-25 01:22:51,ENSP399R,0301,Instructor: TBA,15,15,0,2026-09-25 01:32:39,2026-09-25 01:32:39.696
2026-09-25 01:22:51,ENSP399R,0601,Annette Spivy,10,10,0,2026-09-25 01:32:39,2026-09-25 01:32:39.696
2026-09-25 01:22:51,ENSP399R,1001,Jennifer Mullinax,10,10,0,2026-09-25 01:32:39,2026-09-25 01:32:39.697
2026-09-25 01:22:51,ENSP400,0101,Caroline Boules,30,30,0,2026-09-25 01:32:39,2026-09-25 01:32:39.996
2026-09-25 01:22:51,ENSP400,0102,Annette Spivy,30,30,0,2026-09-25 01:32:39,2026-09-25 01:32:39.996
2026-09-25 01:22:51,ENSP400,0104,Colleen O'Donnell,20,20,0,2026-09-25 01:32:39,2026-09-25 01:32:39.997
2026-09-25 01:22:51,FGSM398,0101,Jayakumar Arasan,120,120,0,2026-09-25 01:33:04,2026-09-25 01:33:04.575
2026-09-25 01:22:51,FGSM398,0201,Jayakumar Arasan,120,120,0,2026-09-25 01:33:04,2026-09-25 01:33:04.576
2026-09-25 01:22:51,GBHL200,0101,Leena Malayil,18,18,0,2026-09-25 01:33:25,2026-09-25 01:33:25.907
2026-09-25 01:22:51,GBHL200,0201,Leena Malayil,13,13,0,2026-09-25 01:33:25,2026-09-25 01:33:25.908
2026-09-25 01:22:51,GBHL210,0101,Leena Malayil,18,18,0,2026-09-25 01:33:26,2026-09-25 01:33:26.233
2026-09-25 01:22:51,GBHL210,0201,Leena Malayil,13,13,0,2026-09-25 01:33:26,2026-09-25 01:33:26.233
2026-09-25 01:22:51,GBHL310,0101,Catherine Maybury,15,15,0,2026-09-25 01:33:26,2026-09-25 01:33:26.554
2026-09-25 01:22:51,GBHL310,0201,Catherine Maybury,15,15,0,2026-09-25 01:33:26,2026-09-25 01:33:26.554
2026-09-25 01:22:51,GBHL450,0101,Heather Wipfli,15,15,0,2026-09-25 01:33:27,2026-09-25 01:33:27.474
2026-09-25 01:22:51,GBHL497,0101,Hassanatu Blake,3,3,0,2026-09-25 01:33:27,2026-09-25 01:33:27.795
2026-09-25 01:22:51,GEMS102,0101,David Lovell,180,180,0,2026-09-25 01:33:29,2026-09-25 01:33:29.442
2026-09-25 01:22:51,GEMS208D,0101,Allison Lansverk,1,1,0,2026-09-25 01:33:29,2026-09-25 01:33:29.786
2026-09-25 01:22:51,GEMS208E,0101,Allison Lansverk,18,18,0,2026-09-25 01:33:30,2026-09-25 01:33:30.102
2026-09-25 01:22:51,GEMS208F,0201,Allison Lansverk,12,12,0,2026-09-25 01:33:30,2026-09-25 01:33:30.409
2026-09-25 01:22:51,GEMS208J,0101,Allison Lansverk,24,24,0,2026-09-25 01:33:30,2026-09-25 01:33:30.737
2026-09-25 01:22:51,GEMS208K,0101,Allison Lansverk,30,30,0,2026-09-25 01:33:31,2026-09-25 01:33:31.075
2026-09-25 01:22:51,GEMS208P,0101,Allison Lansverk,15,15,0,2026-09-25 01:33:31,2026-09-25 01:33:31.385
2026-09-25 01:22:51,GEMS208Q,0201,Allison Lansverk,1,1,0,2026-09-25 01:33:31,2026-09-25 01:33:31.688
2026-09-25 01:22:51,GEMS296,0113,David Lovell,5,5,0,2026-09-25 01:33:31,2026-09-25 01:33:31.985
2026-09-25 01:22:51,GEMS297,0101,Instructor: TBA,14,14,0,2026-09-25 01:33:32,2026-09-25 01:33:32.410
2026-09-25 01:22:51,GEMS297,0102,Instructor: TBA,14,14,0,2026-09-25 01:33:32,2026-09-25 01:33:32.410
2026-09-25 01:22:51,GEMS297,0103,Instructor: TBA,14,14,0,2026-09-25 01:33:32,2026-09-25 01:33:32.411
2026-09-25 01:22:51,GEMS297,0104,Instructor: TBA,14,14,0,2026-09-25 01:33:32,2026-09-25 01:33:32.411
2026-09-25 01:22:51,GEMS297,0105,Instructor: TBA,14,14,0,2026-09-25 01:33:32,2026-09-25 01:33:32.411
2026-09-25 01:22:51,GEMS297,0106,Instructor: TBA,14,14,0,2026-09-25 01:33:32,2026-09-25 01:33:32.411
2026-09-25 01:22:51,GEMS297,0107,Instructor: TBA,14,14,0,2026-09-25 01:33:32,2026-09-25 01:33:32.411
2026-09-25 01:22:51,GEMS297,0108,Instructor: TBA,14,14,0,2026-09-25 01:33:32,2026-09-25 01:33:32.411
2026-09-25 01:22:51,GEMS297,0109,Instructor: TBA,14,14,0,2026-09-25 01:33:32,2026-09-25 01:33:32.411
2026-09-25 01:22:51,GEMS297,0110,Instructor: TBA,14,14,0,2026-09-25 01:33:32,2026-09-25 01:33:32.411
2026-09-25 01:22:51,GEMS297,0111,Instructor: TBA,14,14,0,2026-09-25 01:33:32,2026-09-25 01:33:32.412
2026-09-25 01:22:51,GEMS297,0112,Instructor: TBA,14,14,0,2026-09-25 01:33:32,2026-09-25 01:33:32.412
2026-09-25 01:22:51,GEMS297,0113,Instructor: TBA,14,14,0,2026-09-25 01:33:32,2026-09-25 01:33:32.412
2026-09-25 01:22:51,GEMS297,0114,Instructor: TBA,14,14,0,2026-09-25 01:33:32,2026-09-25 01:33:32.412
2026-09-25 01:22:51,GEMS297,0115,Instructor: TBA,5,5,0,2026-09-25 01:33:32,2026-09-25 01:33:32.412
2026-09-25 01:22:51,GEMS396,0113,David Lovell,5,5,0,2026-09-25 01:33:32,2026-09-25 01:33:32.734
2026-09-25 01:22:51,GEMS397,0101,Michael Humber,14,14,0,2026-09-25 01:33:33,2026-09-25 01:33:33.186
2026-09-25 01:22:51,GEMS397,0102,Seth Dickey,14,14,0,2026-09-25 01:33:33,2026-09-25 01:33:33.186
2026-09-25 01:22:51,GEMS397,0103,Cecilia Huertas Cerdeira,14,14,0,2026-09-25 01:33:33,2026-09-25 01:33:33.186
2026-09-25 01:22:51,GEMS397,0104,Rodolphe Gentili,14,14,0,2026-09-25 01:33:33,2026-09-25 01:33:33.186
2026-09-25 01:22:51,GEMS397,0105,Allison Reilly,14,14,0,2026-09-25 01:33:33,2026-09-25 01:33:33.186
2026-09-25 01:22:51,GEMS397,0106,Peter Sunderland,14,14,0,2026-09-25 01:33:33,2026-09-25 01:33:33.186
2026-09-25 01:22:51,GEMS397,0107,Brett Lacey,14,14,0,2026-09-25 01:33:33,2026-09-25 01:33:33.186
2026-09-25 01:22:51,GEMS397,0108,Natalia Buzulukova,14,14,0,2026-09-25 01:33:33,2026-09-25 01:33:33.187
2026-09-25 01:22:51,GEMS397,0109,Anil Deane,14,14,0,2026-09-25 01:33:33,2026-09-25 01:33:33.187
2026-09-25 01:22:51,GEMS397,0110,Colenso Speer,14,14,0,2026-09-25 01:33:33,2026-09-25 01:33:33.187
2026-09-25 01:22:51,GEMS397,0111,Alisa Clyne,14,14,0,2026-09-25 01:33:33,2026-09-25 01:33:33.187
2026-09-25 01:22:51,GEMS397,0112,Xin Zan,14,14,0,2026-09-25 01:33:33,2026-09-25 01:33:33.187
2026-09-25 01:22:51,GEMS397,0113,Instructor: TBA,14,14,0,2026-09-25 01:33:33,2026-09-25 01:33:33.187
2026-09-25 01:22:51,GEMS397,0114,David Lovell,5,5,0,2026-09-25 01:33:33,2026-09-25 01:33:33.187
2026-09-25 01:22:51,GEMS397,0115,David Lovell,5,5,0,2026-09-25 01:33:33,2026-09-25 01:33:33.187
2026-09-25 01:22:51,GEMS496,0113,David Lovell,5,5,0,2026-09-25 01:33:33,2026-09-25 01:33:33.488
2026-09-25 01:22:51,GEMS497,0101,Eric Haag,14,14,0,2026-09-25 01:33:33,2026-09-25 01:33:33.826
2026-09-25 01:22:51,GEMS497,0102,Mohammad Nayeem Teli,14,14,0,2026-09-25 01:33:33,2026-09-25 01:33:33.826
2026-09-25 01:22:51,GEMS497,0103,Norberto Gonzalez- Juarbe,14,14,0,2026-09-25 01:33:33,2026-09-25 01:33:33.826
2026-09-25 01:22:51,GEMS497,0104,Abhinav Shrivastava,14,14,0,2026-09-25 01:33:33,2026-09-25 01:33:33.826
2026-09-25 01:22:51,GEMS497,0105,Hector Alcala,14,14,0,2026-09-25 01:33:33,2026-09-25 01:33:33.826
2026-09-25 01:22:51,GEMS497,0106,Massimo Ricotti,14,14,0,2026-09-25 01:33:33,2026-09-25 01:33:33.826
2026-09-25 01:22:51,GEMS497,0107,Reza Ghodssi,14,14,0,2026-09-25 01:33:33,2026-09-25 01:33:33.826
2026-09-25 01:22:51,GEMS497,0108,Nikhil Chopra,14,14,0,2026-09-25 01:33:33,2026-09-25 01:33:33.827
2026-09-25 01:22:51,GEMS497,0109,Kimberly Stroka,14,14,0,2026-09-25 01:33:33,2026-09-25 01:33:33.827
2026-09-25 01:22:51,GEMS497,0110,Gorjan Alagic,14,14,0,2026-09-25 01:33:33,2026-09-25 01:33:33.827
2026-09-25 01:22:51,GEMS497,0111,Alisa Clyne,14,14,0,2026-09-25 01:33:33,2026-09-25 01:33:33.827
2026-09-25 01:22:51,GEMS497,0112,Xin Zan,14,14,0,2026-09-25 01:33:33,2026-09-25 01:33:33.827
2026-09-25 01:22:51,GEMS497,0113,David Lovell,14,14,0,2026-09-25 01:33:33,2026-09-25 01:33:33.827
2026-09-25 01:22:51,GEMS497,0114,David Lovell,14,14,0,2026-09-25 01:33:33,2026-09-25 01:33:33.827
2026-09-25 01:22:51,GFPL100,0101,Alec Worsnop,21,21,0,2026-09-25 01:34:00,2026-09-25 01:34:00.836
2026-09-25 01:22:51,GFPL100,0102,Alec Worsnop,21,21,0,2026-09-25 01:34:00,2026-09-25 01:34:00.836
2026-09-25 01:22:51,GFPL100,0103,Alec Worsnop,21,21,0,2026-09-25 01:34:00,2026-09-25 01:34:00.837
2026-09-25 01:22:51,GFPL100,0104,Alec Worsnop,21,21,0,2026-09-25 01:34:00,2026-09-25 01:34:00.837
2026-09-25 01:22:51,GFPL100,0105,Alec Worsnop,21,21,0,2026-09-25 01:34:00,2026-09-25 01:34:00.837
2026-09-25 01:22:51,GFPL100,0106,Alec Worsnop,20,20,0,2026-09-25 01:34:00,2026-09-25 01:34:00.837
2026-09-25 01:22:51,GFPL102,0101,Caroline Ritter,95,95,0,2026-09-25 01:34:01,2026-09-25 01:34:01.168
2026-09-25 01:22:51,GFPL372,0101,Devin Entrikin,40,40,0,2026-09-25 01:34:01,2026-09-25 01:34:01.505
2026-09-25 01:22:51,GLBC200,0101,Parker Brookie,30,30,0,2026-09-25 01:34:03,2026-09-25 01:34:03.130
2026-09-25 01:22:51,GLBC360,0101,Hester Baer,30,30,0,2026-09-25 01:34:03,2026-09-25 01:34:03.489
2026-09-25 01:22:51,HACS101,0101,Michel Cukier,35,35,0,2026-09-25 01:34:30,2026-09-25 01:34:30.138
2026-09-25 01:22:51,HACS101,0201,Michel Cukier,35,35,0,2026-09-25 01:34:30,2026-09-25 01:34:30.138
2026-09-25 01:22:51,HACS201,0101,Bertrand Sobesto,26,26,0,2026-09-25 01:34:30,2026-09-25 01:34:30.458
2026-09-25 01:22:51,HACS208A,0101,Lawrence Gordon,20,20,0,2026-09-25 01:34:30,2026-09-25 01:34:30.782
2026-09-25 01:22:51,HACS208E,0101,Ian Serbin,26,26,0,2026-09-25 01:34:31,2026-09-25 01:34:31.095
2026-09-25 01:22:51,HACS208Z,0101,Zulema Belyeu,30,30,0,2026-09-25 01:34:31,2026-09-25 01:34:31.426
2026-09-25 01:22:51,HACS297,0101,Sarah Herberger,25,25,0,2026-09-25 01:34:32,2026-09-25 01:34:32.396
2026-09-25 01:22:51,HACS318A,0101,Lindsey Schrott,75,75,0,2026-09-25 01:34:32,2026-09-25 01:34:32.724
2026-09-25 01:22:51,HACS408C,0101,Lamia Zia,26,26,0,2026-09-25 01:34:33,2026-09-25 01:34:33.048
2026-09-25 01:22:51,HACS408P,0101,Firoozeh Rahimian,26,26,0,2026-09-25 01:34:33,2026-09-25 01:34:33.369
2026-09-25 01:22:51,HACS408T,0101,Kevin Bock,30,30,0,2026-09-25 01:34:33,2026-09-25 01:34:33.664
2026-09-25 01:22:51,HACS408V,0101,Edward Condon,30,30,0,2026-09-25 01:34:33,2026-09-25 01:34:33.962
2026-09-25 01:22:51,HACS497,0101,Cassie Harrington,25,25,0,2026-09-25 01:34:34,2026-09-25 01:34:34.596
2026-09-25 01:22:51,HACS498,0101,Thomas Woods,10,10,0,2026-09-25 01:34:34,2026-09-25 01:34:34.905
2026-09-25 01:22:51,HACS498,0201,Neal Ziring,18,18,0,2026-09-25 01:34:34,2026-09-25 01:34:34.905
2026-09-25 01:22:51,HACS498,0301,Michel Cukier,4,4,0,2026-09-25 01:34:34,2026-09-25 01:34:34.905
2026-09-25 01:22:51,HBUS105,0101,Daniel McCarthy,35,35,0,2026-09-25 01:34:36,2026-09-25 01:34:36.480
2026-09-25 01:22:51,HBUS105,0201,Daniel McCarthy,35,35,0,2026-09-25 01:34:36,2026-09-25 01:34:36.480
2026-09-25 01:22:51,HBUS205,0101,Nicole Coomber,30,30,0,2026-09-25 01:34:36,2026-09-25 01:34:36.785
2026-09-25 01:22:51,HBUS205,0201,Nicole Coomber,30,30,0,2026-09-25 01:34:36,2026-09-25 01:34:36.785
2026-09-25 01:22:51,HDCC106,0101,Jessica Lu,10,10,0,2026-09-25 01:34:38,2026-09-25 01:34:38.378
2026-09-25 01:22:51,HDCC106,0201,William Evans,10,10,0,2026-09-25 01:34:38,2026-09-25 01:34:38.378
2026-09-25 01:22:51,HDCC106,0301,Grant Bollmer,10,10,0,2026-09-25 01:34:38,2026-09-25 01:34:38.378
2026-09-25 01:22:51,HDCC106,0401,Cliff Bakalian,10,10,0,2026-09-25 01:34:38,2026-09-25 01:34:38.378
2026-09-25 01:22:51,HDCC106,0501,Alex Leitch,10,10,0,2026-09-25 01:34:38,2026-09-25 01:34:38.378
2026-09-25 01:22:51,HDCC106,0601,Jade Olson,10,10,0,2026-09-25 01:34:38,2026-09-25 01:34:38.378
2026-09-25 01:22:51,HDCC106,0701,Courtney Ray,10,10,0,2026-09-25 01:34:38,2026-09-25 01:34:38.378
2026-09-25 01:22:51,HDCC209A,0101,Jessica Lu,15,15,0,2026-09-25 01:34:38,2026-09-25 01:34:38.675
2026-09-25 01:22:51,HDCC209B,0101,Nishtha Das,15,15,0,2026-09-25 01:34:39,2026-09-25 01:34:39.006
2026-09-25 01:22:51,HDCC209C,0101,Hansika Murugu,15,15,0,2026-09-25 01:34:39,2026-09-25 01:34:39.333
2026-09-25 01:22:51,HEBR107,0101,Avital Karpman,15,15,0,2026-09-25 01:34:41,2026-09-25 01:34:41.255
2026-09-25 01:22:51,HEBR107,0201,Avital Karpman,15,15,0,2026-09-25 01:34:41,2026-09-25 01:34:41.255
2026-09-25 01:22:51,HEBR207,0101,Avital Karpman,15,15,0,2026-09-25 01:34:41,2026-09-25 01:34:41.581
2026-09-25 01:22:51,HEBR249A,0101,Aliza Sandalon,15,15,0,2026-09-25 01:34:41,2026-09-25 01:34:41.879
2026-09-25 01:22:51,HEBR314,0101,Aliza Sandalon,20,20,0,2026-09-25 01:34:42,2026-09-25 01:34:42.179
2026-09-25 01:22:51,HGLO298,0101,Daniel Tuke,30,30,0,2026-09-25 01:35:02,2026-09-25 01:35:02.379
2026-09-25 01:22:51,HHUM106,0101,Sarah Humud,17,17,0,2026-09-25 01:35:03,2026-09-25 01:35:03.971
2026-09-25 01:22:51,HHUM106,0102,Sarah Humud,17,17,0,2026-09-25 01:35:03,2026-09-25 01:35:03.971
2026-09-25 01:22:51,HHUM106,0103,Sarah Humud,17,17,0,2026-09-25 01:35:03,2026-09-25 01:35:03.972
2026-09-25 01:22:51,HHUM106,0104,Sarah Humud,17,17,0,2026-09-25 01:35:03,2026-09-25 01:35:03.972
2026-09-25 01:22:51,HHUM206,0101,Sarah Humud,15,15,0,2026-09-25 01:35:04,2026-09-25 01:35:04.318
2026-09-25 01:22:51,HHUM206,0102,Sarah Humud,15,15,0,2026-09-25 01:35:04,2026-09-25 01:35:04.318
2026-09-25 01:22:51,HHUM206,0103,Sarah Humud,15,15,0,2026-09-25 01:35:04,2026-09-25 01:35:04.318
2026-09-25 01:22:51,HHUM206,0104,Sarah Humud,15,15,0,2026-09-25 01:35:04,2026-09-25 01:35:04.319
2026-09-25 01:22:51,HHUM328,0101,Sarah Humud,20,20,0,2026-09-25 01:35:04,2026-09-25 01:35:04.629
2026-09-25 01:22:51,HHUM329,0101,Sarah Humud,5,5,0,2026-09-25 01:35:04,2026-09-25 01:35:04.950
2026-09-25 01:22:51,HISP200,0101,Stefan Woehlke,22,22,0,2026-09-25 01:35:06,2026-09-25 01:35:06.566
2026-09-25 01:22:51,HISP200,0102,Stefan Woehlke,22,22,0,2026-09-25 01:35:06,2026-09-25 01:35:06.566
2026-09-25 01:22:51,HISP200,0103,Stefan Woehlke,22,22,0,2026-09-25 01:35:06,2026-09-25 01:35:06.566
2026-09-25 01:22:51,HISP200,0104,Stefan Woehlke,22,22,0,2026-09-25 01:35:06,2026-09-25 01:35:06.566
2026-09-25 01:22:51,HISP200,0105,Stefan Woehlke,22,22,0,2026-09-25 01:35:06,2026-09-25 01:35:06.567
2026-09-25 01:22:51,HISP319E,0101,Michelle Magalong,20,20,0,2026-09-25 01:35:06,2026-09-25 01:35:06.881
2026-09-25 01:22:51,HISP319S,0101,Michelle Magalong,30,30,0,2026-09-25 01:35:07,2026-09-25 01:35:07.214
2026-09-25 01:22:51,HISP619E,0101,Michelle Magalong,24,24,0,2026-09-25 01:35:07,2026-09-25 01:35:07.545
2026-09-25 01:22:51,HISP619O,0101,Stefan Woehlke,5,5,0,2026-09-25 01:35:07,2026-09-25 01:35:07.897
2026-09-25 01:22:51,HISP630,0101,Rhonda Sincavage,15,15,0,2026-09-25 01:35:08,2026-09-25 01:35:08.211
2026-09-25 01:22:51,HISP635,0101,Eola Dance,10,10,0,2026-09-25 01:35:08,2026-09-25 01:35:08.518
2026-09-25 01:22:51,HISP640,0101,Frederick Stachura,15,15,0,2026-09-25 01:35:08,2026-09-25 01:35:08.841
2026-09-25 01:22:51,HISP655,0101,Donald Linebaugh,15,15,0,2026-09-25 01:35:09,2026-09-25 01:35:09.155
2026-09-25 01:22:51,HISP660,0101,Instructor: TBA,15,15,0,2026-09-25 01:35:09,2026-09-25 01:35:09.459
2026-09-25 01:22:51,HISP670,0101,Alfonso Narvaez,15,15,0,2026-09-25 01:35:09,2026-09-25 01:35:09.765
2026-09-25 01:22:51,HISP690,0101,Donald Linebaugh,15,15,0,2026-09-25 01:35:10,2026-09-25 01:35:10.066
2026-09-25 01:22:51,HISP701,0101,Instructor: TBA,5,5,0,2026-09-25 01:35:10,2026-09-25 01:35:10.371
2026-09-25 01:22:51,HISP710,0101,Susan Kern,15,15,0,2026-09-25 01:35:10,2026-09-25 01:35:10.707
2026-09-25 01:22:51,HISP711,0101,Susan Kern,15,15,0,2026-09-25 01:35:11,2026-09-25 01:35:11.019
2026-09-25 01:22:51,HLSC102,0101,Sabrina Kramer,94,94,0,2026-09-25 01:35:39,2026-09-25 01:35:39.011
2026-09-25 01:22:51,HLSC102,0102,Jalah Townsend,35,35,0,2026-09-25 01:35:39,2026-09-25 01:35:39.011
2026-09-25 01:22:51,HLSC227,0101,Najib El-Sayed,25,25,0,2026-09-25 01:35:39,2026-09-25 01:35:39.359
2026-09-25 01:22:51,HLSC322,0101,Leslie Pick,23,23,0,2026-09-25 01:35:39,2026-09-25 01:35:39.696
2026-09-25 01:22:51,HLSC322,0102,Leslie Pick,23,23,0,2026-09-25 01:35:39,2026-09-25 01:35:39.697
2026-09-25 01:22:51,HLSC322,0103,Sabrina Kramer,23,23,0,2026-09-25 01:35:39,2026-09-25 01:35:39.697
2026-09-25 01:22:51,HLSC322,0104,Sabrina Kramer,23,23,0,2026-09-25 01:35:39,2026-09-25 01:35:39.697
2026-09-25 01:22:51,HLSC329,0101,Sabrina Kramer,12,12,0,2026-09-25 01:35:40,2026-09-25 01:35:40.062
2026-09-25 01:22:51,HNUH100,0101,Leigha McReynolds,10,10,0,2026-09-25 01:35:55,2026-09-25 01:35:55.089
2026-09-25 01:22:51,HNUH218D,0101,Brian Gilmore,50,50,0,2026-09-25 01:35:55,2026-09-25 01:35:55.421
2026-09-25 01:22:51,HNUH218L,0101,Shauna Rigaud,20,20,0,2026-09-25 01:35:55,2026-09-25 01:35:55.723
2026-09-25 01:22:51,HNUH218L,0201,Shauna Rigaud,20,20,0,2026-09-25 01:35:55,2026-09-25 01:35:55.723
2026-09-25 01:22:51,HNUH218M,0101,Instructor: TBA,20,20,0,2026-09-25 01:35:56,2026-09-25 01:35:56.035
2026-09-25 01:22:51,HNUH228D,0101,Matthew McLaughlin,60,60,0,2026-09-25 01:35:56,2026-09-25 01:35:56.373
2026-09-25 01:22:51,HNUH228L,0101,Alena Wigodner,20,20,0,2026-09-25 01:35:56,2026-09-25 01:35:56.689
2026-09-25 01:22:51,HNUH228L,0201,Alena Wigodner,20,20,0,2026-09-25 01:35:56,2026-09-25 01:35:56.689
2026-09-25 01:22:51,HNUH228M,0101,Ted Baker,20,20,0,2026-09-25 01:35:57,2026-09-25 01:35:57.018
2026-09-25 01:22:51,HNUH229P,0101,Tyson Slocum,20,20,0,2026-09-25 01:35:57,2026-09-25 01:35:57.338
2026-09-25 01:22:51,HNUH238D,0101,Susan Moeller,60,60,0,2026-09-25 01:35:57,2026-09-25 01:35:57.682
2026-09-25 01:22:51,HNUH238L,0101,Kimberly Johnson,20,20,0,2026-09-25 01:35:58,2026-09-25 01:35:58.010
2026-09-25 01:22:51,HNUH238L,0201,Kimberly Johnson,20,20,0,2026-09-25 01:35:58,2026-09-25 01:35:58.010
2026-09-25 01:22:51,HNUH238M,0101,Daniel Reck,20,20,0,2026-09-25 01:35:58,2026-09-25 01:35:58.322
2026-09-25 01:22:51,HNUH239I,0101,Jon Crocker,20,20,0,2026-09-25 01:35:58,2026-09-25 01:35:58.650
2026-09-25 01:22:51,HNUH248D,0101,Juan Uriagereka,45,45,0,2026-09-25 01:35:58,2026-09-25 01:35:58.969
2026-09-25 01:22:51,HNUH249T,0101,Daniel Rosenthal,20,20,0,2026-09-25 01:35:59,2026-09-25 01:35:59.271
2026-09-25 01:22:51,HNUH258C,0101,Bill Fagan,55,55,0,2026-09-25 01:35:59,2026-09-25 01:35:59.596
2026-09-25 01:22:51,HNUH258O,0101,Amy Green,20,20,0,2026-09-25 01:35:59,2026-09-25 01:35:59.903
2026-09-25 01:22:51,HNUH259T,0101,Ingrid Satelmajer,20,20,0,2026-09-25 01:36:00,2026-09-25 01:36:00.232
2026-09-25 01:22:51,HNUH268C,0101,Perla Guerrero,60,60,0,2026-09-25 01:36:00,2026-09-25 01:36:00.545
2026-09-25 01:22:51,HNUH268Q,0101,Ebonie Johnson Cooper,20,20,0,2026-09-25 01:36:00,2026-09-25 01:36:00.852
2026-09-25 01:22:51,HNUH268R,0201,Vasfiye Toprak,20,20,0,2026-09-25 01:36:01,2026-09-25 01:36:01.178
2026-09-25 01:22:51,HNUH269T,0101,James Stillwell,20,20,0,2026-09-25 01:36:01,2026-09-25 01:36:01.496
2026-09-25 01:22:51,HNUH278C,0101,Chinyere Osuji,60,60,0,2026-09-25 01:36:01,2026-09-25 01:36:01.839
2026-09-25 01:22:51,HNUH278I,0101,Marisa Franco,20,20,0,2026-09-25 01:36:02,2026-09-25 01:36:02.228
2026-09-25 01:22:51,HNUH278I,0201,Marisa Franco,20,20,0,2026-09-25 01:36:02,2026-09-25 01:36:02.229
2026-09-25 01:22:51,HNUH278O,0101,DeNeen Brown,20,20,0,2026-09-25 01:36:02,2026-09-25 01:36:02.568
2026-09-25 01:22:51,HNUH278Q,0101,Instructor: TBA,20,20,0,2026-09-25 01:36:02,2026-09-25 01:36:02.937
2026-09-25 01:22:51,HNUH278R,0101,Max Barnewitz,20,20,0,2026-09-25 01:36:03,2026-09-25 01:36:03.293
2026-09-25 01:22:51,HNUH288C,0101,Julia Steinberg,30,30,0,2026-09-25 01:36:03,2026-09-25 01:36:03.718
2026-09-25 01:22:51,HNUH288C,0102,Julia Steinberg,30,30,0,2026-09-25 01:36:03,2026-09-25 01:36:03.718
2026-09-25 01:22:51,HNUH288O,0101,Ariana Nash,20,20,0,2026-09-25 01:36:04,2026-09-25 01:36:04.046
2026-09-25 01:22:51,HNUH300,0201,Vasfiye Toprak,20,20,0,2026-09-25 01:36:04,2026-09-25 01:36:04.378
2026-09-25 01:22:51,HNUH300,0301,Shauna Rigaud,20,20,0,2026-09-25 01:36:04,2026-09-25 01:36:04.378
2026-09-25 01:22:51,HNUH300,0401,Instructor: TBA,20,20,0,2026-09-25 01:36:04,2026-09-25 01:36:04.378
2026-09-25 01:22:51,HNUH300,0501,Kimberly Johnson,20,20,0,2026-09-25 01:36:04,2026-09-25 01:36:04.378
2026-09-25 01:22:51,HNUH300,0701,Vasfiye Toprak,20,20,0,2026-09-25 01:36:04,2026-09-25 01:36:04.379
2026-09-25 01:22:51,HNUH300,0801,Instructor: TBA,20,20,0,2026-09-25 01:36:04,2026-09-25 01:36:04.379
2026-09-25 01:22:51,HNUH300,0901,Alena Wigodner,20,20,0,2026-09-25 01:36:04,2026-09-25 01:36:04.379
2026-09-25 01:22:51,HNUH300,1001,Robert Graham,20,20,0,2026-09-25 01:36:04,2026-09-25 01:36:04.379
2026-09-25 01:22:51,HNUH300,1101,Instructor: TBA,20,20,0,2026-09-25 01:36:04,2026-09-25 01:36:04.379
2026-09-25 01:22:51,HNUH398P,0101,Jayakumar Arasan,120,120,0,2026-09-25 01:36:04,2026-09-25 01:36:04.729
2026-09-25 01:22:51,HNUH398P,0201,Jayakumar Arasan,120,120,0,2026-09-25 01:36:04,2026-09-25 01:36:04.729
2026-09-25 01:22:51,HONR379W,0101,Blake Wilder,15,15,0,2026-09-25 01:36:06,2026-09-25 01:36:06.307
2026-09-25 01:22:51,IDEA201,0101,Mira Azarm,20,20,0,2026-09-25 01:36:07,2026-09-25 01:36:07.862
2026-09-25 01:22:51,IDEA201,0102,Christina Hnatov,10,10,0,2026-09-25 01:36:07,2026-09-25 01:36:07.863
2026-09-25 01:22:51,IDEA201,0103,Brooke Smith,60,60,0,2026-09-25 01:36:07,2026-09-25 01:36:07.863
2026-09-25 01:22:51,IDEA201,0104,Brooke Smith,60,60,0,2026-09-25 01:36:07,2026-09-25 01:36:07.863
2026-09-25 01:22:51,IDEA311,0101,Brooke Smith,40,40,0,2026-09-25 01:36:08,2026-09-25 01:36:08.178
2026-09-25 01:22:51,IDEA311,0102,Brooke Smith,15,15,0,2026-09-25 01:36:08,2026-09-25 01:36:08.178
2026-09-25 01:22:51,IMDM101,0101,Stevens Miller,30,30,0,2026-09-25 01:36:10,2026-09-25 01:36:10.537
2026-09-25 01:22:51,IMDM101,0201,Stevens Miller,30,30,0,2026-09-25 01:36:10,2026-09-25 01:36:10.537
2026-09-25 01:22:51,IMDM101,0301,Myungin Lee,30,30,0,2026-09-25 01:36:10,2026-09-25 01:36:10.537
2026-09-25 01:22:51,IMDM127,0101,Matthew Nolan,30,30,0,2026-09-25 01:36:10,2026-09-25 01:36:10.841
2026-09-25 01:22:51,IMDM150,0101,Cy Keener,45,45,0,2026-09-25 01:36:11,2026-09-25 01:36:11.165
2026-09-25 01:22:51,IMDM290,0101,Myungin Lee,30,30,0,2026-09-25 01:36:11,2026-09-25 01:36:11.491
2026-09-25 01:22:51,IMDM290,0201,Myungin Lee,30,30,0,2026-09-25 01:36:11,2026-09-25 01:36:11.491
2026-09-25 01:22:51,IMDM390,0101,Stefano Passeri,30,30,0,2026-09-25 01:36:11,2026-09-25 01:36:11.797
2026-09-25 01:22:51,IMDM390,0201,Stefano Passeri,30,30,0,2026-09-25 01:36:11,2026-09-25 01:36:11.797
2026-09-25 01:22:51,IMDM491,0101,Matthew Nolan,30,30,0,2026-09-25 01:36:12,2026-09-25 01:36:12.448
2026-09-25 01:22:51,IMDM491,0201,Matthew Nolan,30,30,0,2026-09-25 01:36:12,2026-09-25 01:36:12.448
2026-09-25 01:22:51,IMDM498I,0101,Snehesh Shrestha,16,16,0,2026-09-25 01:36:12,2026-09-25 01:36:12.786
2026-09-25 01:22:51,IMDM498J,0101,Yael Inbar,15,15,0,2026-09-25 01:36:13,2026-09-25 01:36:13.097
2026-09-25 01:22:51,IMMR200,0101,Instructor: TBA,40,40,0,2026-09-25 01:36:14,2026-09-25 01:36:14.974
2026-09-25 01:22:51,IMMR394,0101,Wenxi Yang,25,25,0,2026-09-25 01:36:15,2026-09-25 01:36:15.271
2026-09-25 01:22:51,IMMR399,0101,Christina Getrich,1,1,0,2026-09-25 01:36:15,2026-09-25 01:36:15.581
2026-09-25 01:22:51,INFM612,IM01,Instructor: TBA,40,40,0,2026-09-25 01:36:21,2026-09-25 01:36:21.948
2026-09-25 01:22:51,INFM737,IM01,David Loshin,40,40,0,2026-09-25 01:36:22,2026-09-25 01:36:22.256
2026-09-25 01:22:51,ISRL187,0101,Bernard Cooperman,23,23,0,2026-09-25 01:36:46,2026-09-25 01:36:46.372
2026-09-25 01:22:51,ISRL187,0102,Bernard Cooperman,23,23,0,2026-09-25 01:36:46,2026-09-25 01:36:46.372
2026-09-25 01:22:51,ISRL187,0103,Bernard Cooperman,23,23,0,2026-09-25 01:36:46,2026-09-25 01:36:46.372
2026-09-25 01:22:51,ISRL249O,0101,Aner Tal,35,35,0,2026-09-25 01:36:46,2026-09-25 01:36:46.680
2026-09-25 01:22:51,ISRL249P,0101,Aliza Sandalon,15,15,0,2026-09-25 01:36:47,2026-09-25 01:36:47.012
2026-09-25 01:22:51,ISRL282,0101,Shirelle Doughty,30,30,0,2026-09-25 01:36:47,2026-09-25 01:36:47.338
2026-09-25 01:22:51,ISRL329D,0101,Regev Ben-David,35,35,0,2026-09-25 01:36:47,2026-09-25 01:36:47.720
2026-09-25 01:22:51,ISRL329Y,0101,Marwa Maziad,30,30,0,2026-09-25 01:36:48,2026-09-25 01:36:48.020
2026-09-25 01:22:51,ISRL342,0101,Elli Lieberman,35,35,0,2026-09-25 01:36:48,2026-09-25 01:36:48.342
2026-09-25 01:22:51,ISRL349N,0101,Morad Elsana,30,30,0,2026-09-25 01:36:48,2026-09-25 01:36:48.688
2026-09-25 01:22:51,ISRL349W,0101,Avital Karpman,35,35,0,2026-09-25 01:36:49,2026-09-25 01:36:49.008
2026-09-25 01:22:51,ISRL380,0101,Regev Ben-David,35,35,0,2026-09-25 01:36:49,2026-09-25 01:36:49.330
2026-09-25 01:22:51,ISRL383,0101,Ilai Saltzman,35,35,0,2026-09-25 01:36:49,2026-09-25 01:36:49.648
2026-09-25 01:22:51,JAPN102,0101,Kumiko Akikawa,15,15,0,2026-09-25 01:36:53,2026-09-25 01:36:53.965
2026-09-25 01:22:51,JAPN102,0201,Kumiko Akikawa,15,15,0,2026-09-25 01:36:53,2026-09-25 01:36:53.966
2026-09-25 01:22:51,JAPN202,0101,Makiko Inoue,15,15,0,2026-09-25 01:36:54,2026-09-25 01:36:54.300
2026-09-25 01:22:51,JAPN202,0201,Makiko Inoue,15,15,0,2026-09-25 01:36:54,2026-09-25 01:36:54.300
2026-09-25 01:22:51,JAPN302,0101,Mari Hamada,15,15,0,2026-09-25 01:36:54,2026-09-25 01:36:54.618
2026-09-25 01:22:51,JAPN306,0101,Lindsay Yotsukura,15,15,0,2026-09-25 01:36:54,2026-09-25 01:36:54.976
2026-09-25 01:22:51,JAPN335,0101,Michele Mason,20,20,0,2026-09-25 01:36:55,2026-09-25 01:36:55.284
2026-09-25 01:22:51,JAPN355,0101,Jyana Browne,20,20,0,2026-09-25 01:36:55,2026-09-25 01:36:55.621
2026-09-25 01:22:51,JAPN361,0101,Instructor: TBA,20,20,0,2026-09-25 01:36:55,2026-09-25 01:36:55.953
2026-09-25 01:22:51,JAPN425,0101,Michele Mason,25,25,0,2026-09-25 01:36:56,2026-09-25 01:36:56.574
2026-09-25 01:22:51,JAPN457,0101,Lindsay Yotsukura,15,15,0,2026-09-25 01:36:56,2026-09-25 01:36:56.918
2026-09-25 01:22:51,JWST187,0101,Bernard Cooperman,23,23,0,2026-09-25 01:37:19,2026-09-25 01:37:19.713
2026-09-25 01:22:51,JWST187,0102,Bernard Cooperman,23,23,0,2026-09-25 01:37:19,2026-09-25 01:37:19.713
2026-09-25 01:22:51,JWST187,0103,Bernard Cooperman,23,23,0,2026-09-25 01:37:19,2026-09-25 01:37:19.714
2026-09-25 01:22:51,JWST233,0101,Hayim Lapin,45,45,0,2026-09-25 01:37:20,2026-09-25 01:37:20.038
2026-09-25 01:22:51,JWST319A,0101,Daniel Richter,35,35,0,2026-09-25 01:37:20,2026-09-25 01:37:20.372
2026-09-25 01:22:51,JWST319J,0101,Nathan Levine,35,35,0,2026-09-25 01:37:20,2026-09-25 01:37:20.679
2026-09-25 01:22:51,JWST319P,0101,Lauren Kotkin,18,18,0,2026-09-25 01:37:21,2026-09-25 01:37:21.002
2026-09-25 01:22:51,JWST319Q,0101,Regev Ben-David,35,35,0,2026-09-25 01:37:21,2026-09-25 01:37:21.340
2026-09-25 01:22:51,JWST319W,0101,Avital Karpman,35,35,0,2026-09-25 01:37:21,2026-09-25 01:37:21.661
2026-09-25 01:22:51,JWST324,0101,Matthew Suriano,25,25,0,2026-09-25 01:37:21,2026-09-25 01:37:21.977
2026-09-25 01:22:51,JWST386,0101,Instructor: TBA,5,5,0,2026-09-25 01:37:22,2026-09-25 01:37:22.285
2026-09-25 01:22:51,JWST419B,0101,Bernard Cooperman,10,10,0,2026-09-25 01:37:22,2026-09-25 01:37:22.921
2026-09-25 01:22:51,JWST427,0101,Matthew Suriano,15,15,0,2026-09-25 01:37:23,2026-09-25 01:37:23.261
2026-09-25 01:22:51,JWST469C,0101,Bernard Cooperman,10,10,0,2026-09-25 01:37:23,2026-09-25 01:37:23.578
2026-09-25 01:22:51,KORA101,0101,Seong Minne Koh,15,15,0,2026-09-25 01:37:50,2026-09-25 01:37:50.429
2026-09-25 01:22:51,KORA102,0101,Saerom Kwak,15,15,0,2026-09-25 01:37:50,2026-09-25 01:37:50.776
2026-09-25 01:22:51,KORA102,0201,Saerom Kwak,15,15,0,2026-09-25 01:37:50,2026-09-25 01:37:50.776
2026-09-25 01:22:51,KORA102,0301,Saerom Kwak,15,15,0,2026-09-25 01:37:50,2026-09-25 01:37:50.776
2026-09-25 01:22:51,KORA102,0401,Saerom Kwak,15,15,0,2026-09-25 01:37:50,2026-09-25 01:37:50.776
2026-09-25 01:22:51,KORA202,0101,Seong Minne Koh,15,15,0,2026-09-25 01:37:51,2026-09-25 01:37:51.098
2026-09-25 01:22:51,KORA202,0301,Seong Minne Koh,15,15,0,2026-09-25 01:37:51,2026-09-25 01:37:51.098
2026-09-25 01:22:51,KORA398O,0101,Instructor: TBA,10,10,0,2026-09-25 01:37:51,2026-09-25 01:37:51.393
2026-09-25 01:22:51,KORA398V,0101,Seong Minne Koh,10,10,0,2026-09-25 01:37:51,2026-09-25 01:37:51.725
2026-09-25 01:22:51,LEAD217,0101,Pamela Scott,25,25,0,2026-09-25 01:38:08,2026-09-25 01:38:08.814
2026-09-25 01:22:51,LEAD217,0201,Pamela Scott,25,25,0,2026-09-25 01:38:08,2026-09-25 01:38:08.814
2026-09-25 01:22:51,LEAD321,0101,Courtney Holder,10,10,0,2026-09-25 01:38:09,2026-09-25 01:38:09.151
2026-09-25 01:22:51,LEAD417,0101,Anastasia Lavrenyuk,20,20,0,2026-09-25 01:38:09,2026-09-25 01:38:09.471
2026-09-25 01:22:51,LGBT200,0101,Sayan Bhattacharya,25,25,0,2026-09-25 01:38:11,2026-09-25 01:38:11.024
2026-09-25 01:22:51,LGBT200,0102,Sayan Bhattacharya,25,25,0,2026-09-25 01:38:11,2026-09-25 01:38:11.024
2026-09-25 01:22:51,LGBT265,0201,Instructor: TBA,30,30,0,2026-09-25 01:38:11,2026-09-25 01:38:11.347
2026-09-25 01:22:51,LGBT310,0101,Sayan Bhattacharya,25,25,0,2026-09-25 01:38:11,2026-09-25 01:38:11.666
2026-09-25 01:22:51,LGBT475,0101,Sydney Lewis,20,20,0,2026-09-25 01:38:11,2026-09-25 01:38:11.987
2026-09-25 01:22:51,MLAW150,0101,David Gray,25,25,0,2026-09-25 01:38:48,2026-09-25 01:38:48.855
2026-09-25 01:22:51,MLAW150,0102,David Gray,25,25,0,2026-09-25 01:38:48,2026-09-25 01:38:48.855
2026-09-25 01:22:51,MLAW150,0103,David Gray,25,25,0,2026-09-25 01:38:48,2026-09-25 01:38:48.855
2026-09-25 01:22:51,MLAW304,0101,Christine White,40,40,0,2026-09-25 01:38:49,2026-09-25 01:38:49.158
2026-09-25 01:22:51,MLAW305,0201,Brian Gilmore,60,60,0,2026-09-25 01:38:49,2026-09-25 01:38:49.478
2026-09-25 01:22:51,MLAW325,0101,Grace Benton,12,12,0,2026-09-25 01:38:49,2026-09-25 01:38:49.836
2026-09-25 01:22:51,MLAW358W,0101,Michael Spivey,25,25,0,2026-09-25 01:38:50,2026-09-25 01:38:50.167
2026-09-25 01:22:51,MLAW358W,0102,Michael Spivey,25,25,0,2026-09-25 01:38:50,2026-09-25 01:38:50.167
2026-09-25 01:22:51,MLAW358W,0103,Michael Spivey,25,25,0,2026-09-25 01:38:50,2026-09-25 01:38:50.167
2026-09-25 01:22:51,MLAW358W,0104,Michael Spivey,25,25,0,2026-09-25 01:38:50,2026-09-25 01:38:50.167
2026-09-25 01:22:51,MLAW358W,0105,Michael Spivey,25,25,0,2026-09-25 01:38:50,2026-09-25 01:38:50.167
2026-09-25 01:22:51,MLAW358W,0106,Michael Spivey,25,25,0,2026-09-25 01:38:50,2026-09-25 01:38:50.167
2026-09-25 01:22:51,MLAW358Y,0101,Martin Kobren,5,5,0,2026-09-25 01:38:50,2026-09-25 01:38:50.503
2026-09-25 01:22:51,MLAW358Z,0101,Christine White,19,19,0,2026-09-25 01:38:50,2026-09-25 01:38:50.830
2026-09-25 01:22:51,MLAW359,0101,Brandee Pettus,8,8,0,2026-09-25 01:38:51,2026-09-25 01:38:51.156
2026-09-25 01:22:51,MLAW378E,0101,Brandee Pettus,5,5,0,2026-09-25 01:38:51,2026-09-25 01:38:51.467
2026-09-25 01:22:51,MLAW378F,0101,Brian Gilmore,15,15,0,2026-09-25 01:38:51,2026-09-25 01:38:51.810
2026-09-25 01:22:51,MLAW378J,0101,Natalie Ram,20,20,0,2026-09-25 01:38:52,2026-09-25 01:38:52.148
2026-09-25 01:22:51,MLAW378T,0101,Marley Weiss,20,20,0,2026-09-25 01:38:52,2026-09-25 01:38:52.447
2026-09-25 01:22:51,MLAW388,0101,Brandee Pettus,33,33,0,2026-09-25 01:38:52,2026-09-25 01:38:52.749
2026-09-25 01:22:51,MLAW388,0201,Brandee Pettus,6,6,0,2026-09-25 01:38:52,2026-09-25 01:38:52.749
2026-09-25 01:22:51,MLAW404,0101,Christine White,75,75,0,2026-09-25 01:38:53,2026-09-25 01:38:53.092
2026-09-25 01:22:51,NAVY101,0101,Beau Cisneros,30,30,0,2026-09-25 01:39:28,2026-09-25 01:39:28.547
2026-09-25 01:22:51,NAVY108,0101,Christopher Boehm,150,150,0,2026-09-25 01:39:28,2026-09-25 01:39:28.862
2026-09-25 01:22:51,NAVY201,0101,Austin Cranfill,30,30,0,2026-09-25 01:39:29,2026-09-25 01:39:29.161
2026-09-25 01:22:51,NAVY301,0101,Beau Cisneros,35,35,0,2026-09-25 01:39:29,2026-09-25 01:39:29.489
2026-09-25 01:22:51,NAVY401,0101,John Gonser,36,36,0,2026-09-25 01:39:29,2026-09-25 01:39:29.821
2026-09-25 01:22:51,NAVY402,0102,Jenna Weiner,25,25,0,2026-09-25 01:39:30,2026-09-25 01:39:30.141
2026-09-25 01:22:51,NEUR200,0101,Ana Navarro Cebrian,90,90,0,2026-09-25 01:39:31,2026-09-25 01:39:31.702
2026-09-25 01:22:51,NEUR200,0201,Ana Navarro Cebrian,90,90,0,2026-09-25 01:39:31,2026-09-25 01:39:31.702
2026-09-25 01:22:51,NEUR305,0101,Amanda Chicoli,90,90,0,2026-09-25 01:39:32,2026-09-25 01:39:32.050
2026-09-25 01:22:51,NEUR306,0101,Chan Lin,64,64,0,2026-09-25 01:39:32,2026-09-25 01:39:32.375
2026-09-25 01:22:51,NEUR306,0102,Melissa Caras,40,40,0,2026-09-25 01:39:32,2026-09-25 01:39:32.375
2026-09-25 01:22:51,NEUR338A,0101,Amanda Chicoli,20,20,0,2026-09-25 01:39:33,2026-09-25 01:39:33.015
2026-09-25 01:22:51,NEUR398H,0101,Nikolas Francis,20,20,0,2026-09-25 01:39:33,2026-09-25 01:39:33.976
2026-09-25 01:22:51,NEUR405,0101,Hilary Bierman,16,16,0,2026-09-25 01:39:34,2026-09-25 01:39:34.294
2026-09-25 01:22:51,NEUR405,0102,Hilary Bierman,16,16,0,2026-09-25 01:39:34,2026-09-25 01:39:34.294
2026-09-25 01:22:51,NEUR405,0103,Hilary Bierman,16,16,0,2026-09-25 01:39:34,2026-09-25 01:39:34.294
2026-09-25 01:22:51,NEUR405,0106,Hilary Bierman,16,16,0,2026-09-25 01:39:34,2026-09-25 01:39:34.294
2026-09-25 01:22:51,PEER318,0101,Christina Jay,15,15,0,2026-09-25 01:39:45,2026-09-25 01:39:45.082
2026-09-25 01:22:51,PEER319,0101,Grace Boudreau,15,15,0,2026-09-25 01:39:45,2026-09-25 01:39:45.380
2026-09-25 01:22:51,PEER322,0101,Aleia Gardner,15,15,0,2026-09-25 01:39:45,2026-09-25 01:39:45.691
2026-09-25 01:22:51,PHPE308A,0101,Rachel Singpurwalla,25,25,0,2026-09-25 01:39:58,2026-09-25 01:39:58.822
2026-09-25 01:22:51,PHPE308P,0101,Xinzhi Zhao,30,30,0,2026-09-25 01:39:59,2026-09-25 01:39:59.164
2026-09-25 01:22:51,PHPE308U,0101,Aner Tal,35,35,0,2026-09-25 01:39:59,2026-09-25 01:39:59.487
2026-09-25 01:22:51,PHPE400,0101,Instructor: TBA,30,30,0,2026-09-25 01:40:00,2026-09-25 01:40:00.210
2026-09-25 01:22:51,PHPE401,0101,Xinzhi Zhao,27,27,0,2026-09-25 01:40:00,2026-09-25 01:40:00.570
2026-09-25 01:22:51,PHPE401,0102,Xinzhi Zhao,27,27,0,2026-09-25 01:40:00,2026-09-25 01:40:00.570
2026-09-25 01:22:51,PHPE402,0101,Ben Fan,30,30,0,2026-09-25 01:40:00,2026-09-25 01:40:00.888
2026-09-25 01:22:51,PHPE408M,0101,Nicholas Laskowski,25,25,0,2026-09-25 01:40:01,2026-09-25 01:40:01.217
2026-09-25 01:22:51,PHPE408Z,0101,Avia Pasternak,30,30,0,2026-09-25 01:40:02,2026-09-25 01:40:02.040
2026-09-25 01:22:51,PHSC201,0101,Kayla Hoffman,30,30,0,2026-09-25 01:40:03,2026-09-25 01:40:03.659
2026-09-25 01:22:51,PHSC388F,0101,Jennifer German,30,30,0,2026-09-25 01:40:03,2026-09-25 01:40:03.962
2026-09-25 01:22:51,PHSC399,0101,Shannon Edward,30,30,0,2026-09-25 01:40:05,2026-09-25 01:40:05.605
2026-09-25 01:22:51,PHSC399,ESG1,Shannon Edward,20,20,0,2026-09-25 01:40:05,2026-09-25 01:40:05.606
2026-09-25 01:22:51,PHSC415,0101,Jessica O'Hara,36,36,0,2026-09-25 01:40:05,2026-09-25 01:40:05.955
2026-09-25 01:22:51,PHSC415,0102,Jessica O'Hara,36,36,0,2026-09-25 01:40:05,2026-09-25 01:40:05.955
2026-09-25 01:22:51,PHSC415,0103,Jessica O'Hara,36,36,0,2026-09-25 01:40:05,2026-09-25 01:40:05.956
2026-09-25 01:22:51,PHSC415,0104,Jessica O'Hara,36,36,0,2026-09-25 01:40:05,2026-09-25 01:40:05.956
2026-09-25 01:22:51,PHSC415,0105,Jessica O'Hara,36,36,0,2026-09-25 01:40:05,2026-09-25 01:40:05.956
2026-09-25 01:22:51,PHSC430,0101,Kendall Bustad,35,35,0,2026-09-25 01:40:06,2026-09-25 01:40:06.271
2026-09-25 01:22:51,PHSC430,ESG1,Kendall Bustad,8,8,0,2026-09-25 01:40:06,2026-09-25 01:40:06.271
2026-09-25 01:22:51,PHSC450,0101,Kendall Bustad,20,20,0,2026-09-25 01:40:06,2026-09-25 01:40:06.617
2026-09-25 01:22:51,PHSC450,0102,Kendall Bustad,20,20,0,2026-09-25 01:40:06,2026-09-25 01:40:06.618
2026-09-25 01:22:51,PHSC450,0103,Kendall Bustad,20,20,0,2026-09-25 01:40:06,2026-09-25 01:40:06.618
2026-09-25 01:22:51,PHSC450,0104,Kendall Bustad,20,20,0,2026-09-25 01:40:06,2026-09-25 01:40:06.618
2026-09-25 01:22:51,PHSC450,0105,Kendall Bustad,20,20,0,2026-09-25 01:40:06,2026-09-25 01:40:06.618
2026-09-25 01:22:51,PHSC450,0106,Kendall Bustad,20,20,0,2026-09-25 01:40:06,2026-09-25 01:40:06.618
2026-09-25 01:22:51,PHSC450,0107,Kendall Bustad,20,20,0,2026-09-25 01:40:06,2026-09-25 01:40:06.618
2026-09-25 01:22:51,PHSC450,ESG1,Kendall Bustad,35,35,0,2026-09-25 01:40:06,2026-09-25 01:40:06.618
2026-09-25 01:22:51,PHSC490,0101,Shannon Edward,30,30,0,2026-09-25 01:40:06,2026-09-25 01:40:06.929
2026-09-25 01:22:51,PHSC497,0101,Gretchen De Silva,20,20,0,2026-09-25 01:40:07,2026-09-25 01:40:07.266
2026-09-25 01:22:51,PHSC497,0201,Kendall Bustad,20,20,0,2026-09-25 01:40:07,2026-09-25 01:40:07.266
2026-09-25 01:22:51,PHSC497,0301,Gretchen De Silva,20,20,0,2026-09-25 01:40:07,2026-09-25 01:40:07.266
2026-09-25 01:22:51,PHSC497,0401,Aysha Jawed,20,20,0,2026-09-25 01:40:07,2026-09-25 01:40:07.266
2026-09-25 01:22:51,PHSC497,0501,Jennifer German,20,20,0,2026-09-25 01:40:07,2026-09-25 01:40:07.266
2026-09-25 01:22:51,PHSC497,0601,Carmen Booker,20,20,0,2026-09-25 01:40:07,2026-09-25 01:40:07.266
2026-09-25 01:22:51,PHSC497,0701,Lakeshia Watson,20,20,0,2026-09-25 01:40:07,2026-09-25 01:40:07.267
2026-09-25 01:22:51,PHSC497,0801,Lakeshia Watson,20,20,0,2026-09-25 01:40:07,2026-09-25 01:40:07.267
2026-09-25 01:22:51,PHSC497,0901,Darya Soltani,20,20,0,2026-09-25 01:40:07,2026-09-25 01:40:07.267
2026-09-25 01:22:51,PHSC497,1001,Brienna Anderson,20,20,0,2026-09-25 01:40:07,2026-09-25 01:40:07.267
2026-09-25 01:22:51,PHSC497,1101,Margaret Smith,20,20,0,2026-09-25 01:40:07,2026-09-25 01:40:07.267
2026-09-25 01:22:51,PHSC497,1201,Eric Silfen,20,20,0,2026-09-25 01:40:07,2026-09-25 01:40:07.267
2026-09-25 01:22:51,PHSC497,1301,Lakeshia Watson,20,20,0,2026-09-25 01:40:07,2026-09-25 01:40:07.267
2026-09-25 01:22:51,PHSC497,ESG1,Ann Truelove,20,20,0,2026-09-25 01:40:07,2026-09-25 01:40:07.268
2026-09-25 01:22:51,RDEV250,0101,Wayne Ricardo Curtis,75,75,0,2026-09-25 01:41:08,2026-09-25 01:41:08.274
2026-09-25 01:22:51,RDEV250,0102,Wayne Ricardo Curtis,75,75,0,2026-09-25 01:41:08,2026-09-25 01:41:08.275
2026-09-25 01:22:51,RDEV270,0101,John Park,30,30,0,2026-09-25 01:41:08,2026-09-25 01:41:08.609
2026-09-25 01:22:51,RDEV350,0101,Jesse Saginor,25,25,0,2026-09-25 01:41:08,2026-09-25 01:41:08.917
2026-09-25 01:22:51,RDEV350,0102,Instructor: TBA,30,30,0,2026-09-25 01:41:08,2026-09-25 01:41:08.917
2026-09-25 01:22:51,RDEV410,0101,Peter Goldsmith,30,30,0,2026-09-25 01:41:09,2026-09-25 01:41:09.215
2026-09-25 01:22:51,RDEV415,0101,Bilal Ali,20,20,0,2026-09-25 01:41:09,2026-09-25 01:41:09.547
2026-09-25 01:22:51,RDEV445,0101,Matthew O'Malley,15,15,0,2026-09-25 01:41:09,2026-09-25 01:41:09.848
2026-09-25 01:22:51,RDEV450,0101,Kathryn Corby,30,30,0,2026-09-25 01:41:10,2026-09-25 01:41:10.187
2026-09-25 01:22:51,RDEV450,0102,Thomas Dwyer,20,20,0,2026-09-25 01:41:10,2026-09-25 01:41:10.187
2026-09-25 01:22:51,RDEV450,0103,John Park,30,30,0,2026-09-25 01:41:10,2026-09-25 01:41:10.187
2026-09-25 01:22:51,RDEV478D,0101,Jesse Saginor,20,20,0,2026-09-25 01:41:10,2026-09-25 01:41:10.493
2026-09-25 01:22:51,RDEV600,0101,Jesse Saginor,10,10,0,2026-09-25 01:41:10,2026-09-25 01:41:10.802
2026-09-25 01:22:51,RDEV603,0101,Thomas Dwyer,18,18,0,2026-09-25 01:41:11,2026-09-25 01:41:11.124
2026-09-25 01:22:51,RDEV610,0101,David Warner,20,20,0,2026-09-25 01:41:11,2026-09-25 01:41:11.443
2026-09-25 01:22:51,RDEV615,0101,Bilal Ali,20,20,0,2026-09-25 01:41:11,2026-09-25 01:41:11.751
2026-09-25 01:22:51,RDEV630,0101,Mansur Abdul-Malik,30,30,0,2026-09-25 01:41:12,2026-09-25 01:41:12.063
2026-09-25 01:22:51,RDEV650,0101,Matthew O'Malley,25,25,0,2026-09-25 01:41:12,2026-09-25 01:41:12.375
2026-09-25 01:22:51,RDEV689F,0101,Zachary Marks,20,20,0,2026-09-25 01:41:12,2026-09-25 01:41:12.710
2026-09-25 01:22:51,RDEV689I,0101,Ronald McDonald,14,14,0,2026-09-25 01:41:13,2026-09-25 01:41:13.030
2026-09-25 01:22:51,RDEV689R,0101,Nick Egelanian,15,15,0,2026-09-25 01:41:13,2026-09-25 01:41:13.377
2026-09-25 01:22:51,RDEV689Y,0101,Instructor: TBA,12,12,0,2026-09-25 01:41:13,2026-09-25 01:41:13.697
2026-09-25 01:22:51,RDEV690,0101,Tanya Bansal,12,12,0,2026-09-25 01:41:14,2026-09-25 01:41:14.024
2026-09-25 01:22:51,RELS170,0101,Katherine Wasdin,21,21,0,2026-09-25 01:41:15,2026-09-25 01:41:15.629
2026-09-25 01:22:51,RELS170,0102,Katherine Wasdin,21,21,0,2026-09-25 01:41:15,2026-09-25 01:41:15.630
2026-09-25 01:22:51,RELS170,0103,Katherine Wasdin,21,21,0,2026-09-25 01:41:15,2026-09-25 01:41:15.630
2026-09-25 01:22:51,RELS170,0104,Katherine Wasdin,21,21,0,2026-09-25 01:41:15,2026-09-25 01:41:15.630
2026-09-25 01:22:51,RELS170,0105,Katherine Wasdin,21,21,0,2026-09-25 01:41:15,2026-09-25 01:41:15.630
2026-09-25 01:22:51,RELS170,0106,Katherine Wasdin,21,21,0,2026-09-25 01:41:15,2026-09-25 01:41:15.630
2026-09-25 01:22:51,RELS170,0107,Katherine Wasdin,21,21,0,2026-09-25 01:41:15,2026-09-25 01:41:15.630
2026-09-25 01:22:51,RELS170,0108,Katherine Wasdin,21,21,0,2026-09-25 01:41:15,2026-09-25 01:41:15.630
2026-09-25 01:22:51,RELS170,0109,Katherine Wasdin,21,21,0,2026-09-25 01:41:15,2026-09-25 01:41:15.631
2026-09-25 01:22:51,RELS264,0101,Jay Moses,30,30,0,2026-09-25 01:41:15,2026-09-25 01:41:15.963
2026-09-25 01:22:51,RELS271,0101,Instructor: TBA,40,40,0,2026-09-25 01:41:16,2026-09-25 01:41:16.282
2026-09-25 01:22:51,RELS319Q,0101,Regev Ben-David,35,35,0,2026-09-25 01:41:16,2026-09-25 01:41:16.612
2026-09-25 01:22:51,RELS342,0101,Stefano Villani,27,27,0,2026-09-25 01:41:16,2026-09-25 01:41:16.931
2026-09-25 01:22:51,RELS427,0101,Matthew Suriano,15,15,0,2026-09-25 01:41:17,2026-09-25 01:41:17.238
2026-09-25 01:22:51,RELS429M,0101,Antoine Borrut,27,27,0,2026-09-25 01:41:17,2026-09-25 01:41:17.533
2026-09-25 01:22:51,RUSS102,0101,Inna Hardman,15,15,0,2026-09-25 01:41:19,2026-09-25 01:41:19.184
2026-09-25 01:22:51,RUSS102,0201,Inna Hardman,15,15,0,2026-09-25 01:41:19,2026-09-25 01:41:19.184
2026-09-25 01:22:51,RUSS202,0101,Zhanna Gerus-Vernola,15,15,0,2026-09-25 01:41:19,2026-09-25 01:41:19.493
2026-09-25 01:22:51,RUSS302,0101,Izolda Savenkova,15,15,0,2026-09-25 01:41:19,2026-09-25 01:41:19.815
2026-09-25 01:22:51,RUSS398A,0101,Instructor: TBA,15,15,0,2026-09-25 01:41:20,2026-09-25 01:41:20.453
2026-09-25 01:22:51,RUSS398F,0101,Elizabeth Papazian,25,25,0,2026-09-25 01:41:20,2026-09-25 01:41:20.788
2026-09-25 01:22:51,RUSS406,0101,Izolda Savenkova,15,15,0,2026-09-25 01:41:21,2026-09-25 01:41:21.413
2026-09-25 01:22:51,RUSS412,0101,Inna Hardman,15,15,0,2026-09-25 01:41:21,2026-09-25 01:41:21.724
2026-09-25 01:22:51,SDSB123,0101,Srijeeta Mitra,26,26,0,2026-09-25 01:41:23,2026-09-25 01:41:23.609
2026-09-25 01:22:51,SDSB180,0101,Srijeeta Mitra,155,155,0,2026-09-25 01:41:23,2026-09-25 01:41:23.942
2026-09-25 01:22:51,SDSB233,0101,Richard Engstrom,28,28,0,2026-09-25 01:41:24,2026-09-25 01:41:24.263
2026-09-25 01:22:51,SDSB233,0102,Richard Engstrom,28,28,0,2026-09-25 01:41:24,2026-09-25 01:41:24.263
2026-09-25 01:22:51,SDSB326,0101,Jacob Coutts,40,40,0,2026-09-25 01:41:24,2026-09-25 01:41:24.594
2026-09-25 01:22:51,SDSB340,0101,Neil Lund,24,24,0,2026-09-25 01:41:24,2026-09-25 01:41:24.935
2026-09-25 01:22:51,SDSI414,0101,Instructor: TBA,40,40,0,2026-09-25 01:41:26,2026-09-25 01:41:26.580
2026-09-25 01:22:51,SDSI414,0102,Instructor: TBA,40,40,0,2026-09-25 01:41:26,2026-09-25 01:41:26.580
2026-09-25 01:22:51,SDSI414,0103,Instructor: TBA,40,40,0,2026-09-25 01:41:26,2026-09-25 01:41:26.580
2026-09-25 01:22:51,SDSI414,0201,Instructor: TBA,40,40,0,2026-09-25 01:41:26,2026-09-25 01:41:26.580
2026-09-25 01:22:51,SDSI414,0202,Instructor: TBA,40,40,0,2026-09-25 01:41:26,2026-09-25 01:41:26.581
2026-09-25 01:22:51,SDSI492,0101,Instructor: TBA,29,29,0,2026-09-25 01:41:26,2026-09-25 01:41:26.918
2026-09-25 01:22:51,SDSI492,0102,Instructor: TBA,25,25,0,2026-09-25 01:41:26,2026-09-25 01:41:26.918
2026-09-25 01:22:51,SDSI492,0103,Instructor: TBA,25,25,0,2026-09-25 01:41:26,2026-09-25 01:41:26.918
2026-09-25 01:22:51,SDSI492,0104,Instructor: TBA,20,20,0,2026-09-25 01:41:26,2026-09-25 01:41:26.918
2026-09-25 01:22:51,SDSI492,0105,Instructor: TBA,50,50,0,2026-09-25 01:41:26,2026-09-25 01:41:26.918
2026-09-25 01:22:51,SDSI492,0107,Instructor: TBA,25,25,0,2026-09-25 01:41:26,2026-09-25 01:41:26.918
2026-09-25 01:22:51,SDSI492,0108,Instructor: TBA,25,25,0,2026-09-25 01:41:26,2026-09-25 01:41:26.919
2026-09-25 01:22:51,SDSI492,0110,Instructor: TBA,25,25,0,2026-09-25 01:41:26,2026-09-25 01:41:26.919
2026-09-25 01:22:51,SDSI496,0101,Jacob Coutts,25,25,0,2026-09-25 01:41:27,2026-09-25 01:41:27.231
2026-09-25 01:22:51,SLLC286,0101,Andrew Schonebaum,60,60,0,2026-09-25 01:41:30,2026-09-25 01:41:30.718
2026-09-25 01:22:51,SLLC287,0101,Sean Pue,20,20,0,2026-09-25 01:41:31,2026-09-25 01:41:31.027
2026-09-25 01:22:51,SLLC305,0101,Nahal Akbari-Saneh,25,25,0,2026-09-25 01:41:31,2026-09-25 01:41:31.337
2026-09-25 01:22:51,SLLC309,0101,Ahmed Hanafy,10,10,0,2026-09-25 01:41:31,2026-09-25 01:41:31.684
2026-09-25 01:22:51,SLLC309,0102,Ahmed Hanafy,10,10,0,2026-09-25 01:41:31,2026-09-25 01:41:31.684
2026-09-25 01:22:51,SLLC309,0103,Ahmed Hanafy,10,10,0,2026-09-25 01:41:31,2026-09-25 01:41:31.684
2026-09-25 01:22:51,SLLC309,0104,Ahmed Hanafy,10,10,0,2026-09-25 01:41:31,2026-09-25 01:41:31.684
2026-09-25 01:22:51,SLLC309,0105,Ahmed Hanafy,10,10,0,2026-09-25 01:41:31,2026-09-25 01:41:31.684
2026-09-25 01:22:51,SLLC309,0106,Ahmed Hanafy,10,10,0,2026-09-25 01:41:31,2026-09-25 01:41:31.684
2026-09-25 01:22:51,SLLC309,0107,Ahmed Hanafy,10,10,0,2026-09-25 01:41:31,2026-09-25 01:41:31.685
2026-09-25 01:22:51,SLLC309,0108,Ahmed Hanafy,10,10,0,2026-09-25 01:41:31,2026-09-25 01:41:31.685
2026-09-25 01:22:51,SLLC309,0109,Ahmed Hanafy,10,10,0,2026-09-25 01:41:31,2026-09-25 01:41:31.685
2026-09-25 01:22:51,SLLC309,0110,Ahmed Hanafy,10,10,0,2026-09-25 01:41:31,2026-09-25 01:41:31.685
2026-09-25 01:22:51,SLLC309,0111,Ahmed Hanafy,10,10,0,2026-09-25 01:41:31,2026-09-25 01:41:31.685
2026-09-25 01:22:51,SLLC329,0101,Marilyn Matar,10,10,0,2026-09-25 01:41:31,2026-09-25 01:41:32.009
2026-09-25 01:22:51,SLLC329,0102,Marilyn Matar,10,10,0,2026-09-25 01:41:31,2026-09-25 01:41:32.009
2026-09-25 01:22:51,SLLC329,0103,Marilyn Matar,20,20,0,2026-09-25 01:41:31,2026-09-25 01:41:32.009
2026-09-25 01:22:51,SLLC329,0104,Marilyn Matar,10,10,0,2026-09-25 01:41:31,2026-09-25 01:41:32.009
2026-09-25 01:22:51,SLLC329,0105,Marilyn Matar,10,10,0,2026-09-25 01:41:31,2026-09-25 01:41:32.009
2026-09-25 01:22:51,SLLC329,0106,Marilyn Matar,10,10,0,2026-09-25 01:41:31,2026-09-25 01:41:32.009
2026-09-25 01:22:51,SLLC329,0107,Marilyn Matar,10,10,0,2026-09-25 01:41:31,2026-09-25 01:41:32.010
2026-09-25 01:22:51,SLLC329,0108,Marilyn Matar,10,10,0,2026-09-25 01:41:31,2026-09-25 01:41:32.010
2026-09-25 01:22:51,SLLC329,0109,Marilyn Matar,10,10,0,2026-09-25 01:41:31,2026-09-25 01:41:32.010
2026-09-25 01:22:51,SLLC329,0110,Marilyn Matar,20,20,0,2026-09-25 01:41:31,2026-09-25 01:41:32.010
2026-09-25 01:22:51,SMLP471,0101,Jennifer Hsin,60,60,0,2026-09-25 01:41:33,2026-09-25 01:41:33.578
2026-09-25 01:22:51,SMLP474,0101,Sara Herald,60,60,0,2026-09-25 01:41:33,2026-09-25 01:41:33.908
2026-09-25 01:22:51,SPHL100,0101,Shuling Wu,20,20,0,2026-09-25 01:42:03,2026-09-25 01:42:03.693
2026-09-25 01:22:51,SPHL100,0102,Shuling Wu,20,20,0,2026-09-25 01:42:03,2026-09-25 01:42:03.693
2026-09-25 01:22:51,SPHL100,0103,Shuling Wu,20,20,0,2026-09-25 01:42:03,2026-09-25 01:42:03.693
2026-09-25 01:22:51,SPHL100,0104,Shuling Wu,20,20,0,2026-09-25 01:42:03,2026-09-25 01:42:03.694
2026-09-25 01:22:51,SPHL100,0105,Shuling Wu,20,20,0,2026-09-25 01:42:03,2026-09-25 01:42:03.694
2026-09-25 01:22:51,SPHL100,0106,Shuling Wu,20,20,0,2026-09-25 01:42:03,2026-09-25 01:42:03.694
2026-09-25 01:22:51,SPHL100,0107,Shuling Wu,20,20,0,2026-09-25 01:42:03,2026-09-25 01:42:03.694
2026-09-25 01:22:51,SPHL100,0108,Shuling Wu,20,20,0,2026-09-25 01:42:03,2026-09-25 01:42:03.694
2026-09-25 01:22:51,SPHL100,0109,Shuling Wu,20,20,0,2026-09-25 01:42:03,2026-09-25 01:42:03.694
2026-09-25 01:22:51,SPHL100,0110,Shuling Wu,20,20,0,2026-09-25 01:42:03,2026-09-25 01:42:03.694
2026-09-25 01:22:51,SPHL100,0201,Shuling Wu,20,20,0,2026-09-25 01:42:03,2026-09-25 01:42:03.695
2026-09-25 01:22:51,SPHL100,0202,Shuling Wu,20,20,0,2026-09-25 01:42:03,2026-09-25 01:42:03.695
2026-09-25 01:22:51,SPHL100,0203,Shuling Wu,20,20,0,2026-09-25 01:42:03,2026-09-25 01:42:03.695
2026-09-25 01:22:51,SPHL100,0204,Shuling Wu,20,20,0,2026-09-25 01:42:03,2026-09-25 01:42:03.695
2026-09-25 01:22:51,SPHL100,0205,Shuling Wu,20,20,0,2026-09-25 01:42:03,2026-09-25 01:42:03.695
2026-09-25 01:22:51,SPHL100,0206,Shuling Wu,20,20,0,2026-09-25 01:42:03,2026-09-25 01:42:03.695
2026-09-25 01:22:51,SPHL100,0207,Shuling Wu,20,20,0,2026-09-25 01:42:03,2026-09-25 01:42:03.695
2026-09-25 01:22:51,SPHL100,0208,Shuling Wu,20,20,0,2026-09-25 01:42:03,2026-09-25 01:42:03.696
2026-09-25 01:22:51,SPHL246,0101,April Khaing,20,20,0,2026-09-25 01:42:04,2026-09-25 01:42:04.045
2026-09-25 01:22:51,SPHL276,0101,Dina Borzekowski,25,25,0,2026-09-25 01:42:04,2026-09-25 01:42:04.575
2026-09-25 01:22:51,SPHL321,0101,Sylvette La Touche-Howard,15,15,0,2026-09-25 01:42:04,2026-09-25 01:42:04.905
2026-09-25 01:22:51,SPHL333,0101,Cynthia Kershaw,75,75,0,2026-09-25 01:42:05,2026-09-25 01:42:05.249
2026-09-25 01:22:51,SPHL478,0101,Tracy Zeeger,10,10,0,2026-09-25 01:42:06,2026-09-25 01:42:06.058
2026-09-25 01:22:51,SPHL600,0101,Sylvette La Touche-Howard,8,8,0,2026-09-25 01:42:06,2026-09-25 01:42:06.381
2026-09-25 01:22:51,SPHL610,0101,Danielle Catona,22,22,0,2026-09-25 01:42:06,2026-09-25 01:42:06.707
2026-09-25 01:22:51,SPHL610,0102,Danielle Catona,22,22,0,2026-09-25 01:42:06,2026-09-25 01:42:06.707
2026-09-25 01:22:51,SPHL610,0103,Danielle Catona,22,22,0,2026-09-25 01:42:06,2026-09-25 01:42:06.707
2026-09-25 01:22:51,SPHL610,PLB1,Priscilla Novak,20,20,0,2026-09-25 01:42:06,2026-09-25 01:42:06.707
2026-09-25 01:22:51,SPHL610,PLH1,Priscilla Novak,28,28,0,2026-09-25 01:42:06,2026-09-25 01:42:06.707
2026-09-25 01:22:51,SPHL610,PLK1,Priscilla Novak,5,5,0,2026-09-25 01:42:06,2026-09-25 01:42:06.708
2026-09-25 01:22:51,SPHL611,0101,Danielle Catona,45,45,0,2026-09-25 01:42:07,2026-09-25 01:42:07.032
2026-09-25 01:22:51,SPHL611,0201,Danielle Catona,45,45,0,2026-09-25 01:42:07,2026-09-25 01:42:07.032
2026-09-25 01:22:51,SPHL611,PLB1,Evelyn King-Marshall,20,20,0,2026-09-25 01:42:07,2026-09-25 01:42:07.032
2026-09-25 01:22:51,SPHL611,PLH1,Evelyn King-Marshall,28,28,0,2026-09-25 01:42:07,2026-09-25 01:42:07.032
2026-09-25 01:22:51,SPHL611,PLK1,Evelyn King-Marshall,5,5,0,2026-09-25 01:42:07,2026-09-25 01:42:07.032
2026-09-25 01:22:51,SPHL612,0101,James Hagberg,15,15,0,2026-09-25 01:42:07,2026-09-25 01:42:07.334
2026-09-25 01:22:51,TLTC310,0101,Sarah Kistner,20,20,0,2026-09-25 01:42:38,2026-09-25 01:42:38.575
2026-09-25 01:22:51,TLTC333,0101,Mona Thompson,55,55,0,2026-09-25 01:42:38,2026-09-25 01:42:38.900
2026-09-25 01:22:51,TLTC333,0102,Mona Thompson,55,55,0,2026-09-25 01:42:38,2026-09-25 01:42:38.900
2026-09-25 01:22:51,TLTC333,0105,Mona Thompson,55,55,0,2026-09-25 01:42:38,2026-09-25 01:42:38.901
2026-09-25 01:22:51,URSP372,0101,Priscila Alves,20,20,0,2026-09-25 01:42:47,2026-09-25 01:42:47.296
2026-09-25 01:22:51,URSP600,0101,Kevin Nelson,25,25,0,2026-09-25 01:42:47,2026-09-25 01:42:47.632
2026-09-25 01:22:51,URSP603,0101,Dawn Jourdan,33,33,0,2026-09-25 01:42:47,2026-09-25 01:42:47.935
2026-09-25 01:22:51,URSP606,0101,Chengri Ding,15,15,0,2026-09-25 01:42:48,2026-09-25 01:42:48.261
2026-09-25 01:22:51,URSP631,0101,Hiroyuki Iseki,15,15,0,2026-09-25 01:42:48,2026-09-25 01:42:48.562
2026-09-25 01:22:51,URSP668B,0101,Eric Burnstein,20,20,0,2026-09-25 01:42:48,2026-09-25 01:42:48.890
2026-09-25 01:22:51,URSP673,0101,Riem ElZoghbi,25,25,0,2026-09-25 01:42:49,2026-09-25 01:42:49.197
2026-09-25 01:22:51,URSP688M,0101,Andrew Bernish,20,20,0,2026-09-25 01:42:49,2026-09-25 01:42:49.509
2026-09-25 01:22:51,URSP688P,0101,Sonja Ewing,15,15,0,2026-09-25 01:42:49,2026-09-25 01:42:49.839
2026-09-25 01:22:51,URSP688Y,0101,Chester Harvey,30,30,0,2026-09-25 01:42:50,2026-09-25 01:42:50.505
2026-09-25 01:22:51,URSP708,0101,Nicholas Finio,10,10,0,2026-09-25 01:42:50,2026-09-25 01:42:50.837
2026-09-25 01:22:51,URSP709,0101,Casey Dawkins,10,10,0,2026-09-25 01:42:51,2026-09-25 01:42:51.134
2026-09-25 01:22:51,URSP805,0101,Casey Dawkins,15,15,0,2026-09-25 01:42:52,2026-09-25 01:42:52.354
2026-09-25 01:22:51,USLT202,0101,Robert Chester,26,26,0,2026-09-25 01:42:54,2026-09-25 01:42:54.562
2026-09-25 01:22:51,USLT403,0101,Perla Guerrero,20,20,0,2026-09-25 01:42:54,2026-09-25 01:42:54.891
2026-09-25 01:22:51,USLT420,0101,Robert Chester,27,27,0,2026-09-25 01:42:55,2026-09-25 01:42:55.209
2026-09-25 01:22:51,USLT488,0101,Nancy Mirabal,30,30,0,2026-09-25 01:42:55,2026-09-25 01:42:55.700
2026-09-25 01:22:51,USLT498L,0101,Fernando Rios,12,12,0,2026-09-25 01:42:55,2026-09-25 01:42:56.002
2026-09-25 01:22:51,VIPS208,0102,Ken Kiger,10,10,0,2026-09-25 01:42:57,2026-09-25 01:42:57.678
2026-09-25 01:22:51,VIPS208,0103,Bryan Quinn,10,10,0,2026-09-25 01:42:57,2026-09-25 01:42:57.678
2026-09-25 01:22:51,VIPS208,0104,Ryan Sochol,10,10,0,2026-09-25 01:42:57,2026-09-25 01:42:57.678
2026-09-25 01:22:51,VIPS208,0105,Molly Carton,10,10,0,2026-09-25 01:42:57,2026-09-25 01:42:57.679
2026-09-25 01:22:51,VIPS208,0106,James Baeder,11,11,0,2026-09-25 01:42:57,2026-09-25 01:42:57.679
2026-09-25 01:22:51,VIPS208,0107,Catherine Spirito,10,10,0,2026-09-25 01:42:57,2026-09-25 01:42:57.679
2026-09-25 01:22:51,VIPS208,0108,Ronald Yaros,10,10,0,2026-09-25 01:42:57,2026-09-25 01:42:57.679
2026-09-25 01:22:51,VIPS208,0109,Carinna Ferguson,10,10,0,2026-09-25 01:42:57,2026-09-25 01:42:57.679
2026-09-25 01:22:51,VIPS208,0110,Tracy Riggins,10,10,0,2026-09-25 01:42:57,2026-09-25 01:42:57.679
2026-09-25 01:22:51,VIPS208,0111,Kevin Calabro,10,10,0,2026-09-25 01:42:57,2026-09-25 01:42:57.679
2026-09-25 01:22:51,VIPS208,0112,Raffaele Viglianti,10,10,0,2026-09-25 01:42:57,2026-09-25 01:42:57.680
2026-09-25 01:22:51,VIPS208,0113,Shabnam Jabeen,10,10,0,2026-09-25 01:42:57,2026-09-25 01:42:57.680
2026-09-25 01:22:51,VIPS208,0114,Ning Zeng,10,10,0,2026-09-25 01:42:57,2026-09-25 01:42:57.680
2026-09-25 01:22:51,VIPS208,0115,Veronica Kang,10,10,0,2026-09-25 01:42:57,2026-09-25 01:42:57.680
2026-09-25 01:22:51,VIPS208,0116,David Stewart,10,10,0,2026-09-25 01:42:57,2026-09-25 01:42:57.680
2026-09-25 01:22:51,VIPS208,0117,Meredith Epstein,10,10,0,2026-09-25 01:42:57,2026-09-25 01:42:57.680
2026-09-25 01:22:51,VIPS208,0118,Magaly Toro Ibaceta,10,10,0,2026-09-25 01:42:57,2026-09-25 01:42:57.681
2026-09-25 01:22:51,VIPS208,0120,Marisa Parham,10,10,0,2026-09-25 01:42:57,2026-09-25 01:42:57.681
2026-09-25 01:22:51,VIPS208,0121,Becky Epanchin-Niell,10,10,0,2026-09-25 01:42:57,2026-09-25 01:42:57.681
2026-09-25 01:22:51,VIPS208,0122,Timothy Reedy,10,10,0,2026-09-25 01:42:57,2026-09-25 01:42:57.681
2026-09-25 01:22:51,VIPS208,0123,Lingnan Lin,10,10,0,2026-09-25 01:42:57,2026-09-25 01:42:57.681
2026-09-25 01:22:51,VIPS208,0124,Jeffrey Moro,10,10,0,2026-09-25 01:42:57,2026-09-25 01:42:57.681
2026-09-25 01:22:51,VIPS208,0125,Peter Sunderland,10,10,0,2026-09-25 01:42:57,2026-09-25 01:42:57.681
2026-09-25 01:22:51,VIPS208,0126,Brienna Anderson,10,10,0,2026-09-25 01:42:57,2026-09-25 01:42:57.682
2026-09-25 01:22:51,VIPS308,0102,Ken Kiger,10,10,0,2026-09-25 01:42:57,2026-09-25 01:42:58.101
2026-09-25 01:22:51,VIPS308,0103,Bryan Quinn,13,13,0,2026-09-25 01:42:57,2026-09-25 01:42:58.101
2026-09-25 01:22:51,VIPS308,0104,Ryan Sochol,10,10,0,2026-09-25 01:42:57,2026-09-25 01:42:58.101
2026-09-25 01:22:51,VIPS308,0105,Molly Carton,10,10,0,2026-09-25 01:42:57,2026-09-25 01:42:58.101
2026-09-25 01:22:51,VIPS308,0106,James Baeder,10,10,0,2026-09-25 01:42:57,2026-09-25 01:42:58.101
2026-09-25 01:22:51,VIPS308,0107,Catherine Spirito,10,10,0,2026-09-25 01:42:57,2026-09-25 01:42:58.102
2026-09-25 01:22:51,VIPS308,0108,Ronald Yaros,10,10,0,2026-09-25 01:42:57,2026-09-25 01:42:58.102
2026-09-25 01:22:51,VIPS308,0109,Carinna Ferguson,10,10,0,2026-09-25 01:42:57,2026-09-25 01:42:58.102
2026-09-25 01:22:51,VIPS308,0110,Tracy Riggins,10,10,0,2026-09-25 01:42:57,2026-09-25 01:42:58.102
2026-09-25 01:22:51,VIPS308,0111,Kevin Calabro,10,10,0,2026-09-25 01:42:57,2026-09-25 01:42:58.102
2026-09-25 01:22:51,VIPS308,0112,Raffaele Viglianti,10,10,0,2026-09-25 01:42:57,2026-09-25 01:42:58.102
2026-09-25 01:22:51,VIPS308,0113,Shabnam Jabeen,10,10,0,2026-09-25 01:42:57,2026-09-25 01:42:58.102
2026-09-25 01:22:51,VIPS308,0114,Ning Zeng,10,10,0,2026-09-25 01:42:57,2026-09-25 01:42:58.103
2026-09-25 01:22:51,VIPS308,0115,Veronica Kang,10,10,0,2026-09-25 01:42:57,2026-09-25 01:42:58.103
2026-09-25 01:22:51,VIPS308,0116,David Stewart,10,10,0,2026-09-25 01:42:57,2026-09-25 01:42:58.103
2026-09-25 01:22:51,VIPS308,0117,Meredith Epstein,10,10,0,2026-09-25 01:42:57,2026-09-25 01:42:58.103
2026-09-25 01:22:51,VIPS308,0118,Magaly Toro Ibaceta,10,10,0,2026-09-25 01:42:57,2026-09-25 01:42:58.103
2026-09-25 01:22:51,VIPS308,0120,Marisa Parham,10,10,0,2026-09-25 01:42:57,2026-09-25 01:42:58.103
2026-09-25 01:22:51,VIPS308,0121,Becky Epanchin-Niell,10,10,0,2026-09-25 01:42:57,2026-09-25 01:42:58.103
2026-09-25 01:22:51,VIPS308,0122,Timothy Reedy,10,10,0,2026-09-25 01:42:57,2026-09-25 01:42:58.104
2026-09-25 01:22:51,VIPS308,0123,Lingnan Lin,10,10,0,2026-09-25 01:42:57,2026-09-25 01:42:58.104
2026-09-25 01:22:51,VIPS308,0124,Jeffrey Moro,10,10,0,2026-09-25 01:42:57,2026-09-25 01:42:58.104
2026-09-25 01:22:51,VIPS308,0125,Peter Sunderland,10,10,0,2026-09-25 01:42:57,2026-09-25 01:42:58.104
2026-09-25 01:22:51,VIPS308,0126,Brienna Anderson,10,10,0,2026-09-25 01:42:57,2026-09-25 01:42:58.104
2026-09-25 01:22:51,VIPS408,0102,Ken Kiger,10,10,0,2026-09-25 01:42:58,2026-09-25 01:42:58.464
2026-09-25 01:22:51,VIPS408,0103,Bryan Quinn,10,10,0,2026-09-25 01:42:58,2026-09-25 01:42:58.464
2026-09-25 01:22:51,VIPS408,0104,Ryan Sochol,10,10,0,2026-09-25 01:42:58,2026-09-25 01:42:58.464
2026-09-25 01:22:51,VIPS408,0105,Molly Carton,10,10,0,2026-09-25 01:42:58,2026-09-25 01:42:58.464
2026-09-25 01:22:51,VIPS408,0106,James Baeder,10,10,0,2026-09-25 01:42:58,2026-09-25 01:42:58.464
2026-09-25 01:22:51,VIPS408,0107,Catherine Spirito,10,10,0,2026-09-25 01:42:58,2026-09-25 01:42:58.464
2026-09-25 01:22:51,VIPS408,0108,Ronald Yaros,10,10,0,2026-09-25 01:42:58,2026-09-25 01:42:58.465
2026-09-25 01:22:51,VIPS408,0109,Carinna Ferguson,10,10,0,2026-09-25 01:42:58,2026-09-25 01:42:58.465
2026-09-25 01:22:51,VIPS408,0110,Tracy Riggins,10,10,0,2026-09-25 01:42:58,2026-09-25 01:42:58.465
2026-09-25 01:22:51,VIPS408,0111,Kevin Calabro,10,10,0,2026-09-25 01:42:58,2026-09-25 01:42:58.465
2026-09-25 01:22:51,VIPS408,0112,Raffaele Viglianti,10,10,0,2026-09-25 01:42:58,2026-09-25 01:42:58.465
2026-09-25 01:22:51,VIPS408,0113,Shabnam Jabeen,10,10,0,2026-09-25 01:42:58,2026-09-25 01:42:58.465
2026-09-25 01:22:51,VIPS408,0114,Ning Zeng,10,10,0,2026-09-25 01:42:58,2026-09-25 01:42:58.465
2026-09-25 01:22:51,VIPS408,0115,Veronica Kang,10,10,0,2026-09-25 01:42:58,2026-09-25 01:42:58.466
2026-09-25 01:22:51,VIPS408,0116,David Stewart,10,10,0,2026-09-25 01:42:58,2026-09-25 01:42:58.466
2026-09-25 01:22:51,VIPS408,0117,Meredith Epstein,10,10,0,2026-09-25 01:42:58,2026-09-25 01:42:58.466
2026-09-25 01:22:51,VIPS408,0118,Magaly Toro Ibaceta,10,10,0,2026-09-25 01:42:58,2026-09-25 01:42:58.466
2026-09-25 01:22:51,VIPS408,0120,Marisa Parham,10,10,0,2026-09-25 01:42:58,2026-09-25 01:42:58.466
2026-09-25 01:22:51,VIPS408,0121,Becky Epanchin-Niell,10,10,0,2026-09-25 01:42:58,2026-09-25 01:42:58.466
2026-09-25 01:22:51,VIPS408,0122,Timothy Reedy,10,10,0,2026-09-25 01:42:58,2026-09-25 01:42:58.466
2026-09-25 01:22:51,VIPS408,0123,Lingnan Lin,10,10,0,2026-09-25 01:42:58,2026-09-25 01:42:58.467
2026-09-25 01:22:51,VIPS408,0124,Jeffrey Moro,10,10,0,2026-09-25 01:42:58,2026-09-25 01:42:58.467
2026-09-25 01:22:51,VIPS408,0125,Peter Sunderland,10,10,0,2026-09-25 01:42:58,2026-09-25 01:42:58.467
2026-09-25 01:22:51,VIPS408,0126,Brienna Anderson,10,10,0,2026-09-25 01:42:58,2026-09-25 01:42:58.467
2026-09-25 01:22:51,WEID139N,0101,Denise Joseph,60,60,0,2026-09-25 01:43:01,2026-09-25 01:43:01.857
2026-09-25 01:22:51,WEID139T,0201,Taylor Togafau-Lewis,45,45,0,2026-09-25 01:43:02,2026-09-25 01:43:02.197
2026-09-25 01:22:51,WGSS105,0101,Jessica Mathiason,30,30,0,2026-09-25 01:43:03,2026-09-25 01:43:03.951
2026-09-25 01:22:51,WGSS105,0102,Jessica Mathiason,30,30,0,2026-09-25 01:43:03,2026-09-25 01:43:03.951
2026-09-25 01:22:51,WGSS105,0103,Jessica Mathiason,30,30,0,2026-09-25 01:43:03,2026-09-25 01:43:03.951
2026-09-25 01:22:51,WGSS105,0104,Jessica Mathiason,30,30,0,2026-09-25 01:43:03,2026-09-25 01:43:03.951
2026-09-25 01:22:51,WGSS115,0101,Alexis Lothian,25,25,0,2026-09-25 01:43:04,2026-09-25 01:43:04.275
2026-09-25 01:22:51,WGSS115,0102,Alexis Lothian,25,25,0,2026-09-25 01:43:04,2026-09-25 01:43:04.275
2026-09-25 01:22:51,WGSS201,0101,Sayan Bhattacharya,25,25,0,2026-09-25 01:43:04,2026-09-25 01:43:04.605
2026-09-25 01:22:51,WGSS201,0102,Sayan Bhattacharya,25,25,0,2026-09-25 01:43:04,2026-09-25 01:43:04.605
2026-09-25 01:22:51,WGSS205,0101,Shelbi Meissner,21,21,0,2026-09-25 01:43:04,2026-09-25 01:43:04.921
2026-09-25 01:22:51,WGSS205,0201,Shelbi Meissner,21,21,0,2026-09-25 01:43:04,2026-09-25 01:43:04.921
2026-09-25 01:22:51,WGSS230,0101,Daniel Richter,20,20,0,2026-09-25 01:43:05,2026-09-25 01:43:05.234
2026-09-25 01:22:51,WGSS250,0101,Lidia Garcia Berrelleza,25,25,0,2026-09-25 01:43:05,2026-09-25 01:43:05.607
2026-09-25 01:22:51,WGSS250,0201,Shameem Razack,25,25,0,2026-09-25 01:43:05,2026-09-25 01:43:05.607
2026-09-25 01:22:51,WGSS255,0101,Instructor: TBA,30,30,0,2026-09-25 01:43:05,2026-09-25 01:43:05.915
2026-09-25 01:22:51,WGSS265,0101,Ashley Newby,40,40,0,2026-09-25 01:43:06,2026-09-25 01:43:06.251
2026-09-25 01:22:51,WGSS275,0101,Instructor: TBA,30,30,0,2026-09-25 01:43:06,2026-09-25 01:43:06.575
2026-09-25 01:22:51,WGSS280,0101,Jessica Mathiason,52,52,0,2026-09-25 01:43:06,2026-09-25 01:43:06.903
2026-09-25 01:22:51,WGSS290,0101,Jessica Mathiason,30,30,0,2026-09-25 01:43:07,2026-09-25 01:43:07.232
2026-09-25 01:22:51,WGSS290,0201,Sydney Lewis,31,31,0,2026-09-25 01:43:07,2026-09-25 01:43:07.232
2026-09-25 01:22:51,WGSS298C,0101,Will Mosley,35,35,0,2026-09-25 01:43:07,2026-09-25 01:43:07.532
2026-09-25 01:22:51,WGSS298S,0101,Jordan Keesler,25,25,0,2026-09-25 01:43:07,2026-09-25 01:43:07.879
2026-09-25 01:22:51,WGSS302,0101,Will Mosley,25,25,0,2026-09-25 01:43:08,2026-09-25 01:43:08.222
2026-09-25 01:22:51,WGSS306,0101,Sydney Lewis,30,30,0,2026-09-25 01:43:08,2026-09-25 01:43:08.555
2026-09-25 01:22:51,WGSS310,0101,Sayan Bhattacharya,25,25,0,2026-09-25 01:43:08,2026-09-25 01:43:08.877
2026-09-25 01:22:51,WGSS319F,0101,Alexis Lothian,30,30,0,2026-09-25 01:43:09,2026-09-25 01:43:09.218
2026-09-25 01:22:51,WGSS379U,0101,John Drabinski,25,25,0,2026-09-25 01:43:09,2026-09-25 01:43:09.533
2026-09-25 01:22:51,WGSS422,0101,Jennifer Cho,18,18,0,2026-09-25 01:43:09,2026-09-25 01:43:09.837
2026-09-25 01:22:51,WGSS471,0101,Instructor: TBA,25,25,0,2026-09-25 01:43:10,2026-09-25 01:43:10.177
2026-09-25 01:22:51,WGSS471,0201,Instructor: TBA,45,45,0,2026-09-25 01:43:10,2026-09-25 01:43:10.177
2026-09-25 01:22:51,WGSS475,0101,Sydney Lewis,20,20,0,2026-09-25 01:43:10,2026-09-25 01:43:10.529
2026-09-25 01:22:51,WGSS487,0101,Eva Hageman,15,15,0,2026-09-25 01:43:10,2026-09-25 01:43:10.853
2026-09-25 01:22:51,WGSS487H,0101,Eva Hageman,5,5,0,2026-09-25 01:43:11,2026-09-25 01:43:11.167
2026-09-25 01:22:51,WGSS602,0101,Shelbi Meissner,12,12,0,2026-09-25 01:43:12,2026-09-25 01:43:12.414
2026-09-25 01:22:51,WGSS708,0101,Alexis Lothian,10,10,0,2026-09-25 01:43:13,2026-09-25 01:43:13.389
2026-09-25 01:22:51,XPER455,0101,TJ Rainsford,25,25,0,2026-09-25 01:43:15,2026-09-25 01:43:15.951
2026-09-25 06:32:41,AAAS100,0101,Shane Walsh,35,35,0,2026-09-25 06:32:43,2026-09-25 06:32:43.878
2026-09-25 06:32:41,AAAS100,0201,Shane Walsh,35,35,0,2026-09-25 06:32:43,2026-09-25 06:32:43.878
2026-09-25 06:32:41,AAAS100,0301,George Kintiba,30,30,0,2026-09-25 06:32:43,2026-09-25 06:32:43.879
2026-09-25 06:32:41,AAAS100,0401,Beka Guluma,35,35,0,2026-09-25 06:32:43,2026-09-25 06:32:43.879
2026-09-25 06:32:41,AAAS100,0501,Jason Nichols,33,33,0,2026-09-25 06:32:43,2026-09-25 06:32:43.879
2026-09-25 06:32:41,AAAS100,0601,Jason Nichols,35,35,0,2026-09-25 06:32:43,2026-09-25 06:32:43.879
2026-09-25 06:32:41,AAAS100H,0301,George Kintiba,5,5,0,2026-09-25 06:32:44,2026-09-25 06:32:44.288
2026-09-25 06:32:41,AAAS101,0101,Periloux Peay,40,40,0,2026-09-25 06:32:44,2026-09-25 06:32:44.890
2026-09-25 06:32:41,AAAS187,0101,Robert Choflet,30,30,0,2026-09-25 06:32:45,2026-09-25 06:32:45.681
2026-09-25 06:32:41,AAAS200,0101,George Kintiba,40,40,0,2026-09-25 06:32:46,2026-09-25 06:32:46.643
2026-09-25 06:32:41,AAAS202,0101,Robert Choflet,30,30,0,2026-09-25 06:32:47,2026-09-25 06:32:47.058
2026-09-25 06:32:41,AAAS202,0201,Angelica Dunbar,35,35,0,2026-09-25 06:32:47,2026-09-25 06:32:47.058
2026-09-25 06:32:41,AAAS202,0301,Angelica Dunbar,35,35,0,2026-09-25 06:32:47,2026-09-25 06:32:47.058
2026-09-25 06:32:41,AAAS202,0401,Robert Choflet,35,35,0,2026-09-25 06:32:47,2026-09-25 06:32:47.058
2026-09-25 06:32:41,AAAS202H,0101,Robert Choflet,5,5,0,2026-09-25 06:32:47,2026-09-25 06:32:47.658
2026-09-25 06:32:41,AAAS211,0101,Shane Walsh,120,120,0,2026-09-25 06:32:48,2026-09-25 06:32:48.039
2026-09-25 06:32:41,AAAS234,0101,Instructor: TBA,30,30,0,2026-09-25 06:32:48,2026-09-25 06:32:48.433
2026-09-25 06:32:41,AAAS255,0101,Leigh Soares,40,40,0,2026-09-25 06:32:48,2026-09-25 06:32:48.811
2026-09-25 06:32:41,AAAS265,0101,Ashley Newby,40,40,0,2026-09-25 06:32:49,2026-09-25 06:32:49.533
2026-09-25 06:32:41,AAAS320,0101,Cecily Jackson,25,25,0,2026-09-25 06:32:49,2026-09-25 06:32:49.949
2026-09-25 06:32:41,AAAS320,0201,Cecily Jackson,25,25,0,2026-09-25 06:32:49,2026-09-25 06:32:49.949
2026-09-25 06:32:41,AAAS386,0101,Marshal Washington,10,10,0,2026-09-25 06:32:50,2026-09-25 06:32:50.341
2026-09-25 06:32:41,AAAS398G,0101,Chinyere Osuji,20,20,0,2026-09-25 06:32:50,2026-09-25 06:32:50.761
2026-09-25 06:32:41,AAAS398U,0101,John Drabinski,25,25,0,2026-09-25 06:32:51,2026-09-25 06:32:51.164
2026-09-25 06:32:41,AAAS400,0101,George Kintiba,20,20,0,2026-09-25 06:32:51,2026-09-25 06:32:51.562
2026-09-25 06:32:41,AAAS400H,0101,George Kintiba,5,5,0,2026-09-25 06:32:51,2026-09-25 06:32:51.948
2026-09-25 06:32:41,AAAS490,0101,Paul Landau,18,18,0,2026-09-25 06:32:52,2026-09-25 06:32:52.339
2026-09-25 06:32:41,AAAS498X,0101,Terrill Taylor,36,36,0,2026-09-25 06:32:52,2026-09-25 06:32:52.761
2026-09-25 06:32:41,AAST200,0101,Jennifer Cho,34,34,0,2026-09-25 06:32:55,2026-09-25 06:32:55.033
2026-09-25 06:32:41,AAST201,0101,Madeline Hsu,40,40,0,2026-09-25 06:32:55,2026-09-25 06:32:55.660
2026-09-25 06:32:41,AAST250,0101,Jennifer Cho,30,30,0,2026-09-25 06:32:56,2026-09-25 06:32:56.061
2026-09-25 06:32:41,AAST262,0101,Derek Iwamoto,54,54,0,2026-09-25 06:32:56,2026-09-25 06:32:56.468
2026-09-25 06:32:41,AAST322,0101,Julie Park,30,30,0,2026-09-25 06:32:56,2026-09-25 06:32:56.852
2026-09-25 06:32:41,AAST350,0101,Binod Paudyal,25,25,0,2026-09-25 06:32:57,2026-09-25 06:32:57.246
2026-09-25 06:32:41,AAST351,0101,Binod Paudyal,34,34,0,2026-09-25 06:32:57,2026-09-25 06:32:57.650
2026-09-25 06:32:41,AAST363,0101,Gemirald Daus,35,35,0,2026-09-25 06:32:58,2026-09-25 06:32:58.037
2026-09-25 06:32:41,AAST378,0101,Janelle Wong,2,2,0,2026-09-25 06:32:58,2026-09-25 06:32:58.419
2026-09-25 06:32:41,AAST394,0101,Wenxi Yang,25,25,0,2026-09-25 06:32:59,2026-09-25 06:32:59.199
2026-09-25 06:32:41,AAST398A,0101,Michelle Magalong,20,20,0,2026-09-25 06:32:59,2026-09-25 06:32:59.583
2026-09-25 06:32:41,AAST398B,0101,Chris Eng,25,25,0,2026-09-25 06:32:59,2026-09-25 06:32:59.973
2026-09-25 06:32:41,AAST421,0101,Philip Nash,20,20,0,2026-09-25 06:33:00,2026-09-25 06:33:00.574
2026-09-25 06:32:41,AAST422,0101,Jennifer Cho,18,18,0,2026-09-25 06:33:00,2026-09-25 06:33:00.968
2026-09-25 06:32:41,AAST443,0101,Janelle Wong,27,27,0,2026-09-25 06:33:01,2026-09-25 06:33:01.654
2026-09-25 06:32:41,ABRM450,0101,Ashley Newby,10,10,0,2026-09-25 06:33:03,2026-09-25 06:33:03.359
2026-09-25 06:32:41,AGNR301,0101,Thomas Hilde,150,150,0,2026-09-25 06:33:05,2026-09-25 06:33:05.096
2026-09-25 06:32:41,AGNR388,0101,Instructor: TBA,20,20,0,2026-09-25 06:33:05,2026-09-25 06:33:05.492
2026-09-25 06:32:41,AIME498B,0101,Kevin McGarry,30,30,0,2026-09-25 06:33:09,2026-09-25 06:33:09.842
2026-09-25 06:32:41,ARAB101,0101,Samah Al-salami,15,15,0,2026-09-25 06:33:59,2026-09-25 06:33:59.123
2026-09-25 06:32:41,ARAB101,0201,Ahmed Hanafy,15,15,0,2026-09-25 06:33:59,2026-09-25 06:33:59.123
2026-09-25 06:32:41,ARAB102,0101,Samah Al-salami,15,15,0,2026-09-25 06:33:59,2026-09-25 06:33:59.519
2026-09-25 06:32:41,ARAB102,0201,Samah Al-salami,15,15,0,2026-09-25 06:33:59,2026-09-25 06:33:59.519
2026-09-25 06:32:41,ARAB201,0101,Lutf Alkebsi,15,15,0,2026-09-25 06:33:59,2026-09-25 06:33:59.919
2026-09-25 06:32:41,ARAB202,0101,Lutf Alkebsi,15,15,0,2026-09-25 06:34:00,2026-09-25 06:34:00.379
2026-09-25 06:32:41,ARAB202,0201,Lutf Alkebsi,15,15,0,2026-09-25 06:34:00,2026-09-25 06:34:00.380
2026-09-25 06:32:41,ARAB222,0101,Ahmed Hanafy,15,15,0,2026-09-25 06:34:00,2026-09-25 06:34:00.761
2026-09-25 06:32:41,ARAB250,0101,Anny Gaul,15,15,0,2026-09-25 06:34:01,2026-09-25 06:34:01.168
2026-09-25 06:32:41,ARAB302,0101,Ahmed Hanafy,15,15,0,2026-09-25 06:34:01,2026-09-25 06:34:01.614
2026-09-25 06:32:41,ARAB317,0101,Anny Gaul,15,15,0,2026-09-25 06:34:02,2026-09-25 06:34:02.083
2026-09-25 06:32:41,ARAB398W,0101,Lutf Alkebsi,15,15,0,2026-09-25 06:34:02,2026-09-25 06:34:02.886
2026-09-25 06:32:41,ARAB499X,0101,Samah Al-salami,15,15,0,2026-09-25 06:34:03,2026-09-25 06:34:03.696
2026-09-25 06:32:41,ARCH170,0101,Lindsey May,100,100,0,2026-09-25 06:34:05,2026-09-25 06:34:05.714
2026-09-25 06:32:41,ARCH200,0101,Michael Abrams,21,21,0,2026-09-25 06:34:06,2026-09-25 06:34:06.122
2026-09-25 06:32:41,ARCH200,0102,Michael Abrams,21,21,0,2026-09-25 06:34:06,2026-09-25 06:34:06.122
2026-09-25 06:32:41,ARCH200,0103,Michael Abrams,21,21,0,2026-09-25 06:34:06,2026-09-25 06:34:06.122
2026-09-25 06:32:41,ARCH200,0104,Michael Abrams,21,21,0,2026-09-25 06:34:06,2026-09-25 06:34:06.122
2026-09-25 06:32:41,ARCH200,0105,Michael Abrams,21,21,0,2026-09-25 06:34:06,2026-09-25 06:34:06.122
2026-09-25 06:32:41,ARCH200,0106,Michael Abrams,21,21,0,2026-09-25 06:34:06,2026-09-25 06:34:06.123
2026-09-25 06:32:41,ARCH225,0101,Joseph Williams,125,125,0,2026-09-25 06:34:06,2026-09-25 06:34:06.525
2026-09-25 06:32:41,ARCH271,0101,Wayne Ricardo Curtis,75,75,0,2026-09-25 06:34:06,2026-09-25 06:34:06.912
2026-09-25 06:32:41,ARCH271,0102,Wayne Ricardo Curtis,75,75,0,2026-09-25 06:34:06,2026-09-25 06:34:06.912
2026-09-25 06:32:41,ARCH386,0101,Kristen Stack,10,10,0,2026-09-25 06:34:07,2026-09-25 06:34:07.323
2026-09-25 06:32:41,ARCH400,0101,Kenneth Filler,75,75,0,2026-09-25 06:34:07,2026-09-25 06:34:07.713
2026-09-25 06:32:41,ARCH400,0201,Marcus Cross,60,60,0,2026-09-25 06:34:07,2026-09-25 06:34:07.713
2026-09-25 06:32:41,ARCH402,0101,Taejun James Kim,75,75,0,2026-09-25 06:34:08,2026-09-25 06:34:08.110
2026-09-25 06:32:41,ARCH405,0101,Brittany L Williams,14,14,0,2026-09-25 06:34:08,2026-09-25 06:34:08.503
2026-09-25 06:32:41,ARCH407,0101,Georgeanne Matthews,12,12,0,2026-09-25 06:34:08,2026-09-25 06:34:08.914
2026-09-25 06:32:41,ARCH408A,0101,Daniel Curry,5,5,0,2026-09-25 06:34:09,2026-09-25 06:34:09.306
2026-09-25 06:32:41,ARCH408C,0101,Edgar Alvarado,5,5,0,2026-09-25 06:34:09,2026-09-25 06:34:09.697
2026-09-25 06:32:41,ARCH418D,0101,Hooman Koliji,30,30,0,2026-09-25 06:34:10,2026-09-25 06:34:10.084
2026-09-25 06:32:41,ARCH418G,0101,Deokoh Woo,16,16,0,2026-09-25 06:34:10,2026-09-25 06:34:10.474
2026-09-25 06:32:41,ARCH418I,0101,Michael Kleiss,16,16,0,2026-09-25 06:34:10,2026-09-25 06:34:10.871
2026-09-25 06:32:41,ARCH420,0101,Caroline Hickman,30,30,0,2026-09-25 06:34:11,2026-09-25 06:34:11.276
2026-09-25 06:32:41,ARCH423,0101,Joseph Williams,30,30,0,2026-09-25 06:34:11,2026-09-25 06:34:11.663
2026-09-25 06:32:41,ARCH425,0101,Joseph Williams,10,10,0,2026-09-25 06:34:12,2026-09-25 06:34:12.057
2026-09-25 06:32:41,ARCH428F,0101,Matthew Bell,20,20,0,2026-09-25 06:34:12,2026-09-25 06:34:12.441
2026-09-25 06:32:41,ARCH428K,0101,Michele Lamprakos,26,26,0,2026-09-25 06:34:12,2026-09-25 06:34:12.837
2026-09-25 06:32:41,ARCH445,0101,Daniel Curry,15,15,0,2026-09-25 06:34:13,2026-09-25 06:34:13.227
2026-09-25 06:32:41,ARCH463,0101,Deokoh Woo,150,150,0,2026-09-25 06:34:13,2026-09-25 06:34:13.630
2026-09-25 06:32:41,ARCH465,0101,Michael Kleiss,80,80,0,2026-09-25 06:34:14,2026-09-25 06:34:14.028
2026-09-25 06:32:41,ARCH468I,0101,Hooman Koliji,26,26,0,2026-09-25 06:34:14,2026-09-25 06:34:14.436
2026-09-25 06:32:41,ARCH468P,0101,Hooman Koliji,26,26,0,2026-09-25 06:34:14,2026-09-25 06:34:14.829
2026-09-25 06:32:41,ARCH472,0101,Kiley Wilfong Cullen,24,24,0,2026-09-25 06:34:15,2026-09-25 06:34:15.210
2026-09-25 06:32:41,ARCH478L,0101,Michele Lamprakos,10,10,0,2026-09-25 06:34:15,2026-09-25 06:34:15.592
2026-09-25 06:32:41,ARCH478O,0101,Stefan Woehlke,20,20,0,2026-09-25 06:34:15,2026-09-25 06:34:15.976
2026-09-25 06:32:41,ARCH601,0101,Peter Noonan,20,20,0,2026-09-25 06:34:16,2026-09-25 06:34:16.374
2026-09-25 06:32:41,ARCH618G,0101,Deokoh Woo,4,4,0,2026-09-25 06:34:16,2026-09-25 06:34:16.769
2026-09-25 06:32:41,ARCH618I,0101,Michael Kleiss,4,4,0,2026-09-25 06:34:17,2026-09-25 06:34:17.151
2026-09-25 06:32:41,ARCH628K,0101,Michele Lamprakos,4,4,0,2026-09-25 06:34:17,2026-09-25 06:34:17.548
2026-09-25 06:32:41,ARCH635,0101,Matthew Bell,15,15,0,2026-09-25 06:34:17,2026-09-25 06:34:17.932
2026-09-25 06:32:41,ARCH654,0101,Anatole Tchikine,35,35,0,2026-09-25 06:34:18,2026-09-25 06:34:18.322
2026-09-25 06:32:41,ARCH658I,0101,Sonja Ewing,15,15,0,2026-09-25 06:34:18,2026-09-25 06:34:18.725
2026-09-25 06:32:41,ARCH668I,0101,Hooman Koliji,4,4,0,2026-09-25 06:34:19,2026-09-25 06:34:19.118
2026-09-25 06:32:41,ARCH668P,0101,Hooman Koliji,4,4,0,2026-09-25 06:34:19,2026-09-25 06:34:19.497
2026-09-25 06:32:41,ARCH678L,0101,Michele Lamprakos,10,10,0,2026-09-25 06:34:19,2026-09-25 06:34:19.893
2026-09-25 06:32:41,ARCH678O,0101,Stefan Woehlke,5,5,0,2026-09-25 06:34:20,2026-09-25 06:34:20.296
2026-09-25 06:32:41,ARCH797,0101,Hooman Koliji,15,15,0,2026-09-25 06:34:20,2026-09-25 06:34:20.689
2026-09-25 06:32:41,ARMY105,0101,Andrew Bischoff,60,60,0,2026-09-25 06:34:41,2026-09-25 06:34:41.842
2026-09-25 06:32:41,ARMY105,0102,Andrew Bischoff,60,60,0,2026-09-25 06:34:41,2026-09-25 06:34:41.842
2026-09-25 06:32:41,ARMY110,0101,Andrew Bischoff,40,40,0,2026-09-25 06:34:42,2026-09-25 06:34:42.239
2026-09-25 06:32:41,ARMY202,0102,Andrew Bischoff,60,60,0,2026-09-25 06:34:42,2026-09-25 06:34:42.621
2026-09-25 06:32:41,ARMY302,0101,Andrew Bischoff,40,40,0,2026-09-25 06:34:43,2026-09-25 06:34:43.035
2026-09-25 06:32:41,ARMY402,0101,Andrew Bischoff,30,30,0,2026-09-25 06:34:43,2026-09-25 06:34:43.443
2026-09-25 06:32:41,ARMY402,0102,Andrew Bischoff,100,100,0,2026-09-25 06:34:43,2026-09-25 06:34:43.443
2026-09-25 06:32:41,ARSC059,0101,Kathryn Love,250,250,0,2026-09-25 06:34:45,2026-09-25 06:34:45.175
2026-09-25 06:32:41,ARSC101,0101,Alan Snyder,50,50,0,2026-09-25 06:34:45,2026-09-25 06:34:45.566
2026-09-25 06:32:41,ARSC101,0102,Alan Snyder,65,65,0,2026-09-25 06:34:45,2026-09-25 06:34:45.567
2026-09-25 06:32:41,ARSC101,0103,Alan Snyder,40,40,0,2026-09-25 06:34:45,2026-09-25 06:34:45.567
2026-09-25 06:32:41,ARSC101,0104,Alan Snyder,10,10,0,2026-09-25 06:34:45,2026-09-25 06:34:45.567
2026-09-25 06:32:41,ARSC201,0101,Nathan Rabe,65,65,0,2026-09-25 06:34:45,2026-09-25 06:34:45.976
2026-09-25 06:32:41,ARSC201,0102,Kathleen West,40,40,0,2026-09-25 06:34:45,2026-09-25 06:34:45.976
2026-09-25 06:32:41,ARSC201,0103,Kathleen West,40,40,0,2026-09-25 06:34:45,2026-09-25 06:34:45.976
2026-09-25 06:32:41,ARSC301,0101,Kathryn Love,45,45,0,2026-09-25 06:34:46,2026-09-25 06:34:46.370
2026-09-25 06:32:41,ARSC301,0102,Kathryn Love,20,20,0,2026-09-25 06:34:46,2026-09-25 06:34:46.371
2026-09-25 06:32:41,ARSC401,0101,Joseph Herwatic,30,30,0,2026-09-25 06:34:46,2026-09-25 06:34:46.770
2026-09-25 06:32:41,ARSC401,0102,Joseph Herwatic,15,15,0,2026-09-25 06:34:46,2026-09-25 06:34:46.770
2026-09-25 06:32:41,BIOM301,0101,Christine Hakenkamp,28,28,0,2026-09-25 06:35:55,2026-09-25 06:35:55.972
2026-09-25 06:32:41,BIOM301,0102,Christine Hakenkamp,28,28,0,2026-09-25 06:35:55,2026-09-25 06:35:55.972
2026-09-25 06:32:41,BIOM301,0103,Christine Hakenkamp,28,28,0,2026-09-25 06:35:55,2026-09-25 06:35:55.972
2026-09-25 06:32:41,BIOM301,0104,Christine Hakenkamp,28,28,0,2026-09-25 06:35:55,2026-09-25 06:35:55.973
2026-09-25 06:32:41,BIOM301,0105,Christine Hakenkamp,28,28,0,2026-09-25 06:35:55,2026-09-25 06:35:55.973
2026-09-25 06:32:41,BIOM301,0106,Christine Hakenkamp,28,28,0,2026-09-25 06:35:55,2026-09-25 06:35:55.973
2026-09-25 06:32:41,BIOM301,0107,Christine Hakenkamp,28,28,0,2026-09-25 06:35:55,2026-09-25 06:35:55.973
2026-09-25 06:32:41,BIOM301,0201,Instructor: TBA,28,28,0,2026-09-25 06:35:55,2026-09-25 06:35:55.973
2026-09-25 06:32:41,BIOM602,0101,Jiuzhou Song,28,28,0,2026-09-25 06:35:56,2026-09-25 06:35:56.586
2026-09-25 06:32:41,BMIN210,0101,Darlene Dennison,162,162,0,2026-09-25 06:36:34,2026-09-25 06:36:34.047
2026-09-25 06:32:41,BMIN210,0201,Darlene Dennison,162,162,0,2026-09-25 06:36:34,2026-09-25 06:36:34.047
2026-09-25 06:32:41,BMIN305,0101,Tejwansh Anand,162,162,0,2026-09-25 06:36:34,2026-09-25 06:36:34.430
2026-09-25 06:32:41,BMIN345,0101,Michael Padhi,325,325,0,2026-09-25 06:36:34,2026-09-25 06:36:34.821
2026-09-25 06:32:41,BMIN355,0101,Idil Yaveroglu,162,162,0,2026-09-25 06:36:35,2026-09-25 06:36:35.221
2026-09-25 06:32:41,BMIN355,0201,Idil Yaveroglu,162,162,0,2026-09-25 06:36:35,2026-09-25 06:36:35.221
2026-09-25 06:32:41,BMIN375,0101,Leland Gardner,162,162,0,2026-09-25 06:36:35,2026-09-25 06:36:35.620
2026-09-25 06:32:41,BMIN395,0101,Nima Farshchi,162,162,0,2026-09-25 06:36:36,2026-09-25 06:36:36.013
2026-09-25 06:32:41,BMIN395,0201,Nima Farshchi,162,162,0,2026-09-25 06:36:36,2026-09-25 06:36:36.013
2026-09-25 06:32:41,BSCI103,1100,Tais Ribeiro,24,24,0,2026-09-25 06:36:40,2026-09-25 06:36:40.122
2026-09-25 06:32:41,BSCI103,1101,Tais Ribeiro,24,24,0,2026-09-25 06:36:40,2026-09-25 06:36:40.122
2026-09-25 06:32:41,BSCI103,1103,Tais Ribeiro,24,24,0,2026-09-25 06:36:40,2026-09-25 06:36:40.122
2026-09-25 06:32:41,BSCI103,1105,Tais Ribeiro,24,24,0,2026-09-25 06:36:40,2026-09-25 06:36:40.122
2026-09-25 06:32:41,BSCI103,1107,Tais Ribeiro,24,24,0,2026-09-25 06:36:40,2026-09-25 06:36:40.123
2026-09-25 06:32:41,BSCI103,1108,Tais Ribeiro,24,24,0,2026-09-25 06:36:40,2026-09-25 06:36:40.123
2026-09-25 06:32:41,BSCI103,1109,Tais Ribeiro,24,24,0,2026-09-25 06:36:40,2026-09-25 06:36:40.123
2026-09-25 06:32:41,BSCI103,1110,Tais Ribeiro,24,24,0,2026-09-25 06:36:40,2026-09-25 06:36:40.123
2026-09-25 06:32:41,BSCI103M,0101,Tais Ribeiro,24,24,0,2026-09-25 06:36:40,2026-09-25 06:36:40.529
2026-09-25 06:32:41,BSCI120,0101,Dennis vanEngelsdorp,21,21,0,2026-09-25 06:36:40,2026-09-25 06:36:40.935
2026-09-25 06:32:41,BSCI120,0102,Dennis vanEngelsdorp,21,21,0,2026-09-25 06:36:40,2026-09-25 06:36:40.935
2026-09-25 06:32:41,BSCI135,1101,Edgar Moctezuma,24,24,0,2026-09-25 06:36:41,2026-09-25 06:36:41.335
2026-09-25 06:32:41,BSCI135,1102,Edgar Moctezuma,24,24,0,2026-09-25 06:36:41,2026-09-25 06:36:41.335
2026-09-25 06:32:41,BSCI135,1103,Edgar Moctezuma,24,24,0,2026-09-25 06:36:41,2026-09-25 06:36:41.335
2026-09-25 06:32:41,BSCI135,1104,Edgar Moctezuma,24,24,0,2026-09-25 06:36:41,2026-09-25 06:36:41.336
2026-09-25 06:32:41,BSCI135,1105,Edgar Moctezuma,24,24,0,2026-09-25 06:36:41,2026-09-25 06:36:41.336
2026-09-25 06:32:41,BSCI160,6101,Leo Shapiro,104,104,0,2026-09-25 06:36:41,2026-09-25 06:36:41.732
2026-09-25 06:32:41,BSCI160,6301,Chloe Garfinkel,56,56,0,2026-09-25 06:36:41,2026-09-25 06:36:41.733
2026-09-25 06:32:41,BSCI160,6601,Vadim Karatayev,88,88,0,2026-09-25 06:36:41,2026-09-25 06:36:41.733
2026-09-25 06:32:41,BSCI160,SES1,Chloe Garfinkel,15,15,0,2026-09-25 06:36:41,2026-09-25 06:36:41.733
2026-09-25 06:32:41,BSCI170,0101,Cordelia Weiss,153,153,0,2026-09-25 06:36:42,2026-09-25 06:36:42.137
2026-09-25 06:32:41,BSCI170,0201,Nicholas Fletcher,153,153,0,2026-09-25 06:36:42,2026-09-25 06:36:42.137
2026-09-25 06:32:41,BSCI170,0301,Ricardo Araneda,152,152,0,2026-09-25 06:36:42,2026-09-25 06:36:42.137
2026-09-25 06:32:41,BSCI170,0401,Swarna Mohan,153,153,0,2026-09-25 06:36:42,2026-09-25 06:36:42.137
2026-09-25 06:32:41,BSCI170,0501,Ji Young Choi,120,120,0,2026-09-25 06:36:42,2026-09-25 06:36:42.137
2026-09-25 06:32:41,BSCI170,0701,Ji Young Choi,153,153,0,2026-09-25 06:36:42,2026-09-25 06:36:42.138
2026-09-25 06:32:41,BSCI170,SES1,James Sniezek,20,20,0,2026-09-25 06:36:42,2026-09-25 06:36:42.138
2026-09-25 06:32:41,BSCI180,8105,Hans Lemke,19,19,0,2026-09-25 06:36:42,2026-09-25 06:36:42.757
2026-09-25 06:32:41,BSCI180,8106,Hans Lemke,19,19,0,2026-09-25 06:36:42,2026-09-25 06:36:42.757
2026-09-25 06:32:41,BSCI180,8107,Hans Lemke,19,19,0,2026-09-25 06:36:42,2026-09-25 06:36:42.758
2026-09-25 06:32:41,BSCI180,8108,Hans Lemke,19,19,0,2026-09-25 06:36:42,2026-09-25 06:36:42.758
2026-09-25 06:32:41,BSCI180,8109,Hans Lemke,19,19,0,2026-09-25 06:36:42,2026-09-25 06:36:42.758
2026-09-25 06:32:41,BSCI180,8110,Hans Lemke,19,19,0,2026-09-25 06:36:42,2026-09-25 06:36:42.758
2026-09-25 06:32:41,BSCI180,8111,Hans Lemke,19,19,0,2026-09-25 06:36:42,2026-09-25 06:36:42.758
2026-09-25 06:32:41,BSCI180,8112,Hans Lemke,19,19,0,2026-09-25 06:36:42,2026-09-25 06:36:42.759
2026-09-25 06:32:41,BSCI180,8113,Hans Lemke,19,19,0,2026-09-25 06:36:42,2026-09-25 06:36:42.759
2026-09-25 06:32:41,BSCI180,8114,Hans Lemke,19,19,0,2026-09-25 06:36:42,2026-09-25 06:36:42.759
2026-09-25 06:32:41,BSCI180,8201,Hans Lemke,19,19,0,2026-09-25 06:36:42,2026-09-25 06:36:42.759
2026-09-25 06:32:41,BSCI180,8202,Hans Lemke,19,19,0,2026-09-25 06:36:42,2026-09-25 06:36:42.759
2026-09-25 06:32:41,BSCI180,8205,Hans Lemke,19,19,0,2026-09-25 06:36:42,2026-09-25 06:36:42.759
2026-09-25 06:32:41,BSCI180,8206,Hans Lemke,19,19,0,2026-09-25 06:36:42,2026-09-25 06:36:42.760
2026-09-25 06:32:41,BSCI180,8207,Hans Lemke,19,19,0,2026-09-25 06:36:42,2026-09-25 06:36:42.760
2026-09-25 06:32:41,BSCI180,8208,Hans Lemke,19,19,0,2026-09-25 06:36:42,2026-09-25 06:36:42.760
2026-09-25 06:32:41,BSCI180,8209,Hans Lemke,19,19,0,2026-09-25 06:36:42,2026-09-25 06:36:42.760
2026-09-25 06:32:41,BSCI180,8210,Hans Lemke,19,19,0,2026-09-25 06:36:42,2026-09-25 06:36:42.760
2026-09-25 06:32:41,BSCI180,8211,Hans Lemke,19,19,0,2026-09-25 06:36:42,2026-09-25 06:36:42.761
2026-09-25 06:32:41,BSCI180,8212,Hans Lemke,19,19,0,2026-09-25 06:36:42,2026-09-25 06:36:42.761
2026-09-25 06:32:41,BSCI180,8213,Hans Lemke,19,19,0,2026-09-25 06:36:42,2026-09-25 06:36:42.761
2026-09-25 06:32:41,BSCI180,8214,Hans Lemke,19,19,0,2026-09-25 06:36:42,2026-09-25 06:36:42.761
2026-09-25 06:32:41,BSCI180,8301,Hans Lemke,19,19,0,2026-09-25 06:36:42,2026-09-25 06:36:42.761
2026-09-25 06:32:41,BSCI180,8302,Hans Lemke,19,19,0,2026-09-25 06:36:42,2026-09-25 06:36:42.762
2026-09-25 06:32:41,BSCI180,8305,Hans Lemke,19,19,0,2026-09-25 06:36:42,2026-09-25 06:36:42.762
2026-09-25 06:32:41,BSCI180,8306,Hans Lemke,19,19,0,2026-09-25 06:36:42,2026-09-25 06:36:42.762
2026-09-25 06:32:41,BSCI180,8307,Hans Lemke,19,19,0,2026-09-25 06:36:42,2026-09-25 06:36:42.762
2026-09-25 06:32:41,BSCI180,8308,Hans Lemke,19,19,0,2026-09-25 06:36:42,2026-09-25 06:36:42.762
2026-09-25 06:32:41,BSCI180,8309,Hans Lemke,19,19,0,2026-09-25 06:36:42,2026-09-25 06:36:42.762
2026-09-25 06:32:41,BSCI180,8310,Hans Lemke,19,19,0,2026-09-25 06:36:42,2026-09-25 06:36:42.763
2026-09-25 06:32:41,BSCI180,8311,Hans Lemke,19,19,0,2026-09-25 06:36:42,2026-09-25 06:36:42.763
2026-09-25 06:32:41,BSCI180,8312,Hans Lemke,19,19,0,2026-09-25 06:36:42,2026-09-25 06:36:42.763
2026-09-25 06:32:41,BSCI180,8313,Hans Lemke,19,19,0,2026-09-25 06:36:42,2026-09-25 06:36:42.763
2026-09-25 06:32:41,BSCI180,8314,Hans Lemke,19,19,0,2026-09-25 06:36:42,2026-09-25 06:36:42.763
2026-09-25 06:32:41,BSCI180,8401,Hans Lemke,19,19,0,2026-09-25 06:36:42,2026-09-25 06:36:42.764
2026-09-25 06:32:41,BSCI180,8402,Hans Lemke,19,19,0,2026-09-25 06:36:42,2026-09-25 06:36:42.764
2026-09-25 06:32:41,BSCI180,8405,Hans Lemke,19,19,0,2026-09-25 06:36:42,2026-09-25 06:36:42.764
2026-09-25 06:32:41,BSCI180,8406,Hans Lemke,19,19,0,2026-09-25 06:36:42,2026-09-25 06:36:42.764
2026-09-25 06:32:41,BSCI180,8407,Hans Lemke,19,19,0,2026-09-25 06:36:42,2026-09-25 06:36:42.764
2026-09-25 06:32:41,BSCI180,8408,Hans Lemke,19,19,0,2026-09-25 06:36:42,2026-09-25 06:36:42.764
2026-09-25 06:32:41,BSCI180,8409,Hans Lemke,19,19,0,2026-09-25 06:36:42,2026-09-25 06:36:42.765
2026-09-25 06:32:41,BSCI180,8410,Hans Lemke,19,19,0,2026-09-25 06:36:42,2026-09-25 06:36:42.765
2026-09-25 06:32:41,BSCI180,8411,Hans Lemke,19,19,0,2026-09-25 06:36:42,2026-09-25 06:36:42.765
2026-09-25 06:32:41,BSCI180,8412,Hans Lemke,19,19,0,2026-09-25 06:36:42,2026-09-25 06:36:42.765
2026-09-25 06:32:41,BSCI180,8413,Hans Lemke,19,19,0,2026-09-25 06:36:42,2026-09-25 06:36:42.765
2026-09-25 06:32:41,BSCI180,8414,Hans Lemke,19,19,0,2026-09-25 06:36:42,2026-09-25 06:36:42.766
2026-09-25 06:32:41,BSCI180,SEF2,Hans Lemke,19,19,0,2026-09-25 06:36:42,2026-09-25 06:36:42.766
2026-09-25 06:32:41,BSCI180,SES1,Hans Lemke,19,19,0,2026-09-25 06:36:42,2026-09-25 06:36:42.766
2026-09-25 06:32:41,BSCI201,0101,Caitlin Fox,24,24,0,2026-09-25 06:36:43,2026-09-25 06:36:43.215
2026-09-25 06:32:41,BSCI201,0103,Caitlin Fox,24,24,0,2026-09-25 06:36:43,2026-09-25 06:36:43.215
2026-09-25 06:32:41,BSCI201,0105,Caitlin Fox,24,24,0,2026-09-25 06:36:43,2026-09-25 06:36:43.215
2026-09-25 06:32:41,BSCI201,0106,Caitlin Fox,24,24,0,2026-09-25 06:36:43,2026-09-25 06:36:43.215
2026-09-25 06:32:41,BSCI201,0107,Caitlin Fox,24,24,0,2026-09-25 06:36:43,2026-09-25 06:36:43.215
2026-09-25 06:32:41,BSCI201,0109,Maira Goytia,24,24,0,2026-09-25 06:36:43,2026-09-25 06:36:43.216
2026-09-25 06:32:41,BSCI201,0110,Caitlin Fox,24,24,0,2026-09-25 06:36:43,2026-09-25 06:36:43.216
2026-09-25 06:32:41,BSCI201,0111,Caitlin Fox,24,24,0,2026-09-25 06:36:43,2026-09-25 06:36:43.216
2026-09-25 06:32:41,BSCI201,1101,Justicia Opoku-Edusei,24,24,0,2026-09-25 06:36:43,2026-09-25 06:36:43.216
2026-09-25 06:32:41,BSCI201,1103,Justicia Opoku-Edusei,24,24,0,2026-09-25 06:36:43,2026-09-25 06:36:43.216
2026-09-25 06:32:41,BSCI201,1104,Justicia Opoku-Edusei,24,24,0,2026-09-25 06:36:43,2026-09-25 06:36:43.216
2026-09-25 06:32:41,BSCI201,1105,Caitlin Fox,24,24,0,2026-09-25 06:36:43,2026-09-25 06:36:43.217
2026-09-25 06:32:41,BSCI201,1106,Caitlin Fox,24,24,0,2026-09-25 06:36:43,2026-09-25 06:36:43.217
2026-09-25 06:32:41,BSCI201,1108,Caitlin Fox,24,24,0,2026-09-25 06:36:43,2026-09-25 06:36:43.217
2026-09-25 06:32:41,BSCI201,1109,Justicia Opoku-Edusei,24,24,0,2026-09-25 06:36:43,2026-09-25 06:36:43.217
2026-09-25 06:32:41,BSCI201,1110,Justicia Opoku-Edusei,24,24,0,2026-09-25 06:36:43,2026-09-25 06:36:43.217
2026-09-25 06:32:41,BSCI202,0101,Caitlin Fox,24,24,0,2026-09-25 06:36:43,2026-09-25 06:36:43.634
2026-09-25 06:32:41,BSCI202,0102,Caitlin Fox,24,24,0,2026-09-25 06:36:43,2026-09-25 06:36:43.635
2026-09-25 06:32:41,BSCI202,0104,Caitlin Fox,24,24,0,2026-09-25 06:36:43,2026-09-25 06:36:43.635
2026-09-25 06:32:41,BSCI202,0108,Caitlin Fox,24,24,0,2026-09-25 06:36:43,2026-09-25 06:36:43.635
2026-09-25 06:32:41,BSCI202,0109,Maira Goytia,24,24,0,2026-09-25 06:36:43,2026-09-25 06:36:43.635
2026-09-25 06:32:41,BSCI202,0110,Caitlin Fox,24,24,0,2026-09-25 06:36:43,2026-09-25 06:36:43.635
2026-09-25 06:32:41,BSCI202,1101,Justicia Opoku-Edusei,24,24,0,2026-09-25 06:36:43,2026-09-25 06:36:43.636
2026-09-25 06:32:41,BSCI202,1103,Justicia Opoku-Edusei,24,24,0,2026-09-25 06:36:43,2026-09-25 06:36:43.636
2026-09-25 06:32:41,BSCI202,1104,Justicia Opoku-Edusei,24,24,0,2026-09-25 06:36:43,2026-09-25 06:36:43.636
2026-09-25 06:32:41,BSCI202,1106,Justicia Opoku-Edusei,24,24,0,2026-09-25 06:36:43,2026-09-25 06:36:43.636
2026-09-25 06:32:41,BSCI202,1107,Justicia Opoku-Edusei,24,24,0,2026-09-25 06:36:43,2026-09-25 06:36:43.636
2026-09-25 06:32:41,BSCI202,1108,Justicia Opoku-Edusei,24,24,0,2026-09-25 06:36:43,2026-09-25 06:36:43.637
2026-09-25 06:32:41,BSCI202,SES1,Edward Orlando,20,20,0,2026-09-25 06:36:43,2026-09-25 06:36:43.637
2026-09-25 06:32:41,BSCI207,0101,Karen Carleton,80,80,0,2026-09-25 06:36:44,2026-09-25 06:36:44.021
2026-09-25 06:32:41,BSCI207,0201,Chloe Garfinkel,80,80,0,2026-09-25 06:36:44,2026-09-25 06:36:44.021
2026-09-25 06:32:41,BSCI213,0101,Cordelia Weiss,20,20,0,2026-09-25 06:36:44,2026-09-25 06:36:44.418
2026-09-25 06:32:41,BSCI213,0102,Cordelia Weiss,20,20,0,2026-09-25 06:36:44,2026-09-25 06:36:44.418
2026-09-25 06:32:41,BSCI222,7106,Thomas Kocher,18,18,0,2026-09-25 06:36:44,2026-09-25 06:36:44.938
2026-09-25 06:32:41,BSCI222,7108,Thomas Kocher,18,18,0,2026-09-25 06:36:44,2026-09-25 06:36:44.938
2026-09-25 06:32:41,BSCI222,7110,Thomas Kocher,18,18,0,2026-09-25 06:36:44,2026-09-25 06:36:44.938
2026-09-25 06:32:41,BSCI222,7112,Thomas Kocher,18,18,0,2026-09-25 06:36:44,2026-09-25 06:36:44.938
2026-09-25 06:32:41,BSCI222,7114,Thomas Kocher,18,18,0,2026-09-25 06:36:44,2026-09-25 06:36:44.939
2026-09-25 06:32:41,BSCI222,7116,Thomas Kocher,18,18,0,2026-09-25 06:36:44,2026-09-25 06:36:44.939
2026-09-25 06:32:41,BSCI222,7118,Thomas Kocher,18,18,0,2026-09-25 06:36:44,2026-09-25 06:36:44.939
2026-09-25 06:32:41,BSCI222,7120,Thomas Kocher,18,18,0,2026-09-25 06:36:44,2026-09-25 06:36:44.939
2026-09-25 06:32:41,BSCI222,7130,Thomas Kocher,18,18,0,2026-09-25 06:36:44,2026-09-25 06:36:44.939
2026-09-25 06:32:41,BSCI222,7133,Thomas Kocher,18,18,0,2026-09-25 06:36:44,2026-09-25 06:36:44.939
2026-09-25 06:32:41,BSCI222,7214,Michael Keller,18,18,0,2026-09-25 06:36:44,2026-09-25 06:36:44.940
2026-09-25 06:32:41,BSCI222,7216,Michael Keller,18,18,0,2026-09-25 06:36:44,2026-09-25 06:36:44.940
2026-09-25 06:32:41,BSCI222,7218,Michael Keller,18,18,0,2026-09-25 06:36:44,2026-09-25 06:36:44.940
2026-09-25 06:32:41,BSCI222,7219,Michael Keller,18,18,0,2026-09-25 06:36:44,2026-09-25 06:36:44.940
2026-09-25 06:32:41,BSCI222,7220,Michael Keller,18,18,0,2026-09-25 06:36:44,2026-09-25 06:36:44.940
2026-09-25 06:32:41,BSCI222,7221,Michael Keller,18,18,0,2026-09-25 06:36:44,2026-09-25 06:36:44.941
2026-09-25 06:32:41,BSCI222,7222,Michael Keller,18,18,0,2026-09-25 06:36:44,2026-09-25 06:36:44.941
2026-09-25 06:32:41,BSCI222,7224,Michael Keller,18,18,0,2026-09-25 06:36:44,2026-09-25 06:36:44.941
2026-09-25 06:32:41,BSCI222,7226,Michael Keller,18,18,0,2026-09-25 06:36:44,2026-09-25 06:36:44.941
2026-09-25 06:32:41,BSCI222,7232,Michael Keller,18,18,0,2026-09-25 06:36:44,2026-09-25 06:36:44.941
2026-09-25 06:32:41,BSCI222,7234,Michael Keller,18,18,0,2026-09-25 06:36:44,2026-09-25 06:36:44.942
2026-09-25 06:32:41,BSCI222,7236,Michael Keller,18,18,0,2026-09-25 06:36:44,2026-09-25 06:36:44.942
2026-09-25 06:32:41,BSCI222,7310,Maria Colt,18,18,0,2026-09-25 06:36:44,2026-09-25 06:36:44.942
2026-09-25 06:32:41,BSCI222,7311,Maria Colt,18,18,0,2026-09-25 06:36:44,2026-09-25 06:36:44.942
2026-09-25 06:32:41,BSCI222,7312,Maria Colt,18,18,0,2026-09-25 06:36:44,2026-09-25 06:36:44.942
2026-09-25 06:32:41,BSCI222,7313,Maria Colt,18,18,0,2026-09-25 06:36:44,2026-09-25 06:36:44.942
2026-09-25 06:32:41,BSCI222,7315,Maria Colt,18,18,0,2026-09-25 06:36:44,2026-09-25 06:36:44.943
2026-09-25 06:32:41,BSCI222,7320,Maria Colt,18,18,0,2026-09-25 06:36:44,2026-09-25 06:36:44.943
2026-09-25 06:32:41,BSCI222,7325,Maria Colt,18,18,0,2026-09-25 06:36:44,2026-09-25 06:36:44.943
2026-09-25 06:32:41,BSCI222,7330,Maria Colt,18,18,0,2026-09-25 06:36:44,2026-09-25 06:36:44.943
2026-09-25 06:32:41,BSCI222,7332,Maria Colt,18,18,0,2026-09-25 06:36:44,2026-09-25 06:36:44.943
2026-09-25 06:32:41,BSCI222,7335,Maria Colt,18,18,0,2026-09-25 06:36:44,2026-09-25 06:36:44.943
2026-09-25 06:32:41,BSCI222,SES1,Maria Colt,23,23,0,2026-09-25 06:36:44,2026-09-25 06:36:44.944
2026-09-25 06:32:41,BSCI223,1021,John Buchner,16,16,0,2026-09-25 06:36:45,2026-09-25 06:36:45.376
2026-09-25 06:32:41,BSCI223,1025,John Buchner,16,16,0,2026-09-25 06:36:45,2026-09-25 06:36:45.376
2026-09-25 06:32:41,BSCI223,1026,John Buchner,16,16,0,2026-09-25 06:36:45,2026-09-25 06:36:45.376
2026-09-25 06:32:41,BSCI223,1101,John Buchner,16,16,0,2026-09-25 06:36:45,2026-09-25 06:36:45.376
2026-09-25 06:32:41,BSCI223,1105,John Buchner,16,16,0,2026-09-25 06:36:45,2026-09-25 06:36:45.377
2026-09-25 06:32:41,BSCI223,1106,John Buchner,16,16,0,2026-09-25 06:36:45,2026-09-25 06:36:45.377
2026-09-25 06:32:41,BSCI223,1121,John Buchner,16,16,0,2026-09-25 06:36:45,2026-09-25 06:36:45.377
2026-09-25 06:32:41,BSCI223,1125,John Buchner,16,16,0,2026-09-25 06:36:45,2026-09-25 06:36:45.377
2026-09-25 06:32:41,BSCI223,1126,John Buchner,16,16,0,2026-09-25 06:36:45,2026-09-25 06:36:45.377
2026-09-25 06:32:41,BSCI223,1201,John Buchner,16,16,0,2026-09-25 06:36:45,2026-09-25 06:36:45.378
2026-09-25 06:32:41,BSCI223,1206,John Buchner,16,16,0,2026-09-25 06:36:45,2026-09-25 06:36:45.378
2026-09-25 06:32:41,BSCI223,1221,John Buchner,16,16,0,2026-09-25 06:36:45,2026-09-25 06:36:45.378
2026-09-25 06:32:41,BSCI223,1225,John Buchner,16,16,0,2026-09-25 06:36:45,2026-09-25 06:36:45.378
2026-09-25 06:32:41,BSCI223,1226,John Buchner,16,16,0,2026-09-25 06:36:45,2026-09-25 06:36:45.378
2026-09-25 06:32:41,BSCI223,1301,John Buchner,16,16,0,2026-09-25 06:36:45,2026-09-25 06:36:45.378
2026-09-25 06:32:41,BSCI223,1306,John Buchner,16,16,0,2026-09-25 06:36:45,2026-09-25 06:36:45.379
2026-09-25 06:32:41,BSCI223,2401,John Buchner,16,16,0,2026-09-25 06:36:45,2026-09-25 06:36:45.379
2026-09-25 06:32:41,BSCI223,2406,John Buchner,16,16,0,2026-09-25 06:36:45,2026-09-25 06:36:45.379
2026-09-25 06:32:41,BSCI223,SES1,Cherisse Hall,20,20,0,2026-09-25 06:36:45,2026-09-25 06:36:45.379
2026-09-25 06:32:41,BSCI238I,0101,Aditri Gadigi,30,30,0,2026-09-25 06:36:45,2026-09-25 06:36:45.780
2026-09-25 06:32:41,BSCI258A,0101,Nicholas Fletcher,10,10,0,2026-09-25 06:36:46,2026-09-25 06:36:46.185
2026-09-25 06:32:41,BSCI258B,0101,Nicholas Fletcher,80,80,0,2026-09-25 06:36:46,2026-09-25 06:36:46.579
2026-09-25 06:32:41,BSCI279B,0101,Katerina Thompson,32,32,0,2026-09-25 06:36:47,2026-09-25 06:36:47.370
2026-09-25 06:32:41,BSCI279B,0102,Katerina Thompson,32,32,0,2026-09-25 06:36:47,2026-09-25 06:36:47.371
2026-09-25 06:32:41,BSCI279Q,0101,Daniel Butts,10,10,0,2026-09-25 06:36:48,2026-09-25 06:36:48.135
2026-09-25 06:32:41,BSCI283,1205,Kevin McIver,20,20,0,2026-09-25 06:36:49,2026-09-25 06:36:49.371
2026-09-25 06:32:41,BSCI283,1305,Daniel Stein,20,20,0,2026-09-25 06:36:49,2026-09-25 06:36:49.371
2026-09-25 06:32:41,BSCI329,1016,Hilary Bierman,5,5,0,2026-09-25 06:36:49,2026-09-25 06:36:49.759
2026-09-25 06:32:41,BSCI329,1028,Daniel Butts,10,10,0,2026-09-25 06:36:49,2026-09-25 06:36:49.759
2026-09-25 06:32:41,BSCI329,1033,Chan Lin,10,10,0,2026-09-25 06:36:49,2026-09-25 06:36:49.759
2026-09-25 06:32:41,BSCI329,1250,Justicia Opoku-Edusei,20,20,0,2026-09-25 06:36:49,2026-09-25 06:36:49.760
2026-09-25 06:32:41,BSCI329,1388,Corine Van der Weele,8,8,0,2026-09-25 06:36:49,2026-09-25 06:36:49.760
2026-09-25 06:32:41,BSCI329,ESG1,Hadiya Woodham,10,10,0,2026-09-25 06:36:49,2026-09-25 06:36:49.760
2026-09-25 06:32:41,BSCI331,0101,Kenneth Frauwirth,200,200,0,2026-09-25 06:36:50,2026-09-25 06:36:50.197
2026-09-25 06:32:41,BSCI331,0201,Kenneth Frauwirth,200,200,0,2026-09-25 06:36:50,2026-09-25 06:36:50.197
2026-09-25 06:32:41,BSCI332,0102,Corine Van der Weele,23,23,0,2026-09-25 06:36:50,2026-09-25 06:36:50.595
2026-09-25 06:32:41,BSCI332,0104,Corine Van der Weele,23,23,0,2026-09-25 06:36:50,2026-09-25 06:36:50.596
2026-09-25 06:32:41,BSCI332,0106,Corine Van der Weele,23,23,0,2026-09-25 06:36:50,2026-09-25 06:36:50.596
2026-09-25 06:32:41,BSCI332,0107,Corine Van der Weele,23,23,0,2026-09-25 06:36:50,2026-09-25 06:36:50.596
2026-09-25 06:32:41,BSCI332,0111,Corine Van der Weele,23,23,0,2026-09-25 06:36:50,2026-09-25 06:36:50.596
2026-09-25 06:32:41,BSCI332,1103,Corine Van der Weele,23,23,0,2026-09-25 06:36:50,2026-09-25 06:36:50.596
2026-09-25 06:32:41,BSCI332,1105,Corine Van der Weele,23,23,0,2026-09-25 06:36:50,2026-09-25 06:36:50.596
2026-09-25 06:32:41,BSCI332,1108,Corine Van der Weele,23,23,0,2026-09-25 06:36:50,2026-09-25 06:36:50.597
2026-09-25 06:32:41,BSCI332,1109,Corine Van der Weele,23,23,0,2026-09-25 06:36:50,2026-09-25 06:36:50.597
2026-09-25 06:32:41,BSCI332,1111,Corine Van der Weele,23,23,0,2026-09-25 06:36:50,2026-09-25 06:36:50.597
2026-09-25 06:32:41,BSCI332,1113,Corine Van der Weele,23,23,0,2026-09-25 06:36:50,2026-09-25 06:36:50.597
2026-09-25 06:32:41,BSCI334,0101,Katerina Thompson,60,60,0,2026-09-25 06:36:51,2026-09-25 06:36:51.002
2026-09-25 06:32:41,BSCI335,0101,Katerina Thompson,20,20,0,2026-09-25 06:36:51,2026-09-25 06:36:51.401
2026-09-25 06:32:41,BSCI335,0102,Katerina Thompson,20,20,0,2026-09-25 06:36:51,2026-09-25 06:36:51.401
2026-09-25 06:32:41,BSCI337,0101,Leo Shapiro,20,20,0,2026-09-25 06:36:51,2026-09-25 06:36:51.797
2026-09-25 06:32:41,BSCI337,0102,Leo Shapiro,20,20,0,2026-09-25 06:36:51,2026-09-25 06:36:51.797
2026-09-25 06:32:41,BSCI343,ESG1,Hadiya Woodham,30,30,0,2026-09-25 06:36:52,2026-09-25 06:36:52.579
2026-09-25 06:32:41,BSCI348A,0101,John Buchner,22,22,0,2026-09-25 06:36:53,2026-09-25 06:36:53.358
2026-09-25 06:32:41,BSCI348I,SES1,Erik Lontok,25,25,0,2026-09-25 06:36:53,2026-09-25 06:36:53.750
2026-09-25 06:32:41,BSCI348R,0101,Najib El-Sayed,10,10,0,2026-09-25 06:36:54,2026-09-25 06:36:54.152
2026-09-25 06:32:41,BSCI353,0101,Chan Lin,64,64,0,2026-09-25 06:36:54,2026-09-25 06:36:54.554
2026-09-25 06:32:41,BSCI353,0102,Melissa Caras,40,40,0,2026-09-25 06:36:54,2026-09-25 06:36:54.554
2026-09-25 06:32:41,BSCI353,ESG1,Vitaly Stepensky,40,40,0,2026-09-25 06:36:54,2026-09-25 06:36:54.554
2026-09-25 06:32:41,BSCI358A,ESG1,Vitaly Stepensky,30,30,0,2026-09-25 06:36:55,2026-09-25 06:36:55.179
2026-09-25 06:32:41,BSCI358B,ESG1,Gregory Simon,30,30,0,2026-09-25 06:36:55,2026-09-25 06:36:55.587
2026-09-25 06:32:41,BSCI361,0101,Daniel Gruner,25,25,0,2026-09-25 06:36:55,2026-09-25 06:36:55.972
2026-09-25 06:32:41,BSCI361,0102,Daniel Gruner,25,25,0,2026-09-25 06:36:55,2026-09-25 06:36:55.972
2026-09-25 06:32:41,BSCI370,0101,Alexandra Bely,64,64,0,2026-09-25 06:36:56,2026-09-25 06:36:56.363
2026-09-25 06:32:41,BSCI378H,0101,Kenneth Frauwirth,23,23,0,2026-09-25 06:36:56,2026-09-25 06:36:56.746
2026-09-25 06:32:41,BSCI398H,0101,Alexandra Bely,35,35,0,2026-09-25 06:36:59,2026-09-25 06:36:59.447
2026-09-25 06:32:41,BSCI401,0101,Gerald Wilkinson,39,39,0,2026-09-25 06:37:01,2026-09-25 06:37:01.016
2026-09-25 06:32:41,BSCI406,0101,Sergei Sukharev,20,20,0,2026-09-25 06:37:01,2026-09-25 06:37:01.477
2026-09-25 06:32:41,BSCI410,0101,Charles Seller,140,140,0,2026-09-25 06:37:01,2026-09-25 06:37:01.902
2026-09-25 06:32:41,BSCI412,0101,Erin Tran,18,18,0,2026-09-25 06:37:02,2026-09-25 06:37:02.327
2026-09-25 06:32:41,BSCI412,0103,Wade Winkler,18,18,0,2026-09-25 06:37:02,2026-09-25 06:37:02.327
2026-09-25 06:32:41,BSCI414,ESG1,Caitlin Fox,24,24,0,2026-09-25 06:37:02,2026-09-25 06:37:02.792
2026-09-25 06:32:41,BSCI416,0101,Silvia Bolland,42,42,0,2026-09-25 06:37:03,2026-09-25 06:37:03.180
2026-09-25 06:32:41,BSCI417,0101,Vincent Lee,30,30,0,2026-09-25 06:37:03,2026-09-25 06:37:03.603
2026-09-25 06:32:41,BSCI420,0101,Sougata Roy,62,62,0,2026-09-25 06:37:04,2026-09-25 06:37:04.118
2026-09-25 06:32:41,BSCI422,0101,Kenneth Frauwirth,25,25,0,2026-09-25 06:37:04,2026-09-25 06:37:04.531
2026-09-25 06:32:41,BSCI422,0102,Kenneth Frauwirth,25,25,0,2026-09-25 06:37:04,2026-09-25 06:37:04.532
2026-09-25 06:32:41,BSCI422,0103,David Mosser,25,25,0,2026-09-25 06:37:04,2026-09-25 06:37:04.532
2026-09-25 06:32:41,BSCI422,0104,David Mosser,25,25,0,2026-09-25 06:37:04,2026-09-25 06:37:04.532
2026-09-25 06:32:41,BSCI423,0101,Wenxia Song,18,18,0,2026-09-25 06:37:04,2026-09-25 06:37:04.915
2026-09-25 06:32:41,BSCI423,0102,Wenxia Song,18,18,0,2026-09-25 06:37:04,2026-09-25 06:37:04.916
2026-09-25 06:32:41,BSCI425,0101,Kan Cao,20,20,0,2026-09-25 06:37:05,2026-09-25 06:37:05.312
2026-09-25 06:32:41,BSCI430,0101,Eric Haag,35,35,0,2026-09-25 06:37:05,2026-09-25 06:37:05.709
2026-09-25 06:32:41,BSCI433,0101,Jeff Maltas,30,30,0,2026-09-25 06:37:06,2026-09-25 06:37:06.111
2026-09-25 06:32:41,BSCI435,0101,Tapan Goel,18,18,0,2026-09-25 06:37:06,2026-09-25 06:37:06.511
2026-09-25 06:32:41,BSCI436,0101,Jonathan Dinman,60,60,0,2026-09-25 06:37:06,2026-09-25 06:37:06.904
2026-09-25 06:32:41,BSCI437,0101,Jeffrey DeStefano,70,70,0,2026-09-25 06:37:07,2026-09-25 06:37:07.301
2026-09-25 06:32:41,BSCI437,ESG1,Gilad Ofek,40,40,0,2026-09-25 06:37:07,2026-09-25 06:37:07.301
2026-09-25 06:32:41,BSCI437H,0101,Jeffrey DeStefano,8,8,0,2026-09-25 06:37:07,2026-09-25 06:37:07.708
2026-09-25 06:32:41,BSCI439B,ESG1,Maira Goytia,40,40,0,2026-09-25 06:37:08,2026-09-25 06:37:08.092
2026-09-25 06:32:41,BSCI439E,0101,Beatrice Kondo,5,5,0,2026-09-25 06:37:08,2026-09-25 06:37:08.620
2026-09-25 06:32:41,BSCI439G,0101,Beatrice Kondo,5,5,0,2026-09-25 06:37:09,2026-09-25 06:37:09.031
2026-09-25 06:32:41,BSCI439L,0101,Instructor: TBA,5,5,0,2026-09-25 06:37:09,2026-09-25 06:37:09.427
2026-09-25 06:32:41,BSCI442,0101,Daniel Rodriguez Leal,20,20,0,2026-09-25 06:37:09,2026-09-25 06:37:09.837
2026-09-25 06:32:41,BSCI442,0102,Jose Feijo,20,20,0,2026-09-25 06:37:09,2026-09-25 06:37:09.837
2026-09-25 06:32:41,BSCI450,0101,Juan Angueyra,130,130,0,2026-09-25 06:37:10,2026-09-25 06:37:10.236
2026-09-25 06:32:41,BSCI450,0201,Joshua Singer,120,120,0,2026-09-25 06:37:10,2026-09-25 06:37:10.237
2026-09-25 06:32:41,BSCI450,PDS1,William Higgins,20,20,0,2026-09-25 06:37:10,2026-09-25 06:37:10.237
2026-09-25 06:32:41,BSCI451,0101,Corine Van der Weele,20,20,0,2026-09-25 06:37:10,2026-09-25 06:37:10.628
2026-09-25 06:32:41,BSCI451,0102,Corine Van der Weele,20,20,0,2026-09-25 06:37:10,2026-09-25 06:37:10.628
2026-09-25 06:32:41,BSCI451,0103,Corine Van der Weele,20,20,0,2026-09-25 06:37:10,2026-09-25 06:37:10.628
2026-09-25 06:32:41,BSCI451,0104,Corine Van der Weele,20,20,0,2026-09-25 06:37:10,2026-09-25 06:37:10.628
2026-09-25 06:32:41,BSCI452,0101,Chan Lin,40,40,0,2026-09-25 06:37:11,2026-09-25 06:37:11.013
2026-09-25 06:32:41,BSCI452,SES1,Chan Lin,20,20,0,2026-09-25 06:37:11,2026-09-25 06:37:11.013
2026-09-25 06:32:41,BSCI453,0101,Nikolas Francis,38,38,0,2026-09-25 06:37:11,2026-09-25 06:37:11.424
2026-09-25 06:32:41,BSCI455,0101,Hilary Bierman,16,16,0,2026-09-25 06:37:11,2026-09-25 06:37:11.847
2026-09-25 06:32:41,BSCI455,0102,Hilary Bierman,16,16,0,2026-09-25 06:37:11,2026-09-25 06:37:11.847
2026-09-25 06:32:41,BSCI455,0103,Hilary Bierman,16,16,0,2026-09-25 06:37:11,2026-09-25 06:37:11.847
2026-09-25 06:32:41,BSCI456,0101,Colenso Speer,5,5,0,2026-09-25 06:37:12,2026-09-25 06:37:12.230
2026-09-25 06:32:41,BSCI477,0101,Emily Bruns,40,40,0,2026-09-25 06:37:12,2026-09-25 06:37:12.622
2026-09-25 06:32:41,BSCI487,0101,Kelly Hamby,24,24,0,2026-09-25 06:37:13,2026-09-25 06:37:13.006
2026-09-25 06:32:41,BSOS355,0101,Liza Lebrun,40,40,0,2026-09-25 06:37:14,2026-09-25 06:37:14.725
2026-09-25 06:32:41,BSOS361,0101,TC Lloyd,30,30,0,2026-09-25 06:37:15,2026-09-25 06:37:15.134
2026-09-25 06:32:41,BSOS361,0102,TC Lloyd,30,30,0,2026-09-25 06:37:15,2026-09-25 06:37:15.134
2026-09-25 06:32:41,BSOS448M,0101,Brandee Pettus,12,12,0,2026-09-25 06:37:15,2026-09-25 06:37:15.516
2026-09-25 06:32:41,BUMO600,0501,Sheetal Singh,52,52,0,2026-09-25 06:37:39,2026-09-25 06:37:39.096
2026-09-25 06:32:41,BUMO604,0501,Jon Crocker,0,0,0,2026-09-25 06:37:39,2026-09-25 06:37:39.498
2026-09-25 06:32:41,BUMO614,0501,Waverly Ding,58,58,0,2026-09-25 06:37:39,2026-09-25 06:37:39.897
2026-09-25 06:32:41,BUMO701,0501,Jason Choi,65,65,0,2026-09-25 06:37:40,2026-09-25 06:37:40.293
2026-09-25 06:32:41,BUMO703,0501,Mary Beth Furst,65,65,0,2026-09-25 06:37:40,2026-09-25 06:37:40.687
2026-09-25 06:32:41,BUMO711,0501,Sheetal Singh,65,65,0,2026-09-25 06:37:41,2026-09-25 06:37:41.115
2026-09-25 06:32:41,BUMO714,0501,Rellie Rozin,0,0,0,2026-09-25 06:37:41,2026-09-25 06:37:41.509
2026-09-25 06:32:41,BUMO723,0501,Stephen Sclafani,58,58,0,2026-09-25 06:37:41,2026-09-25 06:37:41.898
2026-09-25 06:32:41,BUMO724,0501,Stephen Sclafani,58,58,0,2026-09-25 06:37:42,2026-09-25 06:37:42.286
2026-09-25 06:32:41,BUMO726,0501,Stephen Sclafani,58,58,0,2026-09-25 06:37:42,2026-09-25 06:37:42.686
2026-09-25 06:32:41,BUMO731,0501,Balaji Padmanabhan,58,58,0,2026-09-25 06:37:43,2026-09-25 06:37:43.092
2026-09-25 06:32:41,BUMO733,0501,Balaji Padmanabhan,58,58,0,2026-09-25 06:37:43,2026-09-25 06:37:43.523
2026-09-25 06:32:41,BUMO758P,0501,Jon Crocker,37,37,0,2026-09-25 06:37:43,2026-09-25 06:37:43.908
2026-09-25 06:32:41,BUMO780,0501,Jennifer Marr,37,37,0,2026-09-25 06:37:44,2026-09-25 06:37:44.689
2026-09-25 06:32:41,BUMO780,0502,Jennifer Marr,37,37,0,2026-09-25 06:37:44,2026-09-25 06:37:44.689
2026-09-25 06:32:41,BUMO782,0501,Mike Hoffmeyer,40,40,0,2026-09-25 06:37:45,2026-09-25 06:37:45.093
2026-09-25 06:32:41,BUMO785,0501,Maria Bustamante,65,65,0,2026-09-25 06:37:45,2026-09-25 06:37:45.480
2026-09-25 06:32:41,BUMO790,0501,Roy Thomason,65,65,0,2026-09-25 06:37:45,2026-09-25 06:37:45.865
2026-09-25 06:32:41,BUMO790,0502,Roy Thomason,65,65,0,2026-09-25 06:37:45,2026-09-25 06:37:45.865
2026-09-25 06:32:41,BUMO791,0501,Roy Thomason,65,65,0,2026-09-25 06:37:46,2026-09-25 06:37:46.266
2026-09-25 06:32:41,BUMO791,0502,Roy Thomason,65,65,0,2026-09-25 06:37:46,2026-09-25 06:37:46.266
2026-09-25 06:32:41,CHIN100,0101,Yuli Wang,15,15,0,2026-09-25 06:38:40,2026-09-25 06:38:40.890
2026-09-25 06:32:41,CHIN121,0101,Mei Kong,15,15,0,2026-09-25 06:38:41,2026-09-25 06:38:41.288
2026-09-25 06:32:41,CHIN122,0101,Mei Kong,15,15,0,2026-09-25 06:38:41,2026-09-25 06:38:41.687
2026-09-25 06:32:41,CHIN122,0201,Mei Kong,15,15,0,2026-09-25 06:38:41,2026-09-25 06:38:41.687
2026-09-25 06:32:41,CHIN122,0301,Guiling Hu,15,15,0,2026-09-25 06:38:41,2026-09-25 06:38:41.687
2026-09-25 06:32:41,CHIN207,0101,Guiling Hu,15,15,0,2026-09-25 06:38:42,2026-09-25 06:38:42.071
2026-09-25 06:32:41,CHIN207,0201,Guiling Hu,15,15,0,2026-09-25 06:38:42,2026-09-25 06:38:42.071
2026-09-25 06:32:41,CHIN302,0101,Jungjung Lee,15,15,0,2026-09-25 06:38:42,2026-09-25 06:38:42.455
2026-09-25 06:32:41,CHIN302,0201,Jungjung Lee,15,15,0,2026-09-25 06:38:42,2026-09-25 06:38:42.455
2026-09-25 06:32:41,CHIN307,0101,Minglang Zhou,25,25,0,2026-09-25 06:38:42,2026-09-25 06:38:42.882
2026-09-25 06:32:41,CHIN315,0101,Mei Nan,25,25,0,2026-09-25 06:38:43,2026-09-25 06:38:43.285
2026-09-25 06:32:41,CHIN332,0101,Yuli Wang,15,15,0,2026-09-25 06:38:43,2026-09-25 06:38:43.703
2026-09-25 06:32:41,CHIN402,0101,Jungjung Lee,15,15,0,2026-09-25 06:38:44,2026-09-25 06:38:44.475
2026-09-25 06:32:41,CHIN415,0101,Jungjung Lee,15,15,0,2026-09-25 06:38:44,2026-09-25 06:38:44.878
2026-09-25 06:32:41,CHIN418O,0101,Mei Nan,25,25,0,2026-09-25 06:38:45,2026-09-25 06:38:45.271
2026-09-25 06:32:41,CHIN441,0101,Andrew Schonebaum,20,20,0,2026-09-25 06:38:45,2026-09-25 06:38:45.675
2026-09-25 06:32:41,CHSE205,0101,Yewon Lee,60,60,0,2026-09-25 06:38:50,2026-09-25 06:38:50.096
2026-09-25 06:32:41,CHSE205,0201,Katryna Andrusik,50,50,0,2026-09-25 06:38:50,2026-09-25 06:38:50.096
2026-09-25 06:32:41,CHSE228D,0101,Nikita Kimani,16,16,0,2026-09-25 06:38:50,2026-09-25 06:38:50.506
2026-09-25 06:32:41,CHSE376,0101,Michael Dunham,20,20,0,2026-09-25 06:38:50,2026-09-25 06:38:50.921
2026-09-25 06:32:41,CHSE376,0201,Elizabeth Martinez,20,20,0,2026-09-25 06:38:50,2026-09-25 06:38:50.921
2026-09-25 06:32:41,CHSE376,0301,Colleen McGilpin,20,20,0,2026-09-25 06:38:50,2026-09-25 06:38:50.921
2026-09-25 06:32:41,CHSE376,0401,Chanai Brewster,15,15,0,2026-09-25 06:38:50,2026-09-25 06:38:50.921
2026-09-25 06:32:41,CHSE376,0501,Michael Dunham,15,15,0,2026-09-25 06:38:50,2026-09-25 06:38:50.921
2026-09-25 06:32:41,CHSE476,0101,Michael Dunham,20,20,0,2026-09-25 06:38:51,2026-09-25 06:38:51.731
2026-09-25 06:32:41,CHSE477,0101,Michael Dunham,18,18,0,2026-09-25 06:38:52,2026-09-25 06:38:52.127
2026-09-25 06:32:41,CHSE480,0101,Michael Dunham,18,18,0,2026-09-25 06:38:52,2026-09-25 06:38:52.529
2026-09-25 06:32:41,CHSE489,1901,Amy D'Agati,10,10,0,2026-09-25 06:38:52,2026-09-25 06:38:52.921
2026-09-25 06:32:41,CINE245,0201,Instructor: TBA,27,27,0,2026-09-25 06:38:55,2026-09-25 06:38:55.213
2026-09-25 06:32:41,CINE245,0301,Instructor: TBA,27,27,0,2026-09-25 06:38:55,2026-09-25 06:38:55.213
2026-09-25 06:32:41,CINE280,0101,Eric Zakim,25,25,0,2026-09-25 06:38:55,2026-09-25 06:38:55.623
2026-09-25 06:32:41,CINE280,0102,Eric Zakim,25,25,0,2026-09-25 06:38:55,2026-09-25 06:38:55.623
2026-09-25 06:32:41,CINE280,0103,Eric Zakim,25,25,0,2026-09-25 06:38:55,2026-09-25 06:38:55.624
2026-09-25 06:32:41,CINE280,0104,Eric Zakim,25,25,0,2026-09-25 06:38:55,2026-09-25 06:38:55.624
2026-09-25 06:32:41,CINE282,0101,Susan Pramschufer,35,35,0,2026-09-25 06:38:56,2026-09-25 06:38:56.040
2026-09-25 06:32:41,CINE298B,0101,Sean Pue,20,20,0,2026-09-25 06:39:03,2026-09-25 06:39:03.134
2026-09-25 06:32:41,CINE302,0101,Luka Arsenjuk,30,30,0,2026-09-25 06:39:03,2026-09-25 06:39:03.537
2026-09-25 06:32:41,CINE310,0101,Nathaniel Stevens,15,15,0,2026-09-25 06:39:03,2026-09-25 06:39:03.955
2026-09-25 06:32:41,CINE319A,0101,Instructor: TBA,20,20,0,2026-09-25 06:39:04,2026-09-25 06:39:04.408
2026-09-25 06:32:41,CINE319I,0101,Yael Inbar,15,15,0,2026-09-25 06:39:04,2026-09-25 06:39:04.804
2026-09-25 06:32:41,CINE319P,5501,Samuel Crawford,10,10,0,2026-09-25 06:39:05,2026-09-25 06:39:05.204
2026-09-25 06:32:41,CINE329E,0101,Elizabeth Papazian,25,25,0,2026-09-25 06:39:05,2026-09-25 06:39:05.597
2026-09-25 06:32:41,CINE329N,0101,Daniel Richter,25,25,0,2026-09-25 06:39:05,2026-09-25 06:39:05.980
2026-09-25 06:32:41,CINE329Z,0101,Daniel Richter,25,25,0,2026-09-25 06:39:06,2026-09-25 06:39:06.365
2026-09-25 06:32:41,CINE335,0101,Jason Kuo,25,25,0,2026-09-25 06:39:06,2026-09-25 06:39:06.761
2026-09-25 06:32:41,CINE369C,0101,Mauro Resmini,40,40,0,2026-09-25 06:39:07,2026-09-25 06:39:07.166
2026-09-25 06:32:41,CINE369F,0101,Alexis Lothian,30,30,0,2026-09-25 06:39:07,2026-09-25 06:39:07.599
2026-09-25 06:32:41,CINE369K,0101,Instructor: TBA,20,20,0,2026-09-25 06:39:07,2026-09-25 06:39:07.994
2026-09-25 06:32:41,CINE376,0101,Ross Angelella,14,14,0,2026-09-25 06:39:08,2026-09-25 06:39:08.387
2026-09-25 06:32:41,CINE376,0102,Ross Angelella,5,5,0,2026-09-25 06:39:08,2026-09-25 06:39:08.387
2026-09-25 06:32:41,CINE419E,0101,Stephanie Sapienza,15,15,0,2026-09-25 06:39:09,2026-09-25 06:39:09.166
2026-09-25 06:32:41,CINE429O,0101,Mei Nan,25,25,0,2026-09-25 06:39:09,2026-09-25 06:39:09.558
2026-09-25 06:32:41,CINE459C,0101,Saverio Giovacchini,54,54,0,2026-09-25 06:39:09,2026-09-25 06:39:09.945
2026-09-25 06:32:41,CINE469Y,0101,Jason Kuo,14,14,0,2026-09-25 06:39:10,2026-09-25 06:39:10.350
2026-09-25 06:32:41,CLAS170,0101,Katherine Wasdin,21,21,0,2026-09-25 06:39:12,2026-09-25 06:39:12.473
2026-09-25 06:32:41,CLAS170,0102,Katherine Wasdin,21,21,0,2026-09-25 06:39:12,2026-09-25 06:39:12.473
2026-09-25 06:32:41,CLAS170,0103,Katherine Wasdin,21,21,0,2026-09-25 06:39:12,2026-09-25 06:39:12.473
2026-09-25 06:32:41,CLAS170,0104,Katherine Wasdin,21,21,0,2026-09-25 06:39:12,2026-09-25 06:39:12.473
2026-09-25 06:32:41,CLAS170,0105,Katherine Wasdin,21,21,0,2026-09-25 06:39:12,2026-09-25 06:39:12.473
2026-09-25 06:32:41,CLAS170,0106,Katherine Wasdin,21,21,0,2026-09-25 06:39:12,2026-09-25 06:39:12.474
2026-09-25 06:32:41,CLAS170,0107,Katherine Wasdin,21,21,0,2026-09-25 06:39:12,2026-09-25 06:39:12.474
2026-09-25 06:32:41,CLAS170,0108,Katherine Wasdin,21,21,0,2026-09-25 06:39:12,2026-09-25 06:39:12.474
2026-09-25 06:32:41,CLAS170,0109,Katherine Wasdin,21,21,0,2026-09-25 06:39:12,2026-09-25 06:39:12.474
2026-09-25 06:32:41,CLAS276,0101,Eric Adler,25,25,0,2026-09-25 06:39:12,2026-09-25 06:39:12.886
2026-09-25 06:32:41,CLAS276,0102,Eric Adler,25,25,0,2026-09-25 06:39:12,2026-09-25 06:39:12.887
2026-09-25 06:32:41,CLAS276,0103,Eric Adler,25,25,0,2026-09-25 06:39:12,2026-09-25 06:39:12.887
2026-09-25 06:32:41,CLAS276,0104,Eric Adler,25,25,0,2026-09-25 06:39:12,2026-09-25 06:39:12.887
2026-09-25 06:32:41,CLAS276,0105,Eric Adler,25,25,0,2026-09-25 06:39:12,2026-09-25 06:39:12.887
2026-09-25 06:32:41,CLAS276,0106,Eric Adler,25,25,0,2026-09-25 06:39:12,2026-09-25 06:39:12.887
2026-09-25 06:32:41,CLAS333,0101,Nathan Levine,35,35,0,2026-09-25 06:39:13,2026-09-25 06:39:13.269
2026-09-25 06:32:41,CLAS340,0101,Katherine Wasdin,35,35,0,2026-09-25 06:39:13,2026-09-25 06:39:13.672
2026-09-25 06:32:41,CMLT235,0101,Instructor: TBA,30,30,0,2026-09-25 06:39:16,2026-09-25 06:39:16.267
2026-09-25 06:32:41,CMLT270,0201,Instructor: TBA,30,30,0,2026-09-25 06:39:16,2026-09-25 06:39:16.662
2026-09-25 06:32:41,CMLT270,0301,Instructor: TBA,30,30,0,2026-09-25 06:39:16,2026-09-25 06:39:16.663
2026-09-25 06:32:41,CMLT275,0101,Instructor: TBA,30,30,0,2026-09-25 06:39:17,2026-09-25 06:39:17.040
2026-09-25 06:32:41,CMLT277,0101,Instructor: TBA,30,30,0,2026-09-25 06:39:17,2026-09-25 06:39:17.434
2026-09-25 06:32:41,CMLT280,0101,Eric Zakim,25,25,0,2026-09-25 06:39:17,2026-09-25 06:39:17.821
2026-09-25 06:32:41,CMLT280,0102,Eric Zakim,25,25,0,2026-09-25 06:39:17,2026-09-25 06:39:17.821
2026-09-25 06:32:41,CMLT280,0103,Eric Zakim,25,25,0,2026-09-25 06:39:17,2026-09-25 06:39:17.822
2026-09-25 06:32:41,CMLT280,0104,Eric Zakim,25,25,0,2026-09-25 06:39:17,2026-09-25 06:39:17.822
2026-09-25 06:32:41,CPBE101,0101,Oliver Schlake,75,75,0,2026-09-25 06:39:44,2026-09-25 06:39:44.851
2026-09-25 06:32:41,CPBE230,0101,Oliver Schlake,30,30,0,2026-09-25 06:39:45,2026-09-25 06:39:45.247
2026-09-25 06:32:41,CPBE240,0101,Oliver Schlake,20,20,0,2026-09-25 06:39:45,2026-09-25 06:39:45.641
2026-09-25 06:32:41,CPBE250,0101,Oliver Schlake,30,30,0,2026-09-25 06:39:46,2026-09-25 06:39:46.042
2026-09-25 06:32:41,CPCV101,0101,Julie Randolph,40,40,0,2026-09-25 06:39:47,2026-09-25 06:39:47.758
2026-09-25 06:32:41,CPCV101,0201,Julie Randolph,40,40,0,2026-09-25 06:39:47,2026-09-25 06:39:47.759
2026-09-25 06:32:41,CPCV230,0101,Korey Rothman,20,20,0,2026-09-25 06:39:48,2026-09-25 06:39:48.164
2026-09-25 06:32:41,CPCV230,0201,Korey Rothman,20,20,0,2026-09-25 06:39:48,2026-09-25 06:39:48.164
2026-09-25 06:32:41,CPDJ101,0101,Jess Feltner,75,75,0,2026-09-25 06:39:49,2026-09-25 06:39:49.920
2026-09-25 06:32:41,CPDJ230,0101,Jess Feltner,10,10,0,2026-09-25 06:39:50,2026-09-25 06:39:50.317
2026-09-25 06:32:41,CPDJ240,0101,Jess Feltner,8,8,0,2026-09-25 06:39:51,2026-09-25 06:39:51.121
2026-09-25 06:32:41,CPDJ250,0101,Jess Feltner,10,10,0,2026-09-25 06:39:51,2026-09-25 06:39:51.737
2026-09-25 06:32:41,CPET101,0101,Dani Moore,78,78,0,2026-09-25 06:39:54,2026-09-25 06:39:54.005
2026-09-25 06:32:41,CPET230,0101,Dani Moore,50,50,0,2026-09-25 06:39:54,2026-09-25 06:39:54.614
2026-09-25 06:32:41,CPET240,0101,Dani Moore,20,20,0,2026-09-25 06:39:55,2026-09-25 06:39:55.329
2026-09-25 06:32:41,CPET250,0101,Dani Moore,15,15,0,2026-09-25 06:39:55,2026-09-25 06:39:55.777
2026-09-25 06:32:41,CPGH101,0101,Angshuman Kashyap,75,75,0,2026-09-25 06:39:58,2026-09-25 06:39:58.027
2026-09-25 06:32:41,CPGH210,0101,Haley Clark,80,80,0,2026-09-25 06:39:58,2026-09-25 06:39:58.433
2026-09-25 06:32:41,CPGH230,0101,John Wiggins,30,30,0,2026-09-25 06:39:58,2026-09-25 06:39:58.825
2026-09-25 06:32:41,CPGH240,0101,John Wiggins,30,30,0,2026-09-25 06:39:59,2026-09-25 06:39:59.221
2026-09-25 06:32:41,CPGH250,0101,John Wiggins,25,25,0,2026-09-25 06:39:59,2026-09-25 06:39:59.600
2026-09-25 06:32:41,CPGH270,0101,John Wiggins,5,5,0,2026-09-25 06:40:00,2026-09-25 06:40:00.350
2026-09-25 06:32:41,CPJT101,0101,Justine DeCamillis,75,75,0,2026-09-25 06:40:02,2026-09-25 06:40:02.190
2026-09-25 06:32:41,CPJT230,0101,Justine DeCamillis,35,35,0,2026-09-25 06:40:02,2026-09-25 06:40:02.640
2026-09-25 06:32:41,CPJT240,0101,Justine DeCamillis,25,25,0,2026-09-25 06:40:03,2026-09-25 06:40:03.039
2026-09-25 06:32:41,CPJT250,0101,Victoria Worley,25,25,0,2026-09-25 06:40:03,2026-09-25 06:40:03.839
2026-09-25 06:32:41,CPMS101,0101,Alison Burns,75,75,0,2026-09-25 06:40:05,2026-09-25 06:40:05.553
2026-09-25 06:32:41,CPMS230,0101,Alison Burns,30,30,0,2026-09-25 06:40:06,2026-09-25 06:40:06.153
2026-09-25 06:32:41,CPMS240,0101,Alison Burns,15,15,0,2026-09-25 06:40:06,2026-09-25 06:40:06.546
2026-09-25 06:32:41,CPPL101,0101,Kelly Brower,75,75,0,2026-09-25 06:40:10,2026-09-25 06:40:10.010
2026-09-25 06:32:41,CPSA101,0101,Heather-Erin Bremenstuhl,75,75,0,2026-09-25 06:40:12,2026-09-25 06:40:12.584
2026-09-25 06:32:41,CPSA149,0101,Harold Burgess,20,20,0,2026-09-25 06:40:12,2026-09-25 06:40:12.966
2026-09-25 06:32:41,CPSA201,0101,Heather-Erin Bremenstuhl,75,75,0,2026-09-25 06:40:13,2026-09-25 06:40:13.372
2026-09-25 06:32:41,CPSA240,0101,Harold Burgess,15,15,0,2026-09-25 06:40:13,2026-09-25 06:40:13.805
2026-09-25 06:32:41,CPSA250,0101,Heather-Erin Bremenstuhl,10,10,0,2026-09-25 06:40:16,2026-09-25 06:40:16.181
2026-09-25 06:32:41,CPSA250,0201,Heather-Erin Bremenstuhl,10,10,0,2026-09-25 06:40:16,2026-09-25 06:40:16.181
2026-09-25 06:32:41,CPSA250,0301,Heather-Erin Bremenstuhl,10,10,0,2026-09-25 06:40:16,2026-09-25 06:40:16.182
2026-09-25 06:32:41,CPSA260,0101,Heather-Erin Bremenstuhl,10,10,0,2026-09-25 06:40:16,2026-09-25 06:40:16.587
2026-09-25 06:32:41,CPSA260,0201,Heather-Erin Bremenstuhl,10,10,0,2026-09-25 06:40:16,2026-09-25 06:40:16.587
2026-09-25 06:32:41,CPSA260,0301,Alexandra Lynch,10,10,0,2026-09-25 06:40:16,2026-09-25 06:40:16.587
2026-09-25 06:32:41,CPSF101,0101,Nicholas Fletcher,75,75,0,2026-09-25 06:40:18,2026-09-25 06:40:18.266
2026-09-25 06:32:41,CPSG101,0101,Thomas Holtz,75,75,0,2026-09-25 06:40:20,2026-09-25 06:40:20.223
2026-09-25 06:32:41,CPSG230,0101,John Merck,50,50,0,2026-09-25 06:40:20,2026-09-25 06:40:20.629
2026-09-25 06:32:41,CPSG240,0101,John Merck,25,25,0,2026-09-25 06:40:21,2026-09-25 06:40:21.014
2026-09-25 06:32:41,CPSG250,0101,John Merck,25,25,0,2026-09-25 06:40:21,2026-09-25 06:40:21.631
2026-09-25 06:32:41,CPSN101,0101,Hansol Kwak,75,75,0,2026-09-25 06:40:23,2026-09-25 06:40:23.347
2026-09-25 06:32:41,CPSN230,0101,Ellin Chung,40,40,0,2026-09-25 06:40:24,2026-09-25 06:40:24.081
2026-09-25 06:32:41,CPSN240,0101,Ellin Chung,15,15,0,2026-09-25 06:40:24,2026-09-25 06:40:24.472
2026-09-25 06:32:41,CPSN250,0101,Hansol Kwak,25,25,0,2026-09-25 06:40:24,2026-09-25 06:40:24.885
2026-09-25 06:32:41,CPSP239A,0101,Heather-Erin Bremenstuhl,10,10,0,2026-09-25 06:40:26,2026-09-25 06:40:26.633
2026-09-25 06:32:41,CPSP259J,0101,Alison Burns,10,10,0,2026-09-25 06:40:27,2026-09-25 06:40:27.598
2026-09-25 06:32:41,CPSP279N,0101,Stacy Kosko,10,10,0,2026-09-25 06:40:27,2026-09-25 06:40:27.979
2026-09-25 06:32:41,CPSP339P,0101,Kelly Brower,15,15,0,2026-09-25 06:40:28,2026-09-25 06:40:28.360
2026-09-25 06:32:41,CPSP359G,0101,John Merck,25,25,0,2026-09-25 06:40:28,2026-09-25 06:40:28.757
2026-09-25 06:32:41,CPSP359S,0101,David Eubanks,24,24,0,2026-09-25 06:40:29,2026-09-25 06:40:29.163
2026-09-25 06:32:41,CPSP369E,0101,Tim Knight,7,7,0,2026-09-25 06:40:29,2026-09-25 06:40:29.565
2026-09-25 06:32:41,CPSP369E,0102,Tim Knight,5,5,0,2026-09-25 06:40:29,2026-09-25 06:40:29.566
2026-09-25 06:32:41,CPSS101,0101,Christine Alexander,75,75,0,2026-09-25 06:40:31,2026-09-25 06:40:31.277
2026-09-25 06:32:41,CPSS225,0101,Roan Parrish,20,20,0,2026-09-25 06:40:31,2026-09-25 06:40:31.675
2026-09-25 06:32:41,CPSS225,0201,Thomas Zeller,20,20,0,2026-09-25 06:40:31,2026-09-25 06:40:31.676
2026-09-25 06:32:41,CPSS240,0101,Timothy Reedy,25,25,0,2026-09-25 06:40:32,2026-09-25 06:40:32.069
2026-09-25 06:32:41,CPSS340,0101,Nicole Mogul,20,20,0,2026-09-25 06:40:32,2026-09-25 06:40:32.466
2026-09-25 06:32:41,DATA100,0111,Matthew Griffin,27,27,0,2026-09-25 06:40:49,2026-09-25 06:40:49.255
2026-09-25 06:32:41,DATA100,0112,Matthew Griffin,27,27,0,2026-09-25 06:40:49,2026-09-25 06:40:49.255
2026-09-25 06:32:41,DATA100,0121,Matthew Griffin,27,27,0,2026-09-25 06:40:49,2026-09-25 06:40:49.255
2026-09-25 06:32:41,DATA100,0122,Matthew Griffin,27,27,0,2026-09-25 06:40:49,2026-09-25 06:40:49.255
2026-09-25 06:32:41,DATA100,0123,Matthew Griffin,27,27,0,2026-09-25 06:40:49,2026-09-25 06:40:49.255
2026-09-25 06:32:41,DATA100,0131,Matthew Griffin,27,27,0,2026-09-25 06:40:49,2026-09-25 06:40:49.256
2026-09-25 06:32:41,DATA100,0211,Matthew Griffin,27,27,0,2026-09-25 06:40:49,2026-09-25 06:40:49.256
2026-09-25 06:32:41,DATA100,0212,Matthew Griffin,27,27,0,2026-09-25 06:40:49,2026-09-25 06:40:49.256
2026-09-25 06:32:41,DATA100,0221,Matthew Griffin,27,27,0,2026-09-25 06:40:49,2026-09-25 06:40:49.256
2026-09-25 06:32:41,DATA100,0222,Matthew Griffin,27,27,0,2026-09-25 06:40:49,2026-09-25 06:40:49.256
2026-09-25 06:32:41,DATA100,0223,Matthew Griffin,27,27,0,2026-09-25 06:40:49,2026-09-25 06:40:49.257
2026-09-25 06:32:41,DATA100,0224,Matthew Griffin,27,27,0,2026-09-25 06:40:49,2026-09-25 06:40:49.257
2026-09-25 06:32:41,DATA100,0231,Matthew Griffin,27,27,0,2026-09-25 06:40:49,2026-09-25 06:40:49.257
2026-09-25 06:32:41,DATA100,0241,Matthew Griffin,27,27,0,2026-09-25 06:40:49,2026-09-25 06:40:49.257
2026-09-25 06:32:41,DATA100,0242,Matthew Griffin,27,27,0,2026-09-25 06:40:49,2026-09-25 06:40:49.257
2026-09-25 06:32:41,DATA100,0311,Jonathan Fernandes,25,25,0,2026-09-25 06:40:49,2026-09-25 06:40:49.257
2026-09-25 06:32:41,DATA100,0312,Jonathan Fernandes,25,25,0,2026-09-25 06:40:49,2026-09-25 06:40:49.258
2026-09-25 06:32:41,DATA100,0321,Jonathan Fernandes,25,25,0,2026-09-25 06:40:49,2026-09-25 06:40:49.258
2026-09-25 06:32:41,DATA100,0322,Jonathan Fernandes,25,25,0,2026-09-25 06:40:49,2026-09-25 06:40:49.258
2026-09-25 06:32:41,DATA100,0323,Jonathan Fernandes,25,25,0,2026-09-25 06:40:49,2026-09-25 06:40:49.258
2026-09-25 06:32:41,DATA110,0101,Susan Mazzullo,310,310,0,2026-09-25 06:40:49,2026-09-25 06:40:49.663
2026-09-25 06:32:41,DATA120,0101,Fardina Alam,200,200,0,2026-09-25 06:40:50,2026-09-25 06:40:50.080
2026-09-25 06:32:41,DATA200,0101,Fardina Alam,90,90,0,2026-09-25 06:40:50,2026-09-25 06:40:50.486
2026-09-25 06:32:41,DATA250,0101,Todd Rowland,30,30,0,2026-09-25 06:40:50,2026-09-25 06:40:50.887
2026-09-25 06:32:41,DATA320,0101,Maksym Morawski,20,20,0,2026-09-25 06:40:51,2026-09-25 06:40:51.275
2026-09-25 06:32:41,DATA320,0201,Fardina Alam,20,20,0,2026-09-25 06:40:51,2026-09-25 06:40:51.275
2026-09-25 06:32:41,DATA320,0301,Anna Evtushenko,12,12,0,2026-09-25 06:40:51,2026-09-25 06:40:51.275
2026-09-25 06:32:41,DATA350,0101,Todd Rowland,30,30,0,2026-09-25 06:40:51,2026-09-25 06:40:51.669
2026-09-25 06:32:41,DATA350,0201,Raluca Rosca,30,30,0,2026-09-25 06:40:51,2026-09-25 06:40:51.669
2026-09-25 06:32:41,DATA400,0111,Archana Khurana,27,27,0,2026-09-25 06:40:52,2026-09-25 06:40:52.090
2026-09-25 06:32:41,DATA400,0121,Archana Khurana,27,27,0,2026-09-25 06:40:52,2026-09-25 06:40:52.090
2026-09-25 06:32:41,DATA400,0131,Archana Khurana,27,27,0,2026-09-25 06:40:52,2026-09-25 06:40:52.090
2026-09-25 06:32:41,DATA400,0211,Salman Safdar,27,27,0,2026-09-25 06:40:52,2026-09-25 06:40:52.090
2026-09-25 06:32:41,DATA400,0311,Shixin Zheng,27,27,0,2026-09-25 06:40:52,2026-09-25 06:40:52.091
2026-09-25 06:32:41,DATA400,0321,Shixin Zheng,27,27,0,2026-09-25 06:40:52,2026-09-25 06:40:52.091
2026-09-25 06:32:41,DATA400,0331,Shixin Zheng,27,27,0,2026-09-25 06:40:52,2026-09-25 06:40:52.091
2026-09-25 06:32:41,DATA400,0411,Mestiyage Gunatilleka,27,27,0,2026-09-25 06:40:52,2026-09-25 06:40:52.091
2026-09-25 06:32:41,DATA400,0421,Mestiyage Gunatilleka,27,27,0,2026-09-25 06:40:52,2026-09-25 06:40:52.091
2026-09-25 06:32:41,DATA400,0431,Mestiyage Gunatilleka,27,27,0,2026-09-25 06:40:52,2026-09-25 06:40:52.092
2026-09-25 06:32:41,EALL361,0101,Instructor: TBA,20,20,0,2026-09-25 06:40:53,2026-09-25 06:40:53.791
2026-09-25 06:32:41,EDDI300,0101,Nicole Mehta,20,20,0,2026-09-25 06:41:08,2026-09-25 06:41:08.585
2026-09-25 06:32:41,EMBA788G,GX01,Judy Frels,31,31,0,2026-09-25 06:41:40,2026-09-25 06:41:40.667
2026-09-25 06:32:41,EMBA788V,GX01,Zhi-Long Chen,31,31,0,2026-09-25 06:41:41,2026-09-25 06:41:41.147
2026-09-25 06:32:41,ENAI603,0101,A Seyed,35,35,0,2026-09-25 06:41:55,2026-09-25 06:41:55.716
2026-09-25 06:32:41,ENAI603,AEC1,A Seyed,20,20,0,2026-09-25 06:41:55,2026-09-25 06:41:55.716
2026-09-25 06:32:41,ENBC312,ESG1,Kyunghun Lee,20,20,0,2026-09-25 06:41:57,2026-09-25 06:41:57.481
2026-09-25 06:32:41,ENBC321,ESG1,Jamasp Azarnoosh,20,20,0,2026-09-25 06:41:57,2026-09-25 06:41:57.863
2026-09-25 06:32:41,ENBC342,ESG1,Lan Ma,20,20,0,2026-09-25 06:41:58,2026-09-25 06:41:58.260
2026-09-25 06:32:41,ENBC351,ESG1,Jarred Callura,20,20,0,2026-09-25 06:41:58,2026-09-25 06:41:58.658
2026-09-25 06:32:41,ENBC352,ESG1,Jarred Callura,20,20,0,2026-09-25 06:41:59,2026-09-25 06:41:59.058
2026-09-25 06:32:41,ENBC403,ESG1,Jamasp Azarnoosh,20,20,0,2026-09-25 06:41:59,2026-09-25 06:41:59.440
2026-09-25 06:32:41,ENBC441,ESG1,Lan Ma,20,20,0,2026-09-25 06:41:59,2026-09-25 06:41:59.831
2026-09-25 06:32:41,ENBC455,ESG1,Jarred Callura,20,20,0,2026-09-25 06:42:00,2026-09-25 06:42:00.263
2026-09-25 06:32:41,ENBC491,ESG1,Lan Ma,20,20,0,2026-09-25 06:42:00,2026-09-25 06:42:00.670
2026-09-25 06:32:41,ENCO099,0101,Lizzy Solovey,200,200,0,2026-09-25 06:42:12,2026-09-25 06:42:12.217
2026-09-25 06:32:41,ENEB304,ESG1,Nestor Michael Tiglao,20,20,0,2026-09-25 06:42:13,2026-09-25 06:42:13.978
2026-09-25 06:32:41,ENEB345,ESG1,Nestor Michael Tiglao,20,20,0,2026-09-25 06:42:14,2026-09-25 06:42:14.387
2026-09-25 06:32:41,ENEB352,ESG1,Mohamed Hany,20,20,0,2026-09-25 06:42:14,2026-09-25 06:42:14.785
2026-09-25 06:32:41,ENEB353,ESG1,Manoj Franklin,20,20,0,2026-09-25 06:42:15,2026-09-25 06:42:15.168
2026-09-25 06:32:41,ENEB355,ESG1,Nestor Michael Tiglao,20,20,0,2026-09-25 06:42:15,2026-09-25 06:42:15.566
2026-09-25 06:32:41,ENEB408B,ESG1,Jerry Wu,20,20,0,2026-09-25 06:42:15,2026-09-25 06:42:15.961
2026-09-25 06:32:41,ENEB443,ESG1,George Zaki,20,20,0,2026-09-25 06:42:16,2026-09-25 06:42:16.347
2026-09-25 06:32:41,ENEB453,ESG1,Nestor Michael Tiglao,20,20,0,2026-09-25 06:42:16,2026-09-25 06:42:16.741
2026-09-25 06:32:41,ENEB455,ESG1,Jerry Wu,20,20,0,2026-09-25 06:42:17,2026-09-25 06:42:17.130
2026-09-25 06:32:41,ENEB456,ESG1,Nestor Michael Tiglao,20,20,0,2026-09-25 06:42:17,2026-09-25 06:42:17.523
2026-09-25 06:32:41,ENED037,0101,Hillary Owusu,20,20,0,2026-09-25 06:42:19,2026-09-25 06:42:19.248
2026-09-25 06:32:41,ENED290H,0101,Christopher Troilo,45,45,0,2026-09-25 06:42:19,2026-09-25 06:42:19.641
2026-09-25 06:32:41,ENED394H,0101,Maria Bardossy,40,40,0,2026-09-25 06:42:20,2026-09-25 06:42:20.024
2026-09-25 06:32:41,ENED397,0101,Emily Marks,9,9,0,2026-09-25 06:42:20,2026-09-25 06:42:20.523
2026-09-25 06:32:41,ENED490H,0101,David Ashley,45,45,0,2026-09-25 06:42:20,2026-09-25 06:42:20.917
2026-09-25 06:32:41,ENMT313,ESG1,Nicholas Limparis,3,3,0,2026-09-25 06:43:50,2026-09-25 06:43:50.027
2026-09-25 06:32:41,ENMT332,ESG1,Norman Wereley,4,4,0,2026-09-25 06:43:50,2026-09-25 06:43:50.410
2026-09-25 06:32:41,ENMT362,ESG1,Young Choi,3,3,0,2026-09-25 06:43:50,2026-09-25 06:43:50.800
2026-09-25 06:32:41,ENMT372,ESG1,Gurtajbir Herr,3,3,0,2026-09-25 06:43:51,2026-09-25 06:43:51.190
2026-09-25 06:32:41,ENMT477,ESG1,Gurtajbir Herr,7,7,0,2026-09-25 06:43:51,2026-09-25 06:43:51.582
2026-09-25 06:32:41,ENMT488C,ESG1,Colleen Murray,7,7,0,2026-09-25 06:43:52,2026-09-25 06:43:52.196
2026-09-25 06:32:41,ENMT488P,ESG1,Colleen Murray,7,7,0,2026-09-25 06:43:52,2026-09-25 06:43:52.930
2026-09-25 06:32:41,ENMT488Z,ESG1,Nicholas Limparis,7,7,0,2026-09-25 06:43:53,2026-09-25 06:43:53.527
2026-09-25 06:32:41,ENSP102,0101,Joanna Goger,22,22,0,2026-09-25 06:44:14,2026-09-25 06:44:14.147
2026-09-25 06:32:41,ENSP102,0102,Joanna Goger,22,22,0,2026-09-25 06:44:14,2026-09-25 06:44:14.147
2026-09-25 06:32:41,ENSP102,0103,Joanna Goger,23,23,0,2026-09-25 06:44:14,2026-09-25 06:44:14.148
2026-09-25 06:32:41,ENSP102,0104,Joanna Goger,22,22,0,2026-09-25 06:44:14,2026-09-25 06:44:14.148
2026-09-25 06:32:41,ENSP102,0105,Joanna Goger,22,22,0,2026-09-25 06:44:14,2026-09-25 06:44:14.148
2026-09-25 06:32:41,ENSP102,0106,Joanna Goger,22,22,0,2026-09-25 06:44:14,2026-09-25 06:44:14.148
2026-09-25 06:32:41,ENSP102,0107,Joanna Goger,22,22,0,2026-09-25 06:44:14,2026-09-25 06:44:14.148
2026-09-25 06:32:41,ENSP306,0101,Caroline Boules,30,30,0,2026-09-25 06:44:14,2026-09-25 06:44:14.544
2026-09-25 06:32:41,ENSP330,0101,Joanna Goger,35,35,0,2026-09-25 06:44:14,2026-09-25 06:44:14.937
2026-09-25 06:32:41,ENSP342,0101,Annette Spivy,35,35,0,2026-09-25 06:44:15,2026-09-25 06:44:15.319
2026-09-25 06:32:41,ENSP370,0101,Arielle Wharton,30,30,0,2026-09-25 06:44:15,2026-09-25 06:44:15.703
2026-09-25 06:32:41,ENSP399R,0101,Melissa Kenney,15,15,0,2026-09-25 06:44:17,2026-09-25 06:44:17.103
2026-09-25 06:32:41,ENSP399R,0301,Instructor: TBA,15,15,0,2026-09-25 06:44:17,2026-09-25 06:44:17.103
2026-09-25 06:32:41,ENSP399R,0601,Annette Spivy,10,10,0,2026-09-25 06:44:17,2026-09-25 06:44:17.104
2026-09-25 06:32:41,ENSP399R,1001,Jennifer Mullinax,10,10,0,2026-09-25 06:44:17,2026-09-25 06:44:17.104
2026-09-25 06:32:41,ENSP400,0101,Caroline Boules,30,30,0,2026-09-25 06:44:18,2026-09-25 06:44:18.241
2026-09-25 06:32:41,ENSP400,0102,Annette Spivy,30,30,0,2026-09-25 06:44:18,2026-09-25 06:44:18.241
2026-09-25 06:32:41,ENSP400,0104,Colleen O'Donnell,20,20,0,2026-09-25 06:44:18,2026-09-25 06:44:18.242
2026-09-25 06:32:41,FGSM398,0101,Jayakumar Arasan,120,120,0,2026-09-25 06:44:47,2026-09-25 06:44:47.145
2026-09-25 06:32:41,FGSM398,0201,Jayakumar Arasan,120,120,0,2026-09-25 06:44:47,2026-09-25 06:44:47.145
2026-09-25 06:32:41,GEMS102,0101,David Lovell,180,180,0,2026-09-25 06:45:17,2026-09-25 06:45:17.733
2026-09-25 06:32:41,GEMS208D,0101,Allison Lansverk,1,1,0,2026-09-25 06:45:18,2026-09-25 06:45:18.136
2026-09-25 06:32:41,GEMS208E,0101,Allison Lansverk,18,18,0,2026-09-25 06:45:18,2026-09-25 06:45:18.563
2026-09-25 06:32:41,GEMS208F,0201,Allison Lansverk,12,12,0,2026-09-25 06:45:18,2026-09-25 06:45:18.964
2026-09-25 06:32:41,GEMS208J,0101,Allison Lansverk,24,24,0,2026-09-25 06:45:19,2026-09-25 06:45:19.347
2026-09-25 06:32:41,GEMS208K,0101,Allison Lansverk,30,30,0,2026-09-25 06:45:19,2026-09-25 06:45:19.724
2026-09-25 06:32:41,GEMS208P,0101,Allison Lansverk,15,15,0,2026-09-25 06:45:20,2026-09-25 06:45:20.120
2026-09-25 06:32:41,GEMS208Q,0201,Allison Lansverk,1,1,0,2026-09-25 06:45:20,2026-09-25 06:45:20.502
2026-09-25 06:32:41,GEMS296,0113,David Lovell,5,5,0,2026-09-25 06:45:20,2026-09-25 06:45:20.882
2026-09-25 06:32:41,GEMS297,0101,Instructor: TBA,14,14,0,2026-09-25 06:45:21,2026-09-25 06:45:21.294
2026-09-25 06:32:41,GEMS297,0102,Instructor: TBA,14,14,0,2026-09-25 06:45:21,2026-09-25 06:45:21.294
2026-09-25 06:32:41,GEMS297,0103,Instructor: TBA,14,14,0,2026-09-25 06:45:21,2026-09-25 06:45:21.294
2026-09-25 06:32:41,GEMS297,0104,Instructor: TBA,14,14,0,2026-09-25 06:45:21,2026-09-25 06:45:21.294
2026-09-25 06:32:41,GEMS297,0105,Instructor: TBA,14,14,0,2026-09-25 06:45:21,2026-09-25 06:45:21.294
2026-09-25 06:32:41,GEMS297,0106,Instructor: TBA,14,14,0,2026-09-25 06:45:21,2026-09-25 06:45:21.295
2026-09-25 06:32:41,GEMS297,0107,Instructor: TBA,14,14,0,2026-09-25 06:45:21,2026-09-25 06:45:21.295
2026-09-25 06:32:41,GEMS297,0108,Instructor: TBA,14,14,0,2026-09-25 06:45:21,2026-09-25 06:45:21.295
2026-09-25 06:32:41,GEMS297,0109,Instructor: TBA,14,14,0,2026-09-25 06:45:21,2026-09-25 06:45:21.295
2026-09-25 06:32:41,GEMS297,0110,Instructor: TBA,14,14,0,2026-09-25 06:45:21,2026-09-25 06:45:21.295
2026-09-25 06:32:41,GEMS297,0111,Instructor: TBA,14,14,0,2026-09-25 06:45:21,2026-09-25 06:45:21.296
2026-09-25 06:32:41,GEMS297,0112,Instructor: TBA,14,14,0,2026-09-25 06:45:21,2026-09-25 06:45:21.296
2026-09-25 06:32:41,GEMS297,0113,Instructor: TBA,14,14,0,2026-09-25 06:45:21,2026-09-25 06:45:21.296
2026-09-25 06:32:41,GEMS297,0114,Instructor: TBA,14,14,0,2026-09-25 06:45:21,2026-09-25 06:45:21.296
2026-09-25 06:32:41,GEMS297,0115,Instructor: TBA,5,5,0,2026-09-25 06:45:21,2026-09-25 06:45:21.296
2026-09-25 06:32:41,GEMS396,0113,David Lovell,5,5,0,2026-09-25 06:45:21,2026-09-25 06:45:21.690
2026-09-25 06:32:41,GEMS397,0101,Michael Humber,14,14,0,2026-09-25 06:45:22,2026-09-25 06:45:22.093
2026-09-25 06:32:41,GEMS397,0102,Seth Dickey,14,14,0,2026-09-25 06:45:22,2026-09-25 06:45:22.094
2026-09-25 06:32:41,GEMS397,0103,Cecilia Huertas Cerdeira,14,14,0,2026-09-25 06:45:22,2026-09-25 06:45:22.094
2026-09-25 06:32:41,GEMS397,0104,Rodolphe Gentili,14,14,0,2026-09-25 06:45:22,2026-09-25 06:45:22.094
2026-09-25 06:32:41,GEMS397,0105,Allison Reilly,14,14,0,2026-09-25 06:45:22,2026-09-25 06:45:22.094
2026-09-25 06:32:41,GEMS397,0106,Peter Sunderland,14,14,0,2026-09-25 06:45:22,2026-09-25 06:45:22.094
2026-09-25 06:32:41,GEMS397,0107,Brett Lacey,14,14,0,2026-09-25 06:45:22,2026-09-25 06:45:22.095
2026-09-25 06:32:41,GEMS397,0108,Natalia Buzulukova,14,14,0,2026-09-25 06:45:22,2026-09-25 06:45:22.095
2026-09-25 06:32:41,GEMS397,0109,Anil Deane,14,14,0,2026-09-25 06:45:22,2026-09-25 06:45:22.095
2026-09-25 06:32:41,GEMS397,0110,Colenso Speer,14,14,0,2026-09-25 06:45:22,2026-09-25 06:45:22.095
2026-09-25 06:32:41,GEMS397,0111,Alisa Clyne,14,14,0,2026-09-25 06:45:22,2026-09-25 06:45:22.095
2026-09-25 06:32:41,GEMS397,0112,Xin Zan,14,14,0,2026-09-25 06:45:22,2026-09-25 06:45:22.095
2026-09-25 06:32:41,GEMS397,0113,Instructor: TBA,14,14,0,2026-09-25 06:45:22,2026-09-25 06:45:22.096
2026-09-25 06:32:41,GEMS397,0114,David Lovell,5,5,0,2026-09-25 06:45:22,2026-09-25 06:45:22.096
2026-09-25 06:32:41,GEMS397,0115,David Lovell,5,5,0,2026-09-25 06:45:22,2026-09-25 06:45:22.096
2026-09-25 06:32:41,GEMS496,0113,David Lovell,5,5,0,2026-09-25 06:45:22,2026-09-25 06:45:22.480
2026-09-25 06:32:41,GEMS497,0101,Eric Haag,14,14,0,2026-09-25 06:45:22,2026-09-25 06:45:22.891
2026-09-25 06:32:41,GEMS497,0102,Mohammad Nayeem Teli,14,14,0,2026-09-25 06:45:22,2026-09-25 06:45:22.892
2026-09-25 06:32:41,GEMS497,0103,Norberto Gonzalez- Juarbe,14,14,0,2026-09-25 06:45:22,2026-09-25 06:45:22.892
2026-09-25 06:32:41,GEMS497,0104,Abhinav Shrivastava,14,14,0,2026-09-25 06:45:22,2026-09-25 06:45:22.892
2026-09-25 06:32:41,GEMS497,0105,Hector Alcala,14,14,0,2026-09-25 06:45:22,2026-09-25 06:45:22.892
2026-09-25 06:32:41,GEMS497,0106,Massimo Ricotti,14,14,0,2026-09-25 06:45:22,2026-09-25 06:45:22.892
2026-09-25 06:32:41,GEMS497,0107,Reza Ghodssi,14,14,0,2026-09-25 06:45:22,2026-09-25 06:45:22.893
2026-09-25 06:32:41,GEMS497,0108,Nikhil Chopra,14,14,0,2026-09-25 06:45:22,2026-09-25 06:45:22.893
2026-09-25 06:32:41,GEMS497,0109,Kimberly Stroka,14,14,0,2026-09-25 06:45:22,2026-09-25 06:45:22.893
2026-09-25 06:32:41,GEMS497,0110,Gorjan Alagic,14,14,0,2026-09-25 06:45:22,2026-09-25 06:45:22.893
2026-09-25 06:32:41,GEMS497,0111,Alisa Clyne,14,14,0,2026-09-25 06:45:22,2026-09-25 06:45:22.893
2026-09-25 06:32:41,GEMS497,0112,Xin Zan,14,14,0,2026-09-25 06:45:22,2026-09-25 06:45:22.893
2026-09-25 06:32:41,GEMS497,0113,David Lovell,14,14,0,2026-09-25 06:45:22,2026-09-25 06:45:22.894
2026-09-25 06:32:41,GEMS497,0114,David Lovell,14,14,0,2026-09-25 06:45:22,2026-09-25 06:45:22.894
2026-09-25 06:32:41,GFPL100,0101,Alec Worsnop,21,21,0,2026-09-25 06:45:54,2026-09-25 06:45:54.288
2026-09-25 06:32:41,GFPL100,0102,Alec Worsnop,21,21,0,2026-09-25 06:45:54,2026-09-25 06:45:54.288
2026-09-25 06:32:41,GFPL100,0103,Alec Worsnop,21,21,0,2026-09-25 06:45:54,2026-09-25 06:45:54.288
2026-09-25 06:32:41,GFPL100,0104,Alec Worsnop,21,21,0,2026-09-25 06:45:54,2026-09-25 06:45:54.288
2026-09-25 06:32:41,GFPL100,0105,Alec Worsnop,21,21,0,2026-09-25 06:45:54,2026-09-25 06:45:54.288
2026-09-25 06:32:41,GFPL100,0106,Alec Worsnop,20,20,0,2026-09-25 06:45:54,2026-09-25 06:45:54.289
2026-09-25 06:32:41,GFPL102,0101,Caroline Ritter,95,95,0,2026-09-25 06:45:54,2026-09-25 06:45:54.681
2026-09-25 06:32:41,GFPL372,0101,Devin Entrikin,40,40,0,2026-09-25 06:45:55,2026-09-25 06:45:55.075
2026-09-25 06:32:41,GLBC200,0101,Parker Brookie,30,30,0,2026-09-25 06:45:56,2026-09-25 06:45:56.788
2026-09-25 06:32:41,GLBC360,0101,Hester Baer,30,30,0,2026-09-25 06:45:57,2026-09-25 06:45:57.176
2026-09-25 06:32:41,HACS101,0101,Michel Cukier,35,35,0,2026-09-25 06:46:29,2026-09-25 06:46:29.438
2026-09-25 06:32:41,HACS101,0201,Michel Cukier,35,35,0,2026-09-25 06:46:29,2026-09-25 06:46:29.438
2026-09-25 06:32:41,HACS201,0101,Bertrand Sobesto,26,26,0,2026-09-25 06:46:29,2026-09-25 06:46:29.829
2026-09-25 06:32:41,HACS208A,0101,Lawrence Gordon,20,20,0,2026-09-25 06:46:30,2026-09-25 06:46:30.242
2026-09-25 06:32:41,HACS208E,0101,Ian Serbin,26,26,0,2026-09-25 06:46:30,2026-09-25 06:46:30.644
2026-09-25 06:32:41,HACS208Z,0101,Zulema Belyeu,30,30,0,2026-09-25 06:46:31,2026-09-25 06:46:31.045
2026-09-25 06:32:41,HACS297,0101,Sarah Herberger,25,25,0,2026-09-25 06:46:32,2026-09-25 06:46:32.211
2026-09-25 06:32:41,HACS318A,0101,Lindsey Schrott,75,75,0,2026-09-25 06:46:32,2026-09-25 06:46:32.620
2026-09-25 06:32:41,HACS408C,0101,Lamia Zia,26,26,0,2026-09-25 06:46:32,2026-09-25 06:46:32.996
2026-09-25 06:32:41,HACS408P,0101,Firoozeh Rahimian,26,26,0,2026-09-25 06:46:33,2026-09-25 06:46:33.376
2026-09-25 06:32:41,HACS408T,0101,Kevin Bock,30,30,0,2026-09-25 06:46:33,2026-09-25 06:46:33.770
2026-09-25 06:32:41,HACS408V,0101,Edward Condon,30,30,0,2026-09-25 06:46:34,2026-09-25 06:46:34.160
2026-09-25 06:32:41,HACS497,0101,Cassie Harrington,25,25,0,2026-09-25 06:46:34,2026-09-25 06:46:34.936
2026-09-25 06:32:41,HACS498,0101,Thomas Woods,10,10,0,2026-09-25 06:46:35,2026-09-25 06:46:35.342
2026-09-25 06:32:41,HACS498,0201,Neal Ziring,18,18,0,2026-09-25 06:46:35,2026-09-25 06:46:35.343
2026-09-25 06:32:41,HACS498,0301,Michel Cukier,4,4,0,2026-09-25 06:46:35,2026-09-25 06:46:35.343
2026-09-25 06:32:41,HBUS105,0101,Daniel McCarthy,35,35,0,2026-09-25 06:46:37,2026-09-25 06:46:37.066
2026-09-25 06:32:41,HBUS105,0201,Daniel McCarthy,35,35,0,2026-09-25 06:46:37,2026-09-25 06:46:37.066
2026-09-25 06:32:41,HBUS205,0101,Nicole Coomber,30,30,0,2026-09-25 06:46:37,2026-09-25 06:46:37.469
2026-09-25 06:32:41,HBUS205,0201,Nicole Coomber,30,30,0,2026-09-25 06:46:37,2026-09-25 06:46:37.469
2026-09-25 06:32:41,HDCC106,0101,Jessica Lu,10,10,0,2026-09-25 06:46:39,2026-09-25 06:46:39.202
2026-09-25 06:32:41,HDCC106,0201,William Evans,10,10,0,2026-09-25 06:46:39,2026-09-25 06:46:39.203
2026-09-25 06:32:41,HDCC106,0301,Grant Bollmer,10,10,0,2026-09-25 06:46:39,2026-09-25 06:46:39.203
2026-09-25 06:32:41,HDCC106,0401,Cliff Bakalian,10,10,0,2026-09-25 06:46:39,2026-09-25 06:46:39.203
2026-09-25 06:32:41,HDCC106,0501,Alex Leitch,10,10,0,2026-09-25 06:46:39,2026-09-25 06:46:39.203
2026-09-25 06:32:41,HDCC106,0601,Jade Olson,10,10,0,2026-09-25 06:46:39,2026-09-25 06:46:39.203
2026-09-25 06:32:41,HDCC106,0701,Courtney Ray,10,10,0,2026-09-25 06:46:39,2026-09-25 06:46:39.203
2026-09-25 06:32:41,HDCC209A,0101,Jessica Lu,15,15,0,2026-09-25 06:46:39,2026-09-25 06:46:39.611
2026-09-25 06:32:41,HDCC209B,0101,Nishtha Das,15,15,0,2026-09-25 06:46:39,2026-09-25 06:46:40.001
2026-09-25 06:32:41,HDCC209C,0101,Hansika Murugu,15,15,0,2026-09-25 06:46:40,2026-09-25 06:46:40.395
2026-09-25 06:32:41,HEBR107,0101,Avital Karpman,15,15,0,2026-09-25 06:46:42,2026-09-25 06:46:42.499
2026-09-25 06:32:41,HEBR107,0201,Avital Karpman,15,15,0,2026-09-25 06:46:42,2026-09-25 06:46:42.499
2026-09-25 06:32:41,HEBR207,0101,Avital Karpman,15,15,0,2026-09-25 06:46:42,2026-09-25 06:46:42.881
2026-09-25 06:32:41,HEBR249A,0101,Aliza Sandalon,15,15,0,2026-09-25 06:46:43,2026-09-25 06:46:43.266
2026-09-25 06:32:41,HEBR314,0101,Aliza Sandalon,20,20,0,2026-09-25 06:46:43,2026-09-25 06:46:43.656
2026-09-25 06:32:41,HGLO298,0101,Daniel Tuke,30,30,0,2026-09-25 06:47:06,2026-09-25 06:47:06.966
2026-09-25 06:32:41,HHUM106,0101,Sarah Humud,17,17,0,2026-09-25 06:47:08,2026-09-25 06:47:08.679
2026-09-25 06:32:41,HHUM106,0102,Sarah Humud,17,17,0,2026-09-25 06:47:08,2026-09-25 06:47:08.679
2026-09-25 06:32:41,HHUM106,0103,Sarah Humud,17,17,0,2026-09-25 06:47:08,2026-09-25 06:47:08.679
2026-09-25 06:32:41,HHUM106,0104,Sarah Humud,17,17,0,2026-09-25 06:47:08,2026-09-25 06:47:08.680
2026-09-25 06:32:41,HHUM206,0101,Sarah Humud,15,15,0,2026-09-25 06:47:09,2026-09-25 06:47:09.073
2026-09-25 06:32:41,HHUM206,0102,Sarah Humud,15,15,0,2026-09-25 06:47:09,2026-09-25 06:47:09.074
2026-09-25 06:32:41,HHUM206,0103,Sarah Humud,15,15,0,2026-09-25 06:47:09,2026-09-25 06:47:09.074
2026-09-25 06:32:41,HHUM206,0104,Sarah Humud,15,15,0,2026-09-25 06:47:09,2026-09-25 06:47:09.074
2026-09-25 06:32:41,HHUM328,0101,Sarah Humud,20,20,0,2026-09-25 06:47:09,2026-09-25 06:47:09.454
2026-09-25 06:32:41,HHUM329,0101,Sarah Humud,5,5,0,2026-09-25 06:47:09,2026-09-25 06:47:09.836
2026-09-25 06:32:41,HISP200,0101,Stefan Woehlke,22,22,0,2026-09-25 06:47:11,2026-09-25 06:47:11.711
2026-09-25 06:32:41,HISP200,0102,Stefan Woehlke,22,22,0,2026-09-25 06:47:11,2026-09-25 06:47:11.711
2026-09-25 06:32:41,HISP200,0103,Stefan Woehlke,22,22,0,2026-09-25 06:47:11,2026-09-25 06:47:11.711
2026-09-25 06:32:41,HISP200,0104,Stefan Woehlke,22,22,0,2026-09-25 06:47:11,2026-09-25 06:47:11.711
2026-09-25 06:32:41,HISP200,0105,Stefan Woehlke,22,22,0,2026-09-25 06:47:11,2026-09-25 06:47:11.712
2026-09-25 06:32:41,HISP319E,0101,Michelle Magalong,20,20,0,2026-09-25 06:47:12,2026-09-25 06:47:12.110
2026-09-25 06:32:41,HISP319S,0101,Michelle Magalong,30,30,0,2026-09-25 06:47:12,2026-09-25 06:47:12.500
2026-09-25 06:32:41,HISP619E,0101,Michelle Magalong,24,24,0,2026-09-25 06:47:12,2026-09-25 06:47:12.897
2026-09-25 06:32:41,HISP619O,0101,Stefan Woehlke,5,5,0,2026-09-25 06:47:13,2026-09-25 06:47:13.276
2026-09-25 06:32:41,HISP630,0101,Rhonda Sincavage,15,15,0,2026-09-25 06:47:13,2026-09-25 06:47:13.674
2026-09-25 06:32:41,HISP635,0101,Eola Dance,10,10,0,2026-09-25 06:47:14,2026-09-25 06:47:14.080
2026-09-25 06:32:41,HISP640,0101,Frederick Stachura,15,15,0,2026-09-25 06:47:14,2026-09-25 06:47:14.473
2026-09-25 06:32:41,HISP655,0101,Donald Linebaugh,15,15,0,2026-09-25 06:47:14,2026-09-25 06:47:14.877
2026-09-25 06:32:41,HISP660,0101,Instructor: TBA,15,15,0,2026-09-25 06:47:15,2026-09-25 06:47:15.273
2026-09-25 06:32:41,HISP670,0101,Alfonso Narvaez,15,15,0,2026-09-25 06:47:15,2026-09-25 06:47:15.666
2026-09-25 06:32:41,HISP690,0101,Donald Linebaugh,15,15,0,2026-09-25 06:47:16,2026-09-25 06:47:16.054
2026-09-25 06:32:41,HISP701,0101,Instructor: TBA,5,5,0,2026-09-25 06:47:16,2026-09-25 06:47:16.437
2026-09-25 06:32:41,HISP710,0101,Susan Kern,15,15,0,2026-09-25 06:47:16,2026-09-25 06:47:16.835
2026-09-25 06:32:41,HISP711,0101,Susan Kern,15,15,0,2026-09-25 06:47:17,2026-09-25 06:47:17.227
2026-09-25 06:32:41,HLSC102,0101,Sabrina Kramer,94,94,0,2026-09-25 06:47:51,2026-09-25 06:47:51.681
2026-09-25 06:32:41,HLSC102,0102,Jalah Townsend,35,35,0,2026-09-25 06:47:51,2026-09-25 06:47:51.681
2026-09-25 06:32:41,HLSC227,0101,Najib El-Sayed,25,25,0,2026-09-25 06:47:52,2026-09-25 06:47:52.086
2026-09-25 06:32:41,HLSC322,0101,Leslie Pick,23,23,0,2026-09-25 06:47:52,2026-09-25 06:47:52.478
2026-09-25 06:32:41,HLSC322,0102,Leslie Pick,23,23,0,2026-09-25 06:47:52,2026-09-25 06:47:52.478
2026-09-25 06:32:41,HLSC322,0103,Sabrina Kramer,23,23,0,2026-09-25 06:47:52,2026-09-25 06:47:52.479
2026-09-25 06:32:41,HLSC322,0104,Sabrina Kramer,23,23,0,2026-09-25 06:47:52,2026-09-25 06:47:52.479
2026-09-25 06:32:41,HLSC329,0101,Sabrina Kramer,12,12,0,2026-09-25 06:47:52,2026-09-25 06:47:52.906
2026-09-25 06:32:41,HNUH100,0101,Leigha McReynolds,10,10,0,2026-09-25 06:48:15,2026-09-25 06:48:15.136
2026-09-25 06:32:41,HNUH218D,0101,Brian Gilmore,50,50,0,2026-09-25 06:48:15,2026-09-25 06:48:15.527
2026-09-25 06:32:41,HNUH218L,0101,Shauna Rigaud,20,20,0,2026-09-25 06:48:15,2026-09-25 06:48:15.907
2026-09-25 06:32:41,HNUH218L,0201,Shauna Rigaud,20,20,0,2026-09-25 06:48:15,2026-09-25 06:48:15.908
2026-09-25 06:32:41,HNUH218M,0101,Instructor: TBA,20,20,0,2026-09-25 06:48:16,2026-09-25 06:48:16.306
2026-09-25 06:32:41,HNUH228D,0101,Matthew McLaughlin,60,60,0,2026-09-25 06:48:16,2026-09-25 06:48:16.791
2026-09-25 06:32:41,HNUH228L,0101,Alena Wigodner,20,20,0,2026-09-25 06:48:17,2026-09-25 06:48:17.194
2026-09-25 06:32:41,HNUH228L,0201,Alena Wigodner,20,20,0,2026-09-25 06:48:17,2026-09-25 06:48:17.194
2026-09-25 06:32:41,HNUH228M,0101,Ted Baker,20,20,0,2026-09-25 06:48:17,2026-09-25 06:48:17.587
2026-09-25 06:32:41,HNUH229P,0101,Tyson Slocum,20,20,0,2026-09-25 06:48:17,2026-09-25 06:48:17.980
2026-09-25 06:32:41,HNUH238D,0101,Susan Moeller,60,60,0,2026-09-25 06:48:18,2026-09-25 06:48:18.404
2026-09-25 06:32:41,HNUH238L,0101,Kimberly Johnson,20,20,0,2026-09-25 06:48:19,2026-09-25 06:48:19.023
2026-09-25 06:32:41,HNUH238L,0201,Kimberly Johnson,20,20,0,2026-09-25 06:48:19,2026-09-25 06:48:19.023
2026-09-25 06:32:41,HNUH238M,0101,Daniel Reck,20,20,0,2026-09-25 06:48:19,2026-09-25 06:48:19.629
2026-09-25 06:32:41,HNUH239I,0101,Jon Crocker,20,20,0,2026-09-25 06:48:20,2026-09-25 06:48:20.023
2026-09-25 06:32:41,HNUH248D,0101,Juan Uriagereka,45,45,0,2026-09-25 06:48:20,2026-09-25 06:48:20.637
2026-09-25 06:32:41,HNUH249T,0101,Daniel Rosenthal,20,20,0,2026-09-25 06:48:21,2026-09-25 06:48:21.021
2026-09-25 06:32:41,HNUH258C,0101,Bill Fagan,55,55,0,2026-09-25 06:48:21,2026-09-25 06:48:21.406
2026-09-25 06:32:41,HNUH258O,0101,Amy Green,20,20,0,2026-09-25 06:48:21,2026-09-25 06:48:21.803
2026-09-25 06:32:41,HNUH259T,0101,Ingrid Satelmajer,20,20,0,2026-09-25 06:48:22,2026-09-25 06:48:22.202
2026-09-25 06:32:41,HNUH268C,0101,Perla Guerrero,60,60,0,2026-09-25 06:48:22,2026-09-25 06:48:22.579
2026-09-25 06:32:41,HNUH268Q,0101,Ebonie Johnson Cooper,20,20,0,2026-09-25 06:48:22,2026-09-25 06:48:22.972
2026-09-25 06:32:41,HNUH268R,0201,Vasfiye Toprak,20,20,0,2026-09-25 06:48:23,2026-09-25 06:48:23.355
2026-09-25 06:32:41,HNUH269T,0101,James Stillwell,20,20,0,2026-09-25 06:48:23,2026-09-25 06:48:23.747
2026-09-25 06:32:41,HNUH278C,0101,Chinyere Osuji,60,60,0,2026-09-25 06:48:24,2026-09-25 06:48:24.138
2026-09-25 06:32:41,HNUH278I,0101,Marisa Franco,20,20,0,2026-09-25 06:48:24,2026-09-25 06:48:24.525
2026-09-25 06:32:41,HNUH278I,0201,Marisa Franco,20,20,0,2026-09-25 06:48:24,2026-09-25 06:48:24.525
2026-09-25 06:32:41,HNUH278O,0101,DeNeen Brown,20,20,0,2026-09-25 06:48:24,2026-09-25 06:48:24.919
2026-09-25 06:32:41,HNUH278Q,0101,Instructor: TBA,20,20,0,2026-09-25 06:48:25,2026-09-25 06:48:25.321
2026-09-25 06:32:41,HNUH278R,0101,Max Barnewitz,20,20,0,2026-09-25 06:48:25,2026-09-25 06:48:25.713
2026-09-25 06:32:41,HNUH288C,0101,Julia Steinberg,30,30,0,2026-09-25 06:48:26,2026-09-25 06:48:26.124
2026-09-25 06:32:41,HNUH288C,0102,Julia Steinberg,30,30,0,2026-09-25 06:48:26,2026-09-25 06:48:26.124
2026-09-25 06:32:41,HNUH288O,0101,Ariana Nash,20,20,0,2026-09-25 06:48:26,2026-09-25 06:48:26.525
2026-09-25 06:32:41,HNUH300,0201,Vasfiye Toprak,20,20,0,2026-09-25 06:48:27,2026-09-25 06:48:27.637
2026-09-25 06:32:41,HNUH300,0301,Shauna Rigaud,20,20,0,2026-09-25 06:48:27,2026-09-25 06:48:27.637
2026-09-25 06:32:41,HNUH300,0401,Instructor: TBA,20,20,0,2026-09-25 06:48:27,2026-09-25 06:48:27.638
2026-09-25 06:32:41,HNUH300,0501,Kimberly Johnson,20,20,0,2026-09-25 06:48:27,2026-09-25 06:48:27.638
2026-09-25 06:32:41,HNUH300,0701,Vasfiye Toprak,20,20,0,2026-09-25 06:48:27,2026-09-25 06:48:27.638
2026-09-25 06:32:41,HNUH300,0801,Instructor: TBA,20,20,0,2026-09-25 06:48:27,2026-09-25 06:48:27.638
2026-09-25 06:32:41,HNUH300,0901,Alena Wigodner,20,20,0,2026-09-25 06:48:27,2026-09-25 06:48:27.638
2026-09-25 06:32:41,HNUH300,1001,Robert Graham,20,20,0,2026-09-25 06:48:27,2026-09-25 06:48:27.638
2026-09-25 06:32:41,HNUH300,1101,Instructor: TBA,20,20,0,2026-09-25 06:48:27,2026-09-25 06:48:27.639
2026-09-25 06:32:41,HNUH398P,0101,Jayakumar Arasan,120,120,0,2026-09-25 06:48:28,2026-09-25 06:48:28.032
2026-09-25 06:32:41,HNUH398P,0201,Jayakumar Arasan,120,120,0,2026-09-25 06:48:28,2026-09-25 06:48:28.032
2026-09-25 06:32:41,HONR379W,0101,Blake Wilder,15,15,0,2026-09-25 06:48:29,2026-09-25 06:48:29.741
2026-09-25 06:32:41,IDEA201,0101,Mira Azarm,20,20,0,2026-09-25 06:48:31,2026-09-25 06:48:31.476
2026-09-25 06:32:41,IDEA201,0102,Christina Hnatov,10,10,0,2026-09-25 06:48:31,2026-09-25 06:48:31.477
2026-09-25 06:32:41,IDEA201,0103,Brooke Smith,60,60,0,2026-09-25 06:48:31,2026-09-25 06:48:31.477
2026-09-25 06:32:41,IDEA201,0104,Brooke Smith,60,60,0,2026-09-25 06:48:31,2026-09-25 06:48:31.477
2026-09-25 06:32:41,IDEA311,0101,Brooke Smith,40,40,0,2026-09-25 06:48:31,2026-09-25 06:48:31.861
2026-09-25 06:32:41,IDEA311,0102,Brooke Smith,15,15,0,2026-09-25 06:48:31,2026-09-25 06:48:31.861
2026-09-25 06:32:41,IMDM101,0101,Stevens Miller,30,30,0,2026-09-25 06:48:34,2026-09-25 06:48:34.430
2026-09-25 06:32:41,IMDM101,0201,Stevens Miller,30,30,0,2026-09-25 06:48:34,2026-09-25 06:48:34.431
2026-09-25 06:32:41,IMDM101,0301,Myungin Lee,30,30,0,2026-09-25 06:48:34,2026-09-25 06:48:34.431
2026-09-25 06:32:41,IMDM127,0101,Matthew Nolan,30,30,0,2026-09-25 06:48:34,2026-09-25 06:48:34.808
2026-09-25 06:32:41,IMDM150,0101,Cy Keener,45,45,0,2026-09-25 06:48:35,2026-09-25 06:48:35.198
2026-09-25 06:32:41,IMDM290,0101,Myungin Lee,30,30,0,2026-09-25 06:48:35,2026-09-25 06:48:35.583
2026-09-25 06:32:41,IMDM290,0201,Myungin Lee,30,30,0,2026-09-25 06:48:35,2026-09-25 06:48:35.583
2026-09-25 06:32:41,IMDM390,0101,Stefano Passeri,30,30,0,2026-09-25 06:48:35,2026-09-25 06:48:35.979
2026-09-25 06:32:41,IMDM390,0201,Stefano Passeri,30,30,0,2026-09-25 06:48:35,2026-09-25 06:48:35.979
2026-09-25 06:32:41,IMDM491,0101,Matthew Nolan,30,30,0,2026-09-25 06:48:36,2026-09-25 06:48:36.749
2026-09-25 06:32:41,IMDM491,0201,Matthew Nolan,30,30,0,2026-09-25 06:48:36,2026-09-25 06:48:36.749
2026-09-25 06:32:41,IMDM498I,0101,Snehesh Shrestha,16,16,0,2026-09-25 06:48:37,2026-09-25 06:48:37.175
2026-09-25 06:32:41,IMDM498J,0101,Yael Inbar,15,15,0,2026-09-25 06:48:37,2026-09-25 06:48:37.572
2026-09-25 06:32:41,IMMR200,0101,Instructor: TBA,40,40,0,2026-09-25 06:48:39,2026-09-25 06:48:39.659
2026-09-25 06:32:41,IMMR394,0101,Wenxi Yang,25,25,0,2026-09-25 06:48:40,2026-09-25 06:48:40.043
2026-09-25 06:32:41,IMMR399,0101,Christina Getrich,1,1,0,2026-09-25 06:48:40,2026-09-25 06:48:40.441
2026-09-25 06:32:41,INFM612,IM01,Instructor: TBA,40,40,0,2026-09-25 06:48:47,2026-09-25 06:48:47.590
2026-09-25 06:32:41,INFM737,IM01,David Loshin,40,40,0,2026-09-25 06:48:47,2026-09-25 06:48:47.991
2026-09-25 06:32:41,ISRL187,0101,Bernard Cooperman,23,23,0,2026-09-25 06:49:17,2026-09-25 06:49:17.220
2026-09-25 06:32:41,ISRL187,0102,Bernard Cooperman,23,23,0,2026-09-25 06:49:17,2026-09-25 06:49:17.220
2026-09-25 06:32:41,ISRL187,0103,Bernard Cooperman,23,23,0,2026-09-25 06:49:17,2026-09-25 06:49:17.221
2026-09-25 06:32:41,ISRL249O,0101,Aner Tal,35,35,0,2026-09-25 06:49:17,2026-09-25 06:49:17.623
2026-09-25 06:32:41,ISRL249P,0101,Aliza Sandalon,15,15,0,2026-09-25 06:49:18,2026-09-25 06:49:18.036
2026-09-25 06:32:41,ISRL282,0101,Shirelle Doughty,30,30,0,2026-09-25 06:49:18,2026-09-25 06:49:18.419
2026-09-25 06:32:41,ISRL329D,0101,Regev Ben-David,35,35,0,2026-09-25 06:49:18,2026-09-25 06:49:18.831
2026-09-25 06:32:41,ISRL329Y,0101,Marwa Maziad,30,30,0,2026-09-25 06:49:19,2026-09-25 06:49:19.275
2026-09-25 06:32:41,ISRL342,0101,Elli Lieberman,35,35,0,2026-09-25 06:49:19,2026-09-25 06:49:19.718
2026-09-25 06:32:41,ISRL349N,0101,Morad Elsana,30,30,0,2026-09-25 06:49:20,2026-09-25 06:49:20.118
2026-09-25 06:32:41,ISRL349W,0101,Avital Karpman,35,35,0,2026-09-25 06:49:20,2026-09-25 06:49:20.500
2026-09-25 06:32:41,ISRL380,0101,Regev Ben-David,35,35,0,2026-09-25 06:49:24,2026-09-25 06:49:24.918
2026-09-25 06:32:41,ISRL383,0101,Ilai Saltzman,35,35,0,2026-09-25 06:49:25,2026-09-25 06:49:25.310
2026-09-25 06:32:41,JAPN102,0101,Kumiko Akikawa,15,15,0,2026-09-25 06:49:30,2026-09-25 06:49:30.288
2026-09-25 06:32:41,JAPN102,0201,Kumiko Akikawa,15,15,0,2026-09-25 06:49:30,2026-09-25 06:49:30.288
2026-09-25 06:32:41,JAPN202,0101,Makiko Inoue,15,15,0,2026-09-25 06:49:30,2026-09-25 06:49:30.676
2026-09-25 06:32:41,JAPN202,0201,Makiko Inoue,15,15,0,2026-09-25 06:49:30,2026-09-25 06:49:30.676
2026-09-25 06:32:41,JAPN302,0101,Mari Hamada,15,15,0,2026-09-25 06:49:31,2026-09-25 06:49:31.137
2026-09-25 06:32:41,JAPN306,0101,Lindsay Yotsukura,15,15,0,2026-09-25 06:49:31,2026-09-25 06:49:31.541
2026-09-25 06:32:41,JAPN335,0101,Michele Mason,20,20,0,2026-09-25 06:49:31,2026-09-25 06:49:31.948
2026-09-25 06:32:41,JAPN355,0101,Jyana Browne,20,20,0,2026-09-25 06:49:32,2026-09-25 06:49:32.345
2026-09-25 06:32:41,JAPN361,0101,Instructor: TBA,20,20,0,2026-09-25 06:49:32,2026-09-25 06:49:32.747
2026-09-25 06:32:41,JAPN425,0101,Michele Mason,25,25,0,2026-09-25 06:49:33,2026-09-25 06:49:33.513
2026-09-25 06:32:41,JAPN457,0101,Lindsay Yotsukura,15,15,0,2026-09-25 06:49:33,2026-09-25 06:49:33.897
2026-09-25 06:32:41,JWST187,0101,Bernard Cooperman,23,23,0,2026-09-25 06:50:05,2026-09-25 06:50:05.054
2026-09-25 06:32:41,JWST187,0102,Bernard Cooperman,23,23,0,2026-09-25 06:50:05,2026-09-25 06:50:05.054
2026-09-25 06:32:41,JWST187,0103,Bernard Cooperman,23,23,0,2026-09-25 06:50:05,2026-09-25 06:50:05.054
2026-09-25 06:32:41,JWST233,0101,Hayim Lapin,45,45,0,2026-09-25 06:50:05,2026-09-25 06:50:05.446
2026-09-25 06:32:41,JWST319A,0101,Daniel Richter,35,35,0,2026-09-25 06:50:05,2026-09-25 06:50:05.827
2026-09-25 06:32:41,JWST319J,0101,Nathan Levine,35,35,0,2026-09-25 06:50:06,2026-09-25 06:50:06.220
2026-09-25 06:32:41,JWST319P,0101,Lauren Kotkin,18,18,0,2026-09-25 06:50:06,2026-09-25 06:50:06.605
2026-09-25 06:32:41,JWST319Q,0101,Regev Ben-David,35,35,0,2026-09-25 06:50:07,2026-09-25 06:50:07.005
2026-09-25 06:32:41,JWST319W,0101,Avital Karpman,35,35,0,2026-09-25 06:50:07,2026-09-25 06:50:07.400
2026-09-25 06:32:41,JWST324,0101,Matthew Suriano,25,25,0,2026-09-25 06:50:07,2026-09-25 06:50:07.848
2026-09-25 06:32:41,JWST386,0101,Instructor: TBA,5,5,0,2026-09-25 06:50:08,2026-09-25 06:50:08.242
2026-09-25 06:32:41,JWST419B,0101,Bernard Cooperman,20,20,0,2026-09-25 06:50:10,2026-09-25 06:50:10.202
2026-09-25 06:32:41,JWST427,0101,Matthew Suriano,15,15,0,2026-09-25 06:50:10,2026-09-25 06:50:10.602
2026-09-25 06:32:41,JWST469C,0101,Bernard Cooperman,10,10,0,2026-09-25 06:50:10,2026-09-25 06:50:10.983
2026-09-25 06:32:41,KORA101,0101,Seong Minne Koh,15,15,0,2026-09-25 06:50:55,2026-09-25 06:50:55.209
2026-09-25 06:32:41,KORA102,0101,Saerom Kwak,15,15,0,2026-09-25 06:50:55,2026-09-25 06:50:55.607
2026-09-25 06:32:41,KORA102,0201,Saerom Kwak,15,15,0,2026-09-25 06:50:55,2026-09-25 06:50:55.607
2026-09-25 06:32:41,KORA102,0301,Saerom Kwak,15,15,0,2026-09-25 06:50:55,2026-09-25 06:50:55.607
2026-09-25 06:32:41,KORA102,0401,Saerom Kwak,15,15,0,2026-09-25 06:50:55,2026-09-25 06:50:55.608
2026-09-25 06:32:41,KORA202,0101,Seong Minne Koh,15,15,0,2026-09-25 06:50:56,2026-09-25 06:50:56.021
2026-09-25 06:32:41,KORA202,0301,Seong Minne Koh,15,15,0,2026-09-25 06:50:56,2026-09-25 06:50:56.021
2026-09-25 06:32:41,KORA398O,0101,Instructor: TBA,10,10,0,2026-09-25 06:50:56,2026-09-25 06:50:56.416
2026-09-25 06:32:41,KORA398V,0101,Seong Minne Koh,10,10,0,2026-09-25 06:50:56,2026-09-25 06:50:56.799
2026-09-25 06:32:41,LEAD217,0101,Pamela Scott,25,25,0,2026-09-25 06:51:16,2026-09-25 06:51:16.707
2026-09-25 06:32:41,LEAD217,0201,Pamela Scott,25,25,0,2026-09-25 06:51:16,2026-09-25 06:51:16.707
2026-09-25 06:32:41,LEAD321,0101,Courtney Holder,10,10,0,2026-09-25 06:51:17,2026-09-25 06:51:17.444
2026-09-25 06:32:41,LEAD417,0101,Anastasia Lavrenyuk,20,20,0,2026-09-25 06:51:17,2026-09-25 06:51:17.835
2026-09-25 06:32:41,LGBT200,0101,Sayan Bhattacharya,25,25,0,2026-09-25 06:51:19,2026-09-25 06:51:19.559
2026-09-25 06:32:41,LGBT200,0102,Sayan Bhattacharya,25,25,0,2026-09-25 06:51:19,2026-09-25 06:51:19.560
2026-09-25 06:32:41,LGBT265,0201,Instructor: TBA,30,30,0,2026-09-25 06:51:20,2026-09-25 06:51:20.027
2026-09-25 06:32:41,LGBT310,0101,Sayan Bhattacharya,25,25,0,2026-09-25 06:51:20,2026-09-25 06:51:20.436
2026-09-25 06:32:41,LGBT475,0101,Sydney Lewis,20,20,0,2026-09-25 06:51:20,2026-09-25 06:51:20.831
2026-09-25 06:32:41,MLAW150,0101,David Gray,25,25,0,2026-09-25 06:52:16,2026-09-25 06:52:16.708
2026-09-25 06:32:41,MLAW150,0102,David Gray,25,25,0,2026-09-25 06:52:16,2026-09-25 06:52:16.708
2026-09-25 06:32:41,MLAW150,0103,David Gray,25,25,0,2026-09-25 06:52:16,2026-09-25 06:52:16.708
2026-09-25 06:32:41,MLAW304,0101,Christine White,40,40,0,2026-09-25 06:52:17,2026-09-25 06:52:17.327
2026-09-25 06:32:41,MLAW305,0201,Brian Gilmore,60,60,0,2026-09-25 06:52:17,2026-09-25 06:52:17.717
2026-09-25 06:32:41,MLAW325,0101,Grace Benton,12,12,0,2026-09-25 06:52:18,2026-09-25 06:52:18.610
2026-09-25 06:32:41,MLAW358W,0101,Michael Spivey,25,25,0,2026-09-25 06:52:19,2026-09-25 06:52:19.075
2026-09-25 06:32:41,MLAW358W,0102,Michael Spivey,25,25,0,2026-09-25 06:52:19,2026-09-25 06:52:19.075
2026-09-25 06:32:41,MLAW358W,0103,Michael Spivey,25,25,0,2026-09-25 06:52:19,2026-09-25 06:52:19.075
2026-09-25 06:32:41,MLAW358W,0104,Michael Spivey,25,25,0,2026-09-25 06:52:19,2026-09-25 06:52:19.076
2026-09-25 06:32:41,MLAW358W,0105,Michael Spivey,25,25,0,2026-09-25 06:52:19,2026-09-25 06:52:19.076
2026-09-25 06:32:41,MLAW358W,0106,Michael Spivey,25,25,0,2026-09-25 06:52:19,2026-09-25 06:52:19.076
2026-09-25 06:32:41,MLAW358Y,0101,Martin Kobren,5,5,0,2026-09-25 06:52:19,2026-09-25 06:52:19.484
2026-09-25 06:32:41,MLAW358Z,0101,Christine White,19,19,0,2026-09-25 06:52:19,2026-09-25 06:52:19.877
2026-09-25 06:32:41,MLAW359,0101,Brandee Pettus,8,8,0,2026-09-25 06:52:20,2026-09-25 06:52:20.269
2026-09-25 06:32:41,MLAW378E,0101,Brandee Pettus,5,5,0,2026-09-25 06:52:20,2026-09-25 06:52:20.872
2026-09-25 06:32:41,MLAW378F,0101,Brian Gilmore,15,15,0,2026-09-25 06:52:21,2026-09-25 06:52:21.287
2026-09-25 06:32:41,MLAW378J,0101,Natalie Ram,20,20,0,2026-09-25 06:52:21,2026-09-25 06:52:21.706
2026-09-25 06:32:41,MLAW378T,0101,Marley Weiss,20,20,0,2026-09-25 06:52:22,2026-09-25 06:52:22.087
2026-09-25 06:32:41,MLAW388,0101,Brandee Pettus,33,33,0,2026-09-25 06:52:22,2026-09-25 06:52:22.482
2026-09-25 06:32:41,MLAW388,0201,Brandee Pettus,6,6,0,2026-09-25 06:52:22,2026-09-25 06:52:22.482
2026-09-25 06:32:41,MLAW404,0101,Christine White,75,75,0,2026-09-25 06:52:22,2026-09-25 06:52:22.864
2026-09-25 06:32:41,NAVY101,0101,Beau Cisneros,30,30,0,2026-09-25 06:53:06,2026-09-25 06:53:06.200
2026-09-25 06:32:41,NAVY108,0101,Christopher Boehm,150,150,0,2026-09-25 06:53:06,2026-09-25 06:53:06.626
2026-09-25 06:32:41,NAVY201,0101,Austin Cranfill,30,30,0,2026-09-25 06:53:07,2026-09-25 06:53:07.028
2026-09-25 06:32:41,NAVY301,0101,Beau Cisneros,35,35,0,2026-09-25 06:53:07,2026-09-25 06:53:07.428
2026-09-25 06:32:41,NAVY401,0101,John Gonser,36,36,0,2026-09-25 06:53:07,2026-09-25 06:53:07.819
2026-09-25 06:32:41,NAVY402,0102,Jenna Weiner,25,25,0,2026-09-25 06:53:08,2026-09-25 06:53:08.202
2026-09-25 06:32:41,NEUR200,0101,Ana Navarro Cebrian,90,90,0,2026-09-25 06:53:09,2026-09-25 06:53:09.951
2026-09-25 06:32:41,NEUR200,0201,Ana Navarro Cebrian,90,90,0,2026-09-25 06:53:09,2026-09-25 06:53:09.951
2026-09-25 06:32:41,NEUR305,0101,Amanda Chicoli,90,90,0,2026-09-25 06:53:10,2026-09-25 06:53:10.358
2026-09-25 06:32:41,NEUR306,0101,Chan Lin,64,64,0,2026-09-25 06:53:10,2026-09-25 06:53:10.753
2026-09-25 06:32:41,NEUR306,0102,Melissa Caras,40,40,0,2026-09-25 06:53:10,2026-09-25 06:53:10.754
2026-09-25 06:32:41,NEUR338A,0101,Amanda Chicoli,20,20,0,2026-09-25 06:53:11,2026-09-25 06:53:11.547
2026-09-25 06:32:41,NEUR398H,0101,Nikolas Francis,20,20,0,2026-09-25 06:53:12,2026-09-25 06:53:12.817
2026-09-25 06:32:41,NEUR405,0101,Hilary Bierman,16,16,0,2026-09-25 06:53:13,2026-09-25 06:53:13.256
2026-09-25 06:32:41,NEUR405,0102,Hilary Bierman,16,16,0,2026-09-25 06:53:13,2026-09-25 06:53:13.256
2026-09-25 06:32:41,NEUR405,0103,Hilary Bierman,16,16,0,2026-09-25 06:53:13,2026-09-25 06:53:13.256
2026-09-25 06:32:41,NEUR405,0106,Hilary Bierman,16,16,0,2026-09-25 06:53:13,2026-09-25 06:53:13.257
2026-09-25 06:32:41,PEER318,0101,Christina Jay,15,15,0,2026-09-25 06:53:25,2026-09-25 06:53:25.849
2026-09-25 06:32:41,PEER319,0101,Grace Boudreau,15,15,0,2026-09-25 06:53:26,2026-09-25 06:53:26.247
2026-09-25 06:32:41,PEER322,0101,Aleia Gardner,15,15,0,2026-09-25 06:53:26,2026-09-25 06:53:26.648
2026-09-25 06:32:41,PHPE308A,0101,Rachel Singpurwalla,25,25,0,2026-09-25 06:53:38,2026-09-25 06:53:38.881
2026-09-25 06:32:41,PHPE308M,0101,Instructor: TBA,30,30,0,2026-09-25 06:53:39,2026-09-25 06:53:39.287
2026-09-25 06:32:41,PHPE308P,0101,Xinzhi Zhao,30,30,0,2026-09-25 06:53:39,2026-09-25 06:53:39.703
2026-09-25 06:32:41,PHPE308U,0101,Aner Tal,35,35,0,2026-09-25 06:53:40,2026-09-25 06:53:40.088
2026-09-25 06:32:41,PHPE400,0101,Instructor: TBA,30,30,0,2026-09-25 06:53:40,2026-09-25 06:53:40.875
2026-09-25 06:32:41,PHPE401,0101,Xinzhi Zhao,27,27,0,2026-09-25 06:53:41,2026-09-25 06:53:41.273
2026-09-25 06:32:41,PHPE401,0102,Xinzhi Zhao,27,27,0,2026-09-25 06:53:41,2026-09-25 06:53:41.273
2026-09-25 06:32:41,PHPE402,0101,Ben Fan,30,30,0,2026-09-25 06:53:41,2026-09-25 06:53:41.671
2026-09-25 06:32:41,PHPE408M,0101,Nicholas Laskowski,25,25,0,2026-09-25 06:53:42,2026-09-25 06:53:42.072
2026-09-25 06:32:41,PHPE408Z,0101,Avia Pasternak,30,30,0,2026-09-25 06:53:42,2026-09-25 06:53:42.467
2026-09-25 06:32:41,PHSC201,0101,Kayla Hoffman,30,30,0,2026-09-25 06:53:44,2026-09-25 06:53:44.197
2026-09-25 06:32:41,PHSC388F,0101,Jennifer German,30,30,0,2026-09-25 06:53:44,2026-09-25 06:53:44.578
2026-09-25 06:32:41,PHSC399,0101,Shannon Edward,30,30,0,2026-09-25 06:53:45,2026-09-25 06:53:45.378
2026-09-25 06:32:41,PHSC399,ESG1,Shannon Edward,20,20,0,2026-09-25 06:53:45,2026-09-25 06:53:45.378
2026-09-25 06:32:41,PHSC415,0101,Jessica O'Hara,36,36,0,2026-09-25 06:53:45,2026-09-25 06:53:45.774
2026-09-25 06:32:41,PHSC415,0102,Jessica O'Hara,36,36,0,2026-09-25 06:53:45,2026-09-25 06:53:45.774
2026-09-25 06:32:41,PHSC415,0103,Jessica O'Hara,36,36,0,2026-09-25 06:53:45,2026-09-25 06:53:45.775
2026-09-25 06:32:41,PHSC415,0104,Jessica O'Hara,36,36,0,2026-09-25 06:53:45,2026-09-25 06:53:45.775
2026-09-25 06:32:41,PHSC415,0105,Jessica O'Hara,36,36,0,2026-09-25 06:53:45,2026-09-25 06:53:45.775
2026-09-25 06:32:41,PHSC430,0101,Kendall Bustad,35,35,0,2026-09-25 06:53:46,2026-09-25 06:53:46.173
2026-09-25 06:32:41,PHSC430,ESG1,Kendall Bustad,8,8,0,2026-09-25 06:53:46,2026-09-25 06:53:46.174
2026-09-25 06:32:41,PHSC450,0101,Kendall Bustad,20,20,0,2026-09-25 06:53:46,2026-09-25 06:53:46.581
2026-09-25 06:32:41,PHSC450,0102,Kendall Bustad,20,20,0,2026-09-25 06:53:46,2026-09-25 06:53:46.581
2026-09-25 06:32:41,PHSC450,0103,Kendall Bustad,20,20,0,2026-09-25 06:53:46,2026-09-25 06:53:46.582
2026-09-25 06:32:41,PHSC450,0104,Kendall Bustad,20,20,0,2026-09-25 06:53:46,2026-09-25 06:53:46.582
2026-09-25 06:32:41,PHSC450,0105,Kendall Bustad,20,20,0,2026-09-25 06:53:46,2026-09-25 06:53:46.582
2026-09-25 06:32:41,PHSC450,0106,Kendall Bustad,20,20,0,2026-09-25 06:53:46,2026-09-25 06:53:46.582
2026-09-25 06:32:41,PHSC450,0107,Kendall Bustad,20,20,0,2026-09-25 06:53:46,2026-09-25 06:53:46.582
2026-09-25 06:32:41,PHSC450,ESG1,Kendall Bustad,35,35,0,2026-09-25 06:53:46,2026-09-25 06:53:46.583
2026-09-25 06:32:41,PHSC490,0101,Shannon Edward,30,30,0,2026-09-25 06:53:46,2026-09-25 06:53:46.966
2026-09-25 06:32:41,PHSC497,0101,Gretchen De Silva,20,20,0,2026-09-25 06:53:47,2026-09-25 06:53:47.401
2026-09-25 06:32:41,PHSC497,0201,Kendall Bustad,20,20,0,2026-09-25 06:53:47,2026-09-25 06:53:47.401
2026-09-25 06:32:41,PHSC497,0301,Gretchen De Silva,20,20,0,2026-09-25 06:53:47,2026-09-25 06:53:47.401
2026-09-25 06:32:41,PHSC497,0401,Aysha Jawed,20,20,0,2026-09-25 06:53:47,2026-09-25 06:53:47.401
2026-09-25 06:32:41,PHSC497,0501,Jennifer German,20,20,0,2026-09-25 06:53:47,2026-09-25 06:53:47.401
2026-09-25 06:32:41,PHSC497,0601,Carmen Booker,20,20,0,2026-09-25 06:53:47,2026-09-25 06:53:47.402
2026-09-25 06:32:41,PHSC497,0701,Lakeshia Watson,20,20,0,2026-09-25 06:53:47,2026-09-25 06:53:47.402
2026-09-25 06:32:41,PHSC497,0801,Lakeshia Watson,20,20,0,2026-09-25 06:53:47,2026-09-25 06:53:47.402
2026-09-25 06:32:41,PHSC497,0901,Darya Soltani,20,20,0,2026-09-25 06:53:47,2026-09-25 06:53:47.402
2026-09-25 06:32:41,PHSC497,1001,Brienna Anderson,20,20,0,2026-09-25 06:53:47,2026-09-25 06:53:47.402
2026-09-25 06:32:41,PHSC497,1101,Margaret Smith,20,20,0,2026-09-25 06:53:47,2026-09-25 06:53:47.403
2026-09-25 06:32:41,PHSC497,1201,Eric Silfen,20,20,0,2026-09-25 06:53:47,2026-09-25 06:53:47.403
2026-09-25 06:32:41,PHSC497,1301,Lakeshia Watson,20,20,0,2026-09-25 06:53:47,2026-09-25 06:53:47.403
2026-09-25 06:32:41,PHSC497,ESG1,Ann Truelove,20,20,0,2026-09-25 06:53:47,2026-09-25 06:53:47.403
2026-09-25 06:32:41,RDEV250,0101,Wayne Ricardo Curtis,75,75,0,2026-09-25 06:55:00,2026-09-25 06:55:00.817
2026-09-25 06:32:41,RDEV250,0102,Wayne Ricardo Curtis,75,75,0,2026-09-25 06:55:00,2026-09-25 06:55:00.818
2026-09-25 06:32:41,RDEV270,0101,John Park,30,30,0,2026-09-25 06:55:01,2026-09-25 06:55:01.205
2026-09-25 06:32:41,RDEV350,0101,Jesse Saginor,25,25,0,2026-09-25 06:55:01,2026-09-25 06:55:01.658
2026-09-25 06:32:41,RDEV350,0102,Instructor: TBA,30,30,0,2026-09-25 06:55:01,2026-09-25 06:55:01.658
2026-09-25 06:32:41,RDEV410,0101,Peter Goldsmith,30,30,0,2026-09-25 06:55:02,2026-09-25 06:55:02.077
2026-09-25 06:32:41,RDEV415,0101,Bilal Ali,20,20,0,2026-09-25 06:55:02,2026-09-25 06:55:02.512
2026-09-25 06:32:41,RDEV445,0101,Matthew O'Malley,15,15,0,2026-09-25 06:55:02,2026-09-25 06:55:02.960
2026-09-25 06:32:41,RDEV450,0101,Kathryn Corby,30,30,0,2026-09-25 06:55:03,2026-09-25 06:55:03.362
2026-09-25 06:32:41,RDEV450,0102,Thomas Dwyer,20,20,0,2026-09-25 06:55:03,2026-09-25 06:55:03.362
2026-09-25 06:32:41,RDEV450,0103,John Park,30,30,0,2026-09-25 06:55:03,2026-09-25 06:55:03.362
2026-09-25 06:32:41,RDEV478D,0101,Jesse Saginor,20,20,0,2026-09-25 06:55:03,2026-09-25 06:55:03.779
2026-09-25 06:32:41,RDEV600,0101,Jesse Saginor,10,10,0,2026-09-25 06:55:04,2026-09-25 06:55:04.183
2026-09-25 06:32:41,RDEV603,0101,Thomas Dwyer,18,18,0,2026-09-25 06:55:04,2026-09-25 06:55:04.586
2026-09-25 06:32:41,RDEV610,0101,David Warner,20,20,0,2026-09-25 06:55:04,2026-09-25 06:55:04.982
2026-09-25 06:32:41,RDEV615,0101,Bilal Ali,20,20,0,2026-09-25 06:55:05,2026-09-25 06:55:05.382
2026-09-25 06:32:41,RDEV630,0101,Mansur Abdul-Malik,30,30,0,2026-09-25 06:55:05,2026-09-25 06:55:05.765
2026-09-25 06:32:41,RDEV650,0101,Matthew O'Malley,25,25,0,2026-09-25 06:55:06,2026-09-25 06:55:06.147
2026-09-25 06:32:41,RDEV689F,0101,Zachary Marks,20,20,0,2026-09-25 06:55:06,2026-09-25 06:55:06.532
2026-09-25 06:32:41,RDEV689I,0101,Ronald McDonald,14,14,0,2026-09-25 06:55:06,2026-09-25 06:55:06.926
2026-09-25 06:32:41,RDEV689R,0101,Nick Egelanian,15,15,0,2026-09-25 06:55:07,2026-09-25 06:55:07.424
2026-09-25 06:32:41,RDEV689Y,0101,Instructor: TBA,12,12,0,2026-09-25 06:55:07,2026-09-25 06:55:07.820
2026-09-25 06:32:41,RDEV690,0101,Tanya Bansal,12,12,0,2026-09-25 06:55:08,2026-09-25 06:55:08.227
2026-09-25 06:32:41,RELS170,0101,Katherine Wasdin,21,21,0,2026-09-25 06:55:09,2026-09-25 06:55:09.995
2026-09-25 06:32:41,RELS170,0102,Katherine Wasdin,21,21,0,2026-09-25 06:55:09,2026-09-25 06:55:09.995
2026-09-25 06:32:41,RELS170,0103,Katherine Wasdin,21,21,0,2026-09-25 06:55:09,2026-09-25 06:55:09.995
2026-09-25 06:32:41,RELS170,0104,Katherine Wasdin,21,21,0,2026-09-25 06:55:09,2026-09-25 06:55:09.996
2026-09-25 06:32:41,RELS170,0105,Katherine Wasdin,21,21,0,2026-09-25 06:55:09,2026-09-25 06:55:09.996
2026-09-25 06:32:41,RELS170,0106,Katherine Wasdin,21,21,0,2026-09-25 06:55:09,2026-09-25 06:55:09.996
2026-09-25 06:32:41,RELS170,0107,Katherine Wasdin,21,21,0,2026-09-25 06:55:09,2026-09-25 06:55:09.996
2026-09-25 06:32:41,RELS170,0108,Katherine Wasdin,21,21,0,2026-09-25 06:55:09,2026-09-25 06:55:09.996
2026-09-25 06:32:41,RELS170,0109,Katherine Wasdin,21,21,0,2026-09-25 06:55:09,2026-09-25 06:55:09.997
2026-09-25 06:32:41,RELS264,0101,Jay Moses,30,30,0,2026-09-25 06:55:10,2026-09-25 06:55:10.379
2026-09-25 06:32:41,RELS271,0101,Instructor: TBA,40,40,0,2026-09-25 06:55:10,2026-09-25 06:55:10.776
2026-09-25 06:32:41,RELS319Q,0101,Regev Ben-David,35,35,0,2026-09-25 06:55:11,2026-09-25 06:55:11.185
2026-09-25 06:32:41,RELS342,0101,Stefano Villani,27,27,0,2026-09-25 06:55:11,2026-09-25 06:55:11.589
2026-09-25 06:32:41,RELS427,0101,Matthew Suriano,15,15,0,2026-09-25 06:55:11,2026-09-25 06:55:11.975
2026-09-25 06:32:41,RELS429M,0101,Antoine Borrut,27,27,0,2026-09-25 06:55:12,2026-09-25 06:55:12.365
2026-09-25 06:32:41,RUSS102,0101,Inna Hardman,15,15,0,2026-09-25 06:55:14,2026-09-25 06:55:14.131
2026-09-25 06:32:41,RUSS102,0201,Inna Hardman,15,15,0,2026-09-25 06:55:14,2026-09-25 06:55:14.131
2026-09-25 06:32:41,RUSS202,0101,Zhanna Gerus-Vernola,15,15,0,2026-09-25 06:55:14,2026-09-25 06:55:14.526
2026-09-25 06:32:41,RUSS302,0101,Izolda Savenkova,15,15,0,2026-09-25 06:55:14,2026-09-25 06:55:14.930
2026-09-25 06:32:41,RUSS398A,0101,Instructor: TBA,15,15,0,2026-09-25 06:55:15,2026-09-25 06:55:15.710
2026-09-25 06:32:41,RUSS398F,0101,Elizabeth Papazian,25,25,0,2026-09-25 06:55:16,2026-09-25 06:55:16.113
2026-09-25 06:32:41,RUSS406,0101,Izolda Savenkova,15,15,0,2026-09-25 06:55:16,2026-09-25 06:55:16.905
2026-09-25 06:32:41,RUSS412,0101,Inna Hardman,15,15,0,2026-09-25 06:55:17,2026-09-25 06:55:17.311
2026-09-25 06:32:41,SDSB123,0101,Srijeeta Mitra,26,26,0,2026-09-25 06:55:19,2026-09-25 06:55:19.390
2026-09-25 06:32:41,SDSB180,0101,Srijeeta Mitra,155,155,0,2026-09-25 06:55:20,2026-09-25 06:55:20.022
2026-09-25 06:32:41,SDSB233,0101,Richard Engstrom,28,28,0,2026-09-25 06:55:20,2026-09-25 06:55:20.432
2026-09-25 06:32:41,SDSB233,0102,Richard Engstrom,28,28,0,2026-09-25 06:55:20,2026-09-25 06:55:20.432
2026-09-25 06:32:41,SDSB326,0101,Jacob Coutts,40,40,0,2026-09-25 06:55:20,2026-09-25 06:55:20.841
2026-09-25 06:32:41,SDSB340,0101,Neil Lund,24,24,0,2026-09-25 06:55:21,2026-09-25 06:55:21.281
2026-09-25 06:32:41,SDSI414,0101,Instructor: TBA,40,40,0,2026-09-25 06:55:23,2026-09-25 06:55:23.153
2026-09-25 06:32:41,SDSI414,0102,Instructor: TBA,40,40,0,2026-09-25 06:55:23,2026-09-25 06:55:23.153
2026-09-25 06:32:41,SDSI414,0103,Instructor: TBA,40,40,0,2026-09-25 06:55:23,2026-09-25 06:55:23.153
2026-09-25 06:32:41,SDSI414,0201,Instructor: TBA,40,40,0,2026-09-25 06:55:23,2026-09-25 06:55:23.153
2026-09-25 06:32:41,SDSI414,0202,Instructor: TBA,40,40,0,2026-09-25 06:55:23,2026-09-25 06:55:23.154
2026-09-25 06:32:41,SDSI492,0101,Instructor: TBA,29,29,0,2026-09-25 06:55:23,2026-09-25 06:55:23.574
2026-09-25 06:32:41,SDSI492,0102,Instructor: TBA,25,25,0,2026-09-25 06:55:23,2026-09-25 06:55:23.574
2026-09-25 06:32:41,SDSI492,0103,Instructor: TBA,25,25,0,2026-09-25 06:55:23,2026-09-25 06:55:23.574
2026-09-25 06:32:41,SDSI492,0104,Instructor: TBA,20,20,0,2026-09-25 06:55:23,2026-09-25 06:55:23.575
2026-09-25 06:32:41,SDSI492,0105,Instructor: TBA,50,50,0,2026-09-25 06:55:23,2026-09-25 06:55:23.575
2026-09-25 06:32:41,SDSI492,0107,Instructor: TBA,25,25,0,2026-09-25 06:55:23,2026-09-25 06:55:23.575
2026-09-25 06:32:41,SDSI492,0108,Instructor: TBA,25,25,0,2026-09-25 06:55:23,2026-09-25 06:55:23.575
2026-09-25 06:32:41,SDSI492,0110,Instructor: TBA,25,25,0,2026-09-25 06:55:23,2026-09-25 06:55:23.575
2026-09-25 06:32:41,SDSI496,0101,Jacob Coutts,25,25,0,2026-09-25 06:55:23,2026-09-25 06:55:23.958
2026-09-25 06:32:41,SLLC286,0101,Andrew Schonebaum,60,60,0,2026-09-25 06:55:27,2026-09-25 06:55:27.576
2026-09-25 06:32:41,SLLC287,0101,Sean Pue,20,20,0,2026-09-25 06:55:27,2026-09-25 06:55:27.982
2026-09-25 06:32:41,SLLC305,0101,Nahal Akbari-Saneh,25,25,0,2026-09-25 06:55:28,2026-09-25 06:55:28.374
2026-09-25 06:32:41,SLLC309,0101,Ahmed Hanafy,10,10,0,2026-09-25 06:55:28,2026-09-25 06:55:28.773
2026-09-25 06:32:41,SLLC309,0102,Ahmed Hanafy,10,10,0,2026-09-25 06:55:28,2026-09-25 06:55:28.773
2026-09-25 06:32:41,SLLC309,0103,Ahmed Hanafy,10,10,0,2026-09-25 06:55:28,2026-09-25 06:55:28.774
2026-09-25 06:32:41,SLLC309,0104,Ahmed Hanafy,10,10,0,2026-09-25 06:55:28,2026-09-25 06:55:28.774
2026-09-25 06:32:41,SLLC309,0105,Ahmed Hanafy,10,10,0,2026-09-25 06:55:28,2026-09-25 06:55:28.774
2026-09-25 06:32:41,SLLC309,0106,Ahmed Hanafy,10,10,0,2026-09-25 06:55:28,2026-09-25 06:55:28.774
2026-09-25 06:32:41,SLLC309,0107,Ahmed Hanafy,10,10,0,2026-09-25 06:55:28,2026-09-25 06:55:28.774
2026-09-25 06:32:41,SLLC309,0108,Ahmed Hanafy,10,10,0,2026-09-25 06:55:28,2026-09-25 06:55:28.775
2026-09-25 06:32:41,SLLC309,0109,Ahmed Hanafy,10,10,0,2026-09-25 06:55:28,2026-09-25 06:55:28.775
2026-09-25 06:32:41,SLLC309,0110,Ahmed Hanafy,10,10,0,2026-09-25 06:55:28,2026-09-25 06:55:28.775
2026-09-25 06:32:41,SLLC309,0111,Ahmed Hanafy,10,10,0,2026-09-25 06:55:28,2026-09-25 06:55:28.775
2026-09-25 06:32:41,SLLC329,0101,Marilyn Matar,10,10,0,2026-09-25 06:55:29,2026-09-25 06:55:29.185
2026-09-25 06:32:41,SLLC329,0102,Marilyn Matar,10,10,0,2026-09-25 06:55:29,2026-09-25 06:55:29.186
2026-09-25 06:32:41,SLLC329,0103,Marilyn Matar,20,20,0,2026-09-25 06:55:29,2026-09-25 06:55:29.186
2026-09-25 06:32:41,SLLC329,0104,Marilyn Matar,10,10,0,2026-09-25 06:55:29,2026-09-25 06:55:29.186
2026-09-25 06:32:41,SLLC329,0105,Marilyn Matar,10,10,0,2026-09-25 06:55:29,2026-09-25 06:55:29.186
2026-09-25 06:32:41,SLLC329,0106,Marilyn Matar,10,10,0,2026-09-25 06:55:29,2026-09-25 06:55:29.186
2026-09-25 06:32:41,SLLC329,0107,Marilyn Matar,10,10,0,2026-09-25 06:55:29,2026-09-25 06:55:29.187
2026-09-25 06:32:41,SLLC329,0108,Marilyn Matar,10,10,0,2026-09-25 06:55:29,2026-09-25 06:55:29.187
2026-09-25 06:32:41,SLLC329,0109,Marilyn Matar,10,10,0,2026-09-25 06:55:29,2026-09-25 06:55:29.187
2026-09-25 06:32:41,SLLC329,0110,Marilyn Matar,20,20,0,2026-09-25 06:55:29,2026-09-25 06:55:29.187
2026-09-25 06:32:41,SMLP471,0101,Jennifer Hsin,60,60,0,2026-09-25 06:55:30,2026-09-25 06:55:30.944
2026-09-25 06:32:41,SMLP474,0101,Sara Herald,60,60,0,2026-09-25 06:55:31,2026-09-25 06:55:31.346
2026-09-25 06:32:41,SPHL100,0101,Shuling Wu,20,20,0,2026-09-25 06:56:02,2026-09-25 06:56:03.008
2026-09-25 06:32:41,SPHL100,0102,Shuling Wu,20,20,0,2026-09-25 06:56:02,2026-09-25 06:56:03.008
2026-09-25 06:32:41,SPHL100,0103,Shuling Wu,20,20,0,2026-09-25 06:56:02,2026-09-25 06:56:03.009
2026-09-25 06:32:41,SPHL100,0104,Shuling Wu,20,20,0,2026-09-25 06:56:02,2026-09-25 06:56:03.009
2026-09-25 06:32:41,SPHL100,0105,Shuling Wu,20,20,0,2026-09-25 06:56:02,2026-09-25 06:56:03.009
2026-09-25 06:32:41,SPHL100,0106,Shuling Wu,20,20,0,2026-09-25 06:56:02,2026-09-25 06:56:03.009
2026-09-25 06:32:41,SPHL100,0107,Shuling Wu,20,20,0,2026-09-25 06:56:02,2026-09-25 06:56:03.009
2026-09-25 06:32:41,SPHL100,0108,Shuling Wu,20,20,0,2026-09-25 06:56:02,2026-09-25 06:56:03.009
2026-09-25 06:32:41,SPHL100,0109,Shuling Wu,20,20,0,2026-09-25 06:56:02,2026-09-25 06:56:03.010
2026-09-25 06:32:41,SPHL100,0110,Shuling Wu,20,20,0,2026-09-25 06:56:02,2026-09-25 06:56:03.010
2026-09-25 06:32:41,SPHL100,0201,Shuling Wu,20,20,0,2026-09-25 06:56:02,2026-09-25 06:56:03.010
2026-09-25 06:32:41,SPHL100,0202,Shuling Wu,20,20,0,2026-09-25 06:56:02,2026-09-25 06:56:03.010
2026-09-25 06:32:41,SPHL100,0203,Shuling Wu,20,20,0,2026-09-25 06:56:02,2026-09-25 06:56:03.010
2026-09-25 06:32:41,SPHL100,0204,Shuling Wu,20,20,0,2026-09-25 06:56:02,2026-09-25 06:56:03.011
2026-09-25 06:32:41,SPHL100,0205,Shuling Wu,20,20,0,2026-09-25 06:56:02,2026-09-25 06:56:03.011
2026-09-25 06:32:41,SPHL100,0206,Shuling Wu,20,20,0,2026-09-25 06:56:02,2026-09-25 06:56:03.011
2026-09-25 06:32:41,SPHL100,0207,Shuling Wu,20,20,0,2026-09-25 06:56:02,2026-09-25 06:56:03.011
2026-09-25 06:32:41,SPHL100,0208,Shuling Wu,20,20,0,2026-09-25 06:56:02,2026-09-25 06:56:03.011
2026-09-25 06:32:41,SPHL246,0101,April Khaing,20,20,0,2026-09-25 06:56:03,2026-09-25 06:56:03.615
2026-09-25 06:32:41,SPHL276,0101,Dina Borzekowski,25,25,0,2026-09-25 06:56:04,2026-09-25 06:56:04.044
2026-09-25 06:32:41,SPHL321,0101,Sylvette La Touche-Howard,15,15,0,2026-09-25 06:56:04,2026-09-25 06:56:04.438
2026-09-25 06:32:41,SPHL333,0101,Cynthia Kershaw,75,75,0,2026-09-25 06:56:04,2026-09-25 06:56:04.852
2026-09-25 06:32:41,SPHL478,0101,Tracy Zeeger,10,10,0,2026-09-25 06:56:06,2026-09-25 06:56:06.271
2026-09-25 06:32:41,SPHL600,0101,Sylvette La Touche-Howard,8,8,0,2026-09-25 06:56:06,2026-09-25 06:56:06.654
2026-09-25 06:32:41,SPHL610,0101,Danielle Catona,22,22,0,2026-09-25 06:56:07,2026-09-25 06:56:07.077
2026-09-25 06:32:41,SPHL610,0102,Danielle Catona,22,22,0,2026-09-25 06:56:07,2026-09-25 06:56:07.077
2026-09-25 06:32:41,SPHL610,0103,Danielle Catona,22,22,0,2026-09-25 06:56:07,2026-09-25 06:56:07.077
2026-09-25 06:32:41,SPHL610,PLB1,Priscilla Novak,20,20,0,2026-09-25 06:56:07,2026-09-25 06:56:07.077
2026-09-25 06:32:41,SPHL610,PLH1,Priscilla Novak,28,28,0,2026-09-25 06:56:07,2026-09-25 06:56:07.077
2026-09-25 06:32:41,SPHL610,PLK1,Priscilla Novak,5,5,0,2026-09-25 06:56:07,2026-09-25 06:56:07.078
2026-09-25 06:32:41,SPHL611,0101,Danielle Catona,45,45,0,2026-09-25 06:56:07,2026-09-25 06:56:07.503
2026-09-25 06:32:41,SPHL611,0201,Danielle Catona,45,45,0,2026-09-25 06:56:07,2026-09-25 06:56:07.503
2026-09-25 06:32:41,SPHL611,PLB1,Evelyn King-Marshall,20,20,0,2026-09-25 06:56:07,2026-09-25 06:56:07.503
2026-09-25 06:32:41,SPHL611,PLH1,Evelyn King-Marshall,28,28,0,2026-09-25 06:56:07,2026-09-25 06:56:07.503
2026-09-25 06:32:41,SPHL611,PLK1,Evelyn King-Marshall,5,5,0,2026-09-25 06:56:07,2026-09-25 06:56:07.503
2026-09-25 06:32:41,SPHL612,0101,James Hagberg,15,15,0,2026-09-25 06:56:07,2026-09-25 06:56:07.894
2026-09-25 06:32:41,TLTC310,0101,Sarah Kistner,20,20,0,2026-09-25 06:56:46,2026-09-25 06:56:46.682
2026-09-25 06:32:41,TLTC333,0101,Mona Thompson,55,55,0,2026-09-25 06:56:47,2026-09-25 06:56:47.078
2026-09-25 06:32:41,TLTC333,0102,Mona Thompson,55,55,0,2026-09-25 06:56:47,2026-09-25 06:56:47.078
2026-09-25 06:32:41,TLTC333,0105,Mona Thompson,55,55,0,2026-09-25 06:56:47,2026-09-25 06:56:47.078
2026-09-25 06:32:41,URSP372,0101,Priscila Alves,20,20,0,2026-09-25 06:56:56,2026-09-25 06:56:56.712
2026-09-25 06:32:41,URSP600,0101,Kevin Nelson,25,25,0,2026-09-25 06:56:57,2026-09-25 06:56:57.119
2026-09-25 06:32:41,URSP603,0101,Dawn Jourdan,33,33,0,2026-09-25 06:56:57,2026-09-25 06:56:57.513
2026-09-25 06:32:41,URSP606,0101,Chengri Ding,15,15,0,2026-09-25 06:56:57,2026-09-25 06:56:57.918
2026-09-25 06:32:41,URSP631,0101,Hiroyuki Iseki,15,15,0,2026-09-25 06:56:58,2026-09-25 06:56:58.317
2026-09-25 06:32:41,URSP668B,0101,Eric Burnstein,20,20,0,2026-09-25 06:56:58,2026-09-25 06:56:58.719
2026-09-25 06:32:41,URSP673,0101,Riem ElZoghbi,25,25,0,2026-09-25 06:56:59,2026-09-25 06:56:59.129
2026-09-25 06:32:41,URSP688M,0101,Andrew Bernish,20,20,0,2026-09-25 06:56:59,2026-09-25 06:56:59.532
2026-09-25 06:32:41,URSP688P,0101,Sonja Ewing,15,15,0,2026-09-25 06:56:59,2026-09-25 06:56:59.927
2026-09-25 06:32:41,URSP688Y,0101,Chester Harvey,30,30,0,2026-09-25 06:57:00,2026-09-25 06:57:00.349
2026-09-25 06:32:41,URSP708,0101,Nicholas Finio,10,10,0,2026-09-25 06:57:00,2026-09-25 06:57:00.750
2026-09-25 06:32:41,URSP709,0101,Casey Dawkins,10,10,0,2026-09-25 06:57:01,2026-09-25 06:57:01.156
2026-09-25 06:32:41,URSP805,0101,Casey Dawkins,15,15,0,2026-09-25 06:57:02,2026-09-25 06:57:02.812
2026-09-25 06:32:41,USLT202,0101,Robert Chester,26,26,0,2026-09-25 06:57:05,2026-09-25 06:57:05.311
2026-09-25 06:32:41,USLT403,0101,Perla Guerrero,20,20,0,2026-09-25 06:57:05,2026-09-25 06:57:05.706
2026-09-25 06:32:41,USLT420,0101,Robert Chester,27,27,0,2026-09-25 06:57:06,2026-09-25 06:57:06.134
2026-09-25 06:32:41,USLT488,0101,Nancy Mirabal,30,30,0,2026-09-25 06:57:06,2026-09-25 06:57:06.517
2026-09-25 06:32:41,USLT498L,0101,Fernando Rios,12,12,0,2026-09-25 06:57:06,2026-09-25 06:57:06.898
2026-09-25 06:32:41,VIPS208,0102,Ken Kiger,10,10,0,2026-09-25 06:57:08,2026-09-25 06:57:08.664
2026-09-25 06:32:41,VIPS208,0103,Bryan Quinn,10,10,0,2026-09-25 06:57:08,2026-09-25 06:57:08.664
2026-09-25 06:32:41,VIPS208,0104,Ryan Sochol,10,10,0,2026-09-25 06:57:08,2026-09-25 06:57:08.664
2026-09-25 06:32:41,VIPS208,0105,Molly Carton,10,10,0,2026-09-25 06:57:08,2026-09-25 06:57:08.664
2026-09-25 06:32:41,VIPS208,0106,James Baeder,11,11,0,2026-09-25 06:57:08,2026-09-25 06:57:08.664
2026-09-25 06:32:41,VIPS208,0107,Catherine Spirito,10,10,0,2026-09-25 06:57:08,2026-09-25 06:57:08.665
2026-09-25 06:32:41,VIPS208,0108,Ronald Yaros,10,10,0,2026-09-25 06:57:08,2026-09-25 06:57:08.665
2026-09-25 06:32:41,VIPS208,0109,Carinna Ferguson,10,10,0,2026-09-25 06:57:08,2026-09-25 06:57:08.665
2026-09-25 06:32:41,VIPS208,0110,Tracy Riggins,10,10,0,2026-09-25 06:57:08,2026-09-25 06:57:08.665
2026-09-25 06:32:41,VIPS208,0111,Kevin Calabro,10,10,0,2026-09-25 06:57:08,2026-09-25 06:57:08.665
2026-09-25 06:32:41,VIPS208,0112,Raffaele Viglianti,10,10,0,2026-09-25 06:57:08,2026-09-25 06:57:08.665
2026-09-25 06:32:41,VIPS208,0113,Shabnam Jabeen,10,10,0,2026-09-25 06:57:08,2026-09-25 06:57:08.666
2026-09-25 06:32:41,VIPS208,0114,Ning Zeng,10,10,0,2026-09-25 06:57:08,2026-09-25 06:57:08.666
2026-09-25 06:32:41,VIPS208,0115,Veronica Kang,10,10,0,2026-09-25 06:57:08,2026-09-25 06:57:08.666
2026-09-25 06:32:41,VIPS208,0116,David Stewart,10,10,0,2026-09-25 06:57:08,2026-09-25 06:57:08.666
2026-09-25 06:32:41,VIPS208,0117,Meredith Epstein,10,10,0,2026-09-25 06:57:08,2026-09-25 06:57:08.666
2026-09-25 06:32:41,VIPS208,0118,Magaly Toro Ibaceta,10,10,0,2026-09-25 06:57:08,2026-09-25 06:57:08.666
2026-09-25 06:32:41,VIPS208,0120,Marisa Parham,10,10,0,2026-09-25 06:57:08,2026-09-25 06:57:08.667
2026-09-25 06:32:41,VIPS208,0121,Becky Epanchin-Niell,10,10,0,2026-09-25 06:57:08,2026-09-25 06:57:08.667
2026-09-25 06:32:41,VIPS208,0122,Timothy Reedy,10,10,0,2026-09-25 06:57:08,2026-09-25 06:57:08.667
2026-09-25 06:32:41,VIPS208,0123,Lingnan Lin,10,10,0,2026-09-25 06:57:08,2026-09-25 06:57:08.667
2026-09-25 06:32:41,VIPS208,0124,Jeffrey Moro,10,10,0,2026-09-25 06:57:08,2026-09-25 06:57:08.667
2026-09-25 06:32:41,VIPS208,0125,Peter Sunderland,10,10,0,2026-09-25 06:57:08,2026-09-25 06:57:08.668
2026-09-25 06:32:41,VIPS208,0126,Brienna Anderson,10,10,0,2026-09-25 06:57:08,2026-09-25 06:57:08.668
2026-09-25 06:32:41,VIPS308,0102,Ken Kiger,10,10,0,2026-09-25 06:57:09,2026-09-25 06:57:09.159
2026-09-25 06:32:41,VIPS308,0103,Bryan Quinn,13,13,0,2026-09-25 06:57:09,2026-09-25 06:57:09.159
2026-09-25 06:32:41,VIPS308,0104,Ryan Sochol,10,10,0,2026-09-25 06:57:09,2026-09-25 06:57:09.160
2026-09-25 06:32:41,VIPS308,0105,Molly Carton,10,10,0,2026-09-25 06:57:09,2026-09-25 06:57:09.160
2026-09-25 06:32:41,VIPS308,0106,James Baeder,10,10,0,2026-09-25 06:57:09,2026-09-25 06:57:09.160
2026-09-25 06:32:41,VIPS308,0107,Catherine Spirito,10,10,0,2026-09-25 06:57:09,2026-09-25 06:57:09.160
2026-09-25 06:32:41,VIPS308,0108,Ronald Yaros,10,10,0,2026-09-25 06:57:09,2026-09-25 06:57:09.160
2026-09-25 06:32:41,VIPS308,0109,Carinna Ferguson,10,10,0,2026-09-25 06:57:09,2026-09-25 06:57:09.161
2026-09-25 06:32:41,VIPS308,0110,Tracy Riggins,10,10,0,2026-09-25 06:57:09,2026-09-25 06:57:09.161
2026-09-25 06:32:41,VIPS308,0111,Kevin Calabro,10,10,0,2026-09-25 06:57:09,2026-09-25 06:57:09.161
2026-09-25 06:32:41,VIPS308,0112,Raffaele Viglianti,10,10,0,2026-09-25 06:57:09,2026-09-25 06:57:09.161
2026-09-25 06:32:41,VIPS308,0113,Shabnam Jabeen,10,10,0,2026-09-25 06:57:09,2026-09-25 06:57:09.161
2026-09-25 06:32:41,VIPS308,0114,Ning Zeng,10,10,0,2026-09-25 06:57:09,2026-09-25 06:57:09.162
2026-09-25 06:32:41,VIPS308,0115,Veronica Kang,10,10,0,2026-09-25 06:57:09,2026-09-25 06:57:09.162
2026-09-25 06:32:41,VIPS308,0116,David Stewart,10,10,0,2026-09-25 06:57:09,2026-09-25 06:57:09.162
2026-09-25 06:32:41,VIPS308,0117,Meredith Epstein,10,10,0,2026-09-25 06:57:09,2026-09-25 06:57:09.162
2026-09-25 06:32:41,VIPS308,0118,Magaly Toro Ibaceta,10,10,0,2026-09-25 06:57:09,2026-09-25 06:57:09.162
2026-09-25 06:32:41,VIPS308,0120,Marisa Parham,10,10,0,2026-09-25 06:57:09,2026-09-25 06:57:09.162
2026-09-25 06:32:41,VIPS308,0121,Becky Epanchin-Niell,10,10,0,2026-09-25 06:57:09,2026-09-25 06:57:09.163
2026-09-25 06:32:41,VIPS308,0122,Timothy Reedy,10,10,0,2026-09-25 06:57:09,2026-09-25 06:57:09.163
2026-09-25 06:32:41,VIPS308,0123,Lingnan Lin,10,10,0,2026-09-25 06:57:09,2026-09-25 06:57:09.163
2026-09-25 06:32:41,VIPS308,0124,Jeffrey Moro,10,10,0,2026-09-25 06:57:09,2026-09-25 06:57:09.163
2026-09-25 06:32:41,VIPS308,0125,Peter Sunderland,10,10,0,2026-09-25 06:57:09,2026-09-25 06:57:09.163
2026-09-25 06:32:41,VIPS308,0126,Brienna Anderson,10,10,0,2026-09-25 06:57:09,2026-09-25 06:57:09.164
2026-09-25 06:32:41,VIPS408,0102,Ken Kiger,10,10,0,2026-09-25 06:57:09,2026-09-25 06:57:09.597
2026-09-25 06:32:41,VIPS408,0103,Bryan Quinn,10,10,0,2026-09-25 06:57:09,2026-09-25 06:57:09.597
2026-09-25 06:32:41,VIPS408,0104,Ryan Sochol,10,10,0,2026-09-25 06:57:09,2026-09-25 06:57:09.598
2026-09-25 06:32:41,VIPS408,0105,Molly Carton,10,10,0,2026-09-25 06:57:09,2026-09-25 06:57:09.598
2026-09-25 06:32:41,VIPS408,0106,James Baeder,10,10,0,2026-09-25 06:57:09,2026-09-25 06:57:09.598
2026-09-25 06:32:41,VIPS408,0107,Catherine Spirito,10,10,0,2026-09-25 06:57:09,2026-09-25 06:57:09.598
2026-09-25 06:32:41,VIPS408,0108,Ronald Yaros,10,10,0,2026-09-25 06:57:09,2026-09-25 06:57:09.598
2026-09-25 06:32:41,VIPS408,0109,Carinna Ferguson,10,10,0,2026-09-25 06:57:09,2026-09-25 06:57:09.598
2026-09-25 06:32:41,VIPS408,0110,Tracy Riggins,10,10,0,2026-09-25 06:57:09,2026-09-25 06:57:09.599
2026-09-25 06:32:41,VIPS408,0111,Kevin Calabro,10,10,0,2026-09-25 06:57:09,2026-09-25 06:57:09.599
2026-09-25 06:32:41,VIPS408,0112,Raffaele Viglianti,10,10,0,2026-09-25 06:57:09,2026-09-25 06:57:09.599
2026-09-25 06:32:41,VIPS408,0113,Shabnam Jabeen,10,10,0,2026-09-25 06:57:09,2026-09-25 06:57:09.599
2026-09-25 06:32:41,VIPS408,0114,Ning Zeng,10,10,0,2026-09-25 06:57:09,2026-09-25 06:57:09.599
2026-09-25 06:32:41,VIPS408,0115,Veronica Kang,10,10,0,2026-09-25 06:57:09,2026-09-25 06:57:09.600
2026-09-25 06:32:41,VIPS408,0116,David Stewart,10,10,0,2026-09-25 06:57:09,2026-09-25 06:57:09.600
2026-09-25 06:32:41,VIPS408,0117,Meredith Epstein,10,10,0,2026-09-25 06:57:09,2026-09-25 06:57:09.600
2026-09-25 06:32:41,VIPS408,0118,Magaly Toro Ibaceta,10,10,0,2026-09-25 06:57:09,2026-09-25 06:57:09.600
2026-09-25 06:32:41,VIPS408,0120,Marisa Parham,10,10,0,2026-09-25 06:57:09,2026-09-25 06:57:09.600
2026-09-25 06:32:41,VIPS408,0121,Becky Epanchin-Niell,10,10,0,2026-09-25 06:57:09,2026-09-25 06:57:09.600
2026-09-25 06:32:41,VIPS408,0122,Timothy Reedy,10,10,0,2026-09-25 06:57:09,2026-09-25 06:57:09.601
2026-09-25 06:32:41,VIPS408,0123,Lingnan Lin,10,10,0,2026-09-25 06:57:09,2026-09-25 06:57:09.601
2026-09-25 06:32:41,VIPS408,0124,Jeffrey Moro,10,10,0,2026-09-25 06:57:09,2026-09-25 06:57:09.601
2026-09-25 06:32:41,VIPS408,0125,Peter Sunderland,10,10,0,2026-09-25 06:57:09,2026-09-25 06:57:09.601
2026-09-25 06:32:41,VIPS408,0126,Brienna Anderson,10,10,0,2026-09-25 06:57:09,2026-09-25 06:57:09.601
2026-09-25 06:32:41,WEID139N,0101,Denise Joseph,60,60,0,2026-09-25 06:57:13,2026-09-25 06:57:13.332
2026-09-25 06:32:41,WEID139T,0201,Taylor Togafau-Lewis,45,45,0,2026-09-25 06:57:13,2026-09-25 06:57:13.762
2026-09-25 06:32:41,WGSS105,0101,Jessica Mathiason,30,30,0,2026-09-25 06:57:15,2026-09-25 06:57:15.684
2026-09-25 06:32:41,WGSS105,0102,Jessica Mathiason,30,30,0,2026-09-25 06:57:15,2026-09-25 06:57:15.684
2026-09-25 06:32:41,WGSS105,0103,Jessica Mathiason,30,30,0,2026-09-25 06:57:15,2026-09-25 06:57:15.684
2026-09-25 06:32:41,WGSS105,0104,Jessica Mathiason,30,30,0,2026-09-25 06:57:15,2026-09-25 06:57:15.684
2026-09-25 06:32:41,WGSS115,0101,Alexis Lothian,25,25,0,2026-09-25 06:57:16,2026-09-25 06:57:16.094
2026-09-25 06:32:41,WGSS115,0102,Alexis Lothian,25,25,0,2026-09-25 06:57:16,2026-09-25 06:57:16.094
2026-09-25 06:32:41,WGSS201,0101,Sayan Bhattacharya,25,25,0,2026-09-25 06:57:16,2026-09-25 06:57:16.484
2026-09-25 06:32:41,WGSS201,0102,Sayan Bhattacharya,25,25,0,2026-09-25 06:57:16,2026-09-25 06:57:16.484
2026-09-25 06:32:41,WGSS205,0101,Shelbi Meissner,21,21,0,2026-09-25 06:57:16,2026-09-25 06:57:16.890
2026-09-25 06:32:41,WGSS205,0201,Shelbi Meissner,21,21,0,2026-09-25 06:57:16,2026-09-25 06:57:16.890
2026-09-25 06:32:41,WGSS230,0101,Daniel Richter,20,20,0,2026-09-25 06:57:17,2026-09-25 06:57:17.281
2026-09-25 06:32:41,WGSS250,0101,Lidia Garcia Berrelleza,25,25,0,2026-09-25 06:57:17,2026-09-25 06:57:17.677
2026-09-25 06:32:41,WGSS250,0201,Shameem Razack,25,25,0,2026-09-25 06:57:17,2026-09-25 06:57:17.677
2026-09-25 06:32:41,WGSS255,0101,Instructor: TBA,30,30,0,2026-09-25 06:57:18,2026-09-25 06:57:18.075
2026-09-25 06:32:41,WGSS265,0101,Ashley Newby,40,40,0,2026-09-25 06:57:18,2026-09-25 06:57:18.481
2026-09-25 06:32:41,WGSS275,0101,Instructor: TBA,30,30,0,2026-09-25 06:57:18,2026-09-25 06:57:18.879
2026-09-25 06:32:41,WGSS280,0101,Jessica Mathiason,52,52,0,2026-09-25 06:57:19,2026-09-25 06:57:19.270
2026-09-25 06:32:41,WGSS290,0101,Jessica Mathiason,30,30,0,2026-09-25 06:57:19,2026-09-25 06:57:19.656
2026-09-25 06:32:41,WGSS290,0201,Sydney Lewis,31,31,0,2026-09-25 06:57:19,2026-09-25 06:57:19.656
2026-09-25 06:32:41,WGSS298C,0101,Will Mosley,35,35,0,2026-09-25 06:57:20,2026-09-25 06:57:20.046
2026-09-25 06:32:41,WGSS298S,0101,Jordan Keesler,25,25,0,2026-09-25 06:57:20,2026-09-25 06:57:20.447
2026-09-25 06:32:41,WGSS302,0101,Will Mosley,25,25,0,2026-09-25 06:57:20,2026-09-25 06:57:20.829
2026-09-25 06:32:41,WGSS306,0101,Sydney Lewis,30,30,0,2026-09-25 06:57:21,2026-09-25 06:57:21.213
2026-09-25 06:32:41,WGSS310,0101,Sayan Bhattacharya,25,25,0,2026-09-25 06:57:21,2026-09-25 06:57:21.600
2026-09-25 06:32:41,WGSS319F,0101,Alexis Lothian,30,30,0,2026-09-25 06:57:21,2026-09-25 06:57:21.995
2026-09-25 06:32:41,WGSS379U,0101,John Drabinski,25,25,0,2026-09-25 06:57:22,2026-09-25 06:57:22.373
2026-09-25 06:32:41,WGSS422,0101,Jennifer Cho,18,18,0,2026-09-25 06:57:22,2026-09-25 06:57:22.757
2026-09-25 06:32:41,WGSS471,0101,Instructor: TBA,25,25,0,2026-09-25 06:57:23,2026-09-25 06:57:23.166
2026-09-25 06:32:41,WGSS471,0201,Instructor: TBA,45,45,0,2026-09-25 06:57:23,2026-09-25 06:57:23.166
2026-09-25 06:32:41,WGSS475,0101,Sydney Lewis,20,20,0,2026-09-25 06:57:23,2026-09-25 06:57:23.571
2026-09-25 06:32:41,WGSS487,0101,Eva Hageman,15,15,0,2026-09-25 06:57:23,2026-09-25 06:57:23.970
2026-09-25 06:32:41,WGSS487H,0101,Eva Hageman,5,5,0,2026-09-25 06:57:24,2026-09-25 06:57:24.365
2026-09-25 06:32:41,WGSS602,0101,Shelbi Meissner,12,12,0,2026-09-25 06:57:25,2026-09-25 06:57:25.909
2026-09-25 06:32:41,WGSS708,0101,Alexis Lothian,10,10,0,2026-09-25 06:57:27,2026-09-25 06:57:27.080
2026-09-25 06:32:41,XPER455,0101,TJ Rainsford,25,25,0,2026-09-25 06:57:29,2026-09-25 06:57:29.947
2026-09-25 11:32:35,AAAS100,0101,Shane Walsh,35,35,0,2026-09-25 11:32:37,2026-09-25 11:32:37.797
2026-09-25 11:32:35,AAAS100,0201,Shane Walsh,35,35,0,2026-09-25 11:32:37,2026-09-25 11:32:37.798
2026-09-25 11:32:35,AAAS100,0301,George Kintiba,30,30,0,2026-09-25 11:32:37,2026-09-25 11:32:37.798
2026-09-25 11:32:35,AAAS100,0401,Beka Guluma,35,35,0,2026-09-25 11:32:37,2026-09-25 11:32:37.798
2026-09-25 11:32:35,AAAS100,0501,Jason Nichols,33,33,0,2026-09-25 11:32:37,2026-09-25 11:32:37.798
2026-09-25 11:32:35,AAAS100,0601,Jason Nichols,35,35,0,2026-09-25 11:32:37,2026-09-25 11:32:37.798
2026-09-25 11:32:35,AAAS100H,0301,George Kintiba,5,5,0,2026-09-25 11:32:38,2026-09-25 11:32:38.411
2026-09-25 11:32:35,AAAS101,0101,Periloux Peay,40,40,0,2026-09-25 11:32:39,2026-09-25 11:32:39.032
2026-09-25 11:32:35,AAAS187,0101,Robert Choflet,30,30,0,2026-09-25 11:32:39,2026-09-25 11:32:39.652
2026-09-25 11:32:35,AAAS200,0101,George Kintiba,40,40,0,2026-09-25 11:32:40,2026-09-25 11:32:40.258
2026-09-25 11:32:35,AAAS202,0101,Robert Choflet,30,30,0,2026-09-25 11:32:40,2026-09-25 11:32:40.687
2026-09-25 11:32:35,AAAS202,0201,Angelica Dunbar,35,35,0,2026-09-25 11:32:40,2026-09-25 11:32:40.687
2026-09-25 11:32:35,AAAS202,0301,Angelica Dunbar,35,35,0,2026-09-25 11:32:40,2026-09-25 11:32:40.687
2026-09-25 11:32:35,AAAS202,0401,Robert Choflet,35,35,0,2026-09-25 11:32:40,2026-09-25 11:32:40.688
2026-09-25 11:32:35,AAAS202H,0101,Robert Choflet,5,5,0,2026-09-25 11:32:41,2026-09-25 11:32:41.088
2026-09-25 11:32:35,AAAS211,0101,Shane Walsh,120,120,0,2026-09-25 11:32:41,2026-09-25 11:32:41.740
2026-09-25 11:32:35,AAAS234,0101,Instructor: TBA,30,30,0,2026-09-25 11:32:42,2026-09-25 11:32:42.141
2026-09-25 11:32:35,AAAS255,0101,Leigh Soares,40,40,0,2026-09-25 11:32:42,2026-09-25 11:32:42.797
2026-09-25 11:32:35,AAAS265,0101,Ashley Newby,40,40,0,2026-09-25 11:32:43,2026-09-25 11:32:43.205
2026-09-25 11:32:35,AAAS320,0101,Cecily Jackson,25,25,0,2026-09-25 11:32:43,2026-09-25 11:32:43.621
2026-09-25 11:32:35,AAAS320,0201,Cecily Jackson,25,25,0,2026-09-25 11:32:43,2026-09-25 11:32:43.621
2026-09-25 11:32:35,AAAS386,0101,Marshal Washington,10,10,0,2026-09-25 11:32:44,2026-09-25 11:32:44.017
2026-09-25 11:32:35,AAAS398G,0101,Chinyere Osuji,20,20,0,2026-09-25 11:32:44,2026-09-25 11:32:44.420
2026-09-25 11:32:35,AAAS398U,0101,John Drabinski,25,25,0,2026-09-25 11:32:45,2026-09-25 11:32:45.055
2026-09-25 11:32:35,AAAS400,0101,George Kintiba,20,20,0,2026-09-25 11:32:45,2026-09-25 11:32:45.492
2026-09-25 11:32:35,AAAS400H,0101,George Kintiba,5,5,0,2026-09-25 11:32:46,2026-09-25 11:32:46.120
2026-09-25 11:32:35,AAAS490,0101,Paul Landau,18,18,0,2026-09-25 11:32:46,2026-09-25 11:32:46.514
2026-09-25 11:32:35,AAAS498X,0101,Terrill Taylor,36,36,0,2026-09-25 11:32:46,2026-09-25 11:32:46.903
2026-09-25 11:32:35,AAST200,0101,Jennifer Cho,34,34,0,2026-09-25 11:32:48,2026-09-25 11:32:48.744
2026-09-25 11:32:35,AAST201,0101,Madeline Hsu,40,40,0,2026-09-25 11:32:49,2026-09-25 11:32:49.407
2026-09-25 11:32:35,AAST250,0101,Jennifer Cho,30,30,0,2026-09-25 11:32:49,2026-09-25 11:32:49.808
2026-09-25 11:32:35,AAST262,0101,Derek Iwamoto,54,54,0,2026-09-25 11:32:50,2026-09-25 11:32:50.246
2026-09-25 11:32:35,AAST322,0101,Julie Park,30,30,0,2026-09-25 11:32:50,2026-09-25 11:32:50.675
2026-09-25 11:32:35,AAST350,0101,Binod Paudyal,25,25,0,2026-09-25 11:32:51,2026-09-25 11:32:51.280
2026-09-25 11:32:35,AAST351,0101,Binod Paudyal,34,34,0,2026-09-25 11:32:51,2026-09-25 11:32:51.675
2026-09-25 11:32:35,AAST363,0101,Gemirald Daus,35,35,0,2026-09-25 11:32:52,2026-09-25 11:32:52.070
2026-09-25 11:32:35,AAST378,0101,Janelle Wong,2,2,0,2026-09-25 11:32:52,2026-09-25 11:32:52.495
2026-09-25 11:32:35,AAST394,0101,Wenxi Yang,25,25,0,2026-09-25 11:32:53,2026-09-25 11:32:53.307
2026-09-25 11:32:35,AAST398A,0101,Michelle Magalong,20,20,0,2026-09-25 11:32:53,2026-09-25 11:32:53.718
2026-09-25 11:32:35,AAST398B,0101,Chris Eng,25,25,0,2026-09-25 11:32:54,2026-09-25 11:32:54.141
2026-09-25 11:32:35,AAST421,0101,Philip Nash,20,20,0,2026-09-25 11:32:54,2026-09-25 11:32:54.562
2026-09-25 11:32:35,AAST422,0101,Jennifer Cho,18,18,0,2026-09-25 11:32:54,2026-09-25 11:32:54.967
2026-09-25 11:32:35,AAST443,0101,Janelle Wong,27,27,0,2026-09-25 11:32:55,2026-09-25 11:32:55.604
2026-09-25 11:32:35,ABRM450,0101,Ashley Newby,10,10,0,2026-09-25 11:32:57,2026-09-25 11:32:57.357
2026-09-25 11:32:35,AGNR301,0101,Thomas Hilde,150,150,0,2026-09-25 11:32:59,2026-09-25 11:32:59.090
2026-09-25 11:32:35,AGNR388,0101,Instructor: TBA,20,20,0,2026-09-25 11:32:59,2026-09-25 11:32:59.496
2026-09-25 11:32:35,AIME498B,0101,Kevin McGarry,30,30,0,2026-09-25 11:33:03,2026-09-25 11:33:03.662
2026-09-25 11:32:35,ARAB101,0101,Samah Al-salami,15,15,0,2026-09-25 11:33:55,2026-09-25 11:33:55.793
2026-09-25 11:32:35,ARAB101,0201,Ahmed Hanafy,15,15,0,2026-09-25 11:33:55,2026-09-25 11:33:55.793
2026-09-25 11:32:35,ARAB102,0101,Samah Al-salami,15,15,0,2026-09-25 11:33:56,2026-09-25 11:33:56.230
2026-09-25 11:32:35,ARAB102,0201,Samah Al-salami,15,15,0,2026-09-25 11:33:56,2026-09-25 11:33:56.231
2026-09-25 11:32:35,ARAB201,0101,Lutf Alkebsi,15,15,0,2026-09-25 11:33:56,2026-09-25 11:33:56.665
2026-09-25 11:32:35,ARAB202,0101,Lutf Alkebsi,15,15,0,2026-09-25 11:33:57,2026-09-25 11:33:57.104
2026-09-25 11:32:35,ARAB202,0201,Lutf Alkebsi,15,15,0,2026-09-25 11:33:57,2026-09-25 11:33:57.105
2026-09-25 11:32:35,ARAB222,0101,Ahmed Hanafy,15,15,0,2026-09-25 11:33:57,2026-09-25 11:33:57.526
2026-09-25 11:32:35,ARAB250,0101,Anny Gaul,15,15,0,2026-09-25 11:33:57,2026-09-25 11:33:57.917
2026-09-25 11:32:35,ARAB302,0101,Ahmed Hanafy,15,15,0,2026-09-25 11:33:58,2026-09-25 11:33:58.337
2026-09-25 11:32:35,ARAB317,0101,Anny Gaul,15,15,0,2026-09-25 11:33:58,2026-09-25 11:33:58.732
2026-09-25 11:32:35,ARAB398W,0101,Lutf Alkebsi,15,15,0,2026-09-25 11:33:59,2026-09-25 11:33:59.552
2026-09-25 11:32:35,ARAB499X,0101,Samah Al-salami,15,15,0,2026-09-25 11:34:00,2026-09-25 11:34:00.348
2026-09-25 11:32:35,ARCH170,0101,Lindsey May,100,100,0,2026-09-25 11:34:02,2026-09-25 11:34:02.668
2026-09-25 11:32:35,ARCH200,0101,Michael Abrams,21,21,0,2026-09-25 11:34:03,2026-09-25 11:34:03.089
2026-09-25 11:32:35,ARCH200,0102,Michael Abrams,21,21,0,2026-09-25 11:34:03,2026-09-25 11:34:03.089
2026-09-25 11:32:35,ARCH200,0103,Michael Abrams,21,21,0,2026-09-25 11:34:03,2026-09-25 11:34:03.089
2026-09-25 11:32:35,ARCH200,0104,Michael Abrams,21,21,0,2026-09-25 11:34:03,2026-09-25 11:34:03.090
2026-09-25 11:32:35,ARCH200,0105,Michael Abrams,21,21,0,2026-09-25 11:34:03,2026-09-25 11:34:03.090
2026-09-25 11:32:35,ARCH200,0106,Michael Abrams,21,21,0,2026-09-25 11:34:03,2026-09-25 11:34:03.090
2026-09-25 11:32:35,ARCH225,0101,Joseph Williams,125,125,0,2026-09-25 11:34:03,2026-09-25 11:34:03.528
2026-09-25 11:32:35,ARCH271,0101,Wayne Ricardo Curtis,75,75,0,2026-09-25 11:34:03,2026-09-25 11:34:03.966
2026-09-25 11:32:35,ARCH271,0102,Wayne Ricardo Curtis,75,75,0,2026-09-25 11:34:03,2026-09-25 11:34:03.966
2026-09-25 11:32:35,ARCH386,0101,Kristen Stack,10,10,0,2026-09-25 11:34:04,2026-09-25 11:34:04.389
2026-09-25 11:32:35,ARCH400,0101,Kenneth Filler,75,75,0,2026-09-25 11:34:04,2026-09-25 11:34:04.801
2026-09-25 11:32:35,ARCH400,0201,Marcus Cross,60,60,0,2026-09-25 11:34:04,2026-09-25 11:34:04.801
2026-09-25 11:32:35,ARCH402,0101,Taejun James Kim,75,75,0,2026-09-25 11:34:05,2026-09-25 11:34:05.210
2026-09-25 11:32:35,ARCH405,0101,Brittany L Williams,14,14,0,2026-09-25 11:34:05,2026-09-25 11:34:05.610
2026-09-25 11:32:35,ARCH407,0101,Georgeanne Matthews,12,12,0,2026-09-25 11:34:06,2026-09-25 11:34:06.048
2026-09-25 11:32:35,ARCH408A,0101,Daniel Curry,5,5,0,2026-09-25 11:34:06,2026-09-25 11:34:06.475
2026-09-25 11:32:35,ARCH408C,0101,Edgar Alvarado,5,5,0,2026-09-25 11:34:06,2026-09-25 11:34:06.890
2026-09-25 11:32:35,ARCH418D,0101,Hooman Koliji,30,30,0,2026-09-25 11:34:07,2026-09-25 11:34:07.295
2026-09-25 11:32:35,ARCH418G,0101,Deokoh Woo,16,16,0,2026-09-25 11:34:07,2026-09-25 11:34:07.717
2026-09-25 11:32:35,ARCH418I,0101,Michael Kleiss,16,16,0,2026-09-25 11:34:08,2026-09-25 11:34:08.147
2026-09-25 11:32:35,ARCH420,0101,Caroline Hickman,30,30,0,2026-09-25 11:34:08,2026-09-25 11:34:08.558
2026-09-25 11:32:35,ARCH423,0101,Joseph Williams,30,30,0,2026-09-25 11:34:08,2026-09-25 11:34:08.954
2026-09-25 11:32:35,ARCH425,0101,Joseph Williams,10,10,0,2026-09-25 11:34:09,2026-09-25 11:34:09.351
2026-09-25 11:32:35,ARCH428F,0101,Matthew Bell,20,20,0,2026-09-25 11:34:09,2026-09-25 11:34:09.763
2026-09-25 11:32:35,ARCH428K,0101,Michele Lamprakos,26,26,0,2026-09-25 11:34:10,2026-09-25 11:34:10.157
2026-09-25 11:32:35,ARCH445,0101,Daniel Curry,15,15,0,2026-09-25 11:34:10,2026-09-25 11:34:10.535
2026-09-25 11:32:35,ARCH463,0101,Deokoh Woo,150,150,0,2026-09-25 11:34:10,2026-09-25 11:34:10.972
2026-09-25 11:32:35,ARCH465,0101,Michael Kleiss,80,80,0,2026-09-25 11:34:11,2026-09-25 11:34:11.380
2026-09-25 11:32:35,ARCH468I,0101,Hooman Koliji,26,26,0,2026-09-25 11:34:11,2026-09-25 11:34:11.803
2026-09-25 11:32:35,ARCH468P,0101,Hooman Koliji,26,26,0,2026-09-25 11:34:12,2026-09-25 11:34:12.228
2026-09-25 11:32:35,ARCH472,0101,Kiley Wilfong Cullen,24,24,0,2026-09-25 11:34:12,2026-09-25 11:34:12.630
2026-09-25 11:32:35,ARCH478L,0101,Michele Lamprakos,10,10,0,2026-09-25 11:34:13,2026-09-25 11:34:13.027
2026-09-25 11:32:35,ARCH478O,0101,Stefan Woehlke,20,20,0,2026-09-25 11:34:13,2026-09-25 11:34:13.439
2026-09-25 11:32:35,ARCH601,0101,Peter Noonan,20,20,0,2026-09-25 11:34:13,2026-09-25 11:34:13.871
2026-09-25 11:32:35,ARCH618G,0101,Deokoh Woo,4,4,0,2026-09-25 11:34:14,2026-09-25 11:34:14.302
2026-09-25 11:32:35,ARCH618I,0101,Michael Kleiss,4,4,0,2026-09-25 11:34:14,2026-09-25 11:34:14.702
2026-09-25 11:32:35,ARCH628K,0101,Michele Lamprakos,4,4,0,2026-09-25 11:34:15,2026-09-25 11:34:15.104
2026-09-25 11:32:35,ARCH635,0101,Matthew Bell,15,15,0,2026-09-25 11:34:15,2026-09-25 11:34:15.512
2026-09-25 11:32:35,ARCH654,0101,Anatole Tchikine,35,35,0,2026-09-25 11:34:15,2026-09-25 11:34:15.915
2026-09-25 11:32:35,ARCH658I,0101,Sonja Ewing,15,15,0,2026-09-25 11:34:16,2026-09-25 11:34:16.352
2026-09-25 11:32:35,ARCH668I,0101,Hooman Koliji,4,4,0,2026-09-25 11:34:16,2026-09-25 11:34:16.777
2026-09-25 11:32:35,ARCH668P,0101,Hooman Koliji,4,4,0,2026-09-25 11:34:17,2026-09-25 11:34:17.190
2026-09-25 11:32:35,ARCH678L,0101,Michele Lamprakos,10,10,0,2026-09-25 11:34:17,2026-09-25 11:34:17.596
2026-09-25 11:32:35,ARCH678O,0101,Stefan Woehlke,5,5,0,2026-09-25 11:34:17,2026-09-25 11:34:18.001
2026-09-25 11:32:35,ARCH797,0101,Hooman Koliji,15,15,0,2026-09-25 11:34:18,2026-09-25 11:34:18.391
2026-09-25 11:32:35,ARMY105,0101,Andrew Bischoff,60,60,0,2026-09-25 11:34:40,2026-09-25 11:34:40.983
2026-09-25 11:32:35,ARMY105,0102,Andrew Bischoff,60,60,0,2026-09-25 11:34:40,2026-09-25 11:34:40.983
2026-09-25 11:32:35,ARMY110,0101,Andrew Bischoff,40,40,0,2026-09-25 11:34:41,2026-09-25 11:34:41.378
2026-09-25 11:32:35,ARMY202,0102,Andrew Bischoff,60,60,0,2026-09-25 11:34:41,2026-09-25 11:34:41.802
2026-09-25 11:32:35,ARMY302,0101,Andrew Bischoff,40,40,0,2026-09-25 11:34:42,2026-09-25 11:34:42.230
2026-09-25 11:32:35,ARMY402,0101,Andrew Bischoff,30,30,0,2026-09-25 11:34:42,2026-09-25 11:34:42.668
2026-09-25 11:32:35,ARMY402,0102,Andrew Bischoff,100,100,0,2026-09-25 11:34:42,2026-09-25 11:34:42.669
2026-09-25 11:32:35,ARSC059,0101,Kathryn Love,250,250,0,2026-09-25 11:34:44,2026-09-25 11:34:44.453
2026-09-25 11:32:35,ARSC101,0101,Alan Snyder,50,50,0,2026-09-25 11:34:44,2026-09-25 11:34:44.856
2026-09-25 11:32:35,ARSC101,0102,Alan Snyder,65,65,0,2026-09-25 11:34:44,2026-09-25 11:34:44.856
2026-09-25 11:32:35,ARSC101,0103,Alan Snyder,40,40,0,2026-09-25 11:34:44,2026-09-25 11:34:44.856
2026-09-25 11:32:35,ARSC101,0104,Alan Snyder,10,10,0,2026-09-25 11:34:44,2026-09-25 11:34:44.857
2026-09-25 11:32:35,ARSC201,0101,Nathan Rabe,65,65,0,2026-09-25 11:34:45,2026-09-25 11:34:45.295
2026-09-25 11:32:35,ARSC201,0102,Kathleen West,40,40,0,2026-09-25 11:34:45,2026-09-25 11:34:45.295
2026-09-25 11:32:35,ARSC201,0103,Kathleen West,40,40,0,2026-09-25 11:34:45,2026-09-25 11:34:45.296
2026-09-25 11:32:35,ARSC301,0101,Kathryn Love,45,45,0,2026-09-25 11:34:45,2026-09-25 11:34:45.698
2026-09-25 11:32:35,ARSC301,0102,Kathryn Love,20,20,0,2026-09-25 11:34:45,2026-09-25 11:34:45.698
2026-09-25 11:32:35,ARSC401,0101,Joseph Herwatic,30,30,0,2026-09-25 11:34:46,2026-09-25 11:34:46.096
2026-09-25 11:32:35,ARSC401,0102,Joseph Herwatic,15,15,0,2026-09-25 11:34:46,2026-09-25 11:34:46.097
2026-09-25 11:32:35,BIOM301,0101,Christine Hakenkamp,28,28,0,2026-09-25 11:36:00,2026-09-25 11:36:00.291
2026-09-25 11:32:35,BIOM301,0102,Christine Hakenkamp,28,28,0,2026-09-25 11:36:00,2026-09-25 11:36:00.291
2026-09-25 11:32:35,BIOM301,0103,Christine Hakenkamp,28,28,0,2026-09-25 11:36:00,2026-09-25 11:36:00.291
2026-09-25 11:32:35,BIOM301,0104,Christine Hakenkamp,28,28,0,2026-09-25 11:36:00,2026-09-25 11:36:00.292
2026-09-25 11:32:35,BIOM301,0105,Christine Hakenkamp,28,28,0,2026-09-25 11:36:00,2026-09-25 11:36:00.292
2026-09-25 11:32:35,BIOM301,0106,Christine Hakenkamp,28,28,0,2026-09-25 11:36:00,2026-09-25 11:36:00.292
2026-09-25 11:32:35,BIOM301,0107,Christine Hakenkamp,28,28,0,2026-09-25 11:36:00,2026-09-25 11:36:00.292
2026-09-25 11:32:35,BIOM301,0201,Instructor: TBA,28,28,0,2026-09-25 11:36:00,2026-09-25 11:36:00.292
2026-09-25 11:32:35,BIOM602,0101,Jiuzhou Song,28,28,0,2026-09-25 11:36:00,2026-09-25 11:36:00.700
2026-09-25 11:32:35,BMIN210,0101,Darlene Dennison,162,162,0,2026-09-25 11:36:36,2026-09-25 11:36:36.418
2026-09-25 11:32:35,BMIN210,0201,Darlene Dennison,162,162,0,2026-09-25 11:36:36,2026-09-25 11:36:36.418
2026-09-25 11:32:35,BMIN305,0101,Tejwansh Anand,162,162,0,2026-09-25 11:36:36,2026-09-25 11:36:36.836
2026-09-25 11:32:35,BMIN345,0101,Michael Padhi,325,325,0,2026-09-25 11:36:37,2026-09-25 11:36:37.231
2026-09-25 11:32:35,BMIN355,0101,Idil Yaveroglu,162,162,0,2026-09-25 11:36:37,2026-09-25 11:36:37.632
2026-09-25 11:32:35,BMIN355,0201,Idil Yaveroglu,162,162,0,2026-09-25 11:36:37,2026-09-25 11:36:37.632
2026-09-25 11:32:35,BMIN375,0101,Leland Gardner,162,162,0,2026-09-25 11:36:38,2026-09-25 11:36:38.055
2026-09-25 11:32:35,BMIN395,0101,Nima Farshchi,162,162,0,2026-09-25 11:36:38,2026-09-25 11:36:38.468
2026-09-25 11:32:35,BMIN395,0201,Nima Farshchi,162,162,0,2026-09-25 11:36:38,2026-09-25 11:36:38.468
2026-09-25 11:32:35,BSCI103,1100,Tais Ribeiro,24,24,0,2026-09-25 11:36:42,2026-09-25 11:36:42.579
2026-09-25 11:32:35,BSCI103,1101,Tais Ribeiro,24,24,0,2026-09-25 11:36:42,2026-09-25 11:36:42.579
2026-09-25 11:32:35,BSCI103,1103,Tais Ribeiro,24,24,0,2026-09-25 11:36:42,2026-09-25 11:36:42.579
2026-09-25 11:32:35,BSCI103,1105,Tais Ribeiro,24,24,0,2026-09-25 11:36:42,2026-09-25 11:36:42.580
2026-09-25 11:32:35,BSCI103,1107,Tais Ribeiro,24,24,0,2026-09-25 11:36:42,2026-09-25 11:36:42.580
2026-09-25 11:32:35,BSCI103,1108,Tais Ribeiro,24,24,0,2026-09-25 11:36:42,2026-09-25 11:36:42.580
2026-09-25 11:32:35,BSCI103,1109,Tais Ribeiro,24,24,0,2026-09-25 11:36:42,2026-09-25 11:36:42.580
2026-09-25 11:32:35,BSCI103,1110,Tais Ribeiro,24,24,0,2026-09-25 11:36:42,2026-09-25 11:36:42.580
2026-09-25 11:32:35,BSCI103M,0101,Tais Ribeiro,24,24,0,2026-09-25 11:36:43,2026-09-25 11:36:43.018
2026-09-25 11:32:35,BSCI120,0101,Dennis vanEngelsdorp,21,21,0,2026-09-25 11:36:43,2026-09-25 11:36:43.418
2026-09-25 11:32:35,BSCI120,0102,Dennis vanEngelsdorp,21,21,0,2026-09-25 11:36:43,2026-09-25 11:36:43.418
2026-09-25 11:32:35,BSCI135,1101,Edgar Moctezuma,24,24,0,2026-09-25 11:36:43,2026-09-25 11:36:43.858
2026-09-25 11:32:35,BSCI135,1102,Edgar Moctezuma,24,24,0,2026-09-25 11:36:43,2026-09-25 11:36:43.858
2026-09-25 11:32:35,BSCI135,1103,Edgar Moctezuma,24,24,0,2026-09-25 11:36:43,2026-09-25 11:36:43.858
2026-09-25 11:32:35,BSCI135,1104,Edgar Moctezuma,24,24,0,2026-09-25 11:36:43,2026-09-25 11:36:43.858
2026-09-25 11:32:35,BSCI135,1105,Edgar Moctezuma,24,24,0,2026-09-25 11:36:43,2026-09-25 11:36:43.859
2026-09-25 11:32:35,BSCI160,6101,Leo Shapiro,104,104,0,2026-09-25 11:36:44,2026-09-25 11:36:44.264
2026-09-25 11:32:35,BSCI160,6301,Chloe Garfinkel,56,56,0,2026-09-25 11:36:44,2026-09-25 11:36:44.264
2026-09-25 11:32:35,BSCI160,6601,Vadim Karatayev,88,88,0,2026-09-25 11:36:44,2026-09-25 11:36:44.264
2026-09-25 11:32:35,BSCI160,SES1,Chloe Garfinkel,15,15,0,2026-09-25 11:36:44,2026-09-25 11:36:44.264
2026-09-25 11:32:35,BSCI170,0101,Cordelia Weiss,153,153,0,2026-09-25 11:36:44,2026-09-25 11:36:44.671
2026-09-25 11:32:35,BSCI170,0201,Nicholas Fletcher,153,153,0,2026-09-25 11:36:44,2026-09-25 11:36:44.671
2026-09-25 11:32:35,BSCI170,0301,Ricardo Araneda,152,152,0,2026-09-25 11:36:44,2026-09-25 11:36:44.671
2026-09-25 11:32:35,BSCI170,0401,Swarna Mohan,153,153,0,2026-09-25 11:36:44,2026-09-25 11:36:44.671
2026-09-25 11:32:35,BSCI170,0501,Ji Young Choi,120,120,0,2026-09-25 11:36:44,2026-09-25 11:36:44.671
2026-09-25 11:32:35,BSCI170,0701,Ji Young Choi,153,153,0,2026-09-25 11:36:44,2026-09-25 11:36:44.672
2026-09-25 11:32:35,BSCI170,SES1,James Sniezek,20,20,0,2026-09-25 11:36:44,2026-09-25 11:36:44.672
2026-09-25 11:32:35,BSCI180,8105,Hans Lemke,19,19,0,2026-09-25 11:36:45,2026-09-25 11:36:45.381
2026-09-25 11:32:35,BSCI180,8106,Hans Lemke,19,19,0,2026-09-25 11:36:45,2026-09-25 11:36:45.381
2026-09-25 11:32:35,BSCI180,8107,Hans Lemke,19,19,0,2026-09-25 11:36:45,2026-09-25 11:36:45.381
2026-09-25 11:32:35,BSCI180,8108,Hans Lemke,19,19,0,2026-09-25 11:36:45,2026-09-25 11:36:45.382
2026-09-25 11:32:35,BSCI180,8109,Hans Lemke,19,19,0,2026-09-25 11:36:45,2026-09-25 11:36:45.382
2026-09-25 11:32:35,BSCI180,8110,Hans Lemke,19,19,0,2026-09-25 11:36:45,2026-09-25 11:36:45.382
2026-09-25 11:32:35,BSCI180,8111,Hans Lemke,19,19,0,2026-09-25 11:36:45,2026-09-25 11:36:45.382
2026-09-25 11:32:35,BSCI180,8112,Hans Lemke,19,19,0,2026-09-25 11:36:45,2026-09-25 11:36:45.382
2026-09-25 11:32:35,BSCI180,8113,Hans Lemke,19,19,0,2026-09-25 11:36:45,2026-09-25 11:36:45.383
2026-09-25 11:32:35,BSCI180,8114,Hans Lemke,19,19,0,2026-09-25 11:36:45,2026-09-25 11:36:45.383
2026-09-25 11:32:35,BSCI180,8201,Hans Lemke,19,19,0,2026-09-25 11:36:45,2026-09-25 11:36:45.383
2026-09-25 11:32:35,BSCI180,8202,Hans Lemke,19,19,0,2026-09-25 11:36:45,2026-09-25 11:36:45.383
2026-09-25 11:32:35,BSCI180,8205,Hans Lemke,19,19,0,2026-09-25 11:36:45,2026-09-25 11:36:45.383
2026-09-25 11:32:35,BSCI180,8206,Hans Lemke,19,19,0,2026-09-25 11:36:45,2026-09-25 11:36:45.383
2026-09-25 11:32:35,BSCI180,8207,Hans Lemke,19,19,0,2026-09-25 11:36:45,2026-09-25 11:36:45.384
2026-09-25 11:32:35,BSCI180,8208,Hans Lemke,19,19,0,2026-09-25 11:36:45,2026-09-25 11:36:45.384
2026-09-25 11:32:35,BSCI180,8209,Hans Lemke,19,19,0,2026-09-25 11:36:45,2026-09-25 11:36:45.384
2026-09-25 11:32:35,BSCI180,8210,Hans Lemke,19,19,0,2026-09-25 11:36:45,2026-09-25 11:36:45.384
2026-09-25 11:32:35,BSCI180,8211,Hans Lemke,19,19,0,2026-09-25 11:36:45,2026-09-25 11:36:45.384
2026-09-25 11:32:35,BSCI180,8212,Hans Lemke,19,19,0,2026-09-25 11:36:45,2026-09-25 11:36:45.385
2026-09-25 11:32:35,BSCI180,8213,Hans Lemke,19,19,0,2026-09-25 11:36:45,2026-09-25 11:36:45.385
2026-09-25 11:32:35,BSCI180,8214,Hans Lemke,19,19,0,2026-09-25 11:36:45,2026-09-25 11:36:45.385
2026-09-25 11:32:35,BSCI180,8301,Hans Lemke,19,19,0,2026-09-25 11:36:45,2026-09-25 11:36:45.385
2026-09-25 11:32:35,BSCI180,8302,Hans Lemke,19,19,0,2026-09-25 11:36:45,2026-09-25 11:36:45.385
2026-09-25 11:32:35,BSCI180,8305,Hans Lemke,19,19,0,2026-09-25 11:36:45,2026-09-25 11:36:45.385
2026-09-25 11:32:35,BSCI180,8306,Hans Lemke,19,19,0,2026-09-25 11:36:45,2026-09-25 11:36:45.386
2026-09-25 11:32:35,BSCI180,8307,Hans Lemke,19,19,0,2026-09-25 11:36:45,2026-09-25 11:36:45.386
2026-09-25 11:32:35,BSCI180,8308,Hans Lemke,19,19,0,2026-09-25 11:36:45,2026-09-25 11:36:45.386
2026-09-25 11:32:35,BSCI180,8309,Hans Lemke,19,19,0,2026-09-25 11:36:45,2026-09-25 11:36:45.386
2026-09-25 11:32:35,BSCI180,8310,Hans Lemke,19,19,0,2026-09-25 11:36:45,2026-09-25 11:36:45.386
2026-09-25 11:32:35,BSCI180,8311,Hans Lemke,19,19,0,2026-09-25 11:36:45,2026-09-25 11:36:45.387
2026-09-25 11:32:35,BSCI180,8312,Hans Lemke,19,19,0,2026-09-25 11:36:45,2026-09-25 11:36:45.387
2026-09-25 11:32:35,BSCI180,8313,Hans Lemke,19,19,0,2026-09-25 11:36:45,2026-09-25 11:36:45.387
2026-09-25 11:32:35,BSCI180,8314,Hans Lemke,19,19,0,2026-09-25 11:36:45,2026-09-25 11:36:45.387
2026-09-25 11:32:35,BSCI180,8401,Hans Lemke,19,19,0,2026-09-25 11:36:45,2026-09-25 11:36:45.387
2026-09-25 11:32:35,BSCI180,8402,Hans Lemke,19,19,0,2026-09-25 11:36:45,2026-09-25 11:36:45.387
2026-09-25 11:32:35,BSCI180,8405,Hans Lemke,19,19,0,2026-09-25 11:36:45,2026-09-25 11:36:45.388
2026-09-25 11:32:35,BSCI180,8406,Hans Lemke,19,19,0,2026-09-25 11:36:45,2026-09-25 11:36:45.388
2026-09-25 11:32:35,BSCI180,8407,Hans Lemke,19,19,0,2026-09-25 11:36:45,2026-09-25 11:36:45.388
2026-09-25 11:32:35,BSCI180,8408,Hans Lemke,19,19,0,2026-09-25 11:36:45,2026-09-25 11:36:45.388
2026-09-25 11:32:35,BSCI180,8409,Hans Lemke,19,19,0,2026-09-25 11:36:45,2026-09-25 11:36:45.388
2026-09-25 11:32:35,BSCI180,8410,Hans Lemke,19,19,0,2026-09-25 11:36:45,2026-09-25 11:36:45.389
2026-09-25 11:32:35,BSCI180,8411,Hans Lemke,19,19,0,2026-09-25 11:36:45,2026-09-25 11:36:45.389
2026-09-25 11:32:35,BSCI180,8412,Hans Lemke,19,19,0,2026-09-25 11:36:45,2026-09-25 11:36:45.389
2026-09-25 11:32:35,BSCI180,8413,Hans Lemke,19,19,0,2026-09-25 11:36:45,2026-09-25 11:36:45.389
2026-09-25 11:32:35,BSCI180,8414,Hans Lemke,19,19,0,2026-09-25 11:36:45,2026-09-25 11:36:45.389
2026-09-25 11:32:35,BSCI180,SEF2,Hans Lemke,19,19,0,2026-09-25 11:36:45,2026-09-25 11:36:45.390
2026-09-25 11:32:35,BSCI180,SES1,Hans Lemke,19,19,0,2026-09-25 11:36:45,2026-09-25 11:36:45.390
2026-09-25 11:32:35,BSCI201,0101,Caitlin Fox,24,24,0,2026-09-25 11:36:45,2026-09-25 11:36:45.821
2026-09-25 11:32:35,BSCI201,0103,Caitlin Fox,24,24,0,2026-09-25 11:36:45,2026-09-25 11:36:45.821
2026-09-25 11:32:35,BSCI201,0105,Caitlin Fox,24,24,0,2026-09-25 11:36:45,2026-09-25 11:36:45.821
2026-09-25 11:32:35,BSCI201,0106,Caitlin Fox,24,24,0,2026-09-25 11:36:45,2026-09-25 11:36:45.822
2026-09-25 11:32:35,BSCI201,0107,Caitlin Fox,24,24,0,2026-09-25 11:36:45,2026-09-25 11:36:45.822
2026-09-25 11:32:35,BSCI201,0109,Maira Goytia,24,24,0,2026-09-25 11:36:45,2026-09-25 11:36:45.822
2026-09-25 11:32:35,BSCI201,0110,Caitlin Fox,24,24,0,2026-09-25 11:36:45,2026-09-25 11:36:45.822
2026-09-25 11:32:35,BSCI201,0111,Caitlin Fox,24,24,0,2026-09-25 11:36:45,2026-09-25 11:36:45.822
2026-09-25 11:32:35,BSCI201,1101,Justicia Opoku-Edusei,24,24,0,2026-09-25 11:36:45,2026-09-25 11:36:45.823
2026-09-25 11:32:35,BSCI201,1103,Justicia Opoku-Edusei,24,24,0,2026-09-25 11:36:45,2026-09-25 11:36:45.823
2026-09-25 11:32:35,BSCI201,1104,Justicia Opoku-Edusei,24,24,0,2026-09-25 11:36:45,2026-09-25 11:36:45.823
2026-09-25 11:32:35,BSCI201,1105,Caitlin Fox,24,24,0,2026-09-25 11:36:45,2026-09-25 11:36:45.823
2026-09-25 11:32:35,BSCI201,1106,Caitlin Fox,24,24,0,2026-09-25 11:36:45,2026-09-25 11:36:45.823
2026-09-25 11:32:35,BSCI201,1108,Caitlin Fox,24,24,0,2026-09-25 11:36:45,2026-09-25 11:36:45.824
2026-09-25 11:32:35,BSCI201,1109,Justicia Opoku-Edusei,24,24,0,2026-09-25 11:36:45,2026-09-25 11:36:45.824
2026-09-25 11:32:35,BSCI201,1110,Justicia Opoku-Edusei,24,24,0,2026-09-25 11:36:45,2026-09-25 11:36:45.824
2026-09-25 11:32:35,BSCI202,0101,Caitlin Fox,24,24,0,2026-09-25 11:36:46,2026-09-25 11:36:46.263
2026-09-25 11:32:35,BSCI202,0102,Caitlin Fox,24,24,0,2026-09-25 11:36:46,2026-09-25 11:36:46.263
2026-09-25 11:32:35,BSCI202,0104,Caitlin Fox,24,24,0,2026-09-25 11:36:46,2026-09-25 11:36:46.263
2026-09-25 11:32:35,BSCI202,0108,Caitlin Fox,24,24,0,2026-09-25 11:36:46,2026-09-25 11:36:46.263
2026-09-25 11:32:35,BSCI202,0109,Maira Goytia,24,24,0,2026-09-25 11:36:46,2026-09-25 11:36:46.263
2026-09-25 11:32:35,BSCI202,0110,Caitlin Fox,24,24,0,2026-09-25 11:36:46,2026-09-25 11:36:46.264
2026-09-25 11:32:35,BSCI202,1101,Justicia Opoku-Edusei,24,24,0,2026-09-25 11:36:46,2026-09-25 11:36:46.264
2026-09-25 11:32:35,BSCI202,1103,Justicia Opoku-Edusei,24,24,0,2026-09-25 11:36:46,2026-09-25 11:36:46.264
2026-09-25 11:32:35,BSCI202,1104,Justicia Opoku-Edusei,24,24,0,2026-09-25 11:36:46,2026-09-25 11:36:46.264
2026-09-25 11:32:35,BSCI202,1106,Justicia Opoku-Edusei,24,24,0,2026-09-25 11:36:46,2026-09-25 11:36:46.264
2026-09-25 11:32:35,BSCI202,1107,Justicia Opoku-Edusei,24,24,0,2026-09-25 11:36:46,2026-09-25 11:36:46.264
2026-09-25 11:32:35,BSCI202,1108,Justicia Opoku-Edusei,24,24,0,2026-09-25 11:36:46,2026-09-25 11:36:46.265
2026-09-25 11:32:35,BSCI202,SES1,Edward Orlando,20,20,0,2026-09-25 11:36:46,2026-09-25 11:36:46.265
2026-09-25 11:32:35,BSCI207,0101,Karen Carleton,80,80,0,2026-09-25 11:36:46,2026-09-25 11:36:46.689
2026-09-25 11:32:35,BSCI207,0201,Chloe Garfinkel,80,80,0,2026-09-25 11:36:46,2026-09-25 11:36:46.689
2026-09-25 11:32:35,BSCI213,0101,Cordelia Weiss,20,20,0,2026-09-25 11:36:47,2026-09-25 11:36:47.085
2026-09-25 11:32:35,BSCI213,0102,Cordelia Weiss,20,20,0,2026-09-25 11:36:47,2026-09-25 11:36:47.085
2026-09-25 11:32:35,BSCI222,7106,Thomas Kocher,18,18,0,2026-09-25 11:36:47,2026-09-25 11:36:47.626
2026-09-25 11:32:35,BSCI222,7108,Thomas Kocher,18,18,0,2026-09-25 11:36:47,2026-09-25 11:36:47.626
2026-09-25 11:32:35,BSCI222,7110,Thomas Kocher,18,18,0,2026-09-25 11:36:47,2026-09-25 11:36:47.626
2026-09-25 11:32:35,BSCI222,7112,Thomas Kocher,18,18,0,2026-09-25 11:36:47,2026-09-25 11:36:47.626
2026-09-25 11:32:35,BSCI222,7114,Thomas Kocher,18,18,0,2026-09-25 11:36:47,2026-09-25 11:36:47.626
2026-09-25 11:32:35,BSCI222,7116,Thomas Kocher,18,18,0,2026-09-25 11:36:47,2026-09-25 11:36:47.627
2026-09-25 11:32:35,BSCI222,7118,Thomas Kocher,18,18,0,2026-09-25 11:36:47,2026-09-25 11:36:47.627
2026-09-25 11:32:35,BSCI222,7120,Thomas Kocher,18,18,0,2026-09-25 11:36:47,2026-09-25 11:36:47.627
2026-09-25 11:32:35,BSCI222,7130,Thomas Kocher,18,18,0,2026-09-25 11:36:47,2026-09-25 11:36:47.627
2026-09-25 11:32:35,BSCI222,7133,Thomas Kocher,18,18,0,2026-09-25 11:36:47,2026-09-25 11:36:47.627
2026-09-25 11:32:35,BSCI222,7214,Michael Keller,18,18,0,2026-09-25 11:36:47,2026-09-25 11:36:47.627
2026-09-25 11:32:35,BSCI222,7216,Michael Keller,18,18,0,2026-09-25 11:36:47,2026-09-25 11:36:47.628
2026-09-25 11:32:35,BSCI222,7218,Michael Keller,18,18,0,2026-09-25 11:36:47,2026-09-25 11:36:47.628
2026-09-25 11:32:35,BSCI222,7219,Michael Keller,18,18,0,2026-09-25 11:36:47,2026-09-25 11:36:47.628
2026-09-25 11:32:35,BSCI222,7220,Michael Keller,18,18,0,2026-09-25 11:36:47,2026-09-25 11:36:47.628
2026-09-25 11:32:35,BSCI222,7221,Michael Keller,18,18,0,2026-09-25 11:36:47,2026-09-25 11:36:47.628
2026-09-25 11:32:35,BSCI222,7222,Michael Keller,18,18,0,2026-09-25 11:36:47,2026-09-25 11:36:47.629
2026-09-25 11:32:35,BSCI222,7224,Michael Keller,18,18,0,2026-09-25 11:36:47,2026-09-25 11:36:47.629
2026-09-25 11:32:35,BSCI222,7226,Michael Keller,18,18,0,2026-09-25 11:36:47,2026-09-25 11:36:47.629
2026-09-25 11:32:35,BSCI222,7232,Michael Keller,18,18,0,2026-09-25 11:36:47,2026-09-25 11:36:47.629
2026-09-25 11:32:35,BSCI222,7234,Michael Keller,18,18,0,2026-09-25 11:36:47,2026-09-25 11:36:47.629
2026-09-25 11:32:35,BSCI222,7236,Michael Keller,18,18,0,2026-09-25 11:36:47,2026-09-25 11:36:47.629
2026-09-25 11:32:35,BSCI222,7310,Maria Colt,18,18,0,2026-09-25 11:36:47,2026-09-25 11:36:47.630
2026-09-25 11:32:35,BSCI222,7311,Maria Colt,18,18,0,2026-09-25 11:36:47,2026-09-25 11:36:47.630
2026-09-25 11:32:35,BSCI222,7312,Maria Colt,18,18,0,2026-09-25 11:36:47,2026-09-25 11:36:47.630
2026-09-25 11:32:35,BSCI222,7313,Maria Colt,18,18,0,2026-09-25 11:36:47,2026-09-25 11:36:47.630
2026-09-25 11:32:35,BSCI222,7315,Maria Colt,18,18,0,2026-09-25 11:36:47,2026-09-25 11:36:47.630
2026-09-25 11:32:35,BSCI222,7320,Maria Colt,18,18,0,2026-09-25 11:36:47,2026-09-25 11:36:47.631
2026-09-25 11:32:35,BSCI222,7325,Maria Colt,18,18,0,2026-09-25 11:36:47,2026-09-25 11:36:47.631
2026-09-25 11:32:35,BSCI222,7330,Maria Colt,18,18,0,2026-09-25 11:36:47,2026-09-25 11:36:47.631
2026-09-25 11:32:35,BSCI222,7332,Maria Colt,18,18,0,2026-09-25 11:36:47,2026-09-25 11:36:47.631
2026-09-25 11:32:35,BSCI222,7335,Maria Colt,18,18,0,2026-09-25 11:36:47,2026-09-25 11:36:47.631
2026-09-25 11:32:35,BSCI222,SES1,Maria Colt,23,23,0,2026-09-25 11:36:47,2026-09-25 11:36:47.631
2026-09-25 11:32:35,BSCI223,1021,John Buchner,16,16,0,2026-09-25 11:36:48,2026-09-25 11:36:48.085
2026-09-25 11:32:35,BSCI223,1025,John Buchner,16,16,0,2026-09-25 11:36:48,2026-09-25 11:36:48.085
2026-09-25 11:32:35,BSCI223,1026,John Buchner,16,16,0,2026-09-25 11:36:48,2026-09-25 11:36:48.085
2026-09-25 11:32:35,BSCI223,1101,John Buchner,16,16,0,2026-09-25 11:36:48,2026-09-25 11:36:48.086
2026-09-25 11:32:35,BSCI223,1105,John Buchner,16,16,0,2026-09-25 11:36:48,2026-09-25 11:36:48.086
2026-09-25 11:32:35,BSCI223,1106,John Buchner,16,16,0,2026-09-25 11:36:48,2026-09-25 11:36:48.086
2026-09-25 11:32:35,BSCI223,1121,John Buchner,16,16,0,2026-09-25 11:36:48,2026-09-25 11:36:48.086
2026-09-25 11:32:35,BSCI223,1125,John Buchner,16,16,0,2026-09-25 11:36:48,2026-09-25 11:36:48.086
2026-09-25 11:32:35,BSCI223,1126,John Buchner,16,16,0,2026-09-25 11:36:48,2026-09-25 11:36:48.087
2026-09-25 11:32:35,BSCI223,1201,John Buchner,16,16,0,2026-09-25 11:36:48,2026-09-25 11:36:48.087
2026-09-25 11:32:35,BSCI223,1206,John Buchner,16,16,0,2026-09-25 11:36:48,2026-09-25 11:36:48.087
2026-09-25 11:32:35,BSCI223,1221,John Buchner,16,16,0,2026-09-25 11:36:48,2026-09-25 11:36:48.087
2026-09-25 11:32:35,BSCI223,1225,John Buchner,16,16,0,2026-09-25 11:36:48,2026-09-25 11:36:48.087
2026-09-25 11:32:35,BSCI223,1226,John Buchner,16,16,0,2026-09-25 11:36:48,2026-09-25 11:36:48.087
2026-09-25 11:32:35,BSCI223,1301,John Buchner,16,16,0,2026-09-25 11:36:48,2026-09-25 11:36:48.088
2026-09-25 11:32:35,BSCI223,1306,John Buchner,16,16,0,2026-09-25 11:36:48,2026-09-25 11:36:48.088
2026-09-25 11:32:35,BSCI223,2401,John Buchner,16,16,0,2026-09-25 11:36:48,2026-09-25 11:36:48.088
2026-09-25 11:32:35,BSCI223,2406,John Buchner,16,16,0,2026-09-25 11:36:48,2026-09-25 11:36:48.088
2026-09-25 11:32:35,BSCI223,SES1,Cherisse Hall,20,20,0,2026-09-25 11:36:48,2026-09-25 11:36:48.088
2026-09-25 11:32:35,BSCI238I,0101,Aditri Gadigi,30,30,0,2026-09-25 11:36:48,2026-09-25 11:36:48.483
2026-09-25 11:32:35,BSCI258A,0101,Nicholas Fletcher,10,10,0,2026-09-25 11:36:48,2026-09-25 11:36:48.915
2026-09-25 11:32:35,BSCI258B,0101,Nicholas Fletcher,80,80,0,2026-09-25 11:36:49,2026-09-25 11:36:49.574
2026-09-25 11:32:35,BSCI279B,0101,Katerina Thompson,32,32,0,2026-09-25 11:36:50,2026-09-25 11:36:50.410
2026-09-25 11:32:35,BSCI279B,0102,Katerina Thompson,32,32,0,2026-09-25 11:36:50,2026-09-25 11:36:50.410
2026-09-25 11:32:35,BSCI279Q,0101,Daniel Butts,10,10,0,2026-09-25 11:36:51,2026-09-25 11:36:51.206
2026-09-25 11:32:35,BSCI283,1205,Kevin McIver,20,20,0,2026-09-25 11:36:52,2026-09-25 11:36:52.432
2026-09-25 11:32:35,BSCI283,1305,Daniel Stein,20,20,0,2026-09-25 11:36:52,2026-09-25 11:36:52.432
2026-09-25 11:32:35,BSCI329,1016,Hilary Bierman,5,5,0,2026-09-25 11:36:52,2026-09-25 11:36:52.835
2026-09-25 11:32:35,BSCI329,1028,Daniel Butts,10,10,0,2026-09-25 11:36:52,2026-09-25 11:36:52.835
2026-09-25 11:32:35,BSCI329,1033,Chan Lin,10,10,0,2026-09-25 11:36:52,2026-09-25 11:36:52.835
2026-09-25 11:32:35,BSCI329,1250,Justicia Opoku-Edusei,20,20,0,2026-09-25 11:36:52,2026-09-25 11:36:52.835
2026-09-25 11:32:35,BSCI329,1388,Corine Van der Weele,8,8,0,2026-09-25 11:36:52,2026-09-25 11:36:52.835
2026-09-25 11:32:35,BSCI329,ESG1,Hadiya Woodham,10,10,0,2026-09-25 11:36:52,2026-09-25 11:36:52.836
2026-09-25 11:32:35,BSCI331,0101,Kenneth Frauwirth,200,200,0,2026-09-25 11:36:53,2026-09-25 11:36:53.246
2026-09-25 11:32:35,BSCI331,0201,Kenneth Frauwirth,200,200,0,2026-09-25 11:36:53,2026-09-25 11:36:53.246
2026-09-25 11:32:35,BSCI332,0102,Corine Van der Weele,23,23,0,2026-09-25 11:36:53,2026-09-25 11:36:53.685
2026-09-25 11:32:35,BSCI332,0104,Corine Van der Weele,23,23,0,2026-09-25 11:36:53,2026-09-25 11:36:53.685
2026-09-25 11:32:35,BSCI332,0106,Corine Van der Weele,23,23,0,2026-09-25 11:36:53,2026-09-25 11:36:53.686
2026-09-25 11:32:35,BSCI332,0107,Corine Van der Weele,23,23,0,2026-09-25 11:36:53,2026-09-25 11:36:53.686
2026-09-25 11:32:35,BSCI332,0111,Corine Van der Weele,23,23,0,2026-09-25 11:36:53,2026-09-25 11:36:53.686
2026-09-25 11:32:35,BSCI332,1103,Corine Van der Weele,23,23,0,2026-09-25 11:36:53,2026-09-25 11:36:53.686
2026-09-25 11:32:35,BSCI332,1105,Corine Van der Weele,23,23,0,2026-09-25 11:36:53,2026-09-25 11:36:53.686
2026-09-25 11:32:35,BSCI332,1108,Corine Van der Weele,23,23,0,2026-09-25 11:36:53,2026-09-25 11:36:53.686
2026-09-25 11:32:35,BSCI332,1109,Corine Van der Weele,23,23,0,2026-09-25 11:36:53,2026-09-25 11:36:53.687
2026-09-25 11:32:35,BSCI332,1111,Corine Van der Weele,23,23,0,2026-09-25 11:36:53,2026-09-25 11:36:53.687
2026-09-25 11:32:35,BSCI332,1113,Corine Van der Weele,23,23,0,2026-09-25 11:36:53,2026-09-25 11:36:53.687
2026-09-25 11:32:35,BSCI334,0101,Katerina Thompson,60,60,0,2026-09-25 11:36:54,2026-09-25 11:36:54.104
2026-09-25 11:32:35,BSCI335,0101,Katerina Thompson,20,20,0,2026-09-25 11:36:54,2026-09-25 11:36:54.502
2026-09-25 11:32:35,BSCI335,0102,Katerina Thompson,20,20,0,2026-09-25 11:36:54,2026-09-25 11:36:54.502
2026-09-25 11:32:35,BSCI337,0101,Leo Shapiro,20,20,0,2026-09-25 11:36:54,2026-09-25 11:36:54.898
2026-09-25 11:32:35,BSCI337,0102,Leo Shapiro,20,20,0,2026-09-25 11:36:54,2026-09-25 11:36:54.899
2026-09-25 11:32:35,BSCI343,ESG1,Hadiya Woodham,30,30,0,2026-09-25 11:36:55,2026-09-25 11:36:55.740
2026-09-25 11:32:35,BSCI348A,0101,John Buchner,22,22,0,2026-09-25 11:36:56,2026-09-25 11:36:56.525
2026-09-25 11:32:35,BSCI348I,SES1,Erik Lontok,25,25,0,2026-09-25 11:36:56,2026-09-25 11:36:56.919
2026-09-25 11:32:35,BSCI348R,0101,Najib El-Sayed,10,10,0,2026-09-25 11:36:57,2026-09-25 11:36:57.327
2026-09-25 11:32:35,BSCI353,0101,Chan Lin,64,64,0,2026-09-25 11:36:57,2026-09-25 11:36:57.728
2026-09-25 11:32:35,BSCI353,0102,Melissa Caras,40,40,0,2026-09-25 11:36:57,2026-09-25 11:36:57.728
2026-09-25 11:32:35,BSCI353,ESG1,Vitaly Stepensky,40,40,0,2026-09-25 11:36:57,2026-09-25 11:36:57.728
2026-09-25 11:32:35,BSCI358A,ESG1,Vitaly Stepensky,30,30,0,2026-09-25 11:36:58,2026-09-25 11:36:58.124
2026-09-25 11:32:35,BSCI358B,ESG1,Gregory Simon,30,30,0,2026-09-25 11:36:58,2026-09-25 11:36:58.521
2026-09-25 11:32:35,BSCI361,0101,Daniel Gruner,25,25,0,2026-09-25 11:36:58,2026-09-25 11:36:58.962
2026-09-25 11:32:35,BSCI361,0102,Daniel Gruner,25,25,0,2026-09-25 11:36:58,2026-09-25 11:36:58.963
2026-09-25 11:32:35,BSCI370,0101,Alexandra Bely,64,64,0,2026-09-25 11:36:59,2026-09-25 11:36:59.386
2026-09-25 11:32:35,BSCI378H,0101,Kenneth Frauwirth,23,23,0,2026-09-25 11:36:59,2026-09-25 11:36:59.791
2026-09-25 11:32:35,BSCI398H,0101,Alexandra Bely,35,35,0,2026-09-25 11:37:02,2026-09-25 11:37:02.757
2026-09-25 11:32:35,BSCI401,0101,Gerald Wilkinson,39,39,0,2026-09-25 11:37:04,2026-09-25 11:37:04.437
2026-09-25 11:32:35,BSCI406,0101,Sergei Sukharev,20,20,0,2026-09-25 11:37:04,2026-09-25 11:37:04.841
2026-09-25 11:32:35,BSCI410,0101,Charles Seller,140,140,0,2026-09-25 11:37:05,2026-09-25 11:37:05.249
2026-09-25 11:32:35,BSCI412,0101,Erin Tran,18,18,0,2026-09-25 11:37:05,2026-09-25 11:37:05.669
2026-09-25 11:32:35,BSCI412,0103,Wade Winkler,18,18,0,2026-09-25 11:37:05,2026-09-25 11:37:05.669
2026-09-25 11:32:35,BSCI414,ESG1,Caitlin Fox,24,24,0,2026-09-25 11:37:06,2026-09-25 11:37:06.070
2026-09-25 11:32:35,BSCI416,0101,Silvia Bolland,42,42,0,2026-09-25 11:37:06,2026-09-25 11:37:06.495
2026-09-25 11:32:35,BSCI417,0101,Vincent Lee,30,30,0,2026-09-25 11:37:06,2026-09-25 11:37:06.888
2026-09-25 11:32:35,BSCI420,0101,Sougata Roy,62,62,0,2026-09-25 11:37:07,2026-09-25 11:37:07.291
2026-09-25 11:32:35,BSCI422,0101,Kenneth Frauwirth,25,25,0,2026-09-25 11:37:07,2026-09-25 11:37:07.703
2026-09-25 11:32:35,BSCI422,0102,Kenneth Frauwirth,25,25,0,2026-09-25 11:37:07,2026-09-25 11:37:07.703
2026-09-25 11:32:35,BSCI422,0103,David Mosser,25,25,0,2026-09-25 11:37:07,2026-09-25 11:37:07.703
2026-09-25 11:32:35,BSCI422,0104,David Mosser,25,25,0,2026-09-25 11:37:07,2026-09-25 11:37:07.703
2026-09-25 11:32:35,BSCI423,0101,Wenxia Song,18,18,0,2026-09-25 11:37:08,2026-09-25 11:37:08.132
2026-09-25 11:32:35,BSCI423,0102,Wenxia Song,18,18,0,2026-09-25 11:37:08,2026-09-25 11:37:08.132
2026-09-25 11:32:35,BSCI425,0101,Kan Cao,20,20,0,2026-09-25 11:37:08,2026-09-25 11:37:08.567
2026-09-25 11:32:35,BSCI430,0101,Eric Haag,35,35,0,2026-09-25 11:37:09,2026-09-25 11:37:09.010
2026-09-25 11:32:35,BSCI433,0101,Jeff Maltas,30,30,0,2026-09-25 11:37:09,2026-09-25 11:37:09.436
2026-09-25 11:32:35,BSCI435,0101,Tapan Goel,18,18,0,2026-09-25 11:37:09,2026-09-25 11:37:09.839
2026-09-25 11:32:35,BSCI436,0101,Jonathan Dinman,60,60,0,2026-09-25 11:37:10,2026-09-25 11:37:10.267
2026-09-25 11:32:35,BSCI437,0101,Jeffrey DeStefano,70,70,0,2026-09-25 11:37:10,2026-09-25 11:37:10.694
2026-09-25 11:32:35,BSCI437,ESG1,Gilad Ofek,40,40,0,2026-09-25 11:37:10,2026-09-25 11:37:10.694
2026-09-25 11:32:35,BSCI437H,0101,Jeffrey DeStefano,8,8,0,2026-09-25 11:37:11,2026-09-25 11:37:11.082
2026-09-25 11:32:35,BSCI439B,ESG1,Maira Goytia,40,40,0,2026-09-25 11:37:11,2026-09-25 11:37:11.485
2026-09-25 11:32:35,BSCI439E,0101,Beatrice Kondo,5,5,0,2026-09-25 11:37:11,2026-09-25 11:37:11.885
2026-09-25 11:32:35,BSCI439G,0101,Beatrice Kondo,5,5,0,2026-09-25 11:37:12,2026-09-25 11:37:12.292
2026-09-25 11:32:35,BSCI439L,0101,Instructor: TBA,5,5,0,2026-09-25 11:37:12,2026-09-25 11:37:12.694
2026-09-25 11:32:35,BSCI442,0101,Daniel Rodriguez Leal,20,20,0,2026-09-25 11:37:13,2026-09-25 11:37:13.099
2026-09-25 11:32:35,BSCI442,0102,Jose Feijo,20,20,0,2026-09-25 11:37:13,2026-09-25 11:37:13.099
2026-09-25 11:32:35,BSCI450,0101,Juan Angueyra,130,130,0,2026-09-25 11:37:13,2026-09-25 11:37:13.498
2026-09-25 11:32:35,BSCI450,0201,Joshua Singer,120,120,0,2026-09-25 11:37:13,2026-09-25 11:37:13.498
2026-09-25 11:32:35,BSCI450,PDS1,William Higgins,20,20,0,2026-09-25 11:37:13,2026-09-25 11:37:13.498
2026-09-25 11:32:35,BSCI451,0101,Corine Van der Weele,20,20,0,2026-09-25 11:37:13,2026-09-25 11:37:13.915
2026-09-25 11:32:35,BSCI451,0102,Corine Van der Weele,20,20,0,2026-09-25 11:37:13,2026-09-25 11:37:13.915
2026-09-25 11:32:35,BSCI451,0103,Corine Van der Weele,20,20,0,2026-09-25 11:37:13,2026-09-25 11:37:13.916
2026-09-25 11:32:35,BSCI451,0104,Corine Van der Weele,20,20,0,2026-09-25 11:37:13,2026-09-25 11:37:13.916
2026-09-25 11:32:35,BSCI452,0101,Chan Lin,40,40,0,2026-09-25 11:37:14,2026-09-25 11:37:14.340
2026-09-25 11:32:35,BSCI452,SES1,Chan Lin,20,20,0,2026-09-25 11:37:14,2026-09-25 11:37:14.340
2026-09-25 11:32:35,BSCI453,0101,Nikolas Francis,38,38,0,2026-09-25 11:37:14,2026-09-25 11:37:14.750
2026-09-25 11:32:35,BSCI455,0101,Hilary Bierman,16,16,0,2026-09-25 11:37:15,2026-09-25 11:37:15.154
2026-09-25 11:32:35,BSCI455,0102,Hilary Bierman,16,16,0,2026-09-25 11:37:15,2026-09-25 11:37:15.154
2026-09-25 11:32:35,BSCI455,0103,Hilary Bierman,16,16,0,2026-09-25 11:37:15,2026-09-25 11:37:15.154
2026-09-25 11:32:35,BSCI456,0101,Colenso Speer,5,5,0,2026-09-25 11:37:15,2026-09-25 11:37:15.581
2026-09-25 11:32:35,BSCI477,0101,Emily Bruns,40,40,0,2026-09-25 11:37:16,2026-09-25 11:37:16.009
2026-09-25 11:32:35,BSCI487,0101,Kelly Hamby,24,24,0,2026-09-25 11:37:16,2026-09-25 11:37:16.441
2026-09-25 11:32:35,BSOS355,0101,Liza Lebrun,40,40,0,2026-09-25 11:37:18,2026-09-25 11:37:18.189
2026-09-25 11:32:35,BSOS361,0101,TC Lloyd,30,30,0,2026-09-25 11:37:18,2026-09-25 11:37:18.624
2026-09-25 11:32:35,BSOS361,0102,TC Lloyd,30,30,0,2026-09-25 11:37:18,2026-09-25 11:37:18.624
2026-09-25 11:32:35,BSOS448M,0101,Brandee Pettus,12,12,0,2026-09-25 11:37:19,2026-09-25 11:37:19.019
2026-09-25 11:32:35,BUMO600,0501,Sheetal Singh,52,52,0,2026-09-25 11:37:42,2026-09-25 11:37:42.480
2026-09-25 11:32:35,BUMO604,0501,Jon Crocker,0,0,0,2026-09-25 11:37:42,2026-09-25 11:37:42.877
2026-09-25 11:32:35,BUMO614,0501,Waverly Ding,58,58,0,2026-09-25 11:37:43,2026-09-25 11:37:43.325
2026-09-25 11:32:35,BUMO701,0501,Jason Choi,65,65,0,2026-09-25 11:37:43,2026-09-25 11:37:43.728
2026-09-25 11:32:35,BUMO703,0501,Mary Beth Furst,65,65,0,2026-09-25 11:37:44,2026-09-25 11:37:44.120
2026-09-25 11:32:35,BUMO711,0501,Sheetal Singh,65,65,0,2026-09-25 11:37:44,2026-09-25 11:37:44.513
2026-09-25 11:32:35,BUMO714,0501,Rellie Rozin,0,0,0,2026-09-25 11:37:44,2026-09-25 11:37:44.911
2026-09-25 11:32:35,BUMO723,0501,Stephen Sclafani,58,58,0,2026-09-25 11:37:45,2026-09-25 11:37:45.614
2026-09-25 11:32:35,BUMO724,0501,Stephen Sclafani,58,58,0,2026-09-25 11:37:46,2026-09-25 11:37:46.010
2026-09-25 11:32:35,BUMO726,0501,Stephen Sclafani,58,58,0,2026-09-25 11:37:46,2026-09-25 11:37:46.443
2026-09-25 11:32:35,BUMO731,0501,Balaji Padmanabhan,58,58,0,2026-09-25 11:37:46,2026-09-25 11:37:46.877
2026-09-25 11:32:35,BUMO733,0501,Balaji Padmanabhan,58,58,0,2026-09-25 11:37:47,2026-09-25 11:37:47.292
2026-09-25 11:32:35,BUMO758P,0501,Jon Crocker,37,37,0,2026-09-25 11:37:47,2026-09-25 11:37:47.689
2026-09-25 11:32:35,BUMO780,0501,Jennifer Marr,37,37,0,2026-09-25 11:37:48,2026-09-25 11:37:48.516
2026-09-25 11:32:35,BUMO780,0502,Jennifer Marr,37,37,0,2026-09-25 11:37:48,2026-09-25 11:37:48.517
2026-09-25 11:32:35,BUMO782,0501,Mike Hoffmeyer,40,40,0,2026-09-25 11:37:48,2026-09-25 11:37:48.939
2026-09-25 11:32:35,BUMO785,0501,Maria Bustamante,65,65,0,2026-09-25 11:37:49,2026-09-25 11:37:49.359
2026-09-25 11:32:35,BUMO790,0501,Roy Thomason,65,65,0,2026-09-25 11:37:49,2026-09-25 11:37:49.764
2026-09-25 11:32:35,BUMO790,0502,Roy Thomason,65,65,0,2026-09-25 11:37:49,2026-09-25 11:37:49.764
2026-09-25 11:32:35,BUMO791,0501,Roy Thomason,65,65,0,2026-09-25 11:37:50,2026-09-25 11:37:50.224
2026-09-25 11:32:35,BUMO791,0502,Roy Thomason,65,65,0,2026-09-25 11:37:50,2026-09-25 11:37:50.225
2026-09-25 11:32:35,CHIN100,0101,Yuli Wang,15,15,0,2026-09-25 11:38:48,2026-09-25 11:38:48.194
2026-09-25 11:32:35,CHIN121,0101,Mei Kong,15,15,0,2026-09-25 11:38:48,2026-09-25 11:38:48.595
2026-09-25 11:32:35,CHIN122,0101,Mei Kong,15,15,0,2026-09-25 11:38:49,2026-09-25 11:38:49.025
2026-09-25 11:32:35,CHIN122,0201,Mei Kong,15,15,0,2026-09-25 11:38:49,2026-09-25 11:38:49.026
2026-09-25 11:32:35,CHIN122,0301,Guiling Hu,15,15,0,2026-09-25 11:38:49,2026-09-25 11:38:49.026
2026-09-25 11:32:35,CHIN207,0101,Guiling Hu,15,15,0,2026-09-25 11:38:49,2026-09-25 11:38:49.410
2026-09-25 11:32:35,CHIN207,0201,Guiling Hu,15,15,0,2026-09-25 11:38:49,2026-09-25 11:38:49.410
2026-09-25 11:32:35,CHIN302,0101,Jungjung Lee,15,15,0,2026-09-25 11:38:49,2026-09-25 11:38:49.815
2026-09-25 11:32:35,CHIN302,0201,Jungjung Lee,15,15,0,2026-09-25 11:38:49,2026-09-25 11:38:49.815
2026-09-25 11:32:35,CHIN307,0101,Minglang Zhou,25,25,0,2026-09-25 11:38:50,2026-09-25 11:38:50.214
2026-09-25 11:32:35,CHIN315,0101,Mei Nan,25,25,0,2026-09-25 11:38:50,2026-09-25 11:38:50.611
2026-09-25 11:32:35,CHIN332,0101,Yuli Wang,15,15,0,2026-09-25 11:38:51,2026-09-25 11:38:51.007
2026-09-25 11:32:35,CHIN402,0101,Jungjung Lee,15,15,0,2026-09-25 11:38:51,2026-09-25 11:38:51.860
2026-09-25 11:32:35,CHIN415,0101,Jungjung Lee,15,15,0,2026-09-25 11:38:52,2026-09-25 11:38:52.269
2026-09-25 11:32:35,CHIN418O,0101,Mei Nan,25,25,0,2026-09-25 11:38:52,2026-09-25 11:38:52.662
2026-09-25 11:32:35,CHIN441,0101,Andrew Schonebaum,20,20,0,2026-09-25 11:38:53,2026-09-25 11:38:53.083
2026-09-25 11:32:35,CHSE205,0101,Yewon Lee,60,60,0,2026-09-25 11:38:57,2026-09-25 11:38:57.630
2026-09-25 11:32:35,CHSE205,0201,Katryna Andrusik,50,50,0,2026-09-25 11:38:57,2026-09-25 11:38:57.630
2026-09-25 11:32:35,CHSE228D,0101,Nikita Kimani,16,16,0,2026-09-25 11:38:58,2026-09-25 11:38:58.036
2026-09-25 11:32:35,CHSE376,0101,Michael Dunham,20,20,0,2026-09-25 11:38:58,2026-09-25 11:38:58.487
2026-09-25 11:32:35,CHSE376,0201,Elizabeth Martinez,20,20,0,2026-09-25 11:38:58,2026-09-25 11:38:58.488
2026-09-25 11:32:35,CHSE376,0301,Colleen McGilpin,20,20,0,2026-09-25 11:38:58,2026-09-25 11:38:58.488
2026-09-25 11:32:35,CHSE376,0401,Chanai Brewster,15,15,0,2026-09-25 11:38:58,2026-09-25 11:38:58.488
2026-09-25 11:32:35,CHSE376,0501,Michael Dunham,15,15,0,2026-09-25 11:38:58,2026-09-25 11:38:58.488
2026-09-25 11:32:35,CHSE476,0101,Michael Dunham,20,20,0,2026-09-25 11:38:59,2026-09-25 11:38:59.277
2026-09-25 11:32:35,CHSE477,0101,Michael Dunham,18,18,0,2026-09-25 11:38:59,2026-09-25 11:38:59.675
2026-09-25 11:32:35,CHSE480,0101,Michael Dunham,18,18,0,2026-09-25 11:39:00,2026-09-25 11:39:00.196
2026-09-25 11:32:35,CHSE489,1901,Amy D'Agati,10,10,0,2026-09-25 11:39:00,2026-09-25 11:39:00.589
2026-09-25 11:32:35,CINE245,0201,Instructor: TBA,27,27,0,2026-09-25 11:39:03,2026-09-25 11:39:03.111
2026-09-25 11:32:35,CINE245,0301,Instructor: TBA,27,27,0,2026-09-25 11:39:03,2026-09-25 11:39:03.111
2026-09-25 11:32:35,CINE280,0101,Eric Zakim,25,25,0,2026-09-25 11:39:03,2026-09-25 11:39:03.534
2026-09-25 11:32:35,CINE280,0102,Eric Zakim,25,25,0,2026-09-25 11:39:03,2026-09-25 11:39:03.534
2026-09-25 11:32:35,CINE280,0103,Eric Zakim,25,25,0,2026-09-25 11:39:03,2026-09-25 11:39:03.534
2026-09-25 11:32:35,CINE280,0104,Eric Zakim,25,25,0,2026-09-25 11:39:03,2026-09-25 11:39:03.534
2026-09-25 11:32:35,CINE282,0101,Susan Pramschufer,35,35,0,2026-09-25 11:39:03,2026-09-25 11:39:03.985
2026-09-25 11:32:35,CINE298B,0101,Sean Pue,20,20,0,2026-09-25 11:39:04,2026-09-25 11:39:04.409
2026-09-25 11:32:35,CINE302,0101,Luka Arsenjuk,30,30,0,2026-09-25 11:39:04,2026-09-25 11:39:04.843
2026-09-25 11:32:35,CINE310,0101,Nathaniel Stevens,15,15,0,2026-09-25 11:39:05,2026-09-25 11:39:05.591
2026-09-25 11:32:35,CINE319A,0101,Instructor: TBA,20,20,0,2026-09-25 11:39:06,2026-09-25 11:39:06.788
2026-09-25 11:32:35,CINE319I,0101,Yael Inbar,15,15,0,2026-09-25 11:39:07,2026-09-25 11:39:07.198
2026-09-25 11:32:35,CINE319P,5501,Samuel Crawford,10,10,0,2026-09-25 11:39:07,2026-09-25 11:39:07.830
2026-09-25 11:32:35,CINE329E,0101,Elizabeth Papazian,25,25,0,2026-09-25 11:39:08,2026-09-25 11:39:08.533
2026-09-25 11:32:35,CINE329N,0101,Daniel Richter,25,25,0,2026-09-25 11:39:08,2026-09-25 11:39:08.958
2026-09-25 11:32:35,CINE329Z,0101,Daniel Richter,25,25,0,2026-09-25 11:39:09,2026-09-25 11:39:09.351
2026-09-25 11:32:35,CINE335,0101,Jason Kuo,25,25,0,2026-09-25 11:39:09,2026-09-25 11:39:09.744
2026-09-25 11:32:35,CINE369C,0101,Mauro Resmini,40,40,0,2026-09-25 11:39:10,2026-09-25 11:39:10.380
2026-09-25 11:32:35,CINE369F,0101,Alexis Lothian,30,30,0,2026-09-25 11:39:10,2026-09-25 11:39:10.804
2026-09-25 11:32:35,CINE369K,0101,Instructor: TBA,20,20,0,2026-09-25 11:39:11,2026-09-25 11:39:11.770
2026-09-25 11:32:35,CINE376,0101,Ross Angelella,14,14,0,2026-09-25 11:39:12,2026-09-25 11:39:12.394
2026-09-25 11:32:35,CINE376,0102,Ross Angelella,5,5,0,2026-09-25 11:39:12,2026-09-25 11:39:12.394
2026-09-25 11:32:35,CINE419E,0101,Stephanie Sapienza,15,15,0,2026-09-25 11:39:13,2026-09-25 11:39:13.435
2026-09-25 11:32:35,CINE429O,0101,Mei Nan,25,25,0,2026-09-25 11:39:13,2026-09-25 11:39:13.868
2026-09-25 11:32:35,CINE459C,0101,Saverio Giovacchini,54,54,0,2026-09-25 11:39:14,2026-09-25 11:39:14.525
2026-09-25 11:32:35,CINE469Y,0101,Jason Kuo,14,14,0,2026-09-25 11:39:14,2026-09-25 11:39:14.924
2026-09-25 11:32:35,CLAS170,0101,Katherine Wasdin,21,21,0,2026-09-25 11:39:17,2026-09-25 11:39:17.112
2026-09-25 11:32:35,CLAS170,0102,Katherine Wasdin,21,21,0,2026-09-25 11:39:17,2026-09-25 11:39:17.112
2026-09-25 11:32:35,CLAS170,0103,Katherine Wasdin,21,21,0,2026-09-25 11:39:17,2026-09-25 11:39:17.112
2026-09-25 11:32:35,CLAS170,0104,Katherine Wasdin,21,21,0,2026-09-25 11:39:17,2026-09-25 11:39:17.112
2026-09-25 11:32:35,CLAS170,0105,Katherine Wasdin,21,21,0,2026-09-25 11:39:17,2026-09-25 11:39:17.113
2026-09-25 11:32:35,CLAS170,0106,Katherine Wasdin,21,21,0,2026-09-25 11:39:17,2026-09-25 11:39:17.113
2026-09-25 11:32:35,CLAS170,0107,Katherine Wasdin,21,21,0,2026-09-25 11:39:17,2026-09-25 11:39:17.113
2026-09-25 11:32:35,CLAS170,0108,Katherine Wasdin,21,21,0,2026-09-25 11:39:17,2026-09-25 11:39:17.113
2026-09-25 11:32:35,CLAS170,0109,Katherine Wasdin,21,21,0,2026-09-25 11:39:17,2026-09-25 11:39:17.113
2026-09-25 11:32:35,CLAS276,0101,Eric Adler,25,25,0,2026-09-25 11:39:17,2026-09-25 11:39:17.757
2026-09-25 11:32:35,CLAS276,0102,Eric Adler,25,25,0,2026-09-25 11:39:17,2026-09-25 11:39:17.757
2026-09-25 11:32:35,CLAS276,0103,Eric Adler,25,25,0,2026-09-25 11:39:17,2026-09-25 11:39:17.757
2026-09-25 11:32:35,CLAS276,0104,Eric Adler,25,25,0,2026-09-25 11:39:17,2026-09-25 11:39:17.757
2026-09-25 11:32:35,CLAS276,0105,Eric Adler,25,25,0,2026-09-25 11:39:17,2026-09-25 11:39:17.758
2026-09-25 11:32:35,CLAS276,0106,Eric Adler,25,25,0,2026-09-25 11:39:17,2026-09-25 11:39:17.758
2026-09-25 11:32:35,CLAS333,0101,Nathan Levine,35,35,0,2026-09-25 11:39:18,2026-09-25 11:39:18.153
2026-09-25 11:32:35,CLAS340,0101,Katherine Wasdin,35,35,0,2026-09-25 11:39:18,2026-09-25 11:39:18.581
2026-09-25 11:32:35,CMLT235,0101,Instructor: TBA,30,30,0,2026-09-25 11:39:20,2026-09-25 11:39:20.988
2026-09-25 11:32:35,CMLT270,0201,Instructor: TBA,30,30,0,2026-09-25 11:39:21,2026-09-25 11:39:21.785
2026-09-25 11:32:35,CMLT270,0301,Instructor: TBA,30,30,0,2026-09-25 11:39:21,2026-09-25 11:39:21.785
2026-09-25 11:32:35,CMLT275,0101,Instructor: TBA,30,30,0,2026-09-25 11:39:22,2026-09-25 11:39:22.237
2026-09-25 11:32:35,CMLT277,0101,Instructor: TBA,30,30,0,2026-09-25 11:39:22,2026-09-25 11:39:22.632
2026-09-25 11:32:35,CMLT280,0101,Eric Zakim,25,25,0,2026-09-25 11:39:23,2026-09-25 11:39:23.035
2026-09-25 11:32:35,CMLT280,0102,Eric Zakim,25,25,0,2026-09-25 11:39:23,2026-09-25 11:39:23.035
2026-09-25 11:32:35,CMLT280,0103,Eric Zakim,25,25,0,2026-09-25 11:39:23,2026-09-25 11:39:23.035
2026-09-25 11:32:35,CMLT280,0104,Eric Zakim,25,25,0,2026-09-25 11:39:23,2026-09-25 11:39:23.035
2026-09-25 11:32:35,CPBE101,0101,Oliver Schlake,75,75,0,2026-09-25 11:39:51,2026-09-25 11:39:51.327
2026-09-25 11:32:35,CPBE230,0101,Oliver Schlake,30,30,0,2026-09-25 11:39:51,2026-09-25 11:39:51.747
2026-09-25 11:32:35,CPBE240,0101,Oliver Schlake,20,20,0,2026-09-25 11:39:52,2026-09-25 11:39:52.146
2026-09-25 11:32:35,CPBE250,0101,Oliver Schlake,30,30,0,2026-09-25 11:39:52,2026-09-25 11:39:52.568
2026-09-25 11:32:35,CPCV101,0101,Julie Randolph,40,40,0,2026-09-25 11:39:54,2026-09-25 11:39:54.305
2026-09-25 11:32:35,CPCV101,0201,Julie Randolph,40,40,0,2026-09-25 11:39:54,2026-09-25 11:39:54.305
2026-09-25 11:32:35,CPCV230,0101,Korey Rothman,20,20,0,2026-09-25 11:39:54,2026-09-25 11:39:54.706
2026-09-25 11:32:35,CPCV230,0201,Korey Rothman,20,20,0,2026-09-25 11:39:54,2026-09-25 11:39:54.706
2026-09-25 11:32:35,CPDJ101,0101,Jess Feltner,75,75,0,2026-09-25 11:39:56,2026-09-25 11:39:56.441
2026-09-25 11:32:35,CPDJ230,0101,Jess Feltner,10,10,0,2026-09-25 11:39:56,2026-09-25 11:39:56.837
2026-09-25 11:32:35,CPDJ240,0101,Jess Feltner,8,8,0,2026-09-25 11:39:57,2026-09-25 11:39:57.467
2026-09-25 11:32:35,CPDJ250,0101,Jess Feltner,10,10,0,2026-09-25 11:39:57,2026-09-25 11:39:57.861
2026-09-25 11:32:35,CPET101,0101,Dani Moore,78,78,0,2026-09-25 11:39:59,2026-09-25 11:39:59.712
2026-09-25 11:32:35,CPET230,0101,Dani Moore,50,50,0,2026-09-25 11:40:00,2026-09-25 11:40:00.324
2026-09-25 11:32:35,CPET240,0101,Dani Moore,20,20,0,2026-09-25 11:40:00,2026-09-25 11:40:00.761
2026-09-25 11:32:35,CPET250,0101,Dani Moore,15,15,0,2026-09-25 11:40:01,2026-09-25 11:40:01.195
2026-09-25 11:32:35,CPGH101,0101,Angshuman Kashyap,75,75,0,2026-09-25 11:40:03,2026-09-25 11:40:03.441
2026-09-25 11:32:35,CPGH210,0101,Haley Clark,80,80,0,2026-09-25 11:40:04,2026-09-25 11:40:04.292
2026-09-25 11:32:35,CPGH230,0101,John Wiggins,30,30,0,2026-09-25 11:40:04,2026-09-25 11:40:04.688
2026-09-25 11:32:35,CPGH240,0101,John Wiggins,30,30,0,2026-09-25 11:40:05,2026-09-25 11:40:05.130
2026-09-25 11:32:35,CPGH250,0101,John Wiggins,25,25,0,2026-09-25 11:40:05,2026-09-25 11:40:05.523
2026-09-25 11:32:35,CPGH270,0101,John Wiggins,5,5,0,2026-09-25 11:40:05,2026-09-25 11:40:05.920
2026-09-25 11:32:35,CPJT101,0101,Justine DeCamillis,75,75,0,2026-09-25 11:40:07,2026-09-25 11:40:07.656
2026-09-25 11:32:35,CPJT230,0101,Justine DeCamillis,35,35,0,2026-09-25 11:40:08,2026-09-25 11:40:08.080
2026-09-25 11:32:35,CPJT240,0101,Justine DeCamillis,25,25,0,2026-09-25 11:40:08,2026-09-25 11:40:08.498
2026-09-25 11:32:35,CPJT250,0101,Victoria Worley,25,25,0,2026-09-25 11:40:08,2026-09-25 11:40:08.910
2026-09-25 11:32:35,CPMS101,0101,Alison Burns,75,75,0,2026-09-25 11:40:10,2026-09-25 11:40:10.631
2026-09-25 11:32:35,CPMS230,0101,Alison Burns,30,30,0,2026-09-25 11:40:11,2026-09-25 11:40:11.057
2026-09-25 11:32:35,CPMS240,0101,Alison Burns,15,15,0,2026-09-25 11:40:11,2026-09-25 11:40:11.458
2026-09-25 11:32:35,CPPL101,0101,Kelly Brower,75,75,0,2026-09-25 11:40:13,2026-09-25 11:40:13.251
2026-09-25 11:32:35,CPSA101,0101,Heather-Erin Bremenstuhl,75,75,0,2026-09-25 11:40:15,2026-09-25 11:40:15.088
2026-09-25 11:32:35,CPSA149,0101,Harold Burgess,20,20,0,2026-09-25 11:40:15,2026-09-25 11:40:15.496
2026-09-25 11:32:35,CPSA201,0101,Heather-Erin Bremenstuhl,75,75,0,2026-09-25 11:40:15,2026-09-25 11:40:15.901
2026-09-25 11:32:35,CPSA240,0101,Harold Burgess,15,15,0,2026-09-25 11:40:16,2026-09-25 11:40:16.293
2026-09-25 11:32:35,CPSA250,0101,Heather-Erin Bremenstuhl,10,10,0,2026-09-25 11:40:16,2026-09-25 11:40:16.717
2026-09-25 11:32:35,CPSA250,0201,Heather-Erin Bremenstuhl,10,10,0,2026-09-25 11:40:16,2026-09-25 11:40:16.717
2026-09-25 11:32:35,CPSA250,0301,Heather-Erin Bremenstuhl,10,10,0,2026-09-25 11:40:16,2026-09-25 11:40:16.717
2026-09-25 11:32:35,CPSA260,0101,Heather-Erin Bremenstuhl,10,10,0,2026-09-25 11:40:17,2026-09-25 11:40:17.143
2026-09-25 11:32:35,CPSA260,0201,Heather-Erin Bremenstuhl,10,10,0,2026-09-25 11:40:17,2026-09-25 11:40:17.143
2026-09-25 11:32:35,CPSA260,0301,Alexandra Lynch,10,10,0,2026-09-25 11:40:17,2026-09-25 11:40:17.143
2026-09-25 11:32:35,CPSF101,0101,Nicholas Fletcher,75,75,0,2026-09-25 11:40:18,2026-09-25 11:40:18.930
2026-09-25 11:32:35,CPSG101,0101,Thomas Holtz,75,75,0,2026-09-25 11:40:20,2026-09-25 11:40:20.811
2026-09-25 11:32:35,CPSG230,0101,John Merck,50,50,0,2026-09-25 11:40:21,2026-09-25 11:40:21.211
2026-09-25 11:32:35,CPSG240,0101,John Merck,25,25,0,2026-09-25 11:40:21,2026-09-25 11:40:21.620
2026-09-25 11:32:35,CPSG250,0101,John Merck,25,25,0,2026-09-25 11:40:22,2026-09-25 11:40:22.011
2026-09-25 11:32:35,CPSN101,0101,Hansol Kwak,75,75,0,2026-09-25 11:40:23,2026-09-25 11:40:23.782
2026-09-25 11:32:35,CPSN230,0101,Ellin Chung,40,40,0,2026-09-25 11:40:24,2026-09-25 11:40:24.175
2026-09-25 11:32:35,CPSN240,0101,Ellin Chung,15,15,0,2026-09-25 11:40:24,2026-09-25 11:40:24.579
2026-09-25 11:32:35,CPSN250,0101,Hansol Kwak,25,25,0,2026-09-25 11:40:24,2026-09-25 11:40:24.975
2026-09-25 11:32:35,CPSP239A,0101,Heather-Erin Bremenstuhl,10,10,0,2026-09-25 11:40:26,2026-09-25 11:40:26.714
2026-09-25 11:32:35,CPSP259J,0101,Alison Burns,10,10,0,2026-09-25 11:40:27,2026-09-25 11:40:27.111
2026-09-25 11:32:35,CPSP279N,0101,Stacy Kosko,10,10,0,2026-09-25 11:40:27,2026-09-25 11:40:27.501
2026-09-25 11:32:35,CPSP339P,0101,Kelly Brower,15,15,0,2026-09-25 11:40:27,2026-09-25 11:40:27.930
2026-09-25 11:32:35,CPSP359G,0101,John Merck,25,25,0,2026-09-25 11:40:28,2026-09-25 11:40:28.328
2026-09-25 11:32:35,CPSP359S,0101,David Eubanks,24,24,0,2026-09-25 11:40:28,2026-09-25 11:40:28.750
2026-09-25 11:32:35,CPSP369E,0101,Tim Knight,7,7,0,2026-09-25 11:40:29,2026-09-25 11:40:29.181
2026-09-25 11:32:35,CPSP369E,0102,Tim Knight,5,5,0,2026-09-25 11:40:29,2026-09-25 11:40:29.181
2026-09-25 11:32:35,CPSS101,0101,Christine Alexander,75,75,0,2026-09-25 11:40:30,2026-09-25 11:40:30.920
2026-09-25 11:32:35,CPSS225,0101,Roan Parrish,20,20,0,2026-09-25 11:40:31,2026-09-25 11:40:31.322
2026-09-25 11:32:35,CPSS225,0201,Thomas Zeller,20,20,0,2026-09-25 11:40:31,2026-09-25 11:40:31.323
2026-09-25 11:32:35,CPSS240,0101,Timothy Reedy,25,25,0,2026-09-25 11:40:31,2026-09-25 11:40:31.743
2026-09-25 11:32:35,CPSS340,0101,Nicole Mogul,20,20,0,2026-09-25 11:40:32,2026-09-25 11:40:32.176
2026-09-25 11:32:35,DATA100,0111,Matthew Griffin,27,27,0,2026-09-25 11:40:50,2026-09-25 11:40:50.148
2026-09-25 11:32:35,DATA100,0112,Matthew Griffin,27,27,0,2026-09-25 11:40:50,2026-09-25 11:40:50.149
2026-09-25 11:32:35,DATA100,0121,Matthew Griffin,27,27,0,2026-09-25 11:40:50,2026-09-25 11:40:50.149
2026-09-25 11:32:35,DATA100,0122,Matthew Griffin,27,27,0,2026-09-25 11:40:50,2026-09-25 11:40:50.149
2026-09-25 11:32:35,DATA100,0123,Matthew Griffin,27,27,0,2026-09-25 11:40:50,2026-09-25 11:40:50.149
2026-09-25 11:32:35,DATA100,0131,Matthew Griffin,27,27,0,2026-09-25 11:40:50,2026-09-25 11:40:50.149
2026-09-25 11:32:35,DATA100,0211,Matthew Griffin,27,27,0,2026-09-25 11:40:50,2026-09-25 11:40:50.149
2026-09-25 11:32:35,DATA100,0212,Matthew Griffin,27,27,0,2026-09-25 11:40:50,2026-09-25 11:40:50.150
2026-09-25 11:32:35,DATA100,0221,Matthew Griffin,27,27,0,2026-09-25 11:40:50,2026-09-25 11:40:50.150
2026-09-25 11:32:35,DATA100,0222,Matthew Griffin,27,27,0,2026-09-25 11:40:50,2026-09-25 11:40:50.150
2026-09-25 11:32:35,DATA100,0223,Matthew Griffin,27,27,0,2026-09-25 11:40:50,2026-09-25 11:40:50.150
2026-09-25 11:32:35,DATA100,0224,Matthew Griffin,27,27,0,2026-09-25 11:40:50,2026-09-25 11:40:50.150
2026-09-25 11:32:35,DATA100,0231,Matthew Griffin,27,27,0,2026-09-25 11:40:50,2026-09-25 11:40:50.151
2026-09-25 11:32:35,DATA100,0241,Matthew Griffin,27,27,0,2026-09-25 11:40:50,2026-09-25 11:40:50.151
2026-09-25 11:32:35,DATA100,0242,Matthew Griffin,27,27,0,2026-09-25 11:40:50,2026-09-25 11:40:50.151
2026-09-25 11:32:35,DATA100,0311,Jonathan Fernandes,25,25,0,2026-09-25 11:40:50,2026-09-25 11:40:50.151
2026-09-25 11:32:35,DATA100,0312,Jonathan Fernandes,25,25,0,2026-09-25 11:40:50,2026-09-25 11:40:50.151
2026-09-25 11:32:35,DATA100,0321,Jonathan Fernandes,25,25,0,2026-09-25 11:40:50,2026-09-25 11:40:50.151
2026-09-25 11:32:35,DATA100,0322,Jonathan Fernandes,25,25,0,2026-09-25 11:40:50,2026-09-25 11:40:50.152
2026-09-25 11:32:35,DATA100,0323,Jonathan Fernandes,25,25,0,2026-09-25 11:40:50,2026-09-25 11:40:50.152
2026-09-25 11:32:35,DATA110,0101,Susan Mazzullo,310,310,0,2026-09-25 11:40:50,2026-09-25 11:40:50.607
2026-09-25 11:32:35,DATA120,0101,Fardina Alam,200,200,0,2026-09-25 11:40:51,2026-09-25 11:40:51.022
2026-09-25 11:32:35,DATA200,0101,Fardina Alam,90,90,0,2026-09-25 11:40:51,2026-09-25 11:40:51.416
2026-09-25 11:32:35,DATA250,0101,Todd Rowland,30,30,0,2026-09-25 11:40:51,2026-09-25 11:40:51.839
2026-09-25 11:32:35,DATA320,0101,Maksym Morawski,20,20,0,2026-09-25 11:40:52,2026-09-25 11:40:52.342
2026-09-25 11:32:35,DATA320,0201,Fardina Alam,20,20,0,2026-09-25 11:40:52,2026-09-25 11:40:52.343
2026-09-25 11:32:35,DATA320,0301,Anna Evtushenko,12,12,0,2026-09-25 11:40:52,2026-09-25 11:40:52.343
2026-09-25 11:32:35,DATA350,0101,Todd Rowland,30,30,0,2026-09-25 11:40:52,2026-09-25 11:40:52.749
2026-09-25 11:32:35,DATA350,0201,Raluca Rosca,30,30,0,2026-09-25 11:40:52,2026-09-25 11:40:52.749
2026-09-25 11:32:35,DATA400,0111,Archana Khurana,27,27,0,2026-09-25 11:40:53,2026-09-25 11:40:53.170
2026-09-25 11:32:35,DATA400,0121,Archana Khurana,27,27,0,2026-09-25 11:40:53,2026-09-25 11:40:53.171
2026-09-25 11:32:35,DATA400,0131,Archana Khurana,27,27,0,2026-09-25 11:40:53,2026-09-25 11:40:53.171
2026-09-25 11:32:35,DATA400,0211,Salman Safdar,27,27,0,2026-09-25 11:40:53,2026-09-25 11:40:53.171
2026-09-25 11:32:35,DATA400,0311,Shixin Zheng,27,27,0,2026-09-25 11:40:53,2026-09-25 11:40:53.171
2026-09-25 11:32:35,DATA400,0321,Shixin Zheng,27,27,0,2026-09-25 11:40:53,2026-09-25 11:40:53.171
2026-09-25 11:32:35,DATA400,0331,Shixin Zheng,27,27,0,2026-09-25 11:40:53,2026-09-25 11:40:53.172
2026-09-25 11:32:35,DATA400,0411,Mestiyage Gunatilleka,27,27,0,2026-09-25 11:40:53,2026-09-25 11:40:53.172
2026-09-25 11:32:35,DATA400,0421,Mestiyage Gunatilleka,27,27,0,2026-09-25 11:40:53,2026-09-25 11:40:53.172
2026-09-25 11:32:35,DATA400,0431,Mestiyage Gunatilleka,27,27,0,2026-09-25 11:40:53,2026-09-25 11:40:53.172
2026-09-25 11:32:35,EALL361,0101,Instructor: TBA,20,20,0,2026-09-25 11:40:54,2026-09-25 11:40:54.918
2026-09-25 11:32:35,EDDI300,0101,Nicole Mehta,20,20,0,2026-09-25 11:41:10,2026-09-25 11:41:10.357
2026-09-25 11:32:35,EMBA788G,GX01,Judy Frels,31,31,0,2026-09-25 11:41:43,2026-09-25 11:41:43.400
2026-09-25 11:32:35,EMBA788V,GX01,Zhi-Long Chen,31,31,0,2026-09-25 11:41:43,2026-09-25 11:41:43.808
2026-09-25 11:32:35,ENAI603,0101,A Seyed,35,35,0,2026-09-25 11:41:59,2026-09-25 11:41:59.102
2026-09-25 11:32:35,ENAI603,AEC1,A Seyed,20,20,0,2026-09-25 11:41:59,2026-09-25 11:41:59.102
2026-09-25 11:32:35,ENBC312,ESG1,Kyunghun Lee,20,20,0,2026-09-25 11:42:00,2026-09-25 11:42:00.902
2026-09-25 11:32:35,ENBC321,ESG1,Jamasp Azarnoosh,20,20,0,2026-09-25 11:42:01,2026-09-25 11:42:01.380
2026-09-25 11:32:35,ENBC342,ESG1,Lan Ma,20,20,0,2026-09-25 11:42:01,2026-09-25 11:42:01.832
2026-09-25 11:32:35,ENBC351,ESG1,Jarred Callura,20,20,0,2026-09-25 11:42:02,2026-09-25 11:42:02.296
2026-09-25 11:32:35,ENBC352,ESG1,Jarred Callura,20,20,0,2026-09-25 11:42:02,2026-09-25 11:42:02.760
2026-09-25 11:32:35,ENBC403,ESG1,Jamasp Azarnoosh,20,20,0,2026-09-25 11:42:03,2026-09-25 11:42:03.189
2026-09-25 11:32:35,ENBC441,ESG1,Lan Ma,20,20,0,2026-09-25 11:42:03,2026-09-25 11:42:03.619
2026-09-25 11:32:35,ENBC455,ESG1,Jarred Callura,20,20,0,2026-09-25 11:42:04,2026-09-25 11:42:04.159
2026-09-25 11:32:35,ENBC491,ESG1,Lan Ma,20,20,0,2026-09-25 11:42:04,2026-09-25 11:42:04.562
2026-09-25 11:32:35,ENCO099,0101,Lizzy Solovey,200,200,0,2026-09-25 11:42:15,2026-09-25 11:42:15.433
2026-09-25 11:32:35,ENEB304,ESG1,Nestor Michael Tiglao,20,20,0,2026-09-25 11:42:17,2026-09-25 11:42:17.224
2026-09-25 11:32:35,ENEB345,ESG1,Nestor Michael Tiglao,20,20,0,2026-09-25 11:42:17,2026-09-25 11:42:17.660
2026-09-25 11:32:35,ENEB352,ESG1,Mohamed Hany,20,20,0,2026-09-25 11:42:18,2026-09-25 11:42:18.083
2026-09-25 11:32:35,ENEB353,ESG1,Manoj Franklin,20,20,0,2026-09-25 11:42:18,2026-09-25 11:42:18.498
2026-09-25 11:32:35,ENEB355,ESG1,Nestor Michael Tiglao,20,20,0,2026-09-25 11:42:18,2026-09-25 11:42:18.917
2026-09-25 11:32:35,ENEB408B,ESG1,Jerry Wu,20,20,0,2026-09-25 11:42:19,2026-09-25 11:42:19.342
2026-09-25 11:32:35,ENEB443,ESG1,George Zaki,20,20,0,2026-09-25 11:42:19,2026-09-25 11:42:19.736
2026-09-25 11:32:35,ENEB453,ESG1,Nestor Michael Tiglao,20,20,0,2026-09-25 11:42:20,2026-09-25 11:42:20.136
2026-09-25 11:32:35,ENEB455,ESG1,Jerry Wu,20,20,0,2026-09-25 11:42:20,2026-09-25 11:42:20.567
2026-09-25 11:32:35,ENEB456,ESG1,Nestor Michael Tiglao,20,20,0,2026-09-25 11:42:20,2026-09-25 11:42:20.997
2026-09-25 11:32:35,ENED037,0101,Hillary Owusu,20,20,0,2026-09-25 11:42:22,2026-09-25 11:42:22.733
2026-09-25 11:32:35,ENED290H,0101,Christopher Troilo,45,45,0,2026-09-25 11:42:23,2026-09-25 11:42:23.157
2026-09-25 11:32:35,ENED394H,0101,Maria Bardossy,40,40,0,2026-09-25 11:42:23,2026-09-25 11:42:23.559
2026-09-25 11:32:35,ENED397,0101,Emily Marks,9,9,0,2026-09-25 11:42:23,2026-09-25 11:42:23.982
2026-09-25 11:32:35,ENED490H,0101,David Ashley,45,45,0,2026-09-25 11:42:24,2026-09-25 11:42:24.391
2026-09-25 11:32:35,ENMT313,ESG1,Nicholas Limparis,3,3,0,2026-09-25 11:44:07,2026-09-25 11:44:07.769
2026-09-25 11:32:35,ENMT332,ESG1,Norman Wereley,4,4,0,2026-09-25 11:44:08,2026-09-25 11:44:08.186
2026-09-25 11:32:35,ENMT362,ESG1,Young Choi,3,3,0,2026-09-25 11:44:08,2026-09-25 11:44:08.592
2026-09-25 11:32:35,ENMT372,ESG1,Gurtajbir Herr,3,3,0,2026-09-25 11:44:08,2026-09-25 11:44:08.995
2026-09-25 11:32:35,ENMT477,ESG1,Gurtajbir Herr,7,7,0,2026-09-25 11:44:09,2026-09-25 11:44:09.490
2026-09-25 11:32:35,ENMT488C,ESG1,Colleen Murray,7,7,0,2026-09-25 11:44:09,2026-09-25 11:44:09.914
2026-09-25 11:32:35,ENMT488P,ESG1,Colleen Murray,7,7,0,2026-09-25 11:44:10,2026-09-25 11:44:10.336
2026-09-25 11:32:35,ENMT488Z,ESG1,Nicholas Limparis,7,7,0,2026-09-25 11:44:10,2026-09-25 11:44:10.760
2026-09-25 11:32:35,ENSP102,0101,Joanna Goger,22,22,0,2026-09-25 11:44:27,2026-09-25 11:44:27.465
2026-09-25 11:32:35,ENSP102,0102,Joanna Goger,22,22,0,2026-09-25 11:44:27,2026-09-25 11:44:27.465
2026-09-25 11:32:35,ENSP102,0103,Joanna Goger,23,23,0,2026-09-25 11:44:27,2026-09-25 11:44:27.465
2026-09-25 11:32:35,ENSP102,0104,Joanna Goger,22,22,0,2026-09-25 11:44:27,2026-09-25 11:44:27.466
2026-09-25 11:32:35,ENSP102,0105,Joanna Goger,22,22,0,2026-09-25 11:44:27,2026-09-25 11:44:27.466
2026-09-25 11:32:35,ENSP102,0106,Joanna Goger,22,22,0,2026-09-25 11:44:27,2026-09-25 11:44:27.466
2026-09-25 11:32:35,ENSP102,0107,Joanna Goger,22,22,0,2026-09-25 11:44:27,2026-09-25 11:44:27.466
2026-09-25 11:32:35,ENSP306,0101,Caroline Boules,30,30,0,2026-09-25 11:44:27,2026-09-25 11:44:27.891
2026-09-25 11:32:35,ENSP330,0101,Joanna Goger,35,35,0,2026-09-25 11:44:28,2026-09-25 11:44:28.282
2026-09-25 11:32:35,ENSP342,0101,Annette Spivy,35,35,0,2026-09-25 11:44:28,2026-09-25 11:44:28.676
2026-09-25 11:32:35,ENSP370,0101,Arielle Wharton,30,30,0,2026-09-25 11:44:29,2026-09-25 11:44:29.098
2026-09-25 11:32:35,ENSP399R,0101,Melissa Kenney,15,15,0,2026-09-25 11:44:30,2026-09-25 11:44:30.319
2026-09-25 11:32:35,ENSP399R,0301,Instructor: TBA,15,15,0,2026-09-25 11:44:30,2026-09-25 11:44:30.319
2026-09-25 11:32:35,ENSP399R,0601,Annette Spivy,10,10,0,2026-09-25 11:44:30,2026-09-25 11:44:30.319
2026-09-25 11:32:35,ENSP399R,1001,Jennifer Mullinax,10,10,0,2026-09-25 11:44:30,2026-09-25 11:44:30.320
2026-09-25 11:32:35,ENSP400,0101,Caroline Boules,30,30,0,2026-09-25 11:44:30,2026-09-25 11:44:30.740
2026-09-25 11:32:35,ENSP400,0102,Annette Spivy,30,30,0,2026-09-25 11:44:30,2026-09-25 11:44:30.741
2026-09-25 11:32:35,ENSP400,0104,Colleen O'Donnell,20,20,0,2026-09-25 11:44:30,2026-09-25 11:44:30.741
2026-09-25 11:32:35,FGSM398,0101,Jayakumar Arasan,120,120,0,2026-09-25 11:44:59,2026-09-25 11:44:59.814
2026-09-25 11:32:35,FGSM398,0201,Jayakumar Arasan,120,120,0,2026-09-25 11:44:59,2026-09-25 11:44:59.815
2026-09-25 11:32:35,GEMS102,0101,David Lovell,180,180,0,2026-09-25 11:45:31,2026-09-25 11:45:31.566
2026-09-25 11:32:35,GEMS208D,0101,Allison Lansverk,1,1,0,2026-09-25 11:45:31,2026-09-25 11:45:31.991
2026-09-25 11:32:35,GEMS208E,0101,Allison Lansverk,18,18,0,2026-09-25 11:45:32,2026-09-25 11:45:32.412
2026-09-25 11:32:35,GEMS208F,0201,Allison Lansverk,12,12,0,2026-09-25 11:45:32,2026-09-25 11:45:32.806
2026-09-25 11:32:35,GEMS208J,0101,Allison Lansverk,24,24,0,2026-09-25 11:45:33,2026-09-25 11:45:33.234
2026-09-25 11:32:35,GEMS208K,0101,Allison Lansverk,30,30,0,2026-09-25 11:45:33,2026-09-25 11:45:33.647
2026-09-25 11:32:35,GEMS208P,0101,Allison Lansverk,15,15,0,2026-09-25 11:45:34,2026-09-25 11:45:34.041
2026-09-25 11:32:35,GEMS208Q,0201,Allison Lansverk,1,1,0,2026-09-25 11:45:34,2026-09-25 11:45:34.448
2026-09-25 11:32:35,GEMS296,0113,David Lovell,5,5,0,2026-09-25 11:45:34,2026-09-25 11:45:34.881
2026-09-25 11:32:35,GEMS297,0101,Instructor: TBA,14,14,0,2026-09-25 11:45:35,2026-09-25 11:45:35.306
2026-09-25 11:32:35,GEMS297,0102,Instructor: TBA,14,14,0,2026-09-25 11:45:35,2026-09-25 11:45:35.306
2026-09-25 11:32:35,GEMS297,0103,Instructor: TBA,14,14,0,2026-09-25 11:45:35,2026-09-25 11:45:35.306
2026-09-25 11:32:35,GEMS297,0104,Instructor: TBA,14,14,0,2026-09-25 11:45:35,2026-09-25 11:45:35.306
2026-09-25 11:32:35,GEMS297,0105,Instructor: TBA,14,14,0,2026-09-25 11:45:35,2026-09-25 11:45:35.307
2026-09-25 11:32:35,GEMS297,0106,Instructor: TBA,14,14,0,2026-09-25 11:45:35,2026-09-25 11:45:35.307
2026-09-25 11:32:35,GEMS297,0107,Instructor: TBA,14,14,0,2026-09-25 11:45:35,2026-09-25 11:45:35.307
2026-09-25 11:32:35,GEMS297,0108,Instructor: TBA,14,14,0,2026-09-25 11:45:35,2026-09-25 11:45:35.307
2026-09-25 11:32:35,GEMS297,0109,Instructor: TBA,14,14,0,2026-09-25 11:45:35,2026-09-25 11:45:35.307
2026-09-25 11:32:35,GEMS297,0110,Instructor: TBA,14,14,0,2026-09-25 11:45:35,2026-09-25 11:45:35.308
2026-09-25 11:32:35,GEMS297,0111,Instructor: TBA,14,14,0,2026-09-25 11:45:35,2026-09-25 11:45:35.308
2026-09-25 11:32:35,GEMS297,0112,Instructor: TBA,14,14,0,2026-09-25 11:45:35,2026-09-25 11:45:35.308
2026-09-25 11:32:35,GEMS297,0113,Instructor: TBA,14,14,0,2026-09-25 11:45:35,2026-09-25 11:45:35.308
2026-09-25 11:32:35,GEMS297,0114,Instructor: TBA,14,14,0,2026-09-25 11:45:35,2026-09-25 11:45:35.308
2026-09-25 11:32:35,GEMS297,0115,Instructor: TBA,5,5,0,2026-09-25 11:45:35,2026-09-25 11:45:35.308
2026-09-25 11:32:35,GEMS396,0113,David Lovell,5,5,0,2026-09-25 11:45:35,2026-09-25 11:45:35.717
2026-09-25 11:32:35,GEMS397,0101,Michael Humber,14,14,0,2026-09-25 11:45:36,2026-09-25 11:45:36.146
2026-09-25 11:32:35,GEMS397,0102,Seth Dickey,14,14,0,2026-09-25 11:45:36,2026-09-25 11:45:36.147
2026-09-25 11:32:35,GEMS397,0103,Cecilia Huertas Cerdeira,14,14,0,2026-09-25 11:45:36,2026-09-25 11:45:36.147
2026-09-25 11:32:35,GEMS397,0104,Rodolphe Gentili,14,14,0,2026-09-25 11:45:36,2026-09-25 11:45:36.147
2026-09-25 11:32:35,GEMS397,0105,Allison Reilly,14,14,0,2026-09-25 11:45:36,2026-09-25 11:45:36.147
2026-09-25 11:32:35,GEMS397,0106,Peter Sunderland,14,14,0,2026-09-25 11:45:36,2026-09-25 11:45:36.147
2026-09-25 11:32:35,GEMS397,0107,Brett Lacey,14,14,0,2026-09-25 11:45:36,2026-09-25 11:45:36.148
2026-09-25 11:32:35,GEMS397,0108,Natalia Buzulukova,14,14,0,2026-09-25 11:45:36,2026-09-25 11:45:36.148
2026-09-25 11:32:35,GEMS397,0109,Anil Deane,14,14,0,2026-09-25 11:45:36,2026-09-25 11:45:36.148
2026-09-25 11:32:35,GEMS397,0110,Colenso Speer,14,14,0,2026-09-25 11:45:36,2026-09-25 11:45:36.148
2026-09-25 11:32:35,GEMS397,0111,Alisa Clyne,14,14,0,2026-09-25 11:45:36,2026-09-25 11:45:36.148
2026-09-25 11:32:35,GEMS397,0112,Xin Zan,14,14,0,2026-09-25 11:45:36,2026-09-25 11:45:36.148
2026-09-25 11:32:35,GEMS397,0113,Instructor: TBA,14,14,0,2026-09-25 11:45:36,2026-09-25 11:45:36.149
2026-09-25 11:32:35,GEMS397,0114,David Lovell,5,5,0,2026-09-25 11:45:36,2026-09-25 11:45:36.149
2026-09-25 11:32:35,GEMS397,0115,David Lovell,5,5,0,2026-09-25 11:45:36,2026-09-25 11:45:36.149
2026-09-25 11:32:35,GEMS496,0113,David Lovell,5,5,0,2026-09-25 11:45:36,2026-09-25 11:45:36.578
2026-09-25 11:32:35,GEMS497,0101,Eric Haag,14,14,0,2026-09-25 11:45:36,2026-09-25 11:45:36.986
2026-09-25 11:32:35,GEMS497,0102,Mohammad Nayeem Teli,14,14,0,2026-09-25 11:45:36,2026-09-25 11:45:36.986
2026-09-25 11:32:35,GEMS497,0103,Norberto Gonzalez- Juarbe,14,14,0,2026-09-25 11:45:36,2026-09-25 11:45:36.986
2026-09-25 11:32:35,GEMS497,0104,Abhinav Shrivastava,14,14,0,2026-09-25 11:45:36,2026-09-25 11:45:36.987
2026-09-25 11:32:35,GEMS497,0105,Hector Alcala,14,14,0,2026-09-25 11:45:36,2026-09-25 11:45:36.987
2026-09-25 11:32:35,GEMS497,0106,Massimo Ricotti,14,14,0,2026-09-25 11:45:36,2026-09-25 11:45:36.987
2026-09-25 11:32:35,GEMS497,0107,Reza Ghodssi,14,14,0,2026-09-25 11:45:36,2026-09-25 11:45:36.987
2026-09-25 11:32:35,GEMS497,0108,Nikhil Chopra,14,14,0,2026-09-25 11:45:36,2026-09-25 11:45:36.987
2026-09-25 11:32:35,GEMS497,0109,Kimberly Stroka,14,14,0,2026-09-25 11:45:36,2026-09-25 11:45:36.987
2026-09-25 11:32:35,GEMS497,0110,Gorjan Alagic,14,14,0,2026-09-25 11:45:36,2026-09-25 11:45:36.988
2026-09-25 11:32:35,GEMS497,0111,Alisa Clyne,14,14,0,2026-09-25 11:45:36,2026-09-25 11:45:36.988
2026-09-25 11:32:35,GEMS497,0112,Xin Zan,14,14,0,2026-09-25 11:45:36,2026-09-25 11:45:36.988
2026-09-25 11:32:35,GEMS497,0113,David Lovell,14,14,0,2026-09-25 11:45:36,2026-09-25 11:45:36.988
2026-09-25 11:32:35,GEMS497,0114,David Lovell,14,14,0,2026-09-25 11:45:36,2026-09-25 11:45:36.988
2026-09-25 11:32:35,GFPL100,0101,Alec Worsnop,21,21,0,2026-09-25 11:46:08,2026-09-25 11:46:08.585
2026-09-25 11:32:35,GFPL100,0102,Alec Worsnop,21,21,0,2026-09-25 11:46:08,2026-09-25 11:46:08.585
2026-09-25 11:32:35,GFPL100,0103,Alec Worsnop,21,21,0,2026-09-25 11:46:08,2026-09-25 11:46:08.585
2026-09-25 11:32:35,GFPL100,0104,Alec Worsnop,21,21,0,2026-09-25 11:46:08,2026-09-25 11:46:08.586
2026-09-25 11:32:35,GFPL100,0105,Alec Worsnop,21,21,0,2026-09-25 11:46:08,2026-09-25 11:46:08.586
2026-09-25 11:32:35,GFPL100,0106,Alec Worsnop,20,20,0,2026-09-25 11:46:08,2026-09-25 11:46:08.586
2026-09-25 11:32:35,GFPL102,0101,Caroline Ritter,95,95,0,2026-09-25 11:46:08,2026-09-25 11:46:08.982
2026-09-25 11:32:35,GFPL372,0101,Devin Entrikin,40,40,0,2026-09-25 11:46:09,2026-09-25 11:46:09.408
2026-09-25 11:32:35,GLBC200,0101,Parker Brookie,30,30,0,2026-09-25 11:46:11,2026-09-25 11:46:11.171
2026-09-25 11:32:35,GLBC360,0101,Hester Baer,30,30,0,2026-09-25 11:46:11,2026-09-25 11:46:11.563
2026-09-25 11:32:35,HACS101,0101,Michel Cukier,35,35,0,2026-09-25 11:46:44,2026-09-25 11:46:44.553
2026-09-25 11:32:35,HACS101,0201,Michel Cukier,35,35,0,2026-09-25 11:46:44,2026-09-25 11:46:44.554
2026-09-25 11:32:35,HACS201,0101,Bertrand Sobesto,26,26,0,2026-09-25 11:46:44,2026-09-25 11:46:44.960
2026-09-25 11:32:35,HACS208A,0101,Lawrence Gordon,20,20,0,2026-09-25 11:46:45,2026-09-25 11:46:45.397
2026-09-25 11:32:35,HACS208E,0101,Ian Serbin,26,26,0,2026-09-25 11:46:45,2026-09-25 11:46:45.792
2026-09-25 11:32:35,HACS208Z,0101,Zulema Belyeu,30,30,0,2026-09-25 11:46:46,2026-09-25 11:46:46.187
2026-09-25 11:32:35,HACS297,0101,Sarah Herberger,25,25,0,2026-09-25 11:46:47,2026-09-25 11:46:47.387
2026-09-25 11:32:35,HACS318A,0101,Lindsey Schrott,75,75,0,2026-09-25 11:46:47,2026-09-25 11:46:47.782
2026-09-25 11:32:35,HACS408C,0101,Lamia Zia,26,26,0,2026-09-25 11:46:48,2026-09-25 11:46:48.190
2026-09-25 11:32:35,HACS408P,0101,Firoozeh Rahimian,26,26,0,2026-09-25 11:46:48,2026-09-25 11:46:48.618
2026-09-25 11:32:35,HACS408T,0101,Kevin Bock,30,30,0,2026-09-25 11:46:49,2026-09-25 11:46:49.023
2026-09-25 11:32:35,HACS408V,0101,Edward Condon,30,30,0,2026-09-25 11:46:49,2026-09-25 11:46:49.455
2026-09-25 11:32:35,HACS497,0101,Cassie Harrington,25,25,0,2026-09-25 11:46:50,2026-09-25 11:46:50.271
2026-09-25 11:32:35,HACS498,0101,Thomas Woods,10,10,0,2026-09-25 11:46:50,2026-09-25 11:46:50.674
2026-09-25 11:32:35,HACS498,0201,Neal Ziring,18,18,0,2026-09-25 11:46:50,2026-09-25 11:46:50.674
2026-09-25 11:32:35,HACS498,0301,Michel Cukier,4,4,0,2026-09-25 11:46:50,2026-09-25 11:46:50.674
2026-09-25 11:32:35,HBUS105,0101,Daniel McCarthy,35,35,0,2026-09-25 11:46:52,2026-09-25 11:46:52.411
2026-09-25 11:32:35,HBUS105,0201,Daniel McCarthy,35,35,0,2026-09-25 11:46:52,2026-09-25 11:46:52.411
2026-09-25 11:32:35,HBUS205,0101,Nicole Coomber,30,30,0,2026-09-25 11:46:52,2026-09-25 11:46:52.846
2026-09-25 11:32:35,HBUS205,0201,Nicole Coomber,30,30,0,2026-09-25 11:46:52,2026-09-25 11:46:52.846
2026-09-25 11:32:35,HDCC106,0101,Jessica Lu,10,10,0,2026-09-25 11:46:54,2026-09-25 11:46:54.604
2026-09-25 11:32:35,HDCC106,0201,William Evans,10,10,0,2026-09-25 11:46:54,2026-09-25 11:46:54.604
2026-09-25 11:32:35,HDCC106,0301,Grant Bollmer,10,10,0,2026-09-25 11:46:54,2026-09-25 11:46:54.604
2026-09-25 11:32:35,HDCC106,0401,Cliff Bakalian,10,10,0,2026-09-25 11:46:54,2026-09-25 11:46:54.604
2026-09-25 11:32:35,HDCC106,0501,Alex Leitch,10,10,0,2026-09-25 11:46:54,2026-09-25 11:46:54.604
2026-09-25 11:32:35,HDCC106,0601,Jade Olson,10,10,0,2026-09-25 11:46:54,2026-09-25 11:46:54.605
2026-09-25 11:32:35,HDCC106,0701,Courtney Ray,10,10,0,2026-09-25 11:46:54,2026-09-25 11:46:54.605
2026-09-25 11:32:35,HDCC209A,0101,Jessica Lu,15,15,0,2026-09-25 11:46:55,2026-09-25 11:46:55.005
2026-09-25 11:32:35,HDCC209B,0101,Nishtha Das,15,15,0,2026-09-25 11:46:55,2026-09-25 11:46:55.399
2026-09-25 11:32:35,HDCC209C,0101,Hansika Murugu,15,15,0,2026-09-25 11:46:55,2026-09-25 11:46:55.794
2026-09-25 11:32:35,HEBR107,0101,Avital Karpman,15,15,0,2026-09-25 11:46:57,2026-09-25 11:46:57.935
2026-09-25 11:32:35,HEBR107,0201,Avital Karpman,15,15,0,2026-09-25 11:46:57,2026-09-25 11:46:57.935
2026-09-25 11:32:35,HEBR207,0101,Avital Karpman,15,15,0,2026-09-25 11:46:58,2026-09-25 11:46:58.342
2026-09-25 11:32:35,HEBR249A,0101,Aliza Sandalon,15,15,0,2026-09-25 11:46:58,2026-09-25 11:46:58.750
2026-09-25 11:32:35,HEBR314,0101,Aliza Sandalon,20,20,0,2026-09-25 11:46:59,2026-09-25 11:46:59.161
2026-09-25 11:32:35,HGLO298,0101,Daniel Tuke,30,30,0,2026-09-25 11:47:27,2026-09-25 11:47:27.920
2026-09-25 11:32:35,HHUM106,0101,Sarah Humud,17,17,0,2026-09-25 11:47:30,2026-09-25 11:47:30.719
2026-09-25 11:32:35,HHUM106,0102,Sarah Humud,17,17,0,2026-09-25 11:47:30,2026-09-25 11:47:30.719
2026-09-25 11:32:35,HHUM106,0103,Sarah Humud,17,17,0,2026-09-25 11:47:30,2026-09-25 11:47:30.720
2026-09-25 11:32:35,HHUM106,0104,Sarah Humud,17,17,0,2026-09-25 11:47:30,2026-09-25 11:47:30.720
2026-09-25 11:32:35,HHUM206,0101,Sarah Humud,15,15,0,2026-09-25 11:47:31,2026-09-25 11:47:31.135
2026-09-25 11:32:35,HHUM206,0102,Sarah Humud,15,15,0,2026-09-25 11:47:31,2026-09-25 11:47:31.136
2026-09-25 11:32:35,HHUM206,0103,Sarah Humud,15,15,0,2026-09-25 11:47:31,2026-09-25 11:47:31.136
2026-09-25 11:32:35,HHUM206,0104,Sarah Humud,15,15,0,2026-09-25 11:47:31,2026-09-25 11:47:31.136
2026-09-25 11:32:35,HHUM328,0101,Sarah Humud,20,20,0,2026-09-25 11:47:31,2026-09-25 11:47:31.942
2026-09-25 11:32:35,HHUM329,0101,Sarah Humud,5,5,0,2026-09-25 11:47:32,2026-09-25 11:47:32.332
2026-09-25 11:32:35,HISP200,0101,Stefan Woehlke,22,22,0,2026-09-25 11:47:34,2026-09-25 11:47:34.168
2026-09-25 11:32:35,HISP200,0102,Stefan Woehlke,22,22,0,2026-09-25 11:47:34,2026-09-25 11:47:34.168
2026-09-25 11:32:35,HISP200,0103,Stefan Woehlke,22,22,0,2026-09-25 11:47:34,2026-09-25 11:47:34.168
2026-09-25 11:32:35,HISP200,0104,Stefan Woehlke,22,22,0,2026-09-25 11:47:34,2026-09-25 11:47:34.168
2026-09-25 11:32:35,HISP200,0105,Stefan Woehlke,22,22,0,2026-09-25 11:47:34,2026-09-25 11:47:34.169
2026-09-25 11:32:35,HISP319E,0101,Michelle Magalong,20,20,0,2026-09-25 11:47:34,2026-09-25 11:47:34.551
2026-09-25 11:32:35,HISP319S,0101,Michelle Magalong,30,30,0,2026-09-25 11:47:34,2026-09-25 11:47:34.952
2026-09-25 11:32:35,HISP619E,0101,Michelle Magalong,24,24,0,2026-09-25 11:47:35,2026-09-25 11:47:35.349
2026-09-25 11:32:35,HISP619O,0101,Stefan Woehlke,5,5,0,2026-09-25 11:47:35,2026-09-25 11:47:35.752
2026-09-25 11:32:35,HISP630,0101,Rhonda Sincavage,15,15,0,2026-09-25 11:47:36,2026-09-25 11:47:36.161
2026-09-25 11:32:35,HISP635,0101,Eola Dance,10,10,0,2026-09-25 11:47:36,2026-09-25 11:47:36.556
2026-09-25 11:32:35,HISP640,0101,Frederick Stachura,15,15,0,2026-09-25 11:47:36,2026-09-25 11:47:36.952
2026-09-25 11:32:35,HISP655,0101,Donald Linebaugh,15,15,0,2026-09-25 11:47:37,2026-09-25 11:47:37.347
2026-09-25 11:32:35,HISP660,0101,Instructor: TBA,15,15,0,2026-09-25 11:47:37,2026-09-25 11:47:37.746
2026-09-25 11:32:35,HISP670,0101,Alfonso Narvaez,15,15,0,2026-09-25 11:47:38,2026-09-25 11:47:38.157
2026-09-25 11:32:35,HISP690,0101,Donald Linebaugh,15,15,0,2026-09-25 11:47:38,2026-09-25 11:47:38.760
2026-09-25 11:32:35,HISP701,0101,Instructor: TBA,5,5,0,2026-09-25 11:47:39,2026-09-25 11:47:39.197
2026-09-25 11:32:35,HISP710,0101,Susan Kern,15,15,0,2026-09-25 11:47:39,2026-09-25 11:47:39.589
2026-09-25 11:32:35,HISP711,0101,Susan Kern,15,15,0,2026-09-25 11:47:40,2026-09-25 11:47:40.011
2026-09-25 11:32:35,HLSC102,0101,Sabrina Kramer,94,94,0,2026-09-25 11:48:17,2026-09-25 11:48:17.084
2026-09-25 11:32:35,HLSC102,0102,Jalah Townsend,35,35,0,2026-09-25 11:48:17,2026-09-25 11:48:17.084
2026-09-25 11:32:35,HLSC227,0101,Najib El-Sayed,25,25,0,2026-09-25 11:48:17,2026-09-25 11:48:17.487
2026-09-25 11:32:35,HLSC322,0101,Leslie Pick,23,23,0,2026-09-25 11:48:17,2026-09-25 11:48:17.897
2026-09-25 11:32:35,HLSC322,0102,Leslie Pick,23,23,0,2026-09-25 11:48:17,2026-09-25 11:48:17.897
2026-09-25 11:32:35,HLSC322,0103,Sabrina Kramer,23,23,0,2026-09-25 11:48:17,2026-09-25 11:48:17.898
2026-09-25 11:32:35,HLSC322,0104,Sabrina Kramer,23,23,0,2026-09-25 11:48:17,2026-09-25 11:48:17.898
2026-09-25 11:32:35,HLSC329,0101,Sabrina Kramer,12,12,0,2026-09-25 11:48:18,2026-09-25 11:48:18.293
2026-09-25 11:32:35,HNUH100,0101,Leigha McReynolds,10,10,0,2026-09-25 11:48:37,2026-09-25 11:48:37.100
2026-09-25 11:32:35,HNUH218D,0101,Brian Gilmore,50,50,0,2026-09-25 11:48:37,2026-09-25 11:48:37.496
2026-09-25 11:32:35,HNUH218L,0101,Shauna Rigaud,20,20,0,2026-09-25 11:48:37,2026-09-25 11:48:37.902
2026-09-25 11:32:35,HNUH218L,0201,Shauna Rigaud,20,20,0,2026-09-25 11:48:37,2026-09-25 11:48:37.902
2026-09-25 11:32:35,HNUH218M,0101,Instructor: TBA,20,20,0,2026-09-25 11:48:38,2026-09-25 11:48:38.298
2026-09-25 11:32:35,HNUH228D,0101,Matthew McLaughlin,60,60,0,2026-09-25 11:48:38,2026-09-25 11:48:38.692
2026-09-25 11:32:35,HNUH228L,0101,Alena Wigodner,20,20,0,2026-09-25 11:48:39,2026-09-25 11:48:39.100
2026-09-25 11:32:35,HNUH228L,0201,Alena Wigodner,20,20,0,2026-09-25 11:48:39,2026-09-25 11:48:39.100
2026-09-25 11:32:35,HNUH228M,0101,Ted Baker,20,20,0,2026-09-25 11:48:39,2026-09-25 11:48:39.505
2026-09-25 11:32:35,HNUH229P,0101,Tyson Slocum,20,20,0,2026-09-25 11:48:39,2026-09-25 11:48:39.910
2026-09-25 11:32:35,HNUH238D,0101,Susan Moeller,60,60,0,2026-09-25 11:48:40,2026-09-25 11:48:40.318
2026-09-25 11:32:35,HNUH238L,0101,Kimberly Johnson,20,20,0,2026-09-25 11:48:40,2026-09-25 11:48:40.720
2026-09-25 11:32:35,HNUH238L,0201,Kimberly Johnson,20,20,0,2026-09-25 11:48:40,2026-09-25 11:48:40.720
2026-09-25 11:32:35,HNUH238M,0101,Daniel Reck,20,20,0,2026-09-25 11:48:41,2026-09-25 11:48:41.146
2026-09-25 11:32:35,HNUH239I,0101,Jon Crocker,20,20,0,2026-09-25 11:48:41,2026-09-25 11:48:41.543
2026-09-25 11:32:35,HNUH248D,0101,Juan Uriagereka,45,45,0,2026-09-25 11:48:41,2026-09-25 11:48:41.967
2026-09-25 11:32:35,HNUH249T,0101,Daniel Rosenthal,20,20,0,2026-09-25 11:48:42,2026-09-25 11:48:42.372
2026-09-25 11:32:35,HNUH258C,0101,Bill Fagan,55,55,0,2026-09-25 11:48:42,2026-09-25 11:48:42.771
2026-09-25 11:32:35,HNUH258O,0101,Amy Green,20,20,0,2026-09-25 11:48:43,2026-09-25 11:48:43.195
2026-09-25 11:32:35,HNUH259T,0101,Ingrid Satelmajer,20,20,0,2026-09-25 11:48:43,2026-09-25 11:48:43.596
2026-09-25 11:32:35,HNUH268C,0101,Perla Guerrero,60,60,0,2026-09-25 11:48:44,2026-09-25 11:48:44.030
2026-09-25 11:32:35,HNUH268Q,0101,Ebonie Johnson Cooper,20,20,0,2026-09-25 11:48:44,2026-09-25 11:48:44.457
2026-09-25 11:32:35,HNUH268R,0201,Vasfiye Toprak,20,20,0,2026-09-25 11:48:44,2026-09-25 11:48:44.863
2026-09-25 11:32:35,HNUH269T,0101,James Stillwell,20,20,0,2026-09-25 11:48:45,2026-09-25 11:48:45.267
2026-09-25 11:32:35,HNUH278C,0101,Chinyere Osuji,60,60,0,2026-09-25 11:48:45,2026-09-25 11:48:45.660
2026-09-25 11:32:35,HNUH278I,0101,Marisa Franco,20,20,0,2026-09-25 11:48:46,2026-09-25 11:48:46.069
2026-09-25 11:32:35,HNUH278I,0201,Marisa Franco,20,20,0,2026-09-25 11:48:46,2026-09-25 11:48:46.069
2026-09-25 11:32:35,HNUH278O,0101,DeNeen Brown,20,20,0,2026-09-25 11:48:46,2026-09-25 11:48:46.501
2026-09-25 11:32:35,HNUH278Q,0101,Instructor: TBA,20,20,0,2026-09-25 11:48:46,2026-09-25 11:48:46.897
2026-09-25 11:32:35,HNUH278R,0101,Max Barnewitz,20,20,0,2026-09-25 11:48:47,2026-09-25 11:48:47.304
2026-09-25 11:32:35,HNUH288C,0101,Julia Steinberg,30,30,0,2026-09-25 11:48:47,2026-09-25 11:48:47.713
2026-09-25 11:32:35,HNUH288C,0102,Julia Steinberg,30,30,0,2026-09-25 11:48:47,2026-09-25 11:48:47.713
2026-09-25 11:32:35,HNUH288O,0101,Ariana Nash,20,20,0,2026-09-25 11:48:48,2026-09-25 11:48:48.103
2026-09-25 11:32:35,HNUH300,0201,Vasfiye Toprak,20,20,0,2026-09-25 11:48:48,2026-09-25 11:48:48.541
2026-09-25 11:32:35,HNUH300,0301,Shauna Rigaud,20,20,0,2026-09-25 11:48:48,2026-09-25 11:48:48.541
2026-09-25 11:32:35,HNUH300,0401,Instructor: TBA,20,20,0,2026-09-25 11:48:48,2026-09-25 11:48:48.542
2026-09-25 11:32:35,HNUH300,0501,Kimberly Johnson,20,20,0,2026-09-25 11:48:48,2026-09-25 11:48:48.542
2026-09-25 11:32:35,HNUH300,0701,Vasfiye Toprak,20,20,0,2026-09-25 11:48:48,2026-09-25 11:48:48.542
2026-09-25 11:32:35,HNUH300,0801,Instructor: TBA,20,20,0,2026-09-25 11:48:48,2026-09-25 11:48:48.542
2026-09-25 11:32:35,HNUH300,0901,Alena Wigodner,20,20,0,2026-09-25 11:48:48,2026-09-25 11:48:48.542
2026-09-25 11:32:35,HNUH300,1001,Robert Graham,20,20,0,2026-09-25 11:48:48,2026-09-25 11:48:48.542
2026-09-25 11:32:35,HNUH300,1101,Instructor: TBA,20,20,0,2026-09-25 11:48:48,2026-09-25 11:48:48.543
2026-09-25 11:32:35,HNUH398P,0101,Jayakumar Arasan,120,120,0,2026-09-25 11:48:48,2026-09-25 11:48:48.940
2026-09-25 11:32:35,HNUH398P,0201,Jayakumar Arasan,120,120,0,2026-09-25 11:48:48,2026-09-25 11:48:48.940
2026-09-25 11:32:35,HONR379W,0101,Blake Wilder,15,15,0,2026-09-25 11:48:50,2026-09-25 11:48:50.674
2026-09-25 11:32:35,IDEA201,0101,Mira Azarm,20,20,0,2026-09-25 11:48:52,2026-09-25 11:48:52.443
2026-09-25 11:32:35,IDEA201,0102,Christina Hnatov,10,10,0,2026-09-25 11:48:52,2026-09-25 11:48:52.443
2026-09-25 11:32:35,IDEA201,0103,Brooke Smith,60,60,0,2026-09-25 11:48:52,2026-09-25 11:48:52.443
2026-09-25 11:32:35,IDEA201,0104,Brooke Smith,60,60,0,2026-09-25 11:48:52,2026-09-25 11:48:52.444
2026-09-25 11:32:35,IDEA311,0101,Brooke Smith,40,40,0,2026-09-25 11:48:52,2026-09-25 11:48:52.845
2026-09-25 11:32:35,IDEA311,0102,Brooke Smith,15,15,0,2026-09-25 11:48:52,2026-09-25 11:48:52.845
2026-09-25 11:32:35,IMDM101,0101,Stevens Miller,30,30,0,2026-09-25 11:48:55,2026-09-25 11:48:55.450
2026-09-25 11:32:35,IMDM101,0201,Stevens Miller,30,30,0,2026-09-25 11:48:55,2026-09-25 11:48:55.450
2026-09-25 11:32:35,IMDM101,0301,Myungin Lee,30,30,0,2026-09-25 11:48:55,2026-09-25 11:48:55.450
2026-09-25 11:32:35,IMDM127,0101,Matthew Nolan,30,30,0,2026-09-25 11:48:55,2026-09-25 11:48:55.854
2026-09-25 11:32:35,IMDM150,0101,Cy Keener,45,45,0,2026-09-25 11:48:56,2026-09-25 11:48:56.248
2026-09-25 11:32:35,IMDM290,0101,Myungin Lee,30,30,0,2026-09-25 11:48:56,2026-09-25 11:48:56.677
2026-09-25 11:32:35,IMDM290,0201,Myungin Lee,30,30,0,2026-09-25 11:48:56,2026-09-25 11:48:56.677
2026-09-25 11:32:35,IMDM390,0101,Stefano Passeri,30,30,0,2026-09-25 11:48:57,2026-09-25 11:48:57.106
2026-09-25 11:32:35,IMDM390,0201,Stefano Passeri,30,30,0,2026-09-25 11:48:57,2026-09-25 11:48:57.107
2026-09-25 11:32:35,IMDM491,0101,Matthew Nolan,30,30,0,2026-09-25 11:48:57,2026-09-25 11:48:57.906
2026-09-25 11:32:35,IMDM491,0201,Matthew Nolan,30,30,0,2026-09-25 11:48:57,2026-09-25 11:48:57.907
2026-09-25 11:32:35,IMDM498I,0101,Snehesh Shrestha,16,16,0,2026-09-25 11:48:58,2026-09-25 11:48:58.317
2026-09-25 11:32:35,IMDM498J,0101,Yael Inbar,15,15,0,2026-09-25 11:48:58,2026-09-25 11:48:58.740
2026-09-25 11:32:35,IMMR200,0101,Instructor: TBA,40,40,0,2026-09-25 11:49:00,2026-09-25 11:49:00.870
2026-09-25 11:32:35,IMMR394,0101,Wenxi Yang,25,25,0,2026-09-25 11:49:01,2026-09-25 11:49:01.301
2026-09-25 11:32:35,IMMR399,0101,Christina Getrich,1,1,0,2026-09-25 11:49:01,2026-09-25 11:49:01.735
2026-09-25 11:32:35,INFM612,IM01,Instructor: TBA,40,40,0,2026-09-25 11:49:09,2026-09-25 11:49:09.397
2026-09-25 11:32:35,INFM737,IM01,David Loshin,40,40,0,2026-09-25 11:49:09,2026-09-25 11:49:09.788
2026-09-25 11:32:35,ISRL187,0101,Bernard Cooperman,23,23,0,2026-09-25 11:49:39,2026-09-25 11:49:39.664
2026-09-25 11:32:35,ISRL187,0102,Bernard Cooperman,23,23,0,2026-09-25 11:49:39,2026-09-25 11:49:39.664
2026-09-25 11:32:35,ISRL187,0103,Bernard Cooperman,23,23,0,2026-09-25 11:49:39,2026-09-25 11:49:39.665
2026-09-25 11:32:35,ISRL249O,0101,Aner Tal,35,35,0,2026-09-25 11:49:40,2026-09-25 11:49:40.062
2026-09-25 11:32:35,ISRL249P,0101,Aliza Sandalon,15,15,0,2026-09-25 11:49:40,2026-09-25 11:49:40.498
2026-09-25 11:32:35,ISRL282,0101,Shirelle Doughty,30,30,0,2026-09-25 11:49:40,2026-09-25 11:49:40.928
2026-09-25 11:32:35,ISRL329D,0101,Regev Ben-David,35,35,0,2026-09-25 11:49:41,2026-09-25 11:49:41.324
2026-09-25 11:32:35,ISRL329Y,0101,Marwa Maziad,30,30,0,2026-09-25 11:49:41,2026-09-25 11:49:41.736
2026-09-25 11:32:35,ISRL342,0101,Elli Lieberman,35,35,0,2026-09-25 11:49:42,2026-09-25 11:49:42.175
2026-09-25 11:32:35,ISRL349N,0101,Morad Elsana,30,30,0,2026-09-25 11:49:42,2026-09-25 11:49:42.635
2026-09-25 11:32:35,ISRL349W,0101,Avital Karpman,35,35,0,2026-09-25 11:49:43,2026-09-25 11:49:43.053
2026-09-25 11:32:35,ISRL380,0101,Regev Ben-David,35,35,0,2026-09-25 11:49:43,2026-09-25 11:49:43.447
2026-09-25 11:32:35,ISRL383,0101,Ilai Saltzman,35,35,0,2026-09-25 11:49:43,2026-09-25 11:49:43.900
2026-09-25 11:32:35,JAPN102,0101,Kumiko Akikawa,15,15,0,2026-09-25 11:49:48,2026-09-25 11:49:48.938
2026-09-25 11:32:35,JAPN102,0201,Kumiko Akikawa,15,15,0,2026-09-25 11:49:48,2026-09-25 11:49:48.938
2026-09-25 11:32:35,JAPN202,0101,Makiko Inoue,15,15,0,2026-09-25 11:49:49,2026-09-25 11:49:49.366
2026-09-25 11:32:35,JAPN202,0201,Makiko Inoue,15,15,0,2026-09-25 11:49:49,2026-09-25 11:49:49.366
2026-09-25 11:32:35,JAPN302,0101,Mari Hamada,15,15,0,2026-09-25 11:49:49,2026-09-25 11:49:49.776
2026-09-25 11:32:35,JAPN306,0101,Lindsay Yotsukura,15,15,0,2026-09-25 11:49:50,2026-09-25 11:49:50.216
2026-09-25 11:32:35,JAPN335,0101,Michele Mason,20,20,0,2026-09-25 11:49:50,2026-09-25 11:49:50.643
2026-09-25 11:32:35,JAPN355,0101,Jyana Browne,20,20,0,2026-09-25 11:49:51,2026-09-25 11:49:51.051
2026-09-25 11:32:35,JAPN361,0101,Instructor: TBA,20,20,0,2026-09-25 11:49:51,2026-09-25 11:49:51.456
2026-09-25 11:32:35,JAPN425,0101,Michele Mason,25,25,0,2026-09-25 11:49:52,2026-09-25 11:49:52.275
2026-09-25 11:32:35,JAPN457,0101,Lindsay Yotsukura,15,15,0,2026-09-25 11:49:52,2026-09-25 11:49:52.672
2026-09-25 11:32:35,JWST187,0101,Bernard Cooperman,23,23,0,2026-09-25 11:50:39,2026-09-25 11:50:39.705
2026-09-25 11:32:35,JWST187,0102,Bernard Cooperman,23,23,0,2026-09-25 11:50:39,2026-09-25 11:50:39.706
2026-09-25 11:32:35,JWST187,0103,Bernard Cooperman,23,23,0,2026-09-25 11:50:39,2026-09-25 11:50:39.706
2026-09-25 11:32:35,JWST233,0101,Hayim Lapin,45,45,0,2026-09-25 11:50:40,2026-09-25 11:50:40.107
2026-09-25 11:32:35,JWST319A,0101,Daniel Richter,35,35,0,2026-09-25 11:50:40,2026-09-25 11:50:40.506
2026-09-25 11:32:35,JWST319J,0101,Nathan Levine,35,35,0,2026-09-25 11:50:40,2026-09-25 11:50:40.929
2026-09-25 11:32:35,JWST319P,0101,Lauren Kotkin,18,18,0,2026-09-25 11:50:41,2026-09-25 11:50:41.320
2026-09-25 11:32:35,JWST319Q,0101,Regev Ben-David,35,35,0,2026-09-25 11:50:41,2026-09-25 11:50:41.722
2026-09-25 11:32:35,JWST319W,0101,Avital Karpman,35,35,0,2026-09-25 11:50:42,2026-09-25 11:50:42.687
2026-09-25 11:32:35,JWST324,0101,Matthew Suriano,25,25,0,2026-09-25 11:50:43,2026-09-25 11:50:43.087
2026-09-25 11:32:35,JWST386,0101,Instructor: TBA,5,5,0,2026-09-25 11:50:43,2026-09-25 11:50:43.505
2026-09-25 11:32:35,JWST419B,0101,Bernard Cooperman,20,20,0,2026-09-25 11:50:44,2026-09-25 11:50:44.325
2026-09-25 11:32:35,JWST427,0101,Matthew Suriano,15,15,0,2026-09-25 11:50:44,2026-09-25 11:50:44.941
2026-09-25 11:32:35,JWST469C,0101,Bernard Cooperman,10,10,0,2026-09-25 11:50:45,2026-09-25 11:50:45.377
2026-09-25 11:32:35,KORA101,0101,Seong Minne Koh,15,15,0,2026-09-25 11:51:24,2026-09-25 11:51:24.360
2026-09-25 11:32:35,KORA102,0101,Saerom Kwak,15,15,0,2026-09-25 11:51:24,2026-09-25 11:51:24.767
2026-09-25 11:32:35,KORA102,0201,Saerom Kwak,15,15,0,2026-09-25 11:51:24,2026-09-25 11:51:24.767
2026-09-25 11:32:35,KORA102,0301,Saerom Kwak,15,15,0,2026-09-25 11:51:24,2026-09-25 11:51:24.767
2026-09-25 11:32:35,KORA102,0401,Saerom Kwak,15,15,0,2026-09-25 11:51:24,2026-09-25 11:51:24.767
2026-09-25 11:32:35,KORA202,0101,Seong Minne Koh,15,15,0,2026-09-25 11:51:25,2026-09-25 11:51:25.167
2026-09-25 11:32:35,KORA202,0301,Seong Minne Koh,15,15,0,2026-09-25 11:51:25,2026-09-25 11:51:25.167
2026-09-25 11:32:35,KORA398O,0101,Instructor: TBA,10,10,0,2026-09-25 11:51:25,2026-09-25 11:51:25.572
2026-09-25 11:32:35,KORA398V,0101,Seong Minne Koh,10,10,0,2026-09-25 11:51:25,2026-09-25 11:51:25.978
2026-09-25 11:32:35,LEAD217,0101,Pamela Scott,25,25,0,2026-09-25 11:51:44,2026-09-25 11:51:44.656
2026-09-25 11:32:35,LEAD217,0201,Pamela Scott,25,25,0,2026-09-25 11:51:44,2026-09-25 11:51:44.656
2026-09-25 11:32:35,LEAD321,0101,Courtney Holder,10,10,0,2026-09-25 11:51:45,2026-09-25 11:51:45.080
2026-09-25 11:32:35,LEAD417,0101,Anastasia Lavrenyuk,20,20,0,2026-09-25 11:51:45,2026-09-25 11:51:45.509
2026-09-25 11:32:35,LGBT200,0101,Sayan Bhattacharya,25,25,0,2026-09-25 11:51:47,2026-09-25 11:51:47.289
2026-09-25 11:32:35,LGBT200,0102,Sayan Bhattacharya,25,25,0,2026-09-25 11:51:47,2026-09-25 11:51:47.289
2026-09-25 11:32:35,LGBT265,0201,Instructor: TBA,30,30,0,2026-09-25 11:51:47,2026-09-25 11:51:47.698
2026-09-25 11:32:35,LGBT310,0101,Sayan Bhattacharya,25,25,0,2026-09-25 11:51:48,2026-09-25 11:51:48.125
2026-09-25 11:32:35,LGBT475,0101,Sydney Lewis,20,20,0,2026-09-25 11:51:48,2026-09-25 11:51:48.538
2026-09-25 11:32:35,MLAW150,0101,David Gray,25,25,0,2026-09-25 11:52:33,2026-09-25 11:52:33.080
2026-09-25 11:32:35,MLAW150,0102,David Gray,25,25,0,2026-09-25 11:52:33,2026-09-25 11:52:33.080
2026-09-25 11:32:35,MLAW150,0103,David Gray,25,25,0,2026-09-25 11:52:33,2026-09-25 11:52:33.081
2026-09-25 11:32:35,MLAW304,0101,Christine White,40,40,0,2026-09-25 11:52:33,2026-09-25 11:52:33.478
2026-09-25 11:32:35,MLAW305,0201,Brian Gilmore,60,60,0,2026-09-25 11:52:33,2026-09-25 11:52:33.876
2026-09-25 11:32:35,MLAW325,0101,Grace Benton,12,12,0,2026-09-25 11:52:34,2026-09-25 11:52:34.289
2026-09-25 11:32:35,MLAW358W,0101,Michael Spivey,25,25,0,2026-09-25 11:52:34,2026-09-25 11:52:34.736
2026-09-25 11:32:35,MLAW358W,0102,Michael Spivey,25,25,0,2026-09-25 11:52:34,2026-09-25 11:52:34.736
2026-09-25 11:32:35,MLAW358W,0103,Michael Spivey,25,25,0,2026-09-25 11:52:34,2026-09-25 11:52:34.737
2026-09-25 11:32:35,MLAW358W,0104,Michael Spivey,25,25,0,2026-09-25 11:52:34,2026-09-25 11:52:34.737
2026-09-25 11:32:35,MLAW358W,0105,Michael Spivey,25,25,0,2026-09-25 11:52:34,2026-09-25 11:52:34.737
2026-09-25 11:32:35,MLAW358W,0106,Michael Spivey,25,25,0,2026-09-25 11:52:34,2026-09-25 11:52:34.737
2026-09-25 11:32:35,MLAW358Y,0101,Martin Kobren,5,5,0,2026-09-25 11:52:35,2026-09-25 11:52:35.130
2026-09-25 11:32:35,MLAW358Z,0101,Christine White,19,19,0,2026-09-25 11:52:35,2026-09-25 11:52:35.536
2026-09-25 11:32:35,MLAW359,0101,Brandee Pettus,8,8,0,2026-09-25 11:52:35,2026-09-25 11:52:35.949
2026-09-25 11:32:35,MLAW378E,0101,Brandee Pettus,5,5,0,2026-09-25 11:52:36,2026-09-25 11:52:36.385
2026-09-25 11:32:35,MLAW378F,0101,Brian Gilmore,15,15,0,2026-09-25 11:52:36,2026-09-25 11:52:36.792
2026-09-25 11:32:35,MLAW378J,0101,Natalie Ram,20,20,0,2026-09-25 11:52:37,2026-09-25 11:52:37.201
2026-09-25 11:32:35,MLAW378T,0101,Marley Weiss,20,20,0,2026-09-25 11:52:37,2026-09-25 11:52:37.601
2026-09-25 11:32:35,MLAW388,0101,Brandee Pettus,33,33,0,2026-09-25 11:52:38,2026-09-25 11:52:38.018
2026-09-25 11:32:35,MLAW388,0201,Brandee Pettus,6,6,0,2026-09-25 11:52:38,2026-09-25 11:52:38.019
2026-09-25 11:32:35,MLAW404,0101,Christine White,75,75,0,2026-09-25 11:52:38,2026-09-25 11:52:38.409
2026-09-25 11:32:35,NAVY101,0101,Beau Cisneros,30,30,0,2026-09-25 11:53:21,2026-09-25 11:53:21.166
2026-09-25 11:32:35,NAVY108,0101,Christopher Boehm,150,150,0,2026-09-25 11:53:21,2026-09-25 11:53:21.643
2026-09-25 11:32:35,NAVY201,0101,Austin Cranfill,30,30,0,2026-09-25 11:53:22,2026-09-25 11:53:22.053
2026-09-25 11:32:35,NAVY301,0101,Beau Cisneros,35,35,0,2026-09-25 11:53:22,2026-09-25 11:53:22.443
2026-09-25 11:32:35,NAVY401,0101,John Gonser,36,36,0,2026-09-25 11:53:22,2026-09-25 11:53:22.840
2026-09-25 11:32:35,NAVY402,0102,Jenna Weiner,25,25,0,2026-09-25 11:53:23,2026-09-25 11:53:23.263
2026-09-25 11:32:35,NEUR200,0101,Ana Navarro Cebrian,90,90,0,2026-09-25 11:53:25,2026-09-25 11:53:25.115
2026-09-25 11:32:35,NEUR200,0201,Ana Navarro Cebrian,90,90,0,2026-09-25 11:53:25,2026-09-25 11:53:25.115
2026-09-25 11:32:35,NEUR305,0101,Amanda Chicoli,90,90,0,2026-09-25 11:53:25,2026-09-25 11:53:25.518
2026-09-25 11:32:35,NEUR306,0101,Chan Lin,64,64,0,2026-09-25 11:53:25,2026-09-25 11:53:25.927
2026-09-25 11:32:35,NEUR306,0102,Melissa Caras,40,40,0,2026-09-25 11:53:25,2026-09-25 11:53:25.927
2026-09-25 11:32:35,NEUR338A,0101,Amanda Chicoli,20,20,0,2026-09-25 11:53:26,2026-09-25 11:53:26.721
2026-09-25 11:32:35,NEUR398H,0101,Nikolas Francis,20,20,0,2026-09-25 11:53:27,2026-09-25 11:53:27.915
2026-09-25 11:32:35,NEUR405,0101,Hilary Bierman,16,16,0,2026-09-25 11:53:28,2026-09-25 11:53:28.502
2026-09-25 11:32:35,NEUR405,0102,Hilary Bierman,16,16,0,2026-09-25 11:53:28,2026-09-25 11:53:28.502
2026-09-25 11:32:35,NEUR405,0103,Hilary Bierman,16,16,0,2026-09-25 11:53:28,2026-09-25 11:53:28.502
2026-09-25 11:32:35,NEUR405,0106,Hilary Bierman,16,16,0,2026-09-25 11:53:28,2026-09-25 11:53:28.502
2026-09-25 11:32:35,PEER318,0101,Christina Jay,15,15,0,2026-09-25 11:53:41,2026-09-25 11:53:41.443
2026-09-25 11:32:35,PEER319,0101,Grace Boudreau,15,15,0,2026-09-25 11:53:41,2026-09-25 11:53:41.853
2026-09-25 11:32:35,PEER322,0101,Aleia Gardner,15,15,0,2026-09-25 11:53:42,2026-09-25 11:53:42.250
2026-09-25 11:32:35,PHPE308A,0101,Rachel Singpurwalla,25,25,0,2026-09-25 11:53:55,2026-09-25 11:53:55.045
2026-09-25 11:32:35,PHPE308M,0101,Instructor: TBA,30,30,0,2026-09-25 11:53:55,2026-09-25 11:53:55.456
2026-09-25 11:32:35,PHPE308P,0101,Xinzhi Zhao,30,30,0,2026-09-25 11:53:55,2026-09-25 11:53:55.871
2026-09-25 11:32:35,PHPE308U,0101,Aner Tal,35,35,0,2026-09-25 11:53:56,2026-09-25 11:53:56.301
2026-09-25 11:32:35,PHPE400,0101,Instructor: TBA,30,30,0,2026-09-25 11:53:57,2026-09-25 11:53:57.112
2026-09-25 11:32:35,PHPE401,0101,Xinzhi Zhao,27,27,0,2026-09-25 11:53:57,2026-09-25 11:53:57.531
2026-09-25 11:32:35,PHPE401,0102,Xinzhi Zhao,27,27,0,2026-09-25 11:53:57,2026-09-25 11:53:57.531
2026-09-25 11:32:35,PHPE402,0101,Ben Fan,30,30,0,2026-09-25 11:53:57,2026-09-25 11:53:57.941
2026-09-25 11:32:35,PHPE408M,0101,Nicholas Laskowski,25,25,0,2026-09-25 11:53:58,2026-09-25 11:53:58.338
2026-09-25 11:32:35,PHPE408Z,0101,Avia Pasternak,30,30,0,2026-09-25 11:53:58,2026-09-25 11:53:58.736
2026-09-25 11:32:35,PHSC201,0101,Kayla Hoffman,30,30,0,2026-09-25 11:54:00,2026-09-25 11:54:00.653
2026-09-25 11:32:35,PHSC388F,0101,Jennifer German,30,30,0,2026-09-25 11:54:01,2026-09-25 11:54:01.063
2026-09-25 11:32:35,PHSC399,0101,Shannon Edward,30,30,0,2026-09-25 11:54:02,2026-09-25 11:54:02.050
2026-09-25 11:32:35,PHSC399,ESG1,Shannon Edward,20,20,0,2026-09-25 11:54:02,2026-09-25 11:54:02.050
2026-09-25 11:32:35,PHSC415,0101,Jessica O'Hara,36,36,0,2026-09-25 11:54:02,2026-09-25 11:54:02.551
2026-09-25 11:32:35,PHSC415,0102,Jessica O'Hara,36,36,0,2026-09-25 11:54:02,2026-09-25 11:54:02.552
2026-09-25 11:32:35,PHSC415,0103,Jessica O'Hara,36,36,0,2026-09-25 11:54:02,2026-09-25 11:54:02.552
2026-09-25 11:32:35,PHSC415,0104,Jessica O'Hara,36,36,0,2026-09-25 11:54:02,2026-09-25 11:54:02.552
2026-09-25 11:32:35,PHSC415,0105,Jessica O'Hara,36,36,0,2026-09-25 11:54:02,2026-09-25 11:54:02.552
2026-09-25 11:32:35,PHSC430,0101,Kendall Bustad,35,35,0,2026-09-25 11:54:03,2026-09-25 11:54:03.396
2026-09-25 11:32:35,PHSC430,ESG1,Kendall Bustad,8,8,0,2026-09-25 11:54:03,2026-09-25 11:54:03.396
2026-09-25 11:32:35,PHSC450,0101,Kendall Bustad,20,20,0,2026-09-25 11:54:03,2026-09-25 11:54:03.824
2026-09-25 11:32:35,PHSC450,0102,Kendall Bustad,20,20,0,2026-09-25 11:54:03,2026-09-25 11:54:03.824
2026-09-25 11:32:35,PHSC450,0103,Kendall Bustad,20,20,0,2026-09-25 11:54:03,2026-09-25 11:54:03.824
2026-09-25 11:32:35,PHSC450,0104,Kendall Bustad,20,20,0,2026-09-25 11:54:03,2026-09-25 11:54:03.824
2026-09-25 11:32:35,PHSC450,0105,Kendall Bustad,20,20,0,2026-09-25 11:54:03,2026-09-25 11:54:03.825
2026-09-25 11:32:35,PHSC450,0106,Kendall Bustad,20,20,0,2026-09-25 11:54:03,2026-09-25 11:54:03.825
2026-09-25 11:32:35,PHSC450,0107,Kendall Bustad,20,20,0,2026-09-25 11:54:03,2026-09-25 11:54:03.825
2026-09-25 11:32:35,PHSC450,ESG1,Kendall Bustad,35,35,0,2026-09-25 11:54:03,2026-09-25 11:54:03.825
2026-09-25 11:32:35,PHSC490,0101,Shannon Edward,30,30,0,2026-09-25 11:54:04,2026-09-25 11:54:04.257
2026-09-25 11:32:35,PHSC497,0101,Gretchen De Silva,20,20,0,2026-09-25 11:54:04,2026-09-25 11:54:04.716
2026-09-25 11:32:35,PHSC497,0201,Kendall Bustad,20,20,0,2026-09-25 11:54:04,2026-09-25 11:54:04.716
2026-09-25 11:32:35,PHSC497,0301,Gretchen De Silva,20,20,0,2026-09-25 11:54:04,2026-09-25 11:54:04.717
2026-09-25 11:32:35,PHSC497,0401,Aysha Jawed,20,20,0,2026-09-25 11:54:04,2026-09-25 11:54:04.717
2026-09-25 11:32:35,PHSC497,0501,Jennifer German,20,20,0,2026-09-25 11:54:04,2026-09-25 11:54:04.717
2026-09-25 11:32:35,PHSC497,0601,Carmen Booker,20,20,0,2026-09-25 11:54:04,2026-09-25 11:54:04.717
2026-09-25 11:32:35,PHSC497,0701,Lakeshia Watson,20,20,0,2026-09-25 11:54:04,2026-09-25 11:54:04.717
2026-09-25 11:32:35,PHSC497,0801,Lakeshia Watson,20,20,0,2026-09-25 11:54:04,2026-09-25 11:54:04.717
2026-09-25 11:32:35,PHSC497,0901,Darya Soltani,20,20,0,2026-09-25 11:54:04,2026-09-25 11:54:04.718
2026-09-25 11:32:35,PHSC497,1001,Brienna Anderson,20,20,0,2026-09-25 11:54:04,2026-09-25 11:54:04.718
2026-09-25 11:32:35,PHSC497,1101,Margaret Smith,20,20,0,2026-09-25 11:54:04,2026-09-25 11:54:04.718
2026-09-25 11:32:35,PHSC497,1201,Eric Silfen,20,20,0,2026-09-25 11:54:04,2026-09-25 11:54:04.718
2026-09-25 11:32:35,PHSC497,1301,Lakeshia Watson,20,20,0,2026-09-25 11:54:04,2026-09-25 11:54:04.718
2026-09-25 11:32:35,PHSC497,ESG1,Ann Truelove,20,20,0,2026-09-25 11:54:04,2026-09-25 11:54:04.719
2026-09-25 11:32:35,RDEV250,0101,Wayne Ricardo Curtis,75,75,0,2026-09-25 11:55:24,2026-09-25 11:55:24.131
2026-09-25 11:32:35,RDEV250,0102,Wayne Ricardo Curtis,75,75,0,2026-09-25 11:55:24,2026-09-25 11:55:24.132
2026-09-25 11:32:35,RDEV270,0101,John Park,30,30,0,2026-09-25 11:55:24,2026-09-25 11:55:24.535
2026-09-25 11:32:35,RDEV350,0101,Jesse Saginor,25,25,0,2026-09-25 11:55:24,2026-09-25 11:55:24.936
2026-09-25 11:32:35,RDEV350,0102,Instructor: TBA,30,30,0,2026-09-25 11:55:24,2026-09-25 11:55:24.936
2026-09-25 11:32:35,RDEV410,0101,Peter Goldsmith,30,30,0,2026-09-25 11:55:25,2026-09-25 11:55:25.342
2026-09-25 11:32:35,RDEV415,0101,Bilal Ali,20,20,0,2026-09-25 11:55:25,2026-09-25 11:55:25.737
2026-09-25 11:32:35,RDEV445,0101,Matthew O'Malley,15,15,0,2026-09-25 11:55:26,2026-09-25 11:55:26.236
2026-09-25 11:32:35,RDEV450,0101,Kathryn Corby,30,30,0,2026-09-25 11:55:26,2026-09-25 11:55:26.646
2026-09-25 11:32:35,RDEV450,0102,Thomas Dwyer,20,20,0,2026-09-25 11:55:26,2026-09-25 11:55:26.646
2026-09-25 11:32:35,RDEV450,0103,John Park,30,30,0,2026-09-25 11:55:26,2026-09-25 11:55:26.646
2026-09-25 11:32:35,RDEV478D,0101,Jesse Saginor,20,20,0,2026-09-25 11:55:27,2026-09-25 11:55:27.065
2026-09-25 11:32:35,RDEV600,0101,Jesse Saginor,10,10,0,2026-09-25 11:55:27,2026-09-25 11:55:27.504
2026-09-25 11:32:35,RDEV603,0101,Thomas Dwyer,18,18,0,2026-09-25 11:55:27,2026-09-25 11:55:27.909
2026-09-25 11:32:35,RDEV610,0101,David Warner,20,20,0,2026-09-25 11:55:28,2026-09-25 11:55:28.317
2026-09-25 11:32:35,RDEV615,0101,Bilal Ali,20,20,0,2026-09-25 11:55:28,2026-09-25 11:55:28.710
2026-09-25 11:32:35,RDEV630,0101,Mansur Abdul-Malik,30,30,0,2026-09-25 11:55:29,2026-09-25 11:55:29.131
2026-09-25 11:32:35,RDEV650,0101,Matthew O'Malley,25,25,0,2026-09-25 11:55:29,2026-09-25 11:55:29.564
2026-09-25 11:32:35,RDEV689F,0101,Zachary Marks,20,20,0,2026-09-25 11:55:29,2026-09-25 11:55:29.999
2026-09-25 11:32:35,RDEV689I,0101,Ronald McDonald,14,14,0,2026-09-25 11:55:30,2026-09-25 11:55:30.426
2026-09-25 11:32:35,RDEV689R,0101,Nick Egelanian,15,15,0,2026-09-25 11:55:30,2026-09-25 11:55:30.890
2026-09-25 11:32:35,RDEV689Y,0101,Instructor: TBA,12,12,0,2026-09-25 11:55:31,2026-09-25 11:55:31.334
2026-09-25 11:32:35,RDEV690,0101,Tanya Bansal,12,12,0,2026-09-25 11:55:31,2026-09-25 11:55:31.760
2026-09-25 11:32:35,RELS170,0101,Katherine Wasdin,21,21,0,2026-09-25 11:55:33,2026-09-25 11:55:33.545
2026-09-25 11:32:35,RELS170,0102,Katherine Wasdin,21,21,0,2026-09-25 11:55:33,2026-09-25 11:55:33.545
2026-09-25 11:32:35,RELS170,0103,Katherine Wasdin,21,21,0,2026-09-25 11:55:33,2026-09-25 11:55:33.546
2026-09-25 11:32:35,RELS170,0104,Katherine Wasdin,21,21,0,2026-09-25 11:55:33,2026-09-25 11:55:33.546
2026-09-25 11:32:35,RELS170,0105,Katherine Wasdin,21,21,0,2026-09-25 11:55:33,2026-09-25 11:55:33.546
2026-09-25 11:32:35,RELS170,0106,Katherine Wasdin,21,21,0,2026-09-25 11:55:33,2026-09-25 11:55:33.546
2026-09-25 11:32:35,RELS170,0107,Katherine Wasdin,21,21,0,2026-09-25 11:55:33,2026-09-25 11:55:33.546
2026-09-25 11:32:35,RELS170,0108,Katherine Wasdin,21,21,0,2026-09-25 11:55:33,2026-09-25 11:55:33.547
2026-09-25 11:32:35,RELS170,0109,Katherine Wasdin,21,21,0,2026-09-25 11:55:33,2026-09-25 11:55:33.547
2026-09-25 11:32:35,RELS264,0101,Jay Moses,30,30,0,2026-09-25 11:55:33,2026-09-25 11:55:33.970
2026-09-25 11:32:35,RELS271,0101,Instructor: TBA,40,40,0,2026-09-25 11:55:34,2026-09-25 11:55:34.365
2026-09-25 11:32:35,RELS319Q,0101,Regev Ben-David,35,35,0,2026-09-25 11:55:34,2026-09-25 11:55:34.774
2026-09-25 11:32:35,RELS342,0101,Stefano Villani,27,27,0,2026-09-25 11:55:35,2026-09-25 11:55:35.176
2026-09-25 11:32:35,RELS427,0101,Matthew Suriano,15,15,0,2026-09-25 11:55:35,2026-09-25 11:55:35.570
2026-09-25 11:32:35,RELS429M,0101,Antoine Borrut,27,27,0,2026-09-25 11:55:36,2026-09-25 11:55:36.259
2026-09-25 11:32:35,RUSS102,0101,Inna Hardman,15,15,0,2026-09-25 11:55:38,2026-09-25 11:55:38.185
2026-09-25 11:32:35,RUSS102,0201,Inna Hardman,15,15,0,2026-09-25 11:55:38,2026-09-25 11:55:38.186
2026-09-25 11:32:35,RUSS202,0101,Zhanna Gerus-Vernola,15,15,0,2026-09-25 11:55:38,2026-09-25 11:55:38.583
2026-09-25 11:32:35,RUSS302,0101,Izolda Savenkova,15,15,0,2026-09-25 11:55:39,2026-09-25 11:55:39.011
2026-09-25 11:32:35,RUSS398A,0101,Instructor: TBA,15,15,0,2026-09-25 11:55:39,2026-09-25 11:55:39.836
2026-09-25 11:32:35,RUSS398F,0101,Elizabeth Papazian,25,25,0,2026-09-25 11:55:40,2026-09-25 11:55:40.235
2026-09-25 11:32:35,RUSS406,0101,Izolda Savenkova,15,15,0,2026-09-25 11:55:41,2026-09-25 11:55:41.060
2026-09-25 11:32:35,RUSS412,0101,Inna Hardman,15,15,0,2026-09-25 11:55:41,2026-09-25 11:55:41.467
2026-09-25 11:32:35,SDSB123,0101,Srijeeta Mitra,26,26,0,2026-09-25 11:55:43,2026-09-25 11:55:43.656
2026-09-25 11:32:35,SDSB180,0101,Srijeeta Mitra,155,155,0,2026-09-25 11:55:44,2026-09-25 11:55:44.063
2026-09-25 11:32:35,SDSB233,0101,Richard Engstrom,28,28,0,2026-09-25 11:55:44,2026-09-25 11:55:44.469
2026-09-25 11:32:35,SDSB233,0102,Richard Engstrom,28,28,0,2026-09-25 11:55:44,2026-09-25 11:55:44.469
2026-09-25 11:32:35,SDSB326,0101,Jacob Coutts,40,40,0,2026-09-25 11:55:44,2026-09-25 11:55:44.877
2026-09-25 11:32:35,SDSB340,0101,Neil Lund,24,24,0,2026-09-25 11:55:45,2026-09-25 11:55:45.353
2026-09-25 11:32:35,SDSI414,0101,Instructor: TBA,40,40,0,2026-09-25 11:55:47,2026-09-25 11:55:47.104
2026-09-25 11:32:35,SDSI414,0102,Instructor: TBA,40,40,0,2026-09-25 11:55:47,2026-09-25 11:55:47.104
2026-09-25 11:32:35,SDSI414,0103,Instructor: TBA,40,40,0,2026-09-25 11:55:47,2026-09-25 11:55:47.104
2026-09-25 11:32:35,SDSI414,0201,Instructor: TBA,40,40,0,2026-09-25 11:55:47,2026-09-25 11:55:47.104
2026-09-25 11:32:35,SDSI414,0202,Instructor: TBA,40,40,0,2026-09-25 11:55:47,2026-09-25 11:55:47.104
2026-09-25 11:32:35,SDSI492,0101,Instructor: TBA,29,29,0,2026-09-25 11:55:47,2026-09-25 11:55:47.517
2026-09-25 11:32:35,SDSI492,0102,Instructor: TBA,25,25,0,2026-09-25 11:55:47,2026-09-25 11:55:47.518
2026-09-25 11:32:35,SDSI492,0103,Instructor: TBA,25,25,0,2026-09-25 11:55:47,2026-09-25 11:55:47.518
2026-09-25 11:32:35,SDSI492,0104,Instructor: TBA,20,20,0,2026-09-25 11:55:47,2026-09-25 11:55:47.518
2026-09-25 11:32:35,SDSI492,0105,Instructor: TBA,50,50,0,2026-09-25 11:55:47,2026-09-25 11:55:47.518
2026-09-25 11:32:35,SDSI492,0107,Instructor: TBA,25,25,0,2026-09-25 11:55:47,2026-09-25 11:55:47.518
2026-09-25 11:32:35,SDSI492,0108,Instructor: TBA,25,25,0,2026-09-25 11:55:47,2026-09-25 11:55:47.519
2026-09-25 11:32:35,SDSI492,0110,Instructor: TBA,25,25,0,2026-09-25 11:55:47,2026-09-25 11:55:47.519
2026-09-25 11:32:35,SDSI496,0101,Jacob Coutts,25,25,0,2026-09-25 11:55:47,2026-09-25 11:55:47.924
2026-09-25 11:32:35,SLLC286,0101,Andrew Schonebaum,60,60,0,2026-09-25 11:55:51,2026-09-25 11:55:51.593
2026-09-25 11:32:35,SLLC287,0101,Sean Pue,20,20,0,2026-09-25 11:55:52,2026-09-25 11:55:52.029
2026-09-25 11:32:35,SLLC305,0101,Nahal Akbari-Saneh,25,25,0,2026-09-25 11:55:52,2026-09-25 11:55:52.463
2026-09-25 11:32:35,SLLC309,0101,Ahmed Hanafy,10,10,0,2026-09-25 11:55:52,2026-09-25 11:55:52.919
2026-09-25 11:32:35,SLLC309,0102,Ahmed Hanafy,10,10,0,2026-09-25 11:55:52,2026-09-25 11:55:52.919
2026-09-25 11:32:35,SLLC309,0103,Ahmed Hanafy,10,10,0,2026-09-25 11:55:52,2026-09-25 11:55:52.920
2026-09-25 11:32:35,SLLC309,0104,Ahmed Hanafy,10,10,0,2026-09-25 11:55:52,2026-09-25 11:55:52.920
2026-09-25 11:32:35,SLLC309,0105,Ahmed Hanafy,10,10,0,2026-09-25 11:55:52,2026-09-25 11:55:52.920
2026-09-25 11:32:35,SLLC309,0106,Ahmed Hanafy,10,10,0,2026-09-25 11:55:52,2026-09-25 11:55:52.920
2026-09-25 11:32:35,SLLC309,0107,Ahmed Hanafy,10,10,0,2026-09-25 11:55:52,2026-09-25 11:55:52.920
2026-09-25 11:32:35,SLLC309,0108,Ahmed Hanafy,10,10,0,2026-09-25 11:55:52,2026-09-25 11:55:52.920
2026-09-25 11:32:35,SLLC309,0109,Ahmed Hanafy,10,10,0,2026-09-25 11:55:52,2026-09-25 11:55:52.921
2026-09-25 11:32:35,SLLC309,0110,Ahmed Hanafy,10,10,0,2026-09-25 11:55:52,2026-09-25 11:55:52.921
2026-09-25 11:32:35,SLLC309,0111,Ahmed Hanafy,10,10,0,2026-09-25 11:55:52,2026-09-25 11:55:52.921
2026-09-25 11:32:35,SLLC329,0101,Marilyn Matar,10,10,0,2026-09-25 11:55:53,2026-09-25 11:55:53.334
2026-09-25 11:32:35,SLLC329,0102,Marilyn Matar,10,10,0,2026-09-25 11:55:53,2026-09-25 11:55:53.335
2026-09-25 11:32:35,SLLC329,0103,Marilyn Matar,20,20,0,2026-09-25 11:55:53,2026-09-25 11:55:53.335
2026-09-25 11:32:35,SLLC329,0104,Marilyn Matar,10,10,0,2026-09-25 11:55:53,2026-09-25 11:55:53.335
2026-09-25 11:32:35,SLLC329,0105,Marilyn Matar,10,10,0,2026-09-25 11:55:53,2026-09-25 11:55:53.335
2026-09-25 11:32:35,SLLC329,0106,Marilyn Matar,10,10,0,2026-09-25 11:55:53,2026-09-25 11:55:53.335
2026-09-25 11:32:35,SLLC329,0107,Marilyn Matar,10,10,0,2026-09-25 11:55:53,2026-09-25 11:55:53.336
2026-09-25 11:32:35,SLLC329,0108,Marilyn Matar,10,10,0,2026-09-25 11:55:53,2026-09-25 11:55:53.336
2026-09-25 11:32:35,SLLC329,0109,Marilyn Matar,10,10,0,2026-09-25 11:55:53,2026-09-25 11:55:53.336
2026-09-25 11:32:35,SLLC329,0110,Marilyn Matar,20,20,0,2026-09-25 11:55:53,2026-09-25 11:55:53.336
2026-09-25 11:32:35,SMLP471,0101,Jennifer Hsin,60,60,0,2026-09-25 11:55:55,2026-09-25 11:55:55.060
2026-09-25 11:32:35,SMLP474,0101,Sara Herald,60,60,0,2026-09-25 11:55:55,2026-09-25 11:55:55.467
2026-09-25 11:32:35,SPHL100,0101,Shuling Wu,20,20,0,2026-09-25 11:56:27,2026-09-25 11:56:27.636
2026-09-25 11:32:35,SPHL100,0102,Shuling Wu,20,20,0,2026-09-25 11:56:27,2026-09-25 11:56:27.636
2026-09-25 11:32:35,SPHL100,0103,Shuling Wu,20,20,0,2026-09-25 11:56:27,2026-09-25 11:56:27.637
2026-09-25 11:32:35,SPHL100,0104,Shuling Wu,20,20,0,2026-09-25 11:56:27,2026-09-25 11:56:27.637
2026-09-25 11:32:35,SPHL100,0105,Shuling Wu,20,20,0,2026-09-25 11:56:27,2026-09-25 11:56:27.637
2026-09-25 11:32:35,SPHL100,0106,Shuling Wu,20,20,0,2026-09-25 11:56:27,2026-09-25 11:56:27.637
2026-09-25 11:32:35,SPHL100,0107,Shuling Wu,20,20,0,2026-09-25 11:56:27,2026-09-25 11:56:27.637
2026-09-25 11:32:35,SPHL100,0108,Shuling Wu,20,20,0,2026-09-25 11:56:27,2026-09-25 11:56:27.637
2026-09-25 11:32:35,SPHL100,0109,Shuling Wu,20,20,0,2026-09-25 11:56:27,2026-09-25 11:56:27.638
2026-09-25 11:32:35,SPHL100,0110,Shuling Wu,20,20,0,2026-09-25 11:56:27,2026-09-25 11:56:27.638
2026-09-25 11:32:35,SPHL100,0201,Shuling Wu,20,20,0,2026-09-25 11:56:27,2026-09-25 11:56:27.638
2026-09-25 11:32:35,SPHL100,0202,Shuling Wu,20,20,0,2026-09-25 11:56:27,2026-09-25 11:56:27.638
2026-09-25 11:32:35,SPHL100,0203,Shuling Wu,20,20,0,2026-09-25 11:56:27,2026-09-25 11:56:27.638
2026-09-25 11:32:35,SPHL100,0204,Shuling Wu,20,20,0,2026-09-25 11:56:27,2026-09-25 11:56:27.639
2026-09-25 11:32:35,SPHL100,0205,Shuling Wu,20,20,0,2026-09-25 11:56:27,2026-09-25 11:56:27.639
2026-09-25 11:32:35,SPHL100,0206,Shuling Wu,20,20,0,2026-09-25 11:56:27,2026-09-25 11:56:27.639
2026-09-25 11:32:35,SPHL100,0207,Shuling Wu,20,20,0,2026-09-25 11:56:27,2026-09-25 11:56:27.639
2026-09-25 11:32:35,SPHL100,0208,Shuling Wu,20,20,0,2026-09-25 11:56:27,2026-09-25 11:56:27.639
2026-09-25 11:32:35,SPHL246,0101,April Khaing,20,20,0,2026-09-25 11:56:28,2026-09-25 11:56:28.043
2026-09-25 11:32:35,SPHL276,0101,Dina Borzekowski,25,25,0,2026-09-25 11:56:28,2026-09-25 11:56:28.471
2026-09-25 11:32:35,SPHL321,0101,Sylvette La Touche-Howard,15,15,0,2026-09-25 11:56:28,2026-09-25 11:56:28.905
2026-09-25 11:32:35,SPHL333,0101,Cynthia Kershaw,75,75,0,2026-09-25 11:56:29,2026-09-25 11:56:29.304
2026-09-25 11:32:35,SPHL478,0101,Tracy Zeeger,10,10,0,2026-09-25 11:56:30,2026-09-25 11:56:30.092
2026-09-25 11:32:35,SPHL600,0101,Sylvette La Touche-Howard,8,8,0,2026-09-25 11:56:30,2026-09-25 11:56:30.565
2026-09-25 11:32:35,SPHL610,0101,Danielle Catona,22,22,0,2026-09-25 11:56:30,2026-09-25 11:56:31.010
2026-09-25 11:32:35,SPHL610,0102,Danielle Catona,22,22,0,2026-09-25 11:56:30,2026-09-25 11:56:31.010
2026-09-25 11:32:35,SPHL610,0103,Danielle Catona,22,22,0,2026-09-25 11:56:30,2026-09-25 11:56:31.010
2026-09-25 11:32:35,SPHL610,PLB1,Priscilla Novak,20,20,0,2026-09-25 11:56:30,2026-09-25 11:56:31.010
2026-09-25 11:32:35,SPHL610,PLH1,Priscilla Novak,28,28,0,2026-09-25 11:56:30,2026-09-25 11:56:31.010
2026-09-25 11:32:35,SPHL610,PLK1,Priscilla Novak,5,5,0,2026-09-25 11:56:30,2026-09-25 11:56:31.011
2026-09-25 11:32:35,SPHL611,0101,Danielle Catona,45,45,0,2026-09-25 11:56:31,2026-09-25 11:56:31.428
2026-09-25 11:32:35,SPHL611,0201,Danielle Catona,45,45,0,2026-09-25 11:56:31,2026-09-25 11:56:31.428
2026-09-25 11:32:35,SPHL611,PLB1,Evelyn King-Marshall,20,20,0,2026-09-25 11:56:31,2026-09-25 11:56:31.429
2026-09-25 11:32:35,SPHL611,PLH1,Evelyn King-Marshall,28,28,0,2026-09-25 11:56:31,2026-09-25 11:56:31.429
2026-09-25 11:32:35,SPHL611,PLK1,Evelyn King-Marshall,5,5,0,2026-09-25 11:56:31,2026-09-25 11:56:31.429
2026-09-25 11:32:35,SPHL612,0101,James Hagberg,15,15,0,2026-09-25 11:56:31,2026-09-25 11:56:31.826
2026-09-25 11:32:35,TLTC310,0101,Sarah Kistner,20,20,0,2026-09-25 11:57:10,2026-09-25 11:57:10.280
2026-09-25 11:32:35,TLTC333,0101,Mona Thompson,55,55,0,2026-09-25 11:57:10,2026-09-25 11:57:10.683
2026-09-25 11:32:35,TLTC333,0102,Mona Thompson,55,55,0,2026-09-25 11:57:10,2026-09-25 11:57:10.683
2026-09-25 11:32:35,TLTC333,0105,Mona Thompson,55,55,0,2026-09-25 11:57:10,2026-09-25 11:57:10.683
2026-09-25 11:32:35,URSP372,0101,Priscila Alves,20,20,0,2026-09-25 11:57:20,2026-09-25 11:57:20.340
2026-09-25 11:32:35,URSP600,0101,Kevin Nelson,25,25,0,2026-09-25 11:57:20,2026-09-25 11:57:20.740
2026-09-25 11:32:35,URSP603,0101,Dawn Jourdan,33,33,0,2026-09-25 11:57:21,2026-09-25 11:57:21.143
2026-09-25 11:32:35,URSP606,0101,Chengri Ding,15,15,0,2026-09-25 11:57:21,2026-09-25 11:57:21.556
2026-09-25 11:32:35,URSP631,0101,Hiroyuki Iseki,15,15,0,2026-09-25 11:57:21,2026-09-25 11:57:21.935
2026-09-25 11:32:35,URSP668B,0101,Eric Burnstein,20,20,0,2026-09-25 11:57:22,2026-09-25 11:57:22.339
2026-09-25 11:32:35,URSP673,0101,Riem ElZoghbi,25,25,0,2026-09-25 11:57:22,2026-09-25 11:57:22.747
2026-09-25 11:32:35,URSP688M,0101,Andrew Bernish,20,20,0,2026-09-25 11:57:23,2026-09-25 11:57:23.141
2026-09-25 11:32:35,URSP688P,0101,Sonja Ewing,15,15,0,2026-09-25 11:57:23,2026-09-25 11:57:23.774
2026-09-25 11:32:35,URSP688Y,0101,Chester Harvey,30,30,0,2026-09-25 11:57:24,2026-09-25 11:57:24.169
2026-09-25 11:32:35,URSP708,0101,Nicholas Finio,10,10,0,2026-09-25 11:57:24,2026-09-25 11:57:24.573
2026-09-25 11:32:35,URSP709,0101,Casey Dawkins,10,10,0,2026-09-25 11:57:24,2026-09-25 11:57:24.968
2026-09-25 11:32:35,URSP805,0101,Casey Dawkins,15,15,0,2026-09-25 11:57:26,2026-09-25 11:57:26.593
2026-09-25 11:32:35,USLT202,0101,Robert Chester,26,26,0,2026-09-25 11:57:29,2026-09-25 11:57:29.174
2026-09-25 11:32:35,USLT403,0101,Perla Guerrero,20,20,0,2026-09-25 11:57:29,2026-09-25 11:57:29.554
2026-09-25 11:32:35,USLT420,0101,Robert Chester,27,27,0,2026-09-25 11:57:29,2026-09-25 11:57:29.942
2026-09-25 11:32:35,USLT488,0101,Nancy Mirabal,30,30,0,2026-09-25 11:57:30,2026-09-25 11:57:30.358
2026-09-25 11:32:35,USLT498L,0101,Fernando Rios,12,12,0,2026-09-25 11:57:30,2026-09-25 11:57:30.763
2026-09-25 11:32:35,VIPS208,0102,Ken Kiger,10,10,0,2026-09-25 11:57:32,2026-09-25 11:57:32.541
2026-09-25 11:32:35,VIPS208,0103,Bryan Quinn,10,10,0,2026-09-25 11:57:32,2026-09-25 11:57:32.541
2026-09-25 11:32:35,VIPS208,0104,Ryan Sochol,10,10,0,2026-09-25 11:57:32,2026-09-25 11:57:32.541
2026-09-25 11:32:35,VIPS208,0105,Molly Carton,10,10,0,2026-09-25 11:57:32,2026-09-25 11:57:32.541
2026-09-25 11:32:35,VIPS208,0106,James Baeder,11,11,0,2026-09-25 11:57:32,2026-09-25 11:57:32.542
2026-09-25 11:32:35,VIPS208,0107,Catherine Spirito,10,10,0,2026-09-25 11:57:32,2026-09-25 11:57:32.542
2026-09-25 11:32:35,VIPS208,0108,Ronald Yaros,10,10,0,2026-09-25 11:57:32,2026-09-25 11:57:32.542
2026-09-25 11:32:35,VIPS208,0109,Carinna Ferguson,10,10,0,2026-09-25 11:57:32,2026-09-25 11:57:32.542
2026-09-25 11:32:35,VIPS208,0110,Tracy Riggins,10,10,0,2026-09-25 11:57:32,2026-09-25 11:57:32.542
2026-09-25 11:32:35,VIPS208,0111,Kevin Calabro,10,10,0,2026-09-25 11:57:32,2026-09-25 11:57:32.543
2026-09-25 11:32:35,VIPS208,0112,Raffaele Viglianti,10,10,0,2026-09-25 11:57:32,2026-09-25 11:57:32.543
2026-09-25 11:32:35,VIPS208,0113,Shabnam Jabeen,10,10,0,2026-09-25 11:57:32,2026-09-25 11:57:32.543
2026-09-25 11:32:35,VIPS208,0114,Ning Zeng,10,10,0,2026-09-25 11:57:32,2026-09-25 11:57:32.543
2026-09-25 11:32:35,VIPS208,0115,Veronica Kang,10,10,0,2026-09-25 11:57:32,2026-09-25 11:57:32.543
2026-09-25 11:32:35,VIPS208,0116,David Stewart,10,10,0,2026-09-25 11:57:32,2026-09-25 11:57:32.544
2026-09-25 11:32:35,VIPS208,0117,Meredith Epstein,10,10,0,2026-09-25 11:57:32,2026-09-25 11:57:32.544
2026-09-25 11:32:35,VIPS208,0118,Magaly Toro Ibaceta,10,10,0,2026-09-25 11:57:32,2026-09-25 11:57:32.544
2026-09-25 11:32:35,VIPS208,0120,Marisa Parham,10,10,0,2026-09-25 11:57:32,2026-09-25 11:57:32.544
2026-09-25 11:32:35,VIPS208,0121,Becky Epanchin-Niell,10,10,0,2026-09-25 11:57:32,2026-09-25 11:57:32.544
2026-09-25 11:32:35,VIPS208,0122,Timothy Reedy,10,10,0,2026-09-25 11:57:32,2026-09-25 11:57:32.544
2026-09-25 11:32:35,VIPS208,0123,Lingnan Lin,10,10,0,2026-09-25 11:57:32,2026-09-25 11:57:32.545
2026-09-25 11:32:35,VIPS208,0124,Jeffrey Moro,10,10,0,2026-09-25 11:57:32,2026-09-25 11:57:32.545
2026-09-25 11:32:35,VIPS208,0125,Peter Sunderland,10,10,0,2026-09-25 11:57:32,2026-09-25 11:57:32.545
2026-09-25 11:32:35,VIPS208,0126,Brienna Anderson,10,10,0,2026-09-25 11:57:32,2026-09-25 11:57:32.545
2026-09-25 11:32:35,VIPS308,0102,Ken Kiger,10,10,0,2026-09-25 11:57:32,2026-09-25 11:57:33.068
2026-09-25 11:32:35,VIPS308,0103,Bryan Quinn,13,13,0,2026-09-25 11:57:32,2026-09-25 11:57:33.069
2026-09-25 11:32:35,VIPS308,0104,Ryan Sochol,10,10,0,2026-09-25 11:57:32,2026-09-25 11:57:33.069
2026-09-25 11:32:35,VIPS308,0105,Molly Carton,10,10,0,2026-09-25 11:57:32,2026-09-25 11:57:33.069
2026-09-25 11:32:35,VIPS308,0106,James Baeder,10,10,0,2026-09-25 11:57:32,2026-09-25 11:57:33.069
2026-09-25 11:32:35,VIPS308,0107,Catherine Spirito,10,10,0,2026-09-25 11:57:32,2026-09-25 11:57:33.069
2026-09-25 11:32:35,VIPS308,0108,Ronald Yaros,10,10,0,2026-09-25 11:57:32,2026-09-25 11:57:33.070
2026-09-25 11:32:35,VIPS308,0109,Carinna Ferguson,10,10,0,2026-09-25 11:57:32,2026-09-25 11:57:33.070
2026-09-25 11:32:35,VIPS308,0110,Tracy Riggins,10,10,0,2026-09-25 11:57:32,2026-09-25 11:57:33.070
2026-09-25 11:32:35,VIPS308,0111,Kevin Calabro,10,10,0,2026-09-25 11:57:32,2026-09-25 11:57:33.070
2026-09-25 11:32:35,VIPS308,0112,Raffaele Viglianti,10,10,0,2026-09-25 11:57:32,2026-09-25 11:57:33.070
2026-09-25 11:32:35,VIPS308,0113,Shabnam Jabeen,10,10,0,2026-09-25 11:57:32,2026-09-25 11:57:33.071
2026-09-25 11:32:35,VIPS308,0114,Ning Zeng,10,10,0,2026-09-25 11:57:32,2026-09-25 11:57:33.071
2026-09-25 11:32:35,VIPS308,0115,Veronica Kang,10,10,0,2026-09-25 11:57:32,2026-09-25 11:57:33.071
2026-09-25 11:32:35,VIPS308,0116,David Stewart,10,10,0,2026-09-25 11:57:32,2026-09-25 11:57:33.071
2026-09-25 11:32:35,VIPS308,0117,Meredith Epstein,10,10,0,2026-09-25 11:57:32,2026-09-25 11:57:33.071
2026-09-25 11:32:35,VIPS308,0118,Magaly Toro Ibaceta,10,10,0,2026-09-25 11:57:32,2026-09-25 11:57:33.071
2026-09-25 11:32:35,VIPS308,0120,Marisa Parham,10,10,0,2026-09-25 11:57:32,2026-09-25 11:57:33.072
2026-09-25 11:32:35,VIPS308,0121,Becky Epanchin-Niell,10,10,0,2026-09-25 11:57:32,2026-09-25 11:57:33.072
2026-09-25 11:32:35,VIPS308,0122,Timothy Reedy,10,10,0,2026-09-25 11:57:32,2026-09-25 11:57:33.072
2026-09-25 11:32:35,VIPS308,0123,Lingnan Lin,10,10,0,2026-09-25 11:57:32,2026-09-25 11:57:33.072
2026-09-25 11:32:35,VIPS308,0124,Jeffrey Moro,10,10,0,2026-09-25 11:57:32,2026-09-25 11:57:33.072
2026-09-25 11:32:35,VIPS308,0125,Peter Sunderland,10,10,0,2026-09-25 11:57:32,2026-09-25 11:57:33.073
2026-09-25 11:32:35,VIPS308,0126,Brienna Anderson,10,10,0,2026-09-25 11:57:32,2026-09-25 11:57:33.073
2026-09-25 11:32:35,VIPS408,0102,Ken Kiger,10,10,0,2026-09-25 11:57:33,2026-09-25 11:57:33.523
2026-09-25 11:32:35,VIPS408,0103,Bryan Quinn,10,10,0,2026-09-25 11:57:33,2026-09-25 11:57:33.523
2026-09-25 11:32:35,VIPS408,0104,Ryan Sochol,10,10,0,2026-09-25 11:57:33,2026-09-25 11:57:33.524
2026-09-25 11:32:35,VIPS408,0105,Molly Carton,10,10,0,2026-09-25 11:57:33,2026-09-25 11:57:33.524
2026-09-25 11:32:35,VIPS408,0106,James Baeder,10,10,0,2026-09-25 11:57:33,2026-09-25 11:57:33.524
2026-09-25 11:32:35,VIPS408,0107,Catherine Spirito,10,10,0,2026-09-25 11:57:33,2026-09-25 11:57:33.524
2026-09-25 11:32:35,VIPS408,0108,Ronald Yaros,10,10,0,2026-09-25 11:57:33,2026-09-25 11:57:33.524
2026-09-25 11:32:35,VIPS408,0109,Carinna Ferguson,10,10,0,2026-09-25 11:57:33,2026-09-25 11:57:33.525
2026-09-25 11:32:35,VIPS408,0110,Tracy Riggins,10,10,0,2026-09-25 11:57:33,2026-09-25 11:57:33.525
2026-09-25 11:32:35,VIPS408,0111,Kevin Calabro,10,10,0,2026-09-25 11:57:33,2026-09-25 11:57:33.525
2026-09-25 11:32:35,VIPS408,0112,Raffaele Viglianti,10,10,0,2026-09-25 11:57:33,2026-09-25 11:57:33.525
2026-09-25 11:32:35,VIPS408,0113,Shabnam Jabeen,10,10,0,2026-09-25 11:57:33,2026-09-25 11:57:33.525
2026-09-25 11:32:35,VIPS408,0114,Ning Zeng,10,10,0,2026-09-25 11:57:33,2026-09-25 11:57:33.525
2026-09-25 11:32:35,VIPS408,0115,Veronica Kang,10,10,0,2026-09-25 11:57:33,2026-09-25 11:57:33.526
2026-09-25 11:32:35,VIPS408,0116,David Stewart,10,10,0,2026-09-25 11:57:33,2026-09-25 11:57:33.526
2026-09-25 11:32:35,VIPS408,0117,Meredith Epstein,10,10,0,2026-09-25 11:57:33,2026-09-25 11:57:33.526
2026-09-25 11:32:35,VIPS408,0118,Magaly Toro Ibaceta,10,10,0,2026-09-25 11:57:33,2026-09-25 11:57:33.526
2026-09-25 11:32:35,VIPS408,0120,Marisa Parham,10,10,0,2026-09-25 11:57:33,2026-09-25 11:57:33.526
2026-09-25 11:32:35,VIPS408,0121,Becky Epanchin-Niell,10,10,0,2026-09-25 11:57:33,2026-09-25 11:57:33.526
2026-09-25 11:32:35,VIPS408,0122,Timothy Reedy,10,10,0,2026-09-25 11:57:33,2026-09-25 11:57:33.527
2026-09-25 11:32:35,VIPS408,0123,Lingnan Lin,10,10,0,2026-09-25 11:57:33,2026-09-25 11:57:33.527
2026-09-25 11:32:35,VIPS408,0124,Jeffrey Moro,10,10,0,2026-09-25 11:57:33,2026-09-25 11:57:33.527
2026-09-25 11:32:35,VIPS408,0125,Peter Sunderland,10,10,0,2026-09-25 11:57:33,2026-09-25 11:57:33.527
2026-09-25 11:32:35,VIPS408,0126,Brienna Anderson,10,10,0,2026-09-25 11:57:33,2026-09-25 11:57:33.527
2026-09-25 11:32:35,WEID139N,0101,Denise Joseph,60,60,0,2026-09-25 11:57:37,2026-09-25 11:57:37.742
2026-09-25 11:32:35,WEID139T,0201,Taylor Togafau-Lewis,45,45,0,2026-09-25 11:57:38,2026-09-25 11:57:38.156
2026-09-25 11:32:35,WGSS105,0101,Jessica Mathiason,30,30,0,2026-09-25 11:57:40,2026-09-25 11:57:40.072
2026-09-25 11:32:35,WGSS105,0102,Jessica Mathiason,30,30,0,2026-09-25 11:57:40,2026-09-25 11:57:40.072
2026-09-25 11:32:35,WGSS105,0103,Jessica Mathiason,30,30,0,2026-09-25 11:57:40,2026-09-25 11:57:40.072
2026-09-25 11:32:35,WGSS105,0104,Jessica Mathiason,30,30,0,2026-09-25 11:57:40,2026-09-25 11:57:40.073
2026-09-25 11:32:35,WGSS115,0101,Alexis Lothian,25,25,0,2026-09-25 11:57:40,2026-09-25 11:57:40.488
2026-09-25 11:32:35,WGSS115,0102,Alexis Lothian,25,25,0,2026-09-25 11:57:40,2026-09-25 11:57:40.488
2026-09-25 11:32:35,WGSS201,0101,Sayan Bhattacharya,25,25,0,2026-09-25 11:57:40,2026-09-25 11:57:40.883
2026-09-25 11:32:35,WGSS201,0102,Sayan Bhattacharya,25,25,0,2026-09-25 11:57:40,2026-09-25 11:57:40.884
2026-09-25 11:32:35,WGSS205,0101,Shelbi Meissner,21,21,0,2026-09-25 11:57:41,2026-09-25 11:57:41.310
2026-09-25 11:32:35,WGSS205,0201,Shelbi Meissner,21,21,0,2026-09-25 11:57:41,2026-09-25 11:57:41.310
2026-09-25 11:32:35,WGSS230,0101,Daniel Richter,20,20,0,2026-09-25 11:57:41,2026-09-25 11:57:41.702
2026-09-25 11:32:35,WGSS250,0101,Lidia Garcia Berrelleza,25,25,0,2026-09-25 11:57:42,2026-09-25 11:57:42.115
2026-09-25 11:32:35,WGSS250,0201,Shameem Razack,25,25,0,2026-09-25 11:57:42,2026-09-25 11:57:42.115
2026-09-25 11:32:35,WGSS255,0101,Instructor: TBA,30,30,0,2026-09-25 11:57:42,2026-09-25 11:57:42.514
2026-09-25 11:32:35,WGSS265,0101,Ashley Newby,40,40,0,2026-09-25 11:57:42,2026-09-25 11:57:42.943
2026-09-25 11:32:35,WGSS275,0101,Instructor: TBA,30,30,0,2026-09-25 11:57:43,2026-09-25 11:57:43.369
2026-09-25 11:32:35,WGSS280,0101,Jessica Mathiason,52,52,0,2026-09-25 11:57:43,2026-09-25 11:57:43.774
2026-09-25 11:32:35,WGSS290,0101,Jessica Mathiason,30,30,0,2026-09-25 11:57:44,2026-09-25 11:57:44.181
2026-09-25 11:32:35,WGSS290,0201,Sydney Lewis,31,31,0,2026-09-25 11:57:44,2026-09-25 11:57:44.181
2026-09-25 11:32:35,WGSS298C,0101,Will Mosley,35,35,0,2026-09-25 11:57:44,2026-09-25 11:57:44.586
2026-09-25 11:32:35,WGSS298S,0101,Jordan Keesler,25,25,0,2026-09-25 11:57:45,2026-09-25 11:57:45.020
2026-09-25 11:32:35,WGSS302,0101,Will Mosley,25,25,0,2026-09-25 11:57:45,2026-09-25 11:57:45.455
2026-09-25 11:32:35,WGSS306,0101,Sydney Lewis,30,30,0,2026-09-25 11:57:45,2026-09-25 11:57:45.859
2026-09-25 11:32:35,WGSS310,0101,Sayan Bhattacharya,25,25,0,2026-09-25 11:57:46,2026-09-25 11:57:46.264
2026-09-25 11:32:35,WGSS319F,0101,Alexis Lothian,30,30,0,2026-09-25 11:57:46,2026-09-25 11:57:46.679
2026-09-25 11:32:35,WGSS379U,0101,John Drabinski,25,25,0,2026-09-25 11:57:47,2026-09-25 11:57:47.074
2026-09-25 11:32:35,WGSS422,0101,Jennifer Cho,18,18,0,2026-09-25 11:57:47,2026-09-25 11:57:47.477
2026-09-25 11:32:35,WGSS471,0101,Instructor: TBA,25,25,0,2026-09-25 11:57:47,2026-09-25 11:57:47.881
2026-09-25 11:32:35,WGSS471,0201,Instructor: TBA,45,45,0,2026-09-25 11:57:47,2026-09-25 11:57:47.881
2026-09-25 11:32:35,WGSS475,0101,Sydney Lewis,20,20,0,2026-09-25 11:57:48,2026-09-25 11:57:48.291
2026-09-25 11:32:35,WGSS487,0101,Eva Hageman,15,15,0,2026-09-25 11:57:48,2026-09-25 11:57:48.693
2026-09-25 11:32:35,WGSS487H,0101,Eva Hageman,5,5,0,2026-09-25 11:57:49,2026-09-25 11:57:49.099
2026-09-25 11:32:35,WGSS602,0101,Shelbi Meissner,12,12,0,2026-09-25 11:57:50,2026-09-25 11:57:50.736
2026-09-25 11:32:35,WGSS708,0101,Alexis Lothian,10,10,0,2026-09-25 11:57:51,2026-09-25 11:57:51.953
2026-09-25 11:32:35,XPER455,0101,TJ Rainsford,25,25,0,2026-09-25 11:57:54,2026-09-25 11:57:54.857
