Timestamp,Course,Section,Instructor,Total_Seats,Open_Seats,Waitlist,Fetch_Time,Actual_Log_Time
2026-10-09 05:36:45,AAAS100,0101,Shane Walsh,35,35,0,2026-10-09 05:36:47,2026-10-09 05:36:47.819
2026-10-09 05:36:45,AAAS100,0201,Shane Walsh,35,35,0,2026-10-09 05:36:47,2026-10-09 05:36:47.819
2026-10-09 05:36:45,AAAS100,0301,George Kintiba,30,30,0,2026-10-09 05:36:47,2026-10-09 05:36:47.819
2026-10-09 05:36:45,AAAS100,0401,Beka Guluma,35,35,0,2026-10-09 05:36:47,2026-10-09 05:36:47.819
2026-10-09 05:36:45,AAAS100,0501,Jason Nichols,33,33,0,2026-10-09 05:36:47,2026-10-09 05:36:47.819
2026-10-09 05:36:45,AAAS100,0601,Jason Nichols,35,35,0,2026-10-09 05:36:47,2026-10-09 05:36:47.819
2026-10-09 05:36:45,AAAS100H,0301,George Kintiba,5,5,0,2026-10-09 05:36:48,2026-10-09 05:36:48.359
2026-10-09 05:36:45,AAAS101,0101,Periloux Peay,40,40,0,2026-10-09 05:36:49,2026-10-09 05:36:49.016
2026-10-09 05:36:45,AAAS187,0101,Robert Choflet,30,30,0,2026-10-09 05:36:49,2026-10-09 05:36:49.567
2026-10-09 05:36:45,AAAS200,0101,George Kintiba,40,40,0,2026-10-09 05:36:50,2026-10-09 05:36:50.114
2026-10-09 05:36:45,AAAS202,0101,Robert Choflet,30,30,0,2026-10-09 05:36:50,2026-10-09 05:36:50.650
2026-10-09 05:36:45,AAAS202,0201,Angelica Dunbar,35,35,0,2026-10-09 05:36:50,2026-10-09 05:36:50.650
2026-10-09 05:36:45,AAAS202,0301,Angelica Dunbar,35,35,0,2026-10-09 05:36:50,2026-10-09 05:36:50.650
2026-10-09 05:36:45,AAAS202,0401,Robert Choflet,35,35,0,2026-10-09 05:36:50,2026-10-09 05:36:50.650
2026-10-09 05:36:45,AAAS202H,0101,Robert Choflet,5,5,0,2026-10-09 05:36:51,2026-10-09 05:36:51.003
2026-10-09 05:36:45,AAAS211,0101,Shane Walsh,120,120,0,2026-10-09 05:36:51,2026-10-09 05:36:51.359
2026-10-09 05:36:45,AAAS234,0101,Instructor: TBA,30,30,0,2026-10-09 05:36:51,2026-10-09 05:36:51.886
2026-10-09 05:36:45,AAAS255,0101,Leigh Soares,40,40,0,2026-10-09 05:36:52,2026-10-09 05:36:52.417
2026-10-09 05:36:45,AAAS265,0101,Ashley Newby,40,40,0,2026-10-09 05:36:52,2026-10-09 05:36:52.940
2026-10-09 05:36:45,AAAS320,0101,Cecily Jackson,25,25,0,2026-10-09 05:36:53,2026-10-09 05:36:53.495
2026-10-09 05:36:45,AAAS320,0201,Cecily Jackson,25,25,0,2026-10-09 05:36:53,2026-10-09 05:36:53.495
2026-10-09 05:36:45,AAAS386,0101,Marshal Washington,10,10,0,2026-10-09 05:36:53,2026-10-09 05:36:53.844
2026-10-09 05:36:45,AAAS398G,0101,Chinyere Osuji,20,20,0,2026-10-09 05:36:54,2026-10-09 05:36:54.209
2026-10-09 05:36:45,AAAS398U,0101,John Drabinski,25,25,0,2026-10-09 05:36:54,2026-10-09 05:36:54.569
2026-10-09 05:36:45,AAAS400,0101,George Kintiba,20,20,0,2026-10-09 05:36:55,2026-10-09 05:36:55.093
2026-10-09 05:36:45,AAAS400H,0101,George Kintiba,5,5,0,2026-10-09 05:36:55,2026-10-09 05:36:55.448
2026-10-09 05:36:45,AAAS490,0101,Paul Landau,18,18,0,2026-10-09 05:36:55,2026-10-09 05:36:55.815
2026-10-09 05:36:45,AAAS498X,0101,Terrill Taylor,36,36,0,2026-10-09 05:36:56,2026-10-09 05:36:56.176
2026-10-09 05:36:45,AAST200,0101,Jennifer Cho,34,34,0,2026-10-09 05:36:57,2026-10-09 05:36:57.905
2026-10-09 05:36:45,AAST201,0101,Madeline Hsu,40,40,0,2026-10-09 05:36:58,2026-10-09 05:36:58.261
2026-10-09 05:36:45,AAST250,0101,Jennifer Cho,30,30,0,2026-10-09 05:36:58,2026-10-09 05:36:58.613
2026-10-09 05:36:45,AAST262,0101,Derek Iwamoto,54,54,0,2026-10-09 05:36:58,2026-10-09 05:36:58.970
2026-10-09 05:36:45,AAST322,0101,Julie Park,30,30,0,2026-10-09 05:36:59,2026-10-09 05:36:59.318
2026-10-09 05:36:45,AAST350,0101,Binod Paudyal,25,25,0,2026-10-09 05:36:59,2026-10-09 05:36:59.894
2026-10-09 05:36:45,AAST351,0101,Binod Paudyal,34,34,0,2026-10-09 05:37:00,2026-10-09 05:37:00.280
2026-10-09 05:36:45,AAST363,0101,Gemirald Daus,35,35,0,2026-10-09 05:37:00,2026-10-09 05:37:00.635
2026-10-09 05:36:45,AAST378,0101,Janelle Wong,2,2,0,2026-10-09 05:37:00,2026-10-09 05:37:00.990
2026-10-09 05:36:45,AAST394,0101,Wenxi Yang,25,25,0,2026-10-09 05:37:01,2026-10-09 05:37:01.792
2026-10-09 05:36:45,AAST398A,0101,Michelle Magalong,20,20,0,2026-10-09 05:37:02,2026-10-09 05:37:02.179
2026-10-09 05:36:45,AAST398B,0101,Chris Eng,25,25,0,2026-10-09 05:37:02,2026-10-09 05:37:02.546
2026-10-09 05:36:45,AAST421,0101,Philip Nash,20,20,0,2026-10-09 05:37:02,2026-10-09 05:37:02.950
2026-10-09 05:36:45,AAST422,0101,Jennifer Cho,18,18,0,2026-10-09 05:37:03,2026-10-09 05:37:03.385
2026-10-09 05:36:45,AAST443,0101,Janelle Wong,27,27,0,2026-10-09 05:37:03,2026-10-09 05:37:03.739
2026-10-09 05:36:45,ABRM450,0101,Ashley Newby,10,10,0,2026-10-09 05:37:05,2026-10-09 05:37:05.383
2026-10-09 05:36:45,AGNR301,0101,Thomas Hilde,150,150,0,2026-10-09 05:37:07,2026-10-09 05:37:07.111
2026-10-09 05:36:45,AGNR388,0101,Instructor: TBA,20,20,0,2026-10-09 05:37:07,2026-10-09 05:37:07.661
2026-10-09 05:36:45,AIME498B,0101,Kevin McGarry,30,30,0,2026-10-09 05:37:12,2026-10-09 05:37:12.440
2026-10-09 05:36:45,ARAB101,0101,Samah Al-salami,15,15,0,2026-10-09 05:38:00,2026-10-09 05:38:00.530
2026-10-09 05:36:45,ARAB101,0201,Ahmed Hanafy,15,15,0,2026-10-09 05:38:00,2026-10-09 05:38:00.530
2026-10-09 05:36:45,ARAB102,0101,Samah Al-salami,15,15,0,2026-10-09 05:38:00,2026-10-09 05:38:00.889
2026-10-09 05:36:45,ARAB102,0201,Samah Al-salami,15,15,0,2026-10-09 05:38:00,2026-10-09 05:38:00.889
2026-10-09 05:36:45,ARAB201,0101,Lutf Alkebsi,15,15,0,2026-10-09 05:38:01,2026-10-09 05:38:01.292
2026-10-09 05:36:45,ARAB202,0101,Lutf Alkebsi,15,15,0,2026-10-09 05:38:01,2026-10-09 05:38:01.708
2026-10-09 05:36:45,ARAB202,0201,Lutf Alkebsi,15,15,0,2026-10-09 05:38:01,2026-10-09 05:38:01.708
2026-10-09 05:36:45,ARAB222,0101,Ahmed Hanafy,15,15,0,2026-10-09 05:38:02,2026-10-09 05:38:02.091
2026-10-09 05:36:45,ARAB250,0101,Anny Gaul,20,20,0,2026-10-09 05:38:02,2026-10-09 05:38:02.747
2026-10-09 05:36:45,ARAB302,0101,Ahmed Hanafy,15,15,0,2026-10-09 05:38:03,2026-10-09 05:38:03.110
2026-10-09 05:36:45,ARAB317,0101,Anny Gaul,15,15,0,2026-10-09 05:38:03,2026-10-09 05:38:03.469
2026-10-09 05:36:45,ARAB398W,0101,Lutf Alkebsi,15,15,0,2026-10-09 05:38:04,2026-10-09 05:38:04.175
2026-10-09 05:36:45,ARAB499X,0101,Samah Al-salami,15,15,0,2026-10-09 05:38:04,2026-10-09 05:38:04.906
2026-10-09 05:36:45,ARCH170,0101,Lindsey May,100,100,0,2026-10-09 05:38:06,2026-10-09 05:38:06.652
2026-10-09 05:36:45,ARCH200,0101,Michael Abrams,21,21,0,2026-10-09 05:38:07,2026-10-09 05:38:07.017
2026-10-09 05:36:45,ARCH200,0102,Michael Abrams,21,21,0,2026-10-09 05:38:07,2026-10-09 05:38:07.017
2026-10-09 05:36:45,ARCH200,0103,Michael Abrams,21,21,0,2026-10-09 05:38:07,2026-10-09 05:38:07.017
2026-10-09 05:36:45,ARCH200,0104,Michael Abrams,21,21,0,2026-10-09 05:38:07,2026-10-09 05:38:07.017
2026-10-09 05:36:45,ARCH200,0105,Michael Abrams,21,21,0,2026-10-09 05:38:07,2026-10-09 05:38:07.017
2026-10-09 05:36:45,ARCH200,0106,Michael Abrams,21,21,0,2026-10-09 05:38:07,2026-10-09 05:38:07.018
2026-10-09 05:36:45,ARCH225,0101,Joseph Williams,125,125,0,2026-10-09 05:38:07,2026-10-09 05:38:07.378
2026-10-09 05:36:45,ARCH271,0101,Wayne Ricardo Curtis,75,75,0,2026-10-09 05:38:07,2026-10-09 05:38:07.734
2026-10-09 05:36:45,ARCH271,0102,Wayne Ricardo Curtis,75,75,0,2026-10-09 05:38:07,2026-10-09 05:38:07.734
2026-10-09 05:36:45,ARCH386,0101,Kristen Stack,10,10,0,2026-10-09 05:38:08,2026-10-09 05:38:08.090
2026-10-09 05:36:45,ARCH400,0101,Kenneth Filler,75,75,0,2026-10-09 05:38:08,2026-10-09 05:38:08.439
2026-10-09 05:36:45,ARCH400,0201,Marcus Cross,60,60,0,2026-10-09 05:38:08,2026-10-09 05:38:08.439
2026-10-09 05:36:45,ARCH402,0101,Taejun James Kim,75,75,0,2026-10-09 05:38:08,2026-10-09 05:38:08.796
2026-10-09 05:36:45,ARCH405,0101,Brittany L Williams,14,14,0,2026-10-09 05:38:10,2026-10-09 05:38:10.365
2026-10-09 05:36:45,ARCH407,0101,Georgeanne Matthews,12,12,0,2026-10-09 05:38:10,2026-10-09 05:38:10.724
2026-10-09 05:36:45,ARCH408A,0101,Daniel Curry,5,5,0,2026-10-09 05:38:11,2026-10-09 05:38:11.082
2026-10-09 05:36:45,ARCH408C,0101,Edgar Alvarado,5,5,0,2026-10-09 05:38:11,2026-10-09 05:38:11.435
2026-10-09 05:36:45,ARCH418D,0101,Hooman Koliji,30,30,0,2026-10-09 05:38:11,2026-10-09 05:38:11.792
2026-10-09 05:36:45,ARCH418G,0101,Deokoh Woo,16,16,0,2026-10-09 05:38:12,2026-10-09 05:38:12.196
2026-10-09 05:36:45,ARCH418I,0101,Michael Kleiss,16,16,0,2026-10-09 05:38:13,2026-10-09 05:38:13.191
2026-10-09 05:36:45,ARCH420,0101,Caroline Hickman,30,30,0,2026-10-09 05:38:13,2026-10-09 05:38:13.542
2026-10-09 05:36:45,ARCH423,0101,Joseph Williams,30,30,0,2026-10-09 05:38:13,2026-10-09 05:38:13.898
2026-10-09 05:36:45,ARCH425,0101,Joseph Williams,10,10,0,2026-10-09 05:38:14,2026-10-09 05:38:14.254
2026-10-09 05:36:45,ARCH428F,0101,Matthew Bell,20,20,0,2026-10-09 05:38:14,2026-10-09 05:38:14.608
2026-10-09 05:36:45,ARCH428K,0101,Michele Lamprakos,26,26,0,2026-10-09 05:38:14,2026-10-09 05:38:14.963
2026-10-09 05:36:45,ARCH445,0101,Daniel Curry,15,15,0,2026-10-09 05:38:15,2026-10-09 05:38:15.321
2026-10-09 05:36:45,ARCH463,0101,Deokoh Woo,150,150,0,2026-10-09 05:38:15,2026-10-09 05:38:15.665
2026-10-09 05:36:45,ARCH465,0101,Michael Kleiss,80,80,0,2026-10-09 05:38:16,2026-10-09 05:38:16.011
2026-10-09 05:36:45,ARCH468I,0101,Hooman Koliji,26,26,0,2026-10-09 05:38:16,2026-10-09 05:38:16.359
2026-10-09 05:36:45,ARCH468P,0101,Hooman Koliji,26,26,0,2026-10-09 05:38:16,2026-10-09 05:38:16.716
2026-10-09 05:36:45,ARCH472,0101,Kiley Wilfong Cullen,24,24,0,2026-10-09 05:38:17,2026-10-09 05:38:17.070
2026-10-09 05:36:45,ARCH478L,0101,Michele Lamprakos,10,10,0,2026-10-09 05:38:17,2026-10-09 05:38:17.499
2026-10-09 05:36:45,ARCH478O,0101,Stefan Woehlke,20,20,0,2026-10-09 05:38:20,2026-10-09 05:38:20.615
2026-10-09 05:36:45,ARCH601,0101,Peter Noonan,20,20,0,2026-10-09 05:38:20,2026-10-09 05:38:20.969
2026-10-09 05:36:45,ARCH618G,0101,Deokoh Woo,4,4,0,2026-10-09 05:38:22,2026-10-09 05:38:22.178
2026-10-09 05:36:45,ARCH618I,0101,Michael Kleiss,4,4,0,2026-10-09 05:38:22,2026-10-09 05:38:22.532
2026-10-09 05:36:45,ARCH628K,0101,Michele Lamprakos,4,4,0,2026-10-09 05:38:22,2026-10-09 05:38:22.890
2026-10-09 05:36:45,ARCH635,0101,Matthew Bell,15,15,0,2026-10-09 05:38:23,2026-10-09 05:38:23.251
2026-10-09 05:36:45,ARCH645,0101,Daniel Curry,10,10,0,2026-10-09 05:38:23,2026-10-09 05:38:23.602
2026-10-09 05:36:45,ARCH654,0101,Anatole Tchikine,35,35,0,2026-10-09 05:38:23,2026-10-09 05:38:23.958
2026-10-09 05:36:45,ARCH658I,0101,Sonja Ewing,15,15,0,2026-10-09 05:38:24,2026-10-09 05:38:24.321
2026-10-09 05:36:45,ARCH668I,0101,Hooman Koliji,4,4,0,2026-10-09 05:38:24,2026-10-09 05:38:24.667
2026-10-09 05:36:45,ARCH668P,0101,Hooman Koliji,4,4,0,2026-10-09 05:38:25,2026-10-09 05:38:25.022
2026-10-09 05:36:45,ARCH678L,0101,Michele Lamprakos,10,10,0,2026-10-09 05:38:25,2026-10-09 05:38:25.373
2026-10-09 05:36:45,ARCH678O,0101,Stefan Woehlke,5,5,0,2026-10-09 05:38:25,2026-10-09 05:38:25.728
2026-10-09 05:36:45,ARCH797,0101,Hooman Koliji,15,15,0,2026-10-09 05:38:26,2026-10-09 05:38:26.087
2026-10-09 05:36:45,ARMY105,0101,Andrew Bischoff,60,60,0,2026-10-09 05:38:46,2026-10-09 05:38:46.062
2026-10-09 05:36:45,ARMY105,0102,Andrew Bischoff,60,60,0,2026-10-09 05:38:46,2026-10-09 05:38:46.062
2026-10-09 05:36:45,ARMY110,0101,Andrew Bischoff,40,40,0,2026-10-09 05:38:46,2026-10-09 05:38:46.421
2026-10-09 05:36:45,ARMY202,0102,Andrew Bischoff,60,60,0,2026-10-09 05:38:46,2026-10-09 05:38:46.777
2026-10-09 05:36:45,ARMY302,0101,Andrew Bischoff,40,40,0,2026-10-09 05:38:47,2026-10-09 05:38:47.134
2026-10-09 05:36:45,ARMY402,0101,Andrew Bischoff,30,30,0,2026-10-09 05:38:47,2026-10-09 05:38:47.501
2026-10-09 05:36:45,ARMY402,0102,Andrew Bischoff,100,100,0,2026-10-09 05:38:47,2026-10-09 05:38:47.501
2026-10-09 05:36:45,ARSC059,0101,Kathryn Love,250,250,0,2026-10-09 05:38:49,2026-10-09 05:38:49.132
2026-10-09 05:36:45,ARSC101,0101,Alan Snyder,50,50,0,2026-10-09 05:38:49,2026-10-09 05:38:49.493
2026-10-09 05:36:45,ARSC101,0102,Alan Snyder,65,65,0,2026-10-09 05:38:49,2026-10-09 05:38:49.493
2026-10-09 05:36:45,ARSC101,0103,Alan Snyder,40,40,0,2026-10-09 05:38:49,2026-10-09 05:38:49.493
2026-10-09 05:36:45,ARSC101,0104,Alan Snyder,10,10,0,2026-10-09 05:38:49,2026-10-09 05:38:49.494
2026-10-09 05:36:45,ARSC201,0101,Nathan Rabe,65,65,0,2026-10-09 05:38:49,2026-10-09 05:38:49.852
2026-10-09 05:36:45,ARSC201,0102,Kathleen West,40,40,0,2026-10-09 05:38:49,2026-10-09 05:38:49.852
2026-10-09 05:36:45,ARSC201,0103,Kathleen West,40,40,0,2026-10-09 05:38:49,2026-10-09 05:38:49.852
2026-10-09 05:36:45,ARSC301,0101,Kathryn Love,45,45,0,2026-10-09 05:38:50,2026-10-09 05:38:50.231
2026-10-09 05:36:45,ARSC301,0102,Kathryn Love,20,20,0,2026-10-09 05:38:50,2026-10-09 05:38:50.231
2026-10-09 05:36:45,ARSC401,0101,Joseph Herwatic,30,30,0,2026-10-09 05:38:50,2026-10-09 05:38:50.591
2026-10-09 05:36:45,ARSC401,0102,Joseph Herwatic,15,15,0,2026-10-09 05:38:50,2026-10-09 05:38:50.591
2026-10-09 05:36:45,BIOI605,PCS1,Vanessa Gonzalez,25,25,0,2026-10-09 05:39:51,2026-10-09 05:39:51.721
2026-10-09 05:36:45,BIOI606,PCS1,Instructor: TBA,25,25,0,2026-10-09 05:39:52,2026-10-09 05:39:52.072
2026-10-09 05:36:45,BIOI607,PCS1,Instructor: TBA,25,25,0,2026-10-09 05:39:52,2026-10-09 05:39:52.428
2026-10-09 05:36:45,BIOM301,0101,Christine Hakenkamp,28,28,0,2026-10-09 05:39:56,2026-10-09 05:39:56.584
2026-10-09 05:36:45,BIOM301,0102,Christine Hakenkamp,28,28,0,2026-10-09 05:39:56,2026-10-09 05:39:56.584
2026-10-09 05:36:45,BIOM301,0103,Christine Hakenkamp,28,28,0,2026-10-09 05:39:56,2026-10-09 05:39:56.584
2026-10-09 05:36:45,BIOM301,0104,Christine Hakenkamp,28,28,0,2026-10-09 05:39:56,2026-10-09 05:39:56.584
2026-10-09 05:36:45,BIOM301,0105,Christine Hakenkamp,28,28,0,2026-10-09 05:39:56,2026-10-09 05:39:56.585
2026-10-09 05:36:45,BIOM301,0106,Christine Hakenkamp,28,28,0,2026-10-09 05:39:56,2026-10-09 05:39:56.585
2026-10-09 05:36:45,BIOM301,0107,Christine Hakenkamp,28,28,0,2026-10-09 05:39:56,2026-10-09 05:39:56.585
2026-10-09 05:36:45,BIOM301,0201,Instructor: TBA,28,28,0,2026-10-09 05:39:56,2026-10-09 05:39:56.585
2026-10-09 05:36:45,BIOM602,0101,Jiuzhou Song,28,28,0,2026-10-09 05:39:56,2026-10-09 05:39:56.939
2026-10-09 05:36:45,BMIN210,0101,Darlene Dennison,162,162,0,2026-10-09 05:40:33,2026-10-09 05:40:33.524
2026-10-09 05:36:45,BMIN210,0201,Darlene Dennison,162,162,0,2026-10-09 05:40:33,2026-10-09 05:40:33.524
2026-10-09 05:36:45,BMIN305,0101,Tejwansh Anand,162,162,0,2026-10-09 05:40:33,2026-10-09 05:40:33.875
2026-10-09 05:36:45,BMIN345,0101,Michael Padhi,325,325,0,2026-10-09 05:40:34,2026-10-09 05:40:34.408
2026-10-09 05:36:45,BMIN355,0101,Idil Yaveroglu,162,162,0,2026-10-09 05:40:34,2026-10-09 05:40:34.766
2026-10-09 05:36:45,BMIN355,0201,Idil Yaveroglu,162,162,0,2026-10-09 05:40:34,2026-10-09 05:40:34.766
2026-10-09 05:36:45,BMIN375,0101,Leland Gardner,162,162,0,2026-10-09 05:40:35,2026-10-09 05:40:35.123
2026-10-09 05:36:45,BMIN395,0101,Nima Farshchi,162,162,0,2026-10-09 05:40:35,2026-10-09 05:40:35.479
2026-10-09 05:36:45,BMIN395,0201,Nima Farshchi,162,162,0,2026-10-09 05:40:35,2026-10-09 05:40:35.479
2026-10-09 05:36:45,BSCI103,1100,Tais Mattoso De Andrade Ribeiro,24,24,0,2026-10-09 05:40:43,2026-10-09 05:40:43.439
2026-10-09 05:36:45,BSCI103,1101,Tais Mattoso De Andrade Ribeiro,24,24,0,2026-10-09 05:40:43,2026-10-09 05:40:43.439
2026-10-09 05:36:45,BSCI103,1103,Tais Mattoso De Andrade Ribeiro,24,24,0,2026-10-09 05:40:43,2026-10-09 05:40:43.439
2026-10-09 05:36:45,BSCI103,1105,Tais Mattoso De Andrade Ribeiro,24,24,0,2026-10-09 05:40:43,2026-10-09 05:40:43.439
2026-10-09 05:36:45,BSCI103,1107,Tais Mattoso De Andrade Ribeiro,24,24,0,2026-10-09 05:40:43,2026-10-09 05:40:43.439
2026-10-09 05:36:45,BSCI103,1108,Tais Mattoso De Andrade Ribeiro,24,24,0,2026-10-09 05:40:43,2026-10-09 05:40:43.439
2026-10-09 05:36:45,BSCI103,1109,Tais Mattoso De Andrade Ribeiro,24,24,0,2026-10-09 05:40:43,2026-10-09 05:40:43.439
2026-10-09 05:36:45,BSCI103,1110,Tais Mattoso De Andrade Ribeiro,24,24,0,2026-10-09 05:40:43,2026-10-09 05:40:43.439
2026-10-09 05:36:45,BSCI103M,0101,Tais Mattoso De Andrade Ribeiro,24,24,0,2026-10-09 05:40:43,2026-10-09 05:40:43.796
2026-10-09 05:36:45,BSCI120,0101,Dennis vanEngelsdorp,21,21,0,2026-10-09 05:40:44,2026-10-09 05:40:44.231
2026-10-09 05:36:45,BSCI120,0102,Dennis vanEngelsdorp,21,21,0,2026-10-09 05:40:44,2026-10-09 05:40:44.232
2026-10-09 05:36:45,BSCI135,1101,Edgar Moctezuma,24,24,0,2026-10-09 05:40:44,2026-10-09 05:40:44.656
2026-10-09 05:36:45,BSCI135,1102,Edgar Moctezuma,24,24,0,2026-10-09 05:40:44,2026-10-09 05:40:44.656
2026-10-09 05:36:45,BSCI135,1103,Edgar Moctezuma,24,24,0,2026-10-09 05:40:44,2026-10-09 05:40:44.656
2026-10-09 05:36:45,BSCI135,1104,Edgar Moctezuma,24,24,0,2026-10-09 05:40:44,2026-10-09 05:40:44.656
2026-10-09 05:36:45,BSCI135,1105,Edgar Moctezuma,24,24,0,2026-10-09 05:40:44,2026-10-09 05:40:44.656
2026-10-09 05:36:45,BSCI160,6101,Leo Shapiro,104,104,0,2026-10-09 05:40:45,2026-10-09 05:40:45.011
2026-10-09 05:36:45,BSCI160,6301,Chloe Garfinkel,56,56,0,2026-10-09 05:40:45,2026-10-09 05:40:45.011
2026-10-09 05:36:45,BSCI160,6601,Vadim Karatayev,88,88,0,2026-10-09 05:40:45,2026-10-09 05:40:45.011
2026-10-09 05:36:45,BSCI160,SES1,Chloe Garfinkel,15,15,0,2026-10-09 05:40:45,2026-10-09 05:40:45.011
2026-10-09 05:36:45,BSCI170,0101,Cordelia Weiss,153,153,0,2026-10-09 05:40:45,2026-10-09 05:40:45.374
2026-10-09 05:36:45,BSCI170,0201,Nicholas Fletcher,153,153,0,2026-10-09 05:40:45,2026-10-09 05:40:45.374
2026-10-09 05:36:45,BSCI170,0301,Ricardo Araneda,152,152,0,2026-10-09 05:40:45,2026-10-09 05:40:45.374
2026-10-09 05:36:45,BSCI170,0401,Swarna Mohan,153,153,0,2026-10-09 05:40:45,2026-10-09 05:40:45.374
2026-10-09 05:36:45,BSCI170,0501,Ji Young Choi,120,120,0,2026-10-09 05:40:45,2026-10-09 05:40:45.374
2026-10-09 05:36:45,BSCI170,0701,Ji Young Choi,153,153,0,2026-10-09 05:40:45,2026-10-09 05:40:45.374
2026-10-09 05:36:45,BSCI170,SES1,James Sniezek,20,20,0,2026-10-09 05:40:45,2026-10-09 05:40:45.375
2026-10-09 05:36:45,BSCI180,8105,Hans Lemke,19,19,0,2026-10-09 05:40:45,2026-10-09 05:40:45.803
2026-10-09 05:36:45,BSCI180,8106,Hans Lemke,19,19,0,2026-10-09 05:40:45,2026-10-09 05:40:45.804
2026-10-09 05:36:45,BSCI180,8107,Hans Lemke,19,19,0,2026-10-09 05:40:45,2026-10-09 05:40:45.804
2026-10-09 05:36:45,BSCI180,8108,Hans Lemke,19,19,0,2026-10-09 05:40:45,2026-10-09 05:40:45.804
2026-10-09 05:36:45,BSCI180,8109,Hans Lemke,19,19,0,2026-10-09 05:40:45,2026-10-09 05:40:45.804
2026-10-09 05:36:45,BSCI180,8110,Hans Lemke,19,19,0,2026-10-09 05:40:45,2026-10-09 05:40:45.804
2026-10-09 05:36:45,BSCI180,8111,Hans Lemke,19,19,0,2026-10-09 05:40:45,2026-10-09 05:40:45.804
2026-10-09 05:36:45,BSCI180,8112,Hans Lemke,19,19,0,2026-10-09 05:40:45,2026-10-09 05:40:45.804
2026-10-09 05:36:45,BSCI180,8113,Hans Lemke,19,19,0,2026-10-09 05:40:45,2026-10-09 05:40:45.804
2026-10-09 05:36:45,BSCI180,8114,Hans Lemke,19,19,0,2026-10-09 05:40:45,2026-10-09 05:40:45.805
2026-10-09 05:36:45,BSCI180,8201,Hans Lemke,19,19,0,2026-10-09 05:40:45,2026-10-09 05:40:45.805
2026-10-09 05:36:45,BSCI180,8202,Hans Lemke,19,19,0,2026-10-09 05:40:45,2026-10-09 05:40:45.805
2026-10-09 05:36:45,BSCI180,8205,Hans Lemke,19,19,0,2026-10-09 05:40:45,2026-10-09 05:40:45.805
2026-10-09 05:36:45,BSCI180,8206,Hans Lemke,19,19,0,2026-10-09 05:40:45,2026-10-09 05:40:45.805
2026-10-09 05:36:45,BSCI180,8207,Hans Lemke,19,19,0,2026-10-09 05:40:45,2026-10-09 05:40:45.805
2026-10-09 05:36:45,BSCI180,8208,Hans Lemke,19,19,0,2026-10-09 05:40:45,2026-10-09 05:40:45.805
2026-10-09 05:36:45,BSCI180,8209,Hans Lemke,19,19,0,2026-10-09 05:40:45,2026-10-09 05:40:45.805
2026-10-09 05:36:45,BSCI180,8210,Hans Lemke,19,19,0,2026-10-09 05:40:45,2026-10-09 05:40:45.806
2026-10-09 05:36:45,BSCI180,8211,Hans Lemke,19,19,0,2026-10-09 05:40:45,2026-10-09 05:40:45.806
2026-10-09 05:36:45,BSCI180,8212,Hans Lemke,19,19,0,2026-10-09 05:40:45,2026-10-09 05:40:45.806
2026-10-09 05:36:45,BSCI180,8213,Hans Lemke,19,19,0,2026-10-09 05:40:45,2026-10-09 05:40:45.806
2026-10-09 05:36:45,BSCI180,8214,Hans Lemke,19,19,0,2026-10-09 05:40:45,2026-10-09 05:40:45.806
2026-10-09 05:36:45,BSCI180,8301,Hans Lemke,19,19,0,2026-10-09 05:40:45,2026-10-09 05:40:45.806
2026-10-09 05:36:45,BSCI180,8302,Hans Lemke,19,19,0,2026-10-09 05:40:45,2026-10-09 05:40:45.806
2026-10-09 05:36:45,BSCI180,8305,Hans Lemke,19,19,0,2026-10-09 05:40:45,2026-10-09 05:40:45.806
2026-10-09 05:36:45,BSCI180,8306,Hans Lemke,19,19,0,2026-10-09 05:40:45,2026-10-09 05:40:45.807
2026-10-09 05:36:45,BSCI180,8307,Hans Lemke,19,19,0,2026-10-09 05:40:45,2026-10-09 05:40:45.807
2026-10-09 05:36:45,BSCI180,8308,Hans Lemke,19,19,0,2026-10-09 05:40:45,2026-10-09 05:40:45.807
2026-10-09 05:36:45,BSCI180,8309,Hans Lemke,19,19,0,2026-10-09 05:40:45,2026-10-09 05:40:45.807
2026-10-09 05:36:45,BSCI180,8310,Hans Lemke,19,19,0,2026-10-09 05:40:45,2026-10-09 05:40:45.807
2026-10-09 05:36:45,BSCI180,8311,Hans Lemke,19,19,0,2026-10-09 05:40:45,2026-10-09 05:40:45.807
2026-10-09 05:36:45,BSCI180,8312,Hans Lemke,19,19,0,2026-10-09 05:40:45,2026-10-09 05:40:45.807
2026-10-09 05:36:45,BSCI180,8313,Hans Lemke,19,19,0,2026-10-09 05:40:45,2026-10-09 05:40:45.807
2026-10-09 05:36:45,BSCI180,8314,Hans Lemke,19,19,0,2026-10-09 05:40:45,2026-10-09 05:40:45.808
2026-10-09 05:36:45,BSCI180,8401,Hans Lemke,19,19,0,2026-10-09 05:40:45,2026-10-09 05:40:45.808
2026-10-09 05:36:45,BSCI180,8402,Hans Lemke,19,19,0,2026-10-09 05:40:45,2026-10-09 05:40:45.808
2026-10-09 05:36:45,BSCI180,8405,Hans Lemke,19,19,0,2026-10-09 05:40:45,2026-10-09 05:40:45.808
2026-10-09 05:36:45,BSCI180,8406,Hans Lemke,19,19,0,2026-10-09 05:40:45,2026-10-09 05:40:45.808
2026-10-09 05:36:45,BSCI180,8407,Hans Lemke,19,19,0,2026-10-09 05:40:45,2026-10-09 05:40:45.808
2026-10-09 05:36:45,BSCI180,8408,Hans Lemke,19,19,0,2026-10-09 05:40:45,2026-10-09 05:40:45.808
2026-10-09 05:36:45,BSCI180,8409,Hans Lemke,19,19,0,2026-10-09 05:40:45,2026-10-09 05:40:45.808
2026-10-09 05:36:45,BSCI180,8410,Hans Lemke,19,19,0,2026-10-09 05:40:45,2026-10-09 05:40:45.808
2026-10-09 05:36:45,BSCI180,8411,Hans Lemke,19,19,0,2026-10-09 05:40:45,2026-10-09 05:40:45.809
2026-10-09 05:36:45,BSCI180,8412,Hans Lemke,19,19,0,2026-10-09 05:40:45,2026-10-09 05:40:45.809
2026-10-09 05:36:45,BSCI180,8413,Hans Lemke,19,19,0,2026-10-09 05:40:45,2026-10-09 05:40:45.809
2026-10-09 05:36:45,BSCI180,8414,Hans Lemke,19,19,0,2026-10-09 05:40:45,2026-10-09 05:40:45.809
2026-10-09 05:36:45,BSCI180,SES1,Hans Lemke,19,19,0,2026-10-09 05:40:45,2026-10-09 05:40:45.809
2026-10-09 05:36:45,BSCI201,0101,Caitlin Fox,24,24,0,2026-10-09 05:40:46,2026-10-09 05:40:46.194
2026-10-09 05:36:45,BSCI201,0103,Caitlin Fox,24,24,0,2026-10-09 05:40:46,2026-10-09 05:40:46.194
2026-10-09 05:36:45,BSCI201,0105,Caitlin Fox,24,24,0,2026-10-09 05:40:46,2026-10-09 05:40:46.195
2026-10-09 05:36:45,BSCI201,0106,Caitlin Fox,24,24,0,2026-10-09 05:40:46,2026-10-09 05:40:46.195
2026-10-09 05:36:45,BSCI201,0107,Caitlin Fox,24,24,0,2026-10-09 05:40:46,2026-10-09 05:40:46.195
2026-10-09 05:36:45,BSCI201,0109,Caitlin Fox,24,24,0,2026-10-09 05:40:46,2026-10-09 05:40:46.195
2026-10-09 05:36:45,BSCI201,0110,Caitlin Fox,24,24,0,2026-10-09 05:40:46,2026-10-09 05:40:46.195
2026-10-09 05:36:45,BSCI201,0111,Caitlin Fox,24,24,0,2026-10-09 05:40:46,2026-10-09 05:40:46.195
2026-10-09 05:36:45,BSCI201,1101,Justicia Opoku-Edusei,24,24,0,2026-10-09 05:40:46,2026-10-09 05:40:46.195
2026-10-09 05:36:45,BSCI201,1103,Justicia Opoku-Edusei,24,24,0,2026-10-09 05:40:46,2026-10-09 05:40:46.195
2026-10-09 05:36:45,BSCI201,1104,Justicia Opoku-Edusei,24,24,0,2026-10-09 05:40:46,2026-10-09 05:40:46.196
2026-10-09 05:36:45,BSCI201,1105,Justicia Opoku-Edusei,24,24,0,2026-10-09 05:40:46,2026-10-09 05:40:46.196
2026-10-09 05:36:45,BSCI201,1106,Justicia Opoku-Edusei,24,24,0,2026-10-09 05:40:46,2026-10-09 05:40:46.196
2026-10-09 05:36:45,BSCI201,1108,Justicia Opoku-Edusei,24,24,0,2026-10-09 05:40:46,2026-10-09 05:40:46.196
2026-10-09 05:36:45,BSCI201,1109,Justicia Opoku-Edusei,24,24,0,2026-10-09 05:40:46,2026-10-09 05:40:46.196
2026-10-09 05:36:45,BSCI201,1110,Justicia Opoku-Edusei,24,24,0,2026-10-09 05:40:46,2026-10-09 05:40:46.196
2026-10-09 05:36:45,BSCI202,0101,Caitlin Fox,24,24,0,2026-10-09 05:40:46,2026-10-09 05:40:46.611
2026-10-09 05:36:45,BSCI202,0102,Caitlin Fox,24,24,0,2026-10-09 05:40:46,2026-10-09 05:40:46.611
2026-10-09 05:36:45,BSCI202,0104,Caitlin Fox,24,24,0,2026-10-09 05:40:46,2026-10-09 05:40:46.611
2026-10-09 05:36:45,BSCI202,0108,Caitlin Fox,24,24,0,2026-10-09 05:40:46,2026-10-09 05:40:46.611
2026-10-09 05:36:45,BSCI202,0109,Caitlin Fox,24,24,0,2026-10-09 05:40:46,2026-10-09 05:40:46.612
2026-10-09 05:36:45,BSCI202,0110,Caitlin Fox,24,24,0,2026-10-09 05:40:46,2026-10-09 05:40:46.612
2026-10-09 05:36:45,BSCI202,1101,Justicia Opoku-Edusei,24,24,0,2026-10-09 05:40:46,2026-10-09 05:40:46.612
2026-10-09 05:36:45,BSCI202,1103,Justicia Opoku-Edusei,24,24,0,2026-10-09 05:40:46,2026-10-09 05:40:46.612
2026-10-09 05:36:45,BSCI202,1104,Justicia Opoku-Edusei,24,24,0,2026-10-09 05:40:46,2026-10-09 05:40:46.612
2026-10-09 05:36:45,BSCI202,1106,Justicia Opoku-Edusei,24,24,0,2026-10-09 05:40:46,2026-10-09 05:40:46.612
2026-10-09 05:36:45,BSCI202,1107,Justicia Opoku-Edusei,24,24,0,2026-10-09 05:40:46,2026-10-09 05:40:46.612
2026-10-09 05:36:45,BSCI202,1108,Justicia Opoku-Edusei,24,24,0,2026-10-09 05:40:46,2026-10-09 05:40:46.612
2026-10-09 05:36:45,BSCI202,SES1,Edward Orlando,20,20,0,2026-10-09 05:40:46,2026-10-09 05:40:46.613
2026-10-09 05:36:45,BSCI207,0101,Karen Carleton,80,80,0,2026-10-09 05:40:46,2026-10-09 05:40:46.973
2026-10-09 05:36:45,BSCI207,0201,Chloe Garfinkel,80,80,0,2026-10-09 05:40:46,2026-10-09 05:40:46.973
2026-10-09 05:36:45,BSCI213,0101,Cordelia Weiss,20,20,0,2026-10-09 05:40:47,2026-10-09 05:40:47.331
2026-10-09 05:36:45,BSCI213,0102,Cordelia Weiss,20,20,0,2026-10-09 05:40:47,2026-10-09 05:40:47.332
2026-10-09 05:36:45,BSCI222,7106,Thomas Kocher,18,18,0,2026-10-09 05:40:47,2026-10-09 05:40:47.746
2026-10-09 05:36:45,BSCI222,7108,Thomas Kocher,18,18,0,2026-10-09 05:40:47,2026-10-09 05:40:47.747
2026-10-09 05:36:45,BSCI222,7110,Thomas Kocher,18,18,0,2026-10-09 05:40:47,2026-10-09 05:40:47.747
2026-10-09 05:36:45,BSCI222,7112,Thomas Kocher,18,18,0,2026-10-09 05:40:47,2026-10-09 05:40:47.747
2026-10-09 05:36:45,BSCI222,7114,Thomas Kocher,18,18,0,2026-10-09 05:40:47,2026-10-09 05:40:47.747
2026-10-09 05:36:45,BSCI222,7116,Thomas Kocher,18,18,0,2026-10-09 05:40:47,2026-10-09 05:40:47.747
2026-10-09 05:36:45,BSCI222,7118,Thomas Kocher,18,18,0,2026-10-09 05:40:47,2026-10-09 05:40:47.747
2026-10-09 05:36:45,BSCI222,7120,Thomas Kocher,18,18,0,2026-10-09 05:40:47,2026-10-09 05:40:47.747
2026-10-09 05:36:45,BSCI222,7130,Thomas Kocher,18,18,0,2026-10-09 05:40:47,2026-10-09 05:40:47.747
2026-10-09 05:36:45,BSCI222,7133,Thomas Kocher,18,18,0,2026-10-09 05:40:47,2026-10-09 05:40:47.748
2026-10-09 05:36:45,BSCI222,7214,Michael Keller,18,18,0,2026-10-09 05:40:47,2026-10-09 05:40:47.748
2026-10-09 05:36:45,BSCI222,7216,Michael Keller,18,18,0,2026-10-09 05:40:47,2026-10-09 05:40:47.748
2026-10-09 05:36:45,BSCI222,7218,Michael Keller,18,18,0,2026-10-09 05:40:47,2026-10-09 05:40:47.748
2026-10-09 05:36:45,BSCI222,7219,Michael Keller,18,18,0,2026-10-09 05:40:47,2026-10-09 05:40:47.748
2026-10-09 05:36:45,BSCI222,7220,Michael Keller,18,18,0,2026-10-09 05:40:47,2026-10-09 05:40:47.748
2026-10-09 05:36:45,BSCI222,7221,Michael Keller,18,18,0,2026-10-09 05:40:47,2026-10-09 05:40:47.748
2026-10-09 05:36:45,BSCI222,7222,Michael Keller,18,18,0,2026-10-09 05:40:47,2026-10-09 05:40:47.748
2026-10-09 05:36:45,BSCI222,7224,Michael Keller,18,18,0,2026-10-09 05:40:47,2026-10-09 05:40:47.749
2026-10-09 05:36:45,BSCI222,7226,Michael Keller,18,18,0,2026-10-09 05:40:47,2026-10-09 05:40:47.749
2026-10-09 05:36:45,BSCI222,7232,Michael Keller,18,18,0,2026-10-09 05:40:47,2026-10-09 05:40:47.749
2026-10-09 05:36:45,BSCI222,7234,Michael Keller,18,18,0,2026-10-09 05:40:47,2026-10-09 05:40:47.749
2026-10-09 05:36:45,BSCI222,7236,Michael Keller,18,18,0,2026-10-09 05:40:47,2026-10-09 05:40:47.749
2026-10-09 05:36:45,BSCI222,7310,Maria Colt,18,18,0,2026-10-09 05:40:47,2026-10-09 05:40:47.749
2026-10-09 05:36:45,BSCI222,7311,Maria Colt,18,18,0,2026-10-09 05:40:47,2026-10-09 05:40:47.749
2026-10-09 05:36:45,BSCI222,7312,Maria Colt,18,18,0,2026-10-09 05:40:47,2026-10-09 05:40:47.749
2026-10-09 05:36:45,BSCI222,7313,Maria Colt,18,18,0,2026-10-09 05:40:47,2026-10-09 05:40:47.749
2026-10-09 05:36:45,BSCI222,7315,Maria Colt,18,18,0,2026-10-09 05:40:47,2026-10-09 05:40:47.750
2026-10-09 05:36:45,BSCI222,7320,Maria Colt,18,18,0,2026-10-09 05:40:47,2026-10-09 05:40:47.750
2026-10-09 05:36:45,BSCI222,7325,Maria Colt,18,18,0,2026-10-09 05:40:47,2026-10-09 05:40:47.750
2026-10-09 05:36:45,BSCI222,7330,Maria Colt,18,18,0,2026-10-09 05:40:47,2026-10-09 05:40:47.750
2026-10-09 05:36:45,BSCI222,7332,Maria Colt,18,18,0,2026-10-09 05:40:47,2026-10-09 05:40:47.750
2026-10-09 05:36:45,BSCI222,7335,Maria Colt,18,18,0,2026-10-09 05:40:47,2026-10-09 05:40:47.750
2026-10-09 05:36:45,BSCI222,SES1,Maria Colt,23,23,0,2026-10-09 05:40:47,2026-10-09 05:40:47.750
2026-10-09 05:36:45,BSCI223,1021,John Buchner,16,16,0,2026-10-09 05:40:48,2026-10-09 05:40:48.143
2026-10-09 05:36:45,BSCI223,1025,John Buchner,16,16,0,2026-10-09 05:40:48,2026-10-09 05:40:48.143
2026-10-09 05:36:45,BSCI223,1026,John Buchner,16,16,0,2026-10-09 05:40:48,2026-10-09 05:40:48.143
2026-10-09 05:36:45,BSCI223,1101,John Buchner,16,16,0,2026-10-09 05:40:48,2026-10-09 05:40:48.143
2026-10-09 05:36:45,BSCI223,1105,John Buchner,16,16,0,2026-10-09 05:40:48,2026-10-09 05:40:48.143
2026-10-09 05:36:45,BSCI223,1106,John Buchner,16,16,0,2026-10-09 05:40:48,2026-10-09 05:40:48.143
2026-10-09 05:36:45,BSCI223,1121,John Buchner,16,16,0,2026-10-09 05:40:48,2026-10-09 05:40:48.143
2026-10-09 05:36:45,BSCI223,1125,John Buchner,16,16,0,2026-10-09 05:40:48,2026-10-09 05:40:48.144
2026-10-09 05:36:45,BSCI223,1126,John Buchner,16,16,0,2026-10-09 05:40:48,2026-10-09 05:40:48.144
2026-10-09 05:36:45,BSCI223,1201,John Buchner,16,16,0,2026-10-09 05:40:48,2026-10-09 05:40:48.144
2026-10-09 05:36:45,BSCI223,1206,John Buchner,16,16,0,2026-10-09 05:40:48,2026-10-09 05:40:48.144
2026-10-09 05:36:45,BSCI223,1221,John Buchner,16,16,0,2026-10-09 05:40:48,2026-10-09 05:40:48.144
2026-10-09 05:36:45,BSCI223,1225,John Buchner,16,16,0,2026-10-09 05:40:48,2026-10-09 05:40:48.144
2026-10-09 05:36:45,BSCI223,1226,John Buchner,16,16,0,2026-10-09 05:40:48,2026-10-09 05:40:48.144
2026-10-09 05:36:45,BSCI223,1301,John Buchner,16,16,0,2026-10-09 05:40:48,2026-10-09 05:40:48.144
2026-10-09 05:36:45,BSCI223,1306,John Buchner,16,16,0,2026-10-09 05:40:48,2026-10-09 05:40:48.144
2026-10-09 05:36:45,BSCI223,2401,John Buchner,16,16,0,2026-10-09 05:40:48,2026-10-09 05:40:48.145
2026-10-09 05:36:45,BSCI223,2406,John Buchner,16,16,0,2026-10-09 05:40:48,2026-10-09 05:40:48.145
2026-10-09 05:36:45,BSCI223,SES1,Cherisse Hall,20,20,0,2026-10-09 05:40:48,2026-10-09 05:40:48.145
2026-10-09 05:36:45,BSCI238I,0101,Aditri Gadigi,30,30,0,2026-10-09 05:40:48,2026-10-09 05:40:48.499
2026-10-09 05:36:45,BSCI258A,0101,Erin Thomson,10,10,0,2026-10-09 05:40:48,2026-10-09 05:40:48.863
2026-10-09 05:36:45,BSCI258B,0101,Erin Thomson,80,80,0,2026-10-09 05:40:49,2026-10-09 05:40:49.221
2026-10-09 05:36:45,BSCI279B,0101,Katerina Thompson,32,32,0,2026-10-09 05:40:49,2026-10-09 05:40:49.961
2026-10-09 05:36:45,BSCI279B,0102,Katerina Thompson,32,32,0,2026-10-09 05:40:49,2026-10-09 05:40:49.961
2026-10-09 05:36:45,BSCI279Q,0101,Daniel Butts,10,10,0,2026-10-09 05:40:50,2026-10-09 05:40:50.677
2026-10-09 05:36:45,BSCI283,1205,Daniel Stein,20,20,0,2026-10-09 05:40:51,2026-10-09 05:40:51.731
2026-10-09 05:36:45,BSCI283,1305,Daniel Stein,20,20,0,2026-10-09 05:40:51,2026-10-09 05:40:51.731
2026-10-09 05:36:45,BSCI329,1016,Hilary Bierman,5,5,0,2026-10-09 05:40:52,2026-10-09 05:40:52.094
2026-10-09 05:36:45,BSCI329,1028,Daniel Butts,10,10,0,2026-10-09 05:40:52,2026-10-09 05:40:52.094
2026-10-09 05:36:45,BSCI329,1033,Chan Lin,10,10,0,2026-10-09 05:40:52,2026-10-09 05:40:52.094
2026-10-09 05:36:45,BSCI329,1250,Justicia Opoku-Edusei,20,20,0,2026-10-09 05:40:52,2026-10-09 05:40:52.094
2026-10-09 05:36:45,BSCI329,1388,Corine Van der Weele,8,8,0,2026-10-09 05:40:52,2026-10-09 05:40:52.094
2026-10-09 05:36:45,BSCI329,ESG1,Hadiya Woodham,10,10,0,2026-10-09 05:40:52,2026-10-09 05:40:52.094
2026-10-09 05:36:45,BSCI331,0101,Kenneth Frauwirth,200,200,0,2026-10-09 05:40:52,2026-10-09 05:40:52.453
2026-10-09 05:36:45,BSCI331,0201,Kenneth Frauwirth,200,200,0,2026-10-09 05:40:52,2026-10-09 05:40:52.453
2026-10-09 05:36:45,BSCI332,0102,Corine Van der Weele,23,23,0,2026-10-09 05:40:52,2026-10-09 05:40:52.818
2026-10-09 05:36:45,BSCI332,0104,Corine Van der Weele,23,23,0,2026-10-09 05:40:52,2026-10-09 05:40:52.818
2026-10-09 05:36:45,BSCI332,0106,Corine Van der Weele,23,23,0,2026-10-09 05:40:52,2026-10-09 05:40:52.818
2026-10-09 05:36:45,BSCI332,0107,Corine Van der Weele,23,23,0,2026-10-09 05:40:52,2026-10-09 05:40:52.818
2026-10-09 05:36:45,BSCI332,0111,Corine Van der Weele,23,23,0,2026-10-09 05:40:52,2026-10-09 05:40:52.819
2026-10-09 05:36:45,BSCI332,1103,Corine Van der Weele,23,23,0,2026-10-09 05:40:52,2026-10-09 05:40:52.819
2026-10-09 05:36:45,BSCI332,1105,Corine Van der Weele,23,23,0,2026-10-09 05:40:52,2026-10-09 05:40:52.819
2026-10-09 05:36:45,BSCI332,1108,Corine Van der Weele,23,23,0,2026-10-09 05:40:52,2026-10-09 05:40:52.819
2026-10-09 05:36:45,BSCI332,1109,Corine Van der Weele,23,23,0,2026-10-09 05:40:52,2026-10-09 05:40:52.819
2026-10-09 05:36:45,BSCI332,1111,Corine Van der Weele,23,23,0,2026-10-09 05:40:52,2026-10-09 05:40:52.819
2026-10-09 05:36:45,BSCI332,1113,Corine Van der Weele,23,23,0,2026-10-09 05:40:52,2026-10-09 05:40:52.819
2026-10-09 05:36:45,BSCI334,0101,Katerina Thompson,60,60,0,2026-10-09 05:40:53,2026-10-09 05:40:53.169
2026-10-09 05:36:45,BSCI335,0101,Katerina Thompson,20,20,0,2026-10-09 05:40:53,2026-10-09 05:40:53.529
2026-10-09 05:36:45,BSCI335,0102,Katerina Thompson,20,20,0,2026-10-09 05:40:53,2026-10-09 05:40:53.529
2026-10-09 05:36:45,BSCI337,0101,Leo Shapiro,20,20,0,2026-10-09 05:40:53,2026-10-09 05:40:53.887
2026-10-09 05:36:45,BSCI337,0102,Leo Shapiro,20,20,0,2026-10-09 05:40:53,2026-10-09 05:40:53.887
2026-10-09 05:36:45,BSCI343,ESG1,Hadiya Woodham,30,30,0,2026-10-09 05:40:54,2026-10-09 05:40:54.595
2026-10-09 05:36:45,BSCI348A,0101,John Buchner,22,22,0,2026-10-09 05:40:55,2026-10-09 05:40:55.298
2026-10-09 05:36:45,BSCI348I,SES1,Erik Lontok,25,25,0,2026-10-09 05:40:55,2026-10-09 05:40:55.653
2026-10-09 05:36:45,BSCI348R,0101,Najib El-Sayed,10,10,0,2026-10-09 05:40:56,2026-10-09 05:40:56.007
2026-10-09 05:36:45,BSCI353,0101,Chan Lin,64,64,0,2026-10-09 05:40:56,2026-10-09 05:40:56.365
2026-10-09 05:36:45,BSCI353,0102,Melissa Caras,40,40,0,2026-10-09 05:40:56,2026-10-09 05:40:56.365
2026-10-09 05:36:45,BSCI353,ESG1,Vitaly Stepensky,40,40,0,2026-10-09 05:40:56,2026-10-09 05:40:56.365
2026-10-09 05:36:45,BSCI358A,ESG1,Vitaly Stepensky,30,30,0,2026-10-09 05:40:56,2026-10-09 05:40:56.727
2026-10-09 05:36:45,BSCI358B,ESG1,Gregory Simon,30,30,0,2026-10-09 05:40:57,2026-10-09 05:40:57.084
2026-10-09 05:36:45,BSCI361,0101,Daniel Gruner,25,25,0,2026-10-09 05:40:57,2026-10-09 05:40:57.442
2026-10-09 05:36:45,BSCI361,0102,Daniel Gruner,25,25,0,2026-10-09 05:40:57,2026-10-09 05:40:57.443
2026-10-09 05:36:45,BSCI370,0101,Alexandra Bely,64,64,0,2026-10-09 05:40:57,2026-10-09 05:40:57.801
2026-10-09 05:36:45,BSCI378H,0101,Kenneth Frauwirth,23,23,0,2026-10-09 05:40:58,2026-10-09 05:40:58.156
2026-10-09 05:36:45,BSCI398H,0101,Alexandra Bely,35,35,0,2026-10-09 05:41:00,2026-10-09 05:41:00.628
2026-10-09 05:36:45,BSCI401,0101,Gerald Wilkinson,39,39,0,2026-10-09 05:41:02,2026-10-09 05:41:02.138
2026-10-09 05:36:45,BSCI406,0101,Sergei Sukharev,20,20,0,2026-10-09 05:41:02,2026-10-09 05:41:02.536
2026-10-09 05:36:45,BSCI410,0101,Charles Seller,140,140,0,2026-10-09 05:41:02,2026-10-09 05:41:02.889
2026-10-09 05:36:45,BSCI412,0101,Wade Winkler,18,18,0,2026-10-09 05:41:03,2026-10-09 05:41:03.255
2026-10-09 05:36:45,BSCI412,0103,Wade Winkler,18,18,0,2026-10-09 05:41:03,2026-10-09 05:41:03.255
2026-10-09 05:36:45,BSCI414,ESG1,Caitlin Fox,24,24,0,2026-10-09 05:41:03,2026-10-09 05:41:03.634
2026-10-09 05:36:45,BSCI416,0101,Silvia Bolland,42,42,0,2026-10-09 05:41:03,2026-10-09 05:41:03.980
2026-10-09 05:36:45,BSCI417,0101,Vincent Lee,30,30,0,2026-10-09 05:41:04,2026-10-09 05:41:04.337
2026-10-09 05:36:45,BSCI420,0101,Sougata Roy,62,62,0,2026-10-09 05:41:04,2026-10-09 05:41:04.702
2026-10-09 05:36:45,BSCI422,0101,David Mosser,25,25,0,2026-10-09 05:41:05,2026-10-09 05:41:05.094
2026-10-09 05:36:45,BSCI422,0102,David Mosser,25,25,0,2026-10-09 05:41:05,2026-10-09 05:41:05.094
2026-10-09 05:36:45,BSCI422,0103,David Mosser,25,25,0,2026-10-09 05:41:05,2026-10-09 05:41:05.094
2026-10-09 05:36:45,BSCI422,0104,David Mosser,25,25,0,2026-10-09 05:41:05,2026-10-09 05:41:05.094
2026-10-09 05:36:45,BSCI423,0101,Wenxia Song,18,18,0,2026-10-09 05:41:05,2026-10-09 05:41:05.451
2026-10-09 05:36:45,BSCI423,0102,Wenxia Song,18,18,0,2026-10-09 05:41:05,2026-10-09 05:41:05.451
2026-10-09 05:36:45,BSCI425,0101,Kan Cao,20,20,0,2026-10-09 05:41:05,2026-10-09 05:41:05.808
2026-10-09 05:36:45,BSCI430,0101,Eric Haag,35,35,0,2026-10-09 05:41:06,2026-10-09 05:41:06.174
2026-10-09 05:36:45,BSCI433,0101,Jeff Maltas,30,30,0,2026-10-09 05:41:06,2026-10-09 05:41:06.540
2026-10-09 05:36:45,BSCI435,0101,Joshua Weitz,18,18,0,2026-10-09 05:41:06,2026-10-09 05:41:06.898
2026-10-09 05:36:45,BSCI436,0101,Jonathan Dinman,60,60,0,2026-10-09 05:41:07,2026-10-09 05:41:07.254
2026-10-09 05:36:45,BSCI437,0101,Jeffrey DeStefano,70,70,0,2026-10-09 05:41:07,2026-10-09 05:41:07.603
2026-10-09 05:36:45,BSCI437,ESG1,Gilad Ofek,40,40,0,2026-10-09 05:41:07,2026-10-09 05:41:07.603
2026-10-09 05:36:45,BSCI437H,0101,Jeffrey DeStefano,8,8,0,2026-10-09 05:41:07,2026-10-09 05:41:07.948
2026-10-09 05:36:45,BSCI439B,ESG1,Maira Goytia,40,40,0,2026-10-09 05:41:08,2026-10-09 05:41:08.305
2026-10-09 05:36:45,BSCI439E,0101,Beatrice Kondo,5,5,0,2026-10-09 05:41:08,2026-10-09 05:41:08.885
2026-10-09 05:36:45,BSCI439G,0101,Beatrice Kondo,5,5,0,2026-10-09 05:41:09,2026-10-09 05:41:09.523
2026-10-09 05:36:45,BSCI439L,0101,Instructor: TBA,5,5,0,2026-10-09 05:41:09,2026-10-09 05:41:09.881
2026-10-09 05:36:45,BSCI439Z,0101,Amanda Chicoli,20,20,0,2026-10-09 05:41:10,2026-10-09 05:41:10.412
2026-10-09 05:36:45,BSCI442,0101,Jose Feijo,20,20,0,2026-10-09 05:41:11,2026-10-09 05:41:11.186
2026-10-09 05:36:45,BSCI442,0102,Jose Feijo,20,20,0,2026-10-09 05:41:11,2026-10-09 05:41:11.186
2026-10-09 05:36:45,BSCI450,0101,Juan Angueyra,130,130,0,2026-10-09 05:41:11,2026-10-09 05:41:11.765
2026-10-09 05:36:45,BSCI450,0201,Joshua Singer,120,120,0,2026-10-09 05:41:11,2026-10-09 05:41:11.765
2026-10-09 05:36:45,BSCI450,PDS1,William Higgins,20,20,0,2026-10-09 05:41:11,2026-10-09 05:41:11.765
2026-10-09 05:36:45,BSCI451,0101,Corine Van der Weele,20,20,0,2026-10-09 05:41:12,2026-10-09 05:41:12.134
2026-10-09 05:36:45,BSCI451,0102,Corine Van der Weele,20,20,0,2026-10-09 05:41:12,2026-10-09 05:41:12.134
2026-10-09 05:36:45,BSCI451,0103,Corine Van der Weele,20,20,0,2026-10-09 05:41:12,2026-10-09 05:41:12.134
2026-10-09 05:36:45,BSCI451,0104,Corine Van der Weele,20,20,0,2026-10-09 05:41:12,2026-10-09 05:41:12.134
2026-10-09 05:36:45,BSCI452,0101,Chan Lin,40,40,0,2026-10-09 05:41:12,2026-10-09 05:41:12.657
2026-10-09 05:36:45,BSCI452,SES1,Chan Lin,20,20,0,2026-10-09 05:41:12,2026-10-09 05:41:12.657
2026-10-09 05:36:45,BSCI453,0101,Nikolas Francis,38,38,0,2026-10-09 05:41:13,2026-10-09 05:41:13.012
2026-10-09 05:36:45,BSCI455,0101,Hilary Bierman,16,16,0,2026-10-09 05:41:13,2026-10-09 05:41:13.731
2026-10-09 05:36:45,BSCI455,0102,Hilary Bierman,16,16,0,2026-10-09 05:41:13,2026-10-09 05:41:13.731
2026-10-09 05:36:45,BSCI455,0103,Hilary Bierman,16,16,0,2026-10-09 05:41:13,2026-10-09 05:41:13.731
2026-10-09 05:36:45,BSCI456,0101,Colenso Speer,5,5,0,2026-10-09 05:41:14,2026-10-09 05:41:14.254
2026-10-09 05:36:45,BSCI477,0101,Emily Bruns,40,40,0,2026-10-09 05:41:14,2026-10-09 05:41:14.786
2026-10-09 05:36:45,BSCI487,0101,Kelly Hamby,24,24,0,2026-10-09 05:41:15,2026-10-09 05:41:15.144
2026-10-09 05:36:45,BSOS355,0101,Liza Lebrun,40,40,0,2026-10-09 05:41:16,2026-10-09 05:41:16.784
2026-10-09 05:36:45,BSOS361,0101,TC Lloyd,30,30,0,2026-10-09 05:41:17,2026-10-09 05:41:17.136
2026-10-09 05:36:45,BSOS361,0102,TC Lloyd,30,30,0,2026-10-09 05:41:17,2026-10-09 05:41:17.137
2026-10-09 05:36:45,BSOS448M,0101,Brandee Pettus,12,12,0,2026-10-09 05:41:17,2026-10-09 05:41:17.656
2026-10-09 05:36:45,BUMO600,0501,Sheetal Singh,52,52,0,2026-10-09 05:41:40,2026-10-09 05:41:40.051
2026-10-09 05:36:45,BUMO604,0501,Jon Crocker,0,0,0,2026-10-09 05:41:40,2026-10-09 05:41:40.423
2026-10-09 05:36:45,BUMO614,0501,Waverly Ding,58,58,0,2026-10-09 05:41:40,2026-10-09 05:41:40.773
2026-10-09 05:36:45,BUMO701,0501,Jason Choi,65,65,0,2026-10-09 05:41:41,2026-10-09 05:41:41.122
2026-10-09 05:36:45,BUMO703,0501,Mary Beth Furst,65,65,0,2026-10-09 05:41:41,2026-10-09 05:41:41.474
2026-10-09 05:36:45,BUMO711,0501,Sheetal Singh,65,65,0,2026-10-09 05:41:41,2026-10-09 05:41:41.836
2026-10-09 05:36:45,BUMO714,0501,Rellie Rozin,0,0,0,2026-10-09 05:41:42,2026-10-09 05:41:42.193
2026-10-09 05:36:45,BUMO723,0501,Stephen Sclafani,58,58,0,2026-10-09 05:41:42,2026-10-09 05:41:42.545
2026-10-09 05:36:45,BUMO724,0501,Stephen Sclafani,58,58,0,2026-10-09 05:41:42,2026-10-09 05:41:42.901
2026-10-09 05:36:45,BUMO726,0501,Stephen Sclafani,58,58,0,2026-10-09 05:41:43,2026-10-09 05:41:43.251
2026-10-09 05:36:45,BUMO731,0501,Balaji Padmanabhan,58,58,0,2026-10-09 05:41:43,2026-10-09 05:41:43.605
2026-10-09 05:36:45,BUMO733,0501,Balaji Padmanabhan,58,58,0,2026-10-09 05:41:43,2026-10-09 05:41:43.961
2026-10-09 05:36:45,BUMO758P,0501,Jon Crocker,37,37,0,2026-10-09 05:41:44,2026-10-09 05:41:44.310
2026-10-09 05:36:45,BUMO780,0501,Jennifer Marr,37,37,0,2026-10-09 05:41:45,2026-10-09 05:41:45.017
2026-10-09 05:36:45,BUMO780,0502,Jennifer Marr,37,37,0,2026-10-09 05:41:45,2026-10-09 05:41:45.017
2026-10-09 05:36:45,BUMO782,0501,Mike Hoffmeyer,40,40,0,2026-10-09 05:41:45,2026-10-09 05:41:45.373
2026-10-09 05:36:45,BUMO785,0501,Maria Bustamante,65,65,0,2026-10-09 05:41:45,2026-10-09 05:41:45.740
2026-10-09 05:36:45,BUMO790,0501,Roy Thomason,65,65,0,2026-10-09 05:41:46,2026-10-09 05:41:46.149
2026-10-09 05:36:45,BUMO790,0502,Roy Thomason,65,65,0,2026-10-09 05:41:46,2026-10-09 05:41:46.149
2026-10-09 05:36:45,BUMO791,0501,Roy Thomason,65,65,0,2026-10-09 05:41:46,2026-10-09 05:41:46.510
2026-10-09 05:36:45,BUMO791,0502,Roy Thomason,65,65,0,2026-10-09 05:41:46,2026-10-09 05:41:46.511
2026-10-09 05:36:45,CHIN100,0101,Yuli Wang,15,15,0,2026-10-09 05:42:38,2026-10-09 05:42:38.597
2026-10-09 05:36:45,CHIN121,0101,Mei Kong,15,15,0,2026-10-09 05:42:38,2026-10-09 05:42:38.958
2026-10-09 05:36:45,CHIN122,0101,Mei Kong,15,15,0,2026-10-09 05:42:39,2026-10-09 05:42:39.315
2026-10-09 05:36:45,CHIN122,0201,Mei Kong,15,15,0,2026-10-09 05:42:39,2026-10-09 05:42:39.315
2026-10-09 05:36:45,CHIN122,0301,Guiling Hu,15,15,0,2026-10-09 05:42:39,2026-10-09 05:42:39.315
2026-10-09 05:36:45,CHIN207,0101,Guiling Hu,15,15,0,2026-10-09 05:42:39,2026-10-09 05:42:39.676
2026-10-09 05:36:45,CHIN207,0201,Guiling Hu,15,15,0,2026-10-09 05:42:39,2026-10-09 05:42:39.676
2026-10-09 05:36:45,CHIN302,0101,Jungjung Lee,15,15,0,2026-10-09 05:42:40,2026-10-09 05:42:40.040
2026-10-09 05:36:45,CHIN302,0201,Jungjung Lee,15,15,0,2026-10-09 05:42:40,2026-10-09 05:42:40.040
2026-10-09 05:36:45,CHIN307,0101,Minglang Zhou,25,25,0,2026-10-09 05:42:40,2026-10-09 05:42:40.398
2026-10-09 05:36:45,CHIN315,0101,Mei Nan,30,30,0,2026-10-09 05:42:40,2026-10-09 05:42:40.743
2026-10-09 05:36:45,CHIN332,0101,Yuli Wang,15,15,0,2026-10-09 05:42:41,2026-10-09 05:42:41.099
2026-10-09 05:36:45,CHIN402,0101,Jungjung Lee,15,15,0,2026-10-09 05:42:41,2026-10-09 05:42:41.804
2026-10-09 05:36:45,CHIN415,0101,Jungjung Lee,15,15,0,2026-10-09 05:42:42,2026-10-09 05:42:42.159
2026-10-09 05:36:45,CHIN418O,0101,Mei Nan,25,25,0,2026-10-09 05:42:42,2026-10-09 05:42:42.510
2026-10-09 05:36:45,CHIN441,0101,Andrew Schonebaum,20,20,0,2026-10-09 05:42:42,2026-10-09 05:42:42.863
2026-10-09 05:36:45,CHSE205,0101,Yewon Lee,60,60,0,2026-10-09 05:42:47,2026-10-09 05:42:47.051
2026-10-09 05:36:45,CHSE205,0201,Katryna Andrusik,50,50,0,2026-10-09 05:42:47,2026-10-09 05:42:47.051
2026-10-09 05:36:45,CHSE228D,0101,Nikita Kimani,16,16,0,2026-10-09 05:42:47,2026-10-09 05:42:47.405
2026-10-09 05:36:45,CHSE376,0101,Michael Dunham,20,20,0,2026-10-09 05:42:47,2026-10-09 05:42:47.764
2026-10-09 05:36:45,CHSE376,0201,Elizabeth Martinez,20,20,0,2026-10-09 05:42:47,2026-10-09 05:42:47.764
2026-10-09 05:36:45,CHSE376,0301,Colleen McGilpin,20,20,0,2026-10-09 05:42:47,2026-10-09 05:42:47.764
2026-10-09 05:36:45,CHSE376,0401,Chanai Brewster,20,20,0,2026-10-09 05:42:47,2026-10-09 05:42:47.764
2026-10-09 05:36:45,CHSE376,0501,Michael Dunham,20,20,0,2026-10-09 05:42:47,2026-10-09 05:42:47.765
2026-10-09 05:36:45,CHSE476,0101,Michael Dunham,20,20,0,2026-10-09 05:42:48,2026-10-09 05:42:48.479
2026-10-09 05:36:45,CHSE477,0101,Michael Dunham,18,18,0,2026-10-09 05:42:48,2026-10-09 05:42:48.823
2026-10-09 05:36:45,CHSE480,0101,Michael Dunham,18,18,0,2026-10-09 05:42:49,2026-10-09 05:42:49.173
2026-10-09 05:36:45,CHSE489,1901,Amy D'Agati,10,10,0,2026-10-09 05:42:49,2026-10-09 05:42:49.525
2026-10-09 05:36:45,CINE245,0201,Instructor: TBA,27,27,0,2026-10-09 05:42:51,2026-10-09 05:42:51.664
2026-10-09 05:36:45,CINE245,0301,Alan Montroso,27,27,0,2026-10-09 05:42:51,2026-10-09 05:42:51.664
2026-10-09 05:36:45,CINE280,0101,Eric Zakim,25,25,0,2026-10-09 05:42:52,2026-10-09 05:42:52.029
2026-10-09 05:36:45,CINE280,0102,Eric Zakim,25,25,0,2026-10-09 05:42:52,2026-10-09 05:42:52.029
2026-10-09 05:36:45,CINE280,0103,Eric Zakim,25,25,0,2026-10-09 05:42:52,2026-10-09 05:42:52.029
2026-10-09 05:36:45,CINE280,0104,Eric Zakim,25,25,0,2026-10-09 05:42:52,2026-10-09 05:42:52.030
2026-10-09 05:36:45,CINE282,0101,Susan Pramschufer,35,35,0,2026-10-09 05:42:52,2026-10-09 05:42:52.385
2026-10-09 05:36:45,CINE298B,0101,Sean Pue,20,20,0,2026-10-09 05:42:52,2026-10-09 05:42:52.741
2026-10-09 05:36:45,CINE302,0101,Luka Arsenjuk,30,30,0,2026-10-09 05:42:53,2026-10-09 05:42:53.096
2026-10-09 05:36:45,CINE310,0101,Nathaniel Stevens,15,15,0,2026-10-09 05:42:53,2026-10-09 05:42:53.461
2026-10-09 05:36:45,CINE319A,0101,Paul Cote,20,20,0,2026-10-09 05:42:53,2026-10-09 05:42:53.816
2026-10-09 05:36:45,CINE319I,0101,Yael Inbar,15,15,0,2026-10-09 05:42:54,2026-10-09 05:42:54.181
2026-10-09 05:36:45,CINE319P,5501,Samuel Crawford,10,10,0,2026-10-09 05:42:54,2026-10-09 05:42:54.542
2026-10-09 05:36:45,CINE329E,0101,Elizabeth Papazian,25,25,0,2026-10-09 05:42:54,2026-10-09 05:42:54.897
2026-10-09 05:36:45,CINE329N,0101,Daniel Richter,25,25,0,2026-10-09 05:42:55,2026-10-09 05:42:55.248
2026-10-09 05:36:45,CINE329Z,0101,Daniel Richter,25,25,0,2026-10-09 05:42:55,2026-10-09 05:42:55.596
2026-10-09 05:36:45,CINE335,0101,Jason Kuo,25,25,0,2026-10-09 05:42:55,2026-10-09 05:42:55.955
2026-10-09 05:36:45,CINE369C,0101,Mauro Resmini,40,40,0,2026-10-09 05:42:56,2026-10-09 05:42:56.304
2026-10-09 05:36:45,CINE369F,0101,Alexis Lothian,30,30,0,2026-10-09 05:42:56,2026-10-09 05:42:56.662
2026-10-09 05:36:45,CINE369K,0101,Paul Cote,20,20,0,2026-10-09 05:42:57,2026-10-09 05:42:57.012
2026-10-09 05:36:45,CINE376,0101,Ross Angelella,14,14,0,2026-10-09 05:42:57,2026-10-09 05:42:57.368
2026-10-09 05:36:45,CINE376,0102,Ross Angelella,5,5,0,2026-10-09 05:42:57,2026-10-09 05:42:57.368
2026-10-09 05:36:45,CINE419E,0101,Stephanie Sapienza,15,15,0,2026-10-09 05:42:58,2026-10-09 05:42:58.099
2026-10-09 05:36:45,CINE429O,0101,Mei Nan,25,25,0,2026-10-09 05:42:58,2026-10-09 05:42:58.453
2026-10-09 05:36:45,CINE459C,0101,Saverio Giovacchini,54,54,0,2026-10-09 05:42:58,2026-10-09 05:42:58.819
2026-10-09 05:36:45,CINE469Y,0101,Jason Kuo,14,14,0,2026-10-09 05:42:59,2026-10-09 05:42:59.166
2026-10-09 05:36:45,CLAS170,0101,Katherine Wasdin,21,21,0,2026-10-09 05:43:01,2026-10-09 05:43:01.172
2026-10-09 05:36:45,CLAS170,0102,Katherine Wasdin,21,21,0,2026-10-09 05:43:01,2026-10-09 05:43:01.172
2026-10-09 05:36:45,CLAS170,0103,Katherine Wasdin,21,21,0,2026-10-09 05:43:01,2026-10-09 05:43:01.172
2026-10-09 05:36:45,CLAS170,0104,Katherine Wasdin,21,21,0,2026-10-09 05:43:01,2026-10-09 05:43:01.172
2026-10-09 05:36:45,CLAS170,0105,Katherine Wasdin,21,21,0,2026-10-09 05:43:01,2026-10-09 05:43:01.172
2026-10-09 05:36:45,CLAS170,0106,Katherine Wasdin,21,21,0,2026-10-09 05:43:01,2026-10-09 05:43:01.173
2026-10-09 05:36:45,CLAS170,0107,Katherine Wasdin,21,21,0,2026-10-09 05:43:01,2026-10-09 05:43:01.173
2026-10-09 05:36:45,CLAS170,0108,Katherine Wasdin,21,21,0,2026-10-09 05:43:01,2026-10-09 05:43:01.173
2026-10-09 05:36:45,CLAS170,0109,Katherine Wasdin,21,21,0,2026-10-09 05:43:01,2026-10-09 05:43:01.173
2026-10-09 05:36:45,CLAS276,0101,Eric Adler,25,25,0,2026-10-09 05:43:01,2026-10-09 05:43:01.615
2026-10-09 05:36:45,CLAS276,0102,Eric Adler,25,25,0,2026-10-09 05:43:01,2026-10-09 05:43:01.616
2026-10-09 05:36:45,CLAS276,0103,Eric Adler,25,25,0,2026-10-09 05:43:01,2026-10-09 05:43:01.616
2026-10-09 05:36:45,CLAS276,0104,Eric Adler,25,25,0,2026-10-09 05:43:01,2026-10-09 05:43:01.616
2026-10-09 05:36:45,CLAS276,0105,Eric Adler,25,25,0,2026-10-09 05:43:01,2026-10-09 05:43:01.616
2026-10-09 05:36:45,CLAS276,0106,Eric Adler,25,25,0,2026-10-09 05:43:01,2026-10-09 05:43:01.616
2026-10-09 05:36:45,CLAS333,0101,Nathan Levine,35,35,0,2026-10-09 05:43:02,2026-10-09 05:43:02.029
2026-10-09 05:36:45,CLAS340,0101,Katherine Wasdin,35,35,0,2026-10-09 05:43:02,2026-10-09 05:43:02.409
2026-10-09 05:36:45,CMLT235,0101,Instructor: TBA,30,30,0,2026-10-09 05:43:04,2026-10-09 05:43:04.495
2026-10-09 05:36:45,CMLT270,0201,Instructor: TBA,30,30,0,2026-10-09 05:43:04,2026-10-09 05:43:04.843
2026-10-09 05:36:45,CMLT270,0301,Instructor: TBA,30,30,0,2026-10-09 05:43:04,2026-10-09 05:43:04.843
2026-10-09 05:36:45,CMLT275,0101,Instructor: TBA,30,30,0,2026-10-09 05:43:05,2026-10-09 05:43:05.201
2026-10-09 05:36:45,CMLT277,0101,Instructor: TBA,30,30,0,2026-10-09 05:43:05,2026-10-09 05:43:05.553
2026-10-09 05:36:45,CMLT280,0101,Eric Zakim,25,25,0,2026-10-09 05:43:05,2026-10-09 05:43:05.904
2026-10-09 05:36:45,CMLT280,0102,Eric Zakim,25,25,0,2026-10-09 05:43:05,2026-10-09 05:43:05.905
2026-10-09 05:36:45,CMLT280,0103,Eric Zakim,25,25,0,2026-10-09 05:43:05,2026-10-09 05:43:05.905
2026-10-09 05:36:45,CMLT280,0104,Eric Zakim,25,25,0,2026-10-09 05:43:05,2026-10-09 05:43:05.905
2026-10-09 05:36:45,CPBE101,0101,Oliver Schlake,75,75,0,2026-10-09 05:43:30,2026-10-09 05:43:30.774
2026-10-09 05:36:45,CPBE230,0101,Obioma Akaigwe,30,30,0,2026-10-09 05:43:31,2026-10-09 05:43:31.130
2026-10-09 05:36:45,CPBE240,0101,Obioma Akaigwe,20,20,0,2026-10-09 05:43:31,2026-10-09 05:43:31.487
2026-10-09 05:36:45,CPBE250,0101,Obioma Akaigwe,30,30,0,2026-10-09 05:43:31,2026-10-09 05:43:31.842
2026-10-09 05:36:45,CPCV101,0101,Julie Randolph,40,40,0,2026-10-09 05:43:33,2026-10-09 05:43:33.460
2026-10-09 05:36:45,CPCV101,0201,Julie Randolph,40,40,0,2026-10-09 05:43:33,2026-10-09 05:43:33.460
2026-10-09 05:36:45,CPCV230,0101,Korey Rothman,20,20,0,2026-10-09 05:43:33,2026-10-09 05:43:33.817
2026-10-09 05:36:45,CPCV230,0201,Korey Rothman,20,20,0,2026-10-09 05:43:33,2026-10-09 05:43:33.817
2026-10-09 05:36:45,CPDJ101,0101,Jess Feltner,75,75,0,2026-10-09 05:43:35,2026-10-09 05:43:35.467
2026-10-09 05:36:45,CPDJ230,0101,Andrew Fellows,10,10,0,2026-10-09 05:43:35,2026-10-09 05:43:35.831
2026-10-09 05:36:45,CPDJ240,0101,Andrew Fellows,8,8,0,2026-10-09 05:43:36,2026-10-09 05:43:36.184
2026-10-09 05:36:45,CPDJ250,0101,Andrew Fellows,10,10,0,2026-10-09 05:43:36,2026-10-09 05:43:36.534
2026-10-09 05:36:45,CPET101,0101,Dani Moore,78,78,0,2026-10-09 05:43:38,2026-10-09 05:43:38.160
2026-10-09 05:36:45,CPET230,0101,Tim Knight,50,50,0,2026-10-09 05:43:38,2026-10-09 05:43:38.508
2026-10-09 05:36:45,CPET240,0101,Tim Knight,20,20,0,2026-10-09 05:43:38,2026-10-09 05:43:38.861
2026-10-09 05:36:45,CPET250,0101,Tim Knight,15,15,0,2026-10-09 05:43:39,2026-10-09 05:43:39.216
2026-10-09 05:36:45,CPGH101,0101,Angshuman Kashyap,75,75,0,2026-10-09 05:43:40,2026-10-09 05:43:40.864
2026-10-09 05:36:45,CPGH210,0101,Haley Clark,80,80,0,2026-10-09 05:43:41,2026-10-09 05:43:41.227
2026-10-09 05:36:45,CPGH230,0101,John Wiggins,30,30,0,2026-10-09 05:43:41,2026-10-09 05:43:41.575
2026-10-09 05:36:45,CPGH240,0101,John Wiggins,30,30,0,2026-10-09 05:43:41,2026-10-09 05:43:41.934
2026-10-09 05:36:45,CPGH250,0101,John Wiggins,25,25,0,2026-10-09 05:43:42,2026-10-09 05:43:42.291
2026-10-09 05:36:45,CPGH270,0101,Elisabeth Maring,5,5,0,2026-10-09 05:43:42,2026-10-09 05:43:42.646
2026-10-09 05:36:45,CPJT101,0101,Justine DeCamillis,75,75,0,2026-10-09 05:43:44,2026-10-09 05:43:44.284
2026-10-09 05:36:45,CPJT230,0101,Justine DeCamillis,35,35,0,2026-10-09 05:43:44,2026-10-09 05:43:44.644
2026-10-09 05:36:45,CPJT240,0101,Justine DeCamillis,25,25,0,2026-10-09 05:43:44,2026-10-09 05:43:44.997
2026-10-09 05:36:45,CPJT250,0101,Victoria Worley,25,25,0,2026-10-09 05:43:45,2026-10-09 05:43:45.356
2026-10-09 05:36:45,CPMS101,0101,Alison Burns,75,75,0,2026-10-09 05:43:47,2026-10-09 05:43:47.002
2026-10-09 05:36:45,CPMS230,0101,Alison Burns,30,30,0,2026-10-09 05:43:47,2026-10-09 05:43:47.358
2026-10-09 05:36:45,CPMS240,0101,Alison Burns,15,15,0,2026-10-09 05:43:47,2026-10-09 05:43:47.711
2026-10-09 05:36:45,CPPL101,0101,Kelly Brower,75,75,0,2026-10-09 05:43:49,2026-10-09 05:43:49.345
2026-10-09 05:36:45,CPSA101,0101,Heather-Erin Bremenstuhl,75,75,0,2026-10-09 05:43:50,2026-10-09 05:43:50.988
2026-10-09 05:36:45,CPSA149,0101,Harold Burgess,20,20,0,2026-10-09 05:43:51,2026-10-09 05:43:51.365
2026-10-09 05:36:45,CPSA201,0101,Heather-Erin Bremenstuhl,75,75,0,2026-10-09 05:43:51,2026-10-09 05:43:51.715
2026-10-09 05:36:45,CPSA240,0101,Harold Burgess,15,15,0,2026-10-09 05:43:52,2026-10-09 05:43:52.081
2026-10-09 05:36:45,CPSA250,0101,Heather-Erin Bremenstuhl,10,10,0,2026-10-09 05:43:52,2026-10-09 05:43:52.433
2026-10-09 05:36:45,CPSA250,0201,Heather-Erin Bremenstuhl,10,10,0,2026-10-09 05:43:52,2026-10-09 05:43:52.433
2026-10-09 05:36:45,CPSA250,0301,Heather-Erin Bremenstuhl,10,10,0,2026-10-09 05:43:52,2026-10-09 05:43:52.433
2026-10-09 05:36:45,CPSA260,0101,Harold Burgess,10,10,0,2026-10-09 05:43:52,2026-10-09 05:43:52.793
2026-10-09 05:36:45,CPSA260,0201,Harold Burgess,10,10,0,2026-10-09 05:43:52,2026-10-09 05:43:52.793
2026-10-09 05:36:45,CPSA260,0301,Heather-Erin Bremenstuhl,10,10,0,2026-10-09 05:43:52,2026-10-09 05:43:52.793
2026-10-09 05:36:45,CPSF101,0101,Erin Thomson,75,75,0,2026-10-09 05:43:54,2026-10-09 05:43:54.415
2026-10-09 05:36:45,CPSG101,0101,Thomas Holtz,75,75,0,2026-10-09 05:43:56,2026-10-09 05:43:56.064
2026-10-09 05:36:45,CPSG230,0101,John Merck,50,50,0,2026-10-09 05:43:56,2026-10-09 05:43:56.422
2026-10-09 05:36:45,CPSG240,0101,John Merck,25,25,0,2026-10-09 05:43:56,2026-10-09 05:43:56.776
2026-10-09 05:36:45,CPSG250,0101,John Merck,25,25,0,2026-10-09 05:43:57,2026-10-09 05:43:57.129
2026-10-09 05:36:45,CPSN101,0101,Stacy Kosko,75,75,0,2026-10-09 05:43:58,2026-10-09 05:43:58.758
2026-10-09 05:36:45,CPSN230,0101,Ellin Chung,40,40,0,2026-10-09 05:43:59,2026-10-09 05:43:59.113
2026-10-09 05:36:45,CPSN240,0101,Ellin Chung,15,15,0,2026-10-09 05:43:59,2026-10-09 05:43:59.469
2026-10-09 05:36:45,CPSN250,0101,Hansol Kwak,25,25,0,2026-10-09 05:43:59,2026-10-09 05:43:59.823
2026-10-09 05:36:45,CPSP110,0101,Instructor: TBA,18,18,0,2026-10-09 05:44:01,2026-10-09 05:44:01.599
2026-10-09 05:36:45,CPSP110,0201,Instructor: TBA,18,18,0,2026-10-09 05:44:01,2026-10-09 05:44:01.599
2026-10-09 05:36:45,CPSP110,0301,Instructor: TBA,18,18,0,2026-10-09 05:44:01,2026-10-09 05:44:01.599
2026-10-09 05:36:45,CPSP210,0101,Christine Alexander,20,20,0,2026-10-09 05:44:01,2026-10-09 05:44:01.992
2026-10-09 05:36:45,CPSP239A,0101,Heather-Erin Bremenstuhl,10,10,0,2026-10-09 05:44:02,2026-10-09 05:44:02.380
2026-10-09 05:36:45,CPSP259J,0101,Alison Burns,10,10,0,2026-10-09 05:44:02,2026-10-09 05:44:02.764
2026-10-09 05:36:45,CPSP279N,0101,Stacy Kosko,10,10,0,2026-10-09 05:44:03,2026-10-09 05:44:03.128
2026-10-09 05:36:45,CPSP339P,0101,Kelly Brower,15,15,0,2026-10-09 05:44:03,2026-10-09 05:44:03.486
2026-10-09 05:36:45,CPSP359G,0101,John Merck,25,25,0,2026-10-09 05:44:03,2026-10-09 05:44:03.834
2026-10-09 05:36:45,CPSP359S,0101,David Eubanks,24,24,0,2026-10-09 05:44:04,2026-10-09 05:44:04.192
2026-10-09 05:36:45,CPSP369E,0101,Tim Knight,7,7,0,2026-10-09 05:44:04,2026-10-09 05:44:04.550
2026-10-09 05:36:45,CPSP369E,0102,Tim Knight,5,5,0,2026-10-09 05:44:04,2026-10-09 05:44:04.550
2026-10-09 05:36:45,CPSS101,0101,Christine Alexander,75,75,0,2026-10-09 05:44:06,2026-10-09 05:44:06.183
2026-10-09 05:36:45,CPSS225,0101,Roan Parrish,20,20,0,2026-10-09 05:44:06,2026-10-09 05:44:06.542
2026-10-09 05:36:45,CPSS225,0201,Thomas Zeller,20,20,0,2026-10-09 05:44:06,2026-10-09 05:44:06.542
2026-10-09 05:36:45,CPSS240,0101,Timothy Reedy,25,25,0,2026-10-09 05:44:06,2026-10-09 05:44:06.893
2026-10-09 05:36:45,CPSS340,0101,Nicole Mogul,20,20,0,2026-10-09 05:44:07,2026-10-09 05:44:07.247
2026-10-09 05:36:45,DATA100,0111,Matthew Griffin,27,27,0,2026-10-09 05:44:21,2026-10-09 05:44:21.688
2026-10-09 05:36:45,DATA100,0112,Matthew Griffin,27,27,0,2026-10-09 05:44:21,2026-10-09 05:44:21.688
2026-10-09 05:36:45,DATA100,0121,Matthew Griffin,27,27,0,2026-10-09 05:44:21,2026-10-09 05:44:21.689
2026-10-09 05:36:45,DATA100,0122,Matthew Griffin,27,27,0,2026-10-09 05:44:21,2026-10-09 05:44:21.689
2026-10-09 05:36:45,DATA100,0123,Matthew Griffin,27,27,0,2026-10-09 05:44:21,2026-10-09 05:44:21.689
2026-10-09 05:36:45,DATA100,0131,Matthew Griffin,27,27,0,2026-10-09 05:44:21,2026-10-09 05:44:21.689
2026-10-09 05:36:45,DATA100,0211,Matthew Griffin,27,27,0,2026-10-09 05:44:21,2026-10-09 05:44:21.689
2026-10-09 05:36:45,DATA100,0212,Matthew Griffin,27,27,0,2026-10-09 05:44:21,2026-10-09 05:44:21.689
2026-10-09 05:36:45,DATA100,0221,Matthew Griffin,27,27,0,2026-10-09 05:44:21,2026-10-09 05:44:21.689
2026-10-09 05:36:45,DATA100,0222,Matthew Griffin,27,27,0,2026-10-09 05:44:21,2026-10-09 05:44:21.689
2026-10-09 05:36:45,DATA100,0223,Matthew Griffin,27,27,0,2026-10-09 05:44:21,2026-10-09 05:44:21.690
2026-10-09 05:36:45,DATA100,0224,Matthew Griffin,27,27,0,2026-10-09 05:44:21,2026-10-09 05:44:21.690
2026-10-09 05:36:45,DATA100,0231,Matthew Griffin,27,27,0,2026-10-09 05:44:21,2026-10-09 05:44:21.690
2026-10-09 05:36:45,DATA100,0241,Matthew Griffin,27,27,0,2026-10-09 05:44:21,2026-10-09 05:44:21.690
2026-10-09 05:36:45,DATA100,0242,Matthew Griffin,27,27,0,2026-10-09 05:44:21,2026-10-09 05:44:21.690
2026-10-09 05:36:45,DATA100,0311,Jonathan Fernandes,25,25,0,2026-10-09 05:44:21,2026-10-09 05:44:21.690
2026-10-09 05:36:45,DATA100,0312,Jonathan Fernandes,25,25,0,2026-10-09 05:44:21,2026-10-09 05:44:21.690
2026-10-09 05:36:45,DATA100,0321,Jonathan Fernandes,25,25,0,2026-10-09 05:44:21,2026-10-09 05:44:21.690
2026-10-09 05:36:45,DATA100,0322,Jonathan Fernandes,25,25,0,2026-10-09 05:44:21,2026-10-09 05:44:21.691
2026-10-09 05:36:45,DATA100,0323,Jonathan Fernandes,25,25,0,2026-10-09 05:44:21,2026-10-09 05:44:21.691
2026-10-09 05:36:45,DATA110,0101,Susan Mazzullo,310,310,0,2026-10-09 05:44:22,2026-10-09 05:44:22.050
2026-10-09 05:36:45,DATA120,0101,Fardina Alam,200,200,0,2026-10-09 05:44:22,2026-10-09 05:44:22.407
2026-10-09 05:36:45,DATA200,0101,Fardina Alam,90,90,0,2026-10-09 05:44:22,2026-10-09 05:44:22.761
2026-10-09 05:36:45,DATA250,0101,Todd Rowland,30,30,0,2026-10-09 05:44:23,2026-10-09 05:44:23.119
2026-10-09 05:36:45,DATA320,0101,Maksym Morawski,20,20,0,2026-10-09 05:44:23,2026-10-09 05:44:23.477
2026-10-09 05:36:45,DATA320,0201,Fardina Alam,20,20,0,2026-10-09 05:44:23,2026-10-09 05:44:23.477
2026-10-09 05:36:45,DATA320,0301,Anna Evtushenko,12,12,0,2026-10-09 05:44:23,2026-10-09 05:44:23.477
2026-10-09 05:36:45,DATA350,0101,Todd Rowland,30,30,0,2026-10-09 05:44:23,2026-10-09 05:44:23.849
2026-10-09 05:36:45,DATA350,0201,Raluca Rosca,30,30,0,2026-10-09 05:44:23,2026-10-09 05:44:23.849
2026-10-09 05:36:45,DATA400,0111,Archana Khurana,27,27,0,2026-10-09 05:44:24,2026-10-09 05:44:24.223
2026-10-09 05:36:45,DATA400,0121,Archana Khurana,27,27,0,2026-10-09 05:44:24,2026-10-09 05:44:24.223
2026-10-09 05:36:45,DATA400,0131,Archana Khurana,27,27,0,2026-10-09 05:44:24,2026-10-09 05:44:24.224
2026-10-09 05:36:45,DATA400,0211,Salman Safdar,27,27,0,2026-10-09 05:44:24,2026-10-09 05:44:24.224
2026-10-09 05:36:45,DATA400,0311,Shixin Zheng,27,27,0,2026-10-09 05:44:24,2026-10-09 05:44:24.224
2026-10-09 05:36:45,DATA400,0321,Shixin Zheng,27,27,0,2026-10-09 05:44:24,2026-10-09 05:44:24.224
2026-10-09 05:36:45,DATA400,0331,Shixin Zheng,27,27,0,2026-10-09 05:44:24,2026-10-09 05:44:24.224
2026-10-09 05:36:45,DATA400,0411,Mestiyage Gunatilleka,27,27,0,2026-10-09 05:44:24,2026-10-09 05:44:24.224
2026-10-09 05:36:45,DATA400,0421,Mestiyage Gunatilleka,27,27,0,2026-10-09 05:44:24,2026-10-09 05:44:24.224
2026-10-09 05:36:45,DATA400,0431,Mestiyage Gunatilleka,27,27,0,2026-10-09 05:44:24,2026-10-09 05:44:24.224
2026-10-09 05:36:45,EALL361,0101,Jyana Browne,20,20,0,2026-10-09 05:44:25,2026-10-09 05:44:25.843
2026-10-09 05:36:45,EDDI300,0101,Nicole Mehta,20,20,0,2026-10-09 05:44:39,2026-10-09 05:44:39.383
2026-10-09 05:36:45,EMBA788G,GX01,Judy Frels,31,31,0,2026-10-09 05:45:19,2026-10-09 05:45:19.901
2026-10-09 05:36:45,EMBA788V,GX01,Zhi-Long Chen,31,31,0,2026-10-09 05:45:20,2026-10-09 05:45:20.258
2026-10-09 05:36:45,ENBC312,ESG1,Kyunghun Lee,20,20,0,2026-10-09 05:45:36,2026-10-09 05:45:36.358
2026-10-09 05:36:45,ENBC321,ESG1,Jamasp Azarnoosh,20,20,0,2026-10-09 05:45:36,2026-10-09 05:45:36.711
2026-10-09 05:36:45,ENBC342,ESG1,Lan Ma,20,20,0,2026-10-09 05:45:37,2026-10-09 05:45:37.065
2026-10-09 05:36:45,ENBC351,ESG1,Jarred Callura,20,20,0,2026-10-09 05:45:37,2026-10-09 05:45:37.419
2026-10-09 05:36:45,ENBC352,ESG1,Jarred Callura,20,20,0,2026-10-09 05:45:37,2026-10-09 05:45:37.778
2026-10-09 05:36:45,ENBC403,ESG1,Jamasp Azarnoosh,20,20,0,2026-10-09 05:45:38,2026-10-09 05:45:38.126
2026-10-09 05:36:45,ENBC441,ESG1,Lan Ma,20,20,0,2026-10-09 05:45:38,2026-10-09 05:45:38.482
2026-10-09 05:36:45,ENBC455,ESG1,Jarred Callura,20,20,0,2026-10-09 05:45:38,2026-10-09 05:45:38.849
2026-10-09 05:36:45,ENBC491,ESG1,Lan Ma,20,20,0,2026-10-09 05:45:39,2026-10-09 05:45:39.211
2026-10-09 05:36:45,ENCO099,0101,Lizzy Solovey,200,200,0,2026-10-09 05:45:49,2026-10-09 05:45:49.124
2026-10-09 05:36:45,ENEB304,ESG1,Nestor Michael Tiglao,20,20,0,2026-10-09 05:45:50,2026-10-09 05:45:50.792
2026-10-09 05:36:45,ENEB345,ESG1,Nestor Michael Tiglao,20,20,0,2026-10-09 05:45:51,2026-10-09 05:45:51.147
2026-10-09 05:36:45,ENEB352,ESG1,Mohamed Hany,20,20,0,2026-10-09 05:45:51,2026-10-09 05:45:51.662
2026-10-09 05:36:45,ENEB353,ESG1,Manoj Franklin,20,20,0,2026-10-09 05:45:52,2026-10-09 05:45:52.022
2026-10-09 05:36:45,ENEB355,ESG1,Nestor Michael Tiglao,20,20,0,2026-10-09 05:45:52,2026-10-09 05:45:52.382
2026-10-09 05:36:45,ENEB408B,ESG1,Jerry Wu,20,20,0,2026-10-09 05:45:52,2026-10-09 05:45:52.731
2026-10-09 05:36:45,ENEB443,ESG1,George Zaki,20,20,0,2026-10-09 05:45:53,2026-10-09 05:45:53.089
2026-10-09 05:36:45,ENEB453,ESG1,Nestor Michael Tiglao,20,20,0,2026-10-09 05:45:53,2026-10-09 05:45:53.437
2026-10-09 05:36:45,ENEB455,ESG1,Jerry Wu,20,20,0,2026-10-09 05:45:53,2026-10-09 05:45:53.794
2026-10-09 05:36:45,ENEB456,ESG1,Nestor Michael Tiglao,20,20,0,2026-10-09 05:45:54,2026-10-09 05:45:54.160
2026-10-09 05:36:45,ENED037,0101,Hillary Owusu,20,20,0,2026-10-09 05:45:55,2026-10-09 05:45:55.818
2026-10-09 05:36:45,ENED290H,0101,Christopher Troilo,45,45,0,2026-10-09 05:45:56,2026-10-09 05:45:56.199
2026-10-09 05:36:45,ENED390H,0101,Natcha Thawesaengskulthai,45,45,0,2026-10-09 05:45:56,2026-10-09 05:45:56.551
2026-10-09 05:36:45,ENED394H,0101,Maria Bardossy,40,40,0,2026-10-09 05:45:56,2026-10-09 05:45:56.905
2026-10-09 05:36:45,ENED396,0101,Jessica Roffe,24,24,0,2026-10-09 05:45:57,2026-10-09 05:45:57.260
2026-10-09 05:36:45,ENED397,0101,Emily Marks,9,9,0,2026-10-09 05:45:57,2026-10-09 05:45:57.605
2026-10-09 05:36:45,ENED490H,0101,David Ashley,45,45,0,2026-10-09 05:45:57,2026-10-09 05:45:57.958
2026-10-09 05:36:45,ENED491,0101,Jessica Roffe,10,10,0,2026-10-09 05:45:58,2026-10-09 05:45:58.315
2026-10-09 05:36:45,ENMT313,ESG1,Nicholas Limparis,3,3,0,2026-10-09 05:47:17,2026-10-09 05:47:17.341
2026-10-09 05:36:45,ENMT332,ESG1,Norman Wereley,4,4,0,2026-10-09 05:47:17,2026-10-09 05:47:17.698
2026-10-09 05:36:45,ENMT362,ESG1,Young Choi,3,3,0,2026-10-09 05:47:18,2026-10-09 05:47:18.060
2026-10-09 05:36:45,ENMT372,ESG1,Gurtajbir Herr,3,3,0,2026-10-09 05:47:18,2026-10-09 05:47:18.414
2026-10-09 05:36:45,ENMT477,ESG1,Gurtajbir Herr,7,7,0,2026-10-09 05:47:18,2026-10-09 05:47:18.804
2026-10-09 05:36:45,ENMT488C,ESG1,Colleen Murray,7,7,0,2026-10-09 05:47:19,2026-10-09 05:47:19.154
2026-10-09 05:36:45,ENMT488P,ESG1,Colleen Murray,7,7,0,2026-10-09 05:47:19,2026-10-09 05:47:19.511
2026-10-09 05:36:45,ENMT488Z,ESG1,Nicholas Limparis,7,7,0,2026-10-09 05:47:19,2026-10-09 05:47:19.867
2026-10-09 05:36:45,ENSP102,0101,Joanna Goger,22,22,0,2026-10-09 05:47:30,2026-10-09 05:47:30.295
2026-10-09 05:36:45,ENSP102,0102,Joanna Goger,22,22,0,2026-10-09 05:47:30,2026-10-09 05:47:30.295
2026-10-09 05:36:45,ENSP102,0103,Joanna Goger,23,23,0,2026-10-09 05:47:30,2026-10-09 05:47:30.296
2026-10-09 05:36:45,ENSP102,0104,Joanna Goger,22,22,0,2026-10-09 05:47:30,2026-10-09 05:47:30.296
2026-10-09 05:36:45,ENSP102,0105,Joanna Goger,22,22,0,2026-10-09 05:47:30,2026-10-09 05:47:30.296
2026-10-09 05:36:45,ENSP102,0106,Joanna Goger,22,22,0,2026-10-09 05:47:30,2026-10-09 05:47:30.296
2026-10-09 05:36:45,ENSP102,0107,Joanna Goger,22,22,0,2026-10-09 05:47:30,2026-10-09 05:47:30.296
2026-10-09 05:36:45,ENSP306,0101,Caroline Boules,30,30,0,2026-10-09 05:47:30,2026-10-09 05:47:30.653
2026-10-09 05:36:45,ENSP330,0101,Joanna Goger,35,35,0,2026-10-09 05:47:30,2026-10-09 05:47:31.041
2026-10-09 05:36:45,ENSP342,0101,Annette Spivy,35,35,0,2026-10-09 05:47:31,2026-10-09 05:47:31.398
2026-10-09 05:36:45,ENSP370,0101,Arielle Wharton,30,30,0,2026-10-09 05:47:31,2026-10-09 05:47:31.749
2026-10-09 05:36:45,ENSP399R,0101,Melissa Kenney,15,15,0,2026-10-09 05:47:32,2026-10-09 05:47:32.805
2026-10-09 05:36:45,ENSP399R,0301,Instructor: TBA,15,15,0,2026-10-09 05:47:32,2026-10-09 05:47:32.805
2026-10-09 05:36:45,ENSP399R,0601,Annette Spivy,10,10,0,2026-10-09 05:47:32,2026-10-09 05:47:32.806
2026-10-09 05:36:45,ENSP399R,1001,Jennifer Mullinax,10,10,0,2026-10-09 05:47:32,2026-10-09 05:47:32.806
2026-10-09 05:36:45,ENSP400,0101,Caroline Boules,30,30,0,2026-10-09 05:47:33,2026-10-09 05:47:33.164
2026-10-09 05:36:45,ENSP400,0102,Annette Spivy,30,30,0,2026-10-09 05:47:33,2026-10-09 05:47:33.164
2026-10-09 05:36:45,ENSP400,0104,Colleen O'Donnell,20,20,0,2026-10-09 05:47:33,2026-10-09 05:47:33.165
2026-10-09 05:36:45,FGSM398,0101,Jayakumar Arasan,120,120,0,2026-10-09 05:48:01,2026-10-09 05:48:01.862
2026-10-09 05:36:45,FGSM398,0201,Jayakumar Arasan,120,120,0,2026-10-09 05:48:01,2026-10-09 05:48:01.862
2026-10-09 05:36:45,GEMS102,0101,David Lovell,180,180,0,2026-10-09 05:48:30,2026-10-09 05:48:30.142
2026-10-09 05:36:45,GEMS208D,0101,Allison Lansverk,1,1,0,2026-10-09 05:48:30,2026-10-09 05:48:30.504
2026-10-09 05:36:45,GEMS208E,0101,Allison Lansverk,18,18,0,2026-10-09 05:48:30,2026-10-09 05:48:30.863
2026-10-09 05:36:45,GEMS208F,0201,Allison Lansverk,12,12,0,2026-10-09 05:48:31,2026-10-09 05:48:31.226
2026-10-09 05:36:45,GEMS208J,0101,Allison Lansverk,24,24,0,2026-10-09 05:48:31,2026-10-09 05:48:31.584
2026-10-09 05:36:45,GEMS208K,0101,Allison Lansverk,30,30,0,2026-10-09 05:48:31,2026-10-09 05:48:31.937
2026-10-09 05:36:45,GEMS208P,0101,Allison Lansverk,15,15,0,2026-10-09 05:48:32,2026-10-09 05:48:32.291
2026-10-09 05:36:45,GEMS208Q,0201,Allison Lansverk,1,1,0,2026-10-09 05:48:32,2026-10-09 05:48:32.644
2026-10-09 05:36:45,GEMS296,0113,David Lovell,5,5,0,2026-10-09 05:48:33,2026-10-09 05:48:33.006
2026-10-09 05:36:45,GEMS297,0101,Instructor: TBA,14,14,0,2026-10-09 05:48:33,2026-10-09 05:48:33.402
2026-10-09 05:36:45,GEMS297,0102,Instructor: TBA,14,14,0,2026-10-09 05:48:33,2026-10-09 05:48:33.402
2026-10-09 05:36:45,GEMS297,0103,Instructor: TBA,14,14,0,2026-10-09 05:48:33,2026-10-09 05:48:33.402
2026-10-09 05:36:45,GEMS297,0104,Instructor: TBA,14,14,0,2026-10-09 05:48:33,2026-10-09 05:48:33.402
2026-10-09 05:36:45,GEMS297,0105,Instructor: TBA,14,14,0,2026-10-09 05:48:33,2026-10-09 05:48:33.403
2026-10-09 05:36:45,GEMS297,0106,Instructor: TBA,14,14,0,2026-10-09 05:48:33,2026-10-09 05:48:33.403
2026-10-09 05:36:45,GEMS297,0107,Instructor: TBA,14,14,0,2026-10-09 05:48:33,2026-10-09 05:48:33.403
2026-10-09 05:36:45,GEMS297,0108,Instructor: TBA,14,14,0,2026-10-09 05:48:33,2026-10-09 05:48:33.403
2026-10-09 05:36:45,GEMS297,0109,Instructor: TBA,14,14,0,2026-10-09 05:48:33,2026-10-09 05:48:33.403
2026-10-09 05:36:45,GEMS297,0110,Instructor: TBA,14,14,0,2026-10-09 05:48:33,2026-10-09 05:48:33.403
2026-10-09 05:36:45,GEMS297,0111,Instructor: TBA,14,14,0,2026-10-09 05:48:33,2026-10-09 05:48:33.403
2026-10-09 05:36:45,GEMS297,0112,Instructor: TBA,14,14,0,2026-10-09 05:48:33,2026-10-09 05:48:33.403
2026-10-09 05:36:45,GEMS297,0113,Instructor: TBA,14,14,0,2026-10-09 05:48:33,2026-10-09 05:48:33.404
2026-10-09 05:36:45,GEMS297,0114,Instructor: TBA,14,14,0,2026-10-09 05:48:33,2026-10-09 05:48:33.404
2026-10-09 05:36:45,GEMS297,0115,Instructor: TBA,5,5,0,2026-10-09 05:48:33,2026-10-09 05:48:33.404
2026-10-09 05:36:45,GEMS396,0113,David Lovell,5,5,0,2026-10-09 05:48:33,2026-10-09 05:48:33.750
2026-10-09 05:36:45,GEMS397,0101,Michael Humber,14,14,0,2026-10-09 05:48:34,2026-10-09 05:48:34.124
2026-10-09 05:36:45,GEMS397,0102,Seth Dickey,14,14,0,2026-10-09 05:48:34,2026-10-09 05:48:34.124
2026-10-09 05:36:45,GEMS397,0103,Cecilia Huertas Cerdeira,14,14,0,2026-10-09 05:48:34,2026-10-09 05:48:34.125
2026-10-09 05:36:45,GEMS397,0104,Rodolphe Gentili,14,14,0,2026-10-09 05:48:34,2026-10-09 05:48:34.125
2026-10-09 05:36:45,GEMS397,0105,Allison Reilly,14,14,0,2026-10-09 05:48:34,2026-10-09 05:48:34.125
2026-10-09 05:36:45,GEMS397,0106,Peter Sunderland,14,14,0,2026-10-09 05:48:34,2026-10-09 05:48:34.125
2026-10-09 05:36:45,GEMS397,0107,Brett Lacey,14,14,0,2026-10-09 05:48:34,2026-10-09 05:48:34.125
2026-10-09 05:36:45,GEMS397,0108,Natalia Buzulukova,14,14,0,2026-10-09 05:48:34,2026-10-09 05:48:34.125
2026-10-09 05:36:45,GEMS397,0109,Anil Deane,14,14,0,2026-10-09 05:48:34,2026-10-09 05:48:34.125
2026-10-09 05:36:45,GEMS397,0110,Colenso Speer,14,14,0,2026-10-09 05:48:34,2026-10-09 05:48:34.125
2026-10-09 05:36:45,GEMS397,0111,Alisa Clyne,14,14,0,2026-10-09 05:48:34,2026-10-09 05:48:34.126
2026-10-09 05:36:45,GEMS397,0112,Xin Zan,14,14,0,2026-10-09 05:48:34,2026-10-09 05:48:34.126
2026-10-09 05:36:45,GEMS397,0113,Instructor: TBA,14,14,0,2026-10-09 05:48:34,2026-10-09 05:48:34.126
2026-10-09 05:36:45,GEMS397,0114,David Lovell,5,5,0,2026-10-09 05:48:34,2026-10-09 05:48:34.126
2026-10-09 05:36:45,GEMS397,0115,David Lovell,5,5,0,2026-10-09 05:48:34,2026-10-09 05:48:34.126
2026-10-09 05:36:45,GEMS496,0113,David Lovell,5,5,0,2026-10-09 05:48:34,2026-10-09 05:48:34.473
2026-10-09 05:36:45,GEMS497,0101,Eric Haag,14,14,0,2026-10-09 05:48:34,2026-10-09 05:48:34.848
2026-10-09 05:36:45,GEMS497,0102,Mohammad Nayeem Teli,14,14,0,2026-10-09 05:48:34,2026-10-09 05:48:34.848
2026-10-09 05:36:45,GEMS497,0103,Norberto Gonzalez- Juarbe,14,14,0,2026-10-09 05:48:34,2026-10-09 05:48:34.849
2026-10-09 05:36:45,GEMS497,0104,Abhinav Shrivastava,14,14,0,2026-10-09 05:48:34,2026-10-09 05:48:34.849
2026-10-09 05:36:45,GEMS497,0105,Hector Alcala,14,14,0,2026-10-09 05:48:34,2026-10-09 05:48:34.849
2026-10-09 05:36:45,GEMS497,0106,Massimo Ricotti,14,14,0,2026-10-09 05:48:34,2026-10-09 05:48:34.849
2026-10-09 05:36:45,GEMS497,0107,Reza Ghodssi,14,14,0,2026-10-09 05:48:34,2026-10-09 05:48:34.849
2026-10-09 05:36:45,GEMS497,0108,Nikhil Chopra,14,14,0,2026-10-09 05:48:34,2026-10-09 05:48:34.849
2026-10-09 05:36:45,GEMS497,0109,Kimberly Stroka,14,14,0,2026-10-09 05:48:34,2026-10-09 05:48:34.849
2026-10-09 05:36:45,GEMS497,0110,Gorjan Alagic,14,14,0,2026-10-09 05:48:34,2026-10-09 05:48:34.849
2026-10-09 05:36:45,GEMS497,0111,Alisa Clyne,14,14,0,2026-10-09 05:48:34,2026-10-09 05:48:34.849
2026-10-09 05:36:45,GEMS497,0112,Xin Zan,14,14,0,2026-10-09 05:48:34,2026-10-09 05:48:34.850
2026-10-09 05:36:45,GEMS497,0113,David Lovell,14,14,0,2026-10-09 05:48:34,2026-10-09 05:48:34.850
2026-10-09 05:36:45,GEMS497,0114,David Lovell,14,14,0,2026-10-09 05:48:34,2026-10-09 05:48:34.850
2026-10-09 05:36:45,GFPL100,0101,Alec Worsnop,21,21,0,2026-10-09 05:49:03,2026-10-09 05:49:03.066
2026-10-09 05:36:45,GFPL100,0102,Alec Worsnop,21,21,0,2026-10-09 05:49:03,2026-10-09 05:49:03.066
2026-10-09 05:36:45,GFPL100,0103,Alec Worsnop,21,21,0,2026-10-09 05:49:03,2026-10-09 05:49:03.066
2026-10-09 05:36:45,GFPL100,0104,Alec Worsnop,21,21,0,2026-10-09 05:49:03,2026-10-09 05:49:03.066
2026-10-09 05:36:45,GFPL100,0105,Alec Worsnop,21,21,0,2026-10-09 05:49:03,2026-10-09 05:49:03.066
2026-10-09 05:36:45,GFPL100,0106,Alec Worsnop,20,20,0,2026-10-09 05:49:03,2026-10-09 05:49:03.067
2026-10-09 05:36:45,GFPL102,0101,Caroline Ritter,95,95,0,2026-10-09 05:49:03,2026-10-09 05:49:03.423
2026-10-09 05:36:45,GFPL372,0101,Devin Entrikin,40,40,0,2026-10-09 05:49:03,2026-10-09 05:49:03.768
2026-10-09 05:36:45,GLBC200,0101,Parker Brookie,30,30,0,2026-10-09 05:49:05,2026-10-09 05:49:05.404
2026-10-09 05:36:45,GLBC360,0101,Hester Baer,30,30,0,2026-10-09 05:49:05,2026-10-09 05:49:05.752
2026-10-09 05:36:45,HACS101,0101,Michel Cukier,35,35,0,2026-10-09 05:49:37,2026-10-09 05:49:37.547
2026-10-09 05:36:45,HACS101,0201,Michel Cukier,35,35,0,2026-10-09 05:49:37,2026-10-09 05:49:37.547
2026-10-09 05:36:45,HACS201,0101,Bertrand Sobesto,26,26,0,2026-10-09 05:49:37,2026-10-09 05:49:37.901
2026-10-09 05:36:45,HACS208E,0101,Ian Serbin,30,30,0,2026-10-09 05:49:38,2026-10-09 05:49:38.280
2026-10-09 05:36:45,HACS208N,0101,Instructor: TBA,30,30,0,2026-10-09 05:49:38,2026-10-09 05:49:38.637
2026-10-09 05:36:45,HACS208Z,0101,Zulema Belyeu,30,30,0,2026-10-09 05:49:39,2026-10-09 05:49:39.007
2026-10-09 05:36:45,HACS297,0101,Sarah Herberger,25,25,0,2026-10-09 05:49:39,2026-10-09 05:49:39.702
2026-10-09 05:36:45,HACS318A,0101,Lindsey Schrott,75,75,0,2026-10-09 05:49:40,2026-10-09 05:49:40.063
2026-10-09 05:36:45,HACS408C,0101,Instructor: TBA,30,30,0,2026-10-09 05:49:40,2026-10-09 05:49:40.417
2026-10-09 05:36:45,HACS408P,0101,Instructor: TBA,30,30,0,2026-10-09 05:49:40,2026-10-09 05:49:40.814
2026-10-09 05:36:45,HACS408V,0101,Edward Condon,30,30,0,2026-10-09 05:49:41,2026-10-09 05:49:41.169
2026-10-09 05:36:45,HACS497,0101,Cassie Harrington,25,25,0,2026-10-09 05:49:41,2026-10-09 05:49:41.879
2026-10-09 05:36:45,HACS498,0101,Thomas Woods,10,10,0,2026-10-09 05:49:42,2026-10-09 05:49:42.242
2026-10-09 05:36:45,HACS498,0201,Instructor: TBA,18,18,0,2026-10-09 05:49:42,2026-10-09 05:49:42.242
2026-10-09 05:36:45,HBUS105,0101,Daniel McCarthy,35,35,0,2026-10-09 05:49:43,2026-10-09 05:49:43.883
2026-10-09 05:36:45,HBUS105,0201,Daniel McCarthy,35,35,0,2026-10-09 05:49:43,2026-10-09 05:49:43.883
2026-10-09 05:36:45,HBUS205,0101,Nicole Coomber,30,30,0,2026-10-09 05:49:44,2026-10-09 05:49:44.238
2026-10-09 05:36:45,HBUS205,0201,Nicole Coomber,30,30,0,2026-10-09 05:49:44,2026-10-09 05:49:44.238
2026-10-09 05:36:45,HDCC106,0101,Jeffrey Everett,13,13,0,2026-10-09 05:49:45,2026-10-09 05:49:45.888
2026-10-09 05:36:45,HDCC106,0201,William Evans,13,13,0,2026-10-09 05:49:45,2026-10-09 05:49:45.888
2026-10-09 05:36:45,HDCC106,0301,Grant Bollmer,13,13,0,2026-10-09 05:49:45,2026-10-09 05:49:45.888
2026-10-09 05:36:45,HDCC106,0401,Cliff Bakalian,13,13,0,2026-10-09 05:49:45,2026-10-09 05:49:45.888
2026-10-09 05:36:45,HDCC106,0501,Katherine Izsak,13,13,0,2026-10-09 05:49:45,2026-10-09 05:49:45.889
2026-10-09 05:36:45,HDCC209B,0101,Katherine Macyshyn,16,16,0,2026-10-09 05:49:46,2026-10-09 05:49:46.247
2026-10-09 05:36:45,HDCC209C,0101,Josue Porras-Fernandez,16,16,0,2026-10-09 05:49:46,2026-10-09 05:49:46.601
2026-10-09 05:36:45,HDCC209D,0101,Kaisha Snowden,16,16,0,2026-10-09 05:49:46,2026-10-09 05:49:46.980
2026-10-09 05:36:45,HDCC209E,0101,Antwon Key,16,16,0,2026-10-09 05:49:47,2026-10-09 05:49:47.339
2026-10-09 05:36:45,HEBR107,0101,Avital Karpman,15,15,0,2026-10-09 05:49:49,2026-10-09 05:49:49.338
2026-10-09 05:36:45,HEBR107,0201,Avital Karpman,15,15,0,2026-10-09 05:49:49,2026-10-09 05:49:49.338
2026-10-09 05:36:45,HEBR207,0101,Avital Karpman,15,15,0,2026-10-09 05:49:49,2026-10-09 05:49:49.694
2026-10-09 05:36:45,HEBR249A,0101,Aliza Sandalon,15,15,0,2026-10-09 05:49:50,2026-10-09 05:49:50.056
2026-10-09 05:36:45,HEBR314,0101,Aliza Sandalon,20,20,0,2026-10-09 05:49:50,2026-10-09 05:49:50.417
2026-10-09 05:36:45,HEBR488,0101,Bernard Cooperman,10,10,0,2026-10-09 05:49:51,2026-10-09 05:49:51.123
2026-10-09 05:36:45,HEBR488,0102,Aner Tal,10,10,0,2026-10-09 05:49:51,2026-10-09 05:49:51.123
2026-10-09 05:36:45,HGLO298,0101,Daniel Tuke,30,30,0,2026-10-09 05:50:14,2026-10-09 05:50:14.596
2026-10-09 05:36:45,HHUM106,0101,Sarah Humud,17,17,0,2026-10-09 05:50:16,2026-10-09 05:50:16.469
2026-10-09 05:36:45,HHUM106,0102,Sarah Humud,17,17,0,2026-10-09 05:50:16,2026-10-09 05:50:16.469
2026-10-09 05:36:45,HHUM106,0103,Sarah Humud,17,17,0,2026-10-09 05:50:16,2026-10-09 05:50:16.469
2026-10-09 05:36:45,HHUM106,0104,Sarah Humud,17,17,0,2026-10-09 05:50:16,2026-10-09 05:50:16.470
2026-10-09 05:36:45,HHUM206,0101,Sarah Humud,15,15,0,2026-10-09 05:50:16,2026-10-09 05:50:16.836
2026-10-09 05:36:45,HHUM206,0102,Sarah Humud,15,15,0,2026-10-09 05:50:16,2026-10-09 05:50:16.836
2026-10-09 05:36:45,HHUM206,0103,Carla Della Gatta,15,15,0,2026-10-09 05:50:16,2026-10-09 05:50:16.836
2026-10-09 05:36:45,HHUM206,0104,Sarah Humud,15,15,0,2026-10-09 05:50:16,2026-10-09 05:50:16.836
2026-10-09 05:36:45,HHUM328,0101,Sarah Humud,20,20,0,2026-10-09 05:50:17,2026-10-09 05:50:17.191
2026-10-09 05:36:45,HHUM329,0101,Sarah Humud,5,5,0,2026-10-09 05:50:17,2026-10-09 05:50:17.691
2026-10-09 05:36:45,HISP200,0101,Stefan Woehlke,22,22,0,2026-10-09 05:50:19,2026-10-09 05:50:19.976
2026-10-09 05:36:45,HISP200,0102,Stefan Woehlke,22,22,0,2026-10-09 05:50:19,2026-10-09 05:50:19.976
2026-10-09 05:36:45,HISP200,0103,Stefan Woehlke,22,22,0,2026-10-09 05:50:19,2026-10-09 05:50:19.977
2026-10-09 05:36:45,HISP200,0104,Stefan Woehlke,22,22,0,2026-10-09 05:50:19,2026-10-09 05:50:19.977
2026-10-09 05:36:45,HISP200,0105,Stefan Woehlke,22,22,0,2026-10-09 05:50:19,2026-10-09 05:50:19.977
2026-10-09 05:36:45,HISP319E,0101,Michelle Magalong,20,20,0,2026-10-09 05:50:20,2026-10-09 05:50:20.342
2026-10-09 05:36:45,HISP319S,0101,Michelle Magalong,30,30,0,2026-10-09 05:50:20,2026-10-09 05:50:20.692
2026-10-09 05:36:45,HISP619E,0101,Michelle Magalong,24,24,0,2026-10-09 05:50:21,2026-10-09 05:50:21.047
2026-10-09 05:36:45,HISP619O,0101,Stefan Woehlke,5,5,0,2026-10-09 05:50:21,2026-10-09 05:50:21.401
2026-10-09 05:36:45,HISP630,0101,Rhonda Sincavage,15,15,0,2026-10-09 05:50:21,2026-10-09 05:50:21.756
2026-10-09 05:36:45,HISP635,0101,Eola Dance,10,10,0,2026-10-09 05:50:22,2026-10-09 05:50:22.114
2026-10-09 05:36:45,HISP640,0101,Frederick Stachura,15,15,0,2026-10-09 05:50:22,2026-10-09 05:50:22.469
2026-10-09 05:36:45,HISP655,0101,Donald Linebaugh,15,15,0,2026-10-09 05:50:22,2026-10-09 05:50:22.828
2026-10-09 05:36:45,HISP660,0101,Instructor: TBA,15,15,0,2026-10-09 05:50:23,2026-10-09 05:50:23.184
2026-10-09 05:36:45,HISP670,0101,Alfonso Narvaez,15,15,0,2026-10-09 05:50:23,2026-10-09 05:50:23.542
2026-10-09 05:36:45,HISP690,0101,Donald Linebaugh,15,15,0,2026-10-09 05:50:23,2026-10-09 05:50:23.903
2026-10-09 05:36:45,HISP701,0101,Instructor: TBA,5,5,0,2026-10-09 05:50:24,2026-10-09 05:50:24.305
2026-10-09 05:36:45,HISP710,0101,Susan Kern,15,15,0,2026-10-09 05:50:24,2026-10-09 05:50:24.664
2026-10-09 05:36:45,HISP711,0101,Susan Kern,15,15,0,2026-10-09 05:50:25,2026-10-09 05:50:25.034
2026-10-09 05:36:45,HLSC102,0101,Sabrina Kramer,94,94,0,2026-10-09 05:50:56,2026-10-09 05:50:56.171
2026-10-09 05:36:45,HLSC102,0102,Jalah Townsend,35,35,0,2026-10-09 05:50:56,2026-10-09 05:50:56.171
2026-10-09 05:36:45,HLSC227,0101,Najib El-Sayed,25,25,0,2026-10-09 05:50:56,2026-10-09 05:50:56.521
2026-10-09 05:36:45,HLSC322,0101,Sabrina Kramer,23,23,0,2026-10-09 05:50:56,2026-10-09 05:50:56.972
2026-10-09 05:36:45,HLSC322,0102,Sabrina Kramer,23,23,0,2026-10-09 05:50:56,2026-10-09 05:50:56.972
2026-10-09 05:36:45,HLSC322,0103,Sabrina Kramer,23,23,0,2026-10-09 05:50:56,2026-10-09 05:50:56.972
2026-10-09 05:36:45,HLSC322,0104,Sabrina Kramer,23,23,0,2026-10-09 05:50:56,2026-10-09 05:50:56.972
2026-10-09 05:36:45,HLSC329,0101,Sabrina Kramer,12,12,0,2026-10-09 05:50:57,2026-10-09 05:50:57.330
2026-10-09 05:36:45,HNUH100,0101,Max Barnewitz,10,10,0,2026-10-09 05:51:15,2026-10-09 05:51:15.147
2026-10-09 05:36:45,HNUH218D,0101,Brian Gilmore,50,50,0,2026-10-09 05:51:15,2026-10-09 05:51:15.532
2026-10-09 05:36:45,HNUH218L,0101,Shauna Rigaud,20,20,0,2026-10-09 05:51:15,2026-10-09 05:51:15.919
2026-10-09 05:36:45,HNUH218L,0201,Shauna Rigaud,20,20,0,2026-10-09 05:51:15,2026-10-09 05:51:15.919
2026-10-09 05:36:45,HNUH218M,0101,Ebonie Johnson Cooper,20,20,0,2026-10-09 05:51:16,2026-10-09 05:51:16.270
2026-10-09 05:36:45,HNUH218N,0101,Sujith Kumar,20,20,0,2026-10-09 05:51:16,2026-10-09 05:51:16.621
2026-10-09 05:36:45,HNUH228D,0101,Matthew McLaughlin,60,60,0,2026-10-09 05:51:16,2026-10-09 05:51:16.985
2026-10-09 05:36:45,HNUH228L,0101,Alena Wigodner,20,20,0,2026-10-09 05:51:17,2026-10-09 05:51:17.335
2026-10-09 05:36:45,HNUH228L,0201,Alena Wigodner,20,20,0,2026-10-09 05:51:17,2026-10-09 05:51:17.335
2026-10-09 05:36:45,HNUH228M,0101,Ted Baker,20,20,0,2026-10-09 05:51:17,2026-10-09 05:51:17.709
2026-10-09 05:36:45,HNUH229P,0101,Tyson Slocum,20,20,0,2026-10-09 05:51:18,2026-10-09 05:51:18.073
2026-10-09 05:36:45,HNUH238D,0101,Susan Moeller,60,60,0,2026-10-09 05:51:18,2026-10-09 05:51:18.719
2026-10-09 05:36:45,HNUH238L,0101,Kimberly Johnson,20,20,0,2026-10-09 05:51:19,2026-10-09 05:51:19.078
2026-10-09 05:36:45,HNUH238L,0201,Kimberly Johnson,20,20,0,2026-10-09 05:51:19,2026-10-09 05:51:19.078
2026-10-09 05:36:45,HNUH238M,0101,Daniel Reck,20,20,0,2026-10-09 05:51:20,2026-10-09 05:51:20.225
2026-10-09 05:36:45,HNUH239I,0101,Jon Crocker,20,20,0,2026-10-09 05:51:20,2026-10-09 05:51:20.585
2026-10-09 05:36:45,HNUH248D,0101,Juan Uriagereka,45,45,0,2026-10-09 05:51:20,2026-10-09 05:51:20.942
2026-10-09 05:36:45,HNUH248L,0101,Robert Graham,20,20,0,2026-10-09 05:51:21,2026-10-09 05:51:21.301
2026-10-09 05:36:45,HNUH249T,0101,Daniel Rosenthal,20,20,0,2026-10-09 05:51:21,2026-10-09 05:51:21.948
2026-10-09 05:36:45,HNUH258C,0101,Bill Fagan,55,55,0,2026-10-09 05:51:22,2026-10-09 05:51:22.306
2026-10-09 05:36:45,HNUH258O,0101,Amy Green,20,20,0,2026-10-09 05:51:22,2026-10-09 05:51:22.677
2026-10-09 05:36:45,HNUH259T,0101,Ingrid Satelmajer,20,20,0,2026-10-09 05:51:23,2026-10-09 05:51:23.062
2026-10-09 05:36:45,HNUH268C,0101,Perla Guerrero,60,60,0,2026-10-09 05:51:23,2026-10-09 05:51:23.415
2026-10-09 05:36:45,HNUH268Q,0101,Binod Paudyal,20,20,0,2026-10-09 05:51:23,2026-10-09 05:51:23.792
2026-10-09 05:36:45,HNUH268R,0201,Vasfiye Toprak,20,20,0,2026-10-09 05:51:24,2026-10-09 05:51:24.165
2026-10-09 05:36:45,HNUH269T,0101,James Stillwell,20,20,0,2026-10-09 05:51:24,2026-10-09 05:51:24.525
2026-10-09 05:36:45,HNUH278C,0101,Chinyere Osuji,60,60,0,2026-10-09 05:51:24,2026-10-09 05:51:24.896
2026-10-09 05:36:45,HNUH278I,0101,Marisa Franco,20,20,0,2026-10-09 05:51:25,2026-10-09 05:51:25.254
2026-10-09 05:36:45,HNUH278I,0201,Marisa Franco,20,20,0,2026-10-09 05:51:25,2026-10-09 05:51:25.254
2026-10-09 05:36:45,HNUH278O,0101,DeNeen Brown,20,20,0,2026-10-09 05:51:25,2026-10-09 05:51:25.620
2026-10-09 05:36:45,HNUH278Q,0101,Katherine Coogan,20,20,0,2026-10-09 05:51:25,2026-10-09 05:51:25.976
2026-10-09 05:36:45,HNUH278R,0101,Max Barnewitz,20,20,0,2026-10-09 05:51:26,2026-10-09 05:51:26.340
2026-10-09 05:36:45,HNUH288C,0101,Julia Steinberg,30,30,0,2026-10-09 05:51:26,2026-10-09 05:51:26.701
2026-10-09 05:36:45,HNUH288C,0102,Julia Steinberg,30,30,0,2026-10-09 05:51:26,2026-10-09 05:51:26.701
2026-10-09 05:36:45,HNUH288O,0101,Ariana Nash,20,20,0,2026-10-09 05:51:27,2026-10-09 05:51:27.059
2026-10-09 05:36:45,HNUH300,0201,Vasfiye Toprak,20,20,0,2026-10-09 05:51:27,2026-10-09 05:51:27.422
2026-10-09 05:36:45,HNUH300,0301,Shauna Rigaud,20,20,0,2026-10-09 05:51:27,2026-10-09 05:51:27.422
2026-10-09 05:36:45,HNUH300,0401,Vasfiye Toprak,20,20,0,2026-10-09 05:51:27,2026-10-09 05:51:27.422
2026-10-09 05:36:45,HNUH300,0501,Ingrid Satelmajer,20,20,0,2026-10-09 05:51:27,2026-10-09 05:51:27.423
2026-10-09 05:36:45,HNUH300,0701,Jordan Johnson,20,20,0,2026-10-09 05:51:27,2026-10-09 05:51:27.423
2026-10-09 05:36:45,HNUH300,0801,Instructor: TBA,20,20,0,2026-10-09 05:51:27,2026-10-09 05:51:27.423
2026-10-09 05:36:45,HNUH300,0901,Alena Wigodner,20,20,0,2026-10-09 05:51:27,2026-10-09 05:51:27.423
2026-10-09 05:36:45,HNUH300,1001,Robert Graham,20,20,0,2026-10-09 05:51:27,2026-10-09 05:51:27.423
2026-10-09 05:36:45,HNUH300,1101,Max Barnewitz,20,20,0,2026-10-09 05:51:27,2026-10-09 05:51:27.423
2026-10-09 05:36:45,HNUH398P,0101,Jayakumar Arasan,120,120,0,2026-10-09 05:51:27,2026-10-09 05:51:27.779
2026-10-09 05:36:45,HNUH398P,0201,Jayakumar Arasan,120,120,0,2026-10-09 05:51:27,2026-10-09 05:51:27.779
2026-10-09 05:36:45,HONR379W,0101,Blake Wilder,15,15,0,2026-10-09 05:51:29,2026-10-09 05:51:29.418
2026-10-09 05:36:45,IDEA201,0101,Mira Azarm,20,20,0,2026-10-09 05:51:31,2026-10-09 05:51:31.067
2026-10-09 05:36:45,IDEA201,0102,Christina Hnatov,10,10,0,2026-10-09 05:51:31,2026-10-09 05:51:31.067
2026-10-09 05:36:45,IDEA201,0103,Brooke Smith,60,60,0,2026-10-09 05:51:31,2026-10-09 05:51:31.068
2026-10-09 05:36:45,IDEA201,0104,Brooke Smith,60,60,0,2026-10-09 05:51:31,2026-10-09 05:51:31.068
2026-10-09 05:36:45,IDEA311,0101,Brooke Smith,40,40,0,2026-10-09 05:51:31,2026-10-09 05:51:31.430
2026-10-09 05:36:45,IDEA311,0102,Brooke Smith,15,15,0,2026-10-09 05:51:31,2026-10-09 05:51:31.430
2026-10-09 05:36:45,IDEA312,0101,Meredith Kaunitz,15,15,0,2026-10-09 05:51:31,2026-10-09 05:51:31.798
2026-10-09 05:36:45,IMDM101,0101,Stevens Miller,30,30,0,2026-10-09 05:51:34,2026-10-09 05:51:34.224
2026-10-09 05:36:45,IMDM101,0201,Stevens Miller,30,30,0,2026-10-09 05:51:34,2026-10-09 05:51:34.225
2026-10-09 05:36:45,IMDM101,0301,Myungin Lee,30,30,0,2026-10-09 05:51:34,2026-10-09 05:51:34.225
2026-10-09 05:36:45,IMDM127,0101,Matthew Nolan,30,30,0,2026-10-09 05:51:34,2026-10-09 05:51:34.595
2026-10-09 05:36:45,IMDM150,0101,Cy Keener,45,45,0,2026-10-09 05:51:34,2026-10-09 05:51:34.948
2026-10-09 05:36:45,IMDM290,0101,Myungin Lee,30,30,0,2026-10-09 05:51:35,2026-10-09 05:51:35.311
2026-10-09 05:36:45,IMDM290,0201,Myungin Lee,30,30,0,2026-10-09 05:51:35,2026-10-09 05:51:35.311
2026-10-09 05:36:45,IMDM351,0101,Georgia Creson,15,15,0,2026-10-09 05:51:35,2026-10-09 05:51:35.704
2026-10-09 05:36:45,IMDM390,0101,Stefano Passeri,30,30,0,2026-10-09 05:51:36,2026-10-09 05:51:36.055
2026-10-09 05:36:45,IMDM390,0201,Stefano Passeri,30,30,0,2026-10-09 05:51:36,2026-10-09 05:51:36.055
2026-10-09 05:36:45,IMDM491,0101,Matthew Nolan,30,30,0,2026-10-09 05:51:36,2026-10-09 05:51:36.772
2026-10-09 05:36:45,IMDM491,0201,Matthew Nolan,30,30,0,2026-10-09 05:51:36,2026-10-09 05:51:36.772
2026-10-09 05:36:45,IMDM498I,0101,Snehesh Shrestha,16,16,0,2026-10-09 05:51:37,2026-10-09 05:51:37.134
2026-10-09 05:36:45,IMDM498J,0101,Yael Inbar,15,15,0,2026-10-09 05:51:37,2026-10-09 05:51:37.490
2026-10-09 05:36:45,IMMR200,0101,Instructor: TBA,40,40,0,2026-10-09 05:51:39,2026-10-09 05:51:39.492
2026-10-09 05:36:45,IMMR394,0101,Wenxi Yang,25,25,0,2026-10-09 05:51:39,2026-10-09 05:51:39.850
2026-10-09 05:36:45,IMMR399,0101,Christina Getrich,1,1,0,2026-10-09 05:51:40,2026-10-09 05:51:40.208
2026-10-09 05:36:45,INFM612,IM01,Instructor: TBA,40,40,0,2026-10-09 05:51:46,2026-10-09 05:51:46.592
2026-10-09 05:36:45,INFM737,IM01,David Loshin,40,40,0,2026-10-09 05:51:46,2026-10-09 05:51:46.954
2026-10-09 05:36:45,ISRL187,0101,Bernard Cooperman,23,23,0,2026-10-09 05:52:13,2026-10-09 05:52:13.056
2026-10-09 05:36:45,ISRL187,0102,Bernard Cooperman,23,23,0,2026-10-09 05:52:13,2026-10-09 05:52:13.056
2026-10-09 05:36:45,ISRL187,0103,Bernard Cooperman,23,23,0,2026-10-09 05:52:13,2026-10-09 05:52:13.056
2026-10-09 05:36:45,ISRL249O,0101,Aner Tal,35,35,0,2026-10-09 05:52:13,2026-10-09 05:52:13.494
2026-10-09 05:36:45,ISRL249P,0101,Aliza Sandalon,15,15,0,2026-10-09 05:52:13,2026-10-09 05:52:13.851
2026-10-09 05:36:45,ISRL282,0101,Shirelle Doughty,30,30,0,2026-10-09 05:52:14,2026-10-09 05:52:14.213
2026-10-09 05:36:45,ISRL329D,0101,Regev Ben-David,35,35,0,2026-10-09 05:52:14,2026-10-09 05:52:14.573
2026-10-09 05:36:45,ISRL329Y,0101,Marwa Maziad,30,30,0,2026-10-09 05:52:14,2026-10-09 05:52:14.931
2026-10-09 05:36:45,ISRL342,0101,Elli Lieberman,35,35,0,2026-10-09 05:52:15,2026-10-09 05:52:15.290
2026-10-09 05:36:45,ISRL349N,0101,Morad Elsana,30,30,0,2026-10-09 05:52:15,2026-10-09 05:52:15.644
2026-10-09 05:36:45,ISRL349W,0101,Avital Karpman,35,35,0,2026-10-09 05:52:16,2026-10-09 05:52:16.017
2026-10-09 05:36:45,ISRL372,0101,Shirelle Doughty,30,30,0,2026-10-09 05:52:16,2026-10-09 05:52:16.369
2026-10-09 05:36:45,ISRL380,0101,Regev Ben-David,35,35,0,2026-10-09 05:52:16,2026-10-09 05:52:16.725
2026-10-09 05:36:45,ISRL383,0101,Ilai Saltzman,35,35,0,2026-10-09 05:52:17,2026-10-09 05:52:17.079
2026-10-09 05:36:45,JAPN102,0101,Kumiko Akikawa,15,15,0,2026-10-09 05:52:23,2026-10-09 05:52:23.777
2026-10-09 05:36:45,JAPN102,0201,Kumiko Akikawa,15,15,0,2026-10-09 05:52:23,2026-10-09 05:52:23.777
2026-10-09 05:36:45,JAPN202,0101,Makiko Inoue,15,15,0,2026-10-09 05:52:24,2026-10-09 05:52:24.171
2026-10-09 05:36:45,JAPN202,0201,Makiko Inoue,15,15,0,2026-10-09 05:52:24,2026-10-09 05:52:24.171
2026-10-09 05:36:45,JAPN302,0101,Mari Hamada,15,15,0,2026-10-09 05:52:24,2026-10-09 05:52:24.531
2026-10-09 05:36:45,JAPN306,0101,Lindsay Yotsukura,15,15,0,2026-10-09 05:52:24,2026-10-09 05:52:24.885
2026-10-09 05:36:45,JAPN335,0101,Michele Mason,20,20,0,2026-10-09 05:52:25,2026-10-09 05:52:25.317
2026-10-09 05:36:45,JAPN355,0101,Jyana Browne,20,20,0,2026-10-09 05:52:25,2026-10-09 05:52:25.675
2026-10-09 05:36:45,JAPN361,0101,Jyana Browne,20,20,0,2026-10-09 05:52:26,2026-10-09 05:52:26.033
2026-10-09 05:36:45,JAPN425,0101,Michele Mason,30,30,0,2026-10-09 05:52:26,2026-10-09 05:52:26.748
2026-10-09 05:36:45,JAPN457,0101,Lindsay Yotsukura,15,15,0,2026-10-09 05:52:27,2026-10-09 05:52:27.109
2026-10-09 05:36:45,JWST187,0101,Bernard Cooperman,23,23,0,2026-10-09 05:52:52,2026-10-09 05:52:52.498
2026-10-09 05:36:45,JWST187,0102,Bernard Cooperman,23,23,0,2026-10-09 05:52:52,2026-10-09 05:52:52.498
2026-10-09 05:36:45,JWST187,0103,Bernard Cooperman,23,23,0,2026-10-09 05:52:52,2026-10-09 05:52:52.498
2026-10-09 05:36:45,JWST233,0101,Hayim Lapin,45,45,0,2026-10-09 05:52:52,2026-10-09 05:52:52.853
2026-10-09 05:36:45,JWST319A,0101,Daniel Richter,35,35,0,2026-10-09 05:52:53,2026-10-09 05:52:53.209
2026-10-09 05:36:45,JWST319J,0101,Nathan Levine,35,35,0,2026-10-09 05:52:53,2026-10-09 05:52:53.564
2026-10-09 05:36:45,JWST319P,0101,Lauren Kotkin,18,18,0,2026-10-09 05:52:53,2026-10-09 05:52:53.933
2026-10-09 05:36:45,JWST319Q,0101,Regev Ben-David,35,35,0,2026-10-09 05:52:54,2026-10-09 05:52:54.290
2026-10-09 05:36:45,JWST319W,0101,Avital Karpman,35,35,0,2026-10-09 05:52:54,2026-10-09 05:52:54.662
2026-10-09 05:36:45,JWST324,0101,Matthew Suriano,25,25,0,2026-10-09 05:52:55,2026-10-09 05:52:55.010
2026-10-09 05:36:45,JWST372,0101,Shirelle Doughty,30,30,0,2026-10-09 05:52:55,2026-10-09 05:52:55.368
2026-10-09 05:36:45,JWST386,0101,Instructor: TBA,5,5,0,2026-10-09 05:52:55,2026-10-09 05:52:55.727
2026-10-09 05:36:45,JWST419B,0101,Bernard Cooperman,20,20,0,2026-10-09 05:52:56,2026-10-09 05:52:56.434
2026-10-09 05:36:45,JWST427,0101,Matthew Suriano,15,15,0,2026-10-09 05:52:56,2026-10-09 05:52:56.787
2026-10-09 05:36:45,JWST469C,0101,Bernard Cooperman,10,10,0,2026-10-09 05:52:57,2026-10-09 05:52:57.148
2026-10-09 05:36:45,KORA101,0101,Seong Minne Koh,15,15,0,2026-10-09 05:53:29,2026-10-09 05:53:29.304
2026-10-09 05:36:45,KORA102,0101,Saerom Kwak,15,15,0,2026-10-09 05:53:29,2026-10-09 05:53:29.660
2026-10-09 05:36:45,KORA102,0201,Saerom Kwak,15,15,0,2026-10-09 05:53:29,2026-10-09 05:53:29.661
2026-10-09 05:36:45,KORA102,0301,Saerom Kwak,15,15,0,2026-10-09 05:53:29,2026-10-09 05:53:29.661
2026-10-09 05:36:45,KORA102,0401,Saerom Kwak,15,15,0,2026-10-09 05:53:29,2026-10-09 05:53:29.661
2026-10-09 05:36:45,KORA202,0101,Seong Minne Koh,15,15,0,2026-10-09 05:53:30,2026-10-09 05:53:30.019
2026-10-09 05:36:45,KORA202,0301,Seong Minne Koh,15,15,0,2026-10-09 05:53:30,2026-10-09 05:53:30.020
2026-10-09 05:36:45,KORA398O,0101,Instructor: TBA,10,10,0,2026-10-09 05:53:30,2026-10-09 05:53:30.372
2026-10-09 05:36:45,KORA398V,0101,Seong Minne Koh,10,10,0,2026-10-09 05:53:30,2026-10-09 05:53:30.742
2026-10-09 05:36:45,LEAD217,0101,Festus Ainoo,25,25,0,2026-10-09 05:53:55,2026-10-09 05:53:55.554
2026-10-09 05:36:45,LEAD217,0201,Festus Ainoo,25,25,0,2026-10-09 05:53:55,2026-10-09 05:53:55.554
2026-10-09 05:36:45,LEAD321,0101,Courtney Holder,10,10,0,2026-10-09 05:53:55,2026-10-09 05:53:55.956
2026-10-09 05:36:45,LEAD417,0101,Anastasia Lavrenyuk,20,20,0,2026-10-09 05:53:56,2026-10-09 05:53:56.321
2026-10-09 05:36:45,LGBT200,0101,Sayan Bhattacharya,25,25,0,2026-10-09 05:53:57,2026-10-09 05:53:57.983
2026-10-09 05:36:45,LGBT200,0102,Sayan Bhattacharya,25,25,0,2026-10-09 05:53:57,2026-10-09 05:53:57.984
2026-10-09 05:36:45,LGBT265,0201,Instructor: TBA,30,30,0,2026-10-09 05:53:58,2026-10-09 05:53:58.342
2026-10-09 05:36:45,LGBT306,0101,Sydney Lewis,30,30,0,2026-10-09 05:53:58,2026-10-09 05:53:58.698
2026-10-09 05:36:45,LGBT310,0101,Sayan Bhattacharya,25,25,0,2026-10-09 05:53:59,2026-10-09 05:53:59.053
2026-10-09 05:36:45,LGBT338F,0101,Alexis Lothian,30,30,0,2026-10-09 05:53:59,2026-10-09 05:53:59.415
2026-10-09 05:36:45,LGBT475,0101,Sydney Lewis,20,20,0,2026-10-09 05:53:59,2026-10-09 05:53:59.762
2026-10-09 05:36:45,MLAW150,0101,David Gray,25,25,0,2026-10-09 05:54:40,2026-10-09 05:54:40.813
2026-10-09 05:36:45,MLAW150,0102,David Gray,25,25,0,2026-10-09 05:54:40,2026-10-09 05:54:40.813
2026-10-09 05:36:45,MLAW150,0103,David Gray,25,25,0,2026-10-09 05:54:40,2026-10-09 05:54:40.813
2026-10-09 05:36:45,MLAW304,0101,Christine White,40,40,0,2026-10-09 05:54:41,2026-10-09 05:54:41.177
2026-10-09 05:36:45,MLAW305,0201,Brian Gilmore,60,60,0,2026-10-09 05:54:41,2026-10-09 05:54:41.538
2026-10-09 05:36:45,MLAW325,0101,Grace Benton,12,12,0,2026-10-09 05:54:41,2026-10-09 05:54:41.914
2026-10-09 05:36:45,MLAW358W,0101,Michael Spivey,25,25,0,2026-10-09 05:54:42,2026-10-09 05:54:42.280
2026-10-09 05:36:45,MLAW358W,0102,Michael Spivey,25,25,0,2026-10-09 05:54:42,2026-10-09 05:54:42.280
2026-10-09 05:36:45,MLAW358W,0103,Michael Spivey,25,25,0,2026-10-09 05:54:42,2026-10-09 05:54:42.281
2026-10-09 05:36:45,MLAW358W,0104,Michael Spivey,25,25,0,2026-10-09 05:54:42,2026-10-09 05:54:42.281
2026-10-09 05:36:45,MLAW358W,0105,Michael Spivey,25,25,0,2026-10-09 05:54:42,2026-10-09 05:54:42.281
2026-10-09 05:36:45,MLAW358W,0106,Michael Spivey,25,25,0,2026-10-09 05:54:42,2026-10-09 05:54:42.281
2026-10-09 05:36:45,MLAW358Y,0101,Martin Kobren,5,5,0,2026-10-09 05:54:42,2026-10-09 05:54:42.651
2026-10-09 05:36:45,MLAW358Z,0101,Christine White,19,19,0,2026-10-09 05:54:43,2026-10-09 05:54:43.010
2026-10-09 05:36:45,MLAW359,0101,Brandee Pettus,8,8,0,2026-10-09 05:54:43,2026-10-09 05:54:43.363
2026-10-09 05:36:45,MLAW378E,0101,Brandee Pettus,5,5,0,2026-10-09 05:54:43,2026-10-09 05:54:43.722
2026-10-09 05:36:45,MLAW378F,0101,Brian Gilmore,15,15,0,2026-10-09 05:54:44,2026-10-09 05:54:44.080
2026-10-09 05:36:45,MLAW378J,0101,Natalie Ram,20,20,0,2026-10-09 05:54:44,2026-10-09 05:54:44.430
2026-10-09 05:36:45,MLAW378T,0101,Marley Weiss,20,20,0,2026-10-09 05:54:44,2026-10-09 05:54:44.786
2026-10-09 05:36:45,MLAW388,0101,Brandee Pettus,33,33,0,2026-10-09 05:54:45,2026-10-09 05:54:45.151
2026-10-09 05:36:45,MLAW388,0201,Brandee Pettus,6,6,0,2026-10-09 05:54:45,2026-10-09 05:54:45.152
2026-10-09 05:36:45,MLAW404,0101,Christine White,75,75,0,2026-10-09 05:54:45,2026-10-09 05:54:45.498
2026-10-09 05:36:45,MSAI632,PCS1,Mohammad Nayeem Teli,50,50,0,2026-10-09 05:54:47,2026-10-09 05:54:47.140
2026-10-09 05:36:45,MSAI633,PCS1,Tammy Perrin,44,44,0,2026-10-09 05:54:47,2026-10-09 05:54:47.499
2026-10-09 05:36:45,NAVY101,0101,Beau Cisneros,30,30,0,2026-10-09 05:55:25,2026-10-09 05:55:25.275
2026-10-09 05:36:45,NAVY108,0101,Christopher Boehm,150,150,0,2026-10-09 05:55:25,2026-10-09 05:55:25.628
2026-10-09 05:36:45,NAVY201,0101,Austin Cranfill,30,30,0,2026-10-09 05:55:25,2026-10-09 05:55:25.977
2026-10-09 05:36:45,NAVY301,0101,Beau Cisneros,35,35,0,2026-10-09 05:55:26,2026-10-09 05:55:26.336
2026-10-09 05:36:45,NAVY401,0101,John Gonser,36,36,0,2026-10-09 05:55:26,2026-10-09 05:55:26.688
2026-10-09 05:36:45,NAVY402,0102,Jenna Weiner,25,25,0,2026-10-09 05:55:27,2026-10-09 05:55:27.048
2026-10-09 05:36:45,NEUR200,0101,Ana Navarro Cebrian,90,90,0,2026-10-09 05:55:28,2026-10-09 05:55:28.719
2026-10-09 05:36:45,NEUR200,0201,Ana Navarro Cebrian,90,90,0,2026-10-09 05:55:28,2026-10-09 05:55:28.719
2026-10-09 05:36:45,NEUR305,0101,Amanda Chicoli,90,90,0,2026-10-09 05:55:29,2026-10-09 05:55:29.074
2026-10-09 05:36:45,NEUR306,0101,Chan Lin,64,64,0,2026-10-09 05:55:29,2026-10-09 05:55:29.438
2026-10-09 05:36:45,NEUR306,0102,Melissa Caras,40,40,0,2026-10-09 05:55:29,2026-10-09 05:55:29.439
2026-10-09 05:36:45,NEUR338A,0101,Amanda Chicoli,20,20,0,2026-10-09 05:55:30,2026-10-09 05:55:30.145
2026-10-09 05:36:45,NEUR398H,0101,Nikolas Francis,20,20,0,2026-10-09 05:55:31,2026-10-09 05:55:31.213
2026-10-09 05:36:45,NEUR405,0101,Hilary Bierman,16,16,0,2026-10-09 05:55:31,2026-10-09 05:55:31.566
2026-10-09 05:36:45,NEUR405,0102,Hilary Bierman,16,16,0,2026-10-09 05:55:31,2026-10-09 05:55:31.566
2026-10-09 05:36:45,NEUR405,0103,Hilary Bierman,16,16,0,2026-10-09 05:55:31,2026-10-09 05:55:31.566
2026-10-09 05:36:45,NEUR405,0106,Hilary Bierman,16,16,0,2026-10-09 05:55:31,2026-10-09 05:55:31.566
2026-10-09 05:36:45,PEER318,0101,Christina Jay,15,15,0,2026-10-09 05:55:42,2026-10-09 05:55:43.001
2026-10-09 05:36:45,PEER319,0101,Grace Boudreau,15,15,0,2026-10-09 05:55:43,2026-10-09 05:55:43.352
2026-10-09 05:36:45,PEER322,0101,Aleia Gardner,15,15,0,2026-10-09 05:55:43,2026-10-09 05:55:43.706
2026-10-09 05:36:45,PHPE308A,0101,Rachel Singpurwalla,25,25,0,2026-10-09 05:55:55,2026-10-09 05:55:55.054
2026-10-09 05:36:45,PHPE308M,0101,Eric Pacuit,30,30,0,2026-10-09 05:55:55,2026-10-09 05:55:55.412
2026-10-09 05:36:45,PHPE308P,0101,Xinzhi Zhao,30,30,0,2026-10-09 05:55:55,2026-10-09 05:55:55.770
2026-10-09 05:36:45,PHPE308U,0101,Aner Tal,35,35,0,2026-10-09 05:55:56,2026-10-09 05:55:56.126
2026-10-09 05:36:45,PHPE308Z,0101,Hallie Liberto,30,30,0,2026-10-09 05:55:56,2026-10-09 05:55:56.483
2026-10-09 05:36:45,PHPE400,0101,Instructor: TBA,30,30,0,2026-10-09 05:55:57,2026-10-09 05:55:57.179
2026-10-09 05:36:45,PHPE401,0101,Xinzhi Zhao,27,27,0,2026-10-09 05:55:57,2026-10-09 05:55:57.531
2026-10-09 05:36:45,PHPE401,0102,Xinzhi Zhao,27,27,0,2026-10-09 05:55:57,2026-10-09 05:55:57.532
2026-10-09 05:36:45,PHPE402,0101,Ben Fan,30,30,0,2026-10-09 05:55:57,2026-10-09 05:55:57.888
2026-10-09 05:36:45,PHPE408M,0101,Nicholas Laskowski,25,25,0,2026-10-09 05:55:58,2026-10-09 05:55:58.258
2026-10-09 05:36:45,PHPE408Q,0101,Samuel Kerstein,20,20,0,2026-10-09 05:55:58,2026-10-09 05:55:58.620
2026-10-09 05:36:45,PHPE408Z,0101,Avia Pasternak,30,30,0,2026-10-09 05:55:58,2026-10-09 05:55:58.970
2026-10-09 05:36:45,PHSC399,0101,Shannon Edward,30,30,0,2026-10-09 05:56:00,2026-10-09 05:56:00.997
2026-10-09 05:36:45,PHSC399,ESG1,Shannon Edward,20,20,0,2026-10-09 05:56:00,2026-10-09 05:56:00.997
2026-10-09 05:36:45,PHSC415,0101,Jessica O'Hara,36,36,0,2026-10-09 05:56:01,2026-10-09 05:56:01.417
2026-10-09 05:36:45,PHSC415,0102,Jessica O'Hara,36,36,0,2026-10-09 05:56:01,2026-10-09 05:56:01.417
2026-10-09 05:36:45,PHSC415,0103,Jessica O'Hara,36,36,0,2026-10-09 05:56:01,2026-10-09 05:56:01.417
2026-10-09 05:36:45,PHSC415,0104,Jessica O'Hara,36,36,0,2026-10-09 05:56:01,2026-10-09 05:56:01.417
2026-10-09 05:36:45,PHSC415,0105,Jessica O'Hara,36,36,0,2026-10-09 05:56:01,2026-10-09 05:56:01.417
2026-10-09 05:36:45,PHSC425,0101,Jennifer German,30,30,0,2026-10-09 05:56:01,2026-10-09 05:56:01.879
2026-10-09 05:36:45,PHSC440,0101,Kendall Bustad,35,35,0,2026-10-09 05:56:02,2026-10-09 05:56:02.270
2026-10-09 05:36:45,PHSC450,0101,Kendall Bustad,20,20,0,2026-10-09 05:56:02,2026-10-09 05:56:02.693
2026-10-09 05:36:45,PHSC450,0102,Kendall Bustad,20,20,0,2026-10-09 05:56:02,2026-10-09 05:56:02.693
2026-10-09 05:36:45,PHSC450,0103,Kendall Bustad,20,20,0,2026-10-09 05:56:02,2026-10-09 05:56:02.693
2026-10-09 05:36:45,PHSC450,0104,Kendall Bustad,20,20,0,2026-10-09 05:56:02,2026-10-09 05:56:02.693
2026-10-09 05:36:45,PHSC450,0105,Kendall Bustad,20,20,0,2026-10-09 05:56:02,2026-10-09 05:56:02.693
2026-10-09 05:36:45,PHSC450,0106,Kendall Bustad,20,20,0,2026-10-09 05:56:02,2026-10-09 05:56:02.694
2026-10-09 05:36:45,PHSC450,0107,Kendall Bustad,20,20,0,2026-10-09 05:56:02,2026-10-09 05:56:02.694
2026-10-09 05:36:45,PHSC490,0101,Shannon Edward,30,30,0,2026-10-09 05:56:03,2026-10-09 05:56:03.072
2026-10-09 05:36:45,PHSC497,0101,Gretchen De Silva,20,20,0,2026-10-09 05:56:03,2026-10-09 05:56:03.442
2026-10-09 05:36:45,PHSC497,0201,Kendall Bustad,20,20,0,2026-10-09 05:56:03,2026-10-09 05:56:03.442
2026-10-09 05:36:45,PHSC497,0301,Gretchen De Silva,20,20,0,2026-10-09 05:56:03,2026-10-09 05:56:03.442
2026-10-09 05:36:45,PHSC497,0401,Aysha Jawed,20,20,0,2026-10-09 05:56:03,2026-10-09 05:56:03.442
2026-10-09 05:36:45,PHSC497,0501,Jennifer German,20,20,0,2026-10-09 05:56:03,2026-10-09 05:56:03.442
2026-10-09 05:36:45,PHSC497,0601,Ann Truelove,20,20,0,2026-10-09 05:56:03,2026-10-09 05:56:03.442
2026-10-09 05:36:45,PHSC497,0701,Lakeshia Watson,20,20,0,2026-10-09 05:56:03,2026-10-09 05:56:03.442
2026-10-09 05:36:45,PHSC497,0801,Carmen Booker,20,20,0,2026-10-09 05:56:03,2026-10-09 05:56:03.443
2026-10-09 05:36:45,PHSC497,0901,Darya Soltani,20,20,0,2026-10-09 05:56:03,2026-10-09 05:56:03.443
2026-10-09 05:36:45,PHSC497,1001,Brienna Anderson,20,20,0,2026-10-09 05:56:03,2026-10-09 05:56:03.443
2026-10-09 05:36:45,PHSC497,1101,Margaret Smith,20,20,0,2026-10-09 05:56:03,2026-10-09 05:56:03.443
2026-10-09 05:36:45,PHSC497,1201,Eric Silfen,20,20,0,2026-10-09 05:56:03,2026-10-09 05:56:03.443
2026-10-09 05:36:45,PHSC497,1301,Lakeshia Watson,20,20,0,2026-10-09 05:56:03,2026-10-09 05:56:03.443
2026-10-09 05:36:45,RDEV250,0101,Wayne Ricardo Curtis,75,75,0,2026-10-09 05:57:09,2026-10-09 05:57:09.130
2026-10-09 05:36:45,RDEV250,0102,Wayne Ricardo Curtis,75,75,0,2026-10-09 05:57:09,2026-10-09 05:57:09.130
2026-10-09 05:36:45,RDEV270,0101,John Park,30,30,0,2026-10-09 05:57:09,2026-10-09 05:57:09.488
2026-10-09 05:36:45,RDEV350,0101,Jesse Saginor,25,25,0,2026-10-09 05:57:09,2026-10-09 05:57:09.844
2026-10-09 05:36:45,RDEV350,0102,Instructor: TBA,30,30,0,2026-10-09 05:57:09,2026-10-09 05:57:09.844
2026-10-09 05:36:45,RDEV410,0101,Peter Goldsmith,30,30,0,2026-10-09 05:57:10,2026-10-09 05:57:10.200
2026-10-09 05:36:45,RDEV415,0101,Bilal Ali,20,20,0,2026-10-09 05:57:10,2026-10-09 05:57:10.557
2026-10-09 05:36:45,RDEV445,0101,Matthew O'Malley,15,15,0,2026-10-09 05:57:10,2026-10-09 05:57:10.913
2026-10-09 05:36:45,RDEV450,0101,Kathryn Corby,30,30,0,2026-10-09 05:57:11,2026-10-09 05:57:11.281
2026-10-09 05:36:45,RDEV450,0102,Thomas Dwyer,20,20,0,2026-10-09 05:57:11,2026-10-09 05:57:11.281
2026-10-09 05:36:45,RDEV450,0103,John Park,30,30,0,2026-10-09 05:57:11,2026-10-09 05:57:11.281
2026-10-09 05:36:45,RDEV478D,0101,Jesse Saginor,20,20,0,2026-10-09 05:57:11,2026-10-09 05:57:11.629
2026-10-09 05:36:45,RDEV600,0101,Jesse Saginor,10,10,0,2026-10-09 05:57:11,2026-10-09 05:57:11.979
2026-10-09 05:36:45,RDEV603,0101,Thomas Dwyer,18,18,0,2026-10-09 05:57:12,2026-10-09 05:57:12.335
2026-10-09 05:36:45,RDEV610,0101,David Warner,20,20,0,2026-10-09 05:57:12,2026-10-09 05:57:12.696
2026-10-09 05:36:45,RDEV615,0101,Bilal Ali,20,20,0,2026-10-09 05:57:13,2026-10-09 05:57:13.054
2026-10-09 05:36:45,RDEV630,0101,Mansur Abdul-Malik,30,30,0,2026-10-09 05:57:13,2026-10-09 05:57:13.405
2026-10-09 05:36:45,RDEV650,0101,Matthew O'Malley,25,25,0,2026-10-09 05:57:13,2026-10-09 05:57:13.757
2026-10-09 05:36:45,RDEV689F,0101,Zachary Marks,20,20,0,2026-10-09 05:57:14,2026-10-09 05:57:14.115
2026-10-09 05:36:45,RDEV689I,0101,Ronald McDonald,14,14,0,2026-10-09 05:57:14,2026-10-09 05:57:14.518
2026-10-09 05:36:45,RDEV689R,0101,Nick Egelanian,15,15,0,2026-10-09 05:57:14,2026-10-09 05:57:14.888
2026-10-09 05:36:45,RDEV689Y,0101,Instructor: TBA,12,12,0,2026-10-09 05:57:15,2026-10-09 05:57:15.241
2026-10-09 05:36:45,RDEV690,0101,Tanya Bansal,12,12,0,2026-10-09 05:57:15,2026-10-09 05:57:15.604
2026-10-09 05:36:45,RELS170,0101,Katherine Wasdin,21,21,0,2026-10-09 05:57:17,2026-10-09 05:57:17.346
2026-10-09 05:36:45,RELS170,0102,Katherine Wasdin,21,21,0,2026-10-09 05:57:17,2026-10-09 05:57:17.346
2026-10-09 05:36:45,RELS170,0103,Katherine Wasdin,21,21,0,2026-10-09 05:57:17,2026-10-09 05:57:17.346
2026-10-09 05:36:45,RELS170,0104,Katherine Wasdin,21,21,0,2026-10-09 05:57:17,2026-10-09 05:57:17.346
2026-10-09 05:36:45,RELS170,0105,Katherine Wasdin,21,21,0,2026-10-09 05:57:17,2026-10-09 05:57:17.347
2026-10-09 05:36:45,RELS170,0106,Katherine Wasdin,21,21,0,2026-10-09 05:57:17,2026-10-09 05:57:17.347
2026-10-09 05:36:45,RELS170,0107,Katherine Wasdin,21,21,0,2026-10-09 05:57:17,2026-10-09 05:57:17.347
2026-10-09 05:36:45,RELS170,0108,Katherine Wasdin,21,21,0,2026-10-09 05:57:17,2026-10-09 05:57:17.347
2026-10-09 05:36:45,RELS170,0109,Katherine Wasdin,21,21,0,2026-10-09 05:57:17,2026-10-09 05:57:17.347
2026-10-09 05:36:45,RELS264,0101,Jay Moses,30,30,0,2026-10-09 05:57:17,2026-10-09 05:57:17.719
2026-10-09 05:36:45,RELS271,0101,Instructor: TBA,40,40,0,2026-10-09 05:57:18,2026-10-09 05:57:18.090
2026-10-09 05:36:45,RELS319Q,0101,Regev Ben-David,35,35,0,2026-10-09 05:57:18,2026-10-09 05:57:18.451
2026-10-09 05:36:45,RELS342,0101,Stefano Villani,27,27,0,2026-10-09 05:57:18,2026-10-09 05:57:18.810
2026-10-09 05:36:45,RELS427,0101,Matthew Suriano,15,15,0,2026-10-09 05:57:19,2026-10-09 05:57:19.190
2026-10-09 05:36:45,RELS429M,0101,Antoine Borrut,27,27,0,2026-10-09 05:57:19,2026-10-09 05:57:19.552
2026-10-09 05:36:45,RUSS102,0101,Inna Hardman,15,15,0,2026-10-09 05:57:21,2026-10-09 05:57:21.236
2026-10-09 05:36:45,RUSS102,0201,Inna Hardman,15,15,0,2026-10-09 05:57:21,2026-10-09 05:57:21.236
2026-10-09 05:36:45,RUSS202,0101,Zhanna Gerus-Vernola,15,15,0,2026-10-09 05:57:21,2026-10-09 05:57:21.593
2026-10-09 05:36:45,RUSS302,0101,Izolda Savenkova,15,15,0,2026-10-09 05:57:21,2026-10-09 05:57:21.947
2026-10-09 05:36:45,RUSS398A,0101,Instructor: TBA,15,15,0,2026-10-09 05:57:22,2026-10-09 05:57:22.689
2026-10-09 05:36:45,RUSS398F,0101,Elizabeth Papazian,25,25,0,2026-10-09 05:57:23,2026-10-09 05:57:23.041
2026-10-09 05:36:45,RUSS406,0101,Izolda Savenkova,15,15,0,2026-10-09 05:57:23,2026-10-09 05:57:23.748
2026-10-09 05:36:45,RUSS412,0101,Inna Hardman,15,15,0,2026-10-09 05:57:24,2026-10-09 05:57:24.101
2026-10-09 05:36:45,SDSB123,0101,Srijeeta Mitra,26,26,0,2026-10-09 05:57:26,2026-10-09 05:57:26.121
2026-10-09 05:36:45,SDSB180,0101,Srijeeta Mitra,155,155,0,2026-10-09 05:57:26,2026-10-09 05:57:26.474
2026-10-09 05:36:45,SDSB233,0101,Richard Engstrom,28,28,0,2026-10-09 05:57:26,2026-10-09 05:57:26.833
2026-10-09 05:36:45,SDSB233,0102,Richard Engstrom,28,28,0,2026-10-09 05:57:26,2026-10-09 05:57:26.834
2026-10-09 05:36:45,SDSB326,0101,Jacob Coutts,40,40,0,2026-10-09 05:57:27,2026-10-09 05:57:27.183
2026-10-09 05:36:45,SDSB340,0101,Neil Lund,24,24,0,2026-10-09 05:57:27,2026-10-09 05:57:27.540
2026-10-09 05:36:45,SDSI414,0101,Instructor: TBA,40,40,0,2026-10-09 05:57:29,2026-10-09 05:57:29.221
2026-10-09 05:36:45,SDSI414,0102,Instructor: TBA,40,40,0,2026-10-09 05:57:29,2026-10-09 05:57:29.221
2026-10-09 05:36:45,SDSI414,0103,Instructor: TBA,40,40,0,2026-10-09 05:57:29,2026-10-09 05:57:29.221
2026-10-09 05:36:45,SDSI414,0201,Instructor: TBA,40,40,0,2026-10-09 05:57:29,2026-10-09 05:57:29.221
2026-10-09 05:36:45,SDSI414,0202,Instructor: TBA,40,40,0,2026-10-09 05:57:29,2026-10-09 05:57:29.222
2026-10-09 05:36:45,SDSI492,0101,Instructor: TBA,45,45,0,2026-10-09 05:57:29,2026-10-09 05:57:29.587
2026-10-09 05:36:45,SDSI492,0103,Instructor: TBA,45,45,0,2026-10-09 05:57:29,2026-10-09 05:57:29.587
2026-10-09 05:36:45,SDSI492,0104,Andrew Fellows,35,35,0,2026-10-09 05:57:29,2026-10-09 05:57:29.587
2026-10-09 05:36:45,SDSI492,0105,Instructor: TBA,45,45,0,2026-10-09 05:57:29,2026-10-09 05:57:29.587
2026-10-09 05:36:45,SDSI492,0106,Instructor: TBA,45,45,0,2026-10-09 05:57:29,2026-10-09 05:57:29.587
2026-10-09 05:36:45,SDSI492,0107,TJ Rainsford,45,45,0,2026-10-09 05:57:29,2026-10-09 05:57:29.588
2026-10-09 05:36:45,SDSI492,0108,TJ Rainsford,45,45,0,2026-10-09 05:57:29,2026-10-09 05:57:29.588
2026-10-09 05:36:45,SDSI492,0110,Patrick Thornton,45,45,0,2026-10-09 05:57:29,2026-10-09 05:57:29.588
2026-10-09 05:36:45,SDSI496,0101,Jacob Coutts,25,25,0,2026-10-09 05:57:29,2026-10-09 05:57:29.955
2026-10-09 05:36:45,SMLP471,0101,Jennifer Hsin,60,60,0,2026-10-09 05:57:37,2026-10-09 05:57:37.405
2026-10-09 05:36:45,SMLP474,0101,Sara Herald,60,60,0,2026-10-09 05:57:37,2026-10-09 05:57:37.757
2026-10-09 05:36:45,SPHL100,0101,Shuling Wu,20,20,0,2026-10-09 05:58:05,2026-10-09 05:58:05.248
2026-10-09 05:36:45,SPHL100,0102,Shuling Wu,20,20,0,2026-10-09 05:58:05,2026-10-09 05:58:05.248
2026-10-09 05:36:45,SPHL100,0103,Shuling Wu,20,20,0,2026-10-09 05:58:05,2026-10-09 05:58:05.248
2026-10-09 05:36:45,SPHL100,0104,Shuling Wu,20,20,0,2026-10-09 05:58:05,2026-10-09 05:58:05.248
2026-10-09 05:36:45,SPHL100,0105,Shuling Wu,20,20,0,2026-10-09 05:58:05,2026-10-09 05:58:05.249
2026-10-09 05:36:45,SPHL100,0106,Shuling Wu,20,20,0,2026-10-09 05:58:05,2026-10-09 05:58:05.249
2026-10-09 05:36:45,SPHL100,0107,Shuling Wu,20,20,0,2026-10-09 05:58:05,2026-10-09 05:58:05.249
2026-10-09 05:36:45,SPHL100,0108,Shuling Wu,20,20,0,2026-10-09 05:58:05,2026-10-09 05:58:05.249
2026-10-09 05:36:45,SPHL100,0109,Shuling Wu,20,20,0,2026-10-09 05:58:05,2026-10-09 05:58:05.249
2026-10-09 05:36:45,SPHL100,0110,Shuling Wu,20,20,0,2026-10-09 05:58:05,2026-10-09 05:58:05.249
2026-10-09 05:36:45,SPHL100,0201,Shuling Wu,20,20,0,2026-10-09 05:58:05,2026-10-09 05:58:05.249
2026-10-09 05:36:45,SPHL100,0202,Shuling Wu,20,20,0,2026-10-09 05:58:05,2026-10-09 05:58:05.249
2026-10-09 05:36:45,SPHL100,0203,Shuling Wu,20,20,0,2026-10-09 05:58:05,2026-10-09 05:58:05.250
2026-10-09 05:36:45,SPHL100,0204,Shuling Wu,20,20,0,2026-10-09 05:58:05,2026-10-09 05:58:05.250
2026-10-09 05:36:45,SPHL100,0205,Shuling Wu,20,20,0,2026-10-09 05:58:05,2026-10-09 05:58:05.250
2026-10-09 05:36:45,SPHL100,0206,Shuling Wu,20,20,0,2026-10-09 05:58:05,2026-10-09 05:58:05.250
2026-10-09 05:36:45,SPHL100,0207,Shuling Wu,20,20,0,2026-10-09 05:58:05,2026-10-09 05:58:05.250
2026-10-09 05:36:45,SPHL100,0208,Shuling Wu,20,20,0,2026-10-09 05:58:05,2026-10-09 05:58:05.250
2026-10-09 05:36:45,SPHL246,0101,April Khaing,20,20,0,2026-10-09 05:58:05,2026-10-09 05:58:05.605
2026-10-09 05:36:45,SPHL276,0101,Dina Borzekowski,25,25,0,2026-10-09 05:58:05,2026-10-09 05:58:05.970
2026-10-09 05:36:45,SPHL321,0101,Sylvette La Touche-Howard,15,15,0,2026-10-09 05:58:06,2026-10-09 05:58:06.328
2026-10-09 05:36:45,SPHL333,0101,Cynthia Kershaw,75,75,0,2026-10-09 05:58:06,2026-10-09 05:58:06.683
2026-10-09 05:36:45,SPHL478,0101,Tracy Zeeger,10,10,0,2026-10-09 05:58:07,2026-10-09 05:58:07.395
2026-10-09 05:36:45,SPHL600,0101,Sylvette La Touche-Howard,8,8,0,2026-10-09 05:58:07,2026-10-09 05:58:07.753
2026-10-09 05:36:45,SPHL610,0101,Danielle Catona,22,22,0,2026-10-09 05:58:08,2026-10-09 05:58:08.131
2026-10-09 05:36:45,SPHL610,0102,Danielle Catona,22,22,0,2026-10-09 05:58:08,2026-10-09 05:58:08.132
2026-10-09 05:36:45,SPHL610,0103,Danielle Catona,22,22,0,2026-10-09 05:58:08,2026-10-09 05:58:08.132
2026-10-09 05:36:45,SPHL610,PLB1,Priscilla Novak,20,20,0,2026-10-09 05:58:08,2026-10-09 05:58:08.132
2026-10-09 05:36:45,SPHL610,PLH1,Priscilla Novak,28,28,0,2026-10-09 05:58:08,2026-10-09 05:58:08.132
2026-10-09 05:36:45,SPHL610,PLK1,Priscilla Novak,5,5,0,2026-10-09 05:58:08,2026-10-09 05:58:08.132
2026-10-09 05:36:45,SPHL611,0101,Danielle Catona,45,45,0,2026-10-09 05:58:08,2026-10-09 05:58:08.492
2026-10-09 05:36:45,SPHL611,0201,Danielle Catona,45,45,0,2026-10-09 05:58:08,2026-10-09 05:58:08.492
2026-10-09 05:36:45,SPHL611,PLB1,Evelyn King-Marshall,20,20,0,2026-10-09 05:58:08,2026-10-09 05:58:08.492
2026-10-09 05:36:45,SPHL611,PLH1,Evelyn King-Marshall,28,28,0,2026-10-09 05:58:08,2026-10-09 05:58:08.492
2026-10-09 05:36:45,SPHL611,PLK1,Evelyn King-Marshall,5,5,0,2026-10-09 05:58:08,2026-10-09 05:58:08.493
2026-10-09 05:36:45,SPHL612,0101,James Hagberg,15,15,0,2026-10-09 05:58:08,2026-10-09 05:58:08.846
2026-10-09 05:36:45,TLTC310,0101,Danielle Pafe,20,20,0,2026-10-09 05:58:43,2026-10-09 05:58:43.109
2026-10-09 05:36:45,TLTC333,0101,Mona Thompson,55,55,0,2026-10-09 05:58:43,2026-10-09 05:58:43.476
2026-10-09 05:36:45,TLTC333,0102,Mona Thompson,55,55,0,2026-10-09 05:58:43,2026-10-09 05:58:43.476
2026-10-09 05:36:45,TLTC333,0105,Mona Thompson,55,55,0,2026-10-09 05:58:43,2026-10-09 05:58:43.476
2026-10-09 05:36:45,URSP372,0101,Priscila Alves,20,20,0,2026-10-09 05:58:52,2026-10-09 05:58:52.625
2026-10-09 05:36:45,URSP488A,0101,Chengri Ding,30,30,0,2026-10-09 05:58:52,2026-10-09 05:58:52.978
2026-10-09 05:36:45,URSP600,0101,Kevin Nelson,25,25,0,2026-10-09 05:58:53,2026-10-09 05:58:53.336
2026-10-09 05:36:45,URSP603,0101,Dawn Jourdan,33,33,0,2026-10-09 05:58:53,2026-10-09 05:58:53.695
2026-10-09 05:36:45,URSP606,0101,Chengri Ding,15,15,0,2026-10-09 05:58:54,2026-10-09 05:58:54.054
2026-10-09 05:36:45,URSP631,0101,Hiroyuki Iseki,15,15,0,2026-10-09 05:58:54,2026-10-09 05:58:54.413
2026-10-09 05:36:45,URSP668B,0101,Eric Burnstein,20,20,0,2026-10-09 05:58:54,2026-10-09 05:58:54.769
2026-10-09 05:36:45,URSP673,0101,Riem ElZoghbi,25,25,0,2026-10-09 05:58:55,2026-10-09 05:58:55.125
2026-10-09 05:36:45,URSP688M,0101,Andrew Bernish,20,20,0,2026-10-09 05:58:55,2026-10-09 05:58:55.477
2026-10-09 05:36:45,URSP688P,0101,Sonja Ewing,15,15,0,2026-10-09 05:58:55,2026-10-09 05:58:55.831
2026-10-09 05:36:45,URSP688Y,0101,Chester Harvey,30,30,0,2026-10-09 05:58:56,2026-10-09 05:58:56.186
2026-10-09 05:36:45,URSP708,0101,Nicholas Finio,10,10,0,2026-10-09 05:58:56,2026-10-09 05:58:56.541
2026-10-09 05:36:45,URSP709,0101,Casey Dawkins,10,10,0,2026-10-09 05:58:56,2026-10-09 05:58:56.896
2026-10-09 05:36:45,URSP805,0101,Casey Dawkins,15,15,0,2026-10-09 05:58:58,2026-10-09 05:58:58.303
2026-10-09 05:36:45,USLT202,0101,Jasmin Pineda,26,26,0,2026-10-09 05:59:00,2026-10-09 05:59:00.692
2026-10-09 05:36:45,USLT403,0101,Perla Guerrero,20,20,0,2026-10-09 05:59:01,2026-10-09 05:59:01.050
2026-10-09 05:36:45,USLT420,0101,Robert Chester,27,27,0,2026-10-09 05:59:01,2026-10-09 05:59:01.431
2026-10-09 05:36:45,USLT488,0101,Nancy Mirabal,30,30,0,2026-10-09 05:59:01,2026-10-09 05:59:01.849
2026-10-09 05:36:45,USLT498L,0101,Fernando Rios,12,12,0,2026-10-09 05:59:02,2026-10-09 05:59:02.242
2026-10-09 05:36:45,VIPS208,0102,Ken Kiger,10,10,0,2026-10-09 05:59:03,2026-10-09 05:59:03.909
2026-10-09 05:36:45,VIPS208,0103,Bryan Quinn,10,10,0,2026-10-09 05:59:03,2026-10-09 05:59:03.909
2026-10-09 05:36:45,VIPS208,0104,Ryan Sochol,10,10,0,2026-10-09 05:59:03,2026-10-09 05:59:03.909
2026-10-09 05:36:45,VIPS208,0105,Molly Carton,10,10,0,2026-10-09 05:59:03,2026-10-09 05:59:03.909
2026-10-09 05:36:45,VIPS208,0106,James Baeder,11,11,0,2026-10-09 05:59:03,2026-10-09 05:59:03.909
2026-10-09 05:36:45,VIPS208,0107,Catherine Spirito,10,10,0,2026-10-09 05:59:03,2026-10-09 05:59:03.909
2026-10-09 05:36:45,VIPS208,0108,Ronald Yaros,10,10,0,2026-10-09 05:59:03,2026-10-09 05:59:03.909
2026-10-09 05:36:45,VIPS208,0109,Carinna Ferguson,10,10,0,2026-10-09 05:59:03,2026-10-09 05:59:03.909
2026-10-09 05:36:45,VIPS208,0110,Tracy Riggins,10,10,0,2026-10-09 05:59:03,2026-10-09 05:59:03.910
2026-10-09 05:36:45,VIPS208,0111,Kevin Calabro,10,10,0,2026-10-09 05:59:03,2026-10-09 05:59:03.910
2026-10-09 05:36:45,VIPS208,0112,Raffaele Viglianti,10,10,0,2026-10-09 05:59:03,2026-10-09 05:59:03.910
2026-10-09 05:36:45,VIPS208,0113,Shabnam Jabeen,10,10,0,2026-10-09 05:59:03,2026-10-09 05:59:03.910
2026-10-09 05:36:45,VIPS208,0114,Ning Zeng,10,10,0,2026-10-09 05:59:03,2026-10-09 05:59:03.910
2026-10-09 05:36:45,VIPS208,0115,Veronica Kang,10,10,0,2026-10-09 05:59:03,2026-10-09 05:59:03.910
2026-10-09 05:36:45,VIPS208,0116,David Stewart,10,10,0,2026-10-09 05:59:03,2026-10-09 05:59:03.910
2026-10-09 05:36:45,VIPS208,0117,Meredith Epstein,10,10,0,2026-10-09 05:59:03,2026-10-09 05:59:03.910
2026-10-09 05:36:45,VIPS208,0118,Magaly Toro Ibaceta,10,10,0,2026-10-09 05:59:03,2026-10-09 05:59:03.910
2026-10-09 05:36:45,VIPS208,0120,Marisa Parham,10,10,0,2026-10-09 05:59:03,2026-10-09 05:59:03.911
2026-10-09 05:36:45,VIPS208,0121,Becky Epanchin-Niell,10,10,0,2026-10-09 05:59:03,2026-10-09 05:59:03.911
2026-10-09 05:36:45,VIPS208,0122,Timothy Reedy,10,10,0,2026-10-09 05:59:03,2026-10-09 05:59:03.911
2026-10-09 05:36:45,VIPS208,0123,Lingnan Lin,10,10,0,2026-10-09 05:59:03,2026-10-09 05:59:03.911
2026-10-09 05:36:45,VIPS208,0124,Jeffrey Moro,10,10,0,2026-10-09 05:59:03,2026-10-09 05:59:03.911
2026-10-09 05:36:45,VIPS208,0125,Peter Sunderland,10,10,0,2026-10-09 05:59:03,2026-10-09 05:59:03.911
2026-10-09 05:36:45,VIPS208,0126,Brienna Anderson,10,10,0,2026-10-09 05:59:03,2026-10-09 05:59:03.911
2026-10-09 05:36:45,VIPS308,0102,Ken Kiger,10,10,0,2026-10-09 05:59:04,2026-10-09 05:59:04.301
2026-10-09 05:36:45,VIPS308,0103,Bryan Quinn,13,13,0,2026-10-09 05:59:04,2026-10-09 05:59:04.301
2026-10-09 05:36:45,VIPS308,0104,Ryan Sochol,10,10,0,2026-10-09 05:59:04,2026-10-09 05:59:04.301
2026-10-09 05:36:45,VIPS308,0105,Molly Carton,10,10,0,2026-10-09 05:59:04,2026-10-09 05:59:04.301
2026-10-09 05:36:45,VIPS308,0106,James Baeder,10,10,0,2026-10-09 05:59:04,2026-10-09 05:59:04.301
2026-10-09 05:36:45,VIPS308,0107,Catherine Spirito,10,10,0,2026-10-09 05:59:04,2026-10-09 05:59:04.301
2026-10-09 05:36:45,VIPS308,0108,Ronald Yaros,10,10,0,2026-10-09 05:59:04,2026-10-09 05:59:04.301
2026-10-09 05:36:45,VIPS308,0109,Carinna Ferguson,10,10,0,2026-10-09 05:59:04,2026-10-09 05:59:04.301
2026-10-09 05:36:45,VIPS308,0110,Tracy Riggins,10,10,0,2026-10-09 05:59:04,2026-10-09 05:59:04.302
2026-10-09 05:36:45,VIPS308,0111,Kevin Calabro,10,10,0,2026-10-09 05:59:04,2026-10-09 05:59:04.302
2026-10-09 05:36:45,VIPS308,0112,Raffaele Viglianti,10,10,0,2026-10-09 05:59:04,2026-10-09 05:59:04.302
2026-10-09 05:36:45,VIPS308,0113,Shabnam Jabeen,10,10,0,2026-10-09 05:59:04,2026-10-09 05:59:04.302
2026-10-09 05:36:45,VIPS308,0114,Ning Zeng,10,10,0,2026-10-09 05:59:04,2026-10-09 05:59:04.302
2026-10-09 05:36:45,VIPS308,0115,Veronica Kang,10,10,0,2026-10-09 05:59:04,2026-10-09 05:59:04.302
2026-10-09 05:36:45,VIPS308,0116,David Stewart,10,10,0,2026-10-09 05:59:04,2026-10-09 05:59:04.302
2026-10-09 05:36:45,VIPS308,0117,Meredith Epstein,10,10,0,2026-10-09 05:59:04,2026-10-09 05:59:04.302
2026-10-09 05:36:45,VIPS308,0118,Magaly Toro Ibaceta,10,10,0,2026-10-09 05:59:04,2026-10-09 05:59:04.302
2026-10-09 05:36:45,VIPS308,0120,Marisa Parham,10,10,0,2026-10-09 05:59:04,2026-10-09 05:59:04.303
2026-10-09 05:36:45,VIPS308,0121,Becky Epanchin-Niell,10,10,0,2026-10-09 05:59:04,2026-10-09 05:59:04.303
2026-10-09 05:36:45,VIPS308,0122,Timothy Reedy,10,10,0,2026-10-09 05:59:04,2026-10-09 05:59:04.303
2026-10-09 05:36:45,VIPS308,0123,Lingnan Lin,10,10,0,2026-10-09 05:59:04,2026-10-09 05:59:04.303
2026-10-09 05:36:45,VIPS308,0124,Jeffrey Moro,10,10,0,2026-10-09 05:59:04,2026-10-09 05:59:04.303
2026-10-09 05:36:45,VIPS308,0125,Peter Sunderland,10,10,0,2026-10-09 05:59:04,2026-10-09 05:59:04.303
2026-10-09 05:36:45,VIPS308,0126,Brienna Anderson,10,10,0,2026-10-09 05:59:04,2026-10-09 05:59:04.303
2026-10-09 05:36:45,VIPS408,0102,Ken Kiger,10,10,0,2026-10-09 05:59:04,2026-10-09 05:59:04.704
2026-10-09 05:36:45,VIPS408,0103,Bryan Quinn,10,10,0,2026-10-09 05:59:04,2026-10-09 05:59:04.704
2026-10-09 05:36:45,VIPS408,0104,Ryan Sochol,10,10,0,2026-10-09 05:59:04,2026-10-09 05:59:04.704
2026-10-09 05:36:45,VIPS408,0105,Molly Carton,10,10,0,2026-10-09 05:59:04,2026-10-09 05:59:04.704
2026-10-09 05:36:45,VIPS408,0106,James Baeder,10,10,0,2026-10-09 05:59:04,2026-10-09 05:59:04.705
2026-10-09 05:36:45,VIPS408,0107,Catherine Spirito,10,10,0,2026-10-09 05:59:04,2026-10-09 05:59:04.705
2026-10-09 05:36:45,VIPS408,0108,Ronald Yaros,10,10,0,2026-10-09 05:59:04,2026-10-09 05:59:04.705
2026-10-09 05:36:45,VIPS408,0109,Carinna Ferguson,10,10,0,2026-10-09 05:59:04,2026-10-09 05:59:04.705
2026-10-09 05:36:45,VIPS408,0110,Tracy Riggins,10,10,0,2026-10-09 05:59:04,2026-10-09 05:59:04.705
2026-10-09 05:36:45,VIPS408,0111,Kevin Calabro,10,10,0,2026-10-09 05:59:04,2026-10-09 05:59:04.705
2026-10-09 05:36:45,VIPS408,0112,Raffaele Viglianti,10,10,0,2026-10-09 05:59:04,2026-10-09 05:59:04.705
2026-10-09 05:36:45,VIPS408,0113,Shabnam Jabeen,10,10,0,2026-10-09 05:59:04,2026-10-09 05:59:04.705
2026-10-09 05:36:45,VIPS408,0114,Ning Zeng,10,10,0,2026-10-09 05:59:04,2026-10-09 05:59:04.706
2026-10-09 05:36:45,VIPS408,0115,Veronica Kang,10,10,0,2026-10-09 05:59:04,2026-10-09 05:59:04.706
2026-10-09 05:36:45,VIPS408,0116,David Stewart,10,10,0,2026-10-09 05:59:04,2026-10-09 05:59:04.706
2026-10-09 05:36:45,VIPS408,0117,Meredith Epstein,10,10,0,2026-10-09 05:59:04,2026-10-09 05:59:04.706
2026-10-09 05:36:45,VIPS408,0118,Magaly Toro Ibaceta,10,10,0,2026-10-09 05:59:04,2026-10-09 05:59:04.706
2026-10-09 05:36:45,VIPS408,0120,Marisa Parham,10,10,0,2026-10-09 05:59:04,2026-10-09 05:59:04.706
2026-10-09 05:36:45,VIPS408,0121,Becky Epanchin-Niell,10,10,0,2026-10-09 05:59:04,2026-10-09 05:59:04.706
2026-10-09 05:36:45,VIPS408,0122,Timothy Reedy,10,10,0,2026-10-09 05:59:04,2026-10-09 05:59:04.706
2026-10-09 05:36:45,VIPS408,0123,Lingnan Lin,10,10,0,2026-10-09 05:59:04,2026-10-09 05:59:04.707
2026-10-09 05:36:45,VIPS408,0124,Jeffrey Moro,10,10,0,2026-10-09 05:59:04,2026-10-09 05:59:04.707
2026-10-09 05:36:45,VIPS408,0125,Peter Sunderland,10,10,0,2026-10-09 05:59:04,2026-10-09 05:59:04.707
2026-10-09 05:36:45,VIPS408,0126,Brienna Anderson,10,10,0,2026-10-09 05:59:04,2026-10-09 05:59:04.707
2026-10-09 05:36:45,WEID139N,0101,Denise Joseph,60,60,0,2026-10-09 05:59:08,2026-10-09 05:59:08.173
2026-10-09 05:36:45,WEID139T,0201,Taylor Togafau-Lewis,45,45,0,2026-10-09 05:59:08,2026-10-09 05:59:08.544
2026-10-09 05:36:45,WGSS105,0101,Jessica Mathiason,30,30,0,2026-10-09 05:59:10,2026-10-09 05:59:10.348
2026-10-09 05:36:45,WGSS105,0102,Jessica Mathiason,30,30,0,2026-10-09 05:59:10,2026-10-09 05:59:10.348
2026-10-09 05:36:45,WGSS105,0103,Jessica Mathiason,30,30,0,2026-10-09 05:59:10,2026-10-09 05:59:10.348
2026-10-09 05:36:45,WGSS105,0104,Jessica Mathiason,30,30,0,2026-10-09 05:59:10,2026-10-09 05:59:10.348
2026-10-09 05:36:45,WGSS115,0101,Alexis Lothian,25,25,0,2026-10-09 05:59:10,2026-10-09 05:59:10.708
2026-10-09 05:36:45,WGSS115,0102,Alexis Lothian,25,25,0,2026-10-09 05:59:10,2026-10-09 05:59:10.708
2026-10-09 05:36:45,WGSS201,0101,Sayan Bhattacharya,25,25,0,2026-10-09 05:59:11,2026-10-09 05:59:11.066
2026-10-09 05:36:45,WGSS201,0102,Sayan Bhattacharya,25,25,0,2026-10-09 05:59:11,2026-10-09 05:59:11.066
2026-10-09 05:36:45,WGSS205,0101,Shelbi Meissner,21,21,0,2026-10-09 05:59:11,2026-10-09 05:59:11.424
2026-10-09 05:36:45,WGSS205,0201,Shelbi Meissner,21,21,0,2026-10-09 05:59:11,2026-10-09 05:59:11.424
2026-10-09 05:36:45,WGSS230,0101,Daniel Richter,20,20,0,2026-10-09 05:59:11,2026-10-09 05:59:11.782
2026-10-09 05:36:45,WGSS230,0201,Robert Lucci,20,20,0,2026-10-09 05:59:11,2026-10-09 05:59:11.783
2026-10-09 05:36:45,WGSS250,0101,Lidia Garcia Berrelleza,25,25,0,2026-10-09 05:59:12,2026-10-09 05:59:12.132
2026-10-09 05:36:45,WGSS250,0201,Shameem Razack,25,25,0,2026-10-09 05:59:12,2026-10-09 05:59:12.132
2026-10-09 05:36:45,WGSS255,0101,Instructor: TBA,30,30,0,2026-10-09 05:59:12,2026-10-09 05:59:12.489
2026-10-09 05:36:45,WGSS265,0101,Ashley Newby,40,40,0,2026-10-09 05:59:12,2026-10-09 05:59:12.843
2026-10-09 05:36:45,WGSS275,0101,Instructor: TBA,30,30,0,2026-10-09 05:59:13,2026-10-09 05:59:13.200
2026-10-09 05:36:45,WGSS280,0101,Jessica Mathiason,52,52,0,2026-10-09 05:59:13,2026-10-09 05:59:13.635
2026-10-09 05:36:45,WGSS290,0101,Jessica Mathiason,30,30,0,2026-10-09 05:59:13,2026-10-09 05:59:14.000
2026-10-09 05:36:45,WGSS290,0201,Sydney Lewis,31,31,0,2026-10-09 05:59:13,2026-10-09 05:59:14.000
2026-10-09 05:36:45,WGSS298C,0101,Will Mosley,35,35,0,2026-10-09 05:59:14,2026-10-09 05:59:14.372
2026-10-09 05:36:45,WGSS298S,0101,Jordan Keesler,25,25,0,2026-10-09 05:59:14,2026-10-09 05:59:14.726
2026-10-09 05:36:45,WGSS302,0101,Will Mosley,25,25,0,2026-10-09 05:59:15,2026-10-09 05:59:15.080
2026-10-09 05:36:45,WGSS306,0101,Sydney Lewis,30,30,0,2026-10-09 05:59:15,2026-10-09 05:59:15.438
2026-10-09 05:36:45,WGSS310,0101,Sayan Bhattacharya,25,25,0,2026-10-09 05:59:15,2026-10-09 05:59:15.787
2026-10-09 05:36:45,WGSS319F,0101,Alexis Lothian,30,30,0,2026-10-09 05:59:16,2026-10-09 05:59:16.144
2026-10-09 05:36:45,WGSS379G,0101,Chinyere Osuji,20,20,0,2026-10-09 05:59:16,2026-10-09 05:59:16.497
2026-10-09 05:36:45,WGSS379U,0101,John Drabinski,25,25,0,2026-10-09 05:59:16,2026-10-09 05:59:16.852
2026-10-09 05:36:45,WGSS422,0101,Jennifer Cho,18,18,0,2026-10-09 05:59:17,2026-10-09 05:59:17.209
2026-10-09 05:36:45,WGSS471,0101,Katherine Sharp,25,25,0,2026-10-09 05:59:17,2026-10-09 05:59:17.568
2026-10-09 05:36:45,WGSS471,0201,Katherine Sharp,45,45,0,2026-10-09 05:59:17,2026-10-09 05:59:17.568
2026-10-09 05:36:45,WGSS475,0101,Sydney Lewis,20,20,0,2026-10-09 05:59:17,2026-10-09 05:59:17.928
2026-10-09 05:36:45,WGSS487,0101,Eva Hageman,15,15,0,2026-10-09 05:59:18,2026-10-09 05:59:18.288
2026-10-09 05:36:45,WGSS487H,0101,Eva Hageman,5,5,0,2026-10-09 05:59:18,2026-10-09 05:59:18.665
2026-10-09 05:36:45,WGSS602,0101,Shelbi Meissner,12,12,0,2026-10-09 05:59:20,2026-10-09 05:59:20.069
2026-10-09 05:36:45,WGSS708,0101,Alexis Lothian,10,10,0,2026-10-09 05:59:21,2026-10-09 05:59:21.141
2026-10-09 05:36:45,XPER455,0101,TJ Rainsford,25,25,0,2026-10-09 05:59:23,2026-10-09 05:59:23.851
2026-10-09 12:33:04,AAAS100,0101,Shane Walsh,35,35,0,2026-10-09 12:33:06,2026-10-09 12:33:06.549
2026-10-09 12:33:04,AAAS100,0201,Shane Walsh,35,35,0,2026-10-09 12:33:06,2026-10-09 12:33:06.549
2026-10-09 12:33:04,AAAS100,0301,George Kintiba,30,30,0,2026-10-09 12:33:06,2026-10-09 12:33:06.549
2026-10-09 12:33:04,AAAS100,0401,Beka Guluma,35,35,0,2026-10-09 12:33:06,2026-10-09 12:33:06.549
2026-10-09 12:33:04,AAAS100,0501,Jason Nichols,33,33,0,2026-10-09 12:33:06,2026-10-09 12:33:06.550
2026-10-09 12:33:04,AAAS100,0601,Jason Nichols,35,35,0,2026-10-09 12:33:06,2026-10-09 12:33:06.550
2026-10-09 12:33:04,AAAS100H,0301,George Kintiba,5,5,0,2026-10-09 12:33:06,2026-10-09 12:33:06.965
2026-10-09 12:33:04,AAAS101,0101,Periloux Peay,40,40,0,2026-10-09 12:33:07,2026-10-09 12:33:07.597
2026-10-09 12:33:04,AAAS187,0101,Robert Choflet,30,30,0,2026-10-09 12:33:08,2026-10-09 12:33:08.016
2026-10-09 12:33:04,AAAS200,0101,George Kintiba,40,40,0,2026-10-09 12:33:08,2026-10-09 12:33:08.656
2026-10-09 12:33:04,AAAS202,0101,Robert Choflet,30,30,0,2026-10-09 12:33:09,2026-10-09 12:33:09.278
2026-10-09 12:33:04,AAAS202,0201,Angelica Dunbar,35,35,0,2026-10-09 12:33:09,2026-10-09 12:33:09.278
2026-10-09 12:33:04,AAAS202,0301,Angelica Dunbar,35,35,0,2026-10-09 12:33:09,2026-10-09 12:33:09.278
2026-10-09 12:33:04,AAAS202,0401,Robert Choflet,35,35,0,2026-10-09 12:33:09,2026-10-09 12:33:09.278
2026-10-09 12:33:04,AAAS202H,0101,Robert Choflet,5,5,0,2026-10-09 12:33:10,2026-10-09 12:33:10.072
2026-10-09 12:33:04,AAAS211,0101,Shane Walsh,120,120,0,2026-10-09 12:33:10,2026-10-09 12:33:10.712
2026-10-09 12:33:04,AAAS234,0101,Instructor: TBA,30,30,0,2026-10-09 12:33:11,2026-10-09 12:33:11.355
2026-10-09 12:33:04,AAAS255,0101,Leigh Soares,40,40,0,2026-10-09 12:33:12,2026-10-09 12:33:12.008
2026-10-09 12:33:04,AAAS265,0101,Ashley Newby,40,40,0,2026-10-09 12:33:12,2026-10-09 12:33:12.444
2026-10-09 12:33:04,AAAS320,0101,Cecily Jackson,25,25,0,2026-10-09 12:33:12,2026-10-09 12:33:12.867
2026-10-09 12:33:04,AAAS320,0201,Cecily Jackson,25,25,0,2026-10-09 12:33:12,2026-10-09 12:33:12.868
2026-10-09 12:33:04,AAAS386,0101,Marshal Washington,10,10,0,2026-10-09 12:33:13,2026-10-09 12:33:13.292
2026-10-09 12:33:04,AAAS398G,0101,Chinyere Osuji,20,20,0,2026-10-09 12:33:13,2026-10-09 12:33:13.727
2026-10-09 12:33:04,AAAS398U,0101,John Drabinski,25,25,0,2026-10-09 12:33:14,2026-10-09 12:33:14.343
2026-10-09 12:33:04,AAAS400,0101,George Kintiba,20,20,0,2026-10-09 12:33:14,2026-10-09 12:33:14.760
2026-10-09 12:33:04,AAAS400H,0101,George Kintiba,5,5,0,2026-10-09 12:33:15,2026-10-09 12:33:15.181
2026-10-09 12:33:04,AAAS490,0101,Paul Landau,18,18,0,2026-10-09 12:33:15,2026-10-09 12:33:15.590
2026-10-09 12:33:04,AAAS498X,0101,Terrill Taylor,36,36,0,2026-10-09 12:33:16,2026-10-09 12:33:16.227
2026-10-09 12:33:04,AAST200,0101,Jennifer Cho,34,34,0,2026-10-09 12:33:18,2026-10-09 12:33:18.106
2026-10-09 12:33:04,AAST201,0101,Madeline Hsu,40,40,0,2026-10-09 12:33:18,2026-10-09 12:33:18.515
2026-10-09 12:33:04,AAST250,0101,Jennifer Cho,30,30,0,2026-10-09 12:33:18,2026-10-09 12:33:18.932
2026-10-09 12:33:04,AAST262,0101,Derek Iwamoto,54,54,0,2026-10-09 12:33:19,2026-10-09 12:33:19.356
2026-10-09 12:33:04,AAST322,0101,Julie Park,30,30,0,2026-10-09 12:33:19,2026-10-09 12:33:19.773
2026-10-09 12:33:04,AAST350,0101,Binod Paudyal,25,25,0,2026-10-09 12:33:20,2026-10-09 12:33:20.640
2026-10-09 12:33:04,AAST351,0101,Binod Paudyal,34,34,0,2026-10-09 12:33:21,2026-10-09 12:33:21.442
2026-10-09 12:33:04,AAST363,0101,Gemirald Daus,35,35,0,2026-10-09 12:33:21,2026-10-09 12:33:21.857
2026-10-09 12:33:04,AAST378,0101,Janelle Wong,2,2,0,2026-10-09 12:33:22,2026-10-09 12:33:22.281
2026-10-09 12:33:04,AAST394,0101,Wenxi Yang,25,25,0,2026-10-09 12:33:23,2026-10-09 12:33:23.117
2026-10-09 12:33:04,AAST398A,0101,Michelle Magalong,20,20,0,2026-10-09 12:33:23,2026-10-09 12:33:23.526
2026-10-09 12:33:04,AAST398B,0101,Chris Eng,25,25,0,2026-10-09 12:33:23,2026-10-09 12:33:23.941
2026-10-09 12:33:04,AAST421,0101,Philip Nash,20,20,0,2026-10-09 12:33:24,2026-10-09 12:33:24.364
2026-10-09 12:33:04,AAST422,0101,Jennifer Cho,18,18,0,2026-10-09 12:33:25,2026-10-09 12:33:25.011
2026-10-09 12:33:04,AAST443,0101,Janelle Wong,27,27,0,2026-10-09 12:33:25,2026-10-09 12:33:25.435
2026-10-09 12:33:04,ABRM450,0101,Ashley Newby,10,10,0,2026-10-09 12:33:27,2026-10-09 12:33:27.246
2026-10-09 12:33:04,AGNR301,0101,Thomas Hilde,150,150,0,2026-10-09 12:33:29,2026-10-09 12:33:29.011
2026-10-09 12:33:04,AGNR388,0101,Instructor: TBA,20,20,0,2026-10-09 12:33:29,2026-10-09 12:33:29.431
2026-10-09 12:33:04,AIME498B,0101,Kevin McGarry,30,30,0,2026-10-09 12:33:33,2026-10-09 12:33:33.587
2026-10-09 12:33:04,ARAB101,0101,Samah Al-salami,15,15,0,2026-10-09 12:34:25,2026-10-09 12:34:25.834
2026-10-09 12:33:04,ARAB101,0201,Ahmed Hanafy,15,15,0,2026-10-09 12:34:25,2026-10-09 12:34:25.834
2026-10-09 12:33:04,ARAB102,0101,Samah Al-salami,15,15,0,2026-10-09 12:34:26,2026-10-09 12:34:26.261
2026-10-09 12:33:04,ARAB102,0201,Samah Al-salami,15,15,0,2026-10-09 12:34:26,2026-10-09 12:34:26.261
2026-10-09 12:33:04,ARAB201,0101,Lutf Alkebsi,15,15,0,2026-10-09 12:34:26,2026-10-09 12:34:26.672
2026-10-09 12:33:04,ARAB202,0101,Lutf Alkebsi,15,15,0,2026-10-09 12:34:27,2026-10-09 12:34:27.097
2026-10-09 12:33:04,ARAB202,0201,Lutf Alkebsi,15,15,0,2026-10-09 12:34:27,2026-10-09 12:34:27.097
2026-10-09 12:33:04,ARAB222,0101,Ahmed Hanafy,15,15,0,2026-10-09 12:34:27,2026-10-09 12:34:27.525
2026-10-09 12:33:04,ARAB250,0101,Anny Gaul,20,20,0,2026-10-09 12:34:27,2026-10-09 12:34:27.955
2026-10-09 12:33:04,ARAB302,0101,Ahmed Hanafy,15,15,0,2026-10-09 12:34:28,2026-10-09 12:34:28.377
2026-10-09 12:33:04,ARAB317,0101,Anny Gaul,15,15,0,2026-10-09 12:34:28,2026-10-09 12:34:28.799
2026-10-09 12:33:04,ARAB398W,0101,Lutf Alkebsi,15,15,0,2026-10-09 12:34:29,2026-10-09 12:34:29.616
2026-10-09 12:33:04,ARAB499X,0101,Samah Al-salami,15,15,0,2026-10-09 12:34:30,2026-10-09 12:34:30.467
2026-10-09 12:33:04,ARCH170,0101,Lindsey May,100,100,0,2026-10-09 12:34:32,2026-10-09 12:34:32.493
2026-10-09 12:33:04,ARCH200,0101,Michael Abrams,21,21,0,2026-10-09 12:34:32,2026-10-09 12:34:32.922
2026-10-09 12:33:04,ARCH200,0102,Michael Abrams,21,21,0,2026-10-09 12:34:32,2026-10-09 12:34:32.922
2026-10-09 12:33:04,ARCH200,0103,Michael Abrams,21,21,0,2026-10-09 12:34:32,2026-10-09 12:34:32.922
2026-10-09 12:33:04,ARCH200,0104,Michael Abrams,21,21,0,2026-10-09 12:34:32,2026-10-09 12:34:32.922
2026-10-09 12:33:04,ARCH200,0105,Michael Abrams,21,21,0,2026-10-09 12:34:32,2026-10-09 12:34:32.922
2026-10-09 12:33:04,ARCH200,0106,Michael Abrams,21,21,0,2026-10-09 12:34:32,2026-10-09 12:34:32.923
2026-10-09 12:33:04,ARCH225,0101,Joseph Williams,125,125,0,2026-10-09 12:34:33,2026-10-09 12:34:33.342
2026-10-09 12:33:04,ARCH271,0101,Wayne Ricardo Curtis,75,75,0,2026-10-09 12:34:33,2026-10-09 12:34:33.756
2026-10-09 12:33:04,ARCH271,0102,Wayne Ricardo Curtis,75,75,0,2026-10-09 12:34:33,2026-10-09 12:34:33.756
2026-10-09 12:33:04,ARCH386,0101,Kristen Stack,10,10,0,2026-10-09 12:34:34,2026-10-09 12:34:34.180
2026-10-09 12:33:04,ARCH400,0101,Kenneth Filler,75,75,0,2026-10-09 12:34:34,2026-10-09 12:34:34.607
2026-10-09 12:33:04,ARCH400,0201,Marcus Cross,60,60,0,2026-10-09 12:34:34,2026-10-09 12:34:34.607
2026-10-09 12:33:04,ARCH402,0101,Taejun James Kim,75,75,0,2026-10-09 12:34:35,2026-10-09 12:34:35.020
2026-10-09 12:33:04,ARCH405,0101,Brittany L Williams,14,14,0,2026-10-09 12:34:35,2026-10-09 12:34:35.442
2026-10-09 12:33:04,ARCH407,0101,Georgeanne Matthews,12,12,0,2026-10-09 12:34:35,2026-10-09 12:34:35.854
2026-10-09 12:33:04,ARCH408A,0101,Daniel Curry,5,5,0,2026-10-09 12:34:36,2026-10-09 12:34:36.283
2026-10-09 12:33:04,ARCH408C,0101,Edgar Alvarado,5,5,0,2026-10-09 12:34:36,2026-10-09 12:34:36.704
2026-10-09 12:33:04,ARCH418D,0101,Hooman Koliji,30,30,0,2026-10-09 12:34:37,2026-10-09 12:34:37.127
2026-10-09 12:33:04,ARCH418G,0101,Deokoh Woo,16,16,0,2026-10-09 12:34:37,2026-10-09 12:34:37.536
2026-10-09 12:33:04,ARCH418I,0101,Michael Kleiss,16,16,0,2026-10-09 12:34:37,2026-10-09 12:34:37.953
2026-10-09 12:33:04,ARCH420,0101,Caroline Hickman,30,30,0,2026-10-09 12:34:38,2026-10-09 12:34:38.370
2026-10-09 12:33:04,ARCH423,0101,Joseph Williams,30,30,0,2026-10-09 12:34:38,2026-10-09 12:34:38.786
2026-10-09 12:33:04,ARCH425,0101,Joseph Williams,10,10,0,2026-10-09 12:34:39,2026-10-09 12:34:39.220
2026-10-09 12:33:04,ARCH428F,0101,Matthew Bell,20,20,0,2026-10-09 12:34:39,2026-10-09 12:34:39.643
2026-10-09 12:33:04,ARCH428K,0101,Michele Lamprakos,26,26,0,2026-10-09 12:34:40,2026-10-09 12:34:40.061
2026-10-09 12:33:04,ARCH445,0101,Daniel Curry,15,15,0,2026-10-09 12:34:40,2026-10-09 12:34:40.481
2026-10-09 12:33:04,ARCH463,0101,Deokoh Woo,150,150,0,2026-10-09 12:34:40,2026-10-09 12:34:40.897
2026-10-09 12:33:04,ARCH465,0101,Michael Kleiss,80,80,0,2026-10-09 12:34:41,2026-10-09 12:34:41.308
2026-10-09 12:33:04,ARCH468I,0101,Hooman Koliji,26,26,0,2026-10-09 12:34:41,2026-10-09 12:34:41.722
2026-10-09 12:33:04,ARCH468P,0101,Hooman Koliji,26,26,0,2026-10-09 12:34:42,2026-10-09 12:34:42.134
2026-10-09 12:33:04,ARCH472,0101,Kiley Wilfong Cullen,24,24,0,2026-10-09 12:34:42,2026-10-09 12:34:42.552
2026-10-09 12:33:04,ARCH478L,0101,Michele Lamprakos,10,10,0,2026-10-09 12:34:42,2026-10-09 12:34:42.977
2026-10-09 12:33:04,ARCH478O,0101,Stefan Woehlke,20,20,0,2026-10-09 12:34:43,2026-10-09 12:34:43.400
2026-10-09 12:33:04,ARCH601,0101,Peter Noonan,20,20,0,2026-10-09 12:34:43,2026-10-09 12:34:43.818
2026-10-09 12:33:04,ARCH618G,0101,Deokoh Woo,4,4,0,2026-10-09 12:34:44,2026-10-09 12:34:44.234
2026-10-09 12:33:04,ARCH618I,0101,Michael Kleiss,4,4,0,2026-10-09 12:34:44,2026-10-09 12:34:44.672
2026-10-09 12:33:04,ARCH628K,0101,Michele Lamprakos,4,4,0,2026-10-09 12:34:45,2026-10-09 12:34:45.096
2026-10-09 12:33:04,ARCH635,0101,Matthew Bell,15,15,0,2026-10-09 12:34:45,2026-10-09 12:34:45.511
2026-10-09 12:33:04,ARCH645,0101,Daniel Curry,10,10,0,2026-10-09 12:34:45,2026-10-09 12:34:45.938
2026-10-09 12:33:04,ARCH654,0101,Anatole Tchikine,35,35,0,2026-10-09 12:34:46,2026-10-09 12:34:46.347
2026-10-09 12:33:04,ARCH658I,0101,Sonja Ewing,15,15,0,2026-10-09 12:34:46,2026-10-09 12:34:46.763
2026-10-09 12:33:04,ARCH668I,0101,Hooman Koliji,4,4,0,2026-10-09 12:34:47,2026-10-09 12:34:47.173
2026-10-09 12:33:04,ARCH668P,0101,Hooman Koliji,4,4,0,2026-10-09 12:34:47,2026-10-09 12:34:47.592
2026-10-09 12:33:04,ARCH678L,0101,Michele Lamprakos,10,10,0,2026-10-09 12:34:48,2026-10-09 12:34:48.023
2026-10-09 12:33:04,ARCH678O,0101,Stefan Woehlke,5,5,0,2026-10-09 12:34:48,2026-10-09 12:34:48.453
2026-10-09 12:33:04,ARCH797,0101,Hooman Koliji,15,15,0,2026-10-09 12:34:48,2026-10-09 12:34:48.874
2026-10-09 12:33:04,ARMY105,0101,Andrew Bischoff,60,60,0,2026-10-09 12:35:11,2026-10-09 12:35:11.579
2026-10-09 12:33:04,ARMY105,0102,Andrew Bischoff,60,60,0,2026-10-09 12:35:11,2026-10-09 12:35:11.579
2026-10-09 12:33:04,ARMY110,0101,Andrew Bischoff,40,40,0,2026-10-09 12:35:11,2026-10-09 12:35:11.999
2026-10-09 12:33:04,ARMY202,0102,Andrew Bischoff,60,60,0,2026-10-09 12:35:12,2026-10-09 12:35:12.417
2026-10-09 12:33:04,ARMY302,0101,Andrew Bischoff,40,40,0,2026-10-09 12:35:12,2026-10-09 12:35:12.832
2026-10-09 12:33:04,ARMY402,0101,Andrew Bischoff,30,30,0,2026-10-09 12:35:13,2026-10-09 12:35:13.251
2026-10-09 12:33:04,ARMY402,0102,Andrew Bischoff,100,100,0,2026-10-09 12:35:13,2026-10-09 12:35:13.251
2026-10-09 12:33:04,ARSC059,0101,Kathryn Love,250,250,0,2026-10-09 12:35:15,2026-10-09 12:35:15.032
2026-10-09 12:33:04,ARSC101,0101,Alan Snyder,50,50,0,2026-10-09 12:35:15,2026-10-09 12:35:15.460
2026-10-09 12:33:04,ARSC101,0102,Alan Snyder,65,65,0,2026-10-09 12:35:15,2026-10-09 12:35:15.461
2026-10-09 12:33:04,ARSC101,0103,Alan Snyder,40,40,0,2026-10-09 12:35:15,2026-10-09 12:35:15.461
2026-10-09 12:33:04,ARSC101,0104,Alan Snyder,10,10,0,2026-10-09 12:35:15,2026-10-09 12:35:15.461
2026-10-09 12:33:04,ARSC201,0101,Nathan Rabe,65,65,0,2026-10-09 12:35:15,2026-10-09 12:35:15.880
2026-10-09 12:33:04,ARSC201,0102,Kathleen West,40,40,0,2026-10-09 12:35:15,2026-10-09 12:35:15.880
2026-10-09 12:33:04,ARSC201,0103,Kathleen West,40,40,0,2026-10-09 12:35:15,2026-10-09 12:35:15.880
2026-10-09 12:33:04,ARSC301,0101,Kathryn Love,45,45,0,2026-10-09 12:35:16,2026-10-09 12:35:16.291
2026-10-09 12:33:04,ARSC301,0102,Kathryn Love,20,20,0,2026-10-09 12:35:16,2026-10-09 12:35:16.292
2026-10-09 12:33:04,ARSC401,0101,Joseph Herwatic,30,30,0,2026-10-09 12:35:16,2026-10-09 12:35:16.717
2026-10-09 12:33:04,ARSC401,0102,Joseph Herwatic,15,15,0,2026-10-09 12:35:16,2026-10-09 12:35:16.718
2026-10-09 12:33:04,BIOI605,PCS1,Vanessa Gonzalez,25,25,0,2026-10-09 12:36:27,2026-10-09 12:36:27.251
2026-10-09 12:33:04,BIOI606,PCS1,Instructor: TBA,25,25,0,2026-10-09 12:36:27,2026-10-09 12:36:27.679
2026-10-09 12:33:04,BIOI607,PCS1,Instructor: TBA,25,25,0,2026-10-09 12:36:28,2026-10-09 12:36:28.099
2026-10-09 12:33:04,BIOM301,0101,Christine Hakenkamp,28,28,0,2026-10-09 12:36:32,2026-10-09 12:36:32.207
2026-10-09 12:33:04,BIOM301,0102,Christine Hakenkamp,28,28,0,2026-10-09 12:36:32,2026-10-09 12:36:32.207
2026-10-09 12:33:04,BIOM301,0103,Christine Hakenkamp,28,28,0,2026-10-09 12:36:32,2026-10-09 12:36:32.207
2026-10-09 12:33:04,BIOM301,0104,Christine Hakenkamp,28,28,0,2026-10-09 12:36:32,2026-10-09 12:36:32.207
2026-10-09 12:33:04,BIOM301,0105,Christine Hakenkamp,28,28,0,2026-10-09 12:36:32,2026-10-09 12:36:32.207
2026-10-09 12:33:04,BIOM301,0106,Christine Hakenkamp,28,28,0,2026-10-09 12:36:32,2026-10-09 12:36:32.208
2026-10-09 12:33:04,BIOM301,0107,Christine Hakenkamp,28,28,0,2026-10-09 12:36:32,2026-10-09 12:36:32.208
2026-10-09 12:33:04,BIOM301,0201,Instructor: TBA,28,28,0,2026-10-09 12:36:32,2026-10-09 12:36:32.208
2026-10-09 12:33:04,BIOM602,0101,Jiuzhou Song,28,28,0,2026-10-09 12:36:32,2026-10-09 12:36:32.631
2026-10-09 12:33:04,BMIN210,0101,Darlene Dennison,162,162,0,2026-10-09 12:37:13,2026-10-09 12:37:13.257
2026-10-09 12:33:04,BMIN210,0201,Darlene Dennison,162,162,0,2026-10-09 12:37:13,2026-10-09 12:37:13.258
2026-10-09 12:33:04,BMIN305,0101,Tejwansh Anand,162,162,0,2026-10-09 12:37:13,2026-10-09 12:37:13.695
2026-10-09 12:33:04,BMIN345,0101,Michael Padhi,325,325,0,2026-10-09 12:37:14,2026-10-09 12:37:14.125
2026-10-09 12:33:04,BMIN355,0101,Idil Yaveroglu,162,162,0,2026-10-09 12:37:14,2026-10-09 12:37:14.549
2026-10-09 12:33:04,BMIN355,0201,Idil Yaveroglu,162,162,0,2026-10-09 12:37:14,2026-10-09 12:37:14.549
2026-10-09 12:33:04,BMIN375,0101,Leland Gardner,162,162,0,2026-10-09 12:37:14,2026-10-09 12:37:14.972
2026-10-09 12:33:04,BMIN395,0101,Nima Farshchi,162,162,0,2026-10-09 12:37:15,2026-10-09 12:37:15.402
2026-10-09 12:33:04,BMIN395,0201,Nima Farshchi,162,162,0,2026-10-09 12:37:15,2026-10-09 12:37:15.402
2026-10-09 12:33:04,BSCI103,1100,Tais Mattoso De Andrade Ribeiro,24,24,0,2026-10-09 12:37:19,2026-10-09 12:37:19.625
2026-10-09 12:33:04,BSCI103,1101,Tais Mattoso De Andrade Ribeiro,24,24,0,2026-10-09 12:37:19,2026-10-09 12:37:19.625
2026-10-09 12:33:04,BSCI103,1103,Tais Mattoso De Andrade Ribeiro,24,24,0,2026-10-09 12:37:19,2026-10-09 12:37:19.625
2026-10-09 12:33:04,BSCI103,1105,Tais Mattoso De Andrade Ribeiro,24,24,0,2026-10-09 12:37:19,2026-10-09 12:37:19.626
2026-10-09 12:33:04,BSCI103,1107,Tais Mattoso De Andrade Ribeiro,24,24,0,2026-10-09 12:37:19,2026-10-09 12:37:19.626
2026-10-09 12:33:04,BSCI103,1108,Tais Mattoso De Andrade Ribeiro,24,24,0,2026-10-09 12:37:19,2026-10-09 12:37:19.626
2026-10-09 12:33:04,BSCI103,1109,Tais Mattoso De Andrade Ribeiro,24,24,0,2026-10-09 12:37:19,2026-10-09 12:37:19.626
2026-10-09 12:33:04,BSCI103,1110,Tais Mattoso De Andrade Ribeiro,24,24,0,2026-10-09 12:37:19,2026-10-09 12:37:19.626
2026-10-09 12:33:04,BSCI103M,0101,Tais Mattoso De Andrade Ribeiro,24,24,0,2026-10-09 12:37:20,2026-10-09 12:37:20.040
2026-10-09 12:33:04,BSCI120,0101,Dennis vanEngelsdorp,21,21,0,2026-10-09 12:37:20,2026-10-09 12:37:20.468
2026-10-09 12:33:04,BSCI120,0102,Dennis vanEngelsdorp,21,21,0,2026-10-09 12:37:20,2026-10-09 12:37:20.468
2026-10-09 12:33:04,BSCI135,1101,Edgar Moctezuma,24,24,0,2026-10-09 12:37:20,2026-10-09 12:37:20.988
2026-10-09 12:33:04,BSCI135,1102,Edgar Moctezuma,24,24,0,2026-10-09 12:37:20,2026-10-09 12:37:20.989
2026-10-09 12:33:04,BSCI135,1103,Edgar Moctezuma,24,24,0,2026-10-09 12:37:20,2026-10-09 12:37:20.989
2026-10-09 12:33:04,BSCI135,1104,Edgar Moctezuma,24,24,0,2026-10-09 12:37:20,2026-10-09 12:37:20.989
2026-10-09 12:33:04,BSCI135,1105,Edgar Moctezuma,24,24,0,2026-10-09 12:37:20,2026-10-09 12:37:20.989
2026-10-09 12:33:04,BSCI160,6101,Leo Shapiro,104,104,0,2026-10-09 12:37:21,2026-10-09 12:37:21.420
2026-10-09 12:33:04,BSCI160,6301,Chloe Garfinkel,56,56,0,2026-10-09 12:37:21,2026-10-09 12:37:21.421
2026-10-09 12:33:04,BSCI160,6601,Vadim Karatayev,88,88,0,2026-10-09 12:37:21,2026-10-09 12:37:21.421
2026-10-09 12:33:04,BSCI160,SES1,Chloe Garfinkel,15,15,0,2026-10-09 12:37:21,2026-10-09 12:37:21.421
2026-10-09 12:33:04,BSCI170,0101,Cordelia Weiss,153,153,0,2026-10-09 12:37:21,2026-10-09 12:37:21.860
2026-10-09 12:33:04,BSCI170,0201,Nicholas Fletcher,153,153,0,2026-10-09 12:37:21,2026-10-09 12:37:21.861
2026-10-09 12:33:04,BSCI170,0301,Ricardo Araneda,152,152,0,2026-10-09 12:37:21,2026-10-09 12:37:21.861
2026-10-09 12:33:04,BSCI170,0401,Swarna Mohan,153,153,0,2026-10-09 12:37:21,2026-10-09 12:37:21.861
2026-10-09 12:33:04,BSCI170,0501,Ji Young Choi,120,120,0,2026-10-09 12:37:21,2026-10-09 12:37:21.861
2026-10-09 12:33:04,BSCI170,0701,Ji Young Choi,153,153,0,2026-10-09 12:37:21,2026-10-09 12:37:21.861
2026-10-09 12:33:04,BSCI170,SES1,James Sniezek,20,20,0,2026-10-09 12:37:21,2026-10-09 12:37:21.862
2026-10-09 12:33:04,BSCI180,8105,Hans Lemke,19,19,0,2026-10-09 12:37:22,2026-10-09 12:37:22.397
2026-10-09 12:33:04,BSCI180,8106,Hans Lemke,19,19,0,2026-10-09 12:37:22,2026-10-09 12:37:22.397
2026-10-09 12:33:04,BSCI180,8107,Hans Lemke,19,19,0,2026-10-09 12:37:22,2026-10-09 12:37:22.397
2026-10-09 12:33:04,BSCI180,8108,Hans Lemke,19,19,0,2026-10-09 12:37:22,2026-10-09 12:37:22.398
2026-10-09 12:33:04,BSCI180,8109,Hans Lemke,19,19,0,2026-10-09 12:37:22,2026-10-09 12:37:22.398
2026-10-09 12:33:04,BSCI180,8110,Hans Lemke,19,19,0,2026-10-09 12:37:22,2026-10-09 12:37:22.398
2026-10-09 12:33:04,BSCI180,8111,Hans Lemke,19,19,0,2026-10-09 12:37:22,2026-10-09 12:37:22.398
2026-10-09 12:33:04,BSCI180,8112,Hans Lemke,19,19,0,2026-10-09 12:37:22,2026-10-09 12:37:22.398
2026-10-09 12:33:04,BSCI180,8113,Hans Lemke,19,19,0,2026-10-09 12:37:22,2026-10-09 12:37:22.399
2026-10-09 12:33:04,BSCI180,8114,Hans Lemke,19,19,0,2026-10-09 12:37:22,2026-10-09 12:37:22.399
2026-10-09 12:33:04,BSCI180,8201,Hans Lemke,19,19,0,2026-10-09 12:37:22,2026-10-09 12:37:22.399
2026-10-09 12:33:04,BSCI180,8202,Hans Lemke,19,19,0,2026-10-09 12:37:22,2026-10-09 12:37:22.399
2026-10-09 12:33:04,BSCI180,8205,Hans Lemke,19,19,0,2026-10-09 12:37:22,2026-10-09 12:37:22.400
2026-10-09 12:33:04,BSCI180,8206,Hans Lemke,19,19,0,2026-10-09 12:37:22,2026-10-09 12:37:22.400
2026-10-09 12:33:04,BSCI180,8207,Hans Lemke,19,19,0,2026-10-09 12:37:22,2026-10-09 12:37:22.400
2026-10-09 12:33:04,BSCI180,8208,Hans Lemke,19,19,0,2026-10-09 12:37:22,2026-10-09 12:37:22.400
2026-10-09 12:33:04,BSCI180,8209,Hans Lemke,19,19,0,2026-10-09 12:37:22,2026-10-09 12:37:22.400
2026-10-09 12:33:04,BSCI180,8210,Hans Lemke,19,19,0,2026-10-09 12:37:22,2026-10-09 12:37:22.401
2026-10-09 12:33:04,BSCI180,8211,Hans Lemke,19,19,0,2026-10-09 12:37:22,2026-10-09 12:37:22.401
2026-10-09 12:33:04,BSCI180,8212,Hans Lemke,19,19,0,2026-10-09 12:37:22,2026-10-09 12:37:22.401
2026-10-09 12:33:04,BSCI180,8213,Hans Lemke,19,19,0,2026-10-09 12:37:22,2026-10-09 12:37:22.401
2026-10-09 12:33:04,BSCI180,8214,Hans Lemke,19,19,0,2026-10-09 12:37:22,2026-10-09 12:37:22.401
2026-10-09 12:33:04,BSCI180,8301,Hans Lemke,19,19,0,2026-10-09 12:37:22,2026-10-09 12:37:22.402
2026-10-09 12:33:04,BSCI180,8302,Hans Lemke,19,19,0,2026-10-09 12:37:22,2026-10-09 12:37:22.402
2026-10-09 12:33:04,BSCI180,8305,Hans Lemke,19,19,0,2026-10-09 12:37:22,2026-10-09 12:37:22.402
2026-10-09 12:33:04,BSCI180,8306,Hans Lemke,19,19,0,2026-10-09 12:37:22,2026-10-09 12:37:22.402
2026-10-09 12:33:04,BSCI180,8307,Hans Lemke,19,19,0,2026-10-09 12:37:22,2026-10-09 12:37:22.403
2026-10-09 12:33:04,BSCI180,8308,Hans Lemke,19,19,0,2026-10-09 12:37:22,2026-10-09 12:37:22.403
2026-10-09 12:33:04,BSCI180,8309,Hans Lemke,19,19,0,2026-10-09 12:37:22,2026-10-09 12:37:22.403
2026-10-09 12:33:04,BSCI180,8310,Hans Lemke,19,19,0,2026-10-09 12:37:22,2026-10-09 12:37:22.403
2026-10-09 12:33:04,BSCI180,8311,Hans Lemke,19,19,0,2026-10-09 12:37:22,2026-10-09 12:37:22.403
2026-10-09 12:33:04,BSCI180,8312,Hans Lemke,19,19,0,2026-10-09 12:37:22,2026-10-09 12:37:22.404
2026-10-09 12:33:04,BSCI180,8313,Hans Lemke,19,19,0,2026-10-09 12:37:22,2026-10-09 12:37:22.404
2026-10-09 12:33:04,BSCI180,8314,Hans Lemke,19,19,0,2026-10-09 12:37:22,2026-10-09 12:37:22.404
2026-10-09 12:33:04,BSCI180,8401,Hans Lemke,19,19,0,2026-10-09 12:37:22,2026-10-09 12:37:22.404
2026-10-09 12:33:04,BSCI180,8402,Hans Lemke,19,19,0,2026-10-09 12:37:22,2026-10-09 12:37:22.404
2026-10-09 12:33:04,BSCI180,8405,Hans Lemke,19,19,0,2026-10-09 12:37:22,2026-10-09 12:37:22.405
2026-10-09 12:33:04,BSCI180,8406,Hans Lemke,19,19,0,2026-10-09 12:37:22,2026-10-09 12:37:22.405
2026-10-09 12:33:04,BSCI180,8407,Hans Lemke,19,19,0,2026-10-09 12:37:22,2026-10-09 12:37:22.405
2026-10-09 12:33:04,BSCI180,8408,Hans Lemke,19,19,0,2026-10-09 12:37:22,2026-10-09 12:37:22.405
2026-10-09 12:33:04,BSCI180,8409,Hans Lemke,19,19,0,2026-10-09 12:37:22,2026-10-09 12:37:22.405
2026-10-09 12:33:04,BSCI180,8410,Hans Lemke,19,19,0,2026-10-09 12:37:22,2026-10-09 12:37:22.406
2026-10-09 12:33:04,BSCI180,8411,Hans Lemke,19,19,0,2026-10-09 12:37:22,2026-10-09 12:37:22.406
2026-10-09 12:33:04,BSCI180,8412,Hans Lemke,19,19,0,2026-10-09 12:37:22,2026-10-09 12:37:22.406
2026-10-09 12:33:04,BSCI180,8413,Hans Lemke,19,19,0,2026-10-09 12:37:22,2026-10-09 12:37:22.406
2026-10-09 12:33:04,BSCI180,8414,Hans Lemke,19,19,0,2026-10-09 12:37:22,2026-10-09 12:37:22.406
2026-10-09 12:33:04,BSCI180,SES1,Hans Lemke,19,19,0,2026-10-09 12:37:22,2026-10-09 12:37:22.407
2026-10-09 12:33:04,BSCI201,0101,Caitlin Fox,24,24,0,2026-10-09 12:37:22,2026-10-09 12:37:22.867
2026-10-09 12:33:04,BSCI201,0103,Caitlin Fox,24,24,0,2026-10-09 12:37:22,2026-10-09 12:37:22.867
2026-10-09 12:33:04,BSCI201,0105,Caitlin Fox,24,24,0,2026-10-09 12:37:22,2026-10-09 12:37:22.867
2026-10-09 12:33:04,BSCI201,0106,Caitlin Fox,24,24,0,2026-10-09 12:37:22,2026-10-09 12:37:22.868
2026-10-09 12:33:04,BSCI201,0107,Caitlin Fox,24,24,0,2026-10-09 12:37:22,2026-10-09 12:37:22.868
2026-10-09 12:33:04,BSCI201,0109,Caitlin Fox,24,24,0,2026-10-09 12:37:22,2026-10-09 12:37:22.868
2026-10-09 12:33:04,BSCI201,0110,Caitlin Fox,24,24,0,2026-10-09 12:37:22,2026-10-09 12:37:22.868
2026-10-09 12:33:04,BSCI201,0111,Caitlin Fox,24,24,0,2026-10-09 12:37:22,2026-10-09 12:37:22.868
2026-10-09 12:33:04,BSCI201,1101,Justicia Opoku-Edusei,24,24,0,2026-10-09 12:37:22,2026-10-09 12:37:22.869
2026-10-09 12:33:04,BSCI201,1103,Justicia Opoku-Edusei,24,24,0,2026-10-09 12:37:22,2026-10-09 12:37:22.869
2026-10-09 12:33:04,BSCI201,1104,Justicia Opoku-Edusei,24,24,0,2026-10-09 12:37:22,2026-10-09 12:37:22.869
2026-10-09 12:33:04,BSCI201,1105,Justicia Opoku-Edusei,24,24,0,2026-10-09 12:37:22,2026-10-09 12:37:22.869
2026-10-09 12:33:04,BSCI201,1106,Justicia Opoku-Edusei,24,24,0,2026-10-09 12:37:22,2026-10-09 12:37:22.870
2026-10-09 12:33:04,BSCI201,1108,Justicia Opoku-Edusei,24,24,0,2026-10-09 12:37:22,2026-10-09 12:37:22.870
2026-10-09 12:33:04,BSCI201,1109,Justicia Opoku-Edusei,24,24,0,2026-10-09 12:37:22,2026-10-09 12:37:22.870
2026-10-09 12:33:04,BSCI201,1110,Justicia Opoku-Edusei,24,24,0,2026-10-09 12:37:22,2026-10-09 12:37:22.870
2026-10-09 12:33:04,BSCI202,0101,Caitlin Fox,24,24,0,2026-10-09 12:37:23,2026-10-09 12:37:23.330
2026-10-09 12:33:04,BSCI202,0102,Caitlin Fox,24,24,0,2026-10-09 12:37:23,2026-10-09 12:37:23.330
2026-10-09 12:33:04,BSCI202,0104,Caitlin Fox,24,24,0,2026-10-09 12:37:23,2026-10-09 12:37:23.330
2026-10-09 12:33:04,BSCI202,0108,Caitlin Fox,24,24,0,2026-10-09 12:37:23,2026-10-09 12:37:23.331
2026-10-09 12:33:04,BSCI202,0109,Caitlin Fox,24,24,0,2026-10-09 12:37:23,2026-10-09 12:37:23.331
2026-10-09 12:33:04,BSCI202,0110,Caitlin Fox,24,24,0,2026-10-09 12:37:23,2026-10-09 12:37:23.331
2026-10-09 12:33:04,BSCI202,1101,Justicia Opoku-Edusei,24,24,0,2026-10-09 12:37:23,2026-10-09 12:37:23.331
2026-10-09 12:33:04,BSCI202,1103,Justicia Opoku-Edusei,24,24,0,2026-10-09 12:37:23,2026-10-09 12:37:23.332
2026-10-09 12:33:04,BSCI202,1104,Justicia Opoku-Edusei,24,24,0,2026-10-09 12:37:23,2026-10-09 12:37:23.332
2026-10-09 12:33:04,BSCI202,1106,Justicia Opoku-Edusei,24,24,0,2026-10-09 12:37:23,2026-10-09 12:37:23.332
2026-10-09 12:33:04,BSCI202,1107,Justicia Opoku-Edusei,24,24,0,2026-10-09 12:37:23,2026-10-09 12:37:23.332
2026-10-09 12:33:04,BSCI202,1108,Justicia Opoku-Edusei,24,24,0,2026-10-09 12:37:23,2026-10-09 12:37:23.332
2026-10-09 12:33:04,BSCI202,SES1,Edward Orlando,20,20,0,2026-10-09 12:37:23,2026-10-09 12:37:23.333
2026-10-09 12:33:04,BSCI207,0101,Karen Carleton,80,80,0,2026-10-09 12:37:23,2026-10-09 12:37:23.756
2026-10-09 12:33:04,BSCI207,0201,Chloe Garfinkel,80,80,0,2026-10-09 12:37:23,2026-10-09 12:37:23.757
2026-10-09 12:33:04,BSCI213,0101,Cordelia Weiss,20,20,0,2026-10-09 12:37:24,2026-10-09 12:37:24.186
2026-10-09 12:33:04,BSCI213,0102,Cordelia Weiss,20,20,0,2026-10-09 12:37:24,2026-10-09 12:37:24.186
2026-10-09 12:33:04,BSCI222,7106,Thomas Kocher,18,18,0,2026-10-09 12:37:24,2026-10-09 12:37:24.762
2026-10-09 12:33:04,BSCI222,7108,Thomas Kocher,18,18,0,2026-10-09 12:37:24,2026-10-09 12:37:24.762
2026-10-09 12:33:04,BSCI222,7110,Thomas Kocher,18,18,0,2026-10-09 12:37:24,2026-10-09 12:37:24.763
2026-10-09 12:33:04,BSCI222,7112,Thomas Kocher,18,18,0,2026-10-09 12:37:24,2026-10-09 12:37:24.763
2026-10-09 12:33:04,BSCI222,7114,Thomas Kocher,18,18,0,2026-10-09 12:37:24,2026-10-09 12:37:24.763
2026-10-09 12:33:04,BSCI222,7116,Thomas Kocher,18,18,0,2026-10-09 12:37:24,2026-10-09 12:37:24.763
2026-10-09 12:33:04,BSCI222,7118,Thomas Kocher,18,18,0,2026-10-09 12:37:24,2026-10-09 12:37:24.763
2026-10-09 12:33:04,BSCI222,7120,Thomas Kocher,18,18,0,2026-10-09 12:37:24,2026-10-09 12:37:24.764
2026-10-09 12:33:04,BSCI222,7130,Thomas Kocher,18,18,0,2026-10-09 12:37:24,2026-10-09 12:37:24.764
2026-10-09 12:33:04,BSCI222,7133,Thomas Kocher,18,18,0,2026-10-09 12:37:24,2026-10-09 12:37:24.764
2026-10-09 12:33:04,BSCI222,7214,Michael Keller,18,18,0,2026-10-09 12:37:24,2026-10-09 12:37:24.764
2026-10-09 12:33:04,BSCI222,7216,Michael Keller,18,18,0,2026-10-09 12:37:24,2026-10-09 12:37:24.764
2026-10-09 12:33:04,BSCI222,7218,Michael Keller,18,18,0,2026-10-09 12:37:24,2026-10-09 12:37:24.765
2026-10-09 12:33:04,BSCI222,7219,Michael Keller,18,18,0,2026-10-09 12:37:24,2026-10-09 12:37:24.765
2026-10-09 12:33:04,BSCI222,7220,Michael Keller,18,18,0,2026-10-09 12:37:24,2026-10-09 12:37:24.765
2026-10-09 12:33:04,BSCI222,7221,Michael Keller,18,18,0,2026-10-09 12:37:24,2026-10-09 12:37:24.765
2026-10-09 12:33:04,BSCI222,7222,Michael Keller,18,18,0,2026-10-09 12:37:24,2026-10-09 12:37:24.765
2026-10-09 12:33:04,BSCI222,7224,Michael Keller,18,18,0,2026-10-09 12:37:24,2026-10-09 12:37:24.766
2026-10-09 12:33:04,BSCI222,7226,Michael Keller,18,18,0,2026-10-09 12:37:24,2026-10-09 12:37:24.766
2026-10-09 12:33:04,BSCI222,7232,Michael Keller,18,18,0,2026-10-09 12:37:24,2026-10-09 12:37:24.766
2026-10-09 12:33:04,BSCI222,7234,Michael Keller,18,18,0,2026-10-09 12:37:24,2026-10-09 12:37:24.766
2026-10-09 12:33:04,BSCI222,7236,Michael Keller,18,18,0,2026-10-09 12:37:24,2026-10-09 12:37:24.767
2026-10-09 12:33:04,BSCI222,7310,Maria Colt,18,18,0,2026-10-09 12:37:24,2026-10-09 12:37:24.767
2026-10-09 12:33:04,BSCI222,7311,Maria Colt,18,18,0,2026-10-09 12:37:24,2026-10-09 12:37:24.767
2026-10-09 12:33:04,BSCI222,7312,Maria Colt,18,18,0,2026-10-09 12:37:24,2026-10-09 12:37:24.767
2026-10-09 12:33:04,BSCI222,7313,Maria Colt,18,18,0,2026-10-09 12:37:24,2026-10-09 12:37:24.767
2026-10-09 12:33:04,BSCI222,7315,Maria Colt,18,18,0,2026-10-09 12:37:24,2026-10-09 12:37:24.767
2026-10-09 12:33:04,BSCI222,7320,Maria Colt,18,18,0,2026-10-09 12:37:24,2026-10-09 12:37:24.768
2026-10-09 12:33:04,BSCI222,7325,Maria Colt,18,18,0,2026-10-09 12:37:24,2026-10-09 12:37:24.768
2026-10-09 12:33:04,BSCI222,7330,Maria Colt,18,18,0,2026-10-09 12:37:24,2026-10-09 12:37:24.768
2026-10-09 12:33:04,BSCI222,7332,Maria Colt,18,18,0,2026-10-09 12:37:24,2026-10-09 12:37:24.768
2026-10-09 12:33:04,BSCI222,7335,Maria Colt,18,18,0,2026-10-09 12:37:24,2026-10-09 12:37:24.768
2026-10-09 12:33:04,BSCI222,SES1,Maria Colt,23,23,0,2026-10-09 12:37:24,2026-10-09 12:37:24.769
2026-10-09 12:33:04,BSCI223,1021,John Buchner,16,16,0,2026-10-09 12:37:25,2026-10-09 12:37:25.242
2026-10-09 12:33:04,BSCI223,1025,John Buchner,16,16,0,2026-10-09 12:37:25,2026-10-09 12:37:25.242
2026-10-09 12:33:04,BSCI223,1026,John Buchner,16,16,0,2026-10-09 12:37:25,2026-10-09 12:37:25.242
2026-10-09 12:33:04,BSCI223,1101,John Buchner,16,16,0,2026-10-09 12:37:25,2026-10-09 12:37:25.242
2026-10-09 12:33:04,BSCI223,1105,John Buchner,16,16,0,2026-10-09 12:37:25,2026-10-09 12:37:25.242
2026-10-09 12:33:04,BSCI223,1106,John Buchner,16,16,0,2026-10-09 12:37:25,2026-10-09 12:37:25.243
2026-10-09 12:33:04,BSCI223,1121,John Buchner,16,16,0,2026-10-09 12:37:25,2026-10-09 12:37:25.243
2026-10-09 12:33:04,BSCI223,1125,John Buchner,16,16,0,2026-10-09 12:37:25,2026-10-09 12:37:25.243
2026-10-09 12:33:04,BSCI223,1126,John Buchner,16,16,0,2026-10-09 12:37:25,2026-10-09 12:37:25.243
2026-10-09 12:33:04,BSCI223,1201,John Buchner,16,16,0,2026-10-09 12:37:25,2026-10-09 12:37:25.243
2026-10-09 12:33:04,BSCI223,1206,John Buchner,16,16,0,2026-10-09 12:37:25,2026-10-09 12:37:25.244
2026-10-09 12:33:04,BSCI223,1221,John Buchner,16,16,0,2026-10-09 12:37:25,2026-10-09 12:37:25.244
2026-10-09 12:33:04,BSCI223,1225,John Buchner,16,16,0,2026-10-09 12:37:25,2026-10-09 12:37:25.244
2026-10-09 12:33:04,BSCI223,1226,John Buchner,16,16,0,2026-10-09 12:37:25,2026-10-09 12:37:25.244
2026-10-09 12:33:04,BSCI223,1301,John Buchner,16,16,0,2026-10-09 12:37:25,2026-10-09 12:37:25.244
2026-10-09 12:33:04,BSCI223,1306,John Buchner,16,16,0,2026-10-09 12:37:25,2026-10-09 12:37:25.244
2026-10-09 12:33:04,BSCI223,2401,John Buchner,16,16,0,2026-10-09 12:37:25,2026-10-09 12:37:25.245
2026-10-09 12:33:04,BSCI223,2406,John Buchner,16,16,0,2026-10-09 12:37:25,2026-10-09 12:37:25.245
2026-10-09 12:33:04,BSCI223,SES1,Cherisse Hall,20,20,0,2026-10-09 12:37:25,2026-10-09 12:37:25.245
2026-10-09 12:33:04,BSCI238I,0101,Aditri Gadigi,30,30,0,2026-10-09 12:37:25,2026-10-09 12:37:25.670
2026-10-09 12:33:04,BSCI258A,0101,Erin Thomson,10,10,0,2026-10-09 12:37:26,2026-10-09 12:37:26.079
2026-10-09 12:33:04,BSCI258B,0101,Erin Thomson,80,80,0,2026-10-09 12:37:26,2026-10-09 12:37:26.498
2026-10-09 12:33:04,BSCI279B,0101,Katerina Thompson,32,32,0,2026-10-09 12:37:27,2026-10-09 12:37:27.322
2026-10-09 12:33:04,BSCI279B,0102,Katerina Thompson,32,32,0,2026-10-09 12:37:27,2026-10-09 12:37:27.322
2026-10-09 12:33:04,BSCI279Q,0101,Daniel Butts,10,10,0,2026-10-09 12:37:28,2026-10-09 12:37:28.290
2026-10-09 12:33:04,BSCI283,1205,Daniel Stein,20,20,0,2026-10-09 12:37:29,2026-10-09 12:37:29.526
2026-10-09 12:33:04,BSCI283,1305,Daniel Stein,20,20,0,2026-10-09 12:37:29,2026-10-09 12:37:29.526
2026-10-09 12:33:04,BSCI329,1016,Hilary Bierman,5,5,0,2026-10-09 12:37:29,2026-10-09 12:37:29.945
2026-10-09 12:33:04,BSCI329,1028,Daniel Butts,10,10,0,2026-10-09 12:37:29,2026-10-09 12:37:29.945
2026-10-09 12:33:04,BSCI329,1033,Chan Lin,10,10,0,2026-10-09 12:37:29,2026-10-09 12:37:29.945
2026-10-09 12:33:04,BSCI329,1250,Justicia Opoku-Edusei,20,20,0,2026-10-09 12:37:29,2026-10-09 12:37:29.945
2026-10-09 12:33:04,BSCI329,1388,Corine Van der Weele,8,8,0,2026-10-09 12:37:29,2026-10-09 12:37:29.946
2026-10-09 12:33:04,BSCI329,ESG1,Hadiya Woodham,10,10,0,2026-10-09 12:37:29,2026-10-09 12:37:29.946
2026-10-09 12:33:04,BSCI331,0101,Kenneth Frauwirth,200,200,0,2026-10-09 12:37:30,2026-10-09 12:37:30.405
2026-10-09 12:33:04,BSCI331,0201,Kenneth Frauwirth,200,200,0,2026-10-09 12:37:30,2026-10-09 12:37:30.405
2026-10-09 12:33:04,BSCI332,0102,Corine Van der Weele,23,23,0,2026-10-09 12:37:30,2026-10-09 12:37:30.852
2026-10-09 12:33:04,BSCI332,0104,Corine Van der Weele,23,23,0,2026-10-09 12:37:30,2026-10-09 12:37:30.853
2026-10-09 12:33:04,BSCI332,0106,Corine Van der Weele,23,23,0,2026-10-09 12:37:30,2026-10-09 12:37:30.853
2026-10-09 12:33:04,BSCI332,0107,Corine Van der Weele,23,23,0,2026-10-09 12:37:30,2026-10-09 12:37:30.853
2026-10-09 12:33:04,BSCI332,0111,Corine Van der Weele,23,23,0,2026-10-09 12:37:30,2026-10-09 12:37:30.853
2026-10-09 12:33:04,BSCI332,1103,Corine Van der Weele,23,23,0,2026-10-09 12:37:30,2026-10-09 12:37:30.853
2026-10-09 12:33:04,BSCI332,1105,Corine Van der Weele,23,23,0,2026-10-09 12:37:30,2026-10-09 12:37:30.853
2026-10-09 12:33:04,BSCI332,1108,Corine Van der Weele,23,23,0,2026-10-09 12:37:30,2026-10-09 12:37:30.854
2026-10-09 12:33:04,BSCI332,1109,Corine Van der Weele,23,23,0,2026-10-09 12:37:30,2026-10-09 12:37:30.854
2026-10-09 12:33:04,BSCI332,1111,Corine Van der Weele,23,23,0,2026-10-09 12:37:30,2026-10-09 12:37:30.854
2026-10-09 12:33:04,BSCI332,1113,Corine Van der Weele,23,23,0,2026-10-09 12:37:30,2026-10-09 12:37:30.854
2026-10-09 12:33:04,BSCI334,0101,Katerina Thompson,60,60,0,2026-10-09 12:37:31,2026-10-09 12:37:31.273
2026-10-09 12:33:04,BSCI335,0101,Katerina Thompson,20,20,0,2026-10-09 12:37:31,2026-10-09 12:37:31.691
2026-10-09 12:33:04,BSCI335,0102,Katerina Thompson,20,20,0,2026-10-09 12:37:31,2026-10-09 12:37:31.692
2026-10-09 12:33:04,BSCI337,0101,Leo Shapiro,20,20,0,2026-10-09 12:37:32,2026-10-09 12:37:32.108
2026-10-09 12:33:04,BSCI337,0102,Leo Shapiro,20,20,0,2026-10-09 12:37:32,2026-10-09 12:37:32.109
2026-10-09 12:33:04,BSCI343,ESG1,Hadiya Woodham,30,30,0,2026-10-09 12:37:32,2026-10-09 12:37:32.951
2026-10-09 12:33:04,BSCI348A,0101,John Buchner,22,22,0,2026-10-09 12:37:33,2026-10-09 12:37:33.789
2026-10-09 12:33:04,BSCI348I,SES1,Erik Lontok,25,25,0,2026-10-09 12:37:34,2026-10-09 12:37:34.206
2026-10-09 12:33:04,BSCI348R,0101,Najib El-Sayed,10,10,0,2026-10-09 12:37:34,2026-10-09 12:37:34.616
2026-10-09 12:33:04,BSCI353,0101,Chan Lin,64,64,0,2026-10-09 12:37:35,2026-10-09 12:37:35.042
2026-10-09 12:33:04,BSCI353,0102,Melissa Caras,40,40,0,2026-10-09 12:37:35,2026-10-09 12:37:35.042
2026-10-09 12:33:04,BSCI353,ESG1,Vitaly Stepensky,40,40,0,2026-10-09 12:37:35,2026-10-09 12:37:35.042
2026-10-09 12:33:04,BSCI358A,ESG1,Vitaly Stepensky,30,30,0,2026-10-09 12:37:35,2026-10-09 12:37:35.463
2026-10-09 12:33:04,BSCI358B,ESG1,Gregory Simon,30,30,0,2026-10-09 12:37:35,2026-10-09 12:37:35.882
2026-10-09 12:33:04,BSCI361,0101,Daniel Gruner,25,25,0,2026-10-09 12:37:36,2026-10-09 12:37:36.298
2026-10-09 12:33:04,BSCI361,0102,Daniel Gruner,25,25,0,2026-10-09 12:37:36,2026-10-09 12:37:36.298
2026-10-09 12:33:04,BSCI370,0101,Alexandra Bely,64,64,0,2026-10-09 12:37:36,2026-10-09 12:37:36.713
2026-10-09 12:33:04,BSCI378H,0101,Kenneth Frauwirth,23,23,0,2026-10-09 12:37:37,2026-10-09 12:37:37.137
2026-10-09 12:33:04,BSCI398H,0101,Alexandra Bely,35,35,0,2026-10-09 12:37:40,2026-10-09 12:37:40.016
2026-10-09 12:33:04,BSCI401,0101,Gerald Wilkinson,39,39,0,2026-10-09 12:37:41,2026-10-09 12:37:41.673
2026-10-09 12:33:04,BSCI406,0101,Sergei Sukharev,20,20,0,2026-10-09 12:37:42,2026-10-09 12:37:42.104
2026-10-09 12:33:04,BSCI410,0101,Charles Seller,140,140,0,2026-10-09 12:37:42,2026-10-09 12:37:42.527
2026-10-09 12:33:04,BSCI412,0101,Wade Winkler,18,18,0,2026-10-09 12:37:42,2026-10-09 12:37:42.948
2026-10-09 12:33:04,BSCI412,0103,Wade Winkler,18,18,0,2026-10-09 12:37:42,2026-10-09 12:37:42.949
2026-10-09 12:33:04,BSCI414,ESG1,Caitlin Fox,24,24,0,2026-10-09 12:37:43,2026-10-09 12:37:43.372
2026-10-09 12:33:04,BSCI416,0101,Silvia Bolland,42,42,0,2026-10-09 12:37:43,2026-10-09 12:37:43.790
2026-10-09 12:33:04,BSCI417,0101,Vincent Lee,30,30,0,2026-10-09 12:37:44,2026-10-09 12:37:44.210
2026-10-09 12:33:04,BSCI420,0101,Sougata Roy,62,62,0,2026-10-09 12:37:44,2026-10-09 12:37:44.630
2026-10-09 12:33:04,BSCI422,0101,David Mosser,25,25,0,2026-10-09 12:37:45,2026-10-09 12:37:45.069
2026-10-09 12:33:04,BSCI422,0102,David Mosser,25,25,0,2026-10-09 12:37:45,2026-10-09 12:37:45.069
2026-10-09 12:33:04,BSCI422,0103,David Mosser,25,25,0,2026-10-09 12:37:45,2026-10-09 12:37:45.069
2026-10-09 12:33:04,BSCI422,0104,David Mosser,25,25,0,2026-10-09 12:37:45,2026-10-09 12:37:45.069
2026-10-09 12:33:04,BSCI423,0101,Wenxia Song,18,18,0,2026-10-09 12:37:45,2026-10-09 12:37:45.494
2026-10-09 12:33:04,BSCI423,0102,Wenxia Song,18,18,0,2026-10-09 12:37:45,2026-10-09 12:37:45.495
2026-10-09 12:33:04,BSCI425,0101,Kan Cao,20,20,0,2026-10-09 12:37:45,2026-10-09 12:37:45.913
2026-10-09 12:33:04,BSCI430,0101,Eric Haag,35,35,0,2026-10-09 12:37:46,2026-10-09 12:37:46.329
2026-10-09 12:33:04,BSCI433,0101,Jeff Maltas,30,30,0,2026-10-09 12:37:46,2026-10-09 12:37:46.753
2026-10-09 12:33:04,BSCI435,0101,Joshua Weitz,18,18,0,2026-10-09 12:37:47,2026-10-09 12:37:47.172
2026-10-09 12:33:04,BSCI436,0101,Jonathan Dinman,60,60,0,2026-10-09 12:37:47,2026-10-09 12:37:47.589
2026-10-09 12:33:04,BSCI437,0101,Jeffrey DeStefano,70,70,0,2026-10-09 12:37:48,2026-10-09 12:37:48.010
2026-10-09 12:33:04,BSCI437,ESG1,Gilad Ofek,40,40,0,2026-10-09 12:37:48,2026-10-09 12:37:48.010
2026-10-09 12:33:04,BSCI437H,0101,Jeffrey DeStefano,8,8,0,2026-10-09 12:37:48,2026-10-09 12:37:48.489
2026-10-09 12:33:04,BSCI439B,ESG1,Maira Goytia,40,40,0,2026-10-09 12:37:48,2026-10-09 12:37:48.909
2026-10-09 12:33:04,BSCI439E,0101,Beatrice Kondo,5,5,0,2026-10-09 12:37:49,2026-10-09 12:37:49.327
2026-10-09 12:33:04,BSCI439G,0101,Beatrice Kondo,5,5,0,2026-10-09 12:37:49,2026-10-09 12:37:49.740
2026-10-09 12:33:04,BSCI439L,0101,Instructor: TBA,5,5,0,2026-10-09 12:37:50,2026-10-09 12:37:50.153
2026-10-09 12:33:04,BSCI439Z,0101,Amanda Chicoli,20,20,0,2026-10-09 12:37:50,2026-10-09 12:37:50.563
2026-10-09 12:33:04,BSCI442,0101,Jose Feijo,20,20,0,2026-10-09 12:37:50,2026-10-09 12:37:50.989
2026-10-09 12:33:04,BSCI442,0102,Jose Feijo,20,20,0,2026-10-09 12:37:50,2026-10-09 12:37:50.989
2026-10-09 12:33:04,BSCI450,0101,Juan Angueyra,130,130,0,2026-10-09 12:37:51,2026-10-09 12:37:51.500
2026-10-09 12:33:04,BSCI450,0201,Joshua Singer,120,120,0,2026-10-09 12:37:51,2026-10-09 12:37:51.500
2026-10-09 12:33:04,BSCI450,PDS1,William Higgins,20,20,0,2026-10-09 12:37:51,2026-10-09 12:37:51.500
2026-10-09 12:33:04,BSCI451,0101,Corine Van der Weele,20,20,0,2026-10-09 12:37:51,2026-10-09 12:37:51.937
2026-10-09 12:33:04,BSCI451,0102,Corine Van der Weele,20,20,0,2026-10-09 12:37:51,2026-10-09 12:37:51.938
2026-10-09 12:33:04,BSCI451,0103,Corine Van der Weele,20,20,0,2026-10-09 12:37:51,2026-10-09 12:37:51.938
2026-10-09 12:33:04,BSCI451,0104,Corine Van der Weele,20,20,0,2026-10-09 12:37:51,2026-10-09 12:37:51.938
2026-10-09 12:33:04,BSCI452,0101,Chan Lin,40,40,0,2026-10-09 12:37:52,2026-10-09 12:37:52.358
2026-10-09 12:33:04,BSCI452,SES1,Chan Lin,20,20,0,2026-10-09 12:37:52,2026-10-09 12:37:52.358
2026-10-09 12:33:04,BSCI453,0101,Nikolas Francis,38,38,0,2026-10-09 12:37:52,2026-10-09 12:37:52.776
2026-10-09 12:33:04,BSCI455,0101,Hilary Bierman,16,16,0,2026-10-09 12:37:53,2026-10-09 12:37:53.194
2026-10-09 12:33:04,BSCI455,0102,Hilary Bierman,16,16,0,2026-10-09 12:37:53,2026-10-09 12:37:53.194
2026-10-09 12:33:04,BSCI455,0103,Hilary Bierman,16,16,0,2026-10-09 12:37:53,2026-10-09 12:37:53.195
2026-10-09 12:33:04,BSCI456,0101,Colenso Speer,5,5,0,2026-10-09 12:37:53,2026-10-09 12:37:53.612
2026-10-09 12:33:04,BSCI477,0101,Emily Bruns,40,40,0,2026-10-09 12:37:54,2026-10-09 12:37:54.036
2026-10-09 12:33:04,BSCI487,0101,Kelly Hamby,24,24,0,2026-10-09 12:37:54,2026-10-09 12:37:54.466
2026-10-09 12:33:04,BSOS355,0101,Liza Lebrun,40,40,0,2026-10-09 12:37:56,2026-10-09 12:37:56.229
2026-10-09 12:33:04,BSOS361,0101,TC Lloyd,30,30,0,2026-10-09 12:37:56,2026-10-09 12:37:56.653
2026-10-09 12:33:04,BSOS361,0102,TC Lloyd,30,30,0,2026-10-09 12:37:56,2026-10-09 12:37:56.653
2026-10-09 12:33:04,BSOS448M,0101,Brandee Pettus,12,12,0,2026-10-09 12:37:57,2026-10-09 12:37:57.086
2026-10-09 12:33:04,BUMO600,0501,Sheetal Singh,52,52,0,2026-10-09 12:38:21,2026-10-09 12:38:21.513
2026-10-09 12:33:04,BUMO604,0501,Jon Crocker,0,0,0,2026-10-09 12:38:21,2026-10-09 12:38:21.929
2026-10-09 12:33:04,BUMO614,0501,Waverly Ding,58,58,0,2026-10-09 12:38:22,2026-10-09 12:38:22.337
2026-10-09 12:33:04,BUMO701,0501,Jason Choi,65,65,0,2026-10-09 12:38:22,2026-10-09 12:38:22.757
2026-10-09 12:33:04,BUMO703,0501,Mary Beth Furst,65,65,0,2026-10-09 12:38:23,2026-10-09 12:38:23.172
2026-10-09 12:33:04,BUMO711,0501,Sheetal Singh,65,65,0,2026-10-09 12:38:23,2026-10-09 12:38:23.586
2026-10-09 12:33:04,BUMO714,0501,Rellie Rozin,0,0,0,2026-10-09 12:38:24,2026-10-09 12:38:24.007
2026-10-09 12:33:04,BUMO723,0501,Stephen Sclafani,58,58,0,2026-10-09 12:38:24,2026-10-09 12:38:24.489
2026-10-09 12:33:04,BUMO724,0501,Stephen Sclafani,58,58,0,2026-10-09 12:38:24,2026-10-09 12:38:24.913
2026-10-09 12:33:04,BUMO726,0501,Stephen Sclafani,58,58,0,2026-10-09 12:38:25,2026-10-09 12:38:25.321
2026-10-09 12:33:04,BUMO731,0501,Balaji Padmanabhan,58,58,0,2026-10-09 12:38:25,2026-10-09 12:38:25.745
2026-10-09 12:33:04,BUMO733,0501,Balaji Padmanabhan,58,58,0,2026-10-09 12:38:26,2026-10-09 12:38:26.171
2026-10-09 12:33:04,BUMO758P,0501,Jon Crocker,37,37,0,2026-10-09 12:38:26,2026-10-09 12:38:26.589
2026-10-09 12:33:04,BUMO780,0501,Jennifer Marr,37,37,0,2026-10-09 12:38:27,2026-10-09 12:38:27.440
2026-10-09 12:33:04,BUMO780,0502,Jennifer Marr,37,37,0,2026-10-09 12:38:27,2026-10-09 12:38:27.440
2026-10-09 12:33:04,BUMO782,0501,Mike Hoffmeyer,40,40,0,2026-10-09 12:38:27,2026-10-09 12:38:27.854
2026-10-09 12:33:04,BUMO785,0501,Maria Bustamante,65,65,0,2026-10-09 12:38:28,2026-10-09 12:38:28.274
2026-10-09 12:33:04,BUMO790,0501,Roy Thomason,65,65,0,2026-10-09 12:38:28,2026-10-09 12:38:28.810
2026-10-09 12:33:04,BUMO790,0502,Roy Thomason,65,65,0,2026-10-09 12:38:28,2026-10-09 12:38:28.810
2026-10-09 12:33:04,BUMO791,0501,Roy Thomason,65,65,0,2026-10-09 12:38:29,2026-10-09 12:38:29.234
2026-10-09 12:33:04,BUMO791,0502,Roy Thomason,65,65,0,2026-10-09 12:38:29,2026-10-09 12:38:29.235
2026-10-09 12:33:04,CHIN100,0101,Yuli Wang,15,15,0,2026-10-09 12:39:29,2026-10-09 12:39:29.341
2026-10-09 12:33:04,CHIN121,0101,Mei Kong,15,15,0,2026-10-09 12:39:29,2026-10-09 12:39:29.762
2026-10-09 12:33:04,CHIN122,0101,Mei Kong,15,15,0,2026-10-09 12:39:30,2026-10-09 12:39:30.185
2026-10-09 12:33:04,CHIN122,0201,Mei Kong,15,15,0,2026-10-09 12:39:30,2026-10-09 12:39:30.185
2026-10-09 12:33:04,CHIN122,0301,Guiling Hu,15,15,0,2026-10-09 12:39:30,2026-10-09 12:39:30.185
2026-10-09 12:33:04,CHIN207,0101,Guiling Hu,15,15,0,2026-10-09 12:39:30,2026-10-09 12:39:30.615
2026-10-09 12:33:04,CHIN207,0201,Guiling Hu,15,15,0,2026-10-09 12:39:30,2026-10-09 12:39:30.615
2026-10-09 12:33:04,CHIN302,0101,Jungjung Lee,15,15,0,2026-10-09 12:39:31,2026-10-09 12:39:31.035
2026-10-09 12:33:04,CHIN302,0201,Jungjung Lee,15,15,0,2026-10-09 12:39:31,2026-10-09 12:39:31.036
2026-10-09 12:33:04,CHIN307,0101,Minglang Zhou,25,25,0,2026-10-09 12:39:31,2026-10-09 12:39:31.452
2026-10-09 12:33:04,CHIN315,0101,Mei Nan,30,30,0,2026-10-09 12:39:31,2026-10-09 12:39:31.873
2026-10-09 12:33:04,CHIN332,0101,Yuli Wang,15,15,0,2026-10-09 12:39:32,2026-10-09 12:39:32.295
2026-10-09 12:33:04,CHIN402,0101,Jungjung Lee,15,15,0,2026-10-09 12:39:33,2026-10-09 12:39:33.134
2026-10-09 12:33:04,CHIN415,0101,Jungjung Lee,15,15,0,2026-10-09 12:39:33,2026-10-09 12:39:33.548
2026-10-09 12:33:04,CHIN418O,0101,Mei Nan,25,25,0,2026-10-09 12:39:33,2026-10-09 12:39:33.970
2026-10-09 12:33:04,CHIN441,0101,Andrew Schonebaum,20,20,0,2026-10-09 12:39:34,2026-10-09 12:39:34.389
2026-10-09 12:33:04,CHSE205,0101,Yewon Lee,60,60,0,2026-10-09 12:39:39,2026-10-09 12:39:39.084
2026-10-09 12:33:04,CHSE205,0201,Katryna Andrusik,50,50,0,2026-10-09 12:39:39,2026-10-09 12:39:39.085
2026-10-09 12:33:04,CHSE228D,0101,Nikita Kimani,16,16,0,2026-10-09 12:39:39,2026-10-09 12:39:39.495
2026-10-09 12:33:04,CHSE376,0101,Michael Dunham,20,20,0,2026-10-09 12:39:39,2026-10-09 12:39:39.916
2026-10-09 12:33:04,CHSE376,0201,Elizabeth Martinez,20,20,0,2026-10-09 12:39:39,2026-10-09 12:39:39.916
2026-10-09 12:33:04,CHSE376,0301,Colleen McGilpin,20,20,0,2026-10-09 12:39:39,2026-10-09 12:39:39.916
2026-10-09 12:33:04,CHSE376,0401,Chanai Brewster,20,20,0,2026-10-09 12:39:39,2026-10-09 12:39:39.916
2026-10-09 12:33:04,CHSE376,0501,Michael Dunham,20,20,0,2026-10-09 12:39:39,2026-10-09 12:39:39.916
2026-10-09 12:33:04,CHSE476,0101,Michael Dunham,20,20,0,2026-10-09 12:39:40,2026-10-09 12:39:40.742
2026-10-09 12:33:04,CHSE477,0101,Michael Dunham,18,18,0,2026-10-09 12:39:41,2026-10-09 12:39:41.161
2026-10-09 12:33:04,CHSE480,0101,Michael Dunham,18,18,0,2026-10-09 12:39:41,2026-10-09 12:39:41.577
2026-10-09 12:33:04,CHSE489,1901,Amy D'Agati,10,10,0,2026-10-09 12:39:41,2026-10-09 12:39:41.994
2026-10-09 12:33:04,CINE245,0201,Instructor: TBA,27,27,0,2026-10-09 12:39:44,2026-10-09 12:39:44.324
2026-10-09 12:33:04,CINE245,0301,Alan Montroso,27,27,0,2026-10-09 12:39:44,2026-10-09 12:39:44.324
2026-10-09 12:33:04,CINE280,0101,Eric Zakim,25,25,0,2026-10-09 12:39:44,2026-10-09 12:39:44.751
2026-10-09 12:33:04,CINE280,0102,Eric Zakim,25,25,0,2026-10-09 12:39:44,2026-10-09 12:39:44.752
2026-10-09 12:33:04,CINE280,0103,Eric Zakim,25,25,0,2026-10-09 12:39:44,2026-10-09 12:39:44.752
2026-10-09 12:33:04,CINE280,0104,Eric Zakim,25,25,0,2026-10-09 12:39:44,2026-10-09 12:39:44.752
2026-10-09 12:33:04,CINE282,0101,Susan Pramschufer,35,35,0,2026-10-09 12:39:45,2026-10-09 12:39:45.170
2026-10-09 12:33:04,CINE298B,0101,Sean Pue,20,20,0,2026-10-09 12:39:50,2026-10-09 12:39:50.056
2026-10-09 12:33:04,CINE302,0101,Luka Arsenjuk,30,30,0,2026-10-09 12:39:50,2026-10-09 12:39:50.467
2026-10-09 12:33:04,CINE310,0101,Nathaniel Stevens,15,15,0,2026-10-09 12:39:50,2026-10-09 12:39:50.886
2026-10-09 12:33:04,CINE319A,0101,Paul Cote,20,20,0,2026-10-09 12:39:51,2026-10-09 12:39:51.303
2026-10-09 12:33:04,CINE319I,0101,Yael Inbar,15,15,0,2026-10-09 12:39:52,2026-10-09 12:39:52.038
2026-10-09 12:33:04,CINE319P,5501,Samuel Crawford,10,10,0,2026-10-09 12:39:52,2026-10-09 12:39:52.445
2026-10-09 12:33:04,CINE329E,0101,Elizabeth Papazian,25,25,0,2026-10-09 12:39:52,2026-10-09 12:39:52.852
2026-10-09 12:33:04,CINE329N,0101,Daniel Richter,25,25,0,2026-10-09 12:39:53,2026-10-09 12:39:53.266
2026-10-09 12:33:04,CINE329Z,0101,Daniel Richter,25,25,0,2026-10-09 12:39:53,2026-10-09 12:39:53.685
2026-10-09 12:33:04,CINE335,0101,Jason Kuo,25,25,0,2026-10-09 12:39:54,2026-10-09 12:39:54.106
2026-10-09 12:33:04,CINE369C,0101,Mauro Resmini,40,40,0,2026-10-09 12:39:54,2026-10-09 12:39:54.526
2026-10-09 12:33:04,CINE369F,0101,Alexis Lothian,30,30,0,2026-10-09 12:39:54,2026-10-09 12:39:54.954
2026-10-09 12:33:04,CINE369K,0101,Paul Cote,20,20,0,2026-10-09 12:39:55,2026-10-09 12:39:55.375
2026-10-09 12:33:04,CINE376,0101,Ross Angelella,14,14,0,2026-10-09 12:39:55,2026-10-09 12:39:55.785
2026-10-09 12:33:04,CINE376,0102,Ross Angelella,5,5,0,2026-10-09 12:39:55,2026-10-09 12:39:55.785
2026-10-09 12:33:04,CINE419E,0101,Stephanie Sapienza,15,15,0,2026-10-09 12:39:56,2026-10-09 12:39:56.601
2026-10-09 12:33:04,CINE429O,0101,Mei Nan,25,25,0,2026-10-09 12:39:57,2026-10-09 12:39:57.027
2026-10-09 12:33:04,CINE459C,0101,Saverio Giovacchini,54,54,0,2026-10-09 12:39:57,2026-10-09 12:39:57.453
2026-10-09 12:33:04,CINE469Y,0101,Jason Kuo,14,14,0,2026-10-09 12:39:57,2026-10-09 12:39:57.871
2026-10-09 12:33:04,CLAS170,0101,Katherine Wasdin,21,21,0,2026-10-09 12:40:00,2026-10-09 12:40:00.523
2026-10-09 12:33:04,CLAS170,0102,Katherine Wasdin,21,21,0,2026-10-09 12:40:00,2026-10-09 12:40:00.523
2026-10-09 12:33:04,CLAS170,0103,Katherine Wasdin,21,21,0,2026-10-09 12:40:00,2026-10-09 12:40:00.524
2026-10-09 12:33:04,CLAS170,0104,Katherine Wasdin,21,21,0,2026-10-09 12:40:00,2026-10-09 12:40:00.524
2026-10-09 12:33:04,CLAS170,0105,Katherine Wasdin,21,21,0,2026-10-09 12:40:00,2026-10-09 12:40:00.524
2026-10-09 12:33:04,CLAS170,0106,Katherine Wasdin,21,21,0,2026-10-09 12:40:00,2026-10-09 12:40:00.524
2026-10-09 12:33:04,CLAS170,0107,Katherine Wasdin,21,21,0,2026-10-09 12:40:00,2026-10-09 12:40:00.524
2026-10-09 12:33:04,CLAS170,0108,Katherine Wasdin,21,21,0,2026-10-09 12:40:00,2026-10-09 12:40:00.524
2026-10-09 12:33:04,CLAS170,0109,Katherine Wasdin,21,21,0,2026-10-09 12:40:00,2026-10-09 12:40:00.525
2026-10-09 12:33:04,CLAS276,0101,Eric Adler,25,25,0,2026-10-09 12:40:00,2026-10-09 12:40:00.954
2026-10-09 12:33:04,CLAS276,0102,Eric Adler,25,25,0,2026-10-09 12:40:00,2026-10-09 12:40:00.954
2026-10-09 12:33:04,CLAS276,0103,Eric Adler,25,25,0,2026-10-09 12:40:00,2026-10-09 12:40:00.954
2026-10-09 12:33:04,CLAS276,0104,Eric Adler,25,25,0,2026-10-09 12:40:00,2026-10-09 12:40:00.955
2026-10-09 12:33:04,CLAS276,0105,Eric Adler,25,25,0,2026-10-09 12:40:00,2026-10-09 12:40:00.955
2026-10-09 12:33:04,CLAS276,0106,Eric Adler,25,25,0,2026-10-09 12:40:00,2026-10-09 12:40:00.955
2026-10-09 12:33:04,CLAS333,0101,Nathan Levine,35,35,0,2026-10-09 12:40:01,2026-10-09 12:40:01.396
2026-10-09 12:33:04,CLAS340,0101,Katherine Wasdin,35,35,0,2026-10-09 12:40:01,2026-10-09 12:40:01.843
2026-10-09 12:33:04,CMLT235,0101,Instructor: TBA,30,30,0,2026-10-09 12:40:04,2026-10-09 12:40:04.198
2026-10-09 12:33:04,CMLT270,0201,Instructor: TBA,30,30,0,2026-10-09 12:40:04,2026-10-09 12:40:04.638
2026-10-09 12:33:04,CMLT270,0301,Instructor: TBA,30,30,0,2026-10-09 12:40:04,2026-10-09 12:40:04.638
2026-10-09 12:33:04,CMLT275,0101,Instructor: TBA,30,30,0,2026-10-09 12:40:05,2026-10-09 12:40:05.072
2026-10-09 12:33:04,CMLT277,0101,Instructor: TBA,30,30,0,2026-10-09 12:40:05,2026-10-09 12:40:05.504
2026-10-09 12:33:04,CMLT280,0101,Eric Zakim,25,25,0,2026-10-09 12:40:05,2026-10-09 12:40:05.937
2026-10-09 12:33:04,CMLT280,0102,Eric Zakim,25,25,0,2026-10-09 12:40:05,2026-10-09 12:40:05.937
2026-10-09 12:33:04,CMLT280,0103,Eric Zakim,25,25,0,2026-10-09 12:40:05,2026-10-09 12:40:05.937
2026-10-09 12:33:04,CMLT280,0104,Eric Zakim,25,25,0,2026-10-09 12:40:05,2026-10-09 12:40:05.938
2026-10-09 12:33:04,CPBE101,0101,Oliver Schlake,75,75,0,2026-10-09 12:40:34,2026-10-09 12:40:34.946
2026-10-09 12:33:04,CPBE230,0101,Obioma Akaigwe,30,30,0,2026-10-09 12:40:35,2026-10-09 12:40:35.373
2026-10-09 12:33:04,CPBE240,0101,Obioma Akaigwe,20,20,0,2026-10-09 12:40:35,2026-10-09 12:40:35.797
2026-10-09 12:33:04,CPBE250,0101,Obioma Akaigwe,30,30,0,2026-10-09 12:40:36,2026-10-09 12:40:36.217
2026-10-09 12:33:04,CPCV101,0101,Julie Randolph,40,40,0,2026-10-09 12:40:37,2026-10-09 12:40:37.968
2026-10-09 12:33:04,CPCV101,0201,Julie Randolph,40,40,0,2026-10-09 12:40:37,2026-10-09 12:40:37.968
2026-10-09 12:33:04,CPCV230,0101,Korey Rothman,20,20,0,2026-10-09 12:40:38,2026-10-09 12:40:38.392
2026-10-09 12:33:04,CPCV230,0201,Korey Rothman,20,20,0,2026-10-09 12:40:38,2026-10-09 12:40:38.392
2026-10-09 12:33:04,CPDJ101,0101,Jess Feltner,75,75,0,2026-10-09 12:40:40,2026-10-09 12:40:40.652
2026-10-09 12:33:04,CPDJ230,0101,Andrew Fellows,10,10,0,2026-10-09 12:40:41,2026-10-09 12:40:41.283
2026-10-09 12:33:04,CPDJ240,0101,Andrew Fellows,8,8,0,2026-10-09 12:40:42,2026-10-09 12:40:42.216
2026-10-09 12:33:04,CPDJ250,0101,Andrew Fellows,10,10,0,2026-10-09 12:40:42,2026-10-09 12:40:42.628
2026-10-09 12:33:04,CPET101,0101,Dani Moore,78,78,0,2026-10-09 12:40:44,2026-10-09 12:40:44.818
2026-10-09 12:33:04,CPET230,0101,Tim Knight,50,50,0,2026-10-09 12:40:45,2026-10-09 12:40:45.245
2026-10-09 12:33:04,CPET240,0101,Tim Knight,20,20,0,2026-10-09 12:40:45,2026-10-09 12:40:45.811
2026-10-09 12:33:04,CPET250,0101,Tim Knight,15,15,0,2026-10-09 12:40:46,2026-10-09 12:40:46.446
2026-10-09 12:33:04,CPGH101,0101,Angshuman Kashyap,75,75,0,2026-10-09 12:40:48,2026-10-09 12:40:48.545
2026-10-09 12:33:04,CPGH210,0101,Haley Clark,80,80,0,2026-10-09 12:40:48,2026-10-09 12:40:48.966
2026-10-09 12:33:04,CPGH230,0101,John Wiggins,30,30,0,2026-10-09 12:40:49,2026-10-09 12:40:49.388
2026-10-09 12:33:04,CPGH240,0101,John Wiggins,30,30,0,2026-10-09 12:40:50,2026-10-09 12:40:50.010
2026-10-09 12:33:04,CPGH250,0101,John Wiggins,25,25,0,2026-10-09 12:40:50,2026-10-09 12:40:50.484
2026-10-09 12:33:04,CPGH270,0101,Elisabeth Maring,5,5,0,2026-10-09 12:40:51,2026-10-09 12:40:51.108
2026-10-09 12:33:04,CPJT101,0101,Justine DeCamillis,75,75,0,2026-10-09 12:40:52,2026-10-09 12:40:52.953
2026-10-09 12:33:04,CPJT230,0101,Justine DeCamillis,35,35,0,2026-10-09 12:40:53,2026-10-09 12:40:53.610
2026-10-09 12:33:04,CPJT240,0101,Justine DeCamillis,25,25,0,2026-10-09 12:40:54,2026-10-09 12:40:54.190
2026-10-09 12:33:04,CPJT250,0101,Victoria Worley,25,25,0,2026-10-09 12:40:54,2026-10-09 12:40:54.811
2026-10-09 12:33:04,CPMS101,0101,Alison Burns,75,75,0,2026-10-09 12:40:56,2026-10-09 12:40:56.575
2026-10-09 12:33:04,CPMS230,0101,Alison Burns,30,30,0,2026-10-09 12:40:57,2026-10-09 12:40:57.117
2026-10-09 12:33:04,CPMS240,0101,Alison Burns,15,15,0,2026-10-09 12:40:57,2026-10-09 12:40:57.538
2026-10-09 12:33:04,CPPL101,0101,Kelly Brower,75,75,0,2026-10-09 12:40:59,2026-10-09 12:40:59.327
2026-10-09 12:33:04,CPSA101,0101,Heather-Erin Bremenstuhl,75,75,0,2026-10-09 12:41:01,2026-10-09 12:41:01.118
2026-10-09 12:33:04,CPSA149,0101,Harold Burgess,20,20,0,2026-10-09 12:41:01,2026-10-09 12:41:01.596
2026-10-09 12:33:04,CPSA201,0101,Heather-Erin Bremenstuhl,75,75,0,2026-10-09 12:41:02,2026-10-09 12:41:02.084
2026-10-09 12:33:04,CPSA240,0101,Harold Burgess,15,15,0,2026-10-09 12:41:02,2026-10-09 12:41:02.506
2026-10-09 12:33:04,CPSA250,0101,Heather-Erin Bremenstuhl,10,10,0,2026-10-09 12:41:03,2026-10-09 12:41:03.105
2026-10-09 12:33:04,CPSA250,0201,Heather-Erin Bremenstuhl,10,10,0,2026-10-09 12:41:03,2026-10-09 12:41:03.105
2026-10-09 12:33:04,CPSA250,0301,Heather-Erin Bremenstuhl,10,10,0,2026-10-09 12:41:03,2026-10-09 12:41:03.105
2026-10-09 12:33:04,CPSA260,0101,Harold Burgess,10,10,0,2026-10-09 12:41:03,2026-10-09 12:41:03.578
2026-10-09 12:33:04,CPSA260,0201,Harold Burgess,10,10,0,2026-10-09 12:41:03,2026-10-09 12:41:03.578
2026-10-09 12:33:04,CPSA260,0301,Heather-Erin Bremenstuhl,10,10,0,2026-10-09 12:41:03,2026-10-09 12:41:03.579
2026-10-09 12:33:04,CPSF101,0101,Erin Thomson,75,75,0,2026-10-09 12:41:05,2026-10-09 12:41:05.357
2026-10-09 12:33:04,CPSG101,0101,Thomas Holtz,75,75,0,2026-10-09 12:41:07,2026-10-09 12:41:07.141
2026-10-09 12:33:04,CPSG230,0101,John Merck,50,50,0,2026-10-09 12:41:07,2026-10-09 12:41:07.551
2026-10-09 12:33:04,CPSG240,0101,John Merck,25,25,0,2026-10-09 12:41:07,2026-10-09 12:41:07.969
2026-10-09 12:33:04,CPSG250,0101,John Merck,25,25,0,2026-10-09 12:41:08,2026-10-09 12:41:08.378
2026-10-09 12:33:04,CPSN101,0101,Stacy Kosko,75,75,0,2026-10-09 12:41:10,2026-10-09 12:41:10.138
2026-10-09 12:33:04,CPSN230,0101,Ellin Chung,40,40,0,2026-10-09 12:41:10,2026-10-09 12:41:10.560
2026-10-09 12:33:04,CPSN240,0101,Ellin Chung,15,15,0,2026-10-09 12:41:10,2026-10-09 12:41:10.969
2026-10-09 12:33:04,CPSN250,0101,Hansol Kwak,25,25,0,2026-10-09 12:41:11,2026-10-09 12:41:11.481
2026-10-09 12:33:04,CPSP110,0101,Instructor: TBA,18,18,0,2026-10-09 12:41:13,2026-10-09 12:41:13.370
2026-10-09 12:33:04,CPSP110,0201,Instructor: TBA,18,18,0,2026-10-09 12:41:13,2026-10-09 12:41:13.370
2026-10-09 12:33:04,CPSP110,0301,Instructor: TBA,18,18,0,2026-10-09 12:41:13,2026-10-09 12:41:13.370
2026-10-09 12:33:04,CPSP210,0101,Christine Alexander,20,20,0,2026-10-09 12:41:13,2026-10-09 12:41:13.799
2026-10-09 12:33:04,CPSP239A,0101,Heather-Erin Bremenstuhl,10,10,0,2026-10-09 12:41:14,2026-10-09 12:41:14.218
2026-10-09 12:33:04,CPSP259J,0101,Alison Burns,10,10,0,2026-10-09 12:41:14,2026-10-09 12:41:14.628
2026-10-09 12:33:04,CPSP279N,0101,Stacy Kosko,10,10,0,2026-10-09 12:41:15,2026-10-09 12:41:15.062
2026-10-09 12:33:04,CPSP339P,0101,Kelly Brower,15,15,0,2026-10-09 12:41:15,2026-10-09 12:41:15.480
2026-10-09 12:33:04,CPSP359G,0101,John Merck,25,25,0,2026-10-09 12:41:15,2026-10-09 12:41:15.893
2026-10-09 12:33:04,CPSP359S,0101,David Eubanks,24,24,0,2026-10-09 12:41:16,2026-10-09 12:41:16.303
2026-10-09 12:33:04,CPSP369E,0101,Tim Knight,7,7,0,2026-10-09 12:41:16,2026-10-09 12:41:16.723
2026-10-09 12:33:04,CPSP369E,0102,Tim Knight,5,5,0,2026-10-09 12:41:16,2026-10-09 12:41:16.723
2026-10-09 12:33:04,CPSS101,0101,Christine Alexander,75,75,0,2026-10-09 12:41:18,2026-10-09 12:41:18.599
2026-10-09 12:33:04,CPSS225,0101,Roan Parrish,20,20,0,2026-10-09 12:41:19,2026-10-09 12:41:19.020
2026-10-09 12:33:04,CPSS225,0201,Thomas Zeller,20,20,0,2026-10-09 12:41:19,2026-10-09 12:41:19.020
2026-10-09 12:33:04,CPSS240,0101,Timothy Reedy,25,25,0,2026-10-09 12:41:19,2026-10-09 12:41:19.439
2026-10-09 12:33:04,CPSS340,0101,Nicole Mogul,20,20,0,2026-10-09 12:41:19,2026-10-09 12:41:19.860
2026-10-09 12:33:04,DATA100,0111,Matthew Griffin,27,27,0,2026-10-09 12:41:36,2026-10-09 12:41:36.722
2026-10-09 12:33:04,DATA100,0112,Matthew Griffin,27,27,0,2026-10-09 12:41:36,2026-10-09 12:41:36.722
2026-10-09 12:33:04,DATA100,0121,Matthew Griffin,27,27,0,2026-10-09 12:41:36,2026-10-09 12:41:36.722
2026-10-09 12:33:04,DATA100,0122,Matthew Griffin,27,27,0,2026-10-09 12:41:36,2026-10-09 12:41:36.723
2026-10-09 12:33:04,DATA100,0123,Matthew Griffin,27,27,0,2026-10-09 12:41:36,2026-10-09 12:41:36.723
2026-10-09 12:33:04,DATA100,0131,Matthew Griffin,27,27,0,2026-10-09 12:41:36,2026-10-09 12:41:36.723
2026-10-09 12:33:04,DATA100,0211,Matthew Griffin,27,27,0,2026-10-09 12:41:36,2026-10-09 12:41:36.723
2026-10-09 12:33:04,DATA100,0212,Matthew Griffin,27,27,0,2026-10-09 12:41:36,2026-10-09 12:41:36.723
2026-10-09 12:33:04,DATA100,0221,Matthew Griffin,27,27,0,2026-10-09 12:41:36,2026-10-09 12:41:36.724
2026-10-09 12:33:04,DATA100,0222,Matthew Griffin,27,27,0,2026-10-09 12:41:36,2026-10-09 12:41:36.724
2026-10-09 12:33:04,DATA100,0223,Matthew Griffin,27,27,0,2026-10-09 12:41:36,2026-10-09 12:41:36.724
2026-10-09 12:33:04,DATA100,0224,Matthew Griffin,27,27,0,2026-10-09 12:41:36,2026-10-09 12:41:36.724
2026-10-09 12:33:04,DATA100,0231,Matthew Griffin,27,27,0,2026-10-09 12:41:36,2026-10-09 12:41:36.724
2026-10-09 12:33:04,DATA100,0241,Matthew Griffin,27,27,0,2026-10-09 12:41:36,2026-10-09 12:41:36.725
2026-10-09 12:33:04,DATA100,0242,Matthew Griffin,27,27,0,2026-10-09 12:41:36,2026-10-09 12:41:36.725
2026-10-09 12:33:04,DATA100,0311,Jonathan Fernandes,25,25,0,2026-10-09 12:41:36,2026-10-09 12:41:36.725
2026-10-09 12:33:04,DATA100,0312,Jonathan Fernandes,25,25,0,2026-10-09 12:41:36,2026-10-09 12:41:36.725
2026-10-09 12:33:04,DATA100,0321,Jonathan Fernandes,25,25,0,2026-10-09 12:41:36,2026-10-09 12:41:36.725
2026-10-09 12:33:04,DATA100,0322,Jonathan Fernandes,25,25,0,2026-10-09 12:41:36,2026-10-09 12:41:36.725
2026-10-09 12:33:04,DATA100,0323,Jonathan Fernandes,25,25,0,2026-10-09 12:41:36,2026-10-09 12:41:36.726
2026-10-09 12:33:04,DATA110,0101,Susan Mazzullo,310,310,0,2026-10-09 12:41:37,2026-10-09 12:41:37.151
2026-10-09 12:33:04,DATA120,0101,Fardina Alam,200,200,0,2026-10-09 12:41:37,2026-10-09 12:41:37.572
2026-10-09 12:33:04,DATA200,0101,Fardina Alam,90,90,0,2026-10-09 12:41:37,2026-10-09 12:41:37.981
2026-10-09 12:33:04,DATA250,0101,Todd Rowland,30,30,0,2026-10-09 12:41:38,2026-10-09 12:41:38.402
2026-10-09 12:33:04,DATA320,0101,Maksym Morawski,20,20,0,2026-10-09 12:41:38,2026-10-09 12:41:38.827
2026-10-09 12:33:04,DATA320,0201,Fardina Alam,20,20,0,2026-10-09 12:41:38,2026-10-09 12:41:38.827
2026-10-09 12:33:04,DATA320,0301,Anna Evtushenko,12,12,0,2026-10-09 12:41:38,2026-10-09 12:41:38.827
2026-10-09 12:33:04,DATA350,0101,Todd Rowland,30,30,0,2026-10-09 12:41:39,2026-10-09 12:41:39.249
2026-10-09 12:33:04,DATA350,0201,Raluca Rosca,30,30,0,2026-10-09 12:41:39,2026-10-09 12:41:39.249
2026-10-09 12:33:04,DATA400,0111,Archana Khurana,27,27,0,2026-10-09 12:41:39,2026-10-09 12:41:39.681
2026-10-09 12:33:04,DATA400,0121,Archana Khurana,27,27,0,2026-10-09 12:41:39,2026-10-09 12:41:39.682
2026-10-09 12:33:04,DATA400,0131,Archana Khurana,27,27,0,2026-10-09 12:41:39,2026-10-09 12:41:39.682
2026-10-09 12:33:04,DATA400,0211,Salman Safdar,27,27,0,2026-10-09 12:41:39,2026-10-09 12:41:39.682
2026-10-09 12:33:04,DATA400,0311,Shixin Zheng,27,27,0,2026-10-09 12:41:39,2026-10-09 12:41:39.682
2026-10-09 12:33:04,DATA400,0321,Shixin Zheng,27,27,0,2026-10-09 12:41:39,2026-10-09 12:41:39.682
2026-10-09 12:33:04,DATA400,0331,Shixin Zheng,27,27,0,2026-10-09 12:41:39,2026-10-09 12:41:39.683
2026-10-09 12:33:04,DATA400,0411,Mestiyage Gunatilleka,27,27,0,2026-10-09 12:41:39,2026-10-09 12:41:39.683
2026-10-09 12:33:04,DATA400,0421,Mestiyage Gunatilleka,27,27,0,2026-10-09 12:41:39,2026-10-09 12:41:39.683
2026-10-09 12:33:04,DATA400,0431,Mestiyage Gunatilleka,27,27,0,2026-10-09 12:41:39,2026-10-09 12:41:39.683
2026-10-09 12:33:04,EALL361,0101,Jyana Browne,20,20,0,2026-10-09 12:41:41,2026-10-09 12:41:41.436
2026-10-09 12:33:04,EDDI300,0101,Nicole Mehta,20,20,0,2026-10-09 12:41:57,2026-10-09 12:41:57.115
2026-10-09 12:33:04,EMBA788G,GX01,Judy Frels,31,31,0,2026-10-09 12:42:31,2026-10-09 12:42:31.738
2026-10-09 12:33:04,EMBA788V,GX01,Zhi-Long Chen,31,31,0,2026-10-09 12:42:32,2026-10-09 12:42:32.157
2026-10-09 12:33:04,ENBC312,ESG1,Kyunghun Lee,20,20,0,2026-10-09 12:42:49,2026-10-09 12:42:49.908
2026-10-09 12:33:04,ENBC321,ESG1,Jamasp Azarnoosh,20,20,0,2026-10-09 12:42:50,2026-10-09 12:42:50.322
2026-10-09 12:33:04,ENBC342,ESG1,Lan Ma,20,20,0,2026-10-09 12:42:50,2026-10-09 12:42:50.745
2026-10-09 12:33:04,ENBC351,ESG1,Jarred Callura,20,20,0,2026-10-09 12:42:51,2026-10-09 12:42:51.169
2026-10-09 12:33:04,ENBC352,ESG1,Jarred Callura,20,20,0,2026-10-09 12:42:51,2026-10-09 12:42:51.590
2026-10-09 12:33:04,ENBC403,ESG1,Jamasp Azarnoosh,20,20,0,2026-10-09 12:42:52,2026-10-09 12:42:52.012
2026-10-09 12:33:04,ENBC441,ESG1,Lan Ma,20,20,0,2026-10-09 12:42:52,2026-10-09 12:42:52.420
2026-10-09 12:33:04,ENBC455,ESG1,Jarred Callura,20,20,0,2026-10-09 12:42:52,2026-10-09 12:42:52.832
2026-10-09 12:33:04,ENBC491,ESG1,Lan Ma,20,20,0,2026-10-09 12:42:53,2026-10-09 12:42:53.258
2026-10-09 12:33:04,ENCO099,0101,Lizzy Solovey,200,200,0,2026-10-09 12:43:04,2026-10-09 12:43:04.535
2026-10-09 12:33:04,ENEB304,ESG1,Nestor Michael Tiglao,20,20,0,2026-10-09 12:43:06,2026-10-09 12:43:06.352
2026-10-09 12:33:04,ENEB345,ESG1,Nestor Michael Tiglao,20,20,0,2026-10-09 12:43:06,2026-10-09 12:43:06.773
2026-10-09 12:33:04,ENEB352,ESG1,Mohamed Hany,20,20,0,2026-10-09 12:43:07,2026-10-09 12:43:07.201
2026-10-09 12:33:04,ENEB353,ESG1,Manoj Franklin,20,20,0,2026-10-09 12:43:07,2026-10-09 12:43:07.623
2026-10-09 12:33:04,ENEB355,ESG1,Nestor Michael Tiglao,20,20,0,2026-10-09 12:43:08,2026-10-09 12:43:08.048
2026-10-09 12:33:04,ENEB408B,ESG1,Jerry Wu,20,20,0,2026-10-09 12:43:08,2026-10-09 12:43:08.468
2026-10-09 12:33:04,ENEB443,ESG1,George Zaki,20,20,0,2026-10-09 12:43:08,2026-10-09 12:43:08.886
2026-10-09 12:33:04,ENEB453,ESG1,Nestor Michael Tiglao,20,20,0,2026-10-09 12:43:09,2026-10-09 12:43:09.297
2026-10-09 12:33:04,ENEB455,ESG1,Jerry Wu,20,20,0,2026-10-09 12:43:09,2026-10-09 12:43:09.717
2026-10-09 12:33:04,ENEB456,ESG1,Nestor Michael Tiglao,20,20,0,2026-10-09 12:43:10,2026-10-09 12:43:10.138
2026-10-09 12:33:04,ENED037,0101,Hillary Owusu,20,20,0,2026-10-09 12:43:11,2026-10-09 12:43:11.926
2026-10-09 12:33:04,ENED290H,0101,Christopher Troilo,45,45,0,2026-10-09 12:43:12,2026-10-09 12:43:12.338
2026-10-09 12:33:04,ENED390H,0101,Natcha Thawesaengskulthai,45,45,0,2026-10-09 12:43:12,2026-10-09 12:43:12.759
2026-10-09 12:33:04,ENED394H,0101,Maria Bardossy,40,40,0,2026-10-09 12:43:13,2026-10-09 12:43:13.176
2026-10-09 12:33:04,ENED396,0101,Jessica Roffe,24,24,0,2026-10-09 12:43:13,2026-10-09 12:43:13.601
2026-10-09 12:33:04,ENED397,0101,Emily Marks,9,9,0,2026-10-09 12:43:14,2026-10-09 12:43:14.021
2026-10-09 12:33:04,ENED490H,0101,David Ashley,45,45,0,2026-10-09 12:43:14,2026-10-09 12:43:14.430
2026-10-09 12:33:04,ENED491,0101,Jessica Roffe,10,10,0,2026-10-09 12:43:14,2026-10-09 12:43:14.929
2026-10-09 12:33:04,ENMT313,ESG1,Nicholas Limparis,3,3,0,2026-10-09 12:44:53,2026-10-09 12:44:53.462
2026-10-09 12:33:04,ENMT332,ESG1,Norman Wereley,4,4,0,2026-10-09 12:44:53,2026-10-09 12:44:53.878
2026-10-09 12:33:04,ENMT362,ESG1,Young Choi,3,3,0,2026-10-09 12:44:54,2026-10-09 12:44:54.295
2026-10-09 12:33:04,ENMT372,ESG1,Gurtajbir Herr,3,3,0,2026-10-09 12:44:54,2026-10-09 12:44:54.975
2026-10-09 12:33:04,ENMT477,ESG1,Gurtajbir Herr,7,7,0,2026-10-09 12:44:55,2026-10-09 12:44:55.390
2026-10-09 12:33:04,ENMT488C,ESG1,Colleen Murray,7,7,0,2026-10-09 12:44:55,2026-10-09 12:44:55.802
2026-10-09 12:33:04,ENMT488P,ESG1,Colleen Murray,7,7,0,2026-10-09 12:44:56,2026-10-09 12:44:56.429
2026-10-09 12:33:04,ENMT488Z,ESG1,Nicholas Limparis,7,7,0,2026-10-09 12:44:56,2026-10-09 12:44:56.851
2026-10-09 12:33:04,ENSP102,0101,Joanna Goger,22,22,0,2026-10-09 12:45:09,2026-10-09 12:45:09.131
2026-10-09 12:33:04,ENSP102,0102,Joanna Goger,22,22,0,2026-10-09 12:45:09,2026-10-09 12:45:09.131
2026-10-09 12:33:04,ENSP102,0103,Joanna Goger,23,23,0,2026-10-09 12:45:09,2026-10-09 12:45:09.131
2026-10-09 12:33:04,ENSP102,0104,Joanna Goger,22,22,0,2026-10-09 12:45:09,2026-10-09 12:45:09.131
2026-10-09 12:33:04,ENSP102,0105,Joanna Goger,22,22,0,2026-10-09 12:45:09,2026-10-09 12:45:09.132
2026-10-09 12:33:04,ENSP102,0106,Joanna Goger,22,22,0,2026-10-09 12:45:09,2026-10-09 12:45:09.132
2026-10-09 12:33:04,ENSP102,0107,Joanna Goger,22,22,0,2026-10-09 12:45:09,2026-10-09 12:45:09.132
2026-10-09 12:33:04,ENSP306,0101,Caroline Boules,30,30,0,2026-10-09 12:45:09,2026-10-09 12:45:09.759
2026-10-09 12:33:04,ENSP330,0101,Joanna Goger,35,35,0,2026-10-09 12:45:10,2026-10-09 12:45:10.257
2026-10-09 12:33:04,ENSP342,0101,Annette Spivy,35,35,0,2026-10-09 12:45:10,2026-10-09 12:45:10.667
2026-10-09 12:33:04,ENSP370,0101,Arielle Wharton,30,30,0,2026-10-09 12:45:11,2026-10-09 12:45:11.077
2026-10-09 12:33:04,ENSP399R,0101,Melissa Kenney,15,15,0,2026-10-09 12:45:12,2026-10-09 12:45:12.324
2026-10-09 12:33:04,ENSP399R,0301,Instructor: TBA,15,15,0,2026-10-09 12:45:12,2026-10-09 12:45:12.324
2026-10-09 12:33:04,ENSP399R,0601,Annette Spivy,10,10,0,2026-10-09 12:45:12,2026-10-09 12:45:12.325
2026-10-09 12:33:04,ENSP399R,1001,Jennifer Mullinax,10,10,0,2026-10-09 12:45:12,2026-10-09 12:45:12.325
2026-10-09 12:33:04,ENSP400,0101,Caroline Boules,30,30,0,2026-10-09 12:45:12,2026-10-09 12:45:12.746
2026-10-09 12:33:04,ENSP400,0102,Annette Spivy,30,30,0,2026-10-09 12:45:12,2026-10-09 12:45:12.747
2026-10-09 12:33:04,ENSP400,0104,Colleen O'Donnell,20,20,0,2026-10-09 12:45:12,2026-10-09 12:45:12.747
2026-10-09 12:33:04,FGSM398,0101,Jayakumar Arasan,120,120,0,2026-10-09 12:45:42,2026-10-09 12:45:42.171
2026-10-09 12:33:04,FGSM398,0201,Jayakumar Arasan,120,120,0,2026-10-09 12:45:42,2026-10-09 12:45:42.171
2026-10-09 12:33:04,GEMS102,0101,David Lovell,180,180,0,2026-10-09 12:46:14,2026-10-09 12:46:14.811
2026-10-09 12:33:04,GEMS208D,0101,Allison Lansverk,1,1,0,2026-10-09 12:46:15,2026-10-09 12:46:15.268
2026-10-09 12:33:04,GEMS208E,0101,Allison Lansverk,18,18,0,2026-10-09 12:46:15,2026-10-09 12:46:15.690
2026-10-09 12:33:04,GEMS208F,0201,Allison Lansverk,12,12,0,2026-10-09 12:46:16,2026-10-09 12:46:16.105
2026-10-09 12:33:04,GEMS208J,0101,Allison Lansverk,24,24,0,2026-10-09 12:46:16,2026-10-09 12:46:16.523
2026-10-09 12:33:04,GEMS208K,0101,Allison Lansverk,30,30,0,2026-10-09 12:46:16,2026-10-09 12:46:16.937
2026-10-09 12:33:04,GEMS208P,0101,Allison Lansverk,15,15,0,2026-10-09 12:46:17,2026-10-09 12:46:17.355
2026-10-09 12:33:04,GEMS208Q,0201,Allison Lansverk,1,1,0,2026-10-09 12:46:17,2026-10-09 12:46:17.766
2026-10-09 12:33:04,GEMS296,0113,David Lovell,5,5,0,2026-10-09 12:46:18,2026-10-09 12:46:18.183
2026-10-09 12:33:04,GEMS297,0101,Instructor: TBA,14,14,0,2026-10-09 12:46:18,2026-10-09 12:46:18.654
2026-10-09 12:33:04,GEMS297,0102,Instructor: TBA,14,14,0,2026-10-09 12:46:18,2026-10-09 12:46:18.654
2026-10-09 12:33:04,GEMS297,0103,Instructor: TBA,14,14,0,2026-10-09 12:46:18,2026-10-09 12:46:18.655
2026-10-09 12:33:04,GEMS297,0104,Instructor: TBA,14,14,0,2026-10-09 12:46:18,2026-10-09 12:46:18.655
2026-10-09 12:33:04,GEMS297,0105,Instructor: TBA,14,14,0,2026-10-09 12:46:18,2026-10-09 12:46:18.655
2026-10-09 12:33:04,GEMS297,0106,Instructor: TBA,14,14,0,2026-10-09 12:46:18,2026-10-09 12:46:18.655
2026-10-09 12:33:04,GEMS297,0107,Instructor: TBA,14,14,0,2026-10-09 12:46:18,2026-10-09 12:46:18.655
2026-10-09 12:33:04,GEMS297,0108,Instructor: TBA,14,14,0,2026-10-09 12:46:18,2026-10-09 12:46:18.656
2026-10-09 12:33:04,GEMS297,0109,Instructor: TBA,14,14,0,2026-10-09 12:46:18,2026-10-09 12:46:18.656
2026-10-09 12:33:04,GEMS297,0110,Instructor: TBA,14,14,0,2026-10-09 12:46:18,2026-10-09 12:46:18.656
2026-10-09 12:33:04,GEMS297,0111,Instructor: TBA,14,14,0,2026-10-09 12:46:18,2026-10-09 12:46:18.656
2026-10-09 12:33:04,GEMS297,0112,Instructor: TBA,14,14,0,2026-10-09 12:46:18,2026-10-09 12:46:18.656
2026-10-09 12:33:04,GEMS297,0113,Instructor: TBA,14,14,0,2026-10-09 12:46:18,2026-10-09 12:46:18.657
2026-10-09 12:33:04,GEMS297,0114,Instructor: TBA,14,14,0,2026-10-09 12:46:18,2026-10-09 12:46:18.657
2026-10-09 12:33:04,GEMS297,0115,Instructor: TBA,5,5,0,2026-10-09 12:46:18,2026-10-09 12:46:18.657
2026-10-09 12:33:04,GEMS396,0113,David Lovell,5,5,0,2026-10-09 12:46:19,2026-10-09 12:46:19.079
2026-10-09 12:33:04,GEMS397,0101,Michael Humber,14,14,0,2026-10-09 12:46:19,2026-10-09 12:46:19.521
2026-10-09 12:33:04,GEMS397,0102,Seth Dickey,14,14,0,2026-10-09 12:46:19,2026-10-09 12:46:19.521
2026-10-09 12:33:04,GEMS397,0103,Cecilia Huertas Cerdeira,14,14,0,2026-10-09 12:46:19,2026-10-09 12:46:19.521
2026-10-09 12:33:04,GEMS397,0104,Rodolphe Gentili,14,14,0,2026-10-09 12:46:19,2026-10-09 12:46:19.521
2026-10-09 12:33:04,GEMS397,0105,Allison Reilly,14,14,0,2026-10-09 12:46:19,2026-10-09 12:46:19.522
2026-10-09 12:33:04,GEMS397,0106,Peter Sunderland,14,14,0,2026-10-09 12:46:19,2026-10-09 12:46:19.522
2026-10-09 12:33:04,GEMS397,0107,Brett Lacey,14,14,0,2026-10-09 12:46:19,2026-10-09 12:46:19.522
2026-10-09 12:33:04,GEMS397,0108,Natalia Buzulukova,14,14,0,2026-10-09 12:46:19,2026-10-09 12:46:19.522
2026-10-09 12:33:04,GEMS397,0109,Anil Deane,14,14,0,2026-10-09 12:46:19,2026-10-09 12:46:19.522
2026-10-09 12:33:04,GEMS397,0110,Colenso Speer,14,14,0,2026-10-09 12:46:19,2026-10-09 12:46:19.523
2026-10-09 12:33:04,GEMS397,0111,Alisa Clyne,14,14,0,2026-10-09 12:46:19,2026-10-09 12:46:19.523
2026-10-09 12:33:04,GEMS397,0112,Xin Zan,14,14,0,2026-10-09 12:46:19,2026-10-09 12:46:19.523
2026-10-09 12:33:04,GEMS397,0113,Instructor: TBA,14,14,0,2026-10-09 12:46:19,2026-10-09 12:46:19.523
2026-10-09 12:33:04,GEMS397,0114,David Lovell,5,5,0,2026-10-09 12:46:19,2026-10-09 12:46:19.523
2026-10-09 12:33:04,GEMS397,0115,David Lovell,5,5,0,2026-10-09 12:46:19,2026-10-09 12:46:19.524
2026-10-09 12:33:04,GEMS496,0113,David Lovell,5,5,0,2026-10-09 12:46:19,2026-10-09 12:46:19.937
2026-10-09 12:33:04,GEMS497,0101,Eric Haag,14,14,0,2026-10-09 12:46:20,2026-10-09 12:46:20.365
2026-10-09 12:33:04,GEMS497,0102,Mohammad Nayeem Teli,14,14,0,2026-10-09 12:46:20,2026-10-09 12:46:20.365
2026-10-09 12:33:04,GEMS497,0103,Norberto Gonzalez- Juarbe,14,14,0,2026-10-09 12:46:20,2026-10-09 12:46:20.366
2026-10-09 12:33:04,GEMS497,0104,Abhinav Shrivastava,14,14,0,2026-10-09 12:46:20,2026-10-09 12:46:20.366
2026-10-09 12:33:04,GEMS497,0105,Hector Alcala,14,14,0,2026-10-09 12:46:20,2026-10-09 12:46:20.366
2026-10-09 12:33:04,GEMS497,0106,Massimo Ricotti,14,14,0,2026-10-09 12:46:20,2026-10-09 12:46:20.366
2026-10-09 12:33:04,GEMS497,0107,Reza Ghodssi,14,14,0,2026-10-09 12:46:20,2026-10-09 12:46:20.366
2026-10-09 12:33:04,GEMS497,0108,Nikhil Chopra,14,14,0,2026-10-09 12:46:20,2026-10-09 12:46:20.367
2026-10-09 12:33:04,GEMS497,0109,Kimberly Stroka,14,14,0,2026-10-09 12:46:20,2026-10-09 12:46:20.367
2026-10-09 12:33:04,GEMS497,0110,Gorjan Alagic,14,14,0,2026-10-09 12:46:20,2026-10-09 12:46:20.367
2026-10-09 12:33:04,GEMS497,0111,Alisa Clyne,14,14,0,2026-10-09 12:46:20,2026-10-09 12:46:20.367
2026-10-09 12:33:04,GEMS497,0112,Xin Zan,14,14,0,2026-10-09 12:46:20,2026-10-09 12:46:20.367
2026-10-09 12:33:04,GEMS497,0113,David Lovell,14,14,0,2026-10-09 12:46:20,2026-10-09 12:46:20.368
2026-10-09 12:33:04,GEMS497,0114,David Lovell,14,14,0,2026-10-09 12:46:20,2026-10-09 12:46:20.368
2026-10-09 12:33:04,GFPL100,0101,Alec Worsnop,21,21,0,2026-10-09 12:46:52,2026-10-09 12:46:52.660
2026-10-09 12:33:04,GFPL100,0102,Alec Worsnop,21,21,0,2026-10-09 12:46:52,2026-10-09 12:46:52.660
2026-10-09 12:33:04,GFPL100,0103,Alec Worsnop,21,21,0,2026-10-09 12:46:52,2026-10-09 12:46:52.660
2026-10-09 12:33:04,GFPL100,0104,Alec Worsnop,21,21,0,2026-10-09 12:46:52,2026-10-09 12:46:52.660
2026-10-09 12:33:04,GFPL100,0105,Alec Worsnop,21,21,0,2026-10-09 12:46:52,2026-10-09 12:46:52.660
2026-10-09 12:33:04,GFPL100,0106,Alec Worsnop,20,20,0,2026-10-09 12:46:52,2026-10-09 12:46:52.661
2026-10-09 12:33:04,GFPL102,0101,Caroline Ritter,95,95,0,2026-10-09 12:46:53,2026-10-09 12:46:53.075
2026-10-09 12:33:04,GFPL372,0101,Devin Entrikin,40,40,0,2026-10-09 12:46:53,2026-10-09 12:46:53.493
2026-10-09 12:33:04,GLBC200,0101,Parker Brookie,30,30,0,2026-10-09 12:46:55,2026-10-09 12:46:55.252
2026-10-09 12:33:04,GLBC360,0101,Hester Baer,30,30,0,2026-10-09 12:46:55,2026-10-09 12:46:55.662
2026-10-09 12:33:04,HACS101,0101,Michel Cukier,35,35,0,2026-10-09 12:47:28,2026-10-09 12:47:28.807
2026-10-09 12:33:04,HACS101,0201,Michel Cukier,35,35,0,2026-10-09 12:47:28,2026-10-09 12:47:28.807
2026-10-09 12:33:04,HACS201,0101,Bertrand Sobesto,26,26,0,2026-10-09 12:47:29,2026-10-09 12:47:29.231
2026-10-09 12:33:04,HACS208E,0101,Ian Serbin,30,30,0,2026-10-09 12:47:29,2026-10-09 12:47:29.639
2026-10-09 12:33:04,HACS208N,0101,Instructor: TBA,30,30,0,2026-10-09 12:47:30,2026-10-09 12:47:30.097
2026-10-09 12:33:04,HACS208Z,0101,Zulema Belyeu,30,30,0,2026-10-09 12:47:30,2026-10-09 12:47:30.525
2026-10-09 12:33:04,HACS297,0101,Sarah Herberger,25,25,0,2026-10-09 12:47:31,2026-10-09 12:47:31.366
2026-10-09 12:33:04,HACS318A,0101,Lindsey Schrott,75,75,0,2026-10-09 12:47:31,2026-10-09 12:47:31.783
2026-10-09 12:33:04,HACS408C,0101,Instructor: TBA,30,30,0,2026-10-09 12:47:32,2026-10-09 12:47:32.205
2026-10-09 12:33:04,HACS408P,0101,Instructor: TBA,30,30,0,2026-10-09 12:47:32,2026-10-09 12:47:32.620
2026-10-09 12:33:04,HACS408V,0101,Edward Condon,30,30,0,2026-10-09 12:47:33,2026-10-09 12:47:33.030
2026-10-09 12:33:04,HACS497,0101,Cassie Harrington,25,25,0,2026-10-09 12:47:33,2026-10-09 12:47:33.854
2026-10-09 12:33:04,HACS498,0101,Thomas Woods,10,10,0,2026-10-09 12:47:34,2026-10-09 12:47:34.275
2026-10-09 12:33:04,HACS498,0201,Instructor: TBA,18,18,0,2026-10-09 12:47:34,2026-10-09 12:47:34.275
2026-10-09 12:33:04,HBUS105,0101,Daniel McCarthy,35,35,0,2026-10-09 12:47:36,2026-10-09 12:47:36.054
2026-10-09 12:33:04,HBUS105,0201,Daniel McCarthy,35,35,0,2026-10-09 12:47:36,2026-10-09 12:47:36.054
2026-10-09 12:33:04,HBUS205,0101,Nicole Coomber,30,30,0,2026-10-09 12:47:36,2026-10-09 12:47:36.468
2026-10-09 12:33:04,HBUS205,0201,Nicole Coomber,30,30,0,2026-10-09 12:47:36,2026-10-09 12:47:36.469
2026-10-09 12:33:04,HDCC106,0101,Jeffrey Everett,13,13,0,2026-10-09 12:47:38,2026-10-09 12:47:38.285
2026-10-09 12:33:04,HDCC106,0201,William Evans,13,13,0,2026-10-09 12:47:38,2026-10-09 12:47:38.285
2026-10-09 12:33:04,HDCC106,0301,Grant Bollmer,13,13,0,2026-10-09 12:47:38,2026-10-09 12:47:38.285
2026-10-09 12:33:04,HDCC106,0401,Cliff Bakalian,13,13,0,2026-10-09 12:47:38,2026-10-09 12:47:38.285
2026-10-09 12:33:04,HDCC106,0501,Katherine Izsak,13,13,0,2026-10-09 12:47:38,2026-10-09 12:47:38.286
2026-10-09 12:33:04,HDCC209B,0101,Katherine Macyshyn,16,16,0,2026-10-09 12:47:38,2026-10-09 12:47:38.693
2026-10-09 12:33:04,HDCC209C,0101,Josue Porras-Fernandez,16,16,0,2026-10-09 12:47:39,2026-10-09 12:47:39.115
2026-10-09 12:33:04,HDCC209D,0101,Kaisha Snowden,16,16,0,2026-10-09 12:47:39,2026-10-09 12:47:39.531
2026-10-09 12:33:04,HDCC209E,0101,Antwon Key,16,16,0,2026-10-09 12:47:39,2026-10-09 12:47:39.954
2026-10-09 12:33:04,HEBR107,0101,Avital Karpman,15,15,0,2026-10-09 12:47:42,2026-10-09 12:47:42.242
2026-10-09 12:33:04,HEBR107,0201,Avital Karpman,15,15,0,2026-10-09 12:47:42,2026-10-09 12:47:42.242
2026-10-09 12:33:04,HEBR207,0101,Avital Karpman,15,15,0,2026-10-09 12:47:42,2026-10-09 12:47:42.654
2026-10-09 12:33:04,HEBR249A,0101,Aliza Sandalon,15,15,0,2026-10-09 12:47:43,2026-10-09 12:47:43.117
2026-10-09 12:33:04,HEBR314,0101,Aliza Sandalon,20,20,0,2026-10-09 12:47:43,2026-10-09 12:47:43.540
2026-10-09 12:33:04,HEBR488,0101,Bernard Cooperman,10,10,0,2026-10-09 12:47:44,2026-10-09 12:47:44.376
2026-10-09 12:33:04,HEBR488,0102,Aner Tal,10,10,0,2026-10-09 12:47:44,2026-10-09 12:47:44.377
2026-10-09 12:33:04,HGLO298,0101,Daniel Tuke,30,30,0,2026-10-09 12:48:13,2026-10-09 12:48:13.148
2026-10-09 12:33:04,HHUM106,0101,Sarah Humud,17,17,0,2026-10-09 12:48:14,2026-10-09 12:48:14.925
2026-10-09 12:33:04,HHUM106,0102,Sarah Humud,17,17,0,2026-10-09 12:48:14,2026-10-09 12:48:14.926
2026-10-09 12:33:04,HHUM106,0103,Sarah Humud,17,17,0,2026-10-09 12:48:14,2026-10-09 12:48:14.926
2026-10-09 12:33:04,HHUM106,0104,Sarah Humud,17,17,0,2026-10-09 12:48:14,2026-10-09 12:48:14.926
2026-10-09 12:33:04,HHUM206,0101,Sarah Humud,15,15,0,2026-10-09 12:48:15,2026-10-09 12:48:15.346
2026-10-09 12:33:04,HHUM206,0102,Sarah Humud,15,15,0,2026-10-09 12:48:15,2026-10-09 12:48:15.347
2026-10-09 12:33:04,HHUM206,0103,Carla Della Gatta,15,15,0,2026-10-09 12:48:15,2026-10-09 12:48:15.347
2026-10-09 12:33:04,HHUM206,0104,Sarah Humud,15,15,0,2026-10-09 12:48:15,2026-10-09 12:48:15.347
2026-10-09 12:33:04,HHUM328,0101,Sarah Humud,20,20,0,2026-10-09 12:48:15,2026-10-09 12:48:15.767
2026-10-09 12:33:04,HHUM329,0101,Sarah Humud,5,5,0,2026-10-09 12:48:16,2026-10-09 12:48:16.180
2026-10-09 12:33:04,HISP200,0101,Stefan Woehlke,22,22,0,2026-10-09 12:48:17,2026-10-09 12:48:18.001
2026-10-09 12:33:04,HISP200,0102,Stefan Woehlke,22,22,0,2026-10-09 12:48:17,2026-10-09 12:48:18.001
2026-10-09 12:33:04,HISP200,0103,Stefan Woehlke,22,22,0,2026-10-09 12:48:17,2026-10-09 12:48:18.001
2026-10-09 12:33:04,HISP200,0104,Stefan Woehlke,22,22,0,2026-10-09 12:48:17,2026-10-09 12:48:18.001
2026-10-09 12:33:04,HISP200,0105,Stefan Woehlke,22,22,0,2026-10-09 12:48:17,2026-10-09 12:48:18.001
2026-10-09 12:33:04,HISP319E,0101,Michelle Magalong,20,20,0,2026-10-09 12:48:18,2026-10-09 12:48:18.415
2026-10-09 12:33:04,HISP319S,0101,Michelle Magalong,30,30,0,2026-10-09 12:48:18,2026-10-09 12:48:18.832
2026-10-09 12:33:04,HISP619E,0101,Michelle Magalong,24,24,0,2026-10-09 12:48:19,2026-10-09 12:48:19.242
2026-10-09 12:33:04,HISP619O,0101,Stefan Woehlke,5,5,0,2026-10-09 12:48:19,2026-10-09 12:48:19.663
2026-10-09 12:33:04,HISP630,0101,Rhonda Sincavage,15,15,0,2026-10-09 12:48:20,2026-10-09 12:48:20.081
2026-10-09 12:33:04,HISP635,0101,Eola Dance,10,10,0,2026-10-09 12:48:20,2026-10-09 12:48:20.493
2026-10-09 12:33:04,HISP640,0101,Frederick Stachura,15,15,0,2026-10-09 12:48:20,2026-10-09 12:48:20.906
2026-10-09 12:33:04,HISP655,0101,Donald Linebaugh,15,15,0,2026-10-09 12:48:21,2026-10-09 12:48:21.331
2026-10-09 12:33:04,HISP660,0101,Instructor: TBA,15,15,0,2026-10-09 12:48:21,2026-10-09 12:48:21.750
2026-10-09 12:33:04,HISP670,0101,Alfonso Narvaez,15,15,0,2026-10-09 12:48:22,2026-10-09 12:48:22.184
2026-10-09 12:33:04,HISP690,0101,Donald Linebaugh,15,15,0,2026-10-09 12:48:22,2026-10-09 12:48:22.597
2026-10-09 12:33:04,HISP701,0101,Instructor: TBA,5,5,0,2026-10-09 12:48:23,2026-10-09 12:48:23.023
2026-10-09 12:33:04,HISP710,0101,Susan Kern,15,15,0,2026-10-09 12:48:23,2026-10-09 12:48:23.433
2026-10-09 12:33:04,HISP711,0101,Susan Kern,15,15,0,2026-10-09 12:48:23,2026-10-09 12:48:23.850
2026-10-09 12:33:04,HLSC102,0101,Sabrina Kramer,94,94,0,2026-10-09 12:49:03,2026-10-09 12:49:03.011
2026-10-09 12:33:04,HLSC102,0102,Jalah Townsend,35,35,0,2026-10-09 12:49:03,2026-10-09 12:49:03.011
2026-10-09 12:33:04,HLSC227,0101,Najib El-Sayed,25,25,0,2026-10-09 12:49:03,2026-10-09 12:49:03.433
2026-10-09 12:33:04,HLSC322,0101,Sabrina Kramer,23,23,0,2026-10-09 12:49:03,2026-10-09 12:49:03.858
2026-10-09 12:33:04,HLSC322,0102,Sabrina Kramer,23,23,0,2026-10-09 12:49:03,2026-10-09 12:49:03.858
2026-10-09 12:33:04,HLSC322,0103,Sabrina Kramer,23,23,0,2026-10-09 12:49:03,2026-10-09 12:49:03.858
2026-10-09 12:33:04,HLSC322,0104,Sabrina Kramer,23,23,0,2026-10-09 12:49:03,2026-10-09 12:49:03.858
2026-10-09 12:33:04,HLSC329,0101,Sabrina Kramer,12,12,0,2026-10-09 12:49:04,2026-10-09 12:49:04.288
2026-10-09 12:33:04,HNUH100,0101,Max Barnewitz,10,10,0,2026-10-09 12:49:23,2026-10-09 12:49:23.157
2026-10-09 12:33:04,HNUH218D,0101,Brian Gilmore,50,50,0,2026-10-09 12:49:23,2026-10-09 12:49:23.574
2026-10-09 12:33:04,HNUH218L,0101,Shauna Rigaud,20,20,0,2026-10-09 12:49:24,2026-10-09 12:49:24.017
2026-10-09 12:33:04,HNUH218L,0201,Shauna Rigaud,20,20,0,2026-10-09 12:49:24,2026-10-09 12:49:24.018
2026-10-09 12:33:04,HNUH218M,0101,Ebonie Johnson Cooper,20,20,0,2026-10-09 12:49:24,2026-10-09 12:49:24.446
2026-10-09 12:33:04,HNUH218N,0101,Sujith Kumar,20,20,0,2026-10-09 12:49:24,2026-10-09 12:49:24.883
2026-10-09 12:33:04,HNUH228D,0101,Matthew McLaughlin,60,60,0,2026-10-09 12:49:25,2026-10-09 12:49:25.300
2026-10-09 12:33:04,HNUH228L,0101,Alena Wigodner,20,20,0,2026-10-09 12:49:25,2026-10-09 12:49:25.717
2026-10-09 12:33:04,HNUH228L,0201,Alena Wigodner,20,20,0,2026-10-09 12:49:25,2026-10-09 12:49:25.717
2026-10-09 12:33:04,HNUH228M,0101,Ted Baker,20,20,0,2026-10-09 12:49:26,2026-10-09 12:49:26.133
2026-10-09 12:33:04,HNUH229P,0101,Tyson Slocum,20,20,0,2026-10-09 12:49:26,2026-10-09 12:49:26.549
2026-10-09 12:33:04,HNUH238D,0101,Susan Moeller,60,60,0,2026-10-09 12:49:26,2026-10-09 12:49:26.960
2026-10-09 12:33:04,HNUH238L,0101,Kimberly Johnson,20,20,0,2026-10-09 12:49:27,2026-10-09 12:49:27.378
2026-10-09 12:33:04,HNUH238L,0201,Kimberly Johnson,20,20,0,2026-10-09 12:49:27,2026-10-09 12:49:27.379
2026-10-09 12:33:04,HNUH238M,0101,Daniel Reck,20,20,0,2026-10-09 12:49:27,2026-10-09 12:49:27.794
2026-10-09 12:33:04,HNUH239I,0101,Jon Crocker,20,20,0,2026-10-09 12:49:28,2026-10-09 12:49:28.205
2026-10-09 12:33:04,HNUH248D,0101,Juan Uriagereka,45,45,0,2026-10-09 12:49:28,2026-10-09 12:49:28.619
2026-10-09 12:33:04,HNUH248L,0101,Robert Graham,20,20,0,2026-10-09 12:49:29,2026-10-09 12:49:29.032
2026-10-09 12:33:04,HNUH249T,0101,Daniel Rosenthal,20,20,0,2026-10-09 12:49:29,2026-10-09 12:49:29.447
2026-10-09 12:33:04,HNUH258C,0101,Bill Fagan,55,55,0,2026-10-09 12:49:29,2026-10-09 12:49:29.875
2026-10-09 12:33:04,HNUH258O,0101,Amy Green,20,20,0,2026-10-09 12:49:30,2026-10-09 12:49:30.340
2026-10-09 12:33:04,HNUH259T,0101,Ingrid Satelmajer,20,20,0,2026-10-09 12:49:30,2026-10-09 12:49:30.770
2026-10-09 12:33:04,HNUH268C,0101,Perla Guerrero,60,60,0,2026-10-09 12:49:31,2026-10-09 12:49:31.199
2026-10-09 12:33:04,HNUH268Q,0101,Binod Paudyal,20,20,0,2026-10-09 12:49:31,2026-10-09 12:49:31.608
2026-10-09 12:33:04,HNUH268R,0201,Vasfiye Toprak,20,20,0,2026-10-09 12:49:32,2026-10-09 12:49:32.029
2026-10-09 12:33:04,HNUH269T,0101,James Stillwell,20,20,0,2026-10-09 12:49:32,2026-10-09 12:49:32.455
2026-10-09 12:33:04,HNUH278C,0101,Chinyere Osuji,60,60,0,2026-10-09 12:49:32,2026-10-09 12:49:32.870
2026-10-09 12:33:04,HNUH278I,0101,Marisa Franco,20,20,0,2026-10-09 12:49:33,2026-10-09 12:49:33.312
2026-10-09 12:33:04,HNUH278I,0201,Marisa Franco,20,20,0,2026-10-09 12:49:33,2026-10-09 12:49:33.312
2026-10-09 12:33:04,HNUH278O,0101,DeNeen Brown,20,20,0,2026-10-09 12:49:33,2026-10-09 12:49:33.717
2026-10-09 12:33:04,HNUH278Q,0101,Katherine Coogan,20,20,0,2026-10-09 12:49:34,2026-10-09 12:49:34.128
2026-10-09 12:33:04,HNUH278R,0101,Max Barnewitz,20,20,0,2026-10-09 12:49:34,2026-10-09 12:49:34.556
2026-10-09 12:33:04,HNUH288C,0101,Julia Steinberg,30,30,0,2026-10-09 12:49:34,2026-10-09 12:49:34.976
2026-10-09 12:33:04,HNUH288C,0102,Julia Steinberg,30,30,0,2026-10-09 12:49:34,2026-10-09 12:49:34.977
2026-10-09 12:33:04,HNUH288O,0101,Ariana Nash,20,20,0,2026-10-09 12:49:35,2026-10-09 12:49:35.388
2026-10-09 12:33:04,HNUH300,0201,Vasfiye Toprak,20,20,0,2026-10-09 12:49:35,2026-10-09 12:49:35.814
2026-10-09 12:33:04,HNUH300,0301,Shauna Rigaud,20,20,0,2026-10-09 12:49:35,2026-10-09 12:49:35.814
2026-10-09 12:33:04,HNUH300,0401,Vasfiye Toprak,20,20,0,2026-10-09 12:49:35,2026-10-09 12:49:35.814
2026-10-09 12:33:04,HNUH300,0501,Ingrid Satelmajer,20,20,0,2026-10-09 12:49:35,2026-10-09 12:49:35.814
2026-10-09 12:33:04,HNUH300,0701,Jordan Johnson,20,20,0,2026-10-09 12:49:35,2026-10-09 12:49:35.815
2026-10-09 12:33:04,HNUH300,0801,Instructor: TBA,20,20,0,2026-10-09 12:49:35,2026-10-09 12:49:35.815
2026-10-09 12:33:04,HNUH300,0901,Alena Wigodner,20,20,0,2026-10-09 12:49:35,2026-10-09 12:49:35.815
2026-10-09 12:33:04,HNUH300,1001,Robert Graham,20,20,0,2026-10-09 12:49:35,2026-10-09 12:49:35.815
2026-10-09 12:33:04,HNUH300,1101,Max Barnewitz,20,20,0,2026-10-09 12:49:35,2026-10-09 12:49:35.815
2026-10-09 12:33:04,HNUH398P,0101,Jayakumar Arasan,120,120,0,2026-10-09 12:49:36,2026-10-09 12:49:36.233
2026-10-09 12:33:04,HNUH398P,0201,Jayakumar Arasan,120,120,0,2026-10-09 12:49:36,2026-10-09 12:49:36.233
2026-10-09 12:33:04,HONR379W,0101,Blake Wilder,15,15,0,2026-10-09 12:49:38,2026-10-09 12:49:38.010
2026-10-09 12:33:04,IDEA201,0101,Mira Azarm,20,20,0,2026-10-09 12:49:39,2026-10-09 12:49:39.788
2026-10-09 12:33:04,IDEA201,0102,Christina Hnatov,10,10,0,2026-10-09 12:49:39,2026-10-09 12:49:39.788
2026-10-09 12:33:04,IDEA201,0103,Brooke Smith,60,60,0,2026-10-09 12:49:39,2026-10-09 12:49:39.788
2026-10-09 12:33:04,IDEA201,0104,Brooke Smith,60,60,0,2026-10-09 12:49:39,2026-10-09 12:49:39.789
2026-10-09 12:33:04,IDEA311,0101,Brooke Smith,40,40,0,2026-10-09 12:49:40,2026-10-09 12:49:40.232
2026-10-09 12:33:04,IDEA311,0102,Brooke Smith,15,15,0,2026-10-09 12:49:40,2026-10-09 12:49:40.233
2026-10-09 12:33:04,IDEA312,0101,Meredith Kaunitz,15,15,0,2026-10-09 12:49:40,2026-10-09 12:49:40.651
2026-10-09 12:33:04,IMDM101,0101,Stevens Miller,30,30,0,2026-10-09 12:49:43,2026-10-09 12:49:43.356
2026-10-09 12:33:04,IMDM101,0201,Stevens Miller,30,30,0,2026-10-09 12:49:43,2026-10-09 12:49:43.356
2026-10-09 12:33:04,IMDM101,0301,Myungin Lee,30,30,0,2026-10-09 12:49:43,2026-10-09 12:49:43.356
2026-10-09 12:33:04,IMDM127,0101,Matthew Nolan,30,30,0,2026-10-09 12:49:43,2026-10-09 12:49:43.775
2026-10-09 12:33:04,IMDM150,0101,Cy Keener,45,45,0,2026-10-09 12:49:44,2026-10-09 12:49:44.190
2026-10-09 12:33:04,IMDM290,0101,Myungin Lee,30,30,0,2026-10-09 12:49:44,2026-10-09 12:49:44.614
2026-10-09 12:33:04,IMDM290,0201,Myungin Lee,30,30,0,2026-10-09 12:49:44,2026-10-09 12:49:44.615
2026-10-09 12:33:04,IMDM351,0101,Georgia Creson,15,15,0,2026-10-09 12:49:45,2026-10-09 12:49:45.071
2026-10-09 12:33:04,IMDM390,0101,Stefano Passeri,30,30,0,2026-10-09 12:49:45,2026-10-09 12:49:45.499
2026-10-09 12:33:04,IMDM390,0201,Stefano Passeri,30,30,0,2026-10-09 12:49:45,2026-10-09 12:49:45.500
2026-10-09 12:33:04,IMDM491,0101,Matthew Nolan,30,30,0,2026-10-09 12:49:46,2026-10-09 12:49:46.327
2026-10-09 12:33:04,IMDM491,0201,Matthew Nolan,30,30,0,2026-10-09 12:49:46,2026-10-09 12:49:46.327
2026-10-09 12:33:04,IMDM498I,0101,Snehesh Shrestha,16,16,0,2026-10-09 12:49:46,2026-10-09 12:49:46.744
2026-10-09 12:33:04,IMDM498J,0101,Yael Inbar,15,15,0,2026-10-09 12:49:47,2026-10-09 12:49:47.173
2026-10-09 12:33:04,IMMR200,0101,Instructor: TBA,40,40,0,2026-10-09 12:49:49,2026-10-09 12:49:49.452
2026-10-09 12:33:04,IMMR394,0101,Wenxi Yang,25,25,0,2026-10-09 12:49:49,2026-10-09 12:49:49.878
2026-10-09 12:33:04,IMMR399,0101,Christina Getrich,1,1,0,2026-10-09 12:49:50,2026-10-09 12:49:50.307
2026-10-09 12:33:04,INFM612,IM01,Instructor: TBA,40,40,0,2026-10-09 12:49:58,2026-10-09 12:49:58.550
2026-10-09 12:33:04,INFM737,IM01,David Loshin,40,40,0,2026-10-09 12:49:59,2026-10-09 12:49:59.655
2026-10-09 12:33:04,ISRL187,0101,Bernard Cooperman,23,23,0,2026-10-09 12:50:36,2026-10-09 12:50:36.650
2026-10-09 12:33:04,ISRL187,0102,Bernard Cooperman,23,23,0,2026-10-09 12:50:36,2026-10-09 12:50:36.650
2026-10-09 12:33:04,ISRL187,0103,Bernard Cooperman,23,23,0,2026-10-09 12:50:36,2026-10-09 12:50:36.651
2026-10-09 12:33:04,ISRL249O,0101,Aner Tal,35,35,0,2026-10-09 12:50:37,2026-10-09 12:50:37.066
2026-10-09 12:33:04,ISRL249P,0101,Aliza Sandalon,15,15,0,2026-10-09 12:50:37,2026-10-09 12:50:37.477
2026-10-09 12:33:04,ISRL282,0101,Shirelle Doughty,30,30,0,2026-10-09 12:50:37,2026-10-09 12:50:37.895
2026-10-09 12:33:04,ISRL329D,0101,Regev Ben-David,35,35,0,2026-10-09 12:50:38,2026-10-09 12:50:38.309
2026-10-09 12:33:04,ISRL329Y,0101,Marwa Maziad,30,30,0,2026-10-09 12:50:38,2026-10-09 12:50:38.737
2026-10-09 12:33:04,ISRL342,0101,Elli Lieberman,35,35,0,2026-10-09 12:50:39,2026-10-09 12:50:39.168
2026-10-09 12:33:04,ISRL349N,0101,Morad Elsana,30,30,0,2026-10-09 12:50:41,2026-10-09 12:50:41.815
2026-10-09 12:33:04,ISRL349W,0101,Avital Karpman,35,35,0,2026-10-09 12:50:42,2026-10-09 12:50:42.242
2026-10-09 12:33:04,ISRL372,0101,Shirelle Doughty,30,30,0,2026-10-09 12:50:42,2026-10-09 12:50:42.653
2026-10-09 12:33:04,ISRL380,0101,Regev Ben-David,35,35,0,2026-10-09 12:50:43,2026-10-09 12:50:43.085
2026-10-09 12:33:04,ISRL383,0101,Ilai Saltzman,35,35,0,2026-10-09 12:50:43,2026-10-09 12:50:43.494
2026-10-09 12:33:04,JAPN102,0101,Kumiko Akikawa,15,15,0,2026-10-09 12:50:48,2026-10-09 12:50:48.961
2026-10-09 12:33:04,JAPN102,0201,Kumiko Akikawa,15,15,0,2026-10-09 12:50:48,2026-10-09 12:50:48.961
2026-10-09 12:33:04,JAPN202,0101,Makiko Inoue,15,15,0,2026-10-09 12:50:49,2026-10-09 12:50:49.412
2026-10-09 12:33:04,JAPN202,0201,Makiko Inoue,15,15,0,2026-10-09 12:50:49,2026-10-09 12:50:49.412
2026-10-09 12:33:04,JAPN302,0101,Mari Hamada,15,15,0,2026-10-09 12:50:49,2026-10-09 12:50:49.849
2026-10-09 12:33:04,JAPN306,0101,Lindsay Yotsukura,15,15,0,2026-10-09 12:50:50,2026-10-09 12:50:50.286
2026-10-09 12:33:04,JAPN335,0101,Michele Mason,20,20,0,2026-10-09 12:50:50,2026-10-09 12:50:50.734
2026-10-09 12:33:04,JAPN355,0101,Jyana Browne,20,20,0,2026-10-09 12:50:51,2026-10-09 12:50:51.144
2026-10-09 12:33:04,JAPN361,0101,Jyana Browne,20,20,0,2026-10-09 12:50:51,2026-10-09 12:50:51.570
2026-10-09 12:33:04,JAPN425,0101,Michele Mason,30,30,0,2026-10-09 12:50:52,2026-10-09 12:50:52.414
2026-10-09 12:33:04,JAPN457,0101,Lindsay Yotsukura,15,15,0,2026-10-09 12:50:52,2026-10-09 12:50:52.835
2026-10-09 12:33:04,JWST187,0101,Bernard Cooperman,23,23,0,2026-10-09 12:51:27,2026-10-09 12:51:27.206
2026-10-09 12:33:04,JWST187,0102,Bernard Cooperman,23,23,0,2026-10-09 12:51:27,2026-10-09 12:51:27.206
2026-10-09 12:33:04,JWST187,0103,Bernard Cooperman,23,23,0,2026-10-09 12:51:27,2026-10-09 12:51:27.206
2026-10-09 12:33:04,JWST233,0101,Hayim Lapin,45,45,0,2026-10-09 12:51:27,2026-10-09 12:51:27.613
2026-10-09 12:33:04,JWST319A,0101,Daniel Richter,35,35,0,2026-10-09 12:51:28,2026-10-09 12:51:28.031
2026-10-09 12:33:04,JWST319J,0101,Nathan Levine,35,35,0,2026-10-09 12:51:28,2026-10-09 12:51:28.452
2026-10-09 12:33:04,JWST319P,0101,Lauren Kotkin,18,18,0,2026-10-09 12:51:28,2026-10-09 12:51:28.874
2026-10-09 12:33:04,JWST319Q,0101,Regev Ben-David,35,35,0,2026-10-09 12:51:29,2026-10-09 12:51:29.294
2026-10-09 12:33:04,JWST319W,0101,Avital Karpman,35,35,0,2026-10-09 12:51:29,2026-10-09 12:51:29.706
2026-10-09 12:33:04,JWST324,0101,Matthew Suriano,25,25,0,2026-10-09 12:51:30,2026-10-09 12:51:30.141
2026-10-09 12:33:04,JWST372,0101,Shirelle Doughty,30,30,0,2026-10-09 12:51:30,2026-10-09 12:51:30.566
2026-10-09 12:33:04,JWST386,0101,Instructor: TBA,5,5,0,2026-10-09 12:51:30,2026-10-09 12:51:30.987
2026-10-09 12:33:04,JWST419B,0101,Bernard Cooperman,20,20,0,2026-10-09 12:51:31,2026-10-09 12:51:31.807
2026-10-09 12:33:04,JWST427,0101,Matthew Suriano,15,15,0,2026-10-09 12:51:32,2026-10-09 12:51:32.228
2026-10-09 12:33:04,JWST469C,0101,Bernard Cooperman,10,10,0,2026-10-09 12:51:32,2026-10-09 12:51:32.713
2026-10-09 12:33:04,KORA101,0101,Seong Minne Koh,15,15,0,2026-10-09 12:52:09,2026-10-09 12:52:09.082
2026-10-09 12:33:04,KORA102,0101,Saerom Kwak,15,15,0,2026-10-09 12:52:09,2026-10-09 12:52:09.502
2026-10-09 12:33:04,KORA102,0201,Saerom Kwak,15,15,0,2026-10-09 12:52:09,2026-10-09 12:52:09.502
2026-10-09 12:33:04,KORA102,0301,Saerom Kwak,15,15,0,2026-10-09 12:52:09,2026-10-09 12:52:09.502
2026-10-09 12:33:04,KORA102,0401,Saerom Kwak,15,15,0,2026-10-09 12:52:09,2026-10-09 12:52:09.502
2026-10-09 12:33:04,KORA202,0101,Seong Minne Koh,15,15,0,2026-10-09 12:52:09,2026-10-09 12:52:09.922
2026-10-09 12:33:04,KORA202,0301,Seong Minne Koh,15,15,0,2026-10-09 12:52:09,2026-10-09 12:52:09.922
2026-10-09 12:33:04,KORA398O,0101,Instructor: TBA,10,10,0,2026-10-09 12:52:10,2026-10-09 12:52:10.347
2026-10-09 12:33:04,KORA398V,0101,Seong Minne Koh,10,10,0,2026-10-09 12:52:10,2026-10-09 12:52:10.764
2026-10-09 12:33:04,LEAD217,0101,Festus Ainoo,25,25,0,2026-10-09 12:52:31,2026-10-09 12:52:31.084
2026-10-09 12:33:04,LEAD217,0201,Festus Ainoo,25,25,0,2026-10-09 12:52:31,2026-10-09 12:52:31.084
2026-10-09 12:33:04,LEAD321,0101,Courtney Holder,10,10,0,2026-10-09 12:52:31,2026-10-09 12:52:31.496
2026-10-09 12:33:04,LEAD417,0101,Anastasia Lavrenyuk,20,20,0,2026-10-09 12:52:31,2026-10-09 12:52:31.922
2026-10-09 12:33:04,LGBT200,0101,Sayan Bhattacharya,25,25,0,2026-10-09 12:52:33,2026-10-09 12:52:33.730
2026-10-09 12:33:04,LGBT200,0102,Sayan Bhattacharya,25,25,0,2026-10-09 12:52:33,2026-10-09 12:52:33.730
2026-10-09 12:33:04,LGBT265,0201,Instructor: TBA,30,30,0,2026-10-09 12:52:34,2026-10-09 12:52:34.140
2026-10-09 12:33:04,LGBT306,0101,Sydney Lewis,30,30,0,2026-10-09 12:52:34,2026-10-09 12:52:34.563
2026-10-09 12:33:04,LGBT310,0101,Sayan Bhattacharya,25,25,0,2026-10-09 12:52:34,2026-10-09 12:52:34.977
2026-10-09 12:33:04,LGBT338F,0101,Alexis Lothian,30,30,0,2026-10-09 12:52:35,2026-10-09 12:52:35.395
2026-10-09 12:33:04,LGBT475,0101,Sydney Lewis,20,20,0,2026-10-09 12:52:35,2026-10-09 12:52:35.819
2026-10-09 12:33:04,MLAW150,0101,David Gray,25,25,0,2026-10-09 12:53:21,2026-10-09 12:53:21.984
2026-10-09 12:33:04,MLAW150,0102,David Gray,25,25,0,2026-10-09 12:53:21,2026-10-09 12:53:21.985
2026-10-09 12:33:04,MLAW150,0103,David Gray,25,25,0,2026-10-09 12:53:21,2026-10-09 12:53:21.985
2026-10-09 12:33:04,MLAW304,0101,Christine White,40,40,0,2026-10-09 12:53:22,2026-10-09 12:53:22.408
2026-10-09 12:33:04,MLAW305,0201,Brian Gilmore,60,60,0,2026-10-09 12:53:22,2026-10-09 12:53:22.826
2026-10-09 12:33:04,MLAW325,0101,Grace Benton,12,12,0,2026-10-09 12:53:23,2026-10-09 12:53:23.249
2026-10-09 12:33:04,MLAW358W,0101,Michael Spivey,25,25,0,2026-10-09 12:53:23,2026-10-09 12:53:23.684
2026-10-09 12:33:04,MLAW358W,0102,Michael Spivey,25,25,0,2026-10-09 12:53:23,2026-10-09 12:53:23.684
2026-10-09 12:33:04,MLAW358W,0103,Michael Spivey,25,25,0,2026-10-09 12:53:23,2026-10-09 12:53:23.685
2026-10-09 12:33:04,MLAW358W,0104,Michael Spivey,25,25,0,2026-10-09 12:53:23,2026-10-09 12:53:23.685
2026-10-09 12:33:04,MLAW358W,0105,Michael Spivey,25,25,0,2026-10-09 12:53:23,2026-10-09 12:53:23.685
2026-10-09 12:33:04,MLAW358W,0106,Michael Spivey,25,25,0,2026-10-09 12:53:23,2026-10-09 12:53:23.685
2026-10-09 12:33:04,MLAW358Y,0101,Martin Kobren,5,5,0,2026-10-09 12:53:24,2026-10-09 12:53:24.097
2026-10-09 12:33:04,MLAW358Z,0101,Christine White,19,19,0,2026-10-09 12:53:24,2026-10-09 12:53:24.511
2026-10-09 12:33:04,MLAW359,0101,Brandee Pettus,8,8,0,2026-10-09 12:53:24,2026-10-09 12:53:24.929
2026-10-09 12:33:04,MLAW378E,0101,Brandee Pettus,5,5,0,2026-10-09 12:53:25,2026-10-09 12:53:25.341
2026-10-09 12:33:04,MLAW378F,0101,Brian Gilmore,15,15,0,2026-10-09 12:53:25,2026-10-09 12:53:25.756
2026-10-09 12:33:04,MLAW378J,0101,Natalie Ram,20,20,0,2026-10-09 12:53:26,2026-10-09 12:53:26.408
2026-10-09 12:33:04,MLAW378T,0101,Marley Weiss,20,20,0,2026-10-09 12:53:26,2026-10-09 12:53:26.823
2026-10-09 12:33:04,MLAW388,0101,Brandee Pettus,33,33,0,2026-10-09 12:53:27,2026-10-09 12:53:27.240
2026-10-09 12:33:04,MLAW388,0201,Brandee Pettus,6,6,0,2026-10-09 12:53:27,2026-10-09 12:53:27.240
2026-10-09 12:33:04,MLAW404,0101,Christine White,75,75,0,2026-10-09 12:53:27,2026-10-09 12:53:27.662
2026-10-09 12:33:04,MSAI632,PCS1,Mohammad Nayeem Teli,50,50,0,2026-10-09 12:53:29,2026-10-09 12:53:29.436
2026-10-09 12:33:04,MSAI633,PCS1,Tammy Perrin,44,44,0,2026-10-09 12:53:29,2026-10-09 12:53:29.849
2026-10-09 12:33:04,NAVY101,0101,Beau Cisneros,30,30,0,2026-10-09 12:54:15,2026-10-09 12:54:15.484
2026-10-09 12:33:04,NAVY108,0101,Christopher Boehm,150,150,0,2026-10-09 12:54:15,2026-10-09 12:54:15.895
2026-10-09 12:33:04,NAVY201,0101,Austin Cranfill,30,30,0,2026-10-09 12:54:16,2026-10-09 12:54:16.309
2026-10-09 12:33:04,NAVY301,0101,Beau Cisneros,35,35,0,2026-10-09 12:54:16,2026-10-09 12:54:16.733
2026-10-09 12:33:04,NAVY401,0101,John Gonser,36,36,0,2026-10-09 12:54:17,2026-10-09 12:54:17.168
2026-10-09 12:33:04,NAVY402,0102,Jenna Weiner,25,25,0,2026-10-09 12:54:17,2026-10-09 12:54:17.586
2026-10-09 12:33:04,NEUR200,0101,Ana Navarro Cebrian,90,90,0,2026-10-09 12:54:19,2026-10-09 12:54:19.386
2026-10-09 12:33:04,NEUR200,0201,Ana Navarro Cebrian,90,90,0,2026-10-09 12:54:19,2026-10-09 12:54:19.386
2026-10-09 12:33:04,NEUR305,0101,Amanda Chicoli,90,90,0,2026-10-09 12:54:19,2026-10-09 12:54:19.798
2026-10-09 12:33:04,NEUR306,0101,Chan Lin,64,64,0,2026-10-09 12:54:20,2026-10-09 12:54:20.221
2026-10-09 12:33:04,NEUR306,0102,Melissa Caras,40,40,0,2026-10-09 12:54:20,2026-10-09 12:54:20.221
2026-10-09 12:33:04,NEUR338A,0101,Amanda Chicoli,20,20,0,2026-10-09 12:54:21,2026-10-09 12:54:21.035
2026-10-09 12:33:04,NEUR398H,0101,Nikolas Francis,20,20,0,2026-10-09 12:54:22,2026-10-09 12:54:22.345
2026-10-09 12:33:04,NEUR405,0101,Hilary Bierman,16,16,0,2026-10-09 12:54:22,2026-10-09 12:54:22.772
2026-10-09 12:33:04,NEUR405,0102,Hilary Bierman,16,16,0,2026-10-09 12:54:22,2026-10-09 12:54:22.772
2026-10-09 12:33:04,NEUR405,0103,Hilary Bierman,16,16,0,2026-10-09 12:54:22,2026-10-09 12:54:22.772
2026-10-09 12:33:04,NEUR405,0106,Hilary Bierman,16,16,0,2026-10-09 12:54:22,2026-10-09 12:54:22.772
2026-10-09 12:33:04,PEER318,0101,Christina Jay,15,15,0,2026-10-09 12:54:36,2026-10-09 12:54:36.966
2026-10-09 12:33:04,PEER319,0101,Grace Boudreau,15,15,0,2026-10-09 12:54:37,2026-10-09 12:54:37.386
2026-10-09 12:33:04,PEER322,0101,Aleia Gardner,15,15,0,2026-10-09 12:54:37,2026-10-09 12:54:37.798
2026-10-09 12:33:04,PHPE308A,0101,Rachel Singpurwalla,25,25,0,2026-10-09 12:54:51,2026-10-09 12:54:51.014
2026-10-09 12:33:04,PHPE308M,0101,Eric Pacuit,30,30,0,2026-10-09 12:54:51,2026-10-09 12:54:51.429
2026-10-09 12:33:04,PHPE308P,0101,Xinzhi Zhao,30,30,0,2026-10-09 12:54:51,2026-10-09 12:54:51.855
2026-10-09 12:33:04,PHPE308U,0101,Aner Tal,35,35,0,2026-10-09 12:54:52,2026-10-09 12:54:52.278
2026-10-09 12:33:04,PHPE308Z,0101,Hallie Liberto,30,30,0,2026-10-09 12:54:52,2026-10-09 12:54:52.697
2026-10-09 12:33:04,PHPE400,0101,Instructor: TBA,30,30,0,2026-10-09 12:54:53,2026-10-09 12:54:53.523
2026-10-09 12:33:04,PHPE401,0101,Xinzhi Zhao,27,27,0,2026-10-09 12:54:53,2026-10-09 12:54:53.949
2026-10-09 12:33:04,PHPE401,0102,Xinzhi Zhao,27,27,0,2026-10-09 12:54:53,2026-10-09 12:54:53.950
2026-10-09 12:33:04,PHPE402,0101,Ben Fan,30,30,0,2026-10-09 12:54:54,2026-10-09 12:54:54.364
2026-10-09 12:33:04,PHPE408M,0101,Nicholas Laskowski,25,25,0,2026-10-09 12:54:54,2026-10-09 12:54:54.774
2026-10-09 12:33:04,PHPE408Q,0101,Samuel Kerstein,20,20,0,2026-10-09 12:54:55,2026-10-09 12:54:55.192
2026-10-09 12:33:04,PHPE408Z,0101,Avia Pasternak,30,30,0,2026-10-09 12:54:55,2026-10-09 12:54:55.626
2026-10-09 12:33:04,PHSC399,0101,Shannon Edward,30,30,0,2026-10-09 12:54:57,2026-10-09 12:54:57.839
2026-10-09 12:33:04,PHSC399,ESG1,Shannon Edward,20,20,0,2026-10-09 12:54:57,2026-10-09 12:54:57.839
2026-10-09 12:33:04,PHSC415,0101,Jessica O'Hara,36,36,0,2026-10-09 12:54:58,2026-10-09 12:54:58.260
2026-10-09 12:33:04,PHSC415,0102,Jessica O'Hara,36,36,0,2026-10-09 12:54:58,2026-10-09 12:54:58.260
2026-10-09 12:33:04,PHSC415,0103,Jessica O'Hara,36,36,0,2026-10-09 12:54:58,2026-10-09 12:54:58.261
2026-10-09 12:33:04,PHSC415,0104,Jessica O'Hara,36,36,0,2026-10-09 12:54:58,2026-10-09 12:54:58.261
2026-10-09 12:33:04,PHSC415,0105,Jessica O'Hara,36,36,0,2026-10-09 12:54:58,2026-10-09 12:54:58.261
2026-10-09 12:33:04,PHSC425,0101,Jennifer German,30,30,0,2026-10-09 12:54:58,2026-10-09 12:54:58.671
2026-10-09 12:33:04,PHSC440,0101,Kendall Bustad,35,35,0,2026-10-09 12:54:59,2026-10-09 12:54:59.091
2026-10-09 12:33:04,PHSC450,0101,Kendall Bustad,20,20,0,2026-10-09 12:54:59,2026-10-09 12:54:59.539
2026-10-09 12:33:04,PHSC450,0102,Kendall Bustad,20,20,0,2026-10-09 12:54:59,2026-10-09 12:54:59.539
2026-10-09 12:33:04,PHSC450,0103,Kendall Bustad,20,20,0,2026-10-09 12:54:59,2026-10-09 12:54:59.539
2026-10-09 12:33:04,PHSC450,0104,Kendall Bustad,20,20,0,2026-10-09 12:54:59,2026-10-09 12:54:59.539
2026-10-09 12:33:04,PHSC450,0105,Kendall Bustad,20,20,0,2026-10-09 12:54:59,2026-10-09 12:54:59.539
2026-10-09 12:33:04,PHSC450,0106,Kendall Bustad,20,20,0,2026-10-09 12:54:59,2026-10-09 12:54:59.540
2026-10-09 12:33:04,PHSC450,0107,Kendall Bustad,20,20,0,2026-10-09 12:54:59,2026-10-09 12:54:59.540
2026-10-09 12:33:04,PHSC490,0101,Shannon Edward,30,30,0,2026-10-09 12:54:59,2026-10-09 12:54:59.963
2026-10-09 12:33:04,PHSC497,0101,Gretchen De Silva,20,20,0,2026-10-09 12:55:00,2026-10-09 12:55:00.421
2026-10-09 12:33:04,PHSC497,0201,Kendall Bustad,20,20,0,2026-10-09 12:55:00,2026-10-09 12:55:00.421
2026-10-09 12:33:04,PHSC497,0301,Gretchen De Silva,20,20,0,2026-10-09 12:55:00,2026-10-09 12:55:00.421
2026-10-09 12:33:04,PHSC497,0401,Aysha Jawed,20,20,0,2026-10-09 12:55:00,2026-10-09 12:55:00.421
2026-10-09 12:33:04,PHSC497,0501,Jennifer German,20,20,0,2026-10-09 12:55:00,2026-10-09 12:55:00.422
2026-10-09 12:33:04,PHSC497,0601,Ann Truelove,20,20,0,2026-10-09 12:55:00,2026-10-09 12:55:00.422
2026-10-09 12:33:04,PHSC497,0701,Lakeshia Watson,20,20,0,2026-10-09 12:55:00,2026-10-09 12:55:00.422
2026-10-09 12:33:04,PHSC497,0801,Carmen Booker,20,20,0,2026-10-09 12:55:00,2026-10-09 12:55:00.422
2026-10-09 12:33:04,PHSC497,0901,Darya Soltani,20,20,0,2026-10-09 12:55:00,2026-10-09 12:55:00.422
2026-10-09 12:33:04,PHSC497,1001,Brienna Anderson,20,20,0,2026-10-09 12:55:00,2026-10-09 12:55:00.423
2026-10-09 12:33:04,PHSC497,1101,Margaret Smith,20,20,0,2026-10-09 12:55:00,2026-10-09 12:55:00.423
2026-10-09 12:33:04,PHSC497,1201,Eric Silfen,20,20,0,2026-10-09 12:55:00,2026-10-09 12:55:00.423
2026-10-09 12:33:04,PHSC497,1301,Lakeshia Watson,20,20,0,2026-10-09 12:55:00,2026-10-09 12:55:00.423
2026-10-09 12:33:04,RDEV250,0101,Wayne Ricardo Curtis,75,75,0,2026-10-09 12:56:18,2026-10-09 12:56:18.240
2026-10-09 12:33:04,RDEV250,0102,Wayne Ricardo Curtis,75,75,0,2026-10-09 12:56:18,2026-10-09 12:56:18.240
2026-10-09 12:33:04,RDEV270,0101,John Park,30,30,0,2026-10-09 12:56:18,2026-10-09 12:56:18.674
2026-10-09 12:33:04,RDEV350,0101,Jesse Saginor,25,25,0,2026-10-09 12:56:19,2026-10-09 12:56:19.093
2026-10-09 12:33:04,RDEV350,0102,Instructor: TBA,30,30,0,2026-10-09 12:56:19,2026-10-09 12:56:19.094
2026-10-09 12:33:04,RDEV410,0101,Peter Goldsmith,30,30,0,2026-10-09 12:56:19,2026-10-09 12:56:19.503
2026-10-09 12:33:04,RDEV415,0101,Bilal Ali,20,20,0,2026-10-09 12:56:19,2026-10-09 12:56:19.927
2026-10-09 12:33:04,RDEV445,0101,Matthew O'Malley,15,15,0,2026-10-09 12:56:20,2026-10-09 12:56:20.348
2026-10-09 12:33:04,RDEV450,0101,Kathryn Corby,30,30,0,2026-10-09 12:56:20,2026-10-09 12:56:20.757
2026-10-09 12:33:04,RDEV450,0102,Thomas Dwyer,20,20,0,2026-10-09 12:56:20,2026-10-09 12:56:20.758
2026-10-09 12:33:04,RDEV450,0103,John Park,30,30,0,2026-10-09 12:56:20,2026-10-09 12:56:20.758
2026-10-09 12:33:04,RDEV478D,0101,Jesse Saginor,20,20,0,2026-10-09 12:56:21,2026-10-09 12:56:21.181
2026-10-09 12:33:04,RDEV600,0101,Jesse Saginor,10,10,0,2026-10-09 12:56:21,2026-10-09 12:56:21.608
2026-10-09 12:33:04,RDEV603,0101,Thomas Dwyer,18,18,0,2026-10-09 12:56:22,2026-10-09 12:56:22.025
2026-10-09 12:33:04,RDEV610,0101,David Warner,20,20,0,2026-10-09 12:56:22,2026-10-09 12:56:22.435
2026-10-09 12:33:04,RDEV615,0101,Bilal Ali,20,20,0,2026-10-09 12:56:22,2026-10-09 12:56:22.866
2026-10-09 12:33:04,RDEV630,0101,Mansur Abdul-Malik,30,30,0,2026-10-09 12:56:23,2026-10-09 12:56:23.292
2026-10-09 12:33:04,RDEV650,0101,Matthew O'Malley,25,25,0,2026-10-09 12:56:23,2026-10-09 12:56:23.713
2026-10-09 12:33:04,RDEV689F,0101,Zachary Marks,20,20,0,2026-10-09 12:56:24,2026-10-09 12:56:24.127
2026-10-09 12:33:04,RDEV689I,0101,Ronald McDonald,14,14,0,2026-10-09 12:56:24,2026-10-09 12:56:24.546
2026-10-09 12:33:04,RDEV689R,0101,Nick Egelanian,15,15,0,2026-10-09 12:56:24,2026-10-09 12:56:24.964
2026-10-09 12:33:04,RDEV689Y,0101,Instructor: TBA,12,12,0,2026-10-09 12:56:25,2026-10-09 12:56:25.384
2026-10-09 12:33:04,RDEV690,0101,Tanya Bansal,12,12,0,2026-10-09 12:56:25,2026-10-09 12:56:25.808
2026-10-09 12:33:04,RELS170,0101,Katherine Wasdin,21,21,0,2026-10-09 12:56:27,2026-10-09 12:56:27.654
2026-10-09 12:33:04,RELS170,0102,Katherine Wasdin,21,21,0,2026-10-09 12:56:27,2026-10-09 12:56:27.654
2026-10-09 12:33:04,RELS170,0103,Katherine Wasdin,21,21,0,2026-10-09 12:56:27,2026-10-09 12:56:27.654
2026-10-09 12:33:04,RELS170,0104,Katherine Wasdin,21,21,0,2026-10-09 12:56:27,2026-10-09 12:56:27.654
2026-10-09 12:33:04,RELS170,0105,Katherine Wasdin,21,21,0,2026-10-09 12:56:27,2026-10-09 12:56:27.655
2026-10-09 12:33:04,RELS170,0106,Katherine Wasdin,21,21,0,2026-10-09 12:56:27,2026-10-09 12:56:27.655
2026-10-09 12:33:04,RELS170,0107,Katherine Wasdin,21,21,0,2026-10-09 12:56:27,2026-10-09 12:56:27.655
2026-10-09 12:33:04,RELS170,0108,Katherine Wasdin,21,21,0,2026-10-09 12:56:27,2026-10-09 12:56:27.655
2026-10-09 12:33:04,RELS170,0109,Katherine Wasdin,21,21,0,2026-10-09 12:56:27,2026-10-09 12:56:27.655
2026-10-09 12:33:04,RELS264,0101,Jay Moses,30,30,0,2026-10-09 12:56:28,2026-10-09 12:56:28.078
2026-10-09 12:33:04,RELS271,0101,Instructor: TBA,40,40,0,2026-10-09 12:56:28,2026-10-09 12:56:28.498
2026-10-09 12:33:04,RELS319Q,0101,Regev Ben-David,35,35,0,2026-10-09 12:56:28,2026-10-09 12:56:28.939
2026-10-09 12:33:04,RELS342,0101,Stefano Villani,27,27,0,2026-10-09 12:56:29,2026-10-09 12:56:29.448
2026-10-09 12:33:04,RELS427,0101,Matthew Suriano,15,15,0,2026-10-09 12:56:29,2026-10-09 12:56:29.853
2026-10-09 12:33:04,RELS429M,0101,Antoine Borrut,27,27,0,2026-10-09 12:56:30,2026-10-09 12:56:30.444
2026-10-09 12:33:04,RUSS102,0101,Inna Hardman,15,15,0,2026-10-09 12:56:32,2026-10-09 12:56:32.239
2026-10-09 12:33:04,RUSS102,0201,Inna Hardman,15,15,0,2026-10-09 12:56:32,2026-10-09 12:56:32.239
2026-10-09 12:33:04,RUSS202,0101,Zhanna Gerus-Vernola,15,15,0,2026-10-09 12:56:33,2026-10-09 12:56:33.270
2026-10-09 12:33:04,RUSS302,0101,Izolda Savenkova,15,15,0,2026-10-09 12:56:33,2026-10-09 12:56:33.689
2026-10-09 12:33:04,RUSS398A,0101,Instructor: TBA,15,15,0,2026-10-09 12:56:34,2026-10-09 12:56:34.519
2026-10-09 12:33:04,RUSS398F,0101,Elizabeth Papazian,25,25,0,2026-10-09 12:56:34,2026-10-09 12:56:34.940
2026-10-09 12:33:04,RUSS406,0101,Izolda Savenkova,15,15,0,2026-10-09 12:56:35,2026-10-09 12:56:35.769
2026-10-09 12:33:04,RUSS412,0101,Inna Hardman,15,15,0,2026-10-09 12:56:36,2026-10-09 12:56:36.213
2026-10-09 12:33:04,SDSB123,0101,Srijeeta Mitra,26,26,0,2026-10-09 12:56:38,2026-10-09 12:56:38.420
2026-10-09 12:33:04,SDSB180,0101,Srijeeta Mitra,155,155,0,2026-10-09 12:56:38,2026-10-09 12:56:38.837
2026-10-09 12:33:04,SDSB233,0101,Richard Engstrom,28,28,0,2026-10-09 12:56:39,2026-10-09 12:56:39.251
2026-10-09 12:33:04,SDSB233,0102,Richard Engstrom,28,28,0,2026-10-09 12:56:39,2026-10-09 12:56:39.251
2026-10-09 12:33:04,SDSB326,0101,Jacob Coutts,40,40,0,2026-10-09 12:56:39,2026-10-09 12:56:39.675
2026-10-09 12:33:04,SDSB340,0101,Neil Lund,24,24,0,2026-10-09 12:56:40,2026-10-09 12:56:40.094
2026-10-09 12:33:04,SDSI414,0101,Instructor: TBA,40,40,0,2026-10-09 12:56:41,2026-10-09 12:56:41.877
2026-10-09 12:33:04,SDSI414,0102,Instructor: TBA,40,40,0,2026-10-09 12:56:41,2026-10-09 12:56:41.877
2026-10-09 12:33:04,SDSI414,0103,Instructor: TBA,40,40,0,2026-10-09 12:56:41,2026-10-09 12:56:41.877
2026-10-09 12:33:04,SDSI414,0201,Instructor: TBA,40,40,0,2026-10-09 12:56:41,2026-10-09 12:56:41.877
2026-10-09 12:33:04,SDSI414,0202,Instructor: TBA,40,40,0,2026-10-09 12:56:41,2026-10-09 12:56:41.878
2026-10-09 12:33:04,SDSI492,0101,Instructor: TBA,45,45,0,2026-10-09 12:56:42,2026-10-09 12:56:42.316
2026-10-09 12:33:04,SDSI492,0103,Instructor: TBA,45,45,0,2026-10-09 12:56:42,2026-10-09 12:56:42.316
2026-10-09 12:33:04,SDSI492,0104,Andrew Fellows,35,35,0,2026-10-09 12:56:42,2026-10-09 12:56:42.316
2026-10-09 12:33:04,SDSI492,0105,Instructor: TBA,45,45,0,2026-10-09 12:56:42,2026-10-09 12:56:42.317
2026-10-09 12:33:04,SDSI492,0106,Instructor: TBA,45,45,0,2026-10-09 12:56:42,2026-10-09 12:56:42.317
2026-10-09 12:33:04,SDSI492,0107,TJ Rainsford,45,45,0,2026-10-09 12:56:42,2026-10-09 12:56:42.317
2026-10-09 12:33:04,SDSI492,0108,TJ Rainsford,45,45,0,2026-10-09 12:56:42,2026-10-09 12:56:42.317
2026-10-09 12:33:04,SDSI492,0110,Patrick Thornton,45,45,0,2026-10-09 12:56:42,2026-10-09 12:56:42.317
2026-10-09 12:33:04,SDSI496,0101,Jacob Coutts,25,25,0,2026-10-09 12:56:42,2026-10-09 12:56:42.740
2026-10-09 12:33:04,SMLP471,0101,Jennifer Hsin,60,60,0,2026-10-09 12:56:53,2026-10-09 12:56:53.788
2026-10-09 12:33:04,SMLP474,0101,Sara Herald,60,60,0,2026-10-09 12:56:54,2026-10-09 12:56:54.205
2026-10-09 12:33:04,SPHL100,0101,Shuling Wu,20,20,0,2026-10-09 12:57:27,2026-10-09 12:57:27.948
2026-10-09 12:33:04,SPHL100,0102,Shuling Wu,20,20,0,2026-10-09 12:57:27,2026-10-09 12:57:27.948
2026-10-09 12:33:04,SPHL100,0103,Shuling Wu,20,20,0,2026-10-09 12:57:27,2026-10-09 12:57:27.948
2026-10-09 12:33:04,SPHL100,0104,Shuling Wu,20,20,0,2026-10-09 12:57:27,2026-10-09 12:57:27.949
2026-10-09 12:33:04,SPHL100,0105,Shuling Wu,20,20,0,2026-10-09 12:57:27,2026-10-09 12:57:27.949
2026-10-09 12:33:04,SPHL100,0106,Shuling Wu,20,20,0,2026-10-09 12:57:27,2026-10-09 12:57:27.949
2026-10-09 12:33:04,SPHL100,0107,Shuling Wu,20,20,0,2026-10-09 12:57:27,2026-10-09 12:57:27.949
2026-10-09 12:33:04,SPHL100,0108,Shuling Wu,20,20,0,2026-10-09 12:57:27,2026-10-09 12:57:27.949
2026-10-09 12:33:04,SPHL100,0109,Shuling Wu,20,20,0,2026-10-09 12:57:27,2026-10-09 12:57:27.950
2026-10-09 12:33:04,SPHL100,0110,Shuling Wu,20,20,0,2026-10-09 12:57:27,2026-10-09 12:57:27.950
2026-10-09 12:33:04,SPHL100,0201,Shuling Wu,20,20,0,2026-10-09 12:57:27,2026-10-09 12:57:27.950
2026-10-09 12:33:04,SPHL100,0202,Shuling Wu,20,20,0,2026-10-09 12:57:27,2026-10-09 12:57:27.950
2026-10-09 12:33:04,SPHL100,0203,Shuling Wu,20,20,0,2026-10-09 12:57:27,2026-10-09 12:57:27.950
2026-10-09 12:33:04,SPHL100,0204,Shuling Wu,20,20,0,2026-10-09 12:57:27,2026-10-09 12:57:27.951
2026-10-09 12:33:04,SPHL100,0205,Shuling Wu,20,20,0,2026-10-09 12:57:27,2026-10-09 12:57:27.951
2026-10-09 12:33:04,SPHL100,0206,Shuling Wu,20,20,0,2026-10-09 12:57:27,2026-10-09 12:57:27.951
2026-10-09 12:33:04,SPHL100,0207,Shuling Wu,20,20,0,2026-10-09 12:57:27,2026-10-09 12:57:27.951
2026-10-09 12:33:04,SPHL100,0208,Shuling Wu,20,20,0,2026-10-09 12:57:27,2026-10-09 12:57:27.951
2026-10-09 12:33:04,SPHL246,0101,April Khaing,20,20,0,2026-10-09 12:57:28,2026-10-09 12:57:28.373
2026-10-09 12:33:04,SPHL276,0101,Dina Borzekowski,25,25,0,2026-10-09 12:57:28,2026-10-09 12:57:28.785
2026-10-09 12:33:04,SPHL321,0101,Sylvette La Touche-Howard,15,15,0,2026-10-09 12:57:29,2026-10-09 12:57:29.210
2026-10-09 12:33:04,SPHL333,0101,Cynthia Kershaw,75,75,0,2026-10-09 12:57:29,2026-10-09 12:57:29.623
2026-10-09 12:33:04,SPHL478,0101,Tracy Zeeger,10,10,0,2026-10-09 12:57:30,2026-10-09 12:57:30.446
2026-10-09 12:33:04,SPHL600,0101,Sylvette La Touche-Howard,8,8,0,2026-10-09 12:57:30,2026-10-09 12:57:30.858
2026-10-09 12:33:04,SPHL610,0101,Danielle Catona,22,22,0,2026-10-09 12:57:31,2026-10-09 12:57:31.289
2026-10-09 12:33:04,SPHL610,0102,Danielle Catona,22,22,0,2026-10-09 12:57:31,2026-10-09 12:57:31.289
2026-10-09 12:33:04,SPHL610,0103,Danielle Catona,22,22,0,2026-10-09 12:57:31,2026-10-09 12:57:31.289
2026-10-09 12:33:04,SPHL610,PLB1,Priscilla Novak,20,20,0,2026-10-09 12:57:31,2026-10-09 12:57:31.289
2026-10-09 12:33:04,SPHL610,PLH1,Priscilla Novak,28,28,0,2026-10-09 12:57:31,2026-10-09 12:57:31.289
2026-10-09 12:33:04,SPHL610,PLK1,Priscilla Novak,5,5,0,2026-10-09 12:57:31,2026-10-09 12:57:31.290
2026-10-09 12:33:04,SPHL611,0101,Danielle Catona,45,45,0,2026-10-09 12:57:31,2026-10-09 12:57:31.723
2026-10-09 12:33:04,SPHL611,0201,Danielle Catona,45,45,0,2026-10-09 12:57:31,2026-10-09 12:57:31.723
2026-10-09 12:33:04,SPHL611,PLB1,Evelyn King-Marshall,20,20,0,2026-10-09 12:57:31,2026-10-09 12:57:31.723
2026-10-09 12:33:04,SPHL611,PLH1,Evelyn King-Marshall,28,28,0,2026-10-09 12:57:31,2026-10-09 12:57:31.723
2026-10-09 12:33:04,SPHL611,PLK1,Evelyn King-Marshall,5,5,0,2026-10-09 12:57:31,2026-10-09 12:57:31.723
2026-10-09 12:33:04,SPHL612,0101,James Hagberg,15,15,0,2026-10-09 12:57:32,2026-10-09 12:57:32.132
2026-10-09 12:33:04,TLTC310,0101,Danielle Pafe,20,20,0,2026-10-09 12:58:18,2026-10-09 12:58:18.048
2026-10-09 12:33:04,TLTC333,0101,Mona Thompson,55,55,0,2026-10-09 12:58:18,2026-10-09 12:58:18.473
2026-10-09 12:33:04,TLTC333,0102,Mona Thompson,55,55,0,2026-10-09 12:58:18,2026-10-09 12:58:18.473
2026-10-09 12:33:04,TLTC333,0105,Mona Thompson,55,55,0,2026-10-09 12:58:18,2026-10-09 12:58:18.474
2026-10-09 12:33:04,URSP372,0101,Priscila Alves,20,20,0,2026-10-09 12:58:28,2026-10-09 12:58:28.777
2026-10-09 12:33:04,URSP488A,0101,Chengri Ding,30,30,0,2026-10-09 12:58:29,2026-10-09 12:58:29.200
2026-10-09 12:33:04,URSP600,0101,Kevin Nelson,25,25,0,2026-10-09 12:58:29,2026-10-09 12:58:29.619
2026-10-09 12:33:04,URSP603,0101,Dawn Jourdan,33,33,0,2026-10-09 12:58:30,2026-10-09 12:58:30.038
2026-10-09 12:33:04,URSP606,0101,Chengri Ding,15,15,0,2026-10-09 12:58:30,2026-10-09 12:58:30.463
2026-10-09 12:33:04,URSP631,0101,Hiroyuki Iseki,15,15,0,2026-10-09 12:58:30,2026-10-09 12:58:30.881
2026-10-09 12:33:04,URSP668B,0101,Eric Burnstein,20,20,0,2026-10-09 12:58:31,2026-10-09 12:58:31.321
2026-10-09 12:33:04,URSP673,0101,Riem ElZoghbi,25,25,0,2026-10-09 12:58:31,2026-10-09 12:58:31.749
2026-10-09 12:33:04,URSP688M,0101,Andrew Bernish,20,20,0,2026-10-09 12:58:32,2026-10-09 12:58:32.164
2026-10-09 12:33:04,URSP688P,0101,Sonja Ewing,15,15,0,2026-10-09 12:58:32,2026-10-09 12:58:32.580
2026-10-09 12:33:04,URSP688Y,0101,Chester Harvey,30,30,0,2026-10-09 12:58:32,2026-10-09 12:58:32.990
2026-10-09 12:33:04,URSP708,0101,Nicholas Finio,10,10,0,2026-10-09 12:58:33,2026-10-09 12:58:33.410
2026-10-09 12:33:04,URSP709,0101,Casey Dawkins,10,10,0,2026-10-09 12:58:33,2026-10-09 12:58:33.837
2026-10-09 12:33:04,URSP805,0101,Casey Dawkins,15,15,0,2026-10-09 12:58:35,2026-10-09 12:58:35.491
2026-10-09 12:33:04,USLT202,0101,Jasmin Pineda,26,26,0,2026-10-09 12:58:38,2026-10-09 12:58:38.092
2026-10-09 12:33:04,USLT403,0101,Perla Guerrero,20,20,0,2026-10-09 12:58:38,2026-10-09 12:58:38.514
2026-10-09 12:33:04,USLT420,0101,Robert Chester,27,27,0,2026-10-09 12:58:38,2026-10-09 12:58:38.924
2026-10-09 12:33:04,USLT488,0101,Nancy Mirabal,30,30,0,2026-10-09 12:58:39,2026-10-09 12:58:39.351
2026-10-09 12:33:04,USLT498L,0101,Fernando Rios,12,12,0,2026-10-09 12:58:39,2026-10-09 12:58:39.776
2026-10-09 12:33:04,VIPS208,0102,Ken Kiger,10,10,0,2026-10-09 12:58:41,2026-10-09 12:58:41.583
2026-10-09 12:33:04,VIPS208,0103,Bryan Quinn,10,10,0,2026-10-09 12:58:41,2026-10-09 12:58:41.583
2026-10-09 12:33:04,VIPS208,0104,Ryan Sochol,10,10,0,2026-10-09 12:58:41,2026-10-09 12:58:41.584
2026-10-09 12:33:04,VIPS208,0105,Molly Carton,10,10,0,2026-10-09 12:58:41,2026-10-09 12:58:41.584
2026-10-09 12:33:04,VIPS208,0106,James Baeder,11,11,0,2026-10-09 12:58:41,2026-10-09 12:58:41.584
2026-10-09 12:33:04,VIPS208,0107,Catherine Spirito,10,10,0,2026-10-09 12:58:41,2026-10-09 12:58:41.584
2026-10-09 12:33:04,VIPS208,0108,Ronald Yaros,10,10,0,2026-10-09 12:58:41,2026-10-09 12:58:41.584
2026-10-09 12:33:04,VIPS208,0109,Carinna Ferguson,10,10,0,2026-10-09 12:58:41,2026-10-09 12:58:41.585
2026-10-09 12:33:04,VIPS208,0110,Tracy Riggins,10,10,0,2026-10-09 12:58:41,2026-10-09 12:58:41.585
2026-10-09 12:33:04,VIPS208,0111,Kevin Calabro,10,10,0,2026-10-09 12:58:41,2026-10-09 12:58:41.585
2026-10-09 12:33:04,VIPS208,0112,Raffaele Viglianti,10,10,0,2026-10-09 12:58:41,2026-10-09 12:58:41.585
2026-10-09 12:33:04,VIPS208,0113,Shabnam Jabeen,10,10,0,2026-10-09 12:58:41,2026-10-09 12:58:41.585
2026-10-09 12:33:04,VIPS208,0114,Ning Zeng,10,10,0,2026-10-09 12:58:41,2026-10-09 12:58:41.586
2026-10-09 12:33:04,VIPS208,0115,Veronica Kang,10,10,0,2026-10-09 12:58:41,2026-10-09 12:58:41.586
2026-10-09 12:33:04,VIPS208,0116,David Stewart,10,10,0,2026-10-09 12:58:41,2026-10-09 12:58:41.586
2026-10-09 12:33:04,VIPS208,0117,Meredith Epstein,10,10,0,2026-10-09 12:58:41,2026-10-09 12:58:41.586
2026-10-09 12:33:04,VIPS208,0118,Magaly Toro Ibaceta,10,10,0,2026-10-09 12:58:41,2026-10-09 12:58:41.586
2026-10-09 12:33:04,VIPS208,0120,Marisa Parham,10,10,0,2026-10-09 12:58:41,2026-10-09 12:58:41.587
2026-10-09 12:33:04,VIPS208,0121,Becky Epanchin-Niell,10,10,0,2026-10-09 12:58:41,2026-10-09 12:58:41.587
2026-10-09 12:33:04,VIPS208,0122,Timothy Reedy,10,10,0,2026-10-09 12:58:41,2026-10-09 12:58:41.587
2026-10-09 12:33:04,VIPS208,0123,Lingnan Lin,10,10,0,2026-10-09 12:58:41,2026-10-09 12:58:41.587
2026-10-09 12:33:04,VIPS208,0124,Jeffrey Moro,10,10,0,2026-10-09 12:58:41,2026-10-09 12:58:41.587
2026-10-09 12:33:04,VIPS208,0125,Peter Sunderland,10,10,0,2026-10-09 12:58:41,2026-10-09 12:58:41.588
2026-10-09 12:33:04,VIPS208,0126,Brienna Anderson,10,10,0,2026-10-09 12:58:41,2026-10-09 12:58:41.588
2026-10-09 12:33:04,VIPS308,0102,Ken Kiger,10,10,0,2026-10-09 12:58:42,2026-10-09 12:58:42.054
2026-10-09 12:33:04,VIPS308,0103,Bryan Quinn,13,13,0,2026-10-09 12:58:42,2026-10-09 12:58:42.054
2026-10-09 12:33:04,VIPS308,0104,Ryan Sochol,10,10,0,2026-10-09 12:58:42,2026-10-09 12:58:42.054
2026-10-09 12:33:04,VIPS308,0105,Molly Carton,10,10,0,2026-10-09 12:58:42,2026-10-09 12:58:42.054
2026-10-09 12:33:04,VIPS308,0106,James Baeder,10,10,0,2026-10-09 12:58:42,2026-10-09 12:58:42.055
2026-10-09 12:33:04,VIPS308,0107,Catherine Spirito,10,10,0,2026-10-09 12:58:42,2026-10-09 12:58:42.055
2026-10-09 12:33:04,VIPS308,0108,Ronald Yaros,10,10,0,2026-10-09 12:58:42,2026-10-09 12:58:42.055
2026-10-09 12:33:04,VIPS308,0109,Carinna Ferguson,10,10,0,2026-10-09 12:58:42,2026-10-09 12:58:42.055
2026-10-09 12:33:04,VIPS308,0110,Tracy Riggins,10,10,0,2026-10-09 12:58:42,2026-10-09 12:58:42.055
2026-10-09 12:33:04,VIPS308,0111,Kevin Calabro,10,10,0,2026-10-09 12:58:42,2026-10-09 12:58:42.056
2026-10-09 12:33:04,VIPS308,0112,Raffaele Viglianti,10,10,0,2026-10-09 12:58:42,2026-10-09 12:58:42.056
2026-10-09 12:33:04,VIPS308,0113,Shabnam Jabeen,10,10,0,2026-10-09 12:58:42,2026-10-09 12:58:42.056
2026-10-09 12:33:04,VIPS308,0114,Ning Zeng,10,10,0,2026-10-09 12:58:42,2026-10-09 12:58:42.056
2026-10-09 12:33:04,VIPS308,0115,Veronica Kang,10,10,0,2026-10-09 12:58:42,2026-10-09 12:58:42.056
2026-10-09 12:33:04,VIPS308,0116,David Stewart,10,10,0,2026-10-09 12:58:42,2026-10-09 12:58:42.057
2026-10-09 12:33:04,VIPS308,0117,Meredith Epstein,10,10,0,2026-10-09 12:58:42,2026-10-09 12:58:42.057
2026-10-09 12:33:04,VIPS308,0118,Magaly Toro Ibaceta,10,10,0,2026-10-09 12:58:42,2026-10-09 12:58:42.057
2026-10-09 12:33:04,VIPS308,0120,Marisa Parham,10,10,0,2026-10-09 12:58:42,2026-10-09 12:58:42.057
2026-10-09 12:33:04,VIPS308,0121,Becky Epanchin-Niell,10,10,0,2026-10-09 12:58:42,2026-10-09 12:58:42.057
2026-10-09 12:33:04,VIPS308,0122,Timothy Reedy,10,10,0,2026-10-09 12:58:42,2026-10-09 12:58:42.058
2026-10-09 12:33:04,VIPS308,0123,Lingnan Lin,10,10,0,2026-10-09 12:58:42,2026-10-09 12:58:42.058
2026-10-09 12:33:04,VIPS308,0124,Jeffrey Moro,10,10,0,2026-10-09 12:58:42,2026-10-09 12:58:42.058
2026-10-09 12:33:04,VIPS308,0125,Peter Sunderland,10,10,0,2026-10-09 12:58:42,2026-10-09 12:58:42.058
2026-10-09 12:33:04,VIPS308,0126,Brienna Anderson,10,10,0,2026-10-09 12:58:42,2026-10-09 12:58:42.059
2026-10-09 12:33:04,VIPS408,0102,Ken Kiger,10,10,0,2026-10-09 12:58:42,2026-10-09 12:58:42.526
2026-10-09 12:33:04,VIPS408,0103,Bryan Quinn,10,10,0,2026-10-09 12:58:42,2026-10-09 12:58:42.526
2026-10-09 12:33:04,VIPS408,0104,Ryan Sochol,10,10,0,2026-10-09 12:58:42,2026-10-09 12:58:42.527
2026-10-09 12:33:04,VIPS408,0105,Molly Carton,10,10,0,2026-10-09 12:58:42,2026-10-09 12:58:42.527
2026-10-09 12:33:04,VIPS408,0106,James Baeder,10,10,0,2026-10-09 12:58:42,2026-10-09 12:58:42.527
2026-10-09 12:33:04,VIPS408,0107,Catherine Spirito,10,10,0,2026-10-09 12:58:42,2026-10-09 12:58:42.527
2026-10-09 12:33:04,VIPS408,0108,Ronald Yaros,10,10,0,2026-10-09 12:58:42,2026-10-09 12:58:42.527
2026-10-09 12:33:04,VIPS408,0109,Carinna Ferguson,10,10,0,2026-10-09 12:58:42,2026-10-09 12:58:42.528
2026-10-09 12:33:04,VIPS408,0110,Tracy Riggins,10,10,0,2026-10-09 12:58:42,2026-10-09 12:58:42.528
2026-10-09 12:33:04,VIPS408,0111,Kevin Calabro,10,10,0,2026-10-09 12:58:42,2026-10-09 12:58:42.528
2026-10-09 12:33:04,VIPS408,0112,Raffaele Viglianti,10,10,0,2026-10-09 12:58:42,2026-10-09 12:58:42.528
2026-10-09 12:33:04,VIPS408,0113,Shabnam Jabeen,10,10,0,2026-10-09 12:58:42,2026-10-09 12:58:42.528
2026-10-09 12:33:04,VIPS408,0114,Ning Zeng,10,10,0,2026-10-09 12:58:42,2026-10-09 12:58:42.528
2026-10-09 12:33:04,VIPS408,0115,Veronica Kang,10,10,0,2026-10-09 12:58:42,2026-10-09 12:58:42.529
2026-10-09 12:33:04,VIPS408,0116,David Stewart,10,10,0,2026-10-09 12:58:42,2026-10-09 12:58:42.529
2026-10-09 12:33:04,VIPS408,0117,Meredith Epstein,10,10,0,2026-10-09 12:58:42,2026-10-09 12:58:42.529
2026-10-09 12:33:04,VIPS408,0118,Magaly Toro Ibaceta,10,10,0,2026-10-09 12:58:42,2026-10-09 12:58:42.529
2026-10-09 12:33:04,VIPS408,0120,Marisa Parham,10,10,0,2026-10-09 12:58:42,2026-10-09 12:58:42.529
2026-10-09 12:33:04,VIPS408,0121,Becky Epanchin-Niell,10,10,0,2026-10-09 12:58:42,2026-10-09 12:58:42.530
2026-10-09 12:33:04,VIPS408,0122,Timothy Reedy,10,10,0,2026-10-09 12:58:42,2026-10-09 12:58:42.530
2026-10-09 12:33:04,VIPS408,0123,Lingnan Lin,10,10,0,2026-10-09 12:58:42,2026-10-09 12:58:42.530
2026-10-09 12:33:04,VIPS408,0124,Jeffrey Moro,10,10,0,2026-10-09 12:58:42,2026-10-09 12:58:42.530
2026-10-09 12:33:04,VIPS408,0125,Peter Sunderland,10,10,0,2026-10-09 12:58:42,2026-10-09 12:58:42.530
2026-10-09 12:33:04,VIPS408,0126,Brienna Anderson,10,10,0,2026-10-09 12:58:42,2026-10-09 12:58:42.531
2026-10-09 12:33:04,WEID139N,0101,Denise Joseph,60,60,0,2026-10-09 12:58:46,2026-10-09 12:58:46.194
2026-10-09 12:33:04,WEID139T,0201,Taylor Togafau-Lewis,45,45,0,2026-10-09 12:58:46,2026-10-09 12:58:46.615
2026-10-09 12:33:04,WGSS105,0101,Jessica Mathiason,30,30,0,2026-10-09 12:58:48,2026-10-09 12:58:48.591
2026-10-09 12:33:04,WGSS105,0102,Jessica Mathiason,30,30,0,2026-10-09 12:58:48,2026-10-09 12:58:48.591
2026-10-09 12:33:04,WGSS105,0103,Jessica Mathiason,30,30,0,2026-10-09 12:58:48,2026-10-09 12:58:48.592
2026-10-09 12:33:04,WGSS105,0104,Jessica Mathiason,30,30,0,2026-10-09 12:58:48,2026-10-09 12:58:48.592
2026-10-09 12:33:04,WGSS115,0101,Alexis Lothian,25,25,0,2026-10-09 12:58:48,2026-10-09 12:58:49.005
2026-10-09 12:33:04,WGSS115,0102,Alexis Lothian,25,25,0,2026-10-09 12:58:48,2026-10-09 12:58:49.005
2026-10-09 12:33:04,WGSS201,0101,Sayan Bhattacharya,25,25,0,2026-10-09 12:58:49,2026-10-09 12:58:49.435
2026-10-09 12:33:04,WGSS201,0102,Sayan Bhattacharya,25,25,0,2026-10-09 12:58:49,2026-10-09 12:58:49.435
2026-10-09 12:33:04,WGSS205,0101,Shelbi Meissner,21,21,0,2026-10-09 12:58:49,2026-10-09 12:58:49.861
2026-10-09 12:33:04,WGSS205,0201,Shelbi Meissner,21,21,0,2026-10-09 12:58:49,2026-10-09 12:58:49.861
2026-10-09 12:33:04,WGSS230,0101,Daniel Richter,20,20,0,2026-10-09 12:58:50,2026-10-09 12:58:50.284
2026-10-09 12:33:04,WGSS230,0201,Robert Lucci,20,20,0,2026-10-09 12:58:50,2026-10-09 12:58:50.285
2026-10-09 12:33:04,WGSS250,0101,Lidia Garcia Berrelleza,25,25,0,2026-10-09 12:58:50,2026-10-09 12:58:50.715
2026-10-09 12:33:04,WGSS250,0201,Shameem Razack,25,25,0,2026-10-09 12:58:50,2026-10-09 12:58:50.715
2026-10-09 12:33:04,WGSS255,0101,Instructor: TBA,30,30,0,2026-10-09 12:58:51,2026-10-09 12:58:51.160
2026-10-09 12:33:04,WGSS265,0101,Ashley Newby,40,40,0,2026-10-09 12:58:51,2026-10-09 12:58:51.586
2026-10-09 12:33:04,WGSS275,0101,Instructor: TBA,30,30,0,2026-10-09 12:58:51,2026-10-09 12:58:52.001
2026-10-09 12:33:04,WGSS280,0101,Jessica Mathiason,52,52,0,2026-10-09 12:58:52,2026-10-09 12:58:52.410
2026-10-09 12:33:04,WGSS290,0101,Jessica Mathiason,30,30,0,2026-10-09 12:58:52,2026-10-09 12:58:52.824
2026-10-09 12:33:04,WGSS290,0201,Sydney Lewis,31,31,0,2026-10-09 12:58:52,2026-10-09 12:58:52.825
2026-10-09 12:33:04,WGSS298C,0101,Will Mosley,35,35,0,2026-10-09 12:58:53,2026-10-09 12:58:53.254
2026-10-09 12:33:04,WGSS298S,0101,Jordan Keesler,25,25,0,2026-10-09 12:58:53,2026-10-09 12:58:53.672
2026-10-09 12:33:04,WGSS302,0101,Will Mosley,25,25,0,2026-10-09 12:58:54,2026-10-09 12:58:54.090
2026-10-09 12:33:04,WGSS306,0101,Sydney Lewis,30,30,0,2026-10-09 12:58:54,2026-10-09 12:58:54.515
2026-10-09 12:33:04,WGSS310,0101,Sayan Bhattacharya,25,25,0,2026-10-09 12:58:54,2026-10-09 12:58:54.936
2026-10-09 12:33:04,WGSS319F,0101,Alexis Lothian,30,30,0,2026-10-09 12:58:55,2026-10-09 12:58:55.358
2026-10-09 12:33:04,WGSS379G,0101,Chinyere Osuji,20,20,0,2026-10-09 12:58:55,2026-10-09 12:58:55.770
2026-10-09 12:33:04,WGSS379U,0101,John Drabinski,25,25,0,2026-10-09 12:58:56,2026-10-09 12:58:56.192
2026-10-09 12:33:04,WGSS422,0101,Jennifer Cho,18,18,0,2026-10-09 12:58:56,2026-10-09 12:58:56.604
2026-10-09 12:33:04,WGSS471,0101,Katherine Sharp,25,25,0,2026-10-09 12:58:57,2026-10-09 12:58:57.020
2026-10-09 12:33:04,WGSS471,0201,Katherine Sharp,45,45,0,2026-10-09 12:58:57,2026-10-09 12:58:57.020
2026-10-09 12:33:04,WGSS475,0101,Sydney Lewis,20,20,0,2026-10-09 12:58:57,2026-10-09 12:58:57.436
2026-10-09 12:33:04,WGSS487,0101,Eva Hageman,15,15,0,2026-10-09 12:58:57,2026-10-09 12:58:57.853
2026-10-09 12:33:04,WGSS487H,0101,Eva Hageman,5,5,0,2026-10-09 12:58:58,2026-10-09 12:58:58.281
2026-10-09 12:33:04,WGSS602,0101,Shelbi Meissner,12,12,0,2026-10-09 12:58:59,2026-10-09 12:58:59.912
2026-10-09 12:33:04,WGSS708,0101,Alexis Lothian,10,10,0,2026-10-09 12:59:01,2026-10-09 12:59:01.242
2026-10-09 12:33:04,XPER455,0101,TJ Rainsford,25,25,0,2026-10-09 12:59:04,2026-10-09 12:59:04.452
2026-10-09 17:14:55,AAAS100,0101,Shane Walsh,35,35,0,2026-10-09 17:14:57,2026-10-09 17:14:57.293
2026-10-09 17:14:55,AAAS100,0201,Shane Walsh,35,35,0,2026-10-09 17:14:57,2026-10-09 17:14:57.294
2026-10-09 17:14:55,AAAS100,0301,George Kintiba,30,30,0,2026-10-09 17:14:57,2026-10-09 17:14:57.294
2026-10-09 17:14:55,AAAS100,0401,Beka Guluma,35,35,0,2026-10-09 17:14:57,2026-10-09 17:14:57.294
2026-10-09 17:14:55,AAAS100,0501,Jason Nichols,33,33,0,2026-10-09 17:14:57,2026-10-09 17:14:57.294
2026-10-09 17:14:55,AAAS100,0601,Jason Nichols,35,35,0,2026-10-09 17:14:57,2026-10-09 17:14:57.294
2026-10-09 17:14:55,AAAS100H,0301,George Kintiba,5,5,0,2026-10-09 17:14:57,2026-10-09 17:14:57.548
2026-10-09 17:14:55,AAAS101,0101,Periloux Peay,40,40,0,2026-10-09 17:14:58,2026-10-09 17:14:58.060
2026-10-09 17:14:55,AAAS187,0101,Robert Choflet,30,30,0,2026-10-09 17:14:58,2026-10-09 17:14:58.490
2026-10-09 17:14:55,AAAS200,0101,George Kintiba,40,40,0,2026-10-09 17:14:58,2026-10-09 17:14:58.842
2026-10-09 17:14:55,AAAS202,0101,Robert Choflet,30,30,0,2026-10-09 17:14:59,2026-10-09 17:14:59.277
2026-10-09 17:14:55,AAAS202,0201,Angelica Dunbar,35,35,0,2026-10-09 17:14:59,2026-10-09 17:14:59.277
2026-10-09 17:14:55,AAAS202,0301,Angelica Dunbar,35,35,0,2026-10-09 17:14:59,2026-10-09 17:14:59.277
2026-10-09 17:14:55,AAAS202,0401,Robert Choflet,35,35,0,2026-10-09 17:14:59,2026-10-09 17:14:59.277
2026-10-09 17:14:55,AAAS202H,0101,Robert Choflet,5,5,0,2026-10-09 17:14:59,2026-10-09 17:14:59.652
2026-10-09 17:14:55,AAAS211,0101,Shane Walsh,120,120,0,2026-10-09 17:15:00,2026-10-09 17:15:00.163
2026-10-09 17:14:55,AAAS234,0101,Instructor: TBA,30,30,0,2026-10-09 17:15:00,2026-10-09 17:15:00.423
2026-10-09 17:14:55,AAAS255,0101,Leigh Soares,40,40,0,2026-10-09 17:15:00,2026-10-09 17:15:00.828
2026-10-09 17:14:55,AAAS265,0101,Ashley Newby,40,40,0,2026-10-09 17:15:01,2026-10-09 17:15:01.095
2026-10-09 17:14:55,AAAS320,0101,Cecily Jackson,25,25,0,2026-10-09 17:15:01,2026-10-09 17:15:01.361
2026-10-09 17:14:55,AAAS320,0201,Cecily Jackson,25,25,0,2026-10-09 17:15:01,2026-10-09 17:15:01.361
2026-10-09 17:14:55,AAAS386,0101,Marshal Washington,10,10,0,2026-10-09 17:15:01,2026-10-09 17:15:01.660
2026-10-09 17:14:55,AAAS398G,0101,Chinyere Osuji,20,20,0,2026-10-09 17:15:01,2026-10-09 17:15:02.000
2026-10-09 17:14:55,AAAS398U,0101,John Drabinski,25,25,0,2026-10-09 17:15:02,2026-10-09 17:15:02.392
2026-10-09 17:14:55,AAAS400,0101,George Kintiba,20,20,0,2026-10-09 17:15:02,2026-10-09 17:15:02.684
2026-10-09 17:14:55,AAAS400H,0101,George Kintiba,5,5,0,2026-10-09 17:15:03,2026-10-09 17:15:03.009
2026-10-09 17:14:55,AAAS490,0101,Paul Landau,18,18,0,2026-10-09 17:15:03,2026-10-09 17:15:03.277
2026-10-09 17:14:55,AAAS498X,0101,Terrill Taylor,36,36,0,2026-10-09 17:15:03,2026-10-09 17:15:03.801
2026-10-09 17:14:55,AAST200,0101,Jennifer Cho,34,34,0,2026-10-09 17:15:05,2026-10-09 17:15:05.378
2026-10-09 17:14:55,AAST201,0101,Madeline Hsu,40,40,0,2026-10-09 17:15:05,2026-10-09 17:15:05.767
2026-10-09 17:14:55,AAST250,0101,Jennifer Cho,30,30,0,2026-10-09 17:15:06,2026-10-09 17:15:06.035
2026-10-09 17:14:55,AAST262,0101,Derek Iwamoto,54,54,0,2026-10-09 17:15:06,2026-10-09 17:15:06.338
2026-10-09 17:14:55,AAST322,0101,Julie Park,30,30,0,2026-10-09 17:15:06,2026-10-09 17:15:06.845
2026-10-09 17:14:55,AAST350,0101,Binod Paudyal,25,25,0,2026-10-09 17:15:07,2026-10-09 17:15:07.145
2026-10-09 17:14:55,AAST351,0101,Binod Paudyal,34,34,0,2026-10-09 17:15:07,2026-10-09 17:15:07.413
2026-10-09 17:14:55,AAST363,0101,Gemirald Daus,35,35,0,2026-10-09 17:15:07,2026-10-09 17:15:07.793
2026-10-09 17:14:55,AAST378,0101,Janelle Wong,2,2,0,2026-10-09 17:15:08,2026-10-09 17:15:08.089
2026-10-09 17:14:55,AAST394,0101,Wenxi Yang,25,25,0,2026-10-09 17:15:08,2026-10-09 17:15:08.600
2026-10-09 17:14:55,AAST398A,0101,Michelle Magalong,20,20,0,2026-10-09 17:15:08,2026-10-09 17:15:08.878
2026-10-09 17:14:55,AAST398B,0101,Chris Eng,25,25,0,2026-10-09 17:15:09,2026-10-09 17:15:09.142
2026-10-09 17:14:55,AAST421,0101,Philip Nash,20,20,0,2026-10-09 17:15:09,2026-10-09 17:15:09.431
2026-10-09 17:14:55,AAST422,0101,Jennifer Cho,18,18,0,2026-10-09 17:15:09,2026-10-09 17:15:09.671
2026-10-09 17:14:55,AAST443,0101,Janelle Wong,27,27,0,2026-10-09 17:15:09,2026-10-09 17:15:09.919
2026-10-09 17:14:55,ABRM450,0101,Ashley Newby,10,10,0,2026-10-09 17:15:11,2026-10-09 17:15:11.678
2026-10-09 17:14:55,AGNR301,0101,Thomas Hilde,150,150,0,2026-10-09 17:15:13,2026-10-09 17:15:13.171
2026-10-09 17:14:55,AGNR388,0101,Instructor: TBA,20,20,0,2026-10-09 17:15:13,2026-10-09 17:15:13.410
2026-10-09 17:14:55,AIME498B,0101,Kevin McGarry,30,30,0,2026-10-09 17:15:16,2026-10-09 17:15:16.948
2026-10-09 17:14:55,ARAB101,0101,Samah Al-salami,15,15,0,2026-10-09 17:15:52,2026-10-09 17:15:52.267
2026-10-09 17:14:55,ARAB101,0201,Ahmed Hanafy,15,15,0,2026-10-09 17:15:52,2026-10-09 17:15:52.267
2026-10-09 17:14:55,ARAB102,0101,Samah Al-salami,15,15,0,2026-10-09 17:15:52,2026-10-09 17:15:52.523
2026-10-09 17:14:55,ARAB102,0201,Samah Al-salami,15,15,0,2026-10-09 17:15:52,2026-10-09 17:15:52.523
2026-10-09 17:14:55,ARAB201,0101,Lutf Alkebsi,15,15,0,2026-10-09 17:15:52,2026-10-09 17:15:52.817
2026-10-09 17:14:55,ARAB202,0101,Lutf Alkebsi,15,15,0,2026-10-09 17:15:53,2026-10-09 17:15:53.103
2026-10-09 17:14:55,ARAB202,0201,Lutf Alkebsi,15,15,0,2026-10-09 17:15:53,2026-10-09 17:15:53.103
2026-10-09 17:14:55,ARAB222,0101,Ahmed Hanafy,15,15,0,2026-10-09 17:15:53,2026-10-09 17:15:53.393
2026-10-09 17:14:55,ARAB250,0101,Anny Gaul,20,20,0,2026-10-09 17:15:53,2026-10-09 17:15:53.657
2026-10-09 17:14:55,ARAB302,0101,Ahmed Hanafy,15,15,0,2026-10-09 17:15:54,2026-10-09 17:15:54.094
2026-10-09 17:14:55,ARAB317,0101,Anny Gaul,15,15,0,2026-10-09 17:15:54,2026-10-09 17:15:54.369
2026-10-09 17:14:55,ARAB398W,0101,Lutf Alkebsi,15,15,0,2026-10-09 17:15:54,2026-10-09 17:15:54.841
2026-10-09 17:14:55,ARAB499X,0101,Samah Al-salami,15,15,0,2026-10-09 17:15:55,2026-10-09 17:15:55.353
2026-10-09 17:14:55,ARCH170,0101,Lindsey May,100,100,0,2026-10-09 17:15:57,2026-10-09 17:15:57.080
2026-10-09 17:14:55,ARCH200,0101,Michael Abrams,21,21,0,2026-10-09 17:15:57,2026-10-09 17:15:57.370
2026-10-09 17:14:55,ARCH200,0102,Michael Abrams,21,21,0,2026-10-09 17:15:57,2026-10-09 17:15:57.370
2026-10-09 17:14:55,ARCH200,0103,Michael Abrams,21,21,0,2026-10-09 17:15:57,2026-10-09 17:15:57.370
2026-10-09 17:14:55,ARCH200,0104,Michael Abrams,21,21,0,2026-10-09 17:15:57,2026-10-09 17:15:57.370
2026-10-09 17:14:55,ARCH200,0105,Michael Abrams,21,21,0,2026-10-09 17:15:57,2026-10-09 17:15:57.370
2026-10-09 17:14:55,ARCH200,0106,Michael Abrams,21,21,0,2026-10-09 17:15:57,2026-10-09 17:15:57.370
2026-10-09 17:14:55,ARCH225,0101,Joseph Williams,125,125,0,2026-10-09 17:15:57,2026-10-09 17:15:57.645
2026-10-09 17:14:55,ARCH271,0101,Wayne Ricardo Curtis,75,75,0,2026-10-09 17:15:57,2026-10-09 17:15:57.940
2026-10-09 17:14:55,ARCH271,0102,Wayne Ricardo Curtis,75,75,0,2026-10-09 17:15:57,2026-10-09 17:15:57.940
2026-10-09 17:14:55,ARCH386,0101,Kristen Stack,10,10,0,2026-10-09 17:15:58,2026-10-09 17:15:58.211
2026-10-09 17:14:55,ARCH400,0101,Kenneth Filler,75,75,0,2026-10-09 17:15:58,2026-10-09 17:15:58.447
2026-10-09 17:14:55,ARCH400,0201,Marcus Cross,60,60,0,2026-10-09 17:15:58,2026-10-09 17:15:58.447
2026-10-09 17:14:55,ARCH402,0101,Taejun James Kim,75,75,0,2026-10-09 17:15:58,2026-10-09 17:15:58.689
2026-10-09 17:14:55,ARCH405,0101,Brittany L Williams,14,14,0,2026-10-09 17:15:58,2026-10-09 17:15:58.949
2026-10-09 17:14:55,ARCH407,0101,Georgeanne Matthews,12,12,0,2026-10-09 17:15:59,2026-10-09 17:15:59.185
2026-10-09 17:14:55,ARCH408A,0101,Daniel Curry,5,5,0,2026-10-09 17:15:59,2026-10-09 17:15:59.430
2026-10-09 17:14:55,ARCH408C,0101,Edgar Alvarado,5,5,0,2026-10-09 17:15:59,2026-10-09 17:15:59.714
2026-10-09 17:14:55,ARCH418D,0101,Hooman Koliji,30,30,0,2026-10-09 17:15:59,2026-10-09 17:15:59.965
2026-10-09 17:14:55,ARCH418G,0101,Deokoh Woo,16,16,0,2026-10-09 17:16:00,2026-10-09 17:16:00.234
2026-10-09 17:14:55,ARCH418I,0101,Michael Kleiss,16,16,0,2026-10-09 17:16:00,2026-10-09 17:16:00.491
2026-10-09 17:14:55,ARCH420,0101,Caroline Hickman,30,30,0,2026-10-09 17:16:00,2026-10-09 17:16:00.778
2026-10-09 17:14:55,ARCH423,0101,Joseph Williams,30,30,0,2026-10-09 17:16:01,2026-10-09 17:16:01.035
2026-10-09 17:14:55,ARCH425,0101,Joseph Williams,10,10,0,2026-10-09 17:16:01,2026-10-09 17:16:01.321
2026-10-09 17:14:55,ARCH428F,0101,Matthew Bell,20,20,0,2026-10-09 17:16:01,2026-10-09 17:16:01.740
2026-10-09 17:14:55,ARCH428K,0101,Michele Lamprakos,26,26,0,2026-10-09 17:16:02,2026-10-09 17:16:02.025
2026-10-09 17:14:55,ARCH445,0101,Daniel Curry,15,15,0,2026-10-09 17:16:02,2026-10-09 17:16:02.366
2026-10-09 17:14:55,ARCH463,0101,Deokoh Woo,150,150,0,2026-10-09 17:16:02,2026-10-09 17:16:02.665
2026-10-09 17:14:55,ARCH465,0101,Michael Kleiss,80,80,0,2026-10-09 17:16:02,2026-10-09 17:16:02.932
2026-10-09 17:14:55,ARCH468I,0101,Hooman Koliji,26,26,0,2026-10-09 17:16:03,2026-10-09 17:16:03.194
2026-10-09 17:14:55,ARCH468P,0101,Hooman Koliji,26,26,0,2026-10-09 17:16:03,2026-10-09 17:16:03.470
2026-10-09 17:14:55,ARCH472,0101,Kiley Wilfong Cullen,24,24,0,2026-10-09 17:16:03,2026-10-09 17:16:03.746
2026-10-09 17:14:55,ARCH478L,0101,Michele Lamprakos,10,10,0,2026-10-09 17:16:03,2026-10-09 17:16:03.995
2026-10-09 17:14:55,ARCH478O,0101,Stefan Woehlke,20,20,0,2026-10-09 17:16:04,2026-10-09 17:16:04.257
2026-10-09 17:14:55,ARCH601,0101,Peter Noonan,20,20,0,2026-10-09 17:16:04,2026-10-09 17:16:04.540
2026-10-09 17:14:55,ARCH618G,0101,Deokoh Woo,4,4,0,2026-10-09 17:16:04,2026-10-09 17:16:04.807
2026-10-09 17:14:55,ARCH618I,0101,Michael Kleiss,4,4,0,2026-10-09 17:16:05,2026-10-09 17:16:05.062
2026-10-09 17:14:55,ARCH628K,0101,Michele Lamprakos,4,4,0,2026-10-09 17:16:05,2026-10-09 17:16:05.364
2026-10-09 17:14:55,ARCH635,0101,Matthew Bell,15,15,0,2026-10-09 17:16:05,2026-10-09 17:16:05.603
2026-10-09 17:14:55,ARCH645,0101,Daniel Curry,10,10,0,2026-10-09 17:16:05,2026-10-09 17:16:05.904
2026-10-09 17:14:55,ARCH654,0101,Anatole Tchikine,35,35,0,2026-10-09 17:16:06,2026-10-09 17:16:06.149
2026-10-09 17:14:55,ARCH658I,0101,Sonja Ewing,15,15,0,2026-10-09 17:16:06,2026-10-09 17:16:06.395
2026-10-09 17:14:55,ARCH668I,0101,Hooman Koliji,4,4,0,2026-10-09 17:16:06,2026-10-09 17:16:06.672
2026-10-09 17:14:55,ARCH668P,0101,Hooman Koliji,4,4,0,2026-10-09 17:16:06,2026-10-09 17:16:06.955
2026-10-09 17:14:55,ARCH678L,0101,Michele Lamprakos,10,10,0,2026-10-09 17:16:07,2026-10-09 17:16:07.236
2026-10-09 17:14:55,ARCH678O,0101,Stefan Woehlke,5,5,0,2026-10-09 17:16:07,2026-10-09 17:16:07.503
2026-10-09 17:14:55,ARCH797,0101,Hooman Koliji,15,15,0,2026-10-09 17:16:07,2026-10-09 17:16:07.734
2026-10-09 17:14:55,ARMY105,0101,Andrew Bischoff,60,60,0,2026-10-09 17:16:23,2026-10-09 17:16:23.379
2026-10-09 17:14:55,ARMY105,0102,Andrew Bischoff,60,60,0,2026-10-09 17:16:23,2026-10-09 17:16:23.379
2026-10-09 17:14:55,ARMY110,0101,Andrew Bischoff,40,40,0,2026-10-09 17:16:23,2026-10-09 17:16:23.617
2026-10-09 17:14:55,ARMY202,0102,Andrew Bischoff,60,60,0,2026-10-09 17:16:23,2026-10-09 17:16:23.869
2026-10-09 17:14:55,ARMY302,0101,Andrew Bischoff,40,40,0,2026-10-09 17:16:24,2026-10-09 17:16:24.123
2026-10-09 17:14:55,ARMY402,0101,Andrew Bischoff,30,30,0,2026-10-09 17:16:24,2026-10-09 17:16:24.368
2026-10-09 17:14:55,ARMY402,0102,Andrew Bischoff,100,100,0,2026-10-09 17:16:24,2026-10-09 17:16:24.368
2026-10-09 17:14:55,ARSC059,0101,Kathryn Love,250,250,0,2026-10-09 17:16:25,2026-10-09 17:16:25.879
2026-10-09 17:14:55,ARSC101,0101,Alan Snyder,50,50,0,2026-10-09 17:16:26,2026-10-09 17:16:26.150
2026-10-09 17:14:55,ARSC101,0102,Alan Snyder,65,65,0,2026-10-09 17:16:26,2026-10-09 17:16:26.150
2026-10-09 17:14:55,ARSC101,0103,Alan Snyder,40,40,0,2026-10-09 17:16:26,2026-10-09 17:16:26.151
2026-10-09 17:14:55,ARSC101,0104,Alan Snyder,10,10,0,2026-10-09 17:16:26,2026-10-09 17:16:26.151
2026-10-09 17:14:55,ARSC201,0101,Nathan Rabe,65,65,0,2026-10-09 17:16:26,2026-10-09 17:16:26.455
2026-10-09 17:14:55,ARSC201,0102,Kathleen West,40,40,0,2026-10-09 17:16:26,2026-10-09 17:16:26.456
2026-10-09 17:14:55,ARSC201,0103,Kathleen West,40,40,0,2026-10-09 17:16:26,2026-10-09 17:16:26.456
2026-10-09 17:14:55,ARSC301,0101,Kathryn Love,45,45,0,2026-10-09 17:16:26,2026-10-09 17:16:26.703
2026-10-09 17:14:55,ARSC301,0102,Kathryn Love,20,20,0,2026-10-09 17:16:26,2026-10-09 17:16:26.703
2026-10-09 17:14:55,ARSC401,0101,Joseph Herwatic,30,30,0,2026-10-09 17:16:26,2026-10-09 17:16:26.992
2026-10-09 17:14:55,ARSC401,0102,Joseph Herwatic,15,15,0,2026-10-09 17:16:26,2026-10-09 17:16:26.992
2026-10-09 17:14:55,BIOI605,PCS1,Vanessa Gonzalez,25,25,0,2026-10-09 17:17:13,2026-10-09 17:17:13.203
2026-10-09 17:14:55,BIOI606,PCS1,Instructor: TBA,25,25,0,2026-10-09 17:17:13,2026-10-09 17:17:13.484
2026-10-09 17:14:55,BIOI607,PCS1,Instructor: TBA,25,25,0,2026-10-09 17:17:13,2026-10-09 17:17:13.724
2026-10-09 17:14:55,BIOM301,0101,Christine Hakenkamp,28,28,0,2026-10-09 17:17:17,2026-10-09 17:17:17.018
2026-10-09 17:14:55,BIOM301,0102,Christine Hakenkamp,28,28,0,2026-10-09 17:17:17,2026-10-09 17:17:17.018
2026-10-09 17:14:55,BIOM301,0103,Christine Hakenkamp,28,28,0,2026-10-09 17:17:17,2026-10-09 17:17:17.018
2026-10-09 17:14:55,BIOM301,0104,Christine Hakenkamp,28,28,0,2026-10-09 17:17:17,2026-10-09 17:17:17.018
2026-10-09 17:14:55,BIOM301,0105,Christine Hakenkamp,28,28,0,2026-10-09 17:17:17,2026-10-09 17:17:17.018
2026-10-09 17:14:55,BIOM301,0106,Christine Hakenkamp,28,28,0,2026-10-09 17:17:17,2026-10-09 17:17:17.018
2026-10-09 17:14:55,BIOM301,0107,Christine Hakenkamp,28,28,0,2026-10-09 17:17:17,2026-10-09 17:17:17.018
2026-10-09 17:14:55,BIOM301,0201,Instructor: TBA,28,28,0,2026-10-09 17:17:17,2026-10-09 17:17:17.018
2026-10-09 17:14:55,BIOM602,0101,Jiuzhou Song,28,28,0,2026-10-09 17:17:17,2026-10-09 17:17:17.295
2026-10-09 17:14:55,BMIN210,0101,Darlene Dennison,162,162,0,2026-10-09 17:17:42,2026-10-09 17:17:42.557
2026-10-09 17:14:55,BMIN210,0201,Darlene Dennison,162,162,0,2026-10-09 17:17:42,2026-10-09 17:17:42.558
2026-10-09 17:14:55,BMIN305,0101,Tejwansh Anand,162,162,0,2026-10-09 17:17:42,2026-10-09 17:17:42.811
2026-10-09 17:14:55,BMIN345,0101,Michael Padhi,325,325,0,2026-10-09 17:17:43,2026-10-09 17:17:43.077
2026-10-09 17:14:55,BMIN355,0101,Idil Yaveroglu,162,162,0,2026-10-09 17:17:43,2026-10-09 17:17:43.324
2026-10-09 17:14:55,BMIN355,0201,Idil Yaveroglu,162,162,0,2026-10-09 17:17:43,2026-10-09 17:17:43.324
2026-10-09 17:14:55,BMIN375,0101,Leland Gardner,162,162,0,2026-10-09 17:17:43,2026-10-09 17:17:43.562
2026-10-09 17:14:55,BMIN395,0101,Nima Farshchi,162,162,0,2026-10-09 17:17:43,2026-10-09 17:17:43.826
2026-10-09 17:14:55,BMIN395,0201,Nima Farshchi,162,162,0,2026-10-09 17:17:43,2026-10-09 17:17:43.826
2026-10-09 17:14:55,BSCI103,1100,Tais Mattoso De Andrade Ribeiro,24,24,0,2026-10-09 17:17:47,2026-10-09 17:17:47.260
2026-10-09 17:14:55,BSCI103,1101,Tais Mattoso De Andrade Ribeiro,24,24,0,2026-10-09 17:17:47,2026-10-09 17:17:47.260
2026-10-09 17:14:55,BSCI103,1103,Tais Mattoso De Andrade Ribeiro,24,24,0,2026-10-09 17:17:47,2026-10-09 17:17:47.260
2026-10-09 17:14:55,BSCI103,1105,Tais Mattoso De Andrade Ribeiro,24,24,0,2026-10-09 17:17:47,2026-10-09 17:17:47.260
2026-10-09 17:14:55,BSCI103,1107,Tais Mattoso De Andrade Ribeiro,24,24,0,2026-10-09 17:17:47,2026-10-09 17:17:47.260
2026-10-09 17:14:55,BSCI103,1108,Tais Mattoso De Andrade Ribeiro,24,24,0,2026-10-09 17:17:47,2026-10-09 17:17:47.261
2026-10-09 17:14:55,BSCI103,1109,Tais Mattoso De Andrade Ribeiro,24,24,0,2026-10-09 17:17:47,2026-10-09 17:17:47.261
2026-10-09 17:14:55,BSCI103,1110,Tais Mattoso De Andrade Ribeiro,24,24,0,2026-10-09 17:17:47,2026-10-09 17:17:47.261
2026-10-09 17:14:55,BSCI103M,0101,Tais Mattoso De Andrade Ribeiro,24,24,0,2026-10-09 17:17:47,2026-10-09 17:17:47.545
2026-10-09 17:14:55,BSCI120,0101,Dennis vanEngelsdorp,21,21,0,2026-10-09 17:17:47,2026-10-09 17:17:47.791
2026-10-09 17:14:55,BSCI120,0102,Dennis vanEngelsdorp,21,21,0,2026-10-09 17:17:47,2026-10-09 17:17:47.791
2026-10-09 17:14:55,BSCI135,1101,Edgar Moctezuma,24,24,0,2026-10-09 17:17:48,2026-10-09 17:17:48.177
2026-10-09 17:14:55,BSCI135,1102,Edgar Moctezuma,24,24,0,2026-10-09 17:17:48,2026-10-09 17:17:48.178
2026-10-09 17:14:55,BSCI135,1103,Edgar Moctezuma,24,24,0,2026-10-09 17:17:48,2026-10-09 17:17:48.178
2026-10-09 17:14:55,BSCI135,1104,Edgar Moctezuma,24,24,0,2026-10-09 17:17:48,2026-10-09 17:17:48.178
2026-10-09 17:14:55,BSCI135,1105,Edgar Moctezuma,24,24,0,2026-10-09 17:17:48,2026-10-09 17:17:48.178
2026-10-09 17:14:55,BSCI160,6101,Leo Shapiro,104,104,0,2026-10-09 17:17:48,2026-10-09 17:17:48.429
2026-10-09 17:14:55,BSCI160,6301,Chloe Garfinkel,56,56,0,2026-10-09 17:17:48,2026-10-09 17:17:48.429
2026-10-09 17:14:55,BSCI160,6601,Vadim Karatayev,88,88,0,2026-10-09 17:17:48,2026-10-09 17:17:48.429
2026-10-09 17:14:55,BSCI160,SES1,Chloe Garfinkel,15,15,0,2026-10-09 17:17:48,2026-10-09 17:17:48.429
2026-10-09 17:14:55,BSCI170,0101,Cordelia Weiss,153,153,0,2026-10-09 17:17:48,2026-10-09 17:17:48.678
2026-10-09 17:14:55,BSCI170,0201,Nicholas Fletcher,153,153,0,2026-10-09 17:17:48,2026-10-09 17:17:48.678
2026-10-09 17:14:55,BSCI170,0301,Ricardo Araneda,152,152,0,2026-10-09 17:17:48,2026-10-09 17:17:48.678
2026-10-09 17:14:55,BSCI170,0401,Swarna Mohan,153,153,0,2026-10-09 17:17:48,2026-10-09 17:17:48.678
2026-10-09 17:14:55,BSCI170,0501,Ji Young Choi,120,120,0,2026-10-09 17:17:48,2026-10-09 17:17:48.678
2026-10-09 17:14:55,BSCI170,0701,Ji Young Choi,153,153,0,2026-10-09 17:17:48,2026-10-09 17:17:48.678
2026-10-09 17:14:55,BSCI170,SES1,James Sniezek,20,20,0,2026-10-09 17:17:48,2026-10-09 17:17:48.678
2026-10-09 17:14:55,BSCI180,8105,Hans Lemke,19,19,0,2026-10-09 17:17:48,2026-10-09 17:17:49.003
2026-10-09 17:14:55,BSCI180,8106,Hans Lemke,19,19,0,2026-10-09 17:17:48,2026-10-09 17:17:49.003
2026-10-09 17:14:55,BSCI180,8107,Hans Lemke,19,19,0,2026-10-09 17:17:48,2026-10-09 17:17:49.003
2026-10-09 17:14:55,BSCI180,8108,Hans Lemke,19,19,0,2026-10-09 17:17:48,2026-10-09 17:17:49.004
2026-10-09 17:14:55,BSCI180,8109,Hans Lemke,19,19,0,2026-10-09 17:17:48,2026-10-09 17:17:49.004
2026-10-09 17:14:55,BSCI180,8110,Hans Lemke,19,19,0,2026-10-09 17:17:48,2026-10-09 17:17:49.004
2026-10-09 17:14:55,BSCI180,8111,Hans Lemke,19,19,0,2026-10-09 17:17:48,2026-10-09 17:17:49.004
2026-10-09 17:14:55,BSCI180,8112,Hans Lemke,19,19,0,2026-10-09 17:17:48,2026-10-09 17:17:49.004
2026-10-09 17:14:55,BSCI180,8113,Hans Lemke,19,19,0,2026-10-09 17:17:48,2026-10-09 17:17:49.004
2026-10-09 17:14:55,BSCI180,8114,Hans Lemke,19,19,0,2026-10-09 17:17:48,2026-10-09 17:17:49.004
2026-10-09 17:14:55,BSCI180,8201,Hans Lemke,19,19,0,2026-10-09 17:17:48,2026-10-09 17:17:49.004
2026-10-09 17:14:55,BSCI180,8202,Hans Lemke,19,19,0,2026-10-09 17:17:48,2026-10-09 17:17:49.004
2026-10-09 17:14:55,BSCI180,8205,Hans Lemke,19,19,0,2026-10-09 17:17:48,2026-10-09 17:17:49.004
2026-10-09 17:14:55,BSCI180,8206,Hans Lemke,19,19,0,2026-10-09 17:17:48,2026-10-09 17:17:49.004
2026-10-09 17:14:55,BSCI180,8207,Hans Lemke,19,19,0,2026-10-09 17:17:48,2026-10-09 17:17:49.004
2026-10-09 17:14:55,BSCI180,8208,Hans Lemke,19,19,0,2026-10-09 17:17:48,2026-10-09 17:17:49.005
2026-10-09 17:14:55,BSCI180,8209,Hans Lemke,19,19,0,2026-10-09 17:17:48,2026-10-09 17:17:49.005
2026-10-09 17:14:55,BSCI180,8210,Hans Lemke,19,19,0,2026-10-09 17:17:48,2026-10-09 17:17:49.005
2026-10-09 17:14:55,BSCI180,8211,Hans Lemke,19,19,0,2026-10-09 17:17:48,2026-10-09 17:17:49.005
2026-10-09 17:14:55,BSCI180,8212,Hans Lemke,19,19,0,2026-10-09 17:17:48,2026-10-09 17:17:49.005
2026-10-09 17:14:55,BSCI180,8213,Hans Lemke,19,19,0,2026-10-09 17:17:48,2026-10-09 17:17:49.005
2026-10-09 17:14:55,BSCI180,8214,Hans Lemke,19,19,0,2026-10-09 17:17:48,2026-10-09 17:17:49.005
2026-10-09 17:14:55,BSCI180,8301,Hans Lemke,19,19,0,2026-10-09 17:17:48,2026-10-09 17:17:49.005
2026-10-09 17:14:55,BSCI180,8302,Hans Lemke,19,19,0,2026-10-09 17:17:48,2026-10-09 17:17:49.005
2026-10-09 17:14:55,BSCI180,8305,Hans Lemke,19,19,0,2026-10-09 17:17:48,2026-10-09 17:17:49.005
2026-10-09 17:14:55,BSCI180,8306,Hans Lemke,19,19,0,2026-10-09 17:17:48,2026-10-09 17:17:49.005
2026-10-09 17:14:55,BSCI180,8307,Hans Lemke,19,19,0,2026-10-09 17:17:48,2026-10-09 17:17:49.005
2026-10-09 17:14:55,BSCI180,8308,Hans Lemke,19,19,0,2026-10-09 17:17:48,2026-10-09 17:17:49.006
2026-10-09 17:14:55,BSCI180,8309,Hans Lemke,19,19,0,2026-10-09 17:17:48,2026-10-09 17:17:49.006
2026-10-09 17:14:55,BSCI180,8310,Hans Lemke,19,19,0,2026-10-09 17:17:48,2026-10-09 17:17:49.006
2026-10-09 17:14:55,BSCI180,8311,Hans Lemke,19,19,0,2026-10-09 17:17:48,2026-10-09 17:17:49.006
2026-10-09 17:14:55,BSCI180,8312,Hans Lemke,19,19,0,2026-10-09 17:17:48,2026-10-09 17:17:49.006
2026-10-09 17:14:55,BSCI180,8313,Hans Lemke,19,19,0,2026-10-09 17:17:48,2026-10-09 17:17:49.006
2026-10-09 17:14:55,BSCI180,8314,Hans Lemke,19,19,0,2026-10-09 17:17:48,2026-10-09 17:17:49.006
2026-10-09 17:14:55,BSCI180,8401,Hans Lemke,19,19,0,2026-10-09 17:17:48,2026-10-09 17:17:49.006
2026-10-09 17:14:55,BSCI180,8402,Hans Lemke,19,19,0,2026-10-09 17:17:48,2026-10-09 17:17:49.006
2026-10-09 17:14:55,BSCI180,8405,Hans Lemke,19,19,0,2026-10-09 17:17:48,2026-10-09 17:17:49.006
2026-10-09 17:14:55,BSCI180,8406,Hans Lemke,19,19,0,2026-10-09 17:17:48,2026-10-09 17:17:49.006
2026-10-09 17:14:55,BSCI180,8407,Hans Lemke,19,19,0,2026-10-09 17:17:48,2026-10-09 17:17:49.006
2026-10-09 17:14:55,BSCI180,8408,Hans Lemke,19,19,0,2026-10-09 17:17:48,2026-10-09 17:17:49.007
2026-10-09 17:14:55,BSCI180,8409,Hans Lemke,19,19,0,2026-10-09 17:17:48,2026-10-09 17:17:49.007
2026-10-09 17:14:55,BSCI180,8410,Hans Lemke,19,19,0,2026-10-09 17:17:48,2026-10-09 17:17:49.007
2026-10-09 17:14:55,BSCI180,8411,Hans Lemke,19,19,0,2026-10-09 17:17:48,2026-10-09 17:17:49.007
2026-10-09 17:14:55,BSCI180,8412,Hans Lemke,19,19,0,2026-10-09 17:17:48,2026-10-09 17:17:49.007
2026-10-09 17:14:55,BSCI180,8413,Hans Lemke,19,19,0,2026-10-09 17:17:48,2026-10-09 17:17:49.007
2026-10-09 17:14:55,BSCI180,8414,Hans Lemke,19,19,0,2026-10-09 17:17:48,2026-10-09 17:17:49.007
2026-10-09 17:14:55,BSCI180,SES1,Hans Lemke,19,19,0,2026-10-09 17:17:48,2026-10-09 17:17:49.007
2026-10-09 17:14:55,BSCI201,0101,Caitlin Fox,24,24,0,2026-10-09 17:17:49,2026-10-09 17:17:49.290
2026-10-09 17:14:55,BSCI201,0103,Caitlin Fox,24,24,0,2026-10-09 17:17:49,2026-10-09 17:17:49.290
2026-10-09 17:14:55,BSCI201,0105,Caitlin Fox,24,24,0,2026-10-09 17:17:49,2026-10-09 17:17:49.290
2026-10-09 17:14:55,BSCI201,0106,Caitlin Fox,24,24,0,2026-10-09 17:17:49,2026-10-09 17:17:49.290
2026-10-09 17:14:55,BSCI201,0107,Caitlin Fox,24,24,0,2026-10-09 17:17:49,2026-10-09 17:17:49.290
2026-10-09 17:14:55,BSCI201,0109,Caitlin Fox,24,24,0,2026-10-09 17:17:49,2026-10-09 17:17:49.290
2026-10-09 17:14:55,BSCI201,0110,Caitlin Fox,24,24,0,2026-10-09 17:17:49,2026-10-09 17:17:49.290
2026-10-09 17:14:55,BSCI201,0111,Caitlin Fox,24,24,0,2026-10-09 17:17:49,2026-10-09 17:17:49.290
2026-10-09 17:14:55,BSCI201,1101,Justicia Opoku-Edusei,24,24,0,2026-10-09 17:17:49,2026-10-09 17:17:49.290
2026-10-09 17:14:55,BSCI201,1103,Justicia Opoku-Edusei,24,24,0,2026-10-09 17:17:49,2026-10-09 17:17:49.290
2026-10-09 17:14:55,BSCI201,1104,Justicia Opoku-Edusei,24,24,0,2026-10-09 17:17:49,2026-10-09 17:17:49.290
2026-10-09 17:14:55,BSCI201,1105,Justicia Opoku-Edusei,24,24,0,2026-10-09 17:17:49,2026-10-09 17:17:49.291
2026-10-09 17:14:55,BSCI201,1106,Justicia Opoku-Edusei,24,24,0,2026-10-09 17:17:49,2026-10-09 17:17:49.291
2026-10-09 17:14:55,BSCI201,1108,Justicia Opoku-Edusei,24,24,0,2026-10-09 17:17:49,2026-10-09 17:17:49.291
2026-10-09 17:14:55,BSCI201,1109,Justicia Opoku-Edusei,24,24,0,2026-10-09 17:17:49,2026-10-09 17:17:49.291
2026-10-09 17:14:55,BSCI201,1110,Justicia Opoku-Edusei,24,24,0,2026-10-09 17:17:49,2026-10-09 17:17:49.291
2026-10-09 17:14:55,BSCI202,0101,Caitlin Fox,24,24,0,2026-10-09 17:17:49,2026-10-09 17:17:49.610
2026-10-09 17:14:55,BSCI202,0102,Caitlin Fox,24,24,0,2026-10-09 17:17:49,2026-10-09 17:17:49.610
2026-10-09 17:14:55,BSCI202,0104,Caitlin Fox,24,24,0,2026-10-09 17:17:49,2026-10-09 17:17:49.610
2026-10-09 17:14:55,BSCI202,0108,Caitlin Fox,24,24,0,2026-10-09 17:17:49,2026-10-09 17:17:49.610
2026-10-09 17:14:55,BSCI202,0109,Caitlin Fox,24,24,0,2026-10-09 17:17:49,2026-10-09 17:17:49.611
2026-10-09 17:14:55,BSCI202,0110,Caitlin Fox,24,24,0,2026-10-09 17:17:49,2026-10-09 17:17:49.611
2026-10-09 17:14:55,BSCI202,1101,Justicia Opoku-Edusei,24,24,0,2026-10-09 17:17:49,2026-10-09 17:17:49.611
2026-10-09 17:14:55,BSCI202,1103,Justicia Opoku-Edusei,24,24,0,2026-10-09 17:17:49,2026-10-09 17:17:49.611
2026-10-09 17:14:55,BSCI202,1104,Justicia Opoku-Edusei,24,24,0,2026-10-09 17:17:49,2026-10-09 17:17:49.611
2026-10-09 17:14:55,BSCI202,1106,Justicia Opoku-Edusei,24,24,0,2026-10-09 17:17:49,2026-10-09 17:17:49.611
2026-10-09 17:14:55,BSCI202,1107,Justicia Opoku-Edusei,24,24,0,2026-10-09 17:17:49,2026-10-09 17:17:49.611
2026-10-09 17:14:55,BSCI202,1108,Justicia Opoku-Edusei,24,24,0,2026-10-09 17:17:49,2026-10-09 17:17:49.611
2026-10-09 17:14:55,BSCI202,SES1,Edward Orlando,20,20,0,2026-10-09 17:17:49,2026-10-09 17:17:49.611
2026-10-09 17:14:55,BSCI207,0101,Karen Carleton,80,80,0,2026-10-09 17:17:49,2026-10-09 17:17:49.875
2026-10-09 17:14:55,BSCI207,0201,Chloe Garfinkel,80,80,0,2026-10-09 17:17:49,2026-10-09 17:17:49.875
2026-10-09 17:14:55,BSCI213,0101,Cordelia Weiss,20,20,0,2026-10-09 17:17:50,2026-10-09 17:17:50.127
2026-10-09 17:14:55,BSCI213,0102,Cordelia Weiss,20,20,0,2026-10-09 17:17:50,2026-10-09 17:17:50.127
2026-10-09 17:14:55,BSCI222,7106,Thomas Kocher,18,18,0,2026-10-09 17:17:50,2026-10-09 17:17:50.448
2026-10-09 17:14:55,BSCI222,7108,Thomas Kocher,18,18,0,2026-10-09 17:17:50,2026-10-09 17:17:50.448
2026-10-09 17:14:55,BSCI222,7110,Thomas Kocher,18,18,0,2026-10-09 17:17:50,2026-10-09 17:17:50.448
2026-10-09 17:14:55,BSCI222,7112,Thomas Kocher,18,18,0,2026-10-09 17:17:50,2026-10-09 17:17:50.448
2026-10-09 17:14:55,BSCI222,7114,Thomas Kocher,18,18,0,2026-10-09 17:17:50,2026-10-09 17:17:50.448
2026-10-09 17:14:55,BSCI222,7116,Thomas Kocher,18,18,0,2026-10-09 17:17:50,2026-10-09 17:17:50.448
2026-10-09 17:14:55,BSCI222,7118,Thomas Kocher,18,18,0,2026-10-09 17:17:50,2026-10-09 17:17:50.448
2026-10-09 17:14:55,BSCI222,7120,Thomas Kocher,18,18,0,2026-10-09 17:17:50,2026-10-09 17:17:50.449
2026-10-09 17:14:55,BSCI222,7130,Thomas Kocher,18,18,0,2026-10-09 17:17:50,2026-10-09 17:17:50.449
2026-10-09 17:14:55,BSCI222,7133,Thomas Kocher,18,18,0,2026-10-09 17:17:50,2026-10-09 17:17:50.449
2026-10-09 17:14:55,BSCI222,7214,Michael Keller,18,18,0,2026-10-09 17:17:50,2026-10-09 17:17:50.449
2026-10-09 17:14:55,BSCI222,7216,Michael Keller,18,18,0,2026-10-09 17:17:50,2026-10-09 17:17:50.449
2026-10-09 17:14:55,BSCI222,7218,Michael Keller,18,18,0,2026-10-09 17:17:50,2026-10-09 17:17:50.449
2026-10-09 17:14:55,BSCI222,7219,Michael Keller,18,18,0,2026-10-09 17:17:50,2026-10-09 17:17:50.449
2026-10-09 17:14:55,BSCI222,7220,Michael Keller,18,18,0,2026-10-09 17:17:50,2026-10-09 17:17:50.449
2026-10-09 17:14:55,BSCI222,7221,Michael Keller,18,18,0,2026-10-09 17:17:50,2026-10-09 17:17:50.449
2026-10-09 17:14:55,BSCI222,7222,Michael Keller,18,18,0,2026-10-09 17:17:50,2026-10-09 17:17:50.449
2026-10-09 17:14:55,BSCI222,7224,Michael Keller,18,18,0,2026-10-09 17:17:50,2026-10-09 17:17:50.449
2026-10-09 17:14:55,BSCI222,7226,Michael Keller,18,18,0,2026-10-09 17:17:50,2026-10-09 17:17:50.449
2026-10-09 17:14:55,BSCI222,7232,Michael Keller,18,18,0,2026-10-09 17:17:50,2026-10-09 17:17:50.450
2026-10-09 17:14:55,BSCI222,7234,Michael Keller,18,18,0,2026-10-09 17:17:50,2026-10-09 17:17:50.450
2026-10-09 17:14:55,BSCI222,7236,Michael Keller,18,18,0,2026-10-09 17:17:50,2026-10-09 17:17:50.450
2026-10-09 17:14:55,BSCI222,7310,Maria Colt,18,18,0,2026-10-09 17:17:50,2026-10-09 17:17:50.450
2026-10-09 17:14:55,BSCI222,7311,Maria Colt,18,18,0,2026-10-09 17:17:50,2026-10-09 17:17:50.450
2026-10-09 17:14:55,BSCI222,7312,Maria Colt,18,18,0,2026-10-09 17:17:50,2026-10-09 17:17:50.450
2026-10-09 17:14:55,BSCI222,7313,Maria Colt,18,18,0,2026-10-09 17:17:50,2026-10-09 17:17:50.450
2026-10-09 17:14:55,BSCI222,7315,Maria Colt,18,18,0,2026-10-09 17:17:50,2026-10-09 17:17:50.450
2026-10-09 17:14:55,BSCI222,7320,Maria Colt,18,18,0,2026-10-09 17:17:50,2026-10-09 17:17:50.450
2026-10-09 17:14:55,BSCI222,7325,Maria Colt,18,18,0,2026-10-09 17:17:50,2026-10-09 17:17:50.450
2026-10-09 17:14:55,BSCI222,7330,Maria Colt,18,18,0,2026-10-09 17:17:50,2026-10-09 17:17:50.450
2026-10-09 17:14:55,BSCI222,7332,Maria Colt,18,18,0,2026-10-09 17:17:50,2026-10-09 17:17:50.450
2026-10-09 17:14:55,BSCI222,7335,Maria Colt,18,18,0,2026-10-09 17:17:50,2026-10-09 17:17:50.451
2026-10-09 17:14:55,BSCI222,SES1,Maria Colt,23,23,0,2026-10-09 17:17:50,2026-10-09 17:17:50.451
2026-10-09 17:14:55,BSCI223,1021,John Buchner,16,16,0,2026-10-09 17:17:50,2026-10-09 17:17:50.713
2026-10-09 17:14:55,BSCI223,1025,John Buchner,16,16,0,2026-10-09 17:17:50,2026-10-09 17:17:50.713
2026-10-09 17:14:55,BSCI223,1026,John Buchner,16,16,0,2026-10-09 17:17:50,2026-10-09 17:17:50.713
2026-10-09 17:14:55,BSCI223,1101,John Buchner,16,16,0,2026-10-09 17:17:50,2026-10-09 17:17:50.713
2026-10-09 17:14:55,BSCI223,1105,John Buchner,16,16,0,2026-10-09 17:17:50,2026-10-09 17:17:50.713
2026-10-09 17:14:55,BSCI223,1106,John Buchner,16,16,0,2026-10-09 17:17:50,2026-10-09 17:17:50.713
2026-10-09 17:14:55,BSCI223,1121,John Buchner,16,16,0,2026-10-09 17:17:50,2026-10-09 17:17:50.713
2026-10-09 17:14:55,BSCI223,1125,John Buchner,16,16,0,2026-10-09 17:17:50,2026-10-09 17:17:50.713
2026-10-09 17:14:55,BSCI223,1126,John Buchner,16,16,0,2026-10-09 17:17:50,2026-10-09 17:17:50.714
2026-10-09 17:14:55,BSCI223,1201,John Buchner,16,16,0,2026-10-09 17:17:50,2026-10-09 17:17:50.714
2026-10-09 17:14:55,BSCI223,1206,John Buchner,16,16,0,2026-10-09 17:17:50,2026-10-09 17:17:50.714
2026-10-09 17:14:55,BSCI223,1221,John Buchner,16,16,0,2026-10-09 17:17:50,2026-10-09 17:17:50.714
2026-10-09 17:14:55,BSCI223,1225,John Buchner,16,16,0,2026-10-09 17:17:50,2026-10-09 17:17:50.714
2026-10-09 17:14:55,BSCI223,1226,John Buchner,16,16,0,2026-10-09 17:17:50,2026-10-09 17:17:50.714
2026-10-09 17:14:55,BSCI223,1301,John Buchner,16,16,0,2026-10-09 17:17:50,2026-10-09 17:17:50.714
2026-10-09 17:14:55,BSCI223,1306,John Buchner,16,16,0,2026-10-09 17:17:50,2026-10-09 17:17:50.714
2026-10-09 17:14:55,BSCI223,2401,John Buchner,16,16,0,2026-10-09 17:17:50,2026-10-09 17:17:50.714
2026-10-09 17:14:55,BSCI223,2406,John Buchner,16,16,0,2026-10-09 17:17:50,2026-10-09 17:17:50.714
2026-10-09 17:14:55,BSCI223,SES1,Cherisse Hall,20,20,0,2026-10-09 17:17:50,2026-10-09 17:17:50.714
2026-10-09 17:14:55,BSCI238I,0101,Aditri Gadigi,30,30,0,2026-10-09 17:17:50,2026-10-09 17:17:50.970
2026-10-09 17:14:55,BSCI258A,0101,Erin Thomson,10,10,0,2026-10-09 17:17:51,2026-10-09 17:17:51.212
2026-10-09 17:14:55,BSCI258B,0101,Erin Thomson,80,80,0,2026-10-09 17:17:51,2026-10-09 17:17:51.454
2026-10-09 17:14:55,BSCI279B,0101,Katerina Thompson,32,32,0,2026-10-09 17:17:51,2026-10-09 17:17:51.930
2026-10-09 17:14:55,BSCI279B,0102,Katerina Thompson,32,32,0,2026-10-09 17:17:51,2026-10-09 17:17:51.930
2026-10-09 17:14:55,BSCI279Q,0101,Daniel Butts,10,10,0,2026-10-09 17:17:52,2026-10-09 17:17:52.424
2026-10-09 17:14:55,BSCI283,1205,Daniel Stein,20,20,0,2026-10-09 17:17:53,2026-10-09 17:17:53.175
2026-10-09 17:14:55,BSCI283,1305,Daniel Stein,20,20,0,2026-10-09 17:17:53,2026-10-09 17:17:53.175
2026-10-09 17:14:55,BSCI329,1016,Hilary Bierman,5,5,0,2026-10-09 17:17:53,2026-10-09 17:17:53.423
2026-10-09 17:14:55,BSCI329,1028,Daniel Butts,10,10,0,2026-10-09 17:17:53,2026-10-09 17:17:53.423
2026-10-09 17:14:55,BSCI329,1033,Chan Lin,10,10,0,2026-10-09 17:17:53,2026-10-09 17:17:53.423
2026-10-09 17:14:55,BSCI329,1250,Justicia Opoku-Edusei,20,20,0,2026-10-09 17:17:53,2026-10-09 17:17:53.423
2026-10-09 17:14:55,BSCI329,1388,Corine Van der Weele,8,8,0,2026-10-09 17:17:53,2026-10-09 17:17:53.423
2026-10-09 17:14:55,BSCI329,ESG1,Hadiya Woodham,10,10,0,2026-10-09 17:17:53,2026-10-09 17:17:53.423
2026-10-09 17:14:55,BSCI331,0101,Kenneth Frauwirth,200,200,0,2026-10-09 17:17:53,2026-10-09 17:17:53.691
2026-10-09 17:14:55,BSCI331,0201,Kenneth Frauwirth,200,200,0,2026-10-09 17:17:53,2026-10-09 17:17:53.691
2026-10-09 17:14:55,BSCI332,0102,Corine Van der Weele,23,23,0,2026-10-09 17:17:53,2026-10-09 17:17:53.948
2026-10-09 17:14:55,BSCI332,0104,Corine Van der Weele,23,23,0,2026-10-09 17:17:53,2026-10-09 17:17:53.949
2026-10-09 17:14:55,BSCI332,0106,Corine Van der Weele,23,23,0,2026-10-09 17:17:53,2026-10-09 17:17:53.949
2026-10-09 17:14:55,BSCI332,0107,Corine Van der Weele,23,23,0,2026-10-09 17:17:53,2026-10-09 17:17:53.949
2026-10-09 17:14:55,BSCI332,0111,Corine Van der Weele,23,23,0,2026-10-09 17:17:53,2026-10-09 17:17:53.949
2026-10-09 17:14:55,BSCI332,1103,Corine Van der Weele,23,23,0,2026-10-09 17:17:53,2026-10-09 17:17:53.949
2026-10-09 17:14:55,BSCI332,1105,Corine Van der Weele,23,23,0,2026-10-09 17:17:53,2026-10-09 17:17:53.949
2026-10-09 17:14:55,BSCI332,1108,Corine Van der Weele,23,23,0,2026-10-09 17:17:53,2026-10-09 17:17:53.949
2026-10-09 17:14:55,BSCI332,1109,Corine Van der Weele,23,23,0,2026-10-09 17:17:53,2026-10-09 17:17:53.949
2026-10-09 17:14:55,BSCI332,1111,Corine Van der Weele,23,23,0,2026-10-09 17:17:53,2026-10-09 17:17:53.949
2026-10-09 17:14:55,BSCI332,1113,Corine Van der Weele,23,23,0,2026-10-09 17:17:53,2026-10-09 17:17:53.949
2026-10-09 17:14:55,BSCI334,0101,Katerina Thompson,60,60,0,2026-10-09 17:17:54,2026-10-09 17:17:54.260
2026-10-09 17:14:55,BSCI335,0101,Katerina Thompson,20,20,0,2026-10-09 17:17:54,2026-10-09 17:17:54.523
2026-10-09 17:14:55,BSCI335,0102,Katerina Thompson,20,20,0,2026-10-09 17:17:54,2026-10-09 17:17:54.523
2026-10-09 17:14:55,BSCI337,0101,Leo Shapiro,20,20,0,2026-10-09 17:17:54,2026-10-09 17:17:54.764
2026-10-09 17:14:55,BSCI337,0102,Leo Shapiro,20,20,0,2026-10-09 17:17:54,2026-10-09 17:17:54.764
2026-10-09 17:14:55,BSCI343,ESG1,Hadiya Woodham,30,30,0,2026-10-09 17:17:55,2026-10-09 17:17:55.282
2026-10-09 17:14:55,BSCI348A,0101,John Buchner,22,22,0,2026-10-09 17:17:55,2026-10-09 17:17:55.849
2026-10-09 17:14:55,BSCI348I,SES1,Erik Lontok,25,25,0,2026-10-09 17:17:56,2026-10-09 17:17:56.138
2026-10-09 17:14:55,BSCI348R,0101,Najib El-Sayed,10,10,0,2026-10-09 17:17:56,2026-10-09 17:17:56.385
2026-10-09 17:14:55,BSCI353,0101,Chan Lin,64,64,0,2026-10-09 17:17:56,2026-10-09 17:17:56.631
2026-10-09 17:14:55,BSCI353,0102,Melissa Caras,40,40,0,2026-10-09 17:17:56,2026-10-09 17:17:56.631
2026-10-09 17:14:55,BSCI353,ESG1,Vitaly Stepensky,40,40,0,2026-10-09 17:17:56,2026-10-09 17:17:56.631
2026-10-09 17:14:55,BSCI358A,ESG1,Vitaly Stepensky,30,30,0,2026-10-09 17:17:56,2026-10-09 17:17:56.868
2026-10-09 17:14:55,BSCI358B,ESG1,Gregory Simon,30,30,0,2026-10-09 17:17:57,2026-10-09 17:17:57.152
2026-10-09 17:14:55,BSCI361,0101,Daniel Gruner,25,25,0,2026-10-09 17:17:57,2026-10-09 17:17:57.398
2026-10-09 17:14:55,BSCI361,0102,Daniel Gruner,25,25,0,2026-10-09 17:17:57,2026-10-09 17:17:57.398
2026-10-09 17:14:55,BSCI370,0101,Alexandra Bely,64,64,0,2026-10-09 17:17:57,2026-10-09 17:17:57.646
2026-10-09 17:14:55,BSCI378H,0101,Kenneth Frauwirth,23,23,0,2026-10-09 17:17:57,2026-10-09 17:17:57.914
2026-10-09 17:14:55,BSCI398H,0101,Alexandra Bely,35,35,0,2026-10-09 17:17:59,2026-10-09 17:17:59.953
2026-10-09 17:14:55,BSCI401,0101,Gerald Wilkinson,39,39,0,2026-10-09 17:18:01,2026-10-09 17:18:01.118
2026-10-09 17:14:55,BSCI406,0101,Sergei Sukharev,20,20,0,2026-10-09 17:18:01,2026-10-09 17:18:01.552
2026-10-09 17:14:55,BSCI410,0101,Charles Seller,140,140,0,2026-10-09 17:18:02,2026-10-09 17:18:02.271
2026-10-09 17:14:55,BSCI412,0101,Wade Winkler,18,18,0,2026-10-09 17:18:02,2026-10-09 17:18:02.577
2026-10-09 17:14:55,BSCI412,0103,Wade Winkler,18,18,0,2026-10-09 17:18:02,2026-10-09 17:18:02.577
2026-10-09 17:14:55,BSCI414,ESG1,Caitlin Fox,24,24,0,2026-10-09 17:18:02,2026-10-09 17:18:02.912
2026-10-09 17:14:55,BSCI416,0101,Silvia Bolland,42,42,0,2026-10-09 17:18:03,2026-10-09 17:18:03.176
2026-10-09 17:14:55,BSCI417,0101,Vincent Lee,30,30,0,2026-10-09 17:18:03,2026-10-09 17:18:03.543
2026-10-09 17:14:55,BSCI420,0101,Sougata Roy,62,62,0,2026-10-09 17:18:03,2026-10-09 17:18:03.799
2026-10-09 17:14:55,BSCI422,0101,David Mosser,25,25,0,2026-10-09 17:18:04,2026-10-09 17:18:04.218
2026-10-09 17:14:55,BSCI422,0102,David Mosser,25,25,0,2026-10-09 17:18:04,2026-10-09 17:18:04.218
2026-10-09 17:14:55,BSCI422,0103,David Mosser,25,25,0,2026-10-09 17:18:04,2026-10-09 17:18:04.219
2026-10-09 17:14:55,BSCI422,0104,David Mosser,25,25,0,2026-10-09 17:18:04,2026-10-09 17:18:04.219
2026-10-09 17:14:55,BSCI423,0101,Wenxia Song,18,18,0,2026-10-09 17:18:04,2026-10-09 17:18:04.464
2026-10-09 17:14:55,BSCI423,0102,Wenxia Song,18,18,0,2026-10-09 17:18:04,2026-10-09 17:18:04.464
2026-10-09 17:14:55,BSCI425,0101,Kan Cao,20,20,0,2026-10-09 17:18:04,2026-10-09 17:18:04.917
2026-10-09 17:14:55,BSCI430,0101,Eric Haag,35,35,0,2026-10-09 17:18:05,2026-10-09 17:18:05.243
2026-10-09 17:14:55,BSCI433,0101,Jeff Maltas,30,30,0,2026-10-09 17:18:05,2026-10-09 17:18:05.480
2026-10-09 17:14:55,BSCI435,0101,Joshua Weitz,18,18,0,2026-10-09 17:18:05,2026-10-09 17:18:05.726
2026-10-09 17:14:55,BSCI436,0101,Jonathan Dinman,60,60,0,2026-10-09 17:18:06,2026-10-09 17:18:06.112
2026-10-09 17:14:55,BSCI437,0101,Jeffrey DeStefano,70,70,0,2026-10-09 17:18:06,2026-10-09 17:18:06.372
2026-10-09 17:14:55,BSCI437,ESG1,Gilad Ofek,40,40,0,2026-10-09 17:18:06,2026-10-09 17:18:06.372
2026-10-09 17:14:55,BSCI437H,0101,Jeffrey DeStefano,8,8,0,2026-10-09 17:18:06,2026-10-09 17:18:06.613
2026-10-09 17:14:55,BSCI439B,ESG1,Maira Goytia,40,40,0,2026-10-09 17:18:06,2026-10-09 17:18:06.846
2026-10-09 17:14:55,BSCI439E,0101,Beatrice Kondo,5,5,0,2026-10-09 17:18:07,2026-10-09 17:18:07.244
2026-10-09 17:14:55,BSCI439G,0101,Beatrice Kondo,5,5,0,2026-10-09 17:18:07,2026-10-09 17:18:07.673
2026-10-09 17:14:55,BSCI439L,0101,Instructor: TBA,5,5,0,2026-10-09 17:18:07,2026-10-09 17:18:07.912
2026-10-09 17:14:55,BSCI439Z,0101,Amanda Chicoli,20,20,0,2026-10-09 17:18:08,2026-10-09 17:18:08.301
2026-10-09 17:14:55,BSCI442,0101,Jose Feijo,20,20,0,2026-10-09 17:18:08,2026-10-09 17:18:08.545
2026-10-09 17:14:55,BSCI442,0102,Jose Feijo,20,20,0,2026-10-09 17:18:08,2026-10-09 17:18:08.545
2026-10-09 17:14:55,BSCI450,0101,Juan Angueyra,130,130,0,2026-10-09 17:18:08,2026-10-09 17:18:09.017
2026-10-09 17:14:55,BSCI450,0201,Joshua Singer,120,120,0,2026-10-09 17:18:08,2026-10-09 17:18:09.017
2026-10-09 17:14:55,BSCI450,PDS1,William Higgins,20,20,0,2026-10-09 17:18:08,2026-10-09 17:18:09.018
2026-10-09 17:14:55,BSCI451,0101,Corine Van der Weele,20,20,0,2026-10-09 17:18:09,2026-10-09 17:18:09.287
2026-10-09 17:14:55,BSCI451,0102,Corine Van der Weele,20,20,0,2026-10-09 17:18:09,2026-10-09 17:18:09.287
2026-10-09 17:14:55,BSCI451,0103,Corine Van der Weele,20,20,0,2026-10-09 17:18:09,2026-10-09 17:18:09.287
2026-10-09 17:14:55,BSCI451,0104,Corine Van der Weele,20,20,0,2026-10-09 17:18:09,2026-10-09 17:18:09.287
2026-10-09 17:14:55,BSCI452,0101,Chan Lin,40,40,0,2026-10-09 17:18:09,2026-10-09 17:18:09.970
2026-10-09 17:14:55,BSCI452,SES1,Chan Lin,20,20,0,2026-10-09 17:18:09,2026-10-09 17:18:09.970
2026-10-09 17:14:55,BSCI453,0101,Nikolas Francis,38,38,0,2026-10-09 17:18:10,2026-10-09 17:18:10.262
2026-10-09 17:14:55,BSCI455,0101,Hilary Bierman,16,16,0,2026-10-09 17:18:10,2026-10-09 17:18:10.507
2026-10-09 17:14:55,BSCI455,0102,Hilary Bierman,16,16,0,2026-10-09 17:18:10,2026-10-09 17:18:10.507
2026-10-09 17:14:55,BSCI455,0103,Hilary Bierman,16,16,0,2026-10-09 17:18:10,2026-10-09 17:18:10.507
2026-10-09 17:14:55,BSCI456,0101,Colenso Speer,5,5,0,2026-10-09 17:18:10,2026-10-09 17:18:10.757
2026-10-09 17:14:55,BSCI477,0101,Emily Bruns,40,40,0,2026-10-09 17:18:11,2026-10-09 17:18:11.006
2026-10-09 17:14:55,BSCI487,0101,Kelly Hamby,24,24,0,2026-10-09 17:18:11,2026-10-09 17:18:11.289
2026-10-09 17:14:55,BSOS355,0101,Liza Lebrun,40,40,0,2026-10-09 17:18:12,2026-10-09 17:18:12.702
2026-10-09 17:14:55,BSOS361,0101,TC Lloyd,30,30,0,2026-10-09 17:18:12,2026-10-09 17:18:12.947
2026-10-09 17:14:55,BSOS361,0102,TC Lloyd,30,30,0,2026-10-09 17:18:12,2026-10-09 17:18:12.947
2026-10-09 17:14:55,BSOS448M,0101,Brandee Pettus,12,12,0,2026-10-09 17:18:13,2026-10-09 17:18:13.212
2026-10-09 17:14:55,BUMO600,0501,Sheetal Singh,52,52,0,2026-10-09 17:18:31,2026-10-09 17:18:31.562
2026-10-09 17:14:55,BUMO604,0501,Jon Crocker,0,0,0,2026-10-09 17:18:31,2026-10-09 17:18:31.847
2026-10-09 17:14:55,BUMO614,0501,Waverly Ding,58,58,0,2026-10-09 17:18:32,2026-10-09 17:18:32.119
2026-10-09 17:14:55,BUMO701,0501,Jason Choi,65,65,0,2026-10-09 17:18:32,2026-10-09 17:18:32.416
2026-10-09 17:14:55,BUMO703,0501,Mary Beth Furst,65,65,0,2026-10-09 17:18:32,2026-10-09 17:18:32.660
2026-10-09 17:14:55,BUMO711,0501,Sheetal Singh,65,65,0,2026-10-09 17:18:32,2026-10-09 17:18:32.915
2026-10-09 17:14:55,BUMO714,0501,Rellie Rozin,0,0,0,2026-10-09 17:18:33,2026-10-09 17:18:33.160
2026-10-09 17:14:55,BUMO723,0501,Stephen Sclafani,58,58,0,2026-10-09 17:18:33,2026-10-09 17:18:33.404
2026-10-09 17:14:55,BUMO724,0501,Stephen Sclafani,58,58,0,2026-10-09 17:18:33,2026-10-09 17:18:33.647
2026-10-09 17:14:55,BUMO726,0501,Stephen Sclafani,58,58,0,2026-10-09 17:18:33,2026-10-09 17:18:33.891
2026-10-09 17:14:55,BUMO731,0501,Balaji Padmanabhan,58,58,0,2026-10-09 17:18:34,2026-10-09 17:18:34.126
2026-10-09 17:14:55,BUMO733,0501,Balaji Padmanabhan,58,58,0,2026-10-09 17:18:34,2026-10-09 17:18:34.394
2026-10-09 17:14:55,BUMO758P,0501,Jon Crocker,37,37,0,2026-10-09 17:18:34,2026-10-09 17:18:34.643
2026-10-09 17:14:55,BUMO780,0501,Jennifer Marr,37,37,0,2026-10-09 17:18:35,2026-10-09 17:18:35.127
2026-10-09 17:14:55,BUMO780,0502,Jennifer Marr,37,37,0,2026-10-09 17:18:35,2026-10-09 17:18:35.127
2026-10-09 17:14:55,BUMO782,0501,Mike Hoffmeyer,40,40,0,2026-10-09 17:18:35,2026-10-09 17:18:35.377
2026-10-09 17:14:55,BUMO785,0501,Maria Bustamante,65,65,0,2026-10-09 17:18:35,2026-10-09 17:18:35.613
2026-10-09 17:14:55,BUMO790,0501,Roy Thomason,65,65,0,2026-10-09 17:18:35,2026-10-09 17:18:35.947
2026-10-09 17:14:55,BUMO790,0502,Roy Thomason,65,65,0,2026-10-09 17:18:35,2026-10-09 17:18:35.947
2026-10-09 17:14:55,BUMO791,0501,Roy Thomason,65,65,0,2026-10-09 17:18:36,2026-10-09 17:18:36.213
2026-10-09 17:14:55,BUMO791,0502,Roy Thomason,65,65,0,2026-10-09 17:18:36,2026-10-09 17:18:36.214
2026-10-09 17:14:55,CHIN100,0101,Yuli Wang,15,15,0,2026-10-09 17:19:14,2026-10-09 17:19:14.979
2026-10-09 17:14:55,CHIN121,0101,Mei Kong,15,15,0,2026-10-09 17:19:15,2026-10-09 17:19:15.232
2026-10-09 17:14:55,CHIN122,0101,Mei Kong,15,15,0,2026-10-09 17:19:15,2026-10-09 17:19:15.494
2026-10-09 17:14:55,CHIN122,0201,Mei Kong,15,15,0,2026-10-09 17:19:15,2026-10-09 17:19:15.495
2026-10-09 17:14:55,CHIN122,0301,Guiling Hu,15,15,0,2026-10-09 17:19:15,2026-10-09 17:19:15.495
2026-10-09 17:14:55,CHIN207,0101,Guiling Hu,15,15,0,2026-10-09 17:19:15,2026-10-09 17:19:15.750
2026-10-09 17:14:55,CHIN207,0201,Guiling Hu,15,15,0,2026-10-09 17:19:15,2026-10-09 17:19:15.750
2026-10-09 17:14:55,CHIN302,0101,Jungjung Lee,15,15,0,2026-10-09 17:19:16,2026-10-09 17:19:16.057
2026-10-09 17:14:55,CHIN302,0201,Jungjung Lee,15,15,0,2026-10-09 17:19:16,2026-10-09 17:19:16.057
2026-10-09 17:14:55,CHIN307,0101,Minglang Zhou,25,25,0,2026-10-09 17:19:16,2026-10-09 17:19:16.298
2026-10-09 17:14:55,CHIN315,0101,Mei Nan,30,30,0,2026-10-09 17:19:16,2026-10-09 17:19:16.550
2026-10-09 17:14:55,CHIN332,0101,Yuli Wang,15,15,0,2026-10-09 17:19:16,2026-10-09 17:19:16.811
2026-10-09 17:14:55,CHIN402,0101,Jungjung Lee,15,15,0,2026-10-09 17:19:17,2026-10-09 17:19:17.320
2026-10-09 17:14:55,CHIN415,0101,Jungjung Lee,15,15,0,2026-10-09 17:19:17,2026-10-09 17:19:17.580
2026-10-09 17:14:55,CHIN418O,0101,Mei Nan,25,25,0,2026-10-09 17:19:17,2026-10-09 17:19:17.817
2026-10-09 17:14:55,CHIN441,0101,Andrew Schonebaum,20,20,0,2026-10-09 17:19:18,2026-10-09 17:19:18.072
2026-10-09 17:14:55,CHSE205,0101,Yewon Lee,60,60,0,2026-10-09 17:19:21,2026-10-09 17:19:21.633
2026-10-09 17:14:55,CHSE205,0201,Katryna Andrusik,50,50,0,2026-10-09 17:19:21,2026-10-09 17:19:21.633
2026-10-09 17:14:55,CHSE228D,0101,Nikita Kimani,16,16,0,2026-10-09 17:19:21,2026-10-09 17:19:21.870
2026-10-09 17:14:55,CHSE376,0101,Michael Dunham,20,20,0,2026-10-09 17:19:22,2026-10-09 17:19:22.115
2026-10-09 17:14:55,CHSE376,0201,Elizabeth Martinez,20,20,0,2026-10-09 17:19:22,2026-10-09 17:19:22.115
2026-10-09 17:14:55,CHSE376,0301,Colleen McGilpin,20,20,0,2026-10-09 17:19:22,2026-10-09 17:19:22.115
2026-10-09 17:14:55,CHSE376,0401,Chanai Brewster,20,20,0,2026-10-09 17:19:22,2026-10-09 17:19:22.115
2026-10-09 17:14:55,CHSE376,0501,Michael Dunham,20,20,0,2026-10-09 17:19:22,2026-10-09 17:19:22.115
2026-10-09 17:14:55,CHSE476,0101,Michael Dunham,20,20,0,2026-10-09 17:19:22,2026-10-09 17:19:22.663
2026-10-09 17:14:55,CHSE477,0101,Michael Dunham,18,18,0,2026-10-09 17:19:22,2026-10-09 17:19:22.920
2026-10-09 17:14:55,CHSE480,0101,Michael Dunham,18,18,0,2026-10-09 17:19:23,2026-10-09 17:19:23.210
2026-10-09 17:14:55,CHSE489,1901,Amy D'Agati,10,10,0,2026-10-09 17:19:23,2026-10-09 17:19:23.454
2026-10-09 17:14:55,CINE245,0201,Instructor: TBA,27,27,0,2026-10-09 17:19:25,2026-10-09 17:19:25.235
2026-10-09 17:14:55,CINE245,0301,Alan Montroso,27,27,0,2026-10-09 17:19:25,2026-10-09 17:19:25.235
2026-10-09 17:14:55,CINE280,0101,Eric Zakim,25,25,0,2026-10-09 17:19:25,2026-10-09 17:19:25.478
2026-10-09 17:14:55,CINE280,0102,Eric Zakim,25,25,0,2026-10-09 17:19:25,2026-10-09 17:19:25.478
2026-10-09 17:14:55,CINE280,0103,Eric Zakim,25,25,0,2026-10-09 17:19:25,2026-10-09 17:19:25.478
2026-10-09 17:14:55,CINE280,0104,Eric Zakim,25,25,0,2026-10-09 17:19:25,2026-10-09 17:19:25.478
2026-10-09 17:14:55,CINE282,0101,Susan Pramschufer,35,35,0,2026-10-09 17:19:25,2026-10-09 17:19:25.727
2026-10-09 17:14:55,CINE298B,0101,Sean Pue,20,20,0,2026-10-09 17:19:25,2026-10-09 17:19:25.988
2026-10-09 17:14:55,CINE302,0101,Luka Arsenjuk,30,30,0,2026-10-09 17:19:26,2026-10-09 17:19:26.234
2026-10-09 17:14:55,CINE310,0101,Nathaniel Stevens,15,15,0,2026-10-09 17:19:26,2026-10-09 17:19:26.482
2026-10-09 17:14:55,CINE319A,0101,Paul Cote,20,20,0,2026-10-09 17:19:26,2026-10-09 17:19:26.752
2026-10-09 17:14:55,CINE319I,0101,Yael Inbar,15,15,0,2026-10-09 17:19:26,2026-10-09 17:19:26.999
2026-10-09 17:14:55,CINE319P,5501,Samuel Crawford,10,10,0,2026-10-09 17:19:27,2026-10-09 17:19:27.237
2026-10-09 17:14:55,CINE329E,0101,Elizabeth Papazian,25,25,0,2026-10-09 17:19:27,2026-10-09 17:19:27.500
2026-10-09 17:14:55,CINE329N,0101,Daniel Richter,25,25,0,2026-10-09 17:19:27,2026-10-09 17:19:27.747
2026-10-09 17:14:55,CINE329Z,0101,Daniel Richter,25,25,0,2026-10-09 17:19:28,2026-10-09 17:19:28.001
2026-10-09 17:14:55,CINE335,0101,Jason Kuo,25,25,0,2026-10-09 17:19:28,2026-10-09 17:19:28.241
2026-10-09 17:14:55,CINE369C,0101,Mauro Resmini,40,40,0,2026-10-09 17:19:28,2026-10-09 17:19:28.477
2026-10-09 17:14:55,CINE369F,0101,Alexis Lothian,30,30,0,2026-10-09 17:19:28,2026-10-09 17:19:28.713
2026-10-09 17:14:55,CINE369K,0101,Paul Cote,20,20,0,2026-10-09 17:19:28,2026-10-09 17:19:28.964
2026-10-09 17:14:55,CINE376,0101,Ross Angelella,14,14,0,2026-10-09 17:19:29,2026-10-09 17:19:29.265
2026-10-09 17:14:55,CINE376,0102,Ross Angelella,5,5,0,2026-10-09 17:19:29,2026-10-09 17:19:29.265
2026-10-09 17:14:55,CINE419E,0101,Stephanie Sapienza,15,15,0,2026-10-09 17:19:29,2026-10-09 17:19:29.760
2026-10-09 17:14:55,CINE429O,0101,Mei Nan,25,25,0,2026-10-09 17:19:30,2026-10-09 17:19:30.087
2026-10-09 17:14:55,CINE459C,0101,Saverio Giovacchini,54,54,0,2026-10-09 17:19:30,2026-10-09 17:19:30.370
2026-10-09 17:14:55,CINE469Y,0101,Jason Kuo,14,14,0,2026-10-09 17:19:30,2026-10-09 17:19:30.613
2026-10-09 17:14:55,CLAS170,0101,Katherine Wasdin,21,21,0,2026-10-09 17:19:32,2026-10-09 17:19:32.324
2026-10-09 17:14:55,CLAS170,0102,Katherine Wasdin,21,21,0,2026-10-09 17:19:32,2026-10-09 17:19:32.324
2026-10-09 17:14:55,CLAS170,0103,Katherine Wasdin,21,21,0,2026-10-09 17:19:32,2026-10-09 17:19:32.324
2026-10-09 17:14:55,CLAS170,0104,Katherine Wasdin,21,21,0,2026-10-09 17:19:32,2026-10-09 17:19:32.324
2026-10-09 17:14:55,CLAS170,0105,Katherine Wasdin,21,21,0,2026-10-09 17:19:32,2026-10-09 17:19:32.324
2026-10-09 17:14:55,CLAS170,0106,Katherine Wasdin,21,21,0,2026-10-09 17:19:32,2026-10-09 17:19:32.324
2026-10-09 17:14:55,CLAS170,0107,Katherine Wasdin,21,21,0,2026-10-09 17:19:32,2026-10-09 17:19:32.324
2026-10-09 17:14:55,CLAS170,0108,Katherine Wasdin,21,21,0,2026-10-09 17:19:32,2026-10-09 17:19:32.325
2026-10-09 17:14:55,CLAS170,0109,Katherine Wasdin,21,21,0,2026-10-09 17:19:32,2026-10-09 17:19:32.325
2026-10-09 17:14:55,CLAS276,0101,Eric Adler,25,25,0,2026-10-09 17:19:32,2026-10-09 17:19:32.577
2026-10-09 17:14:55,CLAS276,0102,Eric Adler,25,25,0,2026-10-09 17:19:32,2026-10-09 17:19:32.577
2026-10-09 17:14:55,CLAS276,0103,Eric Adler,25,25,0,2026-10-09 17:19:32,2026-10-09 17:19:32.577
2026-10-09 17:14:55,CLAS276,0104,Eric Adler,25,25,0,2026-10-09 17:19:32,2026-10-09 17:19:32.577
2026-10-09 17:14:55,CLAS276,0105,Eric Adler,25,25,0,2026-10-09 17:19:32,2026-10-09 17:19:32.577
2026-10-09 17:14:55,CLAS276,0106,Eric Adler,25,25,0,2026-10-09 17:19:32,2026-10-09 17:19:32.577
2026-10-09 17:14:55,CLAS333,0101,Nathan Levine,35,35,0,2026-10-09 17:19:32,2026-10-09 17:19:32.845
2026-10-09 17:14:55,CLAS340,0101,Katherine Wasdin,35,35,0,2026-10-09 17:19:33,2026-10-09 17:19:33.097
2026-10-09 17:14:55,CMLT235,0101,Instructor: TBA,30,30,0,2026-10-09 17:19:34,2026-10-09 17:19:34.814
2026-10-09 17:14:55,CMLT270,0201,Instructor: TBA,30,30,0,2026-10-09 17:19:35,2026-10-09 17:19:35.082
2026-10-09 17:14:55,CMLT270,0301,Instructor: TBA,30,30,0,2026-10-09 17:19:35,2026-10-09 17:19:35.082
2026-10-09 17:14:55,CMLT275,0101,Instructor: TBA,30,30,0,2026-10-09 17:19:35,2026-10-09 17:19:35.320
2026-10-09 17:14:55,CMLT277,0101,Instructor: TBA,30,30,0,2026-10-09 17:19:35,2026-10-09 17:19:35.552
2026-10-09 17:14:55,CMLT280,0101,Eric Zakim,25,25,0,2026-10-09 17:19:35,2026-10-09 17:19:35.791
2026-10-09 17:14:55,CMLT280,0102,Eric Zakim,25,25,0,2026-10-09 17:19:35,2026-10-09 17:19:35.791
2026-10-09 17:14:55,CMLT280,0103,Eric Zakim,25,25,0,2026-10-09 17:19:35,2026-10-09 17:19:35.791
2026-10-09 17:14:55,CMLT280,0104,Eric Zakim,25,25,0,2026-10-09 17:19:35,2026-10-09 17:19:35.791
2026-10-09 17:14:55,CPBE101,0101,Oliver Schlake,75,75,0,2026-10-09 17:19:56,2026-10-09 17:19:56.014
2026-10-09 17:14:55,CPBE230,0101,Obioma Akaigwe,30,30,0,2026-10-09 17:19:56,2026-10-09 17:19:56.310
2026-10-09 17:14:55,CPBE240,0101,Obioma Akaigwe,20,20,0,2026-10-09 17:19:56,2026-10-09 17:19:56.558
2026-10-09 17:14:55,CPBE250,0101,Obioma Akaigwe,30,30,0,2026-10-09 17:19:56,2026-10-09 17:19:56.795
2026-10-09 17:14:55,CPCV101,0101,Julie Randolph,40,40,0,2026-10-09 17:19:58,2026-10-09 17:19:58.239
2026-10-09 17:14:55,CPCV101,0201,Julie Randolph,40,40,0,2026-10-09 17:19:58,2026-10-09 17:19:58.239
2026-10-09 17:14:55,CPCV230,0101,Korey Rothman,20,20,0,2026-10-09 17:19:58,2026-10-09 17:19:58.497
2026-10-09 17:14:55,CPCV230,0201,Korey Rothman,20,20,0,2026-10-09 17:19:58,2026-10-09 17:19:58.497
2026-10-09 17:14:55,CPDJ101,0101,Jess Feltner,75,75,0,2026-10-09 17:20:00,2026-10-09 17:20:00.796
2026-10-09 17:14:55,CPDJ230,0101,Andrew Fellows,10,10,0,2026-10-09 17:20:01,2026-10-09 17:20:01.101
2026-10-09 17:14:55,CPDJ240,0101,Andrew Fellows,8,8,0,2026-10-09 17:20:01,2026-10-09 17:20:01.452
2026-10-09 17:14:55,CPDJ250,0101,Andrew Fellows,10,10,0,2026-10-09 17:20:01,2026-10-09 17:20:01.826
2026-10-09 17:14:55,CPET101,0101,Dani Moore,78,78,0,2026-10-09 17:20:03,2026-10-09 17:20:03.685
2026-10-09 17:14:55,CPET230,0101,Tim Knight,50,50,0,2026-10-09 17:20:03,2026-10-09 17:20:03.977
2026-10-09 17:14:55,CPET240,0101,Tim Knight,20,20,0,2026-10-09 17:20:04,2026-10-09 17:20:04.269
2026-10-09 17:14:55,CPET250,0101,Tim Knight,15,15,0,2026-10-09 17:20:04,2026-10-09 17:20:04.536
2026-10-09 17:14:55,CPGH101,0101,Angshuman Kashyap,75,75,0,2026-10-09 17:20:07,2026-10-09 17:20:07.672
2026-10-09 17:14:55,CPGH210,0101,Haley Clark,80,80,0,2026-10-09 17:20:08,2026-10-09 17:20:08.029
2026-10-09 17:14:55,CPGH230,0101,John Wiggins,30,30,0,2026-10-09 17:20:08,2026-10-09 17:20:08.270
2026-10-09 17:14:55,CPGH240,0101,John Wiggins,30,30,0,2026-10-09 17:20:08,2026-10-09 17:20:08.548
2026-10-09 17:14:55,CPGH250,0101,John Wiggins,25,25,0,2026-10-09 17:20:08,2026-10-09 17:20:08.840
2026-10-09 17:14:55,CPGH270,0101,Elisabeth Maring,5,5,0,2026-10-09 17:20:09,2026-10-09 17:20:09.140
2026-10-09 17:14:55,CPJT101,0101,Justine DeCamillis,75,75,0,2026-10-09 17:20:10,2026-10-09 17:20:10.567
2026-10-09 17:14:55,CPJT230,0101,Justine DeCamillis,35,35,0,2026-10-09 17:20:10,2026-10-09 17:20:10.812
2026-10-09 17:14:55,CPJT240,0101,Justine DeCamillis,25,25,0,2026-10-09 17:20:11,2026-10-09 17:20:11.062
2026-10-09 17:14:55,CPJT250,0101,Victoria Worley,25,25,0,2026-10-09 17:20:20,2026-10-09 17:20:20.396
2026-10-09 17:14:55,CPMS101,0101,Alison Burns,75,75,0,2026-10-09 17:20:21,2026-10-09 17:20:21.855
2026-10-09 17:14:55,CPMS230,0101,Alison Burns,30,30,0,2026-10-09 17:20:22,2026-10-09 17:20:22.119
2026-10-09 17:14:55,CPMS240,0101,Alison Burns,15,15,0,2026-10-09 17:20:22,2026-10-09 17:20:22.358
2026-10-09 17:14:55,CPPL101,0101,Kelly Brower,75,75,0,2026-10-09 17:20:23,2026-10-09 17:20:23.809
2026-10-09 17:14:55,CPSA101,0101,Heather-Erin Bremenstuhl,75,75,0,2026-10-09 17:20:25,2026-10-09 17:20:25.375
2026-10-09 17:14:55,CPSA149,0101,Harold Burgess,20,20,0,2026-10-09 17:20:25,2026-10-09 17:20:25.641
2026-10-09 17:14:55,CPSA201,0101,Heather-Erin Bremenstuhl,75,75,0,2026-10-09 17:20:25,2026-10-09 17:20:25.887
2026-10-09 17:14:55,CPSA240,0101,Harold Burgess,15,15,0,2026-10-09 17:20:26,2026-10-09 17:20:26.142
2026-10-09 17:14:55,CPSA250,0101,Heather-Erin Bremenstuhl,10,10,0,2026-10-09 17:20:26,2026-10-09 17:20:26.385
2026-10-09 17:14:55,CPSA250,0201,Heather-Erin Bremenstuhl,10,10,0,2026-10-09 17:20:26,2026-10-09 17:20:26.385
2026-10-09 17:14:55,CPSA250,0301,Heather-Erin Bremenstuhl,10,10,0,2026-10-09 17:20:26,2026-10-09 17:20:26.385
2026-10-09 17:14:55,CPSA260,0101,Harold Burgess,10,10,0,2026-10-09 17:20:27,2026-10-09 17:20:27.759
2026-10-09 17:14:55,CPSA260,0201,Harold Burgess,10,10,0,2026-10-09 17:20:27,2026-10-09 17:20:27.759
2026-10-09 17:14:55,CPSA260,0301,Heather-Erin Bremenstuhl,10,10,0,2026-10-09 17:20:27,2026-10-09 17:20:27.759
2026-10-09 17:14:55,CPSF101,0101,Erin Thomson,75,75,0,2026-10-09 17:20:31,2026-10-09 17:20:31.751
2026-10-09 17:14:55,CPSG101,0101,Thomas Holtz,75,75,0,2026-10-09 17:20:33,2026-10-09 17:20:33.187
2026-10-09 17:14:55,CPSG230,0101,John Merck,50,50,0,2026-10-09 17:20:33,2026-10-09 17:20:33.457
2026-10-09 17:14:55,CPSG240,0101,John Merck,25,25,0,2026-10-09 17:20:33,2026-10-09 17:20:33.728
2026-10-09 17:14:55,CPSG250,0101,John Merck,25,25,0,2026-10-09 17:20:34,2026-10-09 17:20:34.025
2026-10-09 17:14:55,CPSN101,0101,Stacy Kosko,75,75,0,2026-10-09 17:20:35,2026-10-09 17:20:35.959
2026-10-09 17:14:55,CPSN230,0101,Ellin Chung,40,40,0,2026-10-09 17:20:36,2026-10-09 17:20:36.208
2026-10-09 17:14:55,CPSN240,0101,Ellin Chung,15,15,0,2026-10-09 17:20:36,2026-10-09 17:20:36.497
2026-10-09 17:14:55,CPSN250,0101,Hansol Kwak,25,25,0,2026-10-09 17:20:36,2026-10-09 17:20:36.746
2026-10-09 17:14:55,CPSP110,0101,Instructor: TBA,18,18,0,2026-10-09 17:20:38,2026-10-09 17:20:38.195
2026-10-09 17:14:55,CPSP110,0201,Instructor: TBA,18,18,0,2026-10-09 17:20:38,2026-10-09 17:20:38.195
2026-10-09 17:14:55,CPSP110,0301,Instructor: TBA,18,18,0,2026-10-09 17:20:38,2026-10-09 17:20:38.195
2026-10-09 17:14:55,CPSP210,0101,Christine Alexander,20,20,0,2026-10-09 17:20:39,2026-10-09 17:20:39.116
2026-10-09 17:14:55,CPSP239A,0101,Heather-Erin Bremenstuhl,10,10,0,2026-10-09 17:20:39,2026-10-09 17:20:39.408
2026-10-09 17:14:55,CPSP259J,0101,Alison Burns,10,10,0,2026-10-09 17:20:39,2026-10-09 17:20:39.665
2026-10-09 17:14:55,CPSP279N,0101,Stacy Kosko,10,10,0,2026-10-09 17:20:40,2026-10-09 17:20:40.005
2026-10-09 17:14:55,CPSP339P,0101,Kelly Brower,15,15,0,2026-10-09 17:20:40,2026-10-09 17:20:40.245
2026-10-09 17:14:55,CPSP359G,0101,John Merck,25,25,0,2026-10-09 17:20:40,2026-10-09 17:20:40.622
2026-10-09 17:14:55,CPSP359S,0101,David Eubanks,24,24,0,2026-10-09 17:20:40,2026-10-09 17:20:40.915
2026-10-09 17:14:55,CPSP369E,0101,Tim Knight,7,7,0,2026-10-09 17:20:41,2026-10-09 17:20:41.187
2026-10-09 17:14:55,CPSP369E,0102,Tim Knight,5,5,0,2026-10-09 17:20:41,2026-10-09 17:20:41.187
2026-10-09 17:14:55,CPSS101,0101,Christine Alexander,75,75,0,2026-10-09 17:20:43,2026-10-09 17:20:43.049
2026-10-09 17:14:55,CPSS225,0101,Roan Parrish,20,20,0,2026-10-09 17:20:43,2026-10-09 17:20:43.302
2026-10-09 17:14:55,CPSS225,0201,Thomas Zeller,20,20,0,2026-10-09 17:20:43,2026-10-09 17:20:43.302
2026-10-09 17:14:55,CPSS240,0101,Timothy Reedy,25,25,0,2026-10-09 17:20:43,2026-10-09 17:20:43.540
2026-10-09 17:14:55,CPSS340,0101,Nicole Mogul,20,20,0,2026-10-09 17:20:43,2026-10-09 17:20:43.825
2026-10-09 17:14:55,DATA100,0111,Matthew Griffin,27,27,0,2026-10-09 17:20:55,2026-10-09 17:20:55.459
2026-10-09 17:14:55,DATA100,0112,Matthew Griffin,27,27,0,2026-10-09 17:20:55,2026-10-09 17:20:55.459
2026-10-09 17:14:55,DATA100,0121,Matthew Griffin,27,27,0,2026-10-09 17:20:55,2026-10-09 17:20:55.459
2026-10-09 17:14:55,DATA100,0122,Matthew Griffin,27,27,0,2026-10-09 17:20:55,2026-10-09 17:20:55.459
2026-10-09 17:14:55,DATA100,0123,Matthew Griffin,27,27,0,2026-10-09 17:20:55,2026-10-09 17:20:55.459
2026-10-09 17:14:55,DATA100,0131,Matthew Griffin,27,27,0,2026-10-09 17:20:55,2026-10-09 17:20:55.460
2026-10-09 17:14:55,DATA100,0211,Matthew Griffin,27,27,0,2026-10-09 17:20:55,2026-10-09 17:20:55.460
2026-10-09 17:14:55,DATA100,0212,Matthew Griffin,27,27,0,2026-10-09 17:20:55,2026-10-09 17:20:55.460
2026-10-09 17:14:55,DATA100,0221,Matthew Griffin,27,27,0,2026-10-09 17:20:55,2026-10-09 17:20:55.460
2026-10-09 17:14:55,DATA100,0222,Matthew Griffin,27,27,0,2026-10-09 17:20:55,2026-10-09 17:20:55.460
2026-10-09 17:14:55,DATA100,0223,Matthew Griffin,27,27,0,2026-10-09 17:20:55,2026-10-09 17:20:55.460
2026-10-09 17:14:55,DATA100,0224,Matthew Griffin,27,27,0,2026-10-09 17:20:55,2026-10-09 17:20:55.460
2026-10-09 17:14:55,DATA100,0231,Matthew Griffin,27,27,0,2026-10-09 17:20:55,2026-10-09 17:20:55.460
2026-10-09 17:14:55,DATA100,0241,Matthew Griffin,27,27,0,2026-10-09 17:20:55,2026-10-09 17:20:55.460
2026-10-09 17:14:55,DATA100,0242,Matthew Griffin,27,27,0,2026-10-09 17:20:55,2026-10-09 17:20:55.460
2026-10-09 17:14:55,DATA100,0311,Jonathan Fernandes,25,25,0,2026-10-09 17:20:55,2026-10-09 17:20:55.460
2026-10-09 17:14:55,DATA100,0312,Jonathan Fernandes,25,25,0,2026-10-09 17:20:55,2026-10-09 17:20:55.461
2026-10-09 17:14:55,DATA100,0321,Jonathan Fernandes,25,25,0,2026-10-09 17:20:55,2026-10-09 17:20:55.461
2026-10-09 17:14:55,DATA100,0322,Jonathan Fernandes,25,25,0,2026-10-09 17:20:55,2026-10-09 17:20:55.461
2026-10-09 17:14:55,DATA100,0323,Jonathan Fernandes,25,25,0,2026-10-09 17:20:55,2026-10-09 17:20:55.461
2026-10-09 17:14:55,DATA110,0101,Susan Mazzullo,310,310,0,2026-10-09 17:20:55,2026-10-09 17:20:55.709
2026-10-09 17:14:55,DATA120,0101,Fardina Alam,200,200,0,2026-10-09 17:20:56,2026-10-09 17:20:56.359
2026-10-09 17:14:55,DATA200,0101,Fardina Alam,90,90,0,2026-10-09 17:20:56,2026-10-09 17:20:56.595
2026-10-09 17:14:55,DATA250,0101,Todd Rowland,30,30,0,2026-10-09 17:20:56,2026-10-09 17:20:56.899
2026-10-09 17:14:55,DATA320,0101,Maksym Morawski,20,20,0,2026-10-09 17:20:57,2026-10-09 17:20:57.132
2026-10-09 17:14:55,DATA320,0201,Fardina Alam,20,20,0,2026-10-09 17:20:57,2026-10-09 17:20:57.132
2026-10-09 17:14:55,DATA320,0301,Anna Evtushenko,12,12,0,2026-10-09 17:20:57,2026-10-09 17:20:57.132
2026-10-09 17:14:55,DATA350,0101,Todd Rowland,30,30,0,2026-10-09 17:20:57,2026-10-09 17:20:57.378
2026-10-09 17:14:55,DATA350,0201,Raluca Rosca,30,30,0,2026-10-09 17:20:57,2026-10-09 17:20:57.378
2026-10-09 17:14:55,DATA400,0111,Archana Khurana,27,27,0,2026-10-09 17:20:57,2026-10-09 17:20:57.643
2026-10-09 17:14:55,DATA400,0121,Archana Khurana,27,27,0,2026-10-09 17:20:57,2026-10-09 17:20:57.643
2026-10-09 17:14:55,DATA400,0131,Archana Khurana,27,27,0,2026-10-09 17:20:57,2026-10-09 17:20:57.643
2026-10-09 17:14:55,DATA400,0211,Salman Safdar,27,27,0,2026-10-09 17:20:57,2026-10-09 17:20:57.643
2026-10-09 17:14:55,DATA400,0311,Shixin Zheng,27,27,0,2026-10-09 17:20:57,2026-10-09 17:20:57.643
2026-10-09 17:14:55,DATA400,0321,Shixin Zheng,27,27,0,2026-10-09 17:20:57,2026-10-09 17:20:57.644
2026-10-09 17:14:55,DATA400,0331,Shixin Zheng,27,27,0,2026-10-09 17:20:57,2026-10-09 17:20:57.644
2026-10-09 17:14:55,DATA400,0411,Mestiyage Gunatilleka,27,27,0,2026-10-09 17:20:57,2026-10-09 17:20:57.644
2026-10-09 17:14:55,DATA400,0421,Mestiyage Gunatilleka,27,27,0,2026-10-09 17:20:57,2026-10-09 17:20:57.644
2026-10-09 17:14:55,DATA400,0431,Mestiyage Gunatilleka,27,27,0,2026-10-09 17:20:57,2026-10-09 17:20:57.644
2026-10-09 17:14:55,EALL361,0101,Jyana Browne,20,20,0,2026-10-09 17:20:59,2026-10-09 17:20:59.082
2026-10-09 17:14:55,EDDI300,0101,Nicole Mehta,20,20,0,2026-10-09 17:21:10,2026-10-09 17:21:10.993
2026-10-09 17:14:55,EMBA788G,GX01,Judy Frels,31,31,0,2026-10-09 17:21:41,2026-10-09 17:21:41.072
2026-10-09 17:14:55,EMBA788V,GX01,Zhi-Long Chen,31,31,0,2026-10-09 17:21:41,2026-10-09 17:21:41.307
2026-10-09 17:14:55,ENBC312,ESG1,Kyunghun Lee,20,20,0,2026-10-09 17:21:53,2026-10-09 17:21:53.179
2026-10-09 17:14:55,ENBC321,ESG1,Jamasp Azarnoosh,20,20,0,2026-10-09 17:21:53,2026-10-09 17:21:53.435
2026-10-09 17:14:55,ENBC342,ESG1,Lan Ma,20,20,0,2026-10-09 17:21:53,2026-10-09 17:21:53.670
2026-10-09 17:14:55,ENBC351,ESG1,Jarred Callura,20,20,0,2026-10-09 17:21:53,2026-10-09 17:21:53.954
2026-10-09 17:14:55,ENBC352,ESG1,Jarred Callura,20,20,0,2026-10-09 17:21:54,2026-10-09 17:21:54.237
2026-10-09 17:14:55,ENBC403,ESG1,Jamasp Azarnoosh,20,20,0,2026-10-09 17:21:54,2026-10-09 17:21:54.480
2026-10-09 17:14:55,ENBC441,ESG1,Lan Ma,20,20,0,2026-10-09 17:21:54,2026-10-09 17:21:54.767
2026-10-09 17:14:55,ENBC455,ESG1,Jarred Callura,20,20,0,2026-10-09 17:21:55,2026-10-09 17:21:55.010
2026-10-09 17:14:55,ENBC491,ESG1,Lan Ma,20,20,0,2026-10-09 17:21:55,2026-10-09 17:21:55.241
2026-10-09 17:14:55,ENCO099,0101,Lizzy Solovey,200,200,0,2026-10-09 17:22:04,2026-10-09 17:22:04.438
2026-10-09 17:14:55,ENEB304,ESG1,Nestor Michael Tiglao,20,20,0,2026-10-09 17:22:06,2026-10-09 17:22:06.426
2026-10-09 17:14:55,ENEB345,ESG1,Nestor Michael Tiglao,20,20,0,2026-10-09 17:22:06,2026-10-09 17:22:06.785
2026-10-09 17:14:55,ENEB352,ESG1,Mohamed Hany,20,20,0,2026-10-09 17:22:07,2026-10-09 17:22:07.205
2026-10-09 17:14:55,ENEB353,ESG1,Manoj Franklin,20,20,0,2026-10-09 17:22:07,2026-10-09 17:22:07.866
2026-10-09 17:14:55,ENEB355,ESG1,Nestor Michael Tiglao,20,20,0,2026-10-09 17:22:08,2026-10-09 17:22:08.832
2026-10-09 17:14:55,ENEB408B,ESG1,Jerry Wu,20,20,0,2026-10-09 17:22:09,2026-10-09 17:22:09.087
2026-10-09 17:14:55,ENEB443,ESG1,George Zaki,20,20,0,2026-10-09 17:22:09,2026-10-09 17:22:09.361
2026-10-09 17:14:55,ENEB453,ESG1,Nestor Michael Tiglao,20,20,0,2026-10-09 17:22:09,2026-10-09 17:22:09.807
2026-10-09 17:14:55,ENEB455,ESG1,Jerry Wu,20,20,0,2026-10-09 17:22:10,2026-10-09 17:22:10.444
2026-10-09 17:14:55,ENEB456,ESG1,Nestor Michael Tiglao,20,20,0,2026-10-09 17:22:10,2026-10-09 17:22:10.696
2026-10-09 17:14:55,ENED037,0101,Hillary Owusu,20,20,0,2026-10-09 17:22:12,2026-10-09 17:22:12.131
2026-10-09 17:14:55,ENED290H,0101,Christopher Troilo,45,45,0,2026-10-09 17:22:12,2026-10-09 17:22:12.661
2026-10-09 17:14:55,ENED390H,0101,Natcha Thawesaengskulthai,45,45,0,2026-10-09 17:22:12,2026-10-09 17:22:12.909
2026-10-09 17:14:55,ENED394H,0101,Maria Bardossy,40,40,0,2026-10-09 17:22:13,2026-10-09 17:22:13.298
2026-10-09 17:14:55,ENED396,0101,Jessica Roffe,24,24,0,2026-10-09 17:22:13,2026-10-09 17:22:13.582
2026-10-09 17:14:55,ENED397,0101,Emily Marks,9,9,0,2026-10-09 17:22:13,2026-10-09 17:22:13.947
2026-10-09 17:14:55,ENED490H,0101,David Ashley,45,45,0,2026-10-09 17:22:14,2026-10-09 17:22:14.334
2026-10-09 17:14:55,ENED491,0101,Jessica Roffe,10,10,0,2026-10-09 17:22:14,2026-10-09 17:22:14.579
2026-10-09 17:14:55,ENMT313,ESG1,Nicholas Limparis,3,3,0,2026-10-09 17:23:21,2026-10-09 17:23:21.582
2026-10-09 17:14:55,ENMT332,ESG1,Norman Wereley,4,4,0,2026-10-09 17:23:21,2026-10-09 17:23:21.829
2026-10-09 17:14:55,ENMT362,ESG1,Young Choi,3,3,0,2026-10-09 17:23:22,2026-10-09 17:23:22.073
2026-10-09 17:14:55,ENMT372,ESG1,Gurtajbir Herr,3,3,0,2026-10-09 17:23:22,2026-10-09 17:23:22.355
2026-10-09 17:14:55,ENMT477,ESG1,Gurtajbir Herr,7,7,0,2026-10-09 17:23:22,2026-10-09 17:23:22.612
2026-10-09 17:14:55,ENMT488C,ESG1,Colleen Murray,7,7,0,2026-10-09 17:23:22,2026-10-09 17:23:22.882
2026-10-09 17:14:55,ENMT488P,ESG1,Colleen Murray,7,7,0,2026-10-09 17:23:23,2026-10-09 17:23:23.153
2026-10-09 17:14:55,ENMT488Z,ESG1,Nicholas Limparis,7,7,0,2026-10-09 17:23:23,2026-10-09 17:23:23.398
2026-10-09 17:14:55,ENSP102,0101,Joanna Goger,22,22,0,2026-10-09 17:23:32,2026-10-09 17:23:32.441
2026-10-09 17:14:55,ENSP102,0102,Joanna Goger,22,22,0,2026-10-09 17:23:32,2026-10-09 17:23:32.441
2026-10-09 17:14:55,ENSP102,0103,Joanna Goger,23,23,0,2026-10-09 17:23:32,2026-10-09 17:23:32.441
2026-10-09 17:14:55,ENSP102,0104,Joanna Goger,22,22,0,2026-10-09 17:23:32,2026-10-09 17:23:32.442
2026-10-09 17:14:55,ENSP102,0105,Joanna Goger,22,22,0,2026-10-09 17:23:32,2026-10-09 17:23:32.442
2026-10-09 17:14:55,ENSP102,0106,Joanna Goger,22,22,0,2026-10-09 17:23:32,2026-10-09 17:23:32.442
2026-10-09 17:14:55,ENSP102,0107,Joanna Goger,22,22,0,2026-10-09 17:23:32,2026-10-09 17:23:32.442
2026-10-09 17:14:55,ENSP306,0101,Caroline Boules,30,30,0,2026-10-09 17:23:32,2026-10-09 17:23:32.684
2026-10-09 17:14:55,ENSP330,0101,Joanna Goger,35,35,0,2026-10-09 17:23:32,2026-10-09 17:23:32.995
2026-10-09 17:14:55,ENSP342,0101,Annette Spivy,35,35,0,2026-10-09 17:23:33,2026-10-09 17:23:33.239
2026-10-09 17:14:55,ENSP370,0101,Arielle Wharton,30,30,0,2026-10-09 17:23:33,2026-10-09 17:23:33.485
2026-10-09 17:14:55,ENSP399R,0101,Melissa Kenney,15,15,0,2026-10-09 17:23:34,2026-10-09 17:23:34.240
2026-10-09 17:14:55,ENSP399R,0301,Instructor: TBA,15,15,0,2026-10-09 17:23:34,2026-10-09 17:23:34.240
2026-10-09 17:14:55,ENSP399R,0601,Annette Spivy,10,10,0,2026-10-09 17:23:34,2026-10-09 17:23:34.240
2026-10-09 17:14:55,ENSP399R,1001,Jennifer Mullinax,10,10,0,2026-10-09 17:23:34,2026-10-09 17:23:34.240
2026-10-09 17:14:55,ENSP400,0101,Caroline Boules,30,30,0,2026-10-09 17:23:34,2026-10-09 17:23:34.485
2026-10-09 17:14:55,ENSP400,0102,Annette Spivy,30,30,0,2026-10-09 17:23:34,2026-10-09 17:23:34.485
2026-10-09 17:14:55,ENSP400,0104,Colleen O'Donnell,20,20,0,2026-10-09 17:23:34,2026-10-09 17:23:34.486
2026-10-09 17:14:55,FGSM398,0101,Jayakumar Arasan,120,120,0,2026-10-09 17:23:55,2026-10-09 17:23:55.616
2026-10-09 17:14:55,FGSM398,0201,Jayakumar Arasan,120,120,0,2026-10-09 17:23:55,2026-10-09 17:23:55.616
2026-10-09 17:14:55,GEMS102,0101,David Lovell,180,180,0,2026-10-09 17:24:19,2026-10-09 17:24:19.071
2026-10-09 17:14:55,GEMS208D,0101,Allison Lansverk,1,1,0,2026-10-09 17:24:19,2026-10-09 17:24:19.328
2026-10-09 17:14:55,GEMS208E,0101,Allison Lansverk,18,18,0,2026-10-09 17:24:19,2026-10-09 17:24:19.572
2026-10-09 17:14:55,GEMS208F,0201,Allison Lansverk,12,12,0,2026-10-09 17:24:19,2026-10-09 17:24:19.872
2026-10-09 17:14:55,GEMS208J,0101,Allison Lansverk,24,24,0,2026-10-09 17:24:20,2026-10-09 17:24:20.107
2026-10-09 17:14:55,GEMS208K,0101,Allison Lansverk,30,30,0,2026-10-09 17:24:20,2026-10-09 17:24:20.351
2026-10-09 17:14:55,GEMS208P,0101,Allison Lansverk,15,15,0,2026-10-09 17:24:20,2026-10-09 17:24:20.598
2026-10-09 17:14:55,GEMS208Q,0201,Allison Lansverk,1,1,0,2026-10-09 17:24:20,2026-10-09 17:24:20.889
2026-10-09 17:14:55,GEMS296,0113,David Lovell,5,5,0,2026-10-09 17:24:21,2026-10-09 17:24:21.136
2026-10-09 17:14:55,GEMS297,0101,Instructor: TBA,14,14,0,2026-10-09 17:24:21,2026-10-09 17:24:21.427
2026-10-09 17:14:55,GEMS297,0102,Instructor: TBA,14,14,0,2026-10-09 17:24:21,2026-10-09 17:24:21.428
2026-10-09 17:14:55,GEMS297,0103,Instructor: TBA,14,14,0,2026-10-09 17:24:21,2026-10-09 17:24:21.428
2026-10-09 17:14:55,GEMS297,0104,Instructor: TBA,14,14,0,2026-10-09 17:24:21,2026-10-09 17:24:21.428
2026-10-09 17:14:55,GEMS297,0105,Instructor: TBA,14,14,0,2026-10-09 17:24:21,2026-10-09 17:24:21.428
2026-10-09 17:14:55,GEMS297,0106,Instructor: TBA,14,14,0,2026-10-09 17:24:21,2026-10-09 17:24:21.428
2026-10-09 17:14:55,GEMS297,0107,Instructor: TBA,14,14,0,2026-10-09 17:24:21,2026-10-09 17:24:21.428
2026-10-09 17:14:55,GEMS297,0108,Instructor: TBA,14,14,0,2026-10-09 17:24:21,2026-10-09 17:24:21.428
2026-10-09 17:14:55,GEMS297,0109,Instructor: TBA,14,14,0,2026-10-09 17:24:21,2026-10-09 17:24:21.428
2026-10-09 17:14:55,GEMS297,0110,Instructor: TBA,14,14,0,2026-10-09 17:24:21,2026-10-09 17:24:21.428
2026-10-09 17:14:55,GEMS297,0111,Instructor: TBA,14,14,0,2026-10-09 17:24:21,2026-10-09 17:24:21.428
2026-10-09 17:14:55,GEMS297,0112,Instructor: TBA,14,14,0,2026-10-09 17:24:21,2026-10-09 17:24:21.428
2026-10-09 17:14:55,GEMS297,0113,Instructor: TBA,14,14,0,2026-10-09 17:24:21,2026-10-09 17:24:21.429
2026-10-09 17:14:55,GEMS297,0114,Instructor: TBA,14,14,0,2026-10-09 17:24:21,2026-10-09 17:24:21.429
2026-10-09 17:14:55,GEMS297,0115,Instructor: TBA,5,5,0,2026-10-09 17:24:21,2026-10-09 17:24:21.429
2026-10-09 17:14:55,GEMS396,0113,David Lovell,5,5,0,2026-10-09 17:24:21,2026-10-09 17:24:21.692
2026-10-09 17:14:55,GEMS397,0101,Michael Humber,14,14,0,2026-10-09 17:24:21,2026-10-09 17:24:21.942
2026-10-09 17:14:55,GEMS397,0102,Seth Dickey,14,14,0,2026-10-09 17:24:21,2026-10-09 17:24:21.942
2026-10-09 17:14:55,GEMS397,0103,Cecilia Huertas Cerdeira,14,14,0,2026-10-09 17:24:21,2026-10-09 17:24:21.942
2026-10-09 17:14:55,GEMS397,0104,Rodolphe Gentili,14,14,0,2026-10-09 17:24:21,2026-10-09 17:24:21.942
2026-10-09 17:14:55,GEMS397,0105,Allison Reilly,14,14,0,2026-10-09 17:24:21,2026-10-09 17:24:21.942
2026-10-09 17:14:55,GEMS397,0106,Peter Sunderland,14,14,0,2026-10-09 17:24:21,2026-10-09 17:24:21.942
2026-10-09 17:14:55,GEMS397,0107,Brett Lacey,14,14,0,2026-10-09 17:24:21,2026-10-09 17:24:21.942
2026-10-09 17:14:55,GEMS397,0108,Natalia Buzulukova,14,14,0,2026-10-09 17:24:21,2026-10-09 17:24:21.943
2026-10-09 17:14:55,GEMS397,0109,Anil Deane,14,14,0,2026-10-09 17:24:21,2026-10-09 17:24:21.943
2026-10-09 17:14:55,GEMS397,0110,Colenso Speer,14,14,0,2026-10-09 17:24:21,2026-10-09 17:24:21.943
2026-10-09 17:14:55,GEMS397,0111,Alisa Clyne,14,14,0,2026-10-09 17:24:21,2026-10-09 17:24:21.943
2026-10-09 17:14:55,GEMS397,0112,Xin Zan,14,14,0,2026-10-09 17:24:21,2026-10-09 17:24:21.943
2026-10-09 17:14:55,GEMS397,0113,Instructor: TBA,14,14,0,2026-10-09 17:24:21,2026-10-09 17:24:21.943
2026-10-09 17:14:55,GEMS397,0114,David Lovell,5,5,0,2026-10-09 17:24:21,2026-10-09 17:24:21.943
2026-10-09 17:14:55,GEMS397,0115,David Lovell,5,5,0,2026-10-09 17:24:21,2026-10-09 17:24:21.943
2026-10-09 17:14:55,GEMS496,0113,David Lovell,5,5,0,2026-10-09 17:24:22,2026-10-09 17:24:22.231
2026-10-09 17:14:55,GEMS497,0101,Eric Haag,14,14,0,2026-10-09 17:24:22,2026-10-09 17:24:22.523
2026-10-09 17:14:55,GEMS497,0102,Mohammad Nayeem Teli,14,14,0,2026-10-09 17:24:22,2026-10-09 17:24:22.523
2026-10-09 17:14:55,GEMS497,0103,Norberto Gonzalez- Juarbe,14,14,0,2026-10-09 17:24:22,2026-10-09 17:24:22.523
2026-10-09 17:14:55,GEMS497,0104,Abhinav Shrivastava,14,14,0,2026-10-09 17:24:22,2026-10-09 17:24:22.523
2026-10-09 17:14:55,GEMS497,0105,Hector Alcala,14,14,0,2026-10-09 17:24:22,2026-10-09 17:24:22.523
2026-10-09 17:14:55,GEMS497,0106,Massimo Ricotti,14,14,0,2026-10-09 17:24:22,2026-10-09 17:24:22.523
2026-10-09 17:14:55,GEMS497,0107,Reza Ghodssi,14,14,0,2026-10-09 17:24:22,2026-10-09 17:24:22.523
2026-10-09 17:14:55,GEMS497,0108,Nikhil Chopra,14,14,0,2026-10-09 17:24:22,2026-10-09 17:24:22.523
2026-10-09 17:14:55,GEMS497,0109,Kimberly Stroka,14,14,0,2026-10-09 17:24:22,2026-10-09 17:24:22.523
2026-10-09 17:14:55,GEMS497,0110,Gorjan Alagic,14,14,0,2026-10-09 17:24:22,2026-10-09 17:24:22.523
2026-10-09 17:14:55,GEMS497,0111,Alisa Clyne,14,14,0,2026-10-09 17:24:22,2026-10-09 17:24:22.523
2026-10-09 17:14:55,GEMS497,0112,Xin Zan,14,14,0,2026-10-09 17:24:22,2026-10-09 17:24:22.523
2026-10-09 17:14:55,GEMS497,0113,David Lovell,14,14,0,2026-10-09 17:24:22,2026-10-09 17:24:22.524
2026-10-09 17:14:55,GEMS497,0114,David Lovell,14,14,0,2026-10-09 17:24:22,2026-10-09 17:24:22.524
2026-10-09 17:14:55,GFPL100,0101,Alec Worsnop,21,21,0,2026-10-09 17:24:44,2026-10-09 17:24:44.303
2026-10-09 17:14:55,GFPL100,0102,Alec Worsnop,21,21,0,2026-10-09 17:24:44,2026-10-09 17:24:44.303
2026-10-09 17:14:55,GFPL100,0103,Alec Worsnop,21,21,0,2026-10-09 17:24:44,2026-10-09 17:24:44.303
2026-10-09 17:14:55,GFPL100,0104,Alec Worsnop,21,21,0,2026-10-09 17:24:44,2026-10-09 17:24:44.303
2026-10-09 17:14:55,GFPL100,0105,Alec Worsnop,21,21,0,2026-10-09 17:24:44,2026-10-09 17:24:44.303
2026-10-09 17:14:55,GFPL100,0106,Alec Worsnop,20,20,0,2026-10-09 17:24:44,2026-10-09 17:24:44.303
2026-10-09 17:14:55,GFPL102,0101,Caroline Ritter,95,95,0,2026-10-09 17:24:44,2026-10-09 17:24:44.550
2026-10-09 17:14:55,GFPL372,0101,Devin Entrikin,40,40,0,2026-10-09 17:24:44,2026-10-09 17:24:44.791
2026-10-09 17:14:55,GLBC200,0101,Parker Brookie,30,30,0,2026-10-09 17:24:46,2026-10-09 17:24:46.229
2026-10-09 17:14:55,GLBC360,0101,Hester Baer,30,30,0,2026-10-09 17:24:46,2026-10-09 17:24:46.474
2026-10-09 17:14:55,HACS101,0101,Michel Cukier,35,35,0,2026-10-09 17:25:08,2026-10-09 17:25:08.957
2026-10-09 17:14:55,HACS101,0201,Michel Cukier,35,35,0,2026-10-09 17:25:08,2026-10-09 17:25:08.958
2026-10-09 17:14:55,HACS201,0101,Bertrand Sobesto,26,26,0,2026-10-09 17:25:09,2026-10-09 17:25:09.241
2026-10-09 17:14:55,HACS208E,0101,Ian Serbin,30,30,0,2026-10-09 17:25:09,2026-10-09 17:25:09.506
2026-10-09 17:14:55,HACS208N,0101,Instructor: TBA,30,30,0,2026-10-09 17:25:09,2026-10-09 17:25:09.754
2026-10-09 17:14:55,HACS208Z,0101,Zulema Belyeu,30,30,0,2026-10-09 17:25:10,2026-10-09 17:25:10.035
2026-10-09 17:14:55,HACS297,0101,Sarah Herberger,25,25,0,2026-10-09 17:25:10,2026-10-09 17:25:10.518
2026-10-09 17:14:55,HACS318A,0101,Lindsey Schrott,75,75,0,2026-10-09 17:25:10,2026-10-09 17:25:10.784
2026-10-09 17:14:55,HACS408C,0101,Instructor: TBA,30,30,0,2026-10-09 17:25:11,2026-10-09 17:25:11.038
2026-10-09 17:14:55,HACS408P,0101,Instructor: TBA,30,30,0,2026-10-09 17:25:11,2026-10-09 17:25:11.293
2026-10-09 17:14:55,HACS408V,0101,Edward Condon,30,30,0,2026-10-09 17:25:11,2026-10-09 17:25:11.593
2026-10-09 17:14:55,HACS497,0101,Cassie Harrington,25,25,0,2026-10-09 17:25:12,2026-10-09 17:25:12.095
2026-10-09 17:14:55,HACS498,0101,Thomas Woods,10,10,0,2026-10-09 17:25:12,2026-10-09 17:25:12.394
2026-10-09 17:14:55,HACS498,0201,Instructor: TBA,18,18,0,2026-10-09 17:25:12,2026-10-09 17:25:12.394
2026-10-09 17:14:55,HBUS105,0101,Daniel McCarthy,35,35,0,2026-10-09 17:25:13,2026-10-09 17:25:13.825
2026-10-09 17:14:55,HBUS105,0201,Daniel McCarthy,35,35,0,2026-10-09 17:25:13,2026-10-09 17:25:13.825
2026-10-09 17:14:55,HBUS205,0101,Nicole Coomber,30,30,0,2026-10-09 17:25:14,2026-10-09 17:25:14.129
2026-10-09 17:14:55,HBUS205,0201,Nicole Coomber,30,30,0,2026-10-09 17:25:14,2026-10-09 17:25:14.129
2026-10-09 17:14:55,HDCC106,0101,Jeffrey Everett,13,13,0,2026-10-09 17:25:15,2026-10-09 17:25:15.662
2026-10-09 17:14:55,HDCC106,0201,William Evans,13,13,0,2026-10-09 17:25:15,2026-10-09 17:25:15.662
2026-10-09 17:14:55,HDCC106,0301,Grant Bollmer,13,13,0,2026-10-09 17:25:15,2026-10-09 17:25:15.662
2026-10-09 17:14:55,HDCC106,0401,Cliff Bakalian,13,13,0,2026-10-09 17:25:15,2026-10-09 17:25:15.662
2026-10-09 17:14:55,HDCC106,0501,Katherine Izsak,13,13,0,2026-10-09 17:25:15,2026-10-09 17:25:15.662
2026-10-09 17:14:55,HDCC209B,0101,Katherine Macyshyn,16,16,0,2026-10-09 17:25:15,2026-10-09 17:25:15.955
2026-10-09 17:14:55,HDCC209C,0101,Josue Porras-Fernandez,16,16,0,2026-10-09 17:25:16,2026-10-09 17:25:16.232
2026-10-09 17:14:55,HDCC209D,0101,Kaisha Snowden,16,16,0,2026-10-09 17:25:16,2026-10-09 17:25:16.465
2026-10-09 17:14:55,HDCC209E,0101,Antwon Key,16,16,0,2026-10-09 17:25:16,2026-10-09 17:25:16.794
2026-10-09 17:14:55,HEBR107,0101,Avital Karpman,15,15,0,2026-10-09 17:25:18,2026-10-09 17:25:18.496
2026-10-09 17:14:55,HEBR107,0201,Avital Karpman,15,15,0,2026-10-09 17:25:18,2026-10-09 17:25:18.496
2026-10-09 17:14:55,HEBR207,0101,Avital Karpman,15,15,0,2026-10-09 17:25:18,2026-10-09 17:25:18.743
2026-10-09 17:14:55,HEBR249A,0101,Aliza Sandalon,15,15,0,2026-10-09 17:25:18,2026-10-09 17:25:18.996
2026-10-09 17:14:55,HEBR314,0101,Aliza Sandalon,20,20,0,2026-10-09 17:25:19,2026-10-09 17:25:19.252
2026-10-09 17:14:55,HEBR488,0101,Bernard Cooperman,10,10,0,2026-10-09 17:25:19,2026-10-09 17:25:19.758
2026-10-09 17:14:55,HEBR488,0102,Aner Tal,10,10,0,2026-10-09 17:25:19,2026-10-09 17:25:19.759
2026-10-09 17:14:55,HGLO298,0101,Daniel Tuke,30,30,0,2026-10-09 17:25:35,2026-10-09 17:25:35.896
2026-10-09 17:14:55,HHUM106,0101,Sarah Humud,17,17,0,2026-10-09 17:25:37,2026-10-09 17:25:37.368
2026-10-09 17:14:55,HHUM106,0102,Sarah Humud,17,17,0,2026-10-09 17:25:37,2026-10-09 17:25:37.368
2026-10-09 17:14:55,HHUM106,0103,Sarah Humud,17,17,0,2026-10-09 17:25:37,2026-10-09 17:25:37.368
2026-10-09 17:14:55,HHUM106,0104,Sarah Humud,17,17,0,2026-10-09 17:25:37,2026-10-09 17:25:37.368
2026-10-09 17:14:55,HHUM206,0101,Sarah Humud,15,15,0,2026-10-09 17:25:37,2026-10-09 17:25:37.620
2026-10-09 17:14:55,HHUM206,0102,Sarah Humud,15,15,0,2026-10-09 17:25:37,2026-10-09 17:25:37.620
2026-10-09 17:14:55,HHUM206,0103,Carla Della Gatta,15,15,0,2026-10-09 17:25:37,2026-10-09 17:25:37.620
2026-10-09 17:14:55,HHUM206,0104,Sarah Humud,15,15,0,2026-10-09 17:25:37,2026-10-09 17:25:37.620
2026-10-09 17:14:55,HHUM328,0101,Sarah Humud,20,20,0,2026-10-09 17:25:37,2026-10-09 17:25:37.873
2026-10-09 17:14:55,HHUM329,0101,Sarah Humud,5,5,0,2026-10-09 17:25:38,2026-10-09 17:25:38.229
2026-10-09 17:14:55,HISP200,0101,Stefan Woehlke,22,22,0,2026-10-09 17:25:39,2026-10-09 17:25:39.735
2026-10-09 17:14:55,HISP200,0102,Stefan Woehlke,22,22,0,2026-10-09 17:25:39,2026-10-09 17:25:39.735
2026-10-09 17:14:55,HISP200,0103,Stefan Woehlke,22,22,0,2026-10-09 17:25:39,2026-10-09 17:25:39.735
2026-10-09 17:14:55,HISP200,0104,Stefan Woehlke,22,22,0,2026-10-09 17:25:39,2026-10-09 17:25:39.735
2026-10-09 17:14:55,HISP200,0105,Stefan Woehlke,22,22,0,2026-10-09 17:25:39,2026-10-09 17:25:39.735
2026-10-09 17:14:55,HISP319E,0101,Michelle Magalong,20,20,0,2026-10-09 17:25:40,2026-10-09 17:25:40.012
2026-10-09 17:14:55,HISP319S,0101,Michelle Magalong,30,30,0,2026-10-09 17:25:40,2026-10-09 17:25:40.260
2026-10-09 17:14:55,HISP619E,0101,Michelle Magalong,24,24,0,2026-10-09 17:25:40,2026-10-09 17:25:40.519
2026-10-09 17:14:55,HISP619O,0101,Stefan Woehlke,5,5,0,2026-10-09 17:25:40,2026-10-09 17:25:40.767
2026-10-09 17:14:55,HISP630,0101,Rhonda Sincavage,15,15,0,2026-10-09 17:25:41,2026-10-09 17:25:41.025
2026-10-09 17:14:55,HISP635,0101,Eola Dance,10,10,0,2026-10-09 17:25:41,2026-10-09 17:25:41.291
2026-10-09 17:14:55,HISP640,0101,Frederick Stachura,15,15,0,2026-10-09 17:25:41,2026-10-09 17:25:41.529
2026-10-09 17:14:55,HISP655,0101,Donald Linebaugh,15,15,0,2026-10-09 17:25:41,2026-10-09 17:25:41.800
2026-10-09 17:14:55,HISP660,0101,Instructor: TBA,15,15,0,2026-10-09 17:25:42,2026-10-09 17:25:42.057
2026-10-09 17:14:55,HISP670,0101,Alfonso Narvaez,15,15,0,2026-10-09 17:25:42,2026-10-09 17:25:42.327
2026-10-09 17:14:55,HISP690,0101,Donald Linebaugh,15,15,0,2026-10-09 17:25:42,2026-10-09 17:25:42.583
2026-10-09 17:14:55,HISP701,0101,Instructor: TBA,5,5,0,2026-10-09 17:25:42,2026-10-09 17:25:42.832
2026-10-09 17:14:55,HISP710,0101,Susan Kern,15,15,0,2026-10-09 17:25:43,2026-10-09 17:25:43.589
2026-10-09 17:14:55,HISP711,0101,Susan Kern,15,15,0,2026-10-09 17:25:43,2026-10-09 17:25:43.834
2026-10-09 17:14:55,HLSC102,0101,Sabrina Kramer,94,94,0,2026-10-09 17:26:08,2026-10-09 17:26:08.752
2026-10-09 17:14:55,HLSC102,0102,Jalah Townsend,35,35,0,2026-10-09 17:26:08,2026-10-09 17:26:08.752
2026-10-09 17:14:55,HLSC227,0101,Najib El-Sayed,25,25,0,2026-10-09 17:26:09,2026-10-09 17:26:09.077
2026-10-09 17:14:55,HLSC322,0101,Sabrina Kramer,23,23,0,2026-10-09 17:26:09,2026-10-09 17:26:09.445
2026-10-09 17:14:55,HLSC322,0102,Sabrina Kramer,23,23,0,2026-10-09 17:26:09,2026-10-09 17:26:09.445
2026-10-09 17:14:55,HLSC322,0103,Sabrina Kramer,23,23,0,2026-10-09 17:26:09,2026-10-09 17:26:09.446
2026-10-09 17:14:55,HLSC322,0104,Sabrina Kramer,23,23,0,2026-10-09 17:26:09,2026-10-09 17:26:09.446
2026-10-09 17:14:55,HLSC329,0101,Sabrina Kramer,12,12,0,2026-10-09 17:26:09,2026-10-09 17:26:09.706
2026-10-09 17:14:55,HNUH100,0101,Max Barnewitz,10,10,0,2026-10-09 17:26:23,2026-10-09 17:26:23.547
2026-10-09 17:14:55,HNUH218D,0101,Brian Gilmore,50,50,0,2026-10-09 17:26:23,2026-10-09 17:26:23.811
2026-10-09 17:14:55,HNUH218L,0101,Shauna Rigaud,20,20,0,2026-10-09 17:26:24,2026-10-09 17:26:24.094
2026-10-09 17:14:55,HNUH218L,0201,Shauna Rigaud,20,20,0,2026-10-09 17:26:24,2026-10-09 17:26:24.094
2026-10-09 17:14:55,HNUH218M,0101,Ebonie Johnson Cooper,20,20,0,2026-10-09 17:26:24,2026-10-09 17:26:24.328
2026-10-09 17:14:55,HNUH218N,0101,Sujith Kumar,20,20,0,2026-10-09 17:26:24,2026-10-09 17:26:24.565
2026-10-09 17:14:55,HNUH228D,0101,Matthew McLaughlin,60,60,0,2026-10-09 17:26:24,2026-10-09 17:26:24.824
2026-10-09 17:14:55,HNUH228L,0101,Alena Wigodner,20,20,0,2026-10-09 17:26:25,2026-10-09 17:26:25.080
2026-10-09 17:14:55,HNUH228L,0201,Alena Wigodner,20,20,0,2026-10-09 17:26:25,2026-10-09 17:26:25.080
2026-10-09 17:14:55,HNUH228M,0101,Ted Baker,20,20,0,2026-10-09 17:26:25,2026-10-09 17:26:25.347
2026-10-09 17:14:55,HNUH229P,0101,Tyson Slocum,20,20,0,2026-10-09 17:26:25,2026-10-09 17:26:25.582
2026-10-09 17:14:55,HNUH238D,0101,Susan Moeller,60,60,0,2026-10-09 17:26:25,2026-10-09 17:26:25.817
2026-10-09 17:14:55,HNUH238L,0101,Kimberly Johnson,20,20,0,2026-10-09 17:26:26,2026-10-09 17:26:26.103
2026-10-09 17:14:55,HNUH238L,0201,Kimberly Johnson,20,20,0,2026-10-09 17:26:26,2026-10-09 17:26:26.103
2026-10-09 17:14:55,HNUH238M,0101,Daniel Reck,20,20,0,2026-10-09 17:26:26,2026-10-09 17:26:26.346
2026-10-09 17:14:55,HNUH239I,0101,Jon Crocker,20,20,0,2026-10-09 17:26:26,2026-10-09 17:26:26.608
2026-10-09 17:14:55,HNUH248D,0101,Juan Uriagereka,45,45,0,2026-10-09 17:26:27,2026-10-09 17:26:27.401
2026-10-09 17:14:55,HNUH248L,0101,Robert Graham,20,20,0,2026-10-09 17:26:27,2026-10-09 17:26:27.668
2026-10-09 17:14:55,HNUH249T,0101,Daniel Rosenthal,20,20,0,2026-10-09 17:26:27,2026-10-09 17:26:27.981
2026-10-09 17:14:55,HNUH258C,0101,Bill Fagan,55,55,0,2026-10-09 17:26:28,2026-10-09 17:26:28.252
2026-10-09 17:14:55,HNUH258O,0101,Amy Green,20,20,0,2026-10-09 17:26:28,2026-10-09 17:26:28.524
2026-10-09 17:14:55,HNUH259T,0101,Ingrid Satelmajer,20,20,0,2026-10-09 17:26:28,2026-10-09 17:26:28.775
2026-10-09 17:14:55,HNUH268C,0101,Perla Guerrero,60,60,0,2026-10-09 17:26:29,2026-10-09 17:26:29.021
2026-10-09 17:14:55,HNUH268Q,0101,Binod Paudyal,20,20,0,2026-10-09 17:26:29,2026-10-09 17:26:29.275
2026-10-09 17:14:55,HNUH268R,0201,Vasfiye Toprak,20,20,0,2026-10-09 17:26:29,2026-10-09 17:26:29.528
2026-10-09 17:14:55,HNUH269T,0101,James Stillwell,20,20,0,2026-10-09 17:26:29,2026-10-09 17:26:29.777
2026-10-09 17:14:55,HNUH278C,0101,Chinyere Osuji,60,60,0,2026-10-09 17:26:30,2026-10-09 17:26:30.071
2026-10-09 17:14:55,HNUH278I,0101,Marisa Franco,20,20,0,2026-10-09 17:26:30,2026-10-09 17:26:30.331
2026-10-09 17:14:55,HNUH278I,0201,Marisa Franco,20,20,0,2026-10-09 17:26:30,2026-10-09 17:26:30.331
2026-10-09 17:14:55,HNUH278O,0101,DeNeen Brown,20,20,0,2026-10-09 17:26:30,2026-10-09 17:26:30.578
2026-10-09 17:14:55,HNUH278Q,0101,Katherine Coogan,20,20,0,2026-10-09 17:26:30,2026-10-09 17:26:30.818
2026-10-09 17:14:55,HNUH278R,0101,Max Barnewitz,20,20,0,2026-10-09 17:26:31,2026-10-09 17:26:31.126
2026-10-09 17:14:55,HNUH288C,0101,Julia Steinberg,30,30,0,2026-10-09 17:26:31,2026-10-09 17:26:31.370
2026-10-09 17:14:55,HNUH288C,0102,Julia Steinberg,30,30,0,2026-10-09 17:26:31,2026-10-09 17:26:31.370
2026-10-09 17:14:55,HNUH288O,0101,Ariana Nash,20,20,0,2026-10-09 17:26:31,2026-10-09 17:26:31.617
2026-10-09 17:14:55,HNUH300,0201,Vasfiye Toprak,20,20,0,2026-10-09 17:26:31,2026-10-09 17:26:31.863
2026-10-09 17:14:55,HNUH300,0301,Shauna Rigaud,20,20,0,2026-10-09 17:26:31,2026-10-09 17:26:31.864
2026-10-09 17:14:55,HNUH300,0401,Vasfiye Toprak,20,20,0,2026-10-09 17:26:31,2026-10-09 17:26:31.864
2026-10-09 17:14:55,HNUH300,0501,Ingrid Satelmajer,20,20,0,2026-10-09 17:26:31,2026-10-09 17:26:31.864
2026-10-09 17:14:55,HNUH300,0701,Jordan Johnson,20,20,0,2026-10-09 17:26:31,2026-10-09 17:26:31.864
2026-10-09 17:14:55,HNUH300,0801,Instructor: TBA,20,20,0,2026-10-09 17:26:31,2026-10-09 17:26:31.864
2026-10-09 17:14:55,HNUH300,0901,Alena Wigodner,20,20,0,2026-10-09 17:26:31,2026-10-09 17:26:31.864
2026-10-09 17:14:55,HNUH300,1001,Robert Graham,20,20,0,2026-10-09 17:26:31,2026-10-09 17:26:31.864
2026-10-09 17:14:55,HNUH300,1101,Max Barnewitz,20,20,0,2026-10-09 17:26:31,2026-10-09 17:26:31.864
2026-10-09 17:14:55,HNUH398P,0101,Jayakumar Arasan,120,120,0,2026-10-09 17:26:32,2026-10-09 17:26:32.098
2026-10-09 17:14:55,HNUH398P,0201,Jayakumar Arasan,120,120,0,2026-10-09 17:26:32,2026-10-09 17:26:32.098
2026-10-09 17:14:55,HONR379W,0101,Blake Wilder,15,15,0,2026-10-09 17:26:33,2026-10-09 17:26:33.512
2026-10-09 17:14:55,IDEA201,0101,Mira Azarm,20,20,0,2026-10-09 17:26:34,2026-10-09 17:26:34.976
2026-10-09 17:14:55,IDEA201,0102,Christina Hnatov,10,10,0,2026-10-09 17:26:34,2026-10-09 17:26:34.976
2026-10-09 17:14:55,IDEA201,0103,Brooke Smith,60,60,0,2026-10-09 17:26:34,2026-10-09 17:26:34.976
2026-10-09 17:14:55,IDEA201,0104,Brooke Smith,60,60,0,2026-10-09 17:26:34,2026-10-09 17:26:34.976
2026-10-09 17:14:55,IDEA311,0101,Brooke Smith,40,40,0,2026-10-09 17:26:35,2026-10-09 17:26:35.304
2026-10-09 17:14:55,IDEA311,0102,Brooke Smith,15,15,0,2026-10-09 17:26:35,2026-10-09 17:26:35.304
2026-10-09 17:14:55,IDEA312,0101,Meredith Kaunitz,15,15,0,2026-10-09 17:26:35,2026-10-09 17:26:35.563
2026-10-09 17:14:55,IMDM101,0101,Stevens Miller,30,30,0,2026-10-09 17:26:37,2026-10-09 17:26:37.570
2026-10-09 17:14:55,IMDM101,0201,Stevens Miller,30,30,0,2026-10-09 17:26:37,2026-10-09 17:26:37.570
2026-10-09 17:14:55,IMDM101,0301,Myungin Lee,30,30,0,2026-10-09 17:26:37,2026-10-09 17:26:37.570
2026-10-09 17:14:55,IMDM127,0101,Matthew Nolan,30,30,0,2026-10-09 17:26:37,2026-10-09 17:26:37.832
2026-10-09 17:14:55,IMDM150,0101,Cy Keener,45,45,0,2026-10-09 17:26:38,2026-10-09 17:26:38.084
2026-10-09 17:14:55,IMDM290,0101,Myungin Lee,30,30,0,2026-10-09 17:26:38,2026-10-09 17:26:38.336
2026-10-09 17:14:55,IMDM290,0201,Myungin Lee,30,30,0,2026-10-09 17:26:38,2026-10-09 17:26:38.336
2026-10-09 17:14:55,IMDM351,0101,Georgia Creson,15,15,0,2026-10-09 17:26:38,2026-10-09 17:26:38.620
2026-10-09 17:14:55,IMDM390,0101,Stefano Passeri,30,30,0,2026-10-09 17:26:38,2026-10-09 17:26:38.864
2026-10-09 17:14:55,IMDM390,0201,Stefano Passeri,30,30,0,2026-10-09 17:26:38,2026-10-09 17:26:38.864
2026-10-09 17:14:55,IMDM491,0101,Matthew Nolan,30,30,0,2026-10-09 17:26:39,2026-10-09 17:26:39.397
2026-10-09 17:14:55,IMDM491,0201,Matthew Nolan,30,30,0,2026-10-09 17:26:39,2026-10-09 17:26:39.397
2026-10-09 17:14:55,IMDM498I,0101,Snehesh Shrestha,16,16,0,2026-10-09 17:26:39,2026-10-09 17:26:39.639
2026-10-09 17:14:55,IMDM498J,0101,Yael Inbar,15,15,0,2026-10-09 17:26:39,2026-10-09 17:26:39.882
2026-10-09 17:14:55,IMMR200,0101,Instructor: TBA,40,40,0,2026-10-09 17:26:41,2026-10-09 17:26:41.547
2026-10-09 17:14:55,IMMR394,0101,Wenxi Yang,25,25,0,2026-10-09 17:26:41,2026-10-09 17:26:41.818
2026-10-09 17:14:55,IMMR399,0101,Christina Getrich,1,1,0,2026-10-09 17:26:42,2026-10-09 17:26:42.069
2026-10-09 17:14:55,INFM612,IM01,Instructor: TBA,40,40,0,2026-10-09 17:26:48,2026-10-09 17:26:48.290
2026-10-09 17:14:55,INFM737,IM01,David Loshin,40,40,0,2026-10-09 17:26:48,2026-10-09 17:26:48.539
2026-10-09 17:14:55,ISRL187,0101,Bernard Cooperman,23,23,0,2026-10-09 17:27:08,2026-10-09 17:27:08.049
2026-10-09 17:14:55,ISRL187,0102,Bernard Cooperman,23,23,0,2026-10-09 17:27:08,2026-10-09 17:27:08.049
2026-10-09 17:14:55,ISRL187,0103,Bernard Cooperman,23,23,0,2026-10-09 17:27:08,2026-10-09 17:27:08.049
2026-10-09 17:14:55,ISRL249O,0101,Aner Tal,35,35,0,2026-10-09 17:27:08,2026-10-09 17:27:08.341
2026-10-09 17:14:55,ISRL249P,0101,Aliza Sandalon,15,15,0,2026-10-09 17:27:08,2026-10-09 17:27:08.580
2026-10-09 17:14:55,ISRL282,0101,Shirelle Doughty,30,30,0,2026-10-09 17:27:08,2026-10-09 17:27:08.856
2026-10-09 17:14:55,ISRL329D,0101,Regev Ben-David,35,35,0,2026-10-09 17:27:09,2026-10-09 17:27:09.176
2026-10-09 17:14:55,ISRL329Y,0101,Marwa Maziad,30,30,0,2026-10-09 17:27:09,2026-10-09 17:27:09.461
2026-10-09 17:14:55,ISRL342,0101,Elli Lieberman,35,35,0,2026-10-09 17:27:09,2026-10-09 17:27:09.700
2026-10-09 17:14:55,ISRL349N,0101,Morad Elsana,30,30,0,2026-10-09 17:27:09,2026-10-09 17:27:09.942
2026-10-09 17:14:55,ISRL349W,0101,Avital Karpman,35,35,0,2026-10-09 17:27:10,2026-10-09 17:27:10.197
2026-10-09 17:14:55,ISRL372,0101,Shirelle Doughty,30,30,0,2026-10-09 17:27:10,2026-10-09 17:27:10.455
2026-10-09 17:14:55,ISRL380,0101,Regev Ben-David,35,35,0,2026-10-09 17:27:10,2026-10-09 17:27:10.705
2026-10-09 17:14:55,ISRL383,0101,Ilai Saltzman,35,35,0,2026-10-09 17:27:10,2026-10-09 17:27:10.952
2026-10-09 17:14:55,JAPN102,0101,Kumiko Akikawa,15,15,0,2026-10-09 17:27:14,2026-10-09 17:27:14.772
2026-10-09 17:14:55,JAPN102,0201,Kumiko Akikawa,15,15,0,2026-10-09 17:27:14,2026-10-09 17:27:14.772
2026-10-09 17:14:55,JAPN202,0101,Makiko Inoue,15,15,0,2026-10-09 17:27:15,2026-10-09 17:27:15.037
2026-10-09 17:14:55,JAPN202,0201,Makiko Inoue,15,15,0,2026-10-09 17:27:15,2026-10-09 17:27:15.037
2026-10-09 17:14:55,JAPN302,0101,Mari Hamada,15,15,0,2026-10-09 17:27:15,2026-10-09 17:27:15.273
2026-10-09 17:14:55,JAPN306,0101,Lindsay Yotsukura,15,15,0,2026-10-09 17:27:15,2026-10-09 17:27:15.529
2026-10-09 17:14:55,JAPN335,0101,Michele Mason,20,20,0,2026-10-09 17:27:15,2026-10-09 17:27:15.798
2026-10-09 17:14:55,JAPN355,0101,Jyana Browne,20,20,0,2026-10-09 17:27:16,2026-10-09 17:27:16.091
2026-10-09 17:14:55,JAPN361,0101,Jyana Browne,20,20,0,2026-10-09 17:27:16,2026-10-09 17:27:16.341
2026-10-09 17:14:55,JAPN425,0101,Michele Mason,30,30,0,2026-10-09 17:27:16,2026-10-09 17:27:16.833
2026-10-09 17:14:55,JAPN457,0101,Lindsay Yotsukura,15,15,0,2026-10-09 17:27:17,2026-10-09 17:27:17.070
2026-10-09 17:14:55,JWST187,0101,Bernard Cooperman,23,23,0,2026-10-09 17:27:36,2026-10-09 17:27:36.356
2026-10-09 17:14:55,JWST187,0102,Bernard Cooperman,23,23,0,2026-10-09 17:27:36,2026-10-09 17:27:36.356
2026-10-09 17:14:55,JWST187,0103,Bernard Cooperman,23,23,0,2026-10-09 17:27:36,2026-10-09 17:27:36.356
2026-10-09 17:14:55,JWST233,0101,Hayim Lapin,45,45,0,2026-10-09 17:27:36,2026-10-09 17:27:36.598
2026-10-09 17:14:55,JWST319A,0101,Daniel Richter,35,35,0,2026-10-09 17:27:36,2026-10-09 17:27:36.855
2026-10-09 17:14:55,JWST319J,0101,Nathan Levine,35,35,0,2026-10-09 17:27:37,2026-10-09 17:27:37.119
2026-10-09 17:14:55,JWST319P,0101,Lauren Kotkin,18,18,0,2026-10-09 17:27:37,2026-10-09 17:27:37.360
2026-10-09 17:14:55,JWST319Q,0101,Regev Ben-David,35,35,0,2026-10-09 17:27:37,2026-10-09 17:27:37.618
2026-10-09 17:14:55,JWST319W,0101,Avital Karpman,35,35,0,2026-10-09 17:27:37,2026-10-09 17:27:37.914
2026-10-09 17:14:55,JWST324,0101,Matthew Suriano,25,25,0,2026-10-09 17:27:38,2026-10-09 17:27:38.160
2026-10-09 17:14:55,JWST372,0101,Shirelle Doughty,30,30,0,2026-10-09 17:27:38,2026-10-09 17:27:38.403
2026-10-09 17:14:55,JWST386,0101,Instructor: TBA,5,5,0,2026-10-09 17:27:38,2026-10-09 17:27:38.689
2026-10-09 17:14:55,JWST419B,0101,Bernard Cooperman,20,20,0,2026-10-09 17:27:39,2026-10-09 17:27:39.201
2026-10-09 17:14:55,JWST427,0101,Matthew Suriano,15,15,0,2026-10-09 17:27:39,2026-10-09 17:27:39.447
2026-10-09 17:14:55,JWST469C,0101,Bernard Cooperman,10,10,0,2026-10-09 17:27:39,2026-10-09 17:27:39.704
2026-10-09 17:14:55,KORA101,0101,Seong Minne Koh,15,15,0,2026-10-09 17:28:02,2026-10-09 17:28:02.088
2026-10-09 17:14:55,KORA102,0101,Saerom Kwak,15,15,0,2026-10-09 17:28:02,2026-10-09 17:28:02.364
2026-10-09 17:14:55,KORA102,0201,Saerom Kwak,15,15,0,2026-10-09 17:28:02,2026-10-09 17:28:02.364
2026-10-09 17:14:55,KORA102,0301,Saerom Kwak,15,15,0,2026-10-09 17:28:02,2026-10-09 17:28:02.364
2026-10-09 17:14:55,KORA102,0401,Saerom Kwak,15,15,0,2026-10-09 17:28:02,2026-10-09 17:28:02.364
2026-10-09 17:14:55,KORA202,0101,Seong Minne Koh,15,15,0,2026-10-09 17:28:02,2026-10-09 17:28:02.631
2026-10-09 17:14:55,KORA202,0301,Seong Minne Koh,15,15,0,2026-10-09 17:28:02,2026-10-09 17:28:02.631
2026-10-09 17:14:55,KORA398O,0101,Instructor: TBA,10,10,0,2026-10-09 17:28:02,2026-10-09 17:28:02.910
2026-10-09 17:14:55,KORA398V,0101,Seong Minne Koh,10,10,0,2026-10-09 17:28:03,2026-10-09 17:28:03.228
2026-10-09 17:14:55,LEAD217,0101,Festus Ainoo,25,25,0,2026-10-09 17:28:17,2026-10-09 17:28:17.266
2026-10-09 17:14:55,LEAD217,0201,Festus Ainoo,25,25,0,2026-10-09 17:28:17,2026-10-09 17:28:17.266
2026-10-09 17:14:55,LEAD321,0101,Courtney Holder,10,10,0,2026-10-09 17:28:17,2026-10-09 17:28:17.515
2026-10-09 17:14:55,LEAD417,0101,Anastasia Lavrenyuk,20,20,0,2026-10-09 17:28:17,2026-10-09 17:28:17.832
2026-10-09 17:14:55,LGBT200,0101,Sayan Bhattacharya,25,25,0,2026-10-09 17:28:19,2026-10-09 17:28:19.275
2026-10-09 17:14:55,LGBT200,0102,Sayan Bhattacharya,25,25,0,2026-10-09 17:28:19,2026-10-09 17:28:19.275
2026-10-09 17:14:55,LGBT265,0201,Instructor: TBA,30,30,0,2026-10-09 17:28:19,2026-10-09 17:28:19.573
2026-10-09 17:14:55,LGBT306,0101,Sydney Lewis,30,30,0,2026-10-09 17:28:19,2026-10-09 17:28:19.810
2026-10-09 17:14:55,LGBT310,0101,Sayan Bhattacharya,25,25,0,2026-10-09 17:28:20,2026-10-09 17:28:20.210
2026-10-09 17:14:55,LGBT338F,0101,Alexis Lothian,30,30,0,2026-10-09 17:28:20,2026-10-09 17:28:20.447
2026-10-09 17:14:55,LGBT475,0101,Sydney Lewis,20,20,0,2026-10-09 17:28:20,2026-10-09 17:28:20.695
2026-10-09 17:14:55,MLAW150,0101,David Gray,25,25,0,2026-10-09 17:28:52,2026-10-09 17:28:52.451
2026-10-09 17:14:55,MLAW150,0102,David Gray,25,25,0,2026-10-09 17:28:52,2026-10-09 17:28:52.451
2026-10-09 17:14:55,MLAW150,0103,David Gray,25,25,0,2026-10-09 17:28:52,2026-10-09 17:28:52.451
2026-10-09 17:14:55,MLAW304,0101,Christine White,40,40,0,2026-10-09 17:28:52,2026-10-09 17:28:52.701
2026-10-09 17:14:55,MLAW305,0201,Brian Gilmore,60,60,0,2026-10-09 17:28:52,2026-10-09 17:28:52.949
2026-10-09 17:14:55,MLAW325,0101,Grace Benton,12,12,0,2026-10-09 17:28:53,2026-10-09 17:28:53.250
2026-10-09 17:14:55,MLAW358W,0101,Michael Spivey,25,25,0,2026-10-09 17:28:53,2026-10-09 17:28:53.554
2026-10-09 17:14:55,MLAW358W,0102,Michael Spivey,25,25,0,2026-10-09 17:28:53,2026-10-09 17:28:53.554
2026-10-09 17:14:55,MLAW358W,0103,Michael Spivey,25,25,0,2026-10-09 17:28:53,2026-10-09 17:28:53.554
2026-10-09 17:14:55,MLAW358W,0104,Michael Spivey,25,25,0,2026-10-09 17:28:53,2026-10-09 17:28:53.554
2026-10-09 17:14:55,MLAW358W,0105,Michael Spivey,25,25,0,2026-10-09 17:28:53,2026-10-09 17:28:53.554
2026-10-09 17:14:55,MLAW358W,0106,Michael Spivey,25,25,0,2026-10-09 17:28:53,2026-10-09 17:28:53.554
2026-10-09 17:14:55,MLAW358Y,0101,Martin Kobren,5,5,0,2026-10-09 17:28:53,2026-10-09 17:28:53.828
2026-10-09 17:14:55,MLAW358Z,0101,Christine White,19,19,0,2026-10-09 17:28:54,2026-10-09 17:28:54.080
2026-10-09 17:14:55,MLAW359,0101,Brandee Pettus,8,8,0,2026-10-09 17:28:54,2026-10-09 17:28:54.330
2026-10-09 17:14:55,MLAW378E,0101,Brandee Pettus,5,5,0,2026-10-09 17:28:54,2026-10-09 17:28:54.585
2026-10-09 17:14:55,MLAW378F,0101,Brian Gilmore,15,15,0,2026-10-09 17:28:54,2026-10-09 17:28:54.819
2026-10-09 17:14:55,MLAW378J,0101,Natalie Ram,20,20,0,2026-10-09 17:28:55,2026-10-09 17:28:55.069
2026-10-09 17:14:55,MLAW378T,0101,Marley Weiss,20,20,0,2026-10-09 17:28:55,2026-10-09 17:28:55.355
2026-10-09 17:14:55,MLAW388,0101,Brandee Pettus,33,33,0,2026-10-09 17:28:55,2026-10-09 17:28:55.619
2026-10-09 17:14:55,MLAW388,0201,Brandee Pettus,6,6,0,2026-10-09 17:28:55,2026-10-09 17:28:55.619
2026-10-09 17:14:55,MLAW404,0101,Christine White,75,75,0,2026-10-09 17:28:55,2026-10-09 17:28:55.861
2026-10-09 17:14:55,MSAI632,PCS1,Mohammad Nayeem Teli,50,50,0,2026-10-09 17:28:57,2026-10-09 17:28:57.293
2026-10-09 17:14:55,MSAI633,PCS1,Tammy Perrin,44,44,0,2026-10-09 17:28:57,2026-10-09 17:28:57.533
2026-10-09 17:14:55,NAVY101,0101,Beau Cisneros,30,30,0,2026-10-09 17:29:26,2026-10-09 17:29:26.256
2026-10-09 17:14:55,NAVY108,0101,Christopher Boehm,150,150,0,2026-10-09 17:29:26,2026-10-09 17:29:26.498
2026-10-09 17:14:55,NAVY201,0101,Austin Cranfill,30,30,0,2026-10-09 17:29:26,2026-10-09 17:29:26.755
2026-10-09 17:14:55,NAVY301,0101,Beau Cisneros,35,35,0,2026-10-09 17:29:26,2026-10-09 17:29:26.998
2026-10-09 17:14:55,NAVY401,0101,John Gonser,36,36,0,2026-10-09 17:29:27,2026-10-09 17:29:27.257
2026-10-09 17:14:55,NAVY402,0102,Jenna Weiner,25,25,0,2026-10-09 17:29:27,2026-10-09 17:29:27.508
2026-10-09 17:14:55,NEUR200,0101,Ana Navarro Cebrian,90,90,0,2026-10-09 17:29:28,2026-10-09 17:29:28.935
2026-10-09 17:14:55,NEUR200,0201,Ana Navarro Cebrian,90,90,0,2026-10-09 17:29:28,2026-10-09 17:29:28.935
2026-10-09 17:14:55,NEUR305,0101,Amanda Chicoli,90,90,0,2026-10-09 17:29:29,2026-10-09 17:29:29.193
2026-10-09 17:14:55,NEUR306,0101,Chan Lin,64,64,0,2026-10-09 17:29:29,2026-10-09 17:29:29.493
2026-10-09 17:14:55,NEUR306,0102,Melissa Caras,40,40,0,2026-10-09 17:29:29,2026-10-09 17:29:29.493
2026-10-09 17:14:55,NEUR338A,0101,Amanda Chicoli,20,20,0,2026-10-09 17:29:29,2026-10-09 17:29:29.997
2026-10-09 17:14:55,NEUR398H,0101,Nikolas Francis,20,20,0,2026-10-09 17:29:30,2026-10-09 17:29:30.790
2026-10-09 17:14:55,NEUR405,0101,Hilary Bierman,16,16,0,2026-10-09 17:29:31,2026-10-09 17:29:31.083
2026-10-09 17:14:55,NEUR405,0102,Hilary Bierman,16,16,0,2026-10-09 17:29:31,2026-10-09 17:29:31.083
2026-10-09 17:14:55,NEUR405,0103,Hilary Bierman,16,16,0,2026-10-09 17:29:31,2026-10-09 17:29:31.083
2026-10-09 17:14:55,NEUR405,0106,Hilary Bierman,16,16,0,2026-10-09 17:29:31,2026-10-09 17:29:31.083
2026-10-09 17:14:55,PEER318,0101,Christina Jay,15,15,0,2026-10-09 17:29:39,2026-10-09 17:29:39.830
2026-10-09 17:14:55,PEER319,0101,Grace Boudreau,15,15,0,2026-10-09 17:29:40,2026-10-09 17:29:40.093
2026-10-09 17:14:55,PEER322,0101,Aleia Gardner,15,15,0,2026-10-09 17:29:40,2026-10-09 17:29:40.339
2026-10-09 17:14:55,PHPE308A,0101,Rachel Singpurwalla,25,25,0,2026-10-09 17:29:49,2026-10-09 17:29:49.396
2026-10-09 17:14:55,PHPE308M,0101,Eric Pacuit,30,30,0,2026-10-09 17:29:49,2026-10-09 17:29:49.637
2026-10-09 17:14:55,PHPE308P,0101,Xinzhi Zhao,30,30,0,2026-10-09 17:29:49,2026-10-09 17:29:49.890
2026-10-09 17:14:55,PHPE308U,0101,Aner Tal,35,35,0,2026-10-09 17:29:50,2026-10-09 17:29:50.147
2026-10-09 17:14:55,PHPE308Z,0101,Hallie Liberto,30,30,0,2026-10-09 17:29:50,2026-10-09 17:29:50.389
2026-10-09 17:14:55,PHPE400,0101,Instructor: TBA,30,30,0,2026-10-09 17:29:50,2026-10-09 17:29:50.891
2026-10-09 17:14:55,PHPE401,0101,Xinzhi Zhao,27,27,0,2026-10-09 17:29:51,2026-10-09 17:29:51.186
2026-10-09 17:14:55,PHPE401,0102,Xinzhi Zhao,27,27,0,2026-10-09 17:29:51,2026-10-09 17:29:51.187
2026-10-09 17:14:55,PHPE402,0101,Ben Fan,30,30,0,2026-10-09 17:29:51,2026-10-09 17:29:51.442
2026-10-09 17:14:55,PHPE408M,0101,Nicholas Laskowski,25,25,0,2026-10-09 17:29:51,2026-10-09 17:29:51.686
2026-10-09 17:14:55,PHPE408Q,0101,Samuel Kerstein,20,20,0,2026-10-09 17:29:51,2026-10-09 17:29:51.942
2026-10-09 17:14:55,PHPE408Z,0101,Avia Pasternak,30,30,0,2026-10-09 17:29:52,2026-10-09 17:29:52.191
2026-10-09 17:14:55,PHSC399,0101,Shannon Edward,30,30,0,2026-10-09 17:29:53,2026-10-09 17:29:53.937
2026-10-09 17:14:55,PHSC399,ESG1,Shannon Edward,20,20,0,2026-10-09 17:29:53,2026-10-09 17:29:53.937
2026-10-09 17:14:55,PHSC415,0101,Jessica O'Hara,36,36,0,2026-10-09 17:29:54,2026-10-09 17:29:54.198
2026-10-09 17:14:55,PHSC415,0102,Jessica O'Hara,36,36,0,2026-10-09 17:29:54,2026-10-09 17:29:54.198
2026-10-09 17:14:55,PHSC415,0103,Jessica O'Hara,36,36,0,2026-10-09 17:29:54,2026-10-09 17:29:54.198
2026-10-09 17:14:55,PHSC415,0104,Jessica O'Hara,36,36,0,2026-10-09 17:29:54,2026-10-09 17:29:54.198
2026-10-09 17:14:55,PHSC415,0105,Jessica O'Hara,36,36,0,2026-10-09 17:29:54,2026-10-09 17:29:54.198
2026-10-09 17:14:55,PHSC425,0101,Jennifer German,30,30,0,2026-10-09 17:29:54,2026-10-09 17:29:54.439
2026-10-09 17:14:55,PHSC440,0101,Kendall Bustad,35,35,0,2026-10-09 17:29:54,2026-10-09 17:29:54.752
2026-10-09 17:14:55,PHSC450,0101,Kendall Bustad,20,20,0,2026-10-09 17:29:54,2026-10-09 17:29:55.003
2026-10-09 17:14:55,PHSC450,0102,Kendall Bustad,20,20,0,2026-10-09 17:29:54,2026-10-09 17:29:55.003
2026-10-09 17:14:55,PHSC450,0103,Kendall Bustad,20,20,0,2026-10-09 17:29:54,2026-10-09 17:29:55.003
2026-10-09 17:14:55,PHSC450,0104,Kendall Bustad,20,20,0,2026-10-09 17:29:54,2026-10-09 17:29:55.003
2026-10-09 17:14:55,PHSC450,0105,Kendall Bustad,20,20,0,2026-10-09 17:29:54,2026-10-09 17:29:55.004
2026-10-09 17:14:55,PHSC450,0106,Kendall Bustad,20,20,0,2026-10-09 17:29:54,2026-10-09 17:29:55.004
2026-10-09 17:14:55,PHSC450,0107,Kendall Bustad,20,20,0,2026-10-09 17:29:54,2026-10-09 17:29:55.004
2026-10-09 17:14:55,PHSC490,0101,Shannon Edward,30,30,0,2026-10-09 17:29:55,2026-10-09 17:29:55.296
2026-10-09 17:14:55,PHSC497,0101,Gretchen De Silva,20,20,0,2026-10-09 17:29:55,2026-10-09 17:29:55.588
2026-10-09 17:14:55,PHSC497,0201,Kendall Bustad,20,20,0,2026-10-09 17:29:55,2026-10-09 17:29:55.588
2026-10-09 17:14:55,PHSC497,0301,Gretchen De Silva,20,20,0,2026-10-09 17:29:55,2026-10-09 17:29:55.588
2026-10-09 17:14:55,PHSC497,0401,Aysha Jawed,20,20,0,2026-10-09 17:29:55,2026-10-09 17:29:55.588
2026-10-09 17:14:55,PHSC497,0501,Jennifer German,20,20,0,2026-10-09 17:29:55,2026-10-09 17:29:55.588
2026-10-09 17:14:55,PHSC497,0601,Ann Truelove,20,20,0,2026-10-09 17:29:55,2026-10-09 17:29:55.588
2026-10-09 17:14:55,PHSC497,0701,Lakeshia Watson,20,20,0,2026-10-09 17:29:55,2026-10-09 17:29:55.588
2026-10-09 17:14:55,PHSC497,0801,Carmen Booker,20,20,0,2026-10-09 17:29:55,2026-10-09 17:29:55.588
2026-10-09 17:14:55,PHSC497,0901,Darya Soltani,20,20,0,2026-10-09 17:29:55,2026-10-09 17:29:55.589
2026-10-09 17:14:55,PHSC497,1001,Brienna Anderson,20,20,0,2026-10-09 17:29:55,2026-10-09 17:29:55.589
2026-10-09 17:14:55,PHSC497,1101,Margaret Smith,20,20,0,2026-10-09 17:29:55,2026-10-09 17:29:55.589
2026-10-09 17:14:55,PHSC497,1201,Eric Silfen,20,20,0,2026-10-09 17:29:55,2026-10-09 17:29:55.589
2026-10-09 17:14:55,PHSC497,1301,Lakeshia Watson,20,20,0,2026-10-09 17:29:55,2026-10-09 17:29:55.589
2026-10-09 17:14:55,RDEV250,0101,Wayne Ricardo Curtis,75,75,0,2026-10-09 17:30:48,2026-10-09 17:30:48.023
2026-10-09 17:14:55,RDEV250,0102,Wayne Ricardo Curtis,75,75,0,2026-10-09 17:30:48,2026-10-09 17:30:48.023
2026-10-09 17:14:55,RDEV270,0101,John Park,30,30,0,2026-10-09 17:30:48,2026-10-09 17:30:48.266
2026-10-09 17:14:55,RDEV350,0101,Jesse Saginor,25,25,0,2026-10-09 17:30:48,2026-10-09 17:30:48.569
2026-10-09 17:14:55,RDEV350,0102,Instructor: TBA,30,30,0,2026-10-09 17:30:48,2026-10-09 17:30:48.570
2026-10-09 17:14:55,RDEV410,0101,Peter Goldsmith,30,30,0,2026-10-09 17:30:48,2026-10-09 17:30:48.820
2026-10-09 17:14:55,RDEV415,0101,Bilal Ali,20,20,0,2026-10-09 17:30:49,2026-10-09 17:30:49.091
2026-10-09 17:14:55,RDEV445,0101,Matthew O'Malley,15,15,0,2026-10-09 17:30:49,2026-10-09 17:30:49.349
2026-10-09 17:14:55,RDEV450,0101,Kathryn Corby,30,30,0,2026-10-09 17:30:49,2026-10-09 17:30:49.606
2026-10-09 17:14:55,RDEV450,0102,Thomas Dwyer,20,20,0,2026-10-09 17:30:49,2026-10-09 17:30:49.606
2026-10-09 17:14:55,RDEV450,0103,John Park,30,30,0,2026-10-09 17:30:49,2026-10-09 17:30:49.606
2026-10-09 17:14:55,RDEV478D,0101,Jesse Saginor,20,20,0,2026-10-09 17:30:49,2026-10-09 17:30:49.869
2026-10-09 17:14:55,RDEV600,0101,Jesse Saginor,10,10,0,2026-10-09 17:30:50,2026-10-09 17:30:50.169
2026-10-09 17:14:55,RDEV603,0101,Thomas Dwyer,18,18,0,2026-10-09 17:30:50,2026-10-09 17:30:50.408
2026-10-09 17:14:55,RDEV610,0101,David Warner,20,20,0,2026-10-09 17:30:50,2026-10-09 17:30:50.651
2026-10-09 17:14:55,RDEV615,0101,Bilal Ali,20,20,0,2026-10-09 17:30:50,2026-10-09 17:30:50.904
2026-10-09 17:14:55,RDEV630,0101,Mansur Abdul-Malik,30,30,0,2026-10-09 17:30:51,2026-10-09 17:30:51.157
2026-10-09 17:14:55,RDEV650,0101,Matthew O'Malley,25,25,0,2026-10-09 17:30:51,2026-10-09 17:30:51.418
2026-10-09 17:14:55,RDEV689F,0101,Zachary Marks,20,20,0,2026-10-09 17:30:51,2026-10-09 17:30:51.669
2026-10-09 17:14:55,RDEV689I,0101,Ronald McDonald,14,14,0,2026-10-09 17:30:51,2026-10-09 17:30:51.919
2026-10-09 17:14:55,RDEV689R,0101,Nick Egelanian,15,15,0,2026-10-09 17:30:52,2026-10-09 17:30:52.182
2026-10-09 17:14:55,RDEV689Y,0101,Instructor: TBA,12,12,0,2026-10-09 17:30:52,2026-10-09 17:30:52.420
2026-10-09 17:14:55,RDEV690,0101,Tanya Bansal,12,12,0,2026-10-09 17:30:52,2026-10-09 17:30:52.676
2026-10-09 17:14:55,RELS170,0101,Katherine Wasdin,21,21,0,2026-10-09 17:30:54,2026-10-09 17:30:54.188
2026-10-09 17:14:55,RELS170,0102,Katherine Wasdin,21,21,0,2026-10-09 17:30:54,2026-10-09 17:30:54.188
2026-10-09 17:14:55,RELS170,0103,Katherine Wasdin,21,21,0,2026-10-09 17:30:54,2026-10-09 17:30:54.188
2026-10-09 17:14:55,RELS170,0104,Katherine Wasdin,21,21,0,2026-10-09 17:30:54,2026-10-09 17:30:54.188
2026-10-09 17:14:55,RELS170,0105,Katherine Wasdin,21,21,0,2026-10-09 17:30:54,2026-10-09 17:30:54.188
2026-10-09 17:14:55,RELS170,0106,Katherine Wasdin,21,21,0,2026-10-09 17:30:54,2026-10-09 17:30:54.188
2026-10-09 17:14:55,RELS170,0107,Katherine Wasdin,21,21,0,2026-10-09 17:30:54,2026-10-09 17:30:54.188
2026-10-09 17:14:55,RELS170,0108,Katherine Wasdin,21,21,0,2026-10-09 17:30:54,2026-10-09 17:30:54.188
2026-10-09 17:14:55,RELS170,0109,Katherine Wasdin,21,21,0,2026-10-09 17:30:54,2026-10-09 17:30:54.188
2026-10-09 17:14:55,RELS264,0101,Jay Moses,30,30,0,2026-10-09 17:30:54,2026-10-09 17:30:54.447
2026-10-09 17:14:55,RELS271,0101,Instructor: TBA,40,40,0,2026-10-09 17:30:54,2026-10-09 17:30:54.695
2026-10-09 17:14:55,RELS319Q,0101,Regev Ben-David,35,35,0,2026-10-09 17:30:54,2026-10-09 17:30:54.935
2026-10-09 17:14:55,RELS342,0101,Stefano Villani,27,27,0,2026-10-09 17:30:55,2026-10-09 17:30:55.194
2026-10-09 17:14:55,RELS427,0101,Matthew Suriano,15,15,0,2026-10-09 17:30:55,2026-10-09 17:30:55.429
2026-10-09 17:14:55,RELS429M,0101,Antoine Borrut,27,27,0,2026-10-09 17:30:55,2026-10-09 17:30:55.663
2026-10-09 17:14:55,RUSS102,0101,Inna Hardman,15,15,0,2026-10-09 17:30:57,2026-10-09 17:30:57.141
2026-10-09 17:14:55,RUSS102,0201,Inna Hardman,15,15,0,2026-10-09 17:30:57,2026-10-09 17:30:57.142
2026-10-09 17:14:55,RUSS202,0101,Zhanna Gerus-Vernola,15,15,0,2026-10-09 17:30:57,2026-10-09 17:30:57.407
2026-10-09 17:14:55,RUSS302,0101,Izolda Savenkova,15,15,0,2026-10-09 17:30:57,2026-10-09 17:30:57.653
2026-10-09 17:14:55,RUSS398A,0101,Instructor: TBA,15,15,0,2026-10-09 17:30:58,2026-10-09 17:30:58.219
2026-10-09 17:14:55,RUSS398F,0101,Elizabeth Papazian,25,25,0,2026-10-09 17:30:58,2026-10-09 17:30:58.462
2026-10-09 17:14:55,RUSS406,0101,Izolda Savenkova,15,15,0,2026-10-09 17:30:58,2026-10-09 17:30:58.938
2026-10-09 17:14:55,RUSS412,0101,Inna Hardman,15,15,0,2026-10-09 17:30:59,2026-10-09 17:30:59.177
2026-10-09 17:14:55,SDSB123,0101,Srijeeta Mitra,26,26,0,2026-10-09 17:31:00,2026-10-09 17:31:00.878
2026-10-09 17:14:55,SDSB180,0101,Srijeeta Mitra,155,155,0,2026-10-09 17:31:01,2026-10-09 17:31:01.121
2026-10-09 17:14:55,SDSB233,0101,Richard Engstrom,28,28,0,2026-10-09 17:31:01,2026-10-09 17:31:01.384
2026-10-09 17:14:55,SDSB233,0102,Richard Engstrom,28,28,0,2026-10-09 17:31:01,2026-10-09 17:31:01.384
2026-10-09 17:14:55,SDSB326,0101,Jacob Coutts,40,40,0,2026-10-09 17:31:01,2026-10-09 17:31:01.823
2026-10-09 17:14:55,SDSB340,0101,Neil Lund,24,24,0,2026-10-09 17:31:02,2026-10-09 17:31:02.169
2026-10-09 17:14:55,SDSI414,0101,Instructor: TBA,40,40,0,2026-10-09 17:31:03,2026-10-09 17:31:03.643
2026-10-09 17:14:55,SDSI414,0102,Instructor: TBA,40,40,0,2026-10-09 17:31:03,2026-10-09 17:31:03.643
2026-10-09 17:14:55,SDSI414,0103,Instructor: TBA,40,40,0,2026-10-09 17:31:03,2026-10-09 17:31:03.643
2026-10-09 17:14:55,SDSI414,0201,Instructor: TBA,40,40,0,2026-10-09 17:31:03,2026-10-09 17:31:03.644
2026-10-09 17:14:55,SDSI414,0202,Instructor: TBA,40,40,0,2026-10-09 17:31:03,2026-10-09 17:31:03.644
2026-10-09 17:14:55,SDSI492,0101,Instructor: TBA,45,45,0,2026-10-09 17:31:03,2026-10-09 17:31:03.942
2026-10-09 17:14:55,SDSI492,0103,Instructor: TBA,45,45,0,2026-10-09 17:31:03,2026-10-09 17:31:03.942
2026-10-09 17:14:55,SDSI492,0104,Andrew Fellows,35,35,0,2026-10-09 17:31:03,2026-10-09 17:31:03.942
2026-10-09 17:14:55,SDSI492,0105,Instructor: TBA,45,45,0,2026-10-09 17:31:03,2026-10-09 17:31:03.943
2026-10-09 17:14:55,SDSI492,0106,Instructor: TBA,45,45,0,2026-10-09 17:31:03,2026-10-09 17:31:03.943
2026-10-09 17:14:55,SDSI492,0107,TJ Rainsford,45,45,0,2026-10-09 17:31:03,2026-10-09 17:31:03.943
2026-10-09 17:14:55,SDSI492,0108,TJ Rainsford,45,45,0,2026-10-09 17:31:03,2026-10-09 17:31:03.943
2026-10-09 17:14:55,SDSI492,0110,Patrick Thornton,45,45,0,2026-10-09 17:31:03,2026-10-09 17:31:03.943
2026-10-09 17:14:55,SDSI496,0101,Jacob Coutts,25,25,0,2026-10-09 17:31:04,2026-10-09 17:31:04.207
2026-10-09 17:14:55,SMLP471,0101,Jennifer Hsin,60,60,0,2026-10-09 17:31:10,2026-10-09 17:31:10.629
2026-10-09 17:14:55,SMLP474,0101,Sara Herald,60,60,0,2026-10-09 17:31:10,2026-10-09 17:31:10.861
2026-10-09 17:14:55,SPHL100,0101,Shuling Wu,20,20,0,2026-10-09 17:31:31,2026-10-09 17:31:31.919
2026-10-09 17:14:55,SPHL100,0102,Shuling Wu,20,20,0,2026-10-09 17:31:31,2026-10-09 17:31:31.919
2026-10-09 17:14:55,SPHL100,0103,Shuling Wu,20,20,0,2026-10-09 17:31:31,2026-10-09 17:31:31.919
2026-10-09 17:14:55,SPHL100,0104,Shuling Wu,20,20,0,2026-10-09 17:31:31,2026-10-09 17:31:31.919
2026-10-09 17:14:55,SPHL100,0105,Shuling Wu,20,20,0,2026-10-09 17:31:31,2026-10-09 17:31:31.919
2026-10-09 17:14:55,SPHL100,0106,Shuling Wu,20,20,0,2026-10-09 17:31:31,2026-10-09 17:31:31.919
2026-10-09 17:14:55,SPHL100,0107,Shuling Wu,20,20,0,2026-10-09 17:31:31,2026-10-09 17:31:31.919
2026-10-09 17:14:55,SPHL100,0108,Shuling Wu,20,20,0,2026-10-09 17:31:31,2026-10-09 17:31:31.919
2026-10-09 17:14:55,SPHL100,0109,Shuling Wu,20,20,0,2026-10-09 17:31:31,2026-10-09 17:31:31.919
2026-10-09 17:14:55,SPHL100,0110,Shuling Wu,20,20,0,2026-10-09 17:31:31,2026-10-09 17:31:31.919
2026-10-09 17:14:55,SPHL100,0201,Shuling Wu,20,20,0,2026-10-09 17:31:31,2026-10-09 17:31:31.919
2026-10-09 17:14:55,SPHL100,0202,Shuling Wu,20,20,0,2026-10-09 17:31:31,2026-10-09 17:31:31.920
2026-10-09 17:14:55,SPHL100,0203,Shuling Wu,20,20,0,2026-10-09 17:31:31,2026-10-09 17:31:31.920
2026-10-09 17:14:55,SPHL100,0204,Shuling Wu,20,20,0,2026-10-09 17:31:31,2026-10-09 17:31:31.920
2026-10-09 17:14:55,SPHL100,0205,Shuling Wu,20,20,0,2026-10-09 17:31:31,2026-10-09 17:31:31.920
2026-10-09 17:14:55,SPHL100,0206,Shuling Wu,20,20,0,2026-10-09 17:31:31,2026-10-09 17:31:31.920
2026-10-09 17:14:55,SPHL100,0207,Shuling Wu,20,20,0,2026-10-09 17:31:31,2026-10-09 17:31:31.920
2026-10-09 17:14:55,SPHL100,0208,Shuling Wu,20,20,0,2026-10-09 17:31:31,2026-10-09 17:31:31.920
2026-10-09 17:14:55,SPHL246,0101,April Khaing,20,20,0,2026-10-09 17:31:32,2026-10-09 17:31:32.169
2026-10-09 17:14:55,SPHL276,0101,Dina Borzekowski,25,25,0,2026-10-09 17:31:32,2026-10-09 17:31:32.407
2026-10-09 17:14:55,SPHL321,0101,Sylvette La Touche-Howard,15,15,0,2026-10-09 17:31:32,2026-10-09 17:31:32.657
2026-10-09 17:14:55,SPHL333,0101,Cynthia Kershaw,75,75,0,2026-10-09 17:31:32,2026-10-09 17:31:32.928
2026-10-09 17:14:55,SPHL478,0101,Tracy Zeeger,10,10,0,2026-10-09 17:31:33,2026-10-09 17:31:33.424
2026-10-09 17:14:55,SPHL600,0101,Sylvette La Touche-Howard,8,8,0,2026-10-09 17:31:33,2026-10-09 17:31:33.657
2026-10-09 17:14:55,SPHL610,0101,Danielle Catona,22,22,0,2026-10-09 17:31:33,2026-10-09 17:31:33.906
2026-10-09 17:14:55,SPHL610,0102,Danielle Catona,22,22,0,2026-10-09 17:31:33,2026-10-09 17:31:33.906
2026-10-09 17:14:55,SPHL610,0103,Danielle Catona,22,22,0,2026-10-09 17:31:33,2026-10-09 17:31:33.906
2026-10-09 17:14:55,SPHL610,PLB1,Priscilla Novak,20,20,0,2026-10-09 17:31:33,2026-10-09 17:31:33.906
2026-10-09 17:14:55,SPHL610,PLH1,Priscilla Novak,28,28,0,2026-10-09 17:31:33,2026-10-09 17:31:33.907
2026-10-09 17:14:55,SPHL610,PLK1,Priscilla Novak,5,5,0,2026-10-09 17:31:33,2026-10-09 17:31:33.907
2026-10-09 17:14:55,SPHL611,0101,Danielle Catona,45,45,0,2026-10-09 17:31:34,2026-10-09 17:31:34.155
2026-10-09 17:14:55,SPHL611,0201,Danielle Catona,45,45,0,2026-10-09 17:31:34,2026-10-09 17:31:34.155
2026-10-09 17:14:55,SPHL611,PLB1,Evelyn King-Marshall,20,20,0,2026-10-09 17:31:34,2026-10-09 17:31:34.155
2026-10-09 17:14:55,SPHL611,PLH1,Evelyn King-Marshall,28,28,0,2026-10-09 17:31:34,2026-10-09 17:31:34.155
2026-10-09 17:14:55,SPHL611,PLK1,Evelyn King-Marshall,5,5,0,2026-10-09 17:31:34,2026-10-09 17:31:34.155
2026-10-09 17:14:55,SPHL612,0101,James Hagberg,15,15,0,2026-10-09 17:31:34,2026-10-09 17:31:34.452
2026-10-09 17:14:55,TLTC310,0101,Danielle Pafe,20,20,0,2026-10-09 17:32:00,2026-10-09 17:32:00.613
2026-10-09 17:14:55,TLTC333,0101,Mona Thompson,55,55,0,2026-10-09 17:32:00,2026-10-09 17:32:00.863
2026-10-09 17:14:55,TLTC333,0102,Mona Thompson,55,55,0,2026-10-09 17:32:00,2026-10-09 17:32:00.863
2026-10-09 17:14:55,TLTC333,0105,Mona Thompson,55,55,0,2026-10-09 17:32:00,2026-10-09 17:32:00.864
2026-10-09 17:14:55,URSP372,0101,Priscila Alves,20,20,0,2026-10-09 17:32:08,2026-10-09 17:32:08.313
2026-10-09 17:14:55,URSP488A,0101,Chengri Ding,30,30,0,2026-10-09 17:32:08,2026-10-09 17:32:08.550
2026-10-09 17:14:55,URSP600,0101,Kevin Nelson,25,25,0,2026-10-09 17:32:08,2026-10-09 17:32:08.799
2026-10-09 17:14:55,URSP603,0101,Dawn Jourdan,33,33,0,2026-10-09 17:32:09,2026-10-09 17:32:09.045
2026-10-09 17:14:55,URSP606,0101,Chengri Ding,15,15,0,2026-10-09 17:32:09,2026-10-09 17:32:09.308
2026-10-09 17:14:55,URSP631,0101,Hiroyuki Iseki,15,15,0,2026-10-09 17:32:09,2026-10-09 17:32:09.560
2026-10-09 17:14:55,URSP668B,0101,Eric Burnstein,20,20,0,2026-10-09 17:32:09,2026-10-09 17:32:09.808
2026-10-09 17:14:55,URSP673,0101,Riem ElZoghbi,25,25,0,2026-10-09 17:32:10,2026-10-09 17:32:10.090
2026-10-09 17:14:55,URSP688M,0101,Andrew Bernish,20,20,0,2026-10-09 17:32:10,2026-10-09 17:32:10.320
2026-10-09 17:14:55,URSP688P,0101,Sonja Ewing,15,15,0,2026-10-09 17:32:10,2026-10-09 17:32:10.626
2026-10-09 17:14:55,URSP688Y,0101,Chester Harvey,30,30,0,2026-10-09 17:32:10,2026-10-09 17:32:10.875
2026-10-09 17:14:55,URSP708,0101,Nicholas Finio,10,10,0,2026-10-09 17:32:11,2026-10-09 17:32:11.124
2026-10-09 17:14:55,URSP709,0101,Casey Dawkins,10,10,0,2026-10-09 17:32:11,2026-10-09 17:32:11.399
2026-10-09 17:14:55,URSP805,0101,Casey Dawkins,15,15,0,2026-10-09 17:32:12,2026-10-09 17:32:12.368
2026-10-09 17:14:55,USLT202,0101,Jasmin Pineda,26,26,0,2026-10-09 17:32:14,2026-10-09 17:32:14.334
2026-10-09 17:14:55,USLT403,0101,Perla Guerrero,20,20,0,2026-10-09 17:32:15,2026-10-09 17:32:15.158
2026-10-09 17:14:55,USLT420,0101,Robert Chester,27,27,0,2026-10-09 17:32:15,2026-10-09 17:32:15.424
2026-10-09 17:14:55,USLT488,0101,Nancy Mirabal,30,30,0,2026-10-09 17:32:15,2026-10-09 17:32:15.656
2026-10-09 17:14:55,USLT498L,0101,Fernando Rios,12,12,0,2026-10-09 17:32:15,2026-10-09 17:32:15.888
2026-10-09 17:14:55,VIPS208,0102,Ken Kiger,10,10,0,2026-10-09 17:32:17,2026-10-09 17:32:17.335
2026-10-09 17:14:55,VIPS208,0103,Bryan Quinn,10,10,0,2026-10-09 17:32:17,2026-10-09 17:32:17.335
2026-10-09 17:14:55,VIPS208,0104,Ryan Sochol,10,10,0,2026-10-09 17:32:17,2026-10-09 17:32:17.335
2026-10-09 17:14:55,VIPS208,0105,Molly Carton,10,10,0,2026-10-09 17:32:17,2026-10-09 17:32:17.335
2026-10-09 17:14:55,VIPS208,0106,James Baeder,11,11,0,2026-10-09 17:32:17,2026-10-09 17:32:17.336
2026-10-09 17:14:55,VIPS208,0107,Catherine Spirito,10,10,0,2026-10-09 17:32:17,2026-10-09 17:32:17.336
2026-10-09 17:14:55,VIPS208,0108,Ronald Yaros,10,10,0,2026-10-09 17:32:17,2026-10-09 17:32:17.336
2026-10-09 17:14:55,VIPS208,0109,Carinna Ferguson,10,10,0,2026-10-09 17:32:17,2026-10-09 17:32:17.336
2026-10-09 17:14:55,VIPS208,0110,Tracy Riggins,10,10,0,2026-10-09 17:32:17,2026-10-09 17:32:17.336
2026-10-09 17:14:55,VIPS208,0111,Kevin Calabro,10,10,0,2026-10-09 17:32:17,2026-10-09 17:32:17.336
2026-10-09 17:14:55,VIPS208,0112,Raffaele Viglianti,10,10,0,2026-10-09 17:32:17,2026-10-09 17:32:17.336
2026-10-09 17:14:55,VIPS208,0113,Shabnam Jabeen,10,10,0,2026-10-09 17:32:17,2026-10-09 17:32:17.336
2026-10-09 17:14:55,VIPS208,0114,Ning Zeng,10,10,0,2026-10-09 17:32:17,2026-10-09 17:32:17.336
2026-10-09 17:14:55,VIPS208,0115,Veronica Kang,10,10,0,2026-10-09 17:32:17,2026-10-09 17:32:17.336
2026-10-09 17:14:55,VIPS208,0116,David Stewart,10,10,0,2026-10-09 17:32:17,2026-10-09 17:32:17.336
2026-10-09 17:14:55,VIPS208,0117,Meredith Epstein,10,10,0,2026-10-09 17:32:17,2026-10-09 17:32:17.336
2026-10-09 17:14:55,VIPS208,0118,Magaly Toro Ibaceta,10,10,0,2026-10-09 17:32:17,2026-10-09 17:32:17.337
2026-10-09 17:14:55,VIPS208,0120,Marisa Parham,10,10,0,2026-10-09 17:32:17,2026-10-09 17:32:17.337
2026-10-09 17:14:55,VIPS208,0121,Becky Epanchin-Niell,10,10,0,2026-10-09 17:32:17,2026-10-09 17:32:17.337
2026-10-09 17:14:55,VIPS208,0122,Timothy Reedy,10,10,0,2026-10-09 17:32:17,2026-10-09 17:32:17.337
2026-10-09 17:14:55,VIPS208,0123,Lingnan Lin,10,10,0,2026-10-09 17:32:17,2026-10-09 17:32:17.337
2026-10-09 17:14:55,VIPS208,0124,Jeffrey Moro,10,10,0,2026-10-09 17:32:17,2026-10-09 17:32:17.337
2026-10-09 17:14:55,VIPS208,0125,Peter Sunderland,10,10,0,2026-10-09 17:32:17,2026-10-09 17:32:17.337
2026-10-09 17:14:55,VIPS208,0126,Brienna Anderson,10,10,0,2026-10-09 17:32:17,2026-10-09 17:32:17.337
2026-10-09 17:14:55,VIPS308,0102,Ken Kiger,10,10,0,2026-10-09 17:32:17,2026-10-09 17:32:17.609
2026-10-09 17:14:55,VIPS308,0103,Bryan Quinn,13,13,0,2026-10-09 17:32:17,2026-10-09 17:32:17.609
2026-10-09 17:14:55,VIPS308,0104,Ryan Sochol,10,10,0,2026-10-09 17:32:17,2026-10-09 17:32:17.609
2026-10-09 17:14:55,VIPS308,0105,Molly Carton,10,10,0,2026-10-09 17:32:17,2026-10-09 17:32:17.609
2026-10-09 17:14:55,VIPS308,0106,James Baeder,10,10,0,2026-10-09 17:32:17,2026-10-09 17:32:17.609
2026-10-09 17:14:55,VIPS308,0107,Catherine Spirito,10,10,0,2026-10-09 17:32:17,2026-10-09 17:32:17.609
2026-10-09 17:14:55,VIPS308,0108,Ronald Yaros,10,10,0,2026-10-09 17:32:17,2026-10-09 17:32:17.609
2026-10-09 17:14:55,VIPS308,0109,Carinna Ferguson,10,10,0,2026-10-09 17:32:17,2026-10-09 17:32:17.609
2026-10-09 17:14:55,VIPS308,0110,Tracy Riggins,10,10,0,2026-10-09 17:32:17,2026-10-09 17:32:17.610
2026-10-09 17:14:55,VIPS308,0111,Kevin Calabro,10,10,0,2026-10-09 17:32:17,2026-10-09 17:32:17.610
2026-10-09 17:14:55,VIPS308,0112,Raffaele Viglianti,10,10,0,2026-10-09 17:32:17,2026-10-09 17:32:17.610
2026-10-09 17:14:55,VIPS308,0113,Shabnam Jabeen,10,10,0,2026-10-09 17:32:17,2026-10-09 17:32:17.610
2026-10-09 17:14:55,VIPS308,0114,Ning Zeng,10,10,0,2026-10-09 17:32:17,2026-10-09 17:32:17.610
2026-10-09 17:14:55,VIPS308,0115,Veronica Kang,10,10,0,2026-10-09 17:32:17,2026-10-09 17:32:17.610
2026-10-09 17:14:55,VIPS308,0116,David Stewart,10,10,0,2026-10-09 17:32:17,2026-10-09 17:32:17.610
2026-10-09 17:14:55,VIPS308,0117,Meredith Epstein,10,10,0,2026-10-09 17:32:17,2026-10-09 17:32:17.610
2026-10-09 17:14:55,VIPS308,0118,Magaly Toro Ibaceta,10,10,0,2026-10-09 17:32:17,2026-10-09 17:32:17.610
2026-10-09 17:14:55,VIPS308,0120,Marisa Parham,10,10,0,2026-10-09 17:32:17,2026-10-09 17:32:17.610
2026-10-09 17:14:55,VIPS308,0121,Becky Epanchin-Niell,10,10,0,2026-10-09 17:32:17,2026-10-09 17:32:17.610
2026-10-09 17:14:55,VIPS308,0122,Timothy Reedy,10,10,0,2026-10-09 17:32:17,2026-10-09 17:32:17.610
2026-10-09 17:14:55,VIPS308,0123,Lingnan Lin,10,10,0,2026-10-09 17:32:17,2026-10-09 17:32:17.611
2026-10-09 17:14:55,VIPS308,0124,Jeffrey Moro,10,10,0,2026-10-09 17:32:17,2026-10-09 17:32:17.611
2026-10-09 17:14:55,VIPS308,0125,Peter Sunderland,10,10,0,2026-10-09 17:32:17,2026-10-09 17:32:17.611
2026-10-09 17:14:55,VIPS308,0126,Brienna Anderson,10,10,0,2026-10-09 17:32:17,2026-10-09 17:32:17.611
2026-10-09 17:14:55,VIPS408,0102,Ken Kiger,10,10,0,2026-10-09 17:32:17,2026-10-09 17:32:17.932
2026-10-09 17:14:55,VIPS408,0103,Bryan Quinn,10,10,0,2026-10-09 17:32:17,2026-10-09 17:32:17.932
2026-10-09 17:14:55,VIPS408,0104,Ryan Sochol,10,10,0,2026-10-09 17:32:17,2026-10-09 17:32:17.932
2026-10-09 17:14:55,VIPS408,0105,Molly Carton,10,10,0,2026-10-09 17:32:17,2026-10-09 17:32:17.932
2026-10-09 17:14:55,VIPS408,0106,James Baeder,10,10,0,2026-10-09 17:32:17,2026-10-09 17:32:17.932
2026-10-09 17:14:55,VIPS408,0107,Catherine Spirito,10,10,0,2026-10-09 17:32:17,2026-10-09 17:32:17.932
2026-10-09 17:14:55,VIPS408,0108,Ronald Yaros,10,10,0,2026-10-09 17:32:17,2026-10-09 17:32:17.932
2026-10-09 17:14:55,VIPS408,0109,Carinna Ferguson,10,10,0,2026-10-09 17:32:17,2026-10-09 17:32:17.932
2026-10-09 17:14:55,VIPS408,0110,Tracy Riggins,10,10,0,2026-10-09 17:32:17,2026-10-09 17:32:17.932
2026-10-09 17:14:55,VIPS408,0111,Kevin Calabro,10,10,0,2026-10-09 17:32:17,2026-10-09 17:32:17.932
2026-10-09 17:14:55,VIPS408,0112,Raffaele Viglianti,10,10,0,2026-10-09 17:32:17,2026-10-09 17:32:17.932
2026-10-09 17:14:55,VIPS408,0113,Shabnam Jabeen,10,10,0,2026-10-09 17:32:17,2026-10-09 17:32:17.933
2026-10-09 17:14:55,VIPS408,0114,Ning Zeng,10,10,0,2026-10-09 17:32:17,2026-10-09 17:32:17.933
2026-10-09 17:14:55,VIPS408,0115,Veronica Kang,10,10,0,2026-10-09 17:32:17,2026-10-09 17:32:17.933
2026-10-09 17:14:55,VIPS408,0116,David Stewart,10,10,0,2026-10-09 17:32:17,2026-10-09 17:32:17.933
2026-10-09 17:14:55,VIPS408,0117,Meredith Epstein,10,10,0,2026-10-09 17:32:17,2026-10-09 17:32:17.933
2026-10-09 17:14:55,VIPS408,0118,Magaly Toro Ibaceta,10,10,0,2026-10-09 17:32:17,2026-10-09 17:32:17.933
2026-10-09 17:14:55,VIPS408,0120,Marisa Parham,10,10,0,2026-10-09 17:32:17,2026-10-09 17:32:17.933
2026-10-09 17:14:55,VIPS408,0121,Becky Epanchin-Niell,10,10,0,2026-10-09 17:32:17,2026-10-09 17:32:17.933
2026-10-09 17:14:55,VIPS408,0122,Timothy Reedy,10,10,0,2026-10-09 17:32:17,2026-10-09 17:32:17.933
2026-10-09 17:14:55,VIPS408,0123,Lingnan Lin,10,10,0,2026-10-09 17:32:17,2026-10-09 17:32:17.933
2026-10-09 17:14:55,VIPS408,0124,Jeffrey Moro,10,10,0,2026-10-09 17:32:17,2026-10-09 17:32:17.933
2026-10-09 17:14:55,VIPS408,0125,Peter Sunderland,10,10,0,2026-10-09 17:32:17,2026-10-09 17:32:17.933
2026-10-09 17:14:55,VIPS408,0126,Brienna Anderson,10,10,0,2026-10-09 17:32:17,2026-10-09 17:32:17.934
2026-10-09 17:14:55,WEID139N,0101,Denise Joseph,60,60,0,2026-10-09 17:32:21,2026-10-09 17:32:21.040
2026-10-09 17:14:55,WEID139T,0201,Taylor Togafau-Lewis,45,45,0,2026-10-09 17:32:21,2026-10-09 17:32:21.303
2026-10-09 17:14:55,WGSS105,0101,Jessica Mathiason,30,30,0,2026-10-09 17:32:22,2026-10-09 17:32:22.847
2026-10-09 17:14:55,WGSS105,0102,Jessica Mathiason,30,30,0,2026-10-09 17:32:22,2026-10-09 17:32:22.847
2026-10-09 17:14:55,WGSS105,0103,Jessica Mathiason,30,30,0,2026-10-09 17:32:22,2026-10-09 17:32:22.847
2026-10-09 17:14:55,WGSS105,0104,Jessica Mathiason,30,30,0,2026-10-09 17:32:22,2026-10-09 17:32:22.847
2026-10-09 17:14:55,WGSS115,0101,Alexis Lothian,25,25,0,2026-10-09 17:32:23,2026-10-09 17:32:23.094
2026-10-09 17:14:55,WGSS115,0102,Alexis Lothian,25,25,0,2026-10-09 17:32:23,2026-10-09 17:32:23.094
2026-10-09 17:14:55,WGSS201,0101,Sayan Bhattacharya,25,25,0,2026-10-09 17:32:23,2026-10-09 17:32:23.345
2026-10-09 17:14:55,WGSS201,0102,Sayan Bhattacharya,25,25,0,2026-10-09 17:32:23,2026-10-09 17:32:23.345
2026-10-09 17:14:55,WGSS205,0101,Shelbi Meissner,21,21,0,2026-10-09 17:32:23,2026-10-09 17:32:23.584
2026-10-09 17:14:55,WGSS205,0201,Shelbi Meissner,21,21,0,2026-10-09 17:32:23,2026-10-09 17:32:23.584
2026-10-09 17:14:55,WGSS230,0101,Daniel Richter,20,20,0,2026-10-09 17:32:23,2026-10-09 17:32:23.837
2026-10-09 17:14:55,WGSS230,0201,Robert Lucci,20,20,0,2026-10-09 17:32:23,2026-10-09 17:32:23.837
2026-10-09 17:14:55,WGSS250,0101,Lidia Garcia Berrelleza,25,25,0,2026-10-09 17:32:24,2026-10-09 17:32:24.139
2026-10-09 17:14:55,WGSS250,0201,Shameem Razack,25,25,0,2026-10-09 17:32:24,2026-10-09 17:32:24.139
2026-10-09 17:14:55,WGSS255,0101,Instructor: TBA,30,30,0,2026-10-09 17:32:24,2026-10-09 17:32:24.378
2026-10-09 17:14:55,WGSS265,0101,Ashley Newby,40,40,0,2026-10-09 17:32:24,2026-10-09 17:32:24.618
2026-10-09 17:14:55,WGSS275,0101,Instructor: TBA,30,30,0,2026-10-09 17:32:24,2026-10-09 17:32:24.911
2026-10-09 17:14:55,WGSS280,0101,Jessica Mathiason,52,52,0,2026-10-09 17:32:25,2026-10-09 17:32:25.157
2026-10-09 17:14:55,WGSS290,0101,Jessica Mathiason,30,30,0,2026-10-09 17:32:25,2026-10-09 17:32:25.398
2026-10-09 17:14:55,WGSS290,0201,Sydney Lewis,31,31,0,2026-10-09 17:32:25,2026-10-09 17:32:25.398
2026-10-09 17:14:55,WGSS298C,0101,Will Mosley,35,35,0,2026-10-09 17:32:25,2026-10-09 17:32:25.648
2026-10-09 17:14:55,WGSS298S,0101,Jordan Keesler,25,25,0,2026-10-09 17:32:25,2026-10-09 17:32:25.898
2026-10-09 17:14:55,WGSS302,0101,Will Mosley,25,25,0,2026-10-09 17:32:26,2026-10-09 17:32:26.149
2026-10-09 17:14:55,WGSS306,0101,Sydney Lewis,30,30,0,2026-10-09 17:32:26,2026-10-09 17:32:26.401
2026-10-09 17:14:55,WGSS310,0101,Sayan Bhattacharya,25,25,0,2026-10-09 17:32:26,2026-10-09 17:32:26.644
2026-10-09 17:14:55,WGSS319F,0101,Alexis Lothian,30,30,0,2026-10-09 17:32:26,2026-10-09 17:32:26.874
2026-10-09 17:14:55,WGSS379G,0101,Chinyere Osuji,20,20,0,2026-10-09 17:32:27,2026-10-09 17:32:27.130
2026-10-09 17:14:55,WGSS379U,0101,John Drabinski,25,25,0,2026-10-09 17:32:27,2026-10-09 17:32:27.370
2026-10-09 17:14:55,WGSS422,0101,Jennifer Cho,18,18,0,2026-10-09 17:32:27,2026-10-09 17:32:27.606
2026-10-09 17:14:55,WGSS471,0101,Katherine Sharp,25,25,0,2026-10-09 17:32:27,2026-10-09 17:32:27.842
2026-10-09 17:14:55,WGSS471,0201,Katherine Sharp,45,45,0,2026-10-09 17:32:27,2026-10-09 17:32:27.842
2026-10-09 17:14:55,WGSS475,0101,Sydney Lewis,20,20,0,2026-10-09 17:32:28,2026-10-09 17:32:28.112
2026-10-09 17:14:55,WGSS487,0101,Eva Hageman,15,15,0,2026-10-09 17:32:28,2026-10-09 17:32:28.371
2026-10-09 17:14:55,WGSS487H,0101,Eva Hageman,5,5,0,2026-10-09 17:32:28,2026-10-09 17:32:28.639
2026-10-09 17:14:55,WGSS602,0101,Shelbi Meissner,12,12,0,2026-10-09 17:32:29,2026-10-09 17:32:29.800
2026-10-09 17:14:55,WGSS708,0101,Alexis Lothian,10,10,0,2026-10-09 17:32:30,2026-10-09 17:32:30.526
2026-10-09 17:14:55,XPER455,0101,TJ Rainsford,25,25,0,2026-10-09 17:32:32,2026-10-09 17:32:32.864
2026-10-09 21:14:03,AAAS100,0101,Shane Walsh,35,35,0,2026-10-09 21:14:05,2026-10-09 21:14:05.835
2026-10-09 21:14:03,AAAS100,0201,Shane Walsh,35,35,0,2026-10-09 21:14:05,2026-10-09 21:14:05.835
2026-10-09 21:14:03,AAAS100,0301,George Kintiba,30,30,0,2026-10-09 21:14:05,2026-10-09 21:14:05.835
2026-10-09 21:14:03,AAAS100,0401,Beka Guluma,35,35,0,2026-10-09 21:14:05,2026-10-09 21:14:05.835
2026-10-09 21:14:03,AAAS100,0501,Jason Nichols,33,33,0,2026-10-09 21:14:05,2026-10-09 21:14:05.835
2026-10-09 21:14:03,AAAS100,0601,Jason Nichols,35,35,0,2026-10-09 21:14:05,2026-10-09 21:14:05.835
2026-10-09 21:14:03,AAAS100H,0301,George Kintiba,5,5,0,2026-10-09 21:14:06,2026-10-09 21:14:06.402
2026-10-09 21:14:03,AAAS101,0101,Periloux Peay,40,40,0,2026-10-09 21:14:07,2026-10-09 21:14:07.237
2026-10-09 21:14:03,AAAS187,0101,Robert Choflet,30,30,0,2026-10-09 21:14:07,2026-10-09 21:14:07.626
2026-10-09 21:14:03,AAAS200,0101,George Kintiba,40,40,0,2026-10-09 21:14:07,2026-10-09 21:14:07.999
2026-10-09 21:14:03,AAAS202,0101,Robert Choflet,30,30,0,2026-10-09 21:14:08,2026-10-09 21:14:08.523
2026-10-09 21:14:03,AAAS202,0201,Angelica Dunbar,35,35,0,2026-10-09 21:14:08,2026-10-09 21:14:08.523
2026-10-09 21:14:03,AAAS202,0301,Angelica Dunbar,35,35,0,2026-10-09 21:14:08,2026-10-09 21:14:08.523
2026-10-09 21:14:03,AAAS202,0401,Robert Choflet,35,35,0,2026-10-09 21:14:08,2026-10-09 21:14:08.524
2026-10-09 21:14:03,AAAS202H,0101,Robert Choflet,5,5,0,2026-10-09 21:14:09,2026-10-09 21:14:09.136
2026-10-09 21:14:03,AAAS211,0101,Shane Walsh,120,120,0,2026-10-09 21:14:09,2026-10-09 21:14:09.668
2026-10-09 21:14:03,AAAS234,0101,Instructor: TBA,30,30,0,2026-10-09 21:14:10,2026-10-09 21:14:10.034
2026-10-09 21:14:03,AAAS255,0101,Leigh Soares,40,40,0,2026-10-09 21:14:10,2026-10-09 21:14:10.872
2026-10-09 21:14:03,AAAS265,0101,Ashley Newby,40,40,0,2026-10-09 21:14:11,2026-10-09 21:14:11.228
2026-10-09 21:14:03,AAAS320,0101,Cecily Jackson,25,25,0,2026-10-09 21:14:11,2026-10-09 21:14:11.588
2026-10-09 21:14:03,AAAS320,0201,Cecily Jackson,25,25,0,2026-10-09 21:14:11,2026-10-09 21:14:11.588
2026-10-09 21:14:03,AAAS386,0101,Marshal Washington,10,10,0,2026-10-09 21:14:12,2026-10-09 21:14:12.132
2026-10-09 21:14:03,AAAS398G,0101,Chinyere Osuji,20,20,0,2026-10-09 21:14:12,2026-10-09 21:14:12.504
2026-10-09 21:14:03,AAAS398U,0101,John Drabinski,25,25,0,2026-10-09 21:14:12,2026-10-09 21:14:12.863
2026-10-09 21:14:03,AAAS400,0101,George Kintiba,20,20,0,2026-10-09 21:14:13,2026-10-09 21:14:13.218
2026-10-09 21:14:03,AAAS400H,0101,George Kintiba,5,5,0,2026-10-09 21:14:13,2026-10-09 21:14:13.575
2026-10-09 21:14:03,AAAS490,0101,Paul Landau,18,18,0,2026-10-09 21:14:13,2026-10-09 21:14:13.948
2026-10-09 21:14:03,AAAS498X,0101,Terrill Taylor,36,36,0,2026-10-09 21:14:14,2026-10-09 21:14:14.316
2026-10-09 21:14:03,AAST200,0101,Jennifer Cho,34,34,0,2026-10-09 21:14:15,2026-10-09 21:14:15.984
2026-10-09 21:14:03,AAST201,0101,Madeline Hsu,40,40,0,2026-10-09 21:14:16,2026-10-09 21:14:16.499
2026-10-09 21:14:03,AAST250,0101,Jennifer Cho,30,30,0,2026-10-09 21:14:16,2026-10-09 21:14:16.854
2026-10-09 21:14:03,AAST262,0101,Derek Iwamoto,54,54,0,2026-10-09 21:14:17,2026-10-09 21:14:17.227
2026-10-09 21:14:03,AAST322,0101,Julie Park,30,30,0,2026-10-09 21:14:17,2026-10-09 21:14:17.589
2026-10-09 21:14:03,AAST350,0101,Binod Paudyal,25,25,0,2026-10-09 21:14:17,2026-10-09 21:14:17.946
2026-10-09 21:14:03,AAST351,0101,Binod Paudyal,34,34,0,2026-10-09 21:14:18,2026-10-09 21:14:18.304
2026-10-09 21:14:03,AAST363,0101,Gemirald Daus,35,35,0,2026-10-09 21:14:18,2026-10-09 21:14:18.665
2026-10-09 21:14:03,AAST378,0101,Janelle Wong,2,2,0,2026-10-09 21:14:19,2026-10-09 21:14:19.024
2026-10-09 21:14:03,AAST394,0101,Wenxi Yang,25,25,0,2026-10-09 21:14:19,2026-10-09 21:14:19.747
2026-10-09 21:14:03,AAST398A,0101,Michelle Magalong,20,20,0,2026-10-09 21:14:20,2026-10-09 21:14:20.108
2026-10-09 21:14:03,AAST398B,0101,Chris Eng,25,25,0,2026-10-09 21:14:20,2026-10-09 21:14:20.470
2026-10-09 21:14:03,AAST421,0101,Philip Nash,20,20,0,2026-10-09 21:14:20,2026-10-09 21:14:20.847
2026-10-09 21:14:03,AAST422,0101,Jennifer Cho,18,18,0,2026-10-09 21:14:21,2026-10-09 21:14:21.238
2026-10-09 21:14:03,AAST443,0101,Janelle Wong,27,27,0,2026-10-09 21:14:21,2026-10-09 21:14:21.606
2026-10-09 21:14:03,ABRM450,0101,Ashley Newby,10,10,0,2026-10-09 21:14:23,2026-10-09 21:14:23.218
2026-10-09 21:14:03,AGNR301,0101,Thomas Hilde,150,150,0,2026-10-09 21:14:24,2026-10-09 21:14:24.842
2026-10-09 21:14:03,AGNR388,0101,Instructor: TBA,20,20,0,2026-10-09 21:14:25,2026-10-09 21:14:25.190
2026-10-09 21:14:03,AIME498B,0101,Kevin McGarry,30,30,0,2026-10-09 21:14:29,2026-10-09 21:14:29.183
2026-10-09 21:14:03,ARAB101,0101,Samah Al-salami,15,15,0,2026-10-09 21:15:17,2026-10-09 21:15:17.749
2026-10-09 21:14:03,ARAB101,0201,Ahmed Hanafy,15,15,0,2026-10-09 21:15:17,2026-10-09 21:15:17.749
2026-10-09 21:14:03,ARAB102,0101,Samah Al-salami,15,15,0,2026-10-09 21:15:18,2026-10-09 21:15:18.116
2026-10-09 21:14:03,ARAB102,0201,Samah Al-salami,15,15,0,2026-10-09 21:15:18,2026-10-09 21:15:18.116
2026-10-09 21:14:03,ARAB201,0101,Lutf Alkebsi,15,15,0,2026-10-09 21:15:18,2026-10-09 21:15:18.505
2026-10-09 21:14:03,ARAB202,0101,Lutf Alkebsi,15,15,0,2026-10-09 21:15:18,2026-10-09 21:15:18.860
2026-10-09 21:14:03,ARAB202,0201,Lutf Alkebsi,15,15,0,2026-10-09 21:15:18,2026-10-09 21:15:18.860
2026-10-09 21:14:03,ARAB222,0101,Ahmed Hanafy,15,15,0,2026-10-09 21:15:19,2026-10-09 21:15:19.228
2026-10-09 21:14:03,ARAB250,0101,Anny Gaul,20,20,0,2026-10-09 21:15:19,2026-10-09 21:15:19.578
2026-10-09 21:14:03,ARAB302,0101,Ahmed Hanafy,15,15,0,2026-10-09 21:15:19,2026-10-09 21:15:19.955
2026-10-09 21:14:03,ARAB317,0101,Anny Gaul,15,15,0,2026-10-09 21:15:20,2026-10-09 21:15:20.313
2026-10-09 21:14:03,ARAB398W,0101,Lutf Alkebsi,15,15,0,2026-10-09 21:15:21,2026-10-09 21:15:21.025
2026-10-09 21:14:03,ARAB499X,0101,Samah Al-salami,15,15,0,2026-10-09 21:15:21,2026-10-09 21:15:21.725
2026-10-09 21:14:03,ARCH170,0101,Lindsey May,100,100,0,2026-10-09 21:15:23,2026-10-09 21:15:23.530
2026-10-09 21:14:03,ARCH200,0101,Michael Abrams,21,21,0,2026-10-09 21:15:23,2026-10-09 21:15:23.886
2026-10-09 21:14:03,ARCH200,0102,Michael Abrams,21,21,0,2026-10-09 21:15:23,2026-10-09 21:15:23.886
2026-10-09 21:14:03,ARCH200,0103,Michael Abrams,21,21,0,2026-10-09 21:15:23,2026-10-09 21:15:23.887
2026-10-09 21:14:03,ARCH200,0104,Michael Abrams,21,21,0,2026-10-09 21:15:23,2026-10-09 21:15:23.887
2026-10-09 21:14:03,ARCH200,0105,Michael Abrams,21,21,0,2026-10-09 21:15:23,2026-10-09 21:15:23.887
2026-10-09 21:14:03,ARCH200,0106,Michael Abrams,21,21,0,2026-10-09 21:15:23,2026-10-09 21:15:23.887
2026-10-09 21:14:03,ARCH225,0101,Joseph Williams,125,125,0,2026-10-09 21:15:24,2026-10-09 21:15:24.247
2026-10-09 21:14:03,ARCH271,0101,Wayne Ricardo Curtis,75,75,0,2026-10-09 21:15:24,2026-10-09 21:15:24.605
2026-10-09 21:14:03,ARCH271,0102,Wayne Ricardo Curtis,75,75,0,2026-10-09 21:15:24,2026-10-09 21:15:24.605
2026-10-09 21:14:03,ARCH386,0101,Kristen Stack,10,10,0,2026-10-09 21:15:24,2026-10-09 21:15:24.962
2026-10-09 21:14:03,ARCH400,0101,Kenneth Filler,75,75,0,2026-10-09 21:15:25,2026-10-09 21:15:25.321
2026-10-09 21:14:03,ARCH400,0201,Marcus Cross,60,60,0,2026-10-09 21:15:25,2026-10-09 21:15:25.321
2026-10-09 21:14:03,ARCH402,0101,Taejun James Kim,75,75,0,2026-10-09 21:15:25,2026-10-09 21:15:25.686
2026-10-09 21:14:03,ARCH405,0101,Brittany L Williams,14,14,0,2026-10-09 21:15:26,2026-10-09 21:15:26.056
2026-10-09 21:14:03,ARCH407,0101,Georgeanne Matthews,12,12,0,2026-10-09 21:15:26,2026-10-09 21:15:26.423
2026-10-09 21:14:03,ARCH408A,0101,Daniel Curry,5,5,0,2026-10-09 21:15:26,2026-10-09 21:15:26.790
2026-10-09 21:14:03,ARCH408C,0101,Edgar Alvarado,5,5,0,2026-10-09 21:15:27,2026-10-09 21:15:27.150
2026-10-09 21:14:03,ARCH418D,0101,Hooman Koliji,30,30,0,2026-10-09 21:15:27,2026-10-09 21:15:27.501
2026-10-09 21:14:03,ARCH418G,0101,Deokoh Woo,16,16,0,2026-10-09 21:15:27,2026-10-09 21:15:27.860
2026-10-09 21:14:03,ARCH418I,0101,Michael Kleiss,16,16,0,2026-10-09 21:15:28,2026-10-09 21:15:28.216
2026-10-09 21:14:03,ARCH420,0101,Caroline Hickman,30,30,0,2026-10-09 21:15:28,2026-10-09 21:15:28.587
2026-10-09 21:14:03,ARCH423,0101,Joseph Williams,30,30,0,2026-10-09 21:15:28,2026-10-09 21:15:28.943
2026-10-09 21:14:03,ARCH425,0101,Joseph Williams,10,10,0,2026-10-09 21:15:29,2026-10-09 21:15:29.298
2026-10-09 21:14:03,ARCH428F,0101,Matthew Bell,20,20,0,2026-10-09 21:15:29,2026-10-09 21:15:29.649
2026-10-09 21:14:03,ARCH428K,0101,Michele Lamprakos,26,26,0,2026-10-09 21:15:29,2026-10-09 21:15:29.994
2026-10-09 21:14:03,ARCH445,0101,Daniel Curry,15,15,0,2026-10-09 21:15:30,2026-10-09 21:15:30.346
2026-10-09 21:14:03,ARCH463,0101,Deokoh Woo,150,150,0,2026-10-09 21:15:30,2026-10-09 21:15:30.696
2026-10-09 21:14:03,ARCH465,0101,Michael Kleiss,80,80,0,2026-10-09 21:15:31,2026-10-09 21:15:31.066
2026-10-09 21:14:03,ARCH468I,0101,Hooman Koliji,26,26,0,2026-10-09 21:15:31,2026-10-09 21:15:31.412
2026-10-09 21:14:03,ARCH468P,0101,Hooman Koliji,26,26,0,2026-10-09 21:15:31,2026-10-09 21:15:31.775
2026-10-09 21:14:03,ARCH472,0101,Kiley Wilfong Cullen,24,24,0,2026-10-09 21:15:32,2026-10-09 21:15:32.126
2026-10-09 21:14:03,ARCH478L,0101,Michele Lamprakos,10,10,0,2026-10-09 21:15:32,2026-10-09 21:15:32.486
2026-10-09 21:14:03,ARCH478O,0101,Stefan Woehlke,20,20,0,2026-10-09 21:15:32,2026-10-09 21:15:32.841
2026-10-09 21:14:03,ARCH601,0101,Peter Noonan,20,20,0,2026-10-09 21:15:33,2026-10-09 21:15:33.209
2026-10-09 21:14:03,ARCH618G,0101,Deokoh Woo,4,4,0,2026-10-09 21:15:33,2026-10-09 21:15:33.573
2026-10-09 21:14:03,ARCH618I,0101,Michael Kleiss,4,4,0,2026-10-09 21:15:33,2026-10-09 21:15:33.930
2026-10-09 21:14:03,ARCH628K,0101,Michele Lamprakos,4,4,0,2026-10-09 21:15:34,2026-10-09 21:15:34.293
2026-10-09 21:14:03,ARCH635,0101,Matthew Bell,15,15,0,2026-10-09 21:15:34,2026-10-09 21:15:34.638
2026-10-09 21:14:03,ARCH645,0101,Daniel Curry,10,10,0,2026-10-09 21:15:34,2026-10-09 21:15:34.997
2026-10-09 21:14:03,ARCH654,0101,Anatole Tchikine,35,35,0,2026-10-09 21:15:35,2026-10-09 21:15:35.373
2026-10-09 21:14:03,ARCH658I,0101,Sonja Ewing,15,15,0,2026-10-09 21:15:35,2026-10-09 21:15:35.728
2026-10-09 21:14:03,ARCH668I,0101,Hooman Koliji,4,4,0,2026-10-09 21:15:36,2026-10-09 21:15:36.093
2026-10-09 21:14:03,ARCH668P,0101,Hooman Koliji,4,4,0,2026-10-09 21:15:36,2026-10-09 21:15:36.447
2026-10-09 21:14:03,ARCH678L,0101,Michele Lamprakos,10,10,0,2026-10-09 21:15:36,2026-10-09 21:15:36.803
2026-10-09 21:14:03,ARCH678O,0101,Stefan Woehlke,5,5,0,2026-10-09 21:15:37,2026-10-09 21:15:37.152
2026-10-09 21:14:03,ARCH797,0101,Hooman Koliji,15,15,0,2026-10-09 21:15:37,2026-10-09 21:15:37.511
2026-10-09 21:14:03,ARMY105,0101,Andrew Bischoff,60,60,0,2026-10-09 21:15:57,2026-10-09 21:15:57.155
2026-10-09 21:14:03,ARMY105,0102,Andrew Bischoff,60,60,0,2026-10-09 21:15:57,2026-10-09 21:15:57.155
2026-10-09 21:14:03,ARMY110,0101,Andrew Bischoff,40,40,0,2026-10-09 21:15:57,2026-10-09 21:15:57.525
2026-10-09 21:14:03,ARMY202,0102,Andrew Bischoff,60,60,0,2026-10-09 21:15:57,2026-10-09 21:15:57.888
2026-10-09 21:14:03,ARMY302,0101,Andrew Bischoff,40,40,0,2026-10-09 21:15:58,2026-10-09 21:15:58.249
2026-10-09 21:14:03,ARMY402,0101,Andrew Bischoff,30,30,0,2026-10-09 21:15:58,2026-10-09 21:15:58.604
2026-10-09 21:14:03,ARMY402,0102,Andrew Bischoff,100,100,0,2026-10-09 21:15:58,2026-10-09 21:15:58.604
2026-10-09 21:14:03,ARSC059,0101,Kathryn Love,250,250,0,2026-10-09 21:16:00,2026-10-09 21:16:00.300
2026-10-09 21:14:03,ARSC101,0101,Alan Snyder,50,50,0,2026-10-09 21:16:00,2026-10-09 21:16:00.658
2026-10-09 21:14:03,ARSC101,0102,Alan Snyder,65,65,0,2026-10-09 21:16:00,2026-10-09 21:16:00.658
2026-10-09 21:14:03,ARSC101,0103,Alan Snyder,40,40,0,2026-10-09 21:16:00,2026-10-09 21:16:00.658
2026-10-09 21:14:03,ARSC101,0104,Alan Snyder,10,10,0,2026-10-09 21:16:00,2026-10-09 21:16:00.659
2026-10-09 21:14:03,ARSC201,0101,Nathan Rabe,65,65,0,2026-10-09 21:16:01,2026-10-09 21:16:01.034
2026-10-09 21:14:03,ARSC201,0102,Kathleen West,40,40,0,2026-10-09 21:16:01,2026-10-09 21:16:01.034
2026-10-09 21:14:03,ARSC201,0103,Kathleen West,40,40,0,2026-10-09 21:16:01,2026-10-09 21:16:01.034
2026-10-09 21:14:03,ARSC301,0101,Kathryn Love,45,45,0,2026-10-09 21:16:01,2026-10-09 21:16:01.454
2026-10-09 21:14:03,ARSC301,0102,Kathryn Love,20,20,0,2026-10-09 21:16:01,2026-10-09 21:16:01.454
2026-10-09 21:14:03,ARSC401,0101,Joseph Herwatic,30,30,0,2026-10-09 21:16:01,2026-10-09 21:16:01.844
2026-10-09 21:14:03,ARSC401,0102,Joseph Herwatic,15,15,0,2026-10-09 21:16:01,2026-10-09 21:16:01.844
2026-10-09 21:14:03,BIOI605,PCS1,Vanessa Gonzalez,25,25,0,2026-10-09 21:17:02,2026-10-09 21:17:02.877
2026-10-09 21:14:03,BIOI606,PCS1,Instructor: TBA,25,25,0,2026-10-09 21:17:03,2026-10-09 21:17:03.256
2026-10-09 21:14:03,BIOI607,PCS1,Instructor: TBA,25,25,0,2026-10-09 21:17:03,2026-10-09 21:17:03.611
2026-10-09 21:14:03,BIOM301,0101,Christine Hakenkamp,28,28,0,2026-10-09 21:17:07,2026-10-09 21:17:07.425
2026-10-09 21:14:03,BIOM301,0102,Christine Hakenkamp,28,28,0,2026-10-09 21:17:07,2026-10-09 21:17:07.425
2026-10-09 21:14:03,BIOM301,0103,Christine Hakenkamp,28,28,0,2026-10-09 21:17:07,2026-10-09 21:17:07.425
2026-10-09 21:14:03,BIOM301,0104,Christine Hakenkamp,28,28,0,2026-10-09 21:17:07,2026-10-09 21:17:07.425
2026-10-09 21:14:03,BIOM301,0105,Christine Hakenkamp,28,28,0,2026-10-09 21:17:07,2026-10-09 21:17:07.425
2026-10-09 21:14:03,BIOM301,0106,Christine Hakenkamp,28,28,0,2026-10-09 21:17:07,2026-10-09 21:17:07.425
2026-10-09 21:14:03,BIOM301,0107,Christine Hakenkamp,28,28,0,2026-10-09 21:17:07,2026-10-09 21:17:07.425
2026-10-09 21:14:03,BIOM301,0201,Instructor: TBA,28,28,0,2026-10-09 21:17:07,2026-10-09 21:17:07.426
2026-10-09 21:14:03,BIOM602,0101,Jiuzhou Song,28,28,0,2026-10-09 21:17:07,2026-10-09 21:17:07.776
2026-10-09 21:14:03,BMIN210,0101,Darlene Dennison,162,162,0,2026-10-09 21:17:40,2026-10-09 21:17:40.007
2026-10-09 21:14:03,BMIN210,0201,Darlene Dennison,162,162,0,2026-10-09 21:17:40,2026-10-09 21:17:40.007
2026-10-09 21:14:03,BMIN305,0101,Tejwansh Anand,162,162,0,2026-10-09 21:17:40,2026-10-09 21:17:40.365
2026-10-09 21:14:03,BMIN345,0101,Michael Padhi,325,325,0,2026-10-09 21:17:40,2026-10-09 21:17:40.708
2026-10-09 21:14:03,BMIN355,0101,Idil Yaveroglu,162,162,0,2026-10-09 21:17:41,2026-10-09 21:17:41.064
2026-10-09 21:14:03,BMIN355,0201,Idil Yaveroglu,162,162,0,2026-10-09 21:17:41,2026-10-09 21:17:41.064
2026-10-09 21:14:03,BMIN375,0101,Leland Gardner,162,162,0,2026-10-09 21:17:41,2026-10-09 21:17:41.418
2026-10-09 21:14:03,BMIN395,0101,Nima Farshchi,162,162,0,2026-10-09 21:17:41,2026-10-09 21:17:41.773
2026-10-09 21:14:03,BMIN395,0201,Nima Farshchi,162,162,0,2026-10-09 21:17:41,2026-10-09 21:17:41.773
2026-10-09 21:14:03,BSCI103,1100,Tais Mattoso De Andrade Ribeiro,24,24,0,2026-10-09 21:17:45,2026-10-09 21:17:45.720
2026-10-09 21:14:03,BSCI103,1101,Tais Mattoso De Andrade Ribeiro,24,24,0,2026-10-09 21:17:45,2026-10-09 21:17:45.720
2026-10-09 21:14:03,BSCI103,1103,Tais Mattoso De Andrade Ribeiro,24,24,0,2026-10-09 21:17:45,2026-10-09 21:17:45.720
2026-10-09 21:14:03,BSCI103,1105,Tais Mattoso De Andrade Ribeiro,24,24,0,2026-10-09 21:17:45,2026-10-09 21:17:45.721
2026-10-09 21:14:03,BSCI103,1107,Tais Mattoso De Andrade Ribeiro,24,24,0,2026-10-09 21:17:45,2026-10-09 21:17:45.721
2026-10-09 21:14:03,BSCI103,1108,Tais Mattoso De Andrade Ribeiro,24,24,0,2026-10-09 21:17:45,2026-10-09 21:17:45.721
2026-10-09 21:14:03,BSCI103,1109,Tais Mattoso De Andrade Ribeiro,24,24,0,2026-10-09 21:17:45,2026-10-09 21:17:45.721
2026-10-09 21:14:03,BSCI103,1110,Tais Mattoso De Andrade Ribeiro,24,24,0,2026-10-09 21:17:45,2026-10-09 21:17:45.721
2026-10-09 21:14:03,BSCI103M,0101,Tais Mattoso De Andrade Ribeiro,24,24,0,2026-10-09 21:17:46,2026-10-09 21:17:46.074
2026-10-09 21:14:03,BSCI120,0101,Dennis vanEngelsdorp,21,21,0,2026-10-09 21:17:46,2026-10-09 21:17:46.438
2026-10-09 21:14:03,BSCI120,0102,Dennis vanEngelsdorp,21,21,0,2026-10-09 21:17:46,2026-10-09 21:17:46.438
2026-10-09 21:14:03,BSCI135,1101,Edgar Moctezuma,24,24,0,2026-10-09 21:17:46,2026-10-09 21:17:46.879
2026-10-09 21:14:03,BSCI135,1102,Edgar Moctezuma,24,24,0,2026-10-09 21:17:46,2026-10-09 21:17:46.879
2026-10-09 21:14:03,BSCI135,1103,Edgar Moctezuma,24,24,0,2026-10-09 21:17:46,2026-10-09 21:17:46.879
2026-10-09 21:14:03,BSCI135,1104,Edgar Moctezuma,24,24,0,2026-10-09 21:17:46,2026-10-09 21:17:46.879
2026-10-09 21:14:03,BSCI135,1105,Edgar Moctezuma,24,24,0,2026-10-09 21:17:46,2026-10-09 21:17:46.879
2026-10-09 21:14:03,BSCI160,6101,Leo Shapiro,104,104,0,2026-10-09 21:17:47,2026-10-09 21:17:47.239
2026-10-09 21:14:03,BSCI160,6301,Chloe Garfinkel,56,56,0,2026-10-09 21:17:47,2026-10-09 21:17:47.239
2026-10-09 21:14:03,BSCI160,6601,Vadim Karatayev,88,88,0,2026-10-09 21:17:47,2026-10-09 21:17:47.239
2026-10-09 21:14:03,BSCI160,SES1,Chloe Garfinkel,15,15,0,2026-10-09 21:17:47,2026-10-09 21:17:47.239
2026-10-09 21:14:03,BSCI170,0101,Cordelia Weiss,153,153,0,2026-10-09 21:17:47,2026-10-09 21:17:47.596
2026-10-09 21:14:03,BSCI170,0201,Nicholas Fletcher,153,153,0,2026-10-09 21:17:47,2026-10-09 21:17:47.596
2026-10-09 21:14:03,BSCI170,0301,Ricardo Araneda,152,152,0,2026-10-09 21:17:47,2026-10-09 21:17:47.596
2026-10-09 21:14:03,BSCI170,0401,Swarna Mohan,153,153,0,2026-10-09 21:17:47,2026-10-09 21:17:47.596
2026-10-09 21:14:03,BSCI170,0501,Ji Young Choi,120,120,0,2026-10-09 21:17:47,2026-10-09 21:17:47.596
2026-10-09 21:14:03,BSCI170,0701,Ji Young Choi,153,153,0,2026-10-09 21:17:47,2026-10-09 21:17:47.596
2026-10-09 21:14:03,BSCI170,SES1,James Sniezek,20,20,0,2026-10-09 21:17:47,2026-10-09 21:17:47.596
2026-10-09 21:14:03,BSCI180,8105,Hans Lemke,19,19,0,2026-10-09 21:17:48,2026-10-09 21:17:48.053
2026-10-09 21:14:03,BSCI180,8106,Hans Lemke,19,19,0,2026-10-09 21:17:48,2026-10-09 21:17:48.053
2026-10-09 21:14:03,BSCI180,8107,Hans Lemke,19,19,0,2026-10-09 21:17:48,2026-10-09 21:17:48.053
2026-10-09 21:14:03,BSCI180,8108,Hans Lemke,19,19,0,2026-10-09 21:17:48,2026-10-09 21:17:48.054
2026-10-09 21:14:03,BSCI180,8109,Hans Lemke,19,19,0,2026-10-09 21:17:48,2026-10-09 21:17:48.054
2026-10-09 21:14:03,BSCI180,8110,Hans Lemke,19,19,0,2026-10-09 21:17:48,2026-10-09 21:17:48.054
2026-10-09 21:14:03,BSCI180,8111,Hans Lemke,19,19,0,2026-10-09 21:17:48,2026-10-09 21:17:48.054
2026-10-09 21:14:03,BSCI180,8112,Hans Lemke,19,19,0,2026-10-09 21:17:48,2026-10-09 21:17:48.054
2026-10-09 21:14:03,BSCI180,8113,Hans Lemke,19,19,0,2026-10-09 21:17:48,2026-10-09 21:17:48.054
2026-10-09 21:14:03,BSCI180,8114,Hans Lemke,19,19,0,2026-10-09 21:17:48,2026-10-09 21:17:48.054
2026-10-09 21:14:03,BSCI180,8201,Hans Lemke,19,19,0,2026-10-09 21:17:48,2026-10-09 21:17:48.054
2026-10-09 21:14:03,BSCI180,8202,Hans Lemke,19,19,0,2026-10-09 21:17:48,2026-10-09 21:17:48.054
2026-10-09 21:14:03,BSCI180,8205,Hans Lemke,19,19,0,2026-10-09 21:17:48,2026-10-09 21:17:48.054
2026-10-09 21:14:03,BSCI180,8206,Hans Lemke,19,19,0,2026-10-09 21:17:48,2026-10-09 21:17:48.054
2026-10-09 21:14:03,BSCI180,8207,Hans Lemke,19,19,0,2026-10-09 21:17:48,2026-10-09 21:17:48.054
2026-10-09 21:14:03,BSCI180,8208,Hans Lemke,19,19,0,2026-10-09 21:17:48,2026-10-09 21:17:48.055
2026-10-09 21:14:03,BSCI180,8209,Hans Lemke,19,19,0,2026-10-09 21:17:48,2026-10-09 21:17:48.055
2026-10-09 21:14:03,BSCI180,8210,Hans Lemke,19,19,0,2026-10-09 21:17:48,2026-10-09 21:17:48.055
2026-10-09 21:14:03,BSCI180,8211,Hans Lemke,19,19,0,2026-10-09 21:17:48,2026-10-09 21:17:48.055
2026-10-09 21:14:03,BSCI180,8212,Hans Lemke,19,19,0,2026-10-09 21:17:48,2026-10-09 21:17:48.055
2026-10-09 21:14:03,BSCI180,8213,Hans Lemke,19,19,0,2026-10-09 21:17:48,2026-10-09 21:17:48.055
2026-10-09 21:14:03,BSCI180,8214,Hans Lemke,19,19,0,2026-10-09 21:17:48,2026-10-09 21:17:48.055
2026-10-09 21:14:03,BSCI180,8301,Hans Lemke,19,19,0,2026-10-09 21:17:48,2026-10-09 21:17:48.055
2026-10-09 21:14:03,BSCI180,8302,Hans Lemke,19,19,0,2026-10-09 21:17:48,2026-10-09 21:17:48.055
2026-10-09 21:14:03,BSCI180,8305,Hans Lemke,19,19,0,2026-10-09 21:17:48,2026-10-09 21:17:48.055
2026-10-09 21:14:03,BSCI180,8306,Hans Lemke,19,19,0,2026-10-09 21:17:48,2026-10-09 21:17:48.055
2026-10-09 21:14:03,BSCI180,8307,Hans Lemke,19,19,0,2026-10-09 21:17:48,2026-10-09 21:17:48.055
2026-10-09 21:14:03,BSCI180,8308,Hans Lemke,19,19,0,2026-10-09 21:17:48,2026-10-09 21:17:48.055
2026-10-09 21:14:03,BSCI180,8309,Hans Lemke,19,19,0,2026-10-09 21:17:48,2026-10-09 21:17:48.056
2026-10-09 21:14:03,BSCI180,8310,Hans Lemke,19,19,0,2026-10-09 21:17:48,2026-10-09 21:17:48.056
2026-10-09 21:14:03,BSCI180,8311,Hans Lemke,19,19,0,2026-10-09 21:17:48,2026-10-09 21:17:48.056
2026-10-09 21:14:03,BSCI180,8312,Hans Lemke,19,19,0,2026-10-09 21:17:48,2026-10-09 21:17:48.056
2026-10-09 21:14:03,BSCI180,8313,Hans Lemke,19,19,0,2026-10-09 21:17:48,2026-10-09 21:17:48.056
2026-10-09 21:14:03,BSCI180,8314,Hans Lemke,19,19,0,2026-10-09 21:17:48,2026-10-09 21:17:48.056
2026-10-09 21:14:03,BSCI180,8401,Hans Lemke,19,19,0,2026-10-09 21:17:48,2026-10-09 21:17:48.056
2026-10-09 21:14:03,BSCI180,8402,Hans Lemke,19,19,0,2026-10-09 21:17:48,2026-10-09 21:17:48.056
2026-10-09 21:14:03,BSCI180,8405,Hans Lemke,19,19,0,2026-10-09 21:17:48,2026-10-09 21:17:48.056
2026-10-09 21:14:03,BSCI180,8406,Hans Lemke,19,19,0,2026-10-09 21:17:48,2026-10-09 21:17:48.056
2026-10-09 21:14:03,BSCI180,8407,Hans Lemke,19,19,0,2026-10-09 21:17:48,2026-10-09 21:17:48.056
2026-10-09 21:14:03,BSCI180,8408,Hans Lemke,19,19,0,2026-10-09 21:17:48,2026-10-09 21:17:48.056
2026-10-09 21:14:03,BSCI180,8409,Hans Lemke,19,19,0,2026-10-09 21:17:48,2026-10-09 21:17:48.056
2026-10-09 21:14:03,BSCI180,8410,Hans Lemke,19,19,0,2026-10-09 21:17:48,2026-10-09 21:17:48.057
2026-10-09 21:14:03,BSCI180,8411,Hans Lemke,19,19,0,2026-10-09 21:17:48,2026-10-09 21:17:48.057
2026-10-09 21:14:03,BSCI180,8412,Hans Lemke,19,19,0,2026-10-09 21:17:48,2026-10-09 21:17:48.057
2026-10-09 21:14:03,BSCI180,8413,Hans Lemke,19,19,0,2026-10-09 21:17:48,2026-10-09 21:17:48.057
2026-10-09 21:14:03,BSCI180,8414,Hans Lemke,19,19,0,2026-10-09 21:17:48,2026-10-09 21:17:48.057
2026-10-09 21:14:03,BSCI180,SES1,Hans Lemke,19,19,0,2026-10-09 21:17:48,2026-10-09 21:17:48.057
2026-10-09 21:14:03,BSCI201,0101,Caitlin Fox,24,24,0,2026-10-09 21:17:48,2026-10-09 21:17:48.437
2026-10-09 21:14:03,BSCI201,0103,Caitlin Fox,24,24,0,2026-10-09 21:17:48,2026-10-09 21:17:48.437
2026-10-09 21:14:03,BSCI201,0105,Caitlin Fox,24,24,0,2026-10-09 21:17:48,2026-10-09 21:17:48.437
2026-10-09 21:14:03,BSCI201,0106,Caitlin Fox,24,24,0,2026-10-09 21:17:48,2026-10-09 21:17:48.438
2026-10-09 21:14:03,BSCI201,0107,Caitlin Fox,24,24,0,2026-10-09 21:17:48,2026-10-09 21:17:48.438
2026-10-09 21:14:03,BSCI201,0109,Maira Goytia,24,24,0,2026-10-09 21:17:48,2026-10-09 21:17:48.438
2026-10-09 21:14:03,BSCI201,0110,Caitlin Fox,24,24,0,2026-10-09 21:17:48,2026-10-09 21:17:48.438
2026-10-09 21:14:03,BSCI201,0111,Caitlin Fox,24,24,0,2026-10-09 21:17:48,2026-10-09 21:17:48.438
2026-10-09 21:14:03,BSCI201,1101,Justicia Opoku-Edusei,24,24,0,2026-10-09 21:17:48,2026-10-09 21:17:48.438
2026-10-09 21:14:03,BSCI201,1103,Justicia Opoku-Edusei,24,24,0,2026-10-09 21:17:48,2026-10-09 21:17:48.438
2026-10-09 21:14:03,BSCI201,1104,Justicia Opoku-Edusei,24,24,0,2026-10-09 21:17:48,2026-10-09 21:17:48.438
2026-10-09 21:14:03,BSCI201,1105,Caitlin Fox,24,24,0,2026-10-09 21:17:48,2026-10-09 21:17:48.438
2026-10-09 21:14:03,BSCI201,1106,Caitlin Fox,24,24,0,2026-10-09 21:17:48,2026-10-09 21:17:48.438
2026-10-09 21:14:03,BSCI201,1108,Caitlin Fox,24,24,0,2026-10-09 21:17:48,2026-10-09 21:17:48.438
2026-10-09 21:14:03,BSCI201,1109,Justicia Opoku-Edusei,24,24,0,2026-10-09 21:17:48,2026-10-09 21:17:48.439
2026-10-09 21:14:03,BSCI201,1110,Justicia Opoku-Edusei,24,24,0,2026-10-09 21:17:48,2026-10-09 21:17:48.439
2026-10-09 21:14:03,BSCI202,0101,Caitlin Fox,24,24,0,2026-10-09 21:17:48,2026-10-09 21:17:48.832
2026-10-09 21:14:03,BSCI202,0102,Caitlin Fox,24,24,0,2026-10-09 21:17:48,2026-10-09 21:17:48.832
2026-10-09 21:14:03,BSCI202,0104,Caitlin Fox,24,24,0,2026-10-09 21:17:48,2026-10-09 21:17:48.832
2026-10-09 21:14:03,BSCI202,0108,Caitlin Fox,24,24,0,2026-10-09 21:17:48,2026-10-09 21:17:48.832
2026-10-09 21:14:03,BSCI202,0109,Maira Goytia,24,24,0,2026-10-09 21:17:48,2026-10-09 21:17:48.832
2026-10-09 21:14:03,BSCI202,0110,Caitlin Fox,24,24,0,2026-10-09 21:17:48,2026-10-09 21:17:48.832
2026-10-09 21:14:03,BSCI202,1101,Justicia Opoku-Edusei,24,24,0,2026-10-09 21:17:48,2026-10-09 21:17:48.832
2026-10-09 21:14:03,BSCI202,1103,Justicia Opoku-Edusei,24,24,0,2026-10-09 21:17:48,2026-10-09 21:17:48.832
2026-10-09 21:14:03,BSCI202,1104,Justicia Opoku-Edusei,24,24,0,2026-10-09 21:17:48,2026-10-09 21:17:48.832
2026-10-09 21:14:03,BSCI202,1106,Justicia Opoku-Edusei,24,24,0,2026-10-09 21:17:48,2026-10-09 21:17:48.832
2026-10-09 21:14:03,BSCI202,1107,Justicia Opoku-Edusei,24,24,0,2026-10-09 21:17:48,2026-10-09 21:17:48.832
2026-10-09 21:14:03,BSCI202,1108,Justicia Opoku-Edusei,24,24,0,2026-10-09 21:17:48,2026-10-09 21:17:48.832
2026-10-09 21:14:03,BSCI202,SES1,Edward Orlando,20,20,0,2026-10-09 21:17:48,2026-10-09 21:17:48.833
2026-10-09 21:14:03,BSCI207,0101,Karen Carleton,80,80,0,2026-10-09 21:17:49,2026-10-09 21:17:49.189
2026-10-09 21:14:03,BSCI207,0201,Chloe Garfinkel,80,80,0,2026-10-09 21:17:49,2026-10-09 21:17:49.189
2026-10-09 21:14:03,BSCI213,0101,Cordelia Weiss,20,20,0,2026-10-09 21:17:49,2026-10-09 21:17:49.536
2026-10-09 21:14:03,BSCI213,0102,Cordelia Weiss,20,20,0,2026-10-09 21:17:49,2026-10-09 21:17:49.536
2026-10-09 21:14:03,BSCI222,7106,Thomas Kocher,18,18,0,2026-10-09 21:17:49,2026-10-09 21:17:49.995
2026-10-09 21:14:03,BSCI222,7108,Thomas Kocher,18,18,0,2026-10-09 21:17:49,2026-10-09 21:17:49.995
2026-10-09 21:14:03,BSCI222,7110,Thomas Kocher,18,18,0,2026-10-09 21:17:49,2026-10-09 21:17:49.995
2026-10-09 21:14:03,BSCI222,7112,Thomas Kocher,18,18,0,2026-10-09 21:17:49,2026-10-09 21:17:49.995
2026-10-09 21:14:03,BSCI222,7114,Thomas Kocher,18,18,0,2026-10-09 21:17:49,2026-10-09 21:17:49.995
2026-10-09 21:14:03,BSCI222,7116,Thomas Kocher,18,18,0,2026-10-09 21:17:49,2026-10-09 21:17:49.995
2026-10-09 21:14:03,BSCI222,7118,Thomas Kocher,18,18,0,2026-10-09 21:17:49,2026-10-09 21:17:49.995
2026-10-09 21:14:03,BSCI222,7120,Thomas Kocher,18,18,0,2026-10-09 21:17:49,2026-10-09 21:17:49.996
2026-10-09 21:14:03,BSCI222,7130,Thomas Kocher,18,18,0,2026-10-09 21:17:49,2026-10-09 21:17:49.996
2026-10-09 21:14:03,BSCI222,7133,Thomas Kocher,18,18,0,2026-10-09 21:17:49,2026-10-09 21:17:49.996
2026-10-09 21:14:03,BSCI222,7214,Michael Keller,18,18,0,2026-10-09 21:17:49,2026-10-09 21:17:49.996
2026-10-09 21:14:03,BSCI222,7216,Michael Keller,18,18,0,2026-10-09 21:17:49,2026-10-09 21:17:49.996
2026-10-09 21:14:03,BSCI222,7218,Michael Keller,18,18,0,2026-10-09 21:17:49,2026-10-09 21:17:49.996
2026-10-09 21:14:03,BSCI222,7219,Michael Keller,18,18,0,2026-10-09 21:17:49,2026-10-09 21:17:49.996
2026-10-09 21:14:03,BSCI222,7220,Michael Keller,18,18,0,2026-10-09 21:17:49,2026-10-09 21:17:49.996
2026-10-09 21:14:03,BSCI222,7221,Michael Keller,18,18,0,2026-10-09 21:17:49,2026-10-09 21:17:49.996
2026-10-09 21:14:03,BSCI222,7222,Michael Keller,18,18,0,2026-10-09 21:17:49,2026-10-09 21:17:49.996
2026-10-09 21:14:03,BSCI222,7224,Michael Keller,18,18,0,2026-10-09 21:17:49,2026-10-09 21:17:49.996
2026-10-09 21:14:03,BSCI222,7226,Michael Keller,18,18,0,2026-10-09 21:17:49,2026-10-09 21:17:49.996
2026-10-09 21:14:03,BSCI222,7232,Michael Keller,18,18,0,2026-10-09 21:17:49,2026-10-09 21:17:49.996
2026-10-09 21:14:03,BSCI222,7234,Michael Keller,18,18,0,2026-10-09 21:17:49,2026-10-09 21:17:49.997
2026-10-09 21:14:03,BSCI222,7236,Michael Keller,18,18,0,2026-10-09 21:17:49,2026-10-09 21:17:49.997
2026-10-09 21:14:03,BSCI222,7310,Maria Colt,18,18,0,2026-10-09 21:17:49,2026-10-09 21:17:49.997
2026-10-09 21:14:03,BSCI222,7311,Maria Colt,18,18,0,2026-10-09 21:17:49,2026-10-09 21:17:49.997
2026-10-09 21:14:03,BSCI222,7312,Maria Colt,18,18,0,2026-10-09 21:17:49,2026-10-09 21:17:49.997
2026-10-09 21:14:03,BSCI222,7313,Maria Colt,18,18,0,2026-10-09 21:17:49,2026-10-09 21:17:49.997
2026-10-09 21:14:03,BSCI222,7315,Maria Colt,18,18,0,2026-10-09 21:17:49,2026-10-09 21:17:49.997
2026-10-09 21:14:03,BSCI222,7320,Maria Colt,18,18,0,2026-10-09 21:17:49,2026-10-09 21:17:49.997
2026-10-09 21:14:03,BSCI222,7325,Maria Colt,18,18,0,2026-10-09 21:17:49,2026-10-09 21:17:49.997
2026-10-09 21:14:03,BSCI222,7330,Maria Colt,18,18,0,2026-10-09 21:17:49,2026-10-09 21:17:49.997
2026-10-09 21:14:03,BSCI222,7332,Maria Colt,18,18,0,2026-10-09 21:17:49,2026-10-09 21:17:49.997
2026-10-09 21:14:03,BSCI222,7335,Maria Colt,18,18,0,2026-10-09 21:17:49,2026-10-09 21:17:49.997
2026-10-09 21:14:03,BSCI222,SES1,Maria Colt,23,23,0,2026-10-09 21:17:49,2026-10-09 21:17:49.997
2026-10-09 21:14:03,BSCI223,1021,John Buchner,16,16,0,2026-10-09 21:17:50,2026-10-09 21:17:50.436
2026-10-09 21:14:03,BSCI223,1025,John Buchner,16,16,0,2026-10-09 21:17:50,2026-10-09 21:17:50.436
2026-10-09 21:14:03,BSCI223,1026,John Buchner,16,16,0,2026-10-09 21:17:50,2026-10-09 21:17:50.436
2026-10-09 21:14:03,BSCI223,1101,John Buchner,16,16,0,2026-10-09 21:17:50,2026-10-09 21:17:50.436
2026-10-09 21:14:03,BSCI223,1105,John Buchner,16,16,0,2026-10-09 21:17:50,2026-10-09 21:17:50.436
2026-10-09 21:14:03,BSCI223,1106,John Buchner,16,16,0,2026-10-09 21:17:50,2026-10-09 21:17:50.436
2026-10-09 21:14:03,BSCI223,1121,John Buchner,16,16,0,2026-10-09 21:17:50,2026-10-09 21:17:50.437
2026-10-09 21:14:03,BSCI223,1125,John Buchner,16,16,0,2026-10-09 21:17:50,2026-10-09 21:17:50.437
2026-10-09 21:14:03,BSCI223,1126,John Buchner,16,16,0,2026-10-09 21:17:50,2026-10-09 21:17:50.437
2026-10-09 21:14:03,BSCI223,1201,John Buchner,16,16,0,2026-10-09 21:17:50,2026-10-09 21:17:50.437
2026-10-09 21:14:03,BSCI223,1206,John Buchner,16,16,0,2026-10-09 21:17:50,2026-10-09 21:17:50.437
2026-10-09 21:14:03,BSCI223,1221,John Buchner,16,16,0,2026-10-09 21:17:50,2026-10-09 21:17:50.437
2026-10-09 21:14:03,BSCI223,1225,John Buchner,16,16,0,2026-10-09 21:17:50,2026-10-09 21:17:50.437
2026-10-09 21:14:03,BSCI223,1226,John Buchner,16,16,0,2026-10-09 21:17:50,2026-10-09 21:17:50.437
2026-10-09 21:14:03,BSCI223,1301,John Buchner,16,16,0,2026-10-09 21:17:50,2026-10-09 21:17:50.437
2026-10-09 21:14:03,BSCI223,1306,John Buchner,16,16,0,2026-10-09 21:17:50,2026-10-09 21:17:50.437
2026-10-09 21:14:03,BSCI223,2401,John Buchner,16,16,0,2026-10-09 21:17:50,2026-10-09 21:17:50.437
2026-10-09 21:14:03,BSCI223,2406,John Buchner,16,16,0,2026-10-09 21:17:50,2026-10-09 21:17:50.437
2026-10-09 21:14:03,BSCI223,SES1,Cherisse Hall,20,20,0,2026-10-09 21:17:50,2026-10-09 21:17:50.437
2026-10-09 21:14:03,BSCI238I,0101,Aditri Gadigi,30,30,0,2026-10-09 21:17:50,2026-10-09 21:17:50.805
2026-10-09 21:14:03,BSCI258A,0101,Nicholas Fletcher,10,10,0,2026-10-09 21:17:51,2026-10-09 21:17:51.151
2026-10-09 21:14:03,BSCI258B,0101,Nicholas Fletcher,80,80,0,2026-10-09 21:17:51,2026-10-09 21:17:51.536
2026-10-09 21:14:03,BSCI279B,0101,Katerina Thompson,32,32,0,2026-10-09 21:17:52,2026-10-09 21:17:52.248
2026-10-09 21:14:03,BSCI279B,0102,Katerina Thompson,32,32,0,2026-10-09 21:17:52,2026-10-09 21:17:52.248
2026-10-09 21:14:03,BSCI279Q,0101,Daniel Butts,10,10,0,2026-10-09 21:17:52,2026-10-09 21:17:52.954
2026-10-09 21:14:03,BSCI283,1205,Kevin McIver,20,20,0,2026-10-09 21:17:54,2026-10-09 21:17:54.003
2026-10-09 21:14:03,BSCI283,1305,Daniel Stein,20,20,0,2026-10-09 21:17:54,2026-10-09 21:17:54.003
2026-10-09 21:14:03,BSCI329,1016,Hilary Bierman,5,5,0,2026-10-09 21:17:54,2026-10-09 21:17:54.363
2026-10-09 21:14:03,BSCI329,1028,Daniel Butts,10,10,0,2026-10-09 21:17:54,2026-10-09 21:17:54.363
2026-10-09 21:14:03,BSCI329,1033,Chan Lin,10,10,0,2026-10-09 21:17:54,2026-10-09 21:17:54.363
2026-10-09 21:14:03,BSCI329,1250,Justicia Opoku-Edusei,20,20,0,2026-10-09 21:17:54,2026-10-09 21:17:54.363
2026-10-09 21:14:03,BSCI329,1388,Corine Van der Weele,8,8,0,2026-10-09 21:17:54,2026-10-09 21:17:54.363
2026-10-09 21:14:03,BSCI329,ESG1,Hadiya Woodham,10,10,0,2026-10-09 21:17:54,2026-10-09 21:17:54.364
2026-10-09 21:14:03,BSCI331,0101,Kenneth Frauwirth,200,200,0,2026-10-09 21:17:54,2026-10-09 21:17:54.719
2026-10-09 21:14:03,BSCI331,0201,Kenneth Frauwirth,200,200,0,2026-10-09 21:17:54,2026-10-09 21:17:54.719
2026-10-09 21:14:03,BSCI332,0102,Corine Van der Weele,23,23,0,2026-10-09 21:17:55,2026-10-09 21:17:55.096
2026-10-09 21:14:03,BSCI332,0104,Corine Van der Weele,23,23,0,2026-10-09 21:17:55,2026-10-09 21:17:55.096
2026-10-09 21:14:03,BSCI332,0106,Corine Van der Weele,23,23,0,2026-10-09 21:17:55,2026-10-09 21:17:55.096
2026-10-09 21:14:03,BSCI332,0107,Corine Van der Weele,23,23,0,2026-10-09 21:17:55,2026-10-09 21:17:55.096
2026-10-09 21:14:03,BSCI332,0111,Corine Van der Weele,23,23,0,2026-10-09 21:17:55,2026-10-09 21:17:55.096
2026-10-09 21:14:03,BSCI332,1103,Corine Van der Weele,23,23,0,2026-10-09 21:17:55,2026-10-09 21:17:55.096
2026-10-09 21:14:03,BSCI332,1105,Corine Van der Weele,23,23,0,2026-10-09 21:17:55,2026-10-09 21:17:55.096
2026-10-09 21:14:03,BSCI332,1108,Corine Van der Weele,23,23,0,2026-10-09 21:17:55,2026-10-09 21:17:55.096
2026-10-09 21:14:03,BSCI332,1109,Corine Van der Weele,23,23,0,2026-10-09 21:17:55,2026-10-09 21:17:55.096
2026-10-09 21:14:03,BSCI332,1111,Corine Van der Weele,23,23,0,2026-10-09 21:17:55,2026-10-09 21:17:55.096
2026-10-09 21:14:03,BSCI332,1113,Corine Van der Weele,23,23,0,2026-10-09 21:17:55,2026-10-09 21:17:55.096
2026-10-09 21:14:03,BSCI334,0101,Katerina Thompson,60,60,0,2026-10-09 21:17:55,2026-10-09 21:17:55.446
2026-10-09 21:14:03,BSCI335,0101,Katerina Thompson,20,20,0,2026-10-09 21:17:55,2026-10-09 21:17:55.807
2026-10-09 21:14:03,BSCI335,0102,Katerina Thompson,20,20,0,2026-10-09 21:17:55,2026-10-09 21:17:55.807
2026-10-09 21:14:03,BSCI337,0101,Leo Shapiro,20,20,0,2026-10-09 21:17:56,2026-10-09 21:17:56.172
2026-10-09 21:14:03,BSCI337,0102,Leo Shapiro,20,20,0,2026-10-09 21:17:56,2026-10-09 21:17:56.173
2026-10-09 21:14:03,BSCI343,ESG1,Hadiya Woodham,30,30,0,2026-10-09 21:17:56,2026-10-09 21:17:56.893
2026-10-09 21:14:03,BSCI348A,0101,John Buchner,22,22,0,2026-10-09 21:17:57,2026-10-09 21:17:57.603
2026-10-09 21:14:03,BSCI348I,SES1,Erik Lontok,25,25,0,2026-10-09 21:17:57,2026-10-09 21:17:57.954
2026-10-09 21:14:03,BSCI348R,0101,Najib El-Sayed,10,10,0,2026-10-09 21:17:58,2026-10-09 21:17:58.305
2026-10-09 21:14:03,BSCI353,0101,Chan Lin,64,64,0,2026-10-09 21:17:58,2026-10-09 21:17:58.681
2026-10-09 21:14:03,BSCI353,0102,Melissa Caras,40,40,0,2026-10-09 21:17:58,2026-10-09 21:17:58.681
2026-10-09 21:14:03,BSCI353,ESG1,Vitaly Stepensky,40,40,0,2026-10-09 21:17:58,2026-10-09 21:17:58.681
2026-10-09 21:14:03,BSCI358A,ESG1,Vitaly Stepensky,30,30,0,2026-10-09 21:17:59,2026-10-09 21:17:59.035
2026-10-09 21:14:03,BSCI358B,ESG1,Gregory Simon,30,30,0,2026-10-09 21:17:59,2026-10-09 21:17:59.387
2026-10-09 21:14:03,BSCI361,0101,Daniel Gruner,25,25,0,2026-10-09 21:17:59,2026-10-09 21:17:59.747
2026-10-09 21:14:03,BSCI361,0102,Daniel Gruner,25,25,0,2026-10-09 21:17:59,2026-10-09 21:17:59.747
2026-10-09 21:14:03,BSCI370,0101,Alexandra Bely,64,64,0,2026-10-09 21:18:00,2026-10-09 21:18:00.125
2026-10-09 21:14:03,BSCI378H,0101,Kenneth Frauwirth,23,23,0,2026-10-09 21:18:00,2026-10-09 21:18:00.488
2026-10-09 21:14:03,BSCI398H,0101,Alexandra Bely,35,35,0,2026-10-09 21:18:03,2026-10-09 21:18:03.209
2026-10-09 21:14:03,BSCI401,0101,Gerald Wilkinson,39,39,0,2026-10-09 21:18:04,2026-10-09 21:18:04.624
2026-10-09 21:14:03,BSCI406,0101,Sergei Sukharev,20,20,0,2026-10-09 21:18:05,2026-10-09 21:18:05.003
2026-10-09 21:14:03,BSCI410,0101,Charles Seller,140,140,0,2026-10-09 21:18:05,2026-10-09 21:18:05.373
2026-10-09 21:14:03,BSCI412,0101,Erin Tran,18,18,0,2026-10-09 21:18:05,2026-10-09 21:18:05.736
2026-10-09 21:14:03,BSCI412,0103,Wade Winkler,18,18,0,2026-10-09 21:18:05,2026-10-09 21:18:05.736
2026-10-09 21:14:03,BSCI414,ESG1,Caitlin Fox,24,24,0,2026-10-09 21:18:06,2026-10-09 21:18:06.091
2026-10-09 21:14:03,BSCI416,0101,Silvia Bolland,42,42,0,2026-10-09 21:18:06,2026-10-09 21:18:06.460
2026-10-09 21:14:03,BSCI417,0101,Vincent Lee,30,30,0,2026-10-09 21:18:06,2026-10-09 21:18:06.813
2026-10-09 21:14:03,BSCI420,0101,Sougata Roy,62,62,0,2026-10-09 21:18:07,2026-10-09 21:18:07.181
2026-10-09 21:14:03,BSCI422,0101,Kenneth Frauwirth,25,25,0,2026-10-09 21:18:07,2026-10-09 21:18:07.542
2026-10-09 21:14:03,BSCI422,0102,Kenneth Frauwirth,25,25,0,2026-10-09 21:18:07,2026-10-09 21:18:07.543
2026-10-09 21:14:03,BSCI422,0103,David Mosser,25,25,0,2026-10-09 21:18:07,2026-10-09 21:18:07.543
2026-10-09 21:14:03,BSCI422,0104,David Mosser,25,25,0,2026-10-09 21:18:07,2026-10-09 21:18:07.543
2026-10-09 21:14:03,BSCI423,0101,Wenxia Song,18,18,0,2026-10-09 21:18:07,2026-10-09 21:18:07.918
2026-10-09 21:14:03,BSCI423,0102,Wenxia Song,18,18,0,2026-10-09 21:18:07,2026-10-09 21:18:07.918
2026-10-09 21:14:03,BSCI425,0101,Kan Cao,20,20,0,2026-10-09 21:18:08,2026-10-09 21:18:08.276
2026-10-09 21:14:03,BSCI430,0101,Eric Haag,35,35,0,2026-10-09 21:18:08,2026-10-09 21:18:08.646
2026-10-09 21:14:03,BSCI433,0101,Jeff Maltas,30,30,0,2026-10-09 21:18:08,2026-10-09 21:18:09.000
2026-10-09 21:14:03,BSCI435,0101,Tapan Goel,18,18,0,2026-10-09 21:18:09,2026-10-09 21:18:09.373
2026-10-09 21:14:03,BSCI436,0101,Jonathan Dinman,60,60,0,2026-10-09 21:18:09,2026-10-09 21:18:09.738
2026-10-09 21:14:03,BSCI437,0101,Jeffrey DeStefano,70,70,0,2026-10-09 21:18:10,2026-10-09 21:18:10.113
2026-10-09 21:14:03,BSCI437,ESG1,Gilad Ofek,40,40,0,2026-10-09 21:18:10,2026-10-09 21:18:10.113
2026-10-09 21:14:03,BSCI437H,0101,Jeffrey DeStefano,8,8,0,2026-10-09 21:18:10,2026-10-09 21:18:10.465
2026-10-09 21:14:03,BSCI439B,ESG1,Maira Goytia,40,40,0,2026-10-09 21:18:10,2026-10-09 21:18:10.815
2026-10-09 21:14:03,BSCI439E,0101,Beatrice Kondo,5,5,0,2026-10-09 21:18:11,2026-10-09 21:18:11.158
2026-10-09 21:14:03,BSCI439G,0101,Beatrice Kondo,5,5,0,2026-10-09 21:18:11,2026-10-09 21:18:11.518
2026-10-09 21:14:03,BSCI439L,0101,Instructor: TBA,5,5,0,2026-10-09 21:18:11,2026-10-09 21:18:11.871
2026-10-09 21:14:03,BSCI439Z,0101,Amanda Chicoli,20,20,0,2026-10-09 21:18:12,2026-10-09 21:18:12.229
2026-10-09 21:14:03,BSCI442,0101,Daniel Rodriguez Leal,20,20,0,2026-10-09 21:18:12,2026-10-09 21:18:12.586
2026-10-09 21:14:03,BSCI442,0102,Jose Feijo,20,20,0,2026-10-09 21:18:12,2026-10-09 21:18:12.586
2026-10-09 21:14:03,BSCI450,0101,Juan Angueyra,130,130,0,2026-10-09 21:18:12,2026-10-09 21:18:12.988
2026-10-09 21:14:03,BSCI450,0201,Joshua Singer,120,120,0,2026-10-09 21:18:12,2026-10-09 21:18:12.988
2026-10-09 21:14:03,BSCI450,PDS1,William Higgins,20,20,0,2026-10-09 21:18:12,2026-10-09 21:18:12.988
2026-10-09 21:14:03,BSCI451,0101,Corine Van der Weele,20,20,0,2026-10-09 21:18:13,2026-10-09 21:18:13.347
2026-10-09 21:14:03,BSCI451,0102,Corine Van der Weele,20,20,0,2026-10-09 21:18:13,2026-10-09 21:18:13.347
2026-10-09 21:14:03,BSCI451,0103,Corine Van der Weele,20,20,0,2026-10-09 21:18:13,2026-10-09 21:18:13.347
2026-10-09 21:14:03,BSCI451,0104,Corine Van der Weele,20,20,0,2026-10-09 21:18:13,2026-10-09 21:18:13.347
2026-10-09 21:14:03,BSCI452,0101,Chan Lin,40,40,0,2026-10-09 21:18:13,2026-10-09 21:18:13.706
2026-10-09 21:14:03,BSCI452,SES1,Chan Lin,20,20,0,2026-10-09 21:18:13,2026-10-09 21:18:13.706
2026-10-09 21:14:03,BSCI453,0101,Nikolas Francis,38,38,0,2026-10-09 21:18:14,2026-10-09 21:18:14.058
2026-10-09 21:14:03,BSCI455,0101,Hilary Bierman,16,16,0,2026-10-09 21:18:14,2026-10-09 21:18:14.420
2026-10-09 21:14:03,BSCI455,0102,Hilary Bierman,16,16,0,2026-10-09 21:18:14,2026-10-09 21:18:14.420
2026-10-09 21:14:03,BSCI455,0103,Hilary Bierman,16,16,0,2026-10-09 21:18:14,2026-10-09 21:18:14.420
2026-10-09 21:14:03,BSCI456,0101,Colenso Speer,5,5,0,2026-10-09 21:18:14,2026-10-09 21:18:14.797
2026-10-09 21:14:03,BSCI477,0101,Emily Bruns,40,40,0,2026-10-09 21:18:15,2026-10-09 21:18:15.167
2026-10-09 21:14:03,BSCI487,0101,Kelly Hamby,24,24,0,2026-10-09 21:18:15,2026-10-09 21:18:15.525
2026-10-09 21:14:03,BSOS355,0101,Liza Lebrun,40,40,0,2026-10-09 21:18:17,2026-10-09 21:18:17.170
2026-10-09 21:14:03,BSOS361,0101,TC Lloyd,30,30,0,2026-10-09 21:18:17,2026-10-09 21:18:17.526
2026-10-09 21:14:03,BSOS361,0102,TC Lloyd,30,30,0,2026-10-09 21:18:17,2026-10-09 21:18:17.526
2026-10-09 21:14:03,BSOS448M,0101,Brandee Pettus,12,12,0,2026-10-09 21:18:17,2026-10-09 21:18:17.897
2026-10-09 21:14:03,BUMO600,0501,Sheetal Singh,52,52,0,2026-10-09 21:18:40,2026-10-09 21:18:40.041
2026-10-09 21:14:03,BUMO604,0501,Jon Crocker,0,0,0,2026-10-09 21:18:40,2026-10-09 21:18:40.943
2026-10-09 21:14:03,BUMO614,0501,Waverly Ding,58,58,0,2026-10-09 21:18:41,2026-10-09 21:18:41.647
2026-10-09 21:14:03,BUMO701,0501,Jason Choi,65,65,0,2026-10-09 21:18:42,2026-10-09 21:18:42.418
2026-10-09 21:14:03,BUMO703,0501,Mary Beth Furst,65,65,0,2026-10-09 21:18:42,2026-10-09 21:18:42.775
2026-10-09 21:14:03,BUMO711,0501,Sheetal Singh,65,65,0,2026-10-09 21:18:43,2026-10-09 21:18:43.400
2026-10-09 21:14:03,BUMO714,0501,Rellie Rozin,0,0,0,2026-10-09 21:18:44,2026-10-09 21:18:44.080
2026-10-09 21:14:03,BUMO723,0501,Stephen Sclafani,58,58,0,2026-10-09 21:18:44,2026-10-09 21:18:44.446
2026-10-09 21:14:03,BUMO724,0501,Stephen Sclafani,58,58,0,2026-10-09 21:18:44,2026-10-09 21:18:44.975
2026-10-09 21:14:03,BUMO726,0501,Stephen Sclafani,58,58,0,2026-10-09 21:18:45,2026-10-09 21:18:45.692
2026-10-09 21:14:03,BUMO731,0501,Balaji Padmanabhan,58,58,0,2026-10-09 21:18:46,2026-10-09 21:18:46.036
2026-10-09 21:14:03,BUMO733,0501,Balaji Padmanabhan,58,58,0,2026-10-09 21:18:46,2026-10-09 21:18:46.629
2026-10-09 21:14:03,BUMO758P,0501,Jon Crocker,37,37,0,2026-10-09 21:18:46,2026-10-09 21:18:46.984
2026-10-09 21:14:03,BUMO780,0501,Jennifer Marr,37,37,0,2026-10-09 21:18:47,2026-10-09 21:18:47.688
2026-10-09 21:14:03,BUMO780,0502,Jennifer Marr,37,37,0,2026-10-09 21:18:47,2026-10-09 21:18:47.689
2026-10-09 21:14:03,BUMO782,0501,Mike Hoffmeyer,40,40,0,2026-10-09 21:18:48,2026-10-09 21:18:48.042
2026-10-09 21:14:03,BUMO785,0501,Maria Bustamante,65,65,0,2026-10-09 21:18:48,2026-10-09 21:18:48.408
2026-10-09 21:14:03,BUMO790,0501,Roy Thomason,65,65,0,2026-10-09 21:18:48,2026-10-09 21:18:48.811
2026-10-09 21:14:03,BUMO790,0502,Roy Thomason,65,65,0,2026-10-09 21:18:48,2026-10-09 21:18:48.811
2026-10-09 21:14:03,BUMO791,0501,Roy Thomason,65,65,0,2026-10-09 21:18:49,2026-10-09 21:18:49.164
2026-10-09 21:14:03,BUMO791,0502,Roy Thomason,65,65,0,2026-10-09 21:18:49,2026-10-09 21:18:49.165
2026-10-09 21:14:03,CHIN100,0101,Yuli Wang,15,15,0,2026-10-09 21:19:39,2026-10-09 21:19:39.735
2026-10-09 21:14:03,CHIN121,0101,Mei Kong,15,15,0,2026-10-09 21:19:40,2026-10-09 21:19:40.097
2026-10-09 21:14:03,CHIN122,0101,Mei Kong,15,15,0,2026-10-09 21:19:40,2026-10-09 21:19:40.466
2026-10-09 21:14:03,CHIN122,0201,Mei Kong,15,15,0,2026-10-09 21:19:40,2026-10-09 21:19:40.466
2026-10-09 21:14:03,CHIN122,0301,Guiling Hu,15,15,0,2026-10-09 21:19:40,2026-10-09 21:19:40.466
2026-10-09 21:14:03,CHIN207,0101,Guiling Hu,15,15,0,2026-10-09 21:19:40,2026-10-09 21:19:40.826
2026-10-09 21:14:03,CHIN207,0201,Guiling Hu,15,15,0,2026-10-09 21:19:40,2026-10-09 21:19:40.827
2026-10-09 21:14:03,CHIN302,0101,Jungjung Lee,15,15,0,2026-10-09 21:19:41,2026-10-09 21:19:41.186
2026-10-09 21:14:03,CHIN302,0201,Jungjung Lee,15,15,0,2026-10-09 21:19:41,2026-10-09 21:19:41.187
2026-10-09 21:14:03,CHIN307,0101,Minglang Zhou,25,25,0,2026-10-09 21:19:41,2026-10-09 21:19:41.544
2026-10-09 21:14:03,CHIN315,0101,Mei Nan,30,30,0,2026-10-09 21:19:41,2026-10-09 21:19:41.903
2026-10-09 21:14:03,CHIN332,0101,Yuli Wang,15,15,0,2026-10-09 21:19:42,2026-10-09 21:19:42.261
2026-10-09 21:14:03,CHIN402,0101,Jungjung Lee,15,15,0,2026-10-09 21:19:42,2026-10-09 21:19:42.964
2026-10-09 21:14:03,CHIN415,0101,Jungjung Lee,15,15,0,2026-10-09 21:19:43,2026-10-09 21:19:43.321
2026-10-09 21:14:03,CHIN418O,0101,Mei Nan,25,25,0,2026-10-09 21:19:43,2026-10-09 21:19:43.680
2026-10-09 21:14:03,CHIN441,0101,Andrew Schonebaum,20,20,0,2026-10-09 21:19:44,2026-10-09 21:19:44.056
2026-10-09 21:14:03,CHSE205,0101,Yewon Lee,60,60,0,2026-10-09 21:19:48,2026-10-09 21:19:48.379
2026-10-09 21:14:03,CHSE205,0201,Katryna Andrusik,50,50,0,2026-10-09 21:19:48,2026-10-09 21:19:48.379
2026-10-09 21:14:03,CHSE228D,0101,Nikita Kimani,16,16,0,2026-10-09 21:19:48,2026-10-09 21:19:48.760
2026-10-09 21:14:03,CHSE376,0101,Michael Dunham,20,20,0,2026-10-09 21:19:49,2026-10-09 21:19:49.128
2026-10-09 21:14:03,CHSE376,0201,Elizabeth Martinez,20,20,0,2026-10-09 21:19:49,2026-10-09 21:19:49.128
2026-10-09 21:14:03,CHSE376,0301,Colleen McGilpin,20,20,0,2026-10-09 21:19:49,2026-10-09 21:19:49.128
2026-10-09 21:14:03,CHSE376,0401,Chanai Brewster,20,20,0,2026-10-09 21:19:49,2026-10-09 21:19:49.129
2026-10-09 21:14:03,CHSE376,0501,Michael Dunham,20,20,0,2026-10-09 21:19:49,2026-10-09 21:19:49.129
2026-10-09 21:14:03,CHSE476,0101,Michael Dunham,20,20,0,2026-10-09 21:19:49,2026-10-09 21:19:49.840
2026-10-09 21:14:03,CHSE477,0101,Michael Dunham,18,18,0,2026-10-09 21:19:50,2026-10-09 21:19:50.193
2026-10-09 21:14:03,CHSE480,0101,Michael Dunham,18,18,0,2026-10-09 21:19:50,2026-10-09 21:19:50.551
2026-10-09 21:14:03,CHSE489,1901,Amy D'Agati,10,10,0,2026-10-09 21:19:50,2026-10-09 21:19:50.910
2026-10-09 21:14:03,CINE245,0201,Instructor: TBA,27,27,0,2026-10-09 21:19:53,2026-10-09 21:19:53.006
2026-10-09 21:14:03,CINE245,0301,Alan Montroso,27,27,0,2026-10-09 21:19:53,2026-10-09 21:19:53.006
2026-10-09 21:14:03,CINE280,0101,Eric Zakim,25,25,0,2026-10-09 21:19:53,2026-10-09 21:19:53.359
2026-10-09 21:14:03,CINE280,0102,Eric Zakim,25,25,0,2026-10-09 21:19:53,2026-10-09 21:19:53.359
2026-10-09 21:14:03,CINE280,0103,Eric Zakim,25,25,0,2026-10-09 21:19:53,2026-10-09 21:19:53.359
2026-10-09 21:14:03,CINE280,0104,Eric Zakim,25,25,0,2026-10-09 21:19:53,2026-10-09 21:19:53.359
2026-10-09 21:14:03,CINE282,0101,Susan Pramschufer,35,35,0,2026-10-09 21:19:53,2026-10-09 21:19:53.728
2026-10-09 21:14:03,CINE298B,0101,Sean Pue,20,20,0,2026-10-09 21:19:54,2026-10-09 21:19:54.076
2026-10-09 21:14:03,CINE302,0101,Luka Arsenjuk,30,30,0,2026-10-09 21:19:54,2026-10-09 21:19:54.432
2026-10-09 21:14:03,CINE310,0101,Nathaniel Stevens,15,15,0,2026-10-09 21:19:54,2026-10-09 21:19:54.831
2026-10-09 21:14:03,CINE319A,0101,Paul Cote,20,20,0,2026-10-09 21:19:55,2026-10-09 21:19:55.185
2026-10-09 21:14:03,CINE319I,0101,Yael Inbar,15,15,0,2026-10-09 21:19:55,2026-10-09 21:19:55.559
2026-10-09 21:14:03,CINE319P,5501,Samuel Crawford,10,10,0,2026-10-09 21:19:55,2026-10-09 21:19:55.917
2026-10-09 21:14:03,CINE329E,0101,Elizabeth Papazian,25,25,0,2026-10-09 21:19:56,2026-10-09 21:19:56.280
2026-10-09 21:14:03,CINE329N,0101,Daniel Richter,25,25,0,2026-10-09 21:19:56,2026-10-09 21:19:56.643
2026-10-09 21:14:03,CINE329Z,0101,Daniel Richter,25,25,0,2026-10-09 21:19:57,2026-10-09 21:19:57.018
2026-10-09 21:14:03,CINE335,0101,Jason Kuo,25,25,0,2026-10-09 21:19:57,2026-10-09 21:19:57.384
2026-10-09 21:14:03,CINE369C,0101,Mauro Resmini,40,40,0,2026-10-09 21:19:57,2026-10-09 21:19:57.737
2026-10-09 21:14:03,CINE369F,0101,Alexis Lothian,30,30,0,2026-10-09 21:19:58,2026-10-09 21:19:58.113
2026-10-09 21:14:03,CINE369K,0101,Paul Cote,20,20,0,2026-10-09 21:19:58,2026-10-09 21:19:58.477
2026-10-09 21:14:03,CINE376,0101,Ross Angelella,14,14,0,2026-10-09 21:19:58,2026-10-09 21:19:58.845
2026-10-09 21:14:03,CINE376,0102,Ross Angelella,5,5,0,2026-10-09 21:19:58,2026-10-09 21:19:58.845
2026-10-09 21:14:03,CINE419E,0101,Stephanie Sapienza,15,15,0,2026-10-09 21:19:59,2026-10-09 21:19:59.564
2026-10-09 21:14:03,CINE429O,0101,Mei Nan,25,25,0,2026-10-09 21:19:59,2026-10-09 21:19:59.919
2026-10-09 21:14:03,CINE459C,0101,Saverio Giovacchini,54,54,0,2026-10-09 21:20:00,2026-10-09 21:20:00.306
2026-10-09 21:14:03,CINE469Y,0101,Jason Kuo,14,14,0,2026-10-09 21:20:00,2026-10-09 21:20:00.695
2026-10-09 21:14:03,CLAS170,0101,Katherine Wasdin,21,21,0,2026-10-09 21:20:02,2026-10-09 21:20:02.956
2026-10-09 21:14:03,CLAS170,0102,Katherine Wasdin,21,21,0,2026-10-09 21:20:02,2026-10-09 21:20:02.956
2026-10-09 21:14:03,CLAS170,0103,Katherine Wasdin,21,21,0,2026-10-09 21:20:02,2026-10-09 21:20:02.956
2026-10-09 21:14:03,CLAS170,0104,Katherine Wasdin,21,21,0,2026-10-09 21:20:02,2026-10-09 21:20:02.956
2026-10-09 21:14:03,CLAS170,0105,Katherine Wasdin,21,21,0,2026-10-09 21:20:02,2026-10-09 21:20:02.956
2026-10-09 21:14:03,CLAS170,0106,Katherine Wasdin,21,21,0,2026-10-09 21:20:02,2026-10-09 21:20:02.956
2026-10-09 21:14:03,CLAS170,0107,Katherine Wasdin,21,21,0,2026-10-09 21:20:02,2026-10-09 21:20:02.956
2026-10-09 21:14:03,CLAS170,0108,Katherine Wasdin,21,21,0,2026-10-09 21:20:02,2026-10-09 21:20:02.957
2026-10-09 21:14:03,CLAS170,0109,Katherine Wasdin,21,21,0,2026-10-09 21:20:02,2026-10-09 21:20:02.957
2026-10-09 21:14:03,CLAS276,0101,Eric Adler,25,25,0,2026-10-09 21:20:03,2026-10-09 21:20:03.356
2026-10-09 21:14:03,CLAS276,0102,Eric Adler,25,25,0,2026-10-09 21:20:03,2026-10-09 21:20:03.356
2026-10-09 21:14:03,CLAS276,0103,Eric Adler,25,25,0,2026-10-09 21:20:03,2026-10-09 21:20:03.356
2026-10-09 21:14:03,CLAS276,0104,Eric Adler,25,25,0,2026-10-09 21:20:03,2026-10-09 21:20:03.356
2026-10-09 21:14:03,CLAS276,0105,Eric Adler,25,25,0,2026-10-09 21:20:03,2026-10-09 21:20:03.356
2026-10-09 21:14:03,CLAS276,0106,Eric Adler,25,25,0,2026-10-09 21:20:03,2026-10-09 21:20:03.356
2026-10-09 21:14:03,CLAS333,0101,Nathan Levine,35,35,0,2026-10-09 21:20:03,2026-10-09 21:20:03.719
2026-10-09 21:14:03,CLAS340,0101,Katherine Wasdin,35,35,0,2026-10-09 21:20:04,2026-10-09 21:20:04.107
2026-10-09 21:14:03,CMLT235,0101,Instructor: TBA,30,30,0,2026-10-09 21:20:06,2026-10-09 21:20:06.128
2026-10-09 21:14:03,CMLT270,0201,Instructor: TBA,30,30,0,2026-10-09 21:20:06,2026-10-09 21:20:06.489
2026-10-09 21:14:03,CMLT270,0301,Instructor: TBA,30,30,0,2026-10-09 21:20:06,2026-10-09 21:20:06.489
2026-10-09 21:14:03,CMLT275,0101,Instructor: TBA,30,30,0,2026-10-09 21:20:06,2026-10-09 21:20:06.864
2026-10-09 21:14:03,CMLT277,0101,Instructor: TBA,30,30,0,2026-10-09 21:20:07,2026-10-09 21:20:07.224
2026-10-09 21:14:03,CMLT280,0101,Eric Zakim,25,25,0,2026-10-09 21:20:11,2026-10-09 21:20:12.004
2026-10-09 21:14:03,CMLT280,0102,Eric Zakim,25,25,0,2026-10-09 21:20:11,2026-10-09 21:20:12.004
2026-10-09 21:14:03,CMLT280,0103,Eric Zakim,25,25,0,2026-10-09 21:20:11,2026-10-09 21:20:12.004
2026-10-09 21:14:03,CMLT280,0104,Eric Zakim,25,25,0,2026-10-09 21:20:11,2026-10-09 21:20:12.004
2026-10-09 21:14:03,CPBE101,0101,Oliver Schlake,75,75,0,2026-10-09 21:20:41,2026-10-09 21:20:41.086
2026-10-09 21:14:03,CPBE230,0101,Oliver Schlake,30,30,0,2026-10-09 21:20:41,2026-10-09 21:20:41.449
2026-10-09 21:14:03,CPBE240,0101,Oliver Schlake,20,20,0,2026-10-09 21:20:41,2026-10-09 21:20:41.829
2026-10-09 21:14:03,CPBE250,0101,Oliver Schlake,30,30,0,2026-10-09 21:20:42,2026-10-09 21:20:42.196
2026-10-09 21:14:03,CPCV101,0101,Julie Randolph,40,40,0,2026-10-09 21:20:43,2026-10-09 21:20:43.855
2026-10-09 21:14:03,CPCV101,0201,Julie Randolph,40,40,0,2026-10-09 21:20:43,2026-10-09 21:20:43.855
2026-10-09 21:14:03,CPCV230,0101,Korey Rothman,20,20,0,2026-10-09 21:20:44,2026-10-09 21:20:44.218
2026-10-09 21:14:03,CPCV230,0201,Korey Rothman,20,20,0,2026-10-09 21:20:44,2026-10-09 21:20:44.218
2026-10-09 21:14:03,CPDJ101,0101,Jess Feltner,75,75,0,2026-10-09 21:20:45,2026-10-09 21:20:45.851
2026-10-09 21:14:03,CPDJ230,0101,Jess Feltner,10,10,0,2026-10-09 21:20:46,2026-10-09 21:20:46.211
2026-10-09 21:14:03,CPDJ240,0101,Jess Feltner,8,8,0,2026-10-09 21:20:46,2026-10-09 21:20:46.571
2026-10-09 21:14:03,CPDJ250,0101,Jess Feltner,10,10,0,2026-10-09 21:20:47,2026-10-09 21:20:47.875
2026-10-09 21:14:03,CPET101,0101,Dani Moore,78,78,0,2026-10-09 21:20:49,2026-10-09 21:20:49.528
2026-10-09 21:14:03,CPET230,0101,Dani Moore,50,50,0,2026-10-09 21:20:49,2026-10-09 21:20:49.900
2026-10-09 21:14:03,CPET240,0101,Dani Moore,20,20,0,2026-10-09 21:20:50,2026-10-09 21:20:50.309
2026-10-09 21:14:03,CPET250,0101,Dani Moore,15,15,0,2026-10-09 21:20:50,2026-10-09 21:20:50.664
2026-10-09 21:14:03,CPGH101,0101,Angshuman Kashyap,75,75,0,2026-10-09 21:20:52,2026-10-09 21:20:52.389
2026-10-09 21:14:03,CPGH210,0101,Haley Clark,80,80,0,2026-10-09 21:20:52,2026-10-09 21:20:52.751
2026-10-09 21:14:03,CPGH230,0101,John Wiggins,30,30,0,2026-10-09 21:20:53,2026-10-09 21:20:53.101
2026-10-09 21:14:03,CPGH240,0101,John Wiggins,30,30,0,2026-10-09 21:20:53,2026-10-09 21:20:53.450
2026-10-09 21:14:03,CPGH250,0101,John Wiggins,25,25,0,2026-10-09 21:20:53,2026-10-09 21:20:53.805
2026-10-09 21:14:03,CPGH270,0101,John Wiggins,5,5,0,2026-10-09 21:20:54,2026-10-09 21:20:54.333
2026-10-09 21:14:03,CPJT101,0101,Justine DeCamillis,75,75,0,2026-10-09 21:20:55,2026-10-09 21:20:55.978
2026-10-09 21:14:03,CPJT230,0101,Justine DeCamillis,35,35,0,2026-10-09 21:20:56,2026-10-09 21:20:56.327
2026-10-09 21:14:03,CPJT240,0101,Justine DeCamillis,25,25,0,2026-10-09 21:20:56,2026-10-09 21:20:56.679
2026-10-09 21:14:03,CPJT250,0101,Victoria Worley,25,25,0,2026-10-09 21:20:57,2026-10-09 21:20:57.364
2026-10-09 21:14:03,CPMS101,0101,Alison Burns,75,75,0,2026-10-09 21:20:59,2026-10-09 21:20:59.011
2026-10-09 21:14:03,CPMS230,0101,Alison Burns,30,30,0,2026-10-09 21:20:59,2026-10-09 21:20:59.365
2026-10-09 21:14:03,CPMS240,0101,Alison Burns,15,15,0,2026-10-09 21:20:59,2026-10-09 21:20:59.736
2026-10-09 21:14:03,CPPL101,0101,Kelly Brower,75,75,0,2026-10-09 21:21:01,2026-10-09 21:21:01.407
2026-10-09 21:14:03,CPSA101,0101,Heather-Erin Bremenstuhl,75,75,0,2026-10-09 21:21:03,2026-10-09 21:21:03.102
2026-10-09 21:14:03,CPSA149,0101,Harold Burgess,20,20,0,2026-10-09 21:21:03,2026-10-09 21:21:03.480
2026-10-09 21:14:03,CPSA201,0101,Heather-Erin Bremenstuhl,75,75,0,2026-10-09 21:21:03,2026-10-09 21:21:03.835
2026-10-09 21:14:03,CPSA240,0101,Harold Burgess,15,15,0,2026-10-09 21:21:04,2026-10-09 21:21:04.563
2026-10-09 21:14:03,CPSA250,0101,Heather-Erin Bremenstuhl,10,10,0,2026-10-09 21:21:04,2026-10-09 21:21:04.927
2026-10-09 21:14:03,CPSA250,0201,Heather-Erin Bremenstuhl,10,10,0,2026-10-09 21:21:04,2026-10-09 21:21:04.927
2026-10-09 21:14:03,CPSA250,0301,Heather-Erin Bremenstuhl,10,10,0,2026-10-09 21:21:04,2026-10-09 21:21:04.927
2026-10-09 21:14:03,CPSA260,0101,Heather-Erin Bremenstuhl,10,10,0,2026-10-09 21:21:09,2026-10-09 21:21:09.532
2026-10-09 21:14:03,CPSA260,0201,Heather-Erin Bremenstuhl,10,10,0,2026-10-09 21:21:09,2026-10-09 21:21:09.532
2026-10-09 21:14:03,CPSA260,0301,Alexandra Lynch,10,10,0,2026-10-09 21:21:09,2026-10-09 21:21:09.532
2026-10-09 21:14:03,CPSF101,0101,Nicholas Fletcher,75,75,0,2026-10-09 21:21:11,2026-10-09 21:21:11.169
2026-10-09 21:14:03,CPSG101,0101,Thomas Holtz,75,75,0,2026-10-09 21:21:14,2026-10-09 21:21:14.404
2026-10-09 21:14:03,CPSG230,0101,John Merck,50,50,0,2026-10-09 21:21:14,2026-10-09 21:21:14.764
2026-10-09 21:14:03,CPSG240,0101,John Merck,25,25,0,2026-10-09 21:21:16,2026-10-09 21:21:16.717
2026-10-09 21:14:03,CPSG250,0101,John Merck,25,25,0,2026-10-09 21:21:17,2026-10-09 21:21:17.074
2026-10-09 21:14:03,CPSN101,0101,Stacy Kosko,75,75,0,2026-10-09 21:21:18,2026-10-09 21:21:18.756
2026-10-09 21:14:03,CPSN230,0101,Ellin Chung,40,40,0,2026-10-09 21:21:19,2026-10-09 21:21:19.127
2026-10-09 21:14:03,CPSN240,0101,Ellin Chung,15,15,0,2026-10-09 21:21:19,2026-10-09 21:21:19.495
2026-10-09 21:14:03,CPSN250,0101,Hansol Kwak,25,25,0,2026-10-09 21:21:20,2026-10-09 21:21:20.849
2026-10-09 21:14:03,CPSP110,0101,Instructor: TBA,18,18,0,2026-10-09 21:21:23,2026-10-09 21:21:23.300
2026-10-09 21:14:03,CPSP110,0201,Instructor: TBA,18,18,0,2026-10-09 21:21:23,2026-10-09 21:21:23.300
2026-10-09 21:14:03,CPSP110,0301,Instructor: TBA,18,18,0,2026-10-09 21:21:23,2026-10-09 21:21:23.300
2026-10-09 21:14:03,CPSP210,0101,Christine Alexander,20,20,0,2026-10-09 21:21:23,2026-10-09 21:21:23.662
2026-10-09 21:14:03,CPSP239A,0101,Heather-Erin Bremenstuhl,10,10,0,2026-10-09 21:21:24,2026-10-09 21:21:24.014
2026-10-09 21:14:03,CPSP259J,0101,Alison Burns,10,10,0,2026-10-09 21:21:24,2026-10-09 21:21:24.399
2026-10-09 21:14:03,CPSP279N,0101,Stacy Kosko,10,10,0,2026-10-09 21:21:24,2026-10-09 21:21:24.766
2026-10-09 21:14:03,CPSP339P,0101,Kelly Brower,15,15,0,2026-10-09 21:21:25,2026-10-09 21:21:25.116
2026-10-09 21:14:03,CPSP359G,0101,John Merck,25,25,0,2026-10-09 21:21:25,2026-10-09 21:21:25.646
2026-10-09 21:14:03,CPSP359S,0101,David Eubanks,24,24,0,2026-10-09 21:21:25,2026-10-09 21:21:26.000
2026-10-09 21:14:03,CPSP369E,0101,Tim Knight,7,7,0,2026-10-09 21:21:26,2026-10-09 21:21:26.361
2026-10-09 21:14:03,CPSP369E,0102,Tim Knight,5,5,0,2026-10-09 21:21:26,2026-10-09 21:21:26.361
2026-10-09 21:14:03,CPSS101,0101,Christine Alexander,75,75,0,2026-10-09 21:21:28,2026-10-09 21:21:28.013
2026-10-09 21:14:03,CPSS225,0101,Roan Parrish,20,20,0,2026-10-09 21:21:28,2026-10-09 21:21:28.996
2026-10-09 21:14:03,CPSS225,0201,Thomas Zeller,20,20,0,2026-10-09 21:21:28,2026-10-09 21:21:28.996
2026-10-09 21:14:03,CPSS240,0101,Timothy Reedy,25,25,0,2026-10-09 21:21:29,2026-10-09 21:21:29.349
2026-10-09 21:14:03,CPSS340,0101,Nicole Mogul,20,20,0,2026-10-09 21:21:29,2026-10-09 21:21:29.710
2026-10-09 21:14:03,DATA100,0111,Matthew Griffin,27,27,0,2026-10-09 21:21:45,2026-10-09 21:21:45.357
2026-10-09 21:14:03,DATA100,0112,Matthew Griffin,27,27,0,2026-10-09 21:21:45,2026-10-09 21:21:45.357
2026-10-09 21:14:03,DATA100,0121,Matthew Griffin,27,27,0,2026-10-09 21:21:45,2026-10-09 21:21:45.357
2026-10-09 21:14:03,DATA100,0122,Matthew Griffin,27,27,0,2026-10-09 21:21:45,2026-10-09 21:21:45.357
2026-10-09 21:14:03,DATA100,0123,Matthew Griffin,27,27,0,2026-10-09 21:21:45,2026-10-09 21:21:45.357
2026-10-09 21:14:03,DATA100,0131,Matthew Griffin,27,27,0,2026-10-09 21:21:45,2026-10-09 21:21:45.357
2026-10-09 21:14:03,DATA100,0211,Matthew Griffin,27,27,0,2026-10-09 21:21:45,2026-10-09 21:21:45.357
2026-10-09 21:14:03,DATA100,0212,Matthew Griffin,27,27,0,2026-10-09 21:21:45,2026-10-09 21:21:45.357
2026-10-09 21:14:03,DATA100,0221,Matthew Griffin,27,27,0,2026-10-09 21:21:45,2026-10-09 21:21:45.358
2026-10-09 21:14:03,DATA100,0222,Matthew Griffin,27,27,0,2026-10-09 21:21:45,2026-10-09 21:21:45.358
2026-10-09 21:14:03,DATA100,0223,Matthew Griffin,27,27,0,2026-10-09 21:21:45,2026-10-09 21:21:45.358
2026-10-09 21:14:03,DATA100,0224,Matthew Griffin,27,27,0,2026-10-09 21:21:45,2026-10-09 21:21:45.358
2026-10-09 21:14:03,DATA100,0231,Matthew Griffin,27,27,0,2026-10-09 21:21:45,2026-10-09 21:21:45.358
2026-10-09 21:14:03,DATA100,0241,Matthew Griffin,27,27,0,2026-10-09 21:21:45,2026-10-09 21:21:45.358
2026-10-09 21:14:03,DATA100,0242,Matthew Griffin,27,27,0,2026-10-09 21:21:45,2026-10-09 21:21:45.358
2026-10-09 21:14:03,DATA100,0311,Jonathan Fernandes,25,25,0,2026-10-09 21:21:45,2026-10-09 21:21:45.358
2026-10-09 21:14:03,DATA100,0312,Jonathan Fernandes,25,25,0,2026-10-09 21:21:45,2026-10-09 21:21:45.358
2026-10-09 21:14:03,DATA100,0321,Jonathan Fernandes,25,25,0,2026-10-09 21:21:45,2026-10-09 21:21:45.358
2026-10-09 21:14:03,DATA100,0322,Jonathan Fernandes,25,25,0,2026-10-09 21:21:45,2026-10-09 21:21:45.358
2026-10-09 21:14:03,DATA100,0323,Jonathan Fernandes,25,25,0,2026-10-09 21:21:45,2026-10-09 21:21:45.358
2026-10-09 21:14:03,DATA110,0101,Susan Mazzullo,310,310,0,2026-10-09 21:21:45,2026-10-09 21:21:45.842
2026-10-09 21:14:03,DATA120,0101,Fardina Alam,200,200,0,2026-10-09 21:21:46,2026-10-09 21:21:46.199
2026-10-09 21:14:03,DATA200,0101,Fardina Alam,90,90,0,2026-10-09 21:21:46,2026-10-09 21:21:46.560
2026-10-09 21:14:03,DATA250,0101,Todd Rowland,30,30,0,2026-10-09 21:21:46,2026-10-09 21:21:46.918
2026-10-09 21:14:03,DATA320,0101,Maksym Morawski,20,20,0,2026-10-09 21:21:47,2026-10-09 21:21:47.289
2026-10-09 21:14:03,DATA320,0201,Fardina Alam,20,20,0,2026-10-09 21:21:47,2026-10-09 21:21:47.289
2026-10-09 21:14:03,DATA320,0301,Anna Evtushenko,12,12,0,2026-10-09 21:21:47,2026-10-09 21:21:47.289
2026-10-09 21:14:03,DATA350,0101,Todd Rowland,30,30,0,2026-10-09 21:21:47,2026-10-09 21:21:47.651
2026-10-09 21:14:03,DATA350,0201,Raluca Rosca,30,30,0,2026-10-09 21:21:47,2026-10-09 21:21:47.651
2026-10-09 21:14:03,DATA400,0111,Archana Khurana,27,27,0,2026-10-09 21:21:48,2026-10-09 21:21:48.021
2026-10-09 21:14:03,DATA400,0121,Archana Khurana,27,27,0,2026-10-09 21:21:48,2026-10-09 21:21:48.022
2026-10-09 21:14:03,DATA400,0131,Archana Khurana,27,27,0,2026-10-09 21:21:48,2026-10-09 21:21:48.022
2026-10-09 21:14:03,DATA400,0211,Salman Safdar,27,27,0,2026-10-09 21:21:48,2026-10-09 21:21:48.022
2026-10-09 21:14:03,DATA400,0311,Shixin Zheng,27,27,0,2026-10-09 21:21:48,2026-10-09 21:21:48.022
2026-10-09 21:14:03,DATA400,0321,Shixin Zheng,27,27,0,2026-10-09 21:21:48,2026-10-09 21:21:48.022
2026-10-09 21:14:03,DATA400,0331,Shixin Zheng,27,27,0,2026-10-09 21:21:48,2026-10-09 21:21:48.022
2026-10-09 21:14:03,DATA400,0411,Mestiyage Gunatilleka,27,27,0,2026-10-09 21:21:48,2026-10-09 21:21:48.022
2026-10-09 21:14:03,DATA400,0421,Mestiyage Gunatilleka,27,27,0,2026-10-09 21:21:48,2026-10-09 21:21:48.022
2026-10-09 21:14:03,DATA400,0431,Mestiyage Gunatilleka,27,27,0,2026-10-09 21:21:48,2026-10-09 21:21:48.022
2026-10-09 21:14:03,EALL361,0101,Jyana Browne,20,20,0,2026-10-09 21:21:49,2026-10-09 21:21:49.687
2026-10-09 21:14:03,EDDI300,0101,Nicole Mehta,20,20,0,2026-10-09 21:22:03,2026-10-09 21:22:03.707
2026-10-09 21:14:03,EMBA788G,GX01,Judy Frels,31,31,0,2026-10-09 21:22:34,2026-10-09 21:22:34.912
2026-10-09 21:14:03,EMBA788V,GX01,Zhi-Long Chen,31,31,0,2026-10-09 21:22:35,2026-10-09 21:22:35.265
2026-10-09 21:14:03,ENBC312,ESG1,Kyunghun Lee,20,20,0,2026-10-09 21:22:53,2026-10-09 21:22:53.569
2026-10-09 21:14:03,ENBC321,ESG1,Jamasp Azarnoosh,20,20,0,2026-10-09 21:22:53,2026-10-09 21:22:53.930
2026-10-09 21:14:03,ENBC342,ESG1,Lan Ma,20,20,0,2026-10-09 21:22:54,2026-10-09 21:22:54.290
2026-10-09 21:14:03,ENBC351,ESG1,Jarred Callura,20,20,0,2026-10-09 21:22:54,2026-10-09 21:22:54.647
2026-10-09 21:14:03,ENBC352,ESG1,Jarred Callura,20,20,0,2026-10-09 21:22:54,2026-10-09 21:22:55.001
2026-10-09 21:14:03,ENBC403,ESG1,Jamasp Azarnoosh,20,20,0,2026-10-09 21:22:55,2026-10-09 21:22:55.362
2026-10-09 21:14:03,ENBC441,ESG1,Lan Ma,20,20,0,2026-10-09 21:22:55,2026-10-09 21:22:55.726
2026-10-09 21:14:03,ENBC455,ESG1,Jarred Callura,20,20,0,2026-10-09 21:22:56,2026-10-09 21:22:56.083
2026-10-09 21:14:03,ENBC491,ESG1,Lan Ma,20,20,0,2026-10-09 21:22:56,2026-10-09 21:22:56.461
2026-10-09 21:14:03,ENCO099,0101,Lizzy Solovey,200,200,0,2026-10-09 21:23:06,2026-10-09 21:23:06.509
2026-10-09 21:14:03,ENEB304,ESG1,Nestor Michael Tiglao,20,20,0,2026-10-09 21:23:08,2026-10-09 21:23:08.182
2026-10-09 21:14:03,ENEB345,ESG1,Nestor Michael Tiglao,20,20,0,2026-10-09 21:23:08,2026-10-09 21:23:08.539
2026-10-09 21:14:03,ENEB352,ESG1,Mohamed Hany,20,20,0,2026-10-09 21:23:08,2026-10-09 21:23:08.894
2026-10-09 21:14:03,ENEB353,ESG1,Manoj Franklin,20,20,0,2026-10-09 21:23:09,2026-10-09 21:23:09.252
2026-10-09 21:14:03,ENEB355,ESG1,Nestor Michael Tiglao,20,20,0,2026-10-09 21:23:09,2026-10-09 21:23:09.630
2026-10-09 21:14:03,ENEB408B,ESG1,Jerry Wu,20,20,0,2026-10-09 21:23:09,2026-10-09 21:23:09.991
2026-10-09 21:14:03,ENEB443,ESG1,George Zaki,20,20,0,2026-10-09 21:23:10,2026-10-09 21:23:10.351
2026-10-09 21:14:03,ENEB453,ESG1,Nestor Michael Tiglao,20,20,0,2026-10-09 21:23:10,2026-10-09 21:23:10.708
2026-10-09 21:14:03,ENEB455,ESG1,Jerry Wu,20,20,0,2026-10-09 21:23:11,2026-10-09 21:23:11.075
2026-10-09 21:14:03,ENEB456,ESG1,Nestor Michael Tiglao,20,20,0,2026-10-09 21:23:11,2026-10-09 21:23:11.437
2026-10-09 21:14:03,ENED037,0101,Hillary Owusu,20,20,0,2026-10-09 21:23:13,2026-10-09 21:23:13.128
2026-10-09 21:14:03,ENED290H,0101,Christopher Troilo,45,45,0,2026-10-09 21:23:13,2026-10-09 21:23:13.486
2026-10-09 21:14:03,ENED390H,0101,Natcha Thawesaengskulthai,45,45,0,2026-10-09 21:23:13,2026-10-09 21:23:13.852
2026-10-09 21:14:03,ENED394H,0101,Maria Bardossy,40,40,0,2026-10-09 21:23:14,2026-10-09 21:23:14.204
2026-10-09 21:14:03,ENED396,0101,Jessica Roffe,24,24,0,2026-10-09 21:23:14,2026-10-09 21:23:14.565
2026-10-09 21:14:03,ENED397,0101,Emily Marks,9,9,0,2026-10-09 21:23:14,2026-10-09 21:23:14.922
2026-10-09 21:14:03,ENED490H,0101,David Ashley,45,45,0,2026-10-09 21:23:15,2026-10-09 21:23:15.296
2026-10-09 21:14:03,ENED491,0101,Jessica Roffe,10,10,0,2026-10-09 21:23:15,2026-10-09 21:23:15.662
2026-10-09 21:14:03,ENMT313,ESG1,Nicholas Limparis,3,3,0,2026-10-09 21:24:36,2026-10-09 21:24:36.724
2026-10-09 21:14:03,ENMT332,ESG1,Norman Wereley,4,4,0,2026-10-09 21:24:37,2026-10-09 21:24:37.085
2026-10-09 21:14:03,ENMT362,ESG1,Young Choi,3,3,0,2026-10-09 21:24:37,2026-10-09 21:24:37.460
2026-10-09 21:14:03,ENMT372,ESG1,Gurtajbir Herr,3,3,0,2026-10-09 21:24:37,2026-10-09 21:24:37.835
2026-10-09 21:14:03,ENMT477,ESG1,Gurtajbir Herr,7,7,0,2026-10-09 21:24:38,2026-10-09 21:24:38.201
2026-10-09 21:14:03,ENMT488C,ESG1,Colleen Murray,7,7,0,2026-10-09 21:24:38,2026-10-09 21:24:38.559
2026-10-09 21:14:03,ENMT488P,ESG1,Colleen Murray,7,7,0,2026-10-09 21:24:38,2026-10-09 21:24:38.917
2026-10-09 21:14:03,ENMT488Z,ESG1,Nicholas Limparis,7,7,0,2026-10-09 21:24:39,2026-10-09 21:24:39.275
2026-10-09 21:14:03,ENSP102,0101,Joanna Goger,22,22,0,2026-10-09 21:24:49,2026-10-09 21:24:49.866
2026-10-09 21:14:03,ENSP102,0102,Joanna Goger,22,22,0,2026-10-09 21:24:49,2026-10-09 21:24:49.866
2026-10-09 21:14:03,ENSP102,0103,Joanna Goger,23,23,0,2026-10-09 21:24:49,2026-10-09 21:24:49.866
2026-10-09 21:14:03,ENSP102,0104,Joanna Goger,22,22,0,2026-10-09 21:24:49,2026-10-09 21:24:49.866
2026-10-09 21:14:03,ENSP102,0105,Joanna Goger,22,22,0,2026-10-09 21:24:49,2026-10-09 21:24:49.866
2026-10-09 21:14:03,ENSP102,0106,Joanna Goger,22,22,0,2026-10-09 21:24:49,2026-10-09 21:24:49.866
2026-10-09 21:14:03,ENSP102,0107,Joanna Goger,22,22,0,2026-10-09 21:24:49,2026-10-09 21:24:49.866
2026-10-09 21:14:03,ENSP306,0101,Caroline Boules,30,30,0,2026-10-09 21:24:50,2026-10-09 21:24:50.216
2026-10-09 21:14:03,ENSP330,0101,Joanna Goger,35,35,0,2026-10-09 21:24:50,2026-10-09 21:24:50.630
2026-10-09 21:14:03,ENSP342,0101,Annette Spivy,35,35,0,2026-10-09 21:24:50,2026-10-09 21:24:50.992
2026-10-09 21:14:03,ENSP370,0101,Arielle Wharton,30,30,0,2026-10-09 21:24:51,2026-10-09 21:24:51.348
2026-10-09 21:14:03,ENSP399R,0101,Melissa Kenney,15,15,0,2026-10-09 21:24:52,2026-10-09 21:24:52.432
2026-10-09 21:14:03,ENSP399R,0301,Instructor: TBA,15,15,0,2026-10-09 21:24:52,2026-10-09 21:24:52.432
2026-10-09 21:14:03,ENSP399R,0601,Annette Spivy,10,10,0,2026-10-09 21:24:52,2026-10-09 21:24:52.432
2026-10-09 21:14:03,ENSP399R,1001,Jennifer Mullinax,10,10,0,2026-10-09 21:24:52,2026-10-09 21:24:52.432
2026-10-09 21:14:03,ENSP400,0101,Caroline Boules,30,30,0,2026-10-09 21:24:52,2026-10-09 21:24:52.802
2026-10-09 21:14:03,ENSP400,0102,Annette Spivy,30,30,0,2026-10-09 21:24:52,2026-10-09 21:24:52.802
2026-10-09 21:14:03,ENSP400,0104,Colleen O'Donnell,20,20,0,2026-10-09 21:24:52,2026-10-09 21:24:52.802
2026-10-09 21:14:03,FGSM398,0101,Jayakumar Arasan,120,120,0,2026-10-09 21:25:20,2026-10-09 21:25:20.339
2026-10-09 21:14:03,FGSM398,0201,Jayakumar Arasan,120,120,0,2026-10-09 21:25:20,2026-10-09 21:25:20.339
2026-10-09 21:14:03,GEMS102,0101,David Lovell,180,180,0,2026-10-09 21:25:49,2026-10-09 21:25:49.420
2026-10-09 21:14:03,GEMS208D,0101,Allison Lansverk,1,1,0,2026-10-09 21:25:49,2026-10-09 21:25:49.783
2026-10-09 21:14:03,GEMS208E,0101,Allison Lansverk,18,18,0,2026-10-09 21:25:50,2026-10-09 21:25:50.144
2026-10-09 21:14:03,GEMS208F,0201,Allison Lansverk,12,12,0,2026-10-09 21:25:50,2026-10-09 21:25:50.535
2026-10-09 21:14:03,GEMS208J,0101,Allison Lansverk,24,24,0,2026-10-09 21:25:50,2026-10-09 21:25:50.900
2026-10-09 21:14:03,GEMS208K,0101,Allison Lansverk,30,30,0,2026-10-09 21:25:51,2026-10-09 21:25:51.255
2026-10-09 21:14:03,GEMS208P,0101,Allison Lansverk,15,15,0,2026-10-09 21:25:51,2026-10-09 21:25:51.614
2026-10-09 21:14:03,GEMS208Q,0201,Allison Lansverk,1,1,0,2026-10-09 21:25:51,2026-10-09 21:25:51.970
2026-10-09 21:14:03,GEMS296,0113,David Lovell,5,5,0,2026-10-09 21:25:52,2026-10-09 21:25:52.335
2026-10-09 21:14:03,GEMS297,0101,Instructor: TBA,14,14,0,2026-10-09 21:25:52,2026-10-09 21:25:52.749
2026-10-09 21:14:03,GEMS297,0102,Instructor: TBA,14,14,0,2026-10-09 21:25:52,2026-10-09 21:25:52.749
2026-10-09 21:14:03,GEMS297,0103,Instructor: TBA,14,14,0,2026-10-09 21:25:52,2026-10-09 21:25:52.749
2026-10-09 21:14:03,GEMS297,0104,Instructor: TBA,14,14,0,2026-10-09 21:25:52,2026-10-09 21:25:52.749
2026-10-09 21:14:03,GEMS297,0105,Instructor: TBA,14,14,0,2026-10-09 21:25:52,2026-10-09 21:25:52.750
2026-10-09 21:14:03,GEMS297,0106,Instructor: TBA,14,14,0,2026-10-09 21:25:52,2026-10-09 21:25:52.750
2026-10-09 21:14:03,GEMS297,0107,Instructor: TBA,14,14,0,2026-10-09 21:25:52,2026-10-09 21:25:52.750
2026-10-09 21:14:03,GEMS297,0108,Instructor: TBA,14,14,0,2026-10-09 21:25:52,2026-10-09 21:25:52.750
2026-10-09 21:14:03,GEMS297,0109,Instructor: TBA,14,14,0,2026-10-09 21:25:52,2026-10-09 21:25:52.750
2026-10-09 21:14:03,GEMS297,0110,Instructor: TBA,14,14,0,2026-10-09 21:25:52,2026-10-09 21:25:52.750
2026-10-09 21:14:03,GEMS297,0111,Instructor: TBA,14,14,0,2026-10-09 21:25:52,2026-10-09 21:25:52.750
2026-10-09 21:14:03,GEMS297,0112,Instructor: TBA,14,14,0,2026-10-09 21:25:52,2026-10-09 21:25:52.750
2026-10-09 21:14:03,GEMS297,0113,Instructor: TBA,14,14,0,2026-10-09 21:25:52,2026-10-09 21:25:52.750
2026-10-09 21:14:03,GEMS297,0114,Instructor: TBA,14,14,0,2026-10-09 21:25:52,2026-10-09 21:25:52.750
2026-10-09 21:14:03,GEMS297,0115,Instructor: TBA,5,5,0,2026-10-09 21:25:52,2026-10-09 21:25:52.750
2026-10-09 21:14:03,GEMS396,0113,David Lovell,5,5,0,2026-10-09 21:25:53,2026-10-09 21:25:53.108
2026-10-09 21:14:03,GEMS397,0101,Michael Humber,14,14,0,2026-10-09 21:25:53,2026-10-09 21:25:53.481
2026-10-09 21:14:03,GEMS397,0102,Seth Dickey,14,14,0,2026-10-09 21:25:53,2026-10-09 21:25:53.481
2026-10-09 21:14:03,GEMS397,0103,Cecilia Huertas Cerdeira,14,14,0,2026-10-09 21:25:53,2026-10-09 21:25:53.481
2026-10-09 21:14:03,GEMS397,0104,Rodolphe Gentili,14,14,0,2026-10-09 21:25:53,2026-10-09 21:25:53.481
2026-10-09 21:14:03,GEMS397,0105,Allison Reilly,14,14,0,2026-10-09 21:25:53,2026-10-09 21:25:53.481
2026-10-09 21:14:03,GEMS397,0106,Peter Sunderland,14,14,0,2026-10-09 21:25:53,2026-10-09 21:25:53.481
2026-10-09 21:14:03,GEMS397,0107,Brett Lacey,14,14,0,2026-10-09 21:25:53,2026-10-09 21:25:53.481
2026-10-09 21:14:03,GEMS397,0108,Natalia Buzulukova,14,14,0,2026-10-09 21:25:53,2026-10-09 21:25:53.481
2026-10-09 21:14:03,GEMS397,0109,Anil Deane,14,14,0,2026-10-09 21:25:53,2026-10-09 21:25:53.481
2026-10-09 21:14:03,GEMS397,0110,Colenso Speer,14,14,0,2026-10-09 21:25:53,2026-10-09 21:25:53.481
2026-10-09 21:14:03,GEMS397,0111,Alisa Clyne,14,14,0,2026-10-09 21:25:53,2026-10-09 21:25:53.481
2026-10-09 21:14:03,GEMS397,0112,Xin Zan,14,14,0,2026-10-09 21:25:53,2026-10-09 21:25:53.481
2026-10-09 21:14:03,GEMS397,0113,Instructor: TBA,14,14,0,2026-10-09 21:25:53,2026-10-09 21:25:53.482
2026-10-09 21:14:03,GEMS397,0114,David Lovell,5,5,0,2026-10-09 21:25:53,2026-10-09 21:25:53.482
2026-10-09 21:14:03,GEMS397,0115,David Lovell,5,5,0,2026-10-09 21:25:53,2026-10-09 21:25:53.482
2026-10-09 21:14:03,GEMS496,0113,David Lovell,5,5,0,2026-10-09 21:25:53,2026-10-09 21:25:53.840
2026-10-09 21:14:03,GEMS497,0101,Eric Haag,14,14,0,2026-10-09 21:25:54,2026-10-09 21:25:54.207
2026-10-09 21:14:03,GEMS497,0102,Mohammad Nayeem Teli,14,14,0,2026-10-09 21:25:54,2026-10-09 21:25:54.207
2026-10-09 21:14:03,GEMS497,0103,Norberto Gonzalez- Juarbe,14,14,0,2026-10-09 21:25:54,2026-10-09 21:25:54.207
2026-10-09 21:14:03,GEMS497,0104,Abhinav Shrivastava,14,14,0,2026-10-09 21:25:54,2026-10-09 21:25:54.207
2026-10-09 21:14:03,GEMS497,0105,Hector Alcala,14,14,0,2026-10-09 21:25:54,2026-10-09 21:25:54.207
2026-10-09 21:14:03,GEMS497,0106,Massimo Ricotti,14,14,0,2026-10-09 21:25:54,2026-10-09 21:25:54.207
2026-10-09 21:14:03,GEMS497,0107,Reza Ghodssi,14,14,0,2026-10-09 21:25:54,2026-10-09 21:25:54.207
2026-10-09 21:14:03,GEMS497,0108,Nikhil Chopra,14,14,0,2026-10-09 21:25:54,2026-10-09 21:25:54.207
2026-10-09 21:14:03,GEMS497,0109,Kimberly Stroka,14,14,0,2026-10-09 21:25:54,2026-10-09 21:25:54.207
2026-10-09 21:14:03,GEMS497,0110,Gorjan Alagic,14,14,0,2026-10-09 21:25:54,2026-10-09 21:25:54.208
2026-10-09 21:14:03,GEMS497,0111,Alisa Clyne,14,14,0,2026-10-09 21:25:54,2026-10-09 21:25:54.208
2026-10-09 21:14:03,GEMS497,0112,Xin Zan,14,14,0,2026-10-09 21:25:54,2026-10-09 21:25:54.208
2026-10-09 21:14:03,GEMS497,0113,David Lovell,14,14,0,2026-10-09 21:25:54,2026-10-09 21:25:54.208
2026-10-09 21:14:03,GEMS497,0114,David Lovell,14,14,0,2026-10-09 21:25:54,2026-10-09 21:25:54.208
2026-10-09 21:14:03,GFPL100,0101,Alec Worsnop,21,21,0,2026-10-09 21:26:23,2026-10-09 21:26:23.158
2026-10-09 21:14:03,GFPL100,0102,Alec Worsnop,21,21,0,2026-10-09 21:26:23,2026-10-09 21:26:23.158
2026-10-09 21:14:03,GFPL100,0103,Alec Worsnop,21,21,0,2026-10-09 21:26:23,2026-10-09 21:26:23.158
2026-10-09 21:14:03,GFPL100,0104,Alec Worsnop,21,21,0,2026-10-09 21:26:23,2026-10-09 21:26:23.158
2026-10-09 21:14:03,GFPL100,0105,Alec Worsnop,21,21,0,2026-10-09 21:26:23,2026-10-09 21:26:23.158
2026-10-09 21:14:03,GFPL100,0106,Alec Worsnop,20,20,0,2026-10-09 21:26:23,2026-10-09 21:26:23.158
2026-10-09 21:14:03,GFPL102,0101,Caroline Ritter,95,95,0,2026-10-09 21:26:23,2026-10-09 21:26:23.522
2026-10-09 21:14:03,GFPL372,0101,Devin Entrikin,40,40,0,2026-10-09 21:26:23,2026-10-09 21:26:23.885
2026-10-09 21:14:03,GLBC200,0101,Parker Brookie,30,30,0,2026-10-09 21:26:25,2026-10-09 21:26:25.543
2026-10-09 21:14:03,GLBC360,0101,Hester Baer,30,30,0,2026-10-09 21:26:25,2026-10-09 21:26:25.903
2026-10-09 21:14:03,HACS101,0101,Michel Cukier,35,35,0,2026-10-09 21:26:59,2026-10-09 21:26:59.027
2026-10-09 21:14:03,HACS101,0201,Michel Cukier,35,35,0,2026-10-09 21:26:59,2026-10-09 21:26:59.027
2026-10-09 21:14:03,HACS201,0101,Bertrand Sobesto,26,26,0,2026-10-09 21:26:59,2026-10-09 21:26:59.390
2026-10-09 21:14:03,HACS208E,0101,Ian Serbin,30,30,0,2026-10-09 21:26:59,2026-10-09 21:26:59.750
2026-10-09 21:14:03,HACS208N,0101,Instructor: TBA,30,30,0,2026-10-09 21:27:00,2026-10-09 21:27:00.186
2026-10-09 21:14:03,HACS208Z,0101,Zulema Belyeu,30,30,0,2026-10-09 21:27:00,2026-10-09 21:27:00.543
2026-10-09 21:14:03,HACS297,0101,Sarah Herberger,25,25,0,2026-10-09 21:27:01,2026-10-09 21:27:01.323
2026-10-09 21:14:03,HACS318A,0101,Lindsey Schrott,75,75,0,2026-10-09 21:27:01,2026-10-09 21:27:01.721
2026-10-09 21:14:03,HACS408C,0101,Instructor: TBA,30,30,0,2026-10-09 21:27:02,2026-10-09 21:27:02.122
2026-10-09 21:14:03,HACS408P,0101,Instructor: TBA,30,30,0,2026-10-09 21:27:02,2026-10-09 21:27:02.516
2026-10-09 21:14:03,HACS408V,0101,Edward Condon,30,30,0,2026-10-09 21:27:02,2026-10-09 21:27:02.887
2026-10-09 21:14:03,HACS497,0101,Cassie Harrington,25,25,0,2026-10-09 21:27:03,2026-10-09 21:27:03.629
2026-10-09 21:14:03,HACS498,0101,Thomas Woods,10,10,0,2026-10-09 21:27:03,2026-10-09 21:27:03.986
2026-10-09 21:14:03,HACS498,0201,Instructor: TBA,18,18,0,2026-10-09 21:27:03,2026-10-09 21:27:03.987
2026-10-09 21:14:03,HBUS105,0101,Daniel McCarthy,35,35,0,2026-10-09 21:27:05,2026-10-09 21:27:05.622
2026-10-09 21:14:03,HBUS105,0201,Daniel McCarthy,35,35,0,2026-10-09 21:27:05,2026-10-09 21:27:05.622
2026-10-09 21:14:03,HBUS205,0101,Nicole Coomber,30,30,0,2026-10-09 21:27:05,2026-10-09 21:27:05.996
2026-10-09 21:14:03,HBUS205,0201,Nicole Coomber,30,30,0,2026-10-09 21:27:05,2026-10-09 21:27:05.996
2026-10-09 21:14:03,HDCC106,0101,Jeffrey Everett,13,13,0,2026-10-09 21:27:07,2026-10-09 21:27:07.673
2026-10-09 21:14:03,HDCC106,0201,William Evans,13,13,0,2026-10-09 21:27:07,2026-10-09 21:27:07.673
2026-10-09 21:14:03,HDCC106,0301,Grant Bollmer,13,13,0,2026-10-09 21:27:07,2026-10-09 21:27:07.673
2026-10-09 21:14:03,HDCC106,0401,Cliff Bakalian,13,13,0,2026-10-09 21:27:07,2026-10-09 21:27:07.673
2026-10-09 21:14:03,HDCC106,0501,Katherine Izsak,13,13,0,2026-10-09 21:27:07,2026-10-09 21:27:07.673
2026-10-09 21:14:03,HDCC209B,0101,Katherine Macyshyn,16,16,0,2026-10-09 21:27:08,2026-10-09 21:27:08.036
2026-10-09 21:14:03,HDCC209C,0101,Josue Porras-Fernandez,16,16,0,2026-10-09 21:27:08,2026-10-09 21:27:08.401
2026-10-09 21:14:03,HDCC209D,0101,Kaisha Snowden,16,16,0,2026-10-09 21:27:08,2026-10-09 21:27:08.771
2026-10-09 21:14:03,HDCC209E,0101,Antwon Key,16,16,0,2026-10-09 21:27:09,2026-10-09 21:27:09.140
2026-10-09 21:14:03,HEBR107,0101,Avital Karpman,15,15,0,2026-10-09 21:27:11,2026-10-09 21:27:11.167
2026-10-09 21:14:03,HEBR107,0201,Avital Karpman,15,15,0,2026-10-09 21:27:11,2026-10-09 21:27:11.167
2026-10-09 21:14:03,HEBR207,0101,Avital Karpman,15,15,0,2026-10-09 21:27:11,2026-10-09 21:27:11.525
2026-10-09 21:14:03,HEBR249A,0101,Aliza Sandalon,15,15,0,2026-10-09 21:27:11,2026-10-09 21:27:11.895
2026-10-09 21:14:03,HEBR314,0101,Aliza Sandalon,20,20,0,2026-10-09 21:27:12,2026-10-09 21:27:12.266
2026-10-09 21:14:03,HEBR488,0101,Bernard Cooperman,10,10,0,2026-10-09 21:27:12,2026-10-09 21:27:12.979
2026-10-09 21:14:03,HEBR488,0102,Aner Tal,10,10,0,2026-10-09 21:27:12,2026-10-09 21:27:12.979
2026-10-09 21:14:03,HGLO298,0101,Daniel Tuke,30,30,0,2026-10-09 21:27:34,2026-10-09 21:27:34.223
2026-10-09 21:14:03,HHUM106,0101,Sarah Humud,17,17,0,2026-10-09 21:27:35,2026-10-09 21:27:35.877
2026-10-09 21:14:03,HHUM106,0102,Sarah Humud,17,17,0,2026-10-09 21:27:35,2026-10-09 21:27:35.877
2026-10-09 21:14:03,HHUM106,0103,Sarah Humud,17,17,0,2026-10-09 21:27:35,2026-10-09 21:27:35.877
2026-10-09 21:14:03,HHUM106,0104,Sarah Humud,17,17,0,2026-10-09 21:27:35,2026-10-09 21:27:35.877
2026-10-09 21:14:03,HHUM206,0101,Sarah Humud,15,15,0,2026-10-09 21:27:36,2026-10-09 21:27:36.251
2026-10-09 21:14:03,HHUM206,0102,Sarah Humud,15,15,0,2026-10-09 21:27:36,2026-10-09 21:27:36.251
2026-10-09 21:14:03,HHUM206,0103,Sarah Humud,15,15,0,2026-10-09 21:27:36,2026-10-09 21:27:36.251
2026-10-09 21:14:03,HHUM206,0104,Sarah Humud,15,15,0,2026-10-09 21:27:36,2026-10-09 21:27:36.251
2026-10-09 21:14:03,HHUM328,0101,Sarah Humud,20,20,0,2026-10-09 21:27:36,2026-10-09 21:27:36.613
2026-10-09 21:14:03,HHUM329,0101,Sarah Humud,5,5,0,2026-10-09 21:27:36,2026-10-09 21:27:36.974
2026-10-09 21:14:03,HISP200,0101,Stefan Woehlke,22,22,0,2026-10-09 21:27:38,2026-10-09 21:27:38.939
2026-10-09 21:14:03,HISP200,0102,Stefan Woehlke,22,22,0,2026-10-09 21:27:38,2026-10-09 21:27:38.939
2026-10-09 21:14:03,HISP200,0103,Stefan Woehlke,22,22,0,2026-10-09 21:27:38,2026-10-09 21:27:38.939
2026-10-09 21:14:03,HISP200,0104,Stefan Woehlke,22,22,0,2026-10-09 21:27:38,2026-10-09 21:27:38.939
2026-10-09 21:14:03,HISP200,0105,Stefan Woehlke,22,22,0,2026-10-09 21:27:38,2026-10-09 21:27:38.939
2026-10-09 21:14:03,HISP319E,0101,Michelle Magalong,20,20,0,2026-10-09 21:27:39,2026-10-09 21:27:39.327
2026-10-09 21:14:03,HISP319S,0101,Michelle Magalong,30,30,0,2026-10-09 21:27:39,2026-10-09 21:27:39.695
2026-10-09 21:14:03,HISP619E,0101,Michelle Magalong,24,24,0,2026-10-09 21:27:40,2026-10-09 21:27:40.054
2026-10-09 21:14:03,HISP619O,0101,Stefan Woehlke,5,5,0,2026-10-09 21:27:40,2026-10-09 21:27:40.424
2026-10-09 21:14:03,HISP630,0101,Rhonda Sincavage,15,15,0,2026-10-09 21:27:40,2026-10-09 21:27:40.781
2026-10-09 21:14:03,HISP635,0101,Eola Dance,10,10,0,2026-10-09 21:27:41,2026-10-09 21:27:41.147
2026-10-09 21:14:03,HISP640,0101,Frederick Stachura,15,15,0,2026-10-09 21:27:41,2026-10-09 21:27:41.501
2026-10-09 21:14:03,HISP655,0101,Donald Linebaugh,15,15,0,2026-10-09 21:27:41,2026-10-09 21:27:41.870
2026-10-09 21:14:03,HISP660,0101,Instructor: TBA,15,15,0,2026-10-09 21:27:42,2026-10-09 21:27:42.253
2026-10-09 21:14:03,HISP670,0101,Alfonso Narvaez,15,15,0,2026-10-09 21:27:42,2026-10-09 21:27:42.615
2026-10-09 21:14:03,HISP690,0101,Donald Linebaugh,15,15,0,2026-10-09 21:27:42,2026-10-09 21:27:42.969
2026-10-09 21:14:03,HISP701,0101,Instructor: TBA,5,5,0,2026-10-09 21:27:43,2026-10-09 21:27:43.324
2026-10-09 21:14:03,HISP710,0101,Susan Kern,15,15,0,2026-10-09 21:27:43,2026-10-09 21:27:43.685
2026-10-09 21:14:03,HISP711,0101,Susan Kern,15,15,0,2026-10-09 21:27:44,2026-10-09 21:27:44.048
2026-10-09 21:14:03,HLSC102,0101,Sabrina Kramer,94,94,0,2026-10-09 21:28:15,2026-10-09 21:28:15.659
2026-10-09 21:14:03,HLSC102,0102,Jalah Townsend,35,35,0,2026-10-09 21:28:15,2026-10-09 21:28:15.659
2026-10-09 21:14:03,HLSC227,0101,Najib El-Sayed,25,25,0,2026-10-09 21:28:16,2026-10-09 21:28:16.018
2026-10-09 21:14:03,HLSC322,0101,Leslie Pick,23,23,0,2026-10-09 21:28:16,2026-10-09 21:28:16.404
2026-10-09 21:14:03,HLSC322,0102,Leslie Pick,23,23,0,2026-10-09 21:28:16,2026-10-09 21:28:16.404
2026-10-09 21:14:03,HLSC322,0103,Sabrina Kramer,23,23,0,2026-10-09 21:28:16,2026-10-09 21:28:16.404
2026-10-09 21:14:03,HLSC322,0104,Sabrina Kramer,23,23,0,2026-10-09 21:28:16,2026-10-09 21:28:16.404
2026-10-09 21:14:03,HLSC329,0101,Sabrina Kramer,12,12,0,2026-10-09 21:28:16,2026-10-09 21:28:16.764
2026-10-09 21:14:03,HNUH100,0101,Max Barnewitz,10,10,0,2026-10-09 21:28:33,2026-10-09 21:28:33.332
2026-10-09 21:14:03,HNUH218D,0101,Brian Gilmore,50,50,0,2026-10-09 21:28:33,2026-10-09 21:28:33.689
2026-10-09 21:14:03,HNUH218L,0101,Shauna Rigaud,20,20,0,2026-10-09 21:28:34,2026-10-09 21:28:34.068
2026-10-09 21:14:03,HNUH218L,0201,Shauna Rigaud,20,20,0,2026-10-09 21:28:34,2026-10-09 21:28:34.068
2026-10-09 21:14:03,HNUH218M,0101,Ebonie Johnson Cooper,20,20,0,2026-10-09 21:28:34,2026-10-09 21:28:34.428
2026-10-09 21:14:03,HNUH218N,0101,Sujith Kumar,20,20,0,2026-10-09 21:28:34,2026-10-09 21:28:34.790
2026-10-09 21:14:03,HNUH228D,0101,Matthew McLaughlin,60,60,0,2026-10-09 21:28:35,2026-10-09 21:28:35.151
2026-10-09 21:14:03,HNUH228L,0101,Alena Wigodner,20,20,0,2026-10-09 21:28:35,2026-10-09 21:28:35.532
2026-10-09 21:14:03,HNUH228L,0201,Alena Wigodner,20,20,0,2026-10-09 21:28:35,2026-10-09 21:28:35.532
2026-10-09 21:14:03,HNUH228M,0101,Ted Baker,20,20,0,2026-10-09 21:28:35,2026-10-09 21:28:35.893
2026-10-09 21:14:03,HNUH229P,0101,Tyson Slocum,20,20,0,2026-10-09 21:28:36,2026-10-09 21:28:36.260
2026-10-09 21:14:03,HNUH238D,0101,Susan Moeller,60,60,0,2026-10-09 21:28:36,2026-10-09 21:28:36.624
2026-10-09 21:14:03,HNUH238L,0101,Kimberly Johnson,20,20,0,2026-10-09 21:28:36,2026-10-09 21:28:36.996
2026-10-09 21:14:03,HNUH238L,0201,Kimberly Johnson,20,20,0,2026-10-09 21:28:36,2026-10-09 21:28:36.996
2026-10-09 21:14:03,HNUH238M,0101,Daniel Reck,20,20,0,2026-10-09 21:28:37,2026-10-09 21:28:37.356
2026-10-09 21:14:03,HNUH239I,0101,Jon Crocker,20,20,0,2026-10-09 21:28:37,2026-10-09 21:28:37.713
2026-10-09 21:14:03,HNUH248D,0101,Juan Uriagereka,45,45,0,2026-10-09 21:28:38,2026-10-09 21:28:38.093
2026-10-09 21:14:03,HNUH248L,0101,Robert Graham,20,20,0,2026-10-09 21:28:38,2026-10-09 21:28:38.457
2026-10-09 21:14:03,HNUH249T,0101,Daniel Rosenthal,20,20,0,2026-10-09 21:28:38,2026-10-09 21:28:38.816
2026-10-09 21:14:03,HNUH258C,0101,Bill Fagan,55,55,0,2026-10-09 21:28:39,2026-10-09 21:28:39.185
2026-10-09 21:14:03,HNUH258O,0101,Amy Green,20,20,0,2026-10-09 21:28:39,2026-10-09 21:28:39.557
2026-10-09 21:14:03,HNUH259T,0101,Ingrid Satelmajer,20,20,0,2026-10-09 21:28:39,2026-10-09 21:28:39.914
2026-10-09 21:14:03,HNUH268C,0101,Perla Guerrero,60,60,0,2026-10-09 21:28:40,2026-10-09 21:28:40.281
2026-10-09 21:14:03,HNUH268Q,0101,Binod Paudyal,20,20,0,2026-10-09 21:28:40,2026-10-09 21:28:40.645
2026-10-09 21:14:03,HNUH268R,0201,Vasfiye Toprak,20,20,0,2026-10-09 21:28:41,2026-10-09 21:28:41.006
2026-10-09 21:14:03,HNUH269T,0101,James Stillwell,20,20,0,2026-10-09 21:28:41,2026-10-09 21:28:41.361
2026-10-09 21:14:03,HNUH278C,0101,Chinyere Osuji,60,60,0,2026-10-09 21:28:41,2026-10-09 21:28:41.721
2026-10-09 21:14:03,HNUH278I,0101,Marisa Franco,20,20,0,2026-10-09 21:28:42,2026-10-09 21:28:42.089
2026-10-09 21:14:03,HNUH278I,0201,Marisa Franco,20,20,0,2026-10-09 21:28:42,2026-10-09 21:28:42.089
2026-10-09 21:14:03,HNUH278O,0101,DeNeen Brown,20,20,0,2026-10-09 21:28:42,2026-10-09 21:28:42.455
2026-10-09 21:14:03,HNUH278Q,0101,Katherine Coogan,20,20,0,2026-10-09 21:28:42,2026-10-09 21:28:42.816
2026-10-09 21:14:03,HNUH278R,0101,Max Barnewitz,20,20,0,2026-10-09 21:28:43,2026-10-09 21:28:43.168
2026-10-09 21:14:03,HNUH288C,0101,Julia Steinberg,30,30,0,2026-10-09 21:28:43,2026-10-09 21:28:43.528
2026-10-09 21:14:03,HNUH288C,0102,Julia Steinberg,30,30,0,2026-10-09 21:28:43,2026-10-09 21:28:43.528
2026-10-09 21:14:03,HNUH288O,0101,Ariana Nash,20,20,0,2026-10-09 21:28:43,2026-10-09 21:28:43.901
2026-10-09 21:14:03,HNUH300,0201,Vasfiye Toprak,20,20,0,2026-10-09 21:28:44,2026-10-09 21:28:44.275
2026-10-09 21:14:03,HNUH300,0301,Shauna Rigaud,20,20,0,2026-10-09 21:28:44,2026-10-09 21:28:44.275
2026-10-09 21:14:03,HNUH300,0401,Vasfiye Toprak,20,20,0,2026-10-09 21:28:44,2026-10-09 21:28:44.275
2026-10-09 21:14:03,HNUH300,0501,Ingrid Satelmajer,20,20,0,2026-10-09 21:28:44,2026-10-09 21:28:44.275
2026-10-09 21:14:03,HNUH300,0701,Jordan Johnson,20,20,0,2026-10-09 21:28:44,2026-10-09 21:28:44.275
2026-10-09 21:14:03,HNUH300,0801,Instructor: TBA,20,20,0,2026-10-09 21:28:44,2026-10-09 21:28:44.275
2026-10-09 21:14:03,HNUH300,0901,Alena Wigodner,20,20,0,2026-10-09 21:28:44,2026-10-09 21:28:44.275
2026-10-09 21:14:03,HNUH300,1001,Robert Graham,20,20,0,2026-10-09 21:28:44,2026-10-09 21:28:44.275
2026-10-09 21:14:03,HNUH300,1101,Max Barnewitz,20,20,0,2026-10-09 21:28:44,2026-10-09 21:28:44.275
2026-10-09 21:14:03,HNUH398P,0101,Jayakumar Arasan,120,120,0,2026-10-09 21:28:44,2026-10-09 21:28:44.634
2026-10-09 21:14:03,HNUH398P,0201,Jayakumar Arasan,120,120,0,2026-10-09 21:28:44,2026-10-09 21:28:44.634
2026-10-09 21:14:03,HONR379W,0101,Blake Wilder,15,15,0,2026-10-09 21:28:46,2026-10-09 21:28:46.296
2026-10-09 21:14:03,IDEA201,0101,Mira Azarm,20,20,0,2026-10-09 21:28:47,2026-10-09 21:28:47.939
2026-10-09 21:14:03,IDEA201,0102,Christina Hnatov,10,10,0,2026-10-09 21:28:47,2026-10-09 21:28:47.939
2026-10-09 21:14:03,IDEA201,0103,Brooke Smith,60,60,0,2026-10-09 21:28:47,2026-10-09 21:28:47.939
2026-10-09 21:14:03,IDEA201,0104,Brooke Smith,60,60,0,2026-10-09 21:28:47,2026-10-09 21:28:47.939
2026-10-09 21:14:03,IDEA311,0101,Brooke Smith,40,40,0,2026-10-09 21:28:48,2026-10-09 21:28:48.300
2026-10-09 21:14:03,IDEA311,0102,Brooke Smith,15,15,0,2026-10-09 21:28:48,2026-10-09 21:28:48.300
2026-10-09 21:14:03,IDEA312,0101,Meredith Kaunitz,15,15,0,2026-10-09 21:28:48,2026-10-09 21:28:48.663
2026-10-09 21:14:03,IMDM101,0101,Stevens Miller,30,30,0,2026-10-09 21:28:51,2026-10-09 21:28:51.069
2026-10-09 21:14:03,IMDM101,0201,Stevens Miller,30,30,0,2026-10-09 21:28:51,2026-10-09 21:28:51.069
2026-10-09 21:14:03,IMDM101,0301,Myungin Lee,30,30,0,2026-10-09 21:28:51,2026-10-09 21:28:51.069
2026-10-09 21:14:03,IMDM127,0101,Matthew Nolan,30,30,0,2026-10-09 21:28:51,2026-10-09 21:28:51.424
2026-10-09 21:14:03,IMDM150,0101,Cy Keener,45,45,0,2026-10-09 21:28:51,2026-10-09 21:28:51.781
2026-10-09 21:14:03,IMDM290,0101,Myungin Lee,30,30,0,2026-10-09 21:28:52,2026-10-09 21:28:52.152
2026-10-09 21:14:03,IMDM290,0201,Myungin Lee,30,30,0,2026-10-09 21:28:52,2026-10-09 21:28:52.152
2026-10-09 21:14:03,IMDM351,0101,Georgia Creson,15,15,0,2026-10-09 21:28:52,2026-10-09 21:28:52.578
2026-10-09 21:14:03,IMDM390,0101,Stefano Passeri,30,30,0,2026-10-09 21:28:52,2026-10-09 21:28:52.932
2026-10-09 21:14:03,IMDM390,0201,Stefano Passeri,30,30,0,2026-10-09 21:28:52,2026-10-09 21:28:52.932
2026-10-09 21:14:03,IMDM491,0101,Matthew Nolan,30,30,0,2026-10-09 21:28:53,2026-10-09 21:28:53.641
2026-10-09 21:14:03,IMDM491,0201,Matthew Nolan,30,30,0,2026-10-09 21:28:53,2026-10-09 21:28:53.641
2026-10-09 21:14:03,IMDM498I,0101,Snehesh Shrestha,16,16,0,2026-10-09 21:28:54,2026-10-09 21:28:54.012
2026-10-09 21:14:03,IMDM498J,0101,Yael Inbar,15,15,0,2026-10-09 21:28:54,2026-10-09 21:28:54.383
2026-10-09 21:14:03,IMMR200,0101,Instructor: TBA,40,40,0,2026-10-09 21:28:56,2026-10-09 21:28:56.410
2026-10-09 21:14:03,IMMR394,0101,Wenxi Yang,25,25,0,2026-10-09 21:28:56,2026-10-09 21:28:56.766
2026-10-09 21:14:03,IMMR399,0101,Christina Getrich,1,1,0,2026-10-09 21:28:57,2026-10-09 21:28:57.132
2026-10-09 21:14:03,INFM612,IM01,Instructor: TBA,40,40,0,2026-10-09 21:29:03,2026-10-09 21:29:03.868
2026-10-09 21:14:03,INFM737,IM01,David Loshin,40,40,0,2026-10-09 21:29:04,2026-10-09 21:29:04.236
2026-10-09 21:14:03,ISRL187,0101,Bernard Cooperman,23,23,0,2026-10-09 21:29:31,2026-10-09 21:29:31.309
2026-10-09 21:14:03,ISRL187,0102,Bernard Cooperman,23,23,0,2026-10-09 21:29:31,2026-10-09 21:29:31.309
2026-10-09 21:14:03,ISRL187,0103,Bernard Cooperman,23,23,0,2026-10-09 21:29:31,2026-10-09 21:29:31.309
2026-10-09 21:14:03,ISRL249O,0101,Aner Tal,35,35,0,2026-10-09 21:29:31,2026-10-09 21:29:31.668
2026-10-09 21:14:03,ISRL249P,0101,Aliza Sandalon,15,15,0,2026-10-09 21:29:32,2026-10-09 21:29:32.025
2026-10-09 21:14:03,ISRL282,0101,Shirelle Doughty,30,30,0,2026-10-09 21:29:32,2026-10-09 21:29:32.387
2026-10-09 21:14:03,ISRL329D,0101,Regev Ben-David,35,35,0,2026-10-09 21:29:32,2026-10-09 21:29:32.744
2026-10-09 21:14:03,ISRL329Y,0101,Marwa Maziad,30,30,0,2026-10-09 21:29:33,2026-10-09 21:29:33.100
2026-10-09 21:14:03,ISRL342,0101,Elli Lieberman,35,35,0,2026-10-09 21:29:33,2026-10-09 21:29:33.458
2026-10-09 21:14:03,ISRL349N,0101,Morad Elsana,30,30,0,2026-10-09 21:29:33,2026-10-09 21:29:33.816
2026-10-09 21:14:03,ISRL349W,0101,Avital Karpman,35,35,0,2026-10-09 21:29:34,2026-10-09 21:29:34.181
2026-10-09 21:14:03,ISRL372,0101,Shirelle Doughty,30,30,0,2026-10-09 21:29:34,2026-10-09 21:29:34.548
2026-10-09 21:14:03,ISRL380,0101,Regev Ben-David,35,35,0,2026-10-09 21:29:34,2026-10-09 21:29:34.914
2026-10-09 21:14:03,ISRL383,0101,Ilai Saltzman,35,35,0,2026-10-09 21:29:35,2026-10-09 21:29:35.294
2026-10-09 21:14:03,JAPN102,0101,Kumiko Akikawa,15,15,0,2026-10-09 21:29:40,2026-10-09 21:29:40.074
2026-10-09 21:14:03,JAPN102,0201,Kumiko Akikawa,15,15,0,2026-10-09 21:29:40,2026-10-09 21:29:40.074
2026-10-09 21:14:03,JAPN202,0101,Makiko Inoue,15,15,0,2026-10-09 21:29:40,2026-10-09 21:29:40.435
2026-10-09 21:14:03,JAPN202,0201,Makiko Inoue,15,15,0,2026-10-09 21:29:40,2026-10-09 21:29:40.435
2026-10-09 21:14:03,JAPN302,0101,Mari Hamada,15,15,0,2026-10-09 21:29:40,2026-10-09 21:29:40.799
2026-10-09 21:14:03,JAPN306,0101,Lindsay Yotsukura,15,15,0,2026-10-09 21:29:41,2026-10-09 21:29:41.160
2026-10-09 21:14:03,JAPN335,0101,Michele Mason,20,20,0,2026-10-09 21:29:41,2026-10-09 21:29:41.519
2026-10-09 21:14:03,JAPN355,0101,Jyana Browne,20,20,0,2026-10-09 21:29:41,2026-10-09 21:29:41.882
2026-10-09 21:14:03,JAPN361,0101,Jyana Browne,20,20,0,2026-10-09 21:29:42,2026-10-09 21:29:42.253
2026-10-09 21:14:03,JAPN425,0101,Michele Mason,30,30,0,2026-10-09 21:29:42,2026-10-09 21:29:42.974
2026-10-09 21:14:03,JAPN457,0101,Lindsay Yotsukura,15,15,0,2026-10-09 21:29:43,2026-10-09 21:29:43.343
2026-10-09 21:14:03,JWST187,0101,Bernard Cooperman,23,23,0,2026-10-09 21:30:10,2026-10-09 21:30:10.268
2026-10-09 21:14:03,JWST187,0102,Bernard Cooperman,23,23,0,2026-10-09 21:30:10,2026-10-09 21:30:10.269
2026-10-09 21:14:03,JWST187,0103,Bernard Cooperman,23,23,0,2026-10-09 21:30:10,2026-10-09 21:30:10.269
2026-10-09 21:14:03,JWST233,0101,Hayim Lapin,45,45,0,2026-10-09 21:30:10,2026-10-09 21:30:10.632
2026-10-09 21:14:03,JWST319A,0101,Daniel Richter,35,35,0,2026-10-09 21:30:10,2026-10-09 21:30:10.990
2026-10-09 21:14:03,JWST319J,0101,Nathan Levine,35,35,0,2026-10-09 21:30:11,2026-10-09 21:30:11.372
2026-10-09 21:14:03,JWST319P,0101,Lauren Kotkin,18,18,0,2026-10-09 21:30:11,2026-10-09 21:30:11.719
2026-10-09 21:14:03,JWST319Q,0101,Regev Ben-David,35,35,0,2026-10-09 21:30:12,2026-10-09 21:30:12.089
2026-10-09 21:14:03,JWST319W,0101,Avital Karpman,35,35,0,2026-10-09 21:30:12,2026-10-09 21:30:12.450
2026-10-09 21:14:03,JWST324,0101,Matthew Suriano,25,25,0,2026-10-09 21:30:12,2026-10-09 21:30:12.799
2026-10-09 21:14:03,JWST372,0101,Shirelle Doughty,30,30,0,2026-10-09 21:30:13,2026-10-09 21:30:13.157
2026-10-09 21:14:03,JWST386,0101,Instructor: TBA,5,5,0,2026-10-09 21:30:13,2026-10-09 21:30:13.520
2026-10-09 21:14:03,JWST419B,0101,Bernard Cooperman,20,20,0,2026-10-09 21:30:14,2026-10-09 21:30:14.228
2026-10-09 21:14:03,JWST427,0101,Matthew Suriano,15,15,0,2026-10-09 21:30:14,2026-10-09 21:30:14.587
2026-10-09 21:14:03,JWST469C,0101,Bernard Cooperman,10,10,0,2026-10-09 21:30:14,2026-10-09 21:30:14.956
2026-10-09 21:14:03,KORA101,0101,Seong Minne Koh,15,15,0,2026-10-09 21:30:46,2026-10-09 21:30:46.863
2026-10-09 21:14:03,KORA102,0101,Saerom Kwak,15,15,0,2026-10-09 21:30:47,2026-10-09 21:30:47.219
2026-10-09 21:14:03,KORA102,0201,Saerom Kwak,15,15,0,2026-10-09 21:30:47,2026-10-09 21:30:47.219
2026-10-09 21:14:03,KORA102,0301,Saerom Kwak,15,15,0,2026-10-09 21:30:47,2026-10-09 21:30:47.219
2026-10-09 21:14:03,KORA102,0401,Saerom Kwak,15,15,0,2026-10-09 21:30:47,2026-10-09 21:30:47.219
2026-10-09 21:14:03,KORA202,0101,Seong Minne Koh,15,15,0,2026-10-09 21:30:47,2026-10-09 21:30:47.584
2026-10-09 21:14:03,KORA202,0301,Seong Minne Koh,15,15,0,2026-10-09 21:30:47,2026-10-09 21:30:47.584
2026-10-09 21:14:03,KORA398O,0101,Instructor: TBA,10,10,0,2026-10-09 21:30:47,2026-10-09 21:30:47.942
2026-10-09 21:14:03,KORA398V,0101,Seong Minne Koh,10,10,0,2026-10-09 21:30:48,2026-10-09 21:30:48.489
2026-10-09 21:14:03,LEAD217,0101,Festus Ainoo,25,25,0,2026-10-09 21:31:07,2026-10-09 21:31:07.041
2026-10-09 21:14:03,LEAD217,0201,Festus Ainoo,25,25,0,2026-10-09 21:31:07,2026-10-09 21:31:07.042
2026-10-09 21:14:03,LEAD321,0101,Courtney Holder,10,10,0,2026-10-09 21:31:07,2026-10-09 21:31:07.400
2026-10-09 21:14:03,LEAD417,0101,Anastasia Lavrenyuk,20,20,0,2026-10-09 21:31:07,2026-10-09 21:31:07.769
2026-10-09 21:14:03,LGBT200,0101,Sayan Bhattacharya,25,25,0,2026-10-09 21:31:09,2026-10-09 21:31:09.430
2026-10-09 21:14:03,LGBT200,0102,Sayan Bhattacharya,25,25,0,2026-10-09 21:31:09,2026-10-09 21:31:09.430
2026-10-09 21:14:03,LGBT265,0201,Instructor: TBA,30,30,0,2026-10-09 21:31:09,2026-10-09 21:31:09.780
2026-10-09 21:14:03,LGBT306,0101,Sydney Lewis,30,30,0,2026-10-09 21:31:10,2026-10-09 21:31:10.140
2026-10-09 21:14:03,LGBT310,0101,Sayan Bhattacharya,25,25,0,2026-10-09 21:31:10,2026-10-09 21:31:10.510
2026-10-09 21:14:03,LGBT338F,0101,Alexis Lothian,30,30,0,2026-10-09 21:31:10,2026-10-09 21:31:10.868
2026-10-09 21:14:03,LGBT475,0101,Sydney Lewis,20,20,0,2026-10-09 21:31:11,2026-10-09 21:31:11.229
2026-10-09 21:14:03,MLAW150,0101,David Gray,25,25,0,2026-10-09 21:31:51,2026-10-09 21:31:51.378
2026-10-09 21:14:03,MLAW150,0102,David Gray,25,25,0,2026-10-09 21:31:51,2026-10-09 21:31:51.378
2026-10-09 21:14:03,MLAW150,0103,David Gray,25,25,0,2026-10-09 21:31:51,2026-10-09 21:31:51.378
2026-10-09 21:14:03,MLAW304,0101,Christine White,40,40,0,2026-10-09 21:31:51,2026-10-09 21:31:51.756
2026-10-09 21:14:03,MLAW305,0201,Brian Gilmore,60,60,0,2026-10-09 21:31:52,2026-10-09 21:31:52.119
2026-10-09 21:14:03,MLAW325,0101,Grace Benton,12,12,0,2026-10-09 21:31:52,2026-10-09 21:31:52.486
2026-10-09 21:14:03,MLAW358W,0101,Michael Spivey,25,25,0,2026-10-09 21:31:52,2026-10-09 21:31:52.870
2026-10-09 21:14:03,MLAW358W,0102,Michael Spivey,25,25,0,2026-10-09 21:31:52,2026-10-09 21:31:52.870
2026-10-09 21:14:03,MLAW358W,0103,Michael Spivey,25,25,0,2026-10-09 21:31:52,2026-10-09 21:31:52.870
2026-10-09 21:14:03,MLAW358W,0104,Michael Spivey,25,25,0,2026-10-09 21:31:52,2026-10-09 21:31:52.870
2026-10-09 21:14:03,MLAW358W,0105,Michael Spivey,25,25,0,2026-10-09 21:31:52,2026-10-09 21:31:52.870
2026-10-09 21:14:03,MLAW358W,0106,Michael Spivey,25,25,0,2026-10-09 21:31:52,2026-10-09 21:31:52.871
2026-10-09 21:14:03,MLAW358Y,0101,Martin Kobren,5,5,0,2026-10-09 21:31:53,2026-10-09 21:31:53.227
2026-10-09 21:14:03,MLAW358Z,0101,Christine White,19,19,0,2026-10-09 21:31:53,2026-10-09 21:31:53.581
2026-10-09 21:14:03,MLAW359,0101,Brandee Pettus,8,8,0,2026-10-09 21:31:53,2026-10-09 21:31:53.963
2026-10-09 21:14:03,MLAW378E,0101,Brandee Pettus,5,5,0,2026-10-09 21:31:54,2026-10-09 21:31:54.329
2026-10-09 21:14:03,MLAW378F,0101,Brian Gilmore,15,15,0,2026-10-09 21:31:54,2026-10-09 21:31:54.686
2026-10-09 21:14:03,MLAW378J,0101,Natalie Ram,20,20,0,2026-10-09 21:31:55,2026-10-09 21:31:55.045
2026-10-09 21:14:03,MLAW378T,0101,Marley Weiss,20,20,0,2026-10-09 21:31:55,2026-10-09 21:31:55.407
2026-10-09 21:14:03,MLAW388,0101,Brandee Pettus,33,33,0,2026-10-09 21:31:55,2026-10-09 21:31:55.768
2026-10-09 21:14:03,MLAW388,0201,Brandee Pettus,6,6,0,2026-10-09 21:31:55,2026-10-09 21:31:55.768
2026-10-09 21:14:03,MLAW404,0101,Christine White,75,75,0,2026-10-09 21:31:56,2026-10-09 21:31:56.126
2026-10-09 21:14:03,MSAI632,PCS1,Mohammad Nayeem Teli,50,50,0,2026-10-09 21:31:57,2026-10-09 21:31:57.767
2026-10-09 21:14:03,MSAI633,PCS1,Tammy Perrin,44,44,0,2026-10-09 21:31:58,2026-10-09 21:31:58.128
2026-10-09 21:14:03,NAVY101,0101,Beau Cisneros,30,30,0,2026-10-09 21:32:35,2026-10-09 21:32:35.891
2026-10-09 21:14:03,NAVY108,0101,Christopher Boehm,150,150,0,2026-10-09 21:32:36,2026-10-09 21:32:36.250
2026-10-09 21:14:03,NAVY201,0101,Austin Cranfill,30,30,0,2026-10-09 21:32:36,2026-10-09 21:32:36.614
2026-10-09 21:14:03,NAVY301,0101,Beau Cisneros,35,35,0,2026-10-09 21:32:36,2026-10-09 21:32:36.971
2026-10-09 21:14:03,NAVY401,0101,John Gonser,36,36,0,2026-10-09 21:32:37,2026-10-09 21:32:37.338
2026-10-09 21:14:03,NAVY402,0102,Jenna Weiner,25,25,0,2026-10-09 21:32:37,2026-10-09 21:32:37.703
2026-10-09 21:14:03,NEUR200,0101,Ana Navarro Cebrian,90,90,0,2026-10-09 21:32:39,2026-10-09 21:32:39.382
2026-10-09 21:14:03,NEUR200,0201,Ana Navarro Cebrian,90,90,0,2026-10-09 21:32:39,2026-10-09 21:32:39.382
2026-10-09 21:14:03,NEUR305,0101,Amanda Chicoli,90,90,0,2026-10-09 21:32:39,2026-10-09 21:32:39.745
2026-10-09 21:14:03,NEUR306,0101,Chan Lin,64,64,0,2026-10-09 21:32:40,2026-10-09 21:32:40.118
2026-10-09 21:14:03,NEUR306,0102,Melissa Caras,40,40,0,2026-10-09 21:32:40,2026-10-09 21:32:40.118
2026-10-09 21:14:03,NEUR338A,0101,Amanda Chicoli,20,20,0,2026-10-09 21:32:40,2026-10-09 21:32:40.849
2026-10-09 21:14:03,NEUR398H,0101,Nikolas Francis,20,20,0,2026-10-09 21:32:41,2026-10-09 21:32:41.941
2026-10-09 21:14:03,NEUR405,0101,Hilary Bierman,16,16,0,2026-10-09 21:32:42,2026-10-09 21:32:42.303
2026-10-09 21:14:03,NEUR405,0102,Hilary Bierman,16,16,0,2026-10-09 21:32:42,2026-10-09 21:32:42.303
2026-10-09 21:14:03,NEUR405,0103,Hilary Bierman,16,16,0,2026-10-09 21:32:42,2026-10-09 21:32:42.303
2026-10-09 21:14:03,NEUR405,0106,Hilary Bierman,16,16,0,2026-10-09 21:32:42,2026-10-09 21:32:42.303
2026-10-09 21:14:03,PEER318,0101,Christina Jay,15,15,0,2026-10-09 21:32:53,2026-10-09 21:32:53.942
2026-10-09 21:14:03,PEER319,0101,Grace Boudreau,15,15,0,2026-10-09 21:32:54,2026-10-09 21:32:54.305
2026-10-09 21:14:03,PEER322,0101,Aleia Gardner,15,15,0,2026-10-09 21:32:54,2026-10-09 21:32:54.665
2026-10-09 21:14:03,PHPE308A,0101,Rachel Singpurwalla,25,25,0,2026-10-09 21:33:06,2026-10-09 21:33:06.523
2026-10-09 21:14:03,PHPE308M,0101,Eric Pacuit,30,30,0,2026-10-09 21:33:06,2026-10-09 21:33:06.883
2026-10-09 21:14:03,PHPE308P,0101,Xinzhi Zhao,30,30,0,2026-10-09 21:33:07,2026-10-09 21:33:07.238
2026-10-09 21:14:03,PHPE308U,0101,Aner Tal,35,35,0,2026-10-09 21:33:07,2026-10-09 21:33:07.783
2026-10-09 21:14:03,PHPE308Z,0101,Hallie Liberto,30,30,0,2026-10-09 21:33:08,2026-10-09 21:33:08.144
2026-10-09 21:14:03,PHPE400,0101,Instructor: TBA,30,30,0,2026-10-09 21:33:08,2026-10-09 21:33:08.856
2026-10-09 21:14:03,PHPE401,0101,Xinzhi Zhao,27,27,0,2026-10-09 21:33:09,2026-10-09 21:33:09.241
2026-10-09 21:14:03,PHPE401,0102,Xinzhi Zhao,27,27,0,2026-10-09 21:33:09,2026-10-09 21:33:09.242
2026-10-09 21:14:03,PHPE402,0101,Ben Fan,30,30,0,2026-10-09 21:33:09,2026-10-09 21:33:09.600
2026-10-09 21:14:03,PHPE408M,0101,Nicholas Laskowski,25,25,0,2026-10-09 21:33:09,2026-10-09 21:33:09.954
2026-10-09 21:14:03,PHPE408Q,0101,Samuel Kerstein,20,20,0,2026-10-09 21:33:10,2026-10-09 21:33:10.309
2026-10-09 21:14:03,PHPE408Z,0101,Avia Pasternak,30,30,0,2026-10-09 21:33:10,2026-10-09 21:33:10.668
2026-10-09 21:14:03,PHSC399,0101,Shannon Edward,30,30,0,2026-10-09 21:33:12,2026-10-09 21:33:12.682
2026-10-09 21:14:03,PHSC399,ESG1,Shannon Edward,20,20,0,2026-10-09 21:33:12,2026-10-09 21:33:12.683
2026-10-09 21:14:03,PHSC415,0101,Jessica O'Hara,36,36,0,2026-10-09 21:33:13,2026-10-09 21:33:13.042
2026-10-09 21:14:03,PHSC415,0102,Jessica O'Hara,36,36,0,2026-10-09 21:33:13,2026-10-09 21:33:13.042
2026-10-09 21:14:03,PHSC415,0103,Jessica O'Hara,36,36,0,2026-10-09 21:33:13,2026-10-09 21:33:13.042
2026-10-09 21:14:03,PHSC415,0104,Jessica O'Hara,36,36,0,2026-10-09 21:33:13,2026-10-09 21:33:13.043
2026-10-09 21:14:03,PHSC415,0105,Jessica O'Hara,36,36,0,2026-10-09 21:33:13,2026-10-09 21:33:13.043
2026-10-09 21:14:03,PHSC425,0101,Jennifer German,30,30,0,2026-10-09 21:33:13,2026-10-09 21:33:13.401
2026-10-09 21:14:03,PHSC440,0101,Kendall Bustad,35,35,0,2026-10-09 21:33:13,2026-10-09 21:33:13.767
2026-10-09 21:14:03,PHSC450,0101,Kendall Bustad,20,20,0,2026-10-09 21:33:14,2026-10-09 21:33:14.142
2026-10-09 21:14:03,PHSC450,0102,Kendall Bustad,20,20,0,2026-10-09 21:33:14,2026-10-09 21:33:14.142
2026-10-09 21:14:03,PHSC450,0103,Kendall Bustad,20,20,0,2026-10-09 21:33:14,2026-10-09 21:33:14.143
2026-10-09 21:14:03,PHSC450,0104,Kendall Bustad,20,20,0,2026-10-09 21:33:14,2026-10-09 21:33:14.143
2026-10-09 21:14:03,PHSC450,0105,Kendall Bustad,20,20,0,2026-10-09 21:33:14,2026-10-09 21:33:14.143
2026-10-09 21:14:03,PHSC450,0106,Kendall Bustad,20,20,0,2026-10-09 21:33:14,2026-10-09 21:33:14.143
2026-10-09 21:14:03,PHSC450,0107,Kendall Bustad,20,20,0,2026-10-09 21:33:14,2026-10-09 21:33:14.143
2026-10-09 21:14:03,PHSC490,0101,Shannon Edward,30,30,0,2026-10-09 21:33:14,2026-10-09 21:33:14.507
2026-10-09 21:14:03,PHSC497,0101,Gretchen De Silva,20,20,0,2026-10-09 21:33:14,2026-10-09 21:33:14.874
2026-10-09 21:14:03,PHSC497,0201,Kendall Bustad,20,20,0,2026-10-09 21:33:14,2026-10-09 21:33:14.874
2026-10-09 21:14:03,PHSC497,0301,Gretchen De Silva,20,20,0,2026-10-09 21:33:14,2026-10-09 21:33:14.874
2026-10-09 21:14:03,PHSC497,0401,Aysha Jawed,20,20,0,2026-10-09 21:33:14,2026-10-09 21:33:14.875
2026-10-09 21:14:03,PHSC497,0501,Jennifer German,20,20,0,2026-10-09 21:33:14,2026-10-09 21:33:14.875
2026-10-09 21:14:03,PHSC497,0601,Ann Truelove,20,20,0,2026-10-09 21:33:14,2026-10-09 21:33:14.875
2026-10-09 21:14:03,PHSC497,0701,Lakeshia Watson,20,20,0,2026-10-09 21:33:14,2026-10-09 21:33:14.875
2026-10-09 21:14:03,PHSC497,0801,Carmen Booker,20,20,0,2026-10-09 21:33:14,2026-10-09 21:33:14.875
2026-10-09 21:14:03,PHSC497,0901,Darya Soltani,20,20,0,2026-10-09 21:33:14,2026-10-09 21:33:14.875
2026-10-09 21:14:03,PHSC497,1001,Brienna Anderson,20,20,0,2026-10-09 21:33:14,2026-10-09 21:33:14.875
2026-10-09 21:14:03,PHSC497,1101,Margaret Smith,20,20,0,2026-10-09 21:33:14,2026-10-09 21:33:14.875
2026-10-09 21:14:03,PHSC497,1201,Eric Silfen,20,20,0,2026-10-09 21:33:14,2026-10-09 21:33:14.875
2026-10-09 21:14:03,PHSC497,1301,Lakeshia Watson,20,20,0,2026-10-09 21:33:14,2026-10-09 21:33:14.875
2026-10-09 21:14:03,RDEV250,0101,Wayne Ricardo Curtis,75,75,0,2026-10-09 21:34:21,2026-10-09 21:34:21.749
2026-10-09 21:14:03,RDEV250,0102,Wayne Ricardo Curtis,75,75,0,2026-10-09 21:34:21,2026-10-09 21:34:21.749
2026-10-09 21:14:03,RDEV270,0101,John Park,30,30,0,2026-10-09 21:34:22,2026-10-09 21:34:22.108
2026-10-09 21:14:03,RDEV350,0101,Jesse Saginor,25,25,0,2026-10-09 21:34:22,2026-10-09 21:34:22.468
2026-10-09 21:14:03,RDEV350,0102,Instructor: TBA,30,30,0,2026-10-09 21:34:22,2026-10-09 21:34:22.468
2026-10-09 21:14:03,RDEV410,0101,Peter Goldsmith,30,30,0,2026-10-09 21:34:22,2026-10-09 21:34:22.836
2026-10-09 21:14:03,RDEV415,0101,Bilal Ali,20,20,0,2026-10-09 21:34:23,2026-10-09 21:34:23.197
2026-10-09 21:14:03,RDEV445,0101,Matthew O'Malley,15,15,0,2026-10-09 21:34:23,2026-10-09 21:34:23.558
2026-10-09 21:14:03,RDEV450,0101,Kathryn Corby,30,30,0,2026-10-09 21:34:23,2026-10-09 21:34:23.911
2026-10-09 21:14:03,RDEV450,0102,Thomas Dwyer,20,20,0,2026-10-09 21:34:23,2026-10-09 21:34:23.911
2026-10-09 21:14:03,RDEV450,0103,John Park,30,30,0,2026-10-09 21:34:23,2026-10-09 21:34:23.911
2026-10-09 21:14:03,RDEV478D,0101,Jesse Saginor,20,20,0,2026-10-09 21:34:24,2026-10-09 21:34:24.269
2026-10-09 21:14:03,RDEV600,0101,Jesse Saginor,10,10,0,2026-10-09 21:34:24,2026-10-09 21:34:24.636
2026-10-09 21:14:03,RDEV603,0101,Thomas Dwyer,18,18,0,2026-10-09 21:34:25,2026-10-09 21:34:25.001
2026-10-09 21:14:03,RDEV610,0101,David Warner,20,20,0,2026-10-09 21:34:25,2026-10-09 21:34:25.357
2026-10-09 21:14:03,RDEV615,0101,Bilal Ali,20,20,0,2026-10-09 21:34:25,2026-10-09 21:34:25.711
2026-10-09 21:14:03,RDEV630,0101,Mansur Abdul-Malik,30,30,0,2026-10-09 21:34:26,2026-10-09 21:34:26.070
2026-10-09 21:14:03,RDEV650,0101,Matthew O'Malley,25,25,0,2026-10-09 21:34:26,2026-10-09 21:34:26.433
2026-10-09 21:14:03,RDEV689F,0101,Zachary Marks,20,20,0,2026-10-09 21:34:26,2026-10-09 21:34:26.789
2026-10-09 21:14:03,RDEV689I,0101,Ronald McDonald,14,14,0,2026-10-09 21:34:27,2026-10-09 21:34:27.152
2026-10-09 21:14:03,RDEV689R,0101,Nick Egelanian,15,15,0,2026-10-09 21:34:27,2026-10-09 21:34:27.510
2026-10-09 21:14:03,RDEV689Y,0101,Instructor: TBA,12,12,0,2026-10-09 21:34:27,2026-10-09 21:34:27.869
2026-10-09 21:14:03,RDEV690,0101,Tanya Bansal,12,12,0,2026-10-09 21:34:28,2026-10-09 21:34:28.227
2026-10-09 21:14:03,RELS170,0101,Katherine Wasdin,21,21,0,2026-10-09 21:34:29,2026-10-09 21:34:29.937
2026-10-09 21:14:03,RELS170,0102,Katherine Wasdin,21,21,0,2026-10-09 21:34:29,2026-10-09 21:34:29.937
2026-10-09 21:14:03,RELS170,0103,Katherine Wasdin,21,21,0,2026-10-09 21:34:29,2026-10-09 21:34:29.937
2026-10-09 21:14:03,RELS170,0104,Katherine Wasdin,21,21,0,2026-10-09 21:34:29,2026-10-09 21:34:29.937
2026-10-09 21:14:03,RELS170,0105,Katherine Wasdin,21,21,0,2026-10-09 21:34:29,2026-10-09 21:34:29.937
2026-10-09 21:14:03,RELS170,0106,Katherine Wasdin,21,21,0,2026-10-09 21:34:29,2026-10-09 21:34:29.937
2026-10-09 21:14:03,RELS170,0107,Katherine Wasdin,21,21,0,2026-10-09 21:34:29,2026-10-09 21:34:29.938
2026-10-09 21:14:03,RELS170,0108,Katherine Wasdin,21,21,0,2026-10-09 21:34:29,2026-10-09 21:34:29.938
2026-10-09 21:14:03,RELS170,0109,Katherine Wasdin,21,21,0,2026-10-09 21:34:29,2026-10-09 21:34:29.938
2026-10-09 21:14:03,RELS264,0101,Jay Moses,30,30,0,2026-10-09 21:34:30,2026-10-09 21:34:30.303
2026-10-09 21:14:03,RELS271,0101,Instructor: TBA,40,40,0,2026-10-09 21:34:30,2026-10-09 21:34:30.675
2026-10-09 21:14:03,RELS319Q,0101,Regev Ben-David,35,35,0,2026-10-09 21:34:31,2026-10-09 21:34:31.032
2026-10-09 21:14:03,RELS342,0101,Stefano Villani,27,27,0,2026-10-09 21:34:31,2026-10-09 21:34:31.387
2026-10-09 21:14:03,RELS427,0101,Matthew Suriano,15,15,0,2026-10-09 21:34:31,2026-10-09 21:34:31.761
2026-10-09 21:14:03,RELS429M,0101,Antoine Borrut,27,27,0,2026-10-09 21:34:32,2026-10-09 21:34:32.111
2026-10-09 21:14:03,RUSS102,0101,Inna Hardman,15,15,0,2026-10-09 21:34:33,2026-10-09 21:34:33.766
2026-10-09 21:14:03,RUSS102,0201,Inna Hardman,15,15,0,2026-10-09 21:34:33,2026-10-09 21:34:33.766
2026-10-09 21:14:03,RUSS202,0101,Zhanna Gerus-Vernola,15,15,0,2026-10-09 21:34:34,2026-10-09 21:34:34.127
2026-10-09 21:14:03,RUSS302,0101,Izolda Savenkova,15,15,0,2026-10-09 21:34:34,2026-10-09 21:34:34.478
2026-10-09 21:14:03,RUSS398A,0101,Instructor: TBA,15,15,0,2026-10-09 21:34:35,2026-10-09 21:34:35.201
2026-10-09 21:14:03,RUSS398F,0101,Elizabeth Papazian,25,25,0,2026-10-09 21:34:35,2026-10-09 21:34:35.565
2026-10-09 21:14:03,RUSS406,0101,Izolda Savenkova,15,15,0,2026-10-09 21:34:36,2026-10-09 21:34:36.272
2026-10-09 21:14:03,RUSS412,0101,Inna Hardman,15,15,0,2026-10-09 21:34:36,2026-10-09 21:34:36.641
2026-10-09 21:14:03,SDSB123,0101,Srijeeta Mitra,26,26,0,2026-10-09 21:34:38,2026-10-09 21:34:38.648
2026-10-09 21:14:03,SDSB180,0101,Srijeeta Mitra,155,155,0,2026-10-09 21:34:39,2026-10-09 21:34:39.023
2026-10-09 21:14:03,SDSB233,0101,Richard Engstrom,28,28,0,2026-10-09 21:34:39,2026-10-09 21:34:39.399
2026-10-09 21:14:03,SDSB233,0102,Richard Engstrom,28,28,0,2026-10-09 21:34:39,2026-10-09 21:34:39.399
2026-10-09 21:14:03,SDSB326,0101,Jacob Coutts,40,40,0,2026-10-09 21:34:39,2026-10-09 21:34:39.801
2026-10-09 21:14:03,SDSB340,0101,Neil Lund,24,24,0,2026-10-09 21:34:40,2026-10-09 21:34:40.153
2026-10-09 21:14:03,SDSI414,0101,Instructor: TBA,40,40,0,2026-10-09 21:34:42,2026-10-09 21:34:42.153
2026-10-09 21:14:03,SDSI414,0102,Instructor: TBA,40,40,0,2026-10-09 21:34:42,2026-10-09 21:34:42.153
2026-10-09 21:14:03,SDSI414,0103,Instructor: TBA,40,40,0,2026-10-09 21:34:42,2026-10-09 21:34:42.153
2026-10-09 21:14:03,SDSI414,0201,Instructor: TBA,40,40,0,2026-10-09 21:34:42,2026-10-09 21:34:42.153
2026-10-09 21:14:03,SDSI414,0202,Instructor: TBA,40,40,0,2026-10-09 21:34:42,2026-10-09 21:34:42.153
2026-10-09 21:14:03,SDSI492,0101,Instructor: TBA,45,45,0,2026-10-09 21:34:42,2026-10-09 21:34:42.511
2026-10-09 21:14:03,SDSI492,0103,Instructor: TBA,45,45,0,2026-10-09 21:34:42,2026-10-09 21:34:42.511
2026-10-09 21:14:03,SDSI492,0104,Andrew Fellows,35,35,0,2026-10-09 21:34:42,2026-10-09 21:34:42.511
2026-10-09 21:14:03,SDSI492,0105,Instructor: TBA,45,45,0,2026-10-09 21:34:42,2026-10-09 21:34:42.511
2026-10-09 21:14:03,SDSI492,0106,Instructor: TBA,45,45,0,2026-10-09 21:34:42,2026-10-09 21:34:42.511
2026-10-09 21:14:03,SDSI492,0107,TJ Rainsford,45,45,0,2026-10-09 21:34:42,2026-10-09 21:34:42.511
2026-10-09 21:14:03,SDSI492,0108,TJ Rainsford,45,45,0,2026-10-09 21:34:42,2026-10-09 21:34:42.511
2026-10-09 21:14:03,SDSI492,0110,Patrick Thornton,45,45,0,2026-10-09 21:34:42,2026-10-09 21:34:42.511
2026-10-09 21:14:03,SDSI496,0101,Jacob Coutts,25,25,0,2026-10-09 21:34:43,2026-10-09 21:34:43.051
2026-10-09 21:14:03,SMLP471,0101,Jennifer Hsin,60,60,0,2026-10-09 21:34:51,2026-10-09 21:34:51.746
2026-10-09 21:14:03,SMLP474,0101,Sara Herald,60,60,0,2026-10-09 21:34:52,2026-10-09 21:34:52.105
2026-10-09 21:14:03,SPHL100,0101,Shuling Wu,20,20,0,2026-10-09 21:35:20,2026-10-09 21:35:20.942
2026-10-09 21:14:03,SPHL100,0102,Shuling Wu,20,20,0,2026-10-09 21:35:20,2026-10-09 21:35:20.942
2026-10-09 21:14:03,SPHL100,0103,Shuling Wu,20,20,0,2026-10-09 21:35:20,2026-10-09 21:35:20.942
2026-10-09 21:14:03,SPHL100,0104,Shuling Wu,20,20,0,2026-10-09 21:35:20,2026-10-09 21:35:20.942
2026-10-09 21:14:03,SPHL100,0105,Shuling Wu,20,20,0,2026-10-09 21:35:20,2026-10-09 21:35:20.942
2026-10-09 21:14:03,SPHL100,0106,Shuling Wu,20,20,0,2026-10-09 21:35:20,2026-10-09 21:35:20.942
2026-10-09 21:14:03,SPHL100,0107,Shuling Wu,20,20,0,2026-10-09 21:35:20,2026-10-09 21:35:20.943
2026-10-09 21:14:03,SPHL100,0108,Shuling Wu,20,20,0,2026-10-09 21:35:20,2026-10-09 21:35:20.943
2026-10-09 21:14:03,SPHL100,0109,Shuling Wu,20,20,0,2026-10-09 21:35:20,2026-10-09 21:35:20.943
2026-10-09 21:14:03,SPHL100,0110,Shuling Wu,20,20,0,2026-10-09 21:35:20,2026-10-09 21:35:20.943
2026-10-09 21:14:03,SPHL100,0201,Shuling Wu,20,20,0,2026-10-09 21:35:20,2026-10-09 21:35:20.943
2026-10-09 21:14:03,SPHL100,0202,Shuling Wu,20,20,0,2026-10-09 21:35:20,2026-10-09 21:35:20.943
2026-10-09 21:14:03,SPHL100,0203,Shuling Wu,20,20,0,2026-10-09 21:35:20,2026-10-09 21:35:20.943
2026-10-09 21:14:03,SPHL100,0204,Shuling Wu,20,20,0,2026-10-09 21:35:20,2026-10-09 21:35:20.943
2026-10-09 21:14:03,SPHL100,0205,Shuling Wu,20,20,0,2026-10-09 21:35:20,2026-10-09 21:35:20.943
2026-10-09 21:14:03,SPHL100,0206,Shuling Wu,20,20,0,2026-10-09 21:35:20,2026-10-09 21:35:20.943
2026-10-09 21:14:03,SPHL100,0207,Shuling Wu,20,20,0,2026-10-09 21:35:20,2026-10-09 21:35:20.943
2026-10-09 21:14:03,SPHL100,0208,Shuling Wu,20,20,0,2026-10-09 21:35:20,2026-10-09 21:35:20.943
2026-10-09 21:14:03,SPHL246,0101,April Khaing,20,20,0,2026-10-09 21:35:21,2026-10-09 21:35:21.307
2026-10-09 21:14:03,SPHL276,0101,Dina Borzekowski,25,25,0,2026-10-09 21:35:21,2026-10-09 21:35:21.663
2026-10-09 21:14:03,SPHL321,0101,Sylvette La Touche-Howard,15,15,0,2026-10-09 21:35:22,2026-10-09 21:35:22.033
2026-10-09 21:14:03,SPHL333,0101,Cynthia Kershaw,75,75,0,2026-10-09 21:35:22,2026-10-09 21:35:22.392
2026-10-09 21:14:03,SPHL478,0101,Tracy Zeeger,10,10,0,2026-10-09 21:35:23,2026-10-09 21:35:23.111
2026-10-09 21:14:03,SPHL600,0101,Sylvette La Touche-Howard,8,8,0,2026-10-09 21:35:23,2026-10-09 21:35:23.483
2026-10-09 21:14:03,SPHL610,0101,Danielle Catona,22,22,0,2026-10-09 21:35:23,2026-10-09 21:35:23.840
2026-10-09 21:14:03,SPHL610,0102,Danielle Catona,22,22,0,2026-10-09 21:35:23,2026-10-09 21:35:23.840
2026-10-09 21:14:03,SPHL610,0103,Danielle Catona,22,22,0,2026-10-09 21:35:23,2026-10-09 21:35:23.840
2026-10-09 21:14:03,SPHL610,PLB1,Priscilla Novak,20,20,0,2026-10-09 21:35:23,2026-10-09 21:35:23.841
2026-10-09 21:14:03,SPHL610,PLH1,Priscilla Novak,28,28,0,2026-10-09 21:35:23,2026-10-09 21:35:23.841
2026-10-09 21:14:03,SPHL610,PLK1,Priscilla Novak,5,5,0,2026-10-09 21:35:23,2026-10-09 21:35:23.841
2026-10-09 21:14:03,SPHL611,0101,Danielle Catona,45,45,0,2026-10-09 21:35:24,2026-10-09 21:35:24.219
2026-10-09 21:14:03,SPHL611,0201,Danielle Catona,45,45,0,2026-10-09 21:35:24,2026-10-09 21:35:24.219
2026-10-09 21:14:03,SPHL611,PLB1,Evelyn King-Marshall,20,20,0,2026-10-09 21:35:24,2026-10-09 21:35:24.219
2026-10-09 21:14:03,SPHL611,PLH1,Evelyn King-Marshall,28,28,0,2026-10-09 21:35:24,2026-10-09 21:35:24.219
2026-10-09 21:14:03,SPHL611,PLK1,Evelyn King-Marshall,5,5,0,2026-10-09 21:35:24,2026-10-09 21:35:24.219
2026-10-09 21:14:03,SPHL612,0101,James Hagberg,15,15,0,2026-10-09 21:35:24,2026-10-09 21:35:24.587
2026-10-09 21:14:03,TLTC310,0101,Sarah Kistner,20,20,0,2026-10-09 21:35:59,2026-10-09 21:35:59.185
2026-10-09 21:14:03,TLTC333,0101,Mona Thompson,55,55,0,2026-10-09 21:35:59,2026-10-09 21:35:59.549
2026-10-09 21:14:03,TLTC333,0102,Mona Thompson,55,55,0,2026-10-09 21:35:59,2026-10-09 21:35:59.550
2026-10-09 21:14:03,TLTC333,0105,Mona Thompson,55,55,0,2026-10-09 21:35:59,2026-10-09 21:35:59.550
2026-10-09 21:14:03,URSP372,0101,Priscila Alves,20,20,0,2026-10-09 21:36:08,2026-10-09 21:36:08.833
2026-10-09 21:14:03,URSP488A,0101,Chengri Ding,30,30,0,2026-10-09 21:36:09,2026-10-09 21:36:09.183
2026-10-09 21:14:03,URSP600,0101,Kevin Nelson,25,25,0,2026-10-09 21:36:09,2026-10-09 21:36:09.537
2026-10-09 21:14:03,URSP603,0101,Dawn Jourdan,33,33,0,2026-10-09 21:36:09,2026-10-09 21:36:09.899
2026-10-09 21:14:03,URSP606,0101,Chengri Ding,15,15,0,2026-10-09 21:36:10,2026-10-09 21:36:10.251
2026-10-09 21:14:03,URSP631,0101,Hiroyuki Iseki,15,15,0,2026-10-09 21:36:10,2026-10-09 21:36:10.611
2026-10-09 21:14:03,URSP668B,0101,Eric Burnstein,20,20,0,2026-10-09 21:36:10,2026-10-09 21:36:10.965
2026-10-09 21:14:03,URSP673,0101,Riem ElZoghbi,25,25,0,2026-10-09 21:36:11,2026-10-09 21:36:11.330
2026-10-09 21:14:03,URSP688M,0101,Andrew Bernish,20,20,0,2026-10-09 21:36:11,2026-10-09 21:36:11.697
2026-10-09 21:14:03,URSP688P,0101,Sonja Ewing,15,15,0,2026-10-09 21:36:12,2026-10-09 21:36:12.069
2026-10-09 21:14:03,URSP688Y,0101,Chester Harvey,30,30,0,2026-10-09 21:36:12,2026-10-09 21:36:12.430
2026-10-09 21:14:03,URSP708,0101,Nicholas Finio,10,10,0,2026-10-09 21:36:12,2026-10-09 21:36:12.789
2026-10-09 21:14:03,URSP709,0101,Casey Dawkins,10,10,0,2026-10-09 21:36:13,2026-10-09 21:36:13.141
2026-10-09 21:14:03,URSP805,0101,Casey Dawkins,15,15,0,2026-10-09 21:36:14,2026-10-09 21:36:14.548
2026-10-09 21:14:03,USLT202,0101,Jasmin Pineda,26,26,0,2026-10-09 21:36:16,2026-10-09 21:36:16.916
2026-10-09 21:14:03,USLT403,0101,Perla Guerrero,20,20,0,2026-10-09 21:36:17,2026-10-09 21:36:17.286
2026-10-09 21:14:03,USLT420,0101,Robert Chester,27,27,0,2026-10-09 21:36:17,2026-10-09 21:36:17.645
2026-10-09 21:14:03,USLT488,0101,Nancy Mirabal,30,30,0,2026-10-09 21:36:17,2026-10-09 21:36:18.000
2026-10-09 21:14:03,USLT498L,0101,Fernando Rios,12,12,0,2026-10-09 21:36:18,2026-10-09 21:36:18.366
2026-10-09 21:14:03,VIPS208,0102,Ken Kiger,10,10,0,2026-10-09 21:36:20,2026-10-09 21:36:20.058
2026-10-09 21:14:03,VIPS208,0103,Bryan Quinn,10,10,0,2026-10-09 21:36:20,2026-10-09 21:36:20.059
2026-10-09 21:14:03,VIPS208,0104,Ryan Sochol,10,10,0,2026-10-09 21:36:20,2026-10-09 21:36:20.059
2026-10-09 21:14:03,VIPS208,0105,Molly Carton,10,10,0,2026-10-09 21:36:20,2026-10-09 21:36:20.059
2026-10-09 21:14:03,VIPS208,0106,James Baeder,11,11,0,2026-10-09 21:36:20,2026-10-09 21:36:20.059
2026-10-09 21:14:03,VIPS208,0107,Catherine Spirito,10,10,0,2026-10-09 21:36:20,2026-10-09 21:36:20.059
2026-10-09 21:14:03,VIPS208,0108,Ronald Yaros,10,10,0,2026-10-09 21:36:20,2026-10-09 21:36:20.059
2026-10-09 21:14:03,VIPS208,0109,Carinna Ferguson,10,10,0,2026-10-09 21:36:20,2026-10-09 21:36:20.059
2026-10-09 21:14:03,VIPS208,0110,Tracy Riggins,10,10,0,2026-10-09 21:36:20,2026-10-09 21:36:20.059
2026-10-09 21:14:03,VIPS208,0111,Kevin Calabro,10,10,0,2026-10-09 21:36:20,2026-10-09 21:36:20.059
2026-10-09 21:14:03,VIPS208,0112,Raffaele Viglianti,10,10,0,2026-10-09 21:36:20,2026-10-09 21:36:20.059
2026-10-09 21:14:03,VIPS208,0113,Shabnam Jabeen,10,10,0,2026-10-09 21:36:20,2026-10-09 21:36:20.059
2026-10-09 21:14:03,VIPS208,0114,Ning Zeng,10,10,0,2026-10-09 21:36:20,2026-10-09 21:36:20.059
2026-10-09 21:14:03,VIPS208,0115,Veronica Kang,10,10,0,2026-10-09 21:36:20,2026-10-09 21:36:20.060
2026-10-09 21:14:03,VIPS208,0116,David Stewart,10,10,0,2026-10-09 21:36:20,2026-10-09 21:36:20.060
2026-10-09 21:14:03,VIPS208,0117,Meredith Epstein,10,10,0,2026-10-09 21:36:20,2026-10-09 21:36:20.060
2026-10-09 21:14:03,VIPS208,0118,Magaly Toro Ibaceta,10,10,0,2026-10-09 21:36:20,2026-10-09 21:36:20.060
2026-10-09 21:14:03,VIPS208,0120,Marisa Parham,10,10,0,2026-10-09 21:36:20,2026-10-09 21:36:20.060
2026-10-09 21:14:03,VIPS208,0121,Becky Epanchin-Niell,10,10,0,2026-10-09 21:36:20,2026-10-09 21:36:20.060
2026-10-09 21:14:03,VIPS208,0122,Timothy Reedy,10,10,0,2026-10-09 21:36:20,2026-10-09 21:36:20.060
2026-10-09 21:14:03,VIPS208,0123,Lingnan Lin,10,10,0,2026-10-09 21:36:20,2026-10-09 21:36:20.060
2026-10-09 21:14:03,VIPS208,0124,Jeffrey Moro,10,10,0,2026-10-09 21:36:20,2026-10-09 21:36:20.060
2026-10-09 21:14:03,VIPS208,0125,Peter Sunderland,10,10,0,2026-10-09 21:36:20,2026-10-09 21:36:20.060
2026-10-09 21:14:03,VIPS208,0126,Brienna Anderson,10,10,0,2026-10-09 21:36:20,2026-10-09 21:36:20.060
2026-10-09 21:14:03,VIPS308,0102,Ken Kiger,10,10,0,2026-10-09 21:36:20,2026-10-09 21:36:20.441
2026-10-09 21:14:03,VIPS308,0103,Bryan Quinn,13,13,0,2026-10-09 21:36:20,2026-10-09 21:36:20.441
2026-10-09 21:14:03,VIPS308,0104,Ryan Sochol,10,10,0,2026-10-09 21:36:20,2026-10-09 21:36:20.441
2026-10-09 21:14:03,VIPS308,0105,Molly Carton,10,10,0,2026-10-09 21:36:20,2026-10-09 21:36:20.441
2026-10-09 21:14:03,VIPS308,0106,James Baeder,10,10,0,2026-10-09 21:36:20,2026-10-09 21:36:20.441
2026-10-09 21:14:03,VIPS308,0107,Catherine Spirito,10,10,0,2026-10-09 21:36:20,2026-10-09 21:36:20.441
2026-10-09 21:14:03,VIPS308,0108,Ronald Yaros,10,10,0,2026-10-09 21:36:20,2026-10-09 21:36:20.442
2026-10-09 21:14:03,VIPS308,0109,Carinna Ferguson,10,10,0,2026-10-09 21:36:20,2026-10-09 21:36:20.442
2026-10-09 21:14:03,VIPS308,0110,Tracy Riggins,10,10,0,2026-10-09 21:36:20,2026-10-09 21:36:20.442
2026-10-09 21:14:03,VIPS308,0111,Kevin Calabro,10,10,0,2026-10-09 21:36:20,2026-10-09 21:36:20.442
2026-10-09 21:14:03,VIPS308,0112,Raffaele Viglianti,10,10,0,2026-10-09 21:36:20,2026-10-09 21:36:20.442
2026-10-09 21:14:03,VIPS308,0113,Shabnam Jabeen,10,10,0,2026-10-09 21:36:20,2026-10-09 21:36:20.442
2026-10-09 21:14:03,VIPS308,0114,Ning Zeng,10,10,0,2026-10-09 21:36:20,2026-10-09 21:36:20.442
2026-10-09 21:14:03,VIPS308,0115,Veronica Kang,10,10,0,2026-10-09 21:36:20,2026-10-09 21:36:20.442
2026-10-09 21:14:03,VIPS308,0116,David Stewart,10,10,0,2026-10-09 21:36:20,2026-10-09 21:36:20.442
2026-10-09 21:14:03,VIPS308,0117,Meredith Epstein,10,10,0,2026-10-09 21:36:20,2026-10-09 21:36:20.442
2026-10-09 21:14:03,VIPS308,0118,Magaly Toro Ibaceta,10,10,0,2026-10-09 21:36:20,2026-10-09 21:36:20.442
2026-10-09 21:14:03,VIPS308,0120,Marisa Parham,10,10,0,2026-10-09 21:36:20,2026-10-09 21:36:20.442
2026-10-09 21:14:03,VIPS308,0121,Becky Epanchin-Niell,10,10,0,2026-10-09 21:36:20,2026-10-09 21:36:20.442
2026-10-09 21:14:03,VIPS308,0122,Timothy Reedy,10,10,0,2026-10-09 21:36:20,2026-10-09 21:36:20.443
2026-10-09 21:14:03,VIPS308,0123,Lingnan Lin,10,10,0,2026-10-09 21:36:20,2026-10-09 21:36:20.443
2026-10-09 21:14:03,VIPS308,0124,Jeffrey Moro,10,10,0,2026-10-09 21:36:20,2026-10-09 21:36:20.443
2026-10-09 21:14:03,VIPS308,0125,Peter Sunderland,10,10,0,2026-10-09 21:36:20,2026-10-09 21:36:20.443
2026-10-09 21:14:03,VIPS308,0126,Brienna Anderson,10,10,0,2026-10-09 21:36:20,2026-10-09 21:36:20.443
2026-10-09 21:14:03,VIPS408,0102,Ken Kiger,10,10,0,2026-10-09 21:36:20,2026-10-09 21:36:20.828
2026-10-09 21:14:03,VIPS408,0103,Bryan Quinn,10,10,0,2026-10-09 21:36:20,2026-10-09 21:36:20.828
2026-10-09 21:14:03,VIPS408,0104,Ryan Sochol,10,10,0,2026-10-09 21:36:20,2026-10-09 21:36:20.828
2026-10-09 21:14:03,VIPS408,0105,Molly Carton,10,10,0,2026-10-09 21:36:20,2026-10-09 21:36:20.828
2026-10-09 21:14:03,VIPS408,0106,James Baeder,10,10,0,2026-10-09 21:36:20,2026-10-09 21:36:20.828
2026-10-09 21:14:03,VIPS408,0107,Catherine Spirito,10,10,0,2026-10-09 21:36:20,2026-10-09 21:36:20.828
2026-10-09 21:14:03,VIPS408,0108,Ronald Yaros,10,10,0,2026-10-09 21:36:20,2026-10-09 21:36:20.828
2026-10-09 21:14:03,VIPS408,0109,Carinna Ferguson,10,10,0,2026-10-09 21:36:20,2026-10-09 21:36:20.828
2026-10-09 21:14:03,VIPS408,0110,Tracy Riggins,10,10,0,2026-10-09 21:36:20,2026-10-09 21:36:20.828
2026-10-09 21:14:03,VIPS408,0111,Kevin Calabro,10,10,0,2026-10-09 21:36:20,2026-10-09 21:36:20.829
2026-10-09 21:14:03,VIPS408,0112,Raffaele Viglianti,10,10,0,2026-10-09 21:36:20,2026-10-09 21:36:20.829
2026-10-09 21:14:03,VIPS408,0113,Shabnam Jabeen,10,10,0,2026-10-09 21:36:20,2026-10-09 21:36:20.829
2026-10-09 21:14:03,VIPS408,0114,Ning Zeng,10,10,0,2026-10-09 21:36:20,2026-10-09 21:36:20.829
2026-10-09 21:14:03,VIPS408,0115,Veronica Kang,10,10,0,2026-10-09 21:36:20,2026-10-09 21:36:20.829
2026-10-09 21:14:03,VIPS408,0116,David Stewart,10,10,0,2026-10-09 21:36:20,2026-10-09 21:36:20.829
2026-10-09 21:14:03,VIPS408,0117,Meredith Epstein,10,10,0,2026-10-09 21:36:20,2026-10-09 21:36:20.829
2026-10-09 21:14:03,VIPS408,0118,Magaly Toro Ibaceta,10,10,0,2026-10-09 21:36:20,2026-10-09 21:36:20.829
2026-10-09 21:14:03,VIPS408,0120,Marisa Parham,10,10,0,2026-10-09 21:36:20,2026-10-09 21:36:20.829
2026-10-09 21:14:03,VIPS408,0121,Becky Epanchin-Niell,10,10,0,2026-10-09 21:36:20,2026-10-09 21:36:20.829
2026-10-09 21:14:03,VIPS408,0122,Timothy Reedy,10,10,0,2026-10-09 21:36:20,2026-10-09 21:36:20.829
2026-10-09 21:14:03,VIPS408,0123,Lingnan Lin,10,10,0,2026-10-09 21:36:20,2026-10-09 21:36:20.829
2026-10-09 21:14:03,VIPS408,0124,Jeffrey Moro,10,10,0,2026-10-09 21:36:20,2026-10-09 21:36:20.830
2026-10-09 21:14:03,VIPS408,0125,Peter Sunderland,10,10,0,2026-10-09 21:36:20,2026-10-09 21:36:20.830
2026-10-09 21:14:03,VIPS408,0126,Brienna Anderson,10,10,0,2026-10-09 21:36:20,2026-10-09 21:36:20.830
2026-10-09 21:14:03,WEID139N,0101,Denise Joseph,60,60,0,2026-10-09 21:36:24,2026-10-09 21:36:24.342
2026-10-09 21:14:03,WEID139T,0201,Taylor Togafau-Lewis,45,45,0,2026-10-09 21:36:24,2026-10-09 21:36:24.705
2026-10-09 21:14:03,WGSS105,0101,Jessica Mathiason,30,30,0,2026-10-09 21:36:26,2026-10-09 21:36:26.521
2026-10-09 21:14:03,WGSS105,0102,Jessica Mathiason,30,30,0,2026-10-09 21:36:26,2026-10-09 21:36:26.521
2026-10-09 21:14:03,WGSS105,0103,Jessica Mathiason,30,30,0,2026-10-09 21:36:26,2026-10-09 21:36:26.521
2026-10-09 21:14:03,WGSS105,0104,Jessica Mathiason,30,30,0,2026-10-09 21:36:26,2026-10-09 21:36:26.521
2026-10-09 21:14:03,WGSS115,0101,Alexis Lothian,25,25,0,2026-10-09 21:36:26,2026-10-09 21:36:26.875
2026-10-09 21:14:03,WGSS115,0102,Alexis Lothian,25,25,0,2026-10-09 21:36:26,2026-10-09 21:36:26.875
2026-10-09 21:14:03,WGSS201,0101,Sayan Bhattacharya,25,25,0,2026-10-09 21:36:27,2026-10-09 21:36:27.243
2026-10-09 21:14:03,WGSS201,0102,Sayan Bhattacharya,25,25,0,2026-10-09 21:36:27,2026-10-09 21:36:27.243
2026-10-09 21:14:03,WGSS205,0101,Shelbi Meissner,21,21,0,2026-10-09 21:36:27,2026-10-09 21:36:27.609
2026-10-09 21:14:03,WGSS205,0201,Shelbi Meissner,21,21,0,2026-10-09 21:36:27,2026-10-09 21:36:27.609
2026-10-09 21:14:03,WGSS230,0101,Daniel Richter,20,20,0,2026-10-09 21:36:27,2026-10-09 21:36:27.968
2026-10-09 21:14:03,WGSS230,0201,Robert Lucci,20,20,0,2026-10-09 21:36:27,2026-10-09 21:36:27.968
2026-10-09 21:14:03,WGSS250,0101,Lidia Garcia Berrelleza,25,25,0,2026-10-09 21:36:28,2026-10-09 21:36:28.328
2026-10-09 21:14:03,WGSS250,0201,Shameem Razack,25,25,0,2026-10-09 21:36:28,2026-10-09 21:36:28.328
2026-10-09 21:14:03,WGSS255,0101,Instructor: TBA,30,30,0,2026-10-09 21:36:28,2026-10-09 21:36:28.683
2026-10-09 21:14:03,WGSS265,0101,Ashley Newby,40,40,0,2026-10-09 21:36:29,2026-10-09 21:36:29.037
2026-10-09 21:14:03,WGSS275,0101,Instructor: TBA,30,30,0,2026-10-09 21:36:29,2026-10-09 21:36:29.401
2026-10-09 21:14:03,WGSS280,0101,Jessica Mathiason,52,52,0,2026-10-09 21:36:29,2026-10-09 21:36:29.757
2026-10-09 21:14:03,WGSS290,0101,Jessica Mathiason,30,30,0,2026-10-09 21:36:30,2026-10-09 21:36:30.112
2026-10-09 21:14:03,WGSS290,0201,Sydney Lewis,31,31,0,2026-10-09 21:36:30,2026-10-09 21:36:30.112
2026-10-09 21:14:03,WGSS298C,0101,Will Mosley,35,35,0,2026-10-09 21:36:30,2026-10-09 21:36:30.465
2026-10-09 21:14:03,WGSS298S,0101,Jordan Keesler,25,25,0,2026-10-09 21:36:30,2026-10-09 21:36:30.818
2026-10-09 21:14:03,WGSS302,0101,Will Mosley,25,25,0,2026-10-09 21:36:31,2026-10-09 21:36:31.180
2026-10-09 21:14:03,WGSS306,0101,Sydney Lewis,30,30,0,2026-10-09 21:36:31,2026-10-09 21:36:31.534
2026-10-09 21:14:03,WGSS310,0101,Sayan Bhattacharya,25,25,0,2026-10-09 21:36:31,2026-10-09 21:36:31.890
2026-10-09 21:14:03,WGSS319F,0101,Alexis Lothian,30,30,0,2026-10-09 21:36:32,2026-10-09 21:36:32.245
2026-10-09 21:14:03,WGSS379G,0101,Chinyere Osuji,20,20,0,2026-10-09 21:36:32,2026-10-09 21:36:32.609
2026-10-09 21:14:03,WGSS379U,0101,John Drabinski,25,25,0,2026-10-09 21:36:32,2026-10-09 21:36:32.963
2026-10-09 21:14:03,WGSS422,0101,Jennifer Cho,18,18,0,2026-10-09 21:36:33,2026-10-09 21:36:33.321
2026-10-09 21:14:03,WGSS471,0101,Katherine Sharp,25,25,0,2026-10-09 21:36:33,2026-10-09 21:36:33.677
2026-10-09 21:14:03,WGSS471,0201,Katherine Sharp,45,45,0,2026-10-09 21:36:33,2026-10-09 21:36:33.678
2026-10-09 21:14:03,WGSS475,0101,Sydney Lewis,20,20,0,2026-10-09 21:36:34,2026-10-09 21:36:34.031
2026-10-09 21:14:03,WGSS487,0101,Eva Hageman,15,15,0,2026-10-09 21:36:34,2026-10-09 21:36:34.388
2026-10-09 21:14:03,WGSS487H,0101,Eva Hageman,5,5,0,2026-10-09 21:36:34,2026-10-09 21:36:34.741
2026-10-09 21:14:03,WGSS602,0101,Shelbi Meissner,12,12,0,2026-10-09 21:36:36,2026-10-09 21:36:36.159
2026-10-09 21:14:03,WGSS708,0101,Alexis Lothian,10,10,0,2026-10-09 21:36:37,2026-10-09 21:36:37.228
2026-10-09 21:14:03,XPER455,0101,TJ Rainsford,25,25,0,2026-10-09 21:36:39,2026-10-09 21:36:39.947
