Timestamp,Course,Section,Instructor,Total_Seats,Open_Seats,Waitlist,Fetch_Time,Actual_Log_Time
2026-09-20 02:59:06,AAAS100,0101,Shane Walsh,35,35,0,2026-09-20 02:59:07,2026-09-20 02:59:07.077
2026-09-20 02:59:06,AAAS100,0201,Shane Walsh,35,35,0,2026-09-20 02:59:07,2026-09-20 02:59:07.077
2026-09-20 02:59:06,AAAS100,0301,George Kintiba,30,30,0,2026-09-20 02:59:07,2026-09-20 02:59:07.077
2026-09-20 02:59:06,AAAS100,0401,Beka Guluma,35,35,0,2026-09-20 02:59:07,2026-09-20 02:59:07.077
2026-09-20 02:59:06,AAAS100,0501,Jason Nichols,33,33,0,2026-09-20 02:59:07,2026-09-20 02:59:07.077
2026-09-20 02:59:06,AAAS100,0601,Jason Nichols,35,35,0,2026-09-20 02:59:07,2026-09-20 02:59:07.078
2026-09-20 02:59:06,AAAS100H,0301,George Kintiba,5,5,0,2026-09-20 02:59:07,2026-09-20 02:59:07.311
2026-09-20 02:59:06,AAAS101,0101,Periloux Peay,40,40,0,2026-09-20 02:59:07,2026-09-20 02:59:07.480
2026-09-20 02:59:06,AAAS187,0101,Robert Choflet,30,30,0,2026-09-20 02:59:07,2026-09-20 02:59:07.683
2026-09-20 02:59:06,AAAS200,0101,George Kintiba,40,40,0,2026-09-20 02:59:07,2026-09-20 02:59:07.892
2026-09-20 02:59:06,AAAS202,0101,Robert Choflet,30,30,0,2026-09-20 02:59:08,2026-09-20 02:59:08.105
2026-09-20 02:59:06,AAAS202,0201,Angelica Dunbar,35,35,0,2026-09-20 02:59:08,2026-09-20 02:59:08.106
2026-09-20 02:59:06,AAAS202,0301,Angelica Dunbar,35,35,0,2026-09-20 02:59:08,2026-09-20 02:59:08.106
2026-09-20 02:59:06,AAAS202,0401,Robert Choflet,35,35,0,2026-09-20 02:59:08,2026-09-20 02:59:08.106
2026-09-20 02:59:06,AAAS202H,0101,Robert Choflet,5,5,0,2026-09-20 02:59:08,2026-09-20 02:59:08.301
2026-09-20 02:59:06,AAAS211,0101,Shane Walsh,120,120,0,2026-09-20 02:59:08,2026-09-20 02:59:08.478
2026-09-20 02:59:06,AAAS234,0101,Instructor: TBA,30,30,0,2026-09-20 02:59:08,2026-09-20 02:59:08.705
2026-09-20 02:59:06,AAAS255,0101,Leigh Soares,40,40,0,2026-09-20 02:59:08,2026-09-20 02:59:08.916
2026-09-20 02:59:06,AAAS265,0101,Ashley Newby,40,40,0,2026-09-20 02:59:09,2026-09-20 02:59:09.091
2026-09-20 02:59:06,AAAS320,0101,Cecily Jackson,25,25,0,2026-09-20 02:59:09,2026-09-20 02:59:09.393
2026-09-20 02:59:06,AAAS320,0201,Cecily Jackson,25,25,0,2026-09-20 02:59:09,2026-09-20 02:59:09.393
2026-09-20 02:59:06,AAAS386,0101,Marshal Washington,10,10,0,2026-09-20 02:59:09,2026-09-20 02:59:09.624
2026-09-20 02:59:06,AAAS398G,0101,Chinyere Osuji,20,20,0,2026-09-20 02:59:09,2026-09-20 02:59:09.794
2026-09-20 02:59:06,AAAS398U,0101,John Drabinski,25,25,0,2026-09-20 02:59:10,2026-09-20 02:59:10.098
2026-09-20 02:59:06,AAAS400,0101,George Kintiba,20,20,0,2026-09-20 02:59:10,2026-09-20 02:59:10.265
2026-09-20 02:59:06,AAAS400H,0101,George Kintiba,5,5,0,2026-09-20 02:59:10,2026-09-20 02:59:10.433
2026-09-20 02:59:06,AAAS490,0101,Paul Landau,18,18,0,2026-09-20 02:59:10,2026-09-20 02:59:10.601
2026-09-20 02:59:06,AAAS498X,0101,Terrill Taylor,40,40,0,2026-09-20 02:59:10,2026-09-20 02:59:10.767
2026-09-20 02:59:06,AAST200,0101,Jennifer Cho,34,34,0,2026-09-20 02:59:12,2026-09-20 02:59:12.158
2026-09-20 02:59:06,AAST201,0101,Madeline Hsu,40,40,0,2026-09-20 02:59:12,2026-09-20 02:59:12.324
2026-09-20 02:59:06,AAST250,0101,Jennifer Cho,30,30,0,2026-09-20 02:59:12,2026-09-20 02:59:12.616
2026-09-20 02:59:06,AAST262,0101,Derek Iwamoto,60,60,0,2026-09-20 02:59:12,2026-09-20 02:59:12.785
2026-09-20 02:59:06,AAST322,0101,Julie Park,30,30,0,2026-09-20 02:59:12,2026-09-20 02:59:12.960
2026-09-20 02:59:06,AAST350,0101,Binod Paudyal,25,25,0,2026-09-20 02:59:13,2026-09-20 02:59:13.132
2026-09-20 02:59:06,AAST351,0101,Binod Paudyal,34,34,0,2026-09-20 02:59:13,2026-09-20 02:59:13.302
2026-09-20 02:59:06,AAST363,0101,Gemirald Daus,35,35,0,2026-09-20 02:59:13,2026-09-20 02:59:13.469
2026-09-20 02:59:06,AAST378,0101,Janelle Wong,2,2,0,2026-09-20 02:59:13,2026-09-20 02:59:13.769
2026-09-20 02:59:06,AAST394,0101,Wenxi Yang,25,25,0,2026-09-20 02:59:14,2026-09-20 02:59:14.445
2026-09-20 02:59:06,AAST398A,0101,Michelle Magalong,20,20,0,2026-09-20 02:59:14,2026-09-20 02:59:14.617
2026-09-20 02:59:06,AAST398B,0101,Chris Eng,25,25,0,2026-09-20 02:59:14,2026-09-20 02:59:14.796
2026-09-20 02:59:06,AAST421,0101,Philip Nash,20,20,0,2026-09-20 02:59:14,2026-09-20 02:59:14.972
2026-09-20 02:59:06,AAST422,0101,Jennifer Cho,18,18,0,2026-09-20 02:59:15,2026-09-20 02:59:15.256
2026-09-20 02:59:06,AAST443,0101,Janelle Wong,27,27,0,2026-09-20 02:59:15,2026-09-20 02:59:15.473
2026-09-20 02:59:06,ABRM450,0101,Ashley Newby,10,10,0,2026-09-20 02:59:16,2026-09-20 02:59:16.879
2026-09-20 02:59:06,AGNR301,0101,Thomas Hilde,150,150,0,2026-09-20 02:59:18,2026-09-20 02:59:18.150
2026-09-20 02:59:06,AGNR388,0101,Instructor: TBA,20,20,0,2026-09-20 02:59:18,2026-09-20 02:59:18.332
2026-09-20 02:59:06,AIME498B,0101,Kevin McGarry,30,30,0,2026-09-20 02:59:21,2026-09-20 02:59:21.429
2026-09-20 02:59:06,ARAB101,0101,Samah Al-salami,15,15,0,2026-09-20 02:59:47,2026-09-20 02:59:47.925
2026-09-20 02:59:06,ARAB101,0201,Ahmed Hanafy,15,15,0,2026-09-20 02:59:47,2026-09-20 02:59:47.925
2026-09-20 02:59:06,ARAB102,0101,Samah Al-salami,15,15,0,2026-09-20 02:59:48,2026-09-20 02:59:48.097
2026-09-20 02:59:06,ARAB102,0201,Samah Al-salami,15,15,0,2026-09-20 02:59:48,2026-09-20 02:59:48.097
2026-09-20 02:59:06,ARAB201,0101,Lutf Alkebsi,15,15,0,2026-09-20 02:59:48,2026-09-20 02:59:48.269
2026-09-20 02:59:06,ARAB202,0101,Lutf Alkebsi,15,15,0,2026-09-20 02:59:48,2026-09-20 02:59:48.442
2026-09-20 02:59:06,ARAB202,0201,Lutf Alkebsi,15,15,0,2026-09-20 02:59:48,2026-09-20 02:59:48.442
2026-09-20 02:59:06,ARAB222,0101,Ahmed Hanafy,15,15,0,2026-09-20 02:59:48,2026-09-20 02:59:48.619
2026-09-20 02:59:06,ARAB250,0101,Anny Gaul,15,15,0,2026-09-20 02:59:48,2026-09-20 02:59:48.798
2026-09-20 02:59:06,ARAB302,0101,Ahmed Hanafy,15,15,0,2026-09-20 02:59:48,2026-09-20 02:59:48.970
2026-09-20 02:59:06,ARAB317,0101,Anny Gaul,15,15,0,2026-09-20 02:59:49,2026-09-20 02:59:49.136
2026-09-20 02:59:06,ARAB398W,0101,Lutf Alkebsi,15,15,0,2026-09-20 02:59:49,2026-09-20 02:59:49.465
2026-09-20 02:59:06,ARAB499X,0101,Samah Al-salami,15,15,0,2026-09-20 02:59:49,2026-09-20 02:59:49.794
2026-09-20 02:59:06,ARCH170,0101,Lindsey May,100,100,0,2026-09-20 02:59:51,2026-09-20 02:59:51.288
2026-09-20 02:59:06,ARCH200,0101,Michael Abrams,21,21,0,2026-09-20 02:59:51,2026-09-20 02:59:51.475
2026-09-20 02:59:06,ARCH200,0102,Michael Abrams,21,21,0,2026-09-20 02:59:51,2026-09-20 02:59:51.475
2026-09-20 02:59:06,ARCH200,0103,Michael Abrams,21,21,0,2026-09-20 02:59:51,2026-09-20 02:59:51.476
2026-09-20 02:59:06,ARCH200,0104,Michael Abrams,21,21,0,2026-09-20 02:59:51,2026-09-20 02:59:51.476
2026-09-20 02:59:06,ARCH200,0105,Michael Abrams,21,21,0,2026-09-20 02:59:51,2026-09-20 02:59:51.476
2026-09-20 02:59:06,ARCH200,0106,Michael Abrams,21,21,0,2026-09-20 02:59:51,2026-09-20 02:59:51.476
2026-09-20 02:59:06,ARCH225,0101,Joseph Williams,125,125,0,2026-09-20 02:59:51,2026-09-20 02:59:51.645
2026-09-20 02:59:06,ARCH271,0101,Wayne Ricardo Curtis,75,75,0,2026-09-20 02:59:51,2026-09-20 02:59:51.816
2026-09-20 02:59:06,ARCH271,0102,Wayne Ricardo Curtis,75,75,0,2026-09-20 02:59:51,2026-09-20 02:59:51.817
2026-09-20 02:59:06,ARCH386,0101,Kristen Stack,10,10,0,2026-09-20 02:59:51,2026-09-20 02:59:51.982
2026-09-20 02:59:06,ARCH400,0101,Kenneth Filler,75,75,0,2026-09-20 02:59:52,2026-09-20 02:59:52.150
2026-09-20 02:59:06,ARCH400,0201,Marcus Cross,60,60,0,2026-09-20 02:59:52,2026-09-20 02:59:52.150
2026-09-20 02:59:06,ARCH402,0101,Taejun James Kim,75,75,0,2026-09-20 02:59:52,2026-09-20 02:59:52.315
2026-09-20 02:59:06,ARCH405,0101,Brittany L Williams,14,14,0,2026-09-20 02:59:52,2026-09-20 02:59:52.490
2026-09-20 02:59:06,ARCH407,0101,Georgeanne Matthews,12,12,0,2026-09-20 02:59:52,2026-09-20 02:59:52.667
2026-09-20 02:59:06,ARCH408A,0101,Daniel Curry,5,5,0,2026-09-20 02:59:52,2026-09-20 02:59:52.835
2026-09-20 02:59:06,ARCH408C,0101,Edgar Alvarado,5,5,0,2026-09-20 02:59:53,2026-09-20 02:59:53.011
2026-09-20 02:59:06,ARCH418D,0101,Hooman Koliji,30,30,0,2026-09-20 02:59:53,2026-09-20 02:59:53.180
2026-09-20 02:59:06,ARCH418G,0101,Deokoh Woo,16,16,0,2026-09-20 02:59:53,2026-09-20 02:59:53.347
2026-09-20 02:59:06,ARCH418I,0101,Michael Kleiss,16,16,0,2026-09-20 02:59:53,2026-09-20 02:59:53.516
2026-09-20 02:59:06,ARCH420,0101,Caroline Hickman,30,30,0,2026-09-20 02:59:53,2026-09-20 02:59:53.689
2026-09-20 02:59:06,ARCH423,0101,Joseph Williams,30,30,0,2026-09-20 02:59:53,2026-09-20 02:59:53.855
2026-09-20 02:59:06,ARCH425,0101,Joseph Williams,10,10,0,2026-09-20 02:59:54,2026-09-20 02:59:54.024
2026-09-20 02:59:06,ARCH428F,0101,Matthew Bell,20,20,0,2026-09-20 02:59:54,2026-09-20 02:59:54.195
2026-09-20 02:59:06,ARCH428K,0101,Michele Lamprakos,26,26,0,2026-09-20 02:59:54,2026-09-20 02:59:54.359
2026-09-20 02:59:06,ARCH445,0101,Daniel Curry,15,15,0,2026-09-20 02:59:54,2026-09-20 02:59:54.536
2026-09-20 02:59:06,ARCH463,0101,Deokoh Woo,150,150,0,2026-09-20 02:59:54,2026-09-20 02:59:54.711
2026-09-20 02:59:06,ARCH465,0101,Michael Kleiss,80,80,0,2026-09-20 02:59:54,2026-09-20 02:59:54.880
2026-09-20 02:59:06,ARCH468I,0101,Hooman Koliji,26,26,0,2026-09-20 02:59:55,2026-09-20 02:59:55.047
2026-09-20 02:59:06,ARCH468P,0101,Hooman Koliji,26,26,0,2026-09-20 02:59:55,2026-09-20 02:59:55.220
2026-09-20 02:59:06,ARCH472,0101,Kiley Wilfong Cullen,24,24,0,2026-09-20 02:59:55,2026-09-20 02:59:55.403
2026-09-20 02:59:06,ARCH478L,0101,Michele Lamprakos,10,10,0,2026-09-20 02:59:55,2026-09-20 02:59:55.579
2026-09-20 02:59:06,ARCH478O,0101,Stefan Woehlke,20,20,0,2026-09-20 02:59:55,2026-09-20 02:59:55.750
2026-09-20 02:59:06,ARCH601,0101,Peter Noonan,20,20,0,2026-09-20 02:59:55,2026-09-20 02:59:55.920
2026-09-20 02:59:06,ARCH618G,0101,Deokoh Woo,4,4,0,2026-09-20 02:59:56,2026-09-20 02:59:56.089
2026-09-20 02:59:06,ARCH618I,0101,Michael Kleiss,4,4,0,2026-09-20 02:59:56,2026-09-20 02:59:56.264
2026-09-20 02:59:06,ARCH628K,0101,Michele Lamprakos,4,4,0,2026-09-20 02:59:56,2026-09-20 02:59:56.428
2026-09-20 02:59:06,ARCH635,0101,Matthew Bell,15,15,0,2026-09-20 02:59:56,2026-09-20 02:59:56.597
2026-09-20 02:59:06,ARCH654,0101,Anatole Tchikine,35,35,0,2026-09-20 02:59:56,2026-09-20 02:59:56.764
2026-09-20 02:59:06,ARCH658I,0101,Sonja Ewing,15,15,0,2026-09-20 02:59:56,2026-09-20 02:59:56.933
2026-09-20 02:59:06,ARCH668I,0101,Hooman Koliji,4,4,0,2026-09-20 02:59:57,2026-09-20 02:59:57.107
2026-09-20 02:59:06,ARCH668P,0101,Hooman Koliji,4,4,0,2026-09-20 02:59:57,2026-09-20 02:59:57.277
2026-09-20 02:59:06,ARCH678L,0101,Michele Lamprakos,10,10,0,2026-09-20 02:59:57,2026-09-20 02:59:57.446
2026-09-20 02:59:06,ARCH678O,0101,Stefan Woehlke,5,5,0,2026-09-20 02:59:57,2026-09-20 02:59:57.613
2026-09-20 02:59:06,ARCH797,0101,Hooman Koliji,15,15,0,2026-09-20 02:59:57,2026-09-20 02:59:57.781
2026-09-20 02:59:06,ARMY105,0101,Andrew Bischoff,60,60,0,2026-09-20 03:00:12,2026-09-20 03:00:12.046
2026-09-20 02:59:06,ARMY105,0102,Andrew Bischoff,60,60,0,2026-09-20 03:00:12,2026-09-20 03:00:12.046
2026-09-20 02:59:06,ARMY110,0101,Andrew Bischoff,40,40,0,2026-09-20 03:00:12,2026-09-20 03:00:12.231
2026-09-20 02:59:06,ARMY202,0102,Andrew Bischoff,60,60,0,2026-09-20 03:00:12,2026-09-20 03:00:12.413
2026-09-20 02:59:06,ARMY302,0101,Andrew Bischoff,40,40,0,2026-09-20 03:00:12,2026-09-20 03:00:12.580
2026-09-20 02:59:06,ARMY402,0101,Andrew Bischoff,30,30,0,2026-09-20 03:00:12,2026-09-20 03:00:12.753
2026-09-20 02:59:06,ARMY402,0102,Andrew Bischoff,100,100,0,2026-09-20 03:00:12,2026-09-20 03:00:12.753
2026-09-20 02:59:06,ARSC059,0101,Kathryn Love,250,250,0,2026-09-20 03:00:14,2026-09-20 03:00:14.054
2026-09-20 02:59:06,ARSC101,0101,Alan Snyder,50,50,0,2026-09-20 03:00:14,2026-09-20 03:00:14.230
2026-09-20 02:59:06,ARSC101,0102,Alan Snyder,65,65,0,2026-09-20 03:00:14,2026-09-20 03:00:14.230
2026-09-20 02:59:06,ARSC101,0103,Alan Snyder,40,40,0,2026-09-20 03:00:14,2026-09-20 03:00:14.230
2026-09-20 02:59:06,ARSC101,0104,Alan Snyder,10,10,0,2026-09-20 03:00:14,2026-09-20 03:00:14.231
2026-09-20 02:59:06,ARSC201,0101,Nathan Rabe,65,65,0,2026-09-20 03:00:14,2026-09-20 03:00:14.438
2026-09-20 02:59:06,ARSC201,0102,Kathleen West,40,40,0,2026-09-20 03:00:14,2026-09-20 03:00:14.439
2026-09-20 02:59:06,ARSC201,0103,Kathleen West,40,40,0,2026-09-20 03:00:14,2026-09-20 03:00:14.439
2026-09-20 02:59:06,ARSC301,0101,Kathryn Love,45,45,0,2026-09-20 03:00:14,2026-09-20 03:00:14.616
2026-09-20 02:59:06,ARSC301,0102,Kathryn Love,20,20,0,2026-09-20 03:00:14,2026-09-20 03:00:14.617
2026-09-20 02:59:06,ARSC401,0101,Joseph Herwatic,30,30,0,2026-09-20 03:00:14,2026-09-20 03:00:14.784
2026-09-20 02:59:06,ARSC401,0102,Joseph Herwatic,15,15,0,2026-09-20 03:00:14,2026-09-20 03:00:14.784
2026-09-20 02:59:06,BIOM301,0101,Christine Hakenkamp,28,28,0,2026-09-20 03:00:50,2026-09-20 03:00:50.941
2026-09-20 02:59:06,BIOM301,0102,Christine Hakenkamp,28,28,0,2026-09-20 03:00:50,2026-09-20 03:00:50.941
2026-09-20 02:59:06,BIOM301,0103,Christine Hakenkamp,28,28,0,2026-09-20 03:00:50,2026-09-20 03:00:50.942
2026-09-20 02:59:06,BIOM301,0104,Christine Hakenkamp,28,28,0,2026-09-20 03:00:50,2026-09-20 03:00:50.942
2026-09-20 02:59:06,BIOM301,0105,Christine Hakenkamp,28,28,0,2026-09-20 03:00:50,2026-09-20 03:00:50.942
2026-09-20 02:59:06,BIOM301,0106,Christine Hakenkamp,28,28,0,2026-09-20 03:00:50,2026-09-20 03:00:50.942
2026-09-20 02:59:06,BIOM301,0107,Christine Hakenkamp,28,28,0,2026-09-20 03:00:50,2026-09-20 03:00:50.942
2026-09-20 02:59:06,BIOM301,0201,Instructor: TBA,28,28,0,2026-09-20 03:00:50,2026-09-20 03:00:50.943
2026-09-20 02:59:06,BIOM602,0101,Jiuzhou Song,28,28,0,2026-09-20 03:00:51,2026-09-20 03:00:51.110
2026-09-20 02:59:06,BMIN210,0101,Darlene Dennison,162,162,0,2026-09-20 03:01:10,2026-09-20 03:01:10.120
2026-09-20 02:59:06,BMIN210,0201,Darlene Dennison,162,162,0,2026-09-20 03:01:10,2026-09-20 03:01:10.120
2026-09-20 02:59:06,BMIN305,0101,Tejwansh Anand,162,162,0,2026-09-20 03:01:10,2026-09-20 03:01:10.293
2026-09-20 02:59:06,BMIN345,0101,Michael Padhi,325,325,0,2026-09-20 03:01:10,2026-09-20 03:01:10.467
2026-09-20 02:59:06,BMIN355,0101,Idil Yaveroglu,162,162,0,2026-09-20 03:01:10,2026-09-20 03:01:10.641
2026-09-20 02:59:06,BMIN355,0201,Idil Yaveroglu,162,162,0,2026-09-20 03:01:10,2026-09-20 03:01:10.641
2026-09-20 02:59:06,BMIN375,0101,Leland Gardner,162,162,0,2026-09-20 03:01:10,2026-09-20 03:01:10.818
2026-09-20 02:59:06,BMIN395,0101,Nima Farshchi,162,162,0,2026-09-20 03:01:10,2026-09-20 03:01:10.987
2026-09-20 02:59:06,BMIN395,0201,Nima Farshchi,162,162,0,2026-09-20 03:01:10,2026-09-20 03:01:10.987
2026-09-20 02:59:06,BSCI103,1100,Instructor: TBA,24,24,0,2026-09-20 03:01:14,2026-09-20 03:01:14.404
2026-09-20 02:59:06,BSCI103,1101,Instructor: TBA,24,24,0,2026-09-20 03:01:14,2026-09-20 03:01:14.404
2026-09-20 02:59:06,BSCI103,1103,Instructor: TBA,24,24,0,2026-09-20 03:01:14,2026-09-20 03:01:14.404
2026-09-20 02:59:06,BSCI103,1105,Instructor: TBA,24,24,0,2026-09-20 03:01:14,2026-09-20 03:01:14.404
2026-09-20 02:59:06,BSCI103,1107,Instructor: TBA,24,24,0,2026-09-20 03:01:14,2026-09-20 03:01:14.404
2026-09-20 02:59:06,BSCI103,1108,Instructor: TBA,24,24,0,2026-09-20 03:01:14,2026-09-20 03:01:14.405
2026-09-20 02:59:06,BSCI103,1109,Instructor: TBA,24,24,0,2026-09-20 03:01:14,2026-09-20 03:01:14.405
2026-09-20 02:59:06,BSCI103,1110,Instructor: TBA,24,24,0,2026-09-20 03:01:14,2026-09-20 03:01:14.405
2026-09-20 02:59:06,BSCI103M,0101,Instructor: TBA,24,24,0,2026-09-20 03:01:14,2026-09-20 03:01:14.582
2026-09-20 02:59:06,BSCI120,0101,Dennis vanEngelsdorp,21,21,0,2026-09-20 03:01:14,2026-09-20 03:01:14.765
2026-09-20 02:59:06,BSCI120,0102,Dennis vanEngelsdorp,21,21,0,2026-09-20 03:01:14,2026-09-20 03:01:14.765
2026-09-20 02:59:06,BSCI135,1101,Edgar Moctezuma,24,24,0,2026-09-20 03:01:14,2026-09-20 03:01:14.939
2026-09-20 02:59:06,BSCI135,1102,Edgar Moctezuma,24,24,0,2026-09-20 03:01:14,2026-09-20 03:01:14.940
2026-09-20 02:59:06,BSCI135,1103,Edgar Moctezuma,24,24,0,2026-09-20 03:01:14,2026-09-20 03:01:14.940
2026-09-20 02:59:06,BSCI135,1104,Edgar Moctezuma,24,24,0,2026-09-20 03:01:14,2026-09-20 03:01:14.940
2026-09-20 02:59:06,BSCI135,1105,Edgar Moctezuma,24,24,0,2026-09-20 03:01:14,2026-09-20 03:01:14.940
2026-09-20 02:59:06,BSCI160,6101,Leo Shapiro,104,104,0,2026-09-20 03:01:15,2026-09-20 03:01:15.114
2026-09-20 02:59:06,BSCI160,6301,Chloe Garfinkel,56,56,0,2026-09-20 03:01:15,2026-09-20 03:01:15.114
2026-09-20 02:59:06,BSCI160,6601,Vadim Karatayev,88,88,0,2026-09-20 03:01:15,2026-09-20 03:01:15.115
2026-09-20 02:59:06,BSCI160,SES1,Chloe Garfinkel,15,15,0,2026-09-20 03:01:15,2026-09-20 03:01:15.115
2026-09-20 02:59:06,BSCI170,0101,Cordelia Weiss,153,153,0,2026-09-20 03:01:15,2026-09-20 03:01:15.290
2026-09-20 02:59:06,BSCI170,0201,Nicholas Fletcher,153,153,0,2026-09-20 03:01:15,2026-09-20 03:01:15.291
2026-09-20 02:59:06,BSCI170,0301,Ricardo Araneda,152,152,0,2026-09-20 03:01:15,2026-09-20 03:01:15.291
2026-09-20 02:59:06,BSCI170,0401,Swarna Mohan,153,153,0,2026-09-20 03:01:15,2026-09-20 03:01:15.291
2026-09-20 02:59:06,BSCI170,0501,Ji Young Choi,120,120,0,2026-09-20 03:01:15,2026-09-20 03:01:15.291
2026-09-20 02:59:06,BSCI170,0701,Ji Young Choi,153,153,0,2026-09-20 03:01:15,2026-09-20 03:01:15.291
2026-09-20 02:59:06,BSCI170,SES1,James Sniezek,20,20,0,2026-09-20 03:01:15,2026-09-20 03:01:15.291
2026-09-20 02:59:06,BSCI180,8105,Hans Lemke,19,19,0,2026-09-20 03:01:15,2026-09-20 03:01:15.621
2026-09-20 02:59:06,BSCI180,8106,Swarna Mohan,19,19,0,2026-09-20 03:01:15,2026-09-20 03:01:15.621
2026-09-20 02:59:06,BSCI180,8107,Hans Lemke,19,19,0,2026-09-20 03:01:15,2026-09-20 03:01:15.621
2026-09-20 02:59:06,BSCI180,8108,Hans Lemke,19,19,0,2026-09-20 03:01:15,2026-09-20 03:01:15.621
2026-09-20 02:59:06,BSCI180,8109,Swarna Mohan,19,19,0,2026-09-20 03:01:15,2026-09-20 03:01:15.621
2026-09-20 02:59:06,BSCI180,8110,Hans Lemke,19,19,0,2026-09-20 03:01:15,2026-09-20 03:01:15.622
2026-09-20 02:59:06,BSCI180,8111,Hans Lemke,19,19,0,2026-09-20 03:01:15,2026-09-20 03:01:15.622
2026-09-20 02:59:06,BSCI180,8112,Hans Lemke,19,19,0,2026-09-20 03:01:15,2026-09-20 03:01:15.622
2026-09-20 02:59:06,BSCI180,8113,Hans Lemke,19,19,0,2026-09-20 03:01:15,2026-09-20 03:01:15.622
2026-09-20 02:59:06,BSCI180,8114,Hans Lemke,19,19,0,2026-09-20 03:01:15,2026-09-20 03:01:15.622
2026-09-20 02:59:06,BSCI180,8201,Swarna Mohan,19,19,0,2026-09-20 03:01:15,2026-09-20 03:01:15.623
2026-09-20 02:59:06,BSCI180,8202,Hans Lemke,19,19,0,2026-09-20 03:01:15,2026-09-20 03:01:15.623
2026-09-20 02:59:06,BSCI180,8205,Hans Lemke,19,19,0,2026-09-20 03:01:15,2026-09-20 03:01:15.623
2026-09-20 02:59:06,BSCI180,8206,Hans Lemke,19,19,0,2026-09-20 03:01:15,2026-09-20 03:01:15.623
2026-09-20 02:59:06,BSCI180,8207,Hans Lemke,19,19,0,2026-09-20 03:01:15,2026-09-20 03:01:15.623
2026-09-20 02:59:06,BSCI180,8208,Swarna Mohan,19,19,0,2026-09-20 03:01:15,2026-09-20 03:01:15.624
2026-09-20 02:59:06,BSCI180,8209,Swarna Mohan,19,19,0,2026-09-20 03:01:15,2026-09-20 03:01:15.624
2026-09-20 02:59:06,BSCI180,8210,Hans Lemke,19,19,0,2026-09-20 03:01:15,2026-09-20 03:01:15.624
2026-09-20 02:59:06,BSCI180,8211,Swarna Mohan,19,19,0,2026-09-20 03:01:15,2026-09-20 03:01:15.624
2026-09-20 02:59:06,BSCI180,8212,Hans Lemke,19,19,0,2026-09-20 03:01:15,2026-09-20 03:01:15.624
2026-09-20 02:59:06,BSCI180,8213,Hans Lemke,19,19,0,2026-09-20 03:01:15,2026-09-20 03:01:15.625
2026-09-20 02:59:06,BSCI180,8214,Hans Lemke,19,19,0,2026-09-20 03:01:15,2026-09-20 03:01:15.625
2026-09-20 02:59:06,BSCI180,8301,Hans Lemke,19,19,0,2026-09-20 03:01:15,2026-09-20 03:01:15.625
2026-09-20 02:59:06,BSCI180,8302,Hans Lemke,19,19,0,2026-09-20 03:01:15,2026-09-20 03:01:15.625
2026-09-20 02:59:06,BSCI180,8305,Hans Lemke,19,19,0,2026-09-20 03:01:15,2026-09-20 03:01:15.625
2026-09-20 02:59:06,BSCI180,8306,Hans Lemke,19,19,0,2026-09-20 03:01:15,2026-09-20 03:01:15.626
2026-09-20 02:59:06,BSCI180,8307,Swarna Mohan,19,19,0,2026-09-20 03:01:15,2026-09-20 03:01:15.626
2026-09-20 02:59:06,BSCI180,8308,Hans Lemke,19,19,0,2026-09-20 03:01:15,2026-09-20 03:01:15.626
2026-09-20 02:59:06,BSCI180,8309,Hans Lemke,19,19,0,2026-09-20 03:01:15,2026-09-20 03:01:15.626
2026-09-20 02:59:06,BSCI180,8310,Swarna Mohan,19,19,0,2026-09-20 03:01:15,2026-09-20 03:01:15.626
2026-09-20 02:59:06,BSCI180,8311,Hans Lemke,19,19,0,2026-09-20 03:01:15,2026-09-20 03:01:15.627
2026-09-20 02:59:06,BSCI180,8312,Hans Lemke,19,19,0,2026-09-20 03:01:15,2026-09-20 03:01:15.627
2026-09-20 02:59:06,BSCI180,8313,Hans Lemke,19,19,0,2026-09-20 03:01:15,2026-09-20 03:01:15.627
2026-09-20 02:59:06,BSCI180,8314,Hans Lemke,19,19,0,2026-09-20 03:01:15,2026-09-20 03:01:15.627
2026-09-20 02:59:06,BSCI180,8401,Hans Lemke,19,19,0,2026-09-20 03:01:15,2026-09-20 03:01:15.627
2026-09-20 02:59:06,BSCI180,8402,Hans Lemke,19,19,0,2026-09-20 03:01:15,2026-09-20 03:01:15.628
2026-09-20 02:59:06,BSCI180,8405,Hans Lemke,19,19,0,2026-09-20 03:01:15,2026-09-20 03:01:15.628
2026-09-20 02:59:06,BSCI180,8406,Swarna Mohan,19,19,0,2026-09-20 03:01:15,2026-09-20 03:01:15.628
2026-09-20 02:59:06,BSCI180,8407,Hans Lemke,19,19,0,2026-09-20 03:01:15,2026-09-20 03:01:15.628
2026-09-20 02:59:06,BSCI180,8408,Hans Lemke,19,19,0,2026-09-20 03:01:15,2026-09-20 03:01:15.628
2026-09-20 02:59:06,BSCI180,8409,Swarna Mohan,19,19,0,2026-09-20 03:01:15,2026-09-20 03:01:15.629
2026-09-20 02:59:06,BSCI180,8410,Hans Lemke,19,19,0,2026-09-20 03:01:15,2026-09-20 03:01:15.629
2026-09-20 02:59:06,BSCI180,8411,Hans Lemke,19,19,0,2026-09-20 03:01:15,2026-09-20 03:01:15.629
2026-09-20 02:59:06,BSCI180,8412,Hans Lemke,19,19,0,2026-09-20 03:01:15,2026-09-20 03:01:15.629
2026-09-20 02:59:06,BSCI180,8413,Hans Lemke,19,19,0,2026-09-20 03:01:15,2026-09-20 03:01:15.629
2026-09-20 02:59:06,BSCI180,8414,Hans Lemke,19,19,0,2026-09-20 03:01:15,2026-09-20 03:01:15.630
2026-09-20 02:59:06,BSCI180,SEF2,Hans Lemke,19,19,0,2026-09-20 03:01:15,2026-09-20 03:01:15.630
2026-09-20 02:59:06,BSCI180,SES1,Hans Lemke,19,19,0,2026-09-20 03:01:15,2026-09-20 03:01:15.630
2026-09-20 02:59:06,BSCI180,SES2,Hans Lemke,19,19,0,2026-09-20 03:01:15,2026-09-20 03:01:15.630
2026-09-20 02:59:06,BSCI201,0101,Caitlin Fox,24,24,0,2026-09-20 03:01:15,2026-09-20 03:01:15.838
2026-09-20 02:59:06,BSCI201,0103,Caitlin Fox,24,24,0,2026-09-20 03:01:15,2026-09-20 03:01:15.838
2026-09-20 02:59:06,BSCI201,0105,Caitlin Fox,24,24,0,2026-09-20 03:01:15,2026-09-20 03:01:15.838
2026-09-20 02:59:06,BSCI201,0106,Caitlin Fox,24,24,0,2026-09-20 03:01:15,2026-09-20 03:01:15.839
2026-09-20 02:59:06,BSCI201,0107,Caitlin Fox,24,24,0,2026-09-20 03:01:15,2026-09-20 03:01:15.839
2026-09-20 02:59:06,BSCI201,0109,Maira Goytia,24,24,0,2026-09-20 03:01:15,2026-09-20 03:01:15.839
2026-09-20 02:59:06,BSCI201,0110,Caitlin Fox,24,24,0,2026-09-20 03:01:15,2026-09-20 03:01:15.839
2026-09-20 02:59:06,BSCI201,0111,Caitlin Fox,24,24,0,2026-09-20 03:01:15,2026-09-20 03:01:15.839
2026-09-20 02:59:06,BSCI201,1101,Justicia Opoku-Edusei,24,24,0,2026-09-20 03:01:15,2026-09-20 03:01:15.840
2026-09-20 02:59:06,BSCI201,1103,Justicia Opoku-Edusei,24,24,0,2026-09-20 03:01:15,2026-09-20 03:01:15.840
2026-09-20 02:59:06,BSCI201,1104,Justicia Opoku-Edusei,24,24,0,2026-09-20 03:01:15,2026-09-20 03:01:15.840
2026-09-20 02:59:06,BSCI201,1105,Caitlin Fox,24,24,0,2026-09-20 03:01:15,2026-09-20 03:01:15.840
2026-09-20 02:59:06,BSCI201,1106,Caitlin Fox,24,24,0,2026-09-20 03:01:15,2026-09-20 03:01:15.840
2026-09-20 02:59:06,BSCI201,1108,Caitlin Fox,24,24,0,2026-09-20 03:01:15,2026-09-20 03:01:15.841
2026-09-20 02:59:06,BSCI201,1109,Justicia Opoku-Edusei,24,24,0,2026-09-20 03:01:15,2026-09-20 03:01:15.841
2026-09-20 02:59:06,BSCI201,1110,Justicia Opoku-Edusei,24,24,0,2026-09-20 03:01:15,2026-09-20 03:01:15.841
2026-09-20 02:59:06,BSCI202,0101,Caitlin Fox,24,24,0,2026-09-20 03:01:16,2026-09-20 03:01:16.041
2026-09-20 02:59:06,BSCI202,0102,Caitlin Fox,24,24,0,2026-09-20 03:01:16,2026-09-20 03:01:16.041
2026-09-20 02:59:06,BSCI202,0104,Caitlin Fox,24,24,0,2026-09-20 03:01:16,2026-09-20 03:01:16.042
2026-09-20 02:59:06,BSCI202,0108,Caitlin Fox,24,24,0,2026-09-20 03:01:16,2026-09-20 03:01:16.042
2026-09-20 02:59:06,BSCI202,0109,Maira Goytia,24,24,0,2026-09-20 03:01:16,2026-09-20 03:01:16.042
2026-09-20 02:59:06,BSCI202,0110,Caitlin Fox,24,24,0,2026-09-20 03:01:16,2026-09-20 03:01:16.042
2026-09-20 02:59:06,BSCI202,1101,Justicia Opoku-Edusei,24,24,0,2026-09-20 03:01:16,2026-09-20 03:01:16.042
2026-09-20 02:59:06,BSCI202,1103,Justicia Opoku-Edusei,24,24,0,2026-09-20 03:01:16,2026-09-20 03:01:16.043
2026-09-20 02:59:06,BSCI202,1104,Justicia Opoku-Edusei,24,24,0,2026-09-20 03:01:16,2026-09-20 03:01:16.043
2026-09-20 02:59:06,BSCI202,1106,Justicia Opoku-Edusei,24,24,0,2026-09-20 03:01:16,2026-09-20 03:01:16.043
2026-09-20 02:59:06,BSCI202,1107,Justicia Opoku-Edusei,24,24,0,2026-09-20 03:01:16,2026-09-20 03:01:16.043
2026-09-20 02:59:06,BSCI202,1108,Justicia Opoku-Edusei,24,24,0,2026-09-20 03:01:16,2026-09-20 03:01:16.043
2026-09-20 02:59:06,BSCI202,SES1,Edward Orlando,20,20,0,2026-09-20 03:01:16,2026-09-20 03:01:16.043
2026-09-20 02:59:06,BSCI207,0101,Karen Carleton,80,80,0,2026-09-20 03:01:16,2026-09-20 03:01:16.216
2026-09-20 02:59:06,BSCI207,0201,Chloe Garfinkel,80,80,0,2026-09-20 03:01:16,2026-09-20 03:01:16.216
2026-09-20 02:59:06,BSCI213,0101,Cordelia Weiss,20,20,0,2026-09-20 03:01:16,2026-09-20 03:01:16.388
2026-09-20 02:59:06,BSCI213,0102,Cordelia Weiss,20,20,0,2026-09-20 03:01:16,2026-09-20 03:01:16.388
2026-09-20 02:59:06,BSCI222,7106,Thomas Kocher,18,18,0,2026-09-20 03:01:16,2026-09-20 03:01:16.638
2026-09-20 02:59:06,BSCI222,7108,Thomas Kocher,18,18,0,2026-09-20 03:01:16,2026-09-20 03:01:16.638
2026-09-20 02:59:06,BSCI222,7110,Thomas Kocher,18,18,0,2026-09-20 03:01:16,2026-09-20 03:01:16.638
2026-09-20 02:59:06,BSCI222,7112,Thomas Kocher,18,18,0,2026-09-20 03:01:16,2026-09-20 03:01:16.639
2026-09-20 02:59:06,BSCI222,7114,Thomas Kocher,18,18,0,2026-09-20 03:01:16,2026-09-20 03:01:16.639
2026-09-20 02:59:06,BSCI222,7116,Thomas Kocher,18,18,0,2026-09-20 03:01:16,2026-09-20 03:01:16.639
2026-09-20 02:59:06,BSCI222,7118,Thomas Kocher,18,18,0,2026-09-20 03:01:16,2026-09-20 03:01:16.639
2026-09-20 02:59:06,BSCI222,7120,Thomas Kocher,18,18,0,2026-09-20 03:01:16,2026-09-20 03:01:16.639
2026-09-20 02:59:06,BSCI222,7130,Thomas Kocher,18,18,0,2026-09-20 03:01:16,2026-09-20 03:01:16.640
2026-09-20 02:59:06,BSCI222,7133,Thomas Kocher,18,18,0,2026-09-20 03:01:16,2026-09-20 03:01:16.640
2026-09-20 02:59:06,BSCI222,7214,Michael Keller,18,18,0,2026-09-20 03:01:16,2026-09-20 03:01:16.640
2026-09-20 02:59:06,BSCI222,7216,Michael Keller,18,18,0,2026-09-20 03:01:16,2026-09-20 03:01:16.640
2026-09-20 02:59:06,BSCI222,7218,Michael Keller,18,18,0,2026-09-20 03:01:16,2026-09-20 03:01:16.640
2026-09-20 02:59:06,BSCI222,7219,Michael Keller,18,18,0,2026-09-20 03:01:16,2026-09-20 03:01:16.640
2026-09-20 02:59:06,BSCI222,7220,Michael Keller,18,18,0,2026-09-20 03:01:16,2026-09-20 03:01:16.641
2026-09-20 02:59:06,BSCI222,7221,Michael Keller,18,18,0,2026-09-20 03:01:16,2026-09-20 03:01:16.641
2026-09-20 02:59:06,BSCI222,7222,Michael Keller,18,18,0,2026-09-20 03:01:16,2026-09-20 03:01:16.641
2026-09-20 02:59:06,BSCI222,7224,Michael Keller,18,18,0,2026-09-20 03:01:16,2026-09-20 03:01:16.641
2026-09-20 02:59:06,BSCI222,7226,Michael Keller,18,18,0,2026-09-20 03:01:16,2026-09-20 03:01:16.641
2026-09-20 02:59:06,BSCI222,7232,Michael Keller,18,18,0,2026-09-20 03:01:16,2026-09-20 03:01:16.642
2026-09-20 02:59:06,BSCI222,7234,Michael Keller,18,18,0,2026-09-20 03:01:16,2026-09-20 03:01:16.642
2026-09-20 02:59:06,BSCI222,7236,Michael Keller,18,18,0,2026-09-20 03:01:16,2026-09-20 03:01:16.642
2026-09-20 02:59:06,BSCI222,7310,Maria Colt,18,18,0,2026-09-20 03:01:16,2026-09-20 03:01:16.642
2026-09-20 02:59:06,BSCI222,7311,Maria Colt,18,18,0,2026-09-20 03:01:16,2026-09-20 03:01:16.642
2026-09-20 02:59:06,BSCI222,7312,Maria Colt,18,18,0,2026-09-20 03:01:16,2026-09-20 03:01:16.642
2026-09-20 02:59:06,BSCI222,7313,Maria Colt,18,18,0,2026-09-20 03:01:16,2026-09-20 03:01:16.643
2026-09-20 02:59:06,BSCI222,7315,Maria Colt,18,18,0,2026-09-20 03:01:16,2026-09-20 03:01:16.643
2026-09-20 02:59:06,BSCI222,7320,Maria Colt,18,18,0,2026-09-20 03:01:16,2026-09-20 03:01:16.643
2026-09-20 02:59:06,BSCI222,7325,Maria Colt,18,18,0,2026-09-20 03:01:16,2026-09-20 03:01:16.643
2026-09-20 02:59:06,BSCI222,7330,Maria Colt,18,18,0,2026-09-20 03:01:16,2026-09-20 03:01:16.643
2026-09-20 02:59:06,BSCI222,7332,Maria Colt,18,18,0,2026-09-20 03:01:16,2026-09-20 03:01:16.644
2026-09-20 02:59:06,BSCI222,7335,Maria Colt,18,18,0,2026-09-20 03:01:16,2026-09-20 03:01:16.644
2026-09-20 02:59:06,BSCI222,SES1,Kimberly Paczolt,23,23,0,2026-09-20 03:01:16,2026-09-20 03:01:16.644
2026-09-20 02:59:06,BSCI222,SES2,Kimberly Paczolt,20,20,0,2026-09-20 03:01:16,2026-09-20 03:01:16.644
2026-09-20 02:59:06,BSCI223,1021,John Buchner,16,16,0,2026-09-20 03:01:16,2026-09-20 03:01:16.879
2026-09-20 02:59:06,BSCI223,1025,John Buchner,16,16,0,2026-09-20 03:01:16,2026-09-20 03:01:16.880
2026-09-20 02:59:06,BSCI223,1026,John Buchner,16,16,0,2026-09-20 03:01:16,2026-09-20 03:01:16.880
2026-09-20 02:59:06,BSCI223,1101,John Buchner,16,16,0,2026-09-20 03:01:16,2026-09-20 03:01:16.880
2026-09-20 02:59:06,BSCI223,1105,John Buchner,16,16,0,2026-09-20 03:01:16,2026-09-20 03:01:16.880
2026-09-20 02:59:06,BSCI223,1106,John Buchner,16,16,0,2026-09-20 03:01:16,2026-09-20 03:01:16.880
2026-09-20 02:59:06,BSCI223,1121,John Buchner,16,16,0,2026-09-20 03:01:16,2026-09-20 03:01:16.881
2026-09-20 02:59:06,BSCI223,1125,John Buchner,16,16,0,2026-09-20 03:01:16,2026-09-20 03:01:16.881
2026-09-20 02:59:06,BSCI223,1126,John Buchner,16,16,0,2026-09-20 03:01:16,2026-09-20 03:01:16.881
2026-09-20 02:59:06,BSCI223,1201,John Buchner,16,16,0,2026-09-20 03:01:16,2026-09-20 03:01:16.881
2026-09-20 02:59:06,BSCI223,1206,John Buchner,16,16,0,2026-09-20 03:01:16,2026-09-20 03:01:16.881
2026-09-20 02:59:06,BSCI223,1221,John Buchner,16,16,0,2026-09-20 03:01:16,2026-09-20 03:01:16.882
2026-09-20 02:59:06,BSCI223,1225,John Buchner,16,16,0,2026-09-20 03:01:16,2026-09-20 03:01:16.882
2026-09-20 02:59:06,BSCI223,1226,John Buchner,16,16,0,2026-09-20 03:01:16,2026-09-20 03:01:16.882
2026-09-20 02:59:06,BSCI223,1301,John Buchner,16,16,0,2026-09-20 03:01:16,2026-09-20 03:01:16.882
2026-09-20 02:59:06,BSCI223,1306,John Buchner,16,16,0,2026-09-20 03:01:16,2026-09-20 03:01:16.882
2026-09-20 02:59:06,BSCI223,2401,John Buchner,16,16,0,2026-09-20 03:01:16,2026-09-20 03:01:16.882
2026-09-20 02:59:06,BSCI223,2406,John Buchner,16,16,0,2026-09-20 03:01:16,2026-09-20 03:01:16.883
2026-09-20 02:59:06,BSCI223,SES1,Cherisse Hall,20,20,0,2026-09-20 03:01:16,2026-09-20 03:01:16.883
2026-09-20 02:59:06,BSCI238I,0101,Aditri Gadigi,30,30,0,2026-09-20 03:01:17,2026-09-20 03:01:17.048
2026-09-20 02:59:06,BSCI258A,0101,Nicholas Fletcher,10,10,0,2026-09-20 03:01:17,2026-09-20 03:01:17.223
2026-09-20 02:59:06,BSCI258B,0101,Nicholas Fletcher,80,80,0,2026-09-20 03:01:17,2026-09-20 03:01:17.389
2026-09-20 02:59:06,BSCI279B,0101,Katerina Thompson,32,32,0,2026-09-20 03:01:17,2026-09-20 03:01:17.721
2026-09-20 02:59:06,BSCI279B,0102,Katerina Thompson,32,32,0,2026-09-20 03:01:17,2026-09-20 03:01:17.722
2026-09-20 02:59:06,BSCI279Q,0101,Daniel Butts,10,10,0,2026-09-20 03:01:18,2026-09-20 03:01:18.049
2026-09-20 02:59:06,BSCI283,1205,Kevin McIver,20,20,0,2026-09-20 03:01:18,2026-09-20 03:01:18.546
2026-09-20 02:59:06,BSCI283,1305,Daniel Stein,20,20,0,2026-09-20 03:01:18,2026-09-20 03:01:18.546
2026-09-20 02:59:06,BSCI329,1016,Hilary Bierman,5,5,0,2026-09-20 03:01:18,2026-09-20 03:01:18.724
2026-09-20 02:59:06,BSCI329,1028,Daniel Butts,10,10,0,2026-09-20 03:01:18,2026-09-20 03:01:18.724
2026-09-20 02:59:06,BSCI329,1033,Chan Lin,10,10,0,2026-09-20 03:01:18,2026-09-20 03:01:18.725
2026-09-20 02:59:06,BSCI329,1250,Justicia Opoku-Edusei,20,20,0,2026-09-20 03:01:18,2026-09-20 03:01:18.725
2026-09-20 02:59:06,BSCI329,1388,Corine Van der Weele,8,8,0,2026-09-20 03:01:18,2026-09-20 03:01:18.725
2026-09-20 02:59:06,BSCI329,ESG1,Hadiya Woodham,10,10,0,2026-09-20 03:01:18,2026-09-20 03:01:18.725
2026-09-20 02:59:06,BSCI331,0101,Kenneth Frauwirth,200,200,0,2026-09-20 03:01:18,2026-09-20 03:01:18.897
2026-09-20 02:59:06,BSCI331,0201,Kenneth Frauwirth,200,200,0,2026-09-20 03:01:18,2026-09-20 03:01:18.897
2026-09-20 02:59:06,BSCI332,0102,Corine Van der Weele,23,23,0,2026-09-20 03:01:19,2026-09-20 03:01:19.080
2026-09-20 02:59:06,BSCI332,0104,Corine Van der Weele,23,23,0,2026-09-20 03:01:19,2026-09-20 03:01:19.080
2026-09-20 02:59:06,BSCI332,0106,Corine Van der Weele,23,23,0,2026-09-20 03:01:19,2026-09-20 03:01:19.081
2026-09-20 02:59:06,BSCI332,0107,Corine Van der Weele,23,23,0,2026-09-20 03:01:19,2026-09-20 03:01:19.081
2026-09-20 02:59:06,BSCI332,0111,Corine Van der Weele,23,23,0,2026-09-20 03:01:19,2026-09-20 03:01:19.081
2026-09-20 02:59:06,BSCI332,1103,Corine Van der Weele,23,23,0,2026-09-20 03:01:19,2026-09-20 03:01:19.081
2026-09-20 02:59:06,BSCI332,1105,Corine Van der Weele,23,23,0,2026-09-20 03:01:19,2026-09-20 03:01:19.081
2026-09-20 02:59:06,BSCI332,1108,Corine Van der Weele,23,23,0,2026-09-20 03:01:19,2026-09-20 03:01:19.081
2026-09-20 02:59:06,BSCI332,1109,Corine Van der Weele,23,23,0,2026-09-20 03:01:19,2026-09-20 03:01:19.082
2026-09-20 02:59:06,BSCI332,1111,Corine Van der Weele,23,23,0,2026-09-20 03:01:19,2026-09-20 03:01:19.082
2026-09-20 02:59:06,BSCI332,1113,Corine Van der Weele,23,23,0,2026-09-20 03:01:19,2026-09-20 03:01:19.082
2026-09-20 02:59:06,BSCI334,0101,Katerina Thompson,60,60,0,2026-09-20 03:01:19,2026-09-20 03:01:19.254
2026-09-20 02:59:06,BSCI335,0101,Katerina Thompson,20,20,0,2026-09-20 03:01:19,2026-09-20 03:01:19.425
2026-09-20 02:59:06,BSCI335,0102,Katerina Thompson,20,20,0,2026-09-20 03:01:19,2026-09-20 03:01:19.425
2026-09-20 02:59:06,BSCI337,0101,Leo Shapiro,20,20,0,2026-09-20 03:01:19,2026-09-20 03:01:19.595
2026-09-20 02:59:06,BSCI337,0102,Leo Shapiro,20,20,0,2026-09-20 03:01:19,2026-09-20 03:01:19.595
2026-09-20 02:59:06,BSCI343,ESG1,Hadiya Woodham,30,30,0,2026-09-20 03:01:19,2026-09-20 03:01:19.948
2026-09-20 02:59:06,BSCI348A,0101,John Buchner,22,22,0,2026-09-20 03:01:20,2026-09-20 03:01:20.313
2026-09-20 02:59:06,BSCI348B,SES1,Erik Lontok,20,20,0,2026-09-20 03:01:20,2026-09-20 03:01:20.492
2026-09-20 02:59:06,BSCI348R,0101,Najib El-Sayed,10,10,0,2026-09-20 03:01:20,2026-09-20 03:01:20.658
2026-09-20 02:59:06,BSCI353,0101,Chan Lin,64,64,0,2026-09-20 03:01:20,2026-09-20 03:01:20.860
2026-09-20 02:59:06,BSCI353,0102,Melissa Caras,40,40,0,2026-09-20 03:01:20,2026-09-20 03:01:20.860
2026-09-20 02:59:06,BSCI353,ESG1,Vitaly Stepensky,40,40,0,2026-09-20 03:01:20,2026-09-20 03:01:20.860
2026-09-20 02:59:06,BSCI358A,ESG1,Vitaly Stepensky,30,30,0,2026-09-20 03:01:21,2026-09-20 03:01:21.049
2026-09-20 02:59:06,BSCI358B,ESG1,Gregory Simon,30,30,0,2026-09-20 03:01:21,2026-09-20 03:01:21.220
2026-09-20 02:59:06,BSCI361,0101,Daniel Gruner,25,25,0,2026-09-20 03:01:21,2026-09-20 03:01:21.389
2026-09-20 02:59:06,BSCI361,0102,Daniel Gruner,25,25,0,2026-09-20 03:01:21,2026-09-20 03:01:21.389
2026-09-20 02:59:06,BSCI370,0101,Alexandra Bely,64,64,0,2026-09-20 03:01:21,2026-09-20 03:01:21.556
2026-09-20 02:59:06,BSCI378H,0101,Kenneth Frauwirth,23,23,0,2026-09-20 03:01:21,2026-09-20 03:01:21.726
2026-09-20 02:59:06,BSCI398H,0101,Alexandra Bely,35,35,0,2026-09-20 03:01:22,2026-09-20 03:01:22.859
2026-09-20 02:59:06,BSCI401,0101,Gerald Wilkinson,39,39,0,2026-09-20 03:01:23,2026-09-20 03:01:23.516
2026-09-20 02:59:06,BSCI406,0101,Sergei Sukharev,20,20,0,2026-09-20 03:01:23,2026-09-20 03:01:23.681
2026-09-20 02:59:06,BSCI410,0101,Charles Seller,140,140,0,2026-09-20 03:01:23,2026-09-20 03:01:23.848
2026-09-20 02:59:06,BSCI412,0101,Erin Tran,18,18,0,2026-09-20 03:01:24,2026-09-20 03:01:24.025
2026-09-20 02:59:06,BSCI412,0103,Wade Winkler,18,18,0,2026-09-20 03:01:24,2026-09-20 03:01:24.025
2026-09-20 02:59:06,BSCI414,ESG1,Caitlin Fox,24,24,0,2026-09-20 03:01:24,2026-09-20 03:01:24.195
2026-09-20 02:59:06,BSCI416,0101,Silvia Bolland,42,42,0,2026-09-20 03:01:24,2026-09-20 03:01:24.364
2026-09-20 02:59:06,BSCI417,0101,Vincent Lee,30,30,0,2026-09-20 03:01:24,2026-09-20 03:01:24.531
2026-09-20 02:59:06,BSCI420,0101,Sougata Roy,62,62,0,2026-09-20 03:01:24,2026-09-20 03:01:24.699
2026-09-20 02:59:06,BSCI422,0101,Kenneth Frauwirth,25,25,0,2026-09-20 03:01:24,2026-09-20 03:01:24.881
2026-09-20 02:59:06,BSCI422,0102,Kenneth Frauwirth,25,25,0,2026-09-20 03:01:24,2026-09-20 03:01:24.881
2026-09-20 02:59:06,BSCI422,0103,David Mosser,25,25,0,2026-09-20 03:01:24,2026-09-20 03:01:24.882
2026-09-20 02:59:06,BSCI422,0104,David Mosser,25,25,0,2026-09-20 03:01:24,2026-09-20 03:01:24.882
2026-09-20 02:59:06,BSCI423,0101,Wenxia Song,18,18,0,2026-09-20 03:01:25,2026-09-20 03:01:25.081
2026-09-20 02:59:06,BSCI423,0102,Wenxia Song,18,18,0,2026-09-20 03:01:25,2026-09-20 03:01:25.081
2026-09-20 02:59:06,BSCI425,0101,Kan Cao,20,20,0,2026-09-20 03:01:25,2026-09-20 03:01:25.251
2026-09-20 02:59:06,BSCI430,0101,Eric Haag,35,35,0,2026-09-20 03:01:25,2026-09-20 03:01:25.425
2026-09-20 02:59:06,BSCI433,0101,Jeff Maltas,30,30,0,2026-09-20 03:01:25,2026-09-20 03:01:25.600
2026-09-20 02:59:06,BSCI433,PDS1,Beth Parent,25,25,0,2026-09-20 03:01:25,2026-09-20 03:01:25.600
2026-09-20 02:59:06,BSCI435,0101,Tapan Goel,18,18,0,2026-09-20 03:01:25,2026-09-20 03:01:25.768
2026-09-20 02:59:06,BSCI436,0101,Jonathan Dinman,60,60,0,2026-09-20 03:01:25,2026-09-20 03:01:25.938
2026-09-20 02:59:06,BSCI437,0101,Jeffrey DeStefano,70,70,0,2026-09-20 03:01:26,2026-09-20 03:01:26.112
2026-09-20 02:59:06,BSCI437,ESG1,Gilad Ofek,40,40,0,2026-09-20 03:01:26,2026-09-20 03:01:26.113
2026-09-20 02:59:06,BSCI437H,0101,Jeffrey DeStefano,8,8,0,2026-09-20 03:01:26,2026-09-20 03:01:26.283
2026-09-20 02:59:06,BSCI439B,ESG1,Maira Goytia,40,40,0,2026-09-20 03:01:26,2026-09-20 03:01:26.454
2026-09-20 02:59:06,BSCI439E,0101,Beatrice Kondo,5,5,0,2026-09-20 03:01:26,2026-09-20 03:01:26.619
2026-09-20 02:59:06,BSCI439G,0101,Beatrice Kondo,5,5,0,2026-09-20 03:01:26,2026-09-20 03:01:26.788
2026-09-20 02:59:06,BSCI439L,0101,Instructor: TBA,5,5,0,2026-09-20 03:01:26,2026-09-20 03:01:26.958
2026-09-20 02:59:06,BSCI442,0101,Daniel Rodriguez Leal,20,20,0,2026-09-20 03:01:27,2026-09-20 03:01:27.142
2026-09-20 02:59:06,BSCI442,0102,Jose Feijo,20,20,0,2026-09-20 03:01:27,2026-09-20 03:01:27.142
2026-09-20 02:59:06,BSCI450,0101,Juan Angueyra,130,130,0,2026-09-20 03:01:27,2026-09-20 03:01:27.314
2026-09-20 02:59:06,BSCI450,0201,Joshua Singer,120,120,0,2026-09-20 03:01:27,2026-09-20 03:01:27.314
2026-09-20 02:59:06,BSCI450,PDS1,William Higgins,20,20,0,2026-09-20 03:01:27,2026-09-20 03:01:27.314
2026-09-20 02:59:06,BSCI451,0101,Corine Van der Weele,20,20,0,2026-09-20 03:01:27,2026-09-20 03:01:27.492
2026-09-20 02:59:06,BSCI451,0102,Corine Van der Weele,20,20,0,2026-09-20 03:01:27,2026-09-20 03:01:27.492
2026-09-20 02:59:06,BSCI451,0103,Corine Van der Weele,20,20,0,2026-09-20 03:01:27,2026-09-20 03:01:27.492
2026-09-20 02:59:06,BSCI451,0104,Corine Van der Weele,20,20,0,2026-09-20 03:01:27,2026-09-20 03:01:27.492
2026-09-20 02:59:06,BSCI452,0101,Chan Lin,40,40,0,2026-09-20 03:01:27,2026-09-20 03:01:27.660
2026-09-20 02:59:06,BSCI453,0101,Nikolas Francis,38,38,0,2026-09-20 03:01:27,2026-09-20 03:01:27.827
2026-09-20 02:59:06,BSCI455,0101,Hilary Bierman,16,16,0,2026-09-20 03:01:27,2026-09-20 03:01:27.999
2026-09-20 02:59:06,BSCI455,0102,Hilary Bierman,16,16,0,2026-09-20 03:01:27,2026-09-20 03:01:28.000
2026-09-20 02:59:06,BSCI455,0103,Hilary Bierman,16,16,0,2026-09-20 03:01:27,2026-09-20 03:01:28.000
2026-09-20 02:59:06,BSCI456,0101,Colenso Speer,5,5,0,2026-09-20 03:01:28,2026-09-20 03:01:28.170
2026-09-20 02:59:06,BSCI477,0101,Emily Bruns,40,40,0,2026-09-20 03:01:28,2026-09-20 03:01:28.359
2026-09-20 02:59:06,BSCI487,0101,Kelly Hamby,24,24,0,2026-09-20 03:01:28,2026-09-20 03:01:28.572
2026-09-20 02:59:06,BSOS355,0101,Liza Lebrun,40,40,0,2026-09-20 03:01:29,2026-09-20 03:01:29.839
2026-09-20 02:59:06,BSOS361,0101,TC Lloyd,30,30,0,2026-09-20 03:01:30,2026-09-20 03:01:30.044
2026-09-20 02:59:06,BSOS361,0102,TC Lloyd,30,30,0,2026-09-20 03:01:30,2026-09-20 03:01:30.044
2026-09-20 02:59:06,BSOS448M,0101,Brandee Pettus,12,12,0,2026-09-20 03:01:30,2026-09-20 03:01:30.212
2026-09-20 02:59:06,BUMO600,0501,Sheetal Singh,52,52,0,2026-09-20 03:01:44,2026-09-20 03:01:44.003
2026-09-20 02:59:06,BUMO604,0501,Jon Crocker,0,0,0,2026-09-20 03:01:44,2026-09-20 03:01:44.169
2026-09-20 02:59:06,BUMO614,0501,Waverly Ding,58,58,0,2026-09-20 03:01:44,2026-09-20 03:01:44.334
2026-09-20 02:59:06,BUMO701,0501,Jason Choi,65,65,0,2026-09-20 03:01:44,2026-09-20 03:01:44.503
2026-09-20 02:59:06,BUMO703,0501,Mary Beth Furst,65,65,0,2026-09-20 03:01:44,2026-09-20 03:01:44.676
2026-09-20 02:59:06,BUMO711,0501,Sheetal Singh,65,65,0,2026-09-20 03:01:44,2026-09-20 03:01:44.847
2026-09-20 02:59:06,BUMO714,0501,Rellie Rozin,0,0,0,2026-09-20 03:01:45,2026-09-20 03:01:45.025
2026-09-20 02:59:06,BUMO723,0501,Stephen Sclafani,58,58,0,2026-09-20 03:01:45,2026-09-20 03:01:45.199
2026-09-20 02:59:06,BUMO724,0501,Stephen Sclafani,58,58,0,2026-09-20 03:01:45,2026-09-20 03:01:45.367
2026-09-20 02:59:06,BUMO726,0501,Stephen Sclafani,58,58,0,2026-09-20 03:01:45,2026-09-20 03:01:45.532
2026-09-20 02:59:06,BUMO731,0501,Balaji Padmanabhan,58,58,0,2026-09-20 03:01:45,2026-09-20 03:01:45.707
2026-09-20 02:59:06,BUMO733,0501,Balaji Padmanabhan,58,58,0,2026-09-20 03:01:45,2026-09-20 03:01:45.880
2026-09-20 02:59:06,BUMO758P,0501,Jon Crocker,37,37,0,2026-09-20 03:01:46,2026-09-20 03:01:46.051
2026-09-20 02:59:06,BUMO780,0501,Jennifer Marr,37,37,0,2026-09-20 03:01:54,2026-09-20 03:01:54.602
2026-09-20 02:59:06,BUMO780,0502,Jennifer Marr,37,37,0,2026-09-20 03:01:54,2026-09-20 03:01:54.602
2026-09-20 02:59:06,BUMO782,0501,Mike Hoffmeyer,40,40,0,2026-09-20 03:01:54,2026-09-20 03:01:54.766
2026-09-20 02:59:06,BUMO785,0501,Maria Bustamante,65,65,0,2026-09-20 03:01:54,2026-09-20 03:01:54.941
2026-09-20 02:59:06,BUMO790,0501,Roy Thomason,65,65,0,2026-09-20 03:01:55,2026-09-20 03:01:55.110
2026-09-20 02:59:06,BUMO790,0502,Roy Thomason,65,65,0,2026-09-20 03:01:55,2026-09-20 03:01:55.110
2026-09-20 02:59:06,BUMO791,0501,Roy Thomason,65,65,0,2026-09-20 03:01:55,2026-09-20 03:01:55.277
2026-09-20 02:59:06,BUMO791,0502,Roy Thomason,65,65,0,2026-09-20 03:01:55,2026-09-20 03:01:55.277
2026-09-20 02:59:06,CHIN100,0101,Yuli Wang,15,15,0,2026-09-20 03:02:24,2026-09-20 03:02:24.230
2026-09-20 02:59:06,CHIN121,0101,Mei Kong,15,15,0,2026-09-20 03:02:24,2026-09-20 03:02:24.398
2026-09-20 02:59:06,CHIN122,0101,Mei Kong,15,15,0,2026-09-20 03:02:24,2026-09-20 03:02:24.568
2026-09-20 02:59:06,CHIN122,0201,Mei Kong,15,15,0,2026-09-20 03:02:24,2026-09-20 03:02:24.568
2026-09-20 02:59:06,CHIN122,0301,Guiling Hu,15,15,0,2026-09-20 03:02:24,2026-09-20 03:02:24.568
2026-09-20 02:59:06,CHIN207,0101,Guiling Hu,15,15,0,2026-09-20 03:02:24,2026-09-20 03:02:24.739
2026-09-20 02:59:06,CHIN207,0201,Guiling Hu,15,15,0,2026-09-20 03:02:24,2026-09-20 03:02:24.740
2026-09-20 02:59:06,CHIN302,0101,Jungjung Lee,15,15,0,2026-09-20 03:02:24,2026-09-20 03:02:24.910
2026-09-20 02:59:06,CHIN302,0201,Jungjung Lee,15,15,0,2026-09-20 03:02:24,2026-09-20 03:02:24.910
2026-09-20 02:59:06,CHIN307,0101,Minglang Zhou,25,25,0,2026-09-20 03:02:25,2026-09-20 03:02:25.080
2026-09-20 02:59:06,CHIN315,0101,Mei Nan,25,25,0,2026-09-20 03:02:25,2026-09-20 03:02:25.249
2026-09-20 02:59:06,CHIN332,0101,Yuli Wang,15,15,0,2026-09-20 03:02:25,2026-09-20 03:02:25.429
2026-09-20 02:59:06,CHIN402,0101,Jungjung Lee,15,15,0,2026-09-20 03:02:25,2026-09-20 03:02:25.759
2026-09-20 02:59:06,CHIN415,0101,Jungjung Lee,15,15,0,2026-09-20 03:02:25,2026-09-20 03:02:25.926
2026-09-20 02:59:06,CHIN418O,0101,Mei Nan,25,25,0,2026-09-20 03:02:26,2026-09-20 03:02:26.097
2026-09-20 02:59:06,CHIN441,0101,Andrew Schonebaum,20,20,0,2026-09-20 03:02:26,2026-09-20 03:02:26.265
2026-09-20 02:59:06,CHSE205,0101,Yewon Lee,60,60,0,2026-09-20 03:02:29,2026-09-20 03:02:29.447
2026-09-20 02:59:06,CHSE205,0201,Katryna Andrusik,50,50,0,2026-09-20 03:02:29,2026-09-20 03:02:29.447
2026-09-20 02:59:06,CHSE228D,0101,Nikita Kimani,16,16,0,2026-09-20 03:02:29,2026-09-20 03:02:29.616
2026-09-20 02:59:06,CHSE376,0101,Michael Dunham,20,20,0,2026-09-20 03:02:29,2026-09-20 03:02:29.791
2026-09-20 02:59:06,CHSE376,0201,Elizabeth Martinez,20,20,0,2026-09-20 03:02:29,2026-09-20 03:02:29.791
2026-09-20 02:59:06,CHSE376,0301,Colleen McGilpin,20,20,0,2026-09-20 03:02:29,2026-09-20 03:02:29.791
2026-09-20 02:59:06,CHSE376,0401,Chanai Brewster,15,15,0,2026-09-20 03:02:29,2026-09-20 03:02:29.792
2026-09-20 02:59:06,CHSE376,0501,Michael Dunham,15,15,0,2026-09-20 03:02:29,2026-09-20 03:02:29.792
2026-09-20 02:59:06,CHSE476,0101,Michael Dunham,20,20,0,2026-09-20 03:02:30,2026-09-20 03:02:30.129
2026-09-20 02:59:06,CHSE477,0101,Michael Dunham,18,18,0,2026-09-20 03:02:30,2026-09-20 03:02:30.298
2026-09-20 02:59:06,CHSE480,0101,Michael Dunham,18,18,0,2026-09-20 03:02:30,2026-09-20 03:02:30.473
2026-09-20 02:59:06,CHSE489,1901,Amy D'Agati,10,10,0,2026-09-20 03:02:30,2026-09-20 03:02:30.639
2026-09-20 02:59:06,CINE245,0201,Instructor: TBA,27,27,0,2026-09-20 03:02:32,2026-09-20 03:02:32.154
2026-09-20 02:59:06,CINE245,0301,Instructor: TBA,27,27,0,2026-09-20 03:02:32,2026-09-20 03:02:32.154
2026-09-20 02:59:06,CINE280,0101,Eric Zakim,25,25,0,2026-09-20 03:02:32,2026-09-20 03:02:32.324
2026-09-20 02:59:06,CINE280,0102,Eric Zakim,25,25,0,2026-09-20 03:02:32,2026-09-20 03:02:32.324
2026-09-20 02:59:06,CINE280,0103,Eric Zakim,25,25,0,2026-09-20 03:02:32,2026-09-20 03:02:32.324
2026-09-20 02:59:06,CINE280,0104,Eric Zakim,25,25,0,2026-09-20 03:02:32,2026-09-20 03:02:32.325
2026-09-20 02:59:06,CINE282,0101,Susan Pramschufer,35,35,0,2026-09-20 03:02:32,2026-09-20 03:02:32.492
2026-09-20 02:59:06,CINE298B,0101,Sean Pue,20,20,0,2026-09-20 03:02:32,2026-09-20 03:02:32.707
2026-09-20 02:59:06,CINE302,0101,Luka Arsenjuk,30,30,0,2026-09-20 03:02:32,2026-09-20 03:02:32.875
2026-09-20 02:59:06,CINE310,0101,Nathaniel Stevens,15,15,0,2026-09-20 03:02:33,2026-09-20 03:02:33.051
2026-09-20 02:59:06,CINE319A,0101,Instructor: TBA,20,20,0,2026-09-20 03:02:33,2026-09-20 03:02:33.222
2026-09-20 02:59:06,CINE319I,0101,Yael Inbar,15,15,0,2026-09-20 03:02:33,2026-09-20 03:02:33.390
2026-09-20 02:59:06,CINE319P,5501,Samuel Crawford,10,10,0,2026-09-20 03:02:33,2026-09-20 03:02:33.557
2026-09-20 02:59:06,CINE329E,0101,Elizabeth Papazian,25,25,0,2026-09-20 03:02:33,2026-09-20 03:02:33.773
2026-09-20 02:59:06,CINE329N,0101,Daniel Richter,25,25,0,2026-09-20 03:02:33,2026-09-20 03:02:33.938
2026-09-20 02:59:06,CINE329Z,0101,Daniel Richter,25,25,0,2026-09-20 03:02:34,2026-09-20 03:02:34.107
2026-09-20 02:59:06,CINE335,0101,Jason Kuo,25,25,0,2026-09-20 03:02:34,2026-09-20 03:02:34.281
2026-09-20 02:59:06,CINE369C,0101,Mauro Resmini,40,40,0,2026-09-20 03:02:34,2026-09-20 03:02:34.447
2026-09-20 02:59:06,CINE369F,0101,Alexis Lothian,30,30,0,2026-09-20 03:02:34,2026-09-20 03:02:34.682
2026-09-20 02:59:06,CINE369K,0101,Instructor: TBA,20,20,0,2026-09-20 03:02:34,2026-09-20 03:02:34.849
2026-09-20 02:59:06,CINE376,0101,Ross Angelella,14,14,0,2026-09-20 03:02:35,2026-09-20 03:02:35.016
2026-09-20 02:59:06,CINE376,0102,Ross Angelella,5,5,0,2026-09-20 03:02:35,2026-09-20 03:02:35.016
2026-09-20 02:59:06,CINE419E,0101,Stephanie Sapienza,15,15,0,2026-09-20 03:02:35,2026-09-20 03:02:35.340
2026-09-20 02:59:06,CINE429O,0101,Mei Nan,25,25,0,2026-09-20 03:02:35,2026-09-20 03:02:35.510
2026-09-20 02:59:06,CINE459C,0101,Saverio Giovacchini,54,54,0,2026-09-20 03:02:35,2026-09-20 03:02:35.681
2026-09-20 02:59:06,CINE469Y,0101,Jason Kuo,14,14,0,2026-09-20 03:02:35,2026-09-20 03:02:35.847
2026-09-20 02:59:06,CLAS170,0101,Katherine Wasdin,21,21,0,2026-09-20 03:02:37,2026-09-20 03:02:37.311
2026-09-20 02:59:06,CLAS170,0102,Katherine Wasdin,21,21,0,2026-09-20 03:02:37,2026-09-20 03:02:37.312
2026-09-20 02:59:06,CLAS170,0103,Katherine Wasdin,21,21,0,2026-09-20 03:02:37,2026-09-20 03:02:37.312
2026-09-20 02:59:06,CLAS170,0104,Katherine Wasdin,21,21,0,2026-09-20 03:02:37,2026-09-20 03:02:37.312
2026-09-20 02:59:06,CLAS170,0105,Katherine Wasdin,21,21,0,2026-09-20 03:02:37,2026-09-20 03:02:37.312
2026-09-20 02:59:06,CLAS170,0106,Katherine Wasdin,21,21,0,2026-09-20 03:02:37,2026-09-20 03:02:37.312
2026-09-20 02:59:06,CLAS170,0107,Katherine Wasdin,21,21,0,2026-09-20 03:02:37,2026-09-20 03:02:37.313
2026-09-20 02:59:06,CLAS170,0108,Katherine Wasdin,21,21,0,2026-09-20 03:02:37,2026-09-20 03:02:37.313
2026-09-20 02:59:06,CLAS170,0109,Katherine Wasdin,21,21,0,2026-09-20 03:02:37,2026-09-20 03:02:37.313
2026-09-20 02:59:06,CLAS276,0101,Eric Adler,25,25,0,2026-09-20 03:02:37,2026-09-20 03:02:37.490
2026-09-20 02:59:06,CLAS276,0102,Eric Adler,25,25,0,2026-09-20 03:02:37,2026-09-20 03:02:37.490
2026-09-20 02:59:06,CLAS276,0103,Eric Adler,25,25,0,2026-09-20 03:02:37,2026-09-20 03:02:37.490
2026-09-20 02:59:06,CLAS276,0104,Eric Adler,25,25,0,2026-09-20 03:02:37,2026-09-20 03:02:37.491
2026-09-20 02:59:06,CLAS276,0105,Eric Adler,25,25,0,2026-09-20 03:02:37,2026-09-20 03:02:37.491
2026-09-20 02:59:06,CLAS276,0106,Eric Adler,25,25,0,2026-09-20 03:02:37,2026-09-20 03:02:37.491
2026-09-20 02:59:06,CLAS333,0101,Nathan Levine,35,35,0,2026-09-20 03:02:37,2026-09-20 03:02:37.659
2026-09-20 02:59:06,CLAS333,PBU1,Nathan Levine,3,3,0,2026-09-20 03:02:37,2026-09-20 03:02:37.660
2026-09-20 02:59:06,CLAS340,0101,Katherine Wasdin,35,35,0,2026-09-20 03:02:37,2026-09-20 03:02:37.829
2026-09-20 02:59:06,CMLT235,0101,Instructor: TBA,30,30,0,2026-09-20 03:02:41,2026-09-20 03:02:41.150
2026-09-20 02:59:06,CMLT270,0201,Instructor: TBA,30,30,0,2026-09-20 03:02:41,2026-09-20 03:02:41.329
2026-09-20 02:59:06,CMLT270,0301,Instructor: TBA,30,30,0,2026-09-20 03:02:41,2026-09-20 03:02:41.329
2026-09-20 02:59:06,CMLT275,0101,Instructor: TBA,30,30,0,2026-09-20 03:02:41,2026-09-20 03:02:41.496
2026-09-20 02:59:06,CMLT277,0101,Instructor: TBA,30,30,0,2026-09-20 03:02:41,2026-09-20 03:02:41.663
2026-09-20 02:59:06,CMLT280,0101,Eric Zakim,25,25,0,2026-09-20 03:02:41,2026-09-20 03:02:41.836
2026-09-20 02:59:06,CMLT280,0102,Eric Zakim,25,25,0,2026-09-20 03:02:41,2026-09-20 03:02:41.837
2026-09-20 02:59:06,CMLT280,0103,Eric Zakim,25,25,0,2026-09-20 03:02:41,2026-09-20 03:02:41.837
2026-09-20 02:59:06,CMLT280,0104,Eric Zakim,25,25,0,2026-09-20 03:02:41,2026-09-20 03:02:41.837
2026-09-20 02:59:06,CPBE101,0101,Oliver Schlake,75,75,0,2026-09-20 03:02:55,2026-09-20 03:02:55.444
2026-09-20 02:59:06,CPBE230,0101,Oliver Schlake,30,30,0,2026-09-20 03:02:55,2026-09-20 03:02:55.609
2026-09-20 02:59:06,CPBE240,0101,Oliver Schlake,20,20,0,2026-09-20 03:02:55,2026-09-20 03:02:55.862
2026-09-20 02:59:06,CPBE250,0101,Oliver Schlake,30,30,0,2026-09-20 03:02:56,2026-09-20 03:02:56.032
2026-09-20 02:59:06,CPCV101,0101,Julie Randolph,40,40,0,2026-09-20 03:02:57,2026-09-20 03:02:57.303
2026-09-20 02:59:06,CPCV101,0201,Julie Randolph,40,40,0,2026-09-20 03:02:57,2026-09-20 03:02:57.303
2026-09-20 02:59:06,CPCV230,0101,Korey Rothman,20,20,0,2026-09-20 03:02:57,2026-09-20 03:02:57.477
2026-09-20 02:59:06,CPCV230,0201,Korey Rothman,20,20,0,2026-09-20 03:02:57,2026-09-20 03:02:57.477
2026-09-20 02:59:06,CPDJ101,0101,Jess Feltner,75,75,0,2026-09-20 03:02:58,2026-09-20 03:02:58.750
2026-09-20 02:59:06,CPDJ230,0101,Jess Feltner,10,10,0,2026-09-20 03:02:58,2026-09-20 03:02:58.933
2026-09-20 02:59:06,CPDJ240,0101,Jess Feltner,8,8,0,2026-09-20 03:02:59,2026-09-20 03:02:59.104
2026-09-20 02:59:06,CPDJ250,0101,Jess Feltner,10,10,0,2026-09-20 03:02:59,2026-09-20 03:02:59.274
2026-09-20 02:59:06,CPET101,0101,Dani Moore,78,78,0,2026-09-20 03:03:00,2026-09-20 03:03:00.628
2026-09-20 02:59:06,CPET230,0101,Dani Moore,50,50,0,2026-09-20 03:03:00,2026-09-20 03:03:00.834
2026-09-20 02:59:06,CPET240,0101,Dani Moore,20,20,0,2026-09-20 03:03:01,2026-09-20 03:03:01.018
2026-09-20 02:59:06,CPET250,0101,Dani Moore,15,15,0,2026-09-20 03:03:01,2026-09-20 03:03:01.248
2026-09-20 02:59:06,CPGH101,0101,Angshuman Kashyap,75,75,0,2026-09-20 03:03:02,2026-09-20 03:03:02.672
2026-09-20 02:59:06,CPGH210,0101,Haley Clark,80,80,0,2026-09-20 03:03:02,2026-09-20 03:03:02.839
2026-09-20 02:59:06,CPGH230,0101,John Wiggins,30,30,0,2026-09-20 03:03:03,2026-09-20 03:03:03.028
2026-09-20 02:59:06,CPGH240,0101,John Wiggins,30,30,0,2026-09-20 03:03:03,2026-09-20 03:03:03.234
2026-09-20 02:59:06,CPGH250,0101,John Wiggins,25,25,0,2026-09-20 03:03:03,2026-09-20 03:03:03.403
2026-09-20 02:59:06,CPGH270,0101,John Wiggins,5,5,0,2026-09-20 03:03:03,2026-09-20 03:03:03.571
2026-09-20 02:59:06,CPJT101,0101,Justine DeCamillis,75,75,0,2026-09-20 03:03:04,2026-09-20 03:03:04.865
2026-09-20 02:59:06,CPJT230,0101,Justine DeCamillis,35,35,0,2026-09-20 03:03:05,2026-09-20 03:03:05.037
2026-09-20 02:59:06,CPJT240,0101,Justine DeCamillis,25,25,0,2026-09-20 03:03:05,2026-09-20 03:03:05.217
2026-09-20 02:59:06,CPJT250,0101,Victoria Worley,25,25,0,2026-09-20 03:03:05,2026-09-20 03:03:05.391
2026-09-20 02:59:06,CPMS101,0101,Alison Burns,75,75,0,2026-09-20 03:03:06,2026-09-20 03:03:06.665
2026-09-20 02:59:06,CPMS230,0101,Alison Burns,30,30,0,2026-09-20 03:03:06,2026-09-20 03:03:06.865
2026-09-20 02:59:06,CPMS240,0101,Alison Burns,15,15,0,2026-09-20 03:03:07,2026-09-20 03:03:07.035
2026-09-20 02:59:06,CPPL101,0101,Kelly Brower,75,75,0,2026-09-20 03:03:08,2026-09-20 03:03:08.293
2026-09-20 02:59:06,CPSA101,0101,Heather-Erin Bremenstuhl,75,75,0,2026-09-20 03:03:09,2026-09-20 03:03:09.567
2026-09-20 02:59:06,CPSA149,0101,Harold Burgess,20,20,0,2026-09-20 03:03:09,2026-09-20 03:03:09.733
2026-09-20 02:59:06,CPSA201,0101,Heather-Erin Bremenstuhl,75,75,0,2026-09-20 03:03:09,2026-09-20 03:03:09.903
2026-09-20 02:59:06,CPSA240,0101,Harold Burgess,15,15,0,2026-09-20 03:03:10,2026-09-20 03:03:10.074
2026-09-20 02:59:06,CPSA250,0101,Heather-Erin Bremenstuhl,10,10,0,2026-09-20 03:03:10,2026-09-20 03:03:10.247
2026-09-20 02:59:06,CPSA250,0201,Heather-Erin Bremenstuhl,10,10,0,2026-09-20 03:03:10,2026-09-20 03:03:10.248
2026-09-20 02:59:06,CPSA250,0301,Heather-Erin Bremenstuhl,10,10,0,2026-09-20 03:03:10,2026-09-20 03:03:10.248
2026-09-20 02:59:06,CPSA260,0101,Heather-Erin Bremenstuhl,10,10,0,2026-09-20 03:03:10,2026-09-20 03:03:10.421
2026-09-20 02:59:06,CPSA260,0201,Heather-Erin Bremenstuhl,10,10,0,2026-09-20 03:03:10,2026-09-20 03:03:10.422
2026-09-20 02:59:06,CPSA260,0301,Alexandra Lynch,10,10,0,2026-09-20 03:03:10,2026-09-20 03:03:10.422
2026-09-20 02:59:06,CPSF101,0101,Nicholas Fletcher,75,75,0,2026-09-20 03:03:11,2026-09-20 03:03:11.683
2026-09-20 02:59:06,CPSG101,0101,Thomas Holtz,75,75,0,2026-09-20 03:03:12,2026-09-20 03:03:12.957
2026-09-20 02:59:06,CPSG230,0101,John Merck,50,50,0,2026-09-20 03:03:13,2026-09-20 03:03:13.122
2026-09-20 02:59:06,CPSG240,0101,John Merck,25,25,0,2026-09-20 03:03:13,2026-09-20 03:03:13.288
2026-09-20 02:59:06,CPSG250,0101,John Merck,25,25,0,2026-09-20 03:03:13,2026-09-20 03:03:13.454
2026-09-20 02:59:06,CPSN101,0101,Hansol Kwak,75,75,0,2026-09-20 03:03:14,2026-09-20 03:03:14.725
2026-09-20 02:59:06,CPSN230,0101,Ellin Chung,40,40,0,2026-09-20 03:03:14,2026-09-20 03:03:14.898
2026-09-20 02:59:06,CPSN240,0101,Ellin Chung,15,15,0,2026-09-20 03:03:15,2026-09-20 03:03:15.069
2026-09-20 02:59:06,CPSN250,0101,Hansol Kwak,25,25,0,2026-09-20 03:03:15,2026-09-20 03:03:15.237
2026-09-20 02:59:06,CPSP239A,0101,Heather-Erin Bremenstuhl,10,10,0,2026-09-20 03:03:16,2026-09-20 03:03:16.512
2026-09-20 02:59:06,CPSP259J,0101,Alison Burns,10,10,0,2026-09-20 03:03:16,2026-09-20 03:03:16.682
2026-09-20 02:59:06,CPSP279N,0101,Stacy Kosko,10,10,0,2026-09-20 03:03:16,2026-09-20 03:03:16.848
2026-09-20 02:59:06,CPSP339P,0101,Kelly Brower,15,15,0,2026-09-20 03:03:17,2026-09-20 03:03:17.015
2026-09-20 02:59:06,CPSP359G,0101,John Merck,25,25,0,2026-09-20 03:03:17,2026-09-20 03:03:17.183
2026-09-20 02:59:06,CPSP359S,0101,David Eubanks,24,24,0,2026-09-20 03:03:17,2026-09-20 03:03:17.355
2026-09-20 02:59:06,CPSP369E,0101,Tim Knight,7,7,0,2026-09-20 03:03:17,2026-09-20 03:03:17.524
2026-09-20 02:59:06,CPSP369E,0102,Tim Knight,5,5,0,2026-09-20 03:03:17,2026-09-20 03:03:17.524
2026-09-20 02:59:06,CPSS101,0101,Christine Alexander,75,75,0,2026-09-20 03:03:18,2026-09-20 03:03:18.794
2026-09-20 02:59:06,CPSS225,0101,Roan Parrish,20,20,0,2026-09-20 03:03:18,2026-09-20 03:03:18.983
2026-09-20 02:59:06,CPSS225,0201,Melinda Baldwin,20,20,0,2026-09-20 03:03:18,2026-09-20 03:03:18.984
2026-09-20 02:59:06,CPSS240,0101,Timothy Reedy,25,25,0,2026-09-20 03:03:19,2026-09-20 03:03:19.163
2026-09-20 02:59:06,CPSS340,0101,Nicole Mogul,20,20,0,2026-09-20 03:03:19,2026-09-20 03:03:19.331
2026-09-20 02:59:06,DATA100,0111,Matthew Griffin,27,27,0,2026-09-20 03:03:27,2026-09-20 03:03:27.620
2026-09-20 02:59:06,DATA100,0112,Matthew Griffin,27,27,0,2026-09-20 03:03:27,2026-09-20 03:03:27.620
2026-09-20 02:59:06,DATA100,0121,Matthew Griffin,27,27,0,2026-09-20 03:03:27,2026-09-20 03:03:27.621
2026-09-20 02:59:06,DATA100,0122,Matthew Griffin,27,27,0,2026-09-20 03:03:27,2026-09-20 03:03:27.621
2026-09-20 02:59:06,DATA100,0123,Matthew Griffin,27,27,0,2026-09-20 03:03:27,2026-09-20 03:03:27.621
2026-09-20 02:59:06,DATA100,0124,Matthew Griffin,27,27,0,2026-09-20 03:03:27,2026-09-20 03:03:27.621
2026-09-20 02:59:06,DATA100,0131,Matthew Griffin,27,27,0,2026-09-20 03:03:27,2026-09-20 03:03:27.621
2026-09-20 02:59:06,DATA100,0141,Matthew Griffin,27,27,0,2026-09-20 03:03:27,2026-09-20 03:03:27.621
2026-09-20 02:59:06,DATA100,0211,Matthew Griffin,27,27,0,2026-09-20 03:03:27,2026-09-20 03:03:27.622
2026-09-20 02:59:06,DATA100,0212,Matthew Griffin,27,27,0,2026-09-20 03:03:27,2026-09-20 03:03:27.622
2026-09-20 02:59:06,DATA100,0221,Matthew Griffin,27,27,0,2026-09-20 03:03:27,2026-09-20 03:03:27.622
2026-09-20 02:59:06,DATA100,0222,Matthew Griffin,27,27,0,2026-09-20 03:03:27,2026-09-20 03:03:27.622
2026-09-20 02:59:06,DATA100,0223,Matthew Griffin,27,27,0,2026-09-20 03:03:27,2026-09-20 03:03:27.622
2026-09-20 02:59:06,DATA100,0224,Matthew Griffin,27,27,0,2026-09-20 03:03:27,2026-09-20 03:03:27.623
2026-09-20 02:59:06,DATA100,0231,Matthew Griffin,27,27,0,2026-09-20 03:03:27,2026-09-20 03:03:27.623
2026-09-20 02:59:06,DATA100,0241,Matthew Griffin,27,27,0,2026-09-20 03:03:27,2026-09-20 03:03:27.623
2026-09-20 02:59:06,DATA100,0242,Matthew Griffin,27,27,0,2026-09-20 03:03:27,2026-09-20 03:03:27.623
2026-09-20 02:59:06,DATA100,0311,Jonathan Fernandes,25,25,0,2026-09-20 03:03:27,2026-09-20 03:03:27.623
2026-09-20 02:59:06,DATA100,0312,Jonathan Fernandes,25,25,0,2026-09-20 03:03:27,2026-09-20 03:03:27.623
2026-09-20 02:59:06,DATA100,0321,Jonathan Fernandes,25,25,0,2026-09-20 03:03:27,2026-09-20 03:03:27.624
2026-09-20 02:59:06,DATA100,0322,Jonathan Fernandes,25,25,0,2026-09-20 03:03:27,2026-09-20 03:03:27.624
2026-09-20 02:59:06,DATA100,0323,Jonathan Fernandes,25,25,0,2026-09-20 03:03:27,2026-09-20 03:03:27.624
2026-09-20 02:59:06,DATA100,0331,Jonathan Fernandes,25,25,0,2026-09-20 03:03:27,2026-09-20 03:03:27.624
2026-09-20 02:59:06,DATA100,0332,Jonathan Fernandes,29,29,0,2026-09-20 03:03:27,2026-09-20 03:03:27.624
2026-09-20 02:59:06,DATA110,0101,Susan Mazzullo,310,310,0,2026-09-20 03:03:27,2026-09-20 03:03:27.828
2026-09-20 02:59:06,DATA120,0101,Fardina Alam,200,200,0,2026-09-20 03:03:28,2026-09-20 03:03:28.093
2026-09-20 02:59:06,DATA200,0101,Fardina Alam,90,90,0,2026-09-20 03:03:28,2026-09-20 03:03:28.303
2026-09-20 02:59:06,DATA250,0101,Todd Rowland,30,30,0,2026-09-20 03:03:28,2026-09-20 03:03:28.518
2026-09-20 02:59:06,DATA320,0101,Maksym Morawski,20,20,0,2026-09-20 03:03:28,2026-09-20 03:03:28.752
2026-09-20 02:59:06,DATA320,0201,Fardina Alam,20,20,0,2026-09-20 03:03:28,2026-09-20 03:03:28.753
2026-09-20 02:59:06,DATA320,0301,Anna Evtushenko,12,12,0,2026-09-20 03:03:28,2026-09-20 03:03:28.753
2026-09-20 02:59:06,DATA350,0101,Todd Rowland,30,30,0,2026-09-20 03:03:28,2026-09-20 03:03:28.974
2026-09-20 02:59:06,DATA350,0201,Raluca Rosca,30,30,0,2026-09-20 03:03:28,2026-09-20 03:03:28.975
2026-09-20 02:59:06,DATA400,0111,Archana Khurana,27,27,0,2026-09-20 03:03:29,2026-09-20 03:03:29.309
2026-09-20 02:59:06,DATA400,0121,Archana Khurana,27,27,0,2026-09-20 03:03:29,2026-09-20 03:03:29.309
2026-09-20 02:59:06,DATA400,0131,Archana Khurana,27,27,0,2026-09-20 03:03:29,2026-09-20 03:03:29.309
2026-09-20 02:59:06,DATA400,0211,Salman Safdar,27,27,0,2026-09-20 03:03:29,2026-09-20 03:03:29.309
2026-09-20 02:59:06,DATA400,0311,Shixin Zheng,27,27,0,2026-09-20 03:03:29,2026-09-20 03:03:29.309
2026-09-20 02:59:06,DATA400,0321,Shixin Zheng,30,30,0,2026-09-20 03:03:29,2026-09-20 03:03:29.310
2026-09-20 02:59:06,DATA400,0331,Shixin Zheng,27,27,0,2026-09-20 03:03:29,2026-09-20 03:03:29.310
2026-09-20 02:59:06,DATA400,0411,Mestiyage Gunatilleka,27,27,0,2026-09-20 03:03:29,2026-09-20 03:03:29.310
2026-09-20 02:59:06,DATA400,0412,Mestiyage Gunatilleka,27,27,0,2026-09-20 03:03:29,2026-09-20 03:03:29.310
2026-09-20 02:59:06,DATA400,0421,Mestiyage Gunatilleka,27,27,0,2026-09-20 03:03:29,2026-09-20 03:03:29.310
2026-09-20 02:59:06,DATA400,0422,Mestiyage Gunatilleka,27,27,0,2026-09-20 03:03:29,2026-09-20 03:03:29.311
2026-09-20 02:59:06,DATA400,0431,Mestiyage Gunatilleka,27,27,0,2026-09-20 03:03:29,2026-09-20 03:03:29.311
2026-09-20 02:59:06,DATA400,0432,Mestiyage Gunatilleka,27,27,0,2026-09-20 03:03:29,2026-09-20 03:03:29.311
2026-09-20 02:59:06,DATA602,PCS1,Tammy Perrin,30,30,0,2026-09-20 03:03:29,2026-09-20 03:03:29.479
2026-09-20 02:59:06,DATA603,PWS1,Kemal Davaslioglu,50,50,0,2026-09-20 03:03:29,2026-09-20 03:03:29.694
2026-09-20 02:59:06,DATA604,PCS1,Wojciech Czaja,55,55,0,2026-09-20 03:03:29,2026-09-20 03:03:29.874
2026-09-20 02:59:06,DATA604,PCS2,Mestiyage Gunatilleka,55,55,0,2026-09-20 03:03:29,2026-09-20 03:03:29.874
2026-09-20 02:59:06,DATA604,PCS3,Kendall Williams,55,55,0,2026-09-20 03:03:29,2026-09-20 03:03:29.874
2026-09-20 02:59:06,DATA604,PCS4,Jonathan Fernandes,55,55,0,2026-09-20 03:03:29,2026-09-20 03:03:29.875
2026-09-20 02:59:06,DATA605,PCS1,Tammy Perrin,55,55,0,2026-09-20 03:03:30,2026-09-20 03:03:30.106
2026-09-20 02:59:06,DATA605,PCS2,Tammy Perrin,55,55,0,2026-09-20 03:03:30,2026-09-20 03:03:30.107
2026-09-20 02:59:06,DATA605,PWS1,Giacinto Paolo Saggese,55,55,0,2026-09-20 03:03:30,2026-09-20 03:03:30.107
2026-09-20 02:59:06,DATA606,PCS1,Abdirisak Mohamed,55,55,0,2026-09-20 03:03:30,2026-09-20 03:03:30.329
2026-09-20 02:59:06,DATA606,PCS2,Abdirisak Mohamed,55,55,0,2026-09-20 03:03:30,2026-09-20 03:03:30.330
2026-09-20 02:59:06,DATA606,PCS3,Toki Inan,55,55,0,2026-09-20 03:03:30,2026-09-20 03:03:30.330
2026-09-20 02:59:06,DATA612,PCS1,Samet Ayhan,55,55,0,2026-09-20 03:03:30,2026-09-20 03:03:30.557
2026-09-20 02:59:06,DATA612,PCS2,Samet Ayhan,55,55,0,2026-09-20 03:03:30,2026-09-20 03:03:30.557
2026-09-20 02:59:06,DATA612,PCS3,Emre Gunduzhan,55,55,0,2026-09-20 03:03:30,2026-09-20 03:03:30.557
2026-09-20 02:59:06,DATA641,PCS1,Armin Mehrabian,55,55,0,2026-09-20 03:03:30,2026-09-20 03:03:30.729
2026-09-20 02:59:06,EALL361,0101,Instructor: TBA,20,20,0,2026-09-20 03:03:32,2026-09-20 03:03:32.273
2026-09-20 02:59:06,EDDI300,0101,Nicole Mehta,20,20,0,2026-09-20 03:03:40,2026-09-20 03:03:40.949
2026-09-20 02:59:06,EMBA788V,GX01,Zhi-Long Chen,31,31,0,2026-09-20 03:03:58,2026-09-20 03:03:58.016
2026-09-20 02:59:06,ENAI603,0101,A Seyed,35,35,0,2026-09-20 03:04:06,2026-09-20 03:04:06.112
2026-09-20 02:59:06,ENAI603,AEC1,A Seyed,20,20,0,2026-09-20 03:04:06,2026-09-20 03:04:06.112
2026-09-20 02:59:06,ENBC312,ESG1,Kyunghun Lee,20,20,0,2026-09-20 03:04:07,2026-09-20 03:04:07.433
2026-09-20 02:59:06,ENBC321,ESG1,Jamasp Azarnoosh,20,20,0,2026-09-20 03:04:07,2026-09-20 03:04:07.603
2026-09-20 02:59:06,ENBC342,ESG1,Lan Ma,20,20,0,2026-09-20 03:04:07,2026-09-20 03:04:07.773
2026-09-20 02:59:06,ENBC351,ESG1,Jarred Callura,20,20,0,2026-09-20 03:04:07,2026-09-20 03:04:07.947
2026-09-20 02:59:06,ENBC352,ESG1,Jarred Callura,20,20,0,2026-09-20 03:04:08,2026-09-20 03:04:08.126
2026-09-20 02:59:06,ENBC403,ESG1,Jamasp Azarnoosh,20,20,0,2026-09-20 03:04:08,2026-09-20 03:04:08.296
2026-09-20 02:59:06,ENBC441,ESG1,Lan Ma,20,20,0,2026-09-20 03:04:08,2026-09-20 03:04:08.472
2026-09-20 02:59:06,ENBC455,ESG1,Jarred Callura,20,20,0,2026-09-20 03:04:08,2026-09-20 03:04:08.641
2026-09-20 02:59:06,ENBC491,ESG1,Lan Ma,20,20,0,2026-09-20 03:04:08,2026-09-20 03:04:08.811
2026-09-20 02:59:06,ENCO099,0101,Lizzy Solovey,200,200,0,2026-09-20 03:04:14,2026-09-20 03:04:14.608
2026-09-20 02:59:06,ENEB304,ESG1,Nestor Michael Tiglao,20,20,0,2026-09-20 03:04:15,2026-09-20 03:04:15.914
2026-09-20 02:59:06,ENEB345,ESG1,Nestor Michael Tiglao,20,20,0,2026-09-20 03:04:16,2026-09-20 03:04:16.086
2026-09-20 02:59:06,ENEB352,ESG1,Mohamed Hany,20,20,0,2026-09-20 03:04:16,2026-09-20 03:04:16.260
2026-09-20 02:59:06,ENEB353,ESG1,Manoj Franklin,20,20,0,2026-09-20 03:04:16,2026-09-20 03:04:16.428
2026-09-20 02:59:06,ENEB355,ESG1,Nestor Michael Tiglao,20,20,0,2026-09-20 03:04:16,2026-09-20 03:04:16.597
2026-09-20 02:59:06,ENEB408B,ESG1,Jerry Wu,20,20,0,2026-09-20 03:04:16,2026-09-20 03:04:16.768
2026-09-20 02:59:06,ENEB443,ESG1,George Zaki,20,20,0,2026-09-20 03:04:16,2026-09-20 03:04:16.939
2026-09-20 02:59:06,ENEB453,ESG1,Nestor Michael Tiglao,20,20,0,2026-09-20 03:04:17,2026-09-20 03:04:17.108
2026-09-20 02:59:06,ENEB455,ESG1,Jerry Wu,20,20,0,2026-09-20 03:04:17,2026-09-20 03:04:17.288
2026-09-20 02:59:06,ENEB456,ESG1,Nestor Michael Tiglao,20,20,0,2026-09-20 03:04:17,2026-09-20 03:04:17.456
2026-09-20 02:59:06,ENED037,0101,Hillary Owusu,20,20,0,2026-09-20 03:04:18,2026-09-20 03:04:18.741
2026-09-20 02:59:06,ENED290H,0101,Christopher Troilo,45,45,0,2026-09-20 03:04:18,2026-09-20 03:04:18.910
2026-09-20 02:59:06,ENED394H,0101,Maria Bardossy,40,40,0,2026-09-20 03:04:19,2026-09-20 03:04:19.078
2026-09-20 02:59:06,ENED397,0101,Emily Marks,9,9,0,2026-09-20 03:04:19,2026-09-20 03:04:19.259
2026-09-20 02:59:06,ENED490H,0101,David Ashley,45,45,0,2026-09-20 03:04:19,2026-09-20 03:04:19.428
2026-09-20 02:59:06,ENMT313,ESG1,Nicholas Limparis,3,3,0,2026-09-20 03:05:02,2026-09-20 03:05:02.649
2026-09-20 02:59:06,ENMT332,ESG1,Norman Wereley,4,4,0,2026-09-20 03:05:02,2026-09-20 03:05:02.839
2026-09-20 02:59:06,ENMT362,ESG1,Young Choi,3,3,0,2026-09-20 03:05:03,2026-09-20 03:05:03.041
2026-09-20 02:59:06,ENMT372,ESG1,Gurtajbir Herr,3,3,0,2026-09-20 03:05:03,2026-09-20 03:05:03.219
2026-09-20 02:59:06,ENMT477,ESG1,Gurtajbir Herr,7,7,0,2026-09-20 03:05:03,2026-09-20 03:05:03.428
2026-09-20 02:59:06,ENMT488C,ESG1,Colleen Murray,7,7,0,2026-09-20 03:05:03,2026-09-20 03:05:03.600
2026-09-20 02:59:06,ENMT488P,ESG1,Colleen Murray,7,7,0,2026-09-20 03:05:03,2026-09-20 03:05:03.778
2026-09-20 02:59:06,ENMT488Z,ESG1,Nicholas Limparis,7,7,0,2026-09-20 03:05:03,2026-09-20 03:05:03.953
2026-09-20 02:59:06,ENSP102,0101,Joanna Goger,22,22,0,2026-09-20 03:05:13,2026-09-20 03:05:13.560
2026-09-20 02:59:06,ENSP102,0102,Joanna Goger,22,22,0,2026-09-20 03:05:13,2026-09-20 03:05:13.560
2026-09-20 02:59:06,ENSP102,0103,Joanna Goger,23,23,0,2026-09-20 03:05:13,2026-09-20 03:05:13.560
2026-09-20 02:59:06,ENSP102,0104,Joanna Goger,22,22,0,2026-09-20 03:05:13,2026-09-20 03:05:13.561
2026-09-20 02:59:06,ENSP102,0105,Joanna Goger,22,22,0,2026-09-20 03:05:13,2026-09-20 03:05:13.561
2026-09-20 02:59:06,ENSP102,0106,Joanna Goger,22,22,0,2026-09-20 03:05:13,2026-09-20 03:05:13.561
2026-09-20 02:59:06,ENSP102,0107,Joanna Goger,22,22,0,2026-09-20 03:05:13,2026-09-20 03:05:13.561
2026-09-20 02:59:06,ENSP306,0101,Caroline Boules,30,30,0,2026-09-20 03:05:13,2026-09-20 03:05:13.729
2026-09-20 02:59:06,ENSP330,0101,Joanna Goger,35,35,0,2026-09-20 03:05:13,2026-09-20 03:05:13.895
2026-09-20 02:59:06,ENSP342,0101,Annette Spivy,35,35,0,2026-09-20 03:05:14,2026-09-20 03:05:14.062
2026-09-20 02:59:06,ENSP370,0101,Arielle Wharton,30,30,0,2026-09-20 03:05:14,2026-09-20 03:05:14.232
2026-09-20 02:59:06,ENSP399R,0101,Melissa Kenney,15,15,0,2026-09-20 03:05:14,2026-09-20 03:05:14.733
2026-09-20 02:59:06,ENSP399R,0301,Instructor: TBA,15,15,0,2026-09-20 03:05:14,2026-09-20 03:05:14.734
2026-09-20 02:59:06,ENSP399R,0601,Annette Spivy,10,10,0,2026-09-20 03:05:14,2026-09-20 03:05:14.734
2026-09-20 02:59:06,ENSP399R,1001,Jennifer Mullinax,10,10,0,2026-09-20 03:05:14,2026-09-20 03:05:14.734
2026-09-20 02:59:06,ENSP400,0101,Caroline Boules,30,30,0,2026-09-20 03:05:14,2026-09-20 03:05:14.907
2026-09-20 02:59:06,ENSP400,0102,Annette Spivy,30,30,0,2026-09-20 03:05:14,2026-09-20 03:05:14.907
2026-09-20 02:59:06,ENSP400,0104,Colleen O'Donnell,20,20,0,2026-09-20 03:05:14,2026-09-20 03:05:14.908
2026-09-20 02:59:06,FGSM398,0101,Jayakumar Arasan,120,120,0,2026-09-20 03:05:29,2026-09-20 03:05:29.277
2026-09-20 02:59:06,FGSM398,0201,Jayakumar Arasan,120,120,0,2026-09-20 03:05:29,2026-09-20 03:05:29.277
2026-09-20 02:59:06,GBHL200,0101,Leena Malayil,18,18,0,2026-09-20 03:05:42,2026-09-20 03:05:42.593
2026-09-20 02:59:06,GBHL200,0201,Leena Malayil,13,13,0,2026-09-20 03:05:42,2026-09-20 03:05:42.593
2026-09-20 02:59:06,GBHL210,0101,Leena Malayil,18,18,0,2026-09-20 03:05:42,2026-09-20 03:05:42.760
2026-09-20 02:59:06,GBHL210,0201,Leena Malayil,13,13,0,2026-09-20 03:05:42,2026-09-20 03:05:42.760
2026-09-20 02:59:06,GBHL310,0101,Catherine Maybury,15,15,0,2026-09-20 03:05:42,2026-09-20 03:05:42.931
2026-09-20 02:59:06,GBHL310,0201,Catherine Maybury,15,15,0,2026-09-20 03:05:42,2026-09-20 03:05:42.931
2026-09-20 02:59:06,GBHL497,0101,Hassanatu Blake,3,3,0,2026-09-20 03:05:43,2026-09-20 03:05:43.422
2026-09-20 02:59:06,GEMS102,0101,David Lovell,180,180,0,2026-09-20 03:05:44,2026-09-20 03:05:44.744
2026-09-20 02:59:06,GEMS208D,0101,Allison Lansverk,1,1,0,2026-09-20 03:05:44,2026-09-20 03:05:44.940
2026-09-20 02:59:06,GEMS208E,0101,Allison Lansverk,18,18,0,2026-09-20 03:05:45,2026-09-20 03:05:45.109
2026-09-20 02:59:06,GEMS208F,0201,Allison Lansverk,12,12,0,2026-09-20 03:05:45,2026-09-20 03:05:45.276
2026-09-20 02:59:06,GEMS208J,0101,Allison Lansverk,24,24,0,2026-09-20 03:05:45,2026-09-20 03:05:45.443
2026-09-20 02:59:06,GEMS208K,0101,Allison Lansverk,30,30,0,2026-09-20 03:05:45,2026-09-20 03:05:45.610
2026-09-20 02:59:06,GEMS208P,0101,Allison Lansverk,15,15,0,2026-09-20 03:05:45,2026-09-20 03:05:45.776
2026-09-20 02:59:06,GEMS208Q,0201,Allison Lansverk,1,1,0,2026-09-20 03:05:45,2026-09-20 03:05:45.941
2026-09-20 02:59:06,GEMS296,0113,David Lovell,5,5,0,2026-09-20 03:05:46,2026-09-20 03:05:46.109
2026-09-20 02:59:06,GEMS297,0101,Instructor: TBA,14,14,0,2026-09-20 03:05:46,2026-09-20 03:05:46.292
2026-09-20 02:59:06,GEMS297,0102,Instructor: TBA,14,14,0,2026-09-20 03:05:46,2026-09-20 03:05:46.292
2026-09-20 02:59:06,GEMS297,0103,Instructor: TBA,14,14,0,2026-09-20 03:05:46,2026-09-20 03:05:46.292
2026-09-20 02:59:06,GEMS297,0104,Instructor: TBA,14,14,0,2026-09-20 03:05:46,2026-09-20 03:05:46.292
2026-09-20 02:59:06,GEMS297,0105,Instructor: TBA,14,14,0,2026-09-20 03:05:46,2026-09-20 03:05:46.292
2026-09-20 02:59:06,GEMS297,0106,Instructor: TBA,14,14,0,2026-09-20 03:05:46,2026-09-20 03:05:46.293
2026-09-20 02:59:06,GEMS297,0107,Instructor: TBA,14,14,0,2026-09-20 03:05:46,2026-09-20 03:05:46.293
2026-09-20 02:59:06,GEMS297,0108,Instructor: TBA,14,14,0,2026-09-20 03:05:46,2026-09-20 03:05:46.293
2026-09-20 02:59:06,GEMS297,0109,Instructor: TBA,14,14,0,2026-09-20 03:05:46,2026-09-20 03:05:46.293
2026-09-20 02:59:06,GEMS297,0110,Instructor: TBA,14,14,0,2026-09-20 03:05:46,2026-09-20 03:05:46.293
2026-09-20 02:59:06,GEMS297,0111,Instructor: TBA,14,14,0,2026-09-20 03:05:46,2026-09-20 03:05:46.293
2026-09-20 02:59:06,GEMS297,0112,Instructor: TBA,14,14,0,2026-09-20 03:05:46,2026-09-20 03:05:46.294
2026-09-20 02:59:06,GEMS297,0113,Instructor: TBA,14,14,0,2026-09-20 03:05:46,2026-09-20 03:05:46.294
2026-09-20 02:59:06,GEMS297,0114,Instructor: TBA,14,14,0,2026-09-20 03:05:46,2026-09-20 03:05:46.294
2026-09-20 02:59:06,GEMS297,0115,Instructor: TBA,5,5,0,2026-09-20 03:05:46,2026-09-20 03:05:46.294
2026-09-20 02:59:06,GEMS396,0113,David Lovell,5,5,0,2026-09-20 03:05:46,2026-09-20 03:05:46.464
2026-09-20 02:59:06,GEMS397,0101,Michael Humber,14,14,0,2026-09-20 03:05:46,2026-09-20 03:05:46.650
2026-09-20 02:59:06,GEMS397,0102,Seth Dickey,14,14,0,2026-09-20 03:05:46,2026-09-20 03:05:46.650
2026-09-20 02:59:06,GEMS397,0103,Cecilia Huertas Cerdeira,14,14,0,2026-09-20 03:05:46,2026-09-20 03:05:46.650
2026-09-20 02:59:06,GEMS397,0104,Rodolphe Gentili,14,14,0,2026-09-20 03:05:46,2026-09-20 03:05:46.651
2026-09-20 02:59:06,GEMS397,0105,Allison Reilly,14,14,0,2026-09-20 03:05:46,2026-09-20 03:05:46.651
2026-09-20 02:59:06,GEMS397,0106,Peter Sunderland,14,14,0,2026-09-20 03:05:46,2026-09-20 03:05:46.651
2026-09-20 02:59:06,GEMS397,0107,Brett Lacey,14,14,0,2026-09-20 03:05:46,2026-09-20 03:05:46.651
2026-09-20 02:59:06,GEMS397,0108,Natalia Buzulukova,14,14,0,2026-09-20 03:05:46,2026-09-20 03:05:46.651
2026-09-20 02:59:06,GEMS397,0109,Anil Deane,14,14,0,2026-09-20 03:05:46,2026-09-20 03:05:46.651
2026-09-20 02:59:06,GEMS397,0110,Colenso Speer,14,14,0,2026-09-20 03:05:46,2026-09-20 03:05:46.652
2026-09-20 02:59:06,GEMS397,0111,Alisa Clyne,14,14,0,2026-09-20 03:05:46,2026-09-20 03:05:46.652
2026-09-20 02:59:06,GEMS397,0112,Xin Zan,14,14,0,2026-09-20 03:05:46,2026-09-20 03:05:46.652
2026-09-20 02:59:06,GEMS397,0113,Instructor: TBA,14,14,0,2026-09-20 03:05:46,2026-09-20 03:05:46.652
2026-09-20 02:59:06,GEMS397,0114,David Lovell,5,5,0,2026-09-20 03:05:46,2026-09-20 03:05:46.652
2026-09-20 02:59:06,GEMS397,0115,David Lovell,5,5,0,2026-09-20 03:05:46,2026-09-20 03:05:46.653
2026-09-20 02:59:06,GEMS496,0113,David Lovell,5,5,0,2026-09-20 03:05:46,2026-09-20 03:05:46.817
2026-09-20 02:59:06,GEMS497,0101,Eric Haag,14,14,0,2026-09-20 03:05:46,2026-09-20 03:05:47.010
2026-09-20 02:59:06,GEMS497,0102,Mohammad Nayeem Teli,14,14,0,2026-09-20 03:05:46,2026-09-20 03:05:47.010
2026-09-20 02:59:06,GEMS497,0103,Norberto Gonzalez- Juarbe,14,14,0,2026-09-20 03:05:46,2026-09-20 03:05:47.010
2026-09-20 02:59:06,GEMS497,0104,Abhinav Shrivastava,14,14,0,2026-09-20 03:05:46,2026-09-20 03:05:47.011
2026-09-20 02:59:06,GEMS497,0105,Hector Alcala,14,14,0,2026-09-20 03:05:46,2026-09-20 03:05:47.011
2026-09-20 02:59:06,GEMS497,0106,Massimo Ricotti,14,14,0,2026-09-20 03:05:46,2026-09-20 03:05:47.011
2026-09-20 02:59:06,GEMS497,0107,Reza Ghodssi,14,14,0,2026-09-20 03:05:46,2026-09-20 03:05:47.011
2026-09-20 02:59:06,GEMS497,0108,Nikhil Chopra,14,14,0,2026-09-20 03:05:46,2026-09-20 03:05:47.011
2026-09-20 02:59:06,GEMS497,0109,Kimberly Stroka,14,14,0,2026-09-20 03:05:46,2026-09-20 03:05:47.012
2026-09-20 02:59:06,GEMS497,0110,Gorjan Alagic,14,14,0,2026-09-20 03:05:46,2026-09-20 03:05:47.012
2026-09-20 02:59:06,GEMS497,0111,Alisa Clyne,14,14,0,2026-09-20 03:05:46,2026-09-20 03:05:47.012
2026-09-20 02:59:06,GEMS497,0112,Xin Zan,14,14,0,2026-09-20 03:05:46,2026-09-20 03:05:47.012
2026-09-20 02:59:06,GEMS497,0113,David Lovell,14,14,0,2026-09-20 03:05:46,2026-09-20 03:05:47.012
2026-09-20 02:59:06,GEMS497,0114,David Lovell,14,14,0,2026-09-20 03:05:46,2026-09-20 03:05:47.012
2026-09-20 02:59:06,GFPL100,0101,Alec Worsnop,21,21,0,2026-09-20 03:06:03,2026-09-20 03:06:03.018
2026-09-20 02:59:06,GFPL100,0102,Alec Worsnop,21,21,0,2026-09-20 03:06:03,2026-09-20 03:06:03.019
2026-09-20 02:59:06,GFPL100,0103,Alec Worsnop,21,21,0,2026-09-20 03:06:03,2026-09-20 03:06:03.019
2026-09-20 02:59:06,GFPL100,0104,Alec Worsnop,21,21,0,2026-09-20 03:06:03,2026-09-20 03:06:03.019
2026-09-20 02:59:06,GFPL100,0105,Alec Worsnop,21,21,0,2026-09-20 03:06:03,2026-09-20 03:06:03.019
2026-09-20 02:59:06,GFPL100,0106,Alec Worsnop,20,20,0,2026-09-20 03:06:03,2026-09-20 03:06:03.019
2026-09-20 02:59:06,GFPL102,0101,Caroline Ritter,95,95,0,2026-09-20 03:06:03,2026-09-20 03:06:03.205
2026-09-20 02:59:06,GFPL372,0101,Devin Entrikin,40,40,0,2026-09-20 03:06:03,2026-09-20 03:06:03.382
2026-09-20 02:59:06,GLBC200,0101,Parker Brookie,30,30,0,2026-09-20 03:06:04,2026-09-20 03:06:04.849
2026-09-20 02:59:06,GLBC360,0101,Hester Baer,30,30,0,2026-09-20 03:06:05,2026-09-20 03:06:05.037
2026-09-20 02:59:06,HACS101,0101,Michel Cukier,35,35,0,2026-09-20 03:06:20,2026-09-20 03:06:20.927
2026-09-20 02:59:06,HACS101,0201,Michel Cukier,35,35,0,2026-09-20 03:06:20,2026-09-20 03:06:20.928
2026-09-20 02:59:06,HACS201,0101,Bertrand Sobesto,26,26,0,2026-09-20 03:06:21,2026-09-20 03:06:21.097
2026-09-20 02:59:06,HACS208A,0101,Lawrence Gordon,20,20,0,2026-09-20 03:06:21,2026-09-20 03:06:21.270
2026-09-20 02:59:06,HACS208E,0101,Ian Serbin,26,26,0,2026-09-20 03:06:21,2026-09-20 03:06:21.437
2026-09-20 02:59:06,HACS208Z,0101,Zulema Belyeu,30,30,0,2026-09-20 03:06:21,2026-09-20 03:06:21.603
2026-09-20 02:59:06,HACS297,0101,Sarah Herberger,25,25,0,2026-09-20 03:06:22,2026-09-20 03:06:22.086
2026-09-20 02:59:06,HACS318A,0101,Lindsey Schrott,75,75,0,2026-09-20 03:06:22,2026-09-20 03:06:22.254
2026-09-20 02:59:06,HACS408C,0101,Lamia Zia,26,26,0,2026-09-20 03:06:22,2026-09-20 03:06:22.418
2026-09-20 02:59:06,HACS408P,0101,Firoozeh Rahimian,26,26,0,2026-09-20 03:06:22,2026-09-20 03:06:22.587
2026-09-20 02:59:06,HACS408T,0101,Kevin Bock,30,30,0,2026-09-20 03:06:22,2026-09-20 03:06:22.753
2026-09-20 02:59:06,HACS408V,0101,Edward Condon,30,30,0,2026-09-20 03:06:22,2026-09-20 03:06:22.923
2026-09-20 02:59:06,HACS497,0101,Cassie Harrington,25,25,0,2026-09-20 03:06:23,2026-09-20 03:06:23.249
2026-09-20 02:59:06,HACS498,0101,Thomas Woods,10,10,0,2026-09-20 03:06:23,2026-09-20 03:06:23.415
2026-09-20 02:59:06,HACS498,0201,Neal Ziring,18,18,0,2026-09-20 03:06:23,2026-09-20 03:06:23.416
2026-09-20 02:59:06,HACS498,0301,Michel Cukier,4,4,0,2026-09-20 03:06:23,2026-09-20 03:06:23.416
2026-09-20 02:59:06,HBUS105,0101,Daniel McCarthy,65,65,0,2026-09-20 03:06:24,2026-09-20 03:06:24.674
2026-09-20 02:59:06,HBUS205,0101,Jui Ramaprasad,60,60,0,2026-09-20 03:06:24,2026-09-20 03:06:24.840
2026-09-20 02:59:06,HDCC106,0101,Jessica Lu,10,10,0,2026-09-20 03:06:26,2026-09-20 03:06:26.121
2026-09-20 02:59:06,HDCC106,0201,William Evans,10,10,0,2026-09-20 03:06:26,2026-09-20 03:06:26.121
2026-09-20 02:59:06,HDCC106,0301,Grant Bollmer,10,10,0,2026-09-20 03:06:26,2026-09-20 03:06:26.121
2026-09-20 02:59:06,HDCC106,0401,Cliff Bakalian,10,10,0,2026-09-20 03:06:26,2026-09-20 03:06:26.121
2026-09-20 02:59:06,HDCC106,0501,Alex Leitch,10,10,0,2026-09-20 03:06:26,2026-09-20 03:06:26.122
2026-09-20 02:59:06,HDCC106,0601,Jade Olson,10,10,0,2026-09-20 03:06:26,2026-09-20 03:06:26.122
2026-09-20 02:59:06,HDCC106,0701,Courtney Ray,10,10,0,2026-09-20 03:06:26,2026-09-20 03:06:26.122
2026-09-20 02:59:06,HDCC209A,0101,Jessica Lu,15,15,0,2026-09-20 03:06:26,2026-09-20 03:06:26.286
2026-09-20 02:59:06,HDCC209B,0101,Nishtha Das,15,15,0,2026-09-20 03:06:26,2026-09-20 03:06:26.456
2026-09-20 02:59:06,HDCC209C,0101,Hansika Murugu,15,15,0,2026-09-20 03:06:26,2026-09-20 03:06:26.624
2026-09-20 02:59:06,HEBR107,0101,Avital Karpman,15,15,0,2026-09-20 03:06:28,2026-09-20 03:06:28.068
2026-09-20 02:59:06,HEBR107,0201,Avital Karpman,15,15,0,2026-09-20 03:06:28,2026-09-20 03:06:28.068
2026-09-20 02:59:06,HEBR207,0101,Avital Karpman,15,15,0,2026-09-20 03:06:28,2026-09-20 03:06:28.233
2026-09-20 02:59:06,HEBR249A,0101,Aliza Sandalon,15,15,0,2026-09-20 03:06:28,2026-09-20 03:06:28.398
2026-09-20 02:59:06,HEBR314,0101,Aliza Sandalon,20,20,0,2026-09-20 03:06:28,2026-09-20 03:06:28.566
2026-09-20 02:59:06,HGLO298,0101,Daniel Tuke,30,30,0,2026-09-20 03:06:41,2026-09-20 03:06:41.240
2026-09-20 02:59:06,HHUM106,0101,Sarah Humud,17,17,0,2026-09-20 03:06:42,2026-09-20 03:06:42.513
2026-09-20 02:59:06,HHUM106,0102,Sarah Humud,17,17,0,2026-09-20 03:06:42,2026-09-20 03:06:42.513
2026-09-20 02:59:06,HHUM106,0103,Sarah Humud,17,17,0,2026-09-20 03:06:42,2026-09-20 03:06:42.513
2026-09-20 02:59:06,HHUM106,0104,Sarah Humud,17,17,0,2026-09-20 03:06:42,2026-09-20 03:06:42.513
2026-09-20 02:59:06,HHUM206,0101,Sarah Humud,15,15,0,2026-09-20 03:06:42,2026-09-20 03:06:42.688
2026-09-20 02:59:06,HHUM206,0102,Sarah Humud,15,15,0,2026-09-20 03:06:42,2026-09-20 03:06:42.688
2026-09-20 02:59:06,HHUM206,0103,Sarah Humud,15,15,0,2026-09-20 03:06:42,2026-09-20 03:06:42.689
2026-09-20 02:59:06,HHUM206,0104,Sarah Humud,15,15,0,2026-09-20 03:06:42,2026-09-20 03:06:42.689
2026-09-20 02:59:06,HHUM328,0101,Sarah Humud,20,20,0,2026-09-20 03:06:42,2026-09-20 03:06:42.855
2026-09-20 02:59:06,HHUM329,0101,Sarah Humud,5,5,0,2026-09-20 03:06:43,2026-09-20 03:06:43.022
2026-09-20 02:59:06,HISP200,0101,Stefan Woehlke,22,22,0,2026-09-20 03:06:44,2026-09-20 03:06:44.365
2026-09-20 02:59:06,HISP200,0102,Stefan Woehlke,22,22,0,2026-09-20 03:06:44,2026-09-20 03:06:44.365
2026-09-20 02:59:06,HISP200,0103,Stefan Woehlke,22,22,0,2026-09-20 03:06:44,2026-09-20 03:06:44.366
2026-09-20 02:59:06,HISP200,0104,Stefan Woehlke,22,22,0,2026-09-20 03:06:44,2026-09-20 03:06:44.366
2026-09-20 02:59:06,HISP200,0105,Stefan Woehlke,22,22,0,2026-09-20 03:06:44,2026-09-20 03:06:44.366
2026-09-20 02:59:06,HISP319E,0101,Michelle Magalong,20,20,0,2026-09-20 03:06:44,2026-09-20 03:06:44.537
2026-09-20 02:59:06,HISP319S,0101,Michelle Magalong,30,30,0,2026-09-20 03:06:44,2026-09-20 03:06:44.706
2026-09-20 02:59:06,HISP619E,0101,Michelle Magalong,24,24,0,2026-09-20 03:06:44,2026-09-20 03:06:44.877
2026-09-20 02:59:06,HISP619O,0101,Stefan Woehlke,5,5,0,2026-09-20 03:06:45,2026-09-20 03:06:45.133
2026-09-20 02:59:06,HISP630,0101,Rhonda Sincavage,15,15,0,2026-09-20 03:06:45,2026-09-20 03:06:45.298
2026-09-20 02:59:06,HISP635,0101,Eola Dance,10,10,0,2026-09-20 03:06:45,2026-09-20 03:06:45.467
2026-09-20 02:59:06,HISP640,0101,Frederick Stachura,15,15,0,2026-09-20 03:06:45,2026-09-20 03:06:45.634
2026-09-20 02:59:06,HISP655,0101,Donald Linebaugh,15,15,0,2026-09-20 03:06:45,2026-09-20 03:06:45.798
2026-09-20 02:59:06,HISP660,0101,Instructor: TBA,15,15,0,2026-09-20 03:06:45,2026-09-20 03:06:45.967
2026-09-20 02:59:06,HISP670,0101,Alfonso Narvaez,15,15,0,2026-09-20 03:06:46,2026-09-20 03:06:46.132
2026-09-20 02:59:06,HISP690,0101,Donald Linebaugh,15,15,0,2026-09-20 03:06:46,2026-09-20 03:06:46.297
2026-09-20 02:59:06,HISP701,0101,Instructor: TBA,5,5,0,2026-09-20 03:06:46,2026-09-20 03:06:46.461
2026-09-20 02:59:06,HISP710,0101,Susan Kern,15,15,0,2026-09-20 03:06:46,2026-09-20 03:06:46.643
2026-09-20 02:59:06,HISP711,0101,Susan Kern,15,15,0,2026-09-20 03:06:46,2026-09-20 03:06:46.811
2026-09-20 02:59:06,HLSC102,0101,Sabrina Kramer,94,94,0,2026-09-20 03:07:04,2026-09-20 03:07:04.433
2026-09-20 02:59:06,HLSC102,0102,Jalah Townsend,35,35,0,2026-09-20 03:07:04,2026-09-20 03:07:04.433
2026-09-20 02:59:06,HLSC227,0101,Najib El-Sayed,25,25,0,2026-09-20 03:07:04,2026-09-20 03:07:04.606
2026-09-20 02:59:06,HLSC322,0101,Leslie Pick,23,23,0,2026-09-20 03:07:04,2026-09-20 03:07:04.805
2026-09-20 02:59:06,HLSC322,0102,Leslie Pick,23,23,0,2026-09-20 03:07:04,2026-09-20 03:07:04.805
2026-09-20 02:59:06,HLSC322,0103,Sabrina Kramer,23,23,0,2026-09-20 03:07:04,2026-09-20 03:07:04.805
2026-09-20 02:59:06,HLSC322,0104,Sabrina Kramer,23,23,0,2026-09-20 03:07:04,2026-09-20 03:07:04.806
2026-09-20 02:59:06,HLSC329,0101,Sabrina Kramer,12,12,0,2026-09-20 03:07:04,2026-09-20 03:07:04.974
2026-09-20 02:59:06,HNUH100,0101,Leigha McReynolds,10,10,0,2026-09-20 03:07:14,2026-09-20 03:07:14.117
2026-09-20 02:59:06,HNUH218D,0101,Brian Gilmore,50,50,0,2026-09-20 03:07:14,2026-09-20 03:07:14.293
2026-09-20 02:59:06,HNUH218L,0101,Shauna Rigaud,20,20,0,2026-09-20 03:07:14,2026-09-20 03:07:14.459
2026-09-20 02:59:06,HNUH218L,0201,Shauna Rigaud,20,20,0,2026-09-20 03:07:14,2026-09-20 03:07:14.460
2026-09-20 02:59:06,HNUH218M,0101,Instructor: TBA,20,20,0,2026-09-20 03:07:14,2026-09-20 03:07:14.632
2026-09-20 02:59:06,HNUH228D,0101,Matthew McLaughlin,20,20,0,2026-09-20 03:07:14,2026-09-20 03:07:14.799
2026-09-20 02:59:06,HNUH228L,0101,Alena Wigodner,20,20,0,2026-09-20 03:07:14,2026-09-20 03:07:14.962
2026-09-20 02:59:06,HNUH228L,0201,Alena Wigodner,20,20,0,2026-09-20 03:07:14,2026-09-20 03:07:14.963
2026-09-20 02:59:06,HNUH228M,0101,Ted Baker,20,20,0,2026-09-20 03:07:15,2026-09-20 03:07:15.131
2026-09-20 02:59:06,HNUH229P,0101,Tyson Slocum,20,20,0,2026-09-20 03:07:15,2026-09-20 03:07:15.298
2026-09-20 02:59:06,HNUH238D,0101,Susan Moeller,60,60,0,2026-09-20 03:07:15,2026-09-20 03:07:15.465
2026-09-20 02:59:06,HNUH238L,0101,Kimberly Johnson,20,20,0,2026-09-20 03:07:15,2026-09-20 03:07:15.631
2026-09-20 02:59:06,HNUH238L,0201,Kimberly Johnson,20,20,0,2026-09-20 03:07:15,2026-09-20 03:07:15.631
2026-09-20 02:59:06,HNUH238M,0101,Daniel Reck,20,20,0,2026-09-20 03:07:15,2026-09-20 03:07:15.795
2026-09-20 02:59:06,HNUH239I,0101,Jon Crocker,20,20,0,2026-09-20 03:07:15,2026-09-20 03:07:15.965
2026-09-20 02:59:06,HNUH248D,0101,Juan Uriagereka,45,45,0,2026-09-20 03:07:16,2026-09-20 03:07:16.148
2026-09-20 02:59:06,HNUH249T,0101,Daniel Rosenthal,20,20,0,2026-09-20 03:07:16,2026-09-20 03:07:16.318
2026-09-20 02:59:06,HNUH258C,0101,Bill Fagan,55,55,0,2026-09-20 03:07:16,2026-09-20 03:07:16.479
2026-09-20 02:59:06,HNUH258O,0101,Amy Green,20,20,0,2026-09-20 03:07:16,2026-09-20 03:07:16.644
2026-09-20 02:59:06,HNUH259T,0101,Ingrid Satelmajer,20,20,0,2026-09-20 03:07:16,2026-09-20 03:07:16.810
2026-09-20 02:59:06,HNUH268C,0101,Perla Guerrero,60,60,0,2026-09-20 03:07:16,2026-09-20 03:07:16.977
2026-09-20 02:59:06,HNUH268Q,0101,Ebonie Johnson Cooper,20,20,0,2026-09-20 03:07:17,2026-09-20 03:07:17.144
2026-09-20 02:59:06,HNUH268R,0201,Vasfiye Toprak,20,20,0,2026-09-20 03:07:17,2026-09-20 03:07:17.311
2026-09-20 02:59:06,HNUH269T,0101,James Stillwell,20,20,0,2026-09-20 03:07:17,2026-09-20 03:07:17.477
2026-09-20 02:59:06,HNUH278C,0101,Chinyere Osuji,60,60,0,2026-09-20 03:07:17,2026-09-20 03:07:17.644
2026-09-20 02:59:06,HNUH278I,0101,Marisa Franco,20,20,0,2026-09-20 03:07:17,2026-09-20 03:07:17.808
2026-09-20 02:59:06,HNUH278I,0201,Marisa Franco,20,20,0,2026-09-20 03:07:17,2026-09-20 03:07:17.808
2026-09-20 02:59:06,HNUH278O,0101,DeNeen Brown,20,20,0,2026-09-20 03:07:17,2026-09-20 03:07:17.980
2026-09-20 02:59:06,HNUH278Q,0101,Instructor: TBA,20,20,0,2026-09-20 03:07:18,2026-09-20 03:07:18.148
2026-09-20 02:59:06,HNUH278R,0101,Max Barnewitz,20,20,0,2026-09-20 03:07:18,2026-09-20 03:07:18.324
2026-09-20 02:59:06,HNUH288C,0101,Julia Steinberg,30,30,0,2026-09-20 03:07:18,2026-09-20 03:07:18.493
2026-09-20 02:59:06,HNUH288C,0102,Julia Steinberg,30,30,0,2026-09-20 03:07:18,2026-09-20 03:07:18.493
2026-09-20 02:59:06,HNUH288O,0101,Ariana Nash,20,20,0,2026-09-20 03:07:18,2026-09-20 03:07:18.661
2026-09-20 02:59:06,HNUH300,0201,Vasfiye Toprak,20,20,0,2026-09-20 03:07:18,2026-09-20 03:07:18.843
2026-09-20 02:59:06,HNUH300,0301,Shauna Rigaud,20,20,0,2026-09-20 03:07:18,2026-09-20 03:07:18.843
2026-09-20 02:59:06,HNUH300,0401,Instructor: TBA,20,20,0,2026-09-20 03:07:18,2026-09-20 03:07:18.844
2026-09-20 02:59:06,HNUH300,0501,Kimberly Johnson,20,20,0,2026-09-20 03:07:18,2026-09-20 03:07:18.844
2026-09-20 02:59:06,HNUH300,0701,Vasfiye Toprak,20,20,0,2026-09-20 03:07:18,2026-09-20 03:07:18.844
2026-09-20 02:59:06,HNUH300,0801,Instructor: TBA,20,20,0,2026-09-20 03:07:18,2026-09-20 03:07:18.844
2026-09-20 02:59:06,HNUH300,0901,Alena Wigodner,20,20,0,2026-09-20 03:07:18,2026-09-20 03:07:18.844
2026-09-20 02:59:06,HNUH300,1001,Robert Graham,20,20,0,2026-09-20 03:07:18,2026-09-20 03:07:18.844
2026-09-20 02:59:06,HNUH300,1101,Instructor: TBA,20,20,0,2026-09-20 03:07:18,2026-09-20 03:07:18.845
2026-09-20 02:59:06,HNUH398P,0101,Jayakumar Arasan,120,120,0,2026-09-20 03:07:19,2026-09-20 03:07:19.015
2026-09-20 02:59:06,HNUH398P,0201,Jayakumar Arasan,120,120,0,2026-09-20 03:07:19,2026-09-20 03:07:19.015
2026-09-20 02:59:06,HONR379W,0101,Blake Wilder,15,15,0,2026-09-20 03:07:20,2026-09-20 03:07:20.318
2026-09-20 02:59:06,IDEA201,0101,Mira Azarm,20,20,0,2026-09-20 03:07:21,2026-09-20 03:07:21.589
2026-09-20 02:59:06,IDEA201,0102,Christina Hnatov,10,10,0,2026-09-20 03:07:21,2026-09-20 03:07:21.589
2026-09-20 02:59:06,IDEA201,0103,Brooke Smith,60,60,0,2026-09-20 03:07:21,2026-09-20 03:07:21.589
2026-09-20 02:59:06,IDEA201,0104,Brooke Smith,60,60,0,2026-09-20 03:07:21,2026-09-20 03:07:21.590
2026-09-20 02:59:06,IDEA311,0101,Brooke Smith,40,40,0,2026-09-20 03:07:21,2026-09-20 03:07:21.756
2026-09-20 02:59:06,IDEA311,0102,Brooke Smith,15,15,0,2026-09-20 03:07:21,2026-09-20 03:07:21.756
2026-09-20 02:59:06,IMDM101,0101,Stevens Miller,30,30,0,2026-09-20 03:07:23,2026-09-20 03:07:23.394
2026-09-20 02:59:06,IMDM101,0201,Stevens Miller,30,30,0,2026-09-20 03:07:23,2026-09-20 03:07:23.394
2026-09-20 02:59:06,IMDM101,0301,Myungin Lee,30,30,0,2026-09-20 03:07:23,2026-09-20 03:07:23.394
2026-09-20 02:59:06,IMDM127,0101,Matthew Nolan,30,30,0,2026-09-20 03:07:23,2026-09-20 03:07:23.571
2026-09-20 02:59:06,IMDM150,0101,Cy Keener,45,45,0,2026-09-20 03:07:23,2026-09-20 03:07:23.736
2026-09-20 02:59:06,IMDM290,0101,Myungin Lee,30,30,0,2026-09-20 03:07:23,2026-09-20 03:07:23.903
2026-09-20 02:59:06,IMDM290,0201,Myungin Lee,30,30,0,2026-09-20 03:07:23,2026-09-20 03:07:23.904
2026-09-20 02:59:06,IMDM390,0101,Stefano Passeri,30,30,0,2026-09-20 03:07:24,2026-09-20 03:07:24.072
2026-09-20 02:59:06,IMDM390,0201,Stefano Passeri,30,30,0,2026-09-20 03:07:24,2026-09-20 03:07:24.073
2026-09-20 02:59:06,IMDM491,0101,Matthew Nolan,30,30,0,2026-09-20 03:07:24,2026-09-20 03:07:24.397
2026-09-20 02:59:06,IMDM491,0201,Matthew Nolan,30,30,0,2026-09-20 03:07:24,2026-09-20 03:07:24.397
2026-09-20 02:59:06,IMDM498I,0101,Snehesh Shrestha,16,16,0,2026-09-20 03:07:24,2026-09-20 03:07:24.561
2026-09-20 02:59:06,IMDM498J,0101,Yael Inbar,15,15,0,2026-09-20 03:07:24,2026-09-20 03:07:24.729
2026-09-20 02:59:06,IMMR200,0101,Instructor: TBA,40,40,0,2026-09-20 03:07:26,2026-09-20 03:07:26.200
2026-09-20 02:59:06,IMMR394,0101,Wenxi Yang,25,25,0,2026-09-20 03:07:26,2026-09-20 03:07:26.368
2026-09-20 02:59:06,IMMR399,0101,Christina Getrich,1,1,0,2026-09-20 03:07:26,2026-09-20 03:07:26.536
2026-09-20 02:59:06,INFM612,IM01,Instructor: TBA,40,40,0,2026-09-20 03:07:31,2026-09-20 03:07:31.958
2026-09-20 02:59:06,INFM737,IM01,David Loshin,40,40,0,2026-09-20 03:07:32,2026-09-20 03:07:32.124
2026-09-20 02:59:06,ISRL187,0101,Bernard Cooperman,23,23,0,2026-09-20 03:07:46,2026-09-20 03:07:46.824
2026-09-20 02:59:06,ISRL187,0102,Bernard Cooperman,23,23,0,2026-09-20 03:07:46,2026-09-20 03:07:46.824
2026-09-20 02:59:06,ISRL187,0103,Bernard Cooperman,23,23,0,2026-09-20 03:07:46,2026-09-20 03:07:46.824
2026-09-20 02:59:06,ISRL249O,0101,Aner Tal,35,35,0,2026-09-20 03:07:46,2026-09-20 03:07:46.991
2026-09-20 02:59:06,ISRL249P,0101,Aliza Sandalon,15,15,0,2026-09-20 03:07:47,2026-09-20 03:07:47.170
2026-09-20 02:59:06,ISRL282,0101,Shirelle Doughty,30,30,0,2026-09-20 03:07:47,2026-09-20 03:07:47.336
2026-09-20 02:59:06,ISRL329D,0101,Regev Ben-David,35,35,0,2026-09-20 03:07:47,2026-09-20 03:07:47.504
2026-09-20 02:59:06,ISRL329Y,0101,Marwa Maziad,30,30,0,2026-09-20 03:07:47,2026-09-20 03:07:47.670
2026-09-20 02:59:06,ISRL342,0101,Elli Lieberman,35,35,0,2026-09-20 03:07:47,2026-09-20 03:07:47.836
2026-09-20 02:59:06,ISRL349N,0101,Morad Elsana,30,30,0,2026-09-20 03:07:48,2026-09-20 03:07:48.013
2026-09-20 02:59:06,ISRL349W,0101,Avital Karpman,35,35,0,2026-09-20 03:07:48,2026-09-20 03:07:48.181
2026-09-20 02:59:06,ISRL380,0101,Regev Ben-David,35,35,0,2026-09-20 03:07:48,2026-09-20 03:07:48.374
2026-09-20 02:59:06,ISRL383,0101,Ilai Saltzman,35,35,0,2026-09-20 03:07:48,2026-09-20 03:07:48.542
2026-09-20 02:59:06,JAPN102,0101,Kumiko Akikawa,15,15,0,2026-09-20 03:07:51,2026-09-20 03:07:51.829
2026-09-20 02:59:06,JAPN102,0201,Kumiko Akikawa,15,15,0,2026-09-20 03:07:51,2026-09-20 03:07:51.829
2026-09-20 02:59:06,JAPN202,0101,Makiko Inoue,15,15,0,2026-09-20 03:07:51,2026-09-20 03:07:52.002
2026-09-20 02:59:06,JAPN202,0201,Makiko Inoue,15,15,0,2026-09-20 03:07:51,2026-09-20 03:07:52.002
2026-09-20 02:59:06,JAPN302,0101,Mari Hamada,15,15,0,2026-09-20 03:07:52,2026-09-20 03:07:52.177
2026-09-20 02:59:06,JAPN306,0101,Lindsay Yotsukura,15,15,0,2026-09-20 03:07:52,2026-09-20 03:07:52.341
2026-09-20 02:59:06,JAPN335,0101,Michele Mason,20,20,0,2026-09-20 03:07:52,2026-09-20 03:07:52.505
2026-09-20 02:59:06,JAPN355,0101,Jyana Browne,20,20,0,2026-09-20 03:07:52,2026-09-20 03:07:52.671
2026-09-20 02:59:06,JAPN361,0101,Instructor: TBA,20,20,0,2026-09-20 03:07:52,2026-09-20 03:07:52.837
2026-09-20 02:59:06,JAPN425,0101,Michele Mason,25,25,0,2026-09-20 03:07:53,2026-09-20 03:07:53.165
2026-09-20 02:59:06,JAPN457,0101,Lindsay Yotsukura,15,15,0,2026-09-20 03:07:53,2026-09-20 03:07:53.330
2026-09-20 02:59:06,JWST187,0101,Bernard Cooperman,23,23,0,2026-09-20 03:08:07,2026-09-20 03:08:07.660
2026-09-20 02:59:06,JWST187,0102,Bernard Cooperman,23,23,0,2026-09-20 03:08:07,2026-09-20 03:08:07.660
2026-09-20 02:59:06,JWST187,0103,Bernard Cooperman,23,23,0,2026-09-20 03:08:07,2026-09-20 03:08:07.661
2026-09-20 02:59:06,JWST233,0101,Hayim Lapin,30,30,0,2026-09-20 03:08:07,2026-09-20 03:08:07.833
2026-09-20 02:59:06,JWST319A,0101,Daniel Richter,35,35,0,2026-09-20 03:08:07,2026-09-20 03:08:08.001
2026-09-20 02:59:06,JWST319J,0101,Nathan Levine,35,35,0,2026-09-20 03:08:08,2026-09-20 03:08:08.171
2026-09-20 02:59:06,JWST319J,PBU1,Nathan Levine,3,3,0,2026-09-20 03:08:08,2026-09-20 03:08:08.171
2026-09-20 02:59:06,JWST319P,0101,Lauren Kotkin,18,18,0,2026-09-20 03:08:08,2026-09-20 03:08:08.336
2026-09-20 02:59:06,JWST319Q,0101,Regev Ben-David,35,35,0,2026-09-20 03:08:08,2026-09-20 03:08:08.504
2026-09-20 02:59:06,JWST319W,0101,Avital Karpman,35,35,0,2026-09-20 03:08:08,2026-09-20 03:08:08.670
2026-09-20 02:59:06,JWST324,0101,Matthew Suriano,25,25,0,2026-09-20 03:08:08,2026-09-20 03:08:08.837
2026-09-20 02:59:06,JWST386,0101,Instructor: TBA,5,5,0,2026-09-20 03:08:09,2026-09-20 03:08:09.002
2026-09-20 02:59:06,JWST419B,0101,Bernard Cooperman,9,9,0,2026-09-20 03:08:09,2026-09-20 03:08:09.344
2026-09-20 02:59:06,JWST427,0101,Matthew Suriano,15,15,0,2026-09-20 03:08:09,2026-09-20 03:08:09.510
2026-09-20 02:59:06,JWST469C,0101,Bernard Cooperman,10,10,0,2026-09-20 03:08:09,2026-09-20 03:08:09.675
2026-09-20 02:59:06,KORA101,0101,Seong Minne Koh,15,15,0,2026-09-20 03:08:25,2026-09-20 03:08:25.160
2026-09-20 02:59:06,KORA102,0101,Saerom Kwak,15,15,0,2026-09-20 03:08:25,2026-09-20 03:08:25.333
2026-09-20 02:59:06,KORA102,0201,Saerom Kwak,15,15,0,2026-09-20 03:08:25,2026-09-20 03:08:25.333
2026-09-20 02:59:06,KORA102,0301,Saerom Kwak,15,15,0,2026-09-20 03:08:25,2026-09-20 03:08:25.334
2026-09-20 02:59:06,KORA102,0401,Saerom Kwak,15,15,0,2026-09-20 03:08:25,2026-09-20 03:08:25.334
2026-09-20 02:59:06,KORA202,0101,Seong Minne Koh,15,15,0,2026-09-20 03:08:25,2026-09-20 03:08:25.499
2026-09-20 02:59:06,KORA202,0301,Seong Minne Koh,15,15,0,2026-09-20 03:08:25,2026-09-20 03:08:25.499
2026-09-20 02:59:06,KORA398O,0101,Instructor: TBA,10,10,0,2026-09-20 03:08:25,2026-09-20 03:08:25.666
2026-09-20 02:59:06,KORA398V,0101,Seong Minne Koh,10,10,0,2026-09-20 03:08:25,2026-09-20 03:08:25.838
2026-09-20 02:59:06,LEAD217,0101,Pamela Scott,25,25,0,2026-09-20 03:08:36,2026-09-20 03:08:36.931
2026-09-20 02:59:06,LEAD217,0201,Pamela Scott,25,25,0,2026-09-20 03:08:36,2026-09-20 03:08:36.932
2026-09-20 02:59:06,LEAD321,0101,Courtney Holder,10,10,0,2026-09-20 03:08:37,2026-09-20 03:08:37.101
2026-09-20 02:59:06,LEAD417,0101,Anastasia Lavrenyuk,20,20,0,2026-09-20 03:08:37,2026-09-20 03:08:37.267
2026-09-20 02:59:06,LGBT200,0101,Sayan Bhattacharya,25,25,0,2026-09-20 03:08:38,2026-09-20 03:08:38.553
2026-09-20 02:59:06,LGBT200,0102,Sayan Bhattacharya,25,25,0,2026-09-20 03:08:38,2026-09-20 03:08:38.554
2026-09-20 02:59:06,LGBT265,0201,Instructor: TBA,30,30,0,2026-09-20 03:08:38,2026-09-20 03:08:38.725
2026-09-20 02:59:06,LGBT310,0101,Sayan Bhattacharya,25,25,0,2026-09-20 03:08:38,2026-09-20 03:08:38.890
2026-09-20 02:59:06,LGBT475,0101,Sydney Lewis,20,20,0,2026-09-20 03:08:39,2026-09-20 03:08:39.181
2026-09-20 02:59:06,MLAW150,0101,David Gray,25,25,0,2026-09-20 03:09:02,2026-09-20 03:09:02.183
2026-09-20 02:59:06,MLAW150,0102,David Gray,25,25,0,2026-09-20 03:09:02,2026-09-20 03:09:02.183
2026-09-20 02:59:06,MLAW150,0103,David Gray,25,25,0,2026-09-20 03:09:02,2026-09-20 03:09:02.183
2026-09-20 02:59:06,MLAW304,0101,Christine White,40,40,0,2026-09-20 03:09:02,2026-09-20 03:09:02.372
2026-09-20 02:59:06,MLAW305,0201,Brian Gilmore,60,60,0,2026-09-20 03:09:02,2026-09-20 03:09:02.547
2026-09-20 02:59:06,MLAW325,0101,Grace Benton,12,12,0,2026-09-20 03:09:02,2026-09-20 03:09:02.748
2026-09-20 02:59:06,MLAW358W,0101,Michael Spivey,25,25,0,2026-09-20 03:09:02,2026-09-20 03:09:02.929
2026-09-20 02:59:06,MLAW358W,0102,Michael Spivey,25,25,0,2026-09-20 03:09:02,2026-09-20 03:09:02.929
2026-09-20 02:59:06,MLAW358W,0103,Michael Spivey,25,25,0,2026-09-20 03:09:02,2026-09-20 03:09:02.929
2026-09-20 02:59:06,MLAW358W,0104,Michael Spivey,25,25,0,2026-09-20 03:09:02,2026-09-20 03:09:02.929
2026-09-20 02:59:06,MLAW358W,0105,Michael Spivey,25,25,0,2026-09-20 03:09:02,2026-09-20 03:09:02.930
2026-09-20 02:59:06,MLAW358W,0106,Michael Spivey,25,25,0,2026-09-20 03:09:02,2026-09-20 03:09:02.930
2026-09-20 02:59:06,MLAW358Y,0101,Martin Kobren,5,5,0,2026-09-20 03:09:03,2026-09-20 03:09:03.104
2026-09-20 02:59:06,MLAW358Z,0101,Christine White,19,19,0,2026-09-20 03:09:03,2026-09-20 03:09:03.277
2026-09-20 02:59:06,MLAW359,0101,Brandee Pettus,8,8,0,2026-09-20 03:09:03,2026-09-20 03:09:03.451
2026-09-20 02:59:06,MLAW378E,0101,Brandee Pettus,5,5,0,2026-09-20 03:09:03,2026-09-20 03:09:03.629
2026-09-20 02:59:06,MLAW378F,0101,Brian Gilmore,15,15,0,2026-09-20 03:09:03,2026-09-20 03:09:03.801
2026-09-20 02:59:06,MLAW378J,0101,Natalie Ram,20,20,0,2026-09-20 03:09:03,2026-09-20 03:09:03.969
2026-09-20 02:59:06,MLAW378T,0101,Marley Weiss,20,20,0,2026-09-20 03:09:04,2026-09-20 03:09:04.136
2026-09-20 02:59:06,MLAW388,0101,Brandee Pettus,33,33,0,2026-09-20 03:09:04,2026-09-20 03:09:04.343
2026-09-20 02:59:06,MLAW388,0201,Brandee Pettus,6,6,0,2026-09-20 03:09:04,2026-09-20 03:09:04.344
2026-09-20 02:59:06,MLAW404,0101,Christine White,75,75,0,2026-09-20 03:09:04,2026-09-20 03:09:04.507
2026-09-20 02:59:06,MSAI602,PCS1,Tammy Perrin,30,30,0,2026-09-20 03:09:05,2026-09-20 03:09:05.791
2026-09-20 02:59:06,MSAI603,PWS1,Kemal Davaslioglu,50,50,0,2026-09-20 03:09:05,2026-09-20 03:09:05.960
2026-09-20 02:59:06,MSAI605,PCS1,Jerry Wu,55,55,0,2026-09-20 03:09:06,2026-09-20 03:09:06.130
2026-09-20 02:59:06,MSAI605,PCS2,Samet Ayhan,55,55,0,2026-09-20 03:09:06,2026-09-20 03:09:06.131
2026-09-20 02:59:06,MSAI605,PCS3,Rajeev Barua,65,65,0,2026-09-20 03:09:06,2026-09-20 03:09:06.131
2026-09-20 02:59:06,MSML602,PCS1,Tammy Perrin,30,30,0,2026-09-20 03:09:07,2026-09-20 03:09:07.413
2026-09-20 02:59:06,MSML603,PWS1,Kemal Davaslioglu,50,50,0,2026-09-20 03:09:07,2026-09-20 03:09:07.580
2026-09-20 02:59:06,MSML604,PCS1,Richard La,38,38,0,2026-09-20 03:09:07,2026-09-20 03:09:07.757
2026-09-20 02:59:06,MSML604,PCS2,Richard La,38,38,0,2026-09-20 03:09:07,2026-09-20 03:09:07.757
2026-09-20 02:59:06,MSML604,PCS3,Siddharth Pal,55,55,0,2026-09-20 03:09:07,2026-09-20 03:09:07.758
2026-09-20 02:59:06,MSML605,PCS1,Jerry Wu,55,55,0,2026-09-20 03:09:07,2026-09-20 03:09:07.935
2026-09-20 02:59:06,MSML605,PCS2,Samet Ayhan,55,55,0,2026-09-20 03:09:07,2026-09-20 03:09:07.936
2026-09-20 02:59:06,MSML605,PCS3,Rajeev Barua,65,65,0,2026-09-20 03:09:07,2026-09-20 03:09:07.936
2026-09-20 02:59:06,MSML606,PCS2,Sujeong Kim,55,55,0,2026-09-20 03:09:08,2026-09-20 03:09:08.102
2026-09-20 02:59:06,MSML606,PCS3,Samet Ayhan,55,55,0,2026-09-20 03:09:08,2026-09-20 03:09:08.102
2026-09-20 02:59:06,MSML612,PCS1,Samet Ayhan,55,55,0,2026-09-20 03:09:08,2026-09-20 03:09:08.273
2026-09-20 02:59:06,MSML612,PCS2,Samet Ayhan,55,55,0,2026-09-20 03:09:08,2026-09-20 03:09:08.273
2026-09-20 02:59:06,MSML612,PCS3,Emre Gunduzhan,55,55,0,2026-09-20 03:09:08,2026-09-20 03:09:08.273
2026-09-20 02:59:06,MSML640,PCS1,Jerry Wu,70,70,0,2026-09-20 03:09:08,2026-09-20 03:09:08.440
2026-09-20 02:59:06,MSML640,PCS2,Sujeong Kim,55,55,0,2026-09-20 03:09:08,2026-09-20 03:09:08.440
2026-09-20 02:59:06,MSML641,PCS1,Armin Mehrabian,55,55,0,2026-09-20 03:09:08,2026-09-20 03:09:08.608
2026-09-20 02:59:06,NAVY101,0101,Beau Cisneros,30,30,0,2026-09-20 03:09:31,2026-09-20 03:09:31.664
2026-09-20 02:59:06,NAVY108,0101,Christopher Boehm,150,150,0,2026-09-20 03:09:31,2026-09-20 03:09:31.829
2026-09-20 02:59:06,NAVY201,0101,Austin Cranfill,30,30,0,2026-09-20 03:09:31,2026-09-20 03:09:31.998
2026-09-20 02:59:06,NAVY301,0101,Beau Cisneros,35,35,0,2026-09-20 03:09:32,2026-09-20 03:09:32.163
2026-09-20 02:59:06,NAVY401,0101,John Gonser,36,36,0,2026-09-20 03:09:32,2026-09-20 03:09:32.326
2026-09-20 02:59:06,NAVY402,0102,Jenna Weiner,25,25,0,2026-09-20 03:09:32,2026-09-20 03:09:32.492
2026-09-20 02:59:06,NEUR200,0101,Ana Navarro Cebrian,90,90,0,2026-09-20 03:09:33,2026-09-20 03:09:33.794
2026-09-20 02:59:06,NEUR200,0201,Ana Navarro Cebrian,90,90,0,2026-09-20 03:09:33,2026-09-20 03:09:33.794
2026-09-20 02:59:06,NEUR305,0101,Amanda Chicoli,90,90,0,2026-09-20 03:09:33,2026-09-20 03:09:33.960
2026-09-20 02:59:06,NEUR306,0101,Chan Lin,64,64,0,2026-09-20 03:09:34,2026-09-20 03:09:34.129
2026-09-20 02:59:06,NEUR306,0102,Melissa Caras,40,40,0,2026-09-20 03:09:34,2026-09-20 03:09:34.129
2026-09-20 02:59:06,NEUR338A,0101,Amanda Chicoli,20,20,0,2026-09-20 03:09:34,2026-09-20 03:09:34.466
2026-09-20 02:59:06,NEUR398H,0101,Nikolas Francis,20,20,0,2026-09-20 03:09:34,2026-09-20 03:09:34.956
2026-09-20 02:59:06,NEUR405,0101,Hilary Bierman,16,16,0,2026-09-20 03:09:35,2026-09-20 03:09:35.133
2026-09-20 02:59:06,NEUR405,0102,Hilary Bierman,16,16,0,2026-09-20 03:09:35,2026-09-20 03:09:35.133
2026-09-20 02:59:06,NEUR405,0103,Hilary Bierman,16,16,0,2026-09-20 03:09:35,2026-09-20 03:09:35.133
2026-09-20 02:59:06,NEUR405,0106,Hilary Bierman,16,16,0,2026-09-20 03:09:35,2026-09-20 03:09:35.133
2026-09-20 02:59:06,PEER318,0101,Christina Jay,15,15,0,2026-09-20 03:09:41,2026-09-20 03:09:41.774
2026-09-20 02:59:06,PEER319,0101,Grace Boudreau,15,15,0,2026-09-20 03:09:41,2026-09-20 03:09:41.939
2026-09-20 02:59:06,PEER322,0101,Aleia Gardner,15,15,0,2026-09-20 03:09:42,2026-09-20 03:09:42.106
2026-09-20 02:59:06,PHPE308A,0101,Rachel Singpurwalla,25,25,0,2026-09-20 03:09:49,2026-09-20 03:09:49.355
2026-09-20 02:59:06,PHPE308P,0101,Xinzhi Zhao,30,30,0,2026-09-20 03:09:49,2026-09-20 03:09:49.523
2026-09-20 02:59:06,PHPE308U,0101,Aner Tal,35,35,0,2026-09-20 03:09:49,2026-09-20 03:09:49.687
2026-09-20 02:59:06,PHPE400,0101,Instructor: TBA,30,30,0,2026-09-20 03:09:50,2026-09-20 03:09:50.042
2026-09-20 02:59:06,PHPE401,0101,Xinzhi Zhao,27,27,0,2026-09-20 03:09:50,2026-09-20 03:09:50.212
2026-09-20 02:59:06,PHPE401,0102,Xinzhi Zhao,27,27,0,2026-09-20 03:09:50,2026-09-20 03:09:50.212
2026-09-20 02:59:06,PHPE402,0101,Instructor: TBA,30,30,0,2026-09-20 03:09:50,2026-09-20 03:09:50.377
2026-09-20 02:59:06,PHPE408M,0101,Nicholas Laskowski,25,25,0,2026-09-20 03:09:50,2026-09-20 03:09:50.543
2026-09-20 02:59:06,PHPE408Z,0101,Avia Pasternak,30,30,0,2026-09-20 03:09:50,2026-09-20 03:09:50.727
2026-09-20 02:59:06,PHSC201,0101,Kayla Hoffman,30,30,0,2026-09-20 03:09:52,2026-09-20 03:09:52.013
2026-09-20 02:59:06,PHSC388F,0101,Jennifer German,30,30,0,2026-09-20 03:09:52,2026-09-20 03:09:52.180
2026-09-20 02:59:06,PHSC399,0101,Shannon Edward,30,30,0,2026-09-20 03:09:52,2026-09-20 03:09:52.510
2026-09-20 02:59:06,PHSC399,ESG1,Shannon Edward,20,20,0,2026-09-20 03:09:52,2026-09-20 03:09:52.510
2026-09-20 02:59:06,PHSC415,0101,Jessica O'Hara,36,36,0,2026-09-20 03:09:52,2026-09-20 03:09:52.690
2026-09-20 02:59:06,PHSC415,0102,Jessica O'Hara,36,36,0,2026-09-20 03:09:52,2026-09-20 03:09:52.690
2026-09-20 02:59:06,PHSC415,0103,Jessica O'Hara,36,36,0,2026-09-20 03:09:52,2026-09-20 03:09:52.690
2026-09-20 02:59:06,PHSC415,0104,Jessica O'Hara,36,36,0,2026-09-20 03:09:52,2026-09-20 03:09:52.690
2026-09-20 02:59:06,PHSC415,0105,Jessica O'Hara,36,36,0,2026-09-20 03:09:52,2026-09-20 03:09:52.690
2026-09-20 02:59:06,PHSC430,0101,Kendall Bustad,35,35,0,2026-09-20 03:09:52,2026-09-20 03:09:52.863
2026-09-20 02:59:06,PHSC430,ESG1,Kendall Bustad,8,8,0,2026-09-20 03:09:52,2026-09-20 03:09:52.863
2026-09-20 02:59:06,PHSC450,0101,Kendall Bustad,20,20,0,2026-09-20 03:09:53,2026-09-20 03:09:53.057
2026-09-20 02:59:06,PHSC450,0102,Kendall Bustad,20,20,0,2026-09-20 03:09:53,2026-09-20 03:09:53.057
2026-09-20 02:59:06,PHSC450,0103,Kendall Bustad,20,20,0,2026-09-20 03:09:53,2026-09-20 03:09:53.058
2026-09-20 02:59:06,PHSC450,0104,Kendall Bustad,20,20,0,2026-09-20 03:09:53,2026-09-20 03:09:53.058
2026-09-20 02:59:06,PHSC450,0105,Kendall Bustad,20,20,0,2026-09-20 03:09:53,2026-09-20 03:09:53.058
2026-09-20 02:59:06,PHSC450,0106,Kendall Bustad,20,20,0,2026-09-20 03:09:53,2026-09-20 03:09:53.058
2026-09-20 02:59:06,PHSC450,0107,Kendall Bustad,20,20,0,2026-09-20 03:09:53,2026-09-20 03:09:53.058
2026-09-20 02:59:06,PHSC450,ESG1,Kendall Bustad,35,35,0,2026-09-20 03:09:53,2026-09-20 03:09:53.059
2026-09-20 02:59:06,PHSC490,0101,Shannon Edward,30,30,0,2026-09-20 03:09:53,2026-09-20 03:09:53.225
2026-09-20 02:59:06,PHSC497,0101,Gretchen De Silva,20,20,0,2026-09-20 03:09:53,2026-09-20 03:09:53.420
2026-09-20 02:59:06,PHSC497,0201,Kendall Bustad,20,20,0,2026-09-20 03:09:53,2026-09-20 03:09:53.420
2026-09-20 02:59:06,PHSC497,0301,Gretchen De Silva,20,20,0,2026-09-20 03:09:53,2026-09-20 03:09:53.421
2026-09-20 02:59:06,PHSC497,0401,Aysha Jawed,20,20,0,2026-09-20 03:09:53,2026-09-20 03:09:53.421
2026-09-20 02:59:06,PHSC497,0501,Jennifer German,20,20,0,2026-09-20 03:09:53,2026-09-20 03:09:53.421
2026-09-20 02:59:06,PHSC497,0601,Carmen Booker,20,20,0,2026-09-20 03:09:53,2026-09-20 03:09:53.421
2026-09-20 02:59:06,PHSC497,0701,Lakeshia Watson,20,20,0,2026-09-20 03:09:53,2026-09-20 03:09:53.421
2026-09-20 02:59:06,PHSC497,0801,Lakeshia Watson,20,20,0,2026-09-20 03:09:53,2026-09-20 03:09:53.421
2026-09-20 02:59:06,PHSC497,0901,Darya Soltani,20,20,0,2026-09-20 03:09:53,2026-09-20 03:09:53.422
2026-09-20 02:59:06,PHSC497,1001,Brienna Anderson,20,20,0,2026-09-20 03:09:53,2026-09-20 03:09:53.422
2026-09-20 02:59:06,PHSC497,1101,Margaret Smith,20,20,0,2026-09-20 03:09:53,2026-09-20 03:09:53.422
2026-09-20 02:59:06,PHSC497,1201,Eric Silfen,20,20,0,2026-09-20 03:09:53,2026-09-20 03:09:53.422
2026-09-20 02:59:06,PHSC497,1301,Lakeshia Watson,20,20,0,2026-09-20 03:09:53,2026-09-20 03:09:53.422
2026-09-20 02:59:06,PHSC497,ESG1,Ann Truelove,20,20,0,2026-09-20 03:09:53,2026-09-20 03:09:53.423
2026-09-20 02:59:06,RDEV250,0101,Wayne Ricardo Curtis,75,75,0,2026-09-20 03:10:29,2026-09-20 03:10:29.666
2026-09-20 02:59:06,RDEV250,0102,Wayne Ricardo Curtis,75,75,0,2026-09-20 03:10:29,2026-09-20 03:10:29.666
2026-09-20 02:59:06,RDEV270,0101,John Park,30,30,0,2026-09-20 03:10:29,2026-09-20 03:10:29.832
2026-09-20 02:59:06,RDEV350,0101,Jesse Saginor,25,25,0,2026-09-20 03:10:29,2026-09-20 03:10:29.998
2026-09-20 02:59:06,RDEV350,0102,Instructor: TBA,30,30,0,2026-09-20 03:10:29,2026-09-20 03:10:29.999
2026-09-20 02:59:06,RDEV410,0101,Peter Goldsmith,30,30,0,2026-09-20 03:10:30,2026-09-20 03:10:30.163
2026-09-20 02:59:06,RDEV415,0101,Bilal Ali,20,20,0,2026-09-20 03:10:30,2026-09-20 03:10:30.354
2026-09-20 02:59:06,RDEV445,0101,Matthew O'Malley,15,15,0,2026-09-20 03:10:30,2026-09-20 03:10:30.521
2026-09-20 02:59:06,RDEV450,0101,Kathryn Corby,30,30,0,2026-09-20 03:10:30,2026-09-20 03:10:30.731
2026-09-20 02:59:06,RDEV450,0102,Thomas Dwyer,20,20,0,2026-09-20 03:10:30,2026-09-20 03:10:30.731
2026-09-20 02:59:06,RDEV450,0103,John Park,30,30,0,2026-09-20 03:10:30,2026-09-20 03:10:30.731
2026-09-20 02:59:06,RDEV478D,0101,Jesse Saginor,20,20,0,2026-09-20 03:10:30,2026-09-20 03:10:30.900
2026-09-20 02:59:06,RDEV600,0101,Jesse Saginor,10,10,0,2026-09-20 03:10:31,2026-09-20 03:10:31.065
2026-09-20 02:59:06,RDEV603,0101,Thomas Dwyer,18,18,0,2026-09-20 03:10:31,2026-09-20 03:10:31.255
2026-09-20 02:59:06,RDEV610,0101,David Warner,20,20,0,2026-09-20 03:10:31,2026-09-20 03:10:31.428
2026-09-20 02:59:06,RDEV615,0101,Bilal Ali,20,20,0,2026-09-20 03:10:31,2026-09-20 03:10:31.597
2026-09-20 02:59:06,RDEV630,0101,Mansur Abdul-Malik,30,30,0,2026-09-20 03:10:31,2026-09-20 03:10:31.767
2026-09-20 02:59:06,RDEV650,0101,Matthew O'Malley,25,25,0,2026-09-20 03:10:31,2026-09-20 03:10:31.932
2026-09-20 02:59:06,RDEV689F,0101,Zachary Marks,20,20,0,2026-09-20 03:10:32,2026-09-20 03:10:32.103
2026-09-20 02:59:06,RDEV689I,0101,Ronald McDonald,14,14,0,2026-09-20 03:10:32,2026-09-20 03:10:32.273
2026-09-20 02:59:06,RDEV689R,0101,Nick Egelanian,15,15,0,2026-09-20 03:10:32,2026-09-20 03:10:32.438
2026-09-20 02:59:06,RDEV689Y,0101,Instructor: TBA,12,12,0,2026-09-20 03:10:32,2026-09-20 03:10:32.604
2026-09-20 02:59:06,RDEV690,0101,Tanya Bansal,12,12,0,2026-09-20 03:10:32,2026-09-20 03:10:32.769
2026-09-20 02:59:06,RELS170,0101,Katherine Wasdin,21,21,0,2026-09-20 03:10:34,2026-09-20 03:10:34.062
2026-09-20 02:59:06,RELS170,0102,Katherine Wasdin,21,21,0,2026-09-20 03:10:34,2026-09-20 03:10:34.062
2026-09-20 02:59:06,RELS170,0103,Katherine Wasdin,21,21,0,2026-09-20 03:10:34,2026-09-20 03:10:34.063
2026-09-20 02:59:06,RELS170,0104,Katherine Wasdin,21,21,0,2026-09-20 03:10:34,2026-09-20 03:10:34.063
2026-09-20 02:59:06,RELS170,0105,Katherine Wasdin,21,21,0,2026-09-20 03:10:34,2026-09-20 03:10:34.063
2026-09-20 02:59:06,RELS170,0106,Katherine Wasdin,21,21,0,2026-09-20 03:10:34,2026-09-20 03:10:34.063
2026-09-20 02:59:06,RELS170,0107,Katherine Wasdin,21,21,0,2026-09-20 03:10:34,2026-09-20 03:10:34.063
2026-09-20 02:59:06,RELS170,0108,Katherine Wasdin,21,21,0,2026-09-20 03:10:34,2026-09-20 03:10:34.064
2026-09-20 02:59:06,RELS170,0109,Katherine Wasdin,21,21,0,2026-09-20 03:10:34,2026-09-20 03:10:34.064
2026-09-20 02:59:06,RELS264,0101,Jay Moses,30,30,0,2026-09-20 03:10:34,2026-09-20 03:10:34.230
2026-09-20 02:59:06,RELS271,0101,Instructor: TBA,40,40,0,2026-09-20 03:10:34,2026-09-20 03:10:34.394
2026-09-20 02:59:06,RELS319Q,0101,Regev Ben-David,35,35,0,2026-09-20 03:10:34,2026-09-20 03:10:34.564
2026-09-20 02:59:06,RELS342,0101,Stefano Villani,27,27,0,2026-09-20 03:10:34,2026-09-20 03:10:34.731
2026-09-20 02:59:06,RELS427,0101,Matthew Suriano,15,15,0,2026-09-20 03:10:34,2026-09-20 03:10:34.903
2026-09-20 02:59:06,RELS429M,0101,Antoine Borrut,27,27,0,2026-09-20 03:10:35,2026-09-20 03:10:35.069
2026-09-20 02:59:06,RUSS102,0101,Inna Hardman,15,15,0,2026-09-20 03:10:36,2026-09-20 03:10:36.373
2026-09-20 02:59:06,RUSS102,0201,Inna Hardman,15,15,0,2026-09-20 03:10:36,2026-09-20 03:10:36.373
2026-09-20 02:59:06,RUSS202,0101,Zhanna Gerus-Vernola,15,15,0,2026-09-20 03:10:36,2026-09-20 03:10:36.552
2026-09-20 02:59:06,RUSS302,0101,Izolda Savenkova,15,15,0,2026-09-20 03:10:36,2026-09-20 03:10:36.718
2026-09-20 02:59:06,RUSS398A,0101,Instructor: TBA,15,15,0,2026-09-20 03:10:37,2026-09-20 03:10:37.046
2026-09-20 02:59:06,RUSS398F,0101,Elizabeth Papazian,25,25,0,2026-09-20 03:10:37,2026-09-20 03:10:37.215
2026-09-20 02:59:06,RUSS406,0101,Izolda Savenkova,15,15,0,2026-09-20 03:10:37,2026-09-20 03:10:37.547
2026-09-20 02:59:06,RUSS412,0101,Inna Hardman,15,15,0,2026-09-20 03:10:37,2026-09-20 03:10:37.716
2026-09-20 02:59:06,SDSB123,0101,Srijeeta Mitra,26,26,0,2026-09-20 03:10:39,2026-09-20 03:10:39.152
2026-09-20 02:59:06,SDSB180,0101,Srijeeta Mitra,155,155,0,2026-09-20 03:10:39,2026-09-20 03:10:39.318
2026-09-20 02:59:06,SDSB233,0101,Richard Engstrom,28,28,0,2026-09-20 03:10:39,2026-09-20 03:10:39.488
2026-09-20 02:59:06,SDSB233,0102,Richard Engstrom,28,28,0,2026-09-20 03:10:39,2026-09-20 03:10:39.489
2026-09-20 02:59:06,SDSB326,0101,Jacob Coutts,40,40,0,2026-09-20 03:10:39,2026-09-20 03:10:39.654
2026-09-20 02:59:06,SDSB340,0101,Neil Lund,24,24,0,2026-09-20 03:10:39,2026-09-20 03:10:39.822
2026-09-20 02:59:06,SDSI414,0101,Instructor: TBA,40,40,0,2026-09-20 03:10:41,2026-09-20 03:10:41.088
2026-09-20 02:59:06,SDSI414,0102,Instructor: TBA,40,40,0,2026-09-20 03:10:41,2026-09-20 03:10:41.088
2026-09-20 02:59:06,SDSI414,0103,Instructor: TBA,40,40,0,2026-09-20 03:10:41,2026-09-20 03:10:41.089
2026-09-20 02:59:06,SDSI414,0201,Instructor: TBA,40,40,0,2026-09-20 03:10:41,2026-09-20 03:10:41.089
2026-09-20 02:59:06,SDSI414,0202,Instructor: TBA,40,40,0,2026-09-20 03:10:41,2026-09-20 03:10:41.089
2026-09-20 02:59:06,SDSI492,0101,Instructor: TBA,29,29,0,2026-09-20 03:10:41,2026-09-20 03:10:41.270
2026-09-20 02:59:06,SDSI492,0102,Instructor: TBA,50,50,0,2026-09-20 03:10:41,2026-09-20 03:10:41.270
2026-09-20 02:59:06,SDSI492,0103,Instructor: TBA,50,50,0,2026-09-20 03:10:41,2026-09-20 03:10:41.270
2026-09-20 02:59:06,SDSI492,0104,Instructor: TBA,40,40,0,2026-09-20 03:10:41,2026-09-20 03:10:41.270
2026-09-20 02:59:06,SDSI492,0105,Instructor: TBA,50,50,0,2026-09-20 03:10:41,2026-09-20 03:10:41.271
2026-09-20 02:59:06,SDSI492,0107,Instructor: TBA,50,50,0,2026-09-20 03:10:41,2026-09-20 03:10:41.271
2026-09-20 02:59:06,SDSI492,0108,Instructor: TBA,50,50,0,2026-09-20 03:10:41,2026-09-20 03:10:41.271
2026-09-20 02:59:06,SDSI492,0110,Instructor: TBA,50,50,0,2026-09-20 03:10:41,2026-09-20 03:10:41.271
2026-09-20 02:59:06,SDSI492,ESG1,Stacy Surla,50,50,0,2026-09-20 03:10:41,2026-09-20 03:10:41.271
2026-09-20 02:59:06,SLLC286,0101,Andrew Schonebaum,60,60,0,2026-09-20 03:10:43,2026-09-20 03:10:43.915
2026-09-20 02:59:06,SLLC287,0101,Sean Pue,20,20,0,2026-09-20 03:10:44,2026-09-20 03:10:44.080
2026-09-20 02:59:06,SLLC305,0101,Nahal Akbari-Saneh,25,25,0,2026-09-20 03:10:44,2026-09-20 03:10:44.243
2026-09-20 02:59:06,SLLC309,0101,Ahmed Hanafy,10,10,0,2026-09-20 03:10:44,2026-09-20 03:10:44.434
2026-09-20 02:59:06,SLLC309,0102,Ahmed Hanafy,10,10,0,2026-09-20 03:10:44,2026-09-20 03:10:44.435
2026-09-20 02:59:06,SLLC309,0103,Ahmed Hanafy,10,10,0,2026-09-20 03:10:44,2026-09-20 03:10:44.435
2026-09-20 02:59:06,SLLC309,0104,Ahmed Hanafy,10,10,0,2026-09-20 03:10:44,2026-09-20 03:10:44.435
2026-09-20 02:59:06,SLLC309,0105,Ahmed Hanafy,10,10,0,2026-09-20 03:10:44,2026-09-20 03:10:44.435
2026-09-20 02:59:06,SLLC309,0106,Ahmed Hanafy,10,10,0,2026-09-20 03:10:44,2026-09-20 03:10:44.435
2026-09-20 02:59:06,SLLC309,0107,Ahmed Hanafy,10,10,0,2026-09-20 03:10:44,2026-09-20 03:10:44.435
2026-09-20 02:59:06,SLLC309,0108,Ahmed Hanafy,10,10,0,2026-09-20 03:10:44,2026-09-20 03:10:44.436
2026-09-20 02:59:06,SLLC309,0109,Ahmed Hanafy,10,10,0,2026-09-20 03:10:44,2026-09-20 03:10:44.436
2026-09-20 02:59:06,SLLC309,0110,Ahmed Hanafy,10,10,0,2026-09-20 03:10:44,2026-09-20 03:10:44.436
2026-09-20 02:59:06,SLLC309,0111,Ahmed Hanafy,10,10,0,2026-09-20 03:10:44,2026-09-20 03:10:44.436
2026-09-20 02:59:06,SLLC329,0101,Marilyn Matar,10,10,0,2026-09-20 03:10:44,2026-09-20 03:10:44.620
2026-09-20 02:59:06,SLLC329,0102,Marilyn Matar,10,10,0,2026-09-20 03:10:44,2026-09-20 03:10:44.620
2026-09-20 02:59:06,SLLC329,0103,Marilyn Matar,20,20,0,2026-09-20 03:10:44,2026-09-20 03:10:44.621
2026-09-20 02:59:06,SLLC329,0104,Marilyn Matar,10,10,0,2026-09-20 03:10:44,2026-09-20 03:10:44.621
2026-09-20 02:59:06,SLLC329,0105,Marilyn Matar,10,10,0,2026-09-20 03:10:44,2026-09-20 03:10:44.621
2026-09-20 02:59:06,SLLC329,0106,Marilyn Matar,10,10,0,2026-09-20 03:10:44,2026-09-20 03:10:44.621
2026-09-20 02:59:06,SLLC329,0107,Marilyn Matar,10,10,0,2026-09-20 03:10:44,2026-09-20 03:10:44.621
2026-09-20 02:59:06,SLLC329,0108,Marilyn Matar,10,10,0,2026-09-20 03:10:44,2026-09-20 03:10:44.622
2026-09-20 02:59:06,SLLC329,0109,Marilyn Matar,10,10,0,2026-09-20 03:10:44,2026-09-20 03:10:44.622
2026-09-20 02:59:06,SLLC329,0110,Marilyn Matar,20,20,0,2026-09-20 03:10:44,2026-09-20 03:10:44.622
2026-09-20 02:59:06,SMLP471,0101,Jennifer Hsin,60,60,0,2026-09-20 03:10:45,2026-09-20 03:10:45.884
2026-09-20 02:59:06,SMLP474,0101,Sara Herald,60,60,0,2026-09-20 03:10:46,2026-09-20 03:10:46.047
2026-09-20 02:59:06,SPHL100,0101,Shuling Wu,20,20,0,2026-09-20 03:11:00,2026-09-20 03:11:00.769
2026-09-20 02:59:06,SPHL100,0102,Shuling Wu,20,20,0,2026-09-20 03:11:00,2026-09-20 03:11:00.769
2026-09-20 02:59:06,SPHL100,0103,Shuling Wu,20,20,0,2026-09-20 03:11:00,2026-09-20 03:11:00.769
2026-09-20 02:59:06,SPHL100,0104,Shuling Wu,20,20,0,2026-09-20 03:11:00,2026-09-20 03:11:00.769
2026-09-20 02:59:06,SPHL100,0105,Shuling Wu,20,20,0,2026-09-20 03:11:00,2026-09-20 03:11:00.770
2026-09-20 02:59:06,SPHL100,0106,Shuling Wu,20,20,0,2026-09-20 03:11:00,2026-09-20 03:11:00.770
2026-09-20 02:59:06,SPHL100,0107,Shuling Wu,20,20,0,2026-09-20 03:11:00,2026-09-20 03:11:00.770
2026-09-20 02:59:06,SPHL100,0108,Shuling Wu,20,20,0,2026-09-20 03:11:00,2026-09-20 03:11:00.770
2026-09-20 02:59:06,SPHL100,0109,Shuling Wu,20,20,0,2026-09-20 03:11:00,2026-09-20 03:11:00.770
2026-09-20 02:59:06,SPHL100,0110,Shuling Wu,20,20,0,2026-09-20 03:11:00,2026-09-20 03:11:00.770
2026-09-20 02:59:06,SPHL100,0201,Shuling Wu,20,20,0,2026-09-20 03:11:00,2026-09-20 03:11:00.771
2026-09-20 02:59:06,SPHL100,0202,Shuling Wu,20,20,0,2026-09-20 03:11:00,2026-09-20 03:11:00.771
2026-09-20 02:59:06,SPHL100,0203,Shuling Wu,20,20,0,2026-09-20 03:11:00,2026-09-20 03:11:00.771
2026-09-20 02:59:06,SPHL100,0204,Shuling Wu,20,20,0,2026-09-20 03:11:00,2026-09-20 03:11:00.771
2026-09-20 02:59:06,SPHL100,0205,Shuling Wu,20,20,0,2026-09-20 03:11:00,2026-09-20 03:11:00.771
2026-09-20 02:59:06,SPHL100,0206,Shuling Wu,20,20,0,2026-09-20 03:11:00,2026-09-20 03:11:00.772
2026-09-20 02:59:06,SPHL100,0207,Shuling Wu,20,20,0,2026-09-20 03:11:00,2026-09-20 03:11:00.772
2026-09-20 02:59:06,SPHL100,0208,Shuling Wu,20,20,0,2026-09-20 03:11:00,2026-09-20 03:11:00.772
2026-09-20 02:59:06,SPHL246,0101,April Khaing,20,20,0,2026-09-20 03:11:00,2026-09-20 03:11:00.937
2026-09-20 02:59:06,SPHL276,0101,Dina Borzekowski,25,25,0,2026-09-20 03:11:01,2026-09-20 03:11:01.108
2026-09-20 02:59:06,SPHL321,0101,Sylvette La Touche-Howard,15,15,0,2026-09-20 03:11:01,2026-09-20 03:11:01.295
2026-09-20 02:59:06,SPHL333,0101,Cynthia Kershaw,75,75,0,2026-09-20 03:11:01,2026-09-20 03:11:01.551
2026-09-20 02:59:06,SPHL478,0101,Tracy Zeeger,10,10,0,2026-09-20 03:11:02,2026-09-20 03:11:02.018
2026-09-20 02:59:06,SPHL600,0101,Sylvette La Touche-Howard,8,8,0,2026-09-20 03:11:02,2026-09-20 03:11:02.199
2026-09-20 02:59:06,SPHL610,0101,Danielle Catona,22,22,0,2026-09-20 03:11:02,2026-09-20 03:11:02.412
2026-09-20 02:59:06,SPHL610,0102,Danielle Catona,22,22,0,2026-09-20 03:11:02,2026-09-20 03:11:02.412
2026-09-20 02:59:06,SPHL610,0103,Danielle Catona,22,22,0,2026-09-20 03:11:02,2026-09-20 03:11:02.413
2026-09-20 02:59:06,SPHL610,PLB1,Priscilla Novak,20,20,0,2026-09-20 03:11:02,2026-09-20 03:11:02.413
2026-09-20 02:59:06,SPHL610,PLH1,Priscilla Novak,28,28,0,2026-09-20 03:11:02,2026-09-20 03:11:02.413
2026-09-20 02:59:06,SPHL610,PLK1,Priscilla Novak,5,5,0,2026-09-20 03:11:02,2026-09-20 03:11:02.413
2026-09-20 02:59:06,SPHL611,0101,Danielle Catona,45,45,0,2026-09-20 03:11:02,2026-09-20 03:11:02.595
2026-09-20 02:59:06,SPHL611,0201,Danielle Catona,45,45,0,2026-09-20 03:11:02,2026-09-20 03:11:02.595
2026-09-20 02:59:06,SPHL611,PLB1,Evelyn King-Marshall,20,20,0,2026-09-20 03:11:02,2026-09-20 03:11:02.595
2026-09-20 02:59:06,SPHL611,PLH1,Evelyn King-Marshall,28,28,0,2026-09-20 03:11:02,2026-09-20 03:11:02.595
2026-09-20 02:59:06,SPHL611,PLK1,Evelyn King-Marshall,5,5,0,2026-09-20 03:11:02,2026-09-20 03:11:02.595
2026-09-20 02:59:06,SPHL612,0101,James Hagberg,15,15,0,2026-09-20 03:11:02,2026-09-20 03:11:02.774
2026-09-20 02:59:06,TLTC310,0101,Sarah Kistner,20,20,0,2026-09-20 03:11:22,2026-09-20 03:11:22.763
2026-09-20 02:59:06,TLTC333,0101,Mona Thompson,55,55,0,2026-09-20 03:11:22,2026-09-20 03:11:22.932
2026-09-20 02:59:06,TLTC333,0102,Mona Thompson,55,55,0,2026-09-20 03:11:22,2026-09-20 03:11:22.932
2026-09-20 02:59:06,TLTC333,0105,Mona Thompson,55,55,0,2026-09-20 03:11:22,2026-09-20 03:11:22.932
2026-09-20 02:59:06,URSP372,0101,Priscila Alves,20,20,0,2026-09-20 03:11:28,2026-09-20 03:11:28.749
2026-09-20 02:59:06,URSP600,0101,Kevin Nelson,25,25,0,2026-09-20 03:11:28,2026-09-20 03:11:28.917
2026-09-20 02:59:06,URSP603,0101,Dawn Jourdan,33,33,0,2026-09-20 03:11:29,2026-09-20 03:11:29.085
2026-09-20 02:59:06,URSP606,0101,Chengri Ding,15,15,0,2026-09-20 03:11:29,2026-09-20 03:11:29.250
2026-09-20 02:59:06,URSP631,0101,Hiroyuki Iseki,15,15,0,2026-09-20 03:11:29,2026-09-20 03:11:29.416
2026-09-20 02:59:06,URSP668B,0101,Eric Burnstein,20,20,0,2026-09-20 03:11:29,2026-09-20 03:11:29.581
2026-09-20 02:59:06,URSP673,0101,Riem ElZoghbi,25,25,0,2026-09-20 03:11:29,2026-09-20 03:11:29.746
2026-09-20 02:59:06,URSP688M,0101,Andrew Bernish,20,20,0,2026-09-20 03:11:29,2026-09-20 03:11:29.925
2026-09-20 02:59:06,URSP688P,0101,Sonja Ewing,15,15,0,2026-09-20 03:11:30,2026-09-20 03:11:30.092
2026-09-20 02:59:06,URSP688Y,0101,Chester Harvey,30,30,0,2026-09-20 03:11:30,2026-09-20 03:11:30.262
2026-09-20 02:59:06,URSP708,0101,Nicholas Finio,10,10,0,2026-09-20 03:11:30,2026-09-20 03:11:30.436
2026-09-20 02:59:06,URSP709,0101,Casey Dawkins,10,10,0,2026-09-20 03:11:30,2026-09-20 03:11:30.624
2026-09-20 02:59:06,URSP805,0101,Casey Dawkins,15,15,0,2026-09-20 03:11:31,2026-09-20 03:11:31.283
2026-09-20 02:59:06,USLT202,0101,Robert Chester,26,26,0,2026-09-20 03:11:32,2026-09-20 03:11:32.879
2026-09-20 02:59:06,USLT403,0101,Perla Guerrero,20,20,0,2026-09-20 03:11:33,2026-09-20 03:11:33.080
2026-09-20 02:59:06,USLT420,0101,Robert Chester,27,27,0,2026-09-20 03:11:33,2026-09-20 03:11:33.247
2026-09-20 02:59:06,USLT488,0101,Nancy Mirabal,30,30,0,2026-09-20 03:11:33,2026-09-20 03:11:33.413
2026-09-20 02:59:06,USLT498L,0101,Fernando Rios,12,12,0,2026-09-20 03:11:33,2026-09-20 03:11:33.581
2026-09-20 02:59:06,VIPS208,0102,Ken Kiger,10,10,0,2026-09-20 03:11:34,2026-09-20 03:11:34.890
2026-09-20 02:59:06,VIPS208,0103,Bryan Quinn,10,10,0,2026-09-20 03:11:34,2026-09-20 03:11:34.890
2026-09-20 02:59:06,VIPS208,0104,Ryan Sochol,10,10,0,2026-09-20 03:11:34,2026-09-20 03:11:34.891
2026-09-20 02:59:06,VIPS208,0105,Molly Carton,10,10,0,2026-09-20 03:11:34,2026-09-20 03:11:34.891
2026-09-20 02:59:06,VIPS208,0106,James Baeder,11,11,0,2026-09-20 03:11:34,2026-09-20 03:11:34.891
2026-09-20 02:59:06,VIPS208,0107,Catherine Spirito,10,10,0,2026-09-20 03:11:34,2026-09-20 03:11:34.891
2026-09-20 02:59:06,VIPS208,0108,Ronald Yaros,10,10,0,2026-09-20 03:11:34,2026-09-20 03:11:34.891
2026-09-20 02:59:06,VIPS208,0109,Carinna Ferguson,10,10,0,2026-09-20 03:11:34,2026-09-20 03:11:34.891
2026-09-20 02:59:06,VIPS208,0110,Tracy Riggins,10,10,0,2026-09-20 03:11:34,2026-09-20 03:11:34.892
2026-09-20 02:59:06,VIPS208,0111,Kevin Calabro,10,10,0,2026-09-20 03:11:34,2026-09-20 03:11:34.892
2026-09-20 02:59:06,VIPS208,0112,Raffaele Viglianti,10,10,0,2026-09-20 03:11:34,2026-09-20 03:11:34.892
2026-09-20 02:59:06,VIPS208,0113,Shabnam Jabeen,10,10,0,2026-09-20 03:11:34,2026-09-20 03:11:34.892
2026-09-20 02:59:06,VIPS208,0114,Ning Zeng,10,10,0,2026-09-20 03:11:34,2026-09-20 03:11:34.892
2026-09-20 02:59:06,VIPS208,0115,Veronica Kang,10,10,0,2026-09-20 03:11:34,2026-09-20 03:11:34.893
2026-09-20 02:59:06,VIPS208,0116,David Stewart,10,10,0,2026-09-20 03:11:34,2026-09-20 03:11:34.893
2026-09-20 02:59:06,VIPS208,0117,Meredith Epstein,10,10,0,2026-09-20 03:11:34,2026-09-20 03:11:34.893
2026-09-20 02:59:06,VIPS208,0118,Magaly Toro Ibaceta,10,10,0,2026-09-20 03:11:34,2026-09-20 03:11:34.893
2026-09-20 02:59:06,VIPS208,0120,Marisa Parham,10,10,0,2026-09-20 03:11:34,2026-09-20 03:11:34.893
2026-09-20 02:59:06,VIPS208,0121,Becky Epanchin-Niell,10,10,0,2026-09-20 03:11:34,2026-09-20 03:11:34.893
2026-09-20 02:59:06,VIPS208,0122,Timothy Reedy,10,10,0,2026-09-20 03:11:34,2026-09-20 03:11:34.894
2026-09-20 02:59:06,VIPS208,0123,Lingnan Lin,10,10,0,2026-09-20 03:11:34,2026-09-20 03:11:34.894
2026-09-20 02:59:06,VIPS208,0124,Jeffrey Moro,10,10,0,2026-09-20 03:11:34,2026-09-20 03:11:34.894
2026-09-20 02:59:06,VIPS208,0125,Peter Sunderland,10,10,0,2026-09-20 03:11:34,2026-09-20 03:11:34.894
2026-09-20 02:59:06,VIPS208,0126,Brienna Anderson,10,10,0,2026-09-20 03:11:34,2026-09-20 03:11:34.894
2026-09-20 02:59:06,VIPS308,0102,Ken Kiger,10,10,0,2026-09-20 03:11:35,2026-09-20 03:11:35.105
2026-09-20 02:59:06,VIPS308,0103,Bryan Quinn,13,13,0,2026-09-20 03:11:35,2026-09-20 03:11:35.105
2026-09-20 02:59:06,VIPS308,0104,Ryan Sochol,10,10,0,2026-09-20 03:11:35,2026-09-20 03:11:35.106
2026-09-20 02:59:06,VIPS308,0105,Molly Carton,10,10,0,2026-09-20 03:11:35,2026-09-20 03:11:35.106
2026-09-20 02:59:06,VIPS308,0106,James Baeder,10,10,0,2026-09-20 03:11:35,2026-09-20 03:11:35.106
2026-09-20 02:59:06,VIPS308,0107,Catherine Spirito,10,10,0,2026-09-20 03:11:35,2026-09-20 03:11:35.106
2026-09-20 02:59:06,VIPS308,0108,Ronald Yaros,10,10,0,2026-09-20 03:11:35,2026-09-20 03:11:35.106
2026-09-20 02:59:06,VIPS308,0109,Carinna Ferguson,10,10,0,2026-09-20 03:11:35,2026-09-20 03:11:35.107
2026-09-20 02:59:06,VIPS308,0110,Tracy Riggins,10,10,0,2026-09-20 03:11:35,2026-09-20 03:11:35.107
2026-09-20 02:59:06,VIPS308,0111,Kevin Calabro,10,10,0,2026-09-20 03:11:35,2026-09-20 03:11:35.107
2026-09-20 02:59:06,VIPS308,0112,Raffaele Viglianti,10,10,0,2026-09-20 03:11:35,2026-09-20 03:11:35.107
2026-09-20 02:59:06,VIPS308,0113,Shabnam Jabeen,10,10,0,2026-09-20 03:11:35,2026-09-20 03:11:35.107
2026-09-20 02:59:06,VIPS308,0114,Ning Zeng,10,10,0,2026-09-20 03:11:35,2026-09-20 03:11:35.107
2026-09-20 02:59:06,VIPS308,0115,Veronica Kang,10,10,0,2026-09-20 03:11:35,2026-09-20 03:11:35.108
2026-09-20 02:59:06,VIPS308,0116,David Stewart,10,10,0,2026-09-20 03:11:35,2026-09-20 03:11:35.108
2026-09-20 02:59:06,VIPS308,0117,Meredith Epstein,10,10,0,2026-09-20 03:11:35,2026-09-20 03:11:35.108
2026-09-20 02:59:06,VIPS308,0118,Magaly Toro Ibaceta,10,10,0,2026-09-20 03:11:35,2026-09-20 03:11:35.108
2026-09-20 02:59:06,VIPS308,0120,Marisa Parham,10,10,0,2026-09-20 03:11:35,2026-09-20 03:11:35.108
2026-09-20 02:59:06,VIPS308,0121,Becky Epanchin-Niell,10,10,0,2026-09-20 03:11:35,2026-09-20 03:11:35.109
2026-09-20 02:59:06,VIPS308,0122,Timothy Reedy,10,10,0,2026-09-20 03:11:35,2026-09-20 03:11:35.109
2026-09-20 02:59:06,VIPS308,0123,Lingnan Lin,10,10,0,2026-09-20 03:11:35,2026-09-20 03:11:35.109
2026-09-20 02:59:06,VIPS308,0124,Jeffrey Moro,10,10,0,2026-09-20 03:11:35,2026-09-20 03:11:35.109
2026-09-20 02:59:06,VIPS308,0125,Peter Sunderland,10,10,0,2026-09-20 03:11:35,2026-09-20 03:11:35.109
2026-09-20 02:59:06,VIPS308,0126,Brienna Anderson,10,10,0,2026-09-20 03:11:35,2026-09-20 03:11:35.109
2026-09-20 02:59:06,VIPS408,0102,Ken Kiger,10,10,0,2026-09-20 03:11:35,2026-09-20 03:11:35.321
2026-09-20 02:59:06,VIPS408,0103,Bryan Quinn,10,10,0,2026-09-20 03:11:35,2026-09-20 03:11:35.322
2026-09-20 02:59:06,VIPS408,0104,Ryan Sochol,10,10,0,2026-09-20 03:11:35,2026-09-20 03:11:35.322
2026-09-20 02:59:06,VIPS408,0105,Molly Carton,10,10,0,2026-09-20 03:11:35,2026-09-20 03:11:35.322
2026-09-20 02:59:06,VIPS408,0106,James Baeder,10,10,0,2026-09-20 03:11:35,2026-09-20 03:11:35.322
2026-09-20 02:59:06,VIPS408,0107,Catherine Spirito,10,10,0,2026-09-20 03:11:35,2026-09-20 03:11:35.322
2026-09-20 02:59:06,VIPS408,0108,Ronald Yaros,10,10,0,2026-09-20 03:11:35,2026-09-20 03:11:35.323
2026-09-20 02:59:06,VIPS408,0109,Carinna Ferguson,10,10,0,2026-09-20 03:11:35,2026-09-20 03:11:35.323
2026-09-20 02:59:06,VIPS408,0110,Tracy Riggins,10,10,0,2026-09-20 03:11:35,2026-09-20 03:11:35.323
2026-09-20 02:59:06,VIPS408,0111,Kevin Calabro,10,10,0,2026-09-20 03:11:35,2026-09-20 03:11:35.323
2026-09-20 02:59:06,VIPS408,0112,Raffaele Viglianti,10,10,0,2026-09-20 03:11:35,2026-09-20 03:11:35.323
2026-09-20 02:59:06,VIPS408,0113,Shabnam Jabeen,10,10,0,2026-09-20 03:11:35,2026-09-20 03:11:35.323
2026-09-20 02:59:06,VIPS408,0114,Ning Zeng,10,10,0,2026-09-20 03:11:35,2026-09-20 03:11:35.324
2026-09-20 02:59:06,VIPS408,0115,Veronica Kang,10,10,0,2026-09-20 03:11:35,2026-09-20 03:11:35.324
2026-09-20 02:59:06,VIPS408,0116,David Stewart,10,10,0,2026-09-20 03:11:35,2026-09-20 03:11:35.324
2026-09-20 02:59:06,VIPS408,0117,Meredith Epstein,10,10,0,2026-09-20 03:11:35,2026-09-20 03:11:35.324
2026-09-20 02:59:06,VIPS408,0118,Magaly Toro Ibaceta,10,10,0,2026-09-20 03:11:35,2026-09-20 03:11:35.324
2026-09-20 02:59:06,VIPS408,0120,Marisa Parham,10,10,0,2026-09-20 03:11:35,2026-09-20 03:11:35.325
2026-09-20 02:59:06,VIPS408,0121,Becky Epanchin-Niell,10,10,0,2026-09-20 03:11:35,2026-09-20 03:11:35.325
2026-09-20 02:59:06,VIPS408,0122,Timothy Reedy,10,10,0,2026-09-20 03:11:35,2026-09-20 03:11:35.325
2026-09-20 02:59:06,VIPS408,0123,Lingnan Lin,10,10,0,2026-09-20 03:11:35,2026-09-20 03:11:35.325
2026-09-20 02:59:06,VIPS408,0124,Jeffrey Moro,10,10,0,2026-09-20 03:11:35,2026-09-20 03:11:35.325
2026-09-20 02:59:06,VIPS408,0125,Peter Sunderland,10,10,0,2026-09-20 03:11:35,2026-09-20 03:11:35.326
2026-09-20 02:59:06,VIPS408,0126,Brienna Anderson,10,10,0,2026-09-20 03:11:35,2026-09-20 03:11:35.326
2026-09-20 02:59:06,WEID139N,0101,Denise Joseph,60,60,0,2026-09-20 03:11:37,2026-09-20 03:11:37.996
2026-09-20 02:59:06,WEID139T,0201,Taylor Togafau-Lewis,45,45,0,2026-09-20 03:11:38,2026-09-20 03:11:38.161
2026-09-20 02:59:06,WGSS105,0101,Jessica Mathiason,30,30,0,2026-09-20 03:11:39,2026-09-20 03:11:39.570
2026-09-20 02:59:06,WGSS105,0102,Jessica Mathiason,30,30,0,2026-09-20 03:11:39,2026-09-20 03:11:39.570
2026-09-20 02:59:06,WGSS105,0103,Jessica Mathiason,30,30,0,2026-09-20 03:11:39,2026-09-20 03:11:39.570
2026-09-20 02:59:06,WGSS105,0104,Jessica Mathiason,30,30,0,2026-09-20 03:11:39,2026-09-20 03:11:39.570
2026-09-20 02:59:06,WGSS115,0101,Alexis Lothian,25,25,0,2026-09-20 03:11:39,2026-09-20 03:11:39.739
2026-09-20 02:59:06,WGSS115,0102,Alexis Lothian,25,25,0,2026-09-20 03:11:39,2026-09-20 03:11:39.739
2026-09-20 02:59:06,WGSS201,0101,Sayan Bhattacharya,25,25,0,2026-09-20 03:11:39,2026-09-20 03:11:39.907
2026-09-20 02:59:06,WGSS201,0102,Sayan Bhattacharya,25,25,0,2026-09-20 03:11:39,2026-09-20 03:11:39.907
2026-09-20 02:59:06,WGSS205,0101,Shelbi Meissner,21,21,0,2026-09-20 03:11:40,2026-09-20 03:11:40.116
2026-09-20 02:59:06,WGSS205,0201,Shelbi Meissner,21,21,0,2026-09-20 03:11:40,2026-09-20 03:11:40.116
2026-09-20 02:59:06,WGSS230,0101,Daniel Richter,20,20,0,2026-09-20 03:11:40,2026-09-20 03:11:40.283
2026-09-20 02:59:06,WGSS250,0101,Lidia Garcia Berrelleza,25,25,0,2026-09-20 03:11:40,2026-09-20 03:11:40.448
2026-09-20 02:59:06,WGSS250,0201,Shameem Razack,25,25,0,2026-09-20 03:11:40,2026-09-20 03:11:40.448
2026-09-20 02:59:06,WGSS255,0101,Instructor: TBA,30,30,0,2026-09-20 03:11:40,2026-09-20 03:11:40.617
2026-09-20 02:59:06,WGSS265,0101,Ashley Newby,40,40,0,2026-09-20 03:11:40,2026-09-20 03:11:40.786
2026-09-20 02:59:06,WGSS275,0101,Instructor: TBA,30,30,0,2026-09-20 03:11:40,2026-09-20 03:11:40.955
2026-09-20 02:59:06,WGSS280,0101,Jessica Mathiason,52,52,0,2026-09-20 03:11:41,2026-09-20 03:11:41.122
2026-09-20 02:59:06,WGSS290,0101,Jessica Mathiason,30,30,0,2026-09-20 03:11:41,2026-09-20 03:11:41.288
2026-09-20 02:59:06,WGSS290,0201,Sydney Lewis,31,31,0,2026-09-20 03:11:41,2026-09-20 03:11:41.289
2026-09-20 02:59:06,WGSS298C,0101,Will Mosley,35,35,0,2026-09-20 03:11:41,2026-09-20 03:11:41.453
2026-09-20 02:59:06,WGSS298S,0101,Jordan Keesler,25,25,0,2026-09-20 03:11:41,2026-09-20 03:11:41.652
2026-09-20 02:59:06,WGSS302,0101,Will Mosley,25,25,0,2026-09-20 03:11:41,2026-09-20 03:11:41.821
2026-09-20 02:59:06,WGSS306,0101,Sydney Lewis,30,30,0,2026-09-20 03:11:41,2026-09-20 03:11:41.986
2026-09-20 02:59:06,WGSS310,0101,Sayan Bhattacharya,25,25,0,2026-09-20 03:11:42,2026-09-20 03:11:42.152
2026-09-20 02:59:06,WGSS319F,0101,Alexis Lothian,30,30,0,2026-09-20 03:11:42,2026-09-20 03:11:42.318
2026-09-20 02:59:06,WGSS379U,0101,John Drabinski,25,25,0,2026-09-20 03:11:42,2026-09-20 03:11:42.486
2026-09-20 02:59:06,WGSS422,0101,Jennifer Cho,18,18,0,2026-09-20 03:11:42,2026-09-20 03:11:42.652
2026-09-20 02:59:06,WGSS471,0101,Instructor: TBA,25,25,0,2026-09-20 03:11:42,2026-09-20 03:11:42.818
2026-09-20 02:59:06,WGSS471,0201,Instructor: TBA,45,45,0,2026-09-20 03:11:42,2026-09-20 03:11:42.818
2026-09-20 02:59:06,WGSS475,0101,Sydney Lewis,20,20,0,2026-09-20 03:11:42,2026-09-20 03:11:42.985
2026-09-20 02:59:06,WGSS487,0101,Eva Hageman,15,15,0,2026-09-20 03:11:43,2026-09-20 03:11:43.152
2026-09-20 02:59:06,WGSS487H,0101,Eva Hageman,5,5,0,2026-09-20 03:11:43,2026-09-20 03:11:43.316
2026-09-20 02:59:06,WGSS602,0101,Shelbi Meissner,12,12,0,2026-09-20 03:11:43,2026-09-20 03:11:43.964
2026-09-20 02:59:06,WGSS708,0101,Alexis Lothian,10,10,0,2026-09-20 03:11:44,2026-09-20 03:11:44.453
2026-09-20 02:59:06,XPER455,0101,TJ Rainsford,25,25,0,2026-09-20 03:11:46,2026-09-20 03:11:46.194
2026-09-20 08:37:04,AAAS100,0101,Shane Walsh,35,35,0,2026-09-20 08:37:06,2026-09-20 08:37:06.176
2026-09-20 08:37:04,AAAS100,0201,Shane Walsh,35,35,0,2026-09-20 08:37:06,2026-09-20 08:37:06.176
2026-09-20 08:37:04,AAAS100,0301,George Kintiba,30,30,0,2026-09-20 08:37:06,2026-09-20 08:37:06.176
2026-09-20 08:37:04,AAAS100,0401,Beka Guluma,35,35,0,2026-09-20 08:37:06,2026-09-20 08:37:06.176
2026-09-20 08:37:04,AAAS100,0501,Jason Nichols,33,33,0,2026-09-20 08:37:06,2026-09-20 08:37:06.177
2026-09-20 08:37:04,AAAS100,0601,Jason Nichols,35,35,0,2026-09-20 08:37:06,2026-09-20 08:37:06.177
2026-09-20 08:37:04,AAAS100H,0301,George Kintiba,5,5,0,2026-09-20 08:37:06,2026-09-20 08:37:06.384
2026-09-20 08:37:04,AAAS101,0101,Periloux Peay,40,40,0,2026-09-20 08:37:06,2026-09-20 08:37:06.562
2026-09-20 08:37:04,AAAS187,0101,Robert Choflet,30,30,0,2026-09-20 08:37:06,2026-09-20 08:37:06.751
2026-09-20 08:37:04,AAAS200,0101,George Kintiba,40,40,0,2026-09-20 08:37:07,2026-09-20 08:37:07.039
2026-09-20 08:37:04,AAAS202,0101,Robert Choflet,30,30,0,2026-09-20 08:37:07,2026-09-20 08:37:07.198
2026-09-20 08:37:04,AAAS202,0201,Angelica Dunbar,35,35,0,2026-09-20 08:37:07,2026-09-20 08:37:07.198
2026-09-20 08:37:04,AAAS202,0301,Angelica Dunbar,35,35,0,2026-09-20 08:37:07,2026-09-20 08:37:07.198
2026-09-20 08:37:04,AAAS202,0401,Robert Choflet,35,35,0,2026-09-20 08:37:07,2026-09-20 08:37:07.198
2026-09-20 08:37:04,AAAS202H,0101,Robert Choflet,5,5,0,2026-09-20 08:37:07,2026-09-20 08:37:07.375
2026-09-20 08:37:04,AAAS211,0101,Shane Walsh,120,120,0,2026-09-20 08:37:08,2026-09-20 08:37:08.012
2026-09-20 08:37:04,AAAS234,0101,Instructor: TBA,30,30,0,2026-09-20 08:37:08,2026-09-20 08:37:08.235
2026-09-20 08:37:04,AAAS255,0101,Leigh Soares,40,40,0,2026-09-20 08:37:08,2026-09-20 08:37:08.413
2026-09-20 08:37:04,AAAS265,0101,Ashley Newby,40,40,0,2026-09-20 08:37:08,2026-09-20 08:37:08.585
2026-09-20 08:37:04,AAAS320,0101,Cecily Jackson,25,25,0,2026-09-20 08:37:08,2026-09-20 08:37:08.773
2026-09-20 08:37:04,AAAS320,0201,Cecily Jackson,25,25,0,2026-09-20 08:37:08,2026-09-20 08:37:08.774
2026-09-20 08:37:04,AAAS386,0101,Marshal Washington,10,10,0,2026-09-20 08:37:09,2026-09-20 08:37:09.286
2026-09-20 08:37:04,AAAS398G,0101,Chinyere Osuji,20,20,0,2026-09-20 08:37:09,2026-09-20 08:37:09.444
2026-09-20 08:37:04,AAAS398U,0101,John Drabinski,25,25,0,2026-09-20 08:37:09,2026-09-20 08:37:09.632
2026-09-20 08:37:04,AAAS400,0101,George Kintiba,20,20,0,2026-09-20 08:37:09,2026-09-20 08:37:09.818
2026-09-20 08:37:04,AAAS400H,0101,George Kintiba,5,5,0,2026-09-20 08:37:10,2026-09-20 08:37:10.017
2026-09-20 08:37:04,AAAS490,0101,Paul Landau,18,18,0,2026-09-20 08:37:10,2026-09-20 08:37:10.227
2026-09-20 08:37:04,AAAS498X,0101,Terrill Taylor,40,40,0,2026-09-20 08:37:10,2026-09-20 08:37:10.381
2026-09-20 08:37:04,AAST200,0101,Jennifer Cho,34,34,0,2026-09-20 08:37:11,2026-09-20 08:37:11.676
2026-09-20 08:37:04,AAST201,0101,Madeline Hsu,40,40,0,2026-09-20 08:37:11,2026-09-20 08:37:11.856
2026-09-20 08:37:04,AAST250,0101,Jennifer Cho,30,30,0,2026-09-20 08:37:12,2026-09-20 08:37:12.050
2026-09-20 08:37:04,AAST262,0101,Derek Iwamoto,60,60,0,2026-09-20 08:37:12,2026-09-20 08:37:12.203
2026-09-20 08:37:04,AAST322,0101,Julie Park,30,30,0,2026-09-20 08:37:12,2026-09-20 08:37:12.353
2026-09-20 08:37:04,AAST350,0101,Binod Paudyal,25,25,0,2026-09-20 08:37:12,2026-09-20 08:37:12.543
2026-09-20 08:37:04,AAST351,0101,Binod Paudyal,34,34,0,2026-09-20 08:37:12,2026-09-20 08:37:12.695
2026-09-20 08:37:04,AAST363,0101,Gemirald Daus,35,35,0,2026-09-20 08:37:12,2026-09-20 08:37:12.849
2026-09-20 08:37:04,AAST378,0101,Janelle Wong,2,2,0,2026-09-20 08:37:12,2026-09-20 08:37:12.999
2026-09-20 08:37:04,AAST394,0101,Wenxi Yang,25,25,0,2026-09-20 08:37:13,2026-09-20 08:37:13.302
2026-09-20 08:37:04,AAST398A,0101,Michelle Magalong,20,20,0,2026-09-20 08:37:13,2026-09-20 08:37:13.459
2026-09-20 08:37:04,AAST398B,0101,Chris Eng,25,25,0,2026-09-20 08:37:13,2026-09-20 08:37:13.614
2026-09-20 08:37:04,AAST421,0101,Philip Nash,20,20,0,2026-09-20 08:37:13,2026-09-20 08:37:13.821
2026-09-20 08:37:04,AAST422,0101,Jennifer Cho,18,18,0,2026-09-20 08:37:13,2026-09-20 08:37:13.986
2026-09-20 08:37:04,AAST443,0101,Janelle Wong,27,27,0,2026-09-20 08:37:14,2026-09-20 08:37:14.145
2026-09-20 08:37:04,ABRM450,0101,Ashley Newby,10,10,0,2026-09-20 08:37:15,2026-09-20 08:37:15.491
2026-09-20 08:37:04,AGNR301,0101,Thomas Hilde,150,150,0,2026-09-20 08:37:16,2026-09-20 08:37:16.757
2026-09-20 08:37:04,AGNR388,0101,Instructor: TBA,20,20,0,2026-09-20 08:37:16,2026-09-20 08:37:16.909
2026-09-20 08:37:04,AIME498B,0101,Kevin McGarry,30,30,0,2026-09-20 08:37:19,2026-09-20 08:37:19.836
2026-09-20 08:37:04,ARAB101,0101,Samah Al-salami,15,15,0,2026-09-20 08:37:43,2026-09-20 08:37:43.696
2026-09-20 08:37:04,ARAB101,0201,Ahmed Hanafy,15,15,0,2026-09-20 08:37:43,2026-09-20 08:37:43.696
2026-09-20 08:37:04,ARAB102,0101,Samah Al-salami,15,15,0,2026-09-20 08:37:43,2026-09-20 08:37:43.851
2026-09-20 08:37:04,ARAB102,0201,Samah Al-salami,15,15,0,2026-09-20 08:37:43,2026-09-20 08:37:43.851
2026-09-20 08:37:04,ARAB201,0101,Lutf Alkebsi,15,15,0,2026-09-20 08:37:44,2026-09-20 08:37:44.004
2026-09-20 08:37:04,ARAB202,0101,Lutf Alkebsi,15,15,0,2026-09-20 08:37:44,2026-09-20 08:37:44.157
2026-09-20 08:37:04,ARAB202,0201,Lutf Alkebsi,15,15,0,2026-09-20 08:37:44,2026-09-20 08:37:44.157
2026-09-20 08:37:04,ARAB222,0101,Ahmed Hanafy,15,15,0,2026-09-20 08:37:44,2026-09-20 08:37:44.311
2026-09-20 08:37:04,ARAB250,0101,Anny Gaul,15,15,0,2026-09-20 08:37:44,2026-09-20 08:37:44.461
2026-09-20 08:37:04,ARAB302,0101,Ahmed Hanafy,15,15,0,2026-09-20 08:37:44,2026-09-20 08:37:44.613
2026-09-20 08:37:04,ARAB317,0101,Anny Gaul,15,15,0,2026-09-20 08:37:44,2026-09-20 08:37:44.766
2026-09-20 08:37:04,ARAB398W,0101,Lutf Alkebsi,15,15,0,2026-09-20 08:37:45,2026-09-20 08:37:45.067
2026-09-20 08:37:04,ARAB499X,0101,Samah Al-salami,15,15,0,2026-09-20 08:37:45,2026-09-20 08:37:45.365
2026-09-20 08:37:04,ARCH170,0101,Lindsey May,100,100,0,2026-09-20 08:37:46,2026-09-20 08:37:46.776
2026-09-20 08:37:04,ARCH200,0101,Michael Abrams,21,21,0,2026-09-20 08:37:46,2026-09-20 08:37:46.941
2026-09-20 08:37:04,ARCH200,0102,Michael Abrams,21,21,0,2026-09-20 08:37:46,2026-09-20 08:37:46.941
2026-09-20 08:37:04,ARCH200,0103,Michael Abrams,21,21,0,2026-09-20 08:37:46,2026-09-20 08:37:46.942
2026-09-20 08:37:04,ARCH200,0104,Michael Abrams,21,21,0,2026-09-20 08:37:46,2026-09-20 08:37:46.942
2026-09-20 08:37:04,ARCH200,0105,Michael Abrams,21,21,0,2026-09-20 08:37:46,2026-09-20 08:37:46.942
2026-09-20 08:37:04,ARCH200,0106,Michael Abrams,21,21,0,2026-09-20 08:37:46,2026-09-20 08:37:46.942
2026-09-20 08:37:04,ARCH225,0101,Joseph Williams,125,125,0,2026-09-20 08:37:47,2026-09-20 08:37:47.096
2026-09-20 08:37:04,ARCH271,0101,Wayne Ricardo Curtis,75,75,0,2026-09-20 08:37:47,2026-09-20 08:37:47.249
2026-09-20 08:37:04,ARCH271,0102,Wayne Ricardo Curtis,75,75,0,2026-09-20 08:37:47,2026-09-20 08:37:47.250
2026-09-20 08:37:04,ARCH386,0101,Kristen Stack,10,10,0,2026-09-20 08:37:47,2026-09-20 08:37:47.406
2026-09-20 08:37:04,ARCH400,0101,Kenneth Filler,75,75,0,2026-09-20 08:37:47,2026-09-20 08:37:47.559
2026-09-20 08:37:04,ARCH400,0201,Marcus Cross,60,60,0,2026-09-20 08:37:47,2026-09-20 08:37:47.559
2026-09-20 08:37:04,ARCH402,0101,Taejun James Kim,75,75,0,2026-09-20 08:37:47,2026-09-20 08:37:47.710
2026-09-20 08:37:04,ARCH405,0101,Brittany L Williams,14,14,0,2026-09-20 08:37:47,2026-09-20 08:37:47.860
2026-09-20 08:37:04,ARCH407,0101,Georgeanne Matthews,12,12,0,2026-09-20 08:37:48,2026-09-20 08:37:48.014
2026-09-20 08:37:04,ARCH408A,0101,Daniel Curry,5,5,0,2026-09-20 08:37:48,2026-09-20 08:37:48.167
2026-09-20 08:37:04,ARCH408C,0101,Edgar Alvarado,5,5,0,2026-09-20 08:37:48,2026-09-20 08:37:48.319
2026-09-20 08:37:04,ARCH418D,0101,Hooman Koliji,30,30,0,2026-09-20 08:37:48,2026-09-20 08:37:48.474
2026-09-20 08:37:04,ARCH418G,0101,Deokoh Woo,16,16,0,2026-09-20 08:37:48,2026-09-20 08:37:48.633
2026-09-20 08:37:04,ARCH418I,0101,Michael Kleiss,16,16,0,2026-09-20 08:37:48,2026-09-20 08:37:48.786
2026-09-20 08:37:04,ARCH420,0101,Caroline Hickman,30,30,0,2026-09-20 08:37:48,2026-09-20 08:37:48.935
2026-09-20 08:37:04,ARCH423,0101,Joseph Williams,30,30,0,2026-09-20 08:37:49,2026-09-20 08:37:49.088
2026-09-20 08:37:04,ARCH425,0101,Joseph Williams,10,10,0,2026-09-20 08:37:49,2026-09-20 08:37:49.241
2026-09-20 08:37:04,ARCH428F,0101,Matthew Bell,20,20,0,2026-09-20 08:37:49,2026-09-20 08:37:49.396
2026-09-20 08:37:04,ARCH428K,0101,Michele Lamprakos,26,26,0,2026-09-20 08:37:49,2026-09-20 08:37:49.549
2026-09-20 08:37:04,ARCH445,0101,Daniel Curry,15,15,0,2026-09-20 08:37:49,2026-09-20 08:37:49.699
2026-09-20 08:37:04,ARCH463,0101,Deokoh Woo,150,150,0,2026-09-20 08:37:49,2026-09-20 08:37:49.854
2026-09-20 08:37:04,ARCH465,0101,Michael Kleiss,80,80,0,2026-09-20 08:37:50,2026-09-20 08:37:50.009
2026-09-20 08:37:04,ARCH468I,0101,Hooman Koliji,26,26,0,2026-09-20 08:37:50,2026-09-20 08:37:50.160
2026-09-20 08:37:04,ARCH468P,0101,Hooman Koliji,26,26,0,2026-09-20 08:37:50,2026-09-20 08:37:50.310
2026-09-20 08:37:04,ARCH472,0101,Kiley Wilfong Cullen,24,24,0,2026-09-20 08:37:50,2026-09-20 08:37:50.461
2026-09-20 08:37:04,ARCH478L,0101,Michele Lamprakos,10,10,0,2026-09-20 08:37:50,2026-09-20 08:37:50.617
2026-09-20 08:37:04,ARCH478O,0101,Stefan Woehlke,20,20,0,2026-09-20 08:37:50,2026-09-20 08:37:50.771
2026-09-20 08:37:04,ARCH601,0101,Peter Noonan,20,20,0,2026-09-20 08:37:50,2026-09-20 08:37:50.926
2026-09-20 08:37:04,ARCH618G,0101,Deokoh Woo,4,4,0,2026-09-20 08:37:51,2026-09-20 08:37:51.080
2026-09-20 08:37:04,ARCH618I,0101,Michael Kleiss,4,4,0,2026-09-20 08:37:51,2026-09-20 08:37:51.241
2026-09-20 08:37:04,ARCH628K,0101,Michele Lamprakos,4,4,0,2026-09-20 08:37:51,2026-09-20 08:37:51.393
2026-09-20 08:37:04,ARCH635,0101,Matthew Bell,15,15,0,2026-09-20 08:37:51,2026-09-20 08:37:51.545
2026-09-20 08:37:04,ARCH654,0101,Anatole Tchikine,35,35,0,2026-09-20 08:37:51,2026-09-20 08:37:51.695
2026-09-20 08:37:04,ARCH658I,0101,Sonja Ewing,15,15,0,2026-09-20 08:37:51,2026-09-20 08:37:51.848
2026-09-20 08:37:04,ARCH668I,0101,Hooman Koliji,4,4,0,2026-09-20 08:37:52,2026-09-20 08:37:52.009
2026-09-20 08:37:04,ARCH668P,0101,Hooman Koliji,4,4,0,2026-09-20 08:37:52,2026-09-20 08:37:52.164
2026-09-20 08:37:04,ARCH678L,0101,Michele Lamprakos,10,10,0,2026-09-20 08:37:52,2026-09-20 08:37:52.316
2026-09-20 08:37:04,ARCH678O,0101,Stefan Woehlke,5,5,0,2026-09-20 08:37:52,2026-09-20 08:37:52.468
2026-09-20 08:37:04,ARCH797,0101,Hooman Koliji,15,15,0,2026-09-20 08:37:52,2026-09-20 08:37:52.623
2026-09-20 08:37:04,ARMY105,0101,Andrew Bischoff,60,60,0,2026-09-20 08:38:02,2026-09-20 08:38:02.921
2026-09-20 08:37:04,ARMY105,0102,Andrew Bischoff,60,60,0,2026-09-20 08:38:02,2026-09-20 08:38:02.921
2026-09-20 08:37:04,ARMY110,0101,Andrew Bischoff,40,40,0,2026-09-20 08:38:03,2026-09-20 08:38:03.126
2026-09-20 08:37:04,ARMY202,0102,Andrew Bischoff,60,60,0,2026-09-20 08:38:03,2026-09-20 08:38:03.276
2026-09-20 08:37:04,ARMY302,0101,Andrew Bischoff,40,40,0,2026-09-20 08:38:03,2026-09-20 08:38:03.444
2026-09-20 08:37:04,ARMY402,0101,Andrew Bischoff,30,30,0,2026-09-20 08:38:03,2026-09-20 08:38:03.600
2026-09-20 08:37:04,ARMY402,0102,Andrew Bischoff,100,100,0,2026-09-20 08:38:03,2026-09-20 08:38:03.600
2026-09-20 08:37:04,ARSC059,0101,Kathryn Love,250,250,0,2026-09-20 08:38:04,2026-09-20 08:38:04.850
2026-09-20 08:37:04,ARSC101,0101,Alan Snyder,50,50,0,2026-09-20 08:38:05,2026-09-20 08:38:05.025
2026-09-20 08:37:04,ARSC101,0102,Alan Snyder,65,65,0,2026-09-20 08:38:05,2026-09-20 08:38:05.025
2026-09-20 08:37:04,ARSC101,0103,Alan Snyder,40,40,0,2026-09-20 08:38:05,2026-09-20 08:38:05.025
2026-09-20 08:37:04,ARSC101,0104,Alan Snyder,10,10,0,2026-09-20 08:38:05,2026-09-20 08:38:05.026
2026-09-20 08:37:04,ARSC201,0101,Nathan Rabe,65,65,0,2026-09-20 08:38:05,2026-09-20 08:38:05.182
2026-09-20 08:37:04,ARSC201,0102,Kathleen West,40,40,0,2026-09-20 08:38:05,2026-09-20 08:38:05.182
2026-09-20 08:37:04,ARSC201,0103,Kathleen West,40,40,0,2026-09-20 08:38:05,2026-09-20 08:38:05.182
2026-09-20 08:37:04,ARSC301,0101,Kathryn Love,45,45,0,2026-09-20 08:38:05,2026-09-20 08:38:05.402
2026-09-20 08:37:04,ARSC301,0102,Kathryn Love,20,20,0,2026-09-20 08:38:05,2026-09-20 08:38:05.403
2026-09-20 08:37:04,ARSC401,0101,Joseph Herwatic,30,30,0,2026-09-20 08:38:05,2026-09-20 08:38:05.560
2026-09-20 08:37:04,ARSC401,0102,Joseph Herwatic,15,15,0,2026-09-20 08:38:05,2026-09-20 08:38:05.560
2026-09-20 08:37:04,BIOM301,0101,Christine Hakenkamp,28,28,0,2026-09-20 08:38:40,2026-09-20 08:38:40.129
2026-09-20 08:37:04,BIOM301,0102,Christine Hakenkamp,28,28,0,2026-09-20 08:38:40,2026-09-20 08:38:40.129
2026-09-20 08:37:04,BIOM301,0103,Christine Hakenkamp,28,28,0,2026-09-20 08:38:40,2026-09-20 08:38:40.129
2026-09-20 08:37:04,BIOM301,0104,Christine Hakenkamp,28,28,0,2026-09-20 08:38:40,2026-09-20 08:38:40.129
2026-09-20 08:37:04,BIOM301,0105,Christine Hakenkamp,28,28,0,2026-09-20 08:38:40,2026-09-20 08:38:40.130
2026-09-20 08:37:04,BIOM301,0106,Christine Hakenkamp,28,28,0,2026-09-20 08:38:40,2026-09-20 08:38:40.130
2026-09-20 08:37:04,BIOM301,0107,Christine Hakenkamp,28,28,0,2026-09-20 08:38:40,2026-09-20 08:38:40.130
2026-09-20 08:37:04,BIOM301,0201,Instructor: TBA,28,28,0,2026-09-20 08:38:40,2026-09-20 08:38:40.130
2026-09-20 08:37:04,BIOM602,0101,Jiuzhou Song,28,28,0,2026-09-20 08:38:40,2026-09-20 08:38:40.287
2026-09-20 08:37:04,BMIN210,0101,Darlene Dennison,162,162,0,2026-09-20 08:38:56,2026-09-20 08:38:56.578
2026-09-20 08:37:04,BMIN210,0201,Darlene Dennison,162,162,0,2026-09-20 08:38:56,2026-09-20 08:38:56.579
2026-09-20 08:37:04,BMIN305,0101,Tejwansh Anand,162,162,0,2026-09-20 08:38:56,2026-09-20 08:38:56.732
2026-09-20 08:37:04,BMIN345,0101,Michael Padhi,325,325,0,2026-09-20 08:38:56,2026-09-20 08:38:56.888
2026-09-20 08:37:04,BMIN355,0101,Idil Yaveroglu,162,162,0,2026-09-20 08:38:57,2026-09-20 08:38:57.041
2026-09-20 08:37:04,BMIN355,0201,Idil Yaveroglu,162,162,0,2026-09-20 08:38:57,2026-09-20 08:38:57.041
2026-09-20 08:37:04,BMIN375,0101,Leland Gardner,162,162,0,2026-09-20 08:38:57,2026-09-20 08:38:57.193
2026-09-20 08:37:04,BMIN395,0101,Nima Farshchi,162,162,0,2026-09-20 08:38:57,2026-09-20 08:38:57.346
2026-09-20 08:37:04,BMIN395,0201,Nima Farshchi,162,162,0,2026-09-20 08:38:57,2026-09-20 08:38:57.346
2026-09-20 08:37:04,BSCI103,1100,Instructor: TBA,24,24,0,2026-09-20 08:39:00,2026-09-20 08:39:00.152
2026-09-20 08:37:04,BSCI103,1101,Instructor: TBA,24,24,0,2026-09-20 08:39:00,2026-09-20 08:39:00.152
2026-09-20 08:37:04,BSCI103,1103,Instructor: TBA,24,24,0,2026-09-20 08:39:00,2026-09-20 08:39:00.152
2026-09-20 08:37:04,BSCI103,1105,Instructor: TBA,24,24,0,2026-09-20 08:39:00,2026-09-20 08:39:00.153
2026-09-20 08:37:04,BSCI103,1107,Instructor: TBA,24,24,0,2026-09-20 08:39:00,2026-09-20 08:39:00.153
2026-09-20 08:37:04,BSCI103,1108,Instructor: TBA,24,24,0,2026-09-20 08:39:00,2026-09-20 08:39:00.153
2026-09-20 08:37:04,BSCI103,1109,Instructor: TBA,24,24,0,2026-09-20 08:39:00,2026-09-20 08:39:00.153
2026-09-20 08:37:04,BSCI103,1110,Instructor: TBA,24,24,0,2026-09-20 08:39:00,2026-09-20 08:39:00.153
2026-09-20 08:37:04,BSCI103M,0101,Instructor: TBA,24,24,0,2026-09-20 08:39:00,2026-09-20 08:39:00.308
2026-09-20 08:37:04,BSCI120,0101,Dennis vanEngelsdorp,21,21,0,2026-09-20 08:39:00,2026-09-20 08:39:00.468
2026-09-20 08:37:04,BSCI120,0102,Dennis vanEngelsdorp,21,21,0,2026-09-20 08:39:00,2026-09-20 08:39:00.469
2026-09-20 08:37:04,BSCI135,1101,Edgar Moctezuma,24,24,0,2026-09-20 08:39:00,2026-09-20 08:39:00.630
2026-09-20 08:37:04,BSCI135,1102,Edgar Moctezuma,24,24,0,2026-09-20 08:39:00,2026-09-20 08:39:00.631
2026-09-20 08:37:04,BSCI135,1103,Edgar Moctezuma,24,24,0,2026-09-20 08:39:00,2026-09-20 08:39:00.631
2026-09-20 08:37:04,BSCI135,1104,Edgar Moctezuma,24,24,0,2026-09-20 08:39:00,2026-09-20 08:39:00.631
2026-09-20 08:37:04,BSCI135,1105,Edgar Moctezuma,24,24,0,2026-09-20 08:39:00,2026-09-20 08:39:00.631
2026-09-20 08:37:04,BSCI160,6101,Leo Shapiro,104,104,0,2026-09-20 08:39:00,2026-09-20 08:39:00.792
2026-09-20 08:37:04,BSCI160,6301,Chloe Garfinkel,56,56,0,2026-09-20 08:39:00,2026-09-20 08:39:00.792
2026-09-20 08:37:04,BSCI160,6601,Vadim Karatayev,88,88,0,2026-09-20 08:39:00,2026-09-20 08:39:00.792
2026-09-20 08:37:04,BSCI160,SES1,Chloe Garfinkel,15,15,0,2026-09-20 08:39:00,2026-09-20 08:39:00.793
2026-09-20 08:37:04,BSCI170,0101,Cordelia Weiss,153,153,0,2026-09-20 08:39:00,2026-09-20 08:39:00.960
2026-09-20 08:37:04,BSCI170,0201,Nicholas Fletcher,153,153,0,2026-09-20 08:39:00,2026-09-20 08:39:00.960
2026-09-20 08:37:04,BSCI170,0301,Ricardo Araneda,152,152,0,2026-09-20 08:39:00,2026-09-20 08:39:00.960
2026-09-20 08:37:04,BSCI170,0401,Swarna Mohan,153,153,0,2026-09-20 08:39:00,2026-09-20 08:39:00.961
2026-09-20 08:37:04,BSCI170,0501,Ji Young Choi,120,120,0,2026-09-20 08:39:00,2026-09-20 08:39:00.961
2026-09-20 08:37:04,BSCI170,0701,Ji Young Choi,153,153,0,2026-09-20 08:39:00,2026-09-20 08:39:00.961
2026-09-20 08:37:04,BSCI170,SES1,James Sniezek,20,20,0,2026-09-20 08:39:00,2026-09-20 08:39:00.961
2026-09-20 08:37:04,BSCI180,8105,Hans Lemke,19,19,0,2026-09-20 08:39:01,2026-09-20 08:39:01.288
2026-09-20 08:37:04,BSCI180,8106,Swarna Mohan,19,19,0,2026-09-20 08:39:01,2026-09-20 08:39:01.288
2026-09-20 08:37:04,BSCI180,8107,Hans Lemke,19,19,0,2026-09-20 08:39:01,2026-09-20 08:39:01.288
2026-09-20 08:37:04,BSCI180,8108,Hans Lemke,19,19,0,2026-09-20 08:39:01,2026-09-20 08:39:01.288
2026-09-20 08:37:04,BSCI180,8109,Swarna Mohan,19,19,0,2026-09-20 08:39:01,2026-09-20 08:39:01.289
2026-09-20 08:37:04,BSCI180,8110,Hans Lemke,19,19,0,2026-09-20 08:39:01,2026-09-20 08:39:01.289
2026-09-20 08:37:04,BSCI180,8111,Hans Lemke,19,19,0,2026-09-20 08:39:01,2026-09-20 08:39:01.289
2026-09-20 08:37:04,BSCI180,8112,Hans Lemke,19,19,0,2026-09-20 08:39:01,2026-09-20 08:39:01.289
2026-09-20 08:37:04,BSCI180,8113,Hans Lemke,19,19,0,2026-09-20 08:39:01,2026-09-20 08:39:01.289
2026-09-20 08:37:04,BSCI180,8114,Hans Lemke,19,19,0,2026-09-20 08:39:01,2026-09-20 08:39:01.290
2026-09-20 08:37:04,BSCI180,8201,Swarna Mohan,19,19,0,2026-09-20 08:39:01,2026-09-20 08:39:01.290
2026-09-20 08:37:04,BSCI180,8202,Hans Lemke,19,19,0,2026-09-20 08:39:01,2026-09-20 08:39:01.290
2026-09-20 08:37:04,BSCI180,8205,Hans Lemke,19,19,0,2026-09-20 08:39:01,2026-09-20 08:39:01.290
2026-09-20 08:37:04,BSCI180,8206,Hans Lemke,19,19,0,2026-09-20 08:39:01,2026-09-20 08:39:01.290
2026-09-20 08:37:04,BSCI180,8207,Hans Lemke,19,19,0,2026-09-20 08:39:01,2026-09-20 08:39:01.291
2026-09-20 08:37:04,BSCI180,8208,Swarna Mohan,19,19,0,2026-09-20 08:39:01,2026-09-20 08:39:01.291
2026-09-20 08:37:04,BSCI180,8209,Swarna Mohan,19,19,0,2026-09-20 08:39:01,2026-09-20 08:39:01.291
2026-09-20 08:37:04,BSCI180,8210,Hans Lemke,19,19,0,2026-09-20 08:39:01,2026-09-20 08:39:01.291
2026-09-20 08:37:04,BSCI180,8211,Swarna Mohan,19,19,0,2026-09-20 08:39:01,2026-09-20 08:39:01.291
2026-09-20 08:37:04,BSCI180,8212,Hans Lemke,19,19,0,2026-09-20 08:39:01,2026-09-20 08:39:01.292
2026-09-20 08:37:04,BSCI180,8213,Hans Lemke,19,19,0,2026-09-20 08:39:01,2026-09-20 08:39:01.292
2026-09-20 08:37:04,BSCI180,8214,Hans Lemke,19,19,0,2026-09-20 08:39:01,2026-09-20 08:39:01.292
2026-09-20 08:37:04,BSCI180,8301,Hans Lemke,19,19,0,2026-09-20 08:39:01,2026-09-20 08:39:01.292
2026-09-20 08:37:04,BSCI180,8302,Hans Lemke,19,19,0,2026-09-20 08:39:01,2026-09-20 08:39:01.292
2026-09-20 08:37:04,BSCI180,8305,Hans Lemke,19,19,0,2026-09-20 08:39:01,2026-09-20 08:39:01.293
2026-09-20 08:37:04,BSCI180,8306,Hans Lemke,19,19,0,2026-09-20 08:39:01,2026-09-20 08:39:01.293
2026-09-20 08:37:04,BSCI180,8307,Swarna Mohan,19,19,0,2026-09-20 08:39:01,2026-09-20 08:39:01.293
2026-09-20 08:37:04,BSCI180,8308,Hans Lemke,19,19,0,2026-09-20 08:39:01,2026-09-20 08:39:01.293
2026-09-20 08:37:04,BSCI180,8309,Hans Lemke,19,19,0,2026-09-20 08:39:01,2026-09-20 08:39:01.293
2026-09-20 08:37:04,BSCI180,8310,Swarna Mohan,19,19,0,2026-09-20 08:39:01,2026-09-20 08:39:01.294
2026-09-20 08:37:04,BSCI180,8311,Hans Lemke,19,19,0,2026-09-20 08:39:01,2026-09-20 08:39:01.294
2026-09-20 08:37:04,BSCI180,8312,Hans Lemke,19,19,0,2026-09-20 08:39:01,2026-09-20 08:39:01.294
2026-09-20 08:37:04,BSCI180,8313,Hans Lemke,19,19,0,2026-09-20 08:39:01,2026-09-20 08:39:01.294
2026-09-20 08:37:04,BSCI180,8314,Hans Lemke,19,19,0,2026-09-20 08:39:01,2026-09-20 08:39:01.294
2026-09-20 08:37:04,BSCI180,8401,Hans Lemke,19,19,0,2026-09-20 08:39:01,2026-09-20 08:39:01.294
2026-09-20 08:37:04,BSCI180,8402,Hans Lemke,19,19,0,2026-09-20 08:39:01,2026-09-20 08:39:01.295
2026-09-20 08:37:04,BSCI180,8405,Hans Lemke,19,19,0,2026-09-20 08:39:01,2026-09-20 08:39:01.295
2026-09-20 08:37:04,BSCI180,8406,Swarna Mohan,19,19,0,2026-09-20 08:39:01,2026-09-20 08:39:01.295
2026-09-20 08:37:04,BSCI180,8407,Hans Lemke,19,19,0,2026-09-20 08:39:01,2026-09-20 08:39:01.295
2026-09-20 08:37:04,BSCI180,8408,Hans Lemke,19,19,0,2026-09-20 08:39:01,2026-09-20 08:39:01.295
2026-09-20 08:37:04,BSCI180,8409,Swarna Mohan,19,19,0,2026-09-20 08:39:01,2026-09-20 08:39:01.296
2026-09-20 08:37:04,BSCI180,8410,Hans Lemke,19,19,0,2026-09-20 08:39:01,2026-09-20 08:39:01.296
2026-09-20 08:37:04,BSCI180,8411,Hans Lemke,19,19,0,2026-09-20 08:39:01,2026-09-20 08:39:01.296
2026-09-20 08:37:04,BSCI180,8412,Hans Lemke,19,19,0,2026-09-20 08:39:01,2026-09-20 08:39:01.296
2026-09-20 08:37:04,BSCI180,8413,Hans Lemke,19,19,0,2026-09-20 08:39:01,2026-09-20 08:39:01.296
2026-09-20 08:37:04,BSCI180,8414,Hans Lemke,19,19,0,2026-09-20 08:39:01,2026-09-20 08:39:01.297
2026-09-20 08:37:04,BSCI180,SEF2,Hans Lemke,19,19,0,2026-09-20 08:39:01,2026-09-20 08:39:01.297
2026-09-20 08:37:04,BSCI180,SES1,Hans Lemke,19,19,0,2026-09-20 08:39:01,2026-09-20 08:39:01.297
2026-09-20 08:37:04,BSCI180,SES2,Hans Lemke,19,19,0,2026-09-20 08:39:01,2026-09-20 08:39:01.297
2026-09-20 08:37:04,BSCI201,0101,Caitlin Fox,24,24,0,2026-09-20 08:39:01,2026-09-20 08:39:01.569
2026-09-20 08:37:04,BSCI201,0103,Caitlin Fox,24,24,0,2026-09-20 08:39:01,2026-09-20 08:39:01.570
2026-09-20 08:37:04,BSCI201,0105,Caitlin Fox,24,24,0,2026-09-20 08:39:01,2026-09-20 08:39:01.570
2026-09-20 08:37:04,BSCI201,0106,Caitlin Fox,24,24,0,2026-09-20 08:39:01,2026-09-20 08:39:01.570
2026-09-20 08:37:04,BSCI201,0107,Caitlin Fox,24,24,0,2026-09-20 08:39:01,2026-09-20 08:39:01.570
2026-09-20 08:37:04,BSCI201,0109,Maira Goytia,24,24,0,2026-09-20 08:39:01,2026-09-20 08:39:01.570
2026-09-20 08:37:04,BSCI201,0110,Caitlin Fox,24,24,0,2026-09-20 08:39:01,2026-09-20 08:39:01.571
2026-09-20 08:37:04,BSCI201,0111,Caitlin Fox,24,24,0,2026-09-20 08:39:01,2026-09-20 08:39:01.571
2026-09-20 08:37:04,BSCI201,1101,Justicia Opoku-Edusei,24,24,0,2026-09-20 08:39:01,2026-09-20 08:39:01.571
2026-09-20 08:37:04,BSCI201,1103,Justicia Opoku-Edusei,24,24,0,2026-09-20 08:39:01,2026-09-20 08:39:01.571
2026-09-20 08:37:04,BSCI201,1104,Justicia Opoku-Edusei,24,24,0,2026-09-20 08:39:01,2026-09-20 08:39:01.571
2026-09-20 08:37:04,BSCI201,1105,Caitlin Fox,24,24,0,2026-09-20 08:39:01,2026-09-20 08:39:01.572
2026-09-20 08:37:04,BSCI201,1106,Caitlin Fox,24,24,0,2026-09-20 08:39:01,2026-09-20 08:39:01.572
2026-09-20 08:37:04,BSCI201,1108,Caitlin Fox,24,24,0,2026-09-20 08:39:01,2026-09-20 08:39:01.572
2026-09-20 08:37:04,BSCI201,1109,Justicia Opoku-Edusei,24,24,0,2026-09-20 08:39:01,2026-09-20 08:39:01.572
2026-09-20 08:37:04,BSCI201,1110,Justicia Opoku-Edusei,24,24,0,2026-09-20 08:39:01,2026-09-20 08:39:01.572
2026-09-20 08:37:04,BSCI202,0101,Caitlin Fox,24,24,0,2026-09-20 08:39:01,2026-09-20 08:39:01.855
2026-09-20 08:37:04,BSCI202,0102,Caitlin Fox,24,24,0,2026-09-20 08:39:01,2026-09-20 08:39:01.855
2026-09-20 08:37:04,BSCI202,0104,Caitlin Fox,24,24,0,2026-09-20 08:39:01,2026-09-20 08:39:01.855
2026-09-20 08:37:04,BSCI202,0108,Caitlin Fox,24,24,0,2026-09-20 08:39:01,2026-09-20 08:39:01.855
2026-09-20 08:37:04,BSCI202,0109,Maira Goytia,24,24,0,2026-09-20 08:39:01,2026-09-20 08:39:01.856
2026-09-20 08:37:04,BSCI202,0110,Caitlin Fox,24,24,0,2026-09-20 08:39:01,2026-09-20 08:39:01.856
2026-09-20 08:37:04,BSCI202,1101,Justicia Opoku-Edusei,24,24,0,2026-09-20 08:39:01,2026-09-20 08:39:01.856
2026-09-20 08:37:04,BSCI202,1103,Justicia Opoku-Edusei,24,24,0,2026-09-20 08:39:01,2026-09-20 08:39:01.856
2026-09-20 08:37:04,BSCI202,1104,Justicia Opoku-Edusei,24,24,0,2026-09-20 08:39:01,2026-09-20 08:39:01.856
2026-09-20 08:37:04,BSCI202,1106,Justicia Opoku-Edusei,24,24,0,2026-09-20 08:39:01,2026-09-20 08:39:01.857
2026-09-20 08:37:04,BSCI202,1107,Justicia Opoku-Edusei,24,24,0,2026-09-20 08:39:01,2026-09-20 08:39:01.857
2026-09-20 08:37:04,BSCI202,1108,Justicia Opoku-Edusei,24,24,0,2026-09-20 08:39:01,2026-09-20 08:39:01.857
2026-09-20 08:37:04,BSCI202,SES1,Edward Orlando,20,20,0,2026-09-20 08:39:01,2026-09-20 08:39:01.857
2026-09-20 08:37:04,BSCI207,0101,Karen Carleton,80,80,0,2026-09-20 08:39:02,2026-09-20 08:39:02.056
2026-09-20 08:37:04,BSCI207,0201,Chloe Garfinkel,80,80,0,2026-09-20 08:39:02,2026-09-20 08:39:02.057
2026-09-20 08:37:04,BSCI213,0101,Cordelia Weiss,20,20,0,2026-09-20 08:39:02,2026-09-20 08:39:02.245
2026-09-20 08:37:04,BSCI213,0102,Cordelia Weiss,20,20,0,2026-09-20 08:39:02,2026-09-20 08:39:02.245
2026-09-20 08:37:04,BSCI222,7106,Thomas Kocher,18,18,0,2026-09-20 08:39:02,2026-09-20 08:39:02.606
2026-09-20 08:37:04,BSCI222,7108,Thomas Kocher,18,18,0,2026-09-20 08:39:02,2026-09-20 08:39:02.606
2026-09-20 08:37:04,BSCI222,7110,Thomas Kocher,18,18,0,2026-09-20 08:39:02,2026-09-20 08:39:02.607
2026-09-20 08:37:04,BSCI222,7112,Thomas Kocher,18,18,0,2026-09-20 08:39:02,2026-09-20 08:39:02.607
2026-09-20 08:37:04,BSCI222,7114,Thomas Kocher,18,18,0,2026-09-20 08:39:02,2026-09-20 08:39:02.607
2026-09-20 08:37:04,BSCI222,7116,Thomas Kocher,18,18,0,2026-09-20 08:39:02,2026-09-20 08:39:02.607
2026-09-20 08:37:04,BSCI222,7118,Thomas Kocher,18,18,0,2026-09-20 08:39:02,2026-09-20 08:39:02.607
2026-09-20 08:37:04,BSCI222,7120,Thomas Kocher,18,18,0,2026-09-20 08:39:02,2026-09-20 08:39:02.608
2026-09-20 08:37:04,BSCI222,7130,Thomas Kocher,18,18,0,2026-09-20 08:39:02,2026-09-20 08:39:02.608
2026-09-20 08:37:04,BSCI222,7133,Thomas Kocher,18,18,0,2026-09-20 08:39:02,2026-09-20 08:39:02.608
2026-09-20 08:37:04,BSCI222,7214,Michael Keller,18,18,0,2026-09-20 08:39:02,2026-09-20 08:39:02.608
2026-09-20 08:37:04,BSCI222,7216,Michael Keller,18,18,0,2026-09-20 08:39:02,2026-09-20 08:39:02.608
2026-09-20 08:37:04,BSCI222,7218,Michael Keller,18,18,0,2026-09-20 08:39:02,2026-09-20 08:39:02.608
2026-09-20 08:37:04,BSCI222,7219,Michael Keller,18,18,0,2026-09-20 08:39:02,2026-09-20 08:39:02.609
2026-09-20 08:37:04,BSCI222,7220,Michael Keller,18,18,0,2026-09-20 08:39:02,2026-09-20 08:39:02.609
2026-09-20 08:37:04,BSCI222,7221,Michael Keller,18,18,0,2026-09-20 08:39:02,2026-09-20 08:39:02.609
2026-09-20 08:37:04,BSCI222,7222,Michael Keller,18,18,0,2026-09-20 08:39:02,2026-09-20 08:39:02.609
2026-09-20 08:37:04,BSCI222,7224,Michael Keller,18,18,0,2026-09-20 08:39:02,2026-09-20 08:39:02.609
2026-09-20 08:37:04,BSCI222,7226,Michael Keller,18,18,0,2026-09-20 08:39:02,2026-09-20 08:39:02.609
2026-09-20 08:37:04,BSCI222,7232,Michael Keller,18,18,0,2026-09-20 08:39:02,2026-09-20 08:39:02.610
2026-09-20 08:37:04,BSCI222,7234,Michael Keller,18,18,0,2026-09-20 08:39:02,2026-09-20 08:39:02.610
2026-09-20 08:37:04,BSCI222,7236,Michael Keller,18,18,0,2026-09-20 08:39:02,2026-09-20 08:39:02.610
2026-09-20 08:37:04,BSCI222,7310,Maria Colt,18,18,0,2026-09-20 08:39:02,2026-09-20 08:39:02.610
2026-09-20 08:37:04,BSCI222,7311,Maria Colt,18,18,0,2026-09-20 08:39:02,2026-09-20 08:39:02.610
2026-09-20 08:37:04,BSCI222,7312,Maria Colt,18,18,0,2026-09-20 08:39:02,2026-09-20 08:39:02.611
2026-09-20 08:37:04,BSCI222,7313,Maria Colt,18,18,0,2026-09-20 08:39:02,2026-09-20 08:39:02.611
2026-09-20 08:37:04,BSCI222,7315,Maria Colt,18,18,0,2026-09-20 08:39:02,2026-09-20 08:39:02.611
2026-09-20 08:37:04,BSCI222,7320,Maria Colt,18,18,0,2026-09-20 08:39:02,2026-09-20 08:39:02.611
2026-09-20 08:37:04,BSCI222,7325,Maria Colt,18,18,0,2026-09-20 08:39:02,2026-09-20 08:39:02.611
2026-09-20 08:37:04,BSCI222,7330,Maria Colt,18,18,0,2026-09-20 08:39:02,2026-09-20 08:39:02.611
2026-09-20 08:37:04,BSCI222,7332,Maria Colt,18,18,0,2026-09-20 08:39:02,2026-09-20 08:39:02.612
2026-09-20 08:37:04,BSCI222,7335,Maria Colt,18,18,0,2026-09-20 08:39:02,2026-09-20 08:39:02.612
2026-09-20 08:37:04,BSCI222,SES1,Kimberly Paczolt,23,23,0,2026-09-20 08:39:02,2026-09-20 08:39:02.612
2026-09-20 08:37:04,BSCI222,SES2,Kimberly Paczolt,20,20,0,2026-09-20 08:39:02,2026-09-20 08:39:02.612
2026-09-20 08:37:04,BSCI223,1021,John Buchner,16,16,0,2026-09-20 08:39:02,2026-09-20 08:39:02.851
2026-09-20 08:37:04,BSCI223,1025,John Buchner,16,16,0,2026-09-20 08:39:02,2026-09-20 08:39:02.851
2026-09-20 08:37:04,BSCI223,1026,John Buchner,16,16,0,2026-09-20 08:39:02,2026-09-20 08:39:02.851
2026-09-20 08:37:04,BSCI223,1101,John Buchner,16,16,0,2026-09-20 08:39:02,2026-09-20 08:39:02.851
2026-09-20 08:37:04,BSCI223,1105,John Buchner,16,16,0,2026-09-20 08:39:02,2026-09-20 08:39:02.851
2026-09-20 08:37:04,BSCI223,1106,John Buchner,16,16,0,2026-09-20 08:39:02,2026-09-20 08:39:02.852
2026-09-20 08:37:04,BSCI223,1121,John Buchner,16,16,0,2026-09-20 08:39:02,2026-09-20 08:39:02.852
2026-09-20 08:37:04,BSCI223,1125,John Buchner,16,16,0,2026-09-20 08:39:02,2026-09-20 08:39:02.852
2026-09-20 08:37:04,BSCI223,1126,John Buchner,16,16,0,2026-09-20 08:39:02,2026-09-20 08:39:02.852
2026-09-20 08:37:04,BSCI223,1201,John Buchner,16,16,0,2026-09-20 08:39:02,2026-09-20 08:39:02.852
2026-09-20 08:37:04,BSCI223,1206,John Buchner,16,16,0,2026-09-20 08:39:02,2026-09-20 08:39:02.852
2026-09-20 08:37:04,BSCI223,1221,John Buchner,16,16,0,2026-09-20 08:39:02,2026-09-20 08:39:02.853
2026-09-20 08:37:04,BSCI223,1225,John Buchner,16,16,0,2026-09-20 08:39:02,2026-09-20 08:39:02.853
2026-09-20 08:37:04,BSCI223,1226,John Buchner,16,16,0,2026-09-20 08:39:02,2026-09-20 08:39:02.853
2026-09-20 08:37:04,BSCI223,1301,John Buchner,16,16,0,2026-09-20 08:39:02,2026-09-20 08:39:02.853
2026-09-20 08:37:04,BSCI223,1306,John Buchner,16,16,0,2026-09-20 08:39:02,2026-09-20 08:39:02.853
2026-09-20 08:37:04,BSCI223,2401,John Buchner,16,16,0,2026-09-20 08:39:02,2026-09-20 08:39:02.854
2026-09-20 08:37:04,BSCI223,2406,John Buchner,16,16,0,2026-09-20 08:39:02,2026-09-20 08:39:02.854
2026-09-20 08:37:04,BSCI223,SES1,Cherisse Hall,20,20,0,2026-09-20 08:39:02,2026-09-20 08:39:02.854
2026-09-20 08:37:04,BSCI238I,0101,Aditri Gadigi,30,30,0,2026-09-20 08:39:03,2026-09-20 08:39:03.009
2026-09-20 08:37:04,BSCI258A,0101,Nicholas Fletcher,10,10,0,2026-09-20 08:39:03,2026-09-20 08:39:03.254
2026-09-20 08:37:04,BSCI258B,0101,Nicholas Fletcher,80,80,0,2026-09-20 08:39:03,2026-09-20 08:39:03.406
2026-09-20 08:37:04,BSCI279B,0101,Katerina Thompson,32,32,0,2026-09-20 08:39:03,2026-09-20 08:39:03.787
2026-09-20 08:37:04,BSCI279B,0102,Katerina Thompson,32,32,0,2026-09-20 08:39:03,2026-09-20 08:39:03.787
2026-09-20 08:37:04,BSCI279Q,0101,Daniel Butts,10,10,0,2026-09-20 08:39:04,2026-09-20 08:39:04.091
2026-09-20 08:37:04,BSCI283,1205,Kevin McIver,20,20,0,2026-09-20 08:39:04,2026-09-20 08:39:04.590
2026-09-20 08:37:04,BSCI283,1305,Daniel Stein,20,20,0,2026-09-20 08:39:04,2026-09-20 08:39:04.590
2026-09-20 08:37:04,BSCI329,1016,Hilary Bierman,5,5,0,2026-09-20 08:39:04,2026-09-20 08:39:04.749
2026-09-20 08:37:04,BSCI329,1028,Daniel Butts,10,10,0,2026-09-20 08:39:04,2026-09-20 08:39:04.749
2026-09-20 08:37:04,BSCI329,1033,Chan Lin,10,10,0,2026-09-20 08:39:04,2026-09-20 08:39:04.749
2026-09-20 08:37:04,BSCI329,1250,Justicia Opoku-Edusei,20,20,0,2026-09-20 08:39:04,2026-09-20 08:39:04.749
2026-09-20 08:37:04,BSCI329,1388,Corine Van der Weele,8,8,0,2026-09-20 08:39:04,2026-09-20 08:39:04.749
2026-09-20 08:37:04,BSCI329,ESG1,Hadiya Woodham,10,10,0,2026-09-20 08:39:04,2026-09-20 08:39:04.750
2026-09-20 08:37:04,BSCI331,0101,Kenneth Frauwirth,200,200,0,2026-09-20 08:39:04,2026-09-20 08:39:04.905
2026-09-20 08:37:04,BSCI331,0201,Kenneth Frauwirth,200,200,0,2026-09-20 08:39:04,2026-09-20 08:39:04.906
2026-09-20 08:37:04,BSCI332,0102,Corine Van der Weele,23,23,0,2026-09-20 08:39:05,2026-09-20 08:39:05.084
2026-09-20 08:37:04,BSCI332,0104,Corine Van der Weele,23,23,0,2026-09-20 08:39:05,2026-09-20 08:39:05.084
2026-09-20 08:37:04,BSCI332,0106,Corine Van der Weele,23,23,0,2026-09-20 08:39:05,2026-09-20 08:39:05.085
2026-09-20 08:37:04,BSCI332,0107,Corine Van der Weele,23,23,0,2026-09-20 08:39:05,2026-09-20 08:39:05.085
2026-09-20 08:37:04,BSCI332,0111,Corine Van der Weele,23,23,0,2026-09-20 08:39:05,2026-09-20 08:39:05.085
2026-09-20 08:37:04,BSCI332,1103,Corine Van der Weele,23,23,0,2026-09-20 08:39:05,2026-09-20 08:39:05.085
2026-09-20 08:37:04,BSCI332,1105,Corine Van der Weele,23,23,0,2026-09-20 08:39:05,2026-09-20 08:39:05.085
2026-09-20 08:37:04,BSCI332,1108,Corine Van der Weele,23,23,0,2026-09-20 08:39:05,2026-09-20 08:39:05.086
2026-09-20 08:37:04,BSCI332,1109,Corine Van der Weele,23,23,0,2026-09-20 08:39:05,2026-09-20 08:39:05.086
2026-09-20 08:37:04,BSCI332,1111,Corine Van der Weele,23,23,0,2026-09-20 08:39:05,2026-09-20 08:39:05.086
2026-09-20 08:37:04,BSCI332,1113,Corine Van der Weele,23,23,0,2026-09-20 08:39:05,2026-09-20 08:39:05.086
2026-09-20 08:37:04,BSCI334,0101,Katerina Thompson,60,60,0,2026-09-20 08:39:05,2026-09-20 08:39:05.238
2026-09-20 08:37:04,BSCI335,0101,Katerina Thompson,20,20,0,2026-09-20 08:39:05,2026-09-20 08:39:05.394
2026-09-20 08:37:04,BSCI335,0102,Katerina Thompson,20,20,0,2026-09-20 08:39:05,2026-09-20 08:39:05.394
2026-09-20 08:37:04,BSCI337,0101,Leo Shapiro,20,20,0,2026-09-20 08:39:05,2026-09-20 08:39:05.564
2026-09-20 08:37:04,BSCI337,0102,Leo Shapiro,20,20,0,2026-09-20 08:39:05,2026-09-20 08:39:05.565
2026-09-20 08:37:04,BSCI343,ESG1,Hadiya Woodham,30,30,0,2026-09-20 08:39:05,2026-09-20 08:39:05.864
2026-09-20 08:37:04,BSCI348A,0101,John Buchner,22,22,0,2026-09-20 08:39:06,2026-09-20 08:39:06.165
2026-09-20 08:37:04,BSCI348B,SES1,Erik Lontok,20,20,0,2026-09-20 08:39:06,2026-09-20 08:39:06.319
2026-09-20 08:37:04,BSCI348R,0101,Najib El-Sayed,10,10,0,2026-09-20 08:39:06,2026-09-20 08:39:06.471
2026-09-20 08:37:04,BSCI353,0101,Chan Lin,64,64,0,2026-09-20 08:39:06,2026-09-20 08:39:06.628
2026-09-20 08:37:04,BSCI353,0102,Melissa Caras,40,40,0,2026-09-20 08:39:06,2026-09-20 08:39:06.629
2026-09-20 08:37:04,BSCI353,ESG1,Vitaly Stepensky,40,40,0,2026-09-20 08:39:06,2026-09-20 08:39:06.629
2026-09-20 08:37:04,BSCI358A,ESG1,Vitaly Stepensky,30,30,0,2026-09-20 08:39:06,2026-09-20 08:39:06.784
2026-09-20 08:37:04,BSCI358B,ESG1,Gregory Simon,30,30,0,2026-09-20 08:39:06,2026-09-20 08:39:06.939
2026-09-20 08:37:04,BSCI361,0101,Daniel Gruner,25,25,0,2026-09-20 08:39:07,2026-09-20 08:39:07.096
2026-09-20 08:37:04,BSCI361,0102,Daniel Gruner,25,25,0,2026-09-20 08:39:07,2026-09-20 08:39:07.096
2026-09-20 08:37:04,BSCI370,0101,Alexandra Bely,64,64,0,2026-09-20 08:39:07,2026-09-20 08:39:07.252
2026-09-20 08:37:04,BSCI378H,0101,Kenneth Frauwirth,23,23,0,2026-09-20 08:39:07,2026-09-20 08:39:07.411
2026-09-20 08:37:04,BSCI398H,0101,Alexandra Bely,35,35,0,2026-09-20 08:39:08,2026-09-20 08:39:08.446
2026-09-20 08:37:04,BSCI401,0101,Gerald Wilkinson,39,39,0,2026-09-20 08:39:09,2026-09-20 08:39:09.046
2026-09-20 08:37:04,BSCI406,0101,Sergei Sukharev,20,20,0,2026-09-20 08:39:09,2026-09-20 08:39:09.200
2026-09-20 08:37:04,BSCI410,0101,Charles Seller,140,140,0,2026-09-20 08:39:09,2026-09-20 08:39:09.353
2026-09-20 08:37:04,BSCI412,0101,Erin Tran,18,18,0,2026-09-20 08:39:09,2026-09-20 08:39:09.510
2026-09-20 08:37:04,BSCI412,0103,Wade Winkler,18,18,0,2026-09-20 08:39:09,2026-09-20 08:39:09.510
2026-09-20 08:37:04,BSCI414,ESG1,Caitlin Fox,24,24,0,2026-09-20 08:39:09,2026-09-20 08:39:09.664
2026-09-20 08:37:04,BSCI416,0101,Silvia Bolland,42,42,0,2026-09-20 08:39:09,2026-09-20 08:39:09.820
2026-09-20 08:37:04,BSCI417,0101,Vincent Lee,30,30,0,2026-09-20 08:39:09,2026-09-20 08:39:09.978
2026-09-20 08:37:04,BSCI420,0101,Sougata Roy,62,62,0,2026-09-20 08:39:10,2026-09-20 08:39:10.135
2026-09-20 08:37:04,BSCI422,0101,Kenneth Frauwirth,25,25,0,2026-09-20 08:39:10,2026-09-20 08:39:10.300
2026-09-20 08:37:04,BSCI422,0102,Kenneth Frauwirth,25,25,0,2026-09-20 08:39:10,2026-09-20 08:39:10.300
2026-09-20 08:37:04,BSCI422,0103,David Mosser,25,25,0,2026-09-20 08:39:10,2026-09-20 08:39:10.300
2026-09-20 08:37:04,BSCI422,0104,David Mosser,25,25,0,2026-09-20 08:39:10,2026-09-20 08:39:10.300
2026-09-20 08:37:04,BSCI423,0101,Wenxia Song,18,18,0,2026-09-20 08:39:10,2026-09-20 08:39:10.454
2026-09-20 08:37:04,BSCI423,0102,Wenxia Song,18,18,0,2026-09-20 08:39:10,2026-09-20 08:39:10.454
2026-09-20 08:37:04,BSCI425,0101,Kan Cao,20,20,0,2026-09-20 08:39:10,2026-09-20 08:39:10.607
2026-09-20 08:37:04,BSCI430,0101,Eric Haag,35,35,0,2026-09-20 08:39:10,2026-09-20 08:39:10.761
2026-09-20 08:37:04,BSCI433,0101,Jeff Maltas,30,30,0,2026-09-20 08:39:10,2026-09-20 08:39:10.916
2026-09-20 08:37:04,BSCI433,PDS1,Beth Parent,25,25,0,2026-09-20 08:39:10,2026-09-20 08:39:10.916
2026-09-20 08:37:04,BSCI435,0101,Tapan Goel,18,18,0,2026-09-20 08:39:11,2026-09-20 08:39:11.070
2026-09-20 08:37:04,BSCI436,0101,Jonathan Dinman,60,60,0,2026-09-20 08:39:11,2026-09-20 08:39:11.223
2026-09-20 08:37:04,BSCI437,0101,Jeffrey DeStefano,70,70,0,2026-09-20 08:39:11,2026-09-20 08:39:11.378
2026-09-20 08:37:04,BSCI437,ESG1,Gilad Ofek,40,40,0,2026-09-20 08:39:11,2026-09-20 08:39:11.378
2026-09-20 08:37:04,BSCI437H,0101,Jeffrey DeStefano,8,8,0,2026-09-20 08:39:11,2026-09-20 08:39:11.535
2026-09-20 08:37:04,BSCI439B,ESG1,Maira Goytia,40,40,0,2026-09-20 08:39:11,2026-09-20 08:39:11.689
2026-09-20 08:37:04,BSCI439E,0101,Beatrice Kondo,5,5,0,2026-09-20 08:39:11,2026-09-20 08:39:11.852
2026-09-20 08:37:04,BSCI439G,0101,Beatrice Kondo,5,5,0,2026-09-20 08:39:12,2026-09-20 08:39:12.005
2026-09-20 08:37:04,BSCI439L,0101,Instructor: TBA,5,5,0,2026-09-20 08:39:12,2026-09-20 08:39:12.158
2026-09-20 08:37:04,BSCI442,0101,Daniel Rodriguez Leal,20,20,0,2026-09-20 08:39:12,2026-09-20 08:39:12.315
2026-09-20 08:37:04,BSCI442,0102,Jose Feijo,20,20,0,2026-09-20 08:39:12,2026-09-20 08:39:12.315
2026-09-20 08:37:04,BSCI450,0101,Juan Angueyra,130,130,0,2026-09-20 08:39:12,2026-09-20 08:39:12.472
2026-09-20 08:37:04,BSCI450,0201,Joshua Singer,120,120,0,2026-09-20 08:39:12,2026-09-20 08:39:12.472
2026-09-20 08:37:04,BSCI450,PDS1,William Higgins,20,20,0,2026-09-20 08:39:12,2026-09-20 08:39:12.472
2026-09-20 08:37:04,BSCI451,0101,Corine Van der Weele,20,20,0,2026-09-20 08:39:12,2026-09-20 08:39:12.633
2026-09-20 08:37:04,BSCI451,0102,Corine Van der Weele,20,20,0,2026-09-20 08:39:12,2026-09-20 08:39:12.633
2026-09-20 08:37:04,BSCI451,0103,Corine Van der Weele,20,20,0,2026-09-20 08:39:12,2026-09-20 08:39:12.633
2026-09-20 08:37:04,BSCI451,0104,Corine Van der Weele,20,20,0,2026-09-20 08:39:12,2026-09-20 08:39:12.633
2026-09-20 08:37:04,BSCI452,0101,Chan Lin,40,40,0,2026-09-20 08:39:12,2026-09-20 08:39:12.786
2026-09-20 08:37:04,BSCI453,0101,Nikolas Francis,38,38,0,2026-09-20 08:39:12,2026-09-20 08:39:12.937
2026-09-20 08:37:04,BSCI455,0101,Hilary Bierman,16,16,0,2026-09-20 08:39:13,2026-09-20 08:39:13.095
2026-09-20 08:37:04,BSCI455,0102,Hilary Bierman,16,16,0,2026-09-20 08:39:13,2026-09-20 08:39:13.095
2026-09-20 08:37:04,BSCI455,0103,Hilary Bierman,16,16,0,2026-09-20 08:39:13,2026-09-20 08:39:13.095
2026-09-20 08:37:04,BSCI456,0101,Colenso Speer,5,5,0,2026-09-20 08:39:13,2026-09-20 08:39:13.252
2026-09-20 08:37:04,BSCI477,0101,Emily Bruns,40,40,0,2026-09-20 08:39:13,2026-09-20 08:39:13.405
2026-09-20 08:37:04,BSCI487,0101,Kelly Hamby,24,24,0,2026-09-20 08:39:13,2026-09-20 08:39:13.600
2026-09-20 08:37:04,BSOS355,0101,Liza Lebrun,40,40,0,2026-09-20 08:39:14,2026-09-20 08:39:14.838
2026-09-20 08:37:04,BSOS361,0101,TC Lloyd,30,30,0,2026-09-20 08:39:14,2026-09-20 08:39:14.994
2026-09-20 08:37:04,BSOS361,0102,TC Lloyd,30,30,0,2026-09-20 08:39:14,2026-09-20 08:39:14.994
2026-09-20 08:37:04,BSOS448M,0101,Brandee Pettus,12,12,0,2026-09-20 08:39:15,2026-09-20 08:39:15.145
2026-09-20 08:37:04,BUMO600,0501,Sheetal Singh,52,52,0,2026-09-20 08:39:28,2026-09-20 08:39:28.672
2026-09-20 08:37:04,BUMO604,0501,Jon Crocker,0,0,0,2026-09-20 08:39:28,2026-09-20 08:39:28.825
2026-09-20 08:37:04,BUMO614,0501,Waverly Ding,58,58,0,2026-09-20 08:39:28,2026-09-20 08:39:28.980
2026-09-20 08:37:04,BUMO701,0501,Jason Choi,65,65,0,2026-09-20 08:39:29,2026-09-20 08:39:29.136
2026-09-20 08:37:04,BUMO703,0501,Mary Beth Furst,65,65,0,2026-09-20 08:39:29,2026-09-20 08:39:29.293
2026-09-20 08:37:04,BUMO711,0501,Sheetal Singh,65,65,0,2026-09-20 08:39:29,2026-09-20 08:39:29.447
2026-09-20 08:37:04,BUMO714,0501,Rellie Rozin,0,0,0,2026-09-20 08:39:29,2026-09-20 08:39:29.601
2026-09-20 08:37:04,BUMO723,0501,Stephen Sclafani,58,58,0,2026-09-20 08:39:29,2026-09-20 08:39:29.756
2026-09-20 08:37:04,BUMO724,0501,Stephen Sclafani,58,58,0,2026-09-20 08:39:29,2026-09-20 08:39:29.907
2026-09-20 08:37:04,BUMO726,0501,Stephen Sclafani,58,58,0,2026-09-20 08:39:30,2026-09-20 08:39:30.063
2026-09-20 08:37:04,BUMO731,0501,Balaji Padmanabhan,58,58,0,2026-09-20 08:39:30,2026-09-20 08:39:30.219
2026-09-20 08:37:04,BUMO733,0501,Balaji Padmanabhan,58,58,0,2026-09-20 08:39:30,2026-09-20 08:39:30.371
2026-09-20 08:37:04,BUMO758P,0501,Jon Crocker,37,37,0,2026-09-20 08:39:30,2026-09-20 08:39:30.527
2026-09-20 08:37:04,BUMO780,0501,Jennifer Marr,37,37,0,2026-09-20 08:39:30,2026-09-20 08:39:30.858
2026-09-20 08:37:04,BUMO780,0502,Jennifer Marr,37,37,0,2026-09-20 08:39:30,2026-09-20 08:39:30.858
2026-09-20 08:37:04,BUMO782,0501,Mike Hoffmeyer,40,40,0,2026-09-20 08:39:31,2026-09-20 08:39:31.013
2026-09-20 08:37:04,BUMO785,0501,Maria Bustamante,65,65,0,2026-09-20 08:39:31,2026-09-20 08:39:31.204
2026-09-20 08:37:04,BUMO790,0501,Roy Thomason,65,65,0,2026-09-20 08:39:31,2026-09-20 08:39:31.360
2026-09-20 08:37:04,BUMO790,0502,Roy Thomason,65,65,0,2026-09-20 08:39:31,2026-09-20 08:39:31.360
2026-09-20 08:37:04,BUMO791,0501,Roy Thomason,65,65,0,2026-09-20 08:39:31,2026-09-20 08:39:31.514
2026-09-20 08:37:04,BUMO791,0502,Roy Thomason,65,65,0,2026-09-20 08:39:31,2026-09-20 08:39:31.514
2026-09-20 08:37:04,CHIN100,0101,Yuli Wang,15,15,0,2026-09-20 08:39:59,2026-09-20 08:39:59.692
2026-09-20 08:37:04,CHIN121,0101,Mei Kong,15,15,0,2026-09-20 08:39:59,2026-09-20 08:39:59.842
2026-09-20 08:37:04,CHIN122,0101,Mei Kong,15,15,0,2026-09-20 08:39:59,2026-09-20 08:40:00.001
2026-09-20 08:37:04,CHIN122,0201,Mei Kong,15,15,0,2026-09-20 08:39:59,2026-09-20 08:40:00.001
2026-09-20 08:37:04,CHIN122,0301,Guiling Hu,15,15,0,2026-09-20 08:39:59,2026-09-20 08:40:00.002
2026-09-20 08:37:04,CHIN207,0101,Guiling Hu,15,15,0,2026-09-20 08:40:00,2026-09-20 08:40:00.277
2026-09-20 08:37:04,CHIN207,0201,Guiling Hu,15,15,0,2026-09-20 08:40:00,2026-09-20 08:40:00.277
2026-09-20 08:37:04,CHIN302,0101,Jungjung Lee,15,15,0,2026-09-20 08:40:00,2026-09-20 08:40:00.441
2026-09-20 08:37:04,CHIN302,0201,Jungjung Lee,15,15,0,2026-09-20 08:40:00,2026-09-20 08:40:00.442
2026-09-20 08:37:04,CHIN307,0101,Minglang Zhou,25,25,0,2026-09-20 08:40:00,2026-09-20 08:40:00.612
2026-09-20 08:37:04,CHIN315,0101,Mei Nan,25,25,0,2026-09-20 08:40:00,2026-09-20 08:40:00.766
2026-09-20 08:37:04,CHIN332,0101,Yuli Wang,15,15,0,2026-09-20 08:40:01,2026-09-20 08:40:01.016
2026-09-20 08:37:04,CHIN402,0101,Jungjung Lee,15,15,0,2026-09-20 08:40:01,2026-09-20 08:40:01.573
2026-09-20 08:37:04,CHIN415,0101,Jungjung Lee,15,15,0,2026-09-20 08:40:01,2026-09-20 08:40:01.763
2026-09-20 08:37:04,CHIN418O,0101,Mei Nan,25,25,0,2026-09-20 08:40:02,2026-09-20 08:40:02.050
2026-09-20 08:37:04,CHIN441,0101,Andrew Schonebaum,20,20,0,2026-09-20 08:40:02,2026-09-20 08:40:02.332
2026-09-20 08:37:04,CHSE205,0101,Yewon Lee,60,60,0,2026-09-20 08:40:05,2026-09-20 08:40:05.937
2026-09-20 08:37:04,CHSE205,0201,Katryna Andrusik,50,50,0,2026-09-20 08:40:05,2026-09-20 08:40:05.938
2026-09-20 08:37:04,CHSE228D,0101,Nikita Kimani,16,16,0,2026-09-20 08:40:06,2026-09-20 08:40:06.095
2026-09-20 08:37:04,CHSE376,0101,Michael Dunham,20,20,0,2026-09-20 08:40:06,2026-09-20 08:40:06.284
2026-09-20 08:37:04,CHSE376,0201,Elizabeth Martinez,20,20,0,2026-09-20 08:40:06,2026-09-20 08:40:06.284
2026-09-20 08:37:04,CHSE376,0301,Colleen McGilpin,20,20,0,2026-09-20 08:40:06,2026-09-20 08:40:06.285
2026-09-20 08:37:04,CHSE376,0401,Chanai Brewster,15,15,0,2026-09-20 08:40:06,2026-09-20 08:40:06.285
2026-09-20 08:37:04,CHSE376,0501,Michael Dunham,15,15,0,2026-09-20 08:40:06,2026-09-20 08:40:06.285
2026-09-20 08:37:04,CHSE476,0101,Michael Dunham,20,20,0,2026-09-20 08:40:06,2026-09-20 08:40:06.707
2026-09-20 08:37:04,CHSE477,0101,Michael Dunham,18,18,0,2026-09-20 08:40:06,2026-09-20 08:40:06.862
2026-09-20 08:37:04,CHSE480,0101,Michael Dunham,18,18,0,2026-09-20 08:40:07,2026-09-20 08:40:07.020
2026-09-20 08:37:04,CHSE489,1901,Amy D'Agati,10,10,0,2026-09-20 08:40:07,2026-09-20 08:40:07.179
2026-09-20 08:37:04,CINE245,0201,Instructor: TBA,27,27,0,2026-09-20 08:40:08,2026-09-20 08:40:08.948
2026-09-20 08:37:04,CINE245,0301,Instructor: TBA,27,27,0,2026-09-20 08:40:08,2026-09-20 08:40:08.948
2026-09-20 08:37:04,CINE280,0101,Eric Zakim,25,25,0,2026-09-20 08:40:09,2026-09-20 08:40:09.108
2026-09-20 08:37:04,CINE280,0102,Eric Zakim,25,25,0,2026-09-20 08:40:09,2026-09-20 08:40:09.108
2026-09-20 08:37:04,CINE280,0103,Eric Zakim,25,25,0,2026-09-20 08:40:09,2026-09-20 08:40:09.109
2026-09-20 08:37:04,CINE280,0104,Eric Zakim,25,25,0,2026-09-20 08:40:09,2026-09-20 08:40:09.109
2026-09-20 08:37:04,CINE282,0101,Susan Pramschufer,35,35,0,2026-09-20 08:40:09,2026-09-20 08:40:09.325
2026-09-20 08:37:04,CINE298B,0101,Sean Pue,20,20,0,2026-09-20 08:40:09,2026-09-20 08:40:09.484
2026-09-20 08:37:04,CINE302,0101,Luka Arsenjuk,30,30,0,2026-09-20 08:40:09,2026-09-20 08:40:09.636
2026-09-20 08:37:04,CINE310,0101,Nathaniel Stevens,15,15,0,2026-09-20 08:40:10,2026-09-20 08:40:10.233
2026-09-20 08:37:04,CINE319A,0101,Instructor: TBA,20,20,0,2026-09-20 08:40:10,2026-09-20 08:40:10.386
2026-09-20 08:37:04,CINE319I,0101,Yael Inbar,15,15,0,2026-09-20 08:40:10,2026-09-20 08:40:10.537
2026-09-20 08:37:04,CINE319P,5501,Samuel Crawford,10,10,0,2026-09-20 08:40:10,2026-09-20 08:40:10.693
2026-09-20 08:37:04,CINE329E,0101,Elizabeth Papazian,25,25,0,2026-09-20 08:40:10,2026-09-20 08:40:10.890
2026-09-20 08:37:04,CINE329N,0101,Daniel Richter,25,25,0,2026-09-20 08:40:11,2026-09-20 08:40:11.044
2026-09-20 08:37:04,CINE329Z,0101,Daniel Richter,25,25,0,2026-09-20 08:40:11,2026-09-20 08:40:11.201
2026-09-20 08:37:04,CINE335,0101,Jason Kuo,25,25,0,2026-09-20 08:40:11,2026-09-20 08:40:11.448
2026-09-20 08:37:04,CINE369C,0101,Mauro Resmini,40,40,0,2026-09-20 08:40:11,2026-09-20 08:40:11.601
2026-09-20 08:37:04,CINE369F,0101,Alexis Lothian,30,30,0,2026-09-20 08:40:11,2026-09-20 08:40:11.754
2026-09-20 08:37:04,CINE369K,0101,Instructor: TBA,20,20,0,2026-09-20 08:40:11,2026-09-20 08:40:11.910
2026-09-20 08:37:04,CINE376,0101,Ross Angelella,14,14,0,2026-09-20 08:40:12,2026-09-20 08:40:12.132
2026-09-20 08:37:04,CINE376,0102,Ross Angelella,5,5,0,2026-09-20 08:40:12,2026-09-20 08:40:12.133
2026-09-20 08:37:04,CINE419E,0101,Stephanie Sapienza,15,15,0,2026-09-20 08:40:12,2026-09-20 08:40:12.431
2026-09-20 08:37:04,CINE429O,0101,Mei Nan,25,25,0,2026-09-20 08:40:12,2026-09-20 08:40:12.583
2026-09-20 08:37:04,CINE459C,0101,Saverio Giovacchini,54,54,0,2026-09-20 08:40:12,2026-09-20 08:40:12.733
2026-09-20 08:37:04,CINE469Y,0101,Jason Kuo,14,14,0,2026-09-20 08:40:12,2026-09-20 08:40:12.888
2026-09-20 08:37:04,CLAS170,0101,Katherine Wasdin,21,21,0,2026-09-20 08:40:14,2026-09-20 08:40:14.295
2026-09-20 08:37:04,CLAS170,0102,Katherine Wasdin,21,21,0,2026-09-20 08:40:14,2026-09-20 08:40:14.296
2026-09-20 08:37:04,CLAS170,0103,Katherine Wasdin,21,21,0,2026-09-20 08:40:14,2026-09-20 08:40:14.296
2026-09-20 08:37:04,CLAS170,0104,Katherine Wasdin,21,21,0,2026-09-20 08:40:14,2026-09-20 08:40:14.296
2026-09-20 08:37:04,CLAS170,0105,Katherine Wasdin,21,21,0,2026-09-20 08:40:14,2026-09-20 08:40:14.296
2026-09-20 08:37:04,CLAS170,0106,Katherine Wasdin,21,21,0,2026-09-20 08:40:14,2026-09-20 08:40:14.296
2026-09-20 08:37:04,CLAS170,0107,Katherine Wasdin,21,21,0,2026-09-20 08:40:14,2026-09-20 08:40:14.296
2026-09-20 08:37:04,CLAS170,0108,Katherine Wasdin,21,21,0,2026-09-20 08:40:14,2026-09-20 08:40:14.297
2026-09-20 08:37:04,CLAS170,0109,Katherine Wasdin,21,21,0,2026-09-20 08:40:14,2026-09-20 08:40:14.297
2026-09-20 08:37:04,CLAS276,0101,Eric Adler,25,25,0,2026-09-20 08:40:14,2026-09-20 08:40:14.472
2026-09-20 08:37:04,CLAS276,0102,Eric Adler,25,25,0,2026-09-20 08:40:14,2026-09-20 08:40:14.473
2026-09-20 08:37:04,CLAS276,0103,Eric Adler,25,25,0,2026-09-20 08:40:14,2026-09-20 08:40:14.473
2026-09-20 08:37:04,CLAS276,0104,Eric Adler,25,25,0,2026-09-20 08:40:14,2026-09-20 08:40:14.473
2026-09-20 08:37:04,CLAS276,0105,Eric Adler,25,25,0,2026-09-20 08:40:14,2026-09-20 08:40:14.473
2026-09-20 08:37:04,CLAS276,0106,Eric Adler,25,25,0,2026-09-20 08:40:14,2026-09-20 08:40:14.473
2026-09-20 08:37:04,CLAS333,0101,Nathan Levine,35,35,0,2026-09-20 08:40:14,2026-09-20 08:40:14.628
2026-09-20 08:37:04,CLAS333,PBU1,Nathan Levine,3,3,0,2026-09-20 08:40:14,2026-09-20 08:40:14.628
2026-09-20 08:37:04,CLAS340,0101,Katherine Wasdin,35,35,0,2026-09-20 08:40:14,2026-09-20 08:40:14.780
2026-09-20 08:37:04,CMLT235,0101,Instructor: TBA,30,30,0,2026-09-20 08:40:18,2026-09-20 08:40:18.247
2026-09-20 08:37:04,CMLT270,0201,Instructor: TBA,30,30,0,2026-09-20 08:40:18,2026-09-20 08:40:18.427
2026-09-20 08:37:04,CMLT270,0301,Instructor: TBA,30,30,0,2026-09-20 08:40:18,2026-09-20 08:40:18.427
2026-09-20 08:37:04,CMLT275,0101,Instructor: TBA,30,30,0,2026-09-20 08:40:18,2026-09-20 08:40:18.582
2026-09-20 08:37:04,CMLT277,0101,Instructor: TBA,30,30,0,2026-09-20 08:40:18,2026-09-20 08:40:18.733
2026-09-20 08:37:04,CMLT280,0101,Eric Zakim,25,25,0,2026-09-20 08:40:18,2026-09-20 08:40:18.898
2026-09-20 08:37:04,CMLT280,0102,Eric Zakim,25,25,0,2026-09-20 08:40:18,2026-09-20 08:40:18.898
2026-09-20 08:37:04,CMLT280,0103,Eric Zakim,25,25,0,2026-09-20 08:40:18,2026-09-20 08:40:18.898
2026-09-20 08:37:04,CMLT280,0104,Eric Zakim,25,25,0,2026-09-20 08:40:18,2026-09-20 08:40:18.899
2026-09-20 08:37:04,CPBE101,0101,Oliver Schlake,75,75,0,2026-09-20 08:40:31,2026-09-20 08:40:31.839
2026-09-20 08:37:04,CPBE230,0101,Oliver Schlake,30,30,0,2026-09-20 08:40:31,2026-09-20 08:40:31.995
2026-09-20 08:37:04,CPBE240,0101,Oliver Schlake,20,20,0,2026-09-20 08:40:32,2026-09-20 08:40:32.148
2026-09-20 08:37:04,CPBE250,0101,Oliver Schlake,30,30,0,2026-09-20 08:40:32,2026-09-20 08:40:32.302
2026-09-20 08:37:04,CPCV101,0101,Julie Randolph,40,40,0,2026-09-20 08:40:33,2026-09-20 08:40:33.533
2026-09-20 08:37:04,CPCV101,0201,Julie Randolph,40,40,0,2026-09-20 08:40:33,2026-09-20 08:40:33.533
2026-09-20 08:37:04,CPCV230,0101,Korey Rothman,20,20,0,2026-09-20 08:40:33,2026-09-20 08:40:33.693
2026-09-20 08:37:04,CPCV230,0201,Korey Rothman,20,20,0,2026-09-20 08:40:33,2026-09-20 08:40:33.693
2026-09-20 08:37:04,CPDJ101,0101,Jess Feltner,75,75,0,2026-09-20 08:40:34,2026-09-20 08:40:34.932
2026-09-20 08:37:04,CPDJ230,0101,Jess Feltner,10,10,0,2026-09-20 08:40:35,2026-09-20 08:40:35.086
2026-09-20 08:37:04,CPDJ240,0101,Jess Feltner,8,8,0,2026-09-20 08:40:35,2026-09-20 08:40:35.246
2026-09-20 08:37:04,CPDJ250,0101,Jess Feltner,10,10,0,2026-09-20 08:40:35,2026-09-20 08:40:35.401
2026-09-20 08:37:04,CPET101,0101,Dani Moore,78,78,0,2026-09-20 08:40:36,2026-09-20 08:40:36.634
2026-09-20 08:37:04,CPET230,0101,Dani Moore,50,50,0,2026-09-20 08:40:36,2026-09-20 08:40:36.788
2026-09-20 08:37:04,CPET240,0101,Dani Moore,20,20,0,2026-09-20 08:40:36,2026-09-20 08:40:36.941
2026-09-20 08:37:04,CPET250,0101,Dani Moore,15,15,0,2026-09-20 08:40:37,2026-09-20 08:40:37.094
2026-09-20 08:37:04,CPGH101,0101,Angshuman Kashyap,75,75,0,2026-09-20 08:40:38,2026-09-20 08:40:38.338
2026-09-20 08:37:04,CPGH210,0101,Haley Clark,80,80,0,2026-09-20 08:40:38,2026-09-20 08:40:38.491
2026-09-20 08:37:04,CPGH230,0101,John Wiggins,30,30,0,2026-09-20 08:40:38,2026-09-20 08:40:38.645
2026-09-20 08:37:04,CPGH240,0101,John Wiggins,30,30,0,2026-09-20 08:40:38,2026-09-20 08:40:38.797
2026-09-20 08:37:04,CPGH250,0101,John Wiggins,25,25,0,2026-09-20 08:40:38,2026-09-20 08:40:38.948
2026-09-20 08:37:04,CPGH270,0101,John Wiggins,5,5,0,2026-09-20 08:40:39,2026-09-20 08:40:39.101
2026-09-20 08:37:04,CPJT101,0101,Justine DeCamillis,75,75,0,2026-09-20 08:40:40,2026-09-20 08:40:40.340
2026-09-20 08:37:04,CPJT230,0101,Justine DeCamillis,35,35,0,2026-09-20 08:40:40,2026-09-20 08:40:40.492
2026-09-20 08:37:04,CPJT240,0101,Justine DeCamillis,25,25,0,2026-09-20 08:40:40,2026-09-20 08:40:40.642
2026-09-20 08:37:04,CPJT250,0101,Victoria Worley,25,25,0,2026-09-20 08:40:40,2026-09-20 08:40:40.794
2026-09-20 08:37:04,CPMS101,0101,Alison Burns,75,75,0,2026-09-20 08:40:42,2026-09-20 08:40:42.028
2026-09-20 08:37:04,CPMS230,0101,Alison Burns,30,30,0,2026-09-20 08:40:42,2026-09-20 08:40:42.181
2026-09-20 08:37:04,CPMS240,0101,Alison Burns,15,15,0,2026-09-20 08:40:42,2026-09-20 08:40:42.337
2026-09-20 08:37:04,CPPL101,0101,Kelly Brower,75,75,0,2026-09-20 08:40:43,2026-09-20 08:40:43.562
2026-09-20 08:37:04,CPSA101,0101,Heather-Erin Bremenstuhl,75,75,0,2026-09-20 08:40:44,2026-09-20 08:40:44.814
2026-09-20 08:37:04,CPSA149,0101,Harold Burgess,20,20,0,2026-09-20 08:40:44,2026-09-20 08:40:44.968
2026-09-20 08:37:04,CPSA201,0101,Heather-Erin Bremenstuhl,75,75,0,2026-09-20 08:40:45,2026-09-20 08:40:45.121
2026-09-20 08:37:04,CPSA240,0101,Harold Burgess,15,15,0,2026-09-20 08:40:45,2026-09-20 08:40:45.274
2026-09-20 08:37:04,CPSA250,0101,Heather-Erin Bremenstuhl,10,10,0,2026-09-20 08:40:45,2026-09-20 08:40:45.429
2026-09-20 08:37:04,CPSA250,0201,Heather-Erin Bremenstuhl,10,10,0,2026-09-20 08:40:45,2026-09-20 08:40:45.430
2026-09-20 08:37:04,CPSA250,0301,Heather-Erin Bremenstuhl,10,10,0,2026-09-20 08:40:45,2026-09-20 08:40:45.430
2026-09-20 08:37:04,CPSA260,0101,Heather-Erin Bremenstuhl,10,10,0,2026-09-20 08:40:45,2026-09-20 08:40:45.583
2026-09-20 08:37:04,CPSA260,0201,Heather-Erin Bremenstuhl,10,10,0,2026-09-20 08:40:45,2026-09-20 08:40:45.584
2026-09-20 08:37:04,CPSA260,0301,Alexandra Lynch,10,10,0,2026-09-20 08:40:45,2026-09-20 08:40:45.584
2026-09-20 08:37:04,CPSF101,0101,Nicholas Fletcher,75,75,0,2026-09-20 08:40:46,2026-09-20 08:40:46.815
2026-09-20 08:37:04,CPSG101,0101,Thomas Holtz,75,75,0,2026-09-20 08:40:48,2026-09-20 08:40:48.053
2026-09-20 08:37:04,CPSG230,0101,John Merck,50,50,0,2026-09-20 08:40:48,2026-09-20 08:40:48.204
2026-09-20 08:37:04,CPSG240,0101,John Merck,25,25,0,2026-09-20 08:40:48,2026-09-20 08:40:48.354
2026-09-20 08:37:04,CPSG250,0101,John Merck,25,25,0,2026-09-20 08:40:48,2026-09-20 08:40:48.505
2026-09-20 08:37:04,CPSN101,0101,Hansol Kwak,75,75,0,2026-09-20 08:40:49,2026-09-20 08:40:49.742
2026-09-20 08:37:04,CPSN230,0101,Ellin Chung,40,40,0,2026-09-20 08:40:49,2026-09-20 08:40:49.894
2026-09-20 08:37:04,CPSN240,0101,Ellin Chung,15,15,0,2026-09-20 08:40:50,2026-09-20 08:40:50.048
2026-09-20 08:37:04,CPSN250,0101,Hansol Kwak,25,25,0,2026-09-20 08:40:50,2026-09-20 08:40:50.237
2026-09-20 08:37:04,CPSP239A,0101,Heather-Erin Bremenstuhl,10,10,0,2026-09-20 08:40:51,2026-09-20 08:40:51.488
2026-09-20 08:37:04,CPSP259J,0101,Alison Burns,10,10,0,2026-09-20 08:40:51,2026-09-20 08:40:51.638
2026-09-20 08:37:04,CPSP279N,0101,Stacy Kosko,10,10,0,2026-09-20 08:40:51,2026-09-20 08:40:51.792
2026-09-20 08:37:04,CPSP339P,0101,Kelly Brower,15,15,0,2026-09-20 08:40:51,2026-09-20 08:40:51.954
2026-09-20 08:37:04,CPSP359G,0101,John Merck,25,25,0,2026-09-20 08:40:52,2026-09-20 08:40:52.103
2026-09-20 08:37:04,CPSP359S,0101,David Eubanks,24,24,0,2026-09-20 08:40:52,2026-09-20 08:40:52.259
2026-09-20 08:37:04,CPSP369E,0101,Tim Knight,7,7,0,2026-09-20 08:40:52,2026-09-20 08:40:52.412
2026-09-20 08:37:04,CPSP369E,0102,Tim Knight,5,5,0,2026-09-20 08:40:52,2026-09-20 08:40:52.413
2026-09-20 08:37:04,CPSS101,0101,Christine Alexander,75,75,0,2026-09-20 08:40:53,2026-09-20 08:40:53.655
2026-09-20 08:37:04,CPSS225,0101,Roan Parrish,20,20,0,2026-09-20 08:40:53,2026-09-20 08:40:53.812
2026-09-20 08:37:04,CPSS225,0201,Melinda Baldwin,20,20,0,2026-09-20 08:40:53,2026-09-20 08:40:53.812
2026-09-20 08:37:04,CPSS240,0101,Timothy Reedy,25,25,0,2026-09-20 08:40:53,2026-09-20 08:40:53.963
2026-09-20 08:37:04,CPSS340,0101,Nicole Mogul,20,20,0,2026-09-20 08:40:54,2026-09-20 08:40:54.117
2026-09-20 08:37:04,DATA100,0111,Matthew Griffin,27,27,0,2026-09-20 08:41:02,2026-09-20 08:41:02.179
2026-09-20 08:37:04,DATA100,0112,Matthew Griffin,27,27,0,2026-09-20 08:41:02,2026-09-20 08:41:02.179
2026-09-20 08:37:04,DATA100,0121,Matthew Griffin,27,27,0,2026-09-20 08:41:02,2026-09-20 08:41:02.180
2026-09-20 08:37:04,DATA100,0122,Matthew Griffin,27,27,0,2026-09-20 08:41:02,2026-09-20 08:41:02.180
2026-09-20 08:37:04,DATA100,0123,Matthew Griffin,27,27,0,2026-09-20 08:41:02,2026-09-20 08:41:02.180
2026-09-20 08:37:04,DATA100,0124,Matthew Griffin,27,27,0,2026-09-20 08:41:02,2026-09-20 08:41:02.180
2026-09-20 08:37:04,DATA100,0131,Matthew Griffin,27,27,0,2026-09-20 08:41:02,2026-09-20 08:41:02.180
2026-09-20 08:37:04,DATA100,0141,Matthew Griffin,27,27,0,2026-09-20 08:41:02,2026-09-20 08:41:02.180
2026-09-20 08:37:04,DATA100,0211,Matthew Griffin,27,27,0,2026-09-20 08:41:02,2026-09-20 08:41:02.181
2026-09-20 08:37:04,DATA100,0212,Matthew Griffin,27,27,0,2026-09-20 08:41:02,2026-09-20 08:41:02.181
2026-09-20 08:37:04,DATA100,0221,Matthew Griffin,27,27,0,2026-09-20 08:41:02,2026-09-20 08:41:02.181
2026-09-20 08:37:04,DATA100,0222,Matthew Griffin,27,27,0,2026-09-20 08:41:02,2026-09-20 08:41:02.181
2026-09-20 08:37:04,DATA100,0223,Matthew Griffin,27,27,0,2026-09-20 08:41:02,2026-09-20 08:41:02.181
2026-09-20 08:37:04,DATA100,0224,Matthew Griffin,27,27,0,2026-09-20 08:41:02,2026-09-20 08:41:02.182
2026-09-20 08:37:04,DATA100,0231,Matthew Griffin,27,27,0,2026-09-20 08:41:02,2026-09-20 08:41:02.182
2026-09-20 08:37:04,DATA100,0241,Matthew Griffin,27,27,0,2026-09-20 08:41:02,2026-09-20 08:41:02.182
2026-09-20 08:37:04,DATA100,0242,Matthew Griffin,27,27,0,2026-09-20 08:41:02,2026-09-20 08:41:02.182
2026-09-20 08:37:04,DATA100,0311,Jonathan Fernandes,25,25,0,2026-09-20 08:41:02,2026-09-20 08:41:02.182
2026-09-20 08:37:04,DATA100,0312,Jonathan Fernandes,25,25,0,2026-09-20 08:41:02,2026-09-20 08:41:02.182
2026-09-20 08:37:04,DATA100,0321,Jonathan Fernandes,25,25,0,2026-09-20 08:41:02,2026-09-20 08:41:02.183
2026-09-20 08:37:04,DATA100,0322,Jonathan Fernandes,25,25,0,2026-09-20 08:41:02,2026-09-20 08:41:02.183
2026-09-20 08:37:04,DATA100,0323,Jonathan Fernandes,25,25,0,2026-09-20 08:41:02,2026-09-20 08:41:02.183
2026-09-20 08:37:04,DATA100,0331,Jonathan Fernandes,25,25,0,2026-09-20 08:41:02,2026-09-20 08:41:02.183
2026-09-20 08:37:04,DATA100,0332,Jonathan Fernandes,29,29,0,2026-09-20 08:41:02,2026-09-20 08:41:02.183
2026-09-20 08:37:04,DATA110,0101,Susan Mazzullo,310,310,0,2026-09-20 08:41:02,2026-09-20 08:41:02.351
2026-09-20 08:37:04,DATA120,0101,Fardina Alam,200,200,0,2026-09-20 08:41:02,2026-09-20 08:41:02.557
2026-09-20 08:37:04,DATA200,0101,Fardina Alam,90,90,0,2026-09-20 08:41:02,2026-09-20 08:41:02.712
2026-09-20 08:37:04,DATA250,0101,Todd Rowland,30,30,0,2026-09-20 08:41:02,2026-09-20 08:41:02.871
2026-09-20 08:37:04,DATA320,0101,Maksym Morawski,20,20,0,2026-09-20 08:41:03,2026-09-20 08:41:03.043
2026-09-20 08:37:04,DATA320,0201,Fardina Alam,20,20,0,2026-09-20 08:41:03,2026-09-20 08:41:03.043
2026-09-20 08:37:04,DATA320,0301,Anna Evtushenko,12,12,0,2026-09-20 08:41:03,2026-09-20 08:41:03.044
2026-09-20 08:37:04,DATA350,0101,Todd Rowland,30,30,0,2026-09-20 08:41:03,2026-09-20 08:41:03.224
2026-09-20 08:37:04,DATA350,0201,Raluca Rosca,30,30,0,2026-09-20 08:41:03,2026-09-20 08:41:03.224
2026-09-20 08:37:04,DATA400,0111,Archana Khurana,27,27,0,2026-09-20 08:41:03,2026-09-20 08:41:03.405
2026-09-20 08:37:04,DATA400,0121,Archana Khurana,27,27,0,2026-09-20 08:41:03,2026-09-20 08:41:03.405
2026-09-20 08:37:04,DATA400,0131,Archana Khurana,27,27,0,2026-09-20 08:41:03,2026-09-20 08:41:03.405
2026-09-20 08:37:04,DATA400,0211,Salman Safdar,27,27,0,2026-09-20 08:41:03,2026-09-20 08:41:03.405
2026-09-20 08:37:04,DATA400,0311,Shixin Zheng,27,27,0,2026-09-20 08:41:03,2026-09-20 08:41:03.406
2026-09-20 08:37:04,DATA400,0321,Shixin Zheng,30,30,0,2026-09-20 08:41:03,2026-09-20 08:41:03.406
2026-09-20 08:37:04,DATA400,0331,Shixin Zheng,27,27,0,2026-09-20 08:41:03,2026-09-20 08:41:03.406
2026-09-20 08:37:04,DATA400,0411,Mestiyage Gunatilleka,27,27,0,2026-09-20 08:41:03,2026-09-20 08:41:03.406
2026-09-20 08:37:04,DATA400,0412,Mestiyage Gunatilleka,27,27,0,2026-09-20 08:41:03,2026-09-20 08:41:03.406
2026-09-20 08:37:04,DATA400,0421,Mestiyage Gunatilleka,27,27,0,2026-09-20 08:41:03,2026-09-20 08:41:03.406
2026-09-20 08:37:04,DATA400,0422,Mestiyage Gunatilleka,27,27,0,2026-09-20 08:41:03,2026-09-20 08:41:03.407
2026-09-20 08:37:04,DATA400,0431,Mestiyage Gunatilleka,27,27,0,2026-09-20 08:41:03,2026-09-20 08:41:03.407
2026-09-20 08:37:04,DATA400,0432,Mestiyage Gunatilleka,27,27,0,2026-09-20 08:41:03,2026-09-20 08:41:03.407
2026-09-20 08:37:04,DATA602,PCS1,Tammy Perrin,30,30,0,2026-09-20 08:41:03,2026-09-20 08:41:03.619
2026-09-20 08:37:04,DATA603,PWS1,Kemal Davaslioglu,50,50,0,2026-09-20 08:41:03,2026-09-20 08:41:03.773
2026-09-20 08:37:04,DATA604,PCS1,Wojciech Czaja,55,55,0,2026-09-20 08:41:03,2026-09-20 08:41:03.929
2026-09-20 08:37:04,DATA604,PCS2,Mestiyage Gunatilleka,55,55,0,2026-09-20 08:41:03,2026-09-20 08:41:03.929
2026-09-20 08:37:04,DATA604,PCS3,Kendall Williams,55,55,0,2026-09-20 08:41:03,2026-09-20 08:41:03.930
2026-09-20 08:37:04,DATA604,PCS4,Jonathan Fernandes,55,55,0,2026-09-20 08:41:03,2026-09-20 08:41:03.930
2026-09-20 08:37:04,DATA605,PCS1,Tammy Perrin,55,55,0,2026-09-20 08:41:04,2026-09-20 08:41:04.089
2026-09-20 08:37:04,DATA605,PCS2,Tammy Perrin,55,55,0,2026-09-20 08:41:04,2026-09-20 08:41:04.090
2026-09-20 08:37:04,DATA605,PWS1,Giacinto Paolo Saggese,55,55,0,2026-09-20 08:41:04,2026-09-20 08:41:04.090
2026-09-20 08:37:04,DATA606,PCS1,Abdirisak Mohamed,55,55,0,2026-09-20 08:41:04,2026-09-20 08:41:04.252
2026-09-20 08:37:04,DATA606,PCS2,Abdirisak Mohamed,55,55,0,2026-09-20 08:41:04,2026-09-20 08:41:04.252
2026-09-20 08:37:04,DATA606,PCS3,Toki Inan,55,55,0,2026-09-20 08:41:04,2026-09-20 08:41:04.252
2026-09-20 08:37:04,DATA612,PCS1,Samet Ayhan,55,55,0,2026-09-20 08:41:04,2026-09-20 08:41:04.413
2026-09-20 08:37:04,DATA612,PCS2,Samet Ayhan,55,55,0,2026-09-20 08:41:04,2026-09-20 08:41:04.413
2026-09-20 08:37:04,DATA612,PCS3,Emre Gunduzhan,55,55,0,2026-09-20 08:41:04,2026-09-20 08:41:04.413
2026-09-20 08:37:04,DATA641,PCS1,Armin Mehrabian,55,55,0,2026-09-20 08:41:04,2026-09-20 08:41:04.567
2026-09-20 08:37:04,EALL361,0101,Instructor: TBA,20,20,0,2026-09-20 08:41:05,2026-09-20 08:41:05.796
2026-09-20 08:37:04,EDDI300,0101,Nicole Mehta,20,20,0,2026-09-20 08:41:13,2026-09-20 08:41:13.873
2026-09-20 08:37:04,EMBA788V,GX01,Zhi-Long Chen,31,31,0,2026-09-20 08:41:31,2026-09-20 08:41:31.844
2026-09-20 08:37:04,ENAI603,0101,A Seyed,35,35,0,2026-09-20 08:41:38,2026-09-20 08:41:38.821
2026-09-20 08:37:04,ENAI603,AEC1,A Seyed,20,20,0,2026-09-20 08:41:38,2026-09-20 08:41:38.821
2026-09-20 08:37:04,ENBC312,ESG1,Kyunghun Lee,20,20,0,2026-09-20 08:41:40,2026-09-20 08:41:40.085
2026-09-20 08:37:04,ENBC321,ESG1,Jamasp Azarnoosh,20,20,0,2026-09-20 08:41:40,2026-09-20 08:41:40.240
2026-09-20 08:37:04,ENBC342,ESG1,Lan Ma,20,20,0,2026-09-20 08:41:40,2026-09-20 08:41:40.397
2026-09-20 08:37:04,ENBC351,ESG1,Jarred Callura,20,20,0,2026-09-20 08:41:40,2026-09-20 08:41:40.548
2026-09-20 08:37:04,ENBC352,ESG1,Jarred Callura,20,20,0,2026-09-20 08:41:40,2026-09-20 08:41:40.704
2026-09-20 08:37:04,ENBC403,ESG1,Jamasp Azarnoosh,20,20,0,2026-09-20 08:41:40,2026-09-20 08:41:40.855
2026-09-20 08:37:04,ENBC441,ESG1,Lan Ma,20,20,0,2026-09-20 08:41:41,2026-09-20 08:41:41.015
2026-09-20 08:37:04,ENBC455,ESG1,Jarred Callura,20,20,0,2026-09-20 08:41:41,2026-09-20 08:41:41.167
2026-09-20 08:37:04,ENBC491,ESG1,Lan Ma,20,20,0,2026-09-20 08:41:41,2026-09-20 08:41:41.320
2026-09-20 08:37:04,ENCO099,0101,Lizzy Solovey,200,200,0,2026-09-20 08:41:46,2026-09-20 08:41:46.683
2026-09-20 08:37:04,ENEB304,ESG1,Nestor Michael Tiglao,20,20,0,2026-09-20 08:41:47,2026-09-20 08:41:47.954
2026-09-20 08:37:04,ENEB345,ESG1,Nestor Michael Tiglao,20,20,0,2026-09-20 08:41:48,2026-09-20 08:41:48.108
2026-09-20 08:37:04,ENEB352,ESG1,Mohamed Hany,20,20,0,2026-09-20 08:41:48,2026-09-20 08:41:48.265
2026-09-20 08:37:04,ENEB353,ESG1,Manoj Franklin,20,20,0,2026-09-20 08:41:48,2026-09-20 08:41:48.423
2026-09-20 08:37:04,ENEB355,ESG1,Nestor Michael Tiglao,20,20,0,2026-09-20 08:41:48,2026-09-20 08:41:48.575
2026-09-20 08:37:04,ENEB408B,ESG1,Jerry Wu,20,20,0,2026-09-20 08:41:48,2026-09-20 08:41:48.750
2026-09-20 08:37:04,ENEB443,ESG1,George Zaki,20,20,0,2026-09-20 08:41:48,2026-09-20 08:41:48.901
2026-09-20 08:37:04,ENEB453,ESG1,Nestor Michael Tiglao,20,20,0,2026-09-20 08:41:49,2026-09-20 08:41:49.054
2026-09-20 08:37:04,ENEB455,ESG1,Jerry Wu,20,20,0,2026-09-20 08:41:49,2026-09-20 08:41:49.208
2026-09-20 08:37:04,ENEB456,ESG1,Nestor Michael Tiglao,20,20,0,2026-09-20 08:41:49,2026-09-20 08:41:49.362
2026-09-20 08:37:04,ENED037,0101,Hillary Owusu,20,20,0,2026-09-20 08:41:50,2026-09-20 08:41:50.602
2026-09-20 08:37:04,ENED290H,0101,Christopher Troilo,45,45,0,2026-09-20 08:41:50,2026-09-20 08:41:50.755
2026-09-20 08:37:04,ENED394H,0101,Maria Bardossy,40,40,0,2026-09-20 08:41:50,2026-09-20 08:41:50.907
2026-09-20 08:37:04,ENED397,0101,Emily Marks,9,9,0,2026-09-20 08:41:51,2026-09-20 08:41:51.059
2026-09-20 08:37:04,ENED490H,0101,David Ashley,45,45,0,2026-09-20 08:41:51,2026-09-20 08:41:51.218
2026-09-20 08:37:04,ENMT313,ESG1,Nicholas Limparis,3,3,0,2026-09-20 08:42:36,2026-09-20 08:42:36.023
2026-09-20 08:37:04,ENMT332,ESG1,Norman Wereley,4,4,0,2026-09-20 08:42:36,2026-09-20 08:42:36.176
2026-09-20 08:37:04,ENMT362,ESG1,Young Choi,3,3,0,2026-09-20 08:42:36,2026-09-20 08:42:36.330
2026-09-20 08:37:04,ENMT372,ESG1,Gurtajbir Herr,3,3,0,2026-09-20 08:42:36,2026-09-20 08:42:36.484
2026-09-20 08:37:04,ENMT477,ESG1,Gurtajbir Herr,7,7,0,2026-09-20 08:42:36,2026-09-20 08:42:36.638
2026-09-20 08:37:04,ENMT488C,ESG1,Colleen Murray,7,7,0,2026-09-20 08:42:36,2026-09-20 08:42:36.789
2026-09-20 08:37:04,ENMT488P,ESG1,Colleen Murray,7,7,0,2026-09-20 08:42:36,2026-09-20 08:42:36.942
2026-09-20 08:37:04,ENMT488Z,ESG1,Nicholas Limparis,7,7,0,2026-09-20 08:42:37,2026-09-20 08:42:37.096
2026-09-20 08:37:04,ENSP102,0101,Joanna Goger,22,22,0,2026-09-20 08:42:45,2026-09-20 08:42:45.886
2026-09-20 08:37:04,ENSP102,0102,Joanna Goger,22,22,0,2026-09-20 08:42:45,2026-09-20 08:42:45.887
2026-09-20 08:37:04,ENSP102,0103,Joanna Goger,23,23,0,2026-09-20 08:42:45,2026-09-20 08:42:45.887
2026-09-20 08:37:04,ENSP102,0104,Joanna Goger,22,22,0,2026-09-20 08:42:45,2026-09-20 08:42:45.887
2026-09-20 08:37:04,ENSP102,0105,Joanna Goger,22,22,0,2026-09-20 08:42:45,2026-09-20 08:42:45.887
2026-09-20 08:37:04,ENSP102,0106,Joanna Goger,22,22,0,2026-09-20 08:42:45,2026-09-20 08:42:45.887
2026-09-20 08:37:04,ENSP102,0107,Joanna Goger,22,22,0,2026-09-20 08:42:45,2026-09-20 08:42:45.888
2026-09-20 08:37:04,ENSP306,0101,Caroline Boules,30,30,0,2026-09-20 08:42:46,2026-09-20 08:42:46.039
2026-09-20 08:37:04,ENSP330,0101,Joanna Goger,35,35,0,2026-09-20 08:42:46,2026-09-20 08:42:46.193
2026-09-20 08:37:04,ENSP342,0101,Annette Spivy,35,35,0,2026-09-20 08:42:46,2026-09-20 08:42:46.344
2026-09-20 08:37:04,ENSP370,0101,Arielle Wharton,30,30,0,2026-09-20 08:42:46,2026-09-20 08:42:46.495
2026-09-20 08:37:04,ENSP399R,0101,Melissa Kenney,15,15,0,2026-09-20 08:42:46,2026-09-20 08:42:46.946
2026-09-20 08:37:04,ENSP399R,0301,Instructor: TBA,15,15,0,2026-09-20 08:42:46,2026-09-20 08:42:46.946
2026-09-20 08:37:04,ENSP399R,0601,Annette Spivy,10,10,0,2026-09-20 08:42:46,2026-09-20 08:42:46.946
2026-09-20 08:37:04,ENSP399R,1001,Jennifer Mullinax,10,10,0,2026-09-20 08:42:46,2026-09-20 08:42:46.946
2026-09-20 08:37:04,ENSP400,0101,Caroline Boules,30,30,0,2026-09-20 08:42:47,2026-09-20 08:42:47.104
2026-09-20 08:37:04,ENSP400,0102,Annette Spivy,30,30,0,2026-09-20 08:42:47,2026-09-20 08:42:47.105
2026-09-20 08:37:04,ENSP400,0104,Colleen O'Donnell,20,20,0,2026-09-20 08:42:47,2026-09-20 08:42:47.105
2026-09-20 08:37:04,FGSM398,0101,Jayakumar Arasan,120,120,0,2026-09-20 08:43:00,2026-09-20 08:43:00.477
2026-09-20 08:37:04,FGSM398,0201,Jayakumar Arasan,120,120,0,2026-09-20 08:43:00,2026-09-20 08:43:00.477
2026-09-20 08:37:04,GBHL200,0101,Leena Malayil,18,18,0,2026-09-20 08:43:13,2026-09-20 08:43:13.113
2026-09-20 08:37:04,GBHL200,0201,Leena Malayil,13,13,0,2026-09-20 08:43:13,2026-09-20 08:43:13.113
2026-09-20 08:37:04,GBHL210,0101,Leena Malayil,18,18,0,2026-09-20 08:43:13,2026-09-20 08:43:13.269
2026-09-20 08:37:04,GBHL210,0201,Leena Malayil,13,13,0,2026-09-20 08:43:13,2026-09-20 08:43:13.269
2026-09-20 08:37:04,GBHL310,0101,Catherine Maybury,15,15,0,2026-09-20 08:43:13,2026-09-20 08:43:13.423
2026-09-20 08:37:04,GBHL310,0201,Catherine Maybury,15,15,0,2026-09-20 08:43:13,2026-09-20 08:43:13.423
2026-09-20 08:37:04,GBHL497,0101,Hassanatu Blake,3,3,0,2026-09-20 08:43:13,2026-09-20 08:43:13.873
2026-09-20 08:37:04,GEMS102,0101,David Lovell,180,180,0,2026-09-20 08:43:15,2026-09-20 08:43:15.157
2026-09-20 08:37:04,GEMS208D,0101,Allison Lansverk,1,1,0,2026-09-20 08:43:15,2026-09-20 08:43:15.343
2026-09-20 08:37:04,GEMS208E,0101,Allison Lansverk,18,18,0,2026-09-20 08:43:15,2026-09-20 08:43:15.496
2026-09-20 08:37:04,GEMS208F,0201,Allison Lansverk,12,12,0,2026-09-20 08:43:15,2026-09-20 08:43:15.648
2026-09-20 08:37:04,GEMS208J,0101,Allison Lansverk,24,24,0,2026-09-20 08:43:15,2026-09-20 08:43:15.800
2026-09-20 08:37:04,GEMS208K,0101,Allison Lansverk,30,30,0,2026-09-20 08:43:15,2026-09-20 08:43:15.953
2026-09-20 08:37:04,GEMS208P,0101,Allison Lansverk,15,15,0,2026-09-20 08:43:16,2026-09-20 08:43:16.108
2026-09-20 08:37:04,GEMS208Q,0201,Allison Lansverk,1,1,0,2026-09-20 08:43:16,2026-09-20 08:43:16.260
2026-09-20 08:37:04,GEMS296,0113,David Lovell,5,5,0,2026-09-20 08:43:16,2026-09-20 08:43:16.414
2026-09-20 08:37:04,GEMS297,0101,Instructor: TBA,14,14,0,2026-09-20 08:43:16,2026-09-20 08:43:16.585
2026-09-20 08:37:04,GEMS297,0102,Instructor: TBA,14,14,0,2026-09-20 08:43:16,2026-09-20 08:43:16.585
2026-09-20 08:37:04,GEMS297,0103,Instructor: TBA,14,14,0,2026-09-20 08:43:16,2026-09-20 08:43:16.585
2026-09-20 08:37:04,GEMS297,0104,Instructor: TBA,14,14,0,2026-09-20 08:43:16,2026-09-20 08:43:16.586
2026-09-20 08:37:04,GEMS297,0105,Instructor: TBA,14,14,0,2026-09-20 08:43:16,2026-09-20 08:43:16.586
2026-09-20 08:37:04,GEMS297,0106,Instructor: TBA,14,14,0,2026-09-20 08:43:16,2026-09-20 08:43:16.586
2026-09-20 08:37:04,GEMS297,0107,Instructor: TBA,14,14,0,2026-09-20 08:43:16,2026-09-20 08:43:16.586
2026-09-20 08:37:04,GEMS297,0108,Instructor: TBA,14,14,0,2026-09-20 08:43:16,2026-09-20 08:43:16.586
2026-09-20 08:37:04,GEMS297,0109,Instructor: TBA,14,14,0,2026-09-20 08:43:16,2026-09-20 08:43:16.586
2026-09-20 08:37:04,GEMS297,0110,Instructor: TBA,14,14,0,2026-09-20 08:43:16,2026-09-20 08:43:16.587
2026-09-20 08:37:04,GEMS297,0111,Instructor: TBA,14,14,0,2026-09-20 08:43:16,2026-09-20 08:43:16.587
2026-09-20 08:37:04,GEMS297,0112,Instructor: TBA,14,14,0,2026-09-20 08:43:16,2026-09-20 08:43:16.587
2026-09-20 08:37:04,GEMS297,0113,Instructor: TBA,14,14,0,2026-09-20 08:43:16,2026-09-20 08:43:16.587
2026-09-20 08:37:04,GEMS297,0114,Instructor: TBA,14,14,0,2026-09-20 08:43:16,2026-09-20 08:43:16.587
2026-09-20 08:37:04,GEMS297,0115,Instructor: TBA,5,5,0,2026-09-20 08:43:16,2026-09-20 08:43:16.588
2026-09-20 08:37:04,GEMS396,0113,David Lovell,5,5,0,2026-09-20 08:43:16,2026-09-20 08:43:16.740
2026-09-20 08:37:04,GEMS397,0101,Michael Humber,14,14,0,2026-09-20 08:43:16,2026-09-20 08:43:16.916
2026-09-20 08:37:04,GEMS397,0102,Seth Dickey,14,14,0,2026-09-20 08:43:16,2026-09-20 08:43:16.916
2026-09-20 08:37:04,GEMS397,0103,Cecilia Huertas Cerdeira,14,14,0,2026-09-20 08:43:16,2026-09-20 08:43:16.916
2026-09-20 08:37:04,GEMS397,0104,Rodolphe Gentili,14,14,0,2026-09-20 08:43:16,2026-09-20 08:43:16.916
2026-09-20 08:37:04,GEMS397,0105,Allison Reilly,14,14,0,2026-09-20 08:43:16,2026-09-20 08:43:16.916
2026-09-20 08:37:04,GEMS397,0106,Peter Sunderland,14,14,0,2026-09-20 08:43:16,2026-09-20 08:43:16.916
2026-09-20 08:37:04,GEMS397,0107,Brett Lacey,14,14,0,2026-09-20 08:43:16,2026-09-20 08:43:16.917
2026-09-20 08:37:04,GEMS397,0108,Natalia Buzulukova,14,14,0,2026-09-20 08:43:16,2026-09-20 08:43:16.917
2026-09-20 08:37:04,GEMS397,0109,Anil Deane,14,14,0,2026-09-20 08:43:16,2026-09-20 08:43:16.917
2026-09-20 08:37:04,GEMS397,0110,Colenso Speer,14,14,0,2026-09-20 08:43:16,2026-09-20 08:43:16.917
2026-09-20 08:37:04,GEMS397,0111,Alisa Clyne,14,14,0,2026-09-20 08:43:16,2026-09-20 08:43:16.917
2026-09-20 08:37:04,GEMS397,0112,Xin Zan,14,14,0,2026-09-20 08:43:16,2026-09-20 08:43:16.918
2026-09-20 08:37:04,GEMS397,0113,Instructor: TBA,14,14,0,2026-09-20 08:43:16,2026-09-20 08:43:16.918
2026-09-20 08:37:04,GEMS397,0114,David Lovell,5,5,0,2026-09-20 08:43:16,2026-09-20 08:43:16.918
2026-09-20 08:37:04,GEMS397,0115,David Lovell,5,5,0,2026-09-20 08:43:16,2026-09-20 08:43:16.918
2026-09-20 08:37:04,GEMS496,0113,David Lovell,5,5,0,2026-09-20 08:43:17,2026-09-20 08:43:17.070
2026-09-20 08:37:04,GEMS497,0101,Eric Haag,14,14,0,2026-09-20 08:43:17,2026-09-20 08:43:17.239
2026-09-20 08:37:04,GEMS497,0102,Mohammad Nayeem Teli,14,14,0,2026-09-20 08:43:17,2026-09-20 08:43:17.239
2026-09-20 08:37:04,GEMS497,0103,Norberto Gonzalez- Juarbe,14,14,0,2026-09-20 08:43:17,2026-09-20 08:43:17.239
2026-09-20 08:37:04,GEMS497,0104,Abhinav Shrivastava,14,14,0,2026-09-20 08:43:17,2026-09-20 08:43:17.239
2026-09-20 08:37:04,GEMS497,0105,Hector Alcala,14,14,0,2026-09-20 08:43:17,2026-09-20 08:43:17.239
2026-09-20 08:37:04,GEMS497,0106,Massimo Ricotti,14,14,0,2026-09-20 08:43:17,2026-09-20 08:43:17.240
2026-09-20 08:37:04,GEMS497,0107,Reza Ghodssi,14,14,0,2026-09-20 08:43:17,2026-09-20 08:43:17.240
2026-09-20 08:37:04,GEMS497,0108,Nikhil Chopra,14,14,0,2026-09-20 08:43:17,2026-09-20 08:43:17.240
2026-09-20 08:37:04,GEMS497,0109,Kimberly Stroka,14,14,0,2026-09-20 08:43:17,2026-09-20 08:43:17.240
2026-09-20 08:37:04,GEMS497,0110,Gorjan Alagic,14,14,0,2026-09-20 08:43:17,2026-09-20 08:43:17.240
2026-09-20 08:37:04,GEMS497,0111,Alisa Clyne,14,14,0,2026-09-20 08:43:17,2026-09-20 08:43:17.241
2026-09-20 08:37:04,GEMS497,0112,Xin Zan,14,14,0,2026-09-20 08:43:17,2026-09-20 08:43:17.241
2026-09-20 08:37:04,GEMS497,0113,David Lovell,14,14,0,2026-09-20 08:43:17,2026-09-20 08:43:17.241
2026-09-20 08:37:04,GEMS497,0114,David Lovell,14,14,0,2026-09-20 08:43:17,2026-09-20 08:43:17.241
2026-09-20 08:37:04,GFPL100,0101,Alec Worsnop,21,21,0,2026-09-20 08:43:31,2026-09-20 08:43:31.835
2026-09-20 08:37:04,GFPL100,0102,Alec Worsnop,21,21,0,2026-09-20 08:43:31,2026-09-20 08:43:31.836
2026-09-20 08:37:04,GFPL100,0103,Alec Worsnop,21,21,0,2026-09-20 08:43:31,2026-09-20 08:43:31.836
2026-09-20 08:37:04,GFPL100,0104,Alec Worsnop,21,21,0,2026-09-20 08:43:31,2026-09-20 08:43:31.836
2026-09-20 08:37:04,GFPL100,0105,Alec Worsnop,21,21,0,2026-09-20 08:43:31,2026-09-20 08:43:31.836
2026-09-20 08:37:04,GFPL100,0106,Alec Worsnop,20,20,0,2026-09-20 08:43:31,2026-09-20 08:43:31.836
2026-09-20 08:37:04,GFPL102,0101,Caroline Ritter,95,95,0,2026-09-20 08:43:31,2026-09-20 08:43:31.994
2026-09-20 08:37:04,GFPL372,0101,Devin Entrikin,40,40,0,2026-09-20 08:43:32,2026-09-20 08:43:32.147
2026-09-20 08:37:04,GLBC200,0101,Parker Brookie,30,30,0,2026-09-20 08:43:33,2026-09-20 08:43:33.374
2026-09-20 08:37:04,GLBC360,0101,Hester Baer,30,30,0,2026-09-20 08:43:33,2026-09-20 08:43:33.530
2026-09-20 08:37:04,HACS101,0101,Michel Cukier,35,35,0,2026-09-20 08:43:47,2026-09-20 08:43:47.858
2026-09-20 08:37:04,HACS101,0201,Michel Cukier,35,35,0,2026-09-20 08:43:47,2026-09-20 08:43:47.858
2026-09-20 08:37:04,HACS201,0101,Bertrand Sobesto,26,26,0,2026-09-20 08:43:48,2026-09-20 08:43:48.007
2026-09-20 08:37:04,HACS208A,0101,Lawrence Gordon,20,20,0,2026-09-20 08:43:48,2026-09-20 08:43:48.160
2026-09-20 08:37:04,HACS208E,0101,Ian Serbin,26,26,0,2026-09-20 08:43:48,2026-09-20 08:43:48.315
2026-09-20 08:37:04,HACS208Z,0101,Zulema Belyeu,30,30,0,2026-09-20 08:43:48,2026-09-20 08:43:48.467
2026-09-20 08:37:04,HACS297,0101,Sarah Herberger,25,25,0,2026-09-20 08:43:48,2026-09-20 08:43:48.915
2026-09-20 08:37:04,HACS318A,0101,Lindsey Schrott,75,75,0,2026-09-20 08:43:49,2026-09-20 08:43:49.065
2026-09-20 08:37:04,HACS408C,0101,Lamia Zia,26,26,0,2026-09-20 08:43:49,2026-09-20 08:43:49.217
2026-09-20 08:37:04,HACS408P,0101,Firoozeh Rahimian,26,26,0,2026-09-20 08:43:56,2026-09-20 08:43:56.835
2026-09-20 08:37:04,HACS408T,0101,Kevin Bock,30,30,0,2026-09-20 08:43:57,2026-09-20 08:43:57.029
2026-09-20 08:37:04,HACS408V,0101,Edward Condon,30,30,0,2026-09-20 08:43:57,2026-09-20 08:43:57.224
2026-09-20 08:37:04,HACS497,0101,Cassie Harrington,25,25,0,2026-09-20 08:43:57,2026-09-20 08:43:57.762
2026-09-20 08:37:04,HACS498,0101,Thomas Woods,10,10,0,2026-09-20 08:43:57,2026-09-20 08:43:57.942
2026-09-20 08:37:04,HACS498,0201,Neal Ziring,18,18,0,2026-09-20 08:43:57,2026-09-20 08:43:57.942
2026-09-20 08:37:04,HACS498,0301,Michel Cukier,4,4,0,2026-09-20 08:43:57,2026-09-20 08:43:57.942
2026-09-20 08:37:04,HBUS105,0101,Daniel McCarthy,65,65,0,2026-09-20 08:43:59,2026-09-20 08:43:59.219
2026-09-20 08:37:04,HBUS205,0101,Jui Ramaprasad,60,60,0,2026-09-20 08:43:59,2026-09-20 08:43:59.419
2026-09-20 08:37:04,HDCC106,0101,Jessica Lu,10,10,0,2026-09-20 08:44:00,2026-09-20 08:44:00.723
2026-09-20 08:37:04,HDCC106,0201,William Evans,10,10,0,2026-09-20 08:44:00,2026-09-20 08:44:00.724
2026-09-20 08:37:04,HDCC106,0301,Grant Bollmer,10,10,0,2026-09-20 08:44:00,2026-09-20 08:44:00.724
2026-09-20 08:37:04,HDCC106,0401,Cliff Bakalian,10,10,0,2026-09-20 08:44:00,2026-09-20 08:44:00.724
2026-09-20 08:37:04,HDCC106,0501,Alex Leitch,10,10,0,2026-09-20 08:44:00,2026-09-20 08:44:00.724
2026-09-20 08:37:04,HDCC106,0601,Jade Olson,10,10,0,2026-09-20 08:44:00,2026-09-20 08:44:00.724
2026-09-20 08:37:04,HDCC106,0701,Courtney Ray,10,10,0,2026-09-20 08:44:00,2026-09-20 08:44:00.725
2026-09-20 08:37:04,HDCC209A,0101,Jessica Lu,15,15,0,2026-09-20 08:44:00,2026-09-20 08:44:00.898
2026-09-20 08:37:04,HDCC209B,0101,Nishtha Das,15,15,0,2026-09-20 08:44:01,2026-09-20 08:44:01.131
2026-09-20 08:37:04,HDCC209C,0101,Hansika Murugu,15,15,0,2026-09-20 08:44:01,2026-09-20 08:44:01.314
2026-09-20 08:37:04,HEBR107,0101,Avital Karpman,15,15,0,2026-09-20 08:44:02,2026-09-20 08:44:02.893
2026-09-20 08:37:04,HEBR107,0201,Avital Karpman,15,15,0,2026-09-20 08:44:02,2026-09-20 08:44:02.893
2026-09-20 08:37:04,HEBR207,0101,Avital Karpman,15,15,0,2026-09-20 08:44:03,2026-09-20 08:44:03.091
2026-09-20 08:37:04,HEBR249A,0101,Aliza Sandalon,15,15,0,2026-09-20 08:44:03,2026-09-20 08:44:03.289
2026-09-20 08:37:04,HEBR314,0101,Aliza Sandalon,20,20,0,2026-09-20 08:44:03,2026-09-20 08:44:03.618
2026-09-20 08:37:04,HGLO298,0101,Daniel Tuke,30,30,0,2026-09-20 08:44:16,2026-09-20 08:44:16.607
2026-09-20 08:37:04,HHUM106,0101,Sarah Humud,17,17,0,2026-09-20 08:44:17,2026-09-20 08:44:17.859
2026-09-20 08:37:04,HHUM106,0102,Sarah Humud,17,17,0,2026-09-20 08:44:17,2026-09-20 08:44:17.859
2026-09-20 08:37:04,HHUM106,0103,Sarah Humud,17,17,0,2026-09-20 08:44:17,2026-09-20 08:44:17.860
2026-09-20 08:37:04,HHUM106,0104,Sarah Humud,17,17,0,2026-09-20 08:44:17,2026-09-20 08:44:17.860
2026-09-20 08:37:04,HHUM206,0101,Sarah Humud,15,15,0,2026-09-20 08:44:18,2026-09-20 08:44:18.054
2026-09-20 08:37:04,HHUM206,0102,Sarah Humud,15,15,0,2026-09-20 08:44:18,2026-09-20 08:44:18.055
2026-09-20 08:37:04,HHUM206,0103,Sarah Humud,15,15,0,2026-09-20 08:44:18,2026-09-20 08:44:18.055
2026-09-20 08:37:04,HHUM206,0104,Sarah Humud,15,15,0,2026-09-20 08:44:18,2026-09-20 08:44:18.055
2026-09-20 08:37:04,HHUM328,0101,Sarah Humud,20,20,0,2026-09-20 08:44:18,2026-09-20 08:44:18.211
2026-09-20 08:37:04,HHUM329,0101,Sarah Humud,5,5,0,2026-09-20 08:44:18,2026-09-20 08:44:18.366
2026-09-20 08:37:04,HISP200,0101,Stefan Woehlke,22,22,0,2026-09-20 08:44:19,2026-09-20 08:44:19.685
2026-09-20 08:37:04,HISP200,0102,Stefan Woehlke,22,22,0,2026-09-20 08:44:19,2026-09-20 08:44:19.685
2026-09-20 08:37:04,HISP200,0103,Stefan Woehlke,22,22,0,2026-09-20 08:44:19,2026-09-20 08:44:19.685
2026-09-20 08:37:04,HISP200,0104,Stefan Woehlke,22,22,0,2026-09-20 08:44:19,2026-09-20 08:44:19.685
2026-09-20 08:37:04,HISP200,0105,Stefan Woehlke,22,22,0,2026-09-20 08:44:19,2026-09-20 08:44:19.685
2026-09-20 08:37:04,HISP319E,0101,Michelle Magalong,20,20,0,2026-09-20 08:44:19,2026-09-20 08:44:19.871
2026-09-20 08:37:04,HISP319S,0101,Michelle Magalong,30,30,0,2026-09-20 08:44:20,2026-09-20 08:44:20.046
2026-09-20 08:37:04,HISP619E,0101,Michelle Magalong,24,24,0,2026-09-20 08:44:20,2026-09-20 08:44:20.203
2026-09-20 08:37:04,HISP619O,0101,Stefan Woehlke,5,5,0,2026-09-20 08:44:20,2026-09-20 08:44:20.355
2026-09-20 08:37:04,HISP630,0101,Rhonda Sincavage,15,15,0,2026-09-20 08:44:20,2026-09-20 08:44:20.510
2026-09-20 08:37:04,HISP635,0101,Eola Dance,10,10,0,2026-09-20 08:44:20,2026-09-20 08:44:20.664
2026-09-20 08:37:04,HISP640,0101,Frederick Stachura,15,15,0,2026-09-20 08:44:20,2026-09-20 08:44:20.816
2026-09-20 08:37:04,HISP655,0101,Donald Linebaugh,15,15,0,2026-09-20 08:44:20,2026-09-20 08:44:20.975
2026-09-20 08:37:04,HISP660,0101,Instructor: TBA,15,15,0,2026-09-20 08:44:21,2026-09-20 08:44:21.125
2026-09-20 08:37:04,HISP670,0101,Alfonso Narvaez,15,15,0,2026-09-20 08:44:21,2026-09-20 08:44:21.322
2026-09-20 08:37:04,HISP690,0101,Donald Linebaugh,15,15,0,2026-09-20 08:44:21,2026-09-20 08:44:21.473
2026-09-20 08:37:04,HISP701,0101,Instructor: TBA,5,5,0,2026-09-20 08:44:21,2026-09-20 08:44:21.630
2026-09-20 08:37:04,HISP710,0101,Susan Kern,15,15,0,2026-09-20 08:44:21,2026-09-20 08:44:21.792
2026-09-20 08:37:04,HISP711,0101,Susan Kern,15,15,0,2026-09-20 08:44:21,2026-09-20 08:44:21.957
2026-09-20 08:37:04,HLSC102,0101,Sabrina Kramer,94,94,0,2026-09-20 08:44:42,2026-09-20 08:44:42.364
2026-09-20 08:37:04,HLSC102,0102,Jalah Townsend,35,35,0,2026-09-20 08:44:42,2026-09-20 08:44:42.365
2026-09-20 08:37:04,HLSC227,0101,Najib El-Sayed,25,25,0,2026-09-20 08:44:42,2026-09-20 08:44:42.517
2026-09-20 08:37:04,HLSC322,0101,Leslie Pick,23,23,0,2026-09-20 08:44:42,2026-09-20 08:44:42.676
2026-09-20 08:37:04,HLSC322,0102,Leslie Pick,23,23,0,2026-09-20 08:44:42,2026-09-20 08:44:42.676
2026-09-20 08:37:04,HLSC322,0103,Sabrina Kramer,23,23,0,2026-09-20 08:44:42,2026-09-20 08:44:42.676
2026-09-20 08:37:04,HLSC322,0104,Sabrina Kramer,23,23,0,2026-09-20 08:44:42,2026-09-20 08:44:42.676
2026-09-20 08:37:04,HLSC329,0101,Sabrina Kramer,12,12,0,2026-09-20 08:44:42,2026-09-20 08:44:42.826
2026-09-20 08:37:04,HNUH100,0101,Leigha McReynolds,10,10,0,2026-09-20 08:44:51,2026-09-20 08:44:51.337
2026-09-20 08:37:04,HNUH218D,0101,Brian Gilmore,50,50,0,2026-09-20 08:44:51,2026-09-20 08:44:51.493
2026-09-20 08:37:04,HNUH218L,0101,Shauna Rigaud,20,20,0,2026-09-20 08:44:51,2026-09-20 08:44:51.648
2026-09-20 08:37:04,HNUH218L,0201,Shauna Rigaud,20,20,0,2026-09-20 08:44:51,2026-09-20 08:44:51.649
2026-09-20 08:37:04,HNUH218M,0101,Instructor: TBA,20,20,0,2026-09-20 08:44:51,2026-09-20 08:44:51.803
2026-09-20 08:37:04,HNUH228D,0101,Matthew McLaughlin,20,20,0,2026-09-20 08:44:51,2026-09-20 08:44:51.954
2026-09-20 08:37:04,HNUH228L,0101,Alena Wigodner,20,20,0,2026-09-20 08:44:52,2026-09-20 08:44:52.109
2026-09-20 08:37:04,HNUH228L,0201,Alena Wigodner,20,20,0,2026-09-20 08:44:52,2026-09-20 08:44:52.110
2026-09-20 08:37:04,HNUH228M,0101,Ted Baker,20,20,0,2026-09-20 08:44:52,2026-09-20 08:44:52.262
2026-09-20 08:37:04,HNUH229P,0101,Tyson Slocum,20,20,0,2026-09-20 08:44:52,2026-09-20 08:44:52.415
2026-09-20 08:37:04,HNUH238D,0101,Susan Moeller,60,60,0,2026-09-20 08:44:52,2026-09-20 08:44:52.589
2026-09-20 08:37:04,HNUH238L,0101,Kimberly Johnson,20,20,0,2026-09-20 08:44:52,2026-09-20 08:44:52.749
2026-09-20 08:37:04,HNUH238L,0201,Kimberly Johnson,20,20,0,2026-09-20 08:44:52,2026-09-20 08:44:52.749
2026-09-20 08:37:04,HNUH238M,0101,Daniel Reck,20,20,0,2026-09-20 08:44:52,2026-09-20 08:44:52.908
2026-09-20 08:37:04,HNUH239I,0101,Jon Crocker,20,20,0,2026-09-20 08:44:53,2026-09-20 08:44:53.067
2026-09-20 08:37:04,HNUH248D,0101,Juan Uriagereka,45,45,0,2026-09-20 08:44:53,2026-09-20 08:44:53.218
2026-09-20 08:37:04,HNUH249T,0101,Daniel Rosenthal,20,20,0,2026-09-20 08:44:53,2026-09-20 08:44:53.372
2026-09-20 08:37:04,HNUH258C,0101,Bill Fagan,55,55,0,2026-09-20 08:44:53,2026-09-20 08:44:53.529
2026-09-20 08:37:04,HNUH258O,0101,Amy Green,20,20,0,2026-09-20 08:44:53,2026-09-20 08:44:53.681
2026-09-20 08:37:04,HNUH259T,0101,Ingrid Satelmajer,20,20,0,2026-09-20 08:44:53,2026-09-20 08:44:53.833
2026-09-20 08:37:04,HNUH268C,0101,Perla Guerrero,60,60,0,2026-09-20 08:44:53,2026-09-20 08:44:53.984
2026-09-20 08:37:04,HNUH268Q,0101,Ebonie Johnson Cooper,20,20,0,2026-09-20 08:44:54,2026-09-20 08:44:54.136
2026-09-20 08:37:04,HNUH268R,0201,Vasfiye Toprak,20,20,0,2026-09-20 08:44:54,2026-09-20 08:44:54.290
2026-09-20 08:37:04,HNUH269T,0101,James Stillwell,20,20,0,2026-09-20 08:44:54,2026-09-20 08:44:54.444
2026-09-20 08:37:04,HNUH278C,0101,Chinyere Osuji,60,60,0,2026-09-20 08:44:54,2026-09-20 08:44:54.598
2026-09-20 08:37:04,HNUH278I,0101,Marisa Franco,20,20,0,2026-09-20 08:44:54,2026-09-20 08:44:54.750
2026-09-20 08:37:04,HNUH278I,0201,Marisa Franco,20,20,0,2026-09-20 08:44:54,2026-09-20 08:44:54.750
2026-09-20 08:37:04,HNUH278O,0101,DeNeen Brown,20,20,0,2026-09-20 08:44:54,2026-09-20 08:44:54.943
2026-09-20 08:37:04,HNUH278Q,0101,Instructor: TBA,20,20,0,2026-09-20 08:44:55,2026-09-20 08:44:55.097
2026-09-20 08:37:04,HNUH278R,0101,Max Barnewitz,20,20,0,2026-09-20 08:44:55,2026-09-20 08:44:55.263
2026-09-20 08:37:04,HNUH288C,0101,Julia Steinberg,30,30,0,2026-09-20 08:44:55,2026-09-20 08:44:55.419
2026-09-20 08:37:04,HNUH288C,0102,Julia Steinberg,30,30,0,2026-09-20 08:44:55,2026-09-20 08:44:55.419
2026-09-20 08:37:04,HNUH288O,0101,Ariana Nash,20,20,0,2026-09-20 08:44:55,2026-09-20 08:44:55.577
2026-09-20 08:37:04,HNUH300,0201,Vasfiye Toprak,20,20,0,2026-09-20 08:44:55,2026-09-20 08:44:55.746
2026-09-20 08:37:04,HNUH300,0301,Shauna Rigaud,20,20,0,2026-09-20 08:44:55,2026-09-20 08:44:55.747
2026-09-20 08:37:04,HNUH300,0401,Instructor: TBA,20,20,0,2026-09-20 08:44:55,2026-09-20 08:44:55.747
2026-09-20 08:37:04,HNUH300,0501,Kimberly Johnson,20,20,0,2026-09-20 08:44:55,2026-09-20 08:44:55.747
2026-09-20 08:37:04,HNUH300,0701,Vasfiye Toprak,20,20,0,2026-09-20 08:44:55,2026-09-20 08:44:55.747
2026-09-20 08:37:04,HNUH300,0801,Instructor: TBA,20,20,0,2026-09-20 08:44:55,2026-09-20 08:44:55.747
2026-09-20 08:37:04,HNUH300,0901,Alena Wigodner,20,20,0,2026-09-20 08:44:55,2026-09-20 08:44:55.748
2026-09-20 08:37:04,HNUH300,1001,Robert Graham,20,20,0,2026-09-20 08:44:55,2026-09-20 08:44:55.748
2026-09-20 08:37:04,HNUH300,1101,Instructor: TBA,20,20,0,2026-09-20 08:44:55,2026-09-20 08:44:55.748
2026-09-20 08:37:04,HNUH398P,0101,Jayakumar Arasan,120,120,0,2026-09-20 08:44:55,2026-09-20 08:44:55.962
2026-09-20 08:37:04,HNUH398P,0201,Jayakumar Arasan,120,120,0,2026-09-20 08:44:55,2026-09-20 08:44:55.962
2026-09-20 08:37:04,HONR379W,0101,Blake Wilder,15,15,0,2026-09-20 08:44:57,2026-09-20 08:44:57.192
2026-09-20 08:37:04,IDEA201,0101,Mira Azarm,20,20,0,2026-09-20 08:44:58,2026-09-20 08:44:58.438
2026-09-20 08:37:04,IDEA201,0102,Christina Hnatov,10,10,0,2026-09-20 08:44:58,2026-09-20 08:44:58.438
2026-09-20 08:37:04,IDEA201,0103,Brooke Smith,60,60,0,2026-09-20 08:44:58,2026-09-20 08:44:58.438
2026-09-20 08:37:04,IDEA201,0104,Brooke Smith,60,60,0,2026-09-20 08:44:58,2026-09-20 08:44:58.439
2026-09-20 08:37:04,IDEA311,0101,Brooke Smith,40,40,0,2026-09-20 08:44:58,2026-09-20 08:44:58.592
2026-09-20 08:37:04,IDEA311,0102,Brooke Smith,15,15,0,2026-09-20 08:44:58,2026-09-20 08:44:58.592
2026-09-20 08:37:04,IMDM101,0101,Stevens Miller,30,30,0,2026-09-20 08:45:00,2026-09-20 08:45:00.597
2026-09-20 08:37:04,IMDM101,0201,Stevens Miller,30,30,0,2026-09-20 08:45:00,2026-09-20 08:45:00.597
2026-09-20 08:37:04,IMDM101,0301,Myungin Lee,30,30,0,2026-09-20 08:45:00,2026-09-20 08:45:00.597
2026-09-20 08:37:04,IMDM127,0101,Matthew Nolan,30,30,0,2026-09-20 08:45:00,2026-09-20 08:45:00.827
2026-09-20 08:37:04,IMDM150,0101,Cy Keener,45,45,0,2026-09-20 08:45:00,2026-09-20 08:45:00.981
2026-09-20 08:37:04,IMDM290,0101,Myungin Lee,30,30,0,2026-09-20 08:45:01,2026-09-20 08:45:01.155
2026-09-20 08:37:04,IMDM290,0201,Myungin Lee,30,30,0,2026-09-20 08:45:01,2026-09-20 08:45:01.155
2026-09-20 08:37:04,IMDM390,0101,Stefano Passeri,30,30,0,2026-09-20 08:45:01,2026-09-20 08:45:01.338
2026-09-20 08:37:04,IMDM390,0201,Stefano Passeri,30,30,0,2026-09-20 08:45:01,2026-09-20 08:45:01.338
2026-09-20 08:37:04,IMDM491,0101,Matthew Nolan,30,30,0,2026-09-20 08:45:01,2026-09-20 08:45:01.836
2026-09-20 08:37:04,IMDM491,0201,Matthew Nolan,30,30,0,2026-09-20 08:45:01,2026-09-20 08:45:01.836
2026-09-20 08:37:04,IMDM498I,0101,Snehesh Shrestha,16,16,0,2026-09-20 08:45:02,2026-09-20 08:45:02.060
2026-09-20 08:37:04,IMDM498J,0101,Yael Inbar,15,15,0,2026-09-20 08:45:02,2026-09-20 08:45:02.227
2026-09-20 08:37:04,IMMR200,0101,Instructor: TBA,40,40,0,2026-09-20 08:45:03,2026-09-20 08:45:03.667
2026-09-20 08:37:04,IMMR394,0101,Wenxi Yang,25,25,0,2026-09-20 08:45:03,2026-09-20 08:45:03.941
2026-09-20 08:37:04,IMMR399,0101,Christina Getrich,1,1,0,2026-09-20 08:45:04,2026-09-20 08:45:04.123
2026-09-20 08:37:04,INFM612,IM01,Instructor: TBA,40,40,0,2026-09-20 08:45:08,2026-09-20 08:45:08.336
2026-09-20 08:37:04,INFM737,IM01,David Loshin,40,40,0,2026-09-20 08:45:08,2026-09-20 08:45:08.510
2026-09-20 08:37:04,ISRL187,0101,Bernard Cooperman,23,23,0,2026-09-20 08:45:21,2026-09-20 08:45:21.939
2026-09-20 08:37:04,ISRL187,0102,Bernard Cooperman,23,23,0,2026-09-20 08:45:21,2026-09-20 08:45:21.939
2026-09-20 08:37:04,ISRL187,0103,Bernard Cooperman,23,23,0,2026-09-20 08:45:21,2026-09-20 08:45:21.939
2026-09-20 08:37:04,ISRL249O,0101,Aner Tal,35,35,0,2026-09-20 08:45:22,2026-09-20 08:45:22.092
2026-09-20 08:37:04,ISRL249P,0101,Aliza Sandalon,15,15,0,2026-09-20 08:45:22,2026-09-20 08:45:22.245
2026-09-20 08:37:04,ISRL282,0101,Shirelle Doughty,30,30,0,2026-09-20 08:45:22,2026-09-20 08:45:22.399
2026-09-20 08:37:04,ISRL329D,0101,Regev Ben-David,35,35,0,2026-09-20 08:45:22,2026-09-20 08:45:22.550
2026-09-20 08:37:04,ISRL329Y,0101,Marwa Maziad,30,30,0,2026-09-20 08:45:22,2026-09-20 08:45:22.700
2026-09-20 08:37:04,ISRL342,0101,Elli Lieberman,35,35,0,2026-09-20 08:45:22,2026-09-20 08:45:22.856
2026-09-20 08:37:04,ISRL349N,0101,Morad Elsana,30,30,0,2026-09-20 08:45:23,2026-09-20 08:45:23.007
2026-09-20 08:37:04,ISRL349W,0101,Avital Karpman,35,35,0,2026-09-20 08:45:23,2026-09-20 08:45:23.177
2026-09-20 08:37:04,ISRL380,0101,Regev Ben-David,35,35,0,2026-09-20 08:45:23,2026-09-20 08:45:23.332
2026-09-20 08:37:04,ISRL383,0101,Ilai Saltzman,35,35,0,2026-09-20 08:45:23,2026-09-20 08:45:23.488
2026-09-20 08:37:04,JAPN102,0101,Kumiko Akikawa,15,15,0,2026-09-20 08:45:26,2026-09-20 08:45:26.550
2026-09-20 08:37:04,JAPN102,0201,Kumiko Akikawa,15,15,0,2026-09-20 08:45:26,2026-09-20 08:45:26.550
2026-09-20 08:37:04,JAPN202,0101,Makiko Inoue,15,15,0,2026-09-20 08:45:26,2026-09-20 08:45:26.705
2026-09-20 08:37:04,JAPN202,0201,Makiko Inoue,15,15,0,2026-09-20 08:45:26,2026-09-20 08:45:26.706
2026-09-20 08:37:04,JAPN302,0101,Mari Hamada,15,15,0,2026-09-20 08:45:26,2026-09-20 08:45:26.859
2026-09-20 08:37:04,JAPN306,0101,Lindsay Yotsukura,15,15,0,2026-09-20 08:45:27,2026-09-20 08:45:27.014
2026-09-20 08:37:04,JAPN335,0101,Michele Mason,20,20,0,2026-09-20 08:45:27,2026-09-20 08:45:27.168
2026-09-20 08:37:04,JAPN355,0101,Jyana Browne,20,20,0,2026-09-20 08:45:27,2026-09-20 08:45:27.320
2026-09-20 08:37:04,JAPN361,0101,Instructor: TBA,20,20,0,2026-09-20 08:45:27,2026-09-20 08:45:27.514
2026-09-20 08:37:04,JAPN425,0101,Michele Mason,25,25,0,2026-09-20 08:45:27,2026-09-20 08:45:27.812
2026-09-20 08:37:04,JAPN457,0101,Lindsay Yotsukura,15,15,0,2026-09-20 08:45:27,2026-09-20 08:45:27.966
2026-09-20 08:37:04,JWST187,0101,Bernard Cooperman,23,23,0,2026-09-20 08:45:40,2026-09-20 08:45:40.425
2026-09-20 08:37:04,JWST187,0102,Bernard Cooperman,23,23,0,2026-09-20 08:45:40,2026-09-20 08:45:40.425
2026-09-20 08:37:04,JWST187,0103,Bernard Cooperman,23,23,0,2026-09-20 08:45:40,2026-09-20 08:45:40.425
2026-09-20 08:37:04,JWST233,0101,Hayim Lapin,30,30,0,2026-09-20 08:45:40,2026-09-20 08:45:40.581
2026-09-20 08:37:04,JWST319A,0101,Daniel Richter,35,35,0,2026-09-20 08:45:40,2026-09-20 08:45:40.736
2026-09-20 08:37:04,JWST319J,0101,Nathan Levine,35,35,0,2026-09-20 08:45:40,2026-09-20 08:45:40.890
2026-09-20 08:37:04,JWST319J,PBU1,Nathan Levine,3,3,0,2026-09-20 08:45:40,2026-09-20 08:45:40.890
2026-09-20 08:37:04,JWST319P,0101,Lauren Kotkin,18,18,0,2026-09-20 08:45:41,2026-09-20 08:45:41.044
2026-09-20 08:37:04,JWST319Q,0101,Regev Ben-David,35,35,0,2026-09-20 08:45:41,2026-09-20 08:45:41.197
2026-09-20 08:37:04,JWST319W,0101,Avital Karpman,35,35,0,2026-09-20 08:45:41,2026-09-20 08:45:41.351
2026-09-20 08:37:04,JWST324,0101,Matthew Suriano,25,25,0,2026-09-20 08:45:41,2026-09-20 08:45:41.508
2026-09-20 08:37:04,JWST386,0101,Instructor: TBA,5,5,0,2026-09-20 08:45:41,2026-09-20 08:45:41.660
2026-09-20 08:37:04,JWST419B,0101,Bernard Cooperman,9,9,0,2026-09-20 08:45:41,2026-09-20 08:45:41.961
2026-09-20 08:37:04,JWST427,0101,Matthew Suriano,15,15,0,2026-09-20 08:45:42,2026-09-20 08:45:42.117
2026-09-20 08:37:04,JWST469C,0101,Bernard Cooperman,10,10,0,2026-09-20 08:45:42,2026-09-20 08:45:42.278
2026-09-20 08:37:04,KORA101,0101,Seong Minne Koh,15,15,0,2026-09-20 08:45:57,2026-09-20 08:45:57.575
2026-09-20 08:37:04,KORA102,0101,Saerom Kwak,15,15,0,2026-09-20 08:45:57,2026-09-20 08:45:57.738
2026-09-20 08:37:04,KORA102,0201,Saerom Kwak,15,15,0,2026-09-20 08:45:57,2026-09-20 08:45:57.738
2026-09-20 08:37:04,KORA102,0301,Saerom Kwak,15,15,0,2026-09-20 08:45:57,2026-09-20 08:45:57.739
2026-09-20 08:37:04,KORA102,0401,Saerom Kwak,15,15,0,2026-09-20 08:45:57,2026-09-20 08:45:57.739
2026-09-20 08:37:04,KORA202,0101,Seong Minne Koh,15,15,0,2026-09-20 08:45:57,2026-09-20 08:45:57.893
2026-09-20 08:37:04,KORA202,0301,Seong Minne Koh,15,15,0,2026-09-20 08:45:57,2026-09-20 08:45:57.893
2026-09-20 08:37:04,KORA398O,0101,Instructor: TBA,10,10,0,2026-09-20 08:45:58,2026-09-20 08:45:58.049
2026-09-20 08:37:04,KORA398V,0101,Seong Minne Koh,10,10,0,2026-09-20 08:45:58,2026-09-20 08:45:58.201
2026-09-20 08:37:04,LEAD217,0101,Pamela Scott,25,25,0,2026-09-20 08:46:08,2026-09-20 08:46:08.962
2026-09-20 08:37:04,LEAD217,0201,Pamela Scott,25,25,0,2026-09-20 08:46:08,2026-09-20 08:46:08.962
2026-09-20 08:37:04,LEAD321,0101,Courtney Holder,10,10,0,2026-09-20 08:46:09,2026-09-20 08:46:09.117
2026-09-20 08:37:04,LEAD417,0101,Anastasia Lavrenyuk,20,20,0,2026-09-20 08:46:09,2026-09-20 08:46:09.266
2026-09-20 08:37:04,LGBT200,0101,Sayan Bhattacharya,25,25,0,2026-09-20 08:46:10,2026-09-20 08:46:10.523
2026-09-20 08:37:04,LGBT200,0102,Sayan Bhattacharya,25,25,0,2026-09-20 08:46:10,2026-09-20 08:46:10.524
2026-09-20 08:37:04,LGBT265,0201,Instructor: TBA,30,30,0,2026-09-20 08:46:10,2026-09-20 08:46:10.680
2026-09-20 08:37:04,LGBT310,0101,Sayan Bhattacharya,25,25,0,2026-09-20 08:46:10,2026-09-20 08:46:10.842
2026-09-20 08:37:04,LGBT475,0101,Sydney Lewis,20,20,0,2026-09-20 08:46:11,2026-09-20 08:46:11.032
2026-09-20 08:37:04,MLAW150,0101,David Gray,25,25,0,2026-09-20 08:46:34,2026-09-20 08:46:34.328
2026-09-20 08:37:04,MLAW150,0102,David Gray,25,25,0,2026-09-20 08:46:34,2026-09-20 08:46:34.328
2026-09-20 08:37:04,MLAW150,0103,David Gray,25,25,0,2026-09-20 08:46:34,2026-09-20 08:46:34.328
2026-09-20 08:37:04,MLAW304,0101,Christine White,40,40,0,2026-09-20 08:46:34,2026-09-20 08:46:34.479
2026-09-20 08:37:04,MLAW305,0201,Brian Gilmore,60,60,0,2026-09-20 08:46:34,2026-09-20 08:46:34.631
2026-09-20 08:37:04,MLAW325,0101,Grace Benton,12,12,0,2026-09-20 08:46:34,2026-09-20 08:46:34.783
2026-09-20 08:37:04,MLAW358W,0101,Michael Spivey,25,25,0,2026-09-20 08:46:34,2026-09-20 08:46:34.946
2026-09-20 08:37:04,MLAW358W,0102,Michael Spivey,25,25,0,2026-09-20 08:46:34,2026-09-20 08:46:34.947
2026-09-20 08:37:04,MLAW358W,0103,Michael Spivey,25,25,0,2026-09-20 08:46:34,2026-09-20 08:46:34.947
2026-09-20 08:37:04,MLAW358W,0104,Michael Spivey,25,25,0,2026-09-20 08:46:34,2026-09-20 08:46:34.947
2026-09-20 08:37:04,MLAW358W,0105,Michael Spivey,25,25,0,2026-09-20 08:46:34,2026-09-20 08:46:34.947
2026-09-20 08:37:04,MLAW358W,0106,Michael Spivey,25,25,0,2026-09-20 08:46:34,2026-09-20 08:46:34.947
2026-09-20 08:37:04,MLAW358Y,0101,Martin Kobren,5,5,0,2026-09-20 08:46:35,2026-09-20 08:46:35.100
2026-09-20 08:37:04,MLAW358Z,0101,Christine White,19,19,0,2026-09-20 08:46:35,2026-09-20 08:46:35.256
2026-09-20 08:37:04,MLAW359,0101,Brandee Pettus,8,8,0,2026-09-20 08:46:35,2026-09-20 08:46:35.408
2026-09-20 08:37:04,MLAW378E,0101,Brandee Pettus,5,5,0,2026-09-20 08:46:35,2026-09-20 08:46:35.562
2026-09-20 08:37:04,MLAW378F,0101,Brian Gilmore,15,15,0,2026-09-20 08:46:35,2026-09-20 08:46:35.715
2026-09-20 08:37:04,MLAW378J,0101,Natalie Ram,20,20,0,2026-09-20 08:46:35,2026-09-20 08:46:35.870
2026-09-20 08:37:04,MLAW378T,0101,Marley Weiss,20,20,0,2026-09-20 08:46:36,2026-09-20 08:46:36.023
2026-09-20 08:37:04,MLAW388,0101,Brandee Pettus,33,33,0,2026-09-20 08:46:36,2026-09-20 08:46:36.185
2026-09-20 08:37:04,MLAW388,0201,Brandee Pettus,6,6,0,2026-09-20 08:46:36,2026-09-20 08:46:36.185
2026-09-20 08:37:04,MLAW404,0101,Christine White,75,75,0,2026-09-20 08:46:36,2026-09-20 08:46:36.387
2026-09-20 08:37:04,MSAI602,PCS1,Tammy Perrin,30,30,0,2026-09-20 08:46:37,2026-09-20 08:46:37.654
2026-09-20 08:37:04,MSAI603,PWS1,Kemal Davaslioglu,50,50,0,2026-09-20 08:46:37,2026-09-20 08:46:37.806
2026-09-20 08:37:04,MSAI605,PCS1,Jerry Wu,55,55,0,2026-09-20 08:46:37,2026-09-20 08:46:37.976
2026-09-20 08:37:04,MSAI605,PCS2,Samet Ayhan,55,55,0,2026-09-20 08:46:37,2026-09-20 08:46:37.977
2026-09-20 08:37:04,MSAI605,PCS3,Rajeev Barua,65,65,0,2026-09-20 08:46:37,2026-09-20 08:46:37.977
2026-09-20 08:37:04,MSML602,PCS1,Tammy Perrin,30,30,0,2026-09-20 08:46:39,2026-09-20 08:46:39.236
2026-09-20 08:37:04,MSML603,PWS1,Kemal Davaslioglu,50,50,0,2026-09-20 08:46:39,2026-09-20 08:46:39.391
2026-09-20 08:37:04,MSML604,PCS1,Richard La,38,38,0,2026-09-20 08:46:39,2026-09-20 08:46:39.545
2026-09-20 08:37:04,MSML604,PCS2,Richard La,38,38,0,2026-09-20 08:46:39,2026-09-20 08:46:39.545
2026-09-20 08:37:04,MSML604,PCS3,Siddharth Pal,55,55,0,2026-09-20 08:46:39,2026-09-20 08:46:39.545
2026-09-20 08:37:04,MSML605,PCS1,Jerry Wu,55,55,0,2026-09-20 08:46:39,2026-09-20 08:46:39.706
2026-09-20 08:37:04,MSML605,PCS2,Samet Ayhan,55,55,0,2026-09-20 08:46:39,2026-09-20 08:46:39.706
2026-09-20 08:37:04,MSML605,PCS3,Rajeev Barua,65,65,0,2026-09-20 08:46:39,2026-09-20 08:46:39.706
2026-09-20 08:37:04,MSML606,PCS2,Sujeong Kim,55,55,0,2026-09-20 08:46:39,2026-09-20 08:46:39.860
2026-09-20 08:37:04,MSML606,PCS3,Samet Ayhan,55,55,0,2026-09-20 08:46:39,2026-09-20 08:46:39.860
2026-09-20 08:37:04,MSML612,PCS1,Samet Ayhan,55,55,0,2026-09-20 08:46:40,2026-09-20 08:46:40.023
2026-09-20 08:37:04,MSML612,PCS2,Samet Ayhan,55,55,0,2026-09-20 08:46:40,2026-09-20 08:46:40.023
2026-09-20 08:37:04,MSML612,PCS3,Emre Gunduzhan,55,55,0,2026-09-20 08:46:40,2026-09-20 08:46:40.023
2026-09-20 08:37:04,MSML640,PCS1,Jerry Wu,70,70,0,2026-09-20 08:46:40,2026-09-20 08:46:40.184
2026-09-20 08:37:04,MSML640,PCS2,Sujeong Kim,55,55,0,2026-09-20 08:46:40,2026-09-20 08:46:40.184
2026-09-20 08:37:04,MSML641,PCS1,Armin Mehrabian,55,55,0,2026-09-20 08:46:40,2026-09-20 08:46:40.336
2026-09-20 08:37:04,NAVY101,0101,Beau Cisneros,30,30,0,2026-09-20 08:47:01,2026-09-20 08:47:01.476
2026-09-20 08:37:04,NAVY108,0101,Christopher Boehm,150,150,0,2026-09-20 08:47:01,2026-09-20 08:47:01.666
2026-09-20 08:37:04,NAVY201,0101,Austin Cranfill,30,30,0,2026-09-20 08:47:01,2026-09-20 08:47:01.845
2026-09-20 08:37:04,NAVY301,0101,Beau Cisneros,35,35,0,2026-09-20 08:47:02,2026-09-20 08:47:02.045
2026-09-20 08:37:04,NAVY401,0101,John Gonser,36,36,0,2026-09-20 08:47:02,2026-09-20 08:47:02.221
2026-09-20 08:37:04,NAVY402,0102,Jenna Weiner,25,25,0,2026-09-20 08:47:02,2026-09-20 08:47:02.385
2026-09-20 08:37:04,NEUR200,0101,Ana Navarro Cebrian,90,90,0,2026-09-20 08:47:03,2026-09-20 08:47:03.664
2026-09-20 08:37:04,NEUR200,0201,Ana Navarro Cebrian,90,90,0,2026-09-20 08:47:03,2026-09-20 08:47:03.664
2026-09-20 08:37:04,NEUR305,0101,Amanda Chicoli,90,90,0,2026-09-20 08:47:03,2026-09-20 08:47:03.816
2026-09-20 08:37:04,NEUR306,0101,Chan Lin,64,64,0,2026-09-20 08:47:03,2026-09-20 08:47:03.973
2026-09-20 08:37:04,NEUR306,0102,Melissa Caras,40,40,0,2026-09-20 08:47:03,2026-09-20 08:47:03.974
2026-09-20 08:37:04,NEUR338A,0101,Amanda Chicoli,20,20,0,2026-09-20 08:47:04,2026-09-20 08:47:04.276
2026-09-20 08:37:04,NEUR398H,0101,Nikolas Francis,20,20,0,2026-09-20 08:47:04,2026-09-20 08:47:04.735
2026-09-20 08:37:04,NEUR405,0101,Hilary Bierman,16,16,0,2026-09-20 08:47:04,2026-09-20 08:47:04.896
2026-09-20 08:37:04,NEUR405,0102,Hilary Bierman,16,16,0,2026-09-20 08:47:04,2026-09-20 08:47:04.896
2026-09-20 08:37:04,NEUR405,0103,Hilary Bierman,16,16,0,2026-09-20 08:47:04,2026-09-20 08:47:04.896
2026-09-20 08:37:04,NEUR405,0106,Hilary Bierman,16,16,0,2026-09-20 08:47:04,2026-09-20 08:47:04.897
2026-09-20 08:37:04,PEER318,0101,Christina Jay,15,15,0,2026-09-20 08:47:11,2026-09-20 08:47:11.138
2026-09-20 08:37:04,PEER319,0101,Grace Boudreau,15,15,0,2026-09-20 08:47:11,2026-09-20 08:47:11.297
2026-09-20 08:37:04,PEER322,0101,Aleia Gardner,15,15,0,2026-09-20 08:47:11,2026-09-20 08:47:11.449
2026-09-20 08:37:04,PHPE308A,0101,Rachel Singpurwalla,25,25,0,2026-09-20 08:47:18,2026-09-20 08:47:18.119
2026-09-20 08:37:04,PHPE308P,0101,Xinzhi Zhao,30,30,0,2026-09-20 08:47:18,2026-09-20 08:47:18.272
2026-09-20 08:37:04,PHPE308U,0101,Aner Tal,35,35,0,2026-09-20 08:47:18,2026-09-20 08:47:18.447
2026-09-20 08:37:04,PHPE400,0101,Instructor: TBA,30,30,0,2026-09-20 08:47:18,2026-09-20 08:47:18.749
2026-09-20 08:37:04,PHPE401,0101,Xinzhi Zhao,27,27,0,2026-09-20 08:47:18,2026-09-20 08:47:18.904
2026-09-20 08:37:04,PHPE401,0102,Xinzhi Zhao,27,27,0,2026-09-20 08:47:18,2026-09-20 08:47:18.904
2026-09-20 08:37:04,PHPE402,0101,Instructor: TBA,30,30,0,2026-09-20 08:47:19,2026-09-20 08:47:19.057
2026-09-20 08:37:04,PHPE408M,0101,Nicholas Laskowski,25,25,0,2026-09-20 08:47:19,2026-09-20 08:47:19.206
2026-09-20 08:37:04,PHPE408Z,0101,Avia Pasternak,30,30,0,2026-09-20 08:47:19,2026-09-20 08:47:19.359
2026-09-20 08:37:04,PHSC201,0101,Kayla Hoffman,30,30,0,2026-09-20 08:47:20,2026-09-20 08:47:20.617
2026-09-20 08:37:04,PHSC388F,0101,Jennifer German,30,30,0,2026-09-20 08:47:20,2026-09-20 08:47:20.778
2026-09-20 08:37:04,PHSC399,0101,Shannon Edward,30,30,0,2026-09-20 08:47:21,2026-09-20 08:47:21.081
2026-09-20 08:37:04,PHSC399,ESG1,Shannon Edward,20,20,0,2026-09-20 08:47:21,2026-09-20 08:47:21.082
2026-09-20 08:37:04,PHSC415,0101,Jessica O'Hara,36,36,0,2026-09-20 08:47:21,2026-09-20 08:47:21.244
2026-09-20 08:37:04,PHSC415,0102,Jessica O'Hara,36,36,0,2026-09-20 08:47:21,2026-09-20 08:47:21.244
2026-09-20 08:37:04,PHSC415,0103,Jessica O'Hara,36,36,0,2026-09-20 08:47:21,2026-09-20 08:47:21.245
2026-09-20 08:37:04,PHSC415,0104,Jessica O'Hara,36,36,0,2026-09-20 08:47:21,2026-09-20 08:47:21.245
2026-09-20 08:37:04,PHSC415,0105,Jessica O'Hara,36,36,0,2026-09-20 08:47:21,2026-09-20 08:47:21.245
2026-09-20 08:37:04,PHSC430,0101,Kendall Bustad,35,35,0,2026-09-20 08:47:21,2026-09-20 08:47:21.403
2026-09-20 08:37:04,PHSC430,ESG1,Kendall Bustad,8,8,0,2026-09-20 08:47:21,2026-09-20 08:47:21.403
2026-09-20 08:37:04,PHSC450,0101,Kendall Bustad,20,20,0,2026-09-20 08:47:21,2026-09-20 08:47:21.572
2026-09-20 08:37:04,PHSC450,0102,Kendall Bustad,20,20,0,2026-09-20 08:47:21,2026-09-20 08:47:21.572
2026-09-20 08:37:04,PHSC450,0103,Kendall Bustad,20,20,0,2026-09-20 08:47:21,2026-09-20 08:47:21.572
2026-09-20 08:37:04,PHSC450,0104,Kendall Bustad,20,20,0,2026-09-20 08:47:21,2026-09-20 08:47:21.573
2026-09-20 08:37:04,PHSC450,0105,Kendall Bustad,20,20,0,2026-09-20 08:47:21,2026-09-20 08:47:21.573
2026-09-20 08:37:04,PHSC450,0106,Kendall Bustad,20,20,0,2026-09-20 08:47:21,2026-09-20 08:47:21.573
2026-09-20 08:37:04,PHSC450,0107,Kendall Bustad,20,20,0,2026-09-20 08:47:21,2026-09-20 08:47:21.573
2026-09-20 08:37:04,PHSC450,ESG1,Kendall Bustad,35,35,0,2026-09-20 08:47:21,2026-09-20 08:47:21.573
2026-09-20 08:37:04,PHSC490,0101,Shannon Edward,30,30,0,2026-09-20 08:47:21,2026-09-20 08:47:21.728
2026-09-20 08:37:04,PHSC497,0101,Gretchen De Silva,20,20,0,2026-09-20 08:47:21,2026-09-20 08:47:21.906
2026-09-20 08:37:04,PHSC497,0201,Kendall Bustad,20,20,0,2026-09-20 08:47:21,2026-09-20 08:47:21.906
2026-09-20 08:37:04,PHSC497,0301,Gretchen De Silva,20,20,0,2026-09-20 08:47:21,2026-09-20 08:47:21.906
2026-09-20 08:37:04,PHSC497,0401,Aysha Jawed,20,20,0,2026-09-20 08:47:21,2026-09-20 08:47:21.907
2026-09-20 08:37:04,PHSC497,0501,Jennifer German,20,20,0,2026-09-20 08:47:21,2026-09-20 08:47:21.907
2026-09-20 08:37:04,PHSC497,0601,Carmen Booker,20,20,0,2026-09-20 08:47:21,2026-09-20 08:47:21.907
2026-09-20 08:37:04,PHSC497,0701,Lakeshia Watson,20,20,0,2026-09-20 08:47:21,2026-09-20 08:47:21.907
2026-09-20 08:37:04,PHSC497,0801,Lakeshia Watson,20,20,0,2026-09-20 08:47:21,2026-09-20 08:47:21.907
2026-09-20 08:37:04,PHSC497,0901,Darya Soltani,20,20,0,2026-09-20 08:47:21,2026-09-20 08:47:21.908
2026-09-20 08:37:04,PHSC497,1001,Brienna Anderson,20,20,0,2026-09-20 08:47:21,2026-09-20 08:47:21.908
2026-09-20 08:37:04,PHSC497,1101,Margaret Smith,20,20,0,2026-09-20 08:47:21,2026-09-20 08:47:21.908
2026-09-20 08:37:04,PHSC497,1201,Eric Silfen,20,20,0,2026-09-20 08:47:21,2026-09-20 08:47:21.908
2026-09-20 08:37:04,PHSC497,1301,Lakeshia Watson,20,20,0,2026-09-20 08:47:21,2026-09-20 08:47:21.908
2026-09-20 08:37:04,PHSC497,ESG1,Ann Truelove,20,20,0,2026-09-20 08:47:21,2026-09-20 08:47:21.909
2026-09-20 08:37:04,RDEV250,0101,Wayne Ricardo Curtis,75,75,0,2026-09-20 08:47:56,2026-09-20 08:47:56.821
2026-09-20 08:37:04,RDEV250,0102,Wayne Ricardo Curtis,75,75,0,2026-09-20 08:47:56,2026-09-20 08:47:56.821
2026-09-20 08:37:04,RDEV270,0101,John Park,30,30,0,2026-09-20 08:47:56,2026-09-20 08:47:56.975
2026-09-20 08:37:04,RDEV350,0101,Jesse Saginor,25,25,0,2026-09-20 08:47:57,2026-09-20 08:47:57.130
2026-09-20 08:37:04,RDEV350,0102,Instructor: TBA,30,30,0,2026-09-20 08:47:57,2026-09-20 08:47:57.130
2026-09-20 08:37:04,RDEV410,0101,Peter Goldsmith,30,30,0,2026-09-20 08:47:57,2026-09-20 08:47:57.284
2026-09-20 08:37:04,RDEV415,0101,Bilal Ali,20,20,0,2026-09-20 08:47:57,2026-09-20 08:47:57.467
2026-09-20 08:37:04,RDEV445,0101,Matthew O'Malley,15,15,0,2026-09-20 08:47:57,2026-09-20 08:47:57.691
2026-09-20 08:37:04,RDEV450,0101,Kathryn Corby,30,30,0,2026-09-20 08:47:57,2026-09-20 08:47:57.884
2026-09-20 08:37:04,RDEV450,0102,Thomas Dwyer,20,20,0,2026-09-20 08:47:57,2026-09-20 08:47:57.884
2026-09-20 08:37:04,RDEV450,0103,John Park,30,30,0,2026-09-20 08:47:57,2026-09-20 08:47:57.884
2026-09-20 08:37:04,RDEV478D,0101,Jesse Saginor,20,20,0,2026-09-20 08:47:58,2026-09-20 08:47:58.205
2026-09-20 08:37:04,RDEV600,0101,Jesse Saginor,10,10,0,2026-09-20 08:47:58,2026-09-20 08:47:58.415
2026-09-20 08:37:04,RDEV603,0101,Thomas Dwyer,18,18,0,2026-09-20 08:47:58,2026-09-20 08:47:58.648
2026-09-20 08:37:04,RDEV610,0101,David Warner,20,20,0,2026-09-20 08:47:58,2026-09-20 08:47:58.823
2026-09-20 08:37:04,RDEV615,0101,Bilal Ali,20,20,0,2026-09-20 08:47:59,2026-09-20 08:47:59.065
2026-09-20 08:37:04,RDEV630,0101,Mansur Abdul-Malik,30,30,0,2026-09-20 08:47:59,2026-09-20 08:47:59.218
2026-09-20 08:37:04,RDEV650,0101,Matthew O'Malley,25,25,0,2026-09-20 08:47:59,2026-09-20 08:47:59.372
2026-09-20 08:37:04,RDEV689F,0101,Zachary Marks,20,20,0,2026-09-20 08:47:59,2026-09-20 08:47:59.546
2026-09-20 08:37:04,RDEV689I,0101,Ronald McDonald,14,14,0,2026-09-20 08:47:59,2026-09-20 08:47:59.721
2026-09-20 08:37:04,RDEV689R,0101,Nick Egelanian,15,15,0,2026-09-20 08:47:59,2026-09-20 08:47:59.976
2026-09-20 08:37:04,RDEV689Y,0101,Instructor: TBA,12,12,0,2026-09-20 08:48:00,2026-09-20 08:48:00.218
2026-09-20 08:37:04,RDEV690,0101,Tanya Bansal,12,12,0,2026-09-20 08:48:00,2026-09-20 08:48:00.420
2026-09-20 08:37:04,RELS170,0101,Katherine Wasdin,21,21,0,2026-09-20 08:48:06,2026-09-20 08:48:06.497
2026-09-20 08:37:04,RELS170,0102,Katherine Wasdin,21,21,0,2026-09-20 08:48:06,2026-09-20 08:48:06.498
2026-09-20 08:37:04,RELS170,0103,Katherine Wasdin,21,21,0,2026-09-20 08:48:06,2026-09-20 08:48:06.498
2026-09-20 08:37:04,RELS170,0104,Katherine Wasdin,21,21,0,2026-09-20 08:48:06,2026-09-20 08:48:06.498
2026-09-20 08:37:04,RELS170,0105,Katherine Wasdin,21,21,0,2026-09-20 08:48:06,2026-09-20 08:48:06.498
2026-09-20 08:37:04,RELS170,0106,Katherine Wasdin,21,21,0,2026-09-20 08:48:06,2026-09-20 08:48:06.498
2026-09-20 08:37:04,RELS170,0107,Katherine Wasdin,21,21,0,2026-09-20 08:48:06,2026-09-20 08:48:06.499
2026-09-20 08:37:04,RELS170,0108,Katherine Wasdin,21,21,0,2026-09-20 08:48:06,2026-09-20 08:48:06.499
2026-09-20 08:37:04,RELS170,0109,Katherine Wasdin,21,21,0,2026-09-20 08:48:06,2026-09-20 08:48:06.499
2026-09-20 08:37:04,RELS264,0101,Jay Moses,30,30,0,2026-09-20 08:48:06,2026-09-20 08:48:06.741
2026-09-20 08:37:04,RELS271,0101,Instructor: TBA,40,40,0,2026-09-20 08:48:06,2026-09-20 08:48:06.901
2026-09-20 08:37:04,RELS319Q,0101,Regev Ben-David,35,35,0,2026-09-20 08:48:07,2026-09-20 08:48:07.083
2026-09-20 08:37:04,RELS342,0101,Stefano Villani,27,27,0,2026-09-20 08:48:07,2026-09-20 08:48:07.239
2026-09-20 08:37:04,RELS427,0101,Matthew Suriano,15,15,0,2026-09-20 08:48:07,2026-09-20 08:48:07.400
2026-09-20 08:37:04,RELS429M,0101,Antoine Borrut,27,27,0,2026-09-20 08:48:07,2026-09-20 08:48:07.558
2026-09-20 08:37:04,RUSS102,0101,Inna Hardman,15,15,0,2026-09-20 08:48:08,2026-09-20 08:48:08.898
2026-09-20 08:37:04,RUSS102,0201,Inna Hardman,15,15,0,2026-09-20 08:48:08,2026-09-20 08:48:08.898
2026-09-20 08:37:04,RUSS202,0101,Zhanna Gerus-Vernola,15,15,0,2026-09-20 08:48:09,2026-09-20 08:48:09.172
2026-09-20 08:37:04,RUSS302,0101,Izolda Savenkova,15,15,0,2026-09-20 08:48:09,2026-09-20 08:48:09.324
2026-09-20 08:37:04,RUSS398A,0101,Instructor: TBA,15,15,0,2026-09-20 08:48:09,2026-09-20 08:48:09.656
2026-09-20 08:37:04,RUSS398F,0101,Elizabeth Papazian,25,25,0,2026-09-20 08:48:09,2026-09-20 08:48:09.808
2026-09-20 08:37:04,RUSS406,0101,Izolda Savenkova,15,15,0,2026-09-20 08:48:10,2026-09-20 08:48:10.103
2026-09-20 08:37:04,RUSS412,0101,Inna Hardman,15,15,0,2026-09-20 08:48:10,2026-09-20 08:48:10.262
2026-09-20 08:37:04,SDSB123,0101,Srijeeta Mitra,26,26,0,2026-09-20 08:48:11,2026-09-20 08:48:11.980
2026-09-20 08:37:04,SDSB180,0101,Srijeeta Mitra,155,155,0,2026-09-20 08:48:12,2026-09-20 08:48:12.136
2026-09-20 08:37:04,SDSB233,0101,Richard Engstrom,28,28,0,2026-09-20 08:48:12,2026-09-20 08:48:12.290
2026-09-20 08:37:04,SDSB233,0102,Richard Engstrom,28,28,0,2026-09-20 08:48:12,2026-09-20 08:48:12.290
2026-09-20 08:37:04,SDSB326,0101,Jacob Coutts,40,40,0,2026-09-20 08:48:12,2026-09-20 08:48:12.441
2026-09-20 08:37:04,SDSB340,0101,Neil Lund,24,24,0,2026-09-20 08:48:12,2026-09-20 08:48:12.633
2026-09-20 08:37:04,SDSI414,0101,Instructor: TBA,40,40,0,2026-09-20 08:48:13,2026-09-20 08:48:13.880
2026-09-20 08:37:04,SDSI414,0102,Instructor: TBA,40,40,0,2026-09-20 08:48:13,2026-09-20 08:48:13.880
2026-09-20 08:37:04,SDSI414,0103,Instructor: TBA,40,40,0,2026-09-20 08:48:13,2026-09-20 08:48:13.880
2026-09-20 08:37:04,SDSI414,0201,Instructor: TBA,40,40,0,2026-09-20 08:48:13,2026-09-20 08:48:13.881
2026-09-20 08:37:04,SDSI414,0202,Instructor: TBA,40,40,0,2026-09-20 08:48:13,2026-09-20 08:48:13.881
2026-09-20 08:37:04,SDSI492,0101,Instructor: TBA,29,29,0,2026-09-20 08:48:14,2026-09-20 08:48:14.049
2026-09-20 08:37:04,SDSI492,0102,Instructor: TBA,50,50,0,2026-09-20 08:48:14,2026-09-20 08:48:14.049
2026-09-20 08:37:04,SDSI492,0103,Instructor: TBA,50,50,0,2026-09-20 08:48:14,2026-09-20 08:48:14.049
2026-09-20 08:37:04,SDSI492,0104,Instructor: TBA,40,40,0,2026-09-20 08:48:14,2026-09-20 08:48:14.049
2026-09-20 08:37:04,SDSI492,0105,Instructor: TBA,50,50,0,2026-09-20 08:48:14,2026-09-20 08:48:14.050
2026-09-20 08:37:04,SDSI492,0107,Instructor: TBA,50,50,0,2026-09-20 08:48:14,2026-09-20 08:48:14.050
2026-09-20 08:37:04,SDSI492,0108,Instructor: TBA,50,50,0,2026-09-20 08:48:14,2026-09-20 08:48:14.050
2026-09-20 08:37:04,SDSI492,0110,Instructor: TBA,50,50,0,2026-09-20 08:48:14,2026-09-20 08:48:14.050
2026-09-20 08:37:04,SDSI492,ESG1,Stacy Surla,50,50,0,2026-09-20 08:48:14,2026-09-20 08:48:14.050
2026-09-20 08:37:04,SLLC286,0101,Andrew Schonebaum,60,60,0,2026-09-20 08:48:16,2026-09-20 08:48:16.631
2026-09-20 08:37:04,SLLC287,0101,Sean Pue,20,20,0,2026-09-20 08:48:16,2026-09-20 08:48:16.830
2026-09-20 08:37:04,SLLC305,0101,Nahal Akbari-Saneh,25,25,0,2026-09-20 08:48:17,2026-09-20 08:48:17.149
2026-09-20 08:37:04,SLLC309,0101,Ahmed Hanafy,10,10,0,2026-09-20 08:48:17,2026-09-20 08:48:17.436
2026-09-20 08:37:04,SLLC309,0102,Ahmed Hanafy,10,10,0,2026-09-20 08:48:17,2026-09-20 08:48:17.437
2026-09-20 08:37:04,SLLC309,0103,Ahmed Hanafy,10,10,0,2026-09-20 08:48:17,2026-09-20 08:48:17.437
2026-09-20 08:37:04,SLLC309,0104,Ahmed Hanafy,10,10,0,2026-09-20 08:48:17,2026-09-20 08:48:17.437
2026-09-20 08:37:04,SLLC309,0105,Ahmed Hanafy,10,10,0,2026-09-20 08:48:17,2026-09-20 08:48:17.437
2026-09-20 08:37:04,SLLC309,0106,Ahmed Hanafy,10,10,0,2026-09-20 08:48:17,2026-09-20 08:48:17.437
2026-09-20 08:37:04,SLLC309,0107,Ahmed Hanafy,10,10,0,2026-09-20 08:48:17,2026-09-20 08:48:17.438
2026-09-20 08:37:04,SLLC309,0108,Ahmed Hanafy,10,10,0,2026-09-20 08:48:17,2026-09-20 08:48:17.438
2026-09-20 08:37:04,SLLC309,0109,Ahmed Hanafy,10,10,0,2026-09-20 08:48:17,2026-09-20 08:48:17.438
2026-09-20 08:37:04,SLLC309,0110,Ahmed Hanafy,10,10,0,2026-09-20 08:48:17,2026-09-20 08:48:17.438
2026-09-20 08:37:04,SLLC309,0111,Ahmed Hanafy,10,10,0,2026-09-20 08:48:17,2026-09-20 08:48:17.438
2026-09-20 08:37:04,SLLC329,0101,Marilyn Matar,10,10,0,2026-09-20 08:48:17,2026-09-20 08:48:17.698
2026-09-20 08:37:04,SLLC329,0102,Marilyn Matar,10,10,0,2026-09-20 08:48:17,2026-09-20 08:48:17.698
2026-09-20 08:37:04,SLLC329,0103,Marilyn Matar,20,20,0,2026-09-20 08:48:17,2026-09-20 08:48:17.698
2026-09-20 08:37:04,SLLC329,0104,Marilyn Matar,10,10,0,2026-09-20 08:48:17,2026-09-20 08:48:17.699
2026-09-20 08:37:04,SLLC329,0105,Marilyn Matar,10,10,0,2026-09-20 08:48:17,2026-09-20 08:48:17.699
2026-09-20 08:37:04,SLLC329,0106,Marilyn Matar,10,10,0,2026-09-20 08:48:17,2026-09-20 08:48:17.699
2026-09-20 08:37:04,SLLC329,0107,Marilyn Matar,10,10,0,2026-09-20 08:48:17,2026-09-20 08:48:17.699
2026-09-20 08:37:04,SLLC329,0108,Marilyn Matar,10,10,0,2026-09-20 08:48:17,2026-09-20 08:48:17.699
2026-09-20 08:37:04,SLLC329,0109,Marilyn Matar,10,10,0,2026-09-20 08:48:17,2026-09-20 08:48:17.700
2026-09-20 08:37:04,SLLC329,0110,Marilyn Matar,20,20,0,2026-09-20 08:48:17,2026-09-20 08:48:17.700
2026-09-20 08:37:04,SMLP471,0101,Jennifer Hsin,60,60,0,2026-09-20 08:48:18,2026-09-20 08:48:18.940
2026-09-20 08:37:04,SMLP474,0101,Sara Herald,60,60,0,2026-09-20 08:48:19,2026-09-20 08:48:19.096
2026-09-20 08:37:04,SPHL100,0101,Shuling Wu,20,20,0,2026-09-20 08:48:34,2026-09-20 08:48:34.047
2026-09-20 08:37:04,SPHL100,0102,Shuling Wu,20,20,0,2026-09-20 08:48:34,2026-09-20 08:48:34.047
2026-09-20 08:37:04,SPHL100,0103,Shuling Wu,20,20,0,2026-09-20 08:48:34,2026-09-20 08:48:34.047
2026-09-20 08:37:04,SPHL100,0104,Shuling Wu,20,20,0,2026-09-20 08:48:34,2026-09-20 08:48:34.047
2026-09-20 08:37:04,SPHL100,0105,Shuling Wu,20,20,0,2026-09-20 08:48:34,2026-09-20 08:48:34.048
2026-09-20 08:37:04,SPHL100,0106,Shuling Wu,20,20,0,2026-09-20 08:48:34,2026-09-20 08:48:34.048
2026-09-20 08:37:04,SPHL100,0107,Shuling Wu,20,20,0,2026-09-20 08:48:34,2026-09-20 08:48:34.048
2026-09-20 08:37:04,SPHL100,0108,Shuling Wu,20,20,0,2026-09-20 08:48:34,2026-09-20 08:48:34.048
2026-09-20 08:37:04,SPHL100,0109,Shuling Wu,20,20,0,2026-09-20 08:48:34,2026-09-20 08:48:34.048
2026-09-20 08:37:04,SPHL100,0110,Shuling Wu,20,20,0,2026-09-20 08:48:34,2026-09-20 08:48:34.049
2026-09-20 08:37:04,SPHL100,0201,Shuling Wu,20,20,0,2026-09-20 08:48:34,2026-09-20 08:48:34.049
2026-09-20 08:37:04,SPHL100,0202,Shuling Wu,20,20,0,2026-09-20 08:48:34,2026-09-20 08:48:34.049
2026-09-20 08:37:04,SPHL100,0203,Shuling Wu,20,20,0,2026-09-20 08:48:34,2026-09-20 08:48:34.049
2026-09-20 08:37:04,SPHL100,0204,Shuling Wu,20,20,0,2026-09-20 08:48:34,2026-09-20 08:48:34.049
2026-09-20 08:37:04,SPHL100,0205,Shuling Wu,20,20,0,2026-09-20 08:48:34,2026-09-20 08:48:34.049
2026-09-20 08:37:04,SPHL100,0206,Shuling Wu,20,20,0,2026-09-20 08:48:34,2026-09-20 08:48:34.050
2026-09-20 08:37:04,SPHL100,0207,Shuling Wu,20,20,0,2026-09-20 08:48:34,2026-09-20 08:48:34.050
2026-09-20 08:37:04,SPHL100,0208,Shuling Wu,20,20,0,2026-09-20 08:48:34,2026-09-20 08:48:34.050
2026-09-20 08:37:04,SPHL246,0101,April Khaing,20,20,0,2026-09-20 08:48:34,2026-09-20 08:48:34.205
2026-09-20 08:37:04,SPHL276,0101,Dina Borzekowski,25,25,0,2026-09-20 08:48:34,2026-09-20 08:48:34.361
2026-09-20 08:37:04,SPHL321,0101,Sylvette La Touche-Howard,15,15,0,2026-09-20 08:48:34,2026-09-20 08:48:34.513
2026-09-20 08:37:04,SPHL333,0101,Cynthia Kershaw,75,75,0,2026-09-20 08:48:34,2026-09-20 08:48:34.665
2026-09-20 08:37:04,SPHL478,0101,Tracy Zeeger,10,10,0,2026-09-20 08:48:34,2026-09-20 08:48:34.965
2026-09-20 08:37:04,SPHL600,0101,Sylvette La Touche-Howard,8,8,0,2026-09-20 08:48:35,2026-09-20 08:48:35.123
2026-09-20 08:37:04,SPHL610,0101,Danielle Catona,22,22,0,2026-09-20 08:48:35,2026-09-20 08:48:35.294
2026-09-20 08:37:04,SPHL610,0102,Danielle Catona,22,22,0,2026-09-20 08:48:35,2026-09-20 08:48:35.294
2026-09-20 08:37:04,SPHL610,0103,Danielle Catona,22,22,0,2026-09-20 08:48:35,2026-09-20 08:48:35.294
2026-09-20 08:37:04,SPHL610,PLB1,Priscilla Novak,20,20,0,2026-09-20 08:48:35,2026-09-20 08:48:35.294
2026-09-20 08:37:04,SPHL610,PLH1,Priscilla Novak,28,28,0,2026-09-20 08:48:35,2026-09-20 08:48:35.294
2026-09-20 08:37:04,SPHL610,PLK1,Priscilla Novak,5,5,0,2026-09-20 08:48:35,2026-09-20 08:48:35.295
2026-09-20 08:37:04,SPHL611,0101,Danielle Catona,45,45,0,2026-09-20 08:48:35,2026-09-20 08:48:35.457
2026-09-20 08:37:04,SPHL611,0201,Danielle Catona,45,45,0,2026-09-20 08:48:35,2026-09-20 08:48:35.457
2026-09-20 08:37:04,SPHL611,PLB1,Evelyn King-Marshall,20,20,0,2026-09-20 08:48:35,2026-09-20 08:48:35.458
2026-09-20 08:37:04,SPHL611,PLH1,Evelyn King-Marshall,28,28,0,2026-09-20 08:48:35,2026-09-20 08:48:35.458
2026-09-20 08:37:04,SPHL611,PLK1,Evelyn King-Marshall,5,5,0,2026-09-20 08:48:35,2026-09-20 08:48:35.458
2026-09-20 08:37:04,SPHL612,0101,James Hagberg,15,15,0,2026-09-20 08:48:35,2026-09-20 08:48:35.611
2026-09-20 08:37:04,TLTC310,0101,Sarah Kistner,20,20,0,2026-09-20 08:48:54,2026-09-20 08:48:54.497
2026-09-20 08:37:04,TLTC333,0101,Mona Thompson,55,55,0,2026-09-20 08:48:54,2026-09-20 08:48:54.654
2026-09-20 08:37:04,TLTC333,0102,Mona Thompson,55,55,0,2026-09-20 08:48:54,2026-09-20 08:48:54.654
2026-09-20 08:37:04,TLTC333,0105,Mona Thompson,55,55,0,2026-09-20 08:48:54,2026-09-20 08:48:54.654
2026-09-20 08:37:04,URSP372,0101,Priscila Alves,20,20,0,2026-09-20 08:49:00,2026-09-20 08:49:00.475
2026-09-20 08:37:04,URSP600,0101,Kevin Nelson,25,25,0,2026-09-20 08:49:00,2026-09-20 08:49:00.630
2026-09-20 08:37:04,URSP603,0101,Dawn Jourdan,33,33,0,2026-09-20 08:49:00,2026-09-20 08:49:00.784
2026-09-20 08:37:04,URSP606,0101,Chengri Ding,15,15,0,2026-09-20 08:49:00,2026-09-20 08:49:00.934
2026-09-20 08:37:04,URSP631,0101,Hiroyuki Iseki,15,15,0,2026-09-20 08:49:01,2026-09-20 08:49:01.089
2026-09-20 08:37:04,URSP668B,0101,Eric Burnstein,20,20,0,2026-09-20 08:49:01,2026-09-20 08:49:01.290
2026-09-20 08:37:04,URSP673,0101,Riem ElZoghbi,25,25,0,2026-09-20 08:49:01,2026-09-20 08:49:01.498
2026-09-20 08:37:04,URSP688M,0101,Andrew Bernish,20,20,0,2026-09-20 08:49:01,2026-09-20 08:49:01.708
2026-09-20 08:37:04,URSP688P,0101,Sonja Ewing,15,15,0,2026-09-20 08:49:01,2026-09-20 08:49:01.879
2026-09-20 08:37:04,URSP688Y,0101,Chester Harvey,30,30,0,2026-09-20 08:49:02,2026-09-20 08:49:02.040
2026-09-20 08:37:04,URSP708,0101,Nicholas Finio,10,10,0,2026-09-20 08:49:02,2026-09-20 08:49:02.566
2026-09-20 08:37:04,URSP709,0101,Casey Dawkins,10,10,0,2026-09-20 08:49:02,2026-09-20 08:49:02.740
2026-09-20 08:37:04,URSP805,0101,Casey Dawkins,15,15,0,2026-09-20 08:49:03,2026-09-20 08:49:03.359
2026-09-20 08:37:04,USLT202,0101,Robert Chester,26,26,0,2026-09-20 08:49:04,2026-09-20 08:49:04.917
2026-09-20 08:37:04,USLT403,0101,Perla Guerrero,20,20,0,2026-09-20 08:49:05,2026-09-20 08:49:05.074
2026-09-20 08:37:04,USLT420,0101,Robert Chester,27,27,0,2026-09-20 08:49:05,2026-09-20 08:49:05.228
2026-09-20 08:37:04,USLT488,0101,Nancy Mirabal,30,30,0,2026-09-20 08:49:05,2026-09-20 08:49:05.381
2026-09-20 08:37:04,USLT498L,0101,Fernando Rios,12,12,0,2026-09-20 08:49:05,2026-09-20 08:49:05.533
2026-09-20 08:37:04,VIPS208,0102,Ken Kiger,10,10,0,2026-09-20 08:49:06,2026-09-20 08:49:06.818
2026-09-20 08:37:04,VIPS208,0103,Bryan Quinn,10,10,0,2026-09-20 08:49:06,2026-09-20 08:49:06.818
2026-09-20 08:37:04,VIPS208,0104,Ryan Sochol,10,10,0,2026-09-20 08:49:06,2026-09-20 08:49:06.818
2026-09-20 08:37:04,VIPS208,0105,Molly Carton,10,10,0,2026-09-20 08:49:06,2026-09-20 08:49:06.818
2026-09-20 08:37:04,VIPS208,0106,James Baeder,11,11,0,2026-09-20 08:49:06,2026-09-20 08:49:06.818
2026-09-20 08:37:04,VIPS208,0107,Catherine Spirito,10,10,0,2026-09-20 08:49:06,2026-09-20 08:49:06.819
2026-09-20 08:37:04,VIPS208,0108,Ronald Yaros,10,10,0,2026-09-20 08:49:06,2026-09-20 08:49:06.819
2026-09-20 08:37:04,VIPS208,0109,Carinna Ferguson,10,10,0,2026-09-20 08:49:06,2026-09-20 08:49:06.819
2026-09-20 08:37:04,VIPS208,0110,Tracy Riggins,10,10,0,2026-09-20 08:49:06,2026-09-20 08:49:06.819
2026-09-20 08:37:04,VIPS208,0111,Kevin Calabro,10,10,0,2026-09-20 08:49:06,2026-09-20 08:49:06.819
2026-09-20 08:37:04,VIPS208,0112,Raffaele Viglianti,10,10,0,2026-09-20 08:49:06,2026-09-20 08:49:06.820
2026-09-20 08:37:04,VIPS208,0113,Shabnam Jabeen,10,10,0,2026-09-20 08:49:06,2026-09-20 08:49:06.820
2026-09-20 08:37:04,VIPS208,0114,Ning Zeng,10,10,0,2026-09-20 08:49:06,2026-09-20 08:49:06.820
2026-09-20 08:37:04,VIPS208,0115,Veronica Kang,10,10,0,2026-09-20 08:49:06,2026-09-20 08:49:06.820
2026-09-20 08:37:04,VIPS208,0116,David Stewart,10,10,0,2026-09-20 08:49:06,2026-09-20 08:49:06.820
2026-09-20 08:37:04,VIPS208,0117,Meredith Epstein,10,10,0,2026-09-20 08:49:06,2026-09-20 08:49:06.820
2026-09-20 08:37:04,VIPS208,0118,Magaly Toro Ibaceta,10,10,0,2026-09-20 08:49:06,2026-09-20 08:49:06.821
2026-09-20 08:37:04,VIPS208,0120,Marisa Parham,10,10,0,2026-09-20 08:49:06,2026-09-20 08:49:06.821
2026-09-20 08:37:04,VIPS208,0121,Becky Epanchin-Niell,10,10,0,2026-09-20 08:49:06,2026-09-20 08:49:06.821
2026-09-20 08:37:04,VIPS208,0122,Timothy Reedy,10,10,0,2026-09-20 08:49:06,2026-09-20 08:49:06.821
2026-09-20 08:37:04,VIPS208,0123,Lingnan Lin,10,10,0,2026-09-20 08:49:06,2026-09-20 08:49:06.821
2026-09-20 08:37:04,VIPS208,0124,Jeffrey Moro,10,10,0,2026-09-20 08:49:06,2026-09-20 08:49:06.822
2026-09-20 08:37:04,VIPS208,0125,Peter Sunderland,10,10,0,2026-09-20 08:49:06,2026-09-20 08:49:06.822
2026-09-20 08:37:04,VIPS208,0126,Brienna Anderson,10,10,0,2026-09-20 08:49:06,2026-09-20 08:49:06.822
2026-09-20 08:37:04,VIPS308,0102,Ken Kiger,10,10,0,2026-09-20 08:49:06,2026-09-20 08:49:07.032
2026-09-20 08:37:04,VIPS308,0103,Bryan Quinn,13,13,0,2026-09-20 08:49:06,2026-09-20 08:49:07.032
2026-09-20 08:37:04,VIPS308,0104,Ryan Sochol,10,10,0,2026-09-20 08:49:06,2026-09-20 08:49:07.033
2026-09-20 08:37:04,VIPS308,0105,Molly Carton,10,10,0,2026-09-20 08:49:06,2026-09-20 08:49:07.033
2026-09-20 08:37:04,VIPS308,0106,James Baeder,10,10,0,2026-09-20 08:49:06,2026-09-20 08:49:07.033
2026-09-20 08:37:04,VIPS308,0107,Catherine Spirito,10,10,0,2026-09-20 08:49:06,2026-09-20 08:49:07.033
2026-09-20 08:37:04,VIPS308,0108,Ronald Yaros,10,10,0,2026-09-20 08:49:06,2026-09-20 08:49:07.033
2026-09-20 08:37:04,VIPS308,0109,Carinna Ferguson,10,10,0,2026-09-20 08:49:06,2026-09-20 08:49:07.033
2026-09-20 08:37:04,VIPS308,0110,Tracy Riggins,10,10,0,2026-09-20 08:49:06,2026-09-20 08:49:07.034
2026-09-20 08:37:04,VIPS308,0111,Kevin Calabro,10,10,0,2026-09-20 08:49:06,2026-09-20 08:49:07.034
2026-09-20 08:37:04,VIPS308,0112,Raffaele Viglianti,10,10,0,2026-09-20 08:49:06,2026-09-20 08:49:07.034
2026-09-20 08:37:04,VIPS308,0113,Shabnam Jabeen,10,10,0,2026-09-20 08:49:06,2026-09-20 08:49:07.034
2026-09-20 08:37:04,VIPS308,0114,Ning Zeng,10,10,0,2026-09-20 08:49:06,2026-09-20 08:49:07.034
2026-09-20 08:37:04,VIPS308,0115,Veronica Kang,10,10,0,2026-09-20 08:49:06,2026-09-20 08:49:07.035
2026-09-20 08:37:04,VIPS308,0116,David Stewart,10,10,0,2026-09-20 08:49:06,2026-09-20 08:49:07.035
2026-09-20 08:37:04,VIPS308,0117,Meredith Epstein,10,10,0,2026-09-20 08:49:06,2026-09-20 08:49:07.035
2026-09-20 08:37:04,VIPS308,0118,Magaly Toro Ibaceta,10,10,0,2026-09-20 08:49:06,2026-09-20 08:49:07.035
2026-09-20 08:37:04,VIPS308,0120,Marisa Parham,10,10,0,2026-09-20 08:49:06,2026-09-20 08:49:07.035
2026-09-20 08:37:04,VIPS308,0121,Becky Epanchin-Niell,10,10,0,2026-09-20 08:49:06,2026-09-20 08:49:07.035
2026-09-20 08:37:04,VIPS308,0122,Timothy Reedy,10,10,0,2026-09-20 08:49:06,2026-09-20 08:49:07.036
2026-09-20 08:37:04,VIPS308,0123,Lingnan Lin,10,10,0,2026-09-20 08:49:06,2026-09-20 08:49:07.036
2026-09-20 08:37:04,VIPS308,0124,Jeffrey Moro,10,10,0,2026-09-20 08:49:06,2026-09-20 08:49:07.036
2026-09-20 08:37:04,VIPS308,0125,Peter Sunderland,10,10,0,2026-09-20 08:49:06,2026-09-20 08:49:07.036
2026-09-20 08:37:04,VIPS308,0126,Brienna Anderson,10,10,0,2026-09-20 08:49:06,2026-09-20 08:49:07.036
2026-09-20 08:37:04,VIPS408,0102,Ken Kiger,10,10,0,2026-09-20 08:49:07,2026-09-20 08:49:07.240
2026-09-20 08:37:04,VIPS408,0103,Bryan Quinn,10,10,0,2026-09-20 08:49:07,2026-09-20 08:49:07.240
2026-09-20 08:37:04,VIPS408,0104,Ryan Sochol,10,10,0,2026-09-20 08:49:07,2026-09-20 08:49:07.240
2026-09-20 08:37:04,VIPS408,0105,Molly Carton,10,10,0,2026-09-20 08:49:07,2026-09-20 08:49:07.241
2026-09-20 08:37:04,VIPS408,0106,James Baeder,10,10,0,2026-09-20 08:49:07,2026-09-20 08:49:07.241
2026-09-20 08:37:04,VIPS408,0107,Catherine Spirito,10,10,0,2026-09-20 08:49:07,2026-09-20 08:49:07.241
2026-09-20 08:37:04,VIPS408,0108,Ronald Yaros,10,10,0,2026-09-20 08:49:07,2026-09-20 08:49:07.241
2026-09-20 08:37:04,VIPS408,0109,Carinna Ferguson,10,10,0,2026-09-20 08:49:07,2026-09-20 08:49:07.241
2026-09-20 08:37:04,VIPS408,0110,Tracy Riggins,10,10,0,2026-09-20 08:49:07,2026-09-20 08:49:07.241
2026-09-20 08:37:04,VIPS408,0111,Kevin Calabro,10,10,0,2026-09-20 08:49:07,2026-09-20 08:49:07.242
2026-09-20 08:37:04,VIPS408,0112,Raffaele Viglianti,10,10,0,2026-09-20 08:49:07,2026-09-20 08:49:07.242
2026-09-20 08:37:04,VIPS408,0113,Shabnam Jabeen,10,10,0,2026-09-20 08:49:07,2026-09-20 08:49:07.242
2026-09-20 08:37:04,VIPS408,0114,Ning Zeng,10,10,0,2026-09-20 08:49:07,2026-09-20 08:49:07.242
2026-09-20 08:37:04,VIPS408,0115,Veronica Kang,10,10,0,2026-09-20 08:49:07,2026-09-20 08:49:07.242
2026-09-20 08:37:04,VIPS408,0116,David Stewart,10,10,0,2026-09-20 08:49:07,2026-09-20 08:49:07.243
2026-09-20 08:37:04,VIPS408,0117,Meredith Epstein,10,10,0,2026-09-20 08:49:07,2026-09-20 08:49:07.243
2026-09-20 08:37:04,VIPS408,0118,Magaly Toro Ibaceta,10,10,0,2026-09-20 08:49:07,2026-09-20 08:49:07.243
2026-09-20 08:37:04,VIPS408,0120,Marisa Parham,10,10,0,2026-09-20 08:49:07,2026-09-20 08:49:07.243
2026-09-20 08:37:04,VIPS408,0121,Becky Epanchin-Niell,10,10,0,2026-09-20 08:49:07,2026-09-20 08:49:07.243
2026-09-20 08:37:04,VIPS408,0122,Timothy Reedy,10,10,0,2026-09-20 08:49:07,2026-09-20 08:49:07.244
2026-09-20 08:37:04,VIPS408,0123,Lingnan Lin,10,10,0,2026-09-20 08:49:07,2026-09-20 08:49:07.244
2026-09-20 08:37:04,VIPS408,0124,Jeffrey Moro,10,10,0,2026-09-20 08:49:07,2026-09-20 08:49:07.244
2026-09-20 08:37:04,VIPS408,0125,Peter Sunderland,10,10,0,2026-09-20 08:49:07,2026-09-20 08:49:07.244
2026-09-20 08:37:04,VIPS408,0126,Brienna Anderson,10,10,0,2026-09-20 08:49:07,2026-09-20 08:49:07.244
2026-09-20 08:37:04,WEID139N,0101,Denise Joseph,60,60,0,2026-09-20 08:49:10,2026-09-20 08:49:10.011
2026-09-20 08:37:04,WEID139T,0201,Taylor Togafau-Lewis,45,45,0,2026-09-20 08:49:10,2026-09-20 08:49:10.200
2026-09-20 08:37:04,WGSS105,0101,Jessica Mathiason,30,30,0,2026-09-20 08:49:11,2026-09-20 08:49:11.639
2026-09-20 08:37:04,WGSS105,0102,Jessica Mathiason,30,30,0,2026-09-20 08:49:11,2026-09-20 08:49:11.640
2026-09-20 08:37:04,WGSS105,0103,Jessica Mathiason,30,30,0,2026-09-20 08:49:11,2026-09-20 08:49:11.640
2026-09-20 08:37:04,WGSS105,0104,Jessica Mathiason,30,30,0,2026-09-20 08:49:11,2026-09-20 08:49:11.640
2026-09-20 08:37:04,WGSS115,0101,Alexis Lothian,25,25,0,2026-09-20 08:49:11,2026-09-20 08:49:11.800
2026-09-20 08:37:04,WGSS115,0102,Alexis Lothian,25,25,0,2026-09-20 08:49:11,2026-09-20 08:49:11.800
2026-09-20 08:37:04,WGSS201,0101,Sayan Bhattacharya,25,25,0,2026-09-20 08:49:11,2026-09-20 08:49:11.956
2026-09-20 08:37:04,WGSS201,0102,Sayan Bhattacharya,25,25,0,2026-09-20 08:49:11,2026-09-20 08:49:11.956
2026-09-20 08:37:04,WGSS205,0101,Shelbi Meissner,21,21,0,2026-09-20 08:49:12,2026-09-20 08:49:12.117
2026-09-20 08:37:04,WGSS205,0201,Shelbi Meissner,21,21,0,2026-09-20 08:49:12,2026-09-20 08:49:12.117
2026-09-20 08:37:04,WGSS230,0101,Daniel Richter,20,20,0,2026-09-20 08:49:12,2026-09-20 08:49:12.275
2026-09-20 08:37:04,WGSS250,0101,Lidia Garcia Berrelleza,25,25,0,2026-09-20 08:49:12,2026-09-20 08:49:12.429
2026-09-20 08:37:04,WGSS250,0201,Shameem Razack,25,25,0,2026-09-20 08:49:12,2026-09-20 08:49:12.429
2026-09-20 08:37:04,WGSS255,0101,Instructor: TBA,30,30,0,2026-09-20 08:49:12,2026-09-20 08:49:12.583
2026-09-20 08:37:04,WGSS265,0101,Ashley Newby,40,40,0,2026-09-20 08:49:12,2026-09-20 08:49:12.738
2026-09-20 08:37:04,WGSS275,0101,Instructor: TBA,30,30,0,2026-09-20 08:49:12,2026-09-20 08:49:12.892
2026-09-20 08:37:04,WGSS280,0101,Jessica Mathiason,52,52,0,2026-09-20 08:49:13,2026-09-20 08:49:13.046
2026-09-20 08:37:04,WGSS290,0101,Jessica Mathiason,30,30,0,2026-09-20 08:49:13,2026-09-20 08:49:13.200
2026-09-20 08:37:04,WGSS290,0201,Sydney Lewis,31,31,0,2026-09-20 08:49:13,2026-09-20 08:49:13.200
2026-09-20 08:37:04,WGSS298C,0101,Will Mosley,35,35,0,2026-09-20 08:49:13,2026-09-20 08:49:13.351
2026-09-20 08:37:04,WGSS298S,0101,Jordan Keesler,25,25,0,2026-09-20 08:49:13,2026-09-20 08:49:13.546
2026-09-20 08:37:04,WGSS302,0101,Will Mosley,25,25,0,2026-09-20 08:49:13,2026-09-20 08:49:13.715
2026-09-20 08:37:04,WGSS306,0101,Sydney Lewis,30,30,0,2026-09-20 08:49:13,2026-09-20 08:49:13.874
2026-09-20 08:37:04,WGSS310,0101,Sayan Bhattacharya,25,25,0,2026-09-20 08:49:14,2026-09-20 08:49:14.026
2026-09-20 08:37:04,WGSS319F,0101,Alexis Lothian,30,30,0,2026-09-20 08:49:14,2026-09-20 08:49:14.180
2026-09-20 08:37:04,WGSS379U,0101,John Drabinski,25,25,0,2026-09-20 08:49:14,2026-09-20 08:49:14.329
2026-09-20 08:37:04,WGSS422,0101,Jennifer Cho,18,18,0,2026-09-20 08:49:14,2026-09-20 08:49:14.502
2026-09-20 08:37:04,WGSS471,0101,Instructor: TBA,25,25,0,2026-09-20 08:49:14,2026-09-20 08:49:14.657
2026-09-20 08:37:04,WGSS471,0201,Instructor: TBA,45,45,0,2026-09-20 08:49:14,2026-09-20 08:49:14.657
2026-09-20 08:37:04,WGSS475,0101,Sydney Lewis,20,20,0,2026-09-20 08:49:14,2026-09-20 08:49:14.817
2026-09-20 08:37:04,WGSS487,0101,Eva Hageman,15,15,0,2026-09-20 08:49:14,2026-09-20 08:49:14.973
2026-09-20 08:37:04,WGSS487H,0101,Eva Hageman,5,5,0,2026-09-20 08:49:15,2026-09-20 08:49:15.128
2026-09-20 08:37:04,WGSS602,0101,Shelbi Meissner,12,12,0,2026-09-20 08:49:15,2026-09-20 08:49:15.721
2026-09-20 08:37:04,WGSS708,0101,Alexis Lothian,10,10,0,2026-09-20 08:49:16,2026-09-20 08:49:16.168
2026-09-20 08:37:04,XPER455,0101,TJ Rainsford,25,25,0,2026-09-20 08:49:17,2026-09-20 08:49:17.861
2026-09-20 12:28:11,AAAS100,0101,Shane Walsh,35,35,0,2026-09-20 12:28:13,2026-09-20 12:28:13.685
2026-09-20 12:28:11,AAAS100,0201,Shane Walsh,35,35,0,2026-09-20 12:28:13,2026-09-20 12:28:13.685
2026-09-20 12:28:11,AAAS100,0301,George Kintiba,30,30,0,2026-09-20 12:28:13,2026-09-20 12:28:13.685
2026-09-20 12:28:11,AAAS100,0401,Beka Guluma,35,35,0,2026-09-20 12:28:13,2026-09-20 12:28:13.685
2026-09-20 12:28:11,AAAS100,0501,Jason Nichols,33,33,0,2026-09-20 12:28:13,2026-09-20 12:28:13.685
2026-09-20 12:28:11,AAAS100,0601,Jason Nichols,35,35,0,2026-09-20 12:28:13,2026-09-20 12:28:13.685
2026-09-20 12:28:11,AAAS100H,0301,George Kintiba,5,5,0,2026-09-20 12:28:13,2026-09-20 12:28:13.940
2026-09-20 12:28:11,AAAS101,0101,Periloux Peay,40,40,0,2026-09-20 12:28:14,2026-09-20 12:28:14.181
2026-09-20 12:28:11,AAAS187,0101,Robert Choflet,30,30,0,2026-09-20 12:28:14,2026-09-20 12:28:14.585
2026-09-20 12:28:11,AAAS200,0101,George Kintiba,40,40,0,2026-09-20 12:28:15,2026-09-20 12:28:15.166
2026-09-20 12:28:11,AAAS202,0101,Robert Choflet,30,30,0,2026-09-20 12:28:15,2026-09-20 12:28:15.448
2026-09-20 12:28:11,AAAS202,0201,Angelica Dunbar,35,35,0,2026-09-20 12:28:15,2026-09-20 12:28:15.448
2026-09-20 12:28:11,AAAS202,0301,Angelica Dunbar,35,35,0,2026-09-20 12:28:15,2026-09-20 12:28:15.448
2026-09-20 12:28:11,AAAS202,0401,Robert Choflet,35,35,0,2026-09-20 12:28:15,2026-09-20 12:28:15.448
2026-09-20 12:28:11,AAAS202H,0101,Robert Choflet,5,5,0,2026-09-20 12:28:15,2026-09-20 12:28:15.839
2026-09-20 12:28:11,AAAS211,0101,Shane Walsh,120,120,0,2026-09-20 12:28:16,2026-09-20 12:28:16.520
2026-09-20 12:28:11,AAAS234,0101,Instructor: TBA,30,30,0,2026-09-20 12:28:16,2026-09-20 12:28:16.792
2026-09-20 12:28:11,AAAS255,0101,Leigh Soares,40,40,0,2026-09-20 12:28:17,2026-09-20 12:28:17.534
2026-09-20 12:28:11,AAAS265,0101,Ashley Newby,40,40,0,2026-09-20 12:28:17,2026-09-20 12:28:17.781
2026-09-20 12:28:11,AAAS320,0101,Cecily Jackson,25,25,0,2026-09-20 12:28:18,2026-09-20 12:28:18.393
2026-09-20 12:28:11,AAAS320,0201,Cecily Jackson,25,25,0,2026-09-20 12:28:18,2026-09-20 12:28:18.393
2026-09-20 12:28:11,AAAS386,0101,Marshal Washington,10,10,0,2026-09-20 12:28:18,2026-09-20 12:28:18.642
2026-09-20 12:28:11,AAAS398G,0101,Chinyere Osuji,20,20,0,2026-09-20 12:28:18,2026-09-20 12:28:18.922
2026-09-20 12:28:11,AAAS398U,0101,John Drabinski,25,25,0,2026-09-20 12:28:19,2026-09-20 12:28:19.766
2026-09-20 12:28:11,AAAS400,0101,George Kintiba,20,20,0,2026-09-20 12:28:20,2026-09-20 12:28:20.354
2026-09-20 12:28:11,AAAS400H,0101,George Kintiba,5,5,0,2026-09-20 12:28:20,2026-09-20 12:28:20.728
2026-09-20 12:28:11,AAAS490,0101,Paul Landau,18,18,0,2026-09-20 12:28:20,2026-09-20 12:28:20.982
2026-09-20 12:28:11,AAAS498X,0101,Terrill Taylor,40,40,0,2026-09-20 12:28:21,2026-09-20 12:28:21.228
2026-09-20 12:28:11,AAST200,0101,Jennifer Cho,34,34,0,2026-09-20 12:28:23,2026-09-20 12:28:23.230
2026-09-20 12:28:11,AAST201,0101,Madeline Hsu,40,40,0,2026-09-20 12:28:23,2026-09-20 12:28:23.489
2026-09-20 12:28:11,AAST250,0101,Jennifer Cho,30,30,0,2026-09-20 12:28:23,2026-09-20 12:28:23.884
2026-09-20 12:28:11,AAST262,0101,Derek Iwamoto,60,60,0,2026-09-20 12:28:24,2026-09-20 12:28:24.163
2026-09-20 12:28:11,AAST322,0101,Julie Park,30,30,0,2026-09-20 12:28:24,2026-09-20 12:28:24.422
2026-09-20 12:28:11,AAST350,0101,Binod Paudyal,25,25,0,2026-09-20 12:28:24,2026-09-20 12:28:24.668
2026-09-20 12:28:11,AAST351,0101,Binod Paudyal,34,34,0,2026-09-20 12:28:24,2026-09-20 12:28:24.914
2026-09-20 12:28:11,AAST363,0101,Gemirald Daus,35,35,0,2026-09-20 12:28:25,2026-09-20 12:28:25.174
2026-09-20 12:28:11,AAST378,0101,Janelle Wong,2,2,0,2026-09-20 12:28:25,2026-09-20 12:28:25.418
2026-09-20 12:28:11,AAST394,0101,Wenxi Yang,25,25,0,2026-09-20 12:28:26,2026-09-20 12:28:26.471
2026-09-20 12:28:11,AAST398A,0101,Michelle Magalong,20,20,0,2026-09-20 12:28:26,2026-09-20 12:28:26.760
2026-09-20 12:28:11,AAST398B,0101,Chris Eng,25,25,0,2026-09-20 12:28:27,2026-09-20 12:28:27.033
2026-09-20 12:28:11,AAST421,0101,Philip Nash,20,20,0,2026-09-20 12:28:27,2026-09-20 12:28:27.299
2026-09-20 12:28:11,AAST422,0101,Jennifer Cho,18,18,0,2026-09-20 12:28:27,2026-09-20 12:28:27.668
2026-09-20 12:28:11,AAST443,0101,Janelle Wong,27,27,0,2026-09-20 12:28:28,2026-09-20 12:28:28.034
2026-09-20 12:28:11,ABRM450,0101,Ashley Newby,10,10,0,2026-09-20 12:28:29,2026-09-20 12:28:29.445
2026-09-20 12:28:11,AGNR301,0101,Thomas Hilde,150,150,0,2026-09-20 12:28:30,2026-09-20 12:28:30.831
2026-09-20 12:28:11,AGNR388,0101,Instructor: TBA,20,20,0,2026-09-20 12:28:31,2026-09-20 12:28:31.110
2026-09-20 12:28:11,AIME498B,0101,Kevin McGarry,30,30,0,2026-09-20 12:28:34,2026-09-20 12:28:34.745
2026-09-20 12:28:11,ARAB101,0101,Samah Al-salami,15,15,0,2026-09-20 12:29:09,2026-09-20 12:29:09.989
2026-09-20 12:28:11,ARAB101,0201,Ahmed Hanafy,15,15,0,2026-09-20 12:29:09,2026-09-20 12:29:09.989
2026-09-20 12:28:11,ARAB102,0101,Samah Al-salami,15,15,0,2026-09-20 12:29:10,2026-09-20 12:29:10.234
2026-09-20 12:28:11,ARAB102,0201,Samah Al-salami,15,15,0,2026-09-20 12:29:10,2026-09-20 12:29:10.235
2026-09-20 12:28:11,ARAB201,0101,Lutf Alkebsi,15,15,0,2026-09-20 12:29:10,2026-09-20 12:29:10.468
2026-09-20 12:28:11,ARAB202,0101,Lutf Alkebsi,15,15,0,2026-09-20 12:29:10,2026-09-20 12:29:10.750
2026-09-20 12:28:11,ARAB202,0201,Lutf Alkebsi,15,15,0,2026-09-20 12:29:10,2026-09-20 12:29:10.750
2026-09-20 12:28:11,ARAB222,0101,Ahmed Hanafy,15,15,0,2026-09-20 12:29:11,2026-09-20 12:29:11.004
2026-09-20 12:28:11,ARAB250,0101,Anny Gaul,15,15,0,2026-09-20 12:29:11,2026-09-20 12:29:11.269
2026-09-20 12:28:11,ARAB302,0101,Ahmed Hanafy,15,15,0,2026-09-20 12:29:11,2026-09-20 12:29:11.512
2026-09-20 12:28:11,ARAB317,0101,Anny Gaul,15,15,0,2026-09-20 12:29:11,2026-09-20 12:29:11.771
2026-09-20 12:28:11,ARAB398W,0101,Lutf Alkebsi,15,15,0,2026-09-20 12:29:12,2026-09-20 12:29:12.273
2026-09-20 12:28:11,ARAB499X,0101,Samah Al-salami,15,15,0,2026-09-20 12:29:12,2026-09-20 12:29:12.832
2026-09-20 12:28:11,ARCH170,0101,Lindsey May,100,100,0,2026-09-20 12:29:14,2026-09-20 12:29:14.466
2026-09-20 12:28:11,ARCH200,0101,Michael Abrams,21,21,0,2026-09-20 12:29:14,2026-09-20 12:29:14.759
2026-09-20 12:28:11,ARCH200,0102,Michael Abrams,21,21,0,2026-09-20 12:29:14,2026-09-20 12:29:14.760
2026-09-20 12:28:11,ARCH200,0103,Michael Abrams,21,21,0,2026-09-20 12:29:14,2026-09-20 12:29:14.760
2026-09-20 12:28:11,ARCH200,0104,Michael Abrams,21,21,0,2026-09-20 12:29:14,2026-09-20 12:29:14.760
2026-09-20 12:28:11,ARCH200,0105,Michael Abrams,21,21,0,2026-09-20 12:29:14,2026-09-20 12:29:14.760
2026-09-20 12:28:11,ARCH200,0106,Michael Abrams,21,21,0,2026-09-20 12:29:14,2026-09-20 12:29:14.760
2026-09-20 12:28:11,ARCH225,0101,Joseph Williams,125,125,0,2026-09-20 12:29:15,2026-09-20 12:29:15.011
2026-09-20 12:28:11,ARCH271,0101,Wayne Ricardo Curtis,75,75,0,2026-09-20 12:29:15,2026-09-20 12:29:15.290
2026-09-20 12:28:11,ARCH271,0102,Wayne Ricardo Curtis,75,75,0,2026-09-20 12:29:15,2026-09-20 12:29:15.290
2026-09-20 12:28:11,ARCH386,0101,Kristen Stack,10,10,0,2026-09-20 12:29:15,2026-09-20 12:29:15.534
2026-09-20 12:28:11,ARCH400,0101,Kenneth Filler,75,75,0,2026-09-20 12:29:15,2026-09-20 12:29:15.790
2026-09-20 12:28:11,ARCH400,0201,Marcus Cross,60,60,0,2026-09-20 12:29:15,2026-09-20 12:29:15.790
2026-09-20 12:28:11,ARCH402,0101,Taejun James Kim,75,75,0,2026-09-20 12:29:16,2026-09-20 12:29:16.035
2026-09-20 12:28:11,ARCH405,0101,Brittany L Williams,14,14,0,2026-09-20 12:29:16,2026-09-20 12:29:16.283
2026-09-20 12:28:11,ARCH407,0101,Georgeanne Matthews,12,12,0,2026-09-20 12:29:16,2026-09-20 12:29:16.543
2026-09-20 12:28:11,ARCH408A,0101,Daniel Curry,5,5,0,2026-09-20 12:29:16,2026-09-20 12:29:16.772
2026-09-20 12:28:11,ARCH408C,0101,Edgar Alvarado,5,5,0,2026-09-20 12:29:17,2026-09-20 12:29:17.009
2026-09-20 12:28:11,ARCH418D,0101,Hooman Koliji,30,30,0,2026-09-20 12:29:17,2026-09-20 12:29:17.282
2026-09-20 12:28:11,ARCH418G,0101,Deokoh Woo,16,16,0,2026-09-20 12:29:17,2026-09-20 12:29:17.524
2026-09-20 12:28:11,ARCH418I,0101,Michael Kleiss,16,16,0,2026-09-20 12:29:17,2026-09-20 12:29:17.798
2026-09-20 12:28:11,ARCH420,0101,Caroline Hickman,30,30,0,2026-09-20 12:29:18,2026-09-20 12:29:18.038
2026-09-20 12:28:11,ARCH423,0101,Joseph Williams,30,30,0,2026-09-20 12:29:18,2026-09-20 12:29:18.305
2026-09-20 12:28:11,ARCH425,0101,Joseph Williams,10,10,0,2026-09-20 12:29:18,2026-09-20 12:29:18.607
2026-09-20 12:28:11,ARCH428F,0101,Matthew Bell,20,20,0,2026-09-20 12:29:18,2026-09-20 12:29:18.861
2026-09-20 12:28:11,ARCH428K,0101,Michele Lamprakos,26,26,0,2026-09-20 12:29:19,2026-09-20 12:29:19.103
2026-09-20 12:28:11,ARCH445,0101,Daniel Curry,15,15,0,2026-09-20 12:29:19,2026-09-20 12:29:19.344
2026-09-20 12:28:11,ARCH463,0101,Deokoh Woo,150,150,0,2026-09-20 12:29:19,2026-09-20 12:29:19.595
2026-09-20 12:28:11,ARCH465,0101,Michael Kleiss,80,80,0,2026-09-20 12:29:19,2026-09-20 12:29:19.859
2026-09-20 12:28:11,ARCH468I,0101,Hooman Koliji,26,26,0,2026-09-20 12:29:20,2026-09-20 12:29:20.112
2026-09-20 12:28:11,ARCH468P,0101,Hooman Koliji,26,26,0,2026-09-20 12:29:20,2026-09-20 12:29:20.383
2026-09-20 12:28:11,ARCH472,0101,Kiley Wilfong Cullen,24,24,0,2026-09-20 12:29:20,2026-09-20 12:29:20.630
2026-09-20 12:28:11,ARCH478L,0101,Michele Lamprakos,10,10,0,2026-09-20 12:29:20,2026-09-20 12:29:20.880
2026-09-20 12:28:11,ARCH478O,0101,Stefan Woehlke,20,20,0,2026-09-20 12:29:21,2026-09-20 12:29:21.154
2026-09-20 12:28:11,ARCH601,0101,Peter Noonan,20,20,0,2026-09-20 12:29:21,2026-09-20 12:29:21.426
2026-09-20 12:28:11,ARCH618G,0101,Deokoh Woo,4,4,0,2026-09-20 12:29:21,2026-09-20 12:29:21.712
2026-09-20 12:28:11,ARCH618I,0101,Michael Kleiss,4,4,0,2026-09-20 12:29:21,2026-09-20 12:29:21.971
2026-09-20 12:28:11,ARCH628K,0101,Michele Lamprakos,4,4,0,2026-09-20 12:29:22,2026-09-20 12:29:22.229
2026-09-20 12:28:11,ARCH635,0101,Matthew Bell,15,15,0,2026-09-20 12:29:22,2026-09-20 12:29:22.497
2026-09-20 12:28:11,ARCH654,0101,Anatole Tchikine,35,35,0,2026-09-20 12:29:22,2026-09-20 12:29:22.749
2026-09-20 12:28:11,ARCH658I,0101,Sonja Ewing,15,15,0,2026-09-20 12:29:23,2026-09-20 12:29:23.013
2026-09-20 12:28:11,ARCH668I,0101,Hooman Koliji,4,4,0,2026-09-20 12:29:23,2026-09-20 12:29:23.267
2026-09-20 12:28:11,ARCH668P,0101,Hooman Koliji,4,4,0,2026-09-20 12:29:23,2026-09-20 12:29:23.503
2026-09-20 12:28:11,ARCH678L,0101,Michele Lamprakos,10,10,0,2026-09-20 12:29:23,2026-09-20 12:29:23.775
2026-09-20 12:28:11,ARCH678O,0101,Stefan Woehlke,5,5,0,2026-09-20 12:29:24,2026-09-20 12:29:24.005
2026-09-20 12:28:11,ARCH797,0101,Hooman Koliji,15,15,0,2026-09-20 12:29:24,2026-09-20 12:29:24.239
2026-09-20 12:28:11,ARMY105,0101,Andrew Bischoff,60,60,0,2026-09-20 12:29:39,2026-09-20 12:29:39.042
2026-09-20 12:28:11,ARMY105,0102,Andrew Bischoff,60,60,0,2026-09-20 12:29:39,2026-09-20 12:29:39.042
2026-09-20 12:28:11,ARMY110,0101,Andrew Bischoff,40,40,0,2026-09-20 12:29:39,2026-09-20 12:29:39.310
2026-09-20 12:28:11,ARMY202,0102,Andrew Bischoff,60,60,0,2026-09-20 12:29:39,2026-09-20 12:29:39.567
2026-09-20 12:28:11,ARMY302,0101,Andrew Bischoff,40,40,0,2026-09-20 12:29:39,2026-09-20 12:29:39.837
2026-09-20 12:28:11,ARMY402,0101,Andrew Bischoff,30,30,0,2026-09-20 12:29:40,2026-09-20 12:29:40.108
2026-09-20 12:28:11,ARMY402,0102,Andrew Bischoff,100,100,0,2026-09-20 12:29:40,2026-09-20 12:29:40.109
2026-09-20 12:28:11,ARSC059,0101,Kathryn Love,250,250,0,2026-09-20 12:29:41,2026-09-20 12:29:41.586
2026-09-20 12:28:11,ARSC101,0101,Alan Snyder,50,50,0,2026-09-20 12:29:41,2026-09-20 12:29:41.882
2026-09-20 12:28:11,ARSC101,0102,Alan Snyder,65,65,0,2026-09-20 12:29:41,2026-09-20 12:29:41.882
2026-09-20 12:28:11,ARSC101,0103,Alan Snyder,40,40,0,2026-09-20 12:29:41,2026-09-20 12:29:41.882
2026-09-20 12:28:11,ARSC101,0104,Alan Snyder,10,10,0,2026-09-20 12:29:41,2026-09-20 12:29:41.882
2026-09-20 12:28:11,ARSC201,0101,Nathan Rabe,65,65,0,2026-09-20 12:29:42,2026-09-20 12:29:42.160
2026-09-20 12:28:11,ARSC201,0102,Kathleen West,40,40,0,2026-09-20 12:29:42,2026-09-20 12:29:42.160
2026-09-20 12:28:11,ARSC201,0103,Kathleen West,40,40,0,2026-09-20 12:29:42,2026-09-20 12:29:42.161
2026-09-20 12:28:11,ARSC301,0101,Kathryn Love,45,45,0,2026-09-20 12:29:42,2026-09-20 12:29:42.411
2026-09-20 12:28:11,ARSC301,0102,Kathryn Love,20,20,0,2026-09-20 12:29:42,2026-09-20 12:29:42.411
2026-09-20 12:28:11,ARSC401,0101,Joseph Herwatic,30,30,0,2026-09-20 12:29:42,2026-09-20 12:29:42.685
2026-09-20 12:28:11,ARSC401,0102,Joseph Herwatic,15,15,0,2026-09-20 12:29:42,2026-09-20 12:29:42.685
2026-09-20 12:28:11,BIOM301,0101,Christine Hakenkamp,28,28,0,2026-09-20 12:30:32,2026-09-20 12:30:32.999
2026-09-20 12:28:11,BIOM301,0102,Christine Hakenkamp,28,28,0,2026-09-20 12:30:32,2026-09-20 12:30:32.999
2026-09-20 12:28:11,BIOM301,0103,Christine Hakenkamp,28,28,0,2026-09-20 12:30:32,2026-09-20 12:30:32.999
2026-09-20 12:28:11,BIOM301,0104,Christine Hakenkamp,28,28,0,2026-09-20 12:30:32,2026-09-20 12:30:32.999
2026-09-20 12:28:11,BIOM301,0105,Christine Hakenkamp,28,28,0,2026-09-20 12:30:32,2026-09-20 12:30:32.999
2026-09-20 12:28:11,BIOM301,0106,Christine Hakenkamp,28,28,0,2026-09-20 12:30:32,2026-09-20 12:30:33.000
2026-09-20 12:28:11,BIOM301,0107,Christine Hakenkamp,28,28,0,2026-09-20 12:30:32,2026-09-20 12:30:33.000
2026-09-20 12:28:11,BIOM301,0201,Instructor: TBA,28,28,0,2026-09-20 12:30:32,2026-09-20 12:30:33.000
2026-09-20 12:28:11,BIOM602,0101,Jiuzhou Song,28,28,0,2026-09-20 12:30:33,2026-09-20 12:30:33.252
2026-09-20 12:28:11,BMIN210,0101,Darlene Dennison,162,162,0,2026-09-20 12:30:57,2026-09-20 12:30:57.566
2026-09-20 12:28:11,BMIN210,0201,Darlene Dennison,162,162,0,2026-09-20 12:30:57,2026-09-20 12:30:57.566
2026-09-20 12:28:11,BMIN305,0101,Tejwansh Anand,162,162,0,2026-09-20 12:30:57,2026-09-20 12:30:57.860
2026-09-20 12:28:11,BMIN345,0101,Michael Padhi,325,325,0,2026-09-20 12:30:58,2026-09-20 12:30:58.111
2026-09-20 12:28:11,BMIN355,0101,Idil Yaveroglu,162,162,0,2026-09-20 12:30:58,2026-09-20 12:30:58.377
2026-09-20 12:28:11,BMIN355,0201,Idil Yaveroglu,162,162,0,2026-09-20 12:30:58,2026-09-20 12:30:58.378
2026-09-20 12:28:11,BMIN375,0101,Leland Gardner,162,162,0,2026-09-20 12:30:58,2026-09-20 12:30:58.651
2026-09-20 12:28:11,BMIN395,0101,Nima Farshchi,162,162,0,2026-09-20 12:30:58,2026-09-20 12:30:58.910
2026-09-20 12:28:11,BMIN395,0201,Nima Farshchi,162,162,0,2026-09-20 12:30:58,2026-09-20 12:30:58.910
2026-09-20 12:28:11,BSCI103,1100,Instructor: TBA,24,24,0,2026-09-20 12:31:02,2026-09-20 12:31:02.865
2026-09-20 12:28:11,BSCI103,1101,Instructor: TBA,24,24,0,2026-09-20 12:31:02,2026-09-20 12:31:02.865
2026-09-20 12:28:11,BSCI103,1103,Instructor: TBA,24,24,0,2026-09-20 12:31:02,2026-09-20 12:31:02.865
2026-09-20 12:28:11,BSCI103,1105,Instructor: TBA,24,24,0,2026-09-20 12:31:02,2026-09-20 12:31:02.866
2026-09-20 12:28:11,BSCI103,1107,Instructor: TBA,24,24,0,2026-09-20 12:31:02,2026-09-20 12:31:02.866
2026-09-20 12:28:11,BSCI103,1108,Instructor: TBA,24,24,0,2026-09-20 12:31:02,2026-09-20 12:31:02.866
2026-09-20 12:28:11,BSCI103,1109,Instructor: TBA,24,24,0,2026-09-20 12:31:02,2026-09-20 12:31:02.866
2026-09-20 12:28:11,BSCI103,1110,Instructor: TBA,24,24,0,2026-09-20 12:31:02,2026-09-20 12:31:02.866
2026-09-20 12:28:11,BSCI103M,0101,Instructor: TBA,24,24,0,2026-09-20 12:31:03,2026-09-20 12:31:03.131
2026-09-20 12:28:11,BSCI120,0101,Dennis vanEngelsdorp,21,21,0,2026-09-20 12:31:03,2026-09-20 12:31:03.408
2026-09-20 12:28:11,BSCI120,0102,Dennis vanEngelsdorp,21,21,0,2026-09-20 12:31:03,2026-09-20 12:31:03.408
2026-09-20 12:28:11,BSCI135,1101,Edgar Moctezuma,24,24,0,2026-09-20 12:31:03,2026-09-20 12:31:03.660
2026-09-20 12:28:11,BSCI135,1102,Edgar Moctezuma,24,24,0,2026-09-20 12:31:03,2026-09-20 12:31:03.660
2026-09-20 12:28:11,BSCI135,1103,Edgar Moctezuma,24,24,0,2026-09-20 12:31:03,2026-09-20 12:31:03.660
2026-09-20 12:28:11,BSCI135,1104,Edgar Moctezuma,24,24,0,2026-09-20 12:31:03,2026-09-20 12:31:03.660
2026-09-20 12:28:11,BSCI135,1105,Edgar Moctezuma,24,24,0,2026-09-20 12:31:03,2026-09-20 12:31:03.660
2026-09-20 12:28:11,BSCI160,6101,Leo Shapiro,104,104,0,2026-09-20 12:31:03,2026-09-20 12:31:03.908
2026-09-20 12:28:11,BSCI160,6301,Chloe Garfinkel,56,56,0,2026-09-20 12:31:03,2026-09-20 12:31:03.908
2026-09-20 12:28:11,BSCI160,6601,Vadim Karatayev,88,88,0,2026-09-20 12:31:03,2026-09-20 12:31:03.908
2026-09-20 12:28:11,BSCI160,SES1,Chloe Garfinkel,15,15,0,2026-09-20 12:31:03,2026-09-20 12:31:03.908
2026-09-20 12:28:11,BSCI170,0101,Cordelia Weiss,153,153,0,2026-09-20 12:31:04,2026-09-20 12:31:04.207
2026-09-20 12:28:11,BSCI170,0201,Nicholas Fletcher,153,153,0,2026-09-20 12:31:04,2026-09-20 12:31:04.207
2026-09-20 12:28:11,BSCI170,0301,Ricardo Araneda,152,152,0,2026-09-20 12:31:04,2026-09-20 12:31:04.207
2026-09-20 12:28:11,BSCI170,0401,Swarna Mohan,153,153,0,2026-09-20 12:31:04,2026-09-20 12:31:04.207
2026-09-20 12:28:11,BSCI170,0501,Ji Young Choi,120,120,0,2026-09-20 12:31:04,2026-09-20 12:31:04.207
2026-09-20 12:28:11,BSCI170,0701,Ji Young Choi,153,153,0,2026-09-20 12:31:04,2026-09-20 12:31:04.207
2026-09-20 12:28:11,BSCI170,SES1,James Sniezek,20,20,0,2026-09-20 12:31:04,2026-09-20 12:31:04.207
2026-09-20 12:28:11,BSCI180,8105,Hans Lemke,19,19,0,2026-09-20 12:31:04,2026-09-20 12:31:04.581
2026-09-20 12:28:11,BSCI180,8106,Swarna Mohan,19,19,0,2026-09-20 12:31:04,2026-09-20 12:31:04.582
2026-09-20 12:28:11,BSCI180,8107,Hans Lemke,19,19,0,2026-09-20 12:31:04,2026-09-20 12:31:04.582
2026-09-20 12:28:11,BSCI180,8108,Hans Lemke,19,19,0,2026-09-20 12:31:04,2026-09-20 12:31:04.582
2026-09-20 12:28:11,BSCI180,8109,Swarna Mohan,19,19,0,2026-09-20 12:31:04,2026-09-20 12:31:04.582
2026-09-20 12:28:11,BSCI180,8110,Hans Lemke,19,19,0,2026-09-20 12:31:04,2026-09-20 12:31:04.582
2026-09-20 12:28:11,BSCI180,8111,Hans Lemke,19,19,0,2026-09-20 12:31:04,2026-09-20 12:31:04.582
2026-09-20 12:28:11,BSCI180,8112,Hans Lemke,19,19,0,2026-09-20 12:31:04,2026-09-20 12:31:04.582
2026-09-20 12:28:11,BSCI180,8113,Hans Lemke,19,19,0,2026-09-20 12:31:04,2026-09-20 12:31:04.582
2026-09-20 12:28:11,BSCI180,8114,Hans Lemke,19,19,0,2026-09-20 12:31:04,2026-09-20 12:31:04.582
2026-09-20 12:28:11,BSCI180,8201,Swarna Mohan,19,19,0,2026-09-20 12:31:04,2026-09-20 12:31:04.582
2026-09-20 12:28:11,BSCI180,8202,Hans Lemke,19,19,0,2026-09-20 12:31:04,2026-09-20 12:31:04.583
2026-09-20 12:28:11,BSCI180,8205,Hans Lemke,19,19,0,2026-09-20 12:31:04,2026-09-20 12:31:04.583
2026-09-20 12:28:11,BSCI180,8206,Hans Lemke,19,19,0,2026-09-20 12:31:04,2026-09-20 12:31:04.583
2026-09-20 12:28:11,BSCI180,8207,Hans Lemke,19,19,0,2026-09-20 12:31:04,2026-09-20 12:31:04.583
2026-09-20 12:28:11,BSCI180,8208,Swarna Mohan,19,19,0,2026-09-20 12:31:04,2026-09-20 12:31:04.583
2026-09-20 12:28:11,BSCI180,8209,Swarna Mohan,19,19,0,2026-09-20 12:31:04,2026-09-20 12:31:04.583
2026-09-20 12:28:11,BSCI180,8210,Hans Lemke,19,19,0,2026-09-20 12:31:04,2026-09-20 12:31:04.583
2026-09-20 12:28:11,BSCI180,8211,Swarna Mohan,19,19,0,2026-09-20 12:31:04,2026-09-20 12:31:04.583
2026-09-20 12:28:11,BSCI180,8212,Hans Lemke,19,19,0,2026-09-20 12:31:04,2026-09-20 12:31:04.583
2026-09-20 12:28:11,BSCI180,8213,Hans Lemke,19,19,0,2026-09-20 12:31:04,2026-09-20 12:31:04.583
2026-09-20 12:28:11,BSCI180,8214,Hans Lemke,19,19,0,2026-09-20 12:31:04,2026-09-20 12:31:04.583
2026-09-20 12:28:11,BSCI180,8301,Hans Lemke,19,19,0,2026-09-20 12:31:04,2026-09-20 12:31:04.584
2026-09-20 12:28:11,BSCI180,8302,Hans Lemke,19,19,0,2026-09-20 12:31:04,2026-09-20 12:31:04.584
2026-09-20 12:28:11,BSCI180,8305,Hans Lemke,19,19,0,2026-09-20 12:31:04,2026-09-20 12:31:04.584
2026-09-20 12:28:11,BSCI180,8306,Hans Lemke,19,19,0,2026-09-20 12:31:04,2026-09-20 12:31:04.584
2026-09-20 12:28:11,BSCI180,8307,Swarna Mohan,19,19,0,2026-09-20 12:31:04,2026-09-20 12:31:04.584
2026-09-20 12:28:11,BSCI180,8308,Hans Lemke,19,19,0,2026-09-20 12:31:04,2026-09-20 12:31:04.584
2026-09-20 12:28:11,BSCI180,8309,Hans Lemke,19,19,0,2026-09-20 12:31:04,2026-09-20 12:31:04.584
2026-09-20 12:28:11,BSCI180,8310,Swarna Mohan,19,19,0,2026-09-20 12:31:04,2026-09-20 12:31:04.584
2026-09-20 12:28:11,BSCI180,8311,Hans Lemke,19,19,0,2026-09-20 12:31:04,2026-09-20 12:31:04.584
2026-09-20 12:28:11,BSCI180,8312,Hans Lemke,19,19,0,2026-09-20 12:31:04,2026-09-20 12:31:04.584
2026-09-20 12:28:11,BSCI180,8313,Hans Lemke,19,19,0,2026-09-20 12:31:04,2026-09-20 12:31:04.584
2026-09-20 12:28:11,BSCI180,8314,Hans Lemke,19,19,0,2026-09-20 12:31:04,2026-09-20 12:31:04.585
2026-09-20 12:28:11,BSCI180,8401,Hans Lemke,19,19,0,2026-09-20 12:31:04,2026-09-20 12:31:04.585
2026-09-20 12:28:11,BSCI180,8402,Hans Lemke,19,19,0,2026-09-20 12:31:04,2026-09-20 12:31:04.585
2026-09-20 12:28:11,BSCI180,8405,Hans Lemke,19,19,0,2026-09-20 12:31:04,2026-09-20 12:31:04.585
2026-09-20 12:28:11,BSCI180,8406,Swarna Mohan,19,19,0,2026-09-20 12:31:04,2026-09-20 12:31:04.585
2026-09-20 12:28:11,BSCI180,8407,Hans Lemke,19,19,0,2026-09-20 12:31:04,2026-09-20 12:31:04.585
2026-09-20 12:28:11,BSCI180,8408,Hans Lemke,19,19,0,2026-09-20 12:31:04,2026-09-20 12:31:04.585
2026-09-20 12:28:11,BSCI180,8409,Swarna Mohan,19,19,0,2026-09-20 12:31:04,2026-09-20 12:31:04.585
2026-09-20 12:28:11,BSCI180,8410,Hans Lemke,19,19,0,2026-09-20 12:31:04,2026-09-20 12:31:04.585
2026-09-20 12:28:11,BSCI180,8411,Hans Lemke,19,19,0,2026-09-20 12:31:04,2026-09-20 12:31:04.585
2026-09-20 12:28:11,BSCI180,8412,Hans Lemke,19,19,0,2026-09-20 12:31:04,2026-09-20 12:31:04.585
2026-09-20 12:28:11,BSCI180,8413,Hans Lemke,19,19,0,2026-09-20 12:31:04,2026-09-20 12:31:04.586
2026-09-20 12:28:11,BSCI180,8414,Hans Lemke,19,19,0,2026-09-20 12:31:04,2026-09-20 12:31:04.586
2026-09-20 12:28:11,BSCI180,SEF2,Hans Lemke,19,19,0,2026-09-20 12:31:04,2026-09-20 12:31:04.586
2026-09-20 12:28:11,BSCI180,SES1,Hans Lemke,19,19,0,2026-09-20 12:31:04,2026-09-20 12:31:04.586
2026-09-20 12:28:11,BSCI180,SES2,Hans Lemke,19,19,0,2026-09-20 12:31:04,2026-09-20 12:31:04.586
2026-09-20 12:28:11,BSCI201,0101,Caitlin Fox,24,24,0,2026-09-20 12:31:04,2026-09-20 12:31:04.901
2026-09-20 12:28:11,BSCI201,0103,Caitlin Fox,24,24,0,2026-09-20 12:31:04,2026-09-20 12:31:04.901
2026-09-20 12:28:11,BSCI201,0105,Caitlin Fox,24,24,0,2026-09-20 12:31:04,2026-09-20 12:31:04.901
2026-09-20 12:28:11,BSCI201,0106,Caitlin Fox,24,24,0,2026-09-20 12:31:04,2026-09-20 12:31:04.901
2026-09-20 12:28:11,BSCI201,0107,Caitlin Fox,24,24,0,2026-09-20 12:31:04,2026-09-20 12:31:04.901
2026-09-20 12:28:11,BSCI201,0109,Maira Goytia,24,24,0,2026-09-20 12:31:04,2026-09-20 12:31:04.901
2026-09-20 12:28:11,BSCI201,0110,Caitlin Fox,24,24,0,2026-09-20 12:31:04,2026-09-20 12:31:04.902
2026-09-20 12:28:11,BSCI201,0111,Caitlin Fox,24,24,0,2026-09-20 12:31:04,2026-09-20 12:31:04.902
2026-09-20 12:28:11,BSCI201,1101,Justicia Opoku-Edusei,24,24,0,2026-09-20 12:31:04,2026-09-20 12:31:04.902
2026-09-20 12:28:11,BSCI201,1103,Justicia Opoku-Edusei,24,24,0,2026-09-20 12:31:04,2026-09-20 12:31:04.902
2026-09-20 12:28:11,BSCI201,1104,Justicia Opoku-Edusei,24,24,0,2026-09-20 12:31:04,2026-09-20 12:31:04.902
2026-09-20 12:28:11,BSCI201,1105,Caitlin Fox,24,24,0,2026-09-20 12:31:04,2026-09-20 12:31:04.902
2026-09-20 12:28:11,BSCI201,1106,Caitlin Fox,24,24,0,2026-09-20 12:31:04,2026-09-20 12:31:04.902
2026-09-20 12:28:11,BSCI201,1108,Caitlin Fox,24,24,0,2026-09-20 12:31:04,2026-09-20 12:31:04.902
2026-09-20 12:28:11,BSCI201,1109,Justicia Opoku-Edusei,24,24,0,2026-09-20 12:31:04,2026-09-20 12:31:04.902
2026-09-20 12:28:11,BSCI201,1110,Justicia Opoku-Edusei,24,24,0,2026-09-20 12:31:04,2026-09-20 12:31:04.902
2026-09-20 12:28:11,BSCI202,0101,Caitlin Fox,24,24,0,2026-09-20 12:31:05,2026-09-20 12:31:05.193
2026-09-20 12:28:11,BSCI202,0102,Caitlin Fox,24,24,0,2026-09-20 12:31:05,2026-09-20 12:31:05.193
2026-09-20 12:28:11,BSCI202,0104,Caitlin Fox,24,24,0,2026-09-20 12:31:05,2026-09-20 12:31:05.193
2026-09-20 12:28:11,BSCI202,0108,Caitlin Fox,24,24,0,2026-09-20 12:31:05,2026-09-20 12:31:05.193
2026-09-20 12:28:11,BSCI202,0109,Maira Goytia,24,24,0,2026-09-20 12:31:05,2026-09-20 12:31:05.193
2026-09-20 12:28:11,BSCI202,0110,Caitlin Fox,24,24,0,2026-09-20 12:31:05,2026-09-20 12:31:05.193
2026-09-20 12:28:11,BSCI202,1101,Justicia Opoku-Edusei,24,24,0,2026-09-20 12:31:05,2026-09-20 12:31:05.193
2026-09-20 12:28:11,BSCI202,1103,Justicia Opoku-Edusei,24,24,0,2026-09-20 12:31:05,2026-09-20 12:31:05.193
2026-09-20 12:28:11,BSCI202,1104,Justicia Opoku-Edusei,24,24,0,2026-09-20 12:31:05,2026-09-20 12:31:05.194
2026-09-20 12:28:11,BSCI202,1106,Justicia Opoku-Edusei,24,24,0,2026-09-20 12:31:05,2026-09-20 12:31:05.194
2026-09-20 12:28:11,BSCI202,1107,Justicia Opoku-Edusei,24,24,0,2026-09-20 12:31:05,2026-09-20 12:31:05.194
2026-09-20 12:28:11,BSCI202,1108,Justicia Opoku-Edusei,24,24,0,2026-09-20 12:31:05,2026-09-20 12:31:05.194
2026-09-20 12:28:11,BSCI202,SES1,Edward Orlando,20,20,0,2026-09-20 12:31:05,2026-09-20 12:31:05.194
2026-09-20 12:28:11,BSCI207,0101,Karen Carleton,80,80,0,2026-09-20 12:31:05,2026-09-20 12:31:05.473
2026-09-20 12:28:11,BSCI207,0201,Chloe Garfinkel,80,80,0,2026-09-20 12:31:05,2026-09-20 12:31:05.474
2026-09-20 12:28:11,BSCI213,0101,Cordelia Weiss,20,20,0,2026-09-20 12:31:05,2026-09-20 12:31:05.733
2026-09-20 12:28:11,BSCI213,0102,Cordelia Weiss,20,20,0,2026-09-20 12:31:05,2026-09-20 12:31:05.733
2026-09-20 12:28:11,BSCI222,7106,Thomas Kocher,18,18,0,2026-09-20 12:31:06,2026-09-20 12:31:06.050
2026-09-20 12:28:11,BSCI222,7108,Thomas Kocher,18,18,0,2026-09-20 12:31:06,2026-09-20 12:31:06.050
2026-09-20 12:28:11,BSCI222,7110,Thomas Kocher,18,18,0,2026-09-20 12:31:06,2026-09-20 12:31:06.050
2026-09-20 12:28:11,BSCI222,7112,Thomas Kocher,18,18,0,2026-09-20 12:31:06,2026-09-20 12:31:06.050
2026-09-20 12:28:11,BSCI222,7114,Thomas Kocher,18,18,0,2026-09-20 12:31:06,2026-09-20 12:31:06.050
2026-09-20 12:28:11,BSCI222,7116,Thomas Kocher,18,18,0,2026-09-20 12:31:06,2026-09-20 12:31:06.050
2026-09-20 12:28:11,BSCI222,7118,Thomas Kocher,18,18,0,2026-09-20 12:31:06,2026-09-20 12:31:06.050
2026-09-20 12:28:11,BSCI222,7120,Thomas Kocher,18,18,0,2026-09-20 12:31:06,2026-09-20 12:31:06.050
2026-09-20 12:28:11,BSCI222,7130,Thomas Kocher,18,18,0,2026-09-20 12:31:06,2026-09-20 12:31:06.050
2026-09-20 12:28:11,BSCI222,7133,Thomas Kocher,18,18,0,2026-09-20 12:31:06,2026-09-20 12:31:06.051
2026-09-20 12:28:11,BSCI222,7214,Michael Keller,18,18,0,2026-09-20 12:31:06,2026-09-20 12:31:06.051
2026-09-20 12:28:11,BSCI222,7216,Michael Keller,18,18,0,2026-09-20 12:31:06,2026-09-20 12:31:06.051
2026-09-20 12:28:11,BSCI222,7218,Michael Keller,18,18,0,2026-09-20 12:31:06,2026-09-20 12:31:06.051
2026-09-20 12:28:11,BSCI222,7219,Michael Keller,18,18,0,2026-09-20 12:31:06,2026-09-20 12:31:06.051
2026-09-20 12:28:11,BSCI222,7220,Michael Keller,18,18,0,2026-09-20 12:31:06,2026-09-20 12:31:06.051
2026-09-20 12:28:11,BSCI222,7221,Michael Keller,18,18,0,2026-09-20 12:31:06,2026-09-20 12:31:06.051
2026-09-20 12:28:11,BSCI222,7222,Michael Keller,18,18,0,2026-09-20 12:31:06,2026-09-20 12:31:06.051
2026-09-20 12:28:11,BSCI222,7224,Michael Keller,18,18,0,2026-09-20 12:31:06,2026-09-20 12:31:06.051
2026-09-20 12:28:11,BSCI222,7226,Michael Keller,18,18,0,2026-09-20 12:31:06,2026-09-20 12:31:06.051
2026-09-20 12:28:11,BSCI222,7232,Michael Keller,18,18,0,2026-09-20 12:31:06,2026-09-20 12:31:06.051
2026-09-20 12:28:11,BSCI222,7234,Michael Keller,18,18,0,2026-09-20 12:31:06,2026-09-20 12:31:06.051
2026-09-20 12:28:11,BSCI222,7236,Michael Keller,18,18,0,2026-09-20 12:31:06,2026-09-20 12:31:06.052
2026-09-20 12:28:11,BSCI222,7310,Maria Colt,18,18,0,2026-09-20 12:31:06,2026-09-20 12:31:06.052
2026-09-20 12:28:11,BSCI222,7311,Maria Colt,18,18,0,2026-09-20 12:31:06,2026-09-20 12:31:06.052
2026-09-20 12:28:11,BSCI222,7312,Maria Colt,18,18,0,2026-09-20 12:31:06,2026-09-20 12:31:06.052
2026-09-20 12:28:11,BSCI222,7313,Maria Colt,18,18,0,2026-09-20 12:31:06,2026-09-20 12:31:06.052
2026-09-20 12:28:11,BSCI222,7315,Maria Colt,18,18,0,2026-09-20 12:31:06,2026-09-20 12:31:06.052
2026-09-20 12:28:11,BSCI222,7320,Maria Colt,18,18,0,2026-09-20 12:31:06,2026-09-20 12:31:06.052
2026-09-20 12:28:11,BSCI222,7325,Maria Colt,18,18,0,2026-09-20 12:31:06,2026-09-20 12:31:06.052
2026-09-20 12:28:11,BSCI222,7330,Maria Colt,18,18,0,2026-09-20 12:31:06,2026-09-20 12:31:06.052
2026-09-20 12:28:11,BSCI222,7332,Maria Colt,18,18,0,2026-09-20 12:31:06,2026-09-20 12:31:06.052
2026-09-20 12:28:11,BSCI222,7335,Maria Colt,18,18,0,2026-09-20 12:31:06,2026-09-20 12:31:06.052
2026-09-20 12:28:11,BSCI222,SES1,Kimberly Paczolt,23,23,0,2026-09-20 12:31:06,2026-09-20 12:31:06.052
2026-09-20 12:28:11,BSCI222,SES2,Kimberly Paczolt,20,20,0,2026-09-20 12:31:06,2026-09-20 12:31:06.052
2026-09-20 12:28:11,BSCI223,1021,John Buchner,16,16,0,2026-09-20 12:31:06,2026-09-20 12:31:06.352
2026-09-20 12:28:11,BSCI223,1025,John Buchner,16,16,0,2026-09-20 12:31:06,2026-09-20 12:31:06.352
2026-09-20 12:28:11,BSCI223,1026,John Buchner,16,16,0,2026-09-20 12:31:06,2026-09-20 12:31:06.352
2026-09-20 12:28:11,BSCI223,1101,John Buchner,16,16,0,2026-09-20 12:31:06,2026-09-20 12:31:06.352
2026-09-20 12:28:11,BSCI223,1105,John Buchner,16,16,0,2026-09-20 12:31:06,2026-09-20 12:31:06.352
2026-09-20 12:28:11,BSCI223,1106,John Buchner,16,16,0,2026-09-20 12:31:06,2026-09-20 12:31:06.352
2026-09-20 12:28:11,BSCI223,1121,John Buchner,16,16,0,2026-09-20 12:31:06,2026-09-20 12:31:06.352
2026-09-20 12:28:11,BSCI223,1125,John Buchner,16,16,0,2026-09-20 12:31:06,2026-09-20 12:31:06.352
2026-09-20 12:28:11,BSCI223,1126,John Buchner,16,16,0,2026-09-20 12:31:06,2026-09-20 12:31:06.352
2026-09-20 12:28:11,BSCI223,1201,John Buchner,16,16,0,2026-09-20 12:31:06,2026-09-20 12:31:06.352
2026-09-20 12:28:11,BSCI223,1206,John Buchner,16,16,0,2026-09-20 12:31:06,2026-09-20 12:31:06.353
2026-09-20 12:28:11,BSCI223,1221,John Buchner,16,16,0,2026-09-20 12:31:06,2026-09-20 12:31:06.353
2026-09-20 12:28:11,BSCI223,1225,John Buchner,16,16,0,2026-09-20 12:31:06,2026-09-20 12:31:06.353
2026-09-20 12:28:11,BSCI223,1226,John Buchner,16,16,0,2026-09-20 12:31:06,2026-09-20 12:31:06.353
2026-09-20 12:28:11,BSCI223,1301,John Buchner,16,16,0,2026-09-20 12:31:06,2026-09-20 12:31:06.353
2026-09-20 12:28:11,BSCI223,1306,John Buchner,16,16,0,2026-09-20 12:31:06,2026-09-20 12:31:06.353
2026-09-20 12:28:11,BSCI223,2401,John Buchner,16,16,0,2026-09-20 12:31:06,2026-09-20 12:31:06.353
2026-09-20 12:28:11,BSCI223,2406,John Buchner,16,16,0,2026-09-20 12:31:06,2026-09-20 12:31:06.353
2026-09-20 12:28:11,BSCI223,SES1,Cherisse Hall,20,20,0,2026-09-20 12:31:06,2026-09-20 12:31:06.353
2026-09-20 12:28:11,BSCI238I,0101,Aditri Gadigi,30,30,0,2026-09-20 12:31:06,2026-09-20 12:31:06.602
2026-09-20 12:28:11,BSCI258A,0101,Nicholas Fletcher,10,10,0,2026-09-20 12:31:06,2026-09-20 12:31:06.868
2026-09-20 12:28:11,BSCI258B,0101,Nicholas Fletcher,80,80,0,2026-09-20 12:31:07,2026-09-20 12:31:07.111
2026-09-20 12:28:11,BSCI279B,0101,Katerina Thompson,32,32,0,2026-09-20 12:31:07,2026-09-20 12:31:07.638
2026-09-20 12:28:11,BSCI279B,0102,Katerina Thompson,32,32,0,2026-09-20 12:31:07,2026-09-20 12:31:07.638
2026-09-20 12:28:11,BSCI279Q,0101,Daniel Butts,10,10,0,2026-09-20 12:31:08,2026-09-20 12:31:08.151
2026-09-20 12:28:11,BSCI283,1205,Kevin McIver,20,20,0,2026-09-20 12:31:08,2026-09-20 12:31:08.891
2026-09-20 12:28:11,BSCI283,1305,Daniel Stein,20,20,0,2026-09-20 12:31:08,2026-09-20 12:31:08.891
2026-09-20 12:28:11,BSCI329,1016,Hilary Bierman,5,5,0,2026-09-20 12:31:09,2026-09-20 12:31:09.136
2026-09-20 12:28:11,BSCI329,1028,Daniel Butts,10,10,0,2026-09-20 12:31:09,2026-09-20 12:31:09.136
2026-09-20 12:28:11,BSCI329,1033,Chan Lin,10,10,0,2026-09-20 12:31:09,2026-09-20 12:31:09.136
2026-09-20 12:28:11,BSCI329,1250,Justicia Opoku-Edusei,20,20,0,2026-09-20 12:31:09,2026-09-20 12:31:09.136
2026-09-20 12:28:11,BSCI329,1388,Corine Van der Weele,8,8,0,2026-09-20 12:31:09,2026-09-20 12:31:09.136
2026-09-20 12:28:11,BSCI329,ESG1,Hadiya Woodham,10,10,0,2026-09-20 12:31:09,2026-09-20 12:31:09.136
2026-09-20 12:28:11,BSCI331,0101,Kenneth Frauwirth,200,200,0,2026-09-20 12:31:09,2026-09-20 12:31:09.378
2026-09-20 12:28:11,BSCI331,0201,Kenneth Frauwirth,200,200,0,2026-09-20 12:31:09,2026-09-20 12:31:09.378
2026-09-20 12:28:11,BSCI332,0102,Corine Van der Weele,23,23,0,2026-09-20 12:31:09,2026-09-20 12:31:09.644
2026-09-20 12:28:11,BSCI332,0104,Corine Van der Weele,23,23,0,2026-09-20 12:31:09,2026-09-20 12:31:09.644
2026-09-20 12:28:11,BSCI332,0106,Corine Van der Weele,23,23,0,2026-09-20 12:31:09,2026-09-20 12:31:09.644
2026-09-20 12:28:11,BSCI332,0107,Corine Van der Weele,23,23,0,2026-09-20 12:31:09,2026-09-20 12:31:09.644
2026-09-20 12:28:11,BSCI332,0111,Corine Van der Weele,23,23,0,2026-09-20 12:31:09,2026-09-20 12:31:09.644
2026-09-20 12:28:11,BSCI332,1103,Corine Van der Weele,23,23,0,2026-09-20 12:31:09,2026-09-20 12:31:09.644
2026-09-20 12:28:11,BSCI332,1105,Corine Van der Weele,23,23,0,2026-09-20 12:31:09,2026-09-20 12:31:09.644
2026-09-20 12:28:11,BSCI332,1108,Corine Van der Weele,23,23,0,2026-09-20 12:31:09,2026-09-20 12:31:09.644
2026-09-20 12:28:11,BSCI332,1109,Corine Van der Weele,23,23,0,2026-09-20 12:31:09,2026-09-20 12:31:09.644
2026-09-20 12:28:11,BSCI332,1111,Corine Van der Weele,23,23,0,2026-09-20 12:31:09,2026-09-20 12:31:09.644
2026-09-20 12:28:11,BSCI332,1113,Corine Van der Weele,23,23,0,2026-09-20 12:31:09,2026-09-20 12:31:09.644
2026-09-20 12:28:11,BSCI334,0101,Katerina Thompson,60,60,0,2026-09-20 12:31:09,2026-09-20 12:31:09.920
2026-09-20 12:28:11,BSCI335,0101,Katerina Thompson,20,20,0,2026-09-20 12:31:10,2026-09-20 12:31:10.197
2026-09-20 12:28:11,BSCI335,0102,Katerina Thompson,20,20,0,2026-09-20 12:31:10,2026-09-20 12:31:10.197
2026-09-20 12:28:11,BSCI337,0101,Leo Shapiro,20,20,0,2026-09-20 12:31:10,2026-09-20 12:31:10.462
2026-09-20 12:28:11,BSCI337,0102,Leo Shapiro,20,20,0,2026-09-20 12:31:10,2026-09-20 12:31:10.462
2026-09-20 12:28:11,BSCI343,ESG1,Hadiya Woodham,30,30,0,2026-09-20 12:31:10,2026-09-20 12:31:10.942
2026-09-20 12:28:11,BSCI348A,0101,John Buchner,22,22,0,2026-09-20 12:31:11,2026-09-20 12:31:11.454
2026-09-20 12:28:11,BSCI348B,SES1,Erik Lontok,20,20,0,2026-09-20 12:31:11,2026-09-20 12:31:11.714
2026-09-20 12:28:11,BSCI348R,0101,Najib El-Sayed,10,10,0,2026-09-20 12:31:11,2026-09-20 12:31:11.948
2026-09-20 12:28:11,BSCI353,0101,Chan Lin,64,64,0,2026-09-20 12:31:12,2026-09-20 12:31:12.201
2026-09-20 12:28:11,BSCI353,0102,Melissa Caras,40,40,0,2026-09-20 12:31:12,2026-09-20 12:31:12.201
2026-09-20 12:28:11,BSCI353,ESG1,Vitaly Stepensky,40,40,0,2026-09-20 12:31:12,2026-09-20 12:31:12.201
2026-09-20 12:28:11,BSCI358A,ESG1,Vitaly Stepensky,30,30,0,2026-09-20 12:31:12,2026-09-20 12:31:12.485
2026-09-20 12:28:11,BSCI358B,ESG1,Gregory Simon,30,30,0,2026-09-20 12:31:12,2026-09-20 12:31:12.735
2026-09-20 12:28:11,BSCI361,0101,Daniel Gruner,25,25,0,2026-09-20 12:31:13,2026-09-20 12:31:13.021
2026-09-20 12:28:11,BSCI361,0102,Daniel Gruner,25,25,0,2026-09-20 12:31:13,2026-09-20 12:31:13.021
2026-09-20 12:28:11,BSCI370,0101,Alexandra Bely,64,64,0,2026-09-20 12:31:13,2026-09-20 12:31:13.262
2026-09-20 12:28:11,BSCI378H,0101,Kenneth Frauwirth,23,23,0,2026-09-20 12:31:13,2026-09-20 12:31:13.548
2026-09-20 12:28:11,BSCI398H,0101,Alexandra Bely,35,35,0,2026-09-20 12:31:15,2026-09-20 12:31:15.364
2026-09-20 12:28:11,BSCI401,0101,Gerald Wilkinson,39,39,0,2026-09-20 12:31:16,2026-09-20 12:31:16.322
2026-09-20 12:28:11,BSCI406,0101,Sergei Sukharev,20,20,0,2026-09-20 12:31:16,2026-09-20 12:31:16.575
2026-09-20 12:28:11,BSCI410,0101,Charles Seller,140,140,0,2026-09-20 12:31:16,2026-09-20 12:31:16.823
2026-09-20 12:28:11,BSCI412,0101,Erin Tran,18,18,0,2026-09-20 12:31:17,2026-09-20 12:31:17.102
2026-09-20 12:28:11,BSCI412,0103,Wade Winkler,18,18,0,2026-09-20 12:31:17,2026-09-20 12:31:17.102
2026-09-20 12:28:11,BSCI414,ESG1,Caitlin Fox,24,24,0,2026-09-20 12:31:17,2026-09-20 12:31:17.350
2026-09-20 12:28:11,BSCI416,0101,Silvia Bolland,42,42,0,2026-09-20 12:31:17,2026-09-20 12:31:17.602
2026-09-20 12:28:11,BSCI417,0101,Vincent Lee,30,30,0,2026-09-20 12:31:17,2026-09-20 12:31:17.872
2026-09-20 12:28:11,BSCI420,0101,Sougata Roy,62,62,0,2026-09-20 12:31:18,2026-09-20 12:31:18.124
2026-09-20 12:28:11,BSCI422,0101,Kenneth Frauwirth,25,25,0,2026-09-20 12:31:18,2026-09-20 12:31:18.405
2026-09-20 12:28:11,BSCI422,0102,Kenneth Frauwirth,25,25,0,2026-09-20 12:31:18,2026-09-20 12:31:18.405
2026-09-20 12:28:11,BSCI422,0103,David Mosser,25,25,0,2026-09-20 12:31:18,2026-09-20 12:31:18.405
2026-09-20 12:28:11,BSCI422,0104,David Mosser,25,25,0,2026-09-20 12:31:18,2026-09-20 12:31:18.405
2026-09-20 12:28:11,BSCI423,0101,Wenxia Song,18,18,0,2026-09-20 12:31:18,2026-09-20 12:31:18.721
2026-09-20 12:28:11,BSCI423,0102,Wenxia Song,18,18,0,2026-09-20 12:31:18,2026-09-20 12:31:18.722
2026-09-20 12:28:11,BSCI425,0101,Kan Cao,20,20,0,2026-09-20 12:31:18,2026-09-20 12:31:18.971
2026-09-20 12:28:11,BSCI430,0101,Eric Haag,35,35,0,2026-09-20 12:31:19,2026-09-20 12:31:19.223
2026-09-20 12:28:11,BSCI433,0101,Jeff Maltas,30,30,0,2026-09-20 12:31:19,2026-09-20 12:31:19.478
2026-09-20 12:28:11,BSCI433,PDS1,Beth Parent,25,25,0,2026-09-20 12:31:19,2026-09-20 12:31:19.478
2026-09-20 12:28:11,BSCI435,0101,Tapan Goel,18,18,0,2026-09-20 12:31:19,2026-09-20 12:31:19.713
2026-09-20 12:28:11,BSCI436,0101,Jonathan Dinman,60,60,0,2026-09-20 12:31:19,2026-09-20 12:31:19.978
2026-09-20 12:28:11,BSCI437,0101,Jeffrey DeStefano,70,70,0,2026-09-20 12:31:20,2026-09-20 12:31:20.228
2026-09-20 12:28:11,BSCI437,ESG1,Gilad Ofek,40,40,0,2026-09-20 12:31:20,2026-09-20 12:31:20.228
2026-09-20 12:28:11,BSCI437H,0101,Jeffrey DeStefano,8,8,0,2026-09-20 12:31:20,2026-09-20 12:31:20.508
2026-09-20 12:28:11,BSCI439B,ESG1,Maira Goytia,40,40,0,2026-09-20 12:31:20,2026-09-20 12:31:20.759
2026-09-20 12:28:11,BSCI439E,0101,Beatrice Kondo,5,5,0,2026-09-20 12:31:21,2026-09-20 12:31:21.014
2026-09-20 12:28:11,BSCI439G,0101,Beatrice Kondo,5,5,0,2026-09-20 12:31:21,2026-09-20 12:31:21.297
2026-09-20 12:28:11,BSCI439L,0101,Instructor: TBA,5,5,0,2026-09-20 12:31:21,2026-09-20 12:31:21.585
2026-09-20 12:28:11,BSCI442,0101,Daniel Rodriguez Leal,20,20,0,2026-09-20 12:31:21,2026-09-20 12:31:21.819
2026-09-20 12:28:11,BSCI442,0102,Jose Feijo,20,20,0,2026-09-20 12:31:21,2026-09-20 12:31:21.819
2026-09-20 12:28:11,BSCI450,0101,Juan Angueyra,130,130,0,2026-09-20 12:31:22,2026-09-20 12:31:22.089
2026-09-20 12:28:11,BSCI450,0201,Joshua Singer,120,120,0,2026-09-20 12:31:22,2026-09-20 12:31:22.089
2026-09-20 12:28:11,BSCI450,PDS1,William Higgins,20,20,0,2026-09-20 12:31:22,2026-09-20 12:31:22.089
2026-09-20 12:28:11,BSCI451,0101,Corine Van der Weele,20,20,0,2026-09-20 12:31:22,2026-09-20 12:31:22.327
2026-09-20 12:28:11,BSCI451,0102,Corine Van der Weele,20,20,0,2026-09-20 12:31:22,2026-09-20 12:31:22.327
2026-09-20 12:28:11,BSCI451,0103,Corine Van der Weele,20,20,0,2026-09-20 12:31:22,2026-09-20 12:31:22.327
2026-09-20 12:28:11,BSCI451,0104,Corine Van der Weele,20,20,0,2026-09-20 12:31:22,2026-09-20 12:31:22.327
2026-09-20 12:28:11,BSCI452,0101,Chan Lin,40,40,0,2026-09-20 12:31:22,2026-09-20 12:31:22.555
2026-09-20 12:28:11,BSCI453,0101,Nikolas Francis,38,38,0,2026-09-20 12:31:22,2026-09-20 12:31:22.829
2026-09-20 12:28:11,BSCI455,0101,Hilary Bierman,16,16,0,2026-09-20 12:31:23,2026-09-20 12:31:23.082
2026-09-20 12:28:11,BSCI455,0102,Hilary Bierman,16,16,0,2026-09-20 12:31:23,2026-09-20 12:31:23.082
2026-09-20 12:28:11,BSCI455,0103,Hilary Bierman,16,16,0,2026-09-20 12:31:23,2026-09-20 12:31:23.082
2026-09-20 12:28:11,BSCI456,0101,Colenso Speer,5,5,0,2026-09-20 12:31:23,2026-09-20 12:31:23.381
2026-09-20 12:28:11,BSCI477,0101,Emily Bruns,40,40,0,2026-09-20 12:31:23,2026-09-20 12:31:23.631
2026-09-20 12:28:11,BSCI487,0101,Kelly Hamby,24,24,0,2026-09-20 12:31:23,2026-09-20 12:31:23.910
2026-09-20 12:28:11,BSOS355,0101,Liza Lebrun,40,40,0,2026-09-20 12:31:25,2026-09-20 12:31:25.347
2026-09-20 12:28:11,BSOS361,0101,TC Lloyd,30,30,0,2026-09-20 12:31:25,2026-09-20 12:31:25.616
2026-09-20 12:28:11,BSOS361,0102,TC Lloyd,30,30,0,2026-09-20 12:31:25,2026-09-20 12:31:25.616
2026-09-20 12:28:11,BSOS448M,0101,Brandee Pettus,12,12,0,2026-09-20 12:31:25,2026-09-20 12:31:25.884
2026-09-20 12:28:11,BUMO600,0501,Sheetal Singh,52,52,0,2026-09-20 12:31:42,2026-09-20 12:31:42.995
2026-09-20 12:28:11,BUMO604,0501,Jon Crocker,0,0,0,2026-09-20 12:31:43,2026-09-20 12:31:43.235
2026-09-20 12:28:11,BUMO614,0501,Waverly Ding,58,58,0,2026-09-20 12:31:43,2026-09-20 12:31:43.510
2026-09-20 12:28:11,BUMO701,0501,Jason Choi,65,65,0,2026-09-20 12:31:43,2026-09-20 12:31:43.764
2026-09-20 12:28:11,BUMO703,0501,Mary Beth Furst,65,65,0,2026-09-20 12:31:44,2026-09-20 12:31:44.049
2026-09-20 12:28:11,BUMO711,0501,Sheetal Singh,65,65,0,2026-09-20 12:31:44,2026-09-20 12:31:44.283
2026-09-20 12:28:11,BUMO714,0501,Rellie Rozin,0,0,0,2026-09-20 12:31:44,2026-09-20 12:31:44.555
2026-09-20 12:28:11,BUMO723,0501,Stephen Sclafani,58,58,0,2026-09-20 12:31:44,2026-09-20 12:31:44.803
2026-09-20 12:28:11,BUMO724,0501,Stephen Sclafani,58,58,0,2026-09-20 12:31:45,2026-09-20 12:31:45.076
2026-09-20 12:28:11,BUMO726,0501,Stephen Sclafani,58,58,0,2026-09-20 12:31:45,2026-09-20 12:31:45.331
2026-09-20 12:28:11,BUMO731,0501,Balaji Padmanabhan,58,58,0,2026-09-20 12:31:45,2026-09-20 12:31:45.591
2026-09-20 12:28:11,BUMO733,0501,Balaji Padmanabhan,58,58,0,2026-09-20 12:31:45,2026-09-20 12:31:45.865
2026-09-20 12:28:11,BUMO758P,0501,Jon Crocker,37,37,0,2026-09-20 12:31:46,2026-09-20 12:31:46.104
2026-09-20 12:28:11,BUMO780,0501,Jennifer Marr,37,37,0,2026-09-20 12:31:46,2026-09-20 12:31:46.635
2026-09-20 12:28:11,BUMO780,0502,Jennifer Marr,37,37,0,2026-09-20 12:31:46,2026-09-20 12:31:46.635
2026-09-20 12:28:11,BUMO782,0501,Mike Hoffmeyer,40,40,0,2026-09-20 12:31:46,2026-09-20 12:31:46.876
2026-09-20 12:28:11,BUMO785,0501,Maria Bustamante,65,65,0,2026-09-20 12:31:47,2026-09-20 12:31:47.134
2026-09-20 12:28:11,BUMO790,0501,Roy Thomason,65,65,0,2026-09-20 12:31:47,2026-09-20 12:31:47.376
2026-09-20 12:28:11,BUMO790,0502,Roy Thomason,65,65,0,2026-09-20 12:31:47,2026-09-20 12:31:47.376
2026-09-20 12:28:11,BUMO791,0501,Roy Thomason,65,65,0,2026-09-20 12:31:47,2026-09-20 12:31:47.643
2026-09-20 12:28:11,BUMO791,0502,Roy Thomason,65,65,0,2026-09-20 12:31:47,2026-09-20 12:31:47.643
2026-09-20 12:28:11,CHIN100,0101,Yuli Wang,15,15,0,2026-09-20 12:32:31,2026-09-20 12:32:31.258
2026-09-20 12:28:11,CHIN121,0101,Mei Kong,15,15,0,2026-09-20 12:32:31,2026-09-20 12:32:31.536
2026-09-20 12:28:11,CHIN122,0101,Mei Kong,15,15,0,2026-09-20 12:32:31,2026-09-20 12:32:31.814
2026-09-20 12:28:11,CHIN122,0201,Mei Kong,15,15,0,2026-09-20 12:32:31,2026-09-20 12:32:31.814
2026-09-20 12:28:11,CHIN122,0301,Guiling Hu,15,15,0,2026-09-20 12:32:31,2026-09-20 12:32:31.814
2026-09-20 12:28:11,CHIN207,0101,Guiling Hu,15,15,0,2026-09-20 12:32:32,2026-09-20 12:32:32.111
2026-09-20 12:28:11,CHIN207,0201,Guiling Hu,15,15,0,2026-09-20 12:32:32,2026-09-20 12:32:32.111
2026-09-20 12:28:11,CHIN302,0101,Jungjung Lee,15,15,0,2026-09-20 12:32:32,2026-09-20 12:32:32.502
2026-09-20 12:28:11,CHIN302,0201,Jungjung Lee,15,15,0,2026-09-20 12:32:32,2026-09-20 12:32:32.502
2026-09-20 12:28:11,CHIN307,0101,Minglang Zhou,25,25,0,2026-09-20 12:32:32,2026-09-20 12:32:32.742
2026-09-20 12:28:11,CHIN315,0101,Mei Nan,25,25,0,2026-09-20 12:32:33,2026-09-20 12:32:33.116
2026-09-20 12:28:11,CHIN332,0101,Yuli Wang,15,15,0,2026-09-20 12:32:33,2026-09-20 12:32:33.394
2026-09-20 12:28:11,CHIN402,0101,Jungjung Lee,15,15,0,2026-09-20 12:32:33,2026-09-20 12:32:33.891
2026-09-20 12:28:11,CHIN415,0101,Jungjung Lee,15,15,0,2026-09-20 12:32:34,2026-09-20 12:32:34.236
2026-09-20 12:28:11,CHIN418O,0101,Mei Nan,25,25,0,2026-09-20 12:32:34,2026-09-20 12:32:34.494
2026-09-20 12:28:11,CHIN441,0101,Andrew Schonebaum,20,20,0,2026-09-20 12:32:34,2026-09-20 12:32:34.747
2026-09-20 12:28:11,CHSE205,0101,Yewon Lee,60,60,0,2026-09-20 12:32:38,2026-09-20 12:32:38.265
2026-09-20 12:28:11,CHSE205,0201,Katryna Andrusik,50,50,0,2026-09-20 12:32:38,2026-09-20 12:32:38.265
2026-09-20 12:28:11,CHSE228D,0101,Nikita Kimani,16,16,0,2026-09-20 12:32:38,2026-09-20 12:32:38.524
2026-09-20 12:28:11,CHSE376,0101,Michael Dunham,20,20,0,2026-09-20 12:32:38,2026-09-20 12:32:38.800
2026-09-20 12:28:11,CHSE376,0201,Elizabeth Martinez,20,20,0,2026-09-20 12:32:38,2026-09-20 12:32:38.800
2026-09-20 12:28:11,CHSE376,0301,Colleen McGilpin,20,20,0,2026-09-20 12:32:38,2026-09-20 12:32:38.800
2026-09-20 12:28:11,CHSE376,0401,Chanai Brewster,15,15,0,2026-09-20 12:32:38,2026-09-20 12:32:38.800
2026-09-20 12:28:11,CHSE376,0501,Michael Dunham,15,15,0,2026-09-20 12:32:38,2026-09-20 12:32:38.800
2026-09-20 12:28:11,CHSE476,0101,Michael Dunham,20,20,0,2026-09-20 12:32:39,2026-09-20 12:32:39.315
2026-09-20 12:28:11,CHSE477,0101,Michael Dunham,18,18,0,2026-09-20 12:32:39,2026-09-20 12:32:39.561
2026-09-20 12:28:11,CHSE480,0101,Michael Dunham,18,18,0,2026-09-20 12:32:39,2026-09-20 12:32:39.831
2026-09-20 12:28:11,CHSE489,1901,Amy D'Agati,10,10,0,2026-09-20 12:32:40,2026-09-20 12:32:40.099
2026-09-20 12:28:11,CINE245,0201,Instructor: TBA,27,27,0,2026-09-20 12:32:41,2026-09-20 12:32:41.870
2026-09-20 12:28:11,CINE245,0301,Instructor: TBA,27,27,0,2026-09-20 12:32:41,2026-09-20 12:32:41.870
2026-09-20 12:28:11,CINE280,0101,Eric Zakim,25,25,0,2026-09-20 12:32:42,2026-09-20 12:32:42.124
2026-09-20 12:28:11,CINE280,0102,Eric Zakim,25,25,0,2026-09-20 12:32:42,2026-09-20 12:32:42.125
2026-09-20 12:28:11,CINE280,0103,Eric Zakim,25,25,0,2026-09-20 12:32:42,2026-09-20 12:32:42.125
2026-09-20 12:28:11,CINE280,0104,Eric Zakim,25,25,0,2026-09-20 12:32:42,2026-09-20 12:32:42.125
2026-09-20 12:28:11,CINE282,0101,Susan Pramschufer,35,35,0,2026-09-20 12:32:42,2026-09-20 12:32:42.382
2026-09-20 12:28:11,CINE298B,0101,Sean Pue,20,20,0,2026-09-20 12:32:42,2026-09-20 12:32:42.626
2026-09-20 12:28:11,CINE302,0101,Luka Arsenjuk,30,30,0,2026-09-20 12:32:42,2026-09-20 12:32:42.912
2026-09-20 12:28:11,CINE310,0101,Nathaniel Stevens,15,15,0,2026-09-20 12:32:43,2026-09-20 12:32:43.145
2026-09-20 12:28:11,CINE319A,0101,Instructor: TBA,20,20,0,2026-09-20 12:32:43,2026-09-20 12:32:43.389
2026-09-20 12:28:11,CINE319I,0101,Yael Inbar,15,15,0,2026-09-20 12:32:43,2026-09-20 12:32:43.657
2026-09-20 12:28:11,CINE319P,5501,Samuel Crawford,10,10,0,2026-09-20 12:32:43,2026-09-20 12:32:43.906
2026-09-20 12:28:11,CINE329E,0101,Elizabeth Papazian,25,25,0,2026-09-20 12:32:44,2026-09-20 12:32:44.156
2026-09-20 12:28:11,CINE329N,0101,Daniel Richter,25,25,0,2026-09-20 12:32:44,2026-09-20 12:32:44.417
2026-09-20 12:28:11,CINE329Z,0101,Daniel Richter,25,25,0,2026-09-20 12:32:44,2026-09-20 12:32:44.685
2026-09-20 12:28:11,CINE335,0101,Jason Kuo,25,25,0,2026-09-20 12:32:44,2026-09-20 12:32:44.941
2026-09-20 12:28:11,CINE369C,0101,Mauro Resmini,40,40,0,2026-09-20 12:32:45,2026-09-20 12:32:45.211
2026-09-20 12:28:11,CINE369F,0101,Alexis Lothian,30,30,0,2026-09-20 12:32:45,2026-09-20 12:32:45.452
2026-09-20 12:28:11,CINE369K,0101,Instructor: TBA,20,20,0,2026-09-20 12:32:45,2026-09-20 12:32:45.692
2026-09-20 12:28:11,CINE376,0101,Ross Angelella,14,14,0,2026-09-20 12:32:45,2026-09-20 12:32:45.953
2026-09-20 12:28:11,CINE376,0102,Ross Angelella,5,5,0,2026-09-20 12:32:45,2026-09-20 12:32:45.953
2026-09-20 12:28:11,CINE419E,0101,Stephanie Sapienza,15,15,0,2026-09-20 12:32:46,2026-09-20 12:32:46.475
2026-09-20 12:28:11,CINE429O,0101,Mei Nan,25,25,0,2026-09-20 12:32:46,2026-09-20 12:32:46.714
2026-09-20 12:28:11,CINE459C,0101,Saverio Giovacchini,54,54,0,2026-09-20 12:32:46,2026-09-20 12:32:46.984
2026-09-20 12:28:11,CINE469Y,0101,Jason Kuo,14,14,0,2026-09-20 12:32:47,2026-09-20 12:32:47.233
2026-09-20 12:28:11,CLAS170,0101,Katherine Wasdin,21,21,0,2026-09-20 12:32:48,2026-09-20 12:32:48.957
2026-09-20 12:28:11,CLAS170,0102,Katherine Wasdin,21,21,0,2026-09-20 12:32:48,2026-09-20 12:32:48.957
2026-09-20 12:28:11,CLAS170,0103,Katherine Wasdin,21,21,0,2026-09-20 12:32:48,2026-09-20 12:32:48.957
2026-09-20 12:28:11,CLAS170,0104,Katherine Wasdin,21,21,0,2026-09-20 12:32:48,2026-09-20 12:32:48.957
2026-09-20 12:28:11,CLAS170,0105,Katherine Wasdin,21,21,0,2026-09-20 12:32:48,2026-09-20 12:32:48.957
2026-09-20 12:28:11,CLAS170,0106,Katherine Wasdin,21,21,0,2026-09-20 12:32:48,2026-09-20 12:32:48.957
2026-09-20 12:28:11,CLAS170,0107,Katherine Wasdin,21,21,0,2026-09-20 12:32:48,2026-09-20 12:32:48.957
2026-09-20 12:28:11,CLAS170,0108,Katherine Wasdin,21,21,0,2026-09-20 12:32:48,2026-09-20 12:32:48.957
2026-09-20 12:28:11,CLAS170,0109,Katherine Wasdin,21,21,0,2026-09-20 12:32:48,2026-09-20 12:32:48.958
2026-09-20 12:28:11,CLAS276,0101,Eric Adler,25,25,0,2026-09-20 12:32:49,2026-09-20 12:32:49.225
2026-09-20 12:28:11,CLAS276,0102,Eric Adler,25,25,0,2026-09-20 12:32:49,2026-09-20 12:32:49.225
2026-09-20 12:28:11,CLAS276,0103,Eric Adler,25,25,0,2026-09-20 12:32:49,2026-09-20 12:32:49.225
2026-09-20 12:28:11,CLAS276,0104,Eric Adler,25,25,0,2026-09-20 12:32:49,2026-09-20 12:32:49.225
2026-09-20 12:28:11,CLAS276,0105,Eric Adler,25,25,0,2026-09-20 12:32:49,2026-09-20 12:32:49.225
2026-09-20 12:28:11,CLAS276,0106,Eric Adler,25,25,0,2026-09-20 12:32:49,2026-09-20 12:32:49.225
2026-09-20 12:28:11,CLAS333,0101,Nathan Levine,35,35,0,2026-09-20 12:32:49,2026-09-20 12:32:49.491
2026-09-20 12:28:11,CLAS333,PBU1,Nathan Levine,3,3,0,2026-09-20 12:32:49,2026-09-20 12:32:49.491
2026-09-20 12:28:11,CLAS340,0101,Katherine Wasdin,35,35,0,2026-09-20 12:32:49,2026-09-20 12:32:49.740
2026-09-20 12:28:11,CMLT235,0101,Instructor: TBA,30,30,0,2026-09-20 12:32:53,2026-09-20 12:32:53.748
2026-09-20 12:28:11,CMLT270,0201,Instructor: TBA,30,30,0,2026-09-20 12:32:53,2026-09-20 12:32:53.999
2026-09-20 12:28:11,CMLT270,0301,Instructor: TBA,30,30,0,2026-09-20 12:32:53,2026-09-20 12:32:53.999
2026-09-20 12:28:11,CMLT275,0101,Instructor: TBA,30,30,0,2026-09-20 12:32:54,2026-09-20 12:32:54.237
2026-09-20 12:28:11,CMLT277,0101,Instructor: TBA,30,30,0,2026-09-20 12:32:54,2026-09-20 12:32:54.485
2026-09-20 12:28:11,CMLT280,0101,Eric Zakim,25,25,0,2026-09-20 12:32:54,2026-09-20 12:32:54.751
2026-09-20 12:28:11,CMLT280,0102,Eric Zakim,25,25,0,2026-09-20 12:32:54,2026-09-20 12:32:54.751
2026-09-20 12:28:11,CMLT280,0103,Eric Zakim,25,25,0,2026-09-20 12:32:54,2026-09-20 12:32:54.751
2026-09-20 12:28:11,CMLT280,0104,Eric Zakim,25,25,0,2026-09-20 12:32:54,2026-09-20 12:32:54.751
2026-09-20 12:28:11,CPBE101,0101,Oliver Schlake,75,75,0,2026-09-20 12:33:14,2026-09-20 12:33:14.242
2026-09-20 12:28:11,CPBE230,0101,Oliver Schlake,30,30,0,2026-09-20 12:33:14,2026-09-20 12:33:14.510
2026-09-20 12:28:11,CPBE240,0101,Oliver Schlake,20,20,0,2026-09-20 12:33:14,2026-09-20 12:33:14.785
2026-09-20 12:28:11,CPBE250,0101,Oliver Schlake,30,30,0,2026-09-20 12:33:15,2026-09-20 12:33:15.023
2026-09-20 12:28:11,CPCV101,0101,Julie Randolph,40,40,0,2026-09-20 12:33:16,2026-09-20 12:33:16.478
2026-09-20 12:28:11,CPCV101,0201,Julie Randolph,40,40,0,2026-09-20 12:33:16,2026-09-20 12:33:16.478
2026-09-20 12:28:11,CPCV230,0101,Korey Rothman,20,20,0,2026-09-20 12:33:16,2026-09-20 12:33:16.710
2026-09-20 12:28:11,CPCV230,0201,Korey Rothman,20,20,0,2026-09-20 12:33:16,2026-09-20 12:33:16.710
2026-09-20 12:28:11,CPDJ101,0101,Jess Feltner,75,75,0,2026-09-20 12:33:18,2026-09-20 12:33:18.178
2026-09-20 12:28:11,CPDJ230,0101,Jess Feltner,10,10,0,2026-09-20 12:33:18,2026-09-20 12:33:18.439
2026-09-20 12:28:11,CPDJ240,0101,Jess Feltner,8,8,0,2026-09-20 12:33:18,2026-09-20 12:33:18.712
2026-09-20 12:28:11,CPDJ250,0101,Jess Feltner,10,10,0,2026-09-20 12:33:18,2026-09-20 12:33:18.983
2026-09-20 12:28:11,CPET101,0101,Dani Moore,78,78,0,2026-09-20 12:33:20,2026-09-20 12:33:20.443
2026-09-20 12:28:11,CPET230,0101,Dani Moore,50,50,0,2026-09-20 12:33:20,2026-09-20 12:33:20.732
2026-09-20 12:28:11,CPET240,0101,Dani Moore,20,20,0,2026-09-20 12:33:20,2026-09-20 12:33:21.000
2026-09-20 12:28:11,CPET250,0101,Dani Moore,15,15,0,2026-09-20 12:33:21,2026-09-20 12:33:21.248
2026-09-20 12:28:11,CPGH101,0101,Angshuman Kashyap,75,75,0,2026-09-20 12:33:22,2026-09-20 12:33:22.701
2026-09-20 12:28:11,CPGH210,0101,Haley Clark,80,80,0,2026-09-20 12:33:22,2026-09-20 12:33:22.956
2026-09-20 12:28:11,CPGH230,0101,John Wiggins,30,30,0,2026-09-20 12:33:23,2026-09-20 12:33:23.228
2026-09-20 12:28:11,CPGH240,0101,John Wiggins,30,30,0,2026-09-20 12:33:23,2026-09-20 12:33:23.470
2026-09-20 12:28:11,CPGH250,0101,John Wiggins,25,25,0,2026-09-20 12:33:23,2026-09-20 12:33:23.717
2026-09-20 12:28:11,CPGH270,0101,John Wiggins,5,5,0,2026-09-20 12:33:23,2026-09-20 12:33:23.986
2026-09-20 12:28:11,CPJT101,0101,Justine DeCamillis,75,75,0,2026-09-20 12:33:25,2026-09-20 12:33:25.416
2026-09-20 12:28:11,CPJT230,0101,Justine DeCamillis,35,35,0,2026-09-20 12:33:25,2026-09-20 12:33:25.684
2026-09-20 12:28:11,CPJT240,0101,Justine DeCamillis,25,25,0,2026-09-20 12:33:25,2026-09-20 12:33:25.935
2026-09-20 12:28:11,CPJT250,0101,Victoria Worley,25,25,0,2026-09-20 12:33:26,2026-09-20 12:33:26.233
2026-09-20 12:28:11,CPMS101,0101,Alison Burns,75,75,0,2026-09-20 12:33:27,2026-09-20 12:33:27.650
2026-09-20 12:28:11,CPMS230,0101,Alison Burns,30,30,0,2026-09-20 12:33:27,2026-09-20 12:33:27.911
2026-09-20 12:28:11,CPMS240,0101,Alison Burns,15,15,0,2026-09-20 12:33:28,2026-09-20 12:33:28.171
2026-09-20 12:28:11,CPPL101,0101,Kelly Brower,75,75,0,2026-09-20 12:33:29,2026-09-20 12:33:29.597
2026-09-20 12:28:11,CPSA101,0101,Heather-Erin Bremenstuhl,75,75,0,2026-09-20 12:33:31,2026-09-20 12:33:31.095
2026-09-20 12:28:11,CPSA149,0101,Harold Burgess,20,20,0,2026-09-20 12:33:31,2026-09-20 12:33:31.376
2026-09-20 12:28:11,CPSA201,0101,Heather-Erin Bremenstuhl,75,75,0,2026-09-20 12:33:31,2026-09-20 12:33:31.654
2026-09-20 12:28:11,CPSA240,0101,Harold Burgess,15,15,0,2026-09-20 12:33:31,2026-09-20 12:33:31.889
2026-09-20 12:28:11,CPSA250,0101,Heather-Erin Bremenstuhl,10,10,0,2026-09-20 12:33:32,2026-09-20 12:33:32.139
2026-09-20 12:28:11,CPSA250,0201,Heather-Erin Bremenstuhl,10,10,0,2026-09-20 12:33:32,2026-09-20 12:33:32.139
2026-09-20 12:28:11,CPSA250,0301,Heather-Erin Bremenstuhl,10,10,0,2026-09-20 12:33:32,2026-09-20 12:33:32.139
2026-09-20 12:28:11,CPSA260,0101,Heather-Erin Bremenstuhl,10,10,0,2026-09-20 12:33:32,2026-09-20 12:33:32.409
2026-09-20 12:28:11,CPSA260,0201,Heather-Erin Bremenstuhl,10,10,0,2026-09-20 12:33:32,2026-09-20 12:33:32.409
2026-09-20 12:28:11,CPSA260,0301,Alexandra Lynch,10,10,0,2026-09-20 12:33:32,2026-09-20 12:33:32.409
2026-09-20 12:28:11,CPSF101,0101,Nicholas Fletcher,75,75,0,2026-09-20 12:33:33,2026-09-20 12:33:33.849
2026-09-20 12:28:11,CPSG101,0101,Thomas Holtz,75,75,0,2026-09-20 12:33:35,2026-09-20 12:33:35.300
2026-09-20 12:28:11,CPSG230,0101,John Merck,50,50,0,2026-09-20 12:33:35,2026-09-20 12:33:35.576
2026-09-20 12:28:11,CPSG240,0101,John Merck,25,25,0,2026-09-20 12:33:35,2026-09-20 12:33:35.825
2026-09-20 12:28:11,CPSG250,0101,John Merck,25,25,0,2026-09-20 12:33:36,2026-09-20 12:33:36.084
2026-09-20 12:28:11,CPSN101,0101,Hansol Kwak,75,75,0,2026-09-20 12:33:37,2026-09-20 12:33:37.524
2026-09-20 12:28:11,CPSN230,0101,Ellin Chung,40,40,0,2026-09-20 12:33:37,2026-09-20 12:33:37.783
2026-09-20 12:28:11,CPSN240,0101,Ellin Chung,15,15,0,2026-09-20 12:33:38,2026-09-20 12:33:38.043
2026-09-20 12:28:11,CPSN250,0101,Hansol Kwak,25,25,0,2026-09-20 12:33:38,2026-09-20 12:33:38.278
2026-09-20 12:28:11,CPSP239A,0101,Heather-Erin Bremenstuhl,10,10,0,2026-09-20 12:33:39,2026-09-20 12:33:39.739
2026-09-20 12:28:11,CPSP259J,0101,Alison Burns,10,10,0,2026-09-20 12:33:39,2026-09-20 12:33:39.973
2026-09-20 12:28:11,CPSP279N,0101,Stacy Kosko,10,10,0,2026-09-20 12:33:40,2026-09-20 12:33:40.215
2026-09-20 12:28:11,CPSP339P,0101,Kelly Brower,15,15,0,2026-09-20 12:33:40,2026-09-20 12:33:40.471
2026-09-20 12:28:11,CPSP359G,0101,John Merck,25,25,0,2026-09-20 12:33:40,2026-09-20 12:33:40.738
2026-09-20 12:28:11,CPSP359S,0101,David Eubanks,24,24,0,2026-09-20 12:33:41,2026-09-20 12:33:41.006
2026-09-20 12:28:11,CPSP369E,0101,Tim Knight,7,7,0,2026-09-20 12:33:41,2026-09-20 12:33:41.270
2026-09-20 12:28:11,CPSP369E,0102,Tim Knight,5,5,0,2026-09-20 12:33:41,2026-09-20 12:33:41.270
2026-09-20 12:28:11,CPSS101,0101,Christine Alexander,75,75,0,2026-09-20 12:33:42,2026-09-20 12:33:42.729
2026-09-20 12:28:11,CPSS225,0101,Roan Parrish,20,20,0,2026-09-20 12:33:43,2026-09-20 12:33:43.020
2026-09-20 12:28:11,CPSS225,0201,Melinda Baldwin,20,20,0,2026-09-20 12:33:43,2026-09-20 12:33:43.020
2026-09-20 12:28:11,CPSS240,0101,Timothy Reedy,25,25,0,2026-09-20 12:33:43,2026-09-20 12:33:43.269
2026-09-20 12:28:11,CPSS340,0101,Nicole Mogul,20,20,0,2026-09-20 12:33:43,2026-09-20 12:33:43.519
2026-09-20 12:28:11,DATA100,0111,Matthew Griffin,27,27,0,2026-09-20 12:33:54,2026-09-20 12:33:54.804
2026-09-20 12:28:11,DATA100,0112,Matthew Griffin,27,27,0,2026-09-20 12:33:54,2026-09-20 12:33:54.804
2026-09-20 12:28:11,DATA100,0121,Matthew Griffin,27,27,0,2026-09-20 12:33:54,2026-09-20 12:33:54.804
2026-09-20 12:28:11,DATA100,0122,Matthew Griffin,27,27,0,2026-09-20 12:33:54,2026-09-20 12:33:54.804
2026-09-20 12:28:11,DATA100,0123,Matthew Griffin,27,27,0,2026-09-20 12:33:54,2026-09-20 12:33:54.804
2026-09-20 12:28:11,DATA100,0124,Matthew Griffin,27,27,0,2026-09-20 12:33:54,2026-09-20 12:33:54.804
2026-09-20 12:28:11,DATA100,0131,Matthew Griffin,27,27,0,2026-09-20 12:33:54,2026-09-20 12:33:54.804
2026-09-20 12:28:11,DATA100,0141,Matthew Griffin,27,27,0,2026-09-20 12:33:54,2026-09-20 12:33:54.804
2026-09-20 12:28:11,DATA100,0211,Matthew Griffin,27,27,0,2026-09-20 12:33:54,2026-09-20 12:33:54.804
2026-09-20 12:28:11,DATA100,0212,Matthew Griffin,27,27,0,2026-09-20 12:33:54,2026-09-20 12:33:54.805
2026-09-20 12:28:11,DATA100,0221,Matthew Griffin,27,27,0,2026-09-20 12:33:54,2026-09-20 12:33:54.805
2026-09-20 12:28:11,DATA100,0222,Matthew Griffin,27,27,0,2026-09-20 12:33:54,2026-09-20 12:33:54.805
2026-09-20 12:28:11,DATA100,0223,Matthew Griffin,27,27,0,2026-09-20 12:33:54,2026-09-20 12:33:54.805
2026-09-20 12:28:11,DATA100,0224,Matthew Griffin,27,27,0,2026-09-20 12:33:54,2026-09-20 12:33:54.805
2026-09-20 12:28:11,DATA100,0231,Matthew Griffin,27,27,0,2026-09-20 12:33:54,2026-09-20 12:33:54.805
2026-09-20 12:28:11,DATA100,0241,Matthew Griffin,27,27,0,2026-09-20 12:33:54,2026-09-20 12:33:54.805
2026-09-20 12:28:11,DATA100,0242,Matthew Griffin,27,27,0,2026-09-20 12:33:54,2026-09-20 12:33:54.805
2026-09-20 12:28:11,DATA100,0311,Jonathan Fernandes,25,25,0,2026-09-20 12:33:54,2026-09-20 12:33:54.805
2026-09-20 12:28:11,DATA100,0312,Jonathan Fernandes,25,25,0,2026-09-20 12:33:54,2026-09-20 12:33:54.805
2026-09-20 12:28:11,DATA100,0321,Jonathan Fernandes,25,25,0,2026-09-20 12:33:54,2026-09-20 12:33:54.805
2026-09-20 12:28:11,DATA100,0322,Jonathan Fernandes,25,25,0,2026-09-20 12:33:54,2026-09-20 12:33:54.805
2026-09-20 12:28:11,DATA100,0323,Jonathan Fernandes,25,25,0,2026-09-20 12:33:54,2026-09-20 12:33:54.806
2026-09-20 12:28:11,DATA100,0331,Jonathan Fernandes,25,25,0,2026-09-20 12:33:54,2026-09-20 12:33:54.806
2026-09-20 12:28:11,DATA100,0332,Jonathan Fernandes,29,29,0,2026-09-20 12:33:54,2026-09-20 12:33:54.806
2026-09-20 12:28:11,DATA110,0101,Susan Mazzullo,310,310,0,2026-09-20 12:33:55,2026-09-20 12:33:55.050
2026-09-20 12:28:11,DATA120,0101,Fardina Alam,200,200,0,2026-09-20 12:33:55,2026-09-20 12:33:55.309
2026-09-20 12:28:11,DATA200,0101,Fardina Alam,90,90,0,2026-09-20 12:33:55,2026-09-20 12:33:55.577
2026-09-20 12:28:11,DATA250,0101,Todd Rowland,30,30,0,2026-09-20 12:33:55,2026-09-20 12:33:55.819
2026-09-20 12:28:11,DATA320,0101,Maksym Morawski,20,20,0,2026-09-20 12:33:56,2026-09-20 12:33:56.106
2026-09-20 12:28:11,DATA320,0201,Fardina Alam,20,20,0,2026-09-20 12:33:56,2026-09-20 12:33:56.106
2026-09-20 12:28:11,DATA320,0301,Anna Evtushenko,12,12,0,2026-09-20 12:33:56,2026-09-20 12:33:56.107
2026-09-20 12:28:11,DATA350,0101,Todd Rowland,30,30,0,2026-09-20 12:33:56,2026-09-20 12:33:56.385
2026-09-20 12:28:11,DATA350,0201,Raluca Rosca,30,30,0,2026-09-20 12:33:56,2026-09-20 12:33:56.385
2026-09-20 12:28:11,DATA400,0111,Archana Khurana,27,27,0,2026-09-20 12:33:56,2026-09-20 12:33:56.673
2026-09-20 12:28:11,DATA400,0121,Archana Khurana,27,27,0,2026-09-20 12:33:56,2026-09-20 12:33:56.673
2026-09-20 12:28:11,DATA400,0131,Archana Khurana,27,27,0,2026-09-20 12:33:56,2026-09-20 12:33:56.673
2026-09-20 12:28:11,DATA400,0211,Salman Safdar,27,27,0,2026-09-20 12:33:56,2026-09-20 12:33:56.673
2026-09-20 12:28:11,DATA400,0311,Shixin Zheng,27,27,0,2026-09-20 12:33:56,2026-09-20 12:33:56.674
2026-09-20 12:28:11,DATA400,0321,Shixin Zheng,30,30,0,2026-09-20 12:33:56,2026-09-20 12:33:56.674
2026-09-20 12:28:11,DATA400,0331,Shixin Zheng,27,27,0,2026-09-20 12:33:56,2026-09-20 12:33:56.674
2026-09-20 12:28:11,DATA400,0411,Mestiyage Gunatilleka,27,27,0,2026-09-20 12:33:56,2026-09-20 12:33:56.674
2026-09-20 12:28:11,DATA400,0412,Mestiyage Gunatilleka,27,27,0,2026-09-20 12:33:56,2026-09-20 12:33:56.674
2026-09-20 12:28:11,DATA400,0421,Mestiyage Gunatilleka,27,27,0,2026-09-20 12:33:56,2026-09-20 12:33:56.674
2026-09-20 12:28:11,DATA400,0422,Mestiyage Gunatilleka,27,27,0,2026-09-20 12:33:56,2026-09-20 12:33:56.674
2026-09-20 12:28:11,DATA400,0431,Mestiyage Gunatilleka,27,27,0,2026-09-20 12:33:56,2026-09-20 12:33:56.674
2026-09-20 12:28:11,DATA400,0432,Mestiyage Gunatilleka,27,27,0,2026-09-20 12:33:56,2026-09-20 12:33:56.674
2026-09-20 12:28:11,DATA602,PCS1,Tammy Perrin,30,30,0,2026-09-20 12:33:56,2026-09-20 12:33:56.926
2026-09-20 12:28:11,DATA603,PWS1,Kemal Davaslioglu,50,50,0,2026-09-20 12:33:57,2026-09-20 12:33:57.173
2026-09-20 12:28:11,DATA604,PCS1,Wojciech Czaja,55,55,0,2026-09-20 12:33:57,2026-09-20 12:33:57.465
2026-09-20 12:28:11,DATA604,PCS2,Mestiyage Gunatilleka,55,55,0,2026-09-20 12:33:57,2026-09-20 12:33:57.465
2026-09-20 12:28:11,DATA604,PCS3,Kendall Williams,55,55,0,2026-09-20 12:33:57,2026-09-20 12:33:57.466
2026-09-20 12:28:11,DATA604,PCS4,Jonathan Fernandes,55,55,0,2026-09-20 12:33:57,2026-09-20 12:33:57.466
2026-09-20 12:28:11,DATA605,PCS1,Tammy Perrin,55,55,0,2026-09-20 12:33:57,2026-09-20 12:33:57.703
2026-09-20 12:28:11,DATA605,PCS2,Tammy Perrin,55,55,0,2026-09-20 12:33:57,2026-09-20 12:33:57.703
2026-09-20 12:28:11,DATA605,PWS1,Giacinto Paolo Saggese,55,55,0,2026-09-20 12:33:57,2026-09-20 12:33:57.703
2026-09-20 12:28:11,DATA606,PCS1,Abdirisak Mohamed,55,55,0,2026-09-20 12:33:57,2026-09-20 12:33:57.978
2026-09-20 12:28:11,DATA606,PCS2,Abdirisak Mohamed,55,55,0,2026-09-20 12:33:57,2026-09-20 12:33:57.978
2026-09-20 12:28:11,DATA606,PCS3,Toki Inan,55,55,0,2026-09-20 12:33:57,2026-09-20 12:33:57.978
2026-09-20 12:28:11,DATA612,PCS1,Samet Ayhan,55,55,0,2026-09-20 12:33:58,2026-09-20 12:33:58.232
2026-09-20 12:28:11,DATA612,PCS2,Samet Ayhan,55,55,0,2026-09-20 12:33:58,2026-09-20 12:33:58.232
2026-09-20 12:28:11,DATA612,PCS3,Emre Gunduzhan,55,55,0,2026-09-20 12:33:58,2026-09-20 12:33:58.232
2026-09-20 12:28:11,DATA641,PCS1,Armin Mehrabian,55,55,0,2026-09-20 12:33:58,2026-09-20 12:33:58.497
2026-09-20 12:28:11,EALL361,0101,Instructor: TBA,20,20,0,2026-09-20 12:33:59,2026-09-20 12:33:59.927
2026-09-20 12:28:11,EDDI300,0101,Nicole Mehta,20,20,0,2026-09-20 12:34:11,2026-09-20 12:34:11.296
2026-09-20 12:28:11,EMBA788V,GX01,Zhi-Long Chen,31,31,0,2026-09-20 12:34:34,2026-09-20 12:34:34.126
2026-09-20 12:28:11,ENAI603,0101,A Seyed,35,35,0,2026-09-20 12:34:44,2026-09-20 12:34:44.617
2026-09-20 12:28:11,ENAI603,AEC1,A Seyed,20,20,0,2026-09-20 12:34:44,2026-09-20 12:34:44.617
2026-09-20 12:28:11,ENBC312,ESG1,Kyunghun Lee,20,20,0,2026-09-20 12:34:46,2026-09-20 12:34:46.117
2026-09-20 12:28:11,ENBC321,ESG1,Jamasp Azarnoosh,20,20,0,2026-09-20 12:34:46,2026-09-20 12:34:46.362
2026-09-20 12:28:11,ENBC342,ESG1,Lan Ma,20,20,0,2026-09-20 12:34:46,2026-09-20 12:34:46.619
2026-09-20 12:28:11,ENBC351,ESG1,Jarred Callura,20,20,0,2026-09-20 12:34:46,2026-09-20 12:34:46.871
2026-09-20 12:28:11,ENBC352,ESG1,Jarred Callura,20,20,0,2026-09-20 12:34:47,2026-09-20 12:34:47.148
2026-09-20 12:28:11,ENBC403,ESG1,Jamasp Azarnoosh,20,20,0,2026-09-20 12:34:47,2026-09-20 12:34:47.391
2026-09-20 12:28:11,ENBC441,ESG1,Lan Ma,20,20,0,2026-09-20 12:34:47,2026-09-20 12:34:47.663
2026-09-20 12:28:11,ENBC455,ESG1,Jarred Callura,20,20,0,2026-09-20 12:34:47,2026-09-20 12:34:47.956
2026-09-20 12:28:11,ENBC491,ESG1,Lan Ma,20,20,0,2026-09-20 12:34:48,2026-09-20 12:34:48.256
2026-09-20 12:28:11,ENCO099,0101,Lizzy Solovey,200,200,0,2026-09-20 12:34:56,2026-09-20 12:34:56.069
2026-09-20 12:28:11,ENEB304,ESG1,Nestor Michael Tiglao,20,20,0,2026-09-20 12:34:57,2026-09-20 12:34:57.522
2026-09-20 12:28:11,ENEB345,ESG1,Nestor Michael Tiglao,20,20,0,2026-09-20 12:34:57,2026-09-20 12:34:57.772
2026-09-20 12:28:11,ENEB352,ESG1,Mohamed Hany,20,20,0,2026-09-20 12:34:58,2026-09-20 12:34:58.027
2026-09-20 12:28:11,ENEB353,ESG1,Manoj Franklin,20,20,0,2026-09-20 12:34:58,2026-09-20 12:34:58.275
2026-09-20 12:28:11,ENEB355,ESG1,Nestor Michael Tiglao,20,20,0,2026-09-20 12:34:58,2026-09-20 12:34:58.535
2026-09-20 12:28:11,ENEB408B,ESG1,Jerry Wu,20,20,0,2026-09-20 12:34:58,2026-09-20 12:34:58.783
2026-09-20 12:28:11,ENEB443,ESG1,George Zaki,20,20,0,2026-09-20 12:34:59,2026-09-20 12:34:59.077
2026-09-20 12:28:11,ENEB453,ESG1,Nestor Michael Tiglao,20,20,0,2026-09-20 12:34:59,2026-09-20 12:34:59.347
2026-09-20 12:28:11,ENEB455,ESG1,Jerry Wu,20,20,0,2026-09-20 12:34:59,2026-09-20 12:34:59.588
2026-09-20 12:28:11,ENEB456,ESG1,Nestor Michael Tiglao,20,20,0,2026-09-20 12:34:59,2026-09-20 12:34:59.869
2026-09-20 12:28:11,ENED037,0101,Hillary Owusu,20,20,0,2026-09-20 12:35:01,2026-09-20 12:35:01.445
2026-09-20 12:28:11,ENED290H,0101,Christopher Troilo,45,45,0,2026-09-20 12:35:01,2026-09-20 12:35:01.771
2026-09-20 12:28:11,ENED394H,0101,Maria Bardossy,40,40,0,2026-09-20 12:35:02,2026-09-20 12:35:02.108
2026-09-20 12:28:11,ENED397,0101,Emily Marks,9,9,0,2026-09-20 12:35:02,2026-09-20 12:35:02.427
2026-09-20 12:28:11,ENED490H,0101,David Ashley,45,45,0,2026-09-20 12:35:02,2026-09-20 12:35:02.730
2026-09-20 12:28:11,ENMT313,ESG1,Nicholas Limparis,3,3,0,2026-09-20 12:36:03,2026-09-20 12:36:03.626
2026-09-20 12:28:11,ENMT332,ESG1,Norman Wereley,4,4,0,2026-09-20 12:36:03,2026-09-20 12:36:03.886
2026-09-20 12:28:11,ENMT362,ESG1,Young Choi,3,3,0,2026-09-20 12:36:04,2026-09-20 12:36:04.166
2026-09-20 12:28:11,ENMT372,ESG1,Gurtajbir Herr,3,3,0,2026-09-20 12:36:04,2026-09-20 12:36:04.433
2026-09-20 12:28:11,ENMT477,ESG1,Gurtajbir Herr,7,7,0,2026-09-20 12:36:04,2026-09-20 12:36:04.711
2026-09-20 12:28:11,ENMT488C,ESG1,Colleen Murray,7,7,0,2026-09-20 12:36:04,2026-09-20 12:36:04.960
2026-09-20 12:28:11,ENMT488P,ESG1,Colleen Murray,7,7,0,2026-09-20 12:36:05,2026-09-20 12:36:05.243
2026-09-20 12:28:11,ENMT488Z,ESG1,Nicholas Limparis,7,7,0,2026-09-20 12:36:05,2026-09-20 12:36:05.493
2026-09-20 12:28:11,ENSP102,0101,Joanna Goger,22,22,0,2026-09-20 12:36:22,2026-09-20 12:36:22.194
2026-09-20 12:28:11,ENSP102,0102,Joanna Goger,22,22,0,2026-09-20 12:36:22,2026-09-20 12:36:22.194
2026-09-20 12:28:11,ENSP102,0103,Joanna Goger,23,23,0,2026-09-20 12:36:22,2026-09-20 12:36:22.194
2026-09-20 12:28:11,ENSP102,0104,Joanna Goger,22,22,0,2026-09-20 12:36:22,2026-09-20 12:36:22.194
2026-09-20 12:28:11,ENSP102,0105,Joanna Goger,22,22,0,2026-09-20 12:36:22,2026-09-20 12:36:22.194
2026-09-20 12:28:11,ENSP102,0106,Joanna Goger,22,22,0,2026-09-20 12:36:22,2026-09-20 12:36:22.194
2026-09-20 12:28:11,ENSP102,0107,Joanna Goger,22,22,0,2026-09-20 12:36:22,2026-09-20 12:36:22.194
2026-09-20 12:28:11,ENSP306,0101,Caroline Boules,30,30,0,2026-09-20 12:36:22,2026-09-20 12:36:22.467
2026-09-20 12:28:11,ENSP330,0101,Joanna Goger,35,35,0,2026-09-20 12:36:22,2026-09-20 12:36:22.710
2026-09-20 12:28:11,ENSP342,0101,Annette Spivy,35,35,0,2026-09-20 12:36:23,2026-09-20 12:36:23.098
2026-09-20 12:28:11,ENSP370,0101,Arielle Wharton,30,30,0,2026-09-20 12:36:23,2026-09-20 12:36:23.341
2026-09-20 12:28:11,ENSP399R,0101,Melissa Kenney,15,15,0,2026-09-20 12:36:24,2026-09-20 12:36:24.268
2026-09-20 12:28:11,ENSP399R,0301,Instructor: TBA,15,15,0,2026-09-20 12:36:24,2026-09-20 12:36:24.268
2026-09-20 12:28:11,ENSP399R,0601,Annette Spivy,10,10,0,2026-09-20 12:36:24,2026-09-20 12:36:24.268
2026-09-20 12:28:11,ENSP399R,1001,Jennifer Mullinax,10,10,0,2026-09-20 12:36:24,2026-09-20 12:36:24.269
2026-09-20 12:28:11,ENSP400,0101,Caroline Boules,30,30,0,2026-09-20 12:36:24,2026-09-20 12:36:24.517
2026-09-20 12:28:11,ENSP400,0102,Annette Spivy,30,30,0,2026-09-20 12:36:24,2026-09-20 12:36:24.517
2026-09-20 12:28:11,ENSP400,0104,Colleen O'Donnell,20,20,0,2026-09-20 12:36:24,2026-09-20 12:36:24.517
2026-09-20 12:28:11,FGSM398,0101,Jayakumar Arasan,120,120,0,2026-09-20 12:36:44,2026-09-20 12:36:44.542
2026-09-20 12:28:11,FGSM398,0201,Jayakumar Arasan,120,120,0,2026-09-20 12:36:44,2026-09-20 12:36:44.542
2026-09-20 12:28:11,GBHL200,0101,Leena Malayil,18,18,0,2026-09-20 12:37:02,2026-09-20 12:37:02.707
2026-09-20 12:28:11,GBHL200,0201,Leena Malayil,13,13,0,2026-09-20 12:37:02,2026-09-20 12:37:02.708
2026-09-20 12:28:11,GBHL210,0101,Leena Malayil,18,18,0,2026-09-20 12:37:03,2026-09-20 12:37:03.055
2026-09-20 12:28:11,GBHL210,0201,Leena Malayil,13,13,0,2026-09-20 12:37:03,2026-09-20 12:37:03.055
2026-09-20 12:28:11,GBHL310,0101,Catherine Maybury,15,15,0,2026-09-20 12:37:03,2026-09-20 12:37:03.332
2026-09-20 12:28:11,GBHL310,0201,Catherine Maybury,15,15,0,2026-09-20 12:37:03,2026-09-20 12:37:03.332
2026-09-20 12:28:11,GBHL497,0101,Hassanatu Blake,3,3,0,2026-09-20 12:37:04,2026-09-20 12:37:04.144
2026-09-20 12:28:11,GEMS102,0101,David Lovell,180,180,0,2026-09-20 12:37:06,2026-09-20 12:37:06.206
2026-09-20 12:28:11,GEMS208D,0101,Allison Lansverk,1,1,0,2026-09-20 12:37:06,2026-09-20 12:37:06.523
2026-09-20 12:28:11,GEMS208E,0101,Allison Lansverk,18,18,0,2026-09-20 12:37:06,2026-09-20 12:37:06.805
2026-09-20 12:28:11,GEMS208F,0201,Allison Lansverk,12,12,0,2026-09-20 12:37:07,2026-09-20 12:37:07.040
2026-09-20 12:28:11,GEMS208J,0101,Allison Lansverk,24,24,0,2026-09-20 12:37:07,2026-09-20 12:37:07.312
2026-09-20 12:28:11,GEMS208K,0101,Allison Lansverk,30,30,0,2026-09-20 12:37:07,2026-09-20 12:37:07.575
2026-09-20 12:28:11,GEMS208P,0101,Allison Lansverk,15,15,0,2026-09-20 12:37:07,2026-09-20 12:37:07.829
2026-09-20 12:28:11,GEMS208Q,0201,Allison Lansverk,1,1,0,2026-09-20 12:37:08,2026-09-20 12:37:08.081
2026-09-20 12:28:11,GEMS296,0113,David Lovell,5,5,0,2026-09-20 12:37:08,2026-09-20 12:37:08.346
2026-09-20 12:28:11,GEMS297,0101,Instructor: TBA,14,14,0,2026-09-20 12:37:08,2026-09-20 12:37:08.630
2026-09-20 12:28:11,GEMS297,0102,Instructor: TBA,14,14,0,2026-09-20 12:37:08,2026-09-20 12:37:08.631
2026-09-20 12:28:11,GEMS297,0103,Instructor: TBA,14,14,0,2026-09-20 12:37:08,2026-09-20 12:37:08.631
2026-09-20 12:28:11,GEMS297,0104,Instructor: TBA,14,14,0,2026-09-20 12:37:08,2026-09-20 12:37:08.631
2026-09-20 12:28:11,GEMS297,0105,Instructor: TBA,14,14,0,2026-09-20 12:37:08,2026-09-20 12:37:08.631
2026-09-20 12:28:11,GEMS297,0106,Instructor: TBA,14,14,0,2026-09-20 12:37:08,2026-09-20 12:37:08.631
2026-09-20 12:28:11,GEMS297,0107,Instructor: TBA,14,14,0,2026-09-20 12:37:08,2026-09-20 12:37:08.631
2026-09-20 12:28:11,GEMS297,0108,Instructor: TBA,14,14,0,2026-09-20 12:37:08,2026-09-20 12:37:08.631
2026-09-20 12:28:11,GEMS297,0109,Instructor: TBA,14,14,0,2026-09-20 12:37:08,2026-09-20 12:37:08.631
2026-09-20 12:28:11,GEMS297,0110,Instructor: TBA,14,14,0,2026-09-20 12:37:08,2026-09-20 12:37:08.631
2026-09-20 12:28:11,GEMS297,0111,Instructor: TBA,14,14,0,2026-09-20 12:37:08,2026-09-20 12:37:08.631
2026-09-20 12:28:11,GEMS297,0112,Instructor: TBA,14,14,0,2026-09-20 12:37:08,2026-09-20 12:37:08.631
2026-09-20 12:28:11,GEMS297,0113,Instructor: TBA,14,14,0,2026-09-20 12:37:08,2026-09-20 12:37:08.632
2026-09-20 12:28:11,GEMS297,0114,Instructor: TBA,14,14,0,2026-09-20 12:37:08,2026-09-20 12:37:08.632
2026-09-20 12:28:11,GEMS297,0115,Instructor: TBA,5,5,0,2026-09-20 12:37:08,2026-09-20 12:37:08.632
2026-09-20 12:28:11,GEMS396,0113,David Lovell,5,5,0,2026-09-20 12:37:08,2026-09-20 12:37:08.889
2026-09-20 12:28:11,GEMS397,0101,Michael Humber,14,14,0,2026-09-20 12:37:09,2026-09-20 12:37:09.162
2026-09-20 12:28:11,GEMS397,0102,Seth Dickey,14,14,0,2026-09-20 12:37:09,2026-09-20 12:37:09.162
2026-09-20 12:28:11,GEMS397,0103,Cecilia Huertas Cerdeira,14,14,0,2026-09-20 12:37:09,2026-09-20 12:37:09.162
2026-09-20 12:28:11,GEMS397,0104,Rodolphe Gentili,14,14,0,2026-09-20 12:37:09,2026-09-20 12:37:09.162
2026-09-20 12:28:11,GEMS397,0105,Allison Reilly,14,14,0,2026-09-20 12:37:09,2026-09-20 12:37:09.162
2026-09-20 12:28:11,GEMS397,0106,Peter Sunderland,14,14,0,2026-09-20 12:37:09,2026-09-20 12:37:09.162
2026-09-20 12:28:11,GEMS397,0107,Brett Lacey,14,14,0,2026-09-20 12:37:09,2026-09-20 12:37:09.162
2026-09-20 12:28:11,GEMS397,0108,Natalia Buzulukova,14,14,0,2026-09-20 12:37:09,2026-09-20 12:37:09.163
2026-09-20 12:28:11,GEMS397,0109,Anil Deane,14,14,0,2026-09-20 12:37:09,2026-09-20 12:37:09.163
2026-09-20 12:28:11,GEMS397,0110,Colenso Speer,14,14,0,2026-09-20 12:37:09,2026-09-20 12:37:09.163
2026-09-20 12:28:11,GEMS397,0111,Alisa Clyne,14,14,0,2026-09-20 12:37:09,2026-09-20 12:37:09.163
2026-09-20 12:28:11,GEMS397,0112,Xin Zan,14,14,0,2026-09-20 12:37:09,2026-09-20 12:37:09.163
2026-09-20 12:28:11,GEMS397,0113,Instructor: TBA,14,14,0,2026-09-20 12:37:09,2026-09-20 12:37:09.163
2026-09-20 12:28:11,GEMS397,0114,David Lovell,5,5,0,2026-09-20 12:37:09,2026-09-20 12:37:09.163
2026-09-20 12:28:11,GEMS397,0115,David Lovell,5,5,0,2026-09-20 12:37:09,2026-09-20 12:37:09.163
2026-09-20 12:28:11,GEMS496,0113,David Lovell,5,5,0,2026-09-20 12:37:09,2026-09-20 12:37:09.437
2026-09-20 12:28:11,GEMS497,0101,Eric Haag,14,14,0,2026-09-20 12:37:09,2026-09-20 12:37:09.706
2026-09-20 12:28:11,GEMS497,0102,Mohammad Nayeem Teli,14,14,0,2026-09-20 12:37:09,2026-09-20 12:37:09.706
2026-09-20 12:28:11,GEMS497,0103,Norberto Gonzalez- Juarbe,14,14,0,2026-09-20 12:37:09,2026-09-20 12:37:09.706
2026-09-20 12:28:11,GEMS497,0104,Abhinav Shrivastava,14,14,0,2026-09-20 12:37:09,2026-09-20 12:37:09.706
2026-09-20 12:28:11,GEMS497,0105,Hector Alcala,14,14,0,2026-09-20 12:37:09,2026-09-20 12:37:09.706
2026-09-20 12:28:11,GEMS497,0106,Massimo Ricotti,14,14,0,2026-09-20 12:37:09,2026-09-20 12:37:09.707
2026-09-20 12:28:11,GEMS497,0107,Reza Ghodssi,14,14,0,2026-09-20 12:37:09,2026-09-20 12:37:09.707
2026-09-20 12:28:11,GEMS497,0108,Nikhil Chopra,14,14,0,2026-09-20 12:37:09,2026-09-20 12:37:09.707
2026-09-20 12:28:11,GEMS497,0109,Kimberly Stroka,14,14,0,2026-09-20 12:37:09,2026-09-20 12:37:09.707
2026-09-20 12:28:11,GEMS497,0110,Gorjan Alagic,14,14,0,2026-09-20 12:37:09,2026-09-20 12:37:09.707
2026-09-20 12:28:11,GEMS497,0111,Alisa Clyne,14,14,0,2026-09-20 12:37:09,2026-09-20 12:37:09.707
2026-09-20 12:28:11,GEMS497,0112,Xin Zan,14,14,0,2026-09-20 12:37:09,2026-09-20 12:37:09.707
2026-09-20 12:28:11,GEMS497,0113,David Lovell,14,14,0,2026-09-20 12:37:09,2026-09-20 12:37:09.707
2026-09-20 12:28:11,GEMS497,0114,David Lovell,14,14,0,2026-09-20 12:37:09,2026-09-20 12:37:09.707
2026-09-20 12:28:11,GFPL100,0101,Alec Worsnop,21,21,0,2026-09-20 12:37:31,2026-09-20 12:37:31.917
2026-09-20 12:28:11,GFPL100,0102,Alec Worsnop,21,21,0,2026-09-20 12:37:31,2026-09-20 12:37:31.917
2026-09-20 12:28:11,GFPL100,0103,Alec Worsnop,21,21,0,2026-09-20 12:37:31,2026-09-20 12:37:31.917
2026-09-20 12:28:11,GFPL100,0104,Alec Worsnop,21,21,0,2026-09-20 12:37:31,2026-09-20 12:37:31.917
2026-09-20 12:28:11,GFPL100,0105,Alec Worsnop,21,21,0,2026-09-20 12:37:31,2026-09-20 12:37:31.917
2026-09-20 12:28:11,GFPL100,0106,Alec Worsnop,20,20,0,2026-09-20 12:37:31,2026-09-20 12:37:31.917
2026-09-20 12:28:11,GFPL102,0101,Caroline Ritter,95,95,0,2026-09-20 12:37:32,2026-09-20 12:37:32.195
2026-09-20 12:28:11,GFPL372,0101,Devin Entrikin,40,40,0,2026-09-20 12:37:32,2026-09-20 12:37:32.453
2026-09-20 12:28:11,GLBC200,0101,Parker Brookie,30,30,0,2026-09-20 12:37:33,2026-09-20 12:37:33.960
2026-09-20 12:28:11,GLBC360,0101,Hester Baer,30,30,0,2026-09-20 12:37:34,2026-09-20 12:37:34.190
2026-09-20 12:28:11,HACS101,0101,Michel Cukier,35,35,0,2026-09-20 12:37:56,2026-09-20 12:37:56.142
2026-09-20 12:28:11,HACS101,0201,Michel Cukier,35,35,0,2026-09-20 12:37:56,2026-09-20 12:37:56.143
2026-09-20 12:28:11,HACS201,0101,Bertrand Sobesto,26,26,0,2026-09-20 12:37:56,2026-09-20 12:37:56.435
2026-09-20 12:28:11,HACS208A,0101,Lawrence Gordon,20,20,0,2026-09-20 12:37:56,2026-09-20 12:37:56.668
2026-09-20 12:28:11,HACS208E,0101,Ian Serbin,26,26,0,2026-09-20 12:37:56,2026-09-20 12:37:56.921
2026-09-20 12:28:11,HACS208Z,0101,Zulema Belyeu,30,30,0,2026-09-20 12:37:57,2026-09-20 12:37:57.193
2026-09-20 12:28:11,HACS297,0101,Sarah Herberger,25,25,0,2026-09-20 12:37:57,2026-09-20 12:37:57.947
2026-09-20 12:28:11,HACS318A,0101,Lindsey Schrott,75,75,0,2026-09-20 12:37:58,2026-09-20 12:37:58.189
2026-09-20 12:28:11,HACS408C,0101,Lamia Zia,26,26,0,2026-09-20 12:37:58,2026-09-20 12:37:58.438
2026-09-20 12:28:11,HACS408P,0101,Firoozeh Rahimian,26,26,0,2026-09-20 12:37:58,2026-09-20 12:37:58.684
2026-09-20 12:28:11,HACS408T,0101,Kevin Bock,30,30,0,2026-09-20 12:37:58,2026-09-20 12:37:58.930
2026-09-20 12:28:11,HACS408V,0101,Edward Condon,30,30,0,2026-09-20 12:37:59,2026-09-20 12:37:59.204
2026-09-20 12:28:11,HACS497,0101,Cassie Harrington,25,25,0,2026-09-20 12:37:59,2026-09-20 12:37:59.756
2026-09-20 12:28:11,HACS498,0101,Thomas Woods,10,10,0,2026-09-20 12:38:00,2026-09-20 12:38:00.012
2026-09-20 12:28:11,HACS498,0201,Neal Ziring,18,18,0,2026-09-20 12:38:00,2026-09-20 12:38:00.013
2026-09-20 12:28:11,HACS498,0301,Michel Cukier,4,4,0,2026-09-20 12:38:00,2026-09-20 12:38:00.013
2026-09-20 12:28:11,HBUS105,0101,Daniel McCarthy,65,65,0,2026-09-20 12:38:01,2026-09-20 12:38:01.561
2026-09-20 12:28:11,HBUS205,0101,Jui Ramaprasad,60,60,0,2026-09-20 12:38:01,2026-09-20 12:38:01.839
2026-09-20 12:28:11,HDCC106,0101,Jessica Lu,10,10,0,2026-09-20 12:38:03,2026-09-20 12:38:03.266
2026-09-20 12:28:11,HDCC106,0201,William Evans,10,10,0,2026-09-20 12:38:03,2026-09-20 12:38:03.266
2026-09-20 12:28:11,HDCC106,0301,Grant Bollmer,10,10,0,2026-09-20 12:38:03,2026-09-20 12:38:03.266
2026-09-20 12:28:11,HDCC106,0401,Cliff Bakalian,10,10,0,2026-09-20 12:38:03,2026-09-20 12:38:03.266
2026-09-20 12:28:11,HDCC106,0501,Alex Leitch,10,10,0,2026-09-20 12:38:03,2026-09-20 12:38:03.266
2026-09-20 12:28:11,HDCC106,0601,Jade Olson,10,10,0,2026-09-20 12:38:03,2026-09-20 12:38:03.266
2026-09-20 12:28:11,HDCC106,0701,Courtney Ray,10,10,0,2026-09-20 12:38:03,2026-09-20 12:38:03.266
2026-09-20 12:28:11,HDCC209A,0101,Jessica Lu,15,15,0,2026-09-20 12:38:03,2026-09-20 12:38:03.523
2026-09-20 12:28:11,HDCC209B,0101,Nishtha Das,15,15,0,2026-09-20 12:38:03,2026-09-20 12:38:03.793
2026-09-20 12:28:11,HDCC209C,0101,Hansika Murugu,15,15,0,2026-09-20 12:38:04,2026-09-20 12:38:04.089
2026-09-20 12:28:11,HEBR107,0101,Avital Karpman,15,15,0,2026-09-20 12:38:05,2026-09-20 12:38:05.813
2026-09-20 12:28:11,HEBR107,0201,Avital Karpman,15,15,0,2026-09-20 12:38:05,2026-09-20 12:38:05.813
2026-09-20 12:28:11,HEBR207,0101,Avital Karpman,15,15,0,2026-09-20 12:38:06,2026-09-20 12:38:06.086
2026-09-20 12:28:11,HEBR249A,0101,Aliza Sandalon,15,15,0,2026-09-20 12:38:06,2026-09-20 12:38:06.318
2026-09-20 12:28:11,HEBR314,0101,Aliza Sandalon,20,20,0,2026-09-20 12:38:06,2026-09-20 12:38:06.563
2026-09-20 12:28:11,HGLO298,0101,Daniel Tuke,30,30,0,2026-09-20 12:38:23,2026-09-20 12:38:23.391
2026-09-20 12:28:11,HHUM106,0101,Sarah Humud,17,17,0,2026-09-20 12:38:24,2026-09-20 12:38:24.836
2026-09-20 12:28:11,HHUM106,0102,Sarah Humud,17,17,0,2026-09-20 12:38:24,2026-09-20 12:38:24.836
2026-09-20 12:28:11,HHUM106,0103,Sarah Humud,17,17,0,2026-09-20 12:38:24,2026-09-20 12:38:24.836
2026-09-20 12:28:11,HHUM106,0104,Sarah Humud,17,17,0,2026-09-20 12:38:24,2026-09-20 12:38:24.836
2026-09-20 12:28:11,HHUM206,0101,Sarah Humud,15,15,0,2026-09-20 12:38:25,2026-09-20 12:38:25.077
2026-09-20 12:28:11,HHUM206,0102,Sarah Humud,15,15,0,2026-09-20 12:38:25,2026-09-20 12:38:25.077
2026-09-20 12:28:11,HHUM206,0103,Sarah Humud,15,15,0,2026-09-20 12:38:25,2026-09-20 12:38:25.077
2026-09-20 12:28:11,HHUM206,0104,Sarah Humud,15,15,0,2026-09-20 12:38:25,2026-09-20 12:38:25.077
2026-09-20 12:28:11,HHUM328,0101,Sarah Humud,20,20,0,2026-09-20 12:38:25,2026-09-20 12:38:25.326
2026-09-20 12:28:11,HHUM329,0101,Sarah Humud,5,5,0,2026-09-20 12:38:25,2026-09-20 12:38:25.577
2026-09-20 12:28:11,HISP200,0101,Stefan Woehlke,22,22,0,2026-09-20 12:38:27,2026-09-20 12:38:27.077
2026-09-20 12:28:11,HISP200,0102,Stefan Woehlke,22,22,0,2026-09-20 12:38:27,2026-09-20 12:38:27.077
2026-09-20 12:28:11,HISP200,0103,Stefan Woehlke,22,22,0,2026-09-20 12:38:27,2026-09-20 12:38:27.077
2026-09-20 12:28:11,HISP200,0104,Stefan Woehlke,22,22,0,2026-09-20 12:38:27,2026-09-20 12:38:27.077
2026-09-20 12:28:11,HISP200,0105,Stefan Woehlke,22,22,0,2026-09-20 12:38:27,2026-09-20 12:38:27.077
2026-09-20 12:28:11,HISP319E,0101,Michelle Magalong,20,20,0,2026-09-20 12:38:27,2026-09-20 12:38:27.361
2026-09-20 12:28:11,HISP319S,0101,Michelle Magalong,30,30,0,2026-09-20 12:38:27,2026-09-20 12:38:27.617
2026-09-20 12:28:11,HISP619E,0101,Michelle Magalong,24,24,0,2026-09-20 12:38:27,2026-09-20 12:38:27.866
2026-09-20 12:28:11,HISP619O,0101,Stefan Woehlke,5,5,0,2026-09-20 12:38:28,2026-09-20 12:38:28.139
2026-09-20 12:28:11,HISP630,0101,Rhonda Sincavage,15,15,0,2026-09-20 12:38:28,2026-09-20 12:38:28.412
2026-09-20 12:28:11,HISP635,0101,Eola Dance,10,10,0,2026-09-20 12:38:28,2026-09-20 12:38:28.676
2026-09-20 12:28:11,HISP640,0101,Frederick Stachura,15,15,0,2026-09-20 12:38:28,2026-09-20 12:38:28.909
2026-09-20 12:28:11,HISP655,0101,Donald Linebaugh,15,15,0,2026-09-20 12:38:29,2026-09-20 12:38:29.167
2026-09-20 12:28:11,HISP660,0101,Instructor: TBA,15,15,0,2026-09-20 12:38:29,2026-09-20 12:38:29.422
2026-09-20 12:28:11,HISP670,0101,Alfonso Narvaez,15,15,0,2026-09-20 12:38:29,2026-09-20 12:38:29.696
2026-09-20 12:28:11,HISP690,0101,Donald Linebaugh,15,15,0,2026-09-20 12:38:29,2026-09-20 12:38:29.981
2026-09-20 12:28:11,HISP701,0101,Instructor: TBA,5,5,0,2026-09-20 12:38:30,2026-09-20 12:38:30.252
2026-09-20 12:28:11,HISP710,0101,Susan Kern,15,15,0,2026-09-20 12:38:30,2026-09-20 12:38:30.539
2026-09-20 12:28:11,HISP711,0101,Susan Kern,15,15,0,2026-09-20 12:38:30,2026-09-20 12:38:30.771
2026-09-20 12:28:11,HLSC102,0101,Sabrina Kramer,94,94,0,2026-09-20 12:38:54,2026-09-20 12:38:54.860
2026-09-20 12:28:11,HLSC102,0102,Jalah Townsend,35,35,0,2026-09-20 12:38:54,2026-09-20 12:38:54.860
2026-09-20 12:28:11,HLSC227,0101,Najib El-Sayed,25,25,0,2026-09-20 12:38:55,2026-09-20 12:38:55.119
2026-09-20 12:28:11,HLSC322,0101,Leslie Pick,23,23,0,2026-09-20 12:38:55,2026-09-20 12:38:55.362
2026-09-20 12:28:11,HLSC322,0102,Leslie Pick,23,23,0,2026-09-20 12:38:55,2026-09-20 12:38:55.362
2026-09-20 12:28:11,HLSC322,0103,Sabrina Kramer,23,23,0,2026-09-20 12:38:55,2026-09-20 12:38:55.362
2026-09-20 12:28:11,HLSC322,0104,Sabrina Kramer,23,23,0,2026-09-20 12:38:55,2026-09-20 12:38:55.362
2026-09-20 12:28:11,HLSC329,0101,Sabrina Kramer,12,12,0,2026-09-20 12:38:55,2026-09-20 12:38:55.623
2026-09-20 12:28:11,HNUH100,0101,Leigha McReynolds,10,10,0,2026-09-20 12:39:08,2026-09-20 12:39:08.667
2026-09-20 12:28:11,HNUH218D,0101,Brian Gilmore,50,50,0,2026-09-20 12:39:08,2026-09-20 12:39:08.937
2026-09-20 12:28:11,HNUH218L,0101,Shauna Rigaud,20,20,0,2026-09-20 12:39:09,2026-09-20 12:39:09.194
2026-09-20 12:28:11,HNUH218L,0201,Shauna Rigaud,20,20,0,2026-09-20 12:39:09,2026-09-20 12:39:09.194
2026-09-20 12:28:11,HNUH218M,0101,Instructor: TBA,20,20,0,2026-09-20 12:39:09,2026-09-20 12:39:09.429
2026-09-20 12:28:11,HNUH228D,0101,Matthew McLaughlin,20,20,0,2026-09-20 12:39:09,2026-09-20 12:39:09.679
2026-09-20 12:28:11,HNUH228L,0101,Alena Wigodner,20,20,0,2026-09-20 12:39:09,2026-09-20 12:39:09.937
2026-09-20 12:28:11,HNUH228L,0201,Alena Wigodner,20,20,0,2026-09-20 12:39:09,2026-09-20 12:39:09.937
2026-09-20 12:28:11,HNUH228M,0101,Ted Baker,20,20,0,2026-09-20 12:39:10,2026-09-20 12:39:10.186
2026-09-20 12:28:11,HNUH229P,0101,Tyson Slocum,20,20,0,2026-09-20 12:39:10,2026-09-20 12:39:10.484
2026-09-20 12:28:11,HNUH238D,0101,Susan Moeller,60,60,0,2026-09-20 12:39:10,2026-09-20 12:39:10.734
2026-09-20 12:28:11,HNUH238L,0101,Kimberly Johnson,20,20,0,2026-09-20 12:39:10,2026-09-20 12:39:10.977
2026-09-20 12:28:11,HNUH238L,0201,Kimberly Johnson,20,20,0,2026-09-20 12:39:10,2026-09-20 12:39:10.977
2026-09-20 12:28:11,HNUH238M,0101,Daniel Reck,20,20,0,2026-09-20 12:39:11,2026-09-20 12:39:11.234
2026-09-20 12:28:11,HNUH239I,0101,Jon Crocker,20,20,0,2026-09-20 12:39:11,2026-09-20 12:39:11.528
2026-09-20 12:28:11,HNUH248D,0101,Juan Uriagereka,45,45,0,2026-09-20 12:39:11,2026-09-20 12:39:11.783
2026-09-20 12:28:11,HNUH249T,0101,Daniel Rosenthal,20,20,0,2026-09-20 12:39:12,2026-09-20 12:39:12.049
2026-09-20 12:28:11,HNUH258C,0101,Bill Fagan,55,55,0,2026-09-20 12:39:12,2026-09-20 12:39:12.312
2026-09-20 12:28:11,HNUH258O,0101,Amy Green,20,20,0,2026-09-20 12:39:12,2026-09-20 12:39:12.584
2026-09-20 12:28:11,HNUH259T,0101,Ingrid Satelmajer,20,20,0,2026-09-20 12:39:12,2026-09-20 12:39:12.855
2026-09-20 12:28:11,HNUH268C,0101,Perla Guerrero,60,60,0,2026-09-20 12:39:13,2026-09-20 12:39:13.097
2026-09-20 12:28:11,HNUH268Q,0101,Ebonie Johnson Cooper,20,20,0,2026-09-20 12:39:13,2026-09-20 12:39:13.353
2026-09-20 12:28:11,HNUH268R,0201,Vasfiye Toprak,20,20,0,2026-09-20 12:39:13,2026-09-20 12:39:13.645
2026-09-20 12:28:11,HNUH269T,0101,James Stillwell,20,20,0,2026-09-20 12:39:13,2026-09-20 12:39:13.903
2026-09-20 12:28:11,HNUH278C,0101,Chinyere Osuji,60,60,0,2026-09-20 12:39:14,2026-09-20 12:39:14.166
2026-09-20 12:28:11,HNUH278I,0101,Marisa Franco,20,20,0,2026-09-20 12:39:14,2026-09-20 12:39:14.424
2026-09-20 12:28:11,HNUH278I,0201,Marisa Franco,20,20,0,2026-09-20 12:39:14,2026-09-20 12:39:14.424
2026-09-20 12:28:11,HNUH278O,0101,DeNeen Brown,20,20,0,2026-09-20 12:39:14,2026-09-20 12:39:14.730
2026-09-20 12:28:11,HNUH278Q,0101,Instructor: TBA,20,20,0,2026-09-20 12:39:14,2026-09-20 12:39:14.977
2026-09-20 12:28:11,HNUH278R,0101,Max Barnewitz,20,20,0,2026-09-20 12:39:15,2026-09-20 12:39:15.248
2026-09-20 12:28:11,HNUH288C,0101,Julia Steinberg,30,30,0,2026-09-20 12:39:15,2026-09-20 12:39:15.535
2026-09-20 12:28:11,HNUH288C,0102,Julia Steinberg,30,30,0,2026-09-20 12:39:15,2026-09-20 12:39:15.535
2026-09-20 12:28:11,HNUH288O,0101,Ariana Nash,20,20,0,2026-09-20 12:39:15,2026-09-20 12:39:15.779
2026-09-20 12:28:11,HNUH300,0201,Vasfiye Toprak,20,20,0,2026-09-20 12:39:16,2026-09-20 12:39:16.061
2026-09-20 12:28:11,HNUH300,0301,Shauna Rigaud,20,20,0,2026-09-20 12:39:16,2026-09-20 12:39:16.062
2026-09-20 12:28:11,HNUH300,0401,Instructor: TBA,20,20,0,2026-09-20 12:39:16,2026-09-20 12:39:16.062
2026-09-20 12:28:11,HNUH300,0501,Kimberly Johnson,20,20,0,2026-09-20 12:39:16,2026-09-20 12:39:16.062
2026-09-20 12:28:11,HNUH300,0701,Vasfiye Toprak,20,20,0,2026-09-20 12:39:16,2026-09-20 12:39:16.062
2026-09-20 12:28:11,HNUH300,0801,Instructor: TBA,20,20,0,2026-09-20 12:39:16,2026-09-20 12:39:16.062
2026-09-20 12:28:11,HNUH300,0901,Alena Wigodner,20,20,0,2026-09-20 12:39:16,2026-09-20 12:39:16.062
2026-09-20 12:28:11,HNUH300,1001,Robert Graham,20,20,0,2026-09-20 12:39:16,2026-09-20 12:39:16.062
2026-09-20 12:28:11,HNUH300,1101,Instructor: TBA,20,20,0,2026-09-20 12:39:16,2026-09-20 12:39:16.062
2026-09-20 12:28:11,HNUH398P,0101,Jayakumar Arasan,120,120,0,2026-09-20 12:39:16,2026-09-20 12:39:16.318
2026-09-20 12:28:11,HNUH398P,0201,Jayakumar Arasan,120,120,0,2026-09-20 12:39:16,2026-09-20 12:39:16.318
2026-09-20 12:28:11,HONR379W,0101,Blake Wilder,15,15,0,2026-09-20 12:39:17,2026-09-20 12:39:17.753
2026-09-20 12:28:11,IDEA201,0101,Mira Azarm,20,20,0,2026-09-20 12:39:19,2026-09-20 12:39:19.254
2026-09-20 12:28:11,IDEA201,0102,Christina Hnatov,10,10,0,2026-09-20 12:39:19,2026-09-20 12:39:19.255
2026-09-20 12:28:11,IDEA201,0103,Brooke Smith,60,60,0,2026-09-20 12:39:19,2026-09-20 12:39:19.255
2026-09-20 12:28:11,IDEA201,0104,Brooke Smith,60,60,0,2026-09-20 12:39:19,2026-09-20 12:39:19.255
2026-09-20 12:28:11,IDEA311,0101,Brooke Smith,40,40,0,2026-09-20 12:39:19,2026-09-20 12:39:19.546
2026-09-20 12:28:11,IDEA311,0102,Brooke Smith,15,15,0,2026-09-20 12:39:19,2026-09-20 12:39:19.546
2026-09-20 12:28:11,IMDM101,0101,Stevens Miller,30,30,0,2026-09-20 12:39:21,2026-09-20 12:39:21.501
2026-09-20 12:28:11,IMDM101,0201,Stevens Miller,30,30,0,2026-09-20 12:39:21,2026-09-20 12:39:21.501
2026-09-20 12:28:11,IMDM101,0301,Myungin Lee,30,30,0,2026-09-20 12:39:21,2026-09-20 12:39:21.501
2026-09-20 12:28:11,IMDM127,0101,Matthew Nolan,30,30,0,2026-09-20 12:39:21,2026-09-20 12:39:21.784
2026-09-20 12:28:11,IMDM150,0101,Cy Keener,45,45,0,2026-09-20 12:39:22,2026-09-20 12:39:22.067
2026-09-20 12:28:11,IMDM290,0101,Myungin Lee,30,30,0,2026-09-20 12:39:22,2026-09-20 12:39:22.306
2026-09-20 12:28:11,IMDM290,0201,Myungin Lee,30,30,0,2026-09-20 12:39:22,2026-09-20 12:39:22.306
2026-09-20 12:28:11,IMDM390,0101,Stefano Passeri,30,30,0,2026-09-20 12:39:22,2026-09-20 12:39:22.586
2026-09-20 12:28:11,IMDM390,0201,Stefano Passeri,30,30,0,2026-09-20 12:39:22,2026-09-20 12:39:22.586
2026-09-20 12:28:11,IMDM491,0101,Matthew Nolan,30,30,0,2026-09-20 12:39:23,2026-09-20 12:39:23.103
2026-09-20 12:28:11,IMDM491,0201,Matthew Nolan,30,30,0,2026-09-20 12:39:23,2026-09-20 12:39:23.103
2026-09-20 12:28:11,IMDM498I,0101,Snehesh Shrestha,16,16,0,2026-09-20 12:39:23,2026-09-20 12:39:23.396
2026-09-20 12:28:11,IMDM498J,0101,Yael Inbar,15,15,0,2026-09-20 12:39:23,2026-09-20 12:39:23.668
2026-09-20 12:28:11,IMMR200,0101,Instructor: TBA,40,40,0,2026-09-20 12:39:25,2026-09-20 12:39:25.381
2026-09-20 12:28:11,IMMR394,0101,Wenxi Yang,25,25,0,2026-09-20 12:39:25,2026-09-20 12:39:25.633
2026-09-20 12:28:11,IMMR399,0101,Christina Getrich,1,1,0,2026-09-20 12:39:25,2026-09-20 12:39:25.903
2026-09-20 12:28:11,INFM612,IM01,Instructor: TBA,40,40,0,2026-09-20 12:39:31,2026-09-20 12:39:31.400
2026-09-20 12:28:11,INFM737,IM01,David Loshin,40,40,0,2026-09-20 12:39:31,2026-09-20 12:39:31.650
2026-09-20 12:28:11,ISRL187,0101,Bernard Cooperman,23,23,0,2026-09-20 12:39:50,2026-09-20 12:39:50.915
2026-09-20 12:28:11,ISRL187,0102,Bernard Cooperman,23,23,0,2026-09-20 12:39:50,2026-09-20 12:39:50.916
2026-09-20 12:28:11,ISRL187,0103,Bernard Cooperman,23,23,0,2026-09-20 12:39:50,2026-09-20 12:39:50.916
2026-09-20 12:28:11,ISRL249O,0101,Aner Tal,35,35,0,2026-09-20 12:39:51,2026-09-20 12:39:51.198
2026-09-20 12:28:11,ISRL249P,0101,Aliza Sandalon,15,15,0,2026-09-20 12:39:51,2026-09-20 12:39:51.434
2026-09-20 12:28:11,ISRL282,0101,Shirelle Doughty,30,30,0,2026-09-20 12:39:51,2026-09-20 12:39:51.689
2026-09-20 12:28:11,ISRL329D,0101,Regev Ben-David,35,35,0,2026-09-20 12:39:51,2026-09-20 12:39:51.944
2026-09-20 12:28:11,ISRL329Y,0101,Marwa Maziad,30,30,0,2026-09-20 12:39:52,2026-09-20 12:39:52.214
2026-09-20 12:28:11,ISRL342,0101,Elli Lieberman,35,35,0,2026-09-20 12:39:52,2026-09-20 12:39:52.453
2026-09-20 12:28:11,ISRL349N,0101,Morad Elsana,30,30,0,2026-09-20 12:39:52,2026-09-20 12:39:52.722
2026-09-20 12:28:11,ISRL349W,0101,Avital Karpman,35,35,0,2026-09-20 12:39:52,2026-09-20 12:39:52.970
2026-09-20 12:28:11,ISRL380,0101,Regev Ben-David,35,35,0,2026-09-20 12:39:53,2026-09-20 12:39:53.226
2026-09-20 12:28:11,ISRL383,0101,Ilai Saltzman,35,35,0,2026-09-20 12:39:53,2026-09-20 12:39:53.479
2026-09-20 12:28:11,JAPN102,0101,Kumiko Akikawa,15,15,0,2026-09-20 12:39:57,2026-09-20 12:39:57.316
2026-09-20 12:28:11,JAPN102,0201,Kumiko Akikawa,15,15,0,2026-09-20 12:39:57,2026-09-20 12:39:57.316
2026-09-20 12:28:11,JAPN202,0101,Makiko Inoue,15,15,0,2026-09-20 12:39:57,2026-09-20 12:39:57.549
2026-09-20 12:28:11,JAPN202,0201,Makiko Inoue,15,15,0,2026-09-20 12:39:57,2026-09-20 12:39:57.549
2026-09-20 12:28:11,JAPN302,0101,Mari Hamada,15,15,0,2026-09-20 12:39:57,2026-09-20 12:39:57.800
2026-09-20 12:28:11,JAPN306,0101,Lindsay Yotsukura,15,15,0,2026-09-20 12:39:58,2026-09-20 12:39:58.045
2026-09-20 12:28:11,JAPN335,0101,Michele Mason,20,20,0,2026-09-20 12:39:58,2026-09-20 12:39:58.322
2026-09-20 12:28:11,JAPN355,0101,Jyana Browne,20,20,0,2026-09-20 12:39:58,2026-09-20 12:39:58.586
2026-09-20 12:28:11,JAPN361,0101,Instructor: TBA,20,20,0,2026-09-20 12:39:58,2026-09-20 12:39:58.841
2026-09-20 12:28:11,JAPN425,0101,Michele Mason,25,25,0,2026-09-20 12:39:59,2026-09-20 12:39:59.392
2026-09-20 12:28:11,JAPN457,0101,Lindsay Yotsukura,15,15,0,2026-09-20 12:39:59,2026-09-20 12:39:59.678
2026-09-20 12:28:11,JWST187,0101,Bernard Cooperman,23,23,0,2026-09-20 12:40:27,2026-09-20 12:40:27.557
2026-09-20 12:28:11,JWST187,0102,Bernard Cooperman,23,23,0,2026-09-20 12:40:27,2026-09-20 12:40:27.557
2026-09-20 12:28:11,JWST187,0103,Bernard Cooperman,23,23,0,2026-09-20 12:40:27,2026-09-20 12:40:27.557
2026-09-20 12:28:11,JWST233,0101,Hayim Lapin,30,30,0,2026-09-20 12:40:27,2026-09-20 12:40:27.827
2026-09-20 12:28:11,JWST319A,0101,Daniel Richter,35,35,0,2026-09-20 12:40:28,2026-09-20 12:40:28.120
2026-09-20 12:28:11,JWST319J,0101,Nathan Levine,35,35,0,2026-09-20 12:40:28,2026-09-20 12:40:28.360
2026-09-20 12:28:11,JWST319J,PBU1,Nathan Levine,3,3,0,2026-09-20 12:40:28,2026-09-20 12:40:28.360
2026-09-20 12:28:11,JWST319P,0101,Lauren Kotkin,18,18,0,2026-09-20 12:40:28,2026-09-20 12:40:28.634
2026-09-20 12:28:11,JWST319Q,0101,Regev Ben-David,35,35,0,2026-09-20 12:40:28,2026-09-20 12:40:28.892
2026-09-20 12:28:11,JWST319W,0101,Avital Karpman,35,35,0,2026-09-20 12:40:29,2026-09-20 12:40:29.152
2026-09-20 12:28:11,JWST324,0101,Matthew Suriano,25,25,0,2026-09-20 12:40:29,2026-09-20 12:40:29.405
2026-09-20 12:28:11,JWST386,0101,Instructor: TBA,5,5,0,2026-09-20 12:40:29,2026-09-20 12:40:29.696
2026-09-20 12:28:11,JWST419B,0101,Bernard Cooperman,9,9,0,2026-09-20 12:40:30,2026-09-20 12:40:30.200
2026-09-20 12:28:11,JWST427,0101,Matthew Suriano,15,15,0,2026-09-20 12:40:30,2026-09-20 12:40:30.473
2026-09-20 12:28:11,JWST469C,0101,Bernard Cooperman,10,10,0,2026-09-20 12:40:30,2026-09-20 12:40:30.753
2026-09-20 12:28:11,KORA101,0101,Seong Minne Koh,15,15,0,2026-09-20 12:40:53,2026-09-20 12:40:53.379
2026-09-20 12:28:11,KORA102,0101,Saerom Kwak,15,15,0,2026-09-20 12:40:53,2026-09-20 12:40:53.639
2026-09-20 12:28:11,KORA102,0201,Saerom Kwak,15,15,0,2026-09-20 12:40:53,2026-09-20 12:40:53.640
2026-09-20 12:28:11,KORA102,0301,Saerom Kwak,15,15,0,2026-09-20 12:40:53,2026-09-20 12:40:53.640
2026-09-20 12:28:11,KORA102,0401,Saerom Kwak,15,15,0,2026-09-20 12:40:53,2026-09-20 12:40:53.640
2026-09-20 12:28:11,KORA202,0101,Seong Minne Koh,15,15,0,2026-09-20 12:40:53,2026-09-20 12:40:53.912
2026-09-20 12:28:11,KORA202,0301,Seong Minne Koh,15,15,0,2026-09-20 12:40:53,2026-09-20 12:40:53.912
2026-09-20 12:28:11,KORA398O,0101,Instructor: TBA,10,10,0,2026-09-20 12:40:54,2026-09-20 12:40:54.185
2026-09-20 12:28:11,KORA398V,0101,Seong Minne Koh,10,10,0,2026-09-20 12:40:54,2026-09-20 12:40:54.471
2026-09-20 12:28:11,LEAD217,0101,Pamela Scott,25,25,0,2026-09-20 12:41:09,2026-09-20 12:41:09.418
2026-09-20 12:28:11,LEAD217,0201,Pamela Scott,25,25,0,2026-09-20 12:41:09,2026-09-20 12:41:09.418
2026-09-20 12:28:11,LEAD321,0101,Courtney Holder,10,10,0,2026-09-20 12:41:09,2026-09-20 12:41:09.663
2026-09-20 12:28:11,LEAD417,0101,Anastasia Lavrenyuk,20,20,0,2026-09-20 12:41:09,2026-09-20 12:41:09.927
2026-09-20 12:28:11,LGBT200,0101,Sayan Bhattacharya,25,25,0,2026-09-20 12:41:11,2026-09-20 12:41:11.384
2026-09-20 12:28:11,LGBT200,0102,Sayan Bhattacharya,25,25,0,2026-09-20 12:41:11,2026-09-20 12:41:11.384
2026-09-20 12:28:11,LGBT265,0201,Instructor: TBA,30,30,0,2026-09-20 12:41:11,2026-09-20 12:41:11.643
2026-09-20 12:28:11,LGBT310,0101,Sayan Bhattacharya,25,25,0,2026-09-20 12:41:11,2026-09-20 12:41:11.930
2026-09-20 12:28:11,LGBT475,0101,Sydney Lewis,20,20,0,2026-09-20 12:41:12,2026-09-20 12:41:12.182
2026-09-20 12:28:11,MLAW150,0101,David Gray,25,25,0,2026-09-20 12:41:42,2026-09-20 12:41:42.592
2026-09-20 12:28:11,MLAW150,0102,David Gray,25,25,0,2026-09-20 12:41:42,2026-09-20 12:41:42.592
2026-09-20 12:28:11,MLAW150,0103,David Gray,25,25,0,2026-09-20 12:41:42,2026-09-20 12:41:42.592
2026-09-20 12:28:11,MLAW304,0101,Christine White,40,40,0,2026-09-20 12:41:42,2026-09-20 12:41:42.855
2026-09-20 12:28:11,MLAW305,0201,Brian Gilmore,60,60,0,2026-09-20 12:41:43,2026-09-20 12:41:43.119
2026-09-20 12:28:11,MLAW325,0101,Grace Benton,12,12,0,2026-09-20 12:41:43,2026-09-20 12:41:43.365
2026-09-20 12:28:11,MLAW358W,0101,Michael Spivey,25,25,0,2026-09-20 12:41:43,2026-09-20 12:41:43.625
2026-09-20 12:28:11,MLAW358W,0102,Michael Spivey,25,25,0,2026-09-20 12:41:43,2026-09-20 12:41:43.625
2026-09-20 12:28:11,MLAW358W,0103,Michael Spivey,25,25,0,2026-09-20 12:41:43,2026-09-20 12:41:43.625
2026-09-20 12:28:11,MLAW358W,0104,Michael Spivey,25,25,0,2026-09-20 12:41:43,2026-09-20 12:41:43.626
2026-09-20 12:28:11,MLAW358W,0105,Michael Spivey,25,25,0,2026-09-20 12:41:43,2026-09-20 12:41:43.626
2026-09-20 12:28:11,MLAW358W,0106,Michael Spivey,25,25,0,2026-09-20 12:41:43,2026-09-20 12:41:43.626
2026-09-20 12:28:11,MLAW358Y,0101,Martin Kobren,5,5,0,2026-09-20 12:41:43,2026-09-20 12:41:43.858
2026-09-20 12:28:11,MLAW358Z,0101,Christine White,19,19,0,2026-09-20 12:41:44,2026-09-20 12:41:44.109
2026-09-20 12:28:11,MLAW359,0101,Brandee Pettus,8,8,0,2026-09-20 12:41:44,2026-09-20 12:41:44.382
2026-09-20 12:28:11,MLAW378E,0101,Brandee Pettus,5,5,0,2026-09-20 12:41:44,2026-09-20 12:41:44.649
2026-09-20 12:28:11,MLAW378F,0101,Brian Gilmore,15,15,0,2026-09-20 12:41:44,2026-09-20 12:41:44.938
2026-09-20 12:28:11,MLAW378J,0101,Natalie Ram,20,20,0,2026-09-20 12:41:45,2026-09-20 12:41:45.208
2026-09-20 12:28:11,MLAW378T,0101,Marley Weiss,20,20,0,2026-09-20 12:41:45,2026-09-20 12:41:45.470
2026-09-20 12:28:11,MLAW388,0101,Brandee Pettus,33,33,0,2026-09-20 12:41:45,2026-09-20 12:41:45.720
2026-09-20 12:28:11,MLAW388,0201,Brandee Pettus,6,6,0,2026-09-20 12:41:45,2026-09-20 12:41:45.720
2026-09-20 12:28:11,MLAW404,0101,Christine White,75,75,0,2026-09-20 12:41:45,2026-09-20 12:41:45.979
2026-09-20 12:28:11,MSAI602,PCS1,Tammy Perrin,30,30,0,2026-09-20 12:41:47,2026-09-20 12:41:47.410
2026-09-20 12:28:11,MSAI603,PWS1,Kemal Davaslioglu,50,50,0,2026-09-20 12:41:47,2026-09-20 12:41:47.683
2026-09-20 12:28:11,MSAI605,PCS1,Jerry Wu,55,55,0,2026-09-20 12:41:47,2026-09-20 12:41:47.958
2026-09-20 12:28:11,MSAI605,PCS2,Samet Ayhan,55,55,0,2026-09-20 12:41:47,2026-09-20 12:41:47.958
2026-09-20 12:28:11,MSAI605,PCS3,Rajeev Barua,65,65,0,2026-09-20 12:41:47,2026-09-20 12:41:47.958
2026-09-20 12:28:11,MSML602,PCS1,Tammy Perrin,30,30,0,2026-09-20 12:41:49,2026-09-20 12:41:49.409
2026-09-20 12:28:11,MSML603,PWS1,Kemal Davaslioglu,50,50,0,2026-09-20 12:41:49,2026-09-20 12:41:49.702
2026-09-20 12:28:11,MSML604,PCS1,Richard La,38,38,0,2026-09-20 12:41:49,2026-09-20 12:41:49.990
2026-09-20 12:28:11,MSML604,PCS2,Richard La,38,38,0,2026-09-20 12:41:49,2026-09-20 12:41:49.990
2026-09-20 12:28:11,MSML604,PCS3,Siddharth Pal,55,55,0,2026-09-20 12:41:49,2026-09-20 12:41:49.990
2026-09-20 12:28:11,MSML605,PCS1,Jerry Wu,55,55,0,2026-09-20 12:41:50,2026-09-20 12:41:50.245
2026-09-20 12:28:11,MSML605,PCS2,Samet Ayhan,55,55,0,2026-09-20 12:41:50,2026-09-20 12:41:50.245
2026-09-20 12:28:11,MSML605,PCS3,Rajeev Barua,65,65,0,2026-09-20 12:41:50,2026-09-20 12:41:50.245
2026-09-20 12:28:11,MSML606,PCS2,Sujeong Kim,55,55,0,2026-09-20 12:41:50,2026-09-20 12:41:50.516
2026-09-20 12:28:11,MSML606,PCS3,Samet Ayhan,55,55,0,2026-09-20 12:41:50,2026-09-20 12:41:50.516
2026-09-20 12:28:11,MSML612,PCS1,Samet Ayhan,55,55,0,2026-09-20 12:41:50,2026-09-20 12:41:50.777
2026-09-20 12:28:11,MSML612,PCS2,Samet Ayhan,55,55,0,2026-09-20 12:41:50,2026-09-20 12:41:50.777
2026-09-20 12:28:11,MSML612,PCS3,Emre Gunduzhan,55,55,0,2026-09-20 12:41:50,2026-09-20 12:41:50.777
2026-09-20 12:28:11,MSML640,PCS1,Jerry Wu,70,70,0,2026-09-20 12:41:51,2026-09-20 12:41:51.013
2026-09-20 12:28:11,MSML640,PCS2,Sujeong Kim,55,55,0,2026-09-20 12:41:51,2026-09-20 12:41:51.013
2026-09-20 12:28:11,MSML641,PCS1,Armin Mehrabian,55,55,0,2026-09-20 12:41:51,2026-09-20 12:41:51.272
2026-09-20 12:28:11,NAVY101,0101,Beau Cisneros,30,30,0,2026-09-20 12:42:22,2026-09-20 12:42:22.273
2026-09-20 12:28:11,NAVY108,0101,Christopher Boehm,150,150,0,2026-09-20 12:42:25,2026-09-20 12:42:25.886
2026-09-20 12:28:11,NAVY201,0101,Austin Cranfill,30,30,0,2026-09-20 12:42:26,2026-09-20 12:42:26.162
2026-09-20 12:28:11,NAVY301,0101,Beau Cisneros,35,35,0,2026-09-20 12:42:26,2026-09-20 12:42:26.404
2026-09-20 12:28:11,NAVY401,0101,John Gonser,36,36,0,2026-09-20 12:42:26,2026-09-20 12:42:26.639
2026-09-20 12:28:11,NAVY402,0102,Jenna Weiner,25,25,0,2026-09-20 12:42:26,2026-09-20 12:42:26.876
2026-09-20 12:28:11,NEUR200,0101,Ana Navarro Cebrian,90,90,0,2026-09-20 12:42:28,2026-09-20 12:42:28.356
2026-09-20 12:28:11,NEUR200,0201,Ana Navarro Cebrian,90,90,0,2026-09-20 12:42:28,2026-09-20 12:42:28.356
2026-09-20 12:28:11,NEUR305,0101,Amanda Chicoli,90,90,0,2026-09-20 12:42:28,2026-09-20 12:42:28.626
2026-09-20 12:28:11,NEUR306,0101,Chan Lin,64,64,0,2026-09-20 12:42:28,2026-09-20 12:42:28.906
2026-09-20 12:28:11,NEUR306,0102,Melissa Caras,40,40,0,2026-09-20 12:42:28,2026-09-20 12:42:28.906
2026-09-20 12:28:11,NEUR338A,0101,Amanda Chicoli,20,20,0,2026-09-20 12:42:29,2026-09-20 12:42:29.402
2026-09-20 12:28:11,NEUR398H,0101,Nikolas Francis,20,20,0,2026-09-20 12:42:30,2026-09-20 12:42:30.160
2026-09-20 12:28:11,NEUR405,0101,Hilary Bierman,16,16,0,2026-09-20 12:42:30,2026-09-20 12:42:30.415
2026-09-20 12:28:11,NEUR405,0102,Hilary Bierman,16,16,0,2026-09-20 12:42:30,2026-09-20 12:42:30.415
2026-09-20 12:28:11,NEUR405,0103,Hilary Bierman,16,16,0,2026-09-20 12:42:30,2026-09-20 12:42:30.415
2026-09-20 12:28:11,NEUR405,0106,Hilary Bierman,16,16,0,2026-09-20 12:42:30,2026-09-20 12:42:30.415
2026-09-20 12:28:11,PEER318,0101,Christina Jay,15,15,0,2026-09-20 12:42:39,2026-09-20 12:42:39.470
2026-09-20 12:28:11,PEER319,0101,Grace Boudreau,15,15,0,2026-09-20 12:42:39,2026-09-20 12:42:39.750
2026-09-20 12:28:11,PEER322,0101,Aleia Gardner,15,15,0,2026-09-20 12:42:40,2026-09-20 12:42:40.063
2026-09-20 12:28:11,PHPE308A,0101,Rachel Singpurwalla,25,25,0,2026-09-20 12:42:49,2026-09-20 12:42:49.157
2026-09-20 12:28:11,PHPE308P,0101,Xinzhi Zhao,30,30,0,2026-09-20 12:42:49,2026-09-20 12:42:49.392
2026-09-20 12:28:11,PHPE308U,0101,Aner Tal,35,35,0,2026-09-20 12:42:49,2026-09-20 12:42:49.633
2026-09-20 12:28:11,PHPE400,0101,Instructor: TBA,30,30,0,2026-09-20 12:42:50,2026-09-20 12:42:50.175
2026-09-20 12:28:11,PHPE401,0101,Xinzhi Zhao,27,27,0,2026-09-20 12:42:50,2026-09-20 12:42:50.456
2026-09-20 12:28:11,PHPE401,0102,Xinzhi Zhao,27,27,0,2026-09-20 12:42:50,2026-09-20 12:42:50.456
2026-09-20 12:28:11,PHPE402,0101,Instructor: TBA,30,30,0,2026-09-20 12:42:50,2026-09-20 12:42:50.703
2026-09-20 12:28:11,PHPE408M,0101,Nicholas Laskowski,25,25,0,2026-09-20 12:42:50,2026-09-20 12:42:50.955
2026-09-20 12:28:11,PHPE408Z,0101,Avia Pasternak,30,30,0,2026-09-20 12:42:51,2026-09-20 12:42:51.201
2026-09-20 12:28:11,PHSC201,0101,Kayla Hoffman,30,30,0,2026-09-20 12:42:52,2026-09-20 12:42:52.678
2026-09-20 12:28:11,PHSC388F,0101,Jennifer German,30,30,0,2026-09-20 12:42:52,2026-09-20 12:42:52.928
2026-09-20 12:28:11,PHSC399,0101,Shannon Edward,30,30,0,2026-09-20 12:42:53,2026-09-20 12:42:53.432
2026-09-20 12:28:11,PHSC399,ESG1,Shannon Edward,20,20,0,2026-09-20 12:42:53,2026-09-20 12:42:53.432
2026-09-20 12:28:11,PHSC415,0101,Jessica O'Hara,36,36,0,2026-09-20 12:42:53,2026-09-20 12:42:53.701
2026-09-20 12:28:11,PHSC415,0102,Jessica O'Hara,36,36,0,2026-09-20 12:42:53,2026-09-20 12:42:53.701
2026-09-20 12:28:11,PHSC415,0103,Jessica O'Hara,36,36,0,2026-09-20 12:42:53,2026-09-20 12:42:53.701
2026-09-20 12:28:11,PHSC415,0104,Jessica O'Hara,36,36,0,2026-09-20 12:42:53,2026-09-20 12:42:53.701
2026-09-20 12:28:11,PHSC415,0105,Jessica O'Hara,36,36,0,2026-09-20 12:42:53,2026-09-20 12:42:53.701
2026-09-20 12:28:11,PHSC430,0101,Kendall Bustad,35,35,0,2026-09-20 12:42:53,2026-09-20 12:42:53.972
2026-09-20 12:28:11,PHSC430,ESG1,Kendall Bustad,8,8,0,2026-09-20 12:42:53,2026-09-20 12:42:53.972
2026-09-20 12:28:11,PHSC450,0101,Kendall Bustad,20,20,0,2026-09-20 12:42:54,2026-09-20 12:42:54.266
2026-09-20 12:28:11,PHSC450,0102,Kendall Bustad,20,20,0,2026-09-20 12:42:54,2026-09-20 12:42:54.266
2026-09-20 12:28:11,PHSC450,0103,Kendall Bustad,20,20,0,2026-09-20 12:42:54,2026-09-20 12:42:54.266
2026-09-20 12:28:11,PHSC450,0104,Kendall Bustad,20,20,0,2026-09-20 12:42:54,2026-09-20 12:42:54.267
2026-09-20 12:28:11,PHSC450,0105,Kendall Bustad,20,20,0,2026-09-20 12:42:54,2026-09-20 12:42:54.267
2026-09-20 12:28:11,PHSC450,0106,Kendall Bustad,20,20,0,2026-09-20 12:42:54,2026-09-20 12:42:54.267
2026-09-20 12:28:11,PHSC450,0107,Kendall Bustad,20,20,0,2026-09-20 12:42:54,2026-09-20 12:42:54.267
2026-09-20 12:28:11,PHSC450,ESG1,Kendall Bustad,35,35,0,2026-09-20 12:42:54,2026-09-20 12:42:54.267
2026-09-20 12:28:11,PHSC490,0101,Shannon Edward,30,30,0,2026-09-20 12:42:54,2026-09-20 12:42:54.557
2026-09-20 12:28:11,PHSC497,0101,Gretchen De Silva,20,20,0,2026-09-20 12:42:54,2026-09-20 12:42:54.816
2026-09-20 12:28:11,PHSC497,0201,Kendall Bustad,20,20,0,2026-09-20 12:42:54,2026-09-20 12:42:54.816
2026-09-20 12:28:11,PHSC497,0301,Gretchen De Silva,20,20,0,2026-09-20 12:42:54,2026-09-20 12:42:54.816
2026-09-20 12:28:11,PHSC497,0401,Aysha Jawed,20,20,0,2026-09-20 12:42:54,2026-09-20 12:42:54.816
2026-09-20 12:28:11,PHSC497,0501,Jennifer German,20,20,0,2026-09-20 12:42:54,2026-09-20 12:42:54.816
2026-09-20 12:28:11,PHSC497,0601,Carmen Booker,20,20,0,2026-09-20 12:42:54,2026-09-20 12:42:54.816
2026-09-20 12:28:11,PHSC497,0701,Lakeshia Watson,20,20,0,2026-09-20 12:42:54,2026-09-20 12:42:54.816
2026-09-20 12:28:11,PHSC497,0801,Lakeshia Watson,20,20,0,2026-09-20 12:42:54,2026-09-20 12:42:54.816
2026-09-20 12:28:11,PHSC497,0901,Darya Soltani,20,20,0,2026-09-20 12:42:54,2026-09-20 12:42:54.817
2026-09-20 12:28:11,PHSC497,1001,Brienna Anderson,20,20,0,2026-09-20 12:42:54,2026-09-20 12:42:54.817
2026-09-20 12:28:11,PHSC497,1101,Margaret Smith,20,20,0,2026-09-20 12:42:54,2026-09-20 12:42:54.817
2026-09-20 12:28:11,PHSC497,1201,Eric Silfen,20,20,0,2026-09-20 12:42:54,2026-09-20 12:42:54.817
2026-09-20 12:28:11,PHSC497,1301,Lakeshia Watson,20,20,0,2026-09-20 12:42:54,2026-09-20 12:42:54.817
2026-09-20 12:28:11,PHSC497,ESG1,Ann Truelove,20,20,0,2026-09-20 12:42:54,2026-09-20 12:42:54.817
2026-09-20 12:28:11,RDEV250,0101,Wayne Ricardo Curtis,75,75,0,2026-09-20 12:43:43,2026-09-20 12:43:43.145
2026-09-20 12:28:11,RDEV250,0102,Wayne Ricardo Curtis,75,75,0,2026-09-20 12:43:43,2026-09-20 12:43:43.145
2026-09-20 12:28:11,RDEV270,0101,John Park,30,30,0,2026-09-20 12:43:43,2026-09-20 12:43:43.428
2026-09-20 12:28:11,RDEV350,0101,Jesse Saginor,25,25,0,2026-09-20 12:43:43,2026-09-20 12:43:43.701
2026-09-20 12:28:11,RDEV350,0102,Instructor: TBA,30,30,0,2026-09-20 12:43:43,2026-09-20 12:43:43.701
2026-09-20 12:28:11,RDEV410,0101,Peter Goldsmith,30,30,0,2026-09-20 12:43:43,2026-09-20 12:43:43.947
2026-09-20 12:28:11,RDEV415,0101,Bilal Ali,20,20,0,2026-09-20 12:43:44,2026-09-20 12:43:44.194
2026-09-20 12:28:11,RDEV445,0101,Matthew O'Malley,15,15,0,2026-09-20 12:43:44,2026-09-20 12:43:44.457
2026-09-20 12:28:11,RDEV450,0101,Kathryn Corby,30,30,0,2026-09-20 12:43:44,2026-09-20 12:43:44.768
2026-09-20 12:28:11,RDEV450,0102,Thomas Dwyer,20,20,0,2026-09-20 12:43:44,2026-09-20 12:43:44.768
2026-09-20 12:28:11,RDEV450,0103,John Park,30,30,0,2026-09-20 12:43:44,2026-09-20 12:43:44.768
2026-09-20 12:28:11,RDEV478D,0101,Jesse Saginor,20,20,0,2026-09-20 12:43:45,2026-09-20 12:43:45.017
2026-09-20 12:28:11,RDEV600,0101,Jesse Saginor,10,10,0,2026-09-20 12:43:45,2026-09-20 12:43:45.268
2026-09-20 12:28:11,RDEV603,0101,Thomas Dwyer,18,18,0,2026-09-20 12:43:45,2026-09-20 12:43:45.563
2026-09-20 12:28:11,RDEV610,0101,David Warner,20,20,0,2026-09-20 12:43:45,2026-09-20 12:43:45.799
2026-09-20 12:28:11,RDEV615,0101,Bilal Ali,20,20,0,2026-09-20 12:43:46,2026-09-20 12:43:46.061
2026-09-20 12:28:11,RDEV630,0101,Mansur Abdul-Malik,30,30,0,2026-09-20 12:43:46,2026-09-20 12:43:46.311
2026-09-20 12:28:11,RDEV650,0101,Matthew O'Malley,25,25,0,2026-09-20 12:43:46,2026-09-20 12:43:46.564
2026-09-20 12:28:11,RDEV689F,0101,Zachary Marks,20,20,0,2026-09-20 12:43:46,2026-09-20 12:43:46.841
2026-09-20 12:28:11,RDEV689I,0101,Ronald McDonald,14,14,0,2026-09-20 12:43:47,2026-09-20 12:43:47.111
2026-09-20 12:28:11,RDEV689R,0101,Nick Egelanian,15,15,0,2026-09-20 12:43:47,2026-09-20 12:43:47.396
2026-09-20 12:28:11,RDEV689Y,0101,Instructor: TBA,12,12,0,2026-09-20 12:43:47,2026-09-20 12:43:47.671
2026-09-20 12:28:11,RDEV690,0101,Tanya Bansal,12,12,0,2026-09-20 12:43:47,2026-09-20 12:43:47.912
2026-09-20 12:28:11,RELS170,0101,Katherine Wasdin,21,21,0,2026-09-20 12:43:49,2026-09-20 12:43:49.350
2026-09-20 12:28:11,RELS170,0102,Katherine Wasdin,21,21,0,2026-09-20 12:43:49,2026-09-20 12:43:49.350
2026-09-20 12:28:11,RELS170,0103,Katherine Wasdin,21,21,0,2026-09-20 12:43:49,2026-09-20 12:43:49.351
2026-09-20 12:28:11,RELS170,0104,Katherine Wasdin,21,21,0,2026-09-20 12:43:49,2026-09-20 12:43:49.351
2026-09-20 12:28:11,RELS170,0105,Katherine Wasdin,21,21,0,2026-09-20 12:43:49,2026-09-20 12:43:49.351
2026-09-20 12:28:11,RELS170,0106,Katherine Wasdin,21,21,0,2026-09-20 12:43:49,2026-09-20 12:43:49.351
2026-09-20 12:28:11,RELS170,0107,Katherine Wasdin,21,21,0,2026-09-20 12:43:49,2026-09-20 12:43:49.351
2026-09-20 12:28:11,RELS170,0108,Katherine Wasdin,21,21,0,2026-09-20 12:43:49,2026-09-20 12:43:49.351
2026-09-20 12:28:11,RELS170,0109,Katherine Wasdin,21,21,0,2026-09-20 12:43:49,2026-09-20 12:43:49.351
2026-09-20 12:28:11,RELS264,0101,Jay Moses,30,30,0,2026-09-20 12:43:49,2026-09-20 12:43:49.584
2026-09-20 12:28:11,RELS271,0101,Instructor: TBA,40,40,0,2026-09-20 12:43:49,2026-09-20 12:43:49.838
2026-09-20 12:28:11,RELS319Q,0101,Regev Ben-David,35,35,0,2026-09-20 12:43:50,2026-09-20 12:43:50.089
2026-09-20 12:28:11,RELS342,0101,Stefano Villani,27,27,0,2026-09-20 12:43:50,2026-09-20 12:43:50.332
2026-09-20 12:28:11,RELS427,0101,Matthew Suriano,15,15,0,2026-09-20 12:43:50,2026-09-20 12:43:50.575
2026-09-20 12:28:11,RELS429M,0101,Antoine Borrut,27,27,0,2026-09-20 12:43:50,2026-09-20 12:43:50.853
2026-09-20 12:28:11,RUSS102,0101,Inna Hardman,15,15,0,2026-09-20 12:43:52,2026-09-20 12:43:52.325
2026-09-20 12:28:11,RUSS102,0201,Inna Hardman,15,15,0,2026-09-20 12:43:52,2026-09-20 12:43:52.325
2026-09-20 12:28:11,RUSS202,0101,Zhanna Gerus-Vernola,15,15,0,2026-09-20 12:43:52,2026-09-20 12:43:52.605
2026-09-20 12:28:11,RUSS302,0101,Izolda Savenkova,15,15,0,2026-09-20 12:43:52,2026-09-20 12:43:52.893
2026-09-20 12:28:11,RUSS398A,0101,Instructor: TBA,15,15,0,2026-09-20 12:43:53,2026-09-20 12:43:53.408
2026-09-20 12:28:11,RUSS398F,0101,Elizabeth Papazian,25,25,0,2026-09-20 12:43:53,2026-09-20 12:43:53.647
2026-09-20 12:28:11,RUSS406,0101,Izolda Savenkova,15,15,0,2026-09-20 12:43:54,2026-09-20 12:43:54.190
2026-09-20 12:28:11,RUSS412,0101,Inna Hardman,15,15,0,2026-09-20 12:43:54,2026-09-20 12:43:54.471
2026-09-20 12:28:11,SDSB123,0101,Srijeeta Mitra,26,26,0,2026-09-20 12:43:56,2026-09-20 12:43:56.165
2026-09-20 12:28:11,SDSB180,0101,Srijeeta Mitra,155,155,0,2026-09-20 12:43:56,2026-09-20 12:43:56.400
2026-09-20 12:28:11,SDSB233,0101,Richard Engstrom,28,28,0,2026-09-20 12:43:56,2026-09-20 12:43:56.663
2026-09-20 12:28:11,SDSB233,0102,Richard Engstrom,28,28,0,2026-09-20 12:43:56,2026-09-20 12:43:56.664
2026-09-20 12:28:11,SDSB326,0101,Jacob Coutts,40,40,0,2026-09-20 12:43:56,2026-09-20 12:43:56.915
2026-09-20 12:28:11,SDSB340,0101,Neil Lund,24,24,0,2026-09-20 12:43:57,2026-09-20 12:43:57.179
2026-09-20 12:28:11,SDSI414,0101,Instructor: TBA,40,40,0,2026-09-20 12:43:58,2026-09-20 12:43:58.615
2026-09-20 12:28:11,SDSI414,0102,Instructor: TBA,40,40,0,2026-09-20 12:43:58,2026-09-20 12:43:58.615
2026-09-20 12:28:11,SDSI414,0103,Instructor: TBA,40,40,0,2026-09-20 12:43:58,2026-09-20 12:43:58.616
2026-09-20 12:28:11,SDSI414,0201,Instructor: TBA,40,40,0,2026-09-20 12:43:58,2026-09-20 12:43:58.616
2026-09-20 12:28:11,SDSI414,0202,Instructor: TBA,40,40,0,2026-09-20 12:43:58,2026-09-20 12:43:58.616
2026-09-20 12:28:11,SDSI492,0101,Instructor: TBA,29,29,0,2026-09-20 12:43:58,2026-09-20 12:43:58.876
2026-09-20 12:28:11,SDSI492,0102,Instructor: TBA,50,50,0,2026-09-20 12:43:58,2026-09-20 12:43:58.877
2026-09-20 12:28:11,SDSI492,0103,Instructor: TBA,50,50,0,2026-09-20 12:43:58,2026-09-20 12:43:58.877
2026-09-20 12:28:11,SDSI492,0104,Instructor: TBA,40,40,0,2026-09-20 12:43:58,2026-09-20 12:43:58.877
2026-09-20 12:28:11,SDSI492,0105,Instructor: TBA,50,50,0,2026-09-20 12:43:58,2026-09-20 12:43:58.877
2026-09-20 12:28:11,SDSI492,0107,Instructor: TBA,50,50,0,2026-09-20 12:43:58,2026-09-20 12:43:58.877
2026-09-20 12:28:11,SDSI492,0108,Instructor: TBA,50,50,0,2026-09-20 12:43:58,2026-09-20 12:43:58.877
2026-09-20 12:28:11,SDSI492,0110,Instructor: TBA,50,50,0,2026-09-20 12:43:58,2026-09-20 12:43:58.877
2026-09-20 12:28:11,SDSI492,ESG1,Stacy Surla,50,50,0,2026-09-20 12:43:58,2026-09-20 12:43:58.877
2026-09-20 12:28:11,SLLC286,0101,Andrew Schonebaum,60,60,0,2026-09-20 12:44:02,2026-09-20 12:44:02.257
2026-09-20 12:28:11,SLLC287,0101,Sean Pue,20,20,0,2026-09-20 12:44:02,2026-09-20 12:44:02.551
2026-09-20 12:28:11,SLLC305,0101,Nahal Akbari-Saneh,25,25,0,2026-09-20 12:44:02,2026-09-20 12:44:02.832
2026-09-20 12:28:11,SLLC309,0101,Ahmed Hanafy,10,10,0,2026-09-20 12:44:03,2026-09-20 12:44:03.113
2026-09-20 12:28:11,SLLC309,0102,Ahmed Hanafy,10,10,0,2026-09-20 12:44:03,2026-09-20 12:44:03.113
2026-09-20 12:28:11,SLLC309,0103,Ahmed Hanafy,10,10,0,2026-09-20 12:44:03,2026-09-20 12:44:03.113
2026-09-20 12:28:11,SLLC309,0104,Ahmed Hanafy,10,10,0,2026-09-20 12:44:03,2026-09-20 12:44:03.113
2026-09-20 12:28:11,SLLC309,0105,Ahmed Hanafy,10,10,0,2026-09-20 12:44:03,2026-09-20 12:44:03.113
2026-09-20 12:28:11,SLLC309,0106,Ahmed Hanafy,10,10,0,2026-09-20 12:44:03,2026-09-20 12:44:03.113
2026-09-20 12:28:11,SLLC309,0107,Ahmed Hanafy,10,10,0,2026-09-20 12:44:03,2026-09-20 12:44:03.113
2026-09-20 12:28:11,SLLC309,0108,Ahmed Hanafy,10,10,0,2026-09-20 12:44:03,2026-09-20 12:44:03.113
2026-09-20 12:28:11,SLLC309,0109,Ahmed Hanafy,10,10,0,2026-09-20 12:44:03,2026-09-20 12:44:03.113
2026-09-20 12:28:11,SLLC309,0110,Ahmed Hanafy,10,10,0,2026-09-20 12:44:03,2026-09-20 12:44:03.113
2026-09-20 12:28:11,SLLC309,0111,Ahmed Hanafy,10,10,0,2026-09-20 12:44:03,2026-09-20 12:44:03.114
2026-09-20 12:28:11,SLLC329,0101,Marilyn Matar,10,10,0,2026-09-20 12:44:03,2026-09-20 12:44:03.390
2026-09-20 12:28:11,SLLC329,0102,Marilyn Matar,10,10,0,2026-09-20 12:44:03,2026-09-20 12:44:03.390
2026-09-20 12:28:11,SLLC329,0103,Marilyn Matar,20,20,0,2026-09-20 12:44:03,2026-09-20 12:44:03.390
2026-09-20 12:28:11,SLLC329,0104,Marilyn Matar,10,10,0,2026-09-20 12:44:03,2026-09-20 12:44:03.390
2026-09-20 12:28:11,SLLC329,0105,Marilyn Matar,10,10,0,2026-09-20 12:44:03,2026-09-20 12:44:03.390
2026-09-20 12:28:11,SLLC329,0106,Marilyn Matar,10,10,0,2026-09-20 12:44:03,2026-09-20 12:44:03.390
2026-09-20 12:28:11,SLLC329,0107,Marilyn Matar,10,10,0,2026-09-20 12:44:03,2026-09-20 12:44:03.391
2026-09-20 12:28:11,SLLC329,0108,Marilyn Matar,10,10,0,2026-09-20 12:44:03,2026-09-20 12:44:03.391
2026-09-20 12:28:11,SLLC329,0109,Marilyn Matar,10,10,0,2026-09-20 12:44:03,2026-09-20 12:44:03.391
2026-09-20 12:28:11,SLLC329,0110,Marilyn Matar,20,20,0,2026-09-20 12:44:03,2026-09-20 12:44:03.391
2026-09-20 12:28:11,SMLP471,0101,Jennifer Hsin,60,60,0,2026-09-20 12:44:04,2026-09-20 12:44:04.799
2026-09-20 12:28:11,SMLP474,0101,Sara Herald,60,60,0,2026-09-20 12:44:05,2026-09-20 12:44:05.076
2026-09-20 12:28:11,SPHL100,0101,Shuling Wu,20,20,0,2026-09-20 12:44:38,2026-09-20 12:44:38.675
2026-09-20 12:28:11,SPHL100,0102,Shuling Wu,20,20,0,2026-09-20 12:44:38,2026-09-20 12:44:38.675
2026-09-20 12:28:11,SPHL100,0103,Shuling Wu,20,20,0,2026-09-20 12:44:38,2026-09-20 12:44:38.675
2026-09-20 12:28:11,SPHL100,0104,Shuling Wu,20,20,0,2026-09-20 12:44:38,2026-09-20 12:44:38.675
2026-09-20 12:28:11,SPHL100,0105,Shuling Wu,20,20,0,2026-09-20 12:44:38,2026-09-20 12:44:38.675
2026-09-20 12:28:11,SPHL100,0106,Shuling Wu,20,20,0,2026-09-20 12:44:38,2026-09-20 12:44:38.675
2026-09-20 12:28:11,SPHL100,0107,Shuling Wu,20,20,0,2026-09-20 12:44:38,2026-09-20 12:44:38.675
2026-09-20 12:28:11,SPHL100,0108,Shuling Wu,20,20,0,2026-09-20 12:44:38,2026-09-20 12:44:38.675
2026-09-20 12:28:11,SPHL100,0109,Shuling Wu,20,20,0,2026-09-20 12:44:38,2026-09-20 12:44:38.675
2026-09-20 12:28:11,SPHL100,0110,Shuling Wu,20,20,0,2026-09-20 12:44:38,2026-09-20 12:44:38.675
2026-09-20 12:28:11,SPHL100,0201,Shuling Wu,20,20,0,2026-09-20 12:44:38,2026-09-20 12:44:38.675
2026-09-20 12:28:11,SPHL100,0202,Shuling Wu,20,20,0,2026-09-20 12:44:38,2026-09-20 12:44:38.676
2026-09-20 12:28:11,SPHL100,0203,Shuling Wu,20,20,0,2026-09-20 12:44:38,2026-09-20 12:44:38.676
2026-09-20 12:28:11,SPHL100,0204,Shuling Wu,20,20,0,2026-09-20 12:44:38,2026-09-20 12:44:38.676
2026-09-20 12:28:11,SPHL100,0205,Shuling Wu,20,20,0,2026-09-20 12:44:38,2026-09-20 12:44:38.676
2026-09-20 12:28:11,SPHL100,0206,Shuling Wu,20,20,0,2026-09-20 12:44:38,2026-09-20 12:44:38.676
2026-09-20 12:28:11,SPHL100,0207,Shuling Wu,20,20,0,2026-09-20 12:44:38,2026-09-20 12:44:38.676
2026-09-20 12:28:11,SPHL100,0208,Shuling Wu,20,20,0,2026-09-20 12:44:38,2026-09-20 12:44:38.676
2026-09-20 12:28:11,SPHL246,0101,April Khaing,20,20,0,2026-09-20 12:44:38,2026-09-20 12:44:38.924
2026-09-20 12:28:11,SPHL276,0101,Dina Borzekowski,25,25,0,2026-09-20 12:44:39,2026-09-20 12:44:39.195
2026-09-20 12:28:11,SPHL321,0101,Sylvette La Touche-Howard,15,15,0,2026-09-20 12:44:39,2026-09-20 12:44:39.742
2026-09-20 12:28:11,SPHL333,0101,Cynthia Kershaw,75,75,0,2026-09-20 12:44:39,2026-09-20 12:44:39.990
2026-09-20 12:28:11,SPHL478,0101,Tracy Zeeger,10,10,0,2026-09-20 12:44:40,2026-09-20 12:44:40.492
2026-09-20 12:28:11,SPHL600,0101,Sylvette La Touche-Howard,8,8,0,2026-09-20 12:44:40,2026-09-20 12:44:40.751
2026-09-20 12:28:11,SPHL610,0101,Danielle Catona,22,22,0,2026-09-20 12:44:41,2026-09-20 12:44:41.032
2026-09-20 12:28:11,SPHL610,0102,Danielle Catona,22,22,0,2026-09-20 12:44:41,2026-09-20 12:44:41.032
2026-09-20 12:28:11,SPHL610,0103,Danielle Catona,22,22,0,2026-09-20 12:44:41,2026-09-20 12:44:41.033
2026-09-20 12:28:11,SPHL610,PLB1,Priscilla Novak,20,20,0,2026-09-20 12:44:41,2026-09-20 12:44:41.033
2026-09-20 12:28:11,SPHL610,PLH1,Priscilla Novak,28,28,0,2026-09-20 12:44:41,2026-09-20 12:44:41.033
2026-09-20 12:28:11,SPHL610,PLK1,Priscilla Novak,5,5,0,2026-09-20 12:44:41,2026-09-20 12:44:41.033
2026-09-20 12:28:11,SPHL611,0101,Danielle Catona,45,45,0,2026-09-20 12:44:41,2026-09-20 12:44:41.285
2026-09-20 12:28:11,SPHL611,0201,Danielle Catona,45,45,0,2026-09-20 12:44:41,2026-09-20 12:44:41.285
2026-09-20 12:28:11,SPHL611,PLB1,Evelyn King-Marshall,20,20,0,2026-09-20 12:44:41,2026-09-20 12:44:41.286
2026-09-20 12:28:11,SPHL611,PLH1,Evelyn King-Marshall,28,28,0,2026-09-20 12:44:41,2026-09-20 12:44:41.286
2026-09-20 12:28:11,SPHL611,PLK1,Evelyn King-Marshall,5,5,0,2026-09-20 12:44:41,2026-09-20 12:44:41.286
2026-09-20 12:28:11,SPHL612,0101,James Hagberg,15,15,0,2026-09-20 12:44:41,2026-09-20 12:44:41.553
2026-09-20 12:28:11,TLTC310,0101,Sarah Kistner,20,20,0,2026-09-20 12:45:09,2026-09-20 12:45:09.010
2026-09-20 12:28:11,TLTC333,0101,Mona Thompson,55,55,0,2026-09-20 12:45:09,2026-09-20 12:45:09.245
2026-09-20 12:28:11,TLTC333,0102,Mona Thompson,55,55,0,2026-09-20 12:45:09,2026-09-20 12:45:09.245
2026-09-20 12:28:11,TLTC333,0105,Mona Thompson,55,55,0,2026-09-20 12:45:09,2026-09-20 12:45:09.245
2026-09-20 12:28:11,URSP372,0101,Priscila Alves,20,20,0,2026-09-20 12:45:16,2026-09-20 12:45:16.664
2026-09-20 12:28:11,URSP600,0101,Kevin Nelson,25,25,0,2026-09-20 12:45:16,2026-09-20 12:45:16.914
2026-09-20 12:28:11,URSP603,0101,Dawn Jourdan,33,33,0,2026-09-20 12:45:17,2026-09-20 12:45:17.160
2026-09-20 12:28:11,URSP606,0101,Chengri Ding,15,15,0,2026-09-20 12:45:17,2026-09-20 12:45:17.408
2026-09-20 12:28:11,URSP631,0101,Hiroyuki Iseki,15,15,0,2026-09-20 12:45:17,2026-09-20 12:45:17.660
2026-09-20 12:28:11,URSP668B,0101,Eric Burnstein,20,20,0,2026-09-20 12:45:17,2026-09-20 12:45:17.911
2026-09-20 12:28:11,URSP673,0101,Riem ElZoghbi,25,25,0,2026-09-20 12:45:18,2026-09-20 12:45:18.180
2026-09-20 12:28:11,URSP688M,0101,Andrew Bernish,20,20,0,2026-09-20 12:45:18,2026-09-20 12:45:18.442
2026-09-20 12:28:11,URSP688P,0101,Sonja Ewing,15,15,0,2026-09-20 12:45:18,2026-09-20 12:45:18.691
2026-09-20 12:28:11,URSP688Y,0101,Chester Harvey,30,30,0,2026-09-20 12:45:20,2026-09-20 12:45:20.642
2026-09-20 12:28:11,URSP708,0101,Nicholas Finio,10,10,0,2026-09-20 12:45:20,2026-09-20 12:45:20.886
2026-09-20 12:28:11,URSP709,0101,Casey Dawkins,10,10,0,2026-09-20 12:45:21,2026-09-20 12:45:21.136
2026-09-20 12:28:11,URSP805,0101,Casey Dawkins,15,15,0,2026-09-20 12:45:22,2026-09-20 12:45:22.262
2026-09-20 12:28:11,USLT202,0101,Robert Chester,26,26,0,2026-09-20 12:45:24,2026-09-20 12:45:24.240
2026-09-20 12:28:11,USLT403,0101,Perla Guerrero,20,20,0,2026-09-20 12:45:24,2026-09-20 12:45:24.484
2026-09-20 12:28:11,USLT420,0101,Robert Chester,27,27,0,2026-09-20 12:45:24,2026-09-20 12:45:24.762
2026-09-20 12:28:11,USLT488,0101,Nancy Mirabal,30,30,0,2026-09-20 12:45:25,2026-09-20 12:45:25.008
2026-09-20 12:28:11,USLT498L,0101,Fernando Rios,12,12,0,2026-09-20 12:45:25,2026-09-20 12:45:25.303
2026-09-20 12:28:11,VIPS208,0102,Ken Kiger,10,10,0,2026-09-20 12:45:26,2026-09-20 12:45:26.742
2026-09-20 12:28:11,VIPS208,0103,Bryan Quinn,10,10,0,2026-09-20 12:45:26,2026-09-20 12:45:26.742
2026-09-20 12:28:11,VIPS208,0104,Ryan Sochol,10,10,0,2026-09-20 12:45:26,2026-09-20 12:45:26.742
2026-09-20 12:28:11,VIPS208,0105,Molly Carton,10,10,0,2026-09-20 12:45:26,2026-09-20 12:45:26.743
2026-09-20 12:28:11,VIPS208,0106,James Baeder,11,11,0,2026-09-20 12:45:26,2026-09-20 12:45:26.743
2026-09-20 12:28:11,VIPS208,0107,Catherine Spirito,10,10,0,2026-09-20 12:45:26,2026-09-20 12:45:26.743
2026-09-20 12:28:11,VIPS208,0108,Ronald Yaros,10,10,0,2026-09-20 12:45:26,2026-09-20 12:45:26.743
2026-09-20 12:28:11,VIPS208,0109,Carinna Ferguson,10,10,0,2026-09-20 12:45:26,2026-09-20 12:45:26.743
2026-09-20 12:28:11,VIPS208,0110,Tracy Riggins,10,10,0,2026-09-20 12:45:26,2026-09-20 12:45:26.743
2026-09-20 12:28:11,VIPS208,0111,Kevin Calabro,10,10,0,2026-09-20 12:45:26,2026-09-20 12:45:26.743
2026-09-20 12:28:11,VIPS208,0112,Raffaele Viglianti,10,10,0,2026-09-20 12:45:26,2026-09-20 12:45:26.743
2026-09-20 12:28:11,VIPS208,0113,Shabnam Jabeen,10,10,0,2026-09-20 12:45:26,2026-09-20 12:45:26.743
2026-09-20 12:28:11,VIPS208,0114,Ning Zeng,10,10,0,2026-09-20 12:45:26,2026-09-20 12:45:26.743
2026-09-20 12:28:11,VIPS208,0115,Veronica Kang,10,10,0,2026-09-20 12:45:26,2026-09-20 12:45:26.743
2026-09-20 12:28:11,VIPS208,0116,David Stewart,10,10,0,2026-09-20 12:45:26,2026-09-20 12:45:26.743
2026-09-20 12:28:11,VIPS208,0117,Meredith Epstein,10,10,0,2026-09-20 12:45:26,2026-09-20 12:45:26.744
2026-09-20 12:28:11,VIPS208,0118,Magaly Toro Ibaceta,10,10,0,2026-09-20 12:45:26,2026-09-20 12:45:26.744
2026-09-20 12:28:11,VIPS208,0120,Marisa Parham,10,10,0,2026-09-20 12:45:26,2026-09-20 12:45:26.744
2026-09-20 12:28:11,VIPS208,0121,Becky Epanchin-Niell,10,10,0,2026-09-20 12:45:26,2026-09-20 12:45:26.744
2026-09-20 12:28:11,VIPS208,0122,Timothy Reedy,10,10,0,2026-09-20 12:45:26,2026-09-20 12:45:26.744
2026-09-20 12:28:11,VIPS208,0123,Lingnan Lin,10,10,0,2026-09-20 12:45:26,2026-09-20 12:45:26.744
2026-09-20 12:28:11,VIPS208,0124,Jeffrey Moro,10,10,0,2026-09-20 12:45:26,2026-09-20 12:45:26.744
2026-09-20 12:28:11,VIPS208,0125,Peter Sunderland,10,10,0,2026-09-20 12:45:26,2026-09-20 12:45:26.744
2026-09-20 12:28:11,VIPS208,0126,Brienna Anderson,10,10,0,2026-09-20 12:45:26,2026-09-20 12:45:26.744
2026-09-20 12:28:11,VIPS308,0102,Ken Kiger,10,10,0,2026-09-20 12:45:26,2026-09-20 12:45:27.012
2026-09-20 12:28:11,VIPS308,0103,Bryan Quinn,13,13,0,2026-09-20 12:45:26,2026-09-20 12:45:27.012
2026-09-20 12:28:11,VIPS308,0104,Ryan Sochol,10,10,0,2026-09-20 12:45:26,2026-09-20 12:45:27.012
2026-09-20 12:28:11,VIPS308,0105,Molly Carton,10,10,0,2026-09-20 12:45:26,2026-09-20 12:45:27.012
2026-09-20 12:28:11,VIPS308,0106,James Baeder,10,10,0,2026-09-20 12:45:26,2026-09-20 12:45:27.012
2026-09-20 12:28:11,VIPS308,0107,Catherine Spirito,10,10,0,2026-09-20 12:45:26,2026-09-20 12:45:27.012
2026-09-20 12:28:11,VIPS308,0108,Ronald Yaros,10,10,0,2026-09-20 12:45:26,2026-09-20 12:45:27.012
2026-09-20 12:28:11,VIPS308,0109,Carinna Ferguson,10,10,0,2026-09-20 12:45:26,2026-09-20 12:45:27.013
2026-09-20 12:28:11,VIPS308,0110,Tracy Riggins,10,10,0,2026-09-20 12:45:26,2026-09-20 12:45:27.013
2026-09-20 12:28:11,VIPS308,0111,Kevin Calabro,10,10,0,2026-09-20 12:45:26,2026-09-20 12:45:27.013
2026-09-20 12:28:11,VIPS308,0112,Raffaele Viglianti,10,10,0,2026-09-20 12:45:26,2026-09-20 12:45:27.013
2026-09-20 12:28:11,VIPS308,0113,Shabnam Jabeen,10,10,0,2026-09-20 12:45:26,2026-09-20 12:45:27.013
2026-09-20 12:28:11,VIPS308,0114,Ning Zeng,10,10,0,2026-09-20 12:45:26,2026-09-20 12:45:27.013
2026-09-20 12:28:11,VIPS308,0115,Veronica Kang,10,10,0,2026-09-20 12:45:26,2026-09-20 12:45:27.013
2026-09-20 12:28:11,VIPS308,0116,David Stewart,10,10,0,2026-09-20 12:45:26,2026-09-20 12:45:27.013
2026-09-20 12:28:11,VIPS308,0117,Meredith Epstein,10,10,0,2026-09-20 12:45:26,2026-09-20 12:45:27.013
2026-09-20 12:28:11,VIPS308,0118,Magaly Toro Ibaceta,10,10,0,2026-09-20 12:45:26,2026-09-20 12:45:27.013
2026-09-20 12:28:11,VIPS308,0120,Marisa Parham,10,10,0,2026-09-20 12:45:26,2026-09-20 12:45:27.013
2026-09-20 12:28:11,VIPS308,0121,Becky Epanchin-Niell,10,10,0,2026-09-20 12:45:26,2026-09-20 12:45:27.013
2026-09-20 12:28:11,VIPS308,0122,Timothy Reedy,10,10,0,2026-09-20 12:45:26,2026-09-20 12:45:27.014
2026-09-20 12:28:11,VIPS308,0123,Lingnan Lin,10,10,0,2026-09-20 12:45:26,2026-09-20 12:45:27.014
2026-09-20 12:28:11,VIPS308,0124,Jeffrey Moro,10,10,0,2026-09-20 12:45:26,2026-09-20 12:45:27.014
2026-09-20 12:28:11,VIPS308,0125,Peter Sunderland,10,10,0,2026-09-20 12:45:26,2026-09-20 12:45:27.014
2026-09-20 12:28:11,VIPS308,0126,Brienna Anderson,10,10,0,2026-09-20 12:45:26,2026-09-20 12:45:27.014
2026-09-20 12:28:11,VIPS408,0102,Ken Kiger,10,10,0,2026-09-20 12:45:27,2026-09-20 12:45:27.287
2026-09-20 12:28:11,VIPS408,0103,Bryan Quinn,10,10,0,2026-09-20 12:45:27,2026-09-20 12:45:27.287
2026-09-20 12:28:11,VIPS408,0104,Ryan Sochol,10,10,0,2026-09-20 12:45:27,2026-09-20 12:45:27.287
2026-09-20 12:28:11,VIPS408,0105,Molly Carton,10,10,0,2026-09-20 12:45:27,2026-09-20 12:45:27.287
2026-09-20 12:28:11,VIPS408,0106,James Baeder,10,10,0,2026-09-20 12:45:27,2026-09-20 12:45:27.287
2026-09-20 12:28:11,VIPS408,0107,Catherine Spirito,10,10,0,2026-09-20 12:45:27,2026-09-20 12:45:27.288
2026-09-20 12:28:11,VIPS408,0108,Ronald Yaros,10,10,0,2026-09-20 12:45:27,2026-09-20 12:45:27.288
2026-09-20 12:28:11,VIPS408,0109,Carinna Ferguson,10,10,0,2026-09-20 12:45:27,2026-09-20 12:45:27.288
2026-09-20 12:28:11,VIPS408,0110,Tracy Riggins,10,10,0,2026-09-20 12:45:27,2026-09-20 12:45:27.288
2026-09-20 12:28:11,VIPS408,0111,Kevin Calabro,10,10,0,2026-09-20 12:45:27,2026-09-20 12:45:27.288
2026-09-20 12:28:11,VIPS408,0112,Raffaele Viglianti,10,10,0,2026-09-20 12:45:27,2026-09-20 12:45:27.288
2026-09-20 12:28:11,VIPS408,0113,Shabnam Jabeen,10,10,0,2026-09-20 12:45:27,2026-09-20 12:45:27.288
2026-09-20 12:28:11,VIPS408,0114,Ning Zeng,10,10,0,2026-09-20 12:45:27,2026-09-20 12:45:27.288
2026-09-20 12:28:11,VIPS408,0115,Veronica Kang,10,10,0,2026-09-20 12:45:27,2026-09-20 12:45:27.288
2026-09-20 12:28:11,VIPS408,0116,David Stewart,10,10,0,2026-09-20 12:45:27,2026-09-20 12:45:27.288
2026-09-20 12:28:11,VIPS408,0117,Meredith Epstein,10,10,0,2026-09-20 12:45:27,2026-09-20 12:45:27.288
2026-09-20 12:28:11,VIPS408,0118,Magaly Toro Ibaceta,10,10,0,2026-09-20 12:45:27,2026-09-20 12:45:27.288
2026-09-20 12:28:11,VIPS408,0120,Marisa Parham,10,10,0,2026-09-20 12:45:27,2026-09-20 12:45:27.289
2026-09-20 12:28:11,VIPS408,0121,Becky Epanchin-Niell,10,10,0,2026-09-20 12:45:27,2026-09-20 12:45:27.289
2026-09-20 12:28:11,VIPS408,0122,Timothy Reedy,10,10,0,2026-09-20 12:45:27,2026-09-20 12:45:27.289
2026-09-20 12:28:11,VIPS408,0123,Lingnan Lin,10,10,0,2026-09-20 12:45:27,2026-09-20 12:45:27.289
2026-09-20 12:28:11,VIPS408,0124,Jeffrey Moro,10,10,0,2026-09-20 12:45:27,2026-09-20 12:45:27.289
2026-09-20 12:28:11,VIPS408,0125,Peter Sunderland,10,10,0,2026-09-20 12:45:27,2026-09-20 12:45:27.289
2026-09-20 12:28:11,VIPS408,0126,Brienna Anderson,10,10,0,2026-09-20 12:45:27,2026-09-20 12:45:27.289
2026-09-20 12:28:11,WEID139N,0101,Denise Joseph,60,60,0,2026-09-20 12:45:31,2026-09-20 12:45:31.141
2026-09-20 12:28:11,WEID139T,0201,Taylor Togafau-Lewis,45,45,0,2026-09-20 12:45:31,2026-09-20 12:45:31.403
2026-09-20 12:28:11,WGSS105,0101,Jessica Mathiason,30,30,0,2026-09-20 12:45:33,2026-09-20 12:45:33.051
2026-09-20 12:28:11,WGSS105,0102,Jessica Mathiason,30,30,0,2026-09-20 12:45:33,2026-09-20 12:45:33.051
2026-09-20 12:28:11,WGSS105,0103,Jessica Mathiason,30,30,0,2026-09-20 12:45:33,2026-09-20 12:45:33.051
2026-09-20 12:28:11,WGSS105,0104,Jessica Mathiason,30,30,0,2026-09-20 12:45:33,2026-09-20 12:45:33.051
2026-09-20 12:28:11,WGSS115,0101,Alexis Lothian,25,25,0,2026-09-20 12:45:33,2026-09-20 12:45:33.309
2026-09-20 12:28:11,WGSS115,0102,Alexis Lothian,25,25,0,2026-09-20 12:45:33,2026-09-20 12:45:33.309
2026-09-20 12:28:11,WGSS201,0101,Sayan Bhattacharya,25,25,0,2026-09-20 12:45:33,2026-09-20 12:45:33.580
2026-09-20 12:28:11,WGSS201,0102,Sayan Bhattacharya,25,25,0,2026-09-20 12:45:33,2026-09-20 12:45:33.580
2026-09-20 12:28:11,WGSS205,0101,Shelbi Meissner,21,21,0,2026-09-20 12:45:33,2026-09-20 12:45:33.838
2026-09-20 12:28:11,WGSS205,0201,Shelbi Meissner,21,21,0,2026-09-20 12:45:33,2026-09-20 12:45:33.839
2026-09-20 12:28:11,WGSS230,0101,Daniel Richter,20,20,0,2026-09-20 12:45:34,2026-09-20 12:45:34.086
2026-09-20 12:28:11,WGSS250,0101,Lidia Garcia Berrelleza,25,25,0,2026-09-20 12:45:34,2026-09-20 12:45:34.338
2026-09-20 12:28:11,WGSS250,0201,Shameem Razack,25,25,0,2026-09-20 12:45:34,2026-09-20 12:45:34.338
2026-09-20 12:28:11,WGSS255,0101,Instructor: TBA,30,30,0,2026-09-20 12:45:34,2026-09-20 12:45:34.612
2026-09-20 12:28:11,WGSS265,0101,Ashley Newby,40,40,0,2026-09-20 12:45:34,2026-09-20 12:45:34.863
2026-09-20 12:28:11,WGSS275,0101,Instructor: TBA,30,30,0,2026-09-20 12:45:35,2026-09-20 12:45:35.107
2026-09-20 12:28:11,WGSS280,0101,Jessica Mathiason,52,52,0,2026-09-20 12:45:35,2026-09-20 12:45:35.362
2026-09-20 12:28:11,WGSS290,0101,Jessica Mathiason,30,30,0,2026-09-20 12:45:35,2026-09-20 12:45:35.612
2026-09-20 12:28:11,WGSS290,0201,Sydney Lewis,31,31,0,2026-09-20 12:45:35,2026-09-20 12:45:35.612
2026-09-20 12:28:11,WGSS298C,0101,Will Mosley,35,35,0,2026-09-20 12:45:35,2026-09-20 12:45:35.885
2026-09-20 12:28:11,WGSS298S,0101,Jordan Keesler,25,25,0,2026-09-20 12:45:36,2026-09-20 12:45:36.170
2026-09-20 12:28:11,WGSS302,0101,Will Mosley,25,25,0,2026-09-20 12:45:36,2026-09-20 12:45:36.447
2026-09-20 12:28:11,WGSS306,0101,Sydney Lewis,30,30,0,2026-09-20 12:45:36,2026-09-20 12:45:36.711
2026-09-20 12:28:11,WGSS310,0101,Sayan Bhattacharya,25,25,0,2026-09-20 12:45:36,2026-09-20 12:45:36.961
2026-09-20 12:28:11,WGSS319F,0101,Alexis Lothian,30,30,0,2026-09-20 12:45:37,2026-09-20 12:45:37.219
2026-09-20 12:28:11,WGSS379U,0101,John Drabinski,25,25,0,2026-09-20 12:45:37,2026-09-20 12:45:37.506
2026-09-20 12:28:11,WGSS422,0101,Jennifer Cho,18,18,0,2026-09-20 12:45:37,2026-09-20 12:45:37.771
2026-09-20 12:28:11,WGSS471,0101,Instructor: TBA,25,25,0,2026-09-20 12:45:38,2026-09-20 12:45:38.305
2026-09-20 12:28:11,WGSS471,0201,Instructor: TBA,45,45,0,2026-09-20 12:45:38,2026-09-20 12:45:38.305
2026-09-20 12:28:11,WGSS475,0101,Sydney Lewis,20,20,0,2026-09-20 12:45:38,2026-09-20 12:45:38.546
2026-09-20 12:28:11,WGSS487,0101,Eva Hageman,15,15,0,2026-09-20 12:45:38,2026-09-20 12:45:38.832
2026-09-20 12:28:11,WGSS487H,0101,Eva Hageman,5,5,0,2026-09-20 12:45:39,2026-09-20 12:45:39.109
2026-09-20 12:28:11,WGSS602,0101,Shelbi Meissner,12,12,0,2026-09-20 12:45:40,2026-09-20 12:45:40.843
2026-09-20 12:28:11,WGSS708,0101,Alexis Lothian,10,10,0,2026-09-20 12:45:41,2026-09-20 12:45:41.575
2026-09-20 12:28:11,XPER455,0101,TJ Rainsford,25,25,0,2026-09-20 12:45:43,2026-09-20 12:45:43.768
2026-09-20 15:02:32,AAAS100,0101,Shane Walsh,35,35,0,2026-09-20 15:02:34,2026-09-20 15:02:34.766
2026-09-20 15:02:32,AAAS100,0201,Shane Walsh,35,35,0,2026-09-20 15:02:34,2026-09-20 15:02:34.766
2026-09-20 15:02:32,AAAS100,0301,George Kintiba,30,30,0,2026-09-20 15:02:34,2026-09-20 15:02:34.766
2026-09-20 15:02:32,AAAS100,0401,Beka Guluma,35,35,0,2026-09-20 15:02:34,2026-09-20 15:02:34.766
2026-09-20 15:02:32,AAAS100,0501,Jason Nichols,33,33,0,2026-09-20 15:02:34,2026-09-20 15:02:34.766
2026-09-20 15:02:32,AAAS100,0601,Jason Nichols,35,35,0,2026-09-20 15:02:34,2026-09-20 15:02:34.766
2026-09-20 15:02:32,AAAS100H,0301,George Kintiba,5,5,0,2026-09-20 15:02:35,2026-09-20 15:02:35.070
2026-09-20 15:02:32,AAAS101,0101,Periloux Peay,40,40,0,2026-09-20 15:02:35,2026-09-20 15:02:35.545
2026-09-20 15:02:32,AAAS187,0101,Robert Choflet,30,30,0,2026-09-20 15:02:35,2026-09-20 15:02:35.923
2026-09-20 15:02:32,AAAS200,0101,George Kintiba,40,40,0,2026-09-20 15:02:36,2026-09-20 15:02:36.256
2026-09-20 15:02:32,AAAS202,0101,Robert Choflet,30,30,0,2026-09-20 15:02:36,2026-09-20 15:02:36.562
2026-09-20 15:02:32,AAAS202,0201,Angelica Dunbar,35,35,0,2026-09-20 15:02:36,2026-09-20 15:02:36.562
2026-09-20 15:02:32,AAAS202,0301,Angelica Dunbar,35,35,0,2026-09-20 15:02:36,2026-09-20 15:02:36.562
2026-09-20 15:02:32,AAAS202,0401,Robert Choflet,35,35,0,2026-09-20 15:02:36,2026-09-20 15:02:36.562
2026-09-20 15:02:32,AAAS202H,0101,Robert Choflet,5,5,0,2026-09-20 15:02:36,2026-09-20 15:02:36.941
2026-09-20 15:02:32,AAAS211,0101,Shane Walsh,120,120,0,2026-09-20 15:02:37,2026-09-20 15:02:37.224
2026-09-20 15:02:32,AAAS234,0101,Instructor: TBA,30,30,0,2026-09-20 15:02:37,2026-09-20 15:02:37.569
2026-09-20 15:02:32,AAAS255,0101,Leigh Soares,40,40,0,2026-09-20 15:02:38,2026-09-20 15:02:38.410
2026-09-20 15:02:32,AAAS265,0101,Ashley Newby,40,40,0,2026-09-20 15:02:39,2026-09-20 15:02:39.118
2026-09-20 15:02:32,AAAS320,0101,Cecily Jackson,25,25,0,2026-09-20 15:02:39,2026-09-20 15:02:39.671
2026-09-20 15:02:32,AAAS320,0201,Cecily Jackson,25,25,0,2026-09-20 15:02:39,2026-09-20 15:02:39.671
2026-09-20 15:02:32,AAAS386,0101,Marshal Washington,10,10,0,2026-09-20 15:02:39,2026-09-20 15:02:39.917
2026-09-20 15:02:32,AAAS398G,0101,Chinyere Osuji,20,20,0,2026-09-20 15:02:40,2026-09-20 15:02:40.194
2026-09-20 15:02:32,AAAS398U,0101,John Drabinski,25,25,0,2026-09-20 15:02:40,2026-09-20 15:02:40.484
2026-09-20 15:02:32,AAAS400,0101,George Kintiba,20,20,0,2026-09-20 15:02:40,2026-09-20 15:02:40.752
2026-09-20 15:02:32,AAAS400H,0101,George Kintiba,5,5,0,2026-09-20 15:02:41,2026-09-20 15:02:41.057
2026-09-20 15:02:32,AAAS490,0101,Paul Landau,18,18,0,2026-09-20 15:02:41,2026-09-20 15:02:41.318
2026-09-20 15:02:32,AAAS498X,0101,Terrill Taylor,40,40,0,2026-09-20 15:02:41,2026-09-20 15:02:41.953
2026-09-20 15:02:32,AAST200,0101,Jennifer Cho,34,34,0,2026-09-20 15:02:43,2026-09-20 15:02:43.813
2026-09-20 15:02:32,AAST201,0101,Madeline Hsu,40,40,0,2026-09-20 15:02:44,2026-09-20 15:02:44.109
2026-09-20 15:02:32,AAST250,0101,Jennifer Cho,30,30,0,2026-09-20 15:02:44,2026-09-20 15:02:44.484
2026-09-20 15:02:32,AAST262,0101,Derek Iwamoto,60,60,0,2026-09-20 15:02:44,2026-09-20 15:02:44.742
2026-09-20 15:02:32,AAST322,0101,Julie Park,30,30,0,2026-09-20 15:02:45,2026-09-20 15:02:45.192
2026-09-20 15:02:32,AAST350,0101,Binod Paudyal,25,25,0,2026-09-20 15:02:45,2026-09-20 15:02:45.452
2026-09-20 15:02:32,AAST351,0101,Binod Paudyal,34,34,0,2026-09-20 15:02:45,2026-09-20 15:02:45.754
2026-09-20 15:02:32,AAST363,0101,Gemirald Daus,35,35,0,2026-09-20 15:02:46,2026-09-20 15:02:46.055
2026-09-20 15:02:32,AAST378,0101,Janelle Wong,2,2,0,2026-09-20 15:02:46,2026-09-20 15:02:46.320
2026-09-20 15:02:32,AAST394,0101,Wenxi Yang,25,25,0,2026-09-20 15:02:46,2026-09-20 15:02:46.830
2026-09-20 15:02:32,AAST398A,0101,Michelle Magalong,20,20,0,2026-09-20 15:02:47,2026-09-20 15:02:47.104
2026-09-20 15:02:32,AAST398B,0101,Chris Eng,25,25,0,2026-09-20 15:02:47,2026-09-20 15:02:47.355
2026-09-20 15:02:32,AAST421,0101,Philip Nash,20,20,0,2026-09-20 15:02:47,2026-09-20 15:02:47.605
2026-09-20 15:02:32,AAST422,0101,Jennifer Cho,18,18,0,2026-09-20 15:02:47,2026-09-20 15:02:47.855
2026-09-20 15:02:32,AAST443,0101,Janelle Wong,27,27,0,2026-09-20 15:02:48,2026-09-20 15:02:48.115
2026-09-20 15:02:32,ABRM450,0101,Ashley Newby,10,10,0,2026-09-20 15:02:49,2026-09-20 15:02:49.990
2026-09-20 15:02:32,AGNR301,0101,Thomas Hilde,150,150,0,2026-09-20 15:02:51,2026-09-20 15:02:51.441
2026-09-20 15:02:32,AGNR388,0101,Instructor: TBA,20,20,0,2026-09-20 15:02:51,2026-09-20 15:02:51.744
2026-09-20 15:02:32,AIME498B,0101,Kevin McGarry,30,30,0,2026-09-20 15:02:55,2026-09-20 15:02:55.202
2026-09-20 15:02:32,ARAB101,0101,Samah Al-salami,15,15,0,2026-09-20 15:03:34,2026-09-20 15:03:34.460
2026-09-20 15:02:32,ARAB101,0201,Ahmed Hanafy,15,15,0,2026-09-20 15:03:34,2026-09-20 15:03:34.461
2026-09-20 15:02:32,ARAB102,0101,Samah Al-salami,15,15,0,2026-09-20 15:03:34,2026-09-20 15:03:34.715
2026-09-20 15:02:32,ARAB102,0201,Samah Al-salami,15,15,0,2026-09-20 15:03:34,2026-09-20 15:03:34.715
2026-09-20 15:02:32,ARAB201,0101,Lutf Alkebsi,15,15,0,2026-09-20 15:03:34,2026-09-20 15:03:34.970
2026-09-20 15:02:32,ARAB202,0101,Lutf Alkebsi,15,15,0,2026-09-20 15:03:35,2026-09-20 15:03:35.280
2026-09-20 15:02:32,ARAB202,0201,Lutf Alkebsi,15,15,0,2026-09-20 15:03:35,2026-09-20 15:03:35.280
2026-09-20 15:02:32,ARAB222,0101,Ahmed Hanafy,15,15,0,2026-09-20 15:03:35,2026-09-20 15:03:35.536
2026-09-20 15:02:32,ARAB250,0101,Anny Gaul,15,15,0,2026-09-20 15:03:35,2026-09-20 15:03:35.802
2026-09-20 15:02:32,ARAB302,0101,Ahmed Hanafy,15,15,0,2026-09-20 15:03:36,2026-09-20 15:03:36.073
2026-09-20 15:02:32,ARAB317,0101,Anny Gaul,15,15,0,2026-09-20 15:03:36,2026-09-20 15:03:36.333
2026-09-20 15:02:32,ARAB398W,0101,Lutf Alkebsi,15,15,0,2026-09-20 15:03:36,2026-09-20 15:03:36.883
2026-09-20 15:02:32,ARAB499X,0101,Samah Al-salami,15,15,0,2026-09-20 15:03:37,2026-09-20 15:03:37.444
2026-09-20 15:02:32,ARCH170,0101,Lindsey May,100,100,0,2026-09-20 15:03:39,2026-09-20 15:03:39.076
2026-09-20 15:02:32,ARCH200,0101,Michael Abrams,21,21,0,2026-09-20 15:03:39,2026-09-20 15:03:39.333
2026-09-20 15:02:32,ARCH200,0102,Michael Abrams,21,21,0,2026-09-20 15:03:39,2026-09-20 15:03:39.334
2026-09-20 15:02:32,ARCH200,0103,Michael Abrams,21,21,0,2026-09-20 15:03:39,2026-09-20 15:03:39.334
2026-09-20 15:02:32,ARCH200,0104,Michael Abrams,21,21,0,2026-09-20 15:03:39,2026-09-20 15:03:39.334
2026-09-20 15:02:32,ARCH200,0105,Michael Abrams,21,21,0,2026-09-20 15:03:39,2026-09-20 15:03:39.334
2026-09-20 15:02:32,ARCH200,0106,Michael Abrams,21,21,0,2026-09-20 15:03:39,2026-09-20 15:03:39.334
2026-09-20 15:02:32,ARCH225,0101,Joseph Williams,125,125,0,2026-09-20 15:03:39,2026-09-20 15:03:39.606
2026-09-20 15:02:32,ARCH271,0101,Wayne Ricardo Curtis,75,75,0,2026-09-20 15:03:39,2026-09-20 15:03:39.854
2026-09-20 15:02:32,ARCH271,0102,Wayne Ricardo Curtis,75,75,0,2026-09-20 15:03:39,2026-09-20 15:03:39.854
2026-09-20 15:02:32,ARCH386,0101,Kristen Stack,10,10,0,2026-09-20 15:03:40,2026-09-20 15:03:40.164
2026-09-20 15:02:32,ARCH400,0101,Kenneth Filler,75,75,0,2026-09-20 15:03:40,2026-09-20 15:03:40.428
2026-09-20 15:02:32,ARCH400,0201,Marcus Cross,60,60,0,2026-09-20 15:03:40,2026-09-20 15:03:40.428
2026-09-20 15:02:32,ARCH402,0101,Taejun James Kim,75,75,0,2026-09-20 15:03:40,2026-09-20 15:03:40.740
2026-09-20 15:02:32,ARCH405,0101,Brittany L Williams,14,14,0,2026-09-20 15:03:40,2026-09-20 15:03:40.993
2026-09-20 15:02:32,ARCH407,0101,Georgeanne Matthews,12,12,0,2026-09-20 15:03:41,2026-09-20 15:03:41.250
2026-09-20 15:02:32,ARCH408A,0101,Daniel Curry,5,5,0,2026-09-20 15:03:41,2026-09-20 15:03:41.535
2026-09-20 15:02:32,ARCH408C,0101,Edgar Alvarado,5,5,0,2026-09-20 15:03:41,2026-09-20 15:03:41.792
2026-09-20 15:02:32,ARCH418D,0101,Hooman Koliji,30,30,0,2026-09-20 15:03:42,2026-09-20 15:03:42.072
2026-09-20 15:02:32,ARCH418G,0101,Deokoh Woo,16,16,0,2026-09-20 15:03:42,2026-09-20 15:03:42.345
2026-09-20 15:02:32,ARCH418I,0101,Michael Kleiss,16,16,0,2026-09-20 15:03:42,2026-09-20 15:03:42.618
2026-09-20 15:02:32,ARCH420,0101,Caroline Hickman,30,30,0,2026-09-20 15:03:42,2026-09-20 15:03:42.865
2026-09-20 15:02:32,ARCH423,0101,Joseph Williams,30,30,0,2026-09-20 15:03:43,2026-09-20 15:03:43.116
2026-09-20 15:02:32,ARCH425,0101,Joseph Williams,10,10,0,2026-09-20 15:03:43,2026-09-20 15:03:43.369
2026-09-20 15:02:32,ARCH428F,0101,Matthew Bell,20,20,0,2026-09-20 15:03:43,2026-09-20 15:03:43.675
2026-09-20 15:02:32,ARCH428K,0101,Michele Lamprakos,26,26,0,2026-09-20 15:03:43,2026-09-20 15:03:43.913
2026-09-20 15:02:32,ARCH445,0101,Daniel Curry,15,15,0,2026-09-20 15:03:44,2026-09-20 15:03:44.168
2026-09-20 15:02:32,ARCH463,0101,Deokoh Woo,150,150,0,2026-09-20 15:03:44,2026-09-20 15:03:44.421
2026-09-20 15:02:32,ARCH465,0101,Michael Kleiss,80,80,0,2026-09-20 15:03:44,2026-09-20 15:03:44.681
2026-09-20 15:02:32,ARCH468I,0101,Hooman Koliji,26,26,0,2026-09-20 15:03:44,2026-09-20 15:03:44.951
2026-09-20 15:02:32,ARCH468P,0101,Hooman Koliji,26,26,0,2026-09-20 15:03:45,2026-09-20 15:03:45.200
2026-09-20 15:02:32,ARCH472,0101,Kiley Wilfong Cullen,24,24,0,2026-09-20 15:03:45,2026-09-20 15:03:45.457
2026-09-20 15:02:32,ARCH478L,0101,Michele Lamprakos,10,10,0,2026-09-20 15:03:45,2026-09-20 15:03:45.718
2026-09-20 15:02:32,ARCH478O,0101,Stefan Woehlke,20,20,0,2026-09-20 15:03:45,2026-09-20 15:03:45.977
2026-09-20 15:02:32,ARCH601,0101,Peter Noonan,20,20,0,2026-09-20 15:03:46,2026-09-20 15:03:46.217
2026-09-20 15:02:32,ARCH618G,0101,Deokoh Woo,4,4,0,2026-09-20 15:03:46,2026-09-20 15:03:46.482
2026-09-20 15:02:32,ARCH618I,0101,Michael Kleiss,4,4,0,2026-09-20 15:03:46,2026-09-20 15:03:46.746
2026-09-20 15:02:32,ARCH628K,0101,Michele Lamprakos,4,4,0,2026-09-20 15:03:47,2026-09-20 15:03:47.014
2026-09-20 15:02:32,ARCH635,0101,Matthew Bell,15,15,0,2026-09-20 15:03:47,2026-09-20 15:03:47.297
2026-09-20 15:02:32,ARCH654,0101,Anatole Tchikine,35,35,0,2026-09-20 15:03:47,2026-09-20 15:03:47.571
2026-09-20 15:02:32,ARCH658I,0101,Sonja Ewing,15,15,0,2026-09-20 15:03:47,2026-09-20 15:03:47.838
2026-09-20 15:02:32,ARCH668I,0101,Hooman Koliji,4,4,0,2026-09-20 15:03:48,2026-09-20 15:03:48.136
2026-09-20 15:02:32,ARCH668P,0101,Hooman Koliji,4,4,0,2026-09-20 15:03:48,2026-09-20 15:03:48.387
2026-09-20 15:02:32,ARCH678L,0101,Michele Lamprakos,10,10,0,2026-09-20 15:03:48,2026-09-20 15:03:48.654
2026-09-20 15:02:32,ARCH678O,0101,Stefan Woehlke,5,5,0,2026-09-20 15:03:48,2026-09-20 15:03:48.936
2026-09-20 15:02:32,ARCH797,0101,Hooman Koliji,15,15,0,2026-09-20 15:03:49,2026-09-20 15:03:49.227
2026-09-20 15:02:32,ARMY105,0101,Andrew Bischoff,60,60,0,2026-09-20 15:04:04,2026-09-20 15:04:04.750
2026-09-20 15:02:32,ARMY105,0102,Andrew Bischoff,60,60,0,2026-09-20 15:04:04,2026-09-20 15:04:04.751
2026-09-20 15:02:32,ARMY110,0101,Andrew Bischoff,40,40,0,2026-09-20 15:04:05,2026-09-20 15:04:05.002
2026-09-20 15:02:32,ARMY202,0102,Andrew Bischoff,60,60,0,2026-09-20 15:04:05,2026-09-20 15:04:05.249
2026-09-20 15:02:32,ARMY302,0101,Andrew Bischoff,40,40,0,2026-09-20 15:04:05,2026-09-20 15:04:05.501
2026-09-20 15:02:32,ARMY402,0101,Andrew Bischoff,30,30,0,2026-09-20 15:04:05,2026-09-20 15:04:05.759
2026-09-20 15:02:32,ARMY402,0102,Andrew Bischoff,100,100,0,2026-09-20 15:04:05,2026-09-20 15:04:05.759
2026-09-20 15:02:32,ARSC059,0101,Kathryn Love,250,250,0,2026-09-20 15:04:07,2026-09-20 15:04:07.212
2026-09-20 15:02:32,ARSC101,0101,Alan Snyder,50,50,0,2026-09-20 15:04:07,2026-09-20 15:04:07.474
2026-09-20 15:02:32,ARSC101,0102,Alan Snyder,65,65,0,2026-09-20 15:04:07,2026-09-20 15:04:07.474
2026-09-20 15:02:32,ARSC101,0103,Alan Snyder,40,40,0,2026-09-20 15:04:07,2026-09-20 15:04:07.474
2026-09-20 15:02:32,ARSC101,0104,Alan Snyder,10,10,0,2026-09-20 15:04:07,2026-09-20 15:04:07.474
2026-09-20 15:02:32,ARSC201,0101,Nathan Rabe,65,65,0,2026-09-20 15:04:07,2026-09-20 15:04:07.738
2026-09-20 15:02:32,ARSC201,0102,Kathleen West,40,40,0,2026-09-20 15:04:07,2026-09-20 15:04:07.738
2026-09-20 15:02:32,ARSC201,0103,Kathleen West,40,40,0,2026-09-20 15:04:07,2026-09-20 15:04:07.738
2026-09-20 15:02:32,ARSC301,0101,Kathryn Love,45,45,0,2026-09-20 15:04:07,2026-09-20 15:04:07.995
2026-09-20 15:02:32,ARSC301,0102,Kathryn Love,20,20,0,2026-09-20 15:04:07,2026-09-20 15:04:07.995
2026-09-20 15:02:32,ARSC401,0101,Joseph Herwatic,30,30,0,2026-09-20 15:04:08,2026-09-20 15:04:08.298
2026-09-20 15:02:32,ARSC401,0102,Joseph Herwatic,15,15,0,2026-09-20 15:04:08,2026-09-20 15:04:08.298
2026-09-20 15:02:32,BIOM301,0101,Christine Hakenkamp,28,28,0,2026-09-20 15:04:59,2026-09-20 15:04:59.736
2026-09-20 15:02:32,BIOM301,0102,Christine Hakenkamp,28,28,0,2026-09-20 15:04:59,2026-09-20 15:04:59.736
2026-09-20 15:02:32,BIOM301,0103,Christine Hakenkamp,28,28,0,2026-09-20 15:04:59,2026-09-20 15:04:59.737
2026-09-20 15:02:32,BIOM301,0104,Christine Hakenkamp,28,28,0,2026-09-20 15:04:59,2026-09-20 15:04:59.737
2026-09-20 15:02:32,BIOM301,0105,Christine Hakenkamp,28,28,0,2026-09-20 15:04:59,2026-09-20 15:04:59.737
2026-09-20 15:02:32,BIOM301,0106,Christine Hakenkamp,28,28,0,2026-09-20 15:04:59,2026-09-20 15:04:59.737
2026-09-20 15:02:32,BIOM301,0107,Christine Hakenkamp,28,28,0,2026-09-20 15:04:59,2026-09-20 15:04:59.737
2026-09-20 15:02:32,BIOM301,0201,Instructor: TBA,28,28,0,2026-09-20 15:04:59,2026-09-20 15:04:59.737
2026-09-20 15:02:32,BIOM602,0101,Jiuzhou Song,28,28,0,2026-09-20 15:04:59,2026-09-20 15:04:59.974
2026-09-20 15:02:32,BMIN210,0101,Darlene Dennison,162,162,0,2026-09-20 15:05:24,2026-09-20 15:05:24.934
2026-09-20 15:02:32,BMIN210,0201,Darlene Dennison,162,162,0,2026-09-20 15:05:24,2026-09-20 15:05:24.934
2026-09-20 15:02:32,BMIN305,0101,Tejwansh Anand,162,162,0,2026-09-20 15:05:25,2026-09-20 15:05:25.194
2026-09-20 15:02:32,BMIN345,0101,Michael Padhi,325,325,0,2026-09-20 15:05:25,2026-09-20 15:05:25.449
2026-09-20 15:02:32,BMIN355,0101,Idil Yaveroglu,162,162,0,2026-09-20 15:05:25,2026-09-20 15:05:25.692
2026-09-20 15:02:32,BMIN355,0201,Idil Yaveroglu,162,162,0,2026-09-20 15:05:25,2026-09-20 15:05:25.692
2026-09-20 15:02:32,BMIN375,0101,Leland Gardner,162,162,0,2026-09-20 15:05:25,2026-09-20 15:05:25.956
2026-09-20 15:02:32,BMIN395,0101,Nima Farshchi,162,162,0,2026-09-20 15:05:26,2026-09-20 15:05:26.208
2026-09-20 15:02:32,BMIN395,0201,Nima Farshchi,162,162,0,2026-09-20 15:05:26,2026-09-20 15:05:26.208
2026-09-20 15:02:32,BSCI103,1100,Instructor: TBA,24,24,0,2026-09-20 15:05:29,2026-09-20 15:05:29.789
2026-09-20 15:02:32,BSCI103,1101,Instructor: TBA,24,24,0,2026-09-20 15:05:29,2026-09-20 15:05:29.789
2026-09-20 15:02:32,BSCI103,1103,Instructor: TBA,24,24,0,2026-09-20 15:05:29,2026-09-20 15:05:29.789
2026-09-20 15:02:32,BSCI103,1105,Instructor: TBA,24,24,0,2026-09-20 15:05:29,2026-09-20 15:05:29.789
2026-09-20 15:02:32,BSCI103,1107,Instructor: TBA,24,24,0,2026-09-20 15:05:29,2026-09-20 15:05:29.789
2026-09-20 15:02:32,BSCI103,1108,Instructor: TBA,24,24,0,2026-09-20 15:05:29,2026-09-20 15:05:29.790
2026-09-20 15:02:32,BSCI103,1109,Instructor: TBA,24,24,0,2026-09-20 15:05:29,2026-09-20 15:05:29.790
2026-09-20 15:02:32,BSCI103,1110,Instructor: TBA,24,24,0,2026-09-20 15:05:29,2026-09-20 15:05:29.790
2026-09-20 15:02:32,BSCI103M,0101,Instructor: TBA,24,24,0,2026-09-20 15:05:30,2026-09-20 15:05:30.094
2026-09-20 15:02:32,BSCI120,0101,Dennis vanEngelsdorp,21,21,0,2026-09-20 15:05:30,2026-09-20 15:05:30.356
2026-09-20 15:02:32,BSCI120,0102,Dennis vanEngelsdorp,21,21,0,2026-09-20 15:05:30,2026-09-20 15:05:30.356
2026-09-20 15:02:32,BSCI135,1101,Edgar Moctezuma,24,24,0,2026-09-20 15:05:30,2026-09-20 15:05:30.617
2026-09-20 15:02:32,BSCI135,1102,Edgar Moctezuma,24,24,0,2026-09-20 15:05:30,2026-09-20 15:05:30.617
2026-09-20 15:02:32,BSCI135,1103,Edgar Moctezuma,24,24,0,2026-09-20 15:05:30,2026-09-20 15:05:30.618
2026-09-20 15:02:32,BSCI135,1104,Edgar Moctezuma,24,24,0,2026-09-20 15:05:30,2026-09-20 15:05:30.618
2026-09-20 15:02:32,BSCI135,1105,Edgar Moctezuma,24,24,0,2026-09-20 15:05:30,2026-09-20 15:05:30.618
2026-09-20 15:02:32,BSCI160,6101,Leo Shapiro,104,104,0,2026-09-20 15:05:30,2026-09-20 15:05:30.871
2026-09-20 15:02:32,BSCI160,6301,Chloe Garfinkel,56,56,0,2026-09-20 15:05:30,2026-09-20 15:05:30.871
2026-09-20 15:02:32,BSCI160,6601,Vadim Karatayev,88,88,0,2026-09-20 15:05:30,2026-09-20 15:05:30.872
2026-09-20 15:02:32,BSCI160,SES1,Chloe Garfinkel,15,15,0,2026-09-20 15:05:30,2026-09-20 15:05:30.872
2026-09-20 15:02:32,BSCI170,0101,Cordelia Weiss,153,153,0,2026-09-20 15:05:31,2026-09-20 15:05:31.128
2026-09-20 15:02:32,BSCI170,0201,Nicholas Fletcher,153,153,0,2026-09-20 15:05:31,2026-09-20 15:05:31.128
2026-09-20 15:02:32,BSCI170,0301,Ricardo Araneda,152,152,0,2026-09-20 15:05:31,2026-09-20 15:05:31.128
2026-09-20 15:02:32,BSCI170,0401,Swarna Mohan,153,153,0,2026-09-20 15:05:31,2026-09-20 15:05:31.128
2026-09-20 15:02:32,BSCI170,0501,Ji Young Choi,120,120,0,2026-09-20 15:05:31,2026-09-20 15:05:31.128
2026-09-20 15:02:32,BSCI170,0701,Ji Young Choi,153,153,0,2026-09-20 15:05:31,2026-09-20 15:05:31.128
2026-09-20 15:02:32,BSCI170,SES1,James Sniezek,20,20,0,2026-09-20 15:05:31,2026-09-20 15:05:31.129
2026-09-20 15:02:32,BSCI180,8105,Hans Lemke,19,19,0,2026-09-20 15:05:31,2026-09-20 15:05:31.512
2026-09-20 15:02:32,BSCI180,8106,Swarna Mohan,19,19,0,2026-09-20 15:05:31,2026-09-20 15:05:31.512
2026-09-20 15:02:32,BSCI180,8107,Hans Lemke,19,19,0,2026-09-20 15:05:31,2026-09-20 15:05:31.512
2026-09-20 15:02:32,BSCI180,8108,Hans Lemke,19,19,0,2026-09-20 15:05:31,2026-09-20 15:05:31.513
2026-09-20 15:02:32,BSCI180,8109,Swarna Mohan,19,19,0,2026-09-20 15:05:31,2026-09-20 15:05:31.513
2026-09-20 15:02:32,BSCI180,8110,Hans Lemke,19,19,0,2026-09-20 15:05:31,2026-09-20 15:05:31.513
2026-09-20 15:02:32,BSCI180,8111,Hans Lemke,19,19,0,2026-09-20 15:05:31,2026-09-20 15:05:31.513
2026-09-20 15:02:32,BSCI180,8112,Hans Lemke,19,19,0,2026-09-20 15:05:31,2026-09-20 15:05:31.513
2026-09-20 15:02:32,BSCI180,8113,Hans Lemke,19,19,0,2026-09-20 15:05:31,2026-09-20 15:05:31.513
2026-09-20 15:02:32,BSCI180,8114,Hans Lemke,19,19,0,2026-09-20 15:05:31,2026-09-20 15:05:31.513
2026-09-20 15:02:32,BSCI180,8201,Swarna Mohan,19,19,0,2026-09-20 15:05:31,2026-09-20 15:05:31.513
2026-09-20 15:02:32,BSCI180,8202,Hans Lemke,19,19,0,2026-09-20 15:05:31,2026-09-20 15:05:31.513
2026-09-20 15:02:32,BSCI180,8205,Hans Lemke,19,19,0,2026-09-20 15:05:31,2026-09-20 15:05:31.514
2026-09-20 15:02:32,BSCI180,8206,Hans Lemke,19,19,0,2026-09-20 15:05:31,2026-09-20 15:05:31.514
2026-09-20 15:02:32,BSCI180,8207,Hans Lemke,19,19,0,2026-09-20 15:05:31,2026-09-20 15:05:31.514
2026-09-20 15:02:32,BSCI180,8208,Swarna Mohan,19,19,0,2026-09-20 15:05:31,2026-09-20 15:05:31.514
2026-09-20 15:02:32,BSCI180,8209,Swarna Mohan,19,19,0,2026-09-20 15:05:31,2026-09-20 15:05:31.514
2026-09-20 15:02:32,BSCI180,8210,Hans Lemke,19,19,0,2026-09-20 15:05:31,2026-09-20 15:05:31.514
2026-09-20 15:02:32,BSCI180,8211,Swarna Mohan,19,19,0,2026-09-20 15:05:31,2026-09-20 15:05:31.514
2026-09-20 15:02:32,BSCI180,8212,Hans Lemke,19,19,0,2026-09-20 15:05:31,2026-09-20 15:05:31.514
2026-09-20 15:02:32,BSCI180,8213,Hans Lemke,19,19,0,2026-09-20 15:05:31,2026-09-20 15:05:31.514
2026-09-20 15:02:32,BSCI180,8214,Hans Lemke,19,19,0,2026-09-20 15:05:31,2026-09-20 15:05:31.515
2026-09-20 15:02:32,BSCI180,8301,Hans Lemke,19,19,0,2026-09-20 15:05:31,2026-09-20 15:05:31.515
2026-09-20 15:02:32,BSCI180,8302,Hans Lemke,19,19,0,2026-09-20 15:05:31,2026-09-20 15:05:31.515
2026-09-20 15:02:32,BSCI180,8305,Hans Lemke,19,19,0,2026-09-20 15:05:31,2026-09-20 15:05:31.515
2026-09-20 15:02:32,BSCI180,8306,Hans Lemke,19,19,0,2026-09-20 15:05:31,2026-09-20 15:05:31.515
2026-09-20 15:02:32,BSCI180,8307,Swarna Mohan,19,19,0,2026-09-20 15:05:31,2026-09-20 15:05:31.515
2026-09-20 15:02:32,BSCI180,8308,Hans Lemke,19,19,0,2026-09-20 15:05:31,2026-09-20 15:05:31.515
2026-09-20 15:02:32,BSCI180,8309,Hans Lemke,19,19,0,2026-09-20 15:05:31,2026-09-20 15:05:31.515
2026-09-20 15:02:32,BSCI180,8310,Swarna Mohan,19,19,0,2026-09-20 15:05:31,2026-09-20 15:05:31.515
2026-09-20 15:02:32,BSCI180,8311,Hans Lemke,19,19,0,2026-09-20 15:05:31,2026-09-20 15:05:31.516
2026-09-20 15:02:32,BSCI180,8312,Hans Lemke,19,19,0,2026-09-20 15:05:31,2026-09-20 15:05:31.516
2026-09-20 15:02:32,BSCI180,8313,Hans Lemke,19,19,0,2026-09-20 15:05:31,2026-09-20 15:05:31.516
2026-09-20 15:02:32,BSCI180,8314,Hans Lemke,19,19,0,2026-09-20 15:05:31,2026-09-20 15:05:31.516
2026-09-20 15:02:32,BSCI180,8401,Hans Lemke,19,19,0,2026-09-20 15:05:31,2026-09-20 15:05:31.516
2026-09-20 15:02:32,BSCI180,8402,Hans Lemke,19,19,0,2026-09-20 15:05:31,2026-09-20 15:05:31.516
2026-09-20 15:02:32,BSCI180,8405,Hans Lemke,19,19,0,2026-09-20 15:05:31,2026-09-20 15:05:31.516
2026-09-20 15:02:32,BSCI180,8406,Swarna Mohan,19,19,0,2026-09-20 15:05:31,2026-09-20 15:05:31.516
2026-09-20 15:02:32,BSCI180,8407,Hans Lemke,19,19,0,2026-09-20 15:05:31,2026-09-20 15:05:31.516
2026-09-20 15:02:32,BSCI180,8408,Hans Lemke,19,19,0,2026-09-20 15:05:31,2026-09-20 15:05:31.517
2026-09-20 15:02:32,BSCI180,8409,Swarna Mohan,19,19,0,2026-09-20 15:05:31,2026-09-20 15:05:31.517
2026-09-20 15:02:32,BSCI180,8410,Hans Lemke,19,19,0,2026-09-20 15:05:31,2026-09-20 15:05:31.517
2026-09-20 15:02:32,BSCI180,8411,Hans Lemke,19,19,0,2026-09-20 15:05:31,2026-09-20 15:05:31.517
2026-09-20 15:02:32,BSCI180,8412,Hans Lemke,19,19,0,2026-09-20 15:05:31,2026-09-20 15:05:31.517
2026-09-20 15:02:32,BSCI180,8413,Hans Lemke,19,19,0,2026-09-20 15:05:31,2026-09-20 15:05:31.517
2026-09-20 15:02:32,BSCI180,8414,Hans Lemke,19,19,0,2026-09-20 15:05:31,2026-09-20 15:05:31.517
2026-09-20 15:02:32,BSCI180,SEF2,Hans Lemke,19,19,0,2026-09-20 15:05:31,2026-09-20 15:05:31.517
2026-09-20 15:02:32,BSCI180,SES1,Hans Lemke,19,19,0,2026-09-20 15:05:31,2026-09-20 15:05:31.517
2026-09-20 15:02:32,BSCI180,SES2,Hans Lemke,19,19,0,2026-09-20 15:05:31,2026-09-20 15:05:31.518
2026-09-20 15:02:32,BSCI201,0101,Caitlin Fox,24,24,0,2026-09-20 15:05:31,2026-09-20 15:05:31.781
2026-09-20 15:02:32,BSCI201,0103,Caitlin Fox,24,24,0,2026-09-20 15:05:31,2026-09-20 15:05:31.781
2026-09-20 15:02:32,BSCI201,0105,Caitlin Fox,24,24,0,2026-09-20 15:05:31,2026-09-20 15:05:31.781
2026-09-20 15:02:32,BSCI201,0106,Caitlin Fox,24,24,0,2026-09-20 15:05:31,2026-09-20 15:05:31.782
2026-09-20 15:02:32,BSCI201,0107,Caitlin Fox,24,24,0,2026-09-20 15:05:31,2026-09-20 15:05:31.782
2026-09-20 15:02:32,BSCI201,0109,Maira Goytia,24,24,0,2026-09-20 15:05:31,2026-09-20 15:05:31.782
2026-09-20 15:02:32,BSCI201,0110,Caitlin Fox,24,24,0,2026-09-20 15:05:31,2026-09-20 15:05:31.782
2026-09-20 15:02:32,BSCI201,0111,Caitlin Fox,24,24,0,2026-09-20 15:05:31,2026-09-20 15:05:31.782
2026-09-20 15:02:32,BSCI201,1101,Justicia Opoku-Edusei,24,24,0,2026-09-20 15:05:31,2026-09-20 15:05:31.782
2026-09-20 15:02:32,BSCI201,1103,Justicia Opoku-Edusei,24,24,0,2026-09-20 15:05:31,2026-09-20 15:05:31.782
2026-09-20 15:02:32,BSCI201,1104,Justicia Opoku-Edusei,24,24,0,2026-09-20 15:05:31,2026-09-20 15:05:31.782
2026-09-20 15:02:32,BSCI201,1105,Caitlin Fox,24,24,0,2026-09-20 15:05:31,2026-09-20 15:05:31.782
2026-09-20 15:02:32,BSCI201,1106,Caitlin Fox,24,24,0,2026-09-20 15:05:31,2026-09-20 15:05:31.783
2026-09-20 15:02:32,BSCI201,1108,Caitlin Fox,24,24,0,2026-09-20 15:05:31,2026-09-20 15:05:31.783
2026-09-20 15:02:32,BSCI201,1109,Justicia Opoku-Edusei,24,24,0,2026-09-20 15:05:31,2026-09-20 15:05:31.783
2026-09-20 15:02:32,BSCI201,1110,Justicia Opoku-Edusei,24,24,0,2026-09-20 15:05:31,2026-09-20 15:05:31.783
2026-09-20 15:02:32,BSCI202,0101,Caitlin Fox,24,24,0,2026-09-20 15:05:32,2026-09-20 15:05:32.040
2026-09-20 15:02:32,BSCI202,0102,Caitlin Fox,24,24,0,2026-09-20 15:05:32,2026-09-20 15:05:32.040
2026-09-20 15:02:32,BSCI202,0104,Caitlin Fox,24,24,0,2026-09-20 15:05:32,2026-09-20 15:05:32.040
2026-09-20 15:02:32,BSCI202,0108,Caitlin Fox,24,24,0,2026-09-20 15:05:32,2026-09-20 15:05:32.040
2026-09-20 15:02:32,BSCI202,0109,Maira Goytia,24,24,0,2026-09-20 15:05:32,2026-09-20 15:05:32.040
2026-09-20 15:02:32,BSCI202,0110,Caitlin Fox,24,24,0,2026-09-20 15:05:32,2026-09-20 15:05:32.040
2026-09-20 15:02:32,BSCI202,1101,Justicia Opoku-Edusei,24,24,0,2026-09-20 15:05:32,2026-09-20 15:05:32.040
2026-09-20 15:02:32,BSCI202,1103,Justicia Opoku-Edusei,24,24,0,2026-09-20 15:05:32,2026-09-20 15:05:32.040
2026-09-20 15:02:32,BSCI202,1104,Justicia Opoku-Edusei,24,24,0,2026-09-20 15:05:32,2026-09-20 15:05:32.041
2026-09-20 15:02:32,BSCI202,1106,Justicia Opoku-Edusei,24,24,0,2026-09-20 15:05:32,2026-09-20 15:05:32.041
2026-09-20 15:02:32,BSCI202,1107,Justicia Opoku-Edusei,24,24,0,2026-09-20 15:05:32,2026-09-20 15:05:32.041
2026-09-20 15:02:32,BSCI202,1108,Justicia Opoku-Edusei,24,24,0,2026-09-20 15:05:32,2026-09-20 15:05:32.041
2026-09-20 15:02:32,BSCI202,SES1,Edward Orlando,20,20,0,2026-09-20 15:05:32,2026-09-20 15:05:32.041
2026-09-20 15:02:32,BSCI207,0101,Karen Carleton,80,80,0,2026-09-20 15:05:32,2026-09-20 15:05:32.296
2026-09-20 15:02:32,BSCI207,0201,Chloe Garfinkel,80,80,0,2026-09-20 15:05:32,2026-09-20 15:05:32.296
2026-09-20 15:02:32,BSCI213,0101,Cordelia Weiss,20,20,0,2026-09-20 15:05:32,2026-09-20 15:05:32.567
2026-09-20 15:02:32,BSCI213,0102,Cordelia Weiss,20,20,0,2026-09-20 15:05:32,2026-09-20 15:05:32.567
2026-09-20 15:02:32,BSCI222,7106,Thomas Kocher,18,18,0,2026-09-20 15:05:32,2026-09-20 15:05:32.905
2026-09-20 15:02:32,BSCI222,7108,Thomas Kocher,18,18,0,2026-09-20 15:05:32,2026-09-20 15:05:32.905
2026-09-20 15:02:32,BSCI222,7110,Thomas Kocher,18,18,0,2026-09-20 15:05:32,2026-09-20 15:05:32.905
2026-09-20 15:02:32,BSCI222,7112,Thomas Kocher,18,18,0,2026-09-20 15:05:32,2026-09-20 15:05:32.905
2026-09-20 15:02:32,BSCI222,7114,Thomas Kocher,18,18,0,2026-09-20 15:05:32,2026-09-20 15:05:32.905
2026-09-20 15:02:32,BSCI222,7116,Thomas Kocher,18,18,0,2026-09-20 15:05:32,2026-09-20 15:05:32.905
2026-09-20 15:02:32,BSCI222,7118,Thomas Kocher,18,18,0,2026-09-20 15:05:32,2026-09-20 15:05:32.906
2026-09-20 15:02:32,BSCI222,7120,Thomas Kocher,18,18,0,2026-09-20 15:05:32,2026-09-20 15:05:32.906
2026-09-20 15:02:32,BSCI222,7130,Thomas Kocher,18,18,0,2026-09-20 15:05:32,2026-09-20 15:05:32.906
2026-09-20 15:02:32,BSCI222,7133,Thomas Kocher,18,18,0,2026-09-20 15:05:32,2026-09-20 15:05:32.906
2026-09-20 15:02:32,BSCI222,7214,Michael Keller,18,18,0,2026-09-20 15:05:32,2026-09-20 15:05:32.906
2026-09-20 15:02:32,BSCI222,7216,Michael Keller,18,18,0,2026-09-20 15:05:32,2026-09-20 15:05:32.906
2026-09-20 15:02:32,BSCI222,7218,Michael Keller,18,18,0,2026-09-20 15:05:32,2026-09-20 15:05:32.906
2026-09-20 15:02:32,BSCI222,7219,Michael Keller,18,18,0,2026-09-20 15:05:32,2026-09-20 15:05:32.906
2026-09-20 15:02:32,BSCI222,7220,Michael Keller,18,18,0,2026-09-20 15:05:32,2026-09-20 15:05:32.906
2026-09-20 15:02:32,BSCI222,7221,Michael Keller,18,18,0,2026-09-20 15:05:32,2026-09-20 15:05:32.906
2026-09-20 15:02:32,BSCI222,7222,Michael Keller,18,18,0,2026-09-20 15:05:32,2026-09-20 15:05:32.907
2026-09-20 15:02:32,BSCI222,7224,Michael Keller,18,18,0,2026-09-20 15:05:32,2026-09-20 15:05:32.907
2026-09-20 15:02:32,BSCI222,7226,Michael Keller,18,18,0,2026-09-20 15:05:32,2026-09-20 15:05:32.907
2026-09-20 15:02:32,BSCI222,7232,Michael Keller,18,18,0,2026-09-20 15:05:32,2026-09-20 15:05:32.907
2026-09-20 15:02:32,BSCI222,7234,Michael Keller,18,18,0,2026-09-20 15:05:32,2026-09-20 15:05:32.907
2026-09-20 15:02:32,BSCI222,7236,Michael Keller,18,18,0,2026-09-20 15:05:32,2026-09-20 15:05:32.907
2026-09-20 15:02:32,BSCI222,7310,Maria Colt,18,18,0,2026-09-20 15:05:32,2026-09-20 15:05:32.907
2026-09-20 15:02:32,BSCI222,7311,Maria Colt,18,18,0,2026-09-20 15:05:32,2026-09-20 15:05:32.907
2026-09-20 15:02:32,BSCI222,7312,Maria Colt,18,18,0,2026-09-20 15:05:32,2026-09-20 15:05:32.907
2026-09-20 15:02:32,BSCI222,7313,Maria Colt,18,18,0,2026-09-20 15:05:32,2026-09-20 15:05:32.908
2026-09-20 15:02:32,BSCI222,7315,Maria Colt,18,18,0,2026-09-20 15:05:32,2026-09-20 15:05:32.908
2026-09-20 15:02:32,BSCI222,7320,Maria Colt,18,18,0,2026-09-20 15:05:32,2026-09-20 15:05:32.908
2026-09-20 15:02:32,BSCI222,7325,Maria Colt,18,18,0,2026-09-20 15:05:32,2026-09-20 15:05:32.908
2026-09-20 15:02:32,BSCI222,7330,Maria Colt,18,18,0,2026-09-20 15:05:32,2026-09-20 15:05:32.908
2026-09-20 15:02:32,BSCI222,7332,Maria Colt,18,18,0,2026-09-20 15:05:32,2026-09-20 15:05:32.908
2026-09-20 15:02:32,BSCI222,7335,Maria Colt,18,18,0,2026-09-20 15:05:32,2026-09-20 15:05:32.908
2026-09-20 15:02:32,BSCI222,SES1,Kimberly Paczolt,23,23,0,2026-09-20 15:05:32,2026-09-20 15:05:32.908
2026-09-20 15:02:32,BSCI222,SES2,Kimberly Paczolt,20,20,0,2026-09-20 15:05:32,2026-09-20 15:05:32.908
2026-09-20 15:02:32,BSCI223,1021,John Buchner,16,16,0,2026-09-20 15:05:33,2026-09-20 15:05:33.247
2026-09-20 15:02:32,BSCI223,1025,John Buchner,16,16,0,2026-09-20 15:05:33,2026-09-20 15:05:33.247
2026-09-20 15:02:32,BSCI223,1026,John Buchner,16,16,0,2026-09-20 15:05:33,2026-09-20 15:05:33.247
2026-09-20 15:02:32,BSCI223,1101,John Buchner,16,16,0,2026-09-20 15:05:33,2026-09-20 15:05:33.247
2026-09-20 15:02:32,BSCI223,1105,John Buchner,16,16,0,2026-09-20 15:05:33,2026-09-20 15:05:33.247
2026-09-20 15:02:32,BSCI223,1106,John Buchner,16,16,0,2026-09-20 15:05:33,2026-09-20 15:05:33.248
2026-09-20 15:02:32,BSCI223,1121,John Buchner,16,16,0,2026-09-20 15:05:33,2026-09-20 15:05:33.248
2026-09-20 15:02:32,BSCI223,1125,John Buchner,16,16,0,2026-09-20 15:05:33,2026-09-20 15:05:33.248
2026-09-20 15:02:32,BSCI223,1126,John Buchner,16,16,0,2026-09-20 15:05:33,2026-09-20 15:05:33.248
2026-09-20 15:02:32,BSCI223,1201,John Buchner,16,16,0,2026-09-20 15:05:33,2026-09-20 15:05:33.248
2026-09-20 15:02:32,BSCI223,1206,John Buchner,16,16,0,2026-09-20 15:05:33,2026-09-20 15:05:33.248
2026-09-20 15:02:32,BSCI223,1221,John Buchner,16,16,0,2026-09-20 15:05:33,2026-09-20 15:05:33.248
2026-09-20 15:02:32,BSCI223,1225,John Buchner,16,16,0,2026-09-20 15:05:33,2026-09-20 15:05:33.248
2026-09-20 15:02:32,BSCI223,1226,John Buchner,16,16,0,2026-09-20 15:05:33,2026-09-20 15:05:33.249
2026-09-20 15:02:32,BSCI223,1301,John Buchner,16,16,0,2026-09-20 15:05:33,2026-09-20 15:05:33.249
2026-09-20 15:02:32,BSCI223,1306,John Buchner,16,16,0,2026-09-20 15:05:33,2026-09-20 15:05:33.249
2026-09-20 15:02:32,BSCI223,2401,John Buchner,16,16,0,2026-09-20 15:05:33,2026-09-20 15:05:33.249
2026-09-20 15:02:32,BSCI223,2406,John Buchner,16,16,0,2026-09-20 15:05:33,2026-09-20 15:05:33.249
2026-09-20 15:02:32,BSCI223,SES1,Cherisse Hall,20,20,0,2026-09-20 15:05:33,2026-09-20 15:05:33.249
2026-09-20 15:02:32,BSCI238I,0101,Aditri Gadigi,30,30,0,2026-09-20 15:05:33,2026-09-20 15:05:33.526
2026-09-20 15:02:32,BSCI258A,0101,Nicholas Fletcher,10,10,0,2026-09-20 15:05:33,2026-09-20 15:05:33.777
2026-09-20 15:02:32,BSCI258B,0101,Nicholas Fletcher,80,80,0,2026-09-20 15:05:34,2026-09-20 15:05:34.049
2026-09-20 15:02:32,BSCI279B,0101,Katerina Thompson,32,32,0,2026-09-20 15:05:34,2026-09-20 15:05:34.619
2026-09-20 15:02:32,BSCI279B,0102,Katerina Thompson,32,32,0,2026-09-20 15:05:34,2026-09-20 15:05:34.620
2026-09-20 15:02:32,BSCI279Q,0101,Daniel Butts,10,10,0,2026-09-20 15:05:35,2026-09-20 15:05:35.161
2026-09-20 15:02:32,BSCI283,1205,Kevin McIver,20,20,0,2026-09-20 15:05:35,2026-09-20 15:05:35.991
2026-09-20 15:02:32,BSCI283,1305,Daniel Stein,20,20,0,2026-09-20 15:05:35,2026-09-20 15:05:35.991
2026-09-20 15:02:32,BSCI329,1016,Hilary Bierman,5,5,0,2026-09-20 15:05:36,2026-09-20 15:05:36.253
2026-09-20 15:02:32,BSCI329,1028,Daniel Butts,10,10,0,2026-09-20 15:05:36,2026-09-20 15:05:36.253
2026-09-20 15:02:32,BSCI329,1033,Chan Lin,10,10,0,2026-09-20 15:05:36,2026-09-20 15:05:36.253
2026-09-20 15:02:32,BSCI329,1250,Justicia Opoku-Edusei,20,20,0,2026-09-20 15:05:36,2026-09-20 15:05:36.253
2026-09-20 15:02:32,BSCI329,1388,Corine Van der Weele,8,8,0,2026-09-20 15:05:36,2026-09-20 15:05:36.253
2026-09-20 15:02:32,BSCI329,ESG1,Hadiya Woodham,10,10,0,2026-09-20 15:05:36,2026-09-20 15:05:36.253
2026-09-20 15:02:32,BSCI331,0101,Kenneth Frauwirth,200,200,0,2026-09-20 15:05:36,2026-09-20 15:05:36.507
2026-09-20 15:02:32,BSCI331,0201,Kenneth Frauwirth,200,200,0,2026-09-20 15:05:36,2026-09-20 15:05:36.507
2026-09-20 15:02:32,BSCI332,0102,Corine Van der Weele,23,23,0,2026-09-20 15:05:36,2026-09-20 15:05:36.770
2026-09-20 15:02:32,BSCI332,0104,Corine Van der Weele,23,23,0,2026-09-20 15:05:36,2026-09-20 15:05:36.770
2026-09-20 15:02:32,BSCI332,0106,Corine Van der Weele,23,23,0,2026-09-20 15:05:36,2026-09-20 15:05:36.770
2026-09-20 15:02:32,BSCI332,0107,Corine Van der Weele,23,23,0,2026-09-20 15:05:36,2026-09-20 15:05:36.770
2026-09-20 15:02:32,BSCI332,0111,Corine Van der Weele,23,23,0,2026-09-20 15:05:36,2026-09-20 15:05:36.770
2026-09-20 15:02:32,BSCI332,1103,Corine Van der Weele,23,23,0,2026-09-20 15:05:36,2026-09-20 15:05:36.770
2026-09-20 15:02:32,BSCI332,1105,Corine Van der Weele,23,23,0,2026-09-20 15:05:36,2026-09-20 15:05:36.770
2026-09-20 15:02:32,BSCI332,1108,Corine Van der Weele,23,23,0,2026-09-20 15:05:36,2026-09-20 15:05:36.770
2026-09-20 15:02:32,BSCI332,1109,Corine Van der Weele,23,23,0,2026-09-20 15:05:36,2026-09-20 15:05:36.770
2026-09-20 15:02:32,BSCI332,1111,Corine Van der Weele,23,23,0,2026-09-20 15:05:36,2026-09-20 15:05:36.771
2026-09-20 15:02:32,BSCI332,1113,Corine Van der Weele,23,23,0,2026-09-20 15:05:36,2026-09-20 15:05:36.771
2026-09-20 15:02:32,BSCI334,0101,Katerina Thompson,60,60,0,2026-09-20 15:05:37,2026-09-20 15:05:37.021
2026-09-20 15:02:32,BSCI335,0101,Katerina Thompson,20,20,0,2026-09-20 15:05:37,2026-09-20 15:05:37.316
2026-09-20 15:02:32,BSCI335,0102,Katerina Thompson,20,20,0,2026-09-20 15:05:37,2026-09-20 15:05:37.316
2026-09-20 15:02:32,BSCI337,0101,Leo Shapiro,20,20,0,2026-09-20 15:05:37,2026-09-20 15:05:37.600
2026-09-20 15:02:32,BSCI337,0102,Leo Shapiro,20,20,0,2026-09-20 15:05:37,2026-09-20 15:05:37.600
2026-09-20 15:02:32,BSCI343,ESG1,Hadiya Woodham,30,30,0,2026-09-20 15:05:38,2026-09-20 15:05:38.102
2026-09-20 15:02:32,BSCI348A,0101,John Buchner,22,22,0,2026-09-20 15:05:38,2026-09-20 15:05:38.632
2026-09-20 15:02:32,BSCI348B,SES1,Erik Lontok,20,20,0,2026-09-20 15:05:38,2026-09-20 15:05:38.887
2026-09-20 15:02:32,BSCI348R,0101,Najib El-Sayed,10,10,0,2026-09-20 15:05:39,2026-09-20 15:05:39.131
2026-09-20 15:02:32,BSCI353,0101,Chan Lin,64,64,0,2026-09-20 15:05:39,2026-09-20 15:05:39.379
2026-09-20 15:02:32,BSCI353,0102,Melissa Caras,40,40,0,2026-09-20 15:05:39,2026-09-20 15:05:39.379
2026-09-20 15:02:32,BSCI353,ESG1,Vitaly Stepensky,40,40,0,2026-09-20 15:05:39,2026-09-20 15:05:39.380
2026-09-20 15:02:32,BSCI358A,ESG1,Vitaly Stepensky,30,30,0,2026-09-20 15:05:39,2026-09-20 15:05:39.620
2026-09-20 15:02:32,BSCI358B,ESG1,Gregory Simon,30,30,0,2026-09-20 15:05:39,2026-09-20 15:05:39.864
2026-09-20 15:02:32,BSCI361,0101,Daniel Gruner,25,25,0,2026-09-20 15:05:40,2026-09-20 15:05:40.129
2026-09-20 15:02:32,BSCI361,0102,Daniel Gruner,25,25,0,2026-09-20 15:05:40,2026-09-20 15:05:40.129
2026-09-20 15:02:32,BSCI370,0101,Alexandra Bely,64,64,0,2026-09-20 15:05:40,2026-09-20 15:05:40.382
2026-09-20 15:02:32,BSCI378H,0101,Kenneth Frauwirth,23,23,0,2026-09-20 15:05:40,2026-09-20 15:05:40.679
2026-09-20 15:02:32,BSCI398H,0101,Alexandra Bely,35,35,0,2026-09-20 15:05:42,2026-09-20 15:05:42.523
2026-09-20 15:02:32,BSCI401,0101,Gerald Wilkinson,39,39,0,2026-09-20 15:05:43,2026-09-20 15:05:43.583
2026-09-20 15:02:32,BSCI406,0101,Sergei Sukharev,20,20,0,2026-09-20 15:05:43,2026-09-20 15:05:43.868
2026-09-20 15:02:32,BSCI410,0101,Charles Seller,140,140,0,2026-09-20 15:05:44,2026-09-20 15:05:44.121
2026-09-20 15:02:32,BSCI412,0101,Erin Tran,18,18,0,2026-09-20 15:05:44,2026-09-20 15:05:44.410
2026-09-20 15:02:32,BSCI412,0103,Wade Winkler,18,18,0,2026-09-20 15:05:44,2026-09-20 15:05:44.410
2026-09-20 15:02:32,BSCI414,ESG1,Caitlin Fox,24,24,0,2026-09-20 15:05:44,2026-09-20 15:05:44.709
2026-09-20 15:02:32,BSCI416,0101,Silvia Bolland,42,42,0,2026-09-20 15:05:44,2026-09-20 15:05:44.992
2026-09-20 15:02:32,BSCI417,0101,Vincent Lee,30,30,0,2026-09-20 15:05:45,2026-09-20 15:05:45.242
2026-09-20 15:02:32,BSCI420,0101,Sougata Roy,62,62,0,2026-09-20 15:05:45,2026-09-20 15:05:45.497
2026-09-20 15:02:32,BSCI422,0101,Kenneth Frauwirth,25,25,0,2026-09-20 15:05:45,2026-09-20 15:05:45.769
2026-09-20 15:02:32,BSCI422,0102,Kenneth Frauwirth,25,25,0,2026-09-20 15:05:45,2026-09-20 15:05:45.770
2026-09-20 15:02:32,BSCI422,0103,David Mosser,25,25,0,2026-09-20 15:05:45,2026-09-20 15:05:45.770
2026-09-20 15:02:32,BSCI422,0104,David Mosser,25,25,0,2026-09-20 15:05:45,2026-09-20 15:05:45.770
2026-09-20 15:02:32,BSCI423,0101,Wenxia Song,18,18,0,2026-09-20 15:05:46,2026-09-20 15:05:46.025
2026-09-20 15:02:32,BSCI423,0102,Wenxia Song,18,18,0,2026-09-20 15:05:46,2026-09-20 15:05:46.025
2026-09-20 15:02:32,BSCI425,0101,Kan Cao,20,20,0,2026-09-20 15:05:46,2026-09-20 15:05:46.284
2026-09-20 15:02:32,BSCI430,0101,Eric Haag,35,35,0,2026-09-20 15:05:46,2026-09-20 15:05:46.543
2026-09-20 15:02:32,BSCI433,0101,Jeff Maltas,30,30,0,2026-09-20 15:05:46,2026-09-20 15:05:46.802
2026-09-20 15:02:32,BSCI433,PDS1,Beth Parent,25,25,0,2026-09-20 15:05:46,2026-09-20 15:05:46.802
2026-09-20 15:02:32,BSCI435,0101,Tapan Goel,18,18,0,2026-09-20 15:05:47,2026-09-20 15:05:47.051
2026-09-20 15:02:32,BSCI436,0101,Jonathan Dinman,60,60,0,2026-09-20 15:05:47,2026-09-20 15:05:47.303
2026-09-20 15:02:32,BSCI437,0101,Jeffrey DeStefano,70,70,0,2026-09-20 15:05:47,2026-09-20 15:05:47.578
2026-09-20 15:02:32,BSCI437,ESG1,Gilad Ofek,40,40,0,2026-09-20 15:05:47,2026-09-20 15:05:47.579
2026-09-20 15:02:32,BSCI437H,0101,Jeffrey DeStefano,8,8,0,2026-09-20 15:05:47,2026-09-20 15:05:47.858
2026-09-20 15:02:32,BSCI439B,ESG1,Maira Goytia,40,40,0,2026-09-20 15:05:48,2026-09-20 15:05:48.099
2026-09-20 15:02:32,BSCI439E,0101,Beatrice Kondo,5,5,0,2026-09-20 15:05:48,2026-09-20 15:05:48.374
2026-09-20 15:02:32,BSCI439G,0101,Beatrice Kondo,5,5,0,2026-09-20 15:05:48,2026-09-20 15:05:48.631
2026-09-20 15:02:32,BSCI439L,0101,Instructor: TBA,5,5,0,2026-09-20 15:05:48,2026-09-20 15:05:48.873
2026-09-20 15:02:32,BSCI442,0101,Daniel Rodriguez Leal,20,20,0,2026-09-20 15:05:49,2026-09-20 15:05:49.135
2026-09-20 15:02:32,BSCI442,0102,Jose Feijo,20,20,0,2026-09-20 15:05:49,2026-09-20 15:05:49.136
2026-09-20 15:02:32,BSCI450,0101,Juan Angueyra,130,130,0,2026-09-20 15:05:49,2026-09-20 15:05:49.432
2026-09-20 15:02:32,BSCI450,0201,Joshua Singer,120,120,0,2026-09-20 15:05:49,2026-09-20 15:05:49.432
2026-09-20 15:02:32,BSCI450,PDS1,William Higgins,20,20,0,2026-09-20 15:05:49,2026-09-20 15:05:49.432
2026-09-20 15:02:32,BSCI451,0101,Corine Van der Weele,20,20,0,2026-09-20 15:05:49,2026-09-20 15:05:49.717
2026-09-20 15:02:32,BSCI451,0102,Corine Van der Weele,20,20,0,2026-09-20 15:05:49,2026-09-20 15:05:49.717
2026-09-20 15:02:32,BSCI451,0103,Corine Van der Weele,20,20,0,2026-09-20 15:05:49,2026-09-20 15:05:49.717
2026-09-20 15:02:32,BSCI451,0104,Corine Van der Weele,20,20,0,2026-09-20 15:05:49,2026-09-20 15:05:49.717
2026-09-20 15:02:32,BSCI452,0101,Chan Lin,40,40,0,2026-09-20 15:05:50,2026-09-20 15:05:50.009
2026-09-20 15:02:32,BSCI453,0101,Nikolas Francis,38,38,0,2026-09-20 15:05:50,2026-09-20 15:05:50.271
2026-09-20 15:02:32,BSCI455,0101,Hilary Bierman,16,16,0,2026-09-20 15:05:50,2026-09-20 15:05:50.525
2026-09-20 15:02:32,BSCI455,0102,Hilary Bierman,16,16,0,2026-09-20 15:05:50,2026-09-20 15:05:50.525
2026-09-20 15:02:32,BSCI455,0103,Hilary Bierman,16,16,0,2026-09-20 15:05:50,2026-09-20 15:05:50.525
2026-09-20 15:02:32,BSCI456,0101,Colenso Speer,5,5,0,2026-09-20 15:05:50,2026-09-20 15:05:50.767
2026-09-20 15:02:32,BSCI477,0101,Emily Bruns,40,40,0,2026-09-20 15:05:51,2026-09-20 15:05:51.012
2026-09-20 15:02:32,BSCI487,0101,Kelly Hamby,24,24,0,2026-09-20 15:05:51,2026-09-20 15:05:51.333
2026-09-20 15:02:32,BSOS355,0101,Liza Lebrun,40,40,0,2026-09-20 15:05:52,2026-09-20 15:05:52.778
2026-09-20 15:02:32,BSOS361,0101,TC Lloyd,30,30,0,2026-09-20 15:05:53,2026-09-20 15:05:53.068
2026-09-20 15:02:32,BSOS361,0102,TC Lloyd,30,30,0,2026-09-20 15:05:53,2026-09-20 15:05:53.068
2026-09-20 15:02:32,BSOS448M,0101,Brandee Pettus,12,12,0,2026-09-20 15:05:53,2026-09-20 15:05:53.317
2026-09-20 15:02:32,BUMO600,0501,Sheetal Singh,52,52,0,2026-09-20 15:06:11,2026-09-20 15:06:11.993
2026-09-20 15:02:32,BUMO604,0501,Jon Crocker,0,0,0,2026-09-20 15:06:12,2026-09-20 15:06:12.295
2026-09-20 15:02:32,BUMO614,0501,Waverly Ding,58,58,0,2026-09-20 15:06:12,2026-09-20 15:06:12.569
2026-09-20 15:02:32,BUMO701,0501,Jason Choi,65,65,0,2026-09-20 15:06:12,2026-09-20 15:06:12.894
2026-09-20 15:02:32,BUMO703,0501,Mary Beth Furst,65,65,0,2026-09-20 15:06:13,2026-09-20 15:06:13.177
2026-09-20 15:02:32,BUMO711,0501,Sheetal Singh,65,65,0,2026-09-20 15:06:13,2026-09-20 15:06:13.429
2026-09-20 15:02:32,BUMO714,0501,Rellie Rozin,0,0,0,2026-09-20 15:06:13,2026-09-20 15:06:13.685
2026-09-20 15:02:32,BUMO723,0501,Stephen Sclafani,58,58,0,2026-09-20 15:06:13,2026-09-20 15:06:13.944
2026-09-20 15:02:32,BUMO724,0501,Stephen Sclafani,58,58,0,2026-09-20 15:06:14,2026-09-20 15:06:14.198
2026-09-20 15:02:32,BUMO726,0501,Stephen Sclafani,58,58,0,2026-09-20 15:06:14,2026-09-20 15:06:14.466
2026-09-20 15:02:32,BUMO731,0501,Balaji Padmanabhan,58,58,0,2026-09-20 15:06:14,2026-09-20 15:06:14.731
2026-09-20 15:02:32,BUMO733,0501,Balaji Padmanabhan,58,58,0,2026-09-20 15:06:15,2026-09-20 15:06:15.015
2026-09-20 15:02:32,BUMO758P,0501,Jon Crocker,37,37,0,2026-09-20 15:06:15,2026-09-20 15:06:15.293
2026-09-20 15:02:32,BUMO780,0501,Jennifer Marr,37,37,0,2026-09-20 15:06:15,2026-09-20 15:06:15.819
2026-09-20 15:02:32,BUMO780,0502,Jennifer Marr,37,37,0,2026-09-20 15:06:15,2026-09-20 15:06:15.819
2026-09-20 15:02:32,BUMO782,0501,Mike Hoffmeyer,40,40,0,2026-09-20 15:06:16,2026-09-20 15:06:16.118
2026-09-20 15:02:32,BUMO785,0501,Maria Bustamante,65,65,0,2026-09-20 15:06:16,2026-09-20 15:06:16.395
2026-09-20 15:02:32,BUMO790,0501,Roy Thomason,65,65,0,2026-09-20 15:06:16,2026-09-20 15:06:16.664
2026-09-20 15:02:32,BUMO790,0502,Roy Thomason,65,65,0,2026-09-20 15:06:16,2026-09-20 15:06:16.664
2026-09-20 15:02:32,BUMO791,0501,Roy Thomason,65,65,0,2026-09-20 15:06:16,2026-09-20 15:06:16.913
2026-09-20 15:02:32,BUMO791,0502,Roy Thomason,65,65,0,2026-09-20 15:06:16,2026-09-20 15:06:16.913
2026-09-20 15:02:32,CHIN100,0101,Yuli Wang,15,15,0,2026-09-20 15:06:59,2026-09-20 15:06:59.504
2026-09-20 15:02:32,CHIN121,0101,Mei Kong,15,15,0,2026-09-20 15:07:00,2026-09-20 15:07:00.091
2026-09-20 15:02:32,CHIN122,0101,Mei Kong,15,15,0,2026-09-20 15:07:00,2026-09-20 15:07:00.711
2026-09-20 15:02:32,CHIN122,0201,Mei Kong,15,15,0,2026-09-20 15:07:00,2026-09-20 15:07:00.711
2026-09-20 15:02:32,CHIN122,0301,Guiling Hu,15,15,0,2026-09-20 15:07:00,2026-09-20 15:07:00.711
2026-09-20 15:02:32,CHIN207,0101,Guiling Hu,15,15,0,2026-09-20 15:07:01,2026-09-20 15:07:01.366
2026-09-20 15:02:32,CHIN207,0201,Guiling Hu,15,15,0,2026-09-20 15:07:01,2026-09-20 15:07:01.366
2026-09-20 15:02:32,CHIN302,0101,Jungjung Lee,15,15,0,2026-09-20 15:07:01,2026-09-20 15:07:01.678
2026-09-20 15:02:32,CHIN302,0201,Jungjung Lee,15,15,0,2026-09-20 15:07:01,2026-09-20 15:07:01.678
2026-09-20 15:02:32,CHIN307,0101,Minglang Zhou,25,25,0,2026-09-20 15:07:02,2026-09-20 15:07:02.069
2026-09-20 15:02:32,CHIN315,0101,Mei Nan,25,25,0,2026-09-20 15:07:02,2026-09-20 15:07:02.661
2026-09-20 15:02:32,CHIN332,0101,Yuli Wang,15,15,0,2026-09-20 15:07:02,2026-09-20 15:07:02.930
2026-09-20 15:02:32,CHIN402,0101,Jungjung Lee,15,15,0,2026-09-20 15:07:03,2026-09-20 15:07:03.940
2026-09-20 15:02:32,CHIN415,0101,Jungjung Lee,15,15,0,2026-09-20 15:07:04,2026-09-20 15:07:04.334
2026-09-20 15:02:32,CHIN418O,0101,Mei Nan,25,25,0,2026-09-20 15:07:04,2026-09-20 15:07:04.594
2026-09-20 15:02:32,CHIN441,0101,Andrew Schonebaum,20,20,0,2026-09-20 15:07:04,2026-09-20 15:07:04.852
2026-09-20 15:02:32,CHSE205,0101,Yewon Lee,60,60,0,2026-09-20 15:07:09,2026-09-20 15:07:09.305
2026-09-20 15:02:32,CHSE205,0201,Katryna Andrusik,50,50,0,2026-09-20 15:07:09,2026-09-20 15:07:09.306
2026-09-20 15:02:32,CHSE228D,0101,Nikita Kimani,16,16,0,2026-09-20 15:07:09,2026-09-20 15:07:09.572
2026-09-20 15:02:32,CHSE376,0101,Michael Dunham,20,20,0,2026-09-20 15:07:09,2026-09-20 15:07:09.846
2026-09-20 15:02:32,CHSE376,0201,Elizabeth Martinez,20,20,0,2026-09-20 15:07:09,2026-09-20 15:07:09.847
2026-09-20 15:02:32,CHSE376,0301,Colleen McGilpin,20,20,0,2026-09-20 15:07:09,2026-09-20 15:07:09.847
2026-09-20 15:02:32,CHSE376,0401,Chanai Brewster,15,15,0,2026-09-20 15:07:09,2026-09-20 15:07:09.847
2026-09-20 15:02:32,CHSE376,0501,Michael Dunham,15,15,0,2026-09-20 15:07:09,2026-09-20 15:07:09.847
2026-09-20 15:02:32,CHSE476,0101,Michael Dunham,20,20,0,2026-09-20 15:07:10,2026-09-20 15:07:10.912
2026-09-20 15:02:32,CHSE477,0101,Michael Dunham,18,18,0,2026-09-20 15:07:11,2026-09-20 15:07:11.805
2026-09-20 15:02:32,CHSE480,0101,Michael Dunham,18,18,0,2026-09-20 15:07:12,2026-09-20 15:07:12.384
2026-09-20 15:02:32,CHSE489,1901,Amy D'Agati,10,10,0,2026-09-20 15:07:12,2026-09-20 15:07:12.642
2026-09-20 15:02:32,CINE245,0201,Instructor: TBA,27,27,0,2026-09-20 15:07:15,2026-09-20 15:07:15.072
2026-09-20 15:02:32,CINE245,0301,Instructor: TBA,27,27,0,2026-09-20 15:07:15,2026-09-20 15:07:15.072
2026-09-20 15:02:32,CINE280,0101,Eric Zakim,25,25,0,2026-09-20 15:07:15,2026-09-20 15:07:15.376
2026-09-20 15:02:32,CINE280,0102,Eric Zakim,25,25,0,2026-09-20 15:07:15,2026-09-20 15:07:15.377
2026-09-20 15:02:32,CINE280,0103,Eric Zakim,25,25,0,2026-09-20 15:07:15,2026-09-20 15:07:15.377
2026-09-20 15:02:32,CINE280,0104,Eric Zakim,25,25,0,2026-09-20 15:07:15,2026-09-20 15:07:15.377
2026-09-20 15:02:32,CINE282,0101,Susan Pramschufer,35,35,0,2026-09-20 15:07:15,2026-09-20 15:07:15.635
2026-09-20 15:02:32,CINE298B,0101,Sean Pue,20,20,0,2026-09-20 15:07:15,2026-09-20 15:07:15.983
2026-09-20 15:02:32,CINE302,0101,Luka Arsenjuk,30,30,0,2026-09-20 15:07:16,2026-09-20 15:07:16.239
2026-09-20 15:02:32,CINE310,0101,Nathaniel Stevens,15,15,0,2026-09-20 15:07:16,2026-09-20 15:07:16.541
2026-09-20 15:02:32,CINE319A,0101,Instructor: TBA,20,20,0,2026-09-20 15:07:16,2026-09-20 15:07:16.822
2026-09-20 15:02:32,CINE319I,0101,Yael Inbar,15,15,0,2026-09-20 15:07:17,2026-09-20 15:07:17.114
2026-09-20 15:02:32,CINE319P,5501,Samuel Crawford,10,10,0,2026-09-20 15:07:17,2026-09-20 15:07:17.386
2026-09-20 15:02:32,CINE329E,0101,Elizabeth Papazian,25,25,0,2026-09-20 15:07:17,2026-09-20 15:07:17.667
2026-09-20 15:02:32,CINE329N,0101,Daniel Richter,25,25,0,2026-09-20 15:07:17,2026-09-20 15:07:17.939
2026-09-20 15:02:32,CINE329Z,0101,Daniel Richter,25,25,0,2026-09-20 15:07:18,2026-09-20 15:07:18.233
2026-09-20 15:02:32,CINE335,0101,Jason Kuo,25,25,0,2026-09-20 15:07:18,2026-09-20 15:07:18.510
2026-09-20 15:02:32,CINE369C,0101,Mauro Resmini,40,40,0,2026-09-20 15:07:19,2026-09-20 15:07:19.224
2026-09-20 15:02:32,CINE369F,0101,Alexis Lothian,30,30,0,2026-09-20 15:07:19,2026-09-20 15:07:19.496
2026-09-20 15:02:32,CINE369K,0101,Instructor: TBA,20,20,0,2026-09-20 15:07:19,2026-09-20 15:07:19.751
2026-09-20 15:02:32,CINE376,0101,Ross Angelella,14,14,0,2026-09-20 15:07:20,2026-09-20 15:07:20.022
2026-09-20 15:02:32,CINE376,0102,Ross Angelella,5,5,0,2026-09-20 15:07:20,2026-09-20 15:07:20.022
2026-09-20 15:02:32,CINE419E,0101,Stephanie Sapienza,15,15,0,2026-09-20 15:07:20,2026-09-20 15:07:20.566
2026-09-20 15:02:32,CINE429O,0101,Mei Nan,25,25,0,2026-09-20 15:07:20,2026-09-20 15:07:20.867
2026-09-20 15:02:32,CINE459C,0101,Saverio Giovacchini,54,54,0,2026-09-20 15:07:21,2026-09-20 15:07:21.161
2026-09-20 15:02:32,CINE469Y,0101,Jason Kuo,14,14,0,2026-09-20 15:07:21,2026-09-20 15:07:21.402
2026-09-20 15:02:32,CLAS170,0101,Katherine Wasdin,21,21,0,2026-09-20 15:07:23,2026-09-20 15:07:23.138
2026-09-20 15:02:32,CLAS170,0102,Katherine Wasdin,21,21,0,2026-09-20 15:07:23,2026-09-20 15:07:23.139
2026-09-20 15:02:32,CLAS170,0103,Katherine Wasdin,21,21,0,2026-09-20 15:07:23,2026-09-20 15:07:23.139
2026-09-20 15:02:32,CLAS170,0104,Katherine Wasdin,21,21,0,2026-09-20 15:07:23,2026-09-20 15:07:23.139
2026-09-20 15:02:32,CLAS170,0105,Katherine Wasdin,21,21,0,2026-09-20 15:07:23,2026-09-20 15:07:23.139
2026-09-20 15:02:32,CLAS170,0106,Katherine Wasdin,21,21,0,2026-09-20 15:07:23,2026-09-20 15:07:23.139
2026-09-20 15:02:32,CLAS170,0107,Katherine Wasdin,21,21,0,2026-09-20 15:07:23,2026-09-20 15:07:23.139
2026-09-20 15:02:32,CLAS170,0108,Katherine Wasdin,21,21,0,2026-09-20 15:07:23,2026-09-20 15:07:23.139
2026-09-20 15:02:32,CLAS170,0109,Katherine Wasdin,21,21,0,2026-09-20 15:07:23,2026-09-20 15:07:23.139
2026-09-20 15:02:32,CLAS276,0101,Eric Adler,25,25,0,2026-09-20 15:07:23,2026-09-20 15:07:23.447
2026-09-20 15:02:32,CLAS276,0102,Eric Adler,25,25,0,2026-09-20 15:07:23,2026-09-20 15:07:23.447
2026-09-20 15:02:32,CLAS276,0103,Eric Adler,25,25,0,2026-09-20 15:07:23,2026-09-20 15:07:23.447
2026-09-20 15:02:32,CLAS276,0104,Eric Adler,25,25,0,2026-09-20 15:07:23,2026-09-20 15:07:23.447
2026-09-20 15:02:32,CLAS276,0105,Eric Adler,25,25,0,2026-09-20 15:07:23,2026-09-20 15:07:23.447
2026-09-20 15:02:32,CLAS276,0106,Eric Adler,25,25,0,2026-09-20 15:07:23,2026-09-20 15:07:23.447
2026-09-20 15:02:32,CLAS333,0101,Nathan Levine,35,35,0,2026-09-20 15:07:23,2026-09-20 15:07:23.698
2026-09-20 15:02:32,CLAS333,PBU1,Nathan Levine,3,3,0,2026-09-20 15:07:23,2026-09-20 15:07:23.698
2026-09-20 15:02:32,CLAS340,0101,Katherine Wasdin,35,35,0,2026-09-20 15:07:24,2026-09-20 15:07:24.003
2026-09-20 15:02:32,CMLT235,0101,Instructor: TBA,30,30,0,2026-09-20 15:07:28,2026-09-20 15:07:28.270
2026-09-20 15:02:32,CMLT270,0201,Instructor: TBA,30,30,0,2026-09-20 15:07:28,2026-09-20 15:07:28.521
2026-09-20 15:02:32,CMLT270,0301,Instructor: TBA,30,30,0,2026-09-20 15:07:28,2026-09-20 15:07:28.522
2026-09-20 15:02:32,CMLT275,0101,Instructor: TBA,30,30,0,2026-09-20 15:07:28,2026-09-20 15:07:28.822
2026-09-20 15:02:32,CMLT277,0101,Instructor: TBA,30,30,0,2026-09-20 15:07:29,2026-09-20 15:07:29.077
2026-09-20 15:02:32,CMLT280,0101,Eric Zakim,25,25,0,2026-09-20 15:07:29,2026-09-20 15:07:29.356
2026-09-20 15:02:32,CMLT280,0102,Eric Zakim,25,25,0,2026-09-20 15:07:29,2026-09-20 15:07:29.356
2026-09-20 15:02:32,CMLT280,0103,Eric Zakim,25,25,0,2026-09-20 15:07:29,2026-09-20 15:07:29.356
2026-09-20 15:02:32,CMLT280,0104,Eric Zakim,25,25,0,2026-09-20 15:07:29,2026-09-20 15:07:29.356
2026-09-20 15:02:32,CPBE101,0101,Oliver Schlake,75,75,0,2026-09-20 15:07:48,2026-09-20 15:07:48.680
2026-09-20 15:02:32,CPBE230,0101,Oliver Schlake,30,30,0,2026-09-20 15:07:48,2026-09-20 15:07:48.926
2026-09-20 15:02:32,CPBE240,0101,Oliver Schlake,20,20,0,2026-09-20 15:07:49,2026-09-20 15:07:49.186
2026-09-20 15:02:32,CPBE250,0101,Oliver Schlake,30,30,0,2026-09-20 15:07:49,2026-09-20 15:07:49.444
2026-09-20 15:02:32,CPCV101,0101,Julie Randolph,40,40,0,2026-09-20 15:07:50,2026-09-20 15:07:50.873
2026-09-20 15:02:32,CPCV101,0201,Julie Randolph,40,40,0,2026-09-20 15:07:50,2026-09-20 15:07:50.873
2026-09-20 15:02:32,CPCV230,0101,Korey Rothman,20,20,0,2026-09-20 15:07:51,2026-09-20 15:07:51.131
2026-09-20 15:02:32,CPCV230,0201,Korey Rothman,20,20,0,2026-09-20 15:07:51,2026-09-20 15:07:51.132
2026-09-20 15:02:32,CPDJ101,0101,Jess Feltner,75,75,0,2026-09-20 15:07:52,2026-09-20 15:07:52.609
2026-09-20 15:02:32,CPDJ230,0101,Jess Feltner,10,10,0,2026-09-20 15:07:52,2026-09-20 15:07:52.892
2026-09-20 15:02:32,CPDJ240,0101,Jess Feltner,8,8,0,2026-09-20 15:07:53,2026-09-20 15:07:53.150
2026-09-20 15:02:32,CPDJ250,0101,Jess Feltner,10,10,0,2026-09-20 15:07:53,2026-09-20 15:07:53.410
2026-09-20 15:02:32,CPET101,0101,Dani Moore,78,78,0,2026-09-20 15:07:55,2026-09-20 15:07:55.020
2026-09-20 15:02:32,CPET230,0101,Dani Moore,50,50,0,2026-09-20 15:07:55,2026-09-20 15:07:55.330
2026-09-20 15:02:32,CPET240,0101,Dani Moore,20,20,0,2026-09-20 15:07:55,2026-09-20 15:07:55.595
2026-09-20 15:02:32,CPET250,0101,Dani Moore,15,15,0,2026-09-20 15:07:55,2026-09-20 15:07:55.847
2026-09-20 15:02:32,CPGH101,0101,Angshuman Kashyap,75,75,0,2026-09-20 15:07:57,2026-09-20 15:07:57.327
2026-09-20 15:02:32,CPGH210,0101,Haley Clark,80,80,0,2026-09-20 15:07:57,2026-09-20 15:07:57.572
2026-09-20 15:02:32,CPGH230,0101,John Wiggins,30,30,0,2026-09-20 15:07:57,2026-09-20 15:07:57.921
2026-09-20 15:02:32,CPGH240,0101,John Wiggins,30,30,0,2026-09-20 15:07:58,2026-09-20 15:07:58.177
2026-09-20 15:02:32,CPGH250,0101,John Wiggins,25,25,0,2026-09-20 15:07:58,2026-09-20 15:07:58.480
2026-09-20 15:02:32,CPGH270,0101,John Wiggins,5,5,0,2026-09-20 15:07:58,2026-09-20 15:07:58.750
2026-09-20 15:02:32,CPJT101,0101,Justine DeCamillis,75,75,0,2026-09-20 15:08:00,2026-09-20 15:08:00.303
2026-09-20 15:02:32,CPJT230,0101,Justine DeCamillis,35,35,0,2026-09-20 15:08:00,2026-09-20 15:08:00.558
2026-09-20 15:02:32,CPJT240,0101,Justine DeCamillis,25,25,0,2026-09-20 15:08:00,2026-09-20 15:08:00.823
2026-09-20 15:02:32,CPJT250,0101,Victoria Worley,25,25,0,2026-09-20 15:08:01,2026-09-20 15:08:01.089
2026-09-20 15:02:32,CPMS101,0101,Alison Burns,75,75,0,2026-09-20 15:08:02,2026-09-20 15:08:02.789
2026-09-20 15:02:32,CPMS230,0101,Alison Burns,30,30,0,2026-09-20 15:08:03,2026-09-20 15:08:03.062
2026-09-20 15:02:32,CPMS240,0101,Alison Burns,15,15,0,2026-09-20 15:08:03,2026-09-20 15:08:03.352
2026-09-20 15:02:32,CPPL101,0101,Kelly Brower,75,75,0,2026-09-20 15:08:04,2026-09-20 15:08:04.806
2026-09-20 15:02:32,CPSA101,0101,Heather-Erin Bremenstuhl,75,75,0,2026-09-20 15:08:06,2026-09-20 15:08:06.258
2026-09-20 15:02:32,CPSA149,0101,Harold Burgess,20,20,0,2026-09-20 15:08:06,2026-09-20 15:08:06.523
2026-09-20 15:02:32,CPSA201,0101,Heather-Erin Bremenstuhl,75,75,0,2026-09-20 15:08:06,2026-09-20 15:08:06.826
2026-09-20 15:02:32,CPSA240,0101,Harold Burgess,15,15,0,2026-09-20 15:08:07,2026-09-20 15:08:07.081
2026-09-20 15:02:32,CPSA250,0101,Heather-Erin Bremenstuhl,10,10,0,2026-09-20 15:08:07,2026-09-20 15:08:07.344
2026-09-20 15:02:32,CPSA250,0201,Heather-Erin Bremenstuhl,10,10,0,2026-09-20 15:08:07,2026-09-20 15:08:07.345
2026-09-20 15:02:32,CPSA250,0301,Heather-Erin Bremenstuhl,10,10,0,2026-09-20 15:08:07,2026-09-20 15:08:07.345
2026-09-20 15:02:32,CPSA260,0101,Heather-Erin Bremenstuhl,10,10,0,2026-09-20 15:08:07,2026-09-20 15:08:07.605
2026-09-20 15:02:32,CPSA260,0201,Heather-Erin Bremenstuhl,10,10,0,2026-09-20 15:08:07,2026-09-20 15:08:07.605
2026-09-20 15:02:32,CPSA260,0301,Alexandra Lynch,10,10,0,2026-09-20 15:08:07,2026-09-20 15:08:07.605
2026-09-20 15:02:32,CPSF101,0101,Nicholas Fletcher,75,75,0,2026-09-20 15:08:09,2026-09-20 15:08:09.150
2026-09-20 15:02:32,CPSG101,0101,Thomas Holtz,75,75,0,2026-09-20 15:08:10,2026-09-20 15:08:10.626
2026-09-20 15:02:32,CPSG230,0101,John Merck,50,50,0,2026-09-20 15:08:10,2026-09-20 15:08:10.900
2026-09-20 15:02:32,CPSG240,0101,John Merck,25,25,0,2026-09-20 15:08:11,2026-09-20 15:08:11.167
2026-09-20 15:02:32,CPSG250,0101,John Merck,25,25,0,2026-09-20 15:08:11,2026-09-20 15:08:11.434
2026-09-20 15:02:32,CPSN101,0101,Hansol Kwak,75,75,0,2026-09-20 15:08:12,2026-09-20 15:08:12.879
2026-09-20 15:02:32,CPSN230,0101,Ellin Chung,40,40,0,2026-09-20 15:08:13,2026-09-20 15:08:13.174
2026-09-20 15:02:32,CPSN240,0101,Ellin Chung,15,15,0,2026-09-20 15:08:13,2026-09-20 15:08:13.430
2026-09-20 15:02:32,CPSN250,0101,Hansol Kwak,25,25,0,2026-09-20 15:08:13,2026-09-20 15:08:13.716
2026-09-20 15:02:32,CPSP239A,0101,Heather-Erin Bremenstuhl,10,10,0,2026-09-20 15:08:15,2026-09-20 15:08:15.177
2026-09-20 15:02:32,CPSP259J,0101,Alison Burns,10,10,0,2026-09-20 15:08:15,2026-09-20 15:08:15.462
2026-09-20 15:02:32,CPSP279N,0101,Stacy Kosko,10,10,0,2026-09-20 15:08:15,2026-09-20 15:08:15.723
2026-09-20 15:02:32,CPSP339P,0101,Kelly Brower,15,15,0,2026-09-20 15:08:16,2026-09-20 15:08:16.014
2026-09-20 15:02:32,CPSP359G,0101,John Merck,25,25,0,2026-09-20 15:08:16,2026-09-20 15:08:16.272
2026-09-20 15:02:32,CPSP359S,0101,David Eubanks,24,24,0,2026-09-20 15:08:16,2026-09-20 15:08:16.526
2026-09-20 15:02:32,CPSP369E,0101,Tim Knight,7,7,0,2026-09-20 15:08:16,2026-09-20 15:08:16.783
2026-09-20 15:02:32,CPSP369E,0102,Tim Knight,5,5,0,2026-09-20 15:08:16,2026-09-20 15:08:16.783
2026-09-20 15:02:32,CPSS101,0101,Christine Alexander,75,75,0,2026-09-20 15:08:18,2026-09-20 15:08:18.236
2026-09-20 15:02:32,CPSS225,0101,Roan Parrish,20,20,0,2026-09-20 15:08:18,2026-09-20 15:08:18.492
2026-09-20 15:02:32,CPSS225,0201,Melinda Baldwin,20,20,0,2026-09-20 15:08:18,2026-09-20 15:08:18.493
2026-09-20 15:02:32,CPSS240,0101,Timothy Reedy,25,25,0,2026-09-20 15:08:18,2026-09-20 15:08:18.750
2026-09-20 15:02:32,CPSS340,0101,Nicole Mogul,20,20,0,2026-09-20 15:08:19,2026-09-20 15:08:19.003
2026-09-20 15:02:32,DATA100,0111,Matthew Griffin,27,27,0,2026-09-20 15:08:31,2026-09-20 15:08:31.083
2026-09-20 15:02:32,DATA100,0112,Matthew Griffin,27,27,0,2026-09-20 15:08:31,2026-09-20 15:08:31.083
2026-09-20 15:02:32,DATA100,0121,Matthew Griffin,27,27,0,2026-09-20 15:08:31,2026-09-20 15:08:31.083
2026-09-20 15:02:32,DATA100,0122,Matthew Griffin,27,27,0,2026-09-20 15:08:31,2026-09-20 15:08:31.083
2026-09-20 15:02:32,DATA100,0123,Matthew Griffin,27,27,0,2026-09-20 15:08:31,2026-09-20 15:08:31.083
2026-09-20 15:02:32,DATA100,0124,Matthew Griffin,27,27,0,2026-09-20 15:08:31,2026-09-20 15:08:31.084
2026-09-20 15:02:32,DATA100,0131,Matthew Griffin,27,27,0,2026-09-20 15:08:31,2026-09-20 15:08:31.084
2026-09-20 15:02:32,DATA100,0141,Matthew Griffin,27,27,0,2026-09-20 15:08:31,2026-09-20 15:08:31.084
2026-09-20 15:02:32,DATA100,0211,Matthew Griffin,27,27,0,2026-09-20 15:08:31,2026-09-20 15:08:31.084
2026-09-20 15:02:32,DATA100,0212,Matthew Griffin,27,27,0,2026-09-20 15:08:31,2026-09-20 15:08:31.084
2026-09-20 15:02:32,DATA100,0221,Matthew Griffin,27,27,0,2026-09-20 15:08:31,2026-09-20 15:08:31.084
2026-09-20 15:02:32,DATA100,0222,Matthew Griffin,27,27,0,2026-09-20 15:08:31,2026-09-20 15:08:31.084
2026-09-20 15:02:32,DATA100,0223,Matthew Griffin,27,27,0,2026-09-20 15:08:31,2026-09-20 15:08:31.084
2026-09-20 15:02:32,DATA100,0224,Matthew Griffin,27,27,0,2026-09-20 15:08:31,2026-09-20 15:08:31.084
2026-09-20 15:02:32,DATA100,0231,Matthew Griffin,27,27,0,2026-09-20 15:08:31,2026-09-20 15:08:31.085
2026-09-20 15:02:32,DATA100,0241,Matthew Griffin,27,27,0,2026-09-20 15:08:31,2026-09-20 15:08:31.085
2026-09-20 15:02:32,DATA100,0242,Matthew Griffin,27,27,0,2026-09-20 15:08:31,2026-09-20 15:08:31.085
2026-09-20 15:02:32,DATA100,0311,Jonathan Fernandes,25,25,0,2026-09-20 15:08:31,2026-09-20 15:08:31.085
2026-09-20 15:02:32,DATA100,0312,Jonathan Fernandes,25,25,0,2026-09-20 15:08:31,2026-09-20 15:08:31.085
2026-09-20 15:02:32,DATA100,0321,Jonathan Fernandes,25,25,0,2026-09-20 15:08:31,2026-09-20 15:08:31.085
2026-09-20 15:02:32,DATA100,0322,Jonathan Fernandes,25,25,0,2026-09-20 15:08:31,2026-09-20 15:08:31.085
2026-09-20 15:02:32,DATA100,0323,Jonathan Fernandes,25,25,0,2026-09-20 15:08:31,2026-09-20 15:08:31.085
2026-09-20 15:02:32,DATA100,0331,Jonathan Fernandes,25,25,0,2026-09-20 15:08:31,2026-09-20 15:08:31.085
2026-09-20 15:02:32,DATA100,0332,Jonathan Fernandes,29,29,0,2026-09-20 15:08:31,2026-09-20 15:08:31.085
2026-09-20 15:02:32,DATA110,0101,Susan Mazzullo,310,310,0,2026-09-20 15:08:31,2026-09-20 15:08:31.403
2026-09-20 15:02:32,DATA120,0101,Fardina Alam,200,200,0,2026-09-20 15:08:31,2026-09-20 15:08:31.653
2026-09-20 15:02:32,DATA200,0101,Fardina Alam,90,90,0,2026-09-20 15:08:31,2026-09-20 15:08:31.901
2026-09-20 15:02:32,DATA250,0101,Todd Rowland,30,30,0,2026-09-20 15:08:32,2026-09-20 15:08:32.159
2026-09-20 15:02:32,DATA320,0101,Maksym Morawski,20,20,0,2026-09-20 15:08:32,2026-09-20 15:08:32.457
2026-09-20 15:02:32,DATA320,0201,Fardina Alam,20,20,0,2026-09-20 15:08:32,2026-09-20 15:08:32.457
2026-09-20 15:02:32,DATA320,0301,Anna Evtushenko,12,12,0,2026-09-20 15:08:32,2026-09-20 15:08:32.457
2026-09-20 15:02:32,DATA350,0101,Todd Rowland,30,30,0,2026-09-20 15:08:32,2026-09-20 15:08:32.752
2026-09-20 15:02:32,DATA350,0201,Raluca Rosca,30,30,0,2026-09-20 15:08:32,2026-09-20 15:08:32.752
2026-09-20 15:02:32,DATA400,0111,Archana Khurana,27,27,0,2026-09-20 15:08:33,2026-09-20 15:08:33.047
2026-09-20 15:02:32,DATA400,0121,Archana Khurana,27,27,0,2026-09-20 15:08:33,2026-09-20 15:08:33.048
2026-09-20 15:02:32,DATA400,0131,Archana Khurana,27,27,0,2026-09-20 15:08:33,2026-09-20 15:08:33.048
2026-09-20 15:02:32,DATA400,0211,Salman Safdar,27,27,0,2026-09-20 15:08:33,2026-09-20 15:08:33.048
2026-09-20 15:02:32,DATA400,0311,Shixin Zheng,27,27,0,2026-09-20 15:08:33,2026-09-20 15:08:33.048
2026-09-20 15:02:32,DATA400,0321,Shixin Zheng,30,30,0,2026-09-20 15:08:33,2026-09-20 15:08:33.048
2026-09-20 15:02:32,DATA400,0331,Shixin Zheng,27,27,0,2026-09-20 15:08:33,2026-09-20 15:08:33.048
2026-09-20 15:02:32,DATA400,0411,Mestiyage Gunatilleka,27,27,0,2026-09-20 15:08:33,2026-09-20 15:08:33.048
2026-09-20 15:02:32,DATA400,0412,Mestiyage Gunatilleka,27,27,0,2026-09-20 15:08:33,2026-09-20 15:08:33.048
2026-09-20 15:02:32,DATA400,0421,Mestiyage Gunatilleka,27,27,0,2026-09-20 15:08:33,2026-09-20 15:08:33.048
2026-09-20 15:02:32,DATA400,0422,Mestiyage Gunatilleka,27,27,0,2026-09-20 15:08:33,2026-09-20 15:08:33.048
2026-09-20 15:02:32,DATA400,0431,Mestiyage Gunatilleka,27,27,0,2026-09-20 15:08:33,2026-09-20 15:08:33.049
2026-09-20 15:02:32,DATA400,0432,Mestiyage Gunatilleka,27,27,0,2026-09-20 15:08:33,2026-09-20 15:08:33.049
2026-09-20 15:02:32,DATA602,PCS1,Tammy Perrin,30,30,0,2026-09-20 15:08:33,2026-09-20 15:08:33.327
2026-09-20 15:02:32,DATA603,PWS1,Kemal Davaslioglu,50,50,0,2026-09-20 15:08:33,2026-09-20 15:08:33.592
2026-09-20 15:02:32,DATA604,PCS1,Wojciech Czaja,55,55,0,2026-09-20 15:08:33,2026-09-20 15:08:33.853
2026-09-20 15:02:32,DATA604,PCS2,Mestiyage Gunatilleka,55,55,0,2026-09-20 15:08:33,2026-09-20 15:08:33.853
2026-09-20 15:02:32,DATA604,PCS3,Kendall Williams,55,55,0,2026-09-20 15:08:33,2026-09-20 15:08:33.853
2026-09-20 15:02:32,DATA604,PCS4,Jonathan Fernandes,55,55,0,2026-09-20 15:08:33,2026-09-20 15:08:33.853
2026-09-20 15:02:32,DATA605,PCS1,Tammy Perrin,55,55,0,2026-09-20 15:08:34,2026-09-20 15:08:34.111
2026-09-20 15:02:32,DATA605,PCS2,Tammy Perrin,55,55,0,2026-09-20 15:08:34,2026-09-20 15:08:34.111
2026-09-20 15:02:32,DATA605,PWS1,Giacinto Paolo Saggese,55,55,0,2026-09-20 15:08:34,2026-09-20 15:08:34.111
2026-09-20 15:02:32,DATA606,PCS1,Abdirisak Mohamed,55,55,0,2026-09-20 15:08:34,2026-09-20 15:08:34.397
2026-09-20 15:02:32,DATA606,PCS2,Abdirisak Mohamed,55,55,0,2026-09-20 15:08:34,2026-09-20 15:08:34.397
2026-09-20 15:02:32,DATA606,PCS3,Toki Inan,55,55,0,2026-09-20 15:08:34,2026-09-20 15:08:34.397
2026-09-20 15:02:32,DATA612,PCS1,Samet Ayhan,55,55,0,2026-09-20 15:08:34,2026-09-20 15:08:34.647
2026-09-20 15:02:32,DATA612,PCS2,Samet Ayhan,55,55,0,2026-09-20 15:08:34,2026-09-20 15:08:34.647
2026-09-20 15:02:32,DATA612,PCS3,Emre Gunduzhan,55,55,0,2026-09-20 15:08:34,2026-09-20 15:08:34.647
2026-09-20 15:02:32,DATA641,PCS1,Armin Mehrabian,55,55,0,2026-09-20 15:08:34,2026-09-20 15:08:34.907
2026-09-20 15:02:32,EALL361,0101,Instructor: TBA,20,20,0,2026-09-20 15:08:36,2026-09-20 15:08:36.352
2026-09-20 15:02:32,EDDI300,0101,Nicole Mehta,20,20,0,2026-09-20 15:08:47,2026-09-20 15:08:47.693
2026-09-20 15:02:32,EMBA788V,GX01,Zhi-Long Chen,31,31,0,2026-09-20 15:09:17,2026-09-20 15:09:17.338
2026-09-20 15:02:32,ENAI603,0101,A Seyed,35,35,0,2026-09-20 15:09:27,2026-09-20 15:09:27.937
2026-09-20 15:02:32,ENAI603,AEC1,A Seyed,20,20,0,2026-09-20 15:09:27,2026-09-20 15:09:27.937
2026-09-20 15:02:32,ENBC312,ESG1,Kyunghun Lee,20,20,0,2026-09-20 15:09:29,2026-09-20 15:09:29.435
2026-09-20 15:02:32,ENBC321,ESG1,Jamasp Azarnoosh,20,20,0,2026-09-20 15:09:29,2026-09-20 15:09:29.721
2026-09-20 15:02:32,ENBC342,ESG1,Lan Ma,20,20,0,2026-09-20 15:09:29,2026-09-20 15:09:29.989
2026-09-20 15:02:32,ENBC351,ESG1,Jarred Callura,20,20,0,2026-09-20 15:09:30,2026-09-20 15:09:30.304
2026-09-20 15:02:32,ENBC352,ESG1,Jarred Callura,20,20,0,2026-09-20 15:09:30,2026-09-20 15:09:30.610
2026-09-20 15:02:32,ENBC403,ESG1,Jamasp Azarnoosh,20,20,0,2026-09-20 15:09:30,2026-09-20 15:09:30.864
2026-09-20 15:02:32,ENBC441,ESG1,Lan Ma,20,20,0,2026-09-20 15:09:31,2026-09-20 15:09:31.144
2026-09-20 15:02:32,ENBC455,ESG1,Jarred Callura,20,20,0,2026-09-20 15:09:31,2026-09-20 15:09:31.399
2026-09-20 15:02:32,ENBC491,ESG1,Lan Ma,20,20,0,2026-09-20 15:09:31,2026-09-20 15:09:31.654
2026-09-20 15:02:32,ENCO099,0101,Lizzy Solovey,200,200,0,2026-09-20 15:09:40,2026-09-20 15:09:40.530
2026-09-20 15:02:32,ENEB304,ESG1,Nestor Michael Tiglao,20,20,0,2026-09-20 15:09:42,2026-09-20 15:09:42.009
2026-09-20 15:02:32,ENEB345,ESG1,Nestor Michael Tiglao,20,20,0,2026-09-20 15:09:42,2026-09-20 15:09:42.272
2026-09-20 15:02:32,ENEB352,ESG1,Mohamed Hany,20,20,0,2026-09-20 15:09:42,2026-09-20 15:09:42.587
2026-09-20 15:02:32,ENEB353,ESG1,Manoj Franklin,20,20,0,2026-09-20 15:09:42,2026-09-20 15:09:42.839
2026-09-20 15:02:32,ENEB355,ESG1,Nestor Michael Tiglao,20,20,0,2026-09-20 15:09:43,2026-09-20 15:09:43.147
2026-09-20 15:02:32,ENEB408B,ESG1,Jerry Wu,20,20,0,2026-09-20 15:09:43,2026-09-20 15:09:43.387
2026-09-20 15:02:32,ENEB443,ESG1,George Zaki,20,20,0,2026-09-20 15:09:43,2026-09-20 15:09:43.639
2026-09-20 15:02:32,ENEB453,ESG1,Nestor Michael Tiglao,20,20,0,2026-09-20 15:09:43,2026-09-20 15:09:43.894
2026-09-20 15:02:32,ENEB455,ESG1,Jerry Wu,20,20,0,2026-09-20 15:09:44,2026-09-20 15:09:44.180
2026-09-20 15:02:32,ENEB456,ESG1,Nestor Michael Tiglao,20,20,0,2026-09-20 15:09:44,2026-09-20 15:09:44.445
2026-09-20 15:02:32,ENED037,0101,Hillary Owusu,20,20,0,2026-09-20 15:09:45,2026-09-20 15:09:45.974
2026-09-20 15:02:32,ENED290H,0101,Christopher Troilo,45,45,0,2026-09-20 15:09:46,2026-09-20 15:09:46.239
2026-09-20 15:02:32,ENED394H,0101,Maria Bardossy,40,40,0,2026-09-20 15:09:46,2026-09-20 15:09:46.522
2026-09-20 15:02:32,ENED397,0101,Emily Marks,9,9,0,2026-09-20 15:09:46,2026-09-20 15:09:46.816
2026-09-20 15:02:32,ENED490H,0101,David Ashley,45,45,0,2026-09-20 15:09:47,2026-09-20 15:09:47.088
2026-09-20 15:02:32,ENMT313,ESG1,Nicholas Limparis,3,3,0,2026-09-20 15:10:49,2026-09-20 15:10:49.002
2026-09-20 15:02:32,ENMT332,ESG1,Norman Wereley,4,4,0,2026-09-20 15:10:49,2026-09-20 15:10:49.260
2026-09-20 15:02:32,ENMT362,ESG1,Young Choi,3,3,0,2026-09-20 15:10:49,2026-09-20 15:10:49.547
2026-09-20 15:02:32,ENMT372,ESG1,Gurtajbir Herr,3,3,0,2026-09-20 15:10:49,2026-09-20 15:10:49.836
2026-09-20 15:02:32,ENMT477,ESG1,Gurtajbir Herr,7,7,0,2026-09-20 15:10:50,2026-09-20 15:10:50.109
2026-09-20 15:02:32,ENMT488C,ESG1,Colleen Murray,7,7,0,2026-09-20 15:10:50,2026-09-20 15:10:50.361
2026-09-20 15:02:32,ENMT488P,ESG1,Colleen Murray,7,7,0,2026-09-20 15:10:50,2026-09-20 15:10:50.621
2026-09-20 15:02:32,ENMT488Z,ESG1,Nicholas Limparis,7,7,0,2026-09-20 15:10:50,2026-09-20 15:10:50.887
2026-09-20 15:02:32,ENSP102,0101,Joanna Goger,22,22,0,2026-09-20 15:11:06,2026-09-20 15:11:06.689
2026-09-20 15:02:32,ENSP102,0102,Joanna Goger,22,22,0,2026-09-20 15:11:06,2026-09-20 15:11:06.689
2026-09-20 15:02:32,ENSP102,0103,Joanna Goger,23,23,0,2026-09-20 15:11:06,2026-09-20 15:11:06.689
2026-09-20 15:02:32,ENSP102,0104,Joanna Goger,22,22,0,2026-09-20 15:11:06,2026-09-20 15:11:06.689
2026-09-20 15:02:32,ENSP102,0105,Joanna Goger,22,22,0,2026-09-20 15:11:06,2026-09-20 15:11:06.689
2026-09-20 15:02:32,ENSP102,0106,Joanna Goger,22,22,0,2026-09-20 15:11:06,2026-09-20 15:11:06.689
2026-09-20 15:02:32,ENSP102,0107,Joanna Goger,22,22,0,2026-09-20 15:11:06,2026-09-20 15:11:06.689
2026-09-20 15:02:32,ENSP306,0101,Caroline Boules,30,30,0,2026-09-20 15:11:06,2026-09-20 15:11:06.944
2026-09-20 15:02:32,ENSP330,0101,Joanna Goger,35,35,0,2026-09-20 15:11:07,2026-09-20 15:11:07.197
2026-09-20 15:02:32,ENSP342,0101,Annette Spivy,35,35,0,2026-09-20 15:11:07,2026-09-20 15:11:07.554
2026-09-20 15:02:32,ENSP370,0101,Arielle Wharton,30,30,0,2026-09-20 15:11:08,2026-09-20 15:11:08.383
2026-09-20 15:02:32,ENSP399R,0101,Melissa Kenney,15,15,0,2026-09-20 15:11:09,2026-09-20 15:11:09.456
2026-09-20 15:02:32,ENSP399R,0301,Instructor: TBA,15,15,0,2026-09-20 15:11:09,2026-09-20 15:11:09.456
2026-09-20 15:02:32,ENSP399R,0601,Annette Spivy,10,10,0,2026-09-20 15:11:09,2026-09-20 15:11:09.456
2026-09-20 15:02:32,ENSP399R,1001,Jennifer Mullinax,10,10,0,2026-09-20 15:11:09,2026-09-20 15:11:09.456
2026-09-20 15:02:32,ENSP400,0101,Caroline Boules,30,30,0,2026-09-20 15:11:09,2026-09-20 15:11:09.712
2026-09-20 15:02:32,ENSP400,0102,Annette Spivy,30,30,0,2026-09-20 15:11:09,2026-09-20 15:11:09.712
2026-09-20 15:02:32,ENSP400,0104,Colleen O'Donnell,20,20,0,2026-09-20 15:11:09,2026-09-20 15:11:09.712
2026-09-20 15:02:32,FGSM398,0101,Jayakumar Arasan,120,120,0,2026-09-20 15:11:30,2026-09-20 15:11:30.663
2026-09-20 15:02:32,FGSM398,0201,Jayakumar Arasan,120,120,0,2026-09-20 15:11:30,2026-09-20 15:11:30.663
2026-09-20 15:02:32,GBHL200,0101,Leena Malayil,18,18,0,2026-09-20 15:11:49,2026-09-20 15:11:49.475
2026-09-20 15:02:32,GBHL200,0201,Leena Malayil,13,13,0,2026-09-20 15:11:49,2026-09-20 15:11:49.475
2026-09-20 15:02:32,GBHL210,0101,Leena Malayil,18,18,0,2026-09-20 15:11:49,2026-09-20 15:11:49.728
2026-09-20 15:02:32,GBHL210,0201,Leena Malayil,13,13,0,2026-09-20 15:11:49,2026-09-20 15:11:49.728
2026-09-20 15:02:32,GBHL310,0101,Catherine Maybury,15,15,0,2026-09-20 15:11:49,2026-09-20 15:11:49.983
2026-09-20 15:02:32,GBHL310,0201,Catherine Maybury,15,15,0,2026-09-20 15:11:49,2026-09-20 15:11:49.984
2026-09-20 15:02:32,GBHL497,0101,Hassanatu Blake,3,3,0,2026-09-20 15:11:50,2026-09-20 15:11:50.797
2026-09-20 15:02:32,GEMS102,0101,David Lovell,180,180,0,2026-09-20 15:11:52,2026-09-20 15:11:52.318
2026-09-20 15:02:32,GEMS208D,0101,Allison Lansverk,1,1,0,2026-09-20 15:11:52,2026-09-20 15:11:52.613
2026-09-20 15:02:32,GEMS208E,0101,Allison Lansverk,18,18,0,2026-09-20 15:11:52,2026-09-20 15:11:52.865
2026-09-20 15:02:32,GEMS208F,0201,Allison Lansverk,12,12,0,2026-09-20 15:11:53,2026-09-20 15:11:53.133
2026-09-20 15:02:32,GEMS208J,0101,Allison Lansverk,24,24,0,2026-09-20 15:11:53,2026-09-20 15:11:53.430
2026-09-20 15:02:32,GEMS208K,0101,Allison Lansverk,30,30,0,2026-09-20 15:11:53,2026-09-20 15:11:53.722
2026-09-20 15:02:32,GEMS208P,0101,Allison Lansverk,15,15,0,2026-09-20 15:11:54,2026-09-20 15:11:54.002
2026-09-20 15:02:32,GEMS208Q,0201,Allison Lansverk,1,1,0,2026-09-20 15:11:54,2026-09-20 15:11:54.309
2026-09-20 15:02:32,GEMS296,0113,David Lovell,5,5,0,2026-09-20 15:11:54,2026-09-20 15:11:54.605
2026-09-20 15:02:32,GEMS297,0101,Instructor: TBA,14,14,0,2026-09-20 15:11:54,2026-09-20 15:11:54.876
2026-09-20 15:02:32,GEMS297,0102,Instructor: TBA,14,14,0,2026-09-20 15:11:54,2026-09-20 15:11:54.876
2026-09-20 15:02:32,GEMS297,0103,Instructor: TBA,14,14,0,2026-09-20 15:11:54,2026-09-20 15:11:54.877
2026-09-20 15:02:32,GEMS297,0104,Instructor: TBA,14,14,0,2026-09-20 15:11:54,2026-09-20 15:11:54.877
2026-09-20 15:02:32,GEMS297,0105,Instructor: TBA,14,14,0,2026-09-20 15:11:54,2026-09-20 15:11:54.877
2026-09-20 15:02:32,GEMS297,0106,Instructor: TBA,14,14,0,2026-09-20 15:11:54,2026-09-20 15:11:54.877
2026-09-20 15:02:32,GEMS297,0107,Instructor: TBA,14,14,0,2026-09-20 15:11:54,2026-09-20 15:11:54.877
2026-09-20 15:02:32,GEMS297,0108,Instructor: TBA,14,14,0,2026-09-20 15:11:54,2026-09-20 15:11:54.877
2026-09-20 15:02:32,GEMS297,0109,Instructor: TBA,14,14,0,2026-09-20 15:11:54,2026-09-20 15:11:54.877
2026-09-20 15:02:32,GEMS297,0110,Instructor: TBA,14,14,0,2026-09-20 15:11:54,2026-09-20 15:11:54.877
2026-09-20 15:02:32,GEMS297,0111,Instructor: TBA,14,14,0,2026-09-20 15:11:54,2026-09-20 15:11:54.877
2026-09-20 15:02:32,GEMS297,0112,Instructor: TBA,14,14,0,2026-09-20 15:11:54,2026-09-20 15:11:54.877
2026-09-20 15:02:32,GEMS297,0113,Instructor: TBA,14,14,0,2026-09-20 15:11:54,2026-09-20 15:11:54.878
2026-09-20 15:02:32,GEMS297,0114,Instructor: TBA,14,14,0,2026-09-20 15:11:54,2026-09-20 15:11:54.878
2026-09-20 15:02:32,GEMS297,0115,Instructor: TBA,5,5,0,2026-09-20 15:11:54,2026-09-20 15:11:54.878
2026-09-20 15:02:32,GEMS396,0113,David Lovell,5,5,0,2026-09-20 15:11:55,2026-09-20 15:11:55.169
2026-09-20 15:02:32,GEMS397,0101,Michael Humber,14,14,0,2026-09-20 15:11:55,2026-09-20 15:11:55.448
2026-09-20 15:02:32,GEMS397,0102,Seth Dickey,14,14,0,2026-09-20 15:11:55,2026-09-20 15:11:55.449
2026-09-20 15:02:32,GEMS397,0103,Cecilia Huertas Cerdeira,14,14,0,2026-09-20 15:11:55,2026-09-20 15:11:55.449
2026-09-20 15:02:32,GEMS397,0104,Rodolphe Gentili,14,14,0,2026-09-20 15:11:55,2026-09-20 15:11:55.449
2026-09-20 15:02:32,GEMS397,0105,Allison Reilly,14,14,0,2026-09-20 15:11:55,2026-09-20 15:11:55.449
2026-09-20 15:02:32,GEMS397,0106,Peter Sunderland,14,14,0,2026-09-20 15:11:55,2026-09-20 15:11:55.449
2026-09-20 15:02:32,GEMS397,0107,Brett Lacey,14,14,0,2026-09-20 15:11:55,2026-09-20 15:11:55.449
2026-09-20 15:02:32,GEMS397,0108,Natalia Buzulukova,14,14,0,2026-09-20 15:11:55,2026-09-20 15:11:55.449
2026-09-20 15:02:32,GEMS397,0109,Anil Deane,14,14,0,2026-09-20 15:11:55,2026-09-20 15:11:55.449
2026-09-20 15:02:32,GEMS397,0110,Colenso Speer,14,14,0,2026-09-20 15:11:55,2026-09-20 15:11:55.449
2026-09-20 15:02:32,GEMS397,0111,Alisa Clyne,14,14,0,2026-09-20 15:11:55,2026-09-20 15:11:55.449
2026-09-20 15:02:32,GEMS397,0112,Xin Zan,14,14,0,2026-09-20 15:11:55,2026-09-20 15:11:55.450
2026-09-20 15:02:32,GEMS397,0113,Instructor: TBA,14,14,0,2026-09-20 15:11:55,2026-09-20 15:11:55.450
2026-09-20 15:02:32,GEMS397,0114,David Lovell,5,5,0,2026-09-20 15:11:55,2026-09-20 15:11:55.450
2026-09-20 15:02:32,GEMS397,0115,David Lovell,5,5,0,2026-09-20 15:11:55,2026-09-20 15:11:55.450
2026-09-20 15:02:32,GEMS496,0113,David Lovell,5,5,0,2026-09-20 15:11:55,2026-09-20 15:11:55.766
2026-09-20 15:02:32,GEMS497,0101,Eric Haag,14,14,0,2026-09-20 15:11:56,2026-09-20 15:11:56.031
2026-09-20 15:02:32,GEMS497,0102,Mohammad Nayeem Teli,14,14,0,2026-09-20 15:11:56,2026-09-20 15:11:56.031
2026-09-20 15:02:32,GEMS497,0103,Norberto Gonzalez- Juarbe,14,14,0,2026-09-20 15:11:56,2026-09-20 15:11:56.031
2026-09-20 15:02:32,GEMS497,0104,Abhinav Shrivastava,14,14,0,2026-09-20 15:11:56,2026-09-20 15:11:56.032
2026-09-20 15:02:32,GEMS497,0105,Hector Alcala,14,14,0,2026-09-20 15:11:56,2026-09-20 15:11:56.032
2026-09-20 15:02:32,GEMS497,0106,Massimo Ricotti,14,14,0,2026-09-20 15:11:56,2026-09-20 15:11:56.032
2026-09-20 15:02:32,GEMS497,0107,Reza Ghodssi,14,14,0,2026-09-20 15:11:56,2026-09-20 15:11:56.032
2026-09-20 15:02:32,GEMS497,0108,Nikhil Chopra,14,14,0,2026-09-20 15:11:56,2026-09-20 15:11:56.032
2026-09-20 15:02:32,GEMS497,0109,Kimberly Stroka,14,14,0,2026-09-20 15:11:56,2026-09-20 15:11:56.032
2026-09-20 15:02:32,GEMS497,0110,Gorjan Alagic,14,14,0,2026-09-20 15:11:56,2026-09-20 15:11:56.032
2026-09-20 15:02:32,GEMS497,0111,Alisa Clyne,14,14,0,2026-09-20 15:11:56,2026-09-20 15:11:56.032
2026-09-20 15:02:32,GEMS497,0112,Xin Zan,14,14,0,2026-09-20 15:11:56,2026-09-20 15:11:56.032
2026-09-20 15:02:32,GEMS497,0113,David Lovell,14,14,0,2026-09-20 15:11:56,2026-09-20 15:11:56.032
2026-09-20 15:02:32,GEMS497,0114,David Lovell,14,14,0,2026-09-20 15:11:56,2026-09-20 15:11:56.033
2026-09-20 15:02:32,GFPL100,0101,Alec Worsnop,21,21,0,2026-09-20 15:12:18,2026-09-20 15:12:18.662
2026-09-20 15:02:32,GFPL100,0102,Alec Worsnop,21,21,0,2026-09-20 15:12:18,2026-09-20 15:12:18.663
2026-09-20 15:02:32,GFPL100,0103,Alec Worsnop,21,21,0,2026-09-20 15:12:18,2026-09-20 15:12:18.663
2026-09-20 15:02:32,GFPL100,0104,Alec Worsnop,21,21,0,2026-09-20 15:12:18,2026-09-20 15:12:18.663
2026-09-20 15:02:32,GFPL100,0105,Alec Worsnop,21,21,0,2026-09-20 15:12:18,2026-09-20 15:12:18.663
2026-09-20 15:02:32,GFPL100,0106,Alec Worsnop,20,20,0,2026-09-20 15:12:18,2026-09-20 15:12:18.663
2026-09-20 15:02:32,GFPL102,0101,Caroline Ritter,95,95,0,2026-09-20 15:12:18,2026-09-20 15:12:18.930
2026-09-20 15:02:32,GFPL372,0101,Devin Entrikin,40,40,0,2026-09-20 15:12:19,2026-09-20 15:12:19.223
2026-09-20 15:02:32,GLBC200,0101,Parker Brookie,30,30,0,2026-09-20 15:12:20,2026-09-20 15:12:20.679
2026-09-20 15:02:32,GLBC360,0101,Hester Baer,30,30,0,2026-09-20 15:12:20,2026-09-20 15:12:20.936
2026-09-20 15:02:32,HACS101,0101,Michel Cukier,35,35,0,2026-09-20 15:12:44,2026-09-20 15:12:44.694
2026-09-20 15:02:32,HACS101,0201,Michel Cukier,35,35,0,2026-09-20 15:12:44,2026-09-20 15:12:44.694
2026-09-20 15:02:32,HACS201,0101,Bertrand Sobesto,26,26,0,2026-09-20 15:12:44,2026-09-20 15:12:44.967
2026-09-20 15:02:32,HACS208A,0101,Lawrence Gordon,20,20,0,2026-09-20 15:12:45,2026-09-20 15:12:45.244
2026-09-20 15:02:32,HACS208E,0101,Ian Serbin,26,26,0,2026-09-20 15:12:45,2026-09-20 15:12:45.505
2026-09-20 15:02:32,HACS208Z,0101,Zulema Belyeu,30,30,0,2026-09-20 15:12:45,2026-09-20 15:12:45.762
2026-09-20 15:02:32,HACS297,0101,Sarah Herberger,25,25,0,2026-09-20 15:12:46,2026-09-20 15:12:46.574
2026-09-20 15:02:32,HACS318A,0101,Lindsey Schrott,75,75,0,2026-09-20 15:12:46,2026-09-20 15:12:46.838
2026-09-20 15:02:32,HACS408C,0101,Lamia Zia,26,26,0,2026-09-20 15:12:47,2026-09-20 15:12:47.082
2026-09-20 15:02:32,HACS408P,0101,Firoozeh Rahimian,26,26,0,2026-09-20 15:12:47,2026-09-20 15:12:47.360
2026-09-20 15:02:32,HACS408T,0101,Kevin Bock,30,30,0,2026-09-20 15:12:47,2026-09-20 15:12:47.616
2026-09-20 15:02:32,HACS408V,0101,Edward Condon,30,30,0,2026-09-20 15:12:47,2026-09-20 15:12:47.870
2026-09-20 15:02:32,HACS497,0101,Cassie Harrington,25,25,0,2026-09-20 15:12:48,2026-09-20 15:12:48.393
2026-09-20 15:02:32,HACS498,0101,Thomas Woods,10,10,0,2026-09-20 15:12:48,2026-09-20 15:12:48.656
2026-09-20 15:02:32,HACS498,0201,Neal Ziring,18,18,0,2026-09-20 15:12:48,2026-09-20 15:12:48.656
2026-09-20 15:02:32,HACS498,0301,Michel Cukier,4,4,0,2026-09-20 15:12:48,2026-09-20 15:12:48.656
2026-09-20 15:02:32,HBUS105,0101,Daniel McCarthy,65,65,0,2026-09-20 15:12:50,2026-09-20 15:12:50.088
2026-09-20 15:02:32,HBUS205,0101,Jui Ramaprasad,60,60,0,2026-09-20 15:12:50,2026-09-20 15:12:50.393
2026-09-20 15:02:32,HDCC106,0101,Jessica Lu,10,10,0,2026-09-20 15:12:51,2026-09-20 15:12:51.840
2026-09-20 15:02:32,HDCC106,0201,William Evans,10,10,0,2026-09-20 15:12:51,2026-09-20 15:12:51.840
2026-09-20 15:02:32,HDCC106,0301,Grant Bollmer,10,10,0,2026-09-20 15:12:51,2026-09-20 15:12:51.840
2026-09-20 15:02:32,HDCC106,0401,Cliff Bakalian,10,10,0,2026-09-20 15:12:51,2026-09-20 15:12:51.841
2026-09-20 15:02:32,HDCC106,0501,Alex Leitch,10,10,0,2026-09-20 15:12:51,2026-09-20 15:12:51.841
2026-09-20 15:02:32,HDCC106,0601,Jade Olson,10,10,0,2026-09-20 15:12:51,2026-09-20 15:12:51.841
2026-09-20 15:02:32,HDCC106,0701,Courtney Ray,10,10,0,2026-09-20 15:12:51,2026-09-20 15:12:51.841
2026-09-20 15:02:32,HDCC209A,0101,Jessica Lu,15,15,0,2026-09-20 15:12:52,2026-09-20 15:12:52.130
2026-09-20 15:02:32,HDCC209B,0101,Nishtha Das,15,15,0,2026-09-20 15:12:52,2026-09-20 15:12:52.386
2026-09-20 15:02:32,HDCC209C,0101,Hansika Murugu,15,15,0,2026-09-20 15:12:52,2026-09-20 15:12:52.638
2026-09-20 15:02:32,HEBR107,0101,Avital Karpman,15,15,0,2026-09-20 15:12:54,2026-09-20 15:12:54.337
2026-09-20 15:02:32,HEBR107,0201,Avital Karpman,15,15,0,2026-09-20 15:12:54,2026-09-20 15:12:54.337
2026-09-20 15:02:32,HEBR207,0101,Avital Karpman,15,15,0,2026-09-20 15:12:54,2026-09-20 15:12:54.619
2026-09-20 15:02:32,HEBR249A,0101,Aliza Sandalon,15,15,0,2026-09-20 15:12:54,2026-09-20 15:12:54.876
2026-09-20 15:02:32,HEBR314,0101,Aliza Sandalon,20,20,0,2026-09-20 15:12:55,2026-09-20 15:12:55.134
2026-09-20 15:02:32,HGLO298,0101,Daniel Tuke,30,30,0,2026-09-20 15:13:12,2026-09-20 15:13:12.518
2026-09-20 15:02:32,HHUM106,0101,Sarah Humud,17,17,0,2026-09-20 15:13:13,2026-09-20 15:13:13.971
2026-09-20 15:02:32,HHUM106,0102,Sarah Humud,17,17,0,2026-09-20 15:13:13,2026-09-20 15:13:13.972
2026-09-20 15:02:32,HHUM106,0103,Sarah Humud,17,17,0,2026-09-20 15:13:13,2026-09-20 15:13:13.972
2026-09-20 15:02:32,HHUM106,0104,Sarah Humud,17,17,0,2026-09-20 15:13:13,2026-09-20 15:13:13.972
2026-09-20 15:02:32,HHUM206,0101,Sarah Humud,15,15,0,2026-09-20 15:13:14,2026-09-20 15:13:14.270
2026-09-20 15:02:32,HHUM206,0102,Sarah Humud,15,15,0,2026-09-20 15:13:14,2026-09-20 15:13:14.270
2026-09-20 15:02:32,HHUM206,0103,Sarah Humud,15,15,0,2026-09-20 15:13:14,2026-09-20 15:13:14.270
2026-09-20 15:02:32,HHUM206,0104,Sarah Humud,15,15,0,2026-09-20 15:13:14,2026-09-20 15:13:14.270
2026-09-20 15:02:32,HHUM328,0101,Sarah Humud,20,20,0,2026-09-20 15:13:14,2026-09-20 15:13:14.531
2026-09-20 15:02:32,HHUM329,0101,Sarah Humud,5,5,0,2026-09-20 15:13:14,2026-09-20 15:13:14.815
2026-09-20 15:02:32,HISP200,0101,Stefan Woehlke,22,22,0,2026-09-20 15:13:16,2026-09-20 15:13:16.380
2026-09-20 15:02:32,HISP200,0102,Stefan Woehlke,22,22,0,2026-09-20 15:13:16,2026-09-20 15:13:16.380
2026-09-20 15:02:32,HISP200,0103,Stefan Woehlke,22,22,0,2026-09-20 15:13:16,2026-09-20 15:13:16.380
2026-09-20 15:02:32,HISP200,0104,Stefan Woehlke,22,22,0,2026-09-20 15:13:16,2026-09-20 15:13:16.380
2026-09-20 15:02:32,HISP200,0105,Stefan Woehlke,22,22,0,2026-09-20 15:13:16,2026-09-20 15:13:16.380
2026-09-20 15:02:32,HISP319E,0101,Michelle Magalong,20,20,0,2026-09-20 15:13:16,2026-09-20 15:13:16.635
2026-09-20 15:02:32,HISP319S,0101,Michelle Magalong,30,30,0,2026-09-20 15:13:16,2026-09-20 15:13:16.892
2026-09-20 15:02:32,HISP619E,0101,Michelle Magalong,24,24,0,2026-09-20 15:13:17,2026-09-20 15:13:17.180
2026-09-20 15:02:32,HISP619O,0101,Stefan Woehlke,5,5,0,2026-09-20 15:13:17,2026-09-20 15:13:17.472
2026-09-20 15:02:32,HISP630,0101,Rhonda Sincavage,15,15,0,2026-09-20 15:13:17,2026-09-20 15:13:17.748
2026-09-20 15:02:32,HISP635,0101,Eola Dance,10,10,0,2026-09-20 15:13:18,2026-09-20 15:13:18.056
2026-09-20 15:02:32,HISP640,0101,Frederick Stachura,15,15,0,2026-09-20 15:13:18,2026-09-20 15:13:18.334
2026-09-20 15:02:32,HISP655,0101,Donald Linebaugh,15,15,0,2026-09-20 15:13:18,2026-09-20 15:13:18.634
2026-09-20 15:02:32,HISP660,0101,Instructor: TBA,15,15,0,2026-09-20 15:13:18,2026-09-20 15:13:18.929
2026-09-20 15:02:32,HISP670,0101,Alfonso Narvaez,15,15,0,2026-09-20 15:13:19,2026-09-20 15:13:19.186
2026-09-20 15:02:32,HISP690,0101,Donald Linebaugh,15,15,0,2026-09-20 15:13:19,2026-09-20 15:13:19.444
2026-09-20 15:02:32,HISP701,0101,Instructor: TBA,5,5,0,2026-09-20 15:13:19,2026-09-20 15:13:19.710
2026-09-20 15:02:32,HISP710,0101,Susan Kern,15,15,0,2026-09-20 15:13:19,2026-09-20 15:13:19.994
2026-09-20 15:02:32,HISP711,0101,Susan Kern,15,15,0,2026-09-20 15:13:20,2026-09-20 15:13:20.247
2026-09-20 15:02:32,HLSC102,0101,Sabrina Kramer,94,94,0,2026-09-20 15:13:44,2026-09-20 15:13:44.961
2026-09-20 15:02:32,HLSC102,0102,Jalah Townsend,35,35,0,2026-09-20 15:13:44,2026-09-20 15:13:44.961
2026-09-20 15:02:32,HLSC227,0101,Najib El-Sayed,25,25,0,2026-09-20 15:13:45,2026-09-20 15:13:45.216
2026-09-20 15:02:32,HLSC322,0101,Leslie Pick,23,23,0,2026-09-20 15:13:45,2026-09-20 15:13:45.474
2026-09-20 15:02:32,HLSC322,0102,Leslie Pick,23,23,0,2026-09-20 15:13:45,2026-09-20 15:13:45.474
2026-09-20 15:02:32,HLSC322,0103,Sabrina Kramer,23,23,0,2026-09-20 15:13:45,2026-09-20 15:13:45.474
2026-09-20 15:02:32,HLSC322,0104,Sabrina Kramer,23,23,0,2026-09-20 15:13:45,2026-09-20 15:13:45.474
2026-09-20 15:02:32,HLSC329,0101,Sabrina Kramer,12,12,0,2026-09-20 15:13:45,2026-09-20 15:13:45.728
2026-09-20 15:02:32,HNUH100,0101,Leigha McReynolds,10,10,0,2026-09-20 15:13:58,2026-09-20 15:13:58.725
2026-09-20 15:02:32,HNUH218D,0101,Brian Gilmore,50,50,0,2026-09-20 15:13:59,2026-09-20 15:13:59.009
2026-09-20 15:02:32,HNUH218L,0101,Shauna Rigaud,20,20,0,2026-09-20 15:13:59,2026-09-20 15:13:59.265
2026-09-20 15:02:32,HNUH218L,0201,Shauna Rigaud,20,20,0,2026-09-20 15:13:59,2026-09-20 15:13:59.265
2026-09-20 15:02:32,HNUH218M,0101,Instructor: TBA,20,20,0,2026-09-20 15:13:59,2026-09-20 15:13:59.523
2026-09-20 15:02:32,HNUH228D,0101,Matthew McLaughlin,20,20,0,2026-09-20 15:13:59,2026-09-20 15:13:59.800
2026-09-20 15:02:32,HNUH228L,0101,Alena Wigodner,20,20,0,2026-09-20 15:14:00,2026-09-20 15:14:00.143
2026-09-20 15:02:32,HNUH228L,0201,Alena Wigodner,20,20,0,2026-09-20 15:14:00,2026-09-20 15:14:00.144
2026-09-20 15:02:32,HNUH228M,0101,Ted Baker,20,20,0,2026-09-20 15:14:00,2026-09-20 15:14:00.417
2026-09-20 15:02:32,HNUH229P,0101,Tyson Slocum,20,20,0,2026-09-20 15:14:00,2026-09-20 15:14:00.693
2026-09-20 15:02:32,HNUH238D,0101,Susan Moeller,60,60,0,2026-09-20 15:14:00,2026-09-20 15:14:00.941
2026-09-20 15:02:32,HNUH238L,0101,Kimberly Johnson,20,20,0,2026-09-20 15:14:01,2026-09-20 15:14:01.242
2026-09-20 15:02:32,HNUH238L,0201,Kimberly Johnson,20,20,0,2026-09-20 15:14:01,2026-09-20 15:14:01.242
2026-09-20 15:02:32,HNUH238M,0101,Daniel Reck,20,20,0,2026-09-20 15:14:01,2026-09-20 15:14:01.564
2026-09-20 15:02:32,HNUH239I,0101,Jon Crocker,20,20,0,2026-09-20 15:14:01,2026-09-20 15:14:01.953
2026-09-20 15:02:32,HNUH248D,0101,Juan Uriagereka,45,45,0,2026-09-20 15:14:02,2026-09-20 15:14:02.228
2026-09-20 15:02:32,HNUH249T,0101,Daniel Rosenthal,20,20,0,2026-09-20 15:14:02,2026-09-20 15:14:02.559
2026-09-20 15:02:32,HNUH258C,0101,Bill Fagan,55,55,0,2026-09-20 15:14:02,2026-09-20 15:14:02.872
2026-09-20 15:02:32,HNUH258O,0101,Amy Green,20,20,0,2026-09-20 15:14:03,2026-09-20 15:14:03.131
2026-09-20 15:02:32,HNUH259T,0101,Ingrid Satelmajer,20,20,0,2026-09-20 15:14:03,2026-09-20 15:14:03.393
2026-09-20 15:02:32,HNUH268C,0101,Perla Guerrero,60,60,0,2026-09-20 15:14:03,2026-09-20 15:14:03.672
2026-09-20 15:02:32,HNUH268Q,0101,Ebonie Johnson Cooper,20,20,0,2026-09-20 15:14:03,2026-09-20 15:14:03.934
2026-09-20 15:02:32,HNUH268R,0201,Vasfiye Toprak,20,20,0,2026-09-20 15:14:04,2026-09-20 15:14:04.205
2026-09-20 15:02:32,HNUH269T,0101,James Stillwell,20,20,0,2026-09-20 15:14:04,2026-09-20 15:14:04.505
2026-09-20 15:02:32,HNUH278C,0101,Chinyere Osuji,60,60,0,2026-09-20 15:14:04,2026-09-20 15:14:04.771
2026-09-20 15:02:32,HNUH278I,0101,Marisa Franco,20,20,0,2026-09-20 15:14:05,2026-09-20 15:14:05.075
2026-09-20 15:02:32,HNUH278I,0201,Marisa Franco,20,20,0,2026-09-20 15:14:05,2026-09-20 15:14:05.075
2026-09-20 15:02:32,HNUH278O,0101,DeNeen Brown,20,20,0,2026-09-20 15:14:05,2026-09-20 15:14:05.332
2026-09-20 15:02:32,HNUH278Q,0101,Instructor: TBA,20,20,0,2026-09-20 15:14:05,2026-09-20 15:14:05.578
2026-09-20 15:02:32,HNUH278R,0101,Max Barnewitz,20,20,0,2026-09-20 15:14:05,2026-09-20 15:14:05.846
2026-09-20 15:02:32,HNUH288C,0101,Julia Steinberg,30,30,0,2026-09-20 15:14:06,2026-09-20 15:14:06.104
2026-09-20 15:02:32,HNUH288C,0102,Julia Steinberg,30,30,0,2026-09-20 15:14:06,2026-09-20 15:14:06.104
2026-09-20 15:02:32,HNUH288O,0101,Ariana Nash,20,20,0,2026-09-20 15:14:06,2026-09-20 15:14:06.399
2026-09-20 15:02:32,HNUH300,0201,Vasfiye Toprak,20,20,0,2026-09-20 15:14:06,2026-09-20 15:14:06.709
2026-09-20 15:02:32,HNUH300,0301,Shauna Rigaud,20,20,0,2026-09-20 15:14:06,2026-09-20 15:14:06.709
2026-09-20 15:02:32,HNUH300,0401,Instructor: TBA,20,20,0,2026-09-20 15:14:06,2026-09-20 15:14:06.709
2026-09-20 15:02:32,HNUH300,0501,Kimberly Johnson,20,20,0,2026-09-20 15:14:06,2026-09-20 15:14:06.709
2026-09-20 15:02:32,HNUH300,0701,Vasfiye Toprak,20,20,0,2026-09-20 15:14:06,2026-09-20 15:14:06.709
2026-09-20 15:02:32,HNUH300,0801,Instructor: TBA,20,20,0,2026-09-20 15:14:06,2026-09-20 15:14:06.709
2026-09-20 15:02:32,HNUH300,0901,Alena Wigodner,20,20,0,2026-09-20 15:14:06,2026-09-20 15:14:06.710
2026-09-20 15:02:32,HNUH300,1001,Robert Graham,20,20,0,2026-09-20 15:14:06,2026-09-20 15:14:06.710
2026-09-20 15:02:32,HNUH300,1101,Instructor: TBA,20,20,0,2026-09-20 15:14:06,2026-09-20 15:14:06.710
2026-09-20 15:02:32,HNUH398P,0101,Jayakumar Arasan,120,120,0,2026-09-20 15:14:06,2026-09-20 15:14:06.951
2026-09-20 15:02:32,HNUH398P,0201,Jayakumar Arasan,120,120,0,2026-09-20 15:14:06,2026-09-20 15:14:06.951
2026-09-20 15:02:32,HONR379W,0101,Blake Wilder,15,15,0,2026-09-20 15:14:08,2026-09-20 15:14:08.387
2026-09-20 15:02:32,IDEA201,0101,Mira Azarm,20,20,0,2026-09-20 15:14:09,2026-09-20 15:14:09.865
2026-09-20 15:02:32,IDEA201,0102,Christina Hnatov,10,10,0,2026-09-20 15:14:09,2026-09-20 15:14:09.865
2026-09-20 15:02:32,IDEA201,0103,Brooke Smith,60,60,0,2026-09-20 15:14:09,2026-09-20 15:14:09.865
2026-09-20 15:02:32,IDEA201,0104,Brooke Smith,60,60,0,2026-09-20 15:14:09,2026-09-20 15:14:09.865
2026-09-20 15:02:32,IDEA311,0101,Brooke Smith,40,40,0,2026-09-20 15:14:10,2026-09-20 15:14:10.156
2026-09-20 15:02:32,IDEA311,0102,Brooke Smith,15,15,0,2026-09-20 15:14:10,2026-09-20 15:14:10.156
2026-09-20 15:02:32,IMDM101,0101,Stevens Miller,30,30,0,2026-09-20 15:14:12,2026-09-20 15:14:12.192
2026-09-20 15:02:32,IMDM101,0201,Stevens Miller,30,30,0,2026-09-20 15:14:12,2026-09-20 15:14:12.192
2026-09-20 15:02:32,IMDM101,0301,Myungin Lee,30,30,0,2026-09-20 15:14:12,2026-09-20 15:14:12.193
2026-09-20 15:02:32,IMDM127,0101,Matthew Nolan,30,30,0,2026-09-20 15:14:12,2026-09-20 15:14:12.465
2026-09-20 15:02:32,IMDM150,0101,Cy Keener,45,45,0,2026-09-20 15:14:12,2026-09-20 15:14:12.715
2026-09-20 15:02:32,IMDM290,0101,Myungin Lee,30,30,0,2026-09-20 15:14:13,2026-09-20 15:14:13.017
2026-09-20 15:02:32,IMDM290,0201,Myungin Lee,30,30,0,2026-09-20 15:14:13,2026-09-20 15:14:13.017
2026-09-20 15:02:32,IMDM390,0101,Stefano Passeri,30,30,0,2026-09-20 15:14:13,2026-09-20 15:14:13.265
2026-09-20 15:02:32,IMDM390,0201,Stefano Passeri,30,30,0,2026-09-20 15:14:13,2026-09-20 15:14:13.265
2026-09-20 15:02:32,IMDM491,0101,Matthew Nolan,30,30,0,2026-09-20 15:14:13,2026-09-20 15:14:13.804
2026-09-20 15:02:32,IMDM491,0201,Matthew Nolan,30,30,0,2026-09-20 15:14:13,2026-09-20 15:14:13.804
2026-09-20 15:02:32,IMDM498I,0101,Snehesh Shrestha,16,16,0,2026-09-20 15:14:14,2026-09-20 15:14:14.069
2026-09-20 15:02:32,IMDM498J,0101,Yael Inbar,15,15,0,2026-09-20 15:14:14,2026-09-20 15:14:14.325
2026-09-20 15:02:32,IMMR200,0101,Instructor: TBA,40,40,0,2026-09-20 15:14:16,2026-09-20 15:14:16.058
2026-09-20 15:02:32,IMMR394,0101,Wenxi Yang,25,25,0,2026-09-20 15:14:16,2026-09-20 15:14:16.302
2026-09-20 15:02:32,IMMR399,0101,Christina Getrich,1,1,0,2026-09-20 15:14:16,2026-09-20 15:14:16.581
2026-09-20 15:02:32,INFM612,IM01,Instructor: TBA,40,40,0,2026-09-20 15:14:22,2026-09-20 15:14:22.220
2026-09-20 15:02:32,INFM737,IM01,David Loshin,40,40,0,2026-09-20 15:14:22,2026-09-20 15:14:22.474
2026-09-20 15:02:32,ISRL187,0101,Bernard Cooperman,23,23,0,2026-09-20 15:14:42,2026-09-20 15:14:42.138
2026-09-20 15:02:32,ISRL187,0102,Bernard Cooperman,23,23,0,2026-09-20 15:14:42,2026-09-20 15:14:42.138
2026-09-20 15:02:32,ISRL187,0103,Bernard Cooperman,23,23,0,2026-09-20 15:14:42,2026-09-20 15:14:42.139
2026-09-20 15:02:32,ISRL249O,0101,Aner Tal,35,35,0,2026-09-20 15:14:42,2026-09-20 15:14:42.383
2026-09-20 15:02:32,ISRL249P,0101,Aliza Sandalon,15,15,0,2026-09-20 15:14:42,2026-09-20 15:14:42.635
2026-09-20 15:02:32,ISRL282,0101,Shirelle Doughty,30,30,0,2026-09-20 15:14:42,2026-09-20 15:14:42.883
2026-09-20 15:02:32,ISRL329D,0101,Regev Ben-David,35,35,0,2026-09-20 15:14:43,2026-09-20 15:14:43.176
2026-09-20 15:02:32,ISRL329Y,0101,Marwa Maziad,30,30,0,2026-09-20 15:14:43,2026-09-20 15:14:43.428
2026-09-20 15:02:32,ISRL342,0101,Elli Lieberman,35,35,0,2026-09-20 15:14:43,2026-09-20 15:14:43.727
2026-09-20 15:02:32,ISRL349N,0101,Morad Elsana,30,30,0,2026-09-20 15:14:43,2026-09-20 15:14:43.981
2026-09-20 15:02:32,ISRL349W,0101,Avital Karpman,35,35,0,2026-09-20 15:14:44,2026-09-20 15:14:44.227
2026-09-20 15:02:32,ISRL380,0101,Regev Ben-David,35,35,0,2026-09-20 15:14:44,2026-09-20 15:14:44.469
2026-09-20 15:02:32,ISRL383,0101,Ilai Saltzman,35,35,0,2026-09-20 15:14:44,2026-09-20 15:14:44.761
2026-09-20 15:02:32,JAPN102,0101,Kumiko Akikawa,15,15,0,2026-09-20 15:14:48,2026-09-20 15:14:48.676
2026-09-20 15:02:32,JAPN102,0201,Kumiko Akikawa,15,15,0,2026-09-20 15:14:48,2026-09-20 15:14:48.676
2026-09-20 15:02:32,JAPN202,0101,Makiko Inoue,15,15,0,2026-09-20 15:14:48,2026-09-20 15:14:48.945
2026-09-20 15:02:32,JAPN202,0201,Makiko Inoue,15,15,0,2026-09-20 15:14:48,2026-09-20 15:14:48.945
2026-09-20 15:02:32,JAPN302,0101,Mari Hamada,15,15,0,2026-09-20 15:14:49,2026-09-20 15:14:49.184
2026-09-20 15:02:32,JAPN306,0101,Lindsay Yotsukura,15,15,0,2026-09-20 15:14:49,2026-09-20 15:14:49.450
2026-09-20 15:02:32,JAPN335,0101,Michele Mason,20,20,0,2026-09-20 15:14:49,2026-09-20 15:14:49.715
2026-09-20 15:02:32,JAPN355,0101,Jyana Browne,20,20,0,2026-09-20 15:14:50,2026-09-20 15:14:50.125
2026-09-20 15:02:32,JAPN361,0101,Instructor: TBA,20,20,0,2026-09-20 15:14:50,2026-09-20 15:14:50.386
2026-09-20 15:02:32,JAPN425,0101,Michele Mason,25,25,0,2026-09-20 15:14:50,2026-09-20 15:14:50.880
2026-09-20 15:02:32,JAPN457,0101,Lindsay Yotsukura,15,15,0,2026-09-20 15:14:51,2026-09-20 15:14:51.154
2026-09-20 15:02:32,JWST187,0101,Bernard Cooperman,23,23,0,2026-09-20 15:15:15,2026-09-20 15:15:15.245
2026-09-20 15:02:32,JWST187,0102,Bernard Cooperman,23,23,0,2026-09-20 15:15:15,2026-09-20 15:15:15.245
2026-09-20 15:02:32,JWST187,0103,Bernard Cooperman,23,23,0,2026-09-20 15:15:15,2026-09-20 15:15:15.245
2026-09-20 15:02:32,JWST233,0101,Hayim Lapin,30,30,0,2026-09-20 15:15:15,2026-09-20 15:15:15.531
2026-09-20 15:02:32,JWST319A,0101,Daniel Richter,35,35,0,2026-09-20 15:15:15,2026-09-20 15:15:15.778
2026-09-20 15:02:32,JWST319J,0101,Nathan Levine,35,35,0,2026-09-20 15:15:16,2026-09-20 15:15:16.149
2026-09-20 15:02:32,JWST319J,PBU1,Nathan Levine,3,3,0,2026-09-20 15:15:16,2026-09-20 15:15:16.149
2026-09-20 15:02:32,JWST319P,0101,Lauren Kotkin,18,18,0,2026-09-20 15:15:16,2026-09-20 15:15:16.420
2026-09-20 15:02:32,JWST319Q,0101,Regev Ben-David,35,35,0,2026-09-20 15:15:16,2026-09-20 15:15:16.707
2026-09-20 15:02:32,JWST319W,0101,Avital Karpman,35,35,0,2026-09-20 15:15:16,2026-09-20 15:15:16.963
2026-09-20 15:02:32,JWST324,0101,Matthew Suriano,25,25,0,2026-09-20 15:15:17,2026-09-20 15:15:17.332
2026-09-20 15:02:32,JWST386,0101,Instructor: TBA,5,5,0,2026-09-20 15:15:17,2026-09-20 15:15:17.608
2026-09-20 15:02:32,JWST419B,0101,Bernard Cooperman,9,9,0,2026-09-20 15:15:18,2026-09-20 15:15:18.151
2026-09-20 15:02:32,JWST427,0101,Matthew Suriano,15,15,0,2026-09-20 15:15:18,2026-09-20 15:15:18.436
2026-09-20 15:02:32,JWST469C,0101,Bernard Cooperman,10,10,0,2026-09-20 15:15:18,2026-09-20 15:15:18.994
2026-09-20 15:02:32,KORA101,0101,Seong Minne Koh,15,15,0,2026-09-20 15:15:41,2026-09-20 15:15:41.857
2026-09-20 15:02:32,KORA102,0101,Saerom Kwak,15,15,0,2026-09-20 15:15:42,2026-09-20 15:15:42.111
2026-09-20 15:02:32,KORA102,0201,Saerom Kwak,15,15,0,2026-09-20 15:15:42,2026-09-20 15:15:42.111
2026-09-20 15:02:32,KORA102,0301,Saerom Kwak,15,15,0,2026-09-20 15:15:42,2026-09-20 15:15:42.111
2026-09-20 15:02:32,KORA102,0401,Saerom Kwak,15,15,0,2026-09-20 15:15:42,2026-09-20 15:15:42.111
2026-09-20 15:02:32,KORA202,0101,Seong Minne Koh,15,15,0,2026-09-20 15:15:42,2026-09-20 15:15:42.375
2026-09-20 15:02:32,KORA202,0301,Seong Minne Koh,15,15,0,2026-09-20 15:15:42,2026-09-20 15:15:42.375
2026-09-20 15:02:32,KORA398O,0101,Instructor: TBA,10,10,0,2026-09-20 15:15:42,2026-09-20 15:15:42.628
2026-09-20 15:02:32,KORA398V,0101,Seong Minne Koh,10,10,0,2026-09-20 15:15:42,2026-09-20 15:15:42.875
2026-09-20 15:02:32,LEAD217,0101,Pamela Scott,25,25,0,2026-09-20 15:15:57,2026-09-20 15:15:57.289
2026-09-20 15:02:32,LEAD217,0201,Pamela Scott,25,25,0,2026-09-20 15:15:57,2026-09-20 15:15:57.289
2026-09-20 15:02:32,LEAD321,0101,Courtney Holder,10,10,0,2026-09-20 15:15:57,2026-09-20 15:15:57.595
2026-09-20 15:02:32,LEAD417,0101,Anastasia Lavrenyuk,20,20,0,2026-09-20 15:15:57,2026-09-20 15:15:57.847
2026-09-20 15:02:32,LGBT200,0101,Sayan Bhattacharya,25,25,0,2026-09-20 15:15:59,2026-09-20 15:15:59.315
2026-09-20 15:02:32,LGBT200,0102,Sayan Bhattacharya,25,25,0,2026-09-20 15:15:59,2026-09-20 15:15:59.315
2026-09-20 15:02:32,LGBT265,0201,Instructor: TBA,30,30,0,2026-09-20 15:15:59,2026-09-20 15:15:59.579
2026-09-20 15:02:32,LGBT310,0101,Sayan Bhattacharya,25,25,0,2026-09-20 15:15:59,2026-09-20 15:15:59.835
2026-09-20 15:02:32,LGBT475,0101,Sydney Lewis,20,20,0,2026-09-20 15:16:00,2026-09-20 15:16:00.259
2026-09-20 15:02:32,MLAW150,0101,David Gray,25,25,0,2026-09-20 15:16:31,2026-09-20 15:16:31.759
2026-09-20 15:02:32,MLAW150,0102,David Gray,25,25,0,2026-09-20 15:16:31,2026-09-20 15:16:31.759
2026-09-20 15:02:32,MLAW150,0103,David Gray,25,25,0,2026-09-20 15:16:31,2026-09-20 15:16:31.759
2026-09-20 15:02:32,MLAW304,0101,Christine White,40,40,0,2026-09-20 15:16:32,2026-09-20 15:16:32.011
2026-09-20 15:02:32,MLAW305,0201,Brian Gilmore,60,60,0,2026-09-20 15:16:32,2026-09-20 15:16:32.253
2026-09-20 15:02:32,MLAW325,0101,Grace Benton,12,12,0,2026-09-20 15:16:32,2026-09-20 15:16:32.509
2026-09-20 15:02:32,MLAW358W,0101,Michael Spivey,25,25,0,2026-09-20 15:16:32,2026-09-20 15:16:32.767
2026-09-20 15:02:32,MLAW358W,0102,Michael Spivey,25,25,0,2026-09-20 15:16:32,2026-09-20 15:16:32.767
2026-09-20 15:02:32,MLAW358W,0103,Michael Spivey,25,25,0,2026-09-20 15:16:32,2026-09-20 15:16:32.767
2026-09-20 15:02:32,MLAW358W,0104,Michael Spivey,25,25,0,2026-09-20 15:16:32,2026-09-20 15:16:32.768
2026-09-20 15:02:32,MLAW358W,0105,Michael Spivey,25,25,0,2026-09-20 15:16:32,2026-09-20 15:16:32.768
2026-09-20 15:02:32,MLAW358W,0106,Michael Spivey,25,25,0,2026-09-20 15:16:32,2026-09-20 15:16:32.768
2026-09-20 15:02:32,MLAW358Y,0101,Martin Kobren,5,5,0,2026-09-20 15:16:33,2026-09-20 15:16:33.013
2026-09-20 15:02:32,MLAW358Z,0101,Christine White,19,19,0,2026-09-20 15:16:33,2026-09-20 15:16:33.263
2026-09-20 15:02:32,MLAW359,0101,Brandee Pettus,8,8,0,2026-09-20 15:16:33,2026-09-20 15:16:33.549
2026-09-20 15:02:32,MLAW378E,0101,Brandee Pettus,5,5,0,2026-09-20 15:16:33,2026-09-20 15:16:33.810
2026-09-20 15:02:32,MLAW378F,0101,Brian Gilmore,15,15,0,2026-09-20 15:16:34,2026-09-20 15:16:34.069
2026-09-20 15:02:32,MLAW378J,0101,Natalie Ram,20,20,0,2026-09-20 15:16:34,2026-09-20 15:16:34.314
2026-09-20 15:02:32,MLAW378T,0101,Marley Weiss,20,20,0,2026-09-20 15:16:34,2026-09-20 15:16:34.576
2026-09-20 15:02:32,MLAW388,0101,Brandee Pettus,33,33,0,2026-09-20 15:16:34,2026-09-20 15:16:34.844
2026-09-20 15:02:32,MLAW388,0201,Brandee Pettus,6,6,0,2026-09-20 15:16:34,2026-09-20 15:16:34.844
2026-09-20 15:02:32,MLAW404,0101,Christine White,75,75,0,2026-09-20 15:16:35,2026-09-20 15:16:35.104
2026-09-20 15:02:32,MSAI602,PCS1,Tammy Perrin,30,30,0,2026-09-20 15:16:36,2026-09-20 15:16:36.623
2026-09-20 15:02:32,MSAI603,PWS1,Kemal Davaslioglu,50,50,0,2026-09-20 15:16:36,2026-09-20 15:16:36.916
2026-09-20 15:02:32,MSAI605,PCS1,Jerry Wu,55,55,0,2026-09-20 15:16:37,2026-09-20 15:16:37.175
2026-09-20 15:02:32,MSAI605,PCS2,Samet Ayhan,55,55,0,2026-09-20 15:16:37,2026-09-20 15:16:37.175
2026-09-20 15:02:32,MSAI605,PCS3,Rajeev Barua,65,65,0,2026-09-20 15:16:37,2026-09-20 15:16:37.175
2026-09-20 15:02:32,MSML602,PCS1,Tammy Perrin,30,30,0,2026-09-20 15:16:38,2026-09-20 15:16:38.725
2026-09-20 15:02:32,MSML603,PWS1,Kemal Davaslioglu,50,50,0,2026-09-20 15:16:38,2026-09-20 15:16:38.970
2026-09-20 15:02:32,MSML604,PCS1,Richard La,38,38,0,2026-09-20 15:16:39,2026-09-20 15:16:39.256
2026-09-20 15:02:32,MSML604,PCS2,Richard La,38,38,0,2026-09-20 15:16:39,2026-09-20 15:16:39.256
2026-09-20 15:02:32,MSML604,PCS3,Siddharth Pal,55,55,0,2026-09-20 15:16:39,2026-09-20 15:16:39.256
2026-09-20 15:02:32,MSML605,PCS1,Jerry Wu,55,55,0,2026-09-20 15:16:39,2026-09-20 15:16:39.507
2026-09-20 15:02:32,MSML605,PCS2,Samet Ayhan,55,55,0,2026-09-20 15:16:39,2026-09-20 15:16:39.507
2026-09-20 15:02:32,MSML605,PCS3,Rajeev Barua,65,65,0,2026-09-20 15:16:39,2026-09-20 15:16:39.507
2026-09-20 15:02:32,MSML606,PCS2,Sujeong Kim,55,55,0,2026-09-20 15:16:39,2026-09-20 15:16:39.771
2026-09-20 15:02:32,MSML606,PCS3,Samet Ayhan,55,55,0,2026-09-20 15:16:39,2026-09-20 15:16:39.771
2026-09-20 15:02:32,MSML612,PCS1,Samet Ayhan,55,55,0,2026-09-20 15:16:40,2026-09-20 15:16:40.021
2026-09-20 15:02:32,MSML612,PCS2,Samet Ayhan,55,55,0,2026-09-20 15:16:40,2026-09-20 15:16:40.021
2026-09-20 15:02:32,MSML612,PCS3,Emre Gunduzhan,55,55,0,2026-09-20 15:16:40,2026-09-20 15:16:40.021
2026-09-20 15:02:32,MSML640,PCS1,Jerry Wu,70,70,0,2026-09-20 15:16:40,2026-09-20 15:16:40.287
2026-09-20 15:02:32,MSML640,PCS2,Sujeong Kim,55,55,0,2026-09-20 15:16:40,2026-09-20 15:16:40.287
2026-09-20 15:02:32,MSML641,PCS1,Armin Mehrabian,55,55,0,2026-09-20 15:16:40,2026-09-20 15:16:40.536
2026-09-20 15:02:32,NAVY101,0101,Beau Cisneros,30,30,0,2026-09-20 15:17:11,2026-09-20 15:17:11.965
2026-09-20 15:02:32,NAVY108,0101,Christopher Boehm,150,150,0,2026-09-20 15:17:12,2026-09-20 15:17:12.241
2026-09-20 15:02:32,NAVY201,0101,Austin Cranfill,30,30,0,2026-09-20 15:17:12,2026-09-20 15:17:12.485
2026-09-20 15:02:32,NAVY301,0101,Beau Cisneros,35,35,0,2026-09-20 15:17:12,2026-09-20 15:17:12.748
2026-09-20 15:02:32,NAVY401,0101,John Gonser,36,36,0,2026-09-20 15:17:13,2026-09-20 15:17:13.055
2026-09-20 15:02:32,NAVY402,0102,Jenna Weiner,25,25,0,2026-09-20 15:17:13,2026-09-20 15:17:13.324
2026-09-20 15:02:32,NEUR200,0101,Ana Navarro Cebrian,90,90,0,2026-09-20 15:17:14,2026-09-20 15:17:14.825
2026-09-20 15:02:32,NEUR200,0201,Ana Navarro Cebrian,90,90,0,2026-09-20 15:17:14,2026-09-20 15:17:14.825
2026-09-20 15:02:32,NEUR305,0101,Amanda Chicoli,90,90,0,2026-09-20 15:17:15,2026-09-20 15:17:15.076
2026-09-20 15:02:32,NEUR306,0101,Chan Lin,64,64,0,2026-09-20 15:17:15,2026-09-20 15:17:15.453
2026-09-20 15:02:32,NEUR306,0102,Melissa Caras,40,40,0,2026-09-20 15:17:15,2026-09-20 15:17:15.454
2026-09-20 15:02:32,NEUR338A,0101,Amanda Chicoli,20,20,0,2026-09-20 15:17:15,2026-09-20 15:17:15.964
2026-09-20 15:02:32,NEUR398H,0101,Nikolas Francis,20,20,0,2026-09-20 15:17:16,2026-09-20 15:17:16.744
2026-09-20 15:02:32,NEUR405,0101,Hilary Bierman,16,16,0,2026-09-20 15:17:17,2026-09-20 15:17:17.040
2026-09-20 15:02:32,NEUR405,0102,Hilary Bierman,16,16,0,2026-09-20 15:17:17,2026-09-20 15:17:17.041
2026-09-20 15:02:32,NEUR405,0103,Hilary Bierman,16,16,0,2026-09-20 15:17:17,2026-09-20 15:17:17.041
2026-09-20 15:02:32,NEUR405,0106,Hilary Bierman,16,16,0,2026-09-20 15:17:17,2026-09-20 15:17:17.041
2026-09-20 15:02:32,PEER318,0101,Christina Jay,15,15,0,2026-09-20 15:17:26,2026-09-20 15:17:26.535
2026-09-20 15:02:32,PEER319,0101,Grace Boudreau,15,15,0,2026-09-20 15:17:26,2026-09-20 15:17:26.785
2026-09-20 15:02:32,PEER322,0101,Aleia Gardner,15,15,0,2026-09-20 15:17:27,2026-09-20 15:17:27.077
2026-09-20 15:02:32,PHPE308A,0101,Rachel Singpurwalla,25,25,0,2026-09-20 15:17:36,2026-09-20 15:17:36.461
2026-09-20 15:02:32,PHPE308P,0101,Xinzhi Zhao,30,30,0,2026-09-20 15:17:36,2026-09-20 15:17:36.769
2026-09-20 15:02:32,PHPE308U,0101,Aner Tal,35,35,0,2026-09-20 15:17:37,2026-09-20 15:17:37.029
2026-09-20 15:02:32,PHPE400,0101,Instructor: TBA,30,30,0,2026-09-20 15:17:37,2026-09-20 15:17:37.531
2026-09-20 15:02:32,PHPE401,0101,Xinzhi Zhao,27,27,0,2026-09-20 15:17:37,2026-09-20 15:17:37.796
2026-09-20 15:02:32,PHPE401,0102,Xinzhi Zhao,27,27,0,2026-09-20 15:17:37,2026-09-20 15:17:37.796
2026-09-20 15:02:32,PHPE402,0101,Instructor: TBA,30,30,0,2026-09-20 15:17:38,2026-09-20 15:17:38.065
2026-09-20 15:02:32,PHPE408M,0101,Nicholas Laskowski,25,25,0,2026-09-20 15:17:38,2026-09-20 15:17:38.330
2026-09-20 15:02:32,PHPE408Z,0101,Avia Pasternak,30,30,0,2026-09-20 15:17:38,2026-09-20 15:17:38.583
2026-09-20 15:02:32,PHSC201,0101,Kayla Hoffman,30,30,0,2026-09-20 15:17:40,2026-09-20 15:17:40.109
2026-09-20 15:02:32,PHSC388F,0101,Jennifer German,30,30,0,2026-09-20 15:17:40,2026-09-20 15:17:40.367
2026-09-20 15:02:32,PHSC399,0101,Shannon Edward,30,30,0,2026-09-20 15:17:40,2026-09-20 15:17:40.888
2026-09-20 15:02:32,PHSC399,ESG1,Shannon Edward,20,20,0,2026-09-20 15:17:40,2026-09-20 15:17:40.888
2026-09-20 15:02:32,PHSC415,0101,Jessica O'Hara,36,36,0,2026-09-20 15:17:41,2026-09-20 15:17:41.158
2026-09-20 15:02:32,PHSC415,0102,Jessica O'Hara,36,36,0,2026-09-20 15:17:41,2026-09-20 15:17:41.158
2026-09-20 15:02:32,PHSC415,0103,Jessica O'Hara,36,36,0,2026-09-20 15:17:41,2026-09-20 15:17:41.158
2026-09-20 15:02:32,PHSC415,0104,Jessica O'Hara,36,36,0,2026-09-20 15:17:41,2026-09-20 15:17:41.158
2026-09-20 15:02:32,PHSC415,0105,Jessica O'Hara,36,36,0,2026-09-20 15:17:41,2026-09-20 15:17:41.158
2026-09-20 15:02:32,PHSC430,0101,Kendall Bustad,35,35,0,2026-09-20 15:17:41,2026-09-20 15:17:41.412
2026-09-20 15:02:32,PHSC430,ESG1,Kendall Bustad,8,8,0,2026-09-20 15:17:41,2026-09-20 15:17:41.412
2026-09-20 15:02:32,PHSC450,0101,Kendall Bustad,20,20,0,2026-09-20 15:17:41,2026-09-20 15:17:41.706
2026-09-20 15:02:32,PHSC450,0102,Kendall Bustad,20,20,0,2026-09-20 15:17:41,2026-09-20 15:17:41.706
2026-09-20 15:02:32,PHSC450,0103,Kendall Bustad,20,20,0,2026-09-20 15:17:41,2026-09-20 15:17:41.706
2026-09-20 15:02:32,PHSC450,0104,Kendall Bustad,20,20,0,2026-09-20 15:17:41,2026-09-20 15:17:41.706
2026-09-20 15:02:32,PHSC450,0105,Kendall Bustad,20,20,0,2026-09-20 15:17:41,2026-09-20 15:17:41.706
2026-09-20 15:02:32,PHSC450,0106,Kendall Bustad,20,20,0,2026-09-20 15:17:41,2026-09-20 15:17:41.706
2026-09-20 15:02:32,PHSC450,0107,Kendall Bustad,20,20,0,2026-09-20 15:17:41,2026-09-20 15:17:41.706
2026-09-20 15:02:32,PHSC450,ESG1,Kendall Bustad,35,35,0,2026-09-20 15:17:41,2026-09-20 15:17:41.707
2026-09-20 15:02:32,PHSC490,0101,Shannon Edward,30,30,0,2026-09-20 15:17:41,2026-09-20 15:17:41.985
2026-09-20 15:02:32,PHSC497,0101,Gretchen De Silva,20,20,0,2026-09-20 15:17:42,2026-09-20 15:17:42.236
2026-09-20 15:02:32,PHSC497,0201,Kendall Bustad,20,20,0,2026-09-20 15:17:42,2026-09-20 15:17:42.236
2026-09-20 15:02:32,PHSC497,0301,Gretchen De Silva,20,20,0,2026-09-20 15:17:42,2026-09-20 15:17:42.236
2026-09-20 15:02:32,PHSC497,0401,Aysha Jawed,20,20,0,2026-09-20 15:17:42,2026-09-20 15:17:42.236
2026-09-20 15:02:32,PHSC497,0501,Jennifer German,20,20,0,2026-09-20 15:17:42,2026-09-20 15:17:42.236
2026-09-20 15:02:32,PHSC497,0601,Carmen Booker,20,20,0,2026-09-20 15:17:42,2026-09-20 15:17:42.236
2026-09-20 15:02:32,PHSC497,0701,Lakeshia Watson,20,20,0,2026-09-20 15:17:42,2026-09-20 15:17:42.236
2026-09-20 15:02:32,PHSC497,0801,Lakeshia Watson,20,20,0,2026-09-20 15:17:42,2026-09-20 15:17:42.237
2026-09-20 15:02:32,PHSC497,0901,Darya Soltani,20,20,0,2026-09-20 15:17:42,2026-09-20 15:17:42.237
2026-09-20 15:02:32,PHSC497,1001,Brienna Anderson,20,20,0,2026-09-20 15:17:42,2026-09-20 15:17:42.237
2026-09-20 15:02:32,PHSC497,1101,Margaret Smith,20,20,0,2026-09-20 15:17:42,2026-09-20 15:17:42.237
2026-09-20 15:02:32,PHSC497,1201,Eric Silfen,20,20,0,2026-09-20 15:17:42,2026-09-20 15:17:42.237
2026-09-20 15:02:32,PHSC497,1301,Lakeshia Watson,20,20,0,2026-09-20 15:17:42,2026-09-20 15:17:42.237
2026-09-20 15:02:32,PHSC497,ESG1,Ann Truelove,20,20,0,2026-09-20 15:17:42,2026-09-20 15:17:42.237
2026-09-20 15:02:32,RDEV250,0101,Wayne Ricardo Curtis,75,75,0,2026-09-20 15:18:38,2026-09-20 15:18:38.620
2026-09-20 15:02:32,RDEV250,0102,Wayne Ricardo Curtis,75,75,0,2026-09-20 15:18:38,2026-09-20 15:18:38.620
2026-09-20 15:02:32,RDEV270,0101,John Park,30,30,0,2026-09-20 15:18:38,2026-09-20 15:18:38.890
2026-09-20 15:02:32,RDEV350,0101,Jesse Saginor,25,25,0,2026-09-20 15:18:39,2026-09-20 15:18:39.139
2026-09-20 15:02:32,RDEV350,0102,Instructor: TBA,30,30,0,2026-09-20 15:18:39,2026-09-20 15:18:39.140
2026-09-20 15:02:32,RDEV410,0101,Peter Goldsmith,30,30,0,2026-09-20 15:18:39,2026-09-20 15:18:39.401
2026-09-20 15:02:32,RDEV415,0101,Bilal Ali,20,20,0,2026-09-20 15:18:39,2026-09-20 15:18:39.656
2026-09-20 15:02:32,RDEV445,0101,Matthew O'Malley,15,15,0,2026-09-20 15:18:39,2026-09-20 15:18:39.949
2026-09-20 15:02:32,RDEV450,0101,Kathryn Corby,30,30,0,2026-09-20 15:18:40,2026-09-20 15:18:40.240
2026-09-20 15:02:32,RDEV450,0102,Thomas Dwyer,20,20,0,2026-09-20 15:18:40,2026-09-20 15:18:40.240
2026-09-20 15:02:32,RDEV450,0103,John Park,30,30,0,2026-09-20 15:18:40,2026-09-20 15:18:40.240
2026-09-20 15:02:32,RDEV478D,0101,Jesse Saginor,20,20,0,2026-09-20 15:18:40,2026-09-20 15:18:40.534
2026-09-20 15:02:32,RDEV600,0101,Jesse Saginor,10,10,0,2026-09-20 15:18:40,2026-09-20 15:18:40.792
2026-09-20 15:02:32,RDEV603,0101,Thomas Dwyer,18,18,0,2026-09-20 15:18:41,2026-09-20 15:18:41.070
2026-09-20 15:02:32,RDEV610,0101,David Warner,20,20,0,2026-09-20 15:18:41,2026-09-20 15:18:41.334
2026-09-20 15:02:32,RDEV615,0101,Bilal Ali,20,20,0,2026-09-20 15:18:41,2026-09-20 15:18:41.582
2026-09-20 15:02:32,RDEV630,0101,Mansur Abdul-Malik,30,30,0,2026-09-20 15:18:41,2026-09-20 15:18:41.842
2026-09-20 15:02:32,RDEV650,0101,Matthew O'Malley,25,25,0,2026-09-20 15:18:42,2026-09-20 15:18:42.133
2026-09-20 15:02:32,RDEV689F,0101,Zachary Marks,20,20,0,2026-09-20 15:18:42,2026-09-20 15:18:42.382
2026-09-20 15:02:32,RDEV689I,0101,Ronald McDonald,14,14,0,2026-09-20 15:18:42,2026-09-20 15:18:42.662
2026-09-20 15:02:32,RDEV689R,0101,Nick Egelanian,15,15,0,2026-09-20 15:18:42,2026-09-20 15:18:42.914
2026-09-20 15:02:32,RDEV689Y,0101,Instructor: TBA,12,12,0,2026-09-20 15:18:43,2026-09-20 15:18:43.154
2026-09-20 15:02:32,RDEV690,0101,Tanya Bansal,12,12,0,2026-09-20 15:18:43,2026-09-20 15:18:43.408
2026-09-20 15:02:32,RELS170,0101,Katherine Wasdin,21,21,0,2026-09-20 15:18:44,2026-09-20 15:18:44.910
2026-09-20 15:02:32,RELS170,0102,Katherine Wasdin,21,21,0,2026-09-20 15:18:44,2026-09-20 15:18:44.910
2026-09-20 15:02:32,RELS170,0103,Katherine Wasdin,21,21,0,2026-09-20 15:18:44,2026-09-20 15:18:44.910
2026-09-20 15:02:32,RELS170,0104,Katherine Wasdin,21,21,0,2026-09-20 15:18:44,2026-09-20 15:18:44.910
2026-09-20 15:02:32,RELS170,0105,Katherine Wasdin,21,21,0,2026-09-20 15:18:44,2026-09-20 15:18:44.910
2026-09-20 15:02:32,RELS170,0106,Katherine Wasdin,21,21,0,2026-09-20 15:18:44,2026-09-20 15:18:44.910
2026-09-20 15:02:32,RELS170,0107,Katherine Wasdin,21,21,0,2026-09-20 15:18:44,2026-09-20 15:18:44.910
2026-09-20 15:02:32,RELS170,0108,Katherine Wasdin,21,21,0,2026-09-20 15:18:44,2026-09-20 15:18:44.910
2026-09-20 15:02:32,RELS170,0109,Katherine Wasdin,21,21,0,2026-09-20 15:18:44,2026-09-20 15:18:44.910
2026-09-20 15:02:32,RELS264,0101,Jay Moses,30,30,0,2026-09-20 15:18:45,2026-09-20 15:18:45.159
2026-09-20 15:02:32,RELS271,0101,Instructor: TBA,40,40,0,2026-09-20 15:18:45,2026-09-20 15:18:45.420
2026-09-20 15:02:32,RELS319Q,0101,Regev Ben-David,35,35,0,2026-09-20 15:18:45,2026-09-20 15:18:45.680
2026-09-20 15:02:32,RELS342,0101,Stefano Villani,27,27,0,2026-09-20 15:18:45,2026-09-20 15:18:45.944
2026-09-20 15:02:32,RELS427,0101,Matthew Suriano,15,15,0,2026-09-20 15:18:46,2026-09-20 15:18:46.230
2026-09-20 15:02:32,RELS429M,0101,Antoine Borrut,27,27,0,2026-09-20 15:18:46,2026-09-20 15:18:46.501
2026-09-20 15:02:32,RUSS102,0101,Inna Hardman,15,15,0,2026-09-20 15:18:48,2026-09-20 15:18:48.028
2026-09-20 15:02:32,RUSS102,0201,Inna Hardman,15,15,0,2026-09-20 15:18:48,2026-09-20 15:18:48.028
2026-09-20 15:02:32,RUSS202,0101,Zhanna Gerus-Vernola,15,15,0,2026-09-20 15:18:48,2026-09-20 15:18:48.277
2026-09-20 15:02:32,RUSS302,0101,Izolda Savenkova,15,15,0,2026-09-20 15:18:48,2026-09-20 15:18:48.563
2026-09-20 15:02:32,RUSS398A,0101,Instructor: TBA,15,15,0,2026-09-20 15:18:49,2026-09-20 15:18:49.077
2026-09-20 15:02:32,RUSS398F,0101,Elizabeth Papazian,25,25,0,2026-09-20 15:18:49,2026-09-20 15:18:49.389
2026-09-20 15:02:32,RUSS406,0101,Izolda Savenkova,15,15,0,2026-09-20 15:18:49,2026-09-20 15:18:49.954
2026-09-20 15:02:32,RUSS412,0101,Inna Hardman,15,15,0,2026-09-20 15:18:50,2026-09-20 15:18:50.202
2026-09-20 15:02:32,SDSB123,0101,Srijeeta Mitra,26,26,0,2026-09-20 15:18:51,2026-09-20 15:18:51.944
2026-09-20 15:02:32,SDSB180,0101,Srijeeta Mitra,155,155,0,2026-09-20 15:18:52,2026-09-20 15:18:52.230
2026-09-20 15:02:32,SDSB233,0101,Richard Engstrom,28,28,0,2026-09-20 15:18:52,2026-09-20 15:18:52.502
2026-09-20 15:02:32,SDSB233,0102,Richard Engstrom,28,28,0,2026-09-20 15:18:52,2026-09-20 15:18:52.502
2026-09-20 15:02:32,SDSB326,0101,Jacob Coutts,40,40,0,2026-09-20 15:18:52,2026-09-20 15:18:52.750
2026-09-20 15:02:32,SDSB340,0101,Neil Lund,24,24,0,2026-09-20 15:18:53,2026-09-20 15:18:53.011
2026-09-20 15:02:32,SDSI414,0101,Instructor: TBA,40,40,0,2026-09-20 15:18:54,2026-09-20 15:18:54.468
2026-09-20 15:02:32,SDSI414,0102,Instructor: TBA,40,40,0,2026-09-20 15:18:54,2026-09-20 15:18:54.469
2026-09-20 15:02:32,SDSI414,0103,Instructor: TBA,40,40,0,2026-09-20 15:18:54,2026-09-20 15:18:54.469
2026-09-20 15:02:32,SDSI414,0201,Instructor: TBA,40,40,0,2026-09-20 15:18:54,2026-09-20 15:18:54.469
2026-09-20 15:02:32,SDSI414,0202,Instructor: TBA,40,40,0,2026-09-20 15:18:54,2026-09-20 15:18:54.469
2026-09-20 15:02:32,SDSI492,0101,Instructor: TBA,29,29,0,2026-09-20 15:18:54,2026-09-20 15:18:54.773
2026-09-20 15:02:32,SDSI492,0102,Instructor: TBA,50,50,0,2026-09-20 15:18:54,2026-09-20 15:18:54.773
2026-09-20 15:02:32,SDSI492,0103,Instructor: TBA,50,50,0,2026-09-20 15:18:54,2026-09-20 15:18:54.773
2026-09-20 15:02:32,SDSI492,0104,Instructor: TBA,40,40,0,2026-09-20 15:18:54,2026-09-20 15:18:54.773
2026-09-20 15:02:32,SDSI492,0105,Instructor: TBA,50,50,0,2026-09-20 15:18:54,2026-09-20 15:18:54.773
2026-09-20 15:02:32,SDSI492,0107,Instructor: TBA,50,50,0,2026-09-20 15:18:54,2026-09-20 15:18:54.774
2026-09-20 15:02:32,SDSI492,0108,Instructor: TBA,50,50,0,2026-09-20 15:18:54,2026-09-20 15:18:54.774
2026-09-20 15:02:32,SDSI492,0110,Instructor: TBA,50,50,0,2026-09-20 15:18:54,2026-09-20 15:18:54.774
2026-09-20 15:02:32,SDSI492,ESG1,Stacy Surla,50,50,0,2026-09-20 15:18:54,2026-09-20 15:18:54.774
2026-09-20 15:02:32,SLLC286,0101,Andrew Schonebaum,60,60,0,2026-09-20 15:18:57,2026-09-20 15:18:57.843
2026-09-20 15:02:32,SLLC287,0101,Sean Pue,20,20,0,2026-09-20 15:18:58,2026-09-20 15:18:58.104
2026-09-20 15:02:32,SLLC305,0101,Nahal Akbari-Saneh,25,25,0,2026-09-20 15:18:58,2026-09-20 15:18:58.395
2026-09-20 15:02:32,SLLC309,0101,Ahmed Hanafy,10,10,0,2026-09-20 15:18:58,2026-09-20 15:18:58.674
2026-09-20 15:02:32,SLLC309,0102,Ahmed Hanafy,10,10,0,2026-09-20 15:18:58,2026-09-20 15:18:58.674
2026-09-20 15:02:32,SLLC309,0103,Ahmed Hanafy,10,10,0,2026-09-20 15:18:58,2026-09-20 15:18:58.674
2026-09-20 15:02:32,SLLC309,0104,Ahmed Hanafy,10,10,0,2026-09-20 15:18:58,2026-09-20 15:18:58.674
2026-09-20 15:02:32,SLLC309,0105,Ahmed Hanafy,10,10,0,2026-09-20 15:18:58,2026-09-20 15:18:58.674
2026-09-20 15:02:32,SLLC309,0106,Ahmed Hanafy,10,10,0,2026-09-20 15:18:58,2026-09-20 15:18:58.674
2026-09-20 15:02:32,SLLC309,0107,Ahmed Hanafy,10,10,0,2026-09-20 15:18:58,2026-09-20 15:18:58.674
2026-09-20 15:02:32,SLLC309,0108,Ahmed Hanafy,10,10,0,2026-09-20 15:18:58,2026-09-20 15:18:58.674
2026-09-20 15:02:32,SLLC309,0109,Ahmed Hanafy,10,10,0,2026-09-20 15:18:58,2026-09-20 15:18:58.675
2026-09-20 15:02:32,SLLC309,0110,Ahmed Hanafy,10,10,0,2026-09-20 15:18:58,2026-09-20 15:18:58.675
2026-09-20 15:02:32,SLLC309,0111,Ahmed Hanafy,10,10,0,2026-09-20 15:18:58,2026-09-20 15:18:58.675
2026-09-20 15:02:32,SLLC329,0101,Marilyn Matar,10,10,0,2026-09-20 15:18:58,2026-09-20 15:18:58.953
2026-09-20 15:02:32,SLLC329,0102,Marilyn Matar,10,10,0,2026-09-20 15:18:58,2026-09-20 15:18:58.953
2026-09-20 15:02:32,SLLC329,0103,Marilyn Matar,20,20,0,2026-09-20 15:18:58,2026-09-20 15:18:58.953
2026-09-20 15:02:32,SLLC329,0104,Marilyn Matar,10,10,0,2026-09-20 15:18:58,2026-09-20 15:18:58.953
2026-09-20 15:02:32,SLLC329,0105,Marilyn Matar,10,10,0,2026-09-20 15:18:58,2026-09-20 15:18:58.953
2026-09-20 15:02:32,SLLC329,0106,Marilyn Matar,10,10,0,2026-09-20 15:18:58,2026-09-20 15:18:58.953
2026-09-20 15:02:32,SLLC329,0107,Marilyn Matar,10,10,0,2026-09-20 15:18:58,2026-09-20 15:18:58.953
2026-09-20 15:02:32,SLLC329,0108,Marilyn Matar,10,10,0,2026-09-20 15:18:58,2026-09-20 15:18:58.954
2026-09-20 15:02:32,SLLC329,0109,Marilyn Matar,10,10,0,2026-09-20 15:18:58,2026-09-20 15:18:58.954
2026-09-20 15:02:32,SLLC329,0110,Marilyn Matar,20,20,0,2026-09-20 15:18:58,2026-09-20 15:18:58.954
2026-09-20 15:02:32,SMLP471,0101,Jennifer Hsin,60,60,0,2026-09-20 15:19:00,2026-09-20 15:19:00.625
2026-09-20 15:02:32,SMLP474,0101,Sara Herald,60,60,0,2026-09-20 15:19:01,2026-09-20 15:19:01.213
2026-09-20 15:02:32,SPHL100,0101,Shuling Wu,20,20,0,2026-09-20 15:19:27,2026-09-20 15:19:28.009
2026-09-20 15:02:32,SPHL100,0102,Shuling Wu,20,20,0,2026-09-20 15:19:27,2026-09-20 15:19:28.009
2026-09-20 15:02:32,SPHL100,0103,Shuling Wu,20,20,0,2026-09-20 15:19:27,2026-09-20 15:19:28.009
2026-09-20 15:02:32,SPHL100,0104,Shuling Wu,20,20,0,2026-09-20 15:19:27,2026-09-20 15:19:28.009
2026-09-20 15:02:32,SPHL100,0105,Shuling Wu,20,20,0,2026-09-20 15:19:27,2026-09-20 15:19:28.010
2026-09-20 15:02:32,SPHL100,0106,Shuling Wu,20,20,0,2026-09-20 15:19:27,2026-09-20 15:19:28.010
2026-09-20 15:02:32,SPHL100,0107,Shuling Wu,20,20,0,2026-09-20 15:19:27,2026-09-20 15:19:28.010
2026-09-20 15:02:32,SPHL100,0108,Shuling Wu,20,20,0,2026-09-20 15:19:27,2026-09-20 15:19:28.010
2026-09-20 15:02:32,SPHL100,0109,Shuling Wu,20,20,0,2026-09-20 15:19:27,2026-09-20 15:19:28.010
2026-09-20 15:02:32,SPHL100,0110,Shuling Wu,20,20,0,2026-09-20 15:19:27,2026-09-20 15:19:28.010
2026-09-20 15:02:32,SPHL100,0201,Shuling Wu,20,20,0,2026-09-20 15:19:27,2026-09-20 15:19:28.010
2026-09-20 15:02:32,SPHL100,0202,Shuling Wu,20,20,0,2026-09-20 15:19:27,2026-09-20 15:19:28.010
2026-09-20 15:02:32,SPHL100,0203,Shuling Wu,20,20,0,2026-09-20 15:19:27,2026-09-20 15:19:28.010
2026-09-20 15:02:32,SPHL100,0204,Shuling Wu,20,20,0,2026-09-20 15:19:27,2026-09-20 15:19:28.010
2026-09-20 15:02:32,SPHL100,0205,Shuling Wu,20,20,0,2026-09-20 15:19:27,2026-09-20 15:19:28.011
2026-09-20 15:02:32,SPHL100,0206,Shuling Wu,20,20,0,2026-09-20 15:19:27,2026-09-20 15:19:28.011
2026-09-20 15:02:32,SPHL100,0207,Shuling Wu,20,20,0,2026-09-20 15:19:27,2026-09-20 15:19:28.011
2026-09-20 15:02:32,SPHL100,0208,Shuling Wu,20,20,0,2026-09-20 15:19:27,2026-09-20 15:19:28.011
2026-09-20 15:02:32,SPHL246,0101,April Khaing,20,20,0,2026-09-20 15:19:28,2026-09-20 15:19:28.300
2026-09-20 15:02:32,SPHL276,0101,Dina Borzekowski,25,25,0,2026-09-20 15:19:28,2026-09-20 15:19:28.574
2026-09-20 15:02:32,SPHL321,0101,Sylvette La Touche-Howard,15,15,0,2026-09-20 15:19:28,2026-09-20 15:19:28.839
2026-09-20 15:02:32,SPHL333,0101,Cynthia Kershaw,75,75,0,2026-09-20 15:19:29,2026-09-20 15:19:29.123
2026-09-20 15:02:32,SPHL478,0101,Tracy Zeeger,10,10,0,2026-09-20 15:19:29,2026-09-20 15:19:29.693
2026-09-20 15:02:32,SPHL600,0101,Sylvette La Touche-Howard,8,8,0,2026-09-20 15:19:29,2026-09-20 15:19:29.953
2026-09-20 15:02:32,SPHL610,0101,Danielle Catona,22,22,0,2026-09-20 15:19:30,2026-09-20 15:19:30.209
2026-09-20 15:02:32,SPHL610,0102,Danielle Catona,22,22,0,2026-09-20 15:19:30,2026-09-20 15:19:30.210
2026-09-20 15:02:32,SPHL610,0103,Danielle Catona,22,22,0,2026-09-20 15:19:30,2026-09-20 15:19:30.210
2026-09-20 15:02:32,SPHL610,PLB1,Priscilla Novak,20,20,0,2026-09-20 15:19:30,2026-09-20 15:19:30.210
2026-09-20 15:02:32,SPHL610,PLH1,Priscilla Novak,28,28,0,2026-09-20 15:19:30,2026-09-20 15:19:30.210
2026-09-20 15:02:32,SPHL610,PLK1,Priscilla Novak,5,5,0,2026-09-20 15:19:30,2026-09-20 15:19:30.210
2026-09-20 15:02:32,SPHL611,0101,Danielle Catona,45,45,0,2026-09-20 15:19:30,2026-09-20 15:19:30.480
2026-09-20 15:02:32,SPHL611,0201,Danielle Catona,45,45,0,2026-09-20 15:19:30,2026-09-20 15:19:30.480
2026-09-20 15:02:32,SPHL611,PLB1,Evelyn King-Marshall,20,20,0,2026-09-20 15:19:30,2026-09-20 15:19:30.480
2026-09-20 15:02:32,SPHL611,PLH1,Evelyn King-Marshall,28,28,0,2026-09-20 15:19:30,2026-09-20 15:19:30.480
2026-09-20 15:02:32,SPHL611,PLK1,Evelyn King-Marshall,5,5,0,2026-09-20 15:19:30,2026-09-20 15:19:30.480
2026-09-20 15:02:32,SPHL612,0101,James Hagberg,15,15,0,2026-09-20 15:19:30,2026-09-20 15:19:30.770
2026-09-20 15:02:32,TLTC310,0101,Sarah Kistner,20,20,0,2026-09-20 15:19:58,2026-09-20 15:19:58.312
2026-09-20 15:02:32,TLTC333,0101,Mona Thompson,55,55,0,2026-09-20 15:19:58,2026-09-20 15:19:58.567
2026-09-20 15:02:32,TLTC333,0102,Mona Thompson,55,55,0,2026-09-20 15:19:58,2026-09-20 15:19:58.567
2026-09-20 15:02:32,TLTC333,0105,Mona Thompson,55,55,0,2026-09-20 15:19:58,2026-09-20 15:19:58.567
2026-09-20 15:02:32,URSP372,0101,Priscila Alves,20,20,0,2026-09-20 15:20:06,2026-09-20 15:20:06.599
2026-09-20 15:02:32,URSP600,0101,Kevin Nelson,25,25,0,2026-09-20 15:20:06,2026-09-20 15:20:06.854
2026-09-20 15:02:32,URSP603,0101,Dawn Jourdan,33,33,0,2026-09-20 15:20:07,2026-09-20 15:20:07.129
2026-09-20 15:02:32,URSP606,0101,Chengri Ding,15,15,0,2026-09-20 15:20:07,2026-09-20 15:20:07.378
2026-09-20 15:02:32,URSP631,0101,Hiroyuki Iseki,15,15,0,2026-09-20 15:20:07,2026-09-20 15:20:07.667
2026-09-20 15:02:32,URSP668B,0101,Eric Burnstein,20,20,0,2026-09-20 15:20:07,2026-09-20 15:20:07.918
2026-09-20 15:02:32,URSP673,0101,Riem ElZoghbi,25,25,0,2026-09-20 15:20:08,2026-09-20 15:20:08.267
2026-09-20 15:02:32,URSP688M,0101,Andrew Bernish,20,20,0,2026-09-20 15:20:08,2026-09-20 15:20:08.515
2026-09-20 15:02:32,URSP688P,0101,Sonja Ewing,15,15,0,2026-09-20 15:20:08,2026-09-20 15:20:08.829
2026-09-20 15:02:32,URSP688Y,0101,Chester Harvey,30,30,0,2026-09-20 15:20:09,2026-09-20 15:20:09.138
2026-09-20 15:02:32,URSP708,0101,Nicholas Finio,10,10,0,2026-09-20 15:20:09,2026-09-20 15:20:09.432
2026-09-20 15:02:32,URSP709,0101,Casey Dawkins,10,10,0,2026-09-20 15:20:09,2026-09-20 15:20:09.688
2026-09-20 15:02:32,URSP805,0101,Casey Dawkins,15,15,0,2026-09-20 15:20:10,2026-09-20 15:20:10.813
2026-09-20 15:02:32,USLT202,0101,Robert Chester,26,26,0,2026-09-20 15:20:12,2026-09-20 15:20:12.910
2026-09-20 15:02:32,USLT403,0101,Perla Guerrero,20,20,0,2026-09-20 15:20:13,2026-09-20 15:20:13.174
2026-09-20 15:02:32,USLT420,0101,Robert Chester,27,27,0,2026-09-20 15:20:13,2026-09-20 15:20:13.448
2026-09-20 15:02:32,USLT488,0101,Nancy Mirabal,30,30,0,2026-09-20 15:20:13,2026-09-20 15:20:13.715
2026-09-20 15:02:32,USLT498L,0101,Fernando Rios,12,12,0,2026-09-20 15:20:13,2026-09-20 15:20:13.963
2026-09-20 15:02:32,VIPS208,0102,Ken Kiger,10,10,0,2026-09-20 15:20:15,2026-09-20 15:20:15.497
2026-09-20 15:02:32,VIPS208,0103,Bryan Quinn,10,10,0,2026-09-20 15:20:15,2026-09-20 15:20:15.497
2026-09-20 15:02:32,VIPS208,0104,Ryan Sochol,10,10,0,2026-09-20 15:20:15,2026-09-20 15:20:15.498
2026-09-20 15:02:32,VIPS208,0105,Molly Carton,10,10,0,2026-09-20 15:20:15,2026-09-20 15:20:15.498
2026-09-20 15:02:32,VIPS208,0106,James Baeder,11,11,0,2026-09-20 15:20:15,2026-09-20 15:20:15.498
2026-09-20 15:02:32,VIPS208,0107,Catherine Spirito,10,10,0,2026-09-20 15:20:15,2026-09-20 15:20:15.498
2026-09-20 15:02:32,VIPS208,0108,Ronald Yaros,10,10,0,2026-09-20 15:20:15,2026-09-20 15:20:15.498
2026-09-20 15:02:32,VIPS208,0109,Carinna Ferguson,10,10,0,2026-09-20 15:20:15,2026-09-20 15:20:15.498
2026-09-20 15:02:32,VIPS208,0110,Tracy Riggins,10,10,0,2026-09-20 15:20:15,2026-09-20 15:20:15.498
2026-09-20 15:02:32,VIPS208,0111,Kevin Calabro,10,10,0,2026-09-20 15:20:15,2026-09-20 15:20:15.498
2026-09-20 15:02:32,VIPS208,0112,Raffaele Viglianti,10,10,0,2026-09-20 15:20:15,2026-09-20 15:20:15.498
2026-09-20 15:02:32,VIPS208,0113,Shabnam Jabeen,10,10,0,2026-09-20 15:20:15,2026-09-20 15:20:15.499
2026-09-20 15:02:32,VIPS208,0114,Ning Zeng,10,10,0,2026-09-20 15:20:15,2026-09-20 15:20:15.499
2026-09-20 15:02:32,VIPS208,0115,Veronica Kang,10,10,0,2026-09-20 15:20:15,2026-09-20 15:20:15.499
2026-09-20 15:02:32,VIPS208,0116,David Stewart,10,10,0,2026-09-20 15:20:15,2026-09-20 15:20:15.499
2026-09-20 15:02:32,VIPS208,0117,Meredith Epstein,10,10,0,2026-09-20 15:20:15,2026-09-20 15:20:15.499
2026-09-20 15:02:32,VIPS208,0118,Magaly Toro Ibaceta,10,10,0,2026-09-20 15:20:15,2026-09-20 15:20:15.499
2026-09-20 15:02:32,VIPS208,0120,Marisa Parham,10,10,0,2026-09-20 15:20:15,2026-09-20 15:20:15.499
2026-09-20 15:02:32,VIPS208,0121,Becky Epanchin-Niell,10,10,0,2026-09-20 15:20:15,2026-09-20 15:20:15.499
2026-09-20 15:02:32,VIPS208,0122,Timothy Reedy,10,10,0,2026-09-20 15:20:15,2026-09-20 15:20:15.499
2026-09-20 15:02:32,VIPS208,0123,Lingnan Lin,10,10,0,2026-09-20 15:20:15,2026-09-20 15:20:15.499
2026-09-20 15:02:32,VIPS208,0124,Jeffrey Moro,10,10,0,2026-09-20 15:20:15,2026-09-20 15:20:15.500
2026-09-20 15:02:32,VIPS208,0125,Peter Sunderland,10,10,0,2026-09-20 15:20:15,2026-09-20 15:20:15.500
2026-09-20 15:02:32,VIPS208,0126,Brienna Anderson,10,10,0,2026-09-20 15:20:15,2026-09-20 15:20:15.500
2026-09-20 15:02:32,VIPS308,0102,Ken Kiger,10,10,0,2026-09-20 15:20:15,2026-09-20 15:20:15.813
2026-09-20 15:02:32,VIPS308,0103,Bryan Quinn,13,13,0,2026-09-20 15:20:15,2026-09-20 15:20:15.813
2026-09-20 15:02:32,VIPS308,0104,Ryan Sochol,10,10,0,2026-09-20 15:20:15,2026-09-20 15:20:15.813
2026-09-20 15:02:32,VIPS308,0105,Molly Carton,10,10,0,2026-09-20 15:20:15,2026-09-20 15:20:15.813
2026-09-20 15:02:32,VIPS308,0106,James Baeder,10,10,0,2026-09-20 15:20:15,2026-09-20 15:20:15.813
2026-09-20 15:02:32,VIPS308,0107,Catherine Spirito,10,10,0,2026-09-20 15:20:15,2026-09-20 15:20:15.813
2026-09-20 15:02:32,VIPS308,0108,Ronald Yaros,10,10,0,2026-09-20 15:20:15,2026-09-20 15:20:15.814
2026-09-20 15:02:32,VIPS308,0109,Carinna Ferguson,10,10,0,2026-09-20 15:20:15,2026-09-20 15:20:15.814
2026-09-20 15:02:32,VIPS308,0110,Tracy Riggins,10,10,0,2026-09-20 15:20:15,2026-09-20 15:20:15.814
2026-09-20 15:02:32,VIPS308,0111,Kevin Calabro,10,10,0,2026-09-20 15:20:15,2026-09-20 15:20:15.814
2026-09-20 15:02:32,VIPS308,0112,Raffaele Viglianti,10,10,0,2026-09-20 15:20:15,2026-09-20 15:20:15.814
2026-09-20 15:02:32,VIPS308,0113,Shabnam Jabeen,10,10,0,2026-09-20 15:20:15,2026-09-20 15:20:15.814
2026-09-20 15:02:32,VIPS308,0114,Ning Zeng,10,10,0,2026-09-20 15:20:15,2026-09-20 15:20:15.814
2026-09-20 15:02:32,VIPS308,0115,Veronica Kang,10,10,0,2026-09-20 15:20:15,2026-09-20 15:20:15.814
2026-09-20 15:02:32,VIPS308,0116,David Stewart,10,10,0,2026-09-20 15:20:15,2026-09-20 15:20:15.815
2026-09-20 15:02:32,VIPS308,0117,Meredith Epstein,10,10,0,2026-09-20 15:20:15,2026-09-20 15:20:15.815
2026-09-20 15:02:32,VIPS308,0118,Magaly Toro Ibaceta,10,10,0,2026-09-20 15:20:15,2026-09-20 15:20:15.815
2026-09-20 15:02:32,VIPS308,0120,Marisa Parham,10,10,0,2026-09-20 15:20:15,2026-09-20 15:20:15.815
2026-09-20 15:02:32,VIPS308,0121,Becky Epanchin-Niell,10,10,0,2026-09-20 15:20:15,2026-09-20 15:20:15.815
2026-09-20 15:02:32,VIPS308,0122,Timothy Reedy,10,10,0,2026-09-20 15:20:15,2026-09-20 15:20:15.815
2026-09-20 15:02:32,VIPS308,0123,Lingnan Lin,10,10,0,2026-09-20 15:20:15,2026-09-20 15:20:15.815
2026-09-20 15:02:32,VIPS308,0124,Jeffrey Moro,10,10,0,2026-09-20 15:20:15,2026-09-20 15:20:15.815
2026-09-20 15:02:32,VIPS308,0125,Peter Sunderland,10,10,0,2026-09-20 15:20:15,2026-09-20 15:20:15.815
2026-09-20 15:02:32,VIPS308,0126,Brienna Anderson,10,10,0,2026-09-20 15:20:15,2026-09-20 15:20:15.816
2026-09-20 15:02:32,VIPS408,0102,Ken Kiger,10,10,0,2026-09-20 15:20:16,2026-09-20 15:20:16.120
2026-09-20 15:02:32,VIPS408,0103,Bryan Quinn,10,10,0,2026-09-20 15:20:16,2026-09-20 15:20:16.120
2026-09-20 15:02:32,VIPS408,0104,Ryan Sochol,10,10,0,2026-09-20 15:20:16,2026-09-20 15:20:16.120
2026-09-20 15:02:32,VIPS408,0105,Molly Carton,10,10,0,2026-09-20 15:20:16,2026-09-20 15:20:16.120
2026-09-20 15:02:32,VIPS408,0106,James Baeder,10,10,0,2026-09-20 15:20:16,2026-09-20 15:20:16.120
2026-09-20 15:02:32,VIPS408,0107,Catherine Spirito,10,10,0,2026-09-20 15:20:16,2026-09-20 15:20:16.121
2026-09-20 15:02:32,VIPS408,0108,Ronald Yaros,10,10,0,2026-09-20 15:20:16,2026-09-20 15:20:16.121
2026-09-20 15:02:32,VIPS408,0109,Carinna Ferguson,10,10,0,2026-09-20 15:20:16,2026-09-20 15:20:16.121
2026-09-20 15:02:32,VIPS408,0110,Tracy Riggins,10,10,0,2026-09-20 15:20:16,2026-09-20 15:20:16.121
2026-09-20 15:02:32,VIPS408,0111,Kevin Calabro,10,10,0,2026-09-20 15:20:16,2026-09-20 15:20:16.121
2026-09-20 15:02:32,VIPS408,0112,Raffaele Viglianti,10,10,0,2026-09-20 15:20:16,2026-09-20 15:20:16.121
2026-09-20 15:02:32,VIPS408,0113,Shabnam Jabeen,10,10,0,2026-09-20 15:20:16,2026-09-20 15:20:16.121
2026-09-20 15:02:32,VIPS408,0114,Ning Zeng,10,10,0,2026-09-20 15:20:16,2026-09-20 15:20:16.121
2026-09-20 15:02:32,VIPS408,0115,Veronica Kang,10,10,0,2026-09-20 15:20:16,2026-09-20 15:20:16.122
2026-09-20 15:02:32,VIPS408,0116,David Stewart,10,10,0,2026-09-20 15:20:16,2026-09-20 15:20:16.122
2026-09-20 15:02:32,VIPS408,0117,Meredith Epstein,10,10,0,2026-09-20 15:20:16,2026-09-20 15:20:16.122
2026-09-20 15:02:32,VIPS408,0118,Magaly Toro Ibaceta,10,10,0,2026-09-20 15:20:16,2026-09-20 15:20:16.122
2026-09-20 15:02:32,VIPS408,0120,Marisa Parham,10,10,0,2026-09-20 15:20:16,2026-09-20 15:20:16.122
2026-09-20 15:02:32,VIPS408,0121,Becky Epanchin-Niell,10,10,0,2026-09-20 15:20:16,2026-09-20 15:20:16.122
2026-09-20 15:02:32,VIPS408,0122,Timothy Reedy,10,10,0,2026-09-20 15:20:16,2026-09-20 15:20:16.122
2026-09-20 15:02:32,VIPS408,0123,Lingnan Lin,10,10,0,2026-09-20 15:20:16,2026-09-20 15:20:16.122
2026-09-20 15:02:32,VIPS408,0124,Jeffrey Moro,10,10,0,2026-09-20 15:20:16,2026-09-20 15:20:16.122
2026-09-20 15:02:32,VIPS408,0125,Peter Sunderland,10,10,0,2026-09-20 15:20:16,2026-09-20 15:20:16.123
2026-09-20 15:02:32,VIPS408,0126,Brienna Anderson,10,10,0,2026-09-20 15:20:16,2026-09-20 15:20:16.123
2026-09-20 15:02:32,WEID139N,0101,Denise Joseph,60,60,0,2026-09-20 15:20:19,2026-09-20 15:20:19.355
2026-09-20 15:02:32,WEID139T,0201,Taylor Togafau-Lewis,45,45,0,2026-09-20 15:20:19,2026-09-20 15:20:19.604
2026-09-20 15:02:32,WGSS105,0101,Jessica Mathiason,30,30,0,2026-09-20 15:20:21,2026-09-20 15:20:21.169
2026-09-20 15:02:32,WGSS105,0102,Jessica Mathiason,30,30,0,2026-09-20 15:20:21,2026-09-20 15:20:21.170
2026-09-20 15:02:32,WGSS105,0103,Jessica Mathiason,30,30,0,2026-09-20 15:20:21,2026-09-20 15:20:21.170
2026-09-20 15:02:32,WGSS105,0104,Jessica Mathiason,30,30,0,2026-09-20 15:20:21,2026-09-20 15:20:21.170
2026-09-20 15:02:32,WGSS115,0101,Alexis Lothian,25,25,0,2026-09-20 15:20:21,2026-09-20 15:20:21.429
2026-09-20 15:02:32,WGSS115,0102,Alexis Lothian,25,25,0,2026-09-20 15:20:21,2026-09-20 15:20:21.429
2026-09-20 15:02:32,WGSS201,0101,Sayan Bhattacharya,25,25,0,2026-09-20 15:20:21,2026-09-20 15:20:21.702
2026-09-20 15:02:32,WGSS201,0102,Sayan Bhattacharya,25,25,0,2026-09-20 15:20:21,2026-09-20 15:20:21.702
2026-09-20 15:02:32,WGSS205,0101,Shelbi Meissner,21,21,0,2026-09-20 15:20:21,2026-09-20 15:20:21.963
2026-09-20 15:02:32,WGSS205,0201,Shelbi Meissner,21,21,0,2026-09-20 15:20:21,2026-09-20 15:20:21.963
2026-09-20 15:02:32,WGSS230,0101,Daniel Richter,20,20,0,2026-09-20 15:20:22,2026-09-20 15:20:22.237
2026-09-20 15:02:32,WGSS250,0101,Lidia Garcia Berrelleza,25,25,0,2026-09-20 15:20:22,2026-09-20 15:20:22.524
2026-09-20 15:02:32,WGSS250,0201,Shameem Razack,25,25,0,2026-09-20 15:20:22,2026-09-20 15:20:22.524
2026-09-20 15:02:32,WGSS255,0101,Instructor: TBA,30,30,0,2026-09-20 15:20:22,2026-09-20 15:20:22.787
2026-09-20 15:02:32,WGSS265,0101,Ashley Newby,40,40,0,2026-09-20 15:20:23,2026-09-20 15:20:23.071
2026-09-20 15:02:32,WGSS275,0101,Instructor: TBA,30,30,0,2026-09-20 15:20:23,2026-09-20 15:20:23.328
2026-09-20 15:02:32,WGSS280,0101,Jessica Mathiason,52,52,0,2026-09-20 15:20:23,2026-09-20 15:20:23.584
2026-09-20 15:02:32,WGSS290,0101,Jessica Mathiason,30,30,0,2026-09-20 15:20:23,2026-09-20 15:20:23.851
2026-09-20 15:02:32,WGSS290,0201,Sydney Lewis,31,31,0,2026-09-20 15:20:23,2026-09-20 15:20:23.851
2026-09-20 15:02:32,WGSS298C,0101,Will Mosley,35,35,0,2026-09-20 15:20:24,2026-09-20 15:20:24.092
2026-09-20 15:02:32,WGSS298S,0101,Jordan Keesler,25,25,0,2026-09-20 15:20:24,2026-09-20 15:20:24.431
2026-09-20 15:02:32,WGSS302,0101,Will Mosley,25,25,0,2026-09-20 15:20:24,2026-09-20 15:20:24.715
2026-09-20 15:02:32,WGSS306,0101,Sydney Lewis,30,30,0,2026-09-20 15:20:24,2026-09-20 15:20:24.973
2026-09-20 15:02:32,WGSS310,0101,Sayan Bhattacharya,25,25,0,2026-09-20 15:20:25,2026-09-20 15:20:25.218
2026-09-20 15:02:32,WGSS319F,0101,Alexis Lothian,30,30,0,2026-09-20 15:20:25,2026-09-20 15:20:25.501
2026-09-20 15:02:32,WGSS379U,0101,John Drabinski,25,25,0,2026-09-20 15:20:25,2026-09-20 15:20:25.755
2026-09-20 15:02:32,WGSS422,0101,Jennifer Cho,18,18,0,2026-09-20 15:20:26,2026-09-20 15:20:26.071
2026-09-20 15:02:32,WGSS471,0101,Instructor: TBA,25,25,0,2026-09-20 15:20:26,2026-09-20 15:20:26.383
2026-09-20 15:02:32,WGSS471,0201,Instructor: TBA,45,45,0,2026-09-20 15:20:26,2026-09-20 15:20:26.383
2026-09-20 15:02:32,WGSS475,0101,Sydney Lewis,20,20,0,2026-09-20 15:20:26,2026-09-20 15:20:26.634
2026-09-20 15:02:32,WGSS487,0101,Eva Hageman,15,15,0,2026-09-20 15:20:26,2026-09-20 15:20:26.893
2026-09-20 15:02:32,WGSS487H,0101,Eva Hageman,5,5,0,2026-09-20 15:20:27,2026-09-20 15:20:27.165
2026-09-20 15:02:32,WGSS602,0101,Shelbi Meissner,12,12,0,2026-09-20 15:20:28,2026-09-20 15:20:28.231
2026-09-20 15:02:32,WGSS708,0101,Alexis Lothian,10,10,0,2026-09-20 15:20:29,2026-09-20 15:20:29.024
2026-09-20 15:02:32,XPER455,0101,TJ Rainsford,25,25,0,2026-09-20 15:20:31,2026-09-20 15:20:31.318
