Timestamp,Course,Section,Instructor,Total_Seats,Open_Seats,Waitlist,Fetch_Time,Actual_Log_Time
2026-10-07 05:13:50,AAAS100,0101,Shane Walsh,35,35,0,2026-10-07 05:13:53,2026-10-07 05:13:53.476
2026-10-07 05:13:50,AAAS100,0201,Shane Walsh,35,35,0,2026-10-07 05:13:53,2026-10-07 05:13:53.476
2026-10-07 05:13:50,AAAS100,0301,George Kintiba,30,30,0,2026-10-07 05:13:53,2026-10-07 05:13:53.476
2026-10-07 05:13:50,AAAS100,0401,Beka Guluma,35,35,0,2026-10-07 05:13:53,2026-10-07 05:13:53.476
2026-10-07 05:13:50,AAAS100,0501,Jason Nichols,33,33,0,2026-10-07 05:13:53,2026-10-07 05:13:53.476
2026-10-07 05:13:50,AAAS100,0601,Jason Nichols,35,35,0,2026-10-07 05:13:53,2026-10-07 05:13:53.477
2026-10-07 05:13:50,AAAS100H,0301,George Kintiba,5,5,0,2026-10-07 05:13:53,2026-10-07 05:13:53.872
2026-10-07 05:13:50,AAAS101,0101,Periloux Peay,40,40,0,2026-10-07 05:13:54,2026-10-07 05:13:54.283
2026-10-07 05:13:50,AAAS187,0101,Robert Choflet,30,30,0,2026-10-07 05:13:54,2026-10-07 05:13:54.935
2026-10-07 05:13:50,AAAS200,0101,George Kintiba,40,40,0,2026-10-07 05:13:55,2026-10-07 05:13:55.548
2026-10-07 05:13:50,AAAS202,0101,Robert Choflet,30,30,0,2026-10-07 05:13:56,2026-10-07 05:13:56.358
2026-10-07 05:13:50,AAAS202,0201,Angelica Dunbar,35,35,0,2026-10-07 05:13:56,2026-10-07 05:13:56.358
2026-10-07 05:13:50,AAAS202,0301,Angelica Dunbar,35,35,0,2026-10-07 05:13:56,2026-10-07 05:13:56.358
2026-10-07 05:13:50,AAAS202,0401,Robert Choflet,35,35,0,2026-10-07 05:13:56,2026-10-07 05:13:56.358
2026-10-07 05:13:50,AAAS202H,0101,Robert Choflet,5,5,0,2026-10-07 05:13:56,2026-10-07 05:13:56.982
2026-10-07 05:13:50,AAAS211,0101,Shane Walsh,120,120,0,2026-10-07 05:13:57,2026-10-07 05:13:57.386
2026-10-07 05:13:50,AAAS234,0101,Instructor: TBA,30,30,0,2026-10-07 05:13:57,2026-10-07 05:13:57.783
2026-10-07 05:13:50,AAAS255,0101,Leigh Soares,40,40,0,2026-10-07 05:13:58,2026-10-07 05:13:58.406
2026-10-07 05:13:50,AAAS265,0101,Ashley Newby,40,40,0,2026-10-07 05:13:59,2026-10-07 05:13:59.023
2026-10-07 05:13:50,AAAS320,0101,Cecily Jackson,25,25,0,2026-10-07 05:13:59,2026-10-07 05:13:59.658
2026-10-07 05:13:50,AAAS320,0201,Cecily Jackson,25,25,0,2026-10-07 05:13:59,2026-10-07 05:13:59.658
2026-10-07 05:13:50,AAAS386,0101,Marshal Washington,10,10,0,2026-10-07 05:14:00,2026-10-07 05:14:00.194
2026-10-07 05:13:50,AAAS398G,0101,Chinyere Osuji,20,20,0,2026-10-07 05:14:00,2026-10-07 05:14:00.594
2026-10-07 05:13:50,AAAS398U,0101,John Drabinski,25,25,0,2026-10-07 05:14:01,2026-10-07 05:14:01.392
2026-10-07 05:13:50,AAAS400,0101,George Kintiba,20,20,0,2026-10-07 05:14:02,2026-10-07 05:14:02.104
2026-10-07 05:13:50,AAAS400H,0101,George Kintiba,5,5,0,2026-10-07 05:14:02,2026-10-07 05:14:02.548
2026-10-07 05:13:50,AAAS490,0101,Paul Landau,18,18,0,2026-10-07 05:14:03,2026-10-07 05:14:03.196
2026-10-07 05:13:50,AAAS498X,0101,Terrill Taylor,36,36,0,2026-10-07 05:14:03,2026-10-07 05:14:03.642
2026-10-07 05:13:50,AAST200,0101,Jennifer Cho,34,34,0,2026-10-07 05:14:05,2026-10-07 05:14:05.535
2026-10-07 05:13:50,AAST201,0101,Madeline Hsu,40,40,0,2026-10-07 05:14:05,2026-10-07 05:14:05.929
2026-10-07 05:13:50,AAST250,0101,Jennifer Cho,30,30,0,2026-10-07 05:14:06,2026-10-07 05:14:06.329
2026-10-07 05:13:50,AAST262,0101,Derek Iwamoto,54,54,0,2026-10-07 05:14:06,2026-10-07 05:14:06.964
2026-10-07 05:13:50,AAST322,0101,Julie Park,30,30,0,2026-10-07 05:14:07,2026-10-07 05:14:07.608
2026-10-07 05:13:50,AAST350,0101,Binod Paudyal,25,25,0,2026-10-07 05:14:07,2026-10-07 05:14:08.001
2026-10-07 05:13:50,AAST351,0101,Binod Paudyal,34,34,0,2026-10-07 05:14:08,2026-10-07 05:14:08.392
2026-10-07 05:13:50,AAST363,0101,Gemirald Daus,35,35,0,2026-10-07 05:14:08,2026-10-07 05:14:08.785
2026-10-07 05:13:50,AAST378,0101,Janelle Wong,2,2,0,2026-10-07 05:14:09,2026-10-07 05:14:09.182
2026-10-07 05:13:50,AAST394,0101,Wenxi Yang,25,25,0,2026-10-07 05:14:09,2026-10-07 05:14:09.989
2026-10-07 05:13:50,AAST398A,0101,Michelle Magalong,20,20,0,2026-10-07 05:14:10,2026-10-07 05:14:10.384
2026-10-07 05:13:50,AAST398B,0101,Chris Eng,25,25,0,2026-10-07 05:14:10,2026-10-07 05:14:10.783
2026-10-07 05:13:50,AAST421,0101,Philip Nash,20,20,0,2026-10-07 05:14:11,2026-10-07 05:14:11.196
2026-10-07 05:13:50,AAST422,0101,Jennifer Cho,18,18,0,2026-10-07 05:14:11,2026-10-07 05:14:11.595
2026-10-07 05:13:50,AAST443,0101,Janelle Wong,27,27,0,2026-10-07 05:14:11,2026-10-07 05:14:11.992
2026-10-07 05:13:50,ABRM450,0101,Ashley Newby,10,10,0,2026-10-07 05:14:13,2026-10-07 05:14:13.702
2026-10-07 05:13:50,AGNR301,0101,Thomas Hilde,150,150,0,2026-10-07 05:14:15,2026-10-07 05:14:15.444
2026-10-07 05:13:50,AGNR388,0101,Instructor: TBA,20,20,0,2026-10-07 05:14:15,2026-10-07 05:14:15.851
2026-10-07 05:13:50,AIME498B,0101,Kevin McGarry,30,30,0,2026-10-07 05:14:19,2026-10-07 05:14:19.915
2026-10-07 05:13:50,ARAB101,0101,Samah Al-salami,15,15,0,2026-10-07 05:15:15,2026-10-07 05:15:15.694
2026-10-07 05:13:50,ARAB101,0201,Ahmed Hanafy,15,15,0,2026-10-07 05:15:15,2026-10-07 05:15:15.694
2026-10-07 05:13:50,ARAB102,0101,Samah Al-salami,15,15,0,2026-10-07 05:15:16,2026-10-07 05:15:16.088
2026-10-07 05:13:50,ARAB102,0201,Samah Al-salami,15,15,0,2026-10-07 05:15:16,2026-10-07 05:15:16.089
2026-10-07 05:13:50,ARAB201,0101,Lutf Alkebsi,15,15,0,2026-10-07 05:15:16,2026-10-07 05:15:16.494
2026-10-07 05:13:50,ARAB202,0101,Lutf Alkebsi,15,15,0,2026-10-07 05:15:16,2026-10-07 05:15:16.899
2026-10-07 05:13:50,ARAB202,0201,Lutf Alkebsi,15,15,0,2026-10-07 05:15:16,2026-10-07 05:15:16.899
2026-10-07 05:13:50,ARAB222,0101,Ahmed Hanafy,15,15,0,2026-10-07 05:15:17,2026-10-07 05:15:17.297
2026-10-07 05:13:50,ARAB250,0101,Anny Gaul,20,20,0,2026-10-07 05:15:17,2026-10-07 05:15:17.705
2026-10-07 05:13:50,ARAB302,0101,Ahmed Hanafy,15,15,0,2026-10-07 05:15:18,2026-10-07 05:15:18.110
2026-10-07 05:13:50,ARAB317,0101,Anny Gaul,15,15,0,2026-10-07 05:15:18,2026-10-07 05:15:18.505
2026-10-07 05:13:50,ARAB398W,0101,Lutf Alkebsi,15,15,0,2026-10-07 05:15:19,2026-10-07 05:15:19.295
2026-10-07 05:13:50,ARAB499X,0101,Samah Al-salami,15,15,0,2026-10-07 05:15:20,2026-10-07 05:15:20.089
2026-10-07 05:13:50,ARCH170,0101,Lindsey May,100,100,0,2026-10-07 05:15:22,2026-10-07 05:15:22.106
2026-10-07 05:13:50,ARCH200,0101,Michael Abrams,21,21,0,2026-10-07 05:15:22,2026-10-07 05:15:22.511
2026-10-07 05:13:50,ARCH200,0102,Michael Abrams,21,21,0,2026-10-07 05:15:22,2026-10-07 05:15:22.512
2026-10-07 05:13:50,ARCH200,0103,Michael Abrams,21,21,0,2026-10-07 05:15:22,2026-10-07 05:15:22.512
2026-10-07 05:13:50,ARCH200,0104,Michael Abrams,21,21,0,2026-10-07 05:15:22,2026-10-07 05:15:22.512
2026-10-07 05:13:50,ARCH200,0105,Michael Abrams,21,21,0,2026-10-07 05:15:22,2026-10-07 05:15:22.512
2026-10-07 05:13:50,ARCH200,0106,Michael Abrams,21,21,0,2026-10-07 05:15:22,2026-10-07 05:15:22.512
2026-10-07 05:13:50,ARCH225,0101,Joseph Williams,125,125,0,2026-10-07 05:15:22,2026-10-07 05:15:22.915
2026-10-07 05:13:50,ARCH271,0101,Wayne Ricardo Curtis,75,75,0,2026-10-07 05:15:23,2026-10-07 05:15:23.314
2026-10-07 05:13:50,ARCH271,0102,Wayne Ricardo Curtis,75,75,0,2026-10-07 05:15:23,2026-10-07 05:15:23.314
2026-10-07 05:13:50,ARCH386,0101,Kristen Stack,10,10,0,2026-10-07 05:15:23,2026-10-07 05:15:23.718
2026-10-07 05:13:50,ARCH400,0101,Kenneth Filler,75,75,0,2026-10-07 05:15:24,2026-10-07 05:15:24.129
2026-10-07 05:13:50,ARCH400,0201,Marcus Cross,60,60,0,2026-10-07 05:15:24,2026-10-07 05:15:24.129
2026-10-07 05:13:50,ARCH402,0101,Taejun James Kim,75,75,0,2026-10-07 05:15:24,2026-10-07 05:15:24.545
2026-10-07 05:13:50,ARCH405,0101,Brittany L Williams,14,14,0,2026-10-07 05:15:24,2026-10-07 05:15:24.937
2026-10-07 05:13:50,ARCH407,0101,Georgeanne Matthews,12,12,0,2026-10-07 05:15:25,2026-10-07 05:15:25.333
2026-10-07 05:13:50,ARCH408A,0101,Daniel Curry,5,5,0,2026-10-07 05:15:25,2026-10-07 05:15:25.751
2026-10-07 05:13:50,ARCH408C,0101,Edgar Alvarado,5,5,0,2026-10-07 05:15:26,2026-10-07 05:15:26.146
2026-10-07 05:13:50,ARCH418D,0101,Hooman Koliji,30,30,0,2026-10-07 05:15:26,2026-10-07 05:15:26.545
2026-10-07 05:13:50,ARCH418G,0101,Deokoh Woo,16,16,0,2026-10-07 05:15:26,2026-10-07 05:15:26.947
2026-10-07 05:13:50,ARCH418I,0101,Michael Kleiss,16,16,0,2026-10-07 05:15:27,2026-10-07 05:15:27.349
2026-10-07 05:13:50,ARCH420,0101,Caroline Hickman,30,30,0,2026-10-07 05:15:27,2026-10-07 05:15:27.742
2026-10-07 05:13:50,ARCH423,0101,Joseph Williams,30,30,0,2026-10-07 05:15:28,2026-10-07 05:15:28.148
2026-10-07 05:13:50,ARCH425,0101,Joseph Williams,10,10,0,2026-10-07 05:15:28,2026-10-07 05:15:28.540
2026-10-07 05:13:50,ARCH428F,0101,Matthew Bell,20,20,0,2026-10-07 05:15:28,2026-10-07 05:15:28.942
2026-10-07 05:13:50,ARCH428K,0101,Michele Lamprakos,26,26,0,2026-10-07 05:15:29,2026-10-07 05:15:29.340
2026-10-07 05:13:50,ARCH445,0101,Daniel Curry,15,15,0,2026-10-07 05:15:29,2026-10-07 05:15:29.743
2026-10-07 05:13:50,ARCH463,0101,Deokoh Woo,150,150,0,2026-10-07 05:15:30,2026-10-07 05:15:30.161
2026-10-07 05:13:50,ARCH465,0101,Michael Kleiss,80,80,0,2026-10-07 05:15:30,2026-10-07 05:15:30.555
2026-10-07 05:13:50,ARCH468I,0101,Hooman Koliji,26,26,0,2026-10-07 05:15:30,2026-10-07 05:15:30.991
2026-10-07 05:13:50,ARCH468P,0101,Hooman Koliji,26,26,0,2026-10-07 05:15:31,2026-10-07 05:15:31.403
2026-10-07 05:13:50,ARCH472,0101,Kiley Wilfong Cullen,24,24,0,2026-10-07 05:15:31,2026-10-07 05:15:31.803
2026-10-07 05:13:50,ARCH478L,0101,Michele Lamprakos,10,10,0,2026-10-07 05:15:32,2026-10-07 05:15:32.195
2026-10-07 05:13:50,ARCH478O,0101,Stefan Woehlke,20,20,0,2026-10-07 05:15:32,2026-10-07 05:15:32.588
2026-10-07 05:13:50,ARCH601,0101,Peter Noonan,20,20,0,2026-10-07 05:15:32,2026-10-07 05:15:32.994
2026-10-07 05:13:50,ARCH618G,0101,Deokoh Woo,4,4,0,2026-10-07 05:15:33,2026-10-07 05:15:33.398
2026-10-07 05:13:50,ARCH618I,0101,Michael Kleiss,4,4,0,2026-10-07 05:15:33,2026-10-07 05:15:33.788
2026-10-07 05:13:50,ARCH628K,0101,Michele Lamprakos,4,4,0,2026-10-07 05:15:34,2026-10-07 05:15:34.181
2026-10-07 05:13:50,ARCH635,0101,Matthew Bell,15,15,0,2026-10-07 05:15:34,2026-10-07 05:15:34.589
2026-10-07 05:13:50,ARCH645,0101,Daniel Curry,10,10,0,2026-10-07 05:15:34,2026-10-07 05:15:34.992
2026-10-07 05:13:50,ARCH654,0101,Anatole Tchikine,35,35,0,2026-10-07 05:15:35,2026-10-07 05:15:35.387
2026-10-07 05:13:50,ARCH658I,0101,Sonja Ewing,15,15,0,2026-10-07 05:15:35,2026-10-07 05:15:35.784
2026-10-07 05:13:50,ARCH668I,0101,Hooman Koliji,4,4,0,2026-10-07 05:15:36,2026-10-07 05:15:36.181
2026-10-07 05:13:50,ARCH668P,0101,Hooman Koliji,4,4,0,2026-10-07 05:15:36,2026-10-07 05:15:36.584
2026-10-07 05:13:50,ARCH678L,0101,Michele Lamprakos,10,10,0,2026-10-07 05:15:36,2026-10-07 05:15:36.978
2026-10-07 05:13:50,ARCH678O,0101,Stefan Woehlke,5,5,0,2026-10-07 05:15:37,2026-10-07 05:15:37.378
2026-10-07 05:13:50,ARCH797,0101,Hooman Koliji,15,15,0,2026-10-07 05:15:37,2026-10-07 05:15:37.790
2026-10-07 05:13:50,ARMY105,0101,Andrew Bischoff,60,60,0,2026-10-07 05:16:00,2026-10-07 05:16:00.125
2026-10-07 05:13:50,ARMY105,0102,Andrew Bischoff,60,60,0,2026-10-07 05:16:00,2026-10-07 05:16:00.125
2026-10-07 05:13:50,ARMY110,0101,Andrew Bischoff,40,40,0,2026-10-07 05:16:00,2026-10-07 05:16:00.519
2026-10-07 05:13:50,ARMY202,0102,Andrew Bischoff,60,60,0,2026-10-07 05:16:00,2026-10-07 05:16:00.916
2026-10-07 05:13:50,ARMY302,0101,Andrew Bischoff,40,40,0,2026-10-07 05:16:01,2026-10-07 05:16:01.370
2026-10-07 05:13:50,ARMY402,0101,Andrew Bischoff,30,30,0,2026-10-07 05:16:01,2026-10-07 05:16:01.901
2026-10-07 05:13:50,ARMY402,0102,Andrew Bischoff,100,100,0,2026-10-07 05:16:01,2026-10-07 05:16:01.901
2026-10-07 05:13:50,ARSC059,0101,Kathryn Love,250,250,0,2026-10-07 05:16:03,2026-10-07 05:16:03.671
2026-10-07 05:13:50,ARSC101,0101,Alan Snyder,50,50,0,2026-10-07 05:16:04,2026-10-07 05:16:04.106
2026-10-07 05:13:50,ARSC101,0102,Alan Snyder,65,65,0,2026-10-07 05:16:04,2026-10-07 05:16:04.106
2026-10-07 05:13:50,ARSC101,0103,Alan Snyder,40,40,0,2026-10-07 05:16:04,2026-10-07 05:16:04.106
2026-10-07 05:13:50,ARSC101,0104,Alan Snyder,10,10,0,2026-10-07 05:16:04,2026-10-07 05:16:04.106
2026-10-07 05:13:50,ARSC201,0101,Nathan Rabe,65,65,0,2026-10-07 05:16:04,2026-10-07 05:16:04.517
2026-10-07 05:13:50,ARSC201,0102,Kathleen West,40,40,0,2026-10-07 05:16:04,2026-10-07 05:16:04.517
2026-10-07 05:13:50,ARSC201,0103,Kathleen West,40,40,0,2026-10-07 05:16:04,2026-10-07 05:16:04.517
2026-10-07 05:13:50,ARSC301,0101,Kathryn Love,45,45,0,2026-10-07 05:16:04,2026-10-07 05:16:04.920
2026-10-07 05:13:50,ARSC301,0102,Kathryn Love,20,20,0,2026-10-07 05:16:04,2026-10-07 05:16:04.920
2026-10-07 05:13:50,ARSC401,0101,Joseph Herwatic,30,30,0,2026-10-07 05:16:05,2026-10-07 05:16:05.318
2026-10-07 05:13:50,ARSC401,0102,Joseph Herwatic,15,15,0,2026-10-07 05:16:05,2026-10-07 05:16:05.318
2026-10-07 05:13:50,BIOI605,PCS1,Vanessa Gonzalez,25,25,0,2026-10-07 05:17:12,2026-10-07 05:17:12.491
2026-10-07 05:13:50,BIOI606,PCS1,Instructor: TBA,25,25,0,2026-10-07 05:17:12,2026-10-07 05:17:12.899
2026-10-07 05:13:50,BIOI607,PCS1,Instructor: TBA,25,25,0,2026-10-07 05:17:13,2026-10-07 05:17:13.309
2026-10-07 05:13:50,BIOM301,0101,Christine Hakenkamp,28,28,0,2026-10-07 05:17:17,2026-10-07 05:17:17.492
2026-10-07 05:13:50,BIOM301,0102,Christine Hakenkamp,28,28,0,2026-10-07 05:17:17,2026-10-07 05:17:17.492
2026-10-07 05:13:50,BIOM301,0103,Christine Hakenkamp,28,28,0,2026-10-07 05:17:17,2026-10-07 05:17:17.493
2026-10-07 05:13:50,BIOM301,0104,Christine Hakenkamp,28,28,0,2026-10-07 05:17:17,2026-10-07 05:17:17.493
2026-10-07 05:13:50,BIOM301,0105,Christine Hakenkamp,28,28,0,2026-10-07 05:17:17,2026-10-07 05:17:17.493
2026-10-07 05:13:50,BIOM301,0106,Christine Hakenkamp,28,28,0,2026-10-07 05:17:17,2026-10-07 05:17:17.493
2026-10-07 05:13:50,BIOM301,0107,Christine Hakenkamp,28,28,0,2026-10-07 05:17:17,2026-10-07 05:17:17.493
2026-10-07 05:13:50,BIOM301,0201,Instructor: TBA,28,28,0,2026-10-07 05:17:17,2026-10-07 05:17:17.494
2026-10-07 05:13:50,BIOM602,0101,Jiuzhou Song,28,28,0,2026-10-07 05:17:17,2026-10-07 05:17:17.903
2026-10-07 05:13:50,BMIN210,0101,Darlene Dennison,162,162,0,2026-10-07 05:17:54,2026-10-07 05:17:54.144
2026-10-07 05:13:50,BMIN210,0201,Darlene Dennison,162,162,0,2026-10-07 05:17:54,2026-10-07 05:17:54.144
2026-10-07 05:13:50,BMIN305,0101,Tejwansh Anand,162,162,0,2026-10-07 05:17:54,2026-10-07 05:17:54.543
2026-10-07 05:13:50,BMIN345,0101,Michael Padhi,325,325,0,2026-10-07 05:17:54,2026-10-07 05:17:54.955
2026-10-07 05:13:50,BMIN355,0101,Idil Yaveroglu,162,162,0,2026-10-07 05:17:55,2026-10-07 05:17:55.355
2026-10-07 05:13:50,BMIN355,0201,Idil Yaveroglu,162,162,0,2026-10-07 05:17:55,2026-10-07 05:17:55.355
2026-10-07 05:13:50,BMIN375,0101,Leland Gardner,162,162,0,2026-10-07 05:17:55,2026-10-07 05:17:55.751
2026-10-07 05:13:50,BMIN395,0101,Nima Farshchi,162,162,0,2026-10-07 05:17:56,2026-10-07 05:17:56.160
2026-10-07 05:13:50,BMIN395,0201,Nima Farshchi,162,162,0,2026-10-07 05:17:56,2026-10-07 05:17:56.160
2026-10-07 05:13:50,BSCI103,1100,Tais Mattoso De Andrade Ribeiro,24,24,0,2026-10-07 05:18:00,2026-10-07 05:18:00.885
2026-10-07 05:13:50,BSCI103,1101,Tais Mattoso De Andrade Ribeiro,24,24,0,2026-10-07 05:18:00,2026-10-07 05:18:00.885
2026-10-07 05:13:50,BSCI103,1103,Tais Mattoso De Andrade Ribeiro,24,24,0,2026-10-07 05:18:00,2026-10-07 05:18:00.885
2026-10-07 05:13:50,BSCI103,1105,Tais Mattoso De Andrade Ribeiro,24,24,0,2026-10-07 05:18:00,2026-10-07 05:18:00.885
2026-10-07 05:13:50,BSCI103,1107,Tais Mattoso De Andrade Ribeiro,24,24,0,2026-10-07 05:18:00,2026-10-07 05:18:00.886
2026-10-07 05:13:50,BSCI103,1108,Tais Mattoso De Andrade Ribeiro,24,24,0,2026-10-07 05:18:00,2026-10-07 05:18:00.886
2026-10-07 05:13:50,BSCI103,1109,Tais Mattoso De Andrade Ribeiro,24,24,0,2026-10-07 05:18:00,2026-10-07 05:18:00.886
2026-10-07 05:13:50,BSCI103,1110,Tais Mattoso De Andrade Ribeiro,24,24,0,2026-10-07 05:18:00,2026-10-07 05:18:00.886
2026-10-07 05:13:50,BSCI103M,0101,Tais Mattoso De Andrade Ribeiro,24,24,0,2026-10-07 05:18:01,2026-10-07 05:18:01.361
2026-10-07 05:13:50,BSCI120,0101,Dennis vanEngelsdorp,21,21,0,2026-10-07 05:18:01,2026-10-07 05:18:01.837
2026-10-07 05:13:50,BSCI120,0102,Dennis vanEngelsdorp,21,21,0,2026-10-07 05:18:01,2026-10-07 05:18:01.837
2026-10-07 05:13:50,BSCI135,1101,Edgar Moctezuma,24,24,0,2026-10-07 05:18:02,2026-10-07 05:18:02.389
2026-10-07 05:13:50,BSCI135,1102,Edgar Moctezuma,24,24,0,2026-10-07 05:18:02,2026-10-07 05:18:02.389
2026-10-07 05:13:50,BSCI135,1103,Edgar Moctezuma,24,24,0,2026-10-07 05:18:02,2026-10-07 05:18:02.389
2026-10-07 05:13:50,BSCI135,1104,Edgar Moctezuma,24,24,0,2026-10-07 05:18:02,2026-10-07 05:18:02.390
2026-10-07 05:13:50,BSCI135,1105,Edgar Moctezuma,24,24,0,2026-10-07 05:18:02,2026-10-07 05:18:02.390
2026-10-07 05:13:50,BSCI160,6101,Leo Shapiro,104,104,0,2026-10-07 05:18:02,2026-10-07 05:18:02.911
2026-10-07 05:13:50,BSCI160,6301,Chloe Garfinkel,56,56,0,2026-10-07 05:18:02,2026-10-07 05:18:02.911
2026-10-07 05:13:50,BSCI160,6601,Vadim Karatayev,88,88,0,2026-10-07 05:18:02,2026-10-07 05:18:02.911
2026-10-07 05:13:50,BSCI160,SES1,Chloe Garfinkel,15,15,0,2026-10-07 05:18:02,2026-10-07 05:18:02.911
2026-10-07 05:13:50,BSCI170,0101,Cordelia Weiss,153,153,0,2026-10-07 05:18:03,2026-10-07 05:18:03.391
2026-10-07 05:13:50,BSCI170,0201,Nicholas Fletcher,153,153,0,2026-10-07 05:18:03,2026-10-07 05:18:03.391
2026-10-07 05:13:50,BSCI170,0301,Ricardo Araneda,152,152,0,2026-10-07 05:18:03,2026-10-07 05:18:03.391
2026-10-07 05:13:50,BSCI170,0401,Swarna Mohan,153,153,0,2026-10-07 05:18:03,2026-10-07 05:18:03.391
2026-10-07 05:13:50,BSCI170,0501,Ji Young Choi,120,120,0,2026-10-07 05:18:03,2026-10-07 05:18:03.391
2026-10-07 05:13:50,BSCI170,0701,Ji Young Choi,153,153,0,2026-10-07 05:18:03,2026-10-07 05:18:03.392
2026-10-07 05:13:50,BSCI170,SES1,James Sniezek,20,20,0,2026-10-07 05:18:03,2026-10-07 05:18:03.392
2026-10-07 05:13:50,BSCI180,8105,Hans Lemke,19,19,0,2026-10-07 05:18:03,2026-10-07 05:18:03.952
2026-10-07 05:13:50,BSCI180,8106,Hans Lemke,19,19,0,2026-10-07 05:18:03,2026-10-07 05:18:03.952
2026-10-07 05:13:50,BSCI180,8107,Hans Lemke,19,19,0,2026-10-07 05:18:03,2026-10-07 05:18:03.953
2026-10-07 05:13:50,BSCI180,8108,Hans Lemke,19,19,0,2026-10-07 05:18:03,2026-10-07 05:18:03.953
2026-10-07 05:13:50,BSCI180,8109,Hans Lemke,19,19,0,2026-10-07 05:18:03,2026-10-07 05:18:03.953
2026-10-07 05:13:50,BSCI180,8110,Hans Lemke,19,19,0,2026-10-07 05:18:03,2026-10-07 05:18:03.953
2026-10-07 05:13:50,BSCI180,8111,Hans Lemke,19,19,0,2026-10-07 05:18:03,2026-10-07 05:18:03.953
2026-10-07 05:13:50,BSCI180,8112,Hans Lemke,19,19,0,2026-10-07 05:18:03,2026-10-07 05:18:03.954
2026-10-07 05:13:50,BSCI180,8113,Hans Lemke,19,19,0,2026-10-07 05:18:03,2026-10-07 05:18:03.954
2026-10-07 05:13:50,BSCI180,8114,Hans Lemke,19,19,0,2026-10-07 05:18:03,2026-10-07 05:18:03.954
2026-10-07 05:13:50,BSCI180,8201,Hans Lemke,19,19,0,2026-10-07 05:18:03,2026-10-07 05:18:03.954
2026-10-07 05:13:50,BSCI180,8202,Hans Lemke,19,19,0,2026-10-07 05:18:03,2026-10-07 05:18:03.954
2026-10-07 05:13:50,BSCI180,8205,Hans Lemke,19,19,0,2026-10-07 05:18:03,2026-10-07 05:18:03.954
2026-10-07 05:13:50,BSCI180,8206,Hans Lemke,19,19,0,2026-10-07 05:18:03,2026-10-07 05:18:03.955
2026-10-07 05:13:50,BSCI180,8207,Hans Lemke,19,19,0,2026-10-07 05:18:03,2026-10-07 05:18:03.955
2026-10-07 05:13:50,BSCI180,8208,Hans Lemke,19,19,0,2026-10-07 05:18:03,2026-10-07 05:18:03.955
2026-10-07 05:13:50,BSCI180,8209,Hans Lemke,19,19,0,2026-10-07 05:18:03,2026-10-07 05:18:03.955
2026-10-07 05:13:50,BSCI180,8210,Hans Lemke,19,19,0,2026-10-07 05:18:03,2026-10-07 05:18:03.955
2026-10-07 05:13:50,BSCI180,8211,Hans Lemke,19,19,0,2026-10-07 05:18:03,2026-10-07 05:18:03.956
2026-10-07 05:13:50,BSCI180,8212,Hans Lemke,19,19,0,2026-10-07 05:18:03,2026-10-07 05:18:03.956
2026-10-07 05:13:50,BSCI180,8213,Hans Lemke,19,19,0,2026-10-07 05:18:03,2026-10-07 05:18:03.956
2026-10-07 05:13:50,BSCI180,8214,Hans Lemke,19,19,0,2026-10-07 05:18:03,2026-10-07 05:18:03.956
2026-10-07 05:13:50,BSCI180,8301,Hans Lemke,19,19,0,2026-10-07 05:18:03,2026-10-07 05:18:03.956
2026-10-07 05:13:50,BSCI180,8302,Hans Lemke,19,19,0,2026-10-07 05:18:03,2026-10-07 05:18:03.957
2026-10-07 05:13:50,BSCI180,8305,Hans Lemke,19,19,0,2026-10-07 05:18:03,2026-10-07 05:18:03.957
2026-10-07 05:13:50,BSCI180,8306,Hans Lemke,19,19,0,2026-10-07 05:18:03,2026-10-07 05:18:03.957
2026-10-07 05:13:50,BSCI180,8307,Hans Lemke,19,19,0,2026-10-07 05:18:03,2026-10-07 05:18:03.957
2026-10-07 05:13:50,BSCI180,8308,Hans Lemke,19,19,0,2026-10-07 05:18:03,2026-10-07 05:18:03.957
2026-10-07 05:13:50,BSCI180,8309,Hans Lemke,19,19,0,2026-10-07 05:18:03,2026-10-07 05:18:03.957
2026-10-07 05:13:50,BSCI180,8310,Hans Lemke,19,19,0,2026-10-07 05:18:03,2026-10-07 05:18:03.958
2026-10-07 05:13:50,BSCI180,8311,Hans Lemke,19,19,0,2026-10-07 05:18:03,2026-10-07 05:18:03.958
2026-10-07 05:13:50,BSCI180,8312,Hans Lemke,19,19,0,2026-10-07 05:18:03,2026-10-07 05:18:03.958
2026-10-07 05:13:50,BSCI180,8313,Hans Lemke,19,19,0,2026-10-07 05:18:03,2026-10-07 05:18:03.958
2026-10-07 05:13:50,BSCI180,8314,Hans Lemke,19,19,0,2026-10-07 05:18:03,2026-10-07 05:18:03.958
2026-10-07 05:13:50,BSCI180,8401,Hans Lemke,19,19,0,2026-10-07 05:18:03,2026-10-07 05:18:03.959
2026-10-07 05:13:50,BSCI180,8402,Hans Lemke,19,19,0,2026-10-07 05:18:03,2026-10-07 05:18:03.959
2026-10-07 05:13:50,BSCI180,8405,Hans Lemke,19,19,0,2026-10-07 05:18:03,2026-10-07 05:18:03.959
2026-10-07 05:13:50,BSCI180,8406,Hans Lemke,19,19,0,2026-10-07 05:18:03,2026-10-07 05:18:03.959
2026-10-07 05:13:50,BSCI180,8407,Hans Lemke,19,19,0,2026-10-07 05:18:03,2026-10-07 05:18:03.959
2026-10-07 05:13:50,BSCI180,8408,Hans Lemke,19,19,0,2026-10-07 05:18:03,2026-10-07 05:18:03.959
2026-10-07 05:13:50,BSCI180,8409,Hans Lemke,19,19,0,2026-10-07 05:18:03,2026-10-07 05:18:03.960
2026-10-07 05:13:50,BSCI180,8410,Hans Lemke,19,19,0,2026-10-07 05:18:03,2026-10-07 05:18:03.960
2026-10-07 05:13:50,BSCI180,8411,Hans Lemke,19,19,0,2026-10-07 05:18:03,2026-10-07 05:18:03.960
2026-10-07 05:13:50,BSCI180,8412,Hans Lemke,19,19,0,2026-10-07 05:18:03,2026-10-07 05:18:03.960
2026-10-07 05:13:50,BSCI180,8413,Hans Lemke,19,19,0,2026-10-07 05:18:03,2026-10-07 05:18:03.960
2026-10-07 05:13:50,BSCI180,8414,Hans Lemke,19,19,0,2026-10-07 05:18:03,2026-10-07 05:18:03.961
2026-10-07 05:13:50,BSCI180,SES1,Hans Lemke,19,19,0,2026-10-07 05:18:03,2026-10-07 05:18:03.961
2026-10-07 05:13:50,BSCI201,0101,Caitlin Fox,24,24,0,2026-10-07 05:18:04,2026-10-07 05:18:04.401
2026-10-07 05:13:50,BSCI201,0103,Caitlin Fox,24,24,0,2026-10-07 05:18:04,2026-10-07 05:18:04.401
2026-10-07 05:13:50,BSCI201,0105,Caitlin Fox,24,24,0,2026-10-07 05:18:04,2026-10-07 05:18:04.402
2026-10-07 05:13:50,BSCI201,0106,Caitlin Fox,24,24,0,2026-10-07 05:18:04,2026-10-07 05:18:04.402
2026-10-07 05:13:50,BSCI201,0107,Caitlin Fox,24,24,0,2026-10-07 05:18:04,2026-10-07 05:18:04.402
2026-10-07 05:13:50,BSCI201,0109,Caitlin Fox,24,24,0,2026-10-07 05:18:04,2026-10-07 05:18:04.402
2026-10-07 05:13:50,BSCI201,0110,Caitlin Fox,24,24,0,2026-10-07 05:18:04,2026-10-07 05:18:04.402
2026-10-07 05:13:50,BSCI201,0111,Caitlin Fox,24,24,0,2026-10-07 05:18:04,2026-10-07 05:18:04.403
2026-10-07 05:13:50,BSCI201,1101,Justicia Opoku-Edusei,24,24,0,2026-10-07 05:18:04,2026-10-07 05:18:04.403
2026-10-07 05:13:50,BSCI201,1103,Justicia Opoku-Edusei,24,24,0,2026-10-07 05:18:04,2026-10-07 05:18:04.403
2026-10-07 05:13:50,BSCI201,1104,Justicia Opoku-Edusei,24,24,0,2026-10-07 05:18:04,2026-10-07 05:18:04.403
2026-10-07 05:13:50,BSCI201,1105,Justicia Opoku-Edusei,24,24,0,2026-10-07 05:18:04,2026-10-07 05:18:04.403
2026-10-07 05:13:50,BSCI201,1106,Justicia Opoku-Edusei,24,24,0,2026-10-07 05:18:04,2026-10-07 05:18:04.404
2026-10-07 05:13:50,BSCI201,1108,Justicia Opoku-Edusei,24,24,0,2026-10-07 05:18:04,2026-10-07 05:18:04.404
2026-10-07 05:13:50,BSCI201,1109,Justicia Opoku-Edusei,24,24,0,2026-10-07 05:18:04,2026-10-07 05:18:04.404
2026-10-07 05:13:50,BSCI201,1110,Justicia Opoku-Edusei,24,24,0,2026-10-07 05:18:04,2026-10-07 05:18:04.404
2026-10-07 05:13:50,BSCI202,0101,Caitlin Fox,24,24,0,2026-10-07 05:18:04,2026-10-07 05:18:04.833
2026-10-07 05:13:50,BSCI202,0102,Caitlin Fox,24,24,0,2026-10-07 05:18:04,2026-10-07 05:18:04.833
2026-10-07 05:13:50,BSCI202,0104,Caitlin Fox,24,24,0,2026-10-07 05:18:04,2026-10-07 05:18:04.834
2026-10-07 05:13:50,BSCI202,0108,Caitlin Fox,24,24,0,2026-10-07 05:18:04,2026-10-07 05:18:04.834
2026-10-07 05:13:50,BSCI202,0109,Caitlin Fox,24,24,0,2026-10-07 05:18:04,2026-10-07 05:18:04.834
2026-10-07 05:13:50,BSCI202,0110,Caitlin Fox,24,24,0,2026-10-07 05:18:04,2026-10-07 05:18:04.834
2026-10-07 05:13:50,BSCI202,1101,Justicia Opoku-Edusei,24,24,0,2026-10-07 05:18:04,2026-10-07 05:18:04.834
2026-10-07 05:13:50,BSCI202,1103,Justicia Opoku-Edusei,24,24,0,2026-10-07 05:18:04,2026-10-07 05:18:04.835
2026-10-07 05:13:50,BSCI202,1104,Justicia Opoku-Edusei,24,24,0,2026-10-07 05:18:04,2026-10-07 05:18:04.835
2026-10-07 05:13:50,BSCI202,1106,Justicia Opoku-Edusei,24,24,0,2026-10-07 05:18:04,2026-10-07 05:18:04.835
2026-10-07 05:13:50,BSCI202,1107,Justicia Opoku-Edusei,24,24,0,2026-10-07 05:18:04,2026-10-07 05:18:04.835
2026-10-07 05:13:50,BSCI202,1108,Justicia Opoku-Edusei,24,24,0,2026-10-07 05:18:04,2026-10-07 05:18:04.835
2026-10-07 05:13:50,BSCI202,SES1,Edward Orlando,20,20,0,2026-10-07 05:18:04,2026-10-07 05:18:04.835
2026-10-07 05:13:50,BSCI207,0101,Karen Carleton,80,80,0,2026-10-07 05:18:05,2026-10-07 05:18:05.248
2026-10-07 05:13:50,BSCI207,0201,Chloe Garfinkel,80,80,0,2026-10-07 05:18:05,2026-10-07 05:18:05.248
2026-10-07 05:13:50,BSCI213,0101,Cordelia Weiss,20,20,0,2026-10-07 05:18:05,2026-10-07 05:18:05.657
2026-10-07 05:13:50,BSCI213,0102,Cordelia Weiss,20,20,0,2026-10-07 05:18:05,2026-10-07 05:18:05.657
2026-10-07 05:13:50,BSCI222,7106,Thomas Kocher,18,18,0,2026-10-07 05:18:06,2026-10-07 05:18:06.139
2026-10-07 05:13:50,BSCI222,7108,Thomas Kocher,18,18,0,2026-10-07 05:18:06,2026-10-07 05:18:06.140
2026-10-07 05:13:50,BSCI222,7110,Thomas Kocher,18,18,0,2026-10-07 05:18:06,2026-10-07 05:18:06.140
2026-10-07 05:13:50,BSCI222,7112,Thomas Kocher,18,18,0,2026-10-07 05:18:06,2026-10-07 05:18:06.140
2026-10-07 05:13:50,BSCI222,7114,Thomas Kocher,18,18,0,2026-10-07 05:18:06,2026-10-07 05:18:06.140
2026-10-07 05:13:50,BSCI222,7116,Thomas Kocher,18,18,0,2026-10-07 05:18:06,2026-10-07 05:18:06.140
2026-10-07 05:13:50,BSCI222,7118,Thomas Kocher,18,18,0,2026-10-07 05:18:06,2026-10-07 05:18:06.141
2026-10-07 05:13:50,BSCI222,7120,Thomas Kocher,18,18,0,2026-10-07 05:18:06,2026-10-07 05:18:06.141
2026-10-07 05:13:50,BSCI222,7130,Thomas Kocher,18,18,0,2026-10-07 05:18:06,2026-10-07 05:18:06.141
2026-10-07 05:13:50,BSCI222,7133,Thomas Kocher,18,18,0,2026-10-07 05:18:06,2026-10-07 05:18:06.141
2026-10-07 05:13:50,BSCI222,7214,Michael Keller,18,18,0,2026-10-07 05:18:06,2026-10-07 05:18:06.141
2026-10-07 05:13:50,BSCI222,7216,Michael Keller,18,18,0,2026-10-07 05:18:06,2026-10-07 05:18:06.141
2026-10-07 05:13:50,BSCI222,7218,Michael Keller,18,18,0,2026-10-07 05:18:06,2026-10-07 05:18:06.142
2026-10-07 05:13:50,BSCI222,7219,Michael Keller,18,18,0,2026-10-07 05:18:06,2026-10-07 05:18:06.142
2026-10-07 05:13:50,BSCI222,7220,Michael Keller,18,18,0,2026-10-07 05:18:06,2026-10-07 05:18:06.142
2026-10-07 05:13:50,BSCI222,7221,Michael Keller,18,18,0,2026-10-07 05:18:06,2026-10-07 05:18:06.142
2026-10-07 05:13:50,BSCI222,7222,Michael Keller,18,18,0,2026-10-07 05:18:06,2026-10-07 05:18:06.142
2026-10-07 05:13:50,BSCI222,7224,Michael Keller,18,18,0,2026-10-07 05:18:06,2026-10-07 05:18:06.143
2026-10-07 05:13:50,BSCI222,7226,Michael Keller,18,18,0,2026-10-07 05:18:06,2026-10-07 05:18:06.143
2026-10-07 05:13:50,BSCI222,7232,Michael Keller,18,18,0,2026-10-07 05:18:06,2026-10-07 05:18:06.143
2026-10-07 05:13:50,BSCI222,7234,Michael Keller,18,18,0,2026-10-07 05:18:06,2026-10-07 05:18:06.143
2026-10-07 05:13:50,BSCI222,7236,Michael Keller,18,18,0,2026-10-07 05:18:06,2026-10-07 05:18:06.143
2026-10-07 05:13:50,BSCI222,7310,Maria Colt,18,18,0,2026-10-07 05:18:06,2026-10-07 05:18:06.144
2026-10-07 05:13:50,BSCI222,7311,Maria Colt,18,18,0,2026-10-07 05:18:06,2026-10-07 05:18:06.144
2026-10-07 05:13:50,BSCI222,7312,Maria Colt,18,18,0,2026-10-07 05:18:06,2026-10-07 05:18:06.144
2026-10-07 05:13:50,BSCI222,7313,Maria Colt,18,18,0,2026-10-07 05:18:06,2026-10-07 05:18:06.144
2026-10-07 05:13:50,BSCI222,7315,Maria Colt,18,18,0,2026-10-07 05:18:06,2026-10-07 05:18:06.144
2026-10-07 05:13:50,BSCI222,7320,Maria Colt,18,18,0,2026-10-07 05:18:06,2026-10-07 05:18:06.144
2026-10-07 05:13:50,BSCI222,7325,Maria Colt,18,18,0,2026-10-07 05:18:06,2026-10-07 05:18:06.145
2026-10-07 05:13:50,BSCI222,7330,Maria Colt,18,18,0,2026-10-07 05:18:06,2026-10-07 05:18:06.145
2026-10-07 05:13:50,BSCI222,7332,Maria Colt,18,18,0,2026-10-07 05:18:06,2026-10-07 05:18:06.145
2026-10-07 05:13:50,BSCI222,7335,Maria Colt,18,18,0,2026-10-07 05:18:06,2026-10-07 05:18:06.145
2026-10-07 05:13:50,BSCI222,SES1,Maria Colt,23,23,0,2026-10-07 05:18:06,2026-10-07 05:18:06.145
2026-10-07 05:13:50,BSCI223,1021,John Buchner,16,16,0,2026-10-07 05:18:06,2026-10-07 05:18:06.613
2026-10-07 05:13:50,BSCI223,1025,John Buchner,16,16,0,2026-10-07 05:18:06,2026-10-07 05:18:06.613
2026-10-07 05:13:50,BSCI223,1026,John Buchner,16,16,0,2026-10-07 05:18:06,2026-10-07 05:18:06.614
2026-10-07 05:13:50,BSCI223,1101,John Buchner,16,16,0,2026-10-07 05:18:06,2026-10-07 05:18:06.614
2026-10-07 05:13:50,BSCI223,1105,John Buchner,16,16,0,2026-10-07 05:18:06,2026-10-07 05:18:06.614
2026-10-07 05:13:50,BSCI223,1106,John Buchner,16,16,0,2026-10-07 05:18:06,2026-10-07 05:18:06.614
2026-10-07 05:13:50,BSCI223,1121,John Buchner,16,16,0,2026-10-07 05:18:06,2026-10-07 05:18:06.614
2026-10-07 05:13:50,BSCI223,1125,John Buchner,16,16,0,2026-10-07 05:18:06,2026-10-07 05:18:06.615
2026-10-07 05:13:50,BSCI223,1126,John Buchner,16,16,0,2026-10-07 05:18:06,2026-10-07 05:18:06.615
2026-10-07 05:13:50,BSCI223,1201,John Buchner,16,16,0,2026-10-07 05:18:06,2026-10-07 05:18:06.615
2026-10-07 05:13:50,BSCI223,1206,John Buchner,16,16,0,2026-10-07 05:18:06,2026-10-07 05:18:06.615
2026-10-07 05:13:50,BSCI223,1221,John Buchner,16,16,0,2026-10-07 05:18:06,2026-10-07 05:18:06.615
2026-10-07 05:13:50,BSCI223,1225,John Buchner,16,16,0,2026-10-07 05:18:06,2026-10-07 05:18:06.615
2026-10-07 05:13:50,BSCI223,1226,John Buchner,16,16,0,2026-10-07 05:18:06,2026-10-07 05:18:06.616
2026-10-07 05:13:50,BSCI223,1301,John Buchner,16,16,0,2026-10-07 05:18:06,2026-10-07 05:18:06.616
2026-10-07 05:13:50,BSCI223,1306,John Buchner,16,16,0,2026-10-07 05:18:06,2026-10-07 05:18:06.616
2026-10-07 05:13:50,BSCI223,2401,John Buchner,16,16,0,2026-10-07 05:18:06,2026-10-07 05:18:06.616
2026-10-07 05:13:50,BSCI223,2406,John Buchner,16,16,0,2026-10-07 05:18:06,2026-10-07 05:18:06.616
2026-10-07 05:13:50,BSCI223,SES1,Cherisse Hall,20,20,0,2026-10-07 05:18:06,2026-10-07 05:18:06.617
2026-10-07 05:13:50,BSCI238I,0101,Aditri Gadigi,30,30,0,2026-10-07 05:18:07,2026-10-07 05:18:07.025
2026-10-07 05:13:50,BSCI258A,0101,Erin Thomson,10,10,0,2026-10-07 05:18:07,2026-10-07 05:18:07.429
2026-10-07 05:13:50,BSCI258B,0101,Erin Thomson,80,80,0,2026-10-07 05:18:07,2026-10-07 05:18:07.827
2026-10-07 05:13:50,BSCI279B,0101,Katerina Thompson,32,32,0,2026-10-07 05:18:08,2026-10-07 05:18:08.613
2026-10-07 05:13:50,BSCI279B,0102,Katerina Thompson,32,32,0,2026-10-07 05:18:08,2026-10-07 05:18:08.613
2026-10-07 05:13:50,BSCI279Q,0101,Daniel Butts,10,10,0,2026-10-07 05:18:09,2026-10-07 05:18:09.413
2026-10-07 05:13:50,BSCI283,1205,Daniel Stein,20,20,0,2026-10-07 05:18:10,2026-10-07 05:18:10.633
2026-10-07 05:13:50,BSCI283,1305,Daniel Stein,20,20,0,2026-10-07 05:18:10,2026-10-07 05:18:10.634
2026-10-07 05:13:50,BSCI329,1016,Hilary Bierman,5,5,0,2026-10-07 05:18:11,2026-10-07 05:18:11.036
2026-10-07 05:13:50,BSCI329,1028,Daniel Butts,10,10,0,2026-10-07 05:18:11,2026-10-07 05:18:11.036
2026-10-07 05:13:50,BSCI329,1033,Chan Lin,10,10,0,2026-10-07 05:18:11,2026-10-07 05:18:11.037
2026-10-07 05:13:50,BSCI329,1250,Justicia Opoku-Edusei,20,20,0,2026-10-07 05:18:11,2026-10-07 05:18:11.037
2026-10-07 05:13:50,BSCI329,1388,Corine Van der Weele,8,8,0,2026-10-07 05:18:11,2026-10-07 05:18:11.037
2026-10-07 05:13:50,BSCI329,ESG1,Hadiya Woodham,10,10,0,2026-10-07 05:18:11,2026-10-07 05:18:11.037
2026-10-07 05:13:50,BSCI331,0101,Kenneth Frauwirth,200,200,0,2026-10-07 05:18:11,2026-10-07 05:18:11.440
2026-10-07 05:13:50,BSCI331,0201,Kenneth Frauwirth,200,200,0,2026-10-07 05:18:11,2026-10-07 05:18:11.440
2026-10-07 05:13:50,BSCI332,0102,Corine Van der Weele,23,23,0,2026-10-07 05:18:11,2026-10-07 05:18:11.868
2026-10-07 05:13:50,BSCI332,0104,Corine Van der Weele,23,23,0,2026-10-07 05:18:11,2026-10-07 05:18:11.868
2026-10-07 05:13:50,BSCI332,0106,Corine Van der Weele,23,23,0,2026-10-07 05:18:11,2026-10-07 05:18:11.868
2026-10-07 05:13:50,BSCI332,0107,Corine Van der Weele,23,23,0,2026-10-07 05:18:11,2026-10-07 05:18:11.869
2026-10-07 05:13:50,BSCI332,0111,Corine Van der Weele,23,23,0,2026-10-07 05:18:11,2026-10-07 05:18:11.869
2026-10-07 05:13:50,BSCI332,1103,Corine Van der Weele,23,23,0,2026-10-07 05:18:11,2026-10-07 05:18:11.869
2026-10-07 05:13:50,BSCI332,1105,Corine Van der Weele,23,23,0,2026-10-07 05:18:11,2026-10-07 05:18:11.869
2026-10-07 05:13:50,BSCI332,1108,Corine Van der Weele,23,23,0,2026-10-07 05:18:11,2026-10-07 05:18:11.869
2026-10-07 05:13:50,BSCI332,1109,Corine Van der Weele,23,23,0,2026-10-07 05:18:11,2026-10-07 05:18:11.870
2026-10-07 05:13:50,BSCI332,1111,Corine Van der Weele,23,23,0,2026-10-07 05:18:11,2026-10-07 05:18:11.870
2026-10-07 05:13:50,BSCI332,1113,Corine Van der Weele,23,23,0,2026-10-07 05:18:11,2026-10-07 05:18:11.870
2026-10-07 05:13:50,BSCI334,0101,Katerina Thompson,60,60,0,2026-10-07 05:18:12,2026-10-07 05:18:12.266
2026-10-07 05:13:50,BSCI335,0101,Katerina Thompson,20,20,0,2026-10-07 05:18:12,2026-10-07 05:18:12.669
2026-10-07 05:13:50,BSCI335,0102,Katerina Thompson,20,20,0,2026-10-07 05:18:12,2026-10-07 05:18:12.669
2026-10-07 05:13:50,BSCI337,0101,Leo Shapiro,20,20,0,2026-10-07 05:18:13,2026-10-07 05:18:13.071
2026-10-07 05:13:50,BSCI337,0102,Leo Shapiro,20,20,0,2026-10-07 05:18:13,2026-10-07 05:18:13.071
2026-10-07 05:13:50,BSCI343,ESG1,Hadiya Woodham,30,30,0,2026-10-07 05:18:13,2026-10-07 05:18:13.875
2026-10-07 05:13:50,BSCI348A,0101,John Buchner,22,22,0,2026-10-07 05:18:14,2026-10-07 05:18:14.675
2026-10-07 05:13:50,BSCI348I,SES1,Erik Lontok,25,25,0,2026-10-07 05:18:15,2026-10-07 05:18:15.082
2026-10-07 05:13:50,BSCI348R,0101,Najib El-Sayed,10,10,0,2026-10-07 05:18:15,2026-10-07 05:18:15.476
2026-10-07 05:13:50,BSCI353,0101,Chan Lin,64,64,0,2026-10-07 05:18:15,2026-10-07 05:18:15.884
2026-10-07 05:13:50,BSCI353,0102,Melissa Caras,40,40,0,2026-10-07 05:18:15,2026-10-07 05:18:15.884
2026-10-07 05:13:50,BSCI353,ESG1,Vitaly Stepensky,40,40,0,2026-10-07 05:18:15,2026-10-07 05:18:15.884
2026-10-07 05:13:50,BSCI358A,ESG1,Vitaly Stepensky,30,30,0,2026-10-07 05:18:16,2026-10-07 05:18:16.306
2026-10-07 05:13:50,BSCI358B,ESG1,Gregory Simon,30,30,0,2026-10-07 05:18:16,2026-10-07 05:18:16.701
2026-10-07 05:13:50,BSCI361,0101,Daniel Gruner,25,25,0,2026-10-07 05:18:17,2026-10-07 05:18:17.106
2026-10-07 05:13:50,BSCI361,0102,Daniel Gruner,25,25,0,2026-10-07 05:18:17,2026-10-07 05:18:17.107
2026-10-07 05:13:50,BSCI370,0101,Alexandra Bely,64,64,0,2026-10-07 05:18:17,2026-10-07 05:18:17.501
2026-10-07 05:13:50,BSCI378H,0101,Kenneth Frauwirth,23,23,0,2026-10-07 05:18:17,2026-10-07 05:18:17.904
2026-10-07 05:13:50,BSCI398H,0101,Alexandra Bely,35,35,0,2026-10-07 05:18:20,2026-10-07 05:18:20.646
2026-10-07 05:13:50,BSCI401,0101,Gerald Wilkinson,39,39,0,2026-10-07 05:18:22,2026-10-07 05:18:22.222
2026-10-07 05:13:50,BSCI406,0101,Sergei Sukharev,20,20,0,2026-10-07 05:18:22,2026-10-07 05:18:22.629
2026-10-07 05:13:50,BSCI410,0101,Charles Seller,140,140,0,2026-10-07 05:18:23,2026-10-07 05:18:23.043
2026-10-07 05:13:50,BSCI412,0101,Wade Winkler,18,18,0,2026-10-07 05:18:23,2026-10-07 05:18:23.442
2026-10-07 05:13:50,BSCI412,0103,Wade Winkler,18,18,0,2026-10-07 05:18:23,2026-10-07 05:18:23.442
2026-10-07 05:13:50,BSCI414,ESG1,Caitlin Fox,24,24,0,2026-10-07 05:18:23,2026-10-07 05:18:23.848
2026-10-07 05:13:50,BSCI416,0101,Silvia Bolland,42,42,0,2026-10-07 05:18:24,2026-10-07 05:18:24.251
2026-10-07 05:13:50,BSCI417,0101,Vincent Lee,30,30,0,2026-10-07 05:18:24,2026-10-07 05:18:24.661
2026-10-07 05:13:50,BSCI420,0101,Sougata Roy,62,62,0,2026-10-07 05:18:25,2026-10-07 05:18:25.055
2026-10-07 05:13:50,BSCI422,0101,David Mosser,25,25,0,2026-10-07 05:18:25,2026-10-07 05:18:25.471
2026-10-07 05:13:50,BSCI422,0102,David Mosser,25,25,0,2026-10-07 05:18:25,2026-10-07 05:18:25.471
2026-10-07 05:13:50,BSCI422,0103,David Mosser,25,25,0,2026-10-07 05:18:25,2026-10-07 05:18:25.471
2026-10-07 05:13:50,BSCI422,0104,David Mosser,25,25,0,2026-10-07 05:18:25,2026-10-07 05:18:25.471
2026-10-07 05:13:50,BSCI423,0101,Wenxia Song,18,18,0,2026-10-07 05:18:25,2026-10-07 05:18:25.868
2026-10-07 05:13:50,BSCI423,0102,Wenxia Song,18,18,0,2026-10-07 05:18:25,2026-10-07 05:18:25.868
2026-10-07 05:13:50,BSCI425,0101,Kan Cao,20,20,0,2026-10-07 05:18:26,2026-10-07 05:18:26.360
2026-10-07 05:13:50,BSCI430,0101,Eric Haag,35,35,0,2026-10-07 05:18:26,2026-10-07 05:18:26.754
2026-10-07 05:13:50,BSCI433,0101,Jeff Maltas,30,30,0,2026-10-07 05:18:27,2026-10-07 05:18:27.156
2026-10-07 05:13:50,BSCI435,0101,Joshua Weitz,18,18,0,2026-10-07 05:18:27,2026-10-07 05:18:27.560
2026-10-07 05:13:50,BSCI436,0101,Jonathan Dinman,60,60,0,2026-10-07 05:18:27,2026-10-07 05:18:27.957
2026-10-07 05:13:50,BSCI437,0101,Jeffrey DeStefano,70,70,0,2026-10-07 05:18:28,2026-10-07 05:18:28.367
2026-10-07 05:13:50,BSCI437,ESG1,Gilad Ofek,40,40,0,2026-10-07 05:18:28,2026-10-07 05:18:28.367
2026-10-07 05:13:50,BSCI437H,0101,Jeffrey DeStefano,8,8,0,2026-10-07 05:18:28,2026-10-07 05:18:28.764
2026-10-07 05:13:50,BSCI439B,ESG1,Maira Goytia,40,40,0,2026-10-07 05:18:29,2026-10-07 05:18:29.177
2026-10-07 05:13:50,BSCI439E,0101,Beatrice Kondo,5,5,0,2026-10-07 05:18:29,2026-10-07 05:18:29.592
2026-10-07 05:13:50,BSCI439G,0101,Beatrice Kondo,5,5,0,2026-10-07 05:18:29,2026-10-07 05:18:29.989
2026-10-07 05:13:50,BSCI439L,0101,Instructor: TBA,5,5,0,2026-10-07 05:18:30,2026-10-07 05:18:30.436
2026-10-07 05:13:50,BSCI439Z,0101,Amanda Chicoli,20,20,0,2026-10-07 05:18:30,2026-10-07 05:18:30.840
2026-10-07 05:13:50,BSCI442,0101,Jose Feijo,20,20,0,2026-10-07 05:18:31,2026-10-07 05:18:31.249
2026-10-07 05:13:50,BSCI442,0102,Jose Feijo,20,20,0,2026-10-07 05:18:31,2026-10-07 05:18:31.250
2026-10-07 05:13:50,BSCI450,0101,Juan Angueyra,130,130,0,2026-10-07 05:18:31,2026-10-07 05:18:31.646
2026-10-07 05:13:50,BSCI450,0201,Joshua Singer,120,120,0,2026-10-07 05:18:31,2026-10-07 05:18:31.647
2026-10-07 05:13:50,BSCI450,PDS1,William Higgins,20,20,0,2026-10-07 05:18:31,2026-10-07 05:18:31.647
2026-10-07 05:13:50,BSCI451,0101,Corine Van der Weele,20,20,0,2026-10-07 05:18:32,2026-10-07 05:18:32.047
2026-10-07 05:13:50,BSCI451,0102,Corine Van der Weele,20,20,0,2026-10-07 05:18:32,2026-10-07 05:18:32.047
2026-10-07 05:13:50,BSCI451,0103,Corine Van der Weele,20,20,0,2026-10-07 05:18:32,2026-10-07 05:18:32.047
2026-10-07 05:13:50,BSCI451,0104,Corine Van der Weele,20,20,0,2026-10-07 05:18:32,2026-10-07 05:18:32.047
2026-10-07 05:13:50,BSCI452,0101,Chan Lin,40,40,0,2026-10-07 05:18:32,2026-10-07 05:18:32.681
2026-10-07 05:13:50,BSCI452,SES1,Chan Lin,20,20,0,2026-10-07 05:18:32,2026-10-07 05:18:32.681
2026-10-07 05:13:50,BSCI453,0101,Nikolas Francis,38,38,0,2026-10-07 05:18:33,2026-10-07 05:18:33.112
2026-10-07 05:13:50,BSCI455,0101,Hilary Bierman,16,16,0,2026-10-07 05:18:33,2026-10-07 05:18:33.769
2026-10-07 05:13:50,BSCI455,0102,Hilary Bierman,16,16,0,2026-10-07 05:18:33,2026-10-07 05:18:33.769
2026-10-07 05:13:50,BSCI455,0103,Hilary Bierman,16,16,0,2026-10-07 05:18:33,2026-10-07 05:18:33.770
2026-10-07 05:13:50,BSCI456,0101,Colenso Speer,5,5,0,2026-10-07 05:18:34,2026-10-07 05:18:34.168
2026-10-07 05:13:50,BSCI477,0101,Emily Bruns,40,40,0,2026-10-07 05:18:34,2026-10-07 05:18:34.789
2026-10-07 05:13:50,BSCI487,0101,Kelly Hamby,24,24,0,2026-10-07 05:18:35,2026-10-07 05:18:35.414
2026-10-07 05:13:50,BSOS355,0101,Liza Lebrun,40,40,0,2026-10-07 05:18:37,2026-10-07 05:18:37.701
2026-10-07 05:13:50,BSOS361,0101,TC Lloyd,30,30,0,2026-10-07 05:18:38,2026-10-07 05:18:38.099
2026-10-07 05:13:50,BSOS361,0102,TC Lloyd,30,30,0,2026-10-07 05:18:38,2026-10-07 05:18:38.099
2026-10-07 05:13:50,BSOS448M,0101,Brandee Pettus,12,12,0,2026-10-07 05:18:38,2026-10-07 05:18:38.491
2026-10-07 05:13:50,BUMO600,0501,Sheetal Singh,52,52,0,2026-10-07 05:19:07,2026-10-07 05:19:07.616
2026-10-07 05:13:50,BUMO604,0501,Jon Crocker,0,0,0,2026-10-07 05:19:08,2026-10-07 05:19:08.055
2026-10-07 05:13:50,BUMO614,0501,Waverly Ding,58,58,0,2026-10-07 05:19:08,2026-10-07 05:19:08.460
2026-10-07 05:13:50,BUMO701,0501,Jason Choi,65,65,0,2026-10-07 05:19:08,2026-10-07 05:19:09.001
2026-10-07 05:13:50,BUMO703,0501,Mary Beth Furst,65,65,0,2026-10-07 05:19:09,2026-10-07 05:19:09.407
2026-10-07 05:13:50,BUMO711,0501,Sheetal Singh,65,65,0,2026-10-07 05:19:09,2026-10-07 05:19:09.800
2026-10-07 05:13:50,BUMO714,0501,Rellie Rozin,0,0,0,2026-10-07 05:19:10,2026-10-07 05:19:10.216
2026-10-07 05:13:50,BUMO723,0501,Stephen Sclafani,58,58,0,2026-10-07 05:19:10,2026-10-07 05:19:10.619
2026-10-07 05:13:50,BUMO724,0501,Stephen Sclafani,58,58,0,2026-10-07 05:19:11,2026-10-07 05:19:11.012
2026-10-07 05:13:50,BUMO726,0501,Stephen Sclafani,58,58,0,2026-10-07 05:19:11,2026-10-07 05:19:11.416
2026-10-07 05:13:50,BUMO731,0501,Balaji Padmanabhan,58,58,0,2026-10-07 05:19:11,2026-10-07 05:19:11.875
2026-10-07 05:13:50,BUMO733,0501,Balaji Padmanabhan,58,58,0,2026-10-07 05:19:12,2026-10-07 05:19:12.268
2026-10-07 05:13:50,BUMO758P,0501,Jon Crocker,37,37,0,2026-10-07 05:19:12,2026-10-07 05:19:12.671
2026-10-07 05:13:50,BUMO780,0501,Jennifer Marr,37,37,0,2026-10-07 05:19:13,2026-10-07 05:19:13.478
2026-10-07 05:13:50,BUMO780,0502,Jennifer Marr,37,37,0,2026-10-07 05:19:13,2026-10-07 05:19:13.479
2026-10-07 05:13:50,BUMO782,0501,Mike Hoffmeyer,40,40,0,2026-10-07 05:19:13,2026-10-07 05:19:13.897
2026-10-07 05:13:50,BUMO785,0501,Maria Bustamante,65,65,0,2026-10-07 05:19:14,2026-10-07 05:19:14.286
2026-10-07 05:13:50,BUMO790,0501,Roy Thomason,65,65,0,2026-10-07 05:19:14,2026-10-07 05:19:14.685
2026-10-07 05:13:50,BUMO790,0502,Roy Thomason,65,65,0,2026-10-07 05:19:14,2026-10-07 05:19:14.685
2026-10-07 05:13:50,BUMO791,0501,Roy Thomason,65,65,0,2026-10-07 05:19:15,2026-10-07 05:19:15.491
2026-10-07 05:13:50,BUMO791,0502,Roy Thomason,65,65,0,2026-10-07 05:19:15,2026-10-07 05:19:15.491
2026-10-07 05:13:50,CHIN100,0101,Yuli Wang,15,15,0,2026-10-07 05:20:13,2026-10-07 05:20:13.492
2026-10-07 05:13:50,CHIN121,0101,Mei Kong,15,15,0,2026-10-07 05:20:13,2026-10-07 05:20:13.888
2026-10-07 05:13:50,CHIN122,0101,Mei Kong,15,15,0,2026-10-07 05:20:15,2026-10-07 05:20:15.250
2026-10-07 05:13:50,CHIN122,0201,Mei Kong,15,15,0,2026-10-07 05:20:15,2026-10-07 05:20:15.250
2026-10-07 05:13:50,CHIN122,0301,Guiling Hu,15,15,0,2026-10-07 05:20:15,2026-10-07 05:20:15.251
2026-10-07 05:13:50,CHIN207,0101,Guiling Hu,15,15,0,2026-10-07 05:20:15,2026-10-07 05:20:15.653
2026-10-07 05:13:50,CHIN207,0201,Guiling Hu,15,15,0,2026-10-07 05:20:15,2026-10-07 05:20:15.653
2026-10-07 05:13:50,CHIN302,0101,Jungjung Lee,15,15,0,2026-10-07 05:20:16,2026-10-07 05:20:16.065
2026-10-07 05:13:50,CHIN302,0201,Jungjung Lee,15,15,0,2026-10-07 05:20:16,2026-10-07 05:20:16.065
2026-10-07 05:13:50,CHIN307,0101,Minglang Zhou,25,25,0,2026-10-07 05:20:16,2026-10-07 05:20:16.468
2026-10-07 05:13:50,CHIN315,0101,Mei Nan,30,30,0,2026-10-07 05:20:16,2026-10-07 05:20:16.905
2026-10-07 05:13:50,CHIN332,0101,Yuli Wang,15,15,0,2026-10-07 05:20:17,2026-10-07 05:20:17.335
2026-10-07 05:13:50,CHIN402,0101,Jungjung Lee,15,15,0,2026-10-07 05:20:18,2026-10-07 05:20:18.133
2026-10-07 05:13:50,CHIN415,0101,Jungjung Lee,15,15,0,2026-10-07 05:20:18,2026-10-07 05:20:18.536
2026-10-07 05:13:50,CHIN418O,0101,Mei Nan,25,25,0,2026-10-07 05:20:18,2026-10-07 05:20:18.945
2026-10-07 05:13:50,CHIN441,0101,Andrew Schonebaum,20,20,0,2026-10-07 05:20:19,2026-10-07 05:20:19.354
2026-10-07 05:13:50,CHSE205,0101,Yewon Lee,60,60,0,2026-10-07 05:20:23,2026-10-07 05:20:23.833
2026-10-07 05:13:50,CHSE205,0201,Katryna Andrusik,50,50,0,2026-10-07 05:20:23,2026-10-07 05:20:23.833
2026-10-07 05:13:50,CHSE228D,0101,Nikita Kimani,16,16,0,2026-10-07 05:20:24,2026-10-07 05:20:24.239
2026-10-07 05:13:50,CHSE376,0101,Michael Dunham,20,20,0,2026-10-07 05:20:24,2026-10-07 05:20:24.635
2026-10-07 05:13:50,CHSE376,0201,Elizabeth Martinez,20,20,0,2026-10-07 05:20:24,2026-10-07 05:20:24.635
2026-10-07 05:13:50,CHSE376,0301,Colleen McGilpin,20,20,0,2026-10-07 05:20:24,2026-10-07 05:20:24.636
2026-10-07 05:13:50,CHSE376,0401,Chanai Brewster,20,20,0,2026-10-07 05:20:24,2026-10-07 05:20:24.636
2026-10-07 05:13:50,CHSE376,0501,Michael Dunham,20,20,0,2026-10-07 05:20:24,2026-10-07 05:20:24.636
2026-10-07 05:13:50,CHSE476,0101,Michael Dunham,20,20,0,2026-10-07 05:20:25,2026-10-07 05:20:25.454
2026-10-07 05:13:50,CHSE477,0101,Michael Dunham,18,18,0,2026-10-07 05:20:25,2026-10-07 05:20:25.847
2026-10-07 05:13:50,CHSE480,0101,Michael Dunham,18,18,0,2026-10-07 05:20:26,2026-10-07 05:20:26.262
2026-10-07 05:13:50,CHSE489,1901,Amy D'Agati,10,10,0,2026-10-07 05:20:26,2026-10-07 05:20:26.652
2026-10-07 05:13:50,CINE245,0201,Instructor: TBA,27,27,0,2026-10-07 05:20:29,2026-10-07 05:20:29.809
2026-10-07 05:13:50,CINE245,0301,Alan Montroso,27,27,0,2026-10-07 05:20:29,2026-10-07 05:20:29.809
2026-10-07 05:13:50,CINE280,0101,Eric Zakim,25,25,0,2026-10-07 05:20:30,2026-10-07 05:20:30.208
2026-10-07 05:13:50,CINE280,0102,Eric Zakim,25,25,0,2026-10-07 05:20:30,2026-10-07 05:20:30.209
2026-10-07 05:13:50,CINE280,0103,Eric Zakim,25,25,0,2026-10-07 05:20:30,2026-10-07 05:20:30.209
2026-10-07 05:13:50,CINE280,0104,Eric Zakim,25,25,0,2026-10-07 05:20:30,2026-10-07 05:20:30.209
2026-10-07 05:13:50,CINE282,0101,Susan Pramschufer,35,35,0,2026-10-07 05:20:30,2026-10-07 05:20:30.623
2026-10-07 05:13:50,CINE298B,0101,Sean Pue,20,20,0,2026-10-07 05:20:31,2026-10-07 05:20:31.018
2026-10-07 05:13:50,CINE302,0101,Luka Arsenjuk,30,30,0,2026-10-07 05:20:31,2026-10-07 05:20:31.422
2026-10-07 05:13:50,CINE310,0101,Nathaniel Stevens,15,15,0,2026-10-07 05:20:31,2026-10-07 05:20:31.828
2026-10-07 05:13:50,CINE319A,0101,Paul Cote,20,20,0,2026-10-07 05:20:32,2026-10-07 05:20:32.222
2026-10-07 05:13:50,CINE319I,0101,Yael Inbar,15,15,0,2026-10-07 05:20:32,2026-10-07 05:20:32.617
2026-10-07 05:13:50,CINE319P,5501,Samuel Crawford,10,10,0,2026-10-07 05:20:33,2026-10-07 05:20:33.025
2026-10-07 05:13:50,CINE329E,0101,Elizabeth Papazian,25,25,0,2026-10-07 05:20:33,2026-10-07 05:20:33.433
2026-10-07 05:13:50,CINE329N,0101,Daniel Richter,25,25,0,2026-10-07 05:20:33,2026-10-07 05:20:33.896
2026-10-07 05:13:50,CINE329Z,0101,Daniel Richter,25,25,0,2026-10-07 05:20:34,2026-10-07 05:20:34.298
2026-10-07 05:13:50,CINE335,0101,Jason Kuo,25,25,0,2026-10-07 05:20:34,2026-10-07 05:20:34.753
2026-10-07 05:13:50,CINE369C,0101,Mauro Resmini,40,40,0,2026-10-07 05:20:35,2026-10-07 05:20:35.146
2026-10-07 05:13:50,CINE369F,0101,Alexis Lothian,30,30,0,2026-10-07 05:20:35,2026-10-07 05:20:35.556
2026-10-07 05:13:50,CINE369K,0101,Paul Cote,20,20,0,2026-10-07 05:20:35,2026-10-07 05:20:35.959
2026-10-07 05:13:50,CINE376,0101,Ross Angelella,14,14,0,2026-10-07 05:20:36,2026-10-07 05:20:36.367
2026-10-07 05:13:50,CINE376,0102,Ross Angelella,5,5,0,2026-10-07 05:20:36,2026-10-07 05:20:36.367
2026-10-07 05:13:50,CINE419E,0101,Stephanie Sapienza,15,15,0,2026-10-07 05:20:37,2026-10-07 05:20:37.165
2026-10-07 05:13:50,CINE429O,0101,Mei Nan,25,25,0,2026-10-07 05:20:37,2026-10-07 05:20:37.608
2026-10-07 05:13:50,CINE459C,0101,Saverio Giovacchini,54,54,0,2026-10-07 05:20:37,2026-10-07 05:20:37.997
2026-10-07 05:13:50,CINE469Y,0101,Jason Kuo,14,14,0,2026-10-07 05:20:38,2026-10-07 05:20:38.392
2026-10-07 05:13:50,CLAS170,0101,Katherine Wasdin,21,21,0,2026-10-07 05:20:40,2026-10-07 05:20:40.553
2026-10-07 05:13:50,CLAS170,0102,Katherine Wasdin,21,21,0,2026-10-07 05:20:40,2026-10-07 05:20:40.553
2026-10-07 05:13:50,CLAS170,0103,Katherine Wasdin,21,21,0,2026-10-07 05:20:40,2026-10-07 05:20:40.554
2026-10-07 05:13:50,CLAS170,0104,Katherine Wasdin,21,21,0,2026-10-07 05:20:40,2026-10-07 05:20:40.554
2026-10-07 05:13:50,CLAS170,0105,Katherine Wasdin,21,21,0,2026-10-07 05:20:40,2026-10-07 05:20:40.554
2026-10-07 05:13:50,CLAS170,0106,Katherine Wasdin,21,21,0,2026-10-07 05:20:40,2026-10-07 05:20:40.554
2026-10-07 05:13:50,CLAS170,0107,Katherine Wasdin,21,21,0,2026-10-07 05:20:40,2026-10-07 05:20:40.554
2026-10-07 05:13:50,CLAS170,0108,Katherine Wasdin,21,21,0,2026-10-07 05:20:40,2026-10-07 05:20:40.554
2026-10-07 05:13:50,CLAS170,0109,Katherine Wasdin,21,21,0,2026-10-07 05:20:40,2026-10-07 05:20:40.555
2026-10-07 05:13:50,CLAS276,0101,Eric Adler,25,25,0,2026-10-07 05:20:40,2026-10-07 05:20:40.972
2026-10-07 05:13:50,CLAS276,0102,Eric Adler,25,25,0,2026-10-07 05:20:40,2026-10-07 05:20:40.973
2026-10-07 05:13:50,CLAS276,0103,Eric Adler,25,25,0,2026-10-07 05:20:40,2026-10-07 05:20:40.973
2026-10-07 05:13:50,CLAS276,0104,Eric Adler,25,25,0,2026-10-07 05:20:40,2026-10-07 05:20:40.973
2026-10-07 05:13:50,CLAS276,0105,Eric Adler,25,25,0,2026-10-07 05:20:40,2026-10-07 05:20:40.973
2026-10-07 05:13:50,CLAS276,0106,Eric Adler,25,25,0,2026-10-07 05:20:40,2026-10-07 05:20:40.973
2026-10-07 05:13:50,CLAS333,0101,Nathan Levine,35,35,0,2026-10-07 05:20:41,2026-10-07 05:20:41.378
2026-10-07 05:13:50,CLAS340,0101,Katherine Wasdin,35,35,0,2026-10-07 05:20:41,2026-10-07 05:20:41.893
2026-10-07 05:13:50,CMLT235,0101,Instructor: TBA,30,30,0,2026-10-07 05:20:44,2026-10-07 05:20:44.055
2026-10-07 05:13:50,CMLT270,0201,Instructor: TBA,30,30,0,2026-10-07 05:20:44,2026-10-07 05:20:44.464
2026-10-07 05:13:50,CMLT270,0301,Instructor: TBA,30,30,0,2026-10-07 05:20:44,2026-10-07 05:20:44.465
2026-10-07 05:13:50,CMLT275,0101,Instructor: TBA,30,30,0,2026-10-07 05:20:44,2026-10-07 05:20:44.869
2026-10-07 05:13:50,CMLT277,0101,Instructor: TBA,30,30,0,2026-10-07 05:20:45,2026-10-07 05:20:45.264
2026-10-07 05:13:50,CMLT280,0101,Eric Zakim,25,25,0,2026-10-07 05:20:45,2026-10-07 05:20:45.681
2026-10-07 05:13:50,CMLT280,0102,Eric Zakim,25,25,0,2026-10-07 05:20:45,2026-10-07 05:20:45.681
2026-10-07 05:13:50,CMLT280,0103,Eric Zakim,25,25,0,2026-10-07 05:20:45,2026-10-07 05:20:45.681
2026-10-07 05:13:50,CMLT280,0104,Eric Zakim,25,25,0,2026-10-07 05:20:45,2026-10-07 05:20:45.681
2026-10-07 05:13:50,CPBE101,0101,Oliver Schlake,75,75,0,2026-10-07 05:21:15,2026-10-07 05:21:15.787
2026-10-07 05:13:50,CPBE230,0101,Obioma Akaigwe,30,30,0,2026-10-07 05:21:16,2026-10-07 05:21:16.200
2026-10-07 05:13:50,CPBE240,0101,Obioma Akaigwe,20,20,0,2026-10-07 05:21:16,2026-10-07 05:21:16.594
2026-10-07 05:13:50,CPBE250,0101,Obioma Akaigwe,30,30,0,2026-10-07 05:21:16,2026-10-07 05:21:16.989
2026-10-07 05:13:50,CPCV101,0101,Julie Randolph,40,40,0,2026-10-07 05:21:18,2026-10-07 05:21:18.728
2026-10-07 05:13:50,CPCV101,0201,Julie Randolph,40,40,0,2026-10-07 05:21:18,2026-10-07 05:21:18.728
2026-10-07 05:13:50,CPCV230,0101,Korey Rothman,20,20,0,2026-10-07 05:21:19,2026-10-07 05:21:19.142
2026-10-07 05:13:50,CPCV230,0201,Korey Rothman,20,20,0,2026-10-07 05:21:19,2026-10-07 05:21:19.143
2026-10-07 05:13:50,CPDJ101,0101,Jess Feltner,75,75,0,2026-10-07 05:21:20,2026-10-07 05:21:20.901
2026-10-07 05:13:50,CPDJ230,0101,Andrew Fellows,10,10,0,2026-10-07 05:21:21,2026-10-07 05:21:21.312
2026-10-07 05:13:50,CPDJ240,0101,Andrew Fellows,8,8,0,2026-10-07 05:21:21,2026-10-07 05:21:21.767
2026-10-07 05:13:50,CPDJ250,0101,Andrew Fellows,10,10,0,2026-10-07 05:21:22,2026-10-07 05:21:22.173
2026-10-07 05:13:50,CPET101,0101,Dani Moore,78,78,0,2026-10-07 05:21:24,2026-10-07 05:21:24.517
2026-10-07 05:13:50,CPET230,0101,Tim Knight,50,50,0,2026-10-07 05:21:25,2026-10-07 05:21:25.005
2026-10-07 05:13:50,CPET240,0101,Tim Knight,20,20,0,2026-10-07 05:21:25,2026-10-07 05:21:25.404
2026-10-07 05:13:50,CPET250,0101,Tim Knight,15,15,0,2026-10-07 05:21:25,2026-10-07 05:21:25.798
2026-10-07 05:13:50,CPGH101,0101,Angshuman Kashyap,75,75,0,2026-10-07 05:21:27,2026-10-07 05:21:27.562
2026-10-07 05:13:50,CPGH210,0101,Haley Clark,80,80,0,2026-10-07 05:21:27,2026-10-07 05:21:27.968
2026-10-07 05:13:50,CPGH230,0101,John Wiggins,30,30,0,2026-10-07 05:21:28,2026-10-07 05:21:28.419
2026-10-07 05:13:50,CPGH240,0101,John Wiggins,30,30,0,2026-10-07 05:21:28,2026-10-07 05:21:28.811
2026-10-07 05:13:50,CPGH250,0101,John Wiggins,25,25,0,2026-10-07 05:21:29,2026-10-07 05:21:29.220
2026-10-07 05:13:50,CPGH270,0101,Elisabeth Maring,5,5,0,2026-10-07 05:21:29,2026-10-07 05:21:29.612
2026-10-07 05:13:50,CPJT101,0101,Justine DeCamillis,75,75,0,2026-10-07 05:21:31,2026-10-07 05:21:31.443
2026-10-07 05:13:50,CPJT230,0101,Justine DeCamillis,35,35,0,2026-10-07 05:21:31,2026-10-07 05:21:31.869
2026-10-07 05:13:50,CPJT240,0101,Justine DeCamillis,25,25,0,2026-10-07 05:21:32,2026-10-07 05:21:32.309
2026-10-07 05:13:50,CPJT250,0101,Victoria Worley,25,25,0,2026-10-07 05:21:32,2026-10-07 05:21:32.716
2026-10-07 05:13:50,CPMS101,0101,Alison Burns,75,75,0,2026-10-07 05:21:34,2026-10-07 05:21:34.447
2026-10-07 05:13:50,CPMS230,0101,Alison Burns,30,30,0,2026-10-07 05:21:34,2026-10-07 05:21:34.850
2026-10-07 05:13:50,CPMS240,0101,Alison Burns,15,15,0,2026-10-07 05:21:35,2026-10-07 05:21:35.251
2026-10-07 05:13:50,CPPL101,0101,Kelly Brower,75,75,0,2026-10-07 05:21:36,2026-10-07 05:21:36.971
2026-10-07 05:13:50,CPSA101,0101,Heather-Erin Bremenstuhl,75,75,0,2026-10-07 05:21:38,2026-10-07 05:21:38.738
2026-10-07 05:13:50,CPSA149,0101,Harold Burgess,20,20,0,2026-10-07 05:21:39,2026-10-07 05:21:39.131
2026-10-07 05:13:50,CPSA201,0101,Heather-Erin Bremenstuhl,75,75,0,2026-10-07 05:21:39,2026-10-07 05:21:39.529
2026-10-07 05:13:50,CPSA240,0101,Harold Burgess,15,15,0,2026-10-07 05:21:39,2026-10-07 05:21:39.934
2026-10-07 05:13:50,CPSA250,0101,Heather-Erin Bremenstuhl,10,10,0,2026-10-07 05:21:40,2026-10-07 05:21:40.330
2026-10-07 05:13:50,CPSA250,0201,Heather-Erin Bremenstuhl,10,10,0,2026-10-07 05:21:40,2026-10-07 05:21:40.330
2026-10-07 05:13:50,CPSA250,0301,Heather-Erin Bremenstuhl,10,10,0,2026-10-07 05:21:40,2026-10-07 05:21:40.330
2026-10-07 05:13:50,CPSA260,0101,Harold Burgess,10,10,0,2026-10-07 05:21:40,2026-10-07 05:21:40.745
2026-10-07 05:13:50,CPSA260,0201,Harold Burgess,10,10,0,2026-10-07 05:21:40,2026-10-07 05:21:40.745
2026-10-07 05:13:50,CPSA260,0301,Heather-Erin Bremenstuhl,10,10,0,2026-10-07 05:21:40,2026-10-07 05:21:40.746
2026-10-07 05:13:50,CPSF101,0101,Erin Thomson,75,75,0,2026-10-07 05:21:42,2026-10-07 05:21:42.567
2026-10-07 05:13:50,CPSG101,0101,Thomas Holtz,75,75,0,2026-10-07 05:21:44,2026-10-07 05:21:44.321
2026-10-07 05:13:50,CPSG230,0101,John Merck,50,50,0,2026-10-07 05:21:44,2026-10-07 05:21:44.715
2026-10-07 05:13:50,CPSG240,0101,John Merck,25,25,0,2026-10-07 05:21:45,2026-10-07 05:21:45.110
2026-10-07 05:13:50,CPSG250,0101,John Merck,25,25,0,2026-10-07 05:21:45,2026-10-07 05:21:45.512
2026-10-07 05:13:50,CPSN101,0101,Hansol Kwak,75,75,0,2026-10-07 05:21:47,2026-10-07 05:21:47.270
2026-10-07 05:13:50,CPSN230,0101,Ellin Chung,40,40,0,2026-10-07 05:21:47,2026-10-07 05:21:47.674
2026-10-07 05:13:50,CPSN240,0101,Ellin Chung,15,15,0,2026-10-07 05:21:48,2026-10-07 05:21:48.074
2026-10-07 05:13:50,CPSN250,0101,Hansol Kwak,25,25,0,2026-10-07 05:21:48,2026-10-07 05:21:48.502
2026-10-07 05:13:50,CPSP110,0101,Instructor: TBA,18,18,0,2026-10-07 05:21:50,2026-10-07 05:21:50.308
2026-10-07 05:13:50,CPSP110,0201,Instructor: TBA,18,18,0,2026-10-07 05:21:50,2026-10-07 05:21:50.308
2026-10-07 05:13:50,CPSP110,0301,Instructor: TBA,18,18,0,2026-10-07 05:21:50,2026-10-07 05:21:50.309
2026-10-07 05:13:50,CPSP210,0101,Christine Alexander,20,20,0,2026-10-07 05:21:50,2026-10-07 05:21:50.705
2026-10-07 05:13:50,CPSP239A,0101,Heather-Erin Bremenstuhl,10,10,0,2026-10-07 05:21:51,2026-10-07 05:21:51.096
2026-10-07 05:13:50,CPSP259J,0101,Alison Burns,10,10,0,2026-10-07 05:21:51,2026-10-07 05:21:51.506
2026-10-07 05:13:50,CPSP279N,0101,Stacy Kosko,10,10,0,2026-10-07 05:21:51,2026-10-07 05:21:51.912
2026-10-07 05:13:50,CPSP339P,0101,Kelly Brower,15,15,0,2026-10-07 05:21:52,2026-10-07 05:21:52.311
2026-10-07 05:13:50,CPSP359G,0101,John Merck,25,25,0,2026-10-07 05:21:52,2026-10-07 05:21:52.698
2026-10-07 05:13:50,CPSP359S,0101,David Eubanks,24,24,0,2026-10-07 05:21:53,2026-10-07 05:21:53.103
2026-10-07 05:13:50,CPSP369E,0101,Tim Knight,7,7,0,2026-10-07 05:21:53,2026-10-07 05:21:53.503
2026-10-07 05:13:50,CPSP369E,0102,Tim Knight,5,5,0,2026-10-07 05:21:53,2026-10-07 05:21:53.503
2026-10-07 05:13:50,CPSS101,0101,Christine Alexander,75,75,0,2026-10-07 05:21:55,2026-10-07 05:21:55.249
2026-10-07 05:13:50,CPSS225,0101,Roan Parrish,20,20,0,2026-10-07 05:21:55,2026-10-07 05:21:55.652
2026-10-07 05:13:50,CPSS225,0201,Thomas Zeller,20,20,0,2026-10-07 05:21:55,2026-10-07 05:21:55.652
2026-10-07 05:13:50,CPSS240,0101,Timothy Reedy,25,25,0,2026-10-07 05:21:56,2026-10-07 05:21:56.048
2026-10-07 05:13:50,CPSS340,0101,Nicole Mogul,20,20,0,2026-10-07 05:21:56,2026-10-07 05:21:56.456
2026-10-07 05:13:50,DATA100,0111,Matthew Griffin,27,27,0,2026-10-07 05:22:12,2026-10-07 05:22:12.807
2026-10-07 05:13:50,DATA100,0112,Matthew Griffin,27,27,0,2026-10-07 05:22:12,2026-10-07 05:22:12.807
2026-10-07 05:13:50,DATA100,0121,Matthew Griffin,27,27,0,2026-10-07 05:22:12,2026-10-07 05:22:12.807
2026-10-07 05:13:50,DATA100,0122,Matthew Griffin,27,27,0,2026-10-07 05:22:12,2026-10-07 05:22:12.807
2026-10-07 05:13:50,DATA100,0123,Matthew Griffin,27,27,0,2026-10-07 05:22:12,2026-10-07 05:22:12.807
2026-10-07 05:13:50,DATA100,0131,Matthew Griffin,27,27,0,2026-10-07 05:22:12,2026-10-07 05:22:12.807
2026-10-07 05:13:50,DATA100,0211,Matthew Griffin,27,27,0,2026-10-07 05:22:12,2026-10-07 05:22:12.808
2026-10-07 05:13:50,DATA100,0212,Matthew Griffin,27,27,0,2026-10-07 05:22:12,2026-10-07 05:22:12.808
2026-10-07 05:13:50,DATA100,0221,Matthew Griffin,27,27,0,2026-10-07 05:22:12,2026-10-07 05:22:12.808
2026-10-07 05:13:50,DATA100,0222,Matthew Griffin,27,27,0,2026-10-07 05:22:12,2026-10-07 05:22:12.808
2026-10-07 05:13:50,DATA100,0223,Matthew Griffin,27,27,0,2026-10-07 05:22:12,2026-10-07 05:22:12.808
2026-10-07 05:13:50,DATA100,0224,Matthew Griffin,27,27,0,2026-10-07 05:22:12,2026-10-07 05:22:12.809
2026-10-07 05:13:50,DATA100,0231,Matthew Griffin,27,27,0,2026-10-07 05:22:12,2026-10-07 05:22:12.809
2026-10-07 05:13:50,DATA100,0241,Matthew Griffin,27,27,0,2026-10-07 05:22:12,2026-10-07 05:22:12.809
2026-10-07 05:13:50,DATA100,0242,Matthew Griffin,27,27,0,2026-10-07 05:22:12,2026-10-07 05:22:12.809
2026-10-07 05:13:50,DATA100,0311,Jonathan Fernandes,25,25,0,2026-10-07 05:22:12,2026-10-07 05:22:12.809
2026-10-07 05:13:50,DATA100,0312,Jonathan Fernandes,25,25,0,2026-10-07 05:22:12,2026-10-07 05:22:12.810
2026-10-07 05:13:50,DATA100,0321,Jonathan Fernandes,25,25,0,2026-10-07 05:22:12,2026-10-07 05:22:12.810
2026-10-07 05:13:50,DATA100,0322,Jonathan Fernandes,25,25,0,2026-10-07 05:22:12,2026-10-07 05:22:12.810
2026-10-07 05:13:50,DATA100,0323,Jonathan Fernandes,25,25,0,2026-10-07 05:22:12,2026-10-07 05:22:12.810
2026-10-07 05:13:50,DATA110,0101,Susan Mazzullo,310,310,0,2026-10-07 05:22:13,2026-10-07 05:22:13.217
2026-10-07 05:13:50,DATA120,0101,Fardina Alam,200,200,0,2026-10-07 05:22:13,2026-10-07 05:22:13.624
2026-10-07 05:13:50,DATA200,0101,Fardina Alam,90,90,0,2026-10-07 05:22:14,2026-10-07 05:22:14.022
2026-10-07 05:13:50,DATA250,0101,Todd Rowland,30,30,0,2026-10-07 05:22:14,2026-10-07 05:22:14.419
2026-10-07 05:13:50,DATA320,0101,Maksym Morawski,20,20,0,2026-10-07 05:22:14,2026-10-07 05:22:14.826
2026-10-07 05:13:50,DATA320,0201,Fardina Alam,20,20,0,2026-10-07 05:22:14,2026-10-07 05:22:14.826
2026-10-07 05:13:50,DATA320,0301,Anna Evtushenko,12,12,0,2026-10-07 05:22:14,2026-10-07 05:22:14.826
2026-10-07 05:13:50,DATA350,0101,Todd Rowland,30,30,0,2026-10-07 05:22:15,2026-10-07 05:22:15.233
2026-10-07 05:13:50,DATA350,0201,Raluca Rosca,30,30,0,2026-10-07 05:22:15,2026-10-07 05:22:15.233
2026-10-07 05:13:50,DATA400,0111,Archana Khurana,27,27,0,2026-10-07 05:22:15,2026-10-07 05:22:15.651
2026-10-07 05:13:50,DATA400,0121,Archana Khurana,27,27,0,2026-10-07 05:22:15,2026-10-07 05:22:15.651
2026-10-07 05:13:50,DATA400,0131,Archana Khurana,27,27,0,2026-10-07 05:22:15,2026-10-07 05:22:15.651
2026-10-07 05:13:50,DATA400,0211,Salman Safdar,27,27,0,2026-10-07 05:22:15,2026-10-07 05:22:15.651
2026-10-07 05:13:50,DATA400,0311,Shixin Zheng,27,27,0,2026-10-07 05:22:15,2026-10-07 05:22:15.651
2026-10-07 05:13:50,DATA400,0321,Shixin Zheng,27,27,0,2026-10-07 05:22:15,2026-10-07 05:22:15.652
2026-10-07 05:13:50,DATA400,0331,Shixin Zheng,27,27,0,2026-10-07 05:22:15,2026-10-07 05:22:15.652
2026-10-07 05:13:50,DATA400,0411,Mestiyage Gunatilleka,27,27,0,2026-10-07 05:22:15,2026-10-07 05:22:15.652
2026-10-07 05:13:50,DATA400,0421,Mestiyage Gunatilleka,27,27,0,2026-10-07 05:22:15,2026-10-07 05:22:15.652
2026-10-07 05:13:50,DATA400,0431,Mestiyage Gunatilleka,27,27,0,2026-10-07 05:22:15,2026-10-07 05:22:15.652
2026-10-07 05:13:50,EALL361,0101,Jyana Browne,20,20,0,2026-10-07 05:22:17,2026-10-07 05:22:17.380
2026-10-07 05:13:50,EDDI300,0101,Nicole Mehta,20,20,0,2026-10-07 05:22:32,2026-10-07 05:22:32.841
2026-10-07 05:13:50,EMBA788G,GX01,Judy Frels,31,31,0,2026-10-07 05:23:09,2026-10-07 05:23:09.266
2026-10-07 05:13:50,EMBA788V,GX01,Zhi-Long Chen,31,31,0,2026-10-07 05:23:09,2026-10-07 05:23:09.690
2026-10-07 05:13:50,ENAI603,0101,A Seyed,35,35,0,2026-10-07 05:23:24,2026-10-07 05:23:24.636
2026-10-07 05:13:50,ENAI603,AEC1,A Seyed,20,20,0,2026-10-07 05:23:24,2026-10-07 05:23:24.636
2026-10-07 05:13:50,ENBC312,ESG1,Kyunghun Lee,20,20,0,2026-10-07 05:23:26,2026-10-07 05:23:26.507
2026-10-07 05:13:50,ENBC321,ESG1,Jamasp Azarnoosh,20,20,0,2026-10-07 05:23:26,2026-10-07 05:23:26.918
2026-10-07 05:13:50,ENBC342,ESG1,Lan Ma,20,20,0,2026-10-07 05:23:27,2026-10-07 05:23:27.328
2026-10-07 05:13:50,ENBC351,ESG1,Jarred Callura,20,20,0,2026-10-07 05:23:27,2026-10-07 05:23:27.725
2026-10-07 05:13:50,ENBC352,ESG1,Jarred Callura,20,20,0,2026-10-07 05:23:28,2026-10-07 05:23:28.251
2026-10-07 05:13:50,ENBC403,ESG1,Jamasp Azarnoosh,20,20,0,2026-10-07 05:23:28,2026-10-07 05:23:28.657
2026-10-07 05:13:50,ENBC441,ESG1,Lan Ma,20,20,0,2026-10-07 05:23:29,2026-10-07 05:23:29.065
2026-10-07 05:13:50,ENBC455,ESG1,Jarred Callura,20,20,0,2026-10-07 05:23:29,2026-10-07 05:23:29.458
2026-10-07 05:13:50,ENBC491,ESG1,Lan Ma,20,20,0,2026-10-07 05:23:29,2026-10-07 05:23:29.853
2026-10-07 05:13:50,ENCO099,0101,Lizzy Solovey,200,200,0,2026-10-07 05:23:40,2026-10-07 05:23:40.644
2026-10-07 05:13:50,ENEB304,ESG1,Nestor Michael Tiglao,20,20,0,2026-10-07 05:23:42,2026-10-07 05:23:42.414
2026-10-07 05:13:50,ENEB345,ESG1,Nestor Michael Tiglao,20,20,0,2026-10-07 05:23:42,2026-10-07 05:23:42.842
2026-10-07 05:13:50,ENEB352,ESG1,Mohamed Hany,20,20,0,2026-10-07 05:23:43,2026-10-07 05:23:43.242
2026-10-07 05:13:50,ENEB353,ESG1,Manoj Franklin,20,20,0,2026-10-07 05:23:43,2026-10-07 05:23:43.646
2026-10-07 05:13:50,ENEB355,ESG1,Nestor Michael Tiglao,20,20,0,2026-10-07 05:23:44,2026-10-07 05:23:44.037
2026-10-07 05:13:50,ENEB408B,ESG1,Jerry Wu,20,20,0,2026-10-07 05:23:44,2026-10-07 05:23:44.435
2026-10-07 05:13:50,ENEB443,ESG1,George Zaki,20,20,0,2026-10-07 05:23:44,2026-10-07 05:23:44.843
2026-10-07 05:13:50,ENEB453,ESG1,Nestor Michael Tiglao,20,20,0,2026-10-07 05:23:48,2026-10-07 05:23:48.012
2026-10-07 05:13:50,ENEB455,ESG1,Jerry Wu,20,20,0,2026-10-07 05:23:48,2026-10-07 05:23:48.419
2026-10-07 05:13:50,ENEB456,ESG1,Nestor Michael Tiglao,20,20,0,2026-10-07 05:23:48,2026-10-07 05:23:48.825
2026-10-07 05:13:50,ENED037,0101,Hillary Owusu,20,20,0,2026-10-07 05:23:50,2026-10-07 05:23:50.598
2026-10-07 05:13:50,ENED290H,0101,Christopher Troilo,45,45,0,2026-10-07 05:23:50,2026-10-07 05:23:50.995
2026-10-07 05:13:50,ENED390H,0101,Natcha Thawesaengskulthai,45,45,0,2026-10-07 05:23:51,2026-10-07 05:23:51.398
2026-10-07 05:13:50,ENED394H,0101,Maria Bardossy,40,40,0,2026-10-07 05:23:51,2026-10-07 05:23:51.791
2026-10-07 05:13:50,ENED396,0101,Jessica Roffe,24,24,0,2026-10-07 05:23:52,2026-10-07 05:23:52.190
2026-10-07 05:13:50,ENED397,0101,Emily Marks,9,9,0,2026-10-07 05:23:52,2026-10-07 05:23:52.594
2026-10-07 05:13:50,ENED490H,0101,David Ashley,45,45,0,2026-10-07 05:23:53,2026-10-07 05:23:53.012
2026-10-07 05:13:50,ENED491,0101,Jessica Roffe,10,10,0,2026-10-07 05:23:53,2026-10-07 05:23:53.409
2026-10-07 05:13:50,ENMT313,ESG1,Nicholas Limparis,3,3,0,2026-10-07 05:25:25,2026-10-07 05:25:25.372
2026-10-07 05:13:50,ENMT332,ESG1,Norman Wereley,4,4,0,2026-10-07 05:25:25,2026-10-07 05:25:25.787
2026-10-07 05:13:50,ENMT362,ESG1,Young Choi,3,3,0,2026-10-07 05:25:26,2026-10-07 05:25:26.190
2026-10-07 05:13:50,ENMT372,ESG1,Gurtajbir Herr,3,3,0,2026-10-07 05:25:26,2026-10-07 05:25:26.584
2026-10-07 05:13:50,ENMT477,ESG1,Gurtajbir Herr,7,7,0,2026-10-07 05:25:26,2026-10-07 05:25:26.986
2026-10-07 05:13:50,ENMT488C,ESG1,Colleen Murray,7,7,0,2026-10-07 05:25:27,2026-10-07 05:25:27.398
2026-10-07 05:13:50,ENMT488P,ESG1,Colleen Murray,7,7,0,2026-10-07 05:25:27,2026-10-07 05:25:27.799
2026-10-07 05:13:50,ENMT488Z,ESG1,Nicholas Limparis,7,7,0,2026-10-07 05:25:28,2026-10-07 05:25:28.193
2026-10-07 05:13:50,ENSP102,0101,Joanna Goger,22,22,0,2026-10-07 05:25:45,2026-10-07 05:25:45.668
2026-10-07 05:13:50,ENSP102,0102,Joanna Goger,22,22,0,2026-10-07 05:25:45,2026-10-07 05:25:45.668
2026-10-07 05:13:50,ENSP102,0103,Joanna Goger,23,23,0,2026-10-07 05:25:45,2026-10-07 05:25:45.668
2026-10-07 05:13:50,ENSP102,0104,Joanna Goger,22,22,0,2026-10-07 05:25:45,2026-10-07 05:25:45.669
2026-10-07 05:13:50,ENSP102,0105,Joanna Goger,22,22,0,2026-10-07 05:25:45,2026-10-07 05:25:45.669
2026-10-07 05:13:50,ENSP102,0106,Joanna Goger,22,22,0,2026-10-07 05:25:45,2026-10-07 05:25:45.669
2026-10-07 05:13:50,ENSP102,0107,Joanna Goger,22,22,0,2026-10-07 05:25:45,2026-10-07 05:25:45.669
2026-10-07 05:13:50,ENSP306,0101,Caroline Boules,30,30,0,2026-10-07 05:25:46,2026-10-07 05:25:46.066
2026-10-07 05:13:50,ENSP330,0101,Joanna Goger,35,35,0,2026-10-07 05:25:46,2026-10-07 05:25:46.467
2026-10-07 05:13:50,ENSP342,0101,Annette Spivy,35,35,0,2026-10-07 05:25:46,2026-10-07 05:25:46.874
2026-10-07 05:13:50,ENSP370,0101,Arielle Wharton,30,30,0,2026-10-07 05:25:47,2026-10-07 05:25:47.268
2026-10-07 05:13:50,ENSP399R,0101,Melissa Kenney,15,15,0,2026-10-07 05:25:48,2026-10-07 05:25:48.458
2026-10-07 05:13:50,ENSP399R,0301,Instructor: TBA,15,15,0,2026-10-07 05:25:48,2026-10-07 05:25:48.458
2026-10-07 05:13:50,ENSP399R,0601,Annette Spivy,10,10,0,2026-10-07 05:25:48,2026-10-07 05:25:48.458
2026-10-07 05:13:50,ENSP399R,1001,Jennifer Mullinax,10,10,0,2026-10-07 05:25:48,2026-10-07 05:25:48.458
2026-10-07 05:13:50,ENSP400,0101,Caroline Boules,30,30,0,2026-10-07 05:25:48,2026-10-07 05:25:48.864
2026-10-07 05:13:50,ENSP400,0102,Annette Spivy,30,30,0,2026-10-07 05:25:48,2026-10-07 05:25:48.864
2026-10-07 05:13:50,ENSP400,0104,Colleen O'Donnell,20,20,0,2026-10-07 05:25:48,2026-10-07 05:25:48.864
2026-10-07 05:13:50,FGSM398,0101,Jayakumar Arasan,120,120,0,2026-10-07 05:26:18,2026-10-07 05:26:18.347
2026-10-07 05:13:50,FGSM398,0201,Jayakumar Arasan,120,120,0,2026-10-07 05:26:18,2026-10-07 05:26:18.348
2026-10-07 05:13:50,GEMS102,0101,David Lovell,180,180,0,2026-10-07 05:26:52,2026-10-07 05:26:52.946
2026-10-07 05:13:50,GEMS208D,0101,Allison Lansverk,1,1,0,2026-10-07 05:26:53,2026-10-07 05:26:53.347
2026-10-07 05:13:50,GEMS208E,0101,Allison Lansverk,18,18,0,2026-10-07 05:26:53,2026-10-07 05:26:53.754
2026-10-07 05:13:50,GEMS208F,0201,Allison Lansverk,12,12,0,2026-10-07 05:26:54,2026-10-07 05:26:54.169
2026-10-07 05:13:50,GEMS208J,0101,Allison Lansverk,24,24,0,2026-10-07 05:26:54,2026-10-07 05:26:54.787
2026-10-07 05:13:50,GEMS208K,0101,Allison Lansverk,30,30,0,2026-10-07 05:26:55,2026-10-07 05:26:55.189
2026-10-07 05:13:50,GEMS208P,0101,Allison Lansverk,15,15,0,2026-10-07 05:26:55,2026-10-07 05:26:55.781
2026-10-07 05:13:50,GEMS208Q,0201,Allison Lansverk,1,1,0,2026-10-07 05:26:56,2026-10-07 05:26:56.175
2026-10-07 05:13:50,GEMS296,0113,David Lovell,5,5,0,2026-10-07 05:26:56,2026-10-07 05:26:56.580
2026-10-07 05:13:50,GEMS297,0101,Instructor: TBA,14,14,0,2026-10-07 05:26:57,2026-10-07 05:26:57.080
2026-10-07 05:13:50,GEMS297,0102,Instructor: TBA,14,14,0,2026-10-07 05:26:57,2026-10-07 05:26:57.080
2026-10-07 05:13:50,GEMS297,0103,Instructor: TBA,14,14,0,2026-10-07 05:26:57,2026-10-07 05:26:57.080
2026-10-07 05:13:50,GEMS297,0104,Instructor: TBA,14,14,0,2026-10-07 05:26:57,2026-10-07 05:26:57.081
2026-10-07 05:13:50,GEMS297,0105,Instructor: TBA,14,14,0,2026-10-07 05:26:57,2026-10-07 05:26:57.081
2026-10-07 05:13:50,GEMS297,0106,Instructor: TBA,14,14,0,2026-10-07 05:26:57,2026-10-07 05:26:57.081
2026-10-07 05:13:50,GEMS297,0107,Instructor: TBA,14,14,0,2026-10-07 05:26:57,2026-10-07 05:26:57.081
2026-10-07 05:13:50,GEMS297,0108,Instructor: TBA,14,14,0,2026-10-07 05:26:57,2026-10-07 05:26:57.081
2026-10-07 05:13:50,GEMS297,0109,Instructor: TBA,14,14,0,2026-10-07 05:26:57,2026-10-07 05:26:57.081
2026-10-07 05:13:50,GEMS297,0110,Instructor: TBA,14,14,0,2026-10-07 05:26:57,2026-10-07 05:26:57.082
2026-10-07 05:13:50,GEMS297,0111,Instructor: TBA,14,14,0,2026-10-07 05:26:57,2026-10-07 05:26:57.082
2026-10-07 05:13:50,GEMS297,0112,Instructor: TBA,14,14,0,2026-10-07 05:26:57,2026-10-07 05:26:57.082
2026-10-07 05:13:50,GEMS297,0113,Instructor: TBA,14,14,0,2026-10-07 05:26:57,2026-10-07 05:26:57.082
2026-10-07 05:13:50,GEMS297,0114,Instructor: TBA,14,14,0,2026-10-07 05:26:57,2026-10-07 05:26:57.082
2026-10-07 05:13:50,GEMS297,0115,Instructor: TBA,5,5,0,2026-10-07 05:26:57,2026-10-07 05:26:57.083
2026-10-07 05:13:50,GEMS396,0113,David Lovell,5,5,0,2026-10-07 05:26:57,2026-10-07 05:26:57.492
2026-10-07 05:13:50,GEMS397,0101,Michael Humber,14,14,0,2026-10-07 05:26:57,2026-10-07 05:26:57.920
2026-10-07 05:13:50,GEMS397,0102,Seth Dickey,14,14,0,2026-10-07 05:26:57,2026-10-07 05:26:57.920
2026-10-07 05:13:50,GEMS397,0103,Cecilia Huertas Cerdeira,14,14,0,2026-10-07 05:26:57,2026-10-07 05:26:57.920
2026-10-07 05:13:50,GEMS397,0104,Rodolphe Gentili,14,14,0,2026-10-07 05:26:57,2026-10-07 05:26:57.920
2026-10-07 05:13:50,GEMS397,0105,Allison Reilly,14,14,0,2026-10-07 05:26:57,2026-10-07 05:26:57.920
2026-10-07 05:13:50,GEMS397,0106,Peter Sunderland,14,14,0,2026-10-07 05:26:57,2026-10-07 05:26:57.920
2026-10-07 05:13:50,GEMS397,0107,Brett Lacey,14,14,0,2026-10-07 05:26:57,2026-10-07 05:26:57.921
2026-10-07 05:13:50,GEMS397,0108,Natalia Buzulukova,14,14,0,2026-10-07 05:26:57,2026-10-07 05:26:57.921
2026-10-07 05:13:50,GEMS397,0109,Anil Deane,14,14,0,2026-10-07 05:26:57,2026-10-07 05:26:57.921
2026-10-07 05:13:50,GEMS397,0110,Colenso Speer,14,14,0,2026-10-07 05:26:57,2026-10-07 05:26:57.921
2026-10-07 05:13:50,GEMS397,0111,Alisa Clyne,14,14,0,2026-10-07 05:26:57,2026-10-07 05:26:57.921
2026-10-07 05:13:50,GEMS397,0112,Xin Zan,14,14,0,2026-10-07 05:26:57,2026-10-07 05:26:57.922
2026-10-07 05:13:50,GEMS397,0113,Instructor: TBA,14,14,0,2026-10-07 05:26:57,2026-10-07 05:26:57.922
2026-10-07 05:13:50,GEMS397,0114,David Lovell,5,5,0,2026-10-07 05:26:57,2026-10-07 05:26:57.922
2026-10-07 05:13:50,GEMS397,0115,David Lovell,5,5,0,2026-10-07 05:26:57,2026-10-07 05:26:57.922
2026-10-07 05:13:50,GEMS496,0113,David Lovell,5,5,0,2026-10-07 05:26:58,2026-10-07 05:26:58.324
2026-10-07 05:13:50,GEMS497,0101,Eric Haag,14,14,0,2026-10-07 05:26:58,2026-10-07 05:26:58.739
2026-10-07 05:13:50,GEMS497,0102,Mohammad Nayeem Teli,14,14,0,2026-10-07 05:26:58,2026-10-07 05:26:58.739
2026-10-07 05:13:50,GEMS497,0103,Norberto Gonzalez- Juarbe,14,14,0,2026-10-07 05:26:58,2026-10-07 05:26:58.739
2026-10-07 05:13:50,GEMS497,0104,Abhinav Shrivastava,14,14,0,2026-10-07 05:26:58,2026-10-07 05:26:58.739
2026-10-07 05:13:50,GEMS497,0105,Hector Alcala,14,14,0,2026-10-07 05:26:58,2026-10-07 05:26:58.739
2026-10-07 05:13:50,GEMS497,0106,Massimo Ricotti,14,14,0,2026-10-07 05:26:58,2026-10-07 05:26:58.739
2026-10-07 05:13:50,GEMS497,0107,Reza Ghodssi,14,14,0,2026-10-07 05:26:58,2026-10-07 05:26:58.740
2026-10-07 05:13:50,GEMS497,0108,Nikhil Chopra,14,14,0,2026-10-07 05:26:58,2026-10-07 05:26:58.740
2026-10-07 05:13:50,GEMS497,0109,Kimberly Stroka,14,14,0,2026-10-07 05:26:58,2026-10-07 05:26:58.740
2026-10-07 05:13:50,GEMS497,0110,Gorjan Alagic,14,14,0,2026-10-07 05:26:58,2026-10-07 05:26:58.740
2026-10-07 05:13:50,GEMS497,0111,Alisa Clyne,14,14,0,2026-10-07 05:26:58,2026-10-07 05:26:58.740
2026-10-07 05:13:50,GEMS497,0112,Xin Zan,14,14,0,2026-10-07 05:26:58,2026-10-07 05:26:58.741
2026-10-07 05:13:50,GEMS497,0113,David Lovell,14,14,0,2026-10-07 05:26:58,2026-10-07 05:26:58.741
2026-10-07 05:13:50,GEMS497,0114,David Lovell,14,14,0,2026-10-07 05:26:58,2026-10-07 05:26:58.741
2026-10-07 05:13:50,GFPL100,0101,Alec Worsnop,21,21,0,2026-10-07 05:27:30,2026-10-07 05:27:30.546
2026-10-07 05:13:50,GFPL100,0102,Alec Worsnop,21,21,0,2026-10-07 05:27:30,2026-10-07 05:27:30.547
2026-10-07 05:13:50,GFPL100,0103,Alec Worsnop,21,21,0,2026-10-07 05:27:30,2026-10-07 05:27:30.547
2026-10-07 05:13:50,GFPL100,0104,Alec Worsnop,21,21,0,2026-10-07 05:27:30,2026-10-07 05:27:30.547
2026-10-07 05:13:50,GFPL100,0105,Alec Worsnop,21,21,0,2026-10-07 05:27:30,2026-10-07 05:27:30.547
2026-10-07 05:13:50,GFPL100,0106,Alec Worsnop,20,20,0,2026-10-07 05:27:30,2026-10-07 05:27:30.547
2026-10-07 05:13:50,GFPL102,0101,Caroline Ritter,95,95,0,2026-10-07 05:27:30,2026-10-07 05:27:30.947
2026-10-07 05:13:50,GFPL372,0101,Devin Entrikin,40,40,0,2026-10-07 05:27:31,2026-10-07 05:27:31.343
2026-10-07 05:13:50,GLBC200,0101,Parker Brookie,30,30,0,2026-10-07 05:27:33,2026-10-07 05:27:33.080
2026-10-07 05:13:50,GLBC360,0101,Hester Baer,30,30,0,2026-10-07 05:27:33,2026-10-07 05:27:33.488
2026-10-07 05:13:50,HACS101,0101,Michel Cukier,35,35,0,2026-10-07 05:28:05,2026-10-07 05:28:05.698
2026-10-07 05:13:50,HACS101,0201,Michel Cukier,35,35,0,2026-10-07 05:28:05,2026-10-07 05:28:05.698
2026-10-07 05:13:50,HACS201,0101,Bertrand Sobesto,26,26,0,2026-10-07 05:28:06,2026-10-07 05:28:06.107
2026-10-07 05:13:50,HACS208E,0101,Ian Serbin,30,30,0,2026-10-07 05:28:06,2026-10-07 05:28:06.512
2026-10-07 05:13:50,HACS208N,0101,Instructor: TBA,30,30,0,2026-10-07 05:28:06,2026-10-07 05:28:06.924
2026-10-07 05:13:50,HACS208Z,0101,Zulema Belyeu,30,30,0,2026-10-07 05:28:07,2026-10-07 05:28:07.329
2026-10-07 05:13:50,HACS297,0101,Sarah Herberger,25,25,0,2026-10-07 05:28:08,2026-10-07 05:28:08.114
2026-10-07 05:13:50,HACS318A,0101,Lindsey Schrott,75,75,0,2026-10-07 05:28:08,2026-10-07 05:28:08.506
2026-10-07 05:13:50,HACS408C,0101,Instructor: TBA,30,30,0,2026-10-07 05:28:08,2026-10-07 05:28:08.901
2026-10-07 05:13:50,HACS408P,0101,Instructor: TBA,30,30,0,2026-10-07 05:28:09,2026-10-07 05:28:09.298
2026-10-07 05:13:50,HACS408V,0101,Edward Condon,30,30,0,2026-10-07 05:28:09,2026-10-07 05:28:09.713
2026-10-07 05:13:50,HACS497,0101,Cassie Harrington,25,25,0,2026-10-07 05:28:10,2026-10-07 05:28:10.507
2026-10-07 05:13:50,HACS498,0101,Thomas Woods,10,10,0,2026-10-07 05:28:10,2026-10-07 05:28:10.908
2026-10-07 05:13:50,HACS498,0201,Instructor: TBA,18,18,0,2026-10-07 05:28:10,2026-10-07 05:28:10.909
2026-10-07 05:13:50,HBUS105,0101,Daniel McCarthy,35,35,0,2026-10-07 05:28:12,2026-10-07 05:28:12.643
2026-10-07 05:13:50,HBUS105,0201,Daniel McCarthy,35,35,0,2026-10-07 05:28:12,2026-10-07 05:28:12.644
2026-10-07 05:13:50,HBUS205,0101,Nicole Coomber,30,30,0,2026-10-07 05:28:13,2026-10-07 05:28:13.055
2026-10-07 05:13:50,HBUS205,0201,Nicole Coomber,30,30,0,2026-10-07 05:28:13,2026-10-07 05:28:13.055
2026-10-07 05:13:50,HDCC106,0101,Jeffrey Everett,13,13,0,2026-10-07 05:28:14,2026-10-07 05:28:14.857
2026-10-07 05:13:50,HDCC106,0201,William Evans,13,13,0,2026-10-07 05:28:14,2026-10-07 05:28:14.857
2026-10-07 05:13:50,HDCC106,0301,Grant Bollmer,13,13,0,2026-10-07 05:28:14,2026-10-07 05:28:14.857
2026-10-07 05:13:50,HDCC106,0401,Cliff Bakalian,13,13,0,2026-10-07 05:28:14,2026-10-07 05:28:14.857
2026-10-07 05:13:50,HDCC106,0501,Katherine Izsak,13,13,0,2026-10-07 05:28:14,2026-10-07 05:28:14.858
2026-10-07 05:13:50,HDCC209B,0101,Katherine Macyshyn,16,16,0,2026-10-07 05:28:15,2026-10-07 05:28:15.250
2026-10-07 05:13:50,HDCC209C,0101,Josue Porras-Fernandez,16,16,0,2026-10-07 05:28:15,2026-10-07 05:28:15.642
2026-10-07 05:13:50,HDCC209D,0101,Kaisha Snowden,16,16,0,2026-10-07 05:28:16,2026-10-07 05:28:16.050
2026-10-07 05:13:50,HDCC209E,0101,Antwon Key,16,16,0,2026-10-07 05:28:16,2026-10-07 05:28:16.452
2026-10-07 05:13:50,HEBR107,0101,Avital Karpman,15,15,0,2026-10-07 05:28:18,2026-10-07 05:28:18.619
2026-10-07 05:13:50,HEBR107,0201,Avital Karpman,15,15,0,2026-10-07 05:28:18,2026-10-07 05:28:18.619
2026-10-07 05:13:50,HEBR207,0101,Avital Karpman,15,15,0,2026-10-07 05:28:19,2026-10-07 05:28:19.017
2026-10-07 05:13:50,HEBR249A,0101,Aliza Sandalon,15,15,0,2026-10-07 05:28:19,2026-10-07 05:28:19.416
2026-10-07 05:13:50,HEBR314,0101,Aliza Sandalon,20,20,0,2026-10-07 05:28:19,2026-10-07 05:28:19.822
2026-10-07 05:13:50,HEBR488,0101,Bernard Cooperman,10,10,0,2026-10-07 05:28:20,2026-10-07 05:28:20.626
2026-10-07 05:13:50,HEBR488,0102,Aner Tal,10,10,0,2026-10-07 05:28:20,2026-10-07 05:28:20.626
2026-10-07 05:13:50,HGLO298,0101,Daniel Tuke,30,30,0,2026-10-07 05:28:44,2026-10-07 05:28:44.059
2026-10-07 05:13:50,HHUM106,0101,Sarah Humud,17,17,0,2026-10-07 05:28:45,2026-10-07 05:28:45.836
2026-10-07 05:13:50,HHUM106,0102,Sarah Humud,17,17,0,2026-10-07 05:28:45,2026-10-07 05:28:45.836
2026-10-07 05:13:50,HHUM106,0103,Sarah Humud,17,17,0,2026-10-07 05:28:45,2026-10-07 05:28:45.836
2026-10-07 05:13:50,HHUM106,0104,Sarah Humud,17,17,0,2026-10-07 05:28:45,2026-10-07 05:28:45.837
2026-10-07 05:13:50,HHUM206,0101,Sarah Humud,15,15,0,2026-10-07 05:28:46,2026-10-07 05:28:46.239
2026-10-07 05:13:50,HHUM206,0102,Sarah Humud,15,15,0,2026-10-07 05:28:46,2026-10-07 05:28:46.239
2026-10-07 05:13:50,HHUM206,0103,Carla Della Gatta,15,15,0,2026-10-07 05:28:46,2026-10-07 05:28:46.239
2026-10-07 05:13:50,HHUM206,0104,Sarah Humud,15,15,0,2026-10-07 05:28:46,2026-10-07 05:28:46.240
2026-10-07 05:13:50,HHUM328,0101,Sarah Humud,20,20,0,2026-10-07 05:28:46,2026-10-07 05:28:46.639
2026-10-07 05:13:50,HHUM329,0101,Sarah Humud,5,5,0,2026-10-07 05:28:47,2026-10-07 05:28:47.032
2026-10-07 05:13:50,HISP200,0101,Stefan Woehlke,22,22,0,2026-10-07 05:28:48,2026-10-07 05:28:48.860
2026-10-07 05:13:50,HISP200,0102,Stefan Woehlke,22,22,0,2026-10-07 05:28:48,2026-10-07 05:28:48.860
2026-10-07 05:13:50,HISP200,0103,Stefan Woehlke,22,22,0,2026-10-07 05:28:48,2026-10-07 05:28:48.860
2026-10-07 05:13:50,HISP200,0104,Stefan Woehlke,22,22,0,2026-10-07 05:28:48,2026-10-07 05:28:48.860
2026-10-07 05:13:50,HISP200,0105,Stefan Woehlke,22,22,0,2026-10-07 05:28:48,2026-10-07 05:28:48.861
2026-10-07 05:13:50,HISP319E,0101,Michelle Magalong,20,20,0,2026-10-07 05:28:49,2026-10-07 05:28:49.269
2026-10-07 05:13:50,HISP319S,0101,Michelle Magalong,30,30,0,2026-10-07 05:28:49,2026-10-07 05:28:49.664
2026-10-07 05:13:50,HISP619E,0101,Michelle Magalong,24,24,0,2026-10-07 05:28:50,2026-10-07 05:28:50.062
2026-10-07 05:13:50,HISP619O,0101,Stefan Woehlke,5,5,0,2026-10-07 05:28:50,2026-10-07 05:28:50.473
2026-10-07 05:13:50,HISP630,0101,Rhonda Sincavage,15,15,0,2026-10-07 05:28:50,2026-10-07 05:28:50.881
2026-10-07 05:13:50,HISP635,0101,Eola Dance,10,10,0,2026-10-07 05:28:51,2026-10-07 05:28:51.289
2026-10-07 05:13:50,HISP640,0101,Frederick Stachura,15,15,0,2026-10-07 05:28:51,2026-10-07 05:28:51.682
2026-10-07 05:13:50,HISP655,0101,Donald Linebaugh,15,15,0,2026-10-07 05:28:52,2026-10-07 05:28:52.078
2026-10-07 05:13:50,HISP660,0101,Instructor: TBA,15,15,0,2026-10-07 05:28:52,2026-10-07 05:28:52.476
2026-10-07 05:13:50,HISP670,0101,Alfonso Narvaez,15,15,0,2026-10-07 05:28:52,2026-10-07 05:28:52.872
2026-10-07 05:13:50,HISP690,0101,Donald Linebaugh,15,15,0,2026-10-07 05:28:53,2026-10-07 05:28:53.279
2026-10-07 05:13:50,HISP701,0101,Instructor: TBA,5,5,0,2026-10-07 05:28:53,2026-10-07 05:28:53.670
2026-10-07 05:13:50,HISP710,0101,Susan Kern,15,15,0,2026-10-07 05:28:54,2026-10-07 05:28:54.095
2026-10-07 05:13:50,HISP711,0101,Susan Kern,15,15,0,2026-10-07 05:28:54,2026-10-07 05:28:54.489
2026-10-07 05:13:50,HLSC102,0101,Sabrina Kramer,94,94,0,2026-10-07 05:29:29,2026-10-07 05:29:29.173
2026-10-07 05:13:50,HLSC102,0102,Jalah Townsend,35,35,0,2026-10-07 05:29:29,2026-10-07 05:29:29.174
2026-10-07 05:13:50,HLSC227,0101,Najib El-Sayed,25,25,0,2026-10-07 05:29:29,2026-10-07 05:29:29.567
2026-10-07 05:13:50,HLSC322,0101,Sabrina Kramer,23,23,0,2026-10-07 05:29:29,2026-10-07 05:29:29.972
2026-10-07 05:13:50,HLSC322,0102,Sabrina Kramer,23,23,0,2026-10-07 05:29:29,2026-10-07 05:29:29.972
2026-10-07 05:13:50,HLSC322,0103,Sabrina Kramer,23,23,0,2026-10-07 05:29:29,2026-10-07 05:29:29.972
2026-10-07 05:13:50,HLSC322,0104,Sabrina Kramer,23,23,0,2026-10-07 05:29:29,2026-10-07 05:29:29.973
2026-10-07 05:13:50,HLSC329,0101,Sabrina Kramer,12,12,0,2026-10-07 05:29:30,2026-10-07 05:29:30.374
2026-10-07 05:13:50,HNUH100,0101,Max Barnewitz,10,10,0,2026-10-07 05:29:54,2026-10-07 05:29:54.236
2026-10-07 05:13:50,HNUH218D,0101,Brian Gilmore,50,50,0,2026-10-07 05:29:54,2026-10-07 05:29:54.652
2026-10-07 05:13:50,HNUH218L,0101,Shauna Rigaud,20,20,0,2026-10-07 05:29:55,2026-10-07 05:29:55.051
2026-10-07 05:13:50,HNUH218L,0201,Shauna Rigaud,20,20,0,2026-10-07 05:29:55,2026-10-07 05:29:55.051
2026-10-07 05:13:50,HNUH218M,0101,Ebonie Johnson Cooper,20,20,0,2026-10-07 05:29:55,2026-10-07 05:29:55.461
2026-10-07 05:13:50,HNUH218N,0101,Sujith Kumar,20,20,0,2026-10-07 05:29:55,2026-10-07 05:29:55.867
2026-10-07 05:13:50,HNUH228D,0101,Matthew McLaughlin,60,60,0,2026-10-07 05:29:56,2026-10-07 05:29:56.272
2026-10-07 05:13:50,HNUH228L,0101,Alena Wigodner,20,20,0,2026-10-07 05:29:56,2026-10-07 05:29:56.677
2026-10-07 05:13:50,HNUH228L,0201,Alena Wigodner,20,20,0,2026-10-07 05:29:56,2026-10-07 05:29:56.678
2026-10-07 05:13:50,HNUH228M,0101,Ted Baker,20,20,0,2026-10-07 05:29:57,2026-10-07 05:29:57.082
2026-10-07 05:13:50,HNUH229P,0101,Tyson Slocum,20,20,0,2026-10-07 05:29:57,2026-10-07 05:29:57.484
2026-10-07 05:13:50,HNUH238D,0101,Susan Moeller,60,60,0,2026-10-07 05:29:57,2026-10-07 05:29:57.877
2026-10-07 05:13:50,HNUH238L,0101,Kimberly Johnson,20,20,0,2026-10-07 05:29:58,2026-10-07 05:29:58.276
2026-10-07 05:13:50,HNUH238L,0201,Kimberly Johnson,20,20,0,2026-10-07 05:29:58,2026-10-07 05:29:58.276
2026-10-07 05:13:50,HNUH238M,0101,Daniel Reck,20,20,0,2026-10-07 05:29:58,2026-10-07 05:29:58.691
2026-10-07 05:13:50,HNUH239I,0101,Jon Crocker,20,20,0,2026-10-07 05:29:59,2026-10-07 05:29:59.083
2026-10-07 05:13:50,HNUH248D,0101,Juan Uriagereka,45,45,0,2026-10-07 05:29:59,2026-10-07 05:29:59.479
2026-10-07 05:13:50,HNUH248L,0101,Robert Graham,20,20,0,2026-10-07 05:29:59,2026-10-07 05:29:59.884
2026-10-07 05:13:50,HNUH249T,0101,Daniel Rosenthal,20,20,0,2026-10-07 05:30:00,2026-10-07 05:30:00.368
2026-10-07 05:13:50,HNUH258C,0101,Bill Fagan,55,55,0,2026-10-07 05:30:00,2026-10-07 05:30:00.817
2026-10-07 05:13:50,HNUH258O,0101,Amy Green,20,20,0,2026-10-07 05:30:01,2026-10-07 05:30:01.252
2026-10-07 05:13:50,HNUH259T,0101,Ingrid Satelmajer,20,20,0,2026-10-07 05:30:01,2026-10-07 05:30:01.732
2026-10-07 05:13:50,HNUH268C,0101,Perla Guerrero,60,60,0,2026-10-07 05:30:02,2026-10-07 05:30:02.259
2026-10-07 05:13:50,HNUH268Q,0101,Binod Paudyal,20,20,0,2026-10-07 05:30:02,2026-10-07 05:30:02.828
2026-10-07 05:13:50,HNUH268R,0201,Vasfiye Toprak,20,20,0,2026-10-07 05:30:03,2026-10-07 05:30:03.307
2026-10-07 05:13:50,HNUH269T,0101,James Stillwell,20,20,0,2026-10-07 05:30:03,2026-10-07 05:30:03.807
2026-10-07 05:13:50,HNUH278C,0101,Chinyere Osuji,60,60,0,2026-10-07 05:30:04,2026-10-07 05:30:04.266
2026-10-07 05:13:50,HNUH278I,0101,Marisa Franco,20,20,0,2026-10-07 05:30:04,2026-10-07 05:30:04.695
2026-10-07 05:13:50,HNUH278I,0201,Marisa Franco,20,20,0,2026-10-07 05:30:04,2026-10-07 05:30:04.696
2026-10-07 05:13:50,HNUH278O,0101,DeNeen Brown,20,20,0,2026-10-07 05:30:05,2026-10-07 05:30:05.093
2026-10-07 05:13:50,HNUH278Q,0101,Katherine Coogan,20,20,0,2026-10-07 05:30:05,2026-10-07 05:30:05.502
2026-10-07 05:13:50,HNUH278R,0101,Max Barnewitz,20,20,0,2026-10-07 05:30:05,2026-10-07 05:30:05.902
2026-10-07 05:13:50,HNUH288C,0101,Julia Steinberg,30,30,0,2026-10-07 05:30:06,2026-10-07 05:30:06.309
2026-10-07 05:13:50,HNUH288C,0102,Julia Steinberg,30,30,0,2026-10-07 05:30:06,2026-10-07 05:30:06.309
2026-10-07 05:13:50,HNUH288O,0101,Ariana Nash,20,20,0,2026-10-07 05:30:06,2026-10-07 05:30:06.717
2026-10-07 05:13:50,HNUH300,0201,Vasfiye Toprak,20,20,0,2026-10-07 05:30:07,2026-10-07 05:30:07.127
2026-10-07 05:13:50,HNUH300,0301,Shauna Rigaud,20,20,0,2026-10-07 05:30:07,2026-10-07 05:30:07.127
2026-10-07 05:13:50,HNUH300,0401,Vasfiye Toprak,20,20,0,2026-10-07 05:30:07,2026-10-07 05:30:07.127
2026-10-07 05:13:50,HNUH300,0501,Ingrid Satelmajer,20,20,0,2026-10-07 05:30:07,2026-10-07 05:30:07.127
2026-10-07 05:13:50,HNUH300,0701,Jordan Johnson,20,20,0,2026-10-07 05:30:07,2026-10-07 05:30:07.127
2026-10-07 05:13:50,HNUH300,0801,Instructor: TBA,20,20,0,2026-10-07 05:30:07,2026-10-07 05:30:07.128
2026-10-07 05:13:50,HNUH300,0901,Alena Wigodner,20,20,0,2026-10-07 05:30:07,2026-10-07 05:30:07.128
2026-10-07 05:13:50,HNUH300,1001,Robert Graham,20,20,0,2026-10-07 05:30:07,2026-10-07 05:30:07.128
2026-10-07 05:13:50,HNUH300,1101,Max Barnewitz,20,20,0,2026-10-07 05:30:07,2026-10-07 05:30:07.128
2026-10-07 05:13:50,HNUH398P,0101,Jayakumar Arasan,120,120,0,2026-10-07 05:30:07,2026-10-07 05:30:07.531
2026-10-07 05:13:50,HNUH398P,0201,Jayakumar Arasan,120,120,0,2026-10-07 05:30:07,2026-10-07 05:30:07.531
2026-10-07 05:13:50,HONR379W,0101,Blake Wilder,15,15,0,2026-10-07 05:30:09,2026-10-07 05:30:09.262
2026-10-07 05:13:50,IDEA201,0101,Mira Azarm,20,20,0,2026-10-07 05:30:10,2026-10-07 05:30:10.997
2026-10-07 05:13:50,IDEA201,0102,Christina Hnatov,10,10,0,2026-10-07 05:30:10,2026-10-07 05:30:10.998
2026-10-07 05:13:50,IDEA201,0103,Brooke Smith,60,60,0,2026-10-07 05:30:10,2026-10-07 05:30:10.998
2026-10-07 05:13:50,IDEA201,0104,Brooke Smith,60,60,0,2026-10-07 05:30:10,2026-10-07 05:30:10.998
2026-10-07 05:13:50,IDEA311,0101,Brooke Smith,40,40,0,2026-10-07 05:30:11,2026-10-07 05:30:11.415
2026-10-07 05:13:50,IDEA311,0102,Brooke Smith,15,15,0,2026-10-07 05:30:11,2026-10-07 05:30:11.415
2026-10-07 05:13:50,IDEA312,0101,Meredith Kaunitz,15,15,0,2026-10-07 05:30:11,2026-10-07 05:30:11.815
2026-10-07 05:13:50,IMDM101,0101,Stevens Miller,30,30,0,2026-10-07 05:30:14,2026-10-07 05:30:14.415
2026-10-07 05:13:50,IMDM101,0201,Stevens Miller,30,30,0,2026-10-07 05:30:14,2026-10-07 05:30:14.415
2026-10-07 05:13:50,IMDM101,0301,Myungin Lee,30,30,0,2026-10-07 05:30:14,2026-10-07 05:30:14.416
2026-10-07 05:13:50,IMDM127,0101,Matthew Nolan,30,30,0,2026-10-07 05:30:14,2026-10-07 05:30:14.818
2026-10-07 05:13:50,IMDM150,0101,Cy Keener,45,45,0,2026-10-07 05:30:15,2026-10-07 05:30:15.224
2026-10-07 05:13:50,IMDM290,0101,Myungin Lee,30,30,0,2026-10-07 05:30:15,2026-10-07 05:30:15.621
2026-10-07 05:13:50,IMDM290,0201,Myungin Lee,30,30,0,2026-10-07 05:30:15,2026-10-07 05:30:15.621
2026-10-07 05:13:50,IMDM351,0101,Georgia Creson,15,15,0,2026-10-07 05:30:16,2026-10-07 05:30:16.024
2026-10-07 05:13:50,IMDM390,0101,Stefano Passeri,30,30,0,2026-10-07 05:30:16,2026-10-07 05:30:16.437
2026-10-07 05:13:50,IMDM390,0201,Stefano Passeri,30,30,0,2026-10-07 05:30:16,2026-10-07 05:30:16.437
2026-10-07 05:13:50,IMDM491,0101,Matthew Nolan,30,30,0,2026-10-07 05:30:17,2026-10-07 05:30:17.234
2026-10-07 05:13:50,IMDM491,0201,Matthew Nolan,30,30,0,2026-10-07 05:30:17,2026-10-07 05:30:17.234
2026-10-07 05:13:50,IMDM498I,0101,Snehesh Shrestha,16,16,0,2026-10-07 05:30:17,2026-10-07 05:30:17.637
2026-10-07 05:13:50,IMDM498J,0101,Yael Inbar,15,15,0,2026-10-07 05:30:18,2026-10-07 05:30:18.058
2026-10-07 05:13:50,IMMR200,0101,Instructor: TBA,40,40,0,2026-10-07 05:30:20,2026-10-07 05:30:20.189
2026-10-07 05:13:50,IMMR394,0101,Wenxi Yang,25,25,0,2026-10-07 05:30:20,2026-10-07 05:30:20.579
2026-10-07 05:13:50,IMMR399,0101,Christina Getrich,1,1,0,2026-10-07 05:30:20,2026-10-07 05:30:20.969
2026-10-07 05:13:50,INFM612,IM01,Instructor: TBA,40,40,0,2026-10-07 05:30:28,2026-10-07 05:30:28.126
2026-10-07 05:13:50,INFM737,IM01,David Loshin,40,40,0,2026-10-07 05:30:28,2026-10-07 05:30:28.531
2026-10-07 05:13:50,ISRL187,0101,Bernard Cooperman,23,23,0,2026-10-07 05:31:03,2026-10-07 05:31:03.649
2026-10-07 05:13:50,ISRL187,0102,Bernard Cooperman,23,23,0,2026-10-07 05:31:03,2026-10-07 05:31:03.649
2026-10-07 05:13:50,ISRL187,0103,Bernard Cooperman,23,23,0,2026-10-07 05:31:03,2026-10-07 05:31:03.649
2026-10-07 05:13:50,ISRL249O,0101,Aner Tal,35,35,0,2026-10-07 05:31:04,2026-10-07 05:31:04.301
2026-10-07 05:13:50,ISRL249P,0101,Aliza Sandalon,15,15,0,2026-10-07 05:31:04,2026-10-07 05:31:04.698
2026-10-07 05:13:50,ISRL282,0101,Shirelle Doughty,30,30,0,2026-10-07 05:31:05,2026-10-07 05:31:05.125
2026-10-07 05:13:50,ISRL329D,0101,Regev Ben-David,35,35,0,2026-10-07 05:31:05,2026-10-07 05:31:05.530
2026-10-07 05:13:50,ISRL329Y,0101,Marwa Maziad,30,30,0,2026-10-07 05:31:05,2026-10-07 05:31:05.937
2026-10-07 05:13:50,ISRL342,0101,Elli Lieberman,35,35,0,2026-10-07 05:31:06,2026-10-07 05:31:06.331
2026-10-07 05:13:50,ISRL349N,0101,Morad Elsana,30,30,0,2026-10-07 05:31:06,2026-10-07 05:31:06.731
2026-10-07 05:13:50,ISRL349W,0101,Avital Karpman,35,35,0,2026-10-07 05:31:07,2026-10-07 05:31:07.142
2026-10-07 05:13:50,ISRL372,0101,Shirelle Doughty,30,30,0,2026-10-07 05:31:07,2026-10-07 05:31:07.534
2026-10-07 05:13:50,ISRL380,0101,Regev Ben-David,35,35,0,2026-10-07 05:31:07,2026-10-07 05:31:07.932
2026-10-07 05:13:50,ISRL383,0101,Ilai Saltzman,35,35,0,2026-10-07 05:31:08,2026-10-07 05:31:08.333
2026-10-07 05:13:50,JAPN102,0101,Kumiko Akikawa,15,15,0,2026-10-07 05:31:13,2026-10-07 05:31:13.261
2026-10-07 05:13:50,JAPN102,0201,Kumiko Akikawa,15,15,0,2026-10-07 05:31:13,2026-10-07 05:31:13.262
2026-10-07 05:13:50,JAPN202,0101,Makiko Inoue,15,15,0,2026-10-07 05:31:13,2026-10-07 05:31:13.669
2026-10-07 05:13:50,JAPN202,0201,Makiko Inoue,15,15,0,2026-10-07 05:31:13,2026-10-07 05:31:13.669
2026-10-07 05:13:50,JAPN302,0101,Mari Hamada,15,15,0,2026-10-07 05:31:14,2026-10-07 05:31:14.060
2026-10-07 05:13:50,JAPN306,0101,Lindsay Yotsukura,15,15,0,2026-10-07 05:31:14,2026-10-07 05:31:14.457
2026-10-07 05:13:50,JAPN335,0101,Michele Mason,20,20,0,2026-10-07 05:31:14,2026-10-07 05:31:14.877
2026-10-07 05:13:50,JAPN355,0101,Jyana Browne,20,20,0,2026-10-07 05:31:15,2026-10-07 05:31:15.265
2026-10-07 05:13:50,JAPN361,0101,Jyana Browne,20,20,0,2026-10-07 05:31:15,2026-10-07 05:31:15.655
2026-10-07 05:13:50,JAPN425,0101,Michele Mason,30,30,0,2026-10-07 05:31:16,2026-10-07 05:31:16.447
2026-10-07 05:13:50,JAPN457,0101,Lindsay Yotsukura,15,15,0,2026-10-07 05:31:16,2026-10-07 05:31:16.854
2026-10-07 05:13:50,JWST187,0101,Bernard Cooperman,23,23,0,2026-10-07 05:31:45,2026-10-07 05:31:45.420
2026-10-07 05:13:50,JWST187,0102,Bernard Cooperman,23,23,0,2026-10-07 05:31:45,2026-10-07 05:31:45.421
2026-10-07 05:13:50,JWST187,0103,Bernard Cooperman,23,23,0,2026-10-07 05:31:45,2026-10-07 05:31:45.421
2026-10-07 05:13:50,JWST233,0101,Hayim Lapin,45,45,0,2026-10-07 05:31:45,2026-10-07 05:31:45.811
2026-10-07 05:13:50,JWST319A,0101,Daniel Richter,35,35,0,2026-10-07 05:31:46,2026-10-07 05:31:46.217
2026-10-07 05:13:50,JWST319J,0101,Nathan Levine,35,35,0,2026-10-07 05:31:46,2026-10-07 05:31:46.625
2026-10-07 05:13:50,JWST319P,0101,Lauren Kotkin,18,18,0,2026-10-07 05:31:47,2026-10-07 05:31:47.017
2026-10-07 05:13:50,JWST319Q,0101,Regev Ben-David,35,35,0,2026-10-07 05:31:47,2026-10-07 05:31:47.414
2026-10-07 05:13:50,JWST319W,0101,Avital Karpman,35,35,0,2026-10-07 05:31:47,2026-10-07 05:31:47.805
2026-10-07 05:13:50,JWST324,0101,Matthew Suriano,25,25,0,2026-10-07 05:31:48,2026-10-07 05:31:48.209
2026-10-07 05:13:50,JWST372,0101,Shirelle Doughty,30,30,0,2026-10-07 05:31:48,2026-10-07 05:31:48.603
2026-10-07 05:13:50,JWST386,0101,Instructor: TBA,5,5,0,2026-10-07 05:31:49,2026-10-07 05:31:49.018
2026-10-07 05:13:50,JWST419B,0101,Bernard Cooperman,20,20,0,2026-10-07 05:31:49,2026-10-07 05:31:49.847
2026-10-07 05:13:50,JWST427,0101,Matthew Suriano,15,15,0,2026-10-07 05:31:50,2026-10-07 05:31:50.240
2026-10-07 05:13:50,JWST469C,0101,Bernard Cooperman,10,10,0,2026-10-07 05:31:50,2026-10-07 05:31:50.632
2026-10-07 05:13:50,KORA101,0101,Seong Minne Koh,15,15,0,2026-10-07 05:32:24,2026-10-07 05:32:24.308
2026-10-07 05:13:50,KORA102,0101,Saerom Kwak,15,15,0,2026-10-07 05:32:24,2026-10-07 05:32:24.711
2026-10-07 05:13:50,KORA102,0201,Saerom Kwak,15,15,0,2026-10-07 05:32:24,2026-10-07 05:32:24.711
2026-10-07 05:13:50,KORA102,0301,Saerom Kwak,15,15,0,2026-10-07 05:32:24,2026-10-07 05:32:24.711
2026-10-07 05:13:50,KORA102,0401,Saerom Kwak,15,15,0,2026-10-07 05:32:24,2026-10-07 05:32:24.711
2026-10-07 05:13:50,KORA202,0101,Seong Minne Koh,15,15,0,2026-10-07 05:32:25,2026-10-07 05:32:25.118
2026-10-07 05:13:50,KORA202,0301,Seong Minne Koh,15,15,0,2026-10-07 05:32:25,2026-10-07 05:32:25.118
2026-10-07 05:13:50,KORA398O,0101,Instructor: TBA,10,10,0,2026-10-07 05:32:25,2026-10-07 05:32:25.524
2026-10-07 05:13:50,KORA398V,0101,Seong Minne Koh,10,10,0,2026-10-07 05:32:25,2026-10-07 05:32:25.926
2026-10-07 05:13:50,LEAD217,0101,Festus Ainoo,25,25,0,2026-10-07 05:32:44,2026-10-07 05:32:44.772
2026-10-07 05:13:50,LEAD217,0201,Festus Ainoo,25,25,0,2026-10-07 05:32:44,2026-10-07 05:32:44.772
2026-10-07 05:13:50,LEAD321,0101,Courtney Holder,10,10,0,2026-10-07 05:32:45,2026-10-07 05:32:45.172
2026-10-07 05:13:50,LEAD417,0101,Anastasia Lavrenyuk,20,20,0,2026-10-07 05:32:45,2026-10-07 05:32:45.564
2026-10-07 05:13:50,LGBT200,0101,Sayan Bhattacharya,25,25,0,2026-10-07 05:32:47,2026-10-07 05:32:47.322
2026-10-07 05:13:50,LGBT200,0102,Sayan Bhattacharya,25,25,0,2026-10-07 05:32:47,2026-10-07 05:32:47.322
2026-10-07 05:13:50,LGBT265,0201,Instructor: TBA,30,30,0,2026-10-07 05:32:47,2026-10-07 05:32:47.728
2026-10-07 05:13:50,LGBT306,0101,Sydney Lewis,30,30,0,2026-10-07 05:32:48,2026-10-07 05:32:48.125
2026-10-07 05:13:50,LGBT310,0101,Sayan Bhattacharya,25,25,0,2026-10-07 05:32:48,2026-10-07 05:32:48.516
2026-10-07 05:13:50,LGBT338F,0101,Alexis Lothian,30,30,0,2026-10-07 05:32:48,2026-10-07 05:32:48.914
2026-10-07 05:13:50,LGBT475,0101,Sydney Lewis,20,20,0,2026-10-07 05:32:49,2026-10-07 05:32:49.318
2026-10-07 05:13:50,MLAW150,0101,David Gray,25,25,0,2026-10-07 05:33:32,2026-10-07 05:33:32.828
2026-10-07 05:13:50,MLAW150,0102,David Gray,25,25,0,2026-10-07 05:33:32,2026-10-07 05:33:32.828
2026-10-07 05:13:50,MLAW150,0103,David Gray,25,25,0,2026-10-07 05:33:32,2026-10-07 05:33:32.828
2026-10-07 05:13:50,MLAW304,0101,Christine White,40,40,0,2026-10-07 05:33:33,2026-10-07 05:33:33.225
2026-10-07 05:13:50,MLAW305,0201,Brian Gilmore,60,60,0,2026-10-07 05:33:33,2026-10-07 05:33:33.631
2026-10-07 05:13:50,MLAW325,0101,Grace Benton,12,12,0,2026-10-07 05:33:34,2026-10-07 05:33:34.029
2026-10-07 05:13:50,MLAW358W,0101,Michael Spivey,25,25,0,2026-10-07 05:33:34,2026-10-07 05:33:34.446
2026-10-07 05:13:50,MLAW358W,0102,Michael Spivey,25,25,0,2026-10-07 05:33:34,2026-10-07 05:33:34.446
2026-10-07 05:13:50,MLAW358W,0103,Michael Spivey,25,25,0,2026-10-07 05:33:34,2026-10-07 05:33:34.446
2026-10-07 05:13:50,MLAW358W,0104,Michael Spivey,25,25,0,2026-10-07 05:33:34,2026-10-07 05:33:34.446
2026-10-07 05:13:50,MLAW358W,0105,Michael Spivey,25,25,0,2026-10-07 05:33:34,2026-10-07 05:33:34.447
2026-10-07 05:13:50,MLAW358W,0106,Michael Spivey,25,25,0,2026-10-07 05:33:34,2026-10-07 05:33:34.447
2026-10-07 05:13:50,MLAW358Y,0101,Martin Kobren,5,5,0,2026-10-07 05:33:34,2026-10-07 05:33:34.861
2026-10-07 05:13:50,MLAW358Z,0101,Christine White,19,19,0,2026-10-07 05:33:35,2026-10-07 05:33:35.260
2026-10-07 05:13:50,MLAW359,0101,Brandee Pettus,8,8,0,2026-10-07 05:33:35,2026-10-07 05:33:35.659
2026-10-07 05:13:50,MLAW378E,0101,Brandee Pettus,5,5,0,2026-10-07 05:33:36,2026-10-07 05:33:36.057
2026-10-07 05:13:50,MLAW378F,0101,Brian Gilmore,15,15,0,2026-10-07 05:33:36,2026-10-07 05:33:36.453
2026-10-07 05:13:50,MLAW378J,0101,Natalie Ram,20,20,0,2026-10-07 05:33:36,2026-10-07 05:33:36.847
2026-10-07 05:13:50,MLAW378T,0101,Marley Weiss,20,20,0,2026-10-07 05:33:37,2026-10-07 05:33:37.243
2026-10-07 05:13:50,MLAW388,0101,Brandee Pettus,33,33,0,2026-10-07 05:33:37,2026-10-07 05:33:37.653
2026-10-07 05:13:50,MLAW388,0201,Brandee Pettus,6,6,0,2026-10-07 05:33:37,2026-10-07 05:33:37.653
2026-10-07 05:13:50,MLAW404,0101,Christine White,75,75,0,2026-10-07 05:33:38,2026-10-07 05:33:38.047
2026-10-07 05:13:50,MSAI632,PCS1,Mohammad Nayeem Teli,50,50,0,2026-10-07 05:33:39,2026-10-07 05:33:39.780
2026-10-07 05:13:50,MSAI633,PCS1,Tammy Perrin,44,44,0,2026-10-07 05:33:40,2026-10-07 05:33:40.178
2026-10-07 05:13:50,NAVY101,0101,Beau Cisneros,30,30,0,2026-10-07 05:34:21,2026-10-07 05:34:21.990
2026-10-07 05:13:50,NAVY108,0101,Christopher Boehm,150,150,0,2026-10-07 05:34:22,2026-10-07 05:34:22.394
2026-10-07 05:13:50,NAVY201,0101,Austin Cranfill,30,30,0,2026-10-07 05:34:22,2026-10-07 05:34:22.806
2026-10-07 05:13:50,NAVY301,0101,Beau Cisneros,35,35,0,2026-10-07 05:34:23,2026-10-07 05:34:23.201
2026-10-07 05:13:50,NAVY401,0101,John Gonser,36,36,0,2026-10-07 05:34:23,2026-10-07 05:34:23.613
2026-10-07 05:13:50,NAVY402,0102,Jenna Weiner,25,25,0,2026-10-07 05:34:24,2026-10-07 05:34:24.018
2026-10-07 05:13:50,NEUR200,0101,Ana Navarro Cebrian,90,90,0,2026-10-07 05:34:25,2026-10-07 05:34:25.815
2026-10-07 05:13:50,NEUR200,0201,Ana Navarro Cebrian,90,90,0,2026-10-07 05:34:25,2026-10-07 05:34:25.815
2026-10-07 05:13:50,NEUR305,0101,Amanda Chicoli,90,90,0,2026-10-07 05:34:26,2026-10-07 05:34:26.223
2026-10-07 05:13:50,NEUR306,0101,Chan Lin,64,64,0,2026-10-07 05:34:26,2026-10-07 05:34:26.621
2026-10-07 05:13:50,NEUR306,0102,Melissa Caras,40,40,0,2026-10-07 05:34:26,2026-10-07 05:34:26.621
2026-10-07 05:13:50,NEUR338A,0101,Amanda Chicoli,20,20,0,2026-10-07 05:34:27,2026-10-07 05:34:27.422
2026-10-07 05:13:50,NEUR398H,0101,Nikolas Francis,20,20,0,2026-10-07 05:34:28,2026-10-07 05:34:28.620
2026-10-07 05:13:50,NEUR405,0101,Hilary Bierman,16,16,0,2026-10-07 05:34:29,2026-10-07 05:34:29.029
2026-10-07 05:13:50,NEUR405,0102,Hilary Bierman,16,16,0,2026-10-07 05:34:29,2026-10-07 05:34:29.029
2026-10-07 05:13:50,NEUR405,0103,Hilary Bierman,16,16,0,2026-10-07 05:34:29,2026-10-07 05:34:29.030
2026-10-07 05:13:50,NEUR405,0106,Hilary Bierman,16,16,0,2026-10-07 05:34:29,2026-10-07 05:34:29.030
2026-10-07 05:13:50,PEER318,0101,Christina Jay,15,15,0,2026-10-07 05:34:44,2026-10-07 05:34:44.876
2026-10-07 05:13:50,PEER319,0101,Grace Boudreau,15,15,0,2026-10-07 05:34:45,2026-10-07 05:34:45.504
2026-10-07 05:13:50,PEER322,0101,Aleia Gardner,15,15,0,2026-10-07 05:34:45,2026-10-07 05:34:45.900
2026-10-07 05:13:50,PHPE308A,0101,Rachel Singpurwalla,25,25,0,2026-10-07 05:35:00,2026-10-07 05:35:00.695
2026-10-07 05:13:50,PHPE308M,0101,Eric Pacuit,30,30,0,2026-10-07 05:35:01,2026-10-07 05:35:01.111
2026-10-07 05:13:50,PHPE308P,0101,Xinzhi Zhao,30,30,0,2026-10-07 05:35:01,2026-10-07 05:35:01.571
2026-10-07 05:13:50,PHPE308U,0101,Aner Tal,35,35,0,2026-10-07 05:35:02,2026-10-07 05:35:02.032
2026-10-07 05:13:50,PHPE308Z,0101,Hallie Liberto,30,30,0,2026-10-07 05:35:02,2026-10-07 05:35:02.524
2026-10-07 05:13:50,PHPE400,0101,Instructor: TBA,30,30,0,2026-10-07 05:35:03,2026-10-07 05:35:03.342
2026-10-07 05:13:50,PHPE401,0101,Xinzhi Zhao,27,27,0,2026-10-07 05:35:03,2026-10-07 05:35:03.769
2026-10-07 05:13:50,PHPE401,0102,Xinzhi Zhao,27,27,0,2026-10-07 05:35:03,2026-10-07 05:35:03.769
2026-10-07 05:13:50,PHPE402,0101,Ben Fan,30,30,0,2026-10-07 05:35:04,2026-10-07 05:35:04.192
2026-10-07 05:13:50,PHPE408M,0101,Nicholas Laskowski,25,25,0,2026-10-07 05:35:04,2026-10-07 05:35:04.592
2026-10-07 05:13:50,PHPE408Q,0101,Samuel Kerstein,20,20,0,2026-10-07 05:35:04,2026-10-07 05:35:04.999
2026-10-07 05:13:50,PHPE408Z,0101,Avia Pasternak,30,30,0,2026-10-07 05:35:05,2026-10-07 05:35:05.400
2026-10-07 05:13:50,PHSC399,0101,Shannon Edward,30,30,0,2026-10-07 05:35:07,2026-10-07 05:35:07.546
2026-10-07 05:13:50,PHSC399,ESG1,Shannon Edward,20,20,0,2026-10-07 05:35:07,2026-10-07 05:35:07.546
2026-10-07 05:13:50,PHSC415,0101,Jessica O'Hara,36,36,0,2026-10-07 05:35:07,2026-10-07 05:35:07.975
2026-10-07 05:13:50,PHSC415,0102,Jessica O'Hara,36,36,0,2026-10-07 05:35:07,2026-10-07 05:35:07.975
2026-10-07 05:13:50,PHSC415,0103,Jessica O'Hara,36,36,0,2026-10-07 05:35:07,2026-10-07 05:35:07.975
2026-10-07 05:13:50,PHSC415,0104,Jessica O'Hara,36,36,0,2026-10-07 05:35:07,2026-10-07 05:35:07.975
2026-10-07 05:13:50,PHSC415,0105,Jessica O'Hara,36,36,0,2026-10-07 05:35:07,2026-10-07 05:35:07.975
2026-10-07 05:13:50,PHSC425,0101,Jennifer German,30,30,0,2026-10-07 05:35:08,2026-10-07 05:35:08.381
2026-10-07 05:13:50,PHSC440,0101,Kendall Bustad,35,35,0,2026-10-07 05:35:08,2026-10-07 05:35:08.796
2026-10-07 05:13:50,PHSC450,0101,Kendall Bustad,20,20,0,2026-10-07 05:35:09,2026-10-07 05:35:09.439
2026-10-07 05:13:50,PHSC450,0102,Kendall Bustad,20,20,0,2026-10-07 05:35:09,2026-10-07 05:35:09.439
2026-10-07 05:13:50,PHSC450,0103,Kendall Bustad,20,20,0,2026-10-07 05:35:09,2026-10-07 05:35:09.439
2026-10-07 05:13:50,PHSC450,0104,Kendall Bustad,20,20,0,2026-10-07 05:35:09,2026-10-07 05:35:09.440
2026-10-07 05:13:50,PHSC450,0105,Kendall Bustad,20,20,0,2026-10-07 05:35:09,2026-10-07 05:35:09.440
2026-10-07 05:13:50,PHSC450,0106,Kendall Bustad,20,20,0,2026-10-07 05:35:09,2026-10-07 05:35:09.440
2026-10-07 05:13:50,PHSC450,0107,Kendall Bustad,20,20,0,2026-10-07 05:35:09,2026-10-07 05:35:09.440
2026-10-07 05:13:50,PHSC490,0101,Shannon Edward,30,30,0,2026-10-07 05:35:10,2026-10-07 05:35:10.063
2026-10-07 05:13:50,PHSC497,0101,Gretchen De Silva,20,20,0,2026-10-07 05:35:10,2026-10-07 05:35:10.482
2026-10-07 05:13:50,PHSC497,0201,Kendall Bustad,20,20,0,2026-10-07 05:35:10,2026-10-07 05:35:10.483
2026-10-07 05:13:50,PHSC497,0301,Gretchen De Silva,20,20,0,2026-10-07 05:35:10,2026-10-07 05:35:10.483
2026-10-07 05:13:50,PHSC497,0401,Aysha Jawed,20,20,0,2026-10-07 05:35:10,2026-10-07 05:35:10.483
2026-10-07 05:13:50,PHSC497,0501,Jennifer German,20,20,0,2026-10-07 05:35:10,2026-10-07 05:35:10.483
2026-10-07 05:13:50,PHSC497,0601,Ann Truelove,20,20,0,2026-10-07 05:35:10,2026-10-07 05:35:10.483
2026-10-07 05:13:50,PHSC497,0701,Lakeshia Watson,20,20,0,2026-10-07 05:35:10,2026-10-07 05:35:10.484
2026-10-07 05:13:50,PHSC497,0801,Carmen Booker,20,20,0,2026-10-07 05:35:10,2026-10-07 05:35:10.484
2026-10-07 05:13:50,PHSC497,0901,Darya Soltani,20,20,0,2026-10-07 05:35:10,2026-10-07 05:35:10.484
2026-10-07 05:13:50,PHSC497,1001,Brienna Anderson,20,20,0,2026-10-07 05:35:10,2026-10-07 05:35:10.484
2026-10-07 05:13:50,PHSC497,1101,Margaret Smith,20,20,0,2026-10-07 05:35:10,2026-10-07 05:35:10.484
2026-10-07 05:13:50,PHSC497,1201,Eric Silfen,20,20,0,2026-10-07 05:35:10,2026-10-07 05:35:10.484
2026-10-07 05:13:50,PHSC497,1301,Lakeshia Watson,20,20,0,2026-10-07 05:35:10,2026-10-07 05:35:10.485
2026-10-07 05:13:50,RDEV250,0101,Wayne Ricardo Curtis,75,75,0,2026-10-07 05:36:24,2026-10-07 05:36:24.657
2026-10-07 05:13:50,RDEV250,0102,Wayne Ricardo Curtis,75,75,0,2026-10-07 05:36:24,2026-10-07 05:36:24.657
2026-10-07 05:13:50,RDEV270,0101,John Park,30,30,0,2026-10-07 05:36:25,2026-10-07 05:36:25.070
2026-10-07 05:13:50,RDEV350,0101,Jesse Saginor,25,25,0,2026-10-07 05:36:25,2026-10-07 05:36:25.473
2026-10-07 05:13:50,RDEV350,0102,Instructor: TBA,30,30,0,2026-10-07 05:36:25,2026-10-07 05:36:25.473
2026-10-07 05:13:50,RDEV410,0101,Peter Goldsmith,30,30,0,2026-10-07 05:36:25,2026-10-07 05:36:25.875
2026-10-07 05:13:50,RDEV415,0101,Bilal Ali,20,20,0,2026-10-07 05:36:26,2026-10-07 05:36:26.281
2026-10-07 05:13:50,RDEV445,0101,Matthew O'Malley,15,15,0,2026-10-07 05:36:26,2026-10-07 05:36:26.672
2026-10-07 05:13:50,RDEV450,0101,Kathryn Corby,30,30,0,2026-10-07 05:36:27,2026-10-07 05:36:27.068
2026-10-07 05:13:50,RDEV450,0102,Thomas Dwyer,20,20,0,2026-10-07 05:36:27,2026-10-07 05:36:27.068
2026-10-07 05:13:50,RDEV450,0103,John Park,30,30,0,2026-10-07 05:36:27,2026-10-07 05:36:27.069
2026-10-07 05:13:50,RDEV478D,0101,Jesse Saginor,20,20,0,2026-10-07 05:36:27,2026-10-07 05:36:27.484
2026-10-07 05:13:50,RDEV600,0101,Jesse Saginor,10,10,0,2026-10-07 05:36:27,2026-10-07 05:36:27.887
2026-10-07 05:13:50,RDEV603,0101,Thomas Dwyer,18,18,0,2026-10-07 05:36:28,2026-10-07 05:36:28.284
2026-10-07 05:13:50,RDEV610,0101,David Warner,20,20,0,2026-10-07 05:36:28,2026-10-07 05:36:28.678
2026-10-07 05:13:50,RDEV615,0101,Bilal Ali,20,20,0,2026-10-07 05:36:29,2026-10-07 05:36:29.067
2026-10-07 05:13:50,RDEV630,0101,Mansur Abdul-Malik,30,30,0,2026-10-07 05:36:29,2026-10-07 05:36:29.464
2026-10-07 05:13:50,RDEV650,0101,Matthew O'Malley,25,25,0,2026-10-07 05:36:29,2026-10-07 05:36:29.870
2026-10-07 05:13:50,RDEV689F,0101,Zachary Marks,20,20,0,2026-10-07 05:36:30,2026-10-07 05:36:30.265
2026-10-07 05:13:50,RDEV689I,0101,Ronald McDonald,14,14,0,2026-10-07 05:36:30,2026-10-07 05:36:30.692
2026-10-07 05:13:50,RDEV689R,0101,Nick Egelanian,15,15,0,2026-10-07 05:36:31,2026-10-07 05:36:31.137
2026-10-07 05:13:50,RDEV689Y,0101,Instructor: TBA,12,12,0,2026-10-07 05:36:31,2026-10-07 05:36:31.529
2026-10-07 05:13:50,RDEV690,0101,Tanya Bansal,12,12,0,2026-10-07 05:36:31,2026-10-07 05:36:31.924
2026-10-07 05:13:50,RELS170,0101,Katherine Wasdin,21,21,0,2026-10-07 05:36:33,2026-10-07 05:36:33.733
2026-10-07 05:13:50,RELS170,0102,Katherine Wasdin,21,21,0,2026-10-07 05:36:33,2026-10-07 05:36:33.733
2026-10-07 05:13:50,RELS170,0103,Katherine Wasdin,21,21,0,2026-10-07 05:36:33,2026-10-07 05:36:33.733
2026-10-07 05:13:50,RELS170,0104,Katherine Wasdin,21,21,0,2026-10-07 05:36:33,2026-10-07 05:36:33.733
2026-10-07 05:13:50,RELS170,0105,Katherine Wasdin,21,21,0,2026-10-07 05:36:33,2026-10-07 05:36:33.734
2026-10-07 05:13:50,RELS170,0106,Katherine Wasdin,21,21,0,2026-10-07 05:36:33,2026-10-07 05:36:33.734
2026-10-07 05:13:50,RELS170,0107,Katherine Wasdin,21,21,0,2026-10-07 05:36:33,2026-10-07 05:36:33.734
2026-10-07 05:13:50,RELS170,0108,Katherine Wasdin,21,21,0,2026-10-07 05:36:33,2026-10-07 05:36:33.734
2026-10-07 05:13:50,RELS170,0109,Katherine Wasdin,21,21,0,2026-10-07 05:36:33,2026-10-07 05:36:33.734
2026-10-07 05:13:50,RELS264,0101,Jay Moses,30,30,0,2026-10-07 05:36:34,2026-10-07 05:36:34.143
2026-10-07 05:13:50,RELS271,0101,Instructor: TBA,40,40,0,2026-10-07 05:36:34,2026-10-07 05:36:34.543
2026-10-07 05:13:50,RELS319Q,0101,Regev Ben-David,35,35,0,2026-10-07 05:36:34,2026-10-07 05:36:34.937
2026-10-07 05:13:50,RELS342,0101,Stefano Villani,27,27,0,2026-10-07 05:36:35,2026-10-07 05:36:35.352
2026-10-07 05:13:50,RELS427,0101,Matthew Suriano,15,15,0,2026-10-07 05:36:35,2026-10-07 05:36:35.742
2026-10-07 05:13:50,RELS429M,0101,Antoine Borrut,27,27,0,2026-10-07 05:36:36,2026-10-07 05:36:36.136
2026-10-07 05:13:50,RUSS102,0101,Inna Hardman,15,15,0,2026-10-07 05:36:37,2026-10-07 05:36:37.893
2026-10-07 05:13:50,RUSS102,0201,Inna Hardman,15,15,0,2026-10-07 05:36:37,2026-10-07 05:36:37.893
2026-10-07 05:13:50,RUSS202,0101,Zhanna Gerus-Vernola,15,15,0,2026-10-07 05:36:38,2026-10-07 05:36:38.299
2026-10-07 05:13:50,RUSS302,0101,Izolda Savenkova,15,15,0,2026-10-07 05:36:38,2026-10-07 05:36:38.695
2026-10-07 05:13:50,RUSS398A,0101,Instructor: TBA,15,15,0,2026-10-07 05:36:39,2026-10-07 05:36:39.499
2026-10-07 05:13:50,RUSS398F,0101,Elizabeth Papazian,25,25,0,2026-10-07 05:36:39,2026-10-07 05:36:39.901
2026-10-07 05:13:50,RUSS406,0101,Izolda Savenkova,15,15,0,2026-10-07 05:36:40,2026-10-07 05:36:40.703
2026-10-07 05:13:50,RUSS412,0101,Inna Hardman,15,15,0,2026-10-07 05:36:41,2026-10-07 05:36:41.104
2026-10-07 05:13:50,SDSB123,0101,Srijeeta Mitra,26,26,0,2026-10-07 05:36:43,2026-10-07 05:36:43.255
2026-10-07 05:13:50,SDSB180,0101,Srijeeta Mitra,155,155,0,2026-10-07 05:36:43,2026-10-07 05:36:43.649
2026-10-07 05:13:50,SDSB233,0101,Richard Engstrom,28,28,0,2026-10-07 05:36:44,2026-10-07 05:36:44.044
2026-10-07 05:13:50,SDSB233,0102,Richard Engstrom,28,28,0,2026-10-07 05:36:44,2026-10-07 05:36:44.044
2026-10-07 05:13:50,SDSB326,0101,Jacob Coutts,40,40,0,2026-10-07 05:36:44,2026-10-07 05:36:44.453
2026-10-07 05:13:50,SDSB340,0101,Neil Lund,24,24,0,2026-10-07 05:36:44,2026-10-07 05:36:44.848
2026-10-07 05:13:50,SDSI414,0101,Instructor: TBA,40,40,0,2026-10-07 05:36:46,2026-10-07 05:36:46.714
2026-10-07 05:13:50,SDSI414,0102,Instructor: TBA,40,40,0,2026-10-07 05:36:46,2026-10-07 05:36:46.714
2026-10-07 05:13:50,SDSI414,0103,Instructor: TBA,40,40,0,2026-10-07 05:36:46,2026-10-07 05:36:46.714
2026-10-07 05:13:50,SDSI414,0201,Instructor: TBA,40,40,0,2026-10-07 05:36:46,2026-10-07 05:36:46.714
2026-10-07 05:13:50,SDSI414,0202,Instructor: TBA,40,40,0,2026-10-07 05:36:46,2026-10-07 05:36:46.715
2026-10-07 05:13:50,SDSI492,0101,Instructor: TBA,45,45,0,2026-10-07 05:36:47,2026-10-07 05:36:47.148
2026-10-07 05:13:50,SDSI492,0103,Instructor: TBA,45,45,0,2026-10-07 05:36:47,2026-10-07 05:36:47.148
2026-10-07 05:13:50,SDSI492,0104,Andrew Fellows,35,35,0,2026-10-07 05:36:47,2026-10-07 05:36:47.148
2026-10-07 05:13:50,SDSI492,0105,Instructor: TBA,45,45,0,2026-10-07 05:36:47,2026-10-07 05:36:47.148
2026-10-07 05:13:50,SDSI492,0106,Instructor: TBA,45,45,0,2026-10-07 05:36:47,2026-10-07 05:36:47.148
2026-10-07 05:13:50,SDSI492,0107,TJ Rainsford,45,45,0,2026-10-07 05:36:47,2026-10-07 05:36:47.149
2026-10-07 05:13:50,SDSI492,0108,TJ Rainsford,45,45,0,2026-10-07 05:36:47,2026-10-07 05:36:47.149
2026-10-07 05:13:50,SDSI492,0110,Patrick Thornton,45,45,0,2026-10-07 05:36:47,2026-10-07 05:36:47.149
2026-10-07 05:13:50,SDSI496,0101,Jacob Coutts,25,25,0,2026-10-07 05:36:47,2026-10-07 05:36:47.552
2026-10-07 05:13:50,SLLC109I,0101,Instructor: TBA,5,5,0,2026-10-07 05:36:51,2026-10-07 05:36:51.232
2026-10-07 05:13:50,SLLC286,0101,Andrew Schonebaum,60,60,0,2026-10-07 05:36:51,2026-10-07 05:36:51.639
2026-10-07 05:13:50,SLLC287,0101,Sean Pue,20,20,0,2026-10-07 05:36:52,2026-10-07 05:36:52.036
2026-10-07 05:13:50,SLLC305,0101,Nahal Akbari-Saneh,25,25,0,2026-10-07 05:36:52,2026-10-07 05:36:52.446
2026-10-07 05:13:50,SLLC309,0101,Ahmed Hanafy,10,10,0,2026-10-07 05:36:52,2026-10-07 05:36:52.870
2026-10-07 05:13:50,SLLC309,0102,Ahmed Hanafy,10,10,0,2026-10-07 05:36:52,2026-10-07 05:36:52.870
2026-10-07 05:13:50,SLLC309,0103,Ahmed Hanafy,10,10,0,2026-10-07 05:36:52,2026-10-07 05:36:52.871
2026-10-07 05:13:50,SLLC309,0104,Ahmed Hanafy,10,10,0,2026-10-07 05:36:52,2026-10-07 05:36:52.871
2026-10-07 05:13:50,SLLC309,0105,Ahmed Hanafy,10,10,0,2026-10-07 05:36:52,2026-10-07 05:36:52.871
2026-10-07 05:13:50,SLLC309,0106,Ahmed Hanafy,10,10,0,2026-10-07 05:36:52,2026-10-07 05:36:52.871
2026-10-07 05:13:50,SLLC309,0107,Ahmed Hanafy,10,10,0,2026-10-07 05:36:52,2026-10-07 05:36:52.871
2026-10-07 05:13:50,SLLC309,0108,Ahmed Hanafy,10,10,0,2026-10-07 05:36:52,2026-10-07 05:36:52.872
2026-10-07 05:13:50,SLLC309,0109,Ahmed Hanafy,10,10,0,2026-10-07 05:36:52,2026-10-07 05:36:52.872
2026-10-07 05:13:50,SLLC309,0110,Ahmed Hanafy,10,10,0,2026-10-07 05:36:52,2026-10-07 05:36:52.872
2026-10-07 05:13:50,SLLC309,0111,Ahmed Hanafy,10,10,0,2026-10-07 05:36:52,2026-10-07 05:36:52.872
2026-10-07 05:13:50,SLLC329,0101,Marilyn Matar,10,10,0,2026-10-07 05:36:53,2026-10-07 05:36:53.279
2026-10-07 05:13:50,SLLC329,0102,Marilyn Matar,10,10,0,2026-10-07 05:36:53,2026-10-07 05:36:53.279
2026-10-07 05:13:50,SLLC329,0103,Marilyn Matar,20,20,0,2026-10-07 05:36:53,2026-10-07 05:36:53.279
2026-10-07 05:13:50,SLLC329,0104,Marilyn Matar,10,10,0,2026-10-07 05:36:53,2026-10-07 05:36:53.280
2026-10-07 05:13:50,SLLC329,0105,Marilyn Matar,10,10,0,2026-10-07 05:36:53,2026-10-07 05:36:53.280
2026-10-07 05:13:50,SLLC329,0106,Marilyn Matar,10,10,0,2026-10-07 05:36:53,2026-10-07 05:36:53.280
2026-10-07 05:13:50,SLLC329,0107,Marilyn Matar,10,10,0,2026-10-07 05:36:53,2026-10-07 05:36:53.280
2026-10-07 05:13:50,SLLC329,0108,Marilyn Matar,10,10,0,2026-10-07 05:36:53,2026-10-07 05:36:53.280
2026-10-07 05:13:50,SLLC329,0109,Marilyn Matar,10,10,0,2026-10-07 05:36:53,2026-10-07 05:36:53.281
2026-10-07 05:13:50,SLLC329,0110,Marilyn Matar,20,20,0,2026-10-07 05:36:53,2026-10-07 05:36:53.281
2026-10-07 05:13:50,SMLP471,0101,Jennifer Hsin,60,60,0,2026-10-07 05:36:55,2026-10-07 05:36:55.022
2026-10-07 05:13:50,SMLP474,0101,Sara Herald,60,60,0,2026-10-07 05:36:55,2026-10-07 05:36:55.416
2026-10-07 05:13:50,SPHL100,0101,Shuling Wu,20,20,0,2026-10-07 05:37:25,2026-10-07 05:37:25.903
2026-10-07 05:13:50,SPHL100,0102,Shuling Wu,20,20,0,2026-10-07 05:37:25,2026-10-07 05:37:25.903
2026-10-07 05:13:50,SPHL100,0103,Shuling Wu,20,20,0,2026-10-07 05:37:25,2026-10-07 05:37:25.903
2026-10-07 05:13:50,SPHL100,0104,Shuling Wu,20,20,0,2026-10-07 05:37:25,2026-10-07 05:37:25.903
2026-10-07 05:13:50,SPHL100,0105,Shuling Wu,20,20,0,2026-10-07 05:37:25,2026-10-07 05:37:25.903
2026-10-07 05:13:50,SPHL100,0106,Shuling Wu,20,20,0,2026-10-07 05:37:25,2026-10-07 05:37:25.904
2026-10-07 05:13:50,SPHL100,0107,Shuling Wu,20,20,0,2026-10-07 05:37:25,2026-10-07 05:37:25.904
2026-10-07 05:13:50,SPHL100,0108,Shuling Wu,20,20,0,2026-10-07 05:37:25,2026-10-07 05:37:25.904
2026-10-07 05:13:50,SPHL100,0109,Shuling Wu,20,20,0,2026-10-07 05:37:25,2026-10-07 05:37:25.904
2026-10-07 05:13:50,SPHL100,0110,Shuling Wu,20,20,0,2026-10-07 05:37:25,2026-10-07 05:37:25.904
2026-10-07 05:13:50,SPHL100,0201,Shuling Wu,20,20,0,2026-10-07 05:37:25,2026-10-07 05:37:25.904
2026-10-07 05:13:50,SPHL100,0202,Shuling Wu,20,20,0,2026-10-07 05:37:25,2026-10-07 05:37:25.905
2026-10-07 05:13:50,SPHL100,0203,Shuling Wu,20,20,0,2026-10-07 05:37:25,2026-10-07 05:37:25.905
2026-10-07 05:13:50,SPHL100,0204,Shuling Wu,20,20,0,2026-10-07 05:37:25,2026-10-07 05:37:25.905
2026-10-07 05:13:50,SPHL100,0205,Shuling Wu,20,20,0,2026-10-07 05:37:25,2026-10-07 05:37:25.905
2026-10-07 05:13:50,SPHL100,0206,Shuling Wu,20,20,0,2026-10-07 05:37:25,2026-10-07 05:37:25.905
2026-10-07 05:13:50,SPHL100,0207,Shuling Wu,20,20,0,2026-10-07 05:37:25,2026-10-07 05:37:25.906
2026-10-07 05:13:50,SPHL100,0208,Shuling Wu,20,20,0,2026-10-07 05:37:25,2026-10-07 05:37:25.906
2026-10-07 05:13:50,SPHL246,0101,April Khaing,20,20,0,2026-10-07 05:37:26,2026-10-07 05:37:26.302
2026-10-07 05:13:50,SPHL276,0101,Dina Borzekowski,25,25,0,2026-10-07 05:37:26,2026-10-07 05:37:26.698
2026-10-07 05:13:50,SPHL321,0101,Sylvette La Touche-Howard,15,15,0,2026-10-07 05:37:27,2026-10-07 05:37:27.090
2026-10-07 05:13:50,SPHL333,0101,Cynthia Kershaw,75,75,0,2026-10-07 05:37:27,2026-10-07 05:37:27.496
2026-10-07 05:13:50,SPHL478,0101,Tracy Zeeger,10,10,0,2026-10-07 05:37:28,2026-10-07 05:37:28.293
2026-10-07 05:13:50,SPHL600,0101,Sylvette La Touche-Howard,8,8,0,2026-10-07 05:37:28,2026-10-07 05:37:28.688
2026-10-07 05:13:50,SPHL610,0101,Danielle Catona,22,22,0,2026-10-07 05:37:29,2026-10-07 05:37:29.107
2026-10-07 05:13:50,SPHL610,0102,Danielle Catona,22,22,0,2026-10-07 05:37:29,2026-10-07 05:37:29.107
2026-10-07 05:13:50,SPHL610,0103,Danielle Catona,22,22,0,2026-10-07 05:37:29,2026-10-07 05:37:29.107
2026-10-07 05:13:50,SPHL610,PLB1,Priscilla Novak,20,20,0,2026-10-07 05:37:29,2026-10-07 05:37:29.107
2026-10-07 05:13:50,SPHL610,PLH1,Priscilla Novak,28,28,0,2026-10-07 05:37:29,2026-10-07 05:37:29.108
2026-10-07 05:13:50,SPHL610,PLK1,Priscilla Novak,5,5,0,2026-10-07 05:37:29,2026-10-07 05:37:29.108
2026-10-07 05:13:50,SPHL611,0101,Danielle Catona,45,45,0,2026-10-07 05:37:29,2026-10-07 05:37:29.520
2026-10-07 05:13:50,SPHL611,0201,Danielle Catona,45,45,0,2026-10-07 05:37:29,2026-10-07 05:37:29.520
2026-10-07 05:13:50,SPHL611,PLB1,Evelyn King-Marshall,20,20,0,2026-10-07 05:37:29,2026-10-07 05:37:29.521
2026-10-07 05:13:50,SPHL611,PLH1,Evelyn King-Marshall,28,28,0,2026-10-07 05:37:29,2026-10-07 05:37:29.521
2026-10-07 05:13:50,SPHL611,PLK1,Evelyn King-Marshall,5,5,0,2026-10-07 05:37:29,2026-10-07 05:37:29.521
2026-10-07 05:13:50,SPHL612,0101,James Hagberg,15,15,0,2026-10-07 05:37:29,2026-10-07 05:37:29.917
2026-10-07 05:13:50,TLTC310,0101,Danielle Pafe,20,20,0,2026-10-07 05:38:08,2026-10-07 05:38:08.712
2026-10-07 05:13:50,TLTC333,0101,Mona Thompson,55,55,0,2026-10-07 05:38:09,2026-10-07 05:38:09.128
2026-10-07 05:13:50,TLTC333,0102,Mona Thompson,55,55,0,2026-10-07 05:38:09,2026-10-07 05:38:09.128
2026-10-07 05:13:50,TLTC333,0105,Mona Thompson,55,55,0,2026-10-07 05:38:09,2026-10-07 05:38:09.128
2026-10-07 05:13:50,URSP372,0101,Priscila Alves,20,20,0,2026-10-07 05:38:18,2026-10-07 05:38:18.819
2026-10-07 05:13:50,URSP488A,0101,Chengri Ding,30,30,0,2026-10-07 05:38:19,2026-10-07 05:38:19.217
2026-10-07 05:13:50,URSP600,0101,Kevin Nelson,25,25,0,2026-10-07 05:38:19,2026-10-07 05:38:19.619
2026-10-07 05:13:50,URSP603,0101,Dawn Jourdan,33,33,0,2026-10-07 05:38:20,2026-10-07 05:38:20.013
2026-10-07 05:13:50,URSP606,0101,Chengri Ding,15,15,0,2026-10-07 05:38:20,2026-10-07 05:38:20.417
2026-10-07 05:13:50,URSP631,0101,Hiroyuki Iseki,15,15,0,2026-10-07 05:38:20,2026-10-07 05:38:20.809
2026-10-07 05:13:50,URSP668B,0101,Eric Burnstein,20,20,0,2026-10-07 05:38:21,2026-10-07 05:38:21.214
2026-10-07 05:13:50,URSP673,0101,Riem ElZoghbi,25,25,0,2026-10-07 05:38:21,2026-10-07 05:38:21.624
2026-10-07 05:13:50,URSP688M,0101,Andrew Bernish,20,20,0,2026-10-07 05:38:22,2026-10-07 05:38:22.029
2026-10-07 05:13:50,URSP688P,0101,Sonja Ewing,15,15,0,2026-10-07 05:38:22,2026-10-07 05:38:22.421
2026-10-07 05:13:50,URSP688Y,0101,Chester Harvey,30,30,0,2026-10-07 05:38:22,2026-10-07 05:38:22.824
2026-10-07 05:13:50,URSP708,0101,Nicholas Finio,10,10,0,2026-10-07 05:38:23,2026-10-07 05:38:23.228
2026-10-07 05:13:50,URSP709,0101,Casey Dawkins,10,10,0,2026-10-07 05:38:23,2026-10-07 05:38:23.624
2026-10-07 05:13:50,URSP805,0101,Casey Dawkins,15,15,0,2026-10-07 05:38:25,2026-10-07 05:38:25.210
2026-10-07 05:13:50,USLT202,0101,Jasmin Pineda,26,26,0,2026-10-07 05:38:27,2026-10-07 05:38:27.716
2026-10-07 05:13:50,USLT403,0101,Perla Guerrero,20,20,0,2026-10-07 05:38:28,2026-10-07 05:38:28.106
2026-10-07 05:13:50,USLT420,0101,Robert Chester,27,27,0,2026-10-07 05:38:28,2026-10-07 05:38:28.502
2026-10-07 05:13:50,USLT488,0101,Nancy Mirabal,30,30,0,2026-10-07 05:38:28,2026-10-07 05:38:28.895
2026-10-07 05:13:50,USLT498L,0101,Fernando Rios,12,12,0,2026-10-07 05:38:29,2026-10-07 05:38:29.299
2026-10-07 05:13:50,VIPS208,0102,Ken Kiger,10,10,0,2026-10-07 05:38:31,2026-10-07 05:38:31.089
2026-10-07 05:13:50,VIPS208,0103,Bryan Quinn,10,10,0,2026-10-07 05:38:31,2026-10-07 05:38:31.089
2026-10-07 05:13:50,VIPS208,0104,Ryan Sochol,10,10,0,2026-10-07 05:38:31,2026-10-07 05:38:31.089
2026-10-07 05:13:50,VIPS208,0105,Molly Carton,10,10,0,2026-10-07 05:38:31,2026-10-07 05:38:31.089
2026-10-07 05:13:50,VIPS208,0106,James Baeder,11,11,0,2026-10-07 05:38:31,2026-10-07 05:38:31.089
2026-10-07 05:13:50,VIPS208,0107,Catherine Spirito,10,10,0,2026-10-07 05:38:31,2026-10-07 05:38:31.090
2026-10-07 05:13:50,VIPS208,0108,Ronald Yaros,10,10,0,2026-10-07 05:38:31,2026-10-07 05:38:31.090
2026-10-07 05:13:50,VIPS208,0109,Carinna Ferguson,10,10,0,2026-10-07 05:38:31,2026-10-07 05:38:31.090
2026-10-07 05:13:50,VIPS208,0110,Tracy Riggins,10,10,0,2026-10-07 05:38:31,2026-10-07 05:38:31.090
2026-10-07 05:13:50,VIPS208,0111,Kevin Calabro,10,10,0,2026-10-07 05:38:31,2026-10-07 05:38:31.090
2026-10-07 05:13:50,VIPS208,0112,Raffaele Viglianti,10,10,0,2026-10-07 05:38:31,2026-10-07 05:38:31.090
2026-10-07 05:13:50,VIPS208,0113,Shabnam Jabeen,10,10,0,2026-10-07 05:38:31,2026-10-07 05:38:31.091
2026-10-07 05:13:50,VIPS208,0114,Ning Zeng,10,10,0,2026-10-07 05:38:31,2026-10-07 05:38:31.091
2026-10-07 05:13:50,VIPS208,0115,Veronica Kang,10,10,0,2026-10-07 05:38:31,2026-10-07 05:38:31.091
2026-10-07 05:13:50,VIPS208,0116,David Stewart,10,10,0,2026-10-07 05:38:31,2026-10-07 05:38:31.091
2026-10-07 05:13:50,VIPS208,0117,Meredith Epstein,10,10,0,2026-10-07 05:38:31,2026-10-07 05:38:31.091
2026-10-07 05:13:50,VIPS208,0118,Magaly Toro Ibaceta,10,10,0,2026-10-07 05:38:31,2026-10-07 05:38:31.092
2026-10-07 05:13:50,VIPS208,0120,Marisa Parham,10,10,0,2026-10-07 05:38:31,2026-10-07 05:38:31.092
2026-10-07 05:13:50,VIPS208,0121,Becky Epanchin-Niell,10,10,0,2026-10-07 05:38:31,2026-10-07 05:38:31.092
2026-10-07 05:13:50,VIPS208,0122,Timothy Reedy,10,10,0,2026-10-07 05:38:31,2026-10-07 05:38:31.092
2026-10-07 05:13:50,VIPS208,0123,Lingnan Lin,10,10,0,2026-10-07 05:38:31,2026-10-07 05:38:31.092
2026-10-07 05:13:50,VIPS208,0124,Jeffrey Moro,10,10,0,2026-10-07 05:38:31,2026-10-07 05:38:31.092
2026-10-07 05:13:50,VIPS208,0125,Peter Sunderland,10,10,0,2026-10-07 05:38:31,2026-10-07 05:38:31.093
2026-10-07 05:13:50,VIPS208,0126,Brienna Anderson,10,10,0,2026-10-07 05:38:31,2026-10-07 05:38:31.093
2026-10-07 05:13:50,VIPS308,0102,Ken Kiger,10,10,0,2026-10-07 05:38:31,2026-10-07 05:38:31.533
2026-10-07 05:13:50,VIPS308,0103,Bryan Quinn,13,13,0,2026-10-07 05:38:31,2026-10-07 05:38:31.533
2026-10-07 05:13:50,VIPS308,0104,Ryan Sochol,10,10,0,2026-10-07 05:38:31,2026-10-07 05:38:31.533
2026-10-07 05:13:50,VIPS308,0105,Molly Carton,10,10,0,2026-10-07 05:38:31,2026-10-07 05:38:31.534
2026-10-07 05:13:50,VIPS308,0106,James Baeder,10,10,0,2026-10-07 05:38:31,2026-10-07 05:38:31.534
2026-10-07 05:13:50,VIPS308,0107,Catherine Spirito,10,10,0,2026-10-07 05:38:31,2026-10-07 05:38:31.534
2026-10-07 05:13:50,VIPS308,0108,Ronald Yaros,10,10,0,2026-10-07 05:38:31,2026-10-07 05:38:31.534
2026-10-07 05:13:50,VIPS308,0109,Carinna Ferguson,10,10,0,2026-10-07 05:38:31,2026-10-07 05:38:31.534
2026-10-07 05:13:50,VIPS308,0110,Tracy Riggins,10,10,0,2026-10-07 05:38:31,2026-10-07 05:38:31.534
2026-10-07 05:13:50,VIPS308,0111,Kevin Calabro,10,10,0,2026-10-07 05:38:31,2026-10-07 05:38:31.535
2026-10-07 05:13:50,VIPS308,0112,Raffaele Viglianti,10,10,0,2026-10-07 05:38:31,2026-10-07 05:38:31.535
2026-10-07 05:13:50,VIPS308,0113,Shabnam Jabeen,10,10,0,2026-10-07 05:38:31,2026-10-07 05:38:31.535
2026-10-07 05:13:50,VIPS308,0114,Ning Zeng,10,10,0,2026-10-07 05:38:31,2026-10-07 05:38:31.535
2026-10-07 05:13:50,VIPS308,0115,Veronica Kang,10,10,0,2026-10-07 05:38:31,2026-10-07 05:38:31.535
2026-10-07 05:13:50,VIPS308,0116,David Stewart,10,10,0,2026-10-07 05:38:31,2026-10-07 05:38:31.536
2026-10-07 05:13:50,VIPS308,0117,Meredith Epstein,10,10,0,2026-10-07 05:38:31,2026-10-07 05:38:31.536
2026-10-07 05:13:50,VIPS308,0118,Magaly Toro Ibaceta,10,10,0,2026-10-07 05:38:31,2026-10-07 05:38:31.536
2026-10-07 05:13:50,VIPS308,0120,Marisa Parham,10,10,0,2026-10-07 05:38:31,2026-10-07 05:38:31.536
2026-10-07 05:13:50,VIPS308,0121,Becky Epanchin-Niell,10,10,0,2026-10-07 05:38:31,2026-10-07 05:38:31.536
2026-10-07 05:13:50,VIPS308,0122,Timothy Reedy,10,10,0,2026-10-07 05:38:31,2026-10-07 05:38:31.536
2026-10-07 05:13:50,VIPS308,0123,Lingnan Lin,10,10,0,2026-10-07 05:38:31,2026-10-07 05:38:31.537
2026-10-07 05:13:50,VIPS308,0124,Jeffrey Moro,10,10,0,2026-10-07 05:38:31,2026-10-07 05:38:31.537
2026-10-07 05:13:50,VIPS308,0125,Peter Sunderland,10,10,0,2026-10-07 05:38:31,2026-10-07 05:38:31.537
2026-10-07 05:13:50,VIPS308,0126,Brienna Anderson,10,10,0,2026-10-07 05:38:31,2026-10-07 05:38:31.537
2026-10-07 05:13:50,VIPS408,0102,Ken Kiger,10,10,0,2026-10-07 05:38:31,2026-10-07 05:38:31.988
2026-10-07 05:13:50,VIPS408,0103,Bryan Quinn,10,10,0,2026-10-07 05:38:31,2026-10-07 05:38:31.988
2026-10-07 05:13:50,VIPS408,0104,Ryan Sochol,10,10,0,2026-10-07 05:38:31,2026-10-07 05:38:31.989
2026-10-07 05:13:50,VIPS408,0105,Molly Carton,10,10,0,2026-10-07 05:38:31,2026-10-07 05:38:31.989
2026-10-07 05:13:50,VIPS408,0106,James Baeder,10,10,0,2026-10-07 05:38:31,2026-10-07 05:38:31.989
2026-10-07 05:13:50,VIPS408,0107,Catherine Spirito,10,10,0,2026-10-07 05:38:31,2026-10-07 05:38:31.989
2026-10-07 05:13:50,VIPS408,0108,Ronald Yaros,10,10,0,2026-10-07 05:38:31,2026-10-07 05:38:31.989
2026-10-07 05:13:50,VIPS408,0109,Carinna Ferguson,10,10,0,2026-10-07 05:38:31,2026-10-07 05:38:31.990
2026-10-07 05:13:50,VIPS408,0110,Tracy Riggins,10,10,0,2026-10-07 05:38:31,2026-10-07 05:38:31.990
2026-10-07 05:13:50,VIPS408,0111,Kevin Calabro,10,10,0,2026-10-07 05:38:31,2026-10-07 05:38:31.990
2026-10-07 05:13:50,VIPS408,0112,Raffaele Viglianti,10,10,0,2026-10-07 05:38:31,2026-10-07 05:38:31.990
2026-10-07 05:13:50,VIPS408,0113,Shabnam Jabeen,10,10,0,2026-10-07 05:38:31,2026-10-07 05:38:31.990
2026-10-07 05:13:50,VIPS408,0114,Ning Zeng,10,10,0,2026-10-07 05:38:31,2026-10-07 05:38:31.990
2026-10-07 05:13:50,VIPS408,0115,Veronica Kang,10,10,0,2026-10-07 05:38:31,2026-10-07 05:38:31.991
2026-10-07 05:13:50,VIPS408,0116,David Stewart,10,10,0,2026-10-07 05:38:31,2026-10-07 05:38:31.991
2026-10-07 05:13:50,VIPS408,0117,Meredith Epstein,10,10,0,2026-10-07 05:38:31,2026-10-07 05:38:31.991
2026-10-07 05:13:50,VIPS408,0118,Magaly Toro Ibaceta,10,10,0,2026-10-07 05:38:31,2026-10-07 05:38:31.991
2026-10-07 05:13:50,VIPS408,0120,Marisa Parham,10,10,0,2026-10-07 05:38:31,2026-10-07 05:38:31.991
2026-10-07 05:13:50,VIPS408,0121,Becky Epanchin-Niell,10,10,0,2026-10-07 05:38:31,2026-10-07 05:38:31.992
2026-10-07 05:13:50,VIPS408,0122,Timothy Reedy,10,10,0,2026-10-07 05:38:31,2026-10-07 05:38:31.992
2026-10-07 05:13:50,VIPS408,0123,Lingnan Lin,10,10,0,2026-10-07 05:38:31,2026-10-07 05:38:31.992
2026-10-07 05:13:50,VIPS408,0124,Jeffrey Moro,10,10,0,2026-10-07 05:38:31,2026-10-07 05:38:31.992
2026-10-07 05:13:50,VIPS408,0125,Peter Sunderland,10,10,0,2026-10-07 05:38:31,2026-10-07 05:38:31.992
2026-10-07 05:13:50,VIPS408,0126,Brienna Anderson,10,10,0,2026-10-07 05:38:31,2026-10-07 05:38:31.992
2026-10-07 05:13:50,WEID139N,0101,Denise Joseph,60,60,0,2026-10-07 05:38:35,2026-10-07 05:38:35.634
2026-10-07 05:13:50,WEID139T,0201,Taylor Togafau-Lewis,45,45,0,2026-10-07 05:38:36,2026-10-07 05:38:36.049
2026-10-07 05:13:50,WGSS105,0101,Jessica Mathiason,30,30,0,2026-10-07 05:38:37,2026-10-07 05:38:37.983
2026-10-07 05:13:50,WGSS105,0102,Jessica Mathiason,30,30,0,2026-10-07 05:38:37,2026-10-07 05:38:37.984
2026-10-07 05:13:50,WGSS105,0103,Jessica Mathiason,30,30,0,2026-10-07 05:38:37,2026-10-07 05:38:37.984
2026-10-07 05:13:50,WGSS105,0104,Jessica Mathiason,30,30,0,2026-10-07 05:38:37,2026-10-07 05:38:37.984
2026-10-07 05:13:50,WGSS115,0101,Alexis Lothian,25,25,0,2026-10-07 05:38:38,2026-10-07 05:38:38.381
2026-10-07 05:13:50,WGSS115,0102,Alexis Lothian,25,25,0,2026-10-07 05:38:38,2026-10-07 05:38:38.381
2026-10-07 05:13:50,WGSS201,0101,Sayan Bhattacharya,25,25,0,2026-10-07 05:38:38,2026-10-07 05:38:38.787
2026-10-07 05:13:50,WGSS201,0102,Sayan Bhattacharya,25,25,0,2026-10-07 05:38:38,2026-10-07 05:38:38.788
2026-10-07 05:13:50,WGSS205,0101,Shelbi Meissner,21,21,0,2026-10-07 05:38:39,2026-10-07 05:38:39.245
2026-10-07 05:13:50,WGSS205,0201,Shelbi Meissner,21,21,0,2026-10-07 05:38:39,2026-10-07 05:38:39.245
2026-10-07 05:13:50,WGSS230,0101,Daniel Richter,20,20,0,2026-10-07 05:38:39,2026-10-07 05:38:39.728
2026-10-07 05:13:50,WGSS230,0201,Robert Lucci,20,20,0,2026-10-07 05:38:39,2026-10-07 05:38:39.728
2026-10-07 05:13:50,WGSS250,0101,Lidia Garcia Berrelleza,25,25,0,2026-10-07 05:38:40,2026-10-07 05:38:40.232
2026-10-07 05:13:50,WGSS250,0201,Shameem Razack,25,25,0,2026-10-07 05:38:40,2026-10-07 05:38:40.232
2026-10-07 05:13:50,WGSS255,0101,Instructor: TBA,30,30,0,2026-10-07 05:38:40,2026-10-07 05:38:40.726
2026-10-07 05:13:50,WGSS265,0101,Ashley Newby,40,40,0,2026-10-07 05:38:41,2026-10-07 05:38:41.232
2026-10-07 05:13:50,WGSS275,0101,Instructor: TBA,30,30,0,2026-10-07 05:38:41,2026-10-07 05:38:41.722
2026-10-07 05:13:50,WGSS280,0101,Jessica Mathiason,52,52,0,2026-10-07 05:38:42,2026-10-07 05:38:42.223
2026-10-07 05:13:50,WGSS290,0101,Jessica Mathiason,30,30,0,2026-10-07 05:38:42,2026-10-07 05:38:42.722
2026-10-07 05:13:50,WGSS290,0201,Sydney Lewis,31,31,0,2026-10-07 05:38:42,2026-10-07 05:38:42.722
2026-10-07 05:13:50,WGSS298C,0101,Will Mosley,35,35,0,2026-10-07 05:38:43,2026-10-07 05:38:43.153
2026-10-07 05:13:50,WGSS298S,0101,Jordan Keesler,25,25,0,2026-10-07 05:38:43,2026-10-07 05:38:43.571
2026-10-07 05:13:50,WGSS302,0101,Will Mosley,25,25,0,2026-10-07 05:38:44,2026-10-07 05:38:44.086
2026-10-07 05:13:50,WGSS306,0101,Sydney Lewis,30,30,0,2026-10-07 05:38:44,2026-10-07 05:38:44.587
2026-10-07 05:13:50,WGSS310,0101,Sayan Bhattacharya,25,25,0,2026-10-07 05:38:44,2026-10-07 05:38:44.993
2026-10-07 05:13:50,WGSS319F,0101,Alexis Lothian,30,30,0,2026-10-07 05:38:45,2026-10-07 05:38:45.482
2026-10-07 05:13:50,WGSS379G,0101,Chinyere Osuji,20,20,0,2026-10-07 05:38:45,2026-10-07 05:38:45.966
2026-10-07 05:13:50,WGSS379U,0101,John Drabinski,25,25,0,2026-10-07 05:38:46,2026-10-07 05:38:46.461
2026-10-07 05:13:50,WGSS422,0101,Jennifer Cho,18,18,0,2026-10-07 05:38:46,2026-10-07 05:38:46.855
2026-10-07 05:13:50,WGSS471,0101,Katherine Sharp,25,25,0,2026-10-07 05:38:47,2026-10-07 05:38:47.251
2026-10-07 05:13:50,WGSS471,0201,Katherine Sharp,45,45,0,2026-10-07 05:38:47,2026-10-07 05:38:47.252
2026-10-07 05:13:50,WGSS475,0101,Sydney Lewis,20,20,0,2026-10-07 05:38:47,2026-10-07 05:38:47.659
2026-10-07 05:13:50,WGSS487,0101,Eva Hageman,15,15,0,2026-10-07 05:38:48,2026-10-07 05:38:48.053
2026-10-07 05:13:50,WGSS487H,0101,Eva Hageman,5,5,0,2026-10-07 05:38:48,2026-10-07 05:38:48.443
2026-10-07 05:13:50,WGSS602,0101,Shelbi Meissner,12,12,0,2026-10-07 05:38:50,2026-10-07 05:38:50.034
2026-10-07 05:13:50,WGSS708,0101,Alexis Lothian,10,10,0,2026-10-07 05:38:52,2026-10-07 05:38:52.933
2026-10-07 05:13:50,XPER455,0101,TJ Rainsford,25,25,0,2026-10-07 05:38:55,2026-10-07 05:38:55.965
2026-10-07 18:15:41,AAAS100,0101,Shane Walsh,35,35,0,2026-10-07 18:15:43,2026-10-07 18:15:43.756
2026-10-07 18:15:41,AAAS100,0201,Shane Walsh,35,35,0,2026-10-07 18:15:43,2026-10-07 18:15:43.756
2026-10-07 18:15:41,AAAS100,0301,George Kintiba,30,30,0,2026-10-07 18:15:43,2026-10-07 18:15:43.756
2026-10-07 18:15:41,AAAS100,0401,Beka Guluma,35,35,0,2026-10-07 18:15:43,2026-10-07 18:15:43.756
2026-10-07 18:15:41,AAAS100,0501,Jason Nichols,33,33,0,2026-10-07 18:15:43,2026-10-07 18:15:43.756
2026-10-07 18:15:41,AAAS100,0601,Jason Nichols,35,35,0,2026-10-07 18:15:43,2026-10-07 18:15:43.756
2026-10-07 18:15:41,AAAS100H,0301,George Kintiba,5,5,0,2026-10-07 18:15:44,2026-10-07 18:15:44.005
2026-10-07 18:15:41,AAAS101,0101,Periloux Peay,40,40,0,2026-10-07 18:15:44,2026-10-07 18:15:44.362
2026-10-07 18:15:41,AAAS187,0101,Robert Choflet,30,30,0,2026-10-07 18:15:45,2026-10-07 18:15:45.007
2026-10-07 18:15:41,AAAS200,0101,George Kintiba,40,40,0,2026-10-07 18:15:45,2026-10-07 18:15:45.386
2026-10-07 18:15:41,AAAS202,0101,Robert Choflet,30,30,0,2026-10-07 18:15:45,2026-10-07 18:15:45.782
2026-10-07 18:15:41,AAAS202,0201,Angelica Dunbar,35,35,0,2026-10-07 18:15:45,2026-10-07 18:15:45.782
2026-10-07 18:15:41,AAAS202,0301,Angelica Dunbar,35,35,0,2026-10-07 18:15:45,2026-10-07 18:15:45.782
2026-10-07 18:15:41,AAAS202,0401,Robert Choflet,35,35,0,2026-10-07 18:15:45,2026-10-07 18:15:45.782
2026-10-07 18:15:41,AAAS202H,0101,Robert Choflet,5,5,0,2026-10-07 18:15:46,2026-10-07 18:15:46.045
2026-10-07 18:15:41,AAAS211,0101,Shane Walsh,120,120,0,2026-10-07 18:15:46,2026-10-07 18:15:46.300
2026-10-07 18:15:41,AAAS234,0101,Instructor: TBA,30,30,0,2026-10-07 18:15:47,2026-10-07 18:15:47.295
2026-10-07 18:15:41,AAAS255,0101,Leigh Soares,40,40,0,2026-10-07 18:15:47,2026-10-07 18:15:47.557
2026-10-07 18:15:41,AAAS265,0101,Ashley Newby,40,40,0,2026-10-07 18:15:47,2026-10-07 18:15:47.804
2026-10-07 18:15:41,AAAS320,0101,Cecily Jackson,25,25,0,2026-10-07 18:15:48,2026-10-07 18:15:48.091
2026-10-07 18:15:41,AAAS320,0201,Cecily Jackson,25,25,0,2026-10-07 18:15:48,2026-10-07 18:15:48.091
2026-10-07 18:15:41,AAAS386,0101,Marshal Washington,10,10,0,2026-10-07 18:15:48,2026-10-07 18:15:48.351
2026-10-07 18:15:41,AAAS398G,0101,Chinyere Osuji,20,20,0,2026-10-07 18:15:48,2026-10-07 18:15:48.614
2026-10-07 18:15:41,AAAS398U,0101,John Drabinski,25,25,0,2026-10-07 18:15:48,2026-10-07 18:15:48.982
2026-10-07 18:15:41,AAAS400,0101,George Kintiba,20,20,0,2026-10-07 18:15:49,2026-10-07 18:15:49.372
2026-10-07 18:15:41,AAAS400H,0101,George Kintiba,5,5,0,2026-10-07 18:15:49,2026-10-07 18:15:49.664
2026-10-07 18:15:41,AAAS490,0101,Paul Landau,18,18,0,2026-10-07 18:15:50,2026-10-07 18:15:50.047
2026-10-07 18:15:41,AAAS498X,0101,Terrill Taylor,36,36,0,2026-10-07 18:15:50,2026-10-07 18:15:50.410
2026-10-07 18:15:41,AAST200,0101,Jennifer Cho,34,34,0,2026-10-07 18:15:51,2026-10-07 18:15:51.962
2026-10-07 18:15:41,AAST201,0101,Madeline Hsu,40,40,0,2026-10-07 18:15:52,2026-10-07 18:15:52.204
2026-10-07 18:15:41,AAST250,0101,Jennifer Cho,30,30,0,2026-10-07 18:15:52,2026-10-07 18:15:52.453
2026-10-07 18:15:41,AAST262,0101,Derek Iwamoto,54,54,0,2026-10-07 18:15:52,2026-10-07 18:15:52.838
2026-10-07 18:15:41,AAST322,0101,Julie Park,30,30,0,2026-10-07 18:15:53,2026-10-07 18:15:53.091
2026-10-07 18:15:41,AAST350,0101,Binod Paudyal,25,25,0,2026-10-07 18:15:53,2026-10-07 18:15:53.324
2026-10-07 18:15:41,AAST351,0101,Binod Paudyal,34,34,0,2026-10-07 18:15:53,2026-10-07 18:15:53.555
2026-10-07 18:15:41,AAST363,0101,Gemirald Daus,35,35,0,2026-10-07 18:15:53,2026-10-07 18:15:53.850
2026-10-07 18:15:41,AAST378,0101,Janelle Wong,2,2,0,2026-10-07 18:15:54,2026-10-07 18:15:54.162
2026-10-07 18:15:41,AAST394,0101,Wenxi Yang,25,25,0,2026-10-07 18:15:55,2026-10-07 18:15:55.341
2026-10-07 18:15:41,AAST398A,0101,Michelle Magalong,20,20,0,2026-10-07 18:15:55,2026-10-07 18:15:55.620
2026-10-07 18:15:41,AAST398B,0101,Chris Eng,25,25,0,2026-10-07 18:15:55,2026-10-07 18:15:55.866
2026-10-07 18:15:41,AAST421,0101,Philip Nash,20,20,0,2026-10-07 18:15:56,2026-10-07 18:15:56.142
2026-10-07 18:15:41,AAST422,0101,Jennifer Cho,18,18,0,2026-10-07 18:15:56,2026-10-07 18:15:56.415
2026-10-07 18:15:41,AAST443,0101,Janelle Wong,27,27,0,2026-10-07 18:15:56,2026-10-07 18:15:56.705
2026-10-07 18:15:41,ABRM450,0101,Ashley Newby,10,10,0,2026-10-07 18:15:58,2026-10-07 18:15:58.152
2026-10-07 18:15:41,AGNR301,0101,Thomas Hilde,150,150,0,2026-10-07 18:15:59,2026-10-07 18:15:59.592
2026-10-07 18:15:41,AGNR388,0101,Instructor: TBA,20,20,0,2026-10-07 18:15:59,2026-10-07 18:15:59.850
2026-10-07 18:15:41,AIME498B,0101,Kevin McGarry,30,30,0,2026-10-07 18:16:03,2026-10-07 18:16:03.428
2026-10-07 18:15:41,ARAB101,0101,Samah Al-salami,15,15,0,2026-10-07 18:16:39,2026-10-07 18:16:39.793
2026-10-07 18:15:41,ARAB101,0201,Ahmed Hanafy,15,15,0,2026-10-07 18:16:39,2026-10-07 18:16:39.793
2026-10-07 18:15:41,ARAB102,0101,Samah Al-salami,15,15,0,2026-10-07 18:16:40,2026-10-07 18:16:40.046
2026-10-07 18:15:41,ARAB102,0201,Samah Al-salami,15,15,0,2026-10-07 18:16:40,2026-10-07 18:16:40.046
2026-10-07 18:15:41,ARAB201,0101,Lutf Alkebsi,15,15,0,2026-10-07 18:16:40,2026-10-07 18:16:40.344
2026-10-07 18:15:41,ARAB202,0101,Lutf Alkebsi,15,15,0,2026-10-07 18:16:40,2026-10-07 18:16:40.627
2026-10-07 18:15:41,ARAB202,0201,Lutf Alkebsi,15,15,0,2026-10-07 18:16:40,2026-10-07 18:16:40.627
2026-10-07 18:15:41,ARAB222,0101,Ahmed Hanafy,15,15,0,2026-10-07 18:16:40,2026-10-07 18:16:40.871
2026-10-07 18:15:41,ARAB250,0101,Anny Gaul,20,20,0,2026-10-07 18:16:41,2026-10-07 18:16:41.122
2026-10-07 18:15:41,ARAB302,0101,Ahmed Hanafy,15,15,0,2026-10-07 18:16:41,2026-10-07 18:16:41.394
2026-10-07 18:15:41,ARAB317,0101,Anny Gaul,15,15,0,2026-10-07 18:16:41,2026-10-07 18:16:41.666
2026-10-07 18:15:41,ARAB398W,0101,Lutf Alkebsi,15,15,0,2026-10-07 18:16:42,2026-10-07 18:16:42.231
2026-10-07 18:15:41,ARAB499X,0101,Samah Al-salami,15,15,0,2026-10-07 18:16:42,2026-10-07 18:16:42.742
2026-10-07 18:15:41,ARCH170,0101,Lindsey May,100,100,0,2026-10-07 18:16:44,2026-10-07 18:16:44.309
2026-10-07 18:15:41,ARCH200,0101,Michael Abrams,21,21,0,2026-10-07 18:16:44,2026-10-07 18:16:44.584
2026-10-07 18:15:41,ARCH200,0102,Michael Abrams,21,21,0,2026-10-07 18:16:44,2026-10-07 18:16:44.584
2026-10-07 18:15:41,ARCH200,0103,Michael Abrams,21,21,0,2026-10-07 18:16:44,2026-10-07 18:16:44.584
2026-10-07 18:15:41,ARCH200,0104,Michael Abrams,21,21,0,2026-10-07 18:16:44,2026-10-07 18:16:44.584
2026-10-07 18:15:41,ARCH200,0105,Michael Abrams,21,21,0,2026-10-07 18:16:44,2026-10-07 18:16:44.584
2026-10-07 18:15:41,ARCH200,0106,Michael Abrams,21,21,0,2026-10-07 18:16:44,2026-10-07 18:16:44.584
2026-10-07 18:15:41,ARCH225,0101,Joseph Williams,125,125,0,2026-10-07 18:16:44,2026-10-07 18:16:44.840
2026-10-07 18:15:41,ARCH271,0101,Wayne Ricardo Curtis,75,75,0,2026-10-07 18:16:45,2026-10-07 18:16:45.135
2026-10-07 18:15:41,ARCH271,0102,Wayne Ricardo Curtis,75,75,0,2026-10-07 18:16:45,2026-10-07 18:16:45.135
2026-10-07 18:15:41,ARCH386,0101,Kristen Stack,10,10,0,2026-10-07 18:16:45,2026-10-07 18:16:45.371
2026-10-07 18:15:41,ARCH400,0101,Kenneth Filler,75,75,0,2026-10-07 18:16:45,2026-10-07 18:16:45.609
2026-10-07 18:15:41,ARCH400,0201,Marcus Cross,60,60,0,2026-10-07 18:16:45,2026-10-07 18:16:45.609
2026-10-07 18:15:41,ARCH402,0101,Taejun James Kim,75,75,0,2026-10-07 18:16:45,2026-10-07 18:16:45.857
2026-10-07 18:15:41,ARCH405,0101,Brittany L Williams,14,14,0,2026-10-07 18:16:46,2026-10-07 18:16:46.290
2026-10-07 18:15:41,ARCH407,0101,Georgeanne Matthews,12,12,0,2026-10-07 18:16:46,2026-10-07 18:16:46.526
2026-10-07 18:15:41,ARCH408A,0101,Daniel Curry,5,5,0,2026-10-07 18:16:46,2026-10-07 18:16:46.811
2026-10-07 18:15:41,ARCH408C,0101,Edgar Alvarado,5,5,0,2026-10-07 18:16:47,2026-10-07 18:16:47.111
2026-10-07 18:15:41,ARCH418D,0101,Hooman Koliji,30,30,0,2026-10-07 18:16:47,2026-10-07 18:16:47.373
2026-10-07 18:15:41,ARCH418G,0101,Deokoh Woo,16,16,0,2026-10-07 18:16:47,2026-10-07 18:16:47.621
2026-10-07 18:15:41,ARCH418I,0101,Michael Kleiss,16,16,0,2026-10-07 18:16:47,2026-10-07 18:16:47.891
2026-10-07 18:15:41,ARCH420,0101,Caroline Hickman,30,30,0,2026-10-07 18:16:48,2026-10-07 18:16:48.143
2026-10-07 18:15:41,ARCH423,0101,Joseph Williams,30,30,0,2026-10-07 18:16:48,2026-10-07 18:16:48.420
2026-10-07 18:15:41,ARCH425,0101,Joseph Williams,10,10,0,2026-10-07 18:16:48,2026-10-07 18:16:48.698
2026-10-07 18:15:41,ARCH428F,0101,Matthew Bell,20,20,0,2026-10-07 18:16:48,2026-10-07 18:16:48.936
2026-10-07 18:15:41,ARCH428K,0101,Michele Lamprakos,26,26,0,2026-10-07 18:16:49,2026-10-07 18:16:49.195
2026-10-07 18:15:41,ARCH445,0101,Daniel Curry,15,15,0,2026-10-07 18:16:49,2026-10-07 18:16:49.440
2026-10-07 18:15:41,ARCH463,0101,Deokoh Woo,150,150,0,2026-10-07 18:16:49,2026-10-07 18:16:49.689
2026-10-07 18:15:41,ARCH465,0101,Michael Kleiss,80,80,0,2026-10-07 18:16:49,2026-10-07 18:16:49.959
2026-10-07 18:15:41,ARCH468I,0101,Hooman Koliji,26,26,0,2026-10-07 18:16:50,2026-10-07 18:16:50.217
2026-10-07 18:15:41,ARCH468P,0101,Hooman Koliji,26,26,0,2026-10-07 18:16:50,2026-10-07 18:16:50.516
2026-10-07 18:15:41,ARCH472,0101,Kiley Wilfong Cullen,24,24,0,2026-10-07 18:16:50,2026-10-07 18:16:50.780
2026-10-07 18:15:41,ARCH478L,0101,Michele Lamprakos,10,10,0,2026-10-07 18:16:51,2026-10-07 18:16:51.036
2026-10-07 18:15:41,ARCH478O,0101,Stefan Woehlke,20,20,0,2026-10-07 18:16:51,2026-10-07 18:16:51.283
2026-10-07 18:15:41,ARCH601,0101,Peter Noonan,20,20,0,2026-10-07 18:16:51,2026-10-07 18:16:51.561
2026-10-07 18:15:41,ARCH618G,0101,Deokoh Woo,4,4,0,2026-10-07 18:16:51,2026-10-07 18:16:51.800
2026-10-07 18:15:41,ARCH618I,0101,Michael Kleiss,4,4,0,2026-10-07 18:16:52,2026-10-07 18:16:52.081
2026-10-07 18:15:41,ARCH628K,0101,Michele Lamprakos,4,4,0,2026-10-07 18:16:52,2026-10-07 18:16:52.369
2026-10-07 18:15:41,ARCH635,0101,Matthew Bell,15,15,0,2026-10-07 18:16:52,2026-10-07 18:16:52.660
2026-10-07 18:15:41,ARCH645,0101,Daniel Curry,10,10,0,2026-10-07 18:16:52,2026-10-07 18:16:52.947
2026-10-07 18:15:41,ARCH654,0101,Anatole Tchikine,35,35,0,2026-10-07 18:16:53,2026-10-07 18:16:53.241
2026-10-07 18:15:41,ARCH658I,0101,Sonja Ewing,15,15,0,2026-10-07 18:16:53,2026-10-07 18:16:53.491
2026-10-07 18:15:41,ARCH668I,0101,Hooman Koliji,4,4,0,2026-10-07 18:16:53,2026-10-07 18:16:53.778
2026-10-07 18:15:41,ARCH668P,0101,Hooman Koliji,4,4,0,2026-10-07 18:16:54,2026-10-07 18:16:54.029
2026-10-07 18:15:41,ARCH678L,0101,Michele Lamprakos,10,10,0,2026-10-07 18:16:54,2026-10-07 18:16:54.334
2026-10-07 18:15:41,ARCH678O,0101,Stefan Woehlke,5,5,0,2026-10-07 18:16:54,2026-10-07 18:16:54.577
2026-10-07 18:15:41,ARCH797,0101,Hooman Koliji,15,15,0,2026-10-07 18:16:54,2026-10-07 18:16:54.836
2026-10-07 18:15:41,ARMY105,0101,Andrew Bischoff,60,60,0,2026-10-07 18:17:13,2026-10-07 18:17:13.607
2026-10-07 18:15:41,ARMY105,0102,Andrew Bischoff,60,60,0,2026-10-07 18:17:13,2026-10-07 18:17:13.607
2026-10-07 18:15:41,ARMY110,0101,Andrew Bischoff,40,40,0,2026-10-07 18:17:13,2026-10-07 18:17:13.842
2026-10-07 18:15:41,ARMY202,0102,Andrew Bischoff,60,60,0,2026-10-07 18:17:14,2026-10-07 18:17:14.080
2026-10-07 18:15:41,ARMY302,0101,Andrew Bischoff,40,40,0,2026-10-07 18:17:14,2026-10-07 18:17:14.343
2026-10-07 18:15:41,ARMY402,0101,Andrew Bischoff,30,30,0,2026-10-07 18:17:14,2026-10-07 18:17:14.621
2026-10-07 18:15:41,ARMY402,0102,Andrew Bischoff,100,100,0,2026-10-07 18:17:14,2026-10-07 18:17:14.621
2026-10-07 18:15:41,ARSC059,0101,Kathryn Love,250,250,0,2026-10-07 18:17:16,2026-10-07 18:17:16.075
2026-10-07 18:15:41,ARSC101,0101,Alan Snyder,50,50,0,2026-10-07 18:17:16,2026-10-07 18:17:16.376
2026-10-07 18:15:41,ARSC101,0102,Alan Snyder,65,65,0,2026-10-07 18:17:16,2026-10-07 18:17:16.377
2026-10-07 18:15:41,ARSC101,0103,Alan Snyder,40,40,0,2026-10-07 18:17:16,2026-10-07 18:17:16.377
2026-10-07 18:15:41,ARSC101,0104,Alan Snyder,10,10,0,2026-10-07 18:17:16,2026-10-07 18:17:16.377
2026-10-07 18:15:41,ARSC201,0101,Nathan Rabe,65,65,0,2026-10-07 18:17:16,2026-10-07 18:17:16.754
2026-10-07 18:15:41,ARSC201,0102,Kathleen West,40,40,0,2026-10-07 18:17:16,2026-10-07 18:17:16.754
2026-10-07 18:15:41,ARSC201,0103,Kathleen West,40,40,0,2026-10-07 18:17:16,2026-10-07 18:17:16.754
2026-10-07 18:15:41,ARSC301,0101,Kathryn Love,45,45,0,2026-10-07 18:17:17,2026-10-07 18:17:17.049
2026-10-07 18:15:41,ARSC301,0102,Kathryn Love,20,20,0,2026-10-07 18:17:17,2026-10-07 18:17:17.049
2026-10-07 18:15:41,ARSC401,0101,Joseph Herwatic,30,30,0,2026-10-07 18:17:17,2026-10-07 18:17:17.317
2026-10-07 18:15:41,ARSC401,0102,Joseph Herwatic,15,15,0,2026-10-07 18:17:17,2026-10-07 18:17:17.317
2026-10-07 18:15:41,BIOI605,PCS1,Vanessa Gonzalez,25,25,0,2026-10-07 18:18:05,2026-10-07 18:18:05.311
2026-10-07 18:15:41,BIOI606,PCS1,Instructor: TBA,25,25,0,2026-10-07 18:18:05,2026-10-07 18:18:05.585
2026-10-07 18:15:41,BIOI607,PCS1,Instructor: TBA,25,25,0,2026-10-07 18:18:05,2026-10-07 18:18:05.863
2026-10-07 18:15:41,BIOM301,0101,Christine Hakenkamp,28,28,0,2026-10-07 18:18:09,2026-10-07 18:18:09.208
2026-10-07 18:15:41,BIOM301,0102,Christine Hakenkamp,28,28,0,2026-10-07 18:18:09,2026-10-07 18:18:09.208
2026-10-07 18:15:41,BIOM301,0103,Christine Hakenkamp,28,28,0,2026-10-07 18:18:09,2026-10-07 18:18:09.209
2026-10-07 18:15:41,BIOM301,0104,Christine Hakenkamp,28,28,0,2026-10-07 18:18:09,2026-10-07 18:18:09.209
2026-10-07 18:15:41,BIOM301,0105,Christine Hakenkamp,28,28,0,2026-10-07 18:18:09,2026-10-07 18:18:09.209
2026-10-07 18:15:41,BIOM301,0106,Christine Hakenkamp,28,28,0,2026-10-07 18:18:09,2026-10-07 18:18:09.209
2026-10-07 18:15:41,BIOM301,0107,Christine Hakenkamp,28,28,0,2026-10-07 18:18:09,2026-10-07 18:18:09.209
2026-10-07 18:15:41,BIOM301,0201,Instructor: TBA,28,28,0,2026-10-07 18:18:09,2026-10-07 18:18:09.209
2026-10-07 18:15:41,BIOM602,0101,Jiuzhou Song,28,28,0,2026-10-07 18:18:09,2026-10-07 18:18:09.453
2026-10-07 18:15:41,BMIN210,0101,Darlene Dennison,162,162,0,2026-10-07 18:18:33,2026-10-07 18:18:33.916
2026-10-07 18:15:41,BMIN210,0201,Darlene Dennison,162,162,0,2026-10-07 18:18:33,2026-10-07 18:18:33.917
2026-10-07 18:15:41,BMIN305,0101,Tejwansh Anand,162,162,0,2026-10-07 18:18:34,2026-10-07 18:18:34.195
2026-10-07 18:15:41,BMIN345,0101,Michael Padhi,325,325,0,2026-10-07 18:18:34,2026-10-07 18:18:34.486
2026-10-07 18:15:41,BMIN355,0101,Idil Yaveroglu,162,162,0,2026-10-07 18:18:34,2026-10-07 18:18:34.724
2026-10-07 18:15:41,BMIN355,0201,Idil Yaveroglu,162,162,0,2026-10-07 18:18:34,2026-10-07 18:18:34.724
2026-10-07 18:15:41,BMIN375,0101,Leland Gardner,162,162,0,2026-10-07 18:18:35,2026-10-07 18:18:35.004
2026-10-07 18:15:41,BMIN395,0101,Nima Farshchi,162,162,0,2026-10-07 18:18:35,2026-10-07 18:18:35.257
2026-10-07 18:15:41,BMIN395,0201,Nima Farshchi,162,162,0,2026-10-07 18:18:35,2026-10-07 18:18:35.257
2026-10-07 18:15:41,BSCI103,1100,Tais Mattoso De Andrade Ribeiro,24,24,0,2026-10-07 18:18:38,2026-10-07 18:18:38.657
2026-10-07 18:15:41,BSCI103,1101,Tais Mattoso De Andrade Ribeiro,24,24,0,2026-10-07 18:18:38,2026-10-07 18:18:38.657
2026-10-07 18:15:41,BSCI103,1103,Tais Mattoso De Andrade Ribeiro,24,24,0,2026-10-07 18:18:38,2026-10-07 18:18:38.657
2026-10-07 18:15:41,BSCI103,1105,Tais Mattoso De Andrade Ribeiro,24,24,0,2026-10-07 18:18:38,2026-10-07 18:18:38.657
2026-10-07 18:15:41,BSCI103,1107,Tais Mattoso De Andrade Ribeiro,24,24,0,2026-10-07 18:18:38,2026-10-07 18:18:38.657
2026-10-07 18:15:41,BSCI103,1108,Tais Mattoso De Andrade Ribeiro,24,24,0,2026-10-07 18:18:38,2026-10-07 18:18:38.658
2026-10-07 18:15:41,BSCI103,1109,Tais Mattoso De Andrade Ribeiro,24,24,0,2026-10-07 18:18:38,2026-10-07 18:18:38.658
2026-10-07 18:15:41,BSCI103,1110,Tais Mattoso De Andrade Ribeiro,24,24,0,2026-10-07 18:18:38,2026-10-07 18:18:38.658
2026-10-07 18:15:41,BSCI103M,0101,Tais Mattoso De Andrade Ribeiro,24,24,0,2026-10-07 18:18:38,2026-10-07 18:18:38.907
2026-10-07 18:15:41,BSCI120,0101,Dennis vanEngelsdorp,21,21,0,2026-10-07 18:18:39,2026-10-07 18:18:39.199
2026-10-07 18:15:41,BSCI120,0102,Dennis vanEngelsdorp,21,21,0,2026-10-07 18:18:39,2026-10-07 18:18:39.199
2026-10-07 18:15:41,BSCI135,1101,Edgar Moctezuma,24,24,0,2026-10-07 18:18:39,2026-10-07 18:18:39.465
2026-10-07 18:15:41,BSCI135,1102,Edgar Moctezuma,24,24,0,2026-10-07 18:18:39,2026-10-07 18:18:39.465
2026-10-07 18:15:41,BSCI135,1103,Edgar Moctezuma,24,24,0,2026-10-07 18:18:39,2026-10-07 18:18:39.465
2026-10-07 18:15:41,BSCI135,1104,Edgar Moctezuma,24,24,0,2026-10-07 18:18:39,2026-10-07 18:18:39.465
2026-10-07 18:15:41,BSCI135,1105,Edgar Moctezuma,24,24,0,2026-10-07 18:18:39,2026-10-07 18:18:39.465
2026-10-07 18:15:41,BSCI160,6101,Leo Shapiro,104,104,0,2026-10-07 18:18:39,2026-10-07 18:18:39.722
2026-10-07 18:15:41,BSCI160,6301,Chloe Garfinkel,56,56,0,2026-10-07 18:18:39,2026-10-07 18:18:39.723
2026-10-07 18:15:41,BSCI160,6601,Vadim Karatayev,88,88,0,2026-10-07 18:18:39,2026-10-07 18:18:39.723
2026-10-07 18:15:41,BSCI160,SES1,Chloe Garfinkel,15,15,0,2026-10-07 18:18:39,2026-10-07 18:18:39.723
2026-10-07 18:15:41,BSCI170,0101,Cordelia Weiss,153,153,0,2026-10-07 18:18:39,2026-10-07 18:18:40.049
2026-10-07 18:15:41,BSCI170,0201,Nicholas Fletcher,153,153,0,2026-10-07 18:18:39,2026-10-07 18:18:40.049
2026-10-07 18:15:41,BSCI170,0301,Ricardo Araneda,152,152,0,2026-10-07 18:18:39,2026-10-07 18:18:40.049
2026-10-07 18:15:41,BSCI170,0401,Swarna Mohan,153,153,0,2026-10-07 18:18:39,2026-10-07 18:18:40.049
2026-10-07 18:15:41,BSCI170,0501,Ji Young Choi,120,120,0,2026-10-07 18:18:39,2026-10-07 18:18:40.049
2026-10-07 18:15:41,BSCI170,0701,Ji Young Choi,153,153,0,2026-10-07 18:18:39,2026-10-07 18:18:40.050
2026-10-07 18:15:41,BSCI170,SES1,James Sniezek,20,20,0,2026-10-07 18:18:39,2026-10-07 18:18:40.050
2026-10-07 18:15:41,BSCI180,8105,Hans Lemke,19,19,0,2026-10-07 18:18:40,2026-10-07 18:18:40.357
2026-10-07 18:15:41,BSCI180,8106,Hans Lemke,19,19,0,2026-10-07 18:18:40,2026-10-07 18:18:40.357
2026-10-07 18:15:41,BSCI180,8107,Hans Lemke,19,19,0,2026-10-07 18:18:40,2026-10-07 18:18:40.357
2026-10-07 18:15:41,BSCI180,8108,Hans Lemke,19,19,0,2026-10-07 18:18:40,2026-10-07 18:18:40.357
2026-10-07 18:15:41,BSCI180,8109,Hans Lemke,19,19,0,2026-10-07 18:18:40,2026-10-07 18:18:40.357
2026-10-07 18:15:41,BSCI180,8110,Hans Lemke,19,19,0,2026-10-07 18:18:40,2026-10-07 18:18:40.357
2026-10-07 18:15:41,BSCI180,8111,Hans Lemke,19,19,0,2026-10-07 18:18:40,2026-10-07 18:18:40.358
2026-10-07 18:15:41,BSCI180,8112,Hans Lemke,19,19,0,2026-10-07 18:18:40,2026-10-07 18:18:40.358
2026-10-07 18:15:41,BSCI180,8113,Hans Lemke,19,19,0,2026-10-07 18:18:40,2026-10-07 18:18:40.358
2026-10-07 18:15:41,BSCI180,8114,Hans Lemke,19,19,0,2026-10-07 18:18:40,2026-10-07 18:18:40.358
2026-10-07 18:15:41,BSCI180,8201,Hans Lemke,19,19,0,2026-10-07 18:18:40,2026-10-07 18:18:40.358
2026-10-07 18:15:41,BSCI180,8202,Hans Lemke,19,19,0,2026-10-07 18:18:40,2026-10-07 18:18:40.358
2026-10-07 18:15:41,BSCI180,8205,Hans Lemke,19,19,0,2026-10-07 18:18:40,2026-10-07 18:18:40.358
2026-10-07 18:15:41,BSCI180,8206,Hans Lemke,19,19,0,2026-10-07 18:18:40,2026-10-07 18:18:40.358
2026-10-07 18:15:41,BSCI180,8207,Hans Lemke,19,19,0,2026-10-07 18:18:40,2026-10-07 18:18:40.358
2026-10-07 18:15:41,BSCI180,8208,Hans Lemke,19,19,0,2026-10-07 18:18:40,2026-10-07 18:18:40.358
2026-10-07 18:15:41,BSCI180,8209,Hans Lemke,19,19,0,2026-10-07 18:18:40,2026-10-07 18:18:40.358
2026-10-07 18:15:41,BSCI180,8210,Hans Lemke,19,19,0,2026-10-07 18:18:40,2026-10-07 18:18:40.359
2026-10-07 18:15:41,BSCI180,8211,Hans Lemke,19,19,0,2026-10-07 18:18:40,2026-10-07 18:18:40.359
2026-10-07 18:15:41,BSCI180,8212,Hans Lemke,19,19,0,2026-10-07 18:18:40,2026-10-07 18:18:40.359
2026-10-07 18:15:41,BSCI180,8213,Hans Lemke,19,19,0,2026-10-07 18:18:40,2026-10-07 18:18:40.359
2026-10-07 18:15:41,BSCI180,8214,Hans Lemke,19,19,0,2026-10-07 18:18:40,2026-10-07 18:18:40.359
2026-10-07 18:15:41,BSCI180,8301,Hans Lemke,19,19,0,2026-10-07 18:18:40,2026-10-07 18:18:40.359
2026-10-07 18:15:41,BSCI180,8302,Hans Lemke,19,19,0,2026-10-07 18:18:40,2026-10-07 18:18:40.359
2026-10-07 18:15:41,BSCI180,8305,Hans Lemke,19,19,0,2026-10-07 18:18:40,2026-10-07 18:18:40.359
2026-10-07 18:15:41,BSCI180,8306,Hans Lemke,19,19,0,2026-10-07 18:18:40,2026-10-07 18:18:40.359
2026-10-07 18:15:41,BSCI180,8307,Hans Lemke,19,19,0,2026-10-07 18:18:40,2026-10-07 18:18:40.359
2026-10-07 18:15:41,BSCI180,8308,Hans Lemke,19,19,0,2026-10-07 18:18:40,2026-10-07 18:18:40.359
2026-10-07 18:15:41,BSCI180,8309,Hans Lemke,19,19,0,2026-10-07 18:18:40,2026-10-07 18:18:40.359
2026-10-07 18:15:41,BSCI180,8310,Hans Lemke,19,19,0,2026-10-07 18:18:40,2026-10-07 18:18:40.360
2026-10-07 18:15:41,BSCI180,8311,Hans Lemke,19,19,0,2026-10-07 18:18:40,2026-10-07 18:18:40.360
2026-10-07 18:15:41,BSCI180,8312,Hans Lemke,19,19,0,2026-10-07 18:18:40,2026-10-07 18:18:40.360
2026-10-07 18:15:41,BSCI180,8313,Hans Lemke,19,19,0,2026-10-07 18:18:40,2026-10-07 18:18:40.360
2026-10-07 18:15:41,BSCI180,8314,Hans Lemke,19,19,0,2026-10-07 18:18:40,2026-10-07 18:18:40.360
2026-10-07 18:15:41,BSCI180,8401,Hans Lemke,19,19,0,2026-10-07 18:18:40,2026-10-07 18:18:40.360
2026-10-07 18:15:41,BSCI180,8402,Hans Lemke,19,19,0,2026-10-07 18:18:40,2026-10-07 18:18:40.360
2026-10-07 18:15:41,BSCI180,8405,Hans Lemke,19,19,0,2026-10-07 18:18:40,2026-10-07 18:18:40.360
2026-10-07 18:15:41,BSCI180,8406,Hans Lemke,19,19,0,2026-10-07 18:18:40,2026-10-07 18:18:40.360
2026-10-07 18:15:41,BSCI180,8407,Hans Lemke,19,19,0,2026-10-07 18:18:40,2026-10-07 18:18:40.360
2026-10-07 18:15:41,BSCI180,8408,Hans Lemke,19,19,0,2026-10-07 18:18:40,2026-10-07 18:18:40.360
2026-10-07 18:15:41,BSCI180,8409,Hans Lemke,19,19,0,2026-10-07 18:18:40,2026-10-07 18:18:40.360
2026-10-07 18:15:41,BSCI180,8410,Hans Lemke,19,19,0,2026-10-07 18:18:40,2026-10-07 18:18:40.361
2026-10-07 18:15:41,BSCI180,8411,Hans Lemke,19,19,0,2026-10-07 18:18:40,2026-10-07 18:18:40.361
2026-10-07 18:15:41,BSCI180,8412,Hans Lemke,19,19,0,2026-10-07 18:18:40,2026-10-07 18:18:40.361
2026-10-07 18:15:41,BSCI180,8413,Hans Lemke,19,19,0,2026-10-07 18:18:40,2026-10-07 18:18:40.361
2026-10-07 18:15:41,BSCI180,8414,Hans Lemke,19,19,0,2026-10-07 18:18:40,2026-10-07 18:18:40.361
2026-10-07 18:15:41,BSCI180,SES1,Hans Lemke,19,19,0,2026-10-07 18:18:40,2026-10-07 18:18:40.361
2026-10-07 18:15:41,BSCI201,0101,Caitlin Fox,24,24,0,2026-10-07 18:18:40,2026-10-07 18:18:40.658
2026-10-07 18:15:41,BSCI201,0103,Caitlin Fox,24,24,0,2026-10-07 18:18:40,2026-10-07 18:18:40.658
2026-10-07 18:15:41,BSCI201,0105,Caitlin Fox,24,24,0,2026-10-07 18:18:40,2026-10-07 18:18:40.658
2026-10-07 18:15:41,BSCI201,0106,Caitlin Fox,24,24,0,2026-10-07 18:18:40,2026-10-07 18:18:40.659
2026-10-07 18:15:41,BSCI201,0107,Caitlin Fox,24,24,0,2026-10-07 18:18:40,2026-10-07 18:18:40.659
2026-10-07 18:15:41,BSCI201,0109,Maira Goytia,24,24,0,2026-10-07 18:18:40,2026-10-07 18:18:40.659
2026-10-07 18:15:41,BSCI201,0110,Caitlin Fox,24,24,0,2026-10-07 18:18:40,2026-10-07 18:18:40.659
2026-10-07 18:15:41,BSCI201,0111,Caitlin Fox,24,24,0,2026-10-07 18:18:40,2026-10-07 18:18:40.659
2026-10-07 18:15:41,BSCI201,1101,Justicia Opoku-Edusei,24,24,0,2026-10-07 18:18:40,2026-10-07 18:18:40.659
2026-10-07 18:15:41,BSCI201,1103,Justicia Opoku-Edusei,24,24,0,2026-10-07 18:18:40,2026-10-07 18:18:40.659
2026-10-07 18:15:41,BSCI201,1104,Justicia Opoku-Edusei,24,24,0,2026-10-07 18:18:40,2026-10-07 18:18:40.659
2026-10-07 18:15:41,BSCI201,1105,Caitlin Fox,24,24,0,2026-10-07 18:18:40,2026-10-07 18:18:40.659
2026-10-07 18:15:41,BSCI201,1106,Caitlin Fox,24,24,0,2026-10-07 18:18:40,2026-10-07 18:18:40.659
2026-10-07 18:15:41,BSCI201,1108,Caitlin Fox,24,24,0,2026-10-07 18:18:40,2026-10-07 18:18:40.659
2026-10-07 18:15:41,BSCI201,1109,Justicia Opoku-Edusei,24,24,0,2026-10-07 18:18:40,2026-10-07 18:18:40.660
2026-10-07 18:15:41,BSCI201,1110,Justicia Opoku-Edusei,24,24,0,2026-10-07 18:18:40,2026-10-07 18:18:40.660
2026-10-07 18:15:41,BSCI202,0101,Caitlin Fox,24,24,0,2026-10-07 18:18:40,2026-10-07 18:18:40.952
2026-10-07 18:15:41,BSCI202,0102,Caitlin Fox,24,24,0,2026-10-07 18:18:40,2026-10-07 18:18:40.952
2026-10-07 18:15:41,BSCI202,0104,Caitlin Fox,24,24,0,2026-10-07 18:18:40,2026-10-07 18:18:40.952
2026-10-07 18:15:41,BSCI202,0108,Caitlin Fox,24,24,0,2026-10-07 18:18:40,2026-10-07 18:18:40.952
2026-10-07 18:15:41,BSCI202,0109,Maira Goytia,24,24,0,2026-10-07 18:18:40,2026-10-07 18:18:40.952
2026-10-07 18:15:41,BSCI202,0110,Caitlin Fox,24,24,0,2026-10-07 18:18:40,2026-10-07 18:18:40.952
2026-10-07 18:15:41,BSCI202,1101,Justicia Opoku-Edusei,24,24,0,2026-10-07 18:18:40,2026-10-07 18:18:40.952
2026-10-07 18:15:41,BSCI202,1103,Justicia Opoku-Edusei,24,24,0,2026-10-07 18:18:40,2026-10-07 18:18:40.952
2026-10-07 18:15:41,BSCI202,1104,Justicia Opoku-Edusei,24,24,0,2026-10-07 18:18:40,2026-10-07 18:18:40.952
2026-10-07 18:15:41,BSCI202,1106,Justicia Opoku-Edusei,24,24,0,2026-10-07 18:18:40,2026-10-07 18:18:40.952
2026-10-07 18:15:41,BSCI202,1107,Justicia Opoku-Edusei,24,24,0,2026-10-07 18:18:40,2026-10-07 18:18:40.952
2026-10-07 18:15:41,BSCI202,1108,Justicia Opoku-Edusei,24,24,0,2026-10-07 18:18:40,2026-10-07 18:18:40.953
2026-10-07 18:15:41,BSCI202,SES1,Edward Orlando,20,20,0,2026-10-07 18:18:40,2026-10-07 18:18:40.953
2026-10-07 18:15:41,BSCI207,0101,Karen Carleton,80,80,0,2026-10-07 18:18:41,2026-10-07 18:18:41.223
2026-10-07 18:15:41,BSCI207,0201,Chloe Garfinkel,80,80,0,2026-10-07 18:18:41,2026-10-07 18:18:41.223
2026-10-07 18:15:41,BSCI213,0101,Cordelia Weiss,20,20,0,2026-10-07 18:18:41,2026-10-07 18:18:41.519
2026-10-07 18:15:41,BSCI213,0102,Cordelia Weiss,20,20,0,2026-10-07 18:18:41,2026-10-07 18:18:41.519
2026-10-07 18:15:41,BSCI222,7106,Thomas Kocher,18,18,0,2026-10-07 18:18:41,2026-10-07 18:18:41.802
2026-10-07 18:15:41,BSCI222,7108,Thomas Kocher,18,18,0,2026-10-07 18:18:41,2026-10-07 18:18:41.802
2026-10-07 18:15:41,BSCI222,7110,Thomas Kocher,18,18,0,2026-10-07 18:18:41,2026-10-07 18:18:41.802
2026-10-07 18:15:41,BSCI222,7112,Thomas Kocher,18,18,0,2026-10-07 18:18:41,2026-10-07 18:18:41.802
2026-10-07 18:15:41,BSCI222,7114,Thomas Kocher,18,18,0,2026-10-07 18:18:41,2026-10-07 18:18:41.802
2026-10-07 18:15:41,BSCI222,7116,Thomas Kocher,18,18,0,2026-10-07 18:18:41,2026-10-07 18:18:41.802
2026-10-07 18:15:41,BSCI222,7118,Thomas Kocher,18,18,0,2026-10-07 18:18:41,2026-10-07 18:18:41.802
2026-10-07 18:15:41,BSCI222,7120,Thomas Kocher,18,18,0,2026-10-07 18:18:41,2026-10-07 18:18:41.803
2026-10-07 18:15:41,BSCI222,7130,Thomas Kocher,18,18,0,2026-10-07 18:18:41,2026-10-07 18:18:41.803
2026-10-07 18:15:41,BSCI222,7133,Thomas Kocher,18,18,0,2026-10-07 18:18:41,2026-10-07 18:18:41.803
2026-10-07 18:15:41,BSCI222,7214,Michael Keller,18,18,0,2026-10-07 18:18:41,2026-10-07 18:18:41.803
2026-10-07 18:15:41,BSCI222,7216,Michael Keller,18,18,0,2026-10-07 18:18:41,2026-10-07 18:18:41.803
2026-10-07 18:15:41,BSCI222,7218,Michael Keller,18,18,0,2026-10-07 18:18:41,2026-10-07 18:18:41.803
2026-10-07 18:15:41,BSCI222,7219,Michael Keller,18,18,0,2026-10-07 18:18:41,2026-10-07 18:18:41.803
2026-10-07 18:15:41,BSCI222,7220,Michael Keller,18,18,0,2026-10-07 18:18:41,2026-10-07 18:18:41.803
2026-10-07 18:15:41,BSCI222,7221,Michael Keller,18,18,0,2026-10-07 18:18:41,2026-10-07 18:18:41.803
2026-10-07 18:15:41,BSCI222,7222,Michael Keller,18,18,0,2026-10-07 18:18:41,2026-10-07 18:18:41.803
2026-10-07 18:15:41,BSCI222,7224,Michael Keller,18,18,0,2026-10-07 18:18:41,2026-10-07 18:18:41.803
2026-10-07 18:15:41,BSCI222,7226,Michael Keller,18,18,0,2026-10-07 18:18:41,2026-10-07 18:18:41.803
2026-10-07 18:15:41,BSCI222,7232,Michael Keller,18,18,0,2026-10-07 18:18:41,2026-10-07 18:18:41.804
2026-10-07 18:15:41,BSCI222,7234,Michael Keller,18,18,0,2026-10-07 18:18:41,2026-10-07 18:18:41.804
2026-10-07 18:15:41,BSCI222,7236,Michael Keller,18,18,0,2026-10-07 18:18:41,2026-10-07 18:18:41.804
2026-10-07 18:15:41,BSCI222,7310,Maria Colt,18,18,0,2026-10-07 18:18:41,2026-10-07 18:18:41.804
2026-10-07 18:15:41,BSCI222,7311,Maria Colt,18,18,0,2026-10-07 18:18:41,2026-10-07 18:18:41.804
2026-10-07 18:15:41,BSCI222,7312,Maria Colt,18,18,0,2026-10-07 18:18:41,2026-10-07 18:18:41.804
2026-10-07 18:15:41,BSCI222,7313,Maria Colt,18,18,0,2026-10-07 18:18:41,2026-10-07 18:18:41.804
2026-10-07 18:15:41,BSCI222,7315,Maria Colt,18,18,0,2026-10-07 18:18:41,2026-10-07 18:18:41.804
2026-10-07 18:15:41,BSCI222,7320,Maria Colt,18,18,0,2026-10-07 18:18:41,2026-10-07 18:18:41.804
2026-10-07 18:15:41,BSCI222,7325,Maria Colt,18,18,0,2026-10-07 18:18:41,2026-10-07 18:18:41.804
2026-10-07 18:15:41,BSCI222,7330,Maria Colt,18,18,0,2026-10-07 18:18:41,2026-10-07 18:18:41.804
2026-10-07 18:15:41,BSCI222,7332,Maria Colt,18,18,0,2026-10-07 18:18:41,2026-10-07 18:18:41.804
2026-10-07 18:15:41,BSCI222,7335,Maria Colt,18,18,0,2026-10-07 18:18:41,2026-10-07 18:18:41.805
2026-10-07 18:15:41,BSCI222,SES1,Maria Colt,23,23,0,2026-10-07 18:18:41,2026-10-07 18:18:41.805
2026-10-07 18:15:41,BSCI223,1021,John Buchner,16,16,0,2026-10-07 18:18:42,2026-10-07 18:18:42.071
2026-10-07 18:15:41,BSCI223,1025,John Buchner,16,16,0,2026-10-07 18:18:42,2026-10-07 18:18:42.071
2026-10-07 18:15:41,BSCI223,1026,John Buchner,16,16,0,2026-10-07 18:18:42,2026-10-07 18:18:42.071
2026-10-07 18:15:41,BSCI223,1101,John Buchner,16,16,0,2026-10-07 18:18:42,2026-10-07 18:18:42.071
2026-10-07 18:15:41,BSCI223,1105,John Buchner,16,16,0,2026-10-07 18:18:42,2026-10-07 18:18:42.071
2026-10-07 18:15:41,BSCI223,1106,John Buchner,16,16,0,2026-10-07 18:18:42,2026-10-07 18:18:42.071
2026-10-07 18:15:41,BSCI223,1121,John Buchner,16,16,0,2026-10-07 18:18:42,2026-10-07 18:18:42.071
2026-10-07 18:15:41,BSCI223,1125,John Buchner,16,16,0,2026-10-07 18:18:42,2026-10-07 18:18:42.071
2026-10-07 18:15:41,BSCI223,1126,John Buchner,16,16,0,2026-10-07 18:18:42,2026-10-07 18:18:42.071
2026-10-07 18:15:41,BSCI223,1201,John Buchner,16,16,0,2026-10-07 18:18:42,2026-10-07 18:18:42.071
2026-10-07 18:15:41,BSCI223,1206,John Buchner,16,16,0,2026-10-07 18:18:42,2026-10-07 18:18:42.072
2026-10-07 18:15:41,BSCI223,1221,John Buchner,16,16,0,2026-10-07 18:18:42,2026-10-07 18:18:42.072
2026-10-07 18:15:41,BSCI223,1225,John Buchner,16,16,0,2026-10-07 18:18:42,2026-10-07 18:18:42.072
2026-10-07 18:15:41,BSCI223,1226,John Buchner,16,16,0,2026-10-07 18:18:42,2026-10-07 18:18:42.072
2026-10-07 18:15:41,BSCI223,1301,John Buchner,16,16,0,2026-10-07 18:18:42,2026-10-07 18:18:42.072
2026-10-07 18:15:41,BSCI223,1306,John Buchner,16,16,0,2026-10-07 18:18:42,2026-10-07 18:18:42.072
2026-10-07 18:15:41,BSCI223,2401,John Buchner,16,16,0,2026-10-07 18:18:42,2026-10-07 18:18:42.072
2026-10-07 18:15:41,BSCI223,2406,John Buchner,16,16,0,2026-10-07 18:18:42,2026-10-07 18:18:42.072
2026-10-07 18:15:41,BSCI223,SES1,Cherisse Hall,20,20,0,2026-10-07 18:18:42,2026-10-07 18:18:42.072
2026-10-07 18:15:41,BSCI238I,0101,Aditri Gadigi,30,30,0,2026-10-07 18:18:42,2026-10-07 18:18:42.344
2026-10-07 18:15:41,BSCI258A,0101,Nicholas Fletcher,10,10,0,2026-10-07 18:18:42,2026-10-07 18:18:42.676
2026-10-07 18:15:41,BSCI258B,0101,Nicholas Fletcher,80,80,0,2026-10-07 18:18:42,2026-10-07 18:18:42.912
2026-10-07 18:15:41,BSCI279B,0101,Katerina Thompson,32,32,0,2026-10-07 18:18:43,2026-10-07 18:18:43.474
2026-10-07 18:15:41,BSCI279B,0102,Katerina Thompson,32,32,0,2026-10-07 18:18:43,2026-10-07 18:18:43.474
2026-10-07 18:15:41,BSCI279Q,0101,Daniel Butts,10,10,0,2026-10-07 18:18:44,2026-10-07 18:18:44.007
2026-10-07 18:15:41,BSCI283,1205,Kevin McIver,20,20,0,2026-10-07 18:18:44,2026-10-07 18:18:44.727
2026-10-07 18:15:41,BSCI283,1305,Daniel Stein,20,20,0,2026-10-07 18:18:44,2026-10-07 18:18:44.727
2026-10-07 18:15:41,BSCI329,1016,Hilary Bierman,5,5,0,2026-10-07 18:18:44,2026-10-07 18:18:45.003
2026-10-07 18:15:41,BSCI329,1028,Daniel Butts,10,10,0,2026-10-07 18:18:44,2026-10-07 18:18:45.003
2026-10-07 18:15:41,BSCI329,1033,Chan Lin,10,10,0,2026-10-07 18:18:44,2026-10-07 18:18:45.003
2026-10-07 18:15:41,BSCI329,1250,Justicia Opoku-Edusei,20,20,0,2026-10-07 18:18:44,2026-10-07 18:18:45.003
2026-10-07 18:15:41,BSCI329,1388,Corine Van der Weele,8,8,0,2026-10-07 18:18:44,2026-10-07 18:18:45.003
2026-10-07 18:15:41,BSCI329,ESG1,Hadiya Woodham,10,10,0,2026-10-07 18:18:44,2026-10-07 18:18:45.003
2026-10-07 18:15:41,BSCI331,0101,Kenneth Frauwirth,200,200,0,2026-10-07 18:18:45,2026-10-07 18:18:45.289
2026-10-07 18:15:41,BSCI331,0201,Kenneth Frauwirth,200,200,0,2026-10-07 18:18:45,2026-10-07 18:18:45.289
2026-10-07 18:15:41,BSCI332,0102,Corine Van der Weele,23,23,0,2026-10-07 18:18:45,2026-10-07 18:18:45.540
2026-10-07 18:15:41,BSCI332,0104,Corine Van der Weele,23,23,0,2026-10-07 18:18:45,2026-10-07 18:18:45.540
2026-10-07 18:15:41,BSCI332,0106,Corine Van der Weele,23,23,0,2026-10-07 18:18:45,2026-10-07 18:18:45.540
2026-10-07 18:15:41,BSCI332,0107,Corine Van der Weele,23,23,0,2026-10-07 18:18:45,2026-10-07 18:18:45.540
2026-10-07 18:15:41,BSCI332,0111,Corine Van der Weele,23,23,0,2026-10-07 18:18:45,2026-10-07 18:18:45.540
2026-10-07 18:15:41,BSCI332,1103,Corine Van der Weele,23,23,0,2026-10-07 18:18:45,2026-10-07 18:18:45.540
2026-10-07 18:15:41,BSCI332,1105,Corine Van der Weele,23,23,0,2026-10-07 18:18:45,2026-10-07 18:18:45.540
2026-10-07 18:15:41,BSCI332,1108,Corine Van der Weele,23,23,0,2026-10-07 18:18:45,2026-10-07 18:18:45.540
2026-10-07 18:15:41,BSCI332,1109,Corine Van der Weele,23,23,0,2026-10-07 18:18:45,2026-10-07 18:18:45.540
2026-10-07 18:15:41,BSCI332,1111,Corine Van der Weele,23,23,0,2026-10-07 18:18:45,2026-10-07 18:18:45.541
2026-10-07 18:15:41,BSCI332,1113,Corine Van der Weele,23,23,0,2026-10-07 18:18:45,2026-10-07 18:18:45.541
2026-10-07 18:15:41,BSCI334,0101,Katerina Thompson,60,60,0,2026-10-07 18:18:45,2026-10-07 18:18:45.783
2026-10-07 18:15:41,BSCI335,0101,Katerina Thompson,20,20,0,2026-10-07 18:18:46,2026-10-07 18:18:46.064
2026-10-07 18:15:41,BSCI335,0102,Katerina Thompson,20,20,0,2026-10-07 18:18:46,2026-10-07 18:18:46.064
2026-10-07 18:15:41,BSCI337,0101,Leo Shapiro,20,20,0,2026-10-07 18:18:46,2026-10-07 18:18:46.746
2026-10-07 18:15:41,BSCI337,0102,Leo Shapiro,20,20,0,2026-10-07 18:18:46,2026-10-07 18:18:46.746
2026-10-07 18:15:41,BSCI343,ESG1,Hadiya Woodham,30,30,0,2026-10-07 18:18:47,2026-10-07 18:18:47.266
2026-10-07 18:15:41,BSCI348A,0101,John Buchner,22,22,0,2026-10-07 18:18:47,2026-10-07 18:18:47.776
2026-10-07 18:15:41,BSCI348I,SES1,Erik Lontok,25,25,0,2026-10-07 18:18:48,2026-10-07 18:18:48.071
2026-10-07 18:15:41,BSCI348R,0101,Najib El-Sayed,10,10,0,2026-10-07 18:18:48,2026-10-07 18:18:48.351
2026-10-07 18:15:41,BSCI353,0101,Chan Lin,64,64,0,2026-10-07 18:18:48,2026-10-07 18:18:48.647
2026-10-07 18:15:41,BSCI353,0102,Melissa Caras,40,40,0,2026-10-07 18:18:48,2026-10-07 18:18:48.647
2026-10-07 18:15:41,BSCI353,ESG1,Vitaly Stepensky,40,40,0,2026-10-07 18:18:48,2026-10-07 18:18:48.648
2026-10-07 18:15:41,BSCI358A,ESG1,Vitaly Stepensky,30,30,0,2026-10-07 18:18:48,2026-10-07 18:18:48.900
2026-10-07 18:15:41,BSCI358B,ESG1,Gregory Simon,30,30,0,2026-10-07 18:18:49,2026-10-07 18:18:49.178
2026-10-07 18:15:41,BSCI361,0101,Daniel Gruner,25,25,0,2026-10-07 18:18:49,2026-10-07 18:18:49.426
2026-10-07 18:15:41,BSCI361,0102,Daniel Gruner,25,25,0,2026-10-07 18:18:49,2026-10-07 18:18:49.426
2026-10-07 18:15:41,BSCI370,0101,Alexandra Bely,64,64,0,2026-10-07 18:18:49,2026-10-07 18:18:49.679
2026-10-07 18:15:41,BSCI378H,0101,Kenneth Frauwirth,23,23,0,2026-10-07 18:18:50,2026-10-07 18:18:50.001
2026-10-07 18:15:41,BSCI398H,0101,Alexandra Bely,35,35,0,2026-10-07 18:18:51,2026-10-07 18:18:51.858
2026-10-07 18:15:41,BSCI401,0101,Gerald Wilkinson,39,39,0,2026-10-07 18:18:52,2026-10-07 18:18:52.911
2026-10-07 18:15:41,BSCI406,0101,Sergei Sukharev,20,20,0,2026-10-07 18:18:53,2026-10-07 18:18:53.165
2026-10-07 18:15:41,BSCI410,0101,Charles Seller,140,140,0,2026-10-07 18:18:53,2026-10-07 18:18:53.402
2026-10-07 18:15:41,BSCI412,0101,Erin Tran,18,18,0,2026-10-07 18:18:53,2026-10-07 18:18:53.677
2026-10-07 18:15:41,BSCI412,0103,Wade Winkler,18,18,0,2026-10-07 18:18:53,2026-10-07 18:18:53.677
2026-10-07 18:15:41,BSCI414,ESG1,Caitlin Fox,24,24,0,2026-10-07 18:18:53,2026-10-07 18:18:53.954
2026-10-07 18:15:41,BSCI416,0101,Silvia Bolland,42,42,0,2026-10-07 18:18:54,2026-10-07 18:18:54.202
2026-10-07 18:15:41,BSCI417,0101,Vincent Lee,30,30,0,2026-10-07 18:18:54,2026-10-07 18:18:54.451
2026-10-07 18:15:41,BSCI420,0101,Sougata Roy,62,62,0,2026-10-07 18:18:54,2026-10-07 18:18:54.743
2026-10-07 18:15:41,BSCI422,0101,Kenneth Frauwirth,25,25,0,2026-10-07 18:18:54,2026-10-07 18:18:54.993
2026-10-07 18:15:41,BSCI422,0102,Kenneth Frauwirth,25,25,0,2026-10-07 18:18:54,2026-10-07 18:18:54.993
2026-10-07 18:15:41,BSCI422,0103,David Mosser,25,25,0,2026-10-07 18:18:54,2026-10-07 18:18:54.993
2026-10-07 18:15:41,BSCI422,0104,David Mosser,25,25,0,2026-10-07 18:18:54,2026-10-07 18:18:54.993
2026-10-07 18:15:41,BSCI423,0101,Wenxia Song,18,18,0,2026-10-07 18:18:55,2026-10-07 18:18:55.266
2026-10-07 18:15:41,BSCI423,0102,Wenxia Song,18,18,0,2026-10-07 18:18:55,2026-10-07 18:18:55.266
2026-10-07 18:15:41,BSCI425,0101,Kan Cao,20,20,0,2026-10-07 18:18:55,2026-10-07 18:18:55.544
2026-10-07 18:15:41,BSCI430,0101,Eric Haag,35,35,0,2026-10-07 18:18:55,2026-10-07 18:18:55.796
2026-10-07 18:15:41,BSCI433,0101,Jeff Maltas,30,30,0,2026-10-07 18:18:56,2026-10-07 18:18:56.034
2026-10-07 18:15:41,BSCI435,0101,Tapan Goel,18,18,0,2026-10-07 18:18:56,2026-10-07 18:18:56.293
2026-10-07 18:15:41,BSCI436,0101,Jonathan Dinman,60,60,0,2026-10-07 18:18:56,2026-10-07 18:18:56.573
2026-10-07 18:15:41,BSCI437,0101,Jeffrey DeStefano,70,70,0,2026-10-07 18:18:56,2026-10-07 18:18:56.835
2026-10-07 18:15:41,BSCI437,ESG1,Gilad Ofek,40,40,0,2026-10-07 18:18:56,2026-10-07 18:18:56.835
2026-10-07 18:15:41,BSCI437H,0101,Jeffrey DeStefano,8,8,0,2026-10-07 18:18:57,2026-10-07 18:18:57.135
2026-10-07 18:15:41,BSCI439B,ESG1,Maira Goytia,40,40,0,2026-10-07 18:18:57,2026-10-07 18:18:57.396
2026-10-07 18:15:41,BSCI439E,0101,Beatrice Kondo,5,5,0,2026-10-07 18:18:57,2026-10-07 18:18:57.646
2026-10-07 18:15:41,BSCI439G,0101,Beatrice Kondo,5,5,0,2026-10-07 18:18:57,2026-10-07 18:18:57.898
2026-10-07 18:15:41,BSCI439L,0101,Instructor: TBA,5,5,0,2026-10-07 18:18:58,2026-10-07 18:18:58.136
2026-10-07 18:15:41,BSCI439Z,0101,Amanda Chicoli,20,20,0,2026-10-07 18:18:58,2026-10-07 18:18:58.409
2026-10-07 18:15:41,BSCI442,0101,Daniel Rodriguez Leal,20,20,0,2026-10-07 18:18:58,2026-10-07 18:18:58.653
2026-10-07 18:15:41,BSCI442,0102,Jose Feijo,20,20,0,2026-10-07 18:18:58,2026-10-07 18:18:58.653
2026-10-07 18:15:41,BSCI450,0101,Juan Angueyra,130,130,0,2026-10-07 18:18:58,2026-10-07 18:18:58.941
2026-10-07 18:15:41,BSCI450,0201,Joshua Singer,120,120,0,2026-10-07 18:18:58,2026-10-07 18:18:58.941
2026-10-07 18:15:41,BSCI450,PDS1,William Higgins,20,20,0,2026-10-07 18:18:58,2026-10-07 18:18:58.941
2026-10-07 18:15:41,BSCI451,0101,Corine Van der Weele,20,20,0,2026-10-07 18:18:59,2026-10-07 18:18:59.183
2026-10-07 18:15:41,BSCI451,0102,Corine Van der Weele,20,20,0,2026-10-07 18:18:59,2026-10-07 18:18:59.183
2026-10-07 18:15:41,BSCI451,0103,Corine Van der Weele,20,20,0,2026-10-07 18:18:59,2026-10-07 18:18:59.183
2026-10-07 18:15:41,BSCI451,0104,Corine Van der Weele,20,20,0,2026-10-07 18:18:59,2026-10-07 18:18:59.183
2026-10-07 18:15:41,BSCI452,0101,Chan Lin,40,40,0,2026-10-07 18:18:59,2026-10-07 18:18:59.459
2026-10-07 18:15:41,BSCI452,SES1,Chan Lin,20,20,0,2026-10-07 18:18:59,2026-10-07 18:18:59.459
2026-10-07 18:15:41,BSCI453,0101,Nikolas Francis,38,38,0,2026-10-07 18:18:59,2026-10-07 18:18:59.766
2026-10-07 18:15:41,BSCI455,0101,Hilary Bierman,16,16,0,2026-10-07 18:19:00,2026-10-07 18:19:00.089
2026-10-07 18:15:41,BSCI455,0102,Hilary Bierman,16,16,0,2026-10-07 18:19:00,2026-10-07 18:19:00.089
2026-10-07 18:15:41,BSCI455,0103,Hilary Bierman,16,16,0,2026-10-07 18:19:00,2026-10-07 18:19:00.089
2026-10-07 18:15:41,BSCI456,0101,Colenso Speer,5,5,0,2026-10-07 18:19:00,2026-10-07 18:19:00.344
2026-10-07 18:15:41,BSCI477,0101,Emily Bruns,40,40,0,2026-10-07 18:19:00,2026-10-07 18:19:00.584
2026-10-07 18:15:41,BSCI487,0101,Kelly Hamby,24,24,0,2026-10-07 18:19:00,2026-10-07 18:19:00.857
2026-10-07 18:15:41,BSOS355,0101,Liza Lebrun,40,40,0,2026-10-07 18:19:02,2026-10-07 18:19:02.488
2026-10-07 18:15:41,BSOS361,0101,TC Lloyd,30,30,0,2026-10-07 18:19:02,2026-10-07 18:19:02.750
2026-10-07 18:15:41,BSOS361,0102,TC Lloyd,30,30,0,2026-10-07 18:19:02,2026-10-07 18:19:02.750
2026-10-07 18:15:41,BSOS448M,0101,Brandee Pettus,12,12,0,2026-10-07 18:19:03,2026-10-07 18:19:03.050
2026-10-07 18:15:41,BUMO600,0501,Sheetal Singh,52,52,0,2026-10-07 18:19:21,2026-10-07 18:19:21.270
2026-10-07 18:15:41,BUMO604,0501,Jon Crocker,0,0,0,2026-10-07 18:19:21,2026-10-07 18:19:21.536
2026-10-07 18:15:41,BUMO614,0501,Waverly Ding,58,58,0,2026-10-07 18:19:21,2026-10-07 18:19:21.804
2026-10-07 18:15:41,BUMO701,0501,Jason Choi,65,65,0,2026-10-07 18:19:22,2026-10-07 18:19:22.057
2026-10-07 18:15:41,BUMO703,0501,Mary Beth Furst,65,65,0,2026-10-07 18:19:22,2026-10-07 18:19:22.304
2026-10-07 18:15:41,BUMO711,0501,Sheetal Singh,65,65,0,2026-10-07 18:19:22,2026-10-07 18:19:22.566
2026-10-07 18:15:41,BUMO714,0501,Rellie Rozin,0,0,0,2026-10-07 18:19:22,2026-10-07 18:19:22.828
2026-10-07 18:15:41,BUMO723,0501,Stephen Sclafani,58,58,0,2026-10-07 18:19:23,2026-10-07 18:19:23.071
2026-10-07 18:15:41,BUMO724,0501,Stephen Sclafani,58,58,0,2026-10-07 18:19:23,2026-10-07 18:19:23.356
2026-10-07 18:15:41,BUMO726,0501,Stephen Sclafani,58,58,0,2026-10-07 18:19:23,2026-10-07 18:19:23.612
2026-10-07 18:15:41,BUMO731,0501,Balaji Padmanabhan,58,58,0,2026-10-07 18:19:23,2026-10-07 18:19:23.875
2026-10-07 18:15:41,BUMO733,0501,Balaji Padmanabhan,58,58,0,2026-10-07 18:19:24,2026-10-07 18:19:24.114
2026-10-07 18:15:41,BUMO758P,0501,Jon Crocker,37,37,0,2026-10-07 18:19:24,2026-10-07 18:19:24.385
2026-10-07 18:15:41,BUMO780,0501,Jennifer Marr,37,37,0,2026-10-07 18:19:24,2026-10-07 18:19:24.929
2026-10-07 18:15:41,BUMO780,0502,Jennifer Marr,37,37,0,2026-10-07 18:19:24,2026-10-07 18:19:24.929
2026-10-07 18:15:41,BUMO782,0501,Mike Hoffmeyer,40,40,0,2026-10-07 18:19:25,2026-10-07 18:19:25.169
2026-10-07 18:15:41,BUMO785,0501,Maria Bustamante,65,65,0,2026-10-07 18:19:25,2026-10-07 18:19:25.445
2026-10-07 18:15:41,BUMO790,0501,Roy Thomason,65,65,0,2026-10-07 18:19:25,2026-10-07 18:19:25.696
2026-10-07 18:15:41,BUMO790,0502,Roy Thomason,65,65,0,2026-10-07 18:19:25,2026-10-07 18:19:25.696
2026-10-07 18:15:41,BUMO791,0501,Roy Thomason,65,65,0,2026-10-07 18:19:25,2026-10-07 18:19:25.959
2026-10-07 18:15:41,BUMO791,0502,Roy Thomason,65,65,0,2026-10-07 18:19:25,2026-10-07 18:19:25.959
2026-10-07 18:15:41,CHIN100,0101,Yuli Wang,15,15,0,2026-10-07 18:20:07,2026-10-07 18:20:07.975
2026-10-07 18:15:41,CHIN121,0101,Mei Kong,15,15,0,2026-10-07 18:20:08,2026-10-07 18:20:08.308
2026-10-07 18:15:41,CHIN122,0101,Mei Kong,15,15,0,2026-10-07 18:20:08,2026-10-07 18:20:08.591
2026-10-07 18:15:41,CHIN122,0201,Mei Kong,15,15,0,2026-10-07 18:20:08,2026-10-07 18:20:08.591
2026-10-07 18:15:41,CHIN122,0301,Guiling Hu,15,15,0,2026-10-07 18:20:08,2026-10-07 18:20:08.591
2026-10-07 18:15:41,CHIN207,0101,Guiling Hu,15,15,0,2026-10-07 18:20:08,2026-10-07 18:20:08.866
2026-10-07 18:15:41,CHIN207,0201,Guiling Hu,15,15,0,2026-10-07 18:20:08,2026-10-07 18:20:08.866
2026-10-07 18:15:41,CHIN302,0101,Jungjung Lee,15,15,0,2026-10-07 18:20:09,2026-10-07 18:20:09.140
2026-10-07 18:15:41,CHIN302,0201,Jungjung Lee,15,15,0,2026-10-07 18:20:09,2026-10-07 18:20:09.140
2026-10-07 18:15:41,CHIN307,0101,Minglang Zhou,25,25,0,2026-10-07 18:20:09,2026-10-07 18:20:09.428
2026-10-07 18:15:41,CHIN315,0101,Mei Nan,30,30,0,2026-10-07 18:20:09,2026-10-07 18:20:09.686
2026-10-07 18:15:41,CHIN332,0101,Yuli Wang,15,15,0,2026-10-07 18:20:10,2026-10-07 18:20:10.608
2026-10-07 18:15:41,CHIN402,0101,Jungjung Lee,15,15,0,2026-10-07 18:20:11,2026-10-07 18:20:11.117
2026-10-07 18:15:41,CHIN415,0101,Jungjung Lee,15,15,0,2026-10-07 18:20:11,2026-10-07 18:20:11.383
2026-10-07 18:15:41,CHIN418O,0101,Mei Nan,25,25,0,2026-10-07 18:20:11,2026-10-07 18:20:11.652
2026-10-07 18:15:41,CHIN441,0101,Andrew Schonebaum,20,20,0,2026-10-07 18:20:11,2026-10-07 18:20:11.926
2026-10-07 18:15:41,CHSE205,0101,Yewon Lee,60,60,0,2026-10-07 18:20:16,2026-10-07 18:20:16.266
2026-10-07 18:15:41,CHSE205,0201,Katryna Andrusik,50,50,0,2026-10-07 18:20:16,2026-10-07 18:20:16.266
2026-10-07 18:15:41,CHSE228D,0101,Nikita Kimani,16,16,0,2026-10-07 18:20:16,2026-10-07 18:20:16.517
2026-10-07 18:15:41,CHSE376,0101,Michael Dunham,20,20,0,2026-10-07 18:20:16,2026-10-07 18:20:16.786
2026-10-07 18:15:41,CHSE376,0201,Elizabeth Martinez,20,20,0,2026-10-07 18:20:16,2026-10-07 18:20:16.786
2026-10-07 18:15:41,CHSE376,0301,Colleen McGilpin,20,20,0,2026-10-07 18:20:16,2026-10-07 18:20:16.786
2026-10-07 18:15:41,CHSE376,0401,Chanai Brewster,20,20,0,2026-10-07 18:20:16,2026-10-07 18:20:16.786
2026-10-07 18:15:41,CHSE376,0501,Michael Dunham,20,20,0,2026-10-07 18:20:16,2026-10-07 18:20:16.786
2026-10-07 18:15:41,CHSE476,0101,Michael Dunham,20,20,0,2026-10-07 18:20:17,2026-10-07 18:20:17.329
2026-10-07 18:15:41,CHSE477,0101,Michael Dunham,18,18,0,2026-10-07 18:20:17,2026-10-07 18:20:17.604
2026-10-07 18:15:41,CHSE480,0101,Michael Dunham,18,18,0,2026-10-07 18:20:17,2026-10-07 18:20:17.888
2026-10-07 18:15:41,CHSE489,1901,Amy D'Agati,10,10,0,2026-10-07 18:20:18,2026-10-07 18:20:18.161
2026-10-07 18:15:41,CINE245,0201,Instructor: TBA,27,27,0,2026-10-07 18:20:19,2026-10-07 18:20:19.974
2026-10-07 18:15:41,CINE245,0301,Alan Montroso,27,27,0,2026-10-07 18:20:19,2026-10-07 18:20:19.974
2026-10-07 18:15:41,CINE280,0101,Eric Zakim,25,25,0,2026-10-07 18:20:20,2026-10-07 18:20:20.242
2026-10-07 18:15:41,CINE280,0102,Eric Zakim,25,25,0,2026-10-07 18:20:20,2026-10-07 18:20:20.242
2026-10-07 18:15:41,CINE280,0103,Eric Zakim,25,25,0,2026-10-07 18:20:20,2026-10-07 18:20:20.242
2026-10-07 18:15:41,CINE280,0104,Eric Zakim,25,25,0,2026-10-07 18:20:20,2026-10-07 18:20:20.242
2026-10-07 18:15:41,CINE282,0101,Susan Pramschufer,35,35,0,2026-10-07 18:20:20,2026-10-07 18:20:20.515
2026-10-07 18:15:41,CINE298B,0101,Sean Pue,20,20,0,2026-10-07 18:20:20,2026-10-07 18:20:20.774
2026-10-07 18:15:41,CINE302,0101,Luka Arsenjuk,30,30,0,2026-10-07 18:20:21,2026-10-07 18:20:21.032
2026-10-07 18:15:41,CINE310,0101,Nathaniel Stevens,15,15,0,2026-10-07 18:20:21,2026-10-07 18:20:21.311
2026-10-07 18:15:41,CINE319A,0101,Paul Cote,20,20,0,2026-10-07 18:20:21,2026-10-07 18:20:21.586
2026-10-07 18:15:41,CINE319I,0101,Yael Inbar,15,15,0,2026-10-07 18:20:21,2026-10-07 18:20:21.870
2026-10-07 18:15:41,CINE319P,5501,Samuel Crawford,10,10,0,2026-10-07 18:20:22,2026-10-07 18:20:22.143
2026-10-07 18:15:41,CINE329E,0101,Elizabeth Papazian,25,25,0,2026-10-07 18:20:22,2026-10-07 18:20:22.399
2026-10-07 18:15:41,CINE329N,0101,Daniel Richter,25,25,0,2026-10-07 18:20:22,2026-10-07 18:20:22.660
2026-10-07 18:15:41,CINE329Z,0101,Daniel Richter,25,25,0,2026-10-07 18:20:22,2026-10-07 18:20:22.939
2026-10-07 18:15:41,CINE335,0101,Jason Kuo,25,25,0,2026-10-07 18:20:23,2026-10-07 18:20:23.227
2026-10-07 18:15:41,CINE369C,0101,Mauro Resmini,40,40,0,2026-10-07 18:20:23,2026-10-07 18:20:23.496
2026-10-07 18:15:41,CINE369F,0101,Alexis Lothian,30,30,0,2026-10-07 18:20:23,2026-10-07 18:20:23.768
2026-10-07 18:15:41,CINE369K,0101,Paul Cote,20,20,0,2026-10-07 18:20:24,2026-10-07 18:20:24.112
2026-10-07 18:15:41,CINE376,0101,Ross Angelella,14,14,0,2026-10-07 18:20:24,2026-10-07 18:20:24.379
2026-10-07 18:15:41,CINE376,0102,Ross Angelella,5,5,0,2026-10-07 18:20:24,2026-10-07 18:20:24.379
2026-10-07 18:15:41,CINE419E,0101,Stephanie Sapienza,15,15,0,2026-10-07 18:20:24,2026-10-07 18:20:24.898
2026-10-07 18:15:41,CINE429O,0101,Mei Nan,25,25,0,2026-10-07 18:20:25,2026-10-07 18:20:25.156
2026-10-07 18:15:41,CINE459C,0101,Saverio Giovacchini,54,54,0,2026-10-07 18:20:25,2026-10-07 18:20:25.440
2026-10-07 18:15:41,CINE469Y,0101,Jason Kuo,14,14,0,2026-10-07 18:20:25,2026-10-07 18:20:25.732
2026-10-07 18:15:41,CLAS170,0101,Katherine Wasdin,21,21,0,2026-10-07 18:20:27,2026-10-07 18:20:27.479
2026-10-07 18:15:41,CLAS170,0102,Katherine Wasdin,21,21,0,2026-10-07 18:20:27,2026-10-07 18:20:27.479
2026-10-07 18:15:41,CLAS170,0103,Katherine Wasdin,21,21,0,2026-10-07 18:20:27,2026-10-07 18:20:27.479
2026-10-07 18:15:41,CLAS170,0104,Katherine Wasdin,21,21,0,2026-10-07 18:20:27,2026-10-07 18:20:27.479
2026-10-07 18:15:41,CLAS170,0105,Katherine Wasdin,21,21,0,2026-10-07 18:20:27,2026-10-07 18:20:27.480
2026-10-07 18:15:41,CLAS170,0106,Katherine Wasdin,21,21,0,2026-10-07 18:20:27,2026-10-07 18:20:27.480
2026-10-07 18:15:41,CLAS170,0107,Katherine Wasdin,21,21,0,2026-10-07 18:20:27,2026-10-07 18:20:27.480
2026-10-07 18:15:41,CLAS170,0108,Katherine Wasdin,21,21,0,2026-10-07 18:20:27,2026-10-07 18:20:27.480
2026-10-07 18:15:41,CLAS170,0109,Katherine Wasdin,21,21,0,2026-10-07 18:20:27,2026-10-07 18:20:27.480
2026-10-07 18:15:41,CLAS276,0101,Eric Adler,25,25,0,2026-10-07 18:20:27,2026-10-07 18:20:27.758
2026-10-07 18:15:41,CLAS276,0102,Eric Adler,25,25,0,2026-10-07 18:20:27,2026-10-07 18:20:27.758
2026-10-07 18:15:41,CLAS276,0103,Eric Adler,25,25,0,2026-10-07 18:20:27,2026-10-07 18:20:27.758
2026-10-07 18:15:41,CLAS276,0104,Eric Adler,25,25,0,2026-10-07 18:20:27,2026-10-07 18:20:27.758
2026-10-07 18:15:41,CLAS276,0105,Eric Adler,25,25,0,2026-10-07 18:20:27,2026-10-07 18:20:27.759
2026-10-07 18:15:41,CLAS276,0106,Eric Adler,25,25,0,2026-10-07 18:20:27,2026-10-07 18:20:27.759
2026-10-07 18:15:41,CLAS333,0101,Nathan Levine,35,35,0,2026-10-07 18:20:28,2026-10-07 18:20:28.028
2026-10-07 18:15:41,CLAS340,0101,Katherine Wasdin,35,35,0,2026-10-07 18:20:28,2026-10-07 18:20:28.293
2026-10-07 18:15:41,CMLT235,0101,Instructor: TBA,30,30,0,2026-10-07 18:20:31,2026-10-07 18:20:31.162
2026-10-07 18:15:41,CMLT270,0201,Instructor: TBA,30,30,0,2026-10-07 18:20:31,2026-10-07 18:20:31.456
2026-10-07 18:15:41,CMLT270,0301,Instructor: TBA,30,30,0,2026-10-07 18:20:31,2026-10-07 18:20:31.456
2026-10-07 18:15:41,CMLT275,0101,Instructor: TBA,30,30,0,2026-10-07 18:20:31,2026-10-07 18:20:31.706
2026-10-07 18:15:41,CMLT277,0101,Instructor: TBA,30,30,0,2026-10-07 18:20:31,2026-10-07 18:20:31.977
2026-10-07 18:15:41,CMLT280,0101,Eric Zakim,25,25,0,2026-10-07 18:20:32,2026-10-07 18:20:32.286
2026-10-07 18:15:41,CMLT280,0102,Eric Zakim,25,25,0,2026-10-07 18:20:32,2026-10-07 18:20:32.286
2026-10-07 18:15:41,CMLT280,0103,Eric Zakim,25,25,0,2026-10-07 18:20:32,2026-10-07 18:20:32.286
2026-10-07 18:15:41,CMLT280,0104,Eric Zakim,25,25,0,2026-10-07 18:20:32,2026-10-07 18:20:32.286
2026-10-07 18:15:41,CPBE101,0101,Oliver Schlake,75,75,0,2026-10-07 18:20:51,2026-10-07 18:20:51.821
2026-10-07 18:15:41,CPBE230,0101,Oliver Schlake,30,30,0,2026-10-07 18:20:52,2026-10-07 18:20:52.098
2026-10-07 18:15:41,CPBE240,0101,Oliver Schlake,20,20,0,2026-10-07 18:20:52,2026-10-07 18:20:52.352
2026-10-07 18:15:41,CPBE250,0101,Oliver Schlake,30,30,0,2026-10-07 18:20:52,2026-10-07 18:20:52.614
2026-10-07 18:15:41,CPCV101,0101,Julie Randolph,40,40,0,2026-10-07 18:20:54,2026-10-07 18:20:54.104
2026-10-07 18:15:41,CPCV101,0201,Julie Randolph,40,40,0,2026-10-07 18:20:54,2026-10-07 18:20:54.104
2026-10-07 18:15:41,CPCV230,0101,Korey Rothman,20,20,0,2026-10-07 18:20:54,2026-10-07 18:20:54.377
2026-10-07 18:15:41,CPCV230,0201,Korey Rothman,20,20,0,2026-10-07 18:20:54,2026-10-07 18:20:54.377
2026-10-07 18:15:41,CPDJ101,0101,Jess Feltner,75,75,0,2026-10-07 18:20:55,2026-10-07 18:20:55.850
2026-10-07 18:15:41,CPDJ230,0101,Jess Feltner,10,10,0,2026-10-07 18:20:56,2026-10-07 18:20:56.116
2026-10-07 18:15:41,CPDJ240,0101,Jess Feltner,8,8,0,2026-10-07 18:20:56,2026-10-07 18:20:56.409
2026-10-07 18:15:41,CPDJ250,0101,Jess Feltner,10,10,0,2026-10-07 18:20:56,2026-10-07 18:20:56.687
2026-10-07 18:15:41,CPET101,0101,Dani Moore,78,78,0,2026-10-07 18:20:58,2026-10-07 18:20:58.120
2026-10-07 18:15:41,CPET230,0101,Dani Moore,50,50,0,2026-10-07 18:20:58,2026-10-07 18:20:58.413
2026-10-07 18:15:41,CPET240,0101,Dani Moore,20,20,0,2026-10-07 18:20:58,2026-10-07 18:20:58.677
2026-10-07 18:15:41,CPET250,0101,Dani Moore,15,15,0,2026-10-07 18:20:59,2026-10-07 18:20:59.104
2026-10-07 18:15:41,CPGH101,0101,Angshuman Kashyap,75,75,0,2026-10-07 18:21:00,2026-10-07 18:21:00.752
2026-10-07 18:15:41,CPGH210,0101,Haley Clark,80,80,0,2026-10-07 18:21:01,2026-10-07 18:21:01.162
2026-10-07 18:15:41,CPGH230,0101,John Wiggins,30,30,0,2026-10-07 18:21:01,2026-10-07 18:21:01.586
2026-10-07 18:15:41,CPGH240,0101,John Wiggins,30,30,0,2026-10-07 18:21:01,2026-10-07 18:21:01.859
2026-10-07 18:15:41,CPGH250,0101,John Wiggins,25,25,0,2026-10-07 18:21:02,2026-10-07 18:21:02.325
2026-10-07 18:15:41,CPGH270,0101,John Wiggins,5,5,0,2026-10-07 18:21:02,2026-10-07 18:21:02.721
2026-10-07 18:15:41,CPJT101,0101,Justine DeCamillis,75,75,0,2026-10-07 18:21:04,2026-10-07 18:21:04.265
2026-10-07 18:15:41,CPJT230,0101,Justine DeCamillis,35,35,0,2026-10-07 18:21:04,2026-10-07 18:21:04.509
2026-10-07 18:15:41,CPJT240,0101,Justine DeCamillis,25,25,0,2026-10-07 18:21:04,2026-10-07 18:21:04.800
2026-10-07 18:15:41,CPJT250,0101,Victoria Worley,25,25,0,2026-10-07 18:21:05,2026-10-07 18:21:05.066
2026-10-07 18:15:41,CPMS101,0101,Alison Burns,75,75,0,2026-10-07 18:21:06,2026-10-07 18:21:06.743
2026-10-07 18:15:41,CPMS230,0101,Alison Burns,30,30,0,2026-10-07 18:21:07,2026-10-07 18:21:07.113
2026-10-07 18:15:41,CPMS240,0101,Alison Burns,15,15,0,2026-10-07 18:21:07,2026-10-07 18:21:07.507
2026-10-07 18:15:41,CPPL101,0101,Kelly Brower,75,75,0,2026-10-07 18:21:09,2026-10-07 18:21:09.303
2026-10-07 18:15:41,CPSA101,0101,Heather-Erin Bremenstuhl,75,75,0,2026-10-07 18:21:11,2026-10-07 18:21:11.045
2026-10-07 18:15:41,CPSA149,0101,Harold Burgess,20,20,0,2026-10-07 18:21:11,2026-10-07 18:21:11.696
2026-10-07 18:15:41,CPSA201,0101,Heather-Erin Bremenstuhl,75,75,0,2026-10-07 18:21:11,2026-10-07 18:21:11.937
2026-10-07 18:15:41,CPSA240,0101,Harold Burgess,15,15,0,2026-10-07 18:21:12,2026-10-07 18:21:12.178
2026-10-07 18:15:41,CPSA250,0101,Heather-Erin Bremenstuhl,10,10,0,2026-10-07 18:21:12,2026-10-07 18:21:12.451
2026-10-07 18:15:41,CPSA250,0201,Heather-Erin Bremenstuhl,10,10,0,2026-10-07 18:21:12,2026-10-07 18:21:12.451
2026-10-07 18:15:41,CPSA250,0301,Heather-Erin Bremenstuhl,10,10,0,2026-10-07 18:21:12,2026-10-07 18:21:12.451
2026-10-07 18:15:41,CPSA260,0101,Heather-Erin Bremenstuhl,10,10,0,2026-10-07 18:21:12,2026-10-07 18:21:12.703
2026-10-07 18:15:41,CPSA260,0201,Heather-Erin Bremenstuhl,10,10,0,2026-10-07 18:21:12,2026-10-07 18:21:12.704
2026-10-07 18:15:41,CPSA260,0301,Alexandra Lynch,10,10,0,2026-10-07 18:21:12,2026-10-07 18:21:12.704
2026-10-07 18:15:41,CPSF101,0101,Nicholas Fletcher,75,75,0,2026-10-07 18:21:14,2026-10-07 18:21:14.188
2026-10-07 18:15:41,CPSG101,0101,Thomas Holtz,75,75,0,2026-10-07 18:21:15,2026-10-07 18:21:15.632
2026-10-07 18:15:41,CPSG230,0101,John Merck,50,50,0,2026-10-07 18:21:16,2026-10-07 18:21:16.164
2026-10-07 18:15:41,CPSG240,0101,John Merck,25,25,0,2026-10-07 18:21:16,2026-10-07 18:21:16.437
2026-10-07 18:15:41,CPSG250,0101,John Merck,25,25,0,2026-10-07 18:21:16,2026-10-07 18:21:16.710
2026-10-07 18:15:41,CPSN101,0101,Hansol Kwak,75,75,0,2026-10-07 18:21:18,2026-10-07 18:21:18.284
2026-10-07 18:15:41,CPSN230,0101,Ellin Chung,40,40,0,2026-10-07 18:21:18,2026-10-07 18:21:18.548
2026-10-07 18:15:41,CPSN240,0101,Ellin Chung,15,15,0,2026-10-07 18:21:18,2026-10-07 18:21:18.846
2026-10-07 18:15:41,CPSN250,0101,Hansol Kwak,25,25,0,2026-10-07 18:21:19,2026-10-07 18:21:19.206
2026-10-07 18:15:41,CPSP110,0101,Instructor: TBA,18,18,0,2026-10-07 18:21:20,2026-10-07 18:21:20.835
2026-10-07 18:15:41,CPSP110,0201,Instructor: TBA,18,18,0,2026-10-07 18:21:20,2026-10-07 18:21:20.835
2026-10-07 18:15:41,CPSP110,0301,Instructor: TBA,18,18,0,2026-10-07 18:21:20,2026-10-07 18:21:20.835
2026-10-07 18:15:41,CPSP210,0101,Christine Alexander,20,20,0,2026-10-07 18:21:21,2026-10-07 18:21:21.128
2026-10-07 18:15:41,CPSP239A,0101,Heather-Erin Bremenstuhl,10,10,0,2026-10-07 18:21:21,2026-10-07 18:21:21.373
2026-10-07 18:15:41,CPSP259J,0101,Alison Burns,10,10,0,2026-10-07 18:21:21,2026-10-07 18:21:21.638
2026-10-07 18:15:41,CPSP279N,0101,Stacy Kosko,10,10,0,2026-10-07 18:21:21,2026-10-07 18:21:21.886
2026-10-07 18:15:41,CPSP339P,0101,Kelly Brower,15,15,0,2026-10-07 18:21:22,2026-10-07 18:21:22.150
2026-10-07 18:15:41,CPSP359G,0101,John Merck,25,25,0,2026-10-07 18:21:22,2026-10-07 18:21:22.550
2026-10-07 18:15:41,CPSP359S,0101,David Eubanks,24,24,0,2026-10-07 18:21:23,2026-10-07 18:21:23.234
2026-10-07 18:15:41,CPSP369E,0101,Tim Knight,7,7,0,2026-10-07 18:21:23,2026-10-07 18:21:23.496
2026-10-07 18:15:41,CPSP369E,0102,Tim Knight,5,5,0,2026-10-07 18:21:23,2026-10-07 18:21:23.496
2026-10-07 18:15:41,CPSS101,0101,Christine Alexander,75,75,0,2026-10-07 18:21:24,2026-10-07 18:21:24.953
2026-10-07 18:15:41,CPSS225,0101,Roan Parrish,20,20,0,2026-10-07 18:21:25,2026-10-07 18:21:25.226
2026-10-07 18:15:41,CPSS225,0201,Thomas Zeller,20,20,0,2026-10-07 18:21:25,2026-10-07 18:21:25.226
2026-10-07 18:15:41,CPSS240,0101,Timothy Reedy,25,25,0,2026-10-07 18:21:25,2026-10-07 18:21:25.513
2026-10-07 18:15:41,CPSS340,0101,Nicole Mogul,20,20,0,2026-10-07 18:21:25,2026-10-07 18:21:25.787
2026-10-07 18:15:41,DATA100,0111,Matthew Griffin,27,27,0,2026-10-07 18:21:38,2026-10-07 18:21:38.166
2026-10-07 18:15:41,DATA100,0112,Matthew Griffin,27,27,0,2026-10-07 18:21:38,2026-10-07 18:21:38.166
2026-10-07 18:15:41,DATA100,0121,Matthew Griffin,27,27,0,2026-10-07 18:21:38,2026-10-07 18:21:38.166
2026-10-07 18:15:41,DATA100,0122,Matthew Griffin,27,27,0,2026-10-07 18:21:38,2026-10-07 18:21:38.166
2026-10-07 18:15:41,DATA100,0123,Matthew Griffin,27,27,0,2026-10-07 18:21:38,2026-10-07 18:21:38.167
2026-10-07 18:15:41,DATA100,0131,Matthew Griffin,27,27,0,2026-10-07 18:21:38,2026-10-07 18:21:38.167
2026-10-07 18:15:41,DATA100,0211,Matthew Griffin,27,27,0,2026-10-07 18:21:38,2026-10-07 18:21:38.167
2026-10-07 18:15:41,DATA100,0212,Matthew Griffin,27,27,0,2026-10-07 18:21:38,2026-10-07 18:21:38.167
2026-10-07 18:15:41,DATA100,0221,Matthew Griffin,27,27,0,2026-10-07 18:21:38,2026-10-07 18:21:38.167
2026-10-07 18:15:41,DATA100,0222,Matthew Griffin,27,27,0,2026-10-07 18:21:38,2026-10-07 18:21:38.167
2026-10-07 18:15:41,DATA100,0223,Matthew Griffin,27,27,0,2026-10-07 18:21:38,2026-10-07 18:21:38.167
2026-10-07 18:15:41,DATA100,0224,Matthew Griffin,27,27,0,2026-10-07 18:21:38,2026-10-07 18:21:38.167
2026-10-07 18:15:41,DATA100,0231,Matthew Griffin,27,27,0,2026-10-07 18:21:38,2026-10-07 18:21:38.167
2026-10-07 18:15:41,DATA100,0241,Matthew Griffin,27,27,0,2026-10-07 18:21:38,2026-10-07 18:21:38.167
2026-10-07 18:15:41,DATA100,0242,Matthew Griffin,27,27,0,2026-10-07 18:21:38,2026-10-07 18:21:38.167
2026-10-07 18:15:41,DATA100,0311,Jonathan Fernandes,25,25,0,2026-10-07 18:21:38,2026-10-07 18:21:38.168
2026-10-07 18:15:41,DATA100,0312,Jonathan Fernandes,25,25,0,2026-10-07 18:21:38,2026-10-07 18:21:38.168
2026-10-07 18:15:41,DATA100,0321,Jonathan Fernandes,25,25,0,2026-10-07 18:21:38,2026-10-07 18:21:38.168
2026-10-07 18:15:41,DATA100,0322,Jonathan Fernandes,25,25,0,2026-10-07 18:21:38,2026-10-07 18:21:38.168
2026-10-07 18:15:41,DATA100,0323,Jonathan Fernandes,25,25,0,2026-10-07 18:21:38,2026-10-07 18:21:38.168
2026-10-07 18:15:41,DATA110,0101,Susan Mazzullo,310,310,0,2026-10-07 18:21:38,2026-10-07 18:21:38.439
2026-10-07 18:15:41,DATA120,0101,Fardina Alam,200,200,0,2026-10-07 18:21:38,2026-10-07 18:21:38.728
2026-10-07 18:15:41,DATA200,0101,Fardina Alam,90,90,0,2026-10-07 18:21:38,2026-10-07 18:21:38.993
2026-10-07 18:15:41,DATA250,0101,Todd Rowland,30,30,0,2026-10-07 18:21:39,2026-10-07 18:21:39.276
2026-10-07 18:15:41,DATA320,0101,Maksym Morawski,20,20,0,2026-10-07 18:21:39,2026-10-07 18:21:39.545
2026-10-07 18:15:41,DATA320,0201,Fardina Alam,20,20,0,2026-10-07 18:21:39,2026-10-07 18:21:39.545
2026-10-07 18:15:41,DATA320,0301,Anna Evtushenko,12,12,0,2026-10-07 18:21:39,2026-10-07 18:21:39.545
2026-10-07 18:15:41,DATA350,0101,Todd Rowland,30,30,0,2026-10-07 18:21:39,2026-10-07 18:21:39.797
2026-10-07 18:15:41,DATA350,0201,Raluca Rosca,30,30,0,2026-10-07 18:21:39,2026-10-07 18:21:39.797
2026-10-07 18:15:41,DATA400,0111,Archana Khurana,27,27,0,2026-10-07 18:21:40,2026-10-07 18:21:40.061
2026-10-07 18:15:41,DATA400,0121,Archana Khurana,27,27,0,2026-10-07 18:21:40,2026-10-07 18:21:40.061
2026-10-07 18:15:41,DATA400,0131,Archana Khurana,27,27,0,2026-10-07 18:21:40,2026-10-07 18:21:40.062
2026-10-07 18:15:41,DATA400,0211,Salman Safdar,27,27,0,2026-10-07 18:21:40,2026-10-07 18:21:40.062
2026-10-07 18:15:41,DATA400,0311,Shixin Zheng,27,27,0,2026-10-07 18:21:40,2026-10-07 18:21:40.062
2026-10-07 18:15:41,DATA400,0321,Shixin Zheng,27,27,0,2026-10-07 18:21:40,2026-10-07 18:21:40.062
2026-10-07 18:15:41,DATA400,0331,Shixin Zheng,27,27,0,2026-10-07 18:21:40,2026-10-07 18:21:40.062
2026-10-07 18:15:41,DATA400,0411,Mestiyage Gunatilleka,27,27,0,2026-10-07 18:21:40,2026-10-07 18:21:40.062
2026-10-07 18:15:41,DATA400,0421,Mestiyage Gunatilleka,27,27,0,2026-10-07 18:21:40,2026-10-07 18:21:40.062
2026-10-07 18:15:41,DATA400,0431,Mestiyage Gunatilleka,27,27,0,2026-10-07 18:21:40,2026-10-07 18:21:40.062
2026-10-07 18:15:41,EALL361,0101,Jyana Browne,20,20,0,2026-10-07 18:21:41,2026-10-07 18:21:41.494
2026-10-07 18:15:41,EDDI300,0101,Nicole Mehta,20,20,0,2026-10-07 18:21:53,2026-10-07 18:21:53.714
2026-10-07 18:15:41,EMBA788G,GX01,Judy Frels,31,31,0,2026-10-07 18:22:18,2026-10-07 18:22:18.999
2026-10-07 18:15:41,EMBA788V,GX01,Zhi-Long Chen,31,31,0,2026-10-07 18:22:19,2026-10-07 18:22:19.299
2026-10-07 18:15:41,ENAI603,0101,A Seyed,35,35,0,2026-10-07 18:22:29,2026-10-07 18:22:29.684
2026-10-07 18:15:41,ENAI603,AEC1,A Seyed,20,20,0,2026-10-07 18:22:29,2026-10-07 18:22:29.684
2026-10-07 18:15:41,ENBC312,ESG1,Kyunghun Lee,20,20,0,2026-10-07 18:22:31,2026-10-07 18:22:31.222
2026-10-07 18:15:41,ENBC321,ESG1,Jamasp Azarnoosh,20,20,0,2026-10-07 18:22:31,2026-10-07 18:22:31.463
2026-10-07 18:15:41,ENBC342,ESG1,Lan Ma,20,20,0,2026-10-07 18:22:31,2026-10-07 18:22:31.719
2026-10-07 18:15:41,ENBC351,ESG1,Jarred Callura,20,20,0,2026-10-07 18:22:31,2026-10-07 18:22:31.957
2026-10-07 18:15:41,ENBC352,ESG1,Jarred Callura,20,20,0,2026-10-07 18:22:32,2026-10-07 18:22:32.231
2026-10-07 18:15:41,ENBC403,ESG1,Jamasp Azarnoosh,20,20,0,2026-10-07 18:22:32,2026-10-07 18:22:32.506
2026-10-07 18:15:41,ENBC441,ESG1,Lan Ma,20,20,0,2026-10-07 18:22:32,2026-10-07 18:22:32.749
2026-10-07 18:15:41,ENBC455,ESG1,Jarred Callura,20,20,0,2026-10-07 18:22:33,2026-10-07 18:22:33.106
2026-10-07 18:15:41,ENBC491,ESG1,Lan Ma,20,20,0,2026-10-07 18:22:33,2026-10-07 18:22:33.374
2026-10-07 18:15:41,ENCO099,0101,Lizzy Solovey,200,200,0,2026-10-07 18:22:41,2026-10-07 18:22:41.799
2026-10-07 18:15:41,ENEB304,ESG1,Nestor Michael Tiglao,20,20,0,2026-10-07 18:22:43,2026-10-07 18:22:43.385
2026-10-07 18:15:41,ENEB345,ESG1,Nestor Michael Tiglao,20,20,0,2026-10-07 18:22:43,2026-10-07 18:22:43.627
2026-10-07 18:15:41,ENEB352,ESG1,Mohamed Hany,20,20,0,2026-10-07 18:22:43,2026-10-07 18:22:43.902
2026-10-07 18:15:41,ENEB353,ESG1,Manoj Franklin,20,20,0,2026-10-07 18:22:44,2026-10-07 18:22:44.152
2026-10-07 18:15:41,ENEB355,ESG1,Nestor Michael Tiglao,20,20,0,2026-10-07 18:22:44,2026-10-07 18:22:44.399
2026-10-07 18:15:41,ENEB408B,ESG1,Jerry Wu,20,20,0,2026-10-07 18:22:44,2026-10-07 18:22:44.687
2026-10-07 18:15:41,ENEB443,ESG1,George Zaki,20,20,0,2026-10-07 18:22:44,2026-10-07 18:22:44.920
2026-10-07 18:15:41,ENEB453,ESG1,Nestor Michael Tiglao,20,20,0,2026-10-07 18:22:45,2026-10-07 18:22:45.204
2026-10-07 18:15:41,ENEB455,ESG1,Jerry Wu,20,20,0,2026-10-07 18:22:45,2026-10-07 18:22:45.482
2026-10-07 18:15:41,ENEB456,ESG1,Nestor Michael Tiglao,20,20,0,2026-10-07 18:22:45,2026-10-07 18:22:45.768
2026-10-07 18:15:41,ENED037,0101,Hillary Owusu,20,20,0,2026-10-07 18:22:47,2026-10-07 18:22:47.232
2026-10-07 18:15:41,ENED290H,0101,Christopher Troilo,45,45,0,2026-10-07 18:22:47,2026-10-07 18:22:47.491
2026-10-07 18:15:41,ENED390H,0101,Natcha Thawesaengskulthai,45,45,0,2026-10-07 18:22:47,2026-10-07 18:22:47.739
2026-10-07 18:15:41,ENED394H,0101,Maria Bardossy,40,40,0,2026-10-07 18:22:47,2026-10-07 18:22:47.987
2026-10-07 18:15:41,ENED396,0101,Jessica Roffe,24,24,0,2026-10-07 18:22:48,2026-10-07 18:22:48.265
2026-10-07 18:15:41,ENED397,0101,Emily Marks,9,9,0,2026-10-07 18:22:48,2026-10-07 18:22:48.569
2026-10-07 18:15:41,ENED490H,0101,David Ashley,45,45,0,2026-10-07 18:22:48,2026-10-07 18:22:48.837
2026-10-07 18:15:41,ENED491,0101,Jessica Roffe,10,10,0,2026-10-07 18:22:49,2026-10-07 18:22:49.108
2026-10-07 18:15:41,ENMT313,ESG1,Nicholas Limparis,3,3,0,2026-10-07 18:23:49,2026-10-07 18:23:49.089
2026-10-07 18:15:41,ENMT332,ESG1,Norman Wereley,4,4,0,2026-10-07 18:23:49,2026-10-07 18:23:49.370
2026-10-07 18:15:41,ENMT362,ESG1,Young Choi,3,3,0,2026-10-07 18:23:49,2026-10-07 18:23:49.652
2026-10-07 18:15:41,ENMT372,ESG1,Gurtajbir Herr,3,3,0,2026-10-07 18:23:49,2026-10-07 18:23:49.910
2026-10-07 18:15:41,ENMT477,ESG1,Gurtajbir Herr,7,7,0,2026-10-07 18:23:50,2026-10-07 18:23:50.194
2026-10-07 18:15:41,ENMT488C,ESG1,Colleen Murray,7,7,0,2026-10-07 18:23:50,2026-10-07 18:23:50.458
2026-10-07 18:15:41,ENMT488P,ESG1,Colleen Murray,7,7,0,2026-10-07 18:23:50,2026-10-07 18:23:50.696
2026-10-07 18:15:41,ENMT488Z,ESG1,Nicholas Limparis,7,7,0,2026-10-07 18:23:50,2026-10-07 18:23:50.954
2026-10-07 18:15:41,ENSP102,0101,Joanna Goger,22,22,0,2026-10-07 18:24:03,2026-10-07 18:24:03.171
2026-10-07 18:15:41,ENSP102,0102,Joanna Goger,22,22,0,2026-10-07 18:24:03,2026-10-07 18:24:03.171
2026-10-07 18:15:41,ENSP102,0103,Joanna Goger,23,23,0,2026-10-07 18:24:03,2026-10-07 18:24:03.172
2026-10-07 18:15:41,ENSP102,0104,Joanna Goger,22,22,0,2026-10-07 18:24:03,2026-10-07 18:24:03.172
2026-10-07 18:15:41,ENSP102,0105,Joanna Goger,22,22,0,2026-10-07 18:24:03,2026-10-07 18:24:03.172
2026-10-07 18:15:41,ENSP102,0106,Joanna Goger,22,22,0,2026-10-07 18:24:03,2026-10-07 18:24:03.172
2026-10-07 18:15:41,ENSP102,0107,Joanna Goger,22,22,0,2026-10-07 18:24:03,2026-10-07 18:24:03.172
2026-10-07 18:15:41,ENSP306,0101,Caroline Boules,30,30,0,2026-10-07 18:24:03,2026-10-07 18:24:03.489
2026-10-07 18:15:41,ENSP330,0101,Joanna Goger,35,35,0,2026-10-07 18:24:03,2026-10-07 18:24:03.734
2026-10-07 18:15:41,ENSP342,0101,Annette Spivy,35,35,0,2026-10-07 18:24:04,2026-10-07 18:24:04.020
2026-10-07 18:15:41,ENSP370,0101,Arielle Wharton,30,30,0,2026-10-07 18:24:04,2026-10-07 18:24:04.312
2026-10-07 18:15:41,ENSP399R,0101,Melissa Kenney,15,15,0,2026-10-07 18:24:05,2026-10-07 18:24:05.084
2026-10-07 18:15:41,ENSP399R,0301,Instructor: TBA,15,15,0,2026-10-07 18:24:05,2026-10-07 18:24:05.084
2026-10-07 18:15:41,ENSP399R,0601,Annette Spivy,10,10,0,2026-10-07 18:24:05,2026-10-07 18:24:05.084
2026-10-07 18:15:41,ENSP399R,1001,Jennifer Mullinax,10,10,0,2026-10-07 18:24:05,2026-10-07 18:24:05.084
2026-10-07 18:15:41,ENSP400,0101,Caroline Boules,30,30,0,2026-10-07 18:24:05,2026-10-07 18:24:05.332
2026-10-07 18:15:41,ENSP400,0102,Annette Spivy,30,30,0,2026-10-07 18:24:05,2026-10-07 18:24:05.332
2026-10-07 18:15:41,ENSP400,0104,Colleen O'Donnell,20,20,0,2026-10-07 18:24:05,2026-10-07 18:24:05.332
2026-10-07 18:15:41,FGSM398,0101,Jayakumar Arasan,120,120,0,2026-10-07 18:24:26,2026-10-07 18:24:26.913
2026-10-07 18:15:41,FGSM398,0201,Jayakumar Arasan,120,120,0,2026-10-07 18:24:26,2026-10-07 18:24:26.913
2026-10-07 18:15:41,GEMS102,0101,David Lovell,180,180,0,2026-10-07 18:24:48,2026-10-07 18:24:48.899
2026-10-07 18:15:41,GEMS208D,0101,Allison Lansverk,1,1,0,2026-10-07 18:24:49,2026-10-07 18:24:49.195
2026-10-07 18:15:41,GEMS208E,0101,Allison Lansverk,18,18,0,2026-10-07 18:24:49,2026-10-07 18:24:49.481
2026-10-07 18:15:41,GEMS208F,0201,Allison Lansverk,12,12,0,2026-10-07 18:24:49,2026-10-07 18:24:49.732
2026-10-07 18:15:41,GEMS208J,0101,Allison Lansverk,24,24,0,2026-10-07 18:24:49,2026-10-07 18:24:49.973
2026-10-07 18:15:41,GEMS208K,0101,Allison Lansverk,30,30,0,2026-10-07 18:24:50,2026-10-07 18:24:50.226
2026-10-07 18:15:41,GEMS208P,0101,Allison Lansverk,15,15,0,2026-10-07 18:24:50,2026-10-07 18:24:50.467
2026-10-07 18:15:41,GEMS208Q,0201,Allison Lansverk,1,1,0,2026-10-07 18:24:50,2026-10-07 18:24:50.721
2026-10-07 18:15:41,GEMS296,0113,David Lovell,5,5,0,2026-10-07 18:24:50,2026-10-07 18:24:50.988
2026-10-07 18:15:41,GEMS297,0101,Instructor: TBA,14,14,0,2026-10-07 18:24:51,2026-10-07 18:24:51.316
2026-10-07 18:15:41,GEMS297,0102,Instructor: TBA,14,14,0,2026-10-07 18:24:51,2026-10-07 18:24:51.316
2026-10-07 18:15:41,GEMS297,0103,Instructor: TBA,14,14,0,2026-10-07 18:24:51,2026-10-07 18:24:51.316
2026-10-07 18:15:41,GEMS297,0104,Instructor: TBA,14,14,0,2026-10-07 18:24:51,2026-10-07 18:24:51.316
2026-10-07 18:15:41,GEMS297,0105,Instructor: TBA,14,14,0,2026-10-07 18:24:51,2026-10-07 18:24:51.316
2026-10-07 18:15:41,GEMS297,0106,Instructor: TBA,14,14,0,2026-10-07 18:24:51,2026-10-07 18:24:51.316
2026-10-07 18:15:41,GEMS297,0107,Instructor: TBA,14,14,0,2026-10-07 18:24:51,2026-10-07 18:24:51.316
2026-10-07 18:15:41,GEMS297,0108,Instructor: TBA,14,14,0,2026-10-07 18:24:51,2026-10-07 18:24:51.316
2026-10-07 18:15:41,GEMS297,0109,Instructor: TBA,14,14,0,2026-10-07 18:24:51,2026-10-07 18:24:51.316
2026-10-07 18:15:41,GEMS297,0110,Instructor: TBA,14,14,0,2026-10-07 18:24:51,2026-10-07 18:24:51.316
2026-10-07 18:15:41,GEMS297,0111,Instructor: TBA,14,14,0,2026-10-07 18:24:51,2026-10-07 18:24:51.317
2026-10-07 18:15:41,GEMS297,0112,Instructor: TBA,14,14,0,2026-10-07 18:24:51,2026-10-07 18:24:51.317
2026-10-07 18:15:41,GEMS297,0113,Instructor: TBA,14,14,0,2026-10-07 18:24:51,2026-10-07 18:24:51.317
2026-10-07 18:15:41,GEMS297,0114,Instructor: TBA,14,14,0,2026-10-07 18:24:51,2026-10-07 18:24:51.317
2026-10-07 18:15:41,GEMS297,0115,Instructor: TBA,5,5,0,2026-10-07 18:24:51,2026-10-07 18:24:51.317
2026-10-07 18:15:41,GEMS396,0113,David Lovell,5,5,0,2026-10-07 18:24:51,2026-10-07 18:24:51.598
2026-10-07 18:15:41,GEMS397,0101,Michael Humber,14,14,0,2026-10-07 18:24:52,2026-10-07 18:24:52.327
2026-10-07 18:15:41,GEMS397,0102,Seth Dickey,14,14,0,2026-10-07 18:24:52,2026-10-07 18:24:52.327
2026-10-07 18:15:41,GEMS397,0103,Cecilia Huertas Cerdeira,14,14,0,2026-10-07 18:24:52,2026-10-07 18:24:52.327
2026-10-07 18:15:41,GEMS397,0104,Rodolphe Gentili,14,14,0,2026-10-07 18:24:52,2026-10-07 18:24:52.327
2026-10-07 18:15:41,GEMS397,0105,Allison Reilly,14,14,0,2026-10-07 18:24:52,2026-10-07 18:24:52.327
2026-10-07 18:15:41,GEMS397,0106,Peter Sunderland,14,14,0,2026-10-07 18:24:52,2026-10-07 18:24:52.327
2026-10-07 18:15:41,GEMS397,0107,Brett Lacey,14,14,0,2026-10-07 18:24:52,2026-10-07 18:24:52.327
2026-10-07 18:15:41,GEMS397,0108,Natalia Buzulukova,14,14,0,2026-10-07 18:24:52,2026-10-07 18:24:52.327
2026-10-07 18:15:41,GEMS397,0109,Anil Deane,14,14,0,2026-10-07 18:24:52,2026-10-07 18:24:52.327
2026-10-07 18:15:41,GEMS397,0110,Colenso Speer,14,14,0,2026-10-07 18:24:52,2026-10-07 18:24:52.328
2026-10-07 18:15:41,GEMS397,0111,Alisa Clyne,14,14,0,2026-10-07 18:24:52,2026-10-07 18:24:52.328
2026-10-07 18:15:41,GEMS397,0112,Xin Zan,14,14,0,2026-10-07 18:24:52,2026-10-07 18:24:52.328
2026-10-07 18:15:41,GEMS397,0113,Instructor: TBA,14,14,0,2026-10-07 18:24:52,2026-10-07 18:24:52.328
2026-10-07 18:15:41,GEMS397,0114,David Lovell,5,5,0,2026-10-07 18:24:52,2026-10-07 18:24:52.328
2026-10-07 18:15:41,GEMS397,0115,David Lovell,5,5,0,2026-10-07 18:24:52,2026-10-07 18:24:52.328
2026-10-07 18:15:41,GEMS496,0113,David Lovell,5,5,0,2026-10-07 18:24:52,2026-10-07 18:24:52.600
2026-10-07 18:15:41,GEMS497,0101,Eric Haag,14,14,0,2026-10-07 18:24:52,2026-10-07 18:24:52.861
2026-10-07 18:15:41,GEMS497,0102,Mohammad Nayeem Teli,14,14,0,2026-10-07 18:24:52,2026-10-07 18:24:52.862
2026-10-07 18:15:41,GEMS497,0103,Norberto Gonzalez- Juarbe,14,14,0,2026-10-07 18:24:52,2026-10-07 18:24:52.862
2026-10-07 18:15:41,GEMS497,0104,Abhinav Shrivastava,14,14,0,2026-10-07 18:24:52,2026-10-07 18:24:52.862
2026-10-07 18:15:41,GEMS497,0105,Hector Alcala,14,14,0,2026-10-07 18:24:52,2026-10-07 18:24:52.862
2026-10-07 18:15:41,GEMS497,0106,Massimo Ricotti,14,14,0,2026-10-07 18:24:52,2026-10-07 18:24:52.862
2026-10-07 18:15:41,GEMS497,0107,Reza Ghodssi,14,14,0,2026-10-07 18:24:52,2026-10-07 18:24:52.862
2026-10-07 18:15:41,GEMS497,0108,Nikhil Chopra,14,14,0,2026-10-07 18:24:52,2026-10-07 18:24:52.862
2026-10-07 18:15:41,GEMS497,0109,Kimberly Stroka,14,14,0,2026-10-07 18:24:52,2026-10-07 18:24:52.862
2026-10-07 18:15:41,GEMS497,0110,Gorjan Alagic,14,14,0,2026-10-07 18:24:52,2026-10-07 18:24:52.862
2026-10-07 18:15:41,GEMS497,0111,Alisa Clyne,14,14,0,2026-10-07 18:24:52,2026-10-07 18:24:52.862
2026-10-07 18:15:41,GEMS497,0112,Xin Zan,14,14,0,2026-10-07 18:24:52,2026-10-07 18:24:52.862
2026-10-07 18:15:41,GEMS497,0113,David Lovell,14,14,0,2026-10-07 18:24:52,2026-10-07 18:24:52.863
2026-10-07 18:15:41,GEMS497,0114,David Lovell,14,14,0,2026-10-07 18:24:52,2026-10-07 18:24:52.863
2026-10-07 18:15:41,GFPL100,0101,Alec Worsnop,21,21,0,2026-10-07 18:25:20,2026-10-07 18:25:20.721
2026-10-07 18:15:41,GFPL100,0102,Alec Worsnop,21,21,0,2026-10-07 18:25:20,2026-10-07 18:25:20.721
2026-10-07 18:15:41,GFPL100,0103,Alec Worsnop,21,21,0,2026-10-07 18:25:20,2026-10-07 18:25:20.721
2026-10-07 18:15:41,GFPL100,0104,Alec Worsnop,21,21,0,2026-10-07 18:25:20,2026-10-07 18:25:20.721
2026-10-07 18:15:41,GFPL100,0105,Alec Worsnop,21,21,0,2026-10-07 18:25:20,2026-10-07 18:25:20.721
2026-10-07 18:15:41,GFPL100,0106,Alec Worsnop,20,20,0,2026-10-07 18:25:20,2026-10-07 18:25:20.721
2026-10-07 18:15:41,GFPL102,0101,Caroline Ritter,95,95,0,2026-10-07 18:25:20,2026-10-07 18:25:20.982
2026-10-07 18:15:41,GFPL372,0101,Devin Entrikin,40,40,0,2026-10-07 18:25:21,2026-10-07 18:25:21.220
2026-10-07 18:15:41,GLBC200,0101,Parker Brookie,30,30,0,2026-10-07 18:25:22,2026-10-07 18:25:22.877
2026-10-07 18:15:41,GLBC360,0101,Hester Baer,30,30,0,2026-10-07 18:25:23,2026-10-07 18:25:23.152
2026-10-07 18:15:41,HACS101,0101,Michel Cukier,35,35,0,2026-10-07 18:25:45,2026-10-07 18:25:45.681
2026-10-07 18:15:41,HACS101,0201,Michel Cukier,35,35,0,2026-10-07 18:25:45,2026-10-07 18:25:45.681
2026-10-07 18:15:41,HACS201,0101,Bertrand Sobesto,26,26,0,2026-10-07 18:25:45,2026-10-07 18:25:45.986
2026-10-07 18:15:41,HACS208E,0101,Ian Serbin,30,30,0,2026-10-07 18:25:46,2026-10-07 18:25:46.258
2026-10-07 18:15:41,HACS208N,0101,Instructor: TBA,30,30,0,2026-10-07 18:25:46,2026-10-07 18:25:46.535
2026-10-07 18:15:41,HACS208Z,0101,Zulema Belyeu,30,30,0,2026-10-07 18:25:46,2026-10-07 18:25:46.806
2026-10-07 18:15:41,HACS297,0101,Sarah Herberger,25,25,0,2026-10-07 18:25:47,2026-10-07 18:25:47.304
2026-10-07 18:15:41,HACS318A,0101,Lindsey Schrott,75,75,0,2026-10-07 18:25:47,2026-10-07 18:25:47.558
2026-10-07 18:15:41,HACS408C,0101,Instructor: TBA,30,30,0,2026-10-07 18:25:47,2026-10-07 18:25:47.827
2026-10-07 18:15:41,HACS408P,0101,Instructor: TBA,30,30,0,2026-10-07 18:25:48,2026-10-07 18:25:48.114
2026-10-07 18:15:41,HACS408V,0101,Edward Condon,30,30,0,2026-10-07 18:25:48,2026-10-07 18:25:48.389
2026-10-07 18:15:41,HACS497,0101,Cassie Harrington,25,25,0,2026-10-07 18:25:48,2026-10-07 18:25:48.999
2026-10-07 18:15:41,HACS498,0101,Thomas Woods,10,10,0,2026-10-07 18:25:49,2026-10-07 18:25:49.250
2026-10-07 18:15:41,HACS498,0201,Instructor: TBA,18,18,0,2026-10-07 18:25:49,2026-10-07 18:25:49.250
2026-10-07 18:15:41,HBUS105,0101,Daniel McCarthy,35,35,0,2026-10-07 18:25:50,2026-10-07 18:25:50.717
2026-10-07 18:15:41,HBUS105,0201,Daniel McCarthy,35,35,0,2026-10-07 18:25:50,2026-10-07 18:25:50.717
2026-10-07 18:15:41,HBUS205,0101,Nicole Coomber,30,30,0,2026-10-07 18:25:51,2026-10-07 18:25:51.003
2026-10-07 18:15:41,HBUS205,0201,Nicole Coomber,30,30,0,2026-10-07 18:25:51,2026-10-07 18:25:51.003
2026-10-07 18:15:41,HDCC106,0101,Jeffrey Everett,13,13,0,2026-10-07 18:25:52,2026-10-07 18:25:52.471
2026-10-07 18:15:41,HDCC106,0201,William Evans,13,13,0,2026-10-07 18:25:52,2026-10-07 18:25:52.471
2026-10-07 18:15:41,HDCC106,0301,Grant Bollmer,13,13,0,2026-10-07 18:25:52,2026-10-07 18:25:52.471
2026-10-07 18:15:41,HDCC106,0401,Cliff Bakalian,13,13,0,2026-10-07 18:25:52,2026-10-07 18:25:52.472
2026-10-07 18:15:41,HDCC106,0501,Katherine Izsak,13,13,0,2026-10-07 18:25:52,2026-10-07 18:25:52.472
2026-10-07 18:15:41,HDCC209B,0101,Katherine Macyshyn,16,16,0,2026-10-07 18:25:52,2026-10-07 18:25:52.738
2026-10-07 18:15:41,HDCC209C,0101,Josue Porras-Fernandez,16,16,0,2026-10-07 18:25:53,2026-10-07 18:25:53.011
2026-10-07 18:15:41,HDCC209D,0101,Kaisha Snowden,16,16,0,2026-10-07 18:25:53,2026-10-07 18:25:53.293
2026-10-07 18:15:41,HDCC209E,0101,Antwon Key,16,16,0,2026-10-07 18:25:53,2026-10-07 18:25:53.532
2026-10-07 18:15:41,HEBR107,0101,Avital Karpman,15,15,0,2026-10-07 18:25:55,2026-10-07 18:25:55.315
2026-10-07 18:15:41,HEBR107,0201,Avital Karpman,15,15,0,2026-10-07 18:25:55,2026-10-07 18:25:55.315
2026-10-07 18:15:41,HEBR207,0101,Avital Karpman,15,15,0,2026-10-07 18:25:55,2026-10-07 18:25:55.570
2026-10-07 18:15:41,HEBR249A,0101,Aliza Sandalon,15,15,0,2026-10-07 18:25:55,2026-10-07 18:25:55.827
2026-10-07 18:15:41,HEBR314,0101,Aliza Sandalon,20,20,0,2026-10-07 18:25:56,2026-10-07 18:25:56.109
2026-10-07 18:15:41,HEBR488,0101,Bernard Cooperman,10,10,0,2026-10-07 18:25:56,2026-10-07 18:25:56.642
2026-10-07 18:15:41,HEBR488,0102,Aner Tal,10,10,0,2026-10-07 18:25:56,2026-10-07 18:25:56.642
2026-10-07 18:15:41,HGLO298,0101,Daniel Tuke,30,30,0,2026-10-07 18:26:15,2026-10-07 18:26:15.006
2026-10-07 18:15:41,HHUM106,0101,Sarah Humud,17,17,0,2026-10-07 18:26:16,2026-10-07 18:26:16.565
2026-10-07 18:15:41,HHUM106,0102,Sarah Humud,17,17,0,2026-10-07 18:26:16,2026-10-07 18:26:16.565
2026-10-07 18:15:41,HHUM106,0103,Sarah Humud,17,17,0,2026-10-07 18:26:16,2026-10-07 18:26:16.565
2026-10-07 18:15:41,HHUM106,0104,Sarah Humud,17,17,0,2026-10-07 18:26:16,2026-10-07 18:26:16.565
2026-10-07 18:15:41,HHUM206,0101,Sarah Humud,15,15,0,2026-10-07 18:26:16,2026-10-07 18:26:16.846
2026-10-07 18:15:41,HHUM206,0102,Sarah Humud,15,15,0,2026-10-07 18:26:16,2026-10-07 18:26:16.846
2026-10-07 18:15:41,HHUM206,0103,Sarah Humud,15,15,0,2026-10-07 18:26:16,2026-10-07 18:26:16.846
2026-10-07 18:15:41,HHUM206,0104,Sarah Humud,15,15,0,2026-10-07 18:26:16,2026-10-07 18:26:16.846
2026-10-07 18:15:41,HHUM328,0101,Sarah Humud,20,20,0,2026-10-07 18:26:17,2026-10-07 18:26:17.124
2026-10-07 18:15:41,HHUM329,0101,Sarah Humud,5,5,0,2026-10-07 18:26:17,2026-10-07 18:26:17.369
2026-10-07 18:15:41,HISP200,0101,Stefan Woehlke,22,22,0,2026-10-07 18:26:18,2026-10-07 18:26:18.882
2026-10-07 18:15:41,HISP200,0102,Stefan Woehlke,22,22,0,2026-10-07 18:26:18,2026-10-07 18:26:18.882
2026-10-07 18:15:41,HISP200,0103,Stefan Woehlke,22,22,0,2026-10-07 18:26:18,2026-10-07 18:26:18.882
2026-10-07 18:15:41,HISP200,0104,Stefan Woehlke,22,22,0,2026-10-07 18:26:18,2026-10-07 18:26:18.882
2026-10-07 18:15:41,HISP200,0105,Stefan Woehlke,22,22,0,2026-10-07 18:26:18,2026-10-07 18:26:18.883
2026-10-07 18:15:41,HISP319E,0101,Michelle Magalong,20,20,0,2026-10-07 18:26:19,2026-10-07 18:26:19.131
2026-10-07 18:15:41,HISP319S,0101,Michelle Magalong,30,30,0,2026-10-07 18:26:19,2026-10-07 18:26:19.394
2026-10-07 18:15:41,HISP619E,0101,Michelle Magalong,24,24,0,2026-10-07 18:26:19,2026-10-07 18:26:19.704
2026-10-07 18:15:41,HISP619O,0101,Stefan Woehlke,5,5,0,2026-10-07 18:26:19,2026-10-07 18:26:19.953
2026-10-07 18:15:41,HISP630,0101,Rhonda Sincavage,15,15,0,2026-10-07 18:26:20,2026-10-07 18:26:20.226
2026-10-07 18:15:41,HISP635,0101,Eola Dance,10,10,0,2026-10-07 18:26:20,2026-10-07 18:26:20.459
2026-10-07 18:15:41,HISP640,0101,Frederick Stachura,15,15,0,2026-10-07 18:26:20,2026-10-07 18:26:20.744
2026-10-07 18:15:41,HISP655,0101,Donald Linebaugh,15,15,0,2026-10-07 18:26:21,2026-10-07 18:26:21.164
2026-10-07 18:15:41,HISP660,0101,Instructor: TBA,15,15,0,2026-10-07 18:26:21,2026-10-07 18:26:21.436
2026-10-07 18:15:41,HISP670,0101,Alfonso Narvaez,15,15,0,2026-10-07 18:26:21,2026-10-07 18:26:21.726
2026-10-07 18:15:41,HISP690,0101,Donald Linebaugh,15,15,0,2026-10-07 18:26:21,2026-10-07 18:26:21.978
2026-10-07 18:15:41,HISP701,0101,Instructor: TBA,5,5,0,2026-10-07 18:26:22,2026-10-07 18:26:22.235
2026-10-07 18:15:41,HISP710,0101,Susan Kern,15,15,0,2026-10-07 18:26:22,2026-10-07 18:26:22.513
2026-10-07 18:15:41,HISP711,0101,Susan Kern,15,15,0,2026-10-07 18:26:22,2026-10-07 18:26:22.773
2026-10-07 18:15:41,HLSC102,0101,Sabrina Kramer,94,94,0,2026-10-07 18:26:46,2026-10-07 18:26:46.850
2026-10-07 18:15:41,HLSC102,0102,Jalah Townsend,35,35,0,2026-10-07 18:26:46,2026-10-07 18:26:46.850
2026-10-07 18:15:41,HLSC227,0101,Najib El-Sayed,25,25,0,2026-10-07 18:26:47,2026-10-07 18:26:47.097
2026-10-07 18:15:41,HLSC322,0101,Leslie Pick,23,23,0,2026-10-07 18:26:47,2026-10-07 18:26:47.390
2026-10-07 18:15:41,HLSC322,0102,Leslie Pick,23,23,0,2026-10-07 18:26:47,2026-10-07 18:26:47.390
2026-10-07 18:15:41,HLSC322,0103,Sabrina Kramer,23,23,0,2026-10-07 18:26:47,2026-10-07 18:26:47.390
2026-10-07 18:15:41,HLSC322,0104,Sabrina Kramer,23,23,0,2026-10-07 18:26:47,2026-10-07 18:26:47.390
2026-10-07 18:15:41,HLSC329,0101,Sabrina Kramer,12,12,0,2026-10-07 18:26:47,2026-10-07 18:26:47.638
2026-10-07 18:15:41,HNUH100,0101,Max Barnewitz,10,10,0,2026-10-07 18:27:00,2026-10-07 18:27:00.555
2026-10-07 18:15:41,HNUH218D,0101,Brian Gilmore,50,50,0,2026-10-07 18:27:00,2026-10-07 18:27:00.829
2026-10-07 18:15:41,HNUH218L,0101,Shauna Rigaud,20,20,0,2026-10-07 18:27:01,2026-10-07 18:27:01.085
2026-10-07 18:15:41,HNUH218L,0201,Shauna Rigaud,20,20,0,2026-10-07 18:27:01,2026-10-07 18:27:01.085
2026-10-07 18:15:41,HNUH218M,0101,Ebonie Johnson Cooper,20,20,0,2026-10-07 18:27:01,2026-10-07 18:27:01.482
2026-10-07 18:15:41,HNUH218N,0101,Sujith Kumar,20,20,0,2026-10-07 18:27:01,2026-10-07 18:27:01.730
2026-10-07 18:15:41,HNUH228D,0101,Matthew McLaughlin,60,60,0,2026-10-07 18:27:02,2026-10-07 18:27:02.082
2026-10-07 18:15:41,HNUH228L,0101,Alena Wigodner,20,20,0,2026-10-07 18:27:02,2026-10-07 18:27:02.372
2026-10-07 18:15:41,HNUH228L,0201,Alena Wigodner,20,20,0,2026-10-07 18:27:02,2026-10-07 18:27:02.373
2026-10-07 18:15:41,HNUH228M,0101,Ted Baker,20,20,0,2026-10-07 18:27:02,2026-10-07 18:27:02.662
2026-10-07 18:15:41,HNUH229P,0101,Tyson Slocum,20,20,0,2026-10-07 18:27:02,2026-10-07 18:27:02.930
2026-10-07 18:15:41,HNUH238D,0101,Susan Moeller,60,60,0,2026-10-07 18:27:03,2026-10-07 18:27:03.244
2026-10-07 18:15:41,HNUH238L,0101,Kimberly Johnson,20,20,0,2026-10-07 18:27:03,2026-10-07 18:27:03.502
2026-10-07 18:15:41,HNUH238L,0201,Kimberly Johnson,20,20,0,2026-10-07 18:27:03,2026-10-07 18:27:03.502
2026-10-07 18:15:41,HNUH238M,0101,Daniel Reck,20,20,0,2026-10-07 18:27:03,2026-10-07 18:27:03.773
2026-10-07 18:15:41,HNUH239I,0101,Jon Crocker,20,20,0,2026-10-07 18:27:04,2026-10-07 18:27:04.048
2026-10-07 18:15:41,HNUH248D,0101,Juan Uriagereka,45,45,0,2026-10-07 18:27:04,2026-10-07 18:27:04.329
2026-10-07 18:15:41,HNUH248L,0101,Robert Graham,20,20,0,2026-10-07 18:27:04,2026-10-07 18:27:04.565
2026-10-07 18:15:41,HNUH249T,0101,Daniel Rosenthal,20,20,0,2026-10-07 18:27:04,2026-10-07 18:27:04.855
2026-10-07 18:15:41,HNUH258C,0101,Bill Fagan,55,55,0,2026-10-07 18:27:05,2026-10-07 18:27:05.220
2026-10-07 18:15:41,HNUH258O,0101,Amy Green,20,20,0,2026-10-07 18:27:05,2026-10-07 18:27:05.476
2026-10-07 18:15:41,HNUH259T,0101,Ingrid Satelmajer,20,20,0,2026-10-07 18:27:06,2026-10-07 18:27:06.075
2026-10-07 18:15:41,HNUH268C,0101,Perla Guerrero,60,60,0,2026-10-07 18:27:06,2026-10-07 18:27:06.327
2026-10-07 18:15:41,HNUH268Q,0101,Binod Paudyal,20,20,0,2026-10-07 18:27:06,2026-10-07 18:27:06.599
2026-10-07 18:15:41,HNUH268R,0201,Vasfiye Toprak,20,20,0,2026-10-07 18:27:06,2026-10-07 18:27:06.856
2026-10-07 18:15:41,HNUH269T,0101,James Stillwell,20,20,0,2026-10-07 18:27:07,2026-10-07 18:27:07.109
2026-10-07 18:15:41,HNUH278C,0101,Chinyere Osuji,60,60,0,2026-10-07 18:27:07,2026-10-07 18:27:07.390
2026-10-07 18:15:41,HNUH278I,0101,Marisa Franco,20,20,0,2026-10-07 18:27:07,2026-10-07 18:27:07.666
2026-10-07 18:15:41,HNUH278I,0201,Marisa Franco,20,20,0,2026-10-07 18:27:07,2026-10-07 18:27:07.666
2026-10-07 18:15:41,HNUH278O,0101,DeNeen Brown,20,20,0,2026-10-07 18:27:07,2026-10-07 18:27:07.917
2026-10-07 18:15:41,HNUH278Q,0101,Katherine Coogan,20,20,0,2026-10-07 18:27:08,2026-10-07 18:27:08.211
2026-10-07 18:15:41,HNUH278R,0101,Max Barnewitz,20,20,0,2026-10-07 18:27:08,2026-10-07 18:27:08.450
2026-10-07 18:15:41,HNUH288C,0101,Julia Steinberg,30,30,0,2026-10-07 18:27:08,2026-10-07 18:27:08.706
2026-10-07 18:15:41,HNUH288C,0102,Julia Steinberg,30,30,0,2026-10-07 18:27:08,2026-10-07 18:27:08.706
2026-10-07 18:15:41,HNUH288O,0101,Ariana Nash,20,20,0,2026-10-07 18:27:08,2026-10-07 18:27:08.970
2026-10-07 18:15:41,HNUH300,0201,Vasfiye Toprak,20,20,0,2026-10-07 18:27:09,2026-10-07 18:27:09.333
2026-10-07 18:15:41,HNUH300,0301,Shauna Rigaud,20,20,0,2026-10-07 18:27:09,2026-10-07 18:27:09.333
2026-10-07 18:15:41,HNUH300,0401,Vasfiye Toprak,20,20,0,2026-10-07 18:27:09,2026-10-07 18:27:09.333
2026-10-07 18:15:41,HNUH300,0501,Ingrid Satelmajer,20,20,0,2026-10-07 18:27:09,2026-10-07 18:27:09.333
2026-10-07 18:15:41,HNUH300,0701,Jordan Johnson,20,20,0,2026-10-07 18:27:09,2026-10-07 18:27:09.333
2026-10-07 18:15:41,HNUH300,0801,Instructor: TBA,20,20,0,2026-10-07 18:27:09,2026-10-07 18:27:09.334
2026-10-07 18:15:41,HNUH300,0901,Alena Wigodner,20,20,0,2026-10-07 18:27:09,2026-10-07 18:27:09.334
2026-10-07 18:15:41,HNUH300,1001,Robert Graham,20,20,0,2026-10-07 18:27:09,2026-10-07 18:27:09.334
2026-10-07 18:15:41,HNUH300,1101,Max Barnewitz,20,20,0,2026-10-07 18:27:09,2026-10-07 18:27:09.334
2026-10-07 18:15:41,HNUH398P,0101,Jayakumar Arasan,120,120,0,2026-10-07 18:27:09,2026-10-07 18:27:09.617
2026-10-07 18:15:41,HNUH398P,0201,Jayakumar Arasan,120,120,0,2026-10-07 18:27:09,2026-10-07 18:27:09.617
2026-10-07 18:15:41,HONR379W,0101,Blake Wilder,15,15,0,2026-10-07 18:27:11,2026-10-07 18:27:11.059
2026-10-07 18:15:41,IDEA201,0101,Mira Azarm,20,20,0,2026-10-07 18:27:12,2026-10-07 18:27:12.542
2026-10-07 18:15:41,IDEA201,0102,Christina Hnatov,10,10,0,2026-10-07 18:27:12,2026-10-07 18:27:12.542
2026-10-07 18:15:41,IDEA201,0103,Brooke Smith,60,60,0,2026-10-07 18:27:12,2026-10-07 18:27:12.543
2026-10-07 18:15:41,IDEA201,0104,Brooke Smith,60,60,0,2026-10-07 18:27:12,2026-10-07 18:27:12.543
2026-10-07 18:15:41,IDEA311,0101,Brooke Smith,40,40,0,2026-10-07 18:27:12,2026-10-07 18:27:12.833
2026-10-07 18:15:41,IDEA311,0102,Brooke Smith,15,15,0,2026-10-07 18:27:12,2026-10-07 18:27:12.833
2026-10-07 18:15:41,IDEA312,0101,Meredith Kaunitz,15,15,0,2026-10-07 18:27:13,2026-10-07 18:27:13.086
2026-10-07 18:15:41,IMDM101,0101,Stevens Miller,30,30,0,2026-10-07 18:27:15,2026-10-07 18:27:15.073
2026-10-07 18:15:41,IMDM101,0201,Stevens Miller,30,30,0,2026-10-07 18:27:15,2026-10-07 18:27:15.073
2026-10-07 18:15:41,IMDM101,0301,Myungin Lee,30,30,0,2026-10-07 18:27:15,2026-10-07 18:27:15.073
2026-10-07 18:15:41,IMDM127,0101,Matthew Nolan,30,30,0,2026-10-07 18:27:15,2026-10-07 18:27:15.335
2026-10-07 18:15:41,IMDM150,0101,Cy Keener,45,45,0,2026-10-07 18:27:15,2026-10-07 18:27:15.652
2026-10-07 18:15:41,IMDM290,0101,Myungin Lee,30,30,0,2026-10-07 18:27:15,2026-10-07 18:27:15.917
2026-10-07 18:15:41,IMDM290,0201,Myungin Lee,30,30,0,2026-10-07 18:27:15,2026-10-07 18:27:15.918
2026-10-07 18:15:41,IMDM351,0101,Georgia Creson,15,15,0,2026-10-07 18:27:16,2026-10-07 18:27:16.169
2026-10-07 18:15:41,IMDM390,0101,Stefano Passeri,30,30,0,2026-10-07 18:27:16,2026-10-07 18:27:16.447
2026-10-07 18:15:41,IMDM390,0201,Stefano Passeri,30,30,0,2026-10-07 18:27:16,2026-10-07 18:27:16.447
2026-10-07 18:15:41,IMDM491,0101,Matthew Nolan,30,30,0,2026-10-07 18:27:16,2026-10-07 18:27:16.959
2026-10-07 18:15:41,IMDM491,0201,Matthew Nolan,30,30,0,2026-10-07 18:27:16,2026-10-07 18:27:16.959
2026-10-07 18:15:41,IMDM498I,0101,Snehesh Shrestha,16,16,0,2026-10-07 18:27:17,2026-10-07 18:27:17.238
2026-10-07 18:15:41,IMDM498J,0101,Yael Inbar,15,15,0,2026-10-07 18:27:17,2026-10-07 18:27:17.497
2026-10-07 18:15:41,IMMR200,0101,Instructor: TBA,40,40,0,2026-10-07 18:27:19,2026-10-07 18:27:19.198
2026-10-07 18:15:41,IMMR394,0101,Wenxi Yang,25,25,0,2026-10-07 18:27:19,2026-10-07 18:27:19.467
2026-10-07 18:15:41,IMMR399,0101,Christina Getrich,1,1,0,2026-10-07 18:27:19,2026-10-07 18:27:19.758
2026-10-07 18:15:41,INFM612,IM01,Instructor: TBA,40,40,0,2026-10-07 18:27:24,2026-10-07 18:27:24.905
2026-10-07 18:15:41,INFM737,IM01,David Loshin,40,40,0,2026-10-07 18:27:25,2026-10-07 18:27:25.153
2026-10-07 18:15:41,ISRL187,0101,Bernard Cooperman,23,23,0,2026-10-07 18:27:44,2026-10-07 18:27:44.855
2026-10-07 18:15:41,ISRL187,0102,Bernard Cooperman,23,23,0,2026-10-07 18:27:44,2026-10-07 18:27:44.855
2026-10-07 18:15:41,ISRL187,0103,Bernard Cooperman,23,23,0,2026-10-07 18:27:44,2026-10-07 18:27:44.855
2026-10-07 18:15:41,ISRL249O,0101,Aner Tal,35,35,0,2026-10-07 18:27:45,2026-10-07 18:27:45.125
2026-10-07 18:15:41,ISRL249P,0101,Aliza Sandalon,15,15,0,2026-10-07 18:27:45,2026-10-07 18:27:45.371
2026-10-07 18:15:41,ISRL282,0101,Shirelle Doughty,30,30,0,2026-10-07 18:27:45,2026-10-07 18:27:45.631
2026-10-07 18:15:41,ISRL329D,0101,Regev Ben-David,35,35,0,2026-10-07 18:27:45,2026-10-07 18:27:45.886
2026-10-07 18:15:41,ISRL329Y,0101,Marwa Maziad,30,30,0,2026-10-07 18:27:46,2026-10-07 18:27:46.135
2026-10-07 18:15:41,ISRL342,0101,Elli Lieberman,35,35,0,2026-10-07 18:27:46,2026-10-07 18:27:46.415
2026-10-07 18:15:41,ISRL349N,0101,Morad Elsana,30,30,0,2026-10-07 18:27:46,2026-10-07 18:27:46.659
2026-10-07 18:15:41,ISRL349W,0101,Avital Karpman,35,35,0,2026-10-07 18:27:46,2026-10-07 18:27:46.916
2026-10-07 18:15:41,ISRL372,0101,Shirelle Doughty,30,30,0,2026-10-07 18:27:47,2026-10-07 18:27:47.183
2026-10-07 18:15:41,ISRL380,0101,Regev Ben-David,35,35,0,2026-10-07 18:27:47,2026-10-07 18:27:47.427
2026-10-07 18:15:41,ISRL383,0101,Ilai Saltzman,35,35,0,2026-10-07 18:27:47,2026-10-07 18:27:47.710
2026-10-07 18:15:41,JAPN102,0101,Kumiko Akikawa,15,15,0,2026-10-07 18:27:51,2026-10-07 18:27:51.646
2026-10-07 18:15:41,JAPN102,0201,Kumiko Akikawa,15,15,0,2026-10-07 18:27:51,2026-10-07 18:27:51.646
2026-10-07 18:15:41,JAPN202,0101,Makiko Inoue,15,15,0,2026-10-07 18:27:51,2026-10-07 18:27:51.926
2026-10-07 18:15:41,JAPN202,0201,Makiko Inoue,15,15,0,2026-10-07 18:27:51,2026-10-07 18:27:51.926
2026-10-07 18:15:41,JAPN302,0101,Mari Hamada,15,15,0,2026-10-07 18:27:52,2026-10-07 18:27:52.169
2026-10-07 18:15:41,JAPN306,0101,Lindsay Yotsukura,15,15,0,2026-10-07 18:27:52,2026-10-07 18:27:52.411
2026-10-07 18:15:41,JAPN335,0101,Michele Mason,20,20,0,2026-10-07 18:27:52,2026-10-07 18:27:52.678
2026-10-07 18:15:41,JAPN355,0101,Jyana Browne,20,20,0,2026-10-07 18:27:52,2026-10-07 18:27:52.928
2026-10-07 18:15:41,JAPN361,0101,Jyana Browne,20,20,0,2026-10-07 18:27:53,2026-10-07 18:27:53.200
2026-10-07 18:15:41,JAPN425,0101,Michele Mason,30,30,0,2026-10-07 18:27:53,2026-10-07 18:27:53.728
2026-10-07 18:15:41,JAPN457,0101,Lindsay Yotsukura,15,15,0,2026-10-07 18:27:53,2026-10-07 18:27:53.997
2026-10-07 18:15:41,JWST187,0101,Bernard Cooperman,23,23,0,2026-10-07 18:28:13,2026-10-07 18:28:13.829
2026-10-07 18:15:41,JWST187,0102,Bernard Cooperman,23,23,0,2026-10-07 18:28:13,2026-10-07 18:28:13.830
2026-10-07 18:15:41,JWST187,0103,Bernard Cooperman,23,23,0,2026-10-07 18:28:13,2026-10-07 18:28:13.830
2026-10-07 18:15:41,JWST233,0101,Hayim Lapin,45,45,0,2026-10-07 18:28:14,2026-10-07 18:28:14.084
2026-10-07 18:15:41,JWST319A,0101,Daniel Richter,35,35,0,2026-10-07 18:28:14,2026-10-07 18:28:14.331
2026-10-07 18:15:41,JWST319J,0101,Nathan Levine,35,35,0,2026-10-07 18:28:14,2026-10-07 18:28:14.581
2026-10-07 18:15:41,JWST319P,0101,Lauren Kotkin,18,18,0,2026-10-07 18:28:14,2026-10-07 18:28:14.821
2026-10-07 18:15:41,JWST319Q,0101,Regev Ben-David,35,35,0,2026-10-07 18:28:15,2026-10-07 18:28:15.100
2026-10-07 18:15:41,JWST319W,0101,Avital Karpman,35,35,0,2026-10-07 18:28:15,2026-10-07 18:28:15.352
2026-10-07 18:15:41,JWST324,0101,Matthew Suriano,25,25,0,2026-10-07 18:28:15,2026-10-07 18:28:15.590
2026-10-07 18:15:41,JWST372,0101,Shirelle Doughty,30,30,0,2026-10-07 18:28:15,2026-10-07 18:28:15.854
2026-10-07 18:15:41,JWST386,0101,Instructor: TBA,5,5,0,2026-10-07 18:28:16,2026-10-07 18:28:16.114
2026-10-07 18:15:41,JWST419B,0101,Bernard Cooperman,20,20,0,2026-10-07 18:28:16,2026-10-07 18:28:16.880
2026-10-07 18:15:41,JWST427,0101,Matthew Suriano,15,15,0,2026-10-07 18:28:17,2026-10-07 18:28:17.173
2026-10-07 18:15:41,JWST469C,0101,Bernard Cooperman,10,10,0,2026-10-07 18:28:17,2026-10-07 18:28:17.416
2026-10-07 18:15:41,KORA101,0101,Seong Minne Koh,15,15,0,2026-10-07 18:28:39,2026-10-07 18:28:39.504
2026-10-07 18:15:41,KORA102,0101,Saerom Kwak,15,15,0,2026-10-07 18:28:39,2026-10-07 18:28:39.787
2026-10-07 18:15:41,KORA102,0201,Saerom Kwak,15,15,0,2026-10-07 18:28:39,2026-10-07 18:28:39.787
2026-10-07 18:15:41,KORA102,0301,Saerom Kwak,15,15,0,2026-10-07 18:28:39,2026-10-07 18:28:39.787
2026-10-07 18:15:41,KORA102,0401,Saerom Kwak,15,15,0,2026-10-07 18:28:39,2026-10-07 18:28:39.787
2026-10-07 18:15:41,KORA202,0101,Seong Minne Koh,15,15,0,2026-10-07 18:28:40,2026-10-07 18:28:40.039
2026-10-07 18:15:41,KORA202,0301,Seong Minne Koh,15,15,0,2026-10-07 18:28:40,2026-10-07 18:28:40.039
2026-10-07 18:15:41,KORA398O,0101,Instructor: TBA,10,10,0,2026-10-07 18:28:40,2026-10-07 18:28:40.313
2026-10-07 18:15:41,KORA398V,0101,Seong Minne Koh,10,10,0,2026-10-07 18:28:40,2026-10-07 18:28:40.583
2026-10-07 18:15:41,LEAD217,0101,Festus Ainoo,25,25,0,2026-10-07 18:28:54,2026-10-07 18:28:54.268
2026-10-07 18:15:41,LEAD217,0201,Festus Ainoo,25,25,0,2026-10-07 18:28:54,2026-10-07 18:28:54.268
2026-10-07 18:15:41,LEAD321,0101,Courtney Holder,10,10,0,2026-10-07 18:28:54,2026-10-07 18:28:54.518
2026-10-07 18:15:41,LEAD417,0101,Anastasia Lavrenyuk,20,20,0,2026-10-07 18:28:54,2026-10-07 18:28:54.749
2026-10-07 18:15:41,LGBT200,0101,Sayan Bhattacharya,25,25,0,2026-10-07 18:28:56,2026-10-07 18:28:56.192
2026-10-07 18:15:41,LGBT200,0102,Sayan Bhattacharya,25,25,0,2026-10-07 18:28:56,2026-10-07 18:28:56.192
2026-10-07 18:15:41,LGBT265,0201,Instructor: TBA,30,30,0,2026-10-07 18:28:56,2026-10-07 18:28:56.462
2026-10-07 18:15:41,LGBT306,0101,Sydney Lewis,30,30,0,2026-10-07 18:28:56,2026-10-07 18:28:56.709
2026-10-07 18:15:41,LGBT310,0101,Sayan Bhattacharya,25,25,0,2026-10-07 18:28:56,2026-10-07 18:28:56.983
2026-10-07 18:15:41,LGBT338F,0101,Alexis Lothian,30,30,0,2026-10-07 18:28:57,2026-10-07 18:28:57.276
2026-10-07 18:15:41,LGBT475,0101,Sydney Lewis,20,20,0,2026-10-07 18:28:57,2026-10-07 18:28:57.544
2026-10-07 18:15:41,MLAW150,0101,David Gray,25,25,0,2026-10-07 18:29:31,2026-10-07 18:29:31.356
2026-10-07 18:15:41,MLAW150,0102,David Gray,25,25,0,2026-10-07 18:29:31,2026-10-07 18:29:31.356
2026-10-07 18:15:41,MLAW150,0103,David Gray,25,25,0,2026-10-07 18:29:31,2026-10-07 18:29:31.356
2026-10-07 18:15:41,MLAW304,0101,Christine White,40,40,0,2026-10-07 18:29:31,2026-10-07 18:29:31.650
2026-10-07 18:15:41,MLAW305,0201,Brian Gilmore,60,60,0,2026-10-07 18:29:31,2026-10-07 18:29:31.893
2026-10-07 18:15:41,MLAW325,0101,Grace Benton,12,12,0,2026-10-07 18:29:32,2026-10-07 18:29:32.164
2026-10-07 18:15:41,MLAW358W,0101,Michael Spivey,25,25,0,2026-10-07 18:29:32,2026-10-07 18:29:32.500
2026-10-07 18:15:41,MLAW358W,0102,Michael Spivey,25,25,0,2026-10-07 18:29:32,2026-10-07 18:29:32.500
2026-10-07 18:15:41,MLAW358W,0103,Michael Spivey,25,25,0,2026-10-07 18:29:32,2026-10-07 18:29:32.500
2026-10-07 18:15:41,MLAW358W,0104,Michael Spivey,25,25,0,2026-10-07 18:29:32,2026-10-07 18:29:32.500
2026-10-07 18:15:41,MLAW358W,0105,Michael Spivey,25,25,0,2026-10-07 18:29:32,2026-10-07 18:29:32.500
2026-10-07 18:15:41,MLAW358W,0106,Michael Spivey,25,25,0,2026-10-07 18:29:32,2026-10-07 18:29:32.501
2026-10-07 18:15:41,MLAW358Y,0101,Martin Kobren,5,5,0,2026-10-07 18:29:32,2026-10-07 18:29:32.763
2026-10-07 18:15:41,MLAW358Z,0101,Christine White,19,19,0,2026-10-07 18:29:33,2026-10-07 18:29:33.019
2026-10-07 18:15:41,MLAW359,0101,Brandee Pettus,8,8,0,2026-10-07 18:29:33,2026-10-07 18:29:33.263
2026-10-07 18:15:41,MLAW378E,0101,Brandee Pettus,5,5,0,2026-10-07 18:29:33,2026-10-07 18:29:33.569
2026-10-07 18:15:41,MLAW378F,0101,Brian Gilmore,15,15,0,2026-10-07 18:29:33,2026-10-07 18:29:33.815
2026-10-07 18:15:41,MLAW378J,0101,Natalie Ram,20,20,0,2026-10-07 18:29:34,2026-10-07 18:29:34.079
2026-10-07 18:15:41,MLAW378T,0101,Marley Weiss,20,20,0,2026-10-07 18:29:34,2026-10-07 18:29:34.317
2026-10-07 18:15:41,MLAW388,0101,Brandee Pettus,33,33,0,2026-10-07 18:29:34,2026-10-07 18:29:34.577
2026-10-07 18:15:41,MLAW388,0201,Brandee Pettus,6,6,0,2026-10-07 18:29:34,2026-10-07 18:29:34.577
2026-10-07 18:15:41,MLAW404,0101,Christine White,75,75,0,2026-10-07 18:29:34,2026-10-07 18:29:34.825
2026-10-07 18:15:41,MSAI632,PCS1,Mohammad Nayeem Teli,50,50,0,2026-10-07 18:29:36,2026-10-07 18:29:36.273
2026-10-07 18:15:41,MSAI633,PCS1,Tammy Perrin,44,44,0,2026-10-07 18:29:36,2026-10-07 18:29:36.511
2026-10-07 18:15:41,NAVY101,0101,Beau Cisneros,30,30,0,2026-10-07 18:30:06,2026-10-07 18:30:06.342
2026-10-07 18:15:41,NAVY108,0101,Christopher Boehm,150,150,0,2026-10-07 18:30:06,2026-10-07 18:30:06.584
2026-10-07 18:15:41,NAVY201,0101,Austin Cranfill,30,30,0,2026-10-07 18:30:06,2026-10-07 18:30:06.851
2026-10-07 18:15:41,NAVY301,0101,Beau Cisneros,35,35,0,2026-10-07 18:30:07,2026-10-07 18:30:07.109
2026-10-07 18:15:41,NAVY401,0101,John Gonser,36,36,0,2026-10-07 18:30:07,2026-10-07 18:30:07.350
2026-10-07 18:15:41,NAVY402,0102,Jenna Weiner,25,25,0,2026-10-07 18:30:07,2026-10-07 18:30:07.648
2026-10-07 18:15:41,NEUR200,0101,Ana Navarro Cebrian,90,90,0,2026-10-07 18:30:09,2026-10-07 18:30:09.110
2026-10-07 18:15:41,NEUR200,0201,Ana Navarro Cebrian,90,90,0,2026-10-07 18:30:09,2026-10-07 18:30:09.110
2026-10-07 18:15:41,NEUR305,0101,Amanda Chicoli,90,90,0,2026-10-07 18:30:09,2026-10-07 18:30:09.391
2026-10-07 18:15:41,NEUR306,0101,Chan Lin,64,64,0,2026-10-07 18:30:09,2026-10-07 18:30:09.658
2026-10-07 18:15:41,NEUR306,0102,Melissa Caras,40,40,0,2026-10-07 18:30:09,2026-10-07 18:30:09.658
2026-10-07 18:15:41,NEUR338A,0101,Amanda Chicoli,20,20,0,2026-10-07 18:30:10,2026-10-07 18:30:10.239
2026-10-07 18:15:41,NEUR398H,0101,Nikolas Francis,20,20,0,2026-10-07 18:30:11,2026-10-07 18:30:11.010
2026-10-07 18:15:41,NEUR405,0101,Hilary Bierman,16,16,0,2026-10-07 18:30:11,2026-10-07 18:30:11.271
2026-10-07 18:15:41,NEUR405,0102,Hilary Bierman,16,16,0,2026-10-07 18:30:11,2026-10-07 18:30:11.271
2026-10-07 18:15:41,NEUR405,0103,Hilary Bierman,16,16,0,2026-10-07 18:30:11,2026-10-07 18:30:11.271
2026-10-07 18:15:41,NEUR405,0106,Hilary Bierman,16,16,0,2026-10-07 18:30:11,2026-10-07 18:30:11.271
2026-10-07 18:15:41,PEER318,0101,Christina Jay,15,15,0,2026-10-07 18:30:20,2026-10-07 18:30:20.285
2026-10-07 18:15:41,PEER319,0101,Grace Boudreau,15,15,0,2026-10-07 18:30:20,2026-10-07 18:30:20.567
2026-10-07 18:15:41,PEER322,0101,Aleia Gardner,15,15,0,2026-10-07 18:30:20,2026-10-07 18:30:20.838
2026-10-07 18:15:41,PHPE308A,0101,Rachel Singpurwalla,25,25,0,2026-10-07 18:30:30,2026-10-07 18:30:30.035
2026-10-07 18:15:41,PHPE308M,0101,Eric Pacuit,30,30,0,2026-10-07 18:30:30,2026-10-07 18:30:30.329
2026-10-07 18:15:41,PHPE308P,0101,Xinzhi Zhao,30,30,0,2026-10-07 18:30:30,2026-10-07 18:30:30.568
2026-10-07 18:15:41,PHPE308U,0101,Aner Tal,35,35,0,2026-10-07 18:30:30,2026-10-07 18:30:30.805
2026-10-07 18:15:41,PHPE308Z,0101,Hallie Liberto,30,30,0,2026-10-07 18:30:31,2026-10-07 18:30:31.064
2026-10-07 18:15:41,PHPE400,0101,Instructor: TBA,30,30,0,2026-10-07 18:30:31,2026-10-07 18:30:31.585
2026-10-07 18:15:41,PHPE401,0101,Xinzhi Zhao,27,27,0,2026-10-07 18:30:31,2026-10-07 18:30:31.835
2026-10-07 18:15:41,PHPE401,0102,Xinzhi Zhao,27,27,0,2026-10-07 18:30:31,2026-10-07 18:30:31.836
2026-10-07 18:15:41,PHPE402,0101,Ben Fan,30,30,0,2026-10-07 18:30:32,2026-10-07 18:30:32.069
2026-10-07 18:15:41,PHPE408M,0101,Nicholas Laskowski,25,25,0,2026-10-07 18:30:32,2026-10-07 18:30:32.336
2026-10-07 18:15:41,PHPE408Q,0101,Samuel Kerstein,20,20,0,2026-10-07 18:30:32,2026-10-07 18:30:32.614
2026-10-07 18:15:41,PHPE408Z,0101,Avia Pasternak,30,30,0,2026-10-07 18:30:32,2026-10-07 18:30:32.892
2026-10-07 18:15:41,PHSC399,0101,Shannon Edward,30,30,0,2026-10-07 18:30:34,2026-10-07 18:30:34.667
2026-10-07 18:15:41,PHSC399,ESG1,Shannon Edward,20,20,0,2026-10-07 18:30:34,2026-10-07 18:30:34.667
2026-10-07 18:15:41,PHSC415,0101,Jessica O'Hara,36,36,0,2026-10-07 18:30:34,2026-10-07 18:30:34.934
2026-10-07 18:15:41,PHSC415,0102,Jessica O'Hara,36,36,0,2026-10-07 18:30:34,2026-10-07 18:30:34.934
2026-10-07 18:15:41,PHSC415,0103,Jessica O'Hara,36,36,0,2026-10-07 18:30:34,2026-10-07 18:30:34.934
2026-10-07 18:15:41,PHSC415,0104,Jessica O'Hara,36,36,0,2026-10-07 18:30:34,2026-10-07 18:30:34.934
2026-10-07 18:15:41,PHSC415,0105,Jessica O'Hara,36,36,0,2026-10-07 18:30:34,2026-10-07 18:30:34.934
2026-10-07 18:15:41,PHSC425,0101,Jennifer German,30,30,0,2026-10-07 18:30:35,2026-10-07 18:30:35.214
2026-10-07 18:15:41,PHSC440,0101,Kendall Bustad,35,35,0,2026-10-07 18:30:35,2026-10-07 18:30:35.466
2026-10-07 18:15:41,PHSC450,0101,Kendall Bustad,20,20,0,2026-10-07 18:30:35,2026-10-07 18:30:35.712
2026-10-07 18:15:41,PHSC450,0102,Kendall Bustad,20,20,0,2026-10-07 18:30:35,2026-10-07 18:30:35.712
2026-10-07 18:15:41,PHSC450,0103,Kendall Bustad,20,20,0,2026-10-07 18:30:35,2026-10-07 18:30:35.712
2026-10-07 18:15:41,PHSC450,0104,Kendall Bustad,20,20,0,2026-10-07 18:30:35,2026-10-07 18:30:35.713
2026-10-07 18:15:41,PHSC450,0105,Kendall Bustad,20,20,0,2026-10-07 18:30:35,2026-10-07 18:30:35.713
2026-10-07 18:15:41,PHSC450,0106,Kendall Bustad,20,20,0,2026-10-07 18:30:35,2026-10-07 18:30:35.713
2026-10-07 18:15:41,PHSC450,0107,Kendall Bustad,20,20,0,2026-10-07 18:30:35,2026-10-07 18:30:35.713
2026-10-07 18:15:41,PHSC490,0101,Shannon Edward,30,30,0,2026-10-07 18:30:35,2026-10-07 18:30:35.975
2026-10-07 18:15:41,PHSC497,0101,Gretchen De Silva,20,20,0,2026-10-07 18:30:36,2026-10-07 18:30:36.244
2026-10-07 18:15:41,PHSC497,0201,Kendall Bustad,20,20,0,2026-10-07 18:30:36,2026-10-07 18:30:36.244
2026-10-07 18:15:41,PHSC497,0301,Gretchen De Silva,20,20,0,2026-10-07 18:30:36,2026-10-07 18:30:36.244
2026-10-07 18:15:41,PHSC497,0401,Aysha Jawed,20,20,0,2026-10-07 18:30:36,2026-10-07 18:30:36.244
2026-10-07 18:15:41,PHSC497,0501,Jennifer German,20,20,0,2026-10-07 18:30:36,2026-10-07 18:30:36.244
2026-10-07 18:15:41,PHSC497,0601,Ann Truelove,20,20,0,2026-10-07 18:30:36,2026-10-07 18:30:36.244
2026-10-07 18:15:41,PHSC497,0701,Lakeshia Watson,20,20,0,2026-10-07 18:30:36,2026-10-07 18:30:36.244
2026-10-07 18:15:41,PHSC497,0801,Carmen Booker,20,20,0,2026-10-07 18:30:36,2026-10-07 18:30:36.244
2026-10-07 18:15:41,PHSC497,0901,Darya Soltani,20,20,0,2026-10-07 18:30:36,2026-10-07 18:30:36.245
2026-10-07 18:15:41,PHSC497,1001,Brienna Anderson,20,20,0,2026-10-07 18:30:36,2026-10-07 18:30:36.245
2026-10-07 18:15:41,PHSC497,1101,Margaret Smith,20,20,0,2026-10-07 18:30:36,2026-10-07 18:30:36.245
2026-10-07 18:15:41,PHSC497,1201,Eric Silfen,20,20,0,2026-10-07 18:30:36,2026-10-07 18:30:36.245
2026-10-07 18:15:41,PHSC497,1301,Lakeshia Watson,20,20,0,2026-10-07 18:30:36,2026-10-07 18:30:36.245
2026-10-07 18:15:41,RDEV250,0101,Wayne Ricardo Curtis,75,75,0,2026-10-07 18:31:26,2026-10-07 18:31:26.928
2026-10-07 18:15:41,RDEV250,0102,Wayne Ricardo Curtis,75,75,0,2026-10-07 18:31:26,2026-10-07 18:31:26.928
2026-10-07 18:15:41,RDEV270,0101,John Park,30,30,0,2026-10-07 18:31:27,2026-10-07 18:31:27.164
2026-10-07 18:15:41,RDEV350,0101,Jesse Saginor,25,25,0,2026-10-07 18:31:27,2026-10-07 18:31:27.417
2026-10-07 18:15:41,RDEV350,0102,Instructor: TBA,30,30,0,2026-10-07 18:31:27,2026-10-07 18:31:27.418
2026-10-07 18:15:41,RDEV410,0101,Peter Goldsmith,30,30,0,2026-10-07 18:31:27,2026-10-07 18:31:27.693
2026-10-07 18:15:41,RDEV415,0101,Bilal Ali,20,20,0,2026-10-07 18:31:27,2026-10-07 18:31:27.950
2026-10-07 18:15:41,RDEV445,0101,Matthew O'Malley,15,15,0,2026-10-07 18:31:28,2026-10-07 18:31:28.203
2026-10-07 18:15:41,RDEV450,0101,Kathryn Corby,30,30,0,2026-10-07 18:31:28,2026-10-07 18:31:28.442
2026-10-07 18:15:41,RDEV450,0102,Thomas Dwyer,20,20,0,2026-10-07 18:31:28,2026-10-07 18:31:28.442
2026-10-07 18:15:41,RDEV450,0103,John Park,30,30,0,2026-10-07 18:31:28,2026-10-07 18:31:28.442
2026-10-07 18:15:41,RDEV478D,0101,Jesse Saginor,20,20,0,2026-10-07 18:31:28,2026-10-07 18:31:28.708
2026-10-07 18:15:41,RDEV600,0101,Jesse Saginor,10,10,0,2026-10-07 18:31:28,2026-10-07 18:31:28.980
2026-10-07 18:15:41,RDEV603,0101,Thomas Dwyer,18,18,0,2026-10-07 18:31:29,2026-10-07 18:31:29.236
2026-10-07 18:15:41,RDEV610,0101,David Warner,20,20,0,2026-10-07 18:31:29,2026-10-07 18:31:29.522
2026-10-07 18:15:41,RDEV615,0101,Bilal Ali,20,20,0,2026-10-07 18:31:29,2026-10-07 18:31:29.810
2026-10-07 18:15:41,RDEV630,0101,Mansur Abdul-Malik,30,30,0,2026-10-07 18:31:30,2026-10-07 18:31:30.058
2026-10-07 18:15:41,RDEV650,0101,Matthew O'Malley,25,25,0,2026-10-07 18:31:30,2026-10-07 18:31:30.310
2026-10-07 18:15:41,RDEV689F,0101,Zachary Marks,20,20,0,2026-10-07 18:31:30,2026-10-07 18:31:30.571
2026-10-07 18:15:41,RDEV689I,0101,Ronald McDonald,14,14,0,2026-10-07 18:31:30,2026-10-07 18:31:30.842
2026-10-07 18:15:41,RDEV689R,0101,Nick Egelanian,15,15,0,2026-10-07 18:31:31,2026-10-07 18:31:31.157
2026-10-07 18:15:41,RDEV689Y,0101,Instructor: TBA,12,12,0,2026-10-07 18:31:31,2026-10-07 18:31:31.408
2026-10-07 18:15:41,RDEV690,0101,Tanya Bansal,12,12,0,2026-10-07 18:31:31,2026-10-07 18:31:31.685
2026-10-07 18:15:41,RELS170,0101,Katherine Wasdin,21,21,0,2026-10-07 18:31:33,2026-10-07 18:31:33.202
2026-10-07 18:15:41,RELS170,0102,Katherine Wasdin,21,21,0,2026-10-07 18:31:33,2026-10-07 18:31:33.202
2026-10-07 18:15:41,RELS170,0103,Katherine Wasdin,21,21,0,2026-10-07 18:31:33,2026-10-07 18:31:33.202
2026-10-07 18:15:41,RELS170,0104,Katherine Wasdin,21,21,0,2026-10-07 18:31:33,2026-10-07 18:31:33.202
2026-10-07 18:15:41,RELS170,0105,Katherine Wasdin,21,21,0,2026-10-07 18:31:33,2026-10-07 18:31:33.202
2026-10-07 18:15:41,RELS170,0106,Katherine Wasdin,21,21,0,2026-10-07 18:31:33,2026-10-07 18:31:33.202
2026-10-07 18:15:41,RELS170,0107,Katherine Wasdin,21,21,0,2026-10-07 18:31:33,2026-10-07 18:31:33.202
2026-10-07 18:15:41,RELS170,0108,Katherine Wasdin,21,21,0,2026-10-07 18:31:33,2026-10-07 18:31:33.203
2026-10-07 18:15:41,RELS170,0109,Katherine Wasdin,21,21,0,2026-10-07 18:31:33,2026-10-07 18:31:33.203
2026-10-07 18:15:41,RELS264,0101,Jay Moses,30,30,0,2026-10-07 18:31:33,2026-10-07 18:31:33.480
2026-10-07 18:15:41,RELS271,0101,Instructor: TBA,40,40,0,2026-10-07 18:31:33,2026-10-07 18:31:33.729
2026-10-07 18:15:41,RELS319Q,0101,Regev Ben-David,35,35,0,2026-10-07 18:31:33,2026-10-07 18:31:33.963
2026-10-07 18:15:41,RELS342,0101,Stefano Villani,27,27,0,2026-10-07 18:31:34,2026-10-07 18:31:34.232
2026-10-07 18:15:41,RELS427,0101,Matthew Suriano,15,15,0,2026-10-07 18:31:34,2026-10-07 18:31:34.483
2026-10-07 18:15:41,RELS429M,0101,Antoine Borrut,27,27,0,2026-10-07 18:31:34,2026-10-07 18:31:34.753
2026-10-07 18:15:41,RUSS102,0101,Inna Hardman,15,15,0,2026-10-07 18:31:36,2026-10-07 18:31:36.199
2026-10-07 18:15:41,RUSS102,0201,Inna Hardman,15,15,0,2026-10-07 18:31:36,2026-10-07 18:31:36.199
2026-10-07 18:15:41,RUSS202,0101,Zhanna Gerus-Vernola,15,15,0,2026-10-07 18:31:36,2026-10-07 18:31:36.467
2026-10-07 18:15:41,RUSS302,0101,Izolda Savenkova,15,15,0,2026-10-07 18:31:36,2026-10-07 18:31:36.715
2026-10-07 18:15:41,RUSS398A,0101,Instructor: TBA,15,15,0,2026-10-07 18:31:37,2026-10-07 18:31:37.254
2026-10-07 18:15:41,RUSS398F,0101,Elizabeth Papazian,25,25,0,2026-10-07 18:31:37,2026-10-07 18:31:37.515
2026-10-07 18:15:41,RUSS406,0101,Izolda Savenkova,15,15,0,2026-10-07 18:31:38,2026-10-07 18:31:38.057
2026-10-07 18:15:41,RUSS412,0101,Inna Hardman,15,15,0,2026-10-07 18:31:38,2026-10-07 18:31:38.323
2026-10-07 18:15:41,SDSB123,0101,Srijeeta Mitra,26,26,0,2026-10-07 18:31:40,2026-10-07 18:31:40.062
2026-10-07 18:15:41,SDSB180,0101,Srijeeta Mitra,155,155,0,2026-10-07 18:31:40,2026-10-07 18:31:40.335
2026-10-07 18:15:41,SDSB233,0101,Richard Engstrom,28,28,0,2026-10-07 18:31:40,2026-10-07 18:31:40.610
2026-10-07 18:15:41,SDSB233,0102,Richard Engstrom,28,28,0,2026-10-07 18:31:40,2026-10-07 18:31:40.611
2026-10-07 18:15:41,SDSB326,0101,Jacob Coutts,40,40,0,2026-10-07 18:31:40,2026-10-07 18:31:40.880
2026-10-07 18:15:41,SDSB340,0101,Neil Lund,24,24,0,2026-10-07 18:31:41,2026-10-07 18:31:41.131
2026-10-07 18:15:41,SDSI414,0101,Instructor: TBA,40,40,0,2026-10-07 18:31:42,2026-10-07 18:31:42.599
2026-10-07 18:15:41,SDSI414,0102,Instructor: TBA,40,40,0,2026-10-07 18:31:42,2026-10-07 18:31:42.599
2026-10-07 18:15:41,SDSI414,0103,Instructor: TBA,40,40,0,2026-10-07 18:31:42,2026-10-07 18:31:42.599
2026-10-07 18:15:41,SDSI414,0201,Instructor: TBA,40,40,0,2026-10-07 18:31:42,2026-10-07 18:31:42.599
2026-10-07 18:15:41,SDSI414,0202,Instructor: TBA,40,40,0,2026-10-07 18:31:42,2026-10-07 18:31:42.599
2026-10-07 18:15:41,SDSI492,0101,Instructor: TBA,45,45,0,2026-10-07 18:31:42,2026-10-07 18:31:42.848
2026-10-07 18:15:41,SDSI492,0103,Instructor: TBA,45,45,0,2026-10-07 18:31:42,2026-10-07 18:31:42.849
2026-10-07 18:15:41,SDSI492,0104,Andrew Fellows,35,35,0,2026-10-07 18:31:42,2026-10-07 18:31:42.849
2026-10-07 18:15:41,SDSI492,0105,Instructor: TBA,45,45,0,2026-10-07 18:31:42,2026-10-07 18:31:42.849
2026-10-07 18:15:41,SDSI492,0106,Instructor: TBA,45,45,0,2026-10-07 18:31:42,2026-10-07 18:31:42.849
2026-10-07 18:15:41,SDSI492,0107,TJ Rainsford,45,45,0,2026-10-07 18:31:42,2026-10-07 18:31:42.849
2026-10-07 18:15:41,SDSI492,0108,TJ Rainsford,45,45,0,2026-10-07 18:31:42,2026-10-07 18:31:42.849
2026-10-07 18:15:41,SDSI492,0110,Patrick Thornton,45,45,0,2026-10-07 18:31:42,2026-10-07 18:31:42.849
2026-10-07 18:15:41,SDSI496,0101,Jacob Coutts,25,25,0,2026-10-07 18:31:43,2026-10-07 18:31:43.132
2026-10-07 18:15:41,SLLC109I,0101,Instructor: TBA,5,5,0,2026-10-07 18:31:46,2026-10-07 18:31:46.149
2026-10-07 18:15:41,SLLC286,0101,Andrew Schonebaum,60,60,0,2026-10-07 18:31:46,2026-10-07 18:31:46.411
2026-10-07 18:15:41,SLLC287,0101,Sean Pue,20,20,0,2026-10-07 18:31:46,2026-10-07 18:31:46.694
2026-10-07 18:15:41,SLLC305,0101,Nahal Akbari-Saneh,25,25,0,2026-10-07 18:31:46,2026-10-07 18:31:46.944
2026-10-07 18:15:41,SLLC309,0101,Ahmed Hanafy,10,10,0,2026-10-07 18:31:47,2026-10-07 18:31:47.232
2026-10-07 18:15:41,SLLC309,0102,Ahmed Hanafy,10,10,0,2026-10-07 18:31:47,2026-10-07 18:31:47.232
2026-10-07 18:15:41,SLLC309,0103,Ahmed Hanafy,10,10,0,2026-10-07 18:31:47,2026-10-07 18:31:47.232
2026-10-07 18:15:41,SLLC309,0104,Ahmed Hanafy,10,10,0,2026-10-07 18:31:47,2026-10-07 18:31:47.232
2026-10-07 18:15:41,SLLC309,0105,Ahmed Hanafy,10,10,0,2026-10-07 18:31:47,2026-10-07 18:31:47.232
2026-10-07 18:15:41,SLLC309,0106,Ahmed Hanafy,10,10,0,2026-10-07 18:31:47,2026-10-07 18:31:47.232
2026-10-07 18:15:41,SLLC309,0107,Ahmed Hanafy,10,10,0,2026-10-07 18:31:47,2026-10-07 18:31:47.232
2026-10-07 18:15:41,SLLC309,0108,Ahmed Hanafy,10,10,0,2026-10-07 18:31:47,2026-10-07 18:31:47.232
2026-10-07 18:15:41,SLLC309,0109,Ahmed Hanafy,10,10,0,2026-10-07 18:31:47,2026-10-07 18:31:47.232
2026-10-07 18:15:41,SLLC309,0110,Ahmed Hanafy,10,10,0,2026-10-07 18:31:47,2026-10-07 18:31:47.233
2026-10-07 18:15:41,SLLC309,0111,Ahmed Hanafy,10,10,0,2026-10-07 18:31:47,2026-10-07 18:31:47.233
2026-10-07 18:15:41,SLLC329,0101,Marilyn Matar,10,10,0,2026-10-07 18:31:47,2026-10-07 18:31:47.530
2026-10-07 18:15:41,SLLC329,0102,Marilyn Matar,10,10,0,2026-10-07 18:31:47,2026-10-07 18:31:47.530
2026-10-07 18:15:41,SLLC329,0103,Marilyn Matar,20,20,0,2026-10-07 18:31:47,2026-10-07 18:31:47.530
2026-10-07 18:15:41,SLLC329,0104,Marilyn Matar,10,10,0,2026-10-07 18:31:47,2026-10-07 18:31:47.530
2026-10-07 18:15:41,SLLC329,0105,Marilyn Matar,10,10,0,2026-10-07 18:31:47,2026-10-07 18:31:47.530
2026-10-07 18:15:41,SLLC329,0106,Marilyn Matar,10,10,0,2026-10-07 18:31:47,2026-10-07 18:31:47.530
2026-10-07 18:15:41,SLLC329,0107,Marilyn Matar,10,10,0,2026-10-07 18:31:47,2026-10-07 18:31:47.530
2026-10-07 18:15:41,SLLC329,0108,Marilyn Matar,10,10,0,2026-10-07 18:31:47,2026-10-07 18:31:47.530
2026-10-07 18:15:41,SLLC329,0109,Marilyn Matar,10,10,0,2026-10-07 18:31:47,2026-10-07 18:31:47.530
2026-10-07 18:15:41,SLLC329,0110,Marilyn Matar,20,20,0,2026-10-07 18:31:47,2026-10-07 18:31:47.531
2026-10-07 18:15:41,SMLP471,0101,Jennifer Hsin,60,60,0,2026-10-07 18:31:48,2026-10-07 18:31:48.998
2026-10-07 18:15:41,SMLP474,0101,Sara Herald,60,60,0,2026-10-07 18:31:49,2026-10-07 18:31:49.262
2026-10-07 18:15:41,SPHL100,0101,Shuling Wu,20,20,0,2026-10-07 18:32:10,2026-10-07 18:32:10.554
2026-10-07 18:15:41,SPHL100,0102,Shuling Wu,20,20,0,2026-10-07 18:32:10,2026-10-07 18:32:10.554
2026-10-07 18:15:41,SPHL100,0103,Shuling Wu,20,20,0,2026-10-07 18:32:10,2026-10-07 18:32:10.554
2026-10-07 18:15:41,SPHL100,0104,Shuling Wu,20,20,0,2026-10-07 18:32:10,2026-10-07 18:32:10.554
2026-10-07 18:15:41,SPHL100,0105,Shuling Wu,20,20,0,2026-10-07 18:32:10,2026-10-07 18:32:10.554
2026-10-07 18:15:41,SPHL100,0106,Shuling Wu,20,20,0,2026-10-07 18:32:10,2026-10-07 18:32:10.554
2026-10-07 18:15:41,SPHL100,0107,Shuling Wu,20,20,0,2026-10-07 18:32:10,2026-10-07 18:32:10.554
2026-10-07 18:15:41,SPHL100,0108,Shuling Wu,20,20,0,2026-10-07 18:32:10,2026-10-07 18:32:10.554
2026-10-07 18:15:41,SPHL100,0109,Shuling Wu,20,20,0,2026-10-07 18:32:10,2026-10-07 18:32:10.554
2026-10-07 18:15:41,SPHL100,0110,Shuling Wu,20,20,0,2026-10-07 18:32:10,2026-10-07 18:32:10.554
2026-10-07 18:15:41,SPHL100,0201,Shuling Wu,20,20,0,2026-10-07 18:32:10,2026-10-07 18:32:10.554
2026-10-07 18:15:41,SPHL100,0202,Shuling Wu,20,20,0,2026-10-07 18:32:10,2026-10-07 18:32:10.555
2026-10-07 18:15:41,SPHL100,0203,Shuling Wu,20,20,0,2026-10-07 18:32:10,2026-10-07 18:32:10.555
2026-10-07 18:15:41,SPHL100,0204,Shuling Wu,20,20,0,2026-10-07 18:32:10,2026-10-07 18:32:10.555
2026-10-07 18:15:41,SPHL100,0205,Shuling Wu,20,20,0,2026-10-07 18:32:10,2026-10-07 18:32:10.555
2026-10-07 18:15:41,SPHL100,0206,Shuling Wu,20,20,0,2026-10-07 18:32:10,2026-10-07 18:32:10.555
2026-10-07 18:15:41,SPHL100,0207,Shuling Wu,20,20,0,2026-10-07 18:32:10,2026-10-07 18:32:10.555
2026-10-07 18:15:41,SPHL100,0208,Shuling Wu,20,20,0,2026-10-07 18:32:10,2026-10-07 18:32:10.555
2026-10-07 18:15:41,SPHL246,0101,April Khaing,20,20,0,2026-10-07 18:32:10,2026-10-07 18:32:10.806
2026-10-07 18:15:41,SPHL276,0101,Dina Borzekowski,25,25,0,2026-10-07 18:32:11,2026-10-07 18:32:11.045
2026-10-07 18:15:41,SPHL321,0101,Sylvette La Touche-Howard,15,15,0,2026-10-07 18:32:11,2026-10-07 18:32:11.285
2026-10-07 18:15:41,SPHL333,0101,Cynthia Kershaw,75,75,0,2026-10-07 18:32:11,2026-10-07 18:32:11.567
2026-10-07 18:15:41,SPHL478,0101,Tracy Zeeger,10,10,0,2026-10-07 18:32:12,2026-10-07 18:32:12.243
2026-10-07 18:15:41,SPHL600,0101,Sylvette La Touche-Howard,8,8,0,2026-10-07 18:32:12,2026-10-07 18:32:12.500
2026-10-07 18:15:41,SPHL610,0101,Danielle Catona,22,22,0,2026-10-07 18:32:12,2026-10-07 18:32:12.756
2026-10-07 18:15:41,SPHL610,0102,Danielle Catona,22,22,0,2026-10-07 18:32:12,2026-10-07 18:32:12.756
2026-10-07 18:15:41,SPHL610,0103,Danielle Catona,22,22,0,2026-10-07 18:32:12,2026-10-07 18:32:12.756
2026-10-07 18:15:41,SPHL610,PLB1,Priscilla Novak,20,20,0,2026-10-07 18:32:12,2026-10-07 18:32:12.756
2026-10-07 18:15:41,SPHL610,PLH1,Priscilla Novak,28,28,0,2026-10-07 18:32:12,2026-10-07 18:32:12.756
2026-10-07 18:15:41,SPHL610,PLK1,Priscilla Novak,5,5,0,2026-10-07 18:32:12,2026-10-07 18:32:12.756
2026-10-07 18:15:41,SPHL611,0101,Danielle Catona,45,45,0,2026-10-07 18:32:13,2026-10-07 18:32:13.019
2026-10-07 18:15:41,SPHL611,0201,Danielle Catona,45,45,0,2026-10-07 18:32:13,2026-10-07 18:32:13.020
2026-10-07 18:15:41,SPHL611,PLB1,Evelyn King-Marshall,20,20,0,2026-10-07 18:32:13,2026-10-07 18:32:13.020
2026-10-07 18:15:41,SPHL611,PLH1,Evelyn King-Marshall,28,28,0,2026-10-07 18:32:13,2026-10-07 18:32:13.020
2026-10-07 18:15:41,SPHL611,PLK1,Evelyn King-Marshall,5,5,0,2026-10-07 18:32:13,2026-10-07 18:32:13.020
2026-10-07 18:15:41,SPHL612,0101,James Hagberg,15,15,0,2026-10-07 18:32:13,2026-10-07 18:32:13.322
2026-10-07 18:15:41,TLTC310,0101,Danielle Pafe,20,20,0,2026-10-07 18:32:40,2026-10-07 18:32:40.456
2026-10-07 18:15:41,TLTC333,0101,Mona Thompson,55,55,0,2026-10-07 18:32:40,2026-10-07 18:32:40.720
2026-10-07 18:15:41,TLTC333,0102,Mona Thompson,55,55,0,2026-10-07 18:32:40,2026-10-07 18:32:40.720
2026-10-07 18:15:41,TLTC333,0105,Mona Thompson,55,55,0,2026-10-07 18:32:40,2026-10-07 18:32:40.720
2026-10-07 18:15:41,URSP372,0101,Priscila Alves,20,20,0,2026-10-07 18:32:48,2026-10-07 18:32:48.055
2026-10-07 18:15:41,URSP488A,0101,Chengri Ding,30,30,0,2026-10-07 18:32:48,2026-10-07 18:32:48.313
2026-10-07 18:15:41,URSP600,0101,Kevin Nelson,25,25,0,2026-10-07 18:32:48,2026-10-07 18:32:48.593
2026-10-07 18:15:41,URSP603,0101,Dawn Jourdan,33,33,0,2026-10-07 18:32:48,2026-10-07 18:32:48.863
2026-10-07 18:15:41,URSP606,0101,Chengri Ding,15,15,0,2026-10-07 18:32:49,2026-10-07 18:32:49.115
2026-10-07 18:15:41,URSP631,0101,Hiroyuki Iseki,15,15,0,2026-10-07 18:32:49,2026-10-07 18:32:49.368
2026-10-07 18:15:41,URSP668B,0101,Eric Burnstein,20,20,0,2026-10-07 18:32:49,2026-10-07 18:32:49.654
2026-10-07 18:15:41,URSP673,0101,Riem ElZoghbi,25,25,0,2026-10-07 18:32:49,2026-10-07 18:32:49.925
2026-10-07 18:15:41,URSP688M,0101,Andrew Bernish,20,20,0,2026-10-07 18:32:50,2026-10-07 18:32:50.170
2026-10-07 18:15:41,URSP688P,0101,Sonja Ewing,15,15,0,2026-10-07 18:32:50,2026-10-07 18:32:50.434
2026-10-07 18:15:41,URSP688Y,0101,Chester Harvey,30,30,0,2026-10-07 18:32:50,2026-10-07 18:32:50.728
2026-10-07 18:15:41,URSP708,0101,Nicholas Finio,10,10,0,2026-10-07 18:32:50,2026-10-07 18:32:50.998
2026-10-07 18:15:41,URSP709,0101,Casey Dawkins,10,10,0,2026-10-07 18:32:51,2026-10-07 18:32:51.274
2026-10-07 18:15:41,URSP805,0101,Casey Dawkins,15,15,0,2026-10-07 18:32:52,2026-10-07 18:32:52.305
2026-10-07 18:15:41,USLT202,0101,Jasmin Pineda,26,26,0,2026-10-07 18:32:54,2026-10-07 18:32:54.287
2026-10-07 18:15:41,USLT403,0101,Perla Guerrero,20,20,0,2026-10-07 18:32:54,2026-10-07 18:32:54.537
2026-10-07 18:15:41,USLT420,0101,Robert Chester,27,27,0,2026-10-07 18:32:54,2026-10-07 18:32:54.772
2026-10-07 18:15:41,USLT488,0101,Nancy Mirabal,30,30,0,2026-10-07 18:32:55,2026-10-07 18:32:55.042
2026-10-07 18:15:41,USLT498L,0101,Fernando Rios,12,12,0,2026-10-07 18:32:55,2026-10-07 18:32:55.290
2026-10-07 18:15:41,VIPS208,0102,Ken Kiger,10,10,0,2026-10-07 18:32:56,2026-10-07 18:32:56.803
2026-10-07 18:15:41,VIPS208,0103,Bryan Quinn,10,10,0,2026-10-07 18:32:56,2026-10-07 18:32:56.803
2026-10-07 18:15:41,VIPS208,0104,Ryan Sochol,10,10,0,2026-10-07 18:32:56,2026-10-07 18:32:56.803
2026-10-07 18:15:41,VIPS208,0105,Molly Carton,10,10,0,2026-10-07 18:32:56,2026-10-07 18:32:56.803
2026-10-07 18:15:41,VIPS208,0106,James Baeder,11,11,0,2026-10-07 18:32:56,2026-10-07 18:32:56.803
2026-10-07 18:15:41,VIPS208,0107,Catherine Spirito,10,10,0,2026-10-07 18:32:56,2026-10-07 18:32:56.804
2026-10-07 18:15:41,VIPS208,0108,Ronald Yaros,10,10,0,2026-10-07 18:32:56,2026-10-07 18:32:56.804
2026-10-07 18:15:41,VIPS208,0109,Carinna Ferguson,10,10,0,2026-10-07 18:32:56,2026-10-07 18:32:56.804
2026-10-07 18:15:41,VIPS208,0110,Tracy Riggins,10,10,0,2026-10-07 18:32:56,2026-10-07 18:32:56.804
2026-10-07 18:15:41,VIPS208,0111,Kevin Calabro,10,10,0,2026-10-07 18:32:56,2026-10-07 18:32:56.804
2026-10-07 18:15:41,VIPS208,0112,Raffaele Viglianti,10,10,0,2026-10-07 18:32:56,2026-10-07 18:32:56.804
2026-10-07 18:15:41,VIPS208,0113,Shabnam Jabeen,10,10,0,2026-10-07 18:32:56,2026-10-07 18:32:56.804
2026-10-07 18:15:41,VIPS208,0114,Ning Zeng,10,10,0,2026-10-07 18:32:56,2026-10-07 18:32:56.804
2026-10-07 18:15:41,VIPS208,0115,Veronica Kang,10,10,0,2026-10-07 18:32:56,2026-10-07 18:32:56.804
2026-10-07 18:15:41,VIPS208,0116,David Stewart,10,10,0,2026-10-07 18:32:56,2026-10-07 18:32:56.804
2026-10-07 18:15:41,VIPS208,0117,Meredith Epstein,10,10,0,2026-10-07 18:32:56,2026-10-07 18:32:56.804
2026-10-07 18:15:41,VIPS208,0118,Magaly Toro Ibaceta,10,10,0,2026-10-07 18:32:56,2026-10-07 18:32:56.805
2026-10-07 18:15:41,VIPS208,0120,Marisa Parham,10,10,0,2026-10-07 18:32:56,2026-10-07 18:32:56.805
2026-10-07 18:15:41,VIPS208,0121,Becky Epanchin-Niell,10,10,0,2026-10-07 18:32:56,2026-10-07 18:32:56.805
2026-10-07 18:15:41,VIPS208,0122,Timothy Reedy,10,10,0,2026-10-07 18:32:56,2026-10-07 18:32:56.805
2026-10-07 18:15:41,VIPS208,0123,Lingnan Lin,10,10,0,2026-10-07 18:32:56,2026-10-07 18:32:56.805
2026-10-07 18:15:41,VIPS208,0124,Jeffrey Moro,10,10,0,2026-10-07 18:32:56,2026-10-07 18:32:56.805
2026-10-07 18:15:41,VIPS208,0125,Peter Sunderland,10,10,0,2026-10-07 18:32:56,2026-10-07 18:32:56.805
2026-10-07 18:15:41,VIPS208,0126,Brienna Anderson,10,10,0,2026-10-07 18:32:56,2026-10-07 18:32:56.805
2026-10-07 18:15:41,VIPS308,0102,Ken Kiger,10,10,0,2026-10-07 18:32:57,2026-10-07 18:32:57.091
2026-10-07 18:15:41,VIPS308,0103,Bryan Quinn,13,13,0,2026-10-07 18:32:57,2026-10-07 18:32:57.091
2026-10-07 18:15:41,VIPS308,0104,Ryan Sochol,10,10,0,2026-10-07 18:32:57,2026-10-07 18:32:57.091
2026-10-07 18:15:41,VIPS308,0105,Molly Carton,10,10,0,2026-10-07 18:32:57,2026-10-07 18:32:57.091
2026-10-07 18:15:41,VIPS308,0106,James Baeder,10,10,0,2026-10-07 18:32:57,2026-10-07 18:32:57.091
2026-10-07 18:15:41,VIPS308,0107,Catherine Spirito,10,10,0,2026-10-07 18:32:57,2026-10-07 18:32:57.091
2026-10-07 18:15:41,VIPS308,0108,Ronald Yaros,10,10,0,2026-10-07 18:32:57,2026-10-07 18:32:57.091
2026-10-07 18:15:41,VIPS308,0109,Carinna Ferguson,10,10,0,2026-10-07 18:32:57,2026-10-07 18:32:57.091
2026-10-07 18:15:41,VIPS308,0110,Tracy Riggins,10,10,0,2026-10-07 18:32:57,2026-10-07 18:32:57.091
2026-10-07 18:15:41,VIPS308,0111,Kevin Calabro,10,10,0,2026-10-07 18:32:57,2026-10-07 18:32:57.092
2026-10-07 18:15:41,VIPS308,0112,Raffaele Viglianti,10,10,0,2026-10-07 18:32:57,2026-10-07 18:32:57.092
2026-10-07 18:15:41,VIPS308,0113,Shabnam Jabeen,10,10,0,2026-10-07 18:32:57,2026-10-07 18:32:57.092
2026-10-07 18:15:41,VIPS308,0114,Ning Zeng,10,10,0,2026-10-07 18:32:57,2026-10-07 18:32:57.092
2026-10-07 18:15:41,VIPS308,0115,Veronica Kang,10,10,0,2026-10-07 18:32:57,2026-10-07 18:32:57.092
2026-10-07 18:15:41,VIPS308,0116,David Stewart,10,10,0,2026-10-07 18:32:57,2026-10-07 18:32:57.092
2026-10-07 18:15:41,VIPS308,0117,Meredith Epstein,10,10,0,2026-10-07 18:32:57,2026-10-07 18:32:57.092
2026-10-07 18:15:41,VIPS308,0118,Magaly Toro Ibaceta,10,10,0,2026-10-07 18:32:57,2026-10-07 18:32:57.092
2026-10-07 18:15:41,VIPS308,0120,Marisa Parham,10,10,0,2026-10-07 18:32:57,2026-10-07 18:32:57.092
2026-10-07 18:15:41,VIPS308,0121,Becky Epanchin-Niell,10,10,0,2026-10-07 18:32:57,2026-10-07 18:32:57.092
2026-10-07 18:15:41,VIPS308,0122,Timothy Reedy,10,10,0,2026-10-07 18:32:57,2026-10-07 18:32:57.092
2026-10-07 18:15:41,VIPS308,0123,Lingnan Lin,10,10,0,2026-10-07 18:32:57,2026-10-07 18:32:57.093
2026-10-07 18:15:41,VIPS308,0124,Jeffrey Moro,10,10,0,2026-10-07 18:32:57,2026-10-07 18:32:57.093
2026-10-07 18:15:41,VIPS308,0125,Peter Sunderland,10,10,0,2026-10-07 18:32:57,2026-10-07 18:32:57.093
2026-10-07 18:15:41,VIPS308,0126,Brienna Anderson,10,10,0,2026-10-07 18:32:57,2026-10-07 18:32:57.093
2026-10-07 18:15:41,VIPS408,0102,Ken Kiger,10,10,0,2026-10-07 18:32:57,2026-10-07 18:32:57.387
2026-10-07 18:15:41,VIPS408,0103,Bryan Quinn,10,10,0,2026-10-07 18:32:57,2026-10-07 18:32:57.387
2026-10-07 18:15:41,VIPS408,0104,Ryan Sochol,10,10,0,2026-10-07 18:32:57,2026-10-07 18:32:57.387
2026-10-07 18:15:41,VIPS408,0105,Molly Carton,10,10,0,2026-10-07 18:32:57,2026-10-07 18:32:57.387
2026-10-07 18:15:41,VIPS408,0106,James Baeder,10,10,0,2026-10-07 18:32:57,2026-10-07 18:32:57.387
2026-10-07 18:15:41,VIPS408,0107,Catherine Spirito,10,10,0,2026-10-07 18:32:57,2026-10-07 18:32:57.387
2026-10-07 18:15:41,VIPS408,0108,Ronald Yaros,10,10,0,2026-10-07 18:32:57,2026-10-07 18:32:57.387
2026-10-07 18:15:41,VIPS408,0109,Carinna Ferguson,10,10,0,2026-10-07 18:32:57,2026-10-07 18:32:57.387
2026-10-07 18:15:41,VIPS408,0110,Tracy Riggins,10,10,0,2026-10-07 18:32:57,2026-10-07 18:32:57.388
2026-10-07 18:15:41,VIPS408,0111,Kevin Calabro,10,10,0,2026-10-07 18:32:57,2026-10-07 18:32:57.388
2026-10-07 18:15:41,VIPS408,0112,Raffaele Viglianti,10,10,0,2026-10-07 18:32:57,2026-10-07 18:32:57.388
2026-10-07 18:15:41,VIPS408,0113,Shabnam Jabeen,10,10,0,2026-10-07 18:32:57,2026-10-07 18:32:57.388
2026-10-07 18:15:41,VIPS408,0114,Ning Zeng,10,10,0,2026-10-07 18:32:57,2026-10-07 18:32:57.388
2026-10-07 18:15:41,VIPS408,0115,Veronica Kang,10,10,0,2026-10-07 18:32:57,2026-10-07 18:32:57.388
2026-10-07 18:15:41,VIPS408,0116,David Stewart,10,10,0,2026-10-07 18:32:57,2026-10-07 18:32:57.388
2026-10-07 18:15:41,VIPS408,0117,Meredith Epstein,10,10,0,2026-10-07 18:32:57,2026-10-07 18:32:57.388
2026-10-07 18:15:41,VIPS408,0118,Magaly Toro Ibaceta,10,10,0,2026-10-07 18:32:57,2026-10-07 18:32:57.388
2026-10-07 18:15:41,VIPS408,0120,Marisa Parham,10,10,0,2026-10-07 18:32:57,2026-10-07 18:32:57.388
2026-10-07 18:15:41,VIPS408,0121,Becky Epanchin-Niell,10,10,0,2026-10-07 18:32:57,2026-10-07 18:32:57.388
2026-10-07 18:15:41,VIPS408,0122,Timothy Reedy,10,10,0,2026-10-07 18:32:57,2026-10-07 18:32:57.389
2026-10-07 18:15:41,VIPS408,0123,Lingnan Lin,10,10,0,2026-10-07 18:32:57,2026-10-07 18:32:57.389
2026-10-07 18:15:41,VIPS408,0124,Jeffrey Moro,10,10,0,2026-10-07 18:32:57,2026-10-07 18:32:57.389
2026-10-07 18:15:41,VIPS408,0125,Peter Sunderland,10,10,0,2026-10-07 18:32:57,2026-10-07 18:32:57.389
2026-10-07 18:15:41,VIPS408,0126,Brienna Anderson,10,10,0,2026-10-07 18:32:57,2026-10-07 18:32:57.389
2026-10-07 18:15:41,WEID139N,0101,Denise Joseph,60,60,0,2026-10-07 18:33:00,2026-10-07 18:33:00.441
2026-10-07 18:15:41,WEID139T,0201,Taylor Togafau-Lewis,45,45,0,2026-10-07 18:33:00,2026-10-07 18:33:00.681
2026-10-07 18:15:41,WGSS105,0101,Jessica Mathiason,30,30,0,2026-10-07 18:33:02,2026-10-07 18:33:02.557
2026-10-07 18:15:41,WGSS105,0102,Jessica Mathiason,30,30,0,2026-10-07 18:33:02,2026-10-07 18:33:02.557
2026-10-07 18:15:41,WGSS105,0103,Jessica Mathiason,30,30,0,2026-10-07 18:33:02,2026-10-07 18:33:02.557
2026-10-07 18:15:41,WGSS105,0104,Jessica Mathiason,30,30,0,2026-10-07 18:33:02,2026-10-07 18:33:02.558
2026-10-07 18:15:41,WGSS115,0101,Alexis Lothian,25,25,0,2026-10-07 18:33:03,2026-10-07 18:33:03.083
2026-10-07 18:15:41,WGSS115,0102,Alexis Lothian,25,25,0,2026-10-07 18:33:03,2026-10-07 18:33:03.083
2026-10-07 18:15:41,WGSS201,0101,Sayan Bhattacharya,25,25,0,2026-10-07 18:33:03,2026-10-07 18:33:03.808
2026-10-07 18:15:41,WGSS201,0102,Sayan Bhattacharya,25,25,0,2026-10-07 18:33:03,2026-10-07 18:33:03.808
2026-10-07 18:15:41,WGSS205,0101,Shelbi Meissner,21,21,0,2026-10-07 18:33:04,2026-10-07 18:33:04.187
2026-10-07 18:15:41,WGSS205,0201,Shelbi Meissner,21,21,0,2026-10-07 18:33:04,2026-10-07 18:33:04.187
2026-10-07 18:15:41,WGSS230,0101,Daniel Richter,20,20,0,2026-10-07 18:33:04,2026-10-07 18:33:04.486
2026-10-07 18:15:41,WGSS230,0201,Robert Lucci,20,20,0,2026-10-07 18:33:04,2026-10-07 18:33:04.486
2026-10-07 18:15:41,WGSS250,0101,Lidia Garcia Berrelleza,25,25,0,2026-10-07 18:33:04,2026-10-07 18:33:04.898
2026-10-07 18:15:41,WGSS250,0201,Shameem Razack,25,25,0,2026-10-07 18:33:04,2026-10-07 18:33:04.898
2026-10-07 18:15:41,WGSS255,0101,Instructor: TBA,30,30,0,2026-10-07 18:33:05,2026-10-07 18:33:05.508
2026-10-07 18:15:41,WGSS265,0101,Ashley Newby,40,40,0,2026-10-07 18:33:05,2026-10-07 18:33:05.857
2026-10-07 18:15:41,WGSS275,0101,Instructor: TBA,30,30,0,2026-10-07 18:33:06,2026-10-07 18:33:06.547
2026-10-07 18:15:41,WGSS280,0101,Jessica Mathiason,52,52,0,2026-10-07 18:33:06,2026-10-07 18:33:06.946
2026-10-07 18:15:41,WGSS290,0101,Jessica Mathiason,30,30,0,2026-10-07 18:33:07,2026-10-07 18:33:07.535
2026-10-07 18:15:41,WGSS290,0201,Sydney Lewis,31,31,0,2026-10-07 18:33:07,2026-10-07 18:33:07.535
2026-10-07 18:15:41,WGSS298C,0101,Will Mosley,35,35,0,2026-10-07 18:33:08,2026-10-07 18:33:08.184
2026-10-07 18:15:41,WGSS298S,0101,Jordan Keesler,25,25,0,2026-10-07 18:33:08,2026-10-07 18:33:08.595
2026-10-07 18:15:41,WGSS302,0101,Will Mosley,25,25,0,2026-10-07 18:33:08,2026-10-07 18:33:08.877
2026-10-07 18:15:41,WGSS306,0101,Sydney Lewis,30,30,0,2026-10-07 18:33:09,2026-10-07 18:33:09.129
2026-10-07 18:15:41,WGSS310,0101,Sayan Bhattacharya,25,25,0,2026-10-07 18:33:09,2026-10-07 18:33:09.370
2026-10-07 18:15:41,WGSS319F,0101,Alexis Lothian,30,30,0,2026-10-07 18:33:09,2026-10-07 18:33:09.748
2026-10-07 18:15:41,WGSS379G,0101,Chinyere Osuji,20,20,0,2026-10-07 18:33:09,2026-10-07 18:33:09.991
2026-10-07 18:15:41,WGSS379U,0101,John Drabinski,25,25,0,2026-10-07 18:33:10,2026-10-07 18:33:10.389
2026-10-07 18:15:41,WGSS422,0101,Jennifer Cho,18,18,0,2026-10-07 18:33:10,2026-10-07 18:33:10.760
2026-10-07 18:15:41,WGSS471,0101,Katherine Sharp,25,25,0,2026-10-07 18:33:11,2026-10-07 18:33:11.125
2026-10-07 18:15:41,WGSS471,0201,Katherine Sharp,45,45,0,2026-10-07 18:33:11,2026-10-07 18:33:11.125
2026-10-07 18:15:41,WGSS475,0101,Sydney Lewis,20,20,0,2026-10-07 18:33:11,2026-10-07 18:33:11.396
2026-10-07 18:15:41,WGSS487,0101,Eva Hageman,15,15,0,2026-10-07 18:33:11,2026-10-07 18:33:11.651
2026-10-07 18:15:41,WGSS487H,0101,Eva Hageman,5,5,0,2026-10-07 18:33:11,2026-10-07 18:33:11.944
2026-10-07 18:15:41,WGSS602,0101,Shelbi Meissner,12,12,0,2026-10-07 18:33:13,2026-10-07 18:33:13.583
2026-10-07 18:15:41,WGSS708,0101,Alexis Lothian,10,10,0,2026-10-07 18:33:14,2026-10-07 18:33:14.380
2026-10-07 18:15:41,XPER455,0101,TJ Rainsford,25,25,0,2026-10-07 18:33:16,2026-10-07 18:33:16.900
2026-10-07 22:15:22,AAAS100,0101,Shane Walsh,35,35,0,2026-10-07 22:15:23,2026-10-07 22:15:23.712
2026-10-07 22:15:22,AAAS100,0201,Shane Walsh,35,35,0,2026-10-07 22:15:23,2026-10-07 22:15:23.712
2026-10-07 22:15:22,AAAS100,0301,George Kintiba,30,30,0,2026-10-07 22:15:23,2026-10-07 22:15:23.713
2026-10-07 22:15:22,AAAS100,0401,Beka Guluma,35,35,0,2026-10-07 22:15:23,2026-10-07 22:15:23.713
2026-10-07 22:15:22,AAAS100,0501,Jason Nichols,33,33,0,2026-10-07 22:15:23,2026-10-07 22:15:23.713
2026-10-07 22:15:22,AAAS100,0601,Jason Nichols,35,35,0,2026-10-07 22:15:23,2026-10-07 22:15:23.713
2026-10-07 22:15:22,AAAS100H,0301,George Kintiba,5,5,0,2026-10-07 22:15:23,2026-10-07 22:15:23.883
2026-10-07 22:15:22,AAAS101,0101,Periloux Peay,40,40,0,2026-10-07 22:15:24,2026-10-07 22:15:24.082
2026-10-07 22:15:22,AAAS187,0101,Robert Choflet,30,30,0,2026-10-07 22:15:24,2026-10-07 22:15:24.321
2026-10-07 22:15:22,AAAS200,0101,George Kintiba,40,40,0,2026-10-07 22:15:24,2026-10-07 22:15:24.474
2026-10-07 22:15:22,AAAS202,0101,Robert Choflet,30,30,0,2026-10-07 22:15:24,2026-10-07 22:15:24.633
2026-10-07 22:15:22,AAAS202,0201,Angelica Dunbar,35,35,0,2026-10-07 22:15:24,2026-10-07 22:15:24.633
2026-10-07 22:15:22,AAAS202,0301,Angelica Dunbar,35,35,0,2026-10-07 22:15:24,2026-10-07 22:15:24.633
2026-10-07 22:15:22,AAAS202,0401,Robert Choflet,35,35,0,2026-10-07 22:15:24,2026-10-07 22:15:24.634
2026-10-07 22:15:22,AAAS202H,0101,Robert Choflet,5,5,0,2026-10-07 22:15:24,2026-10-07 22:15:24.963
2026-10-07 22:15:22,AAAS211,0101,Shane Walsh,120,120,0,2026-10-07 22:15:25,2026-10-07 22:15:25.195
2026-10-07 22:15:22,AAAS234,0101,Instructor: TBA,30,30,0,2026-10-07 22:15:25,2026-10-07 22:15:25.348
2026-10-07 22:15:22,AAAS255,0101,Leigh Soares,40,40,0,2026-10-07 22:15:25,2026-10-07 22:15:25.557
2026-10-07 22:15:22,AAAS265,0101,Ashley Newby,40,40,0,2026-10-07 22:15:25,2026-10-07 22:15:25.800
2026-10-07 22:15:22,AAAS320,0101,Cecily Jackson,25,25,0,2026-10-07 22:15:25,2026-10-07 22:15:25.977
2026-10-07 22:15:22,AAAS320,0201,Cecily Jackson,25,25,0,2026-10-07 22:15:25,2026-10-07 22:15:25.977
2026-10-07 22:15:22,AAAS386,0101,Marshal Washington,10,10,0,2026-10-07 22:15:26,2026-10-07 22:15:26.130
2026-10-07 22:15:22,AAAS398G,0101,Chinyere Osuji,20,20,0,2026-10-07 22:15:26,2026-10-07 22:15:26.569
2026-10-07 22:15:22,AAAS398U,0101,John Drabinski,25,25,0,2026-10-07 22:15:26,2026-10-07 22:15:26.719
2026-10-07 22:15:22,AAAS400,0101,George Kintiba,20,20,0,2026-10-07 22:15:26,2026-10-07 22:15:26.953
2026-10-07 22:15:22,AAAS400H,0101,George Kintiba,5,5,0,2026-10-07 22:15:27,2026-10-07 22:15:27.127
2026-10-07 22:15:22,AAAS490,0101,Paul Landau,18,18,0,2026-10-07 22:15:27,2026-10-07 22:15:27.279
2026-10-07 22:15:22,AAAS498X,0101,Terrill Taylor,36,36,0,2026-10-07 22:15:27,2026-10-07 22:15:27.432
2026-10-07 22:15:22,AAST200,0101,Jennifer Cho,34,34,0,2026-10-07 22:15:28,2026-10-07 22:15:28.726
2026-10-07 22:15:22,AAST201,0101,Madeline Hsu,40,40,0,2026-10-07 22:15:28,2026-10-07 22:15:28.880
2026-10-07 22:15:22,AAST250,0101,Jennifer Cho,30,30,0,2026-10-07 22:15:29,2026-10-07 22:15:29.114
2026-10-07 22:15:22,AAST262,0101,Derek Iwamoto,54,54,0,2026-10-07 22:15:29,2026-10-07 22:15:29.298
2026-10-07 22:15:22,AAST322,0101,Julie Park,30,30,0,2026-10-07 22:15:29,2026-10-07 22:15:29.676
2026-10-07 22:15:22,AAST350,0101,Binod Paudyal,25,25,0,2026-10-07 22:15:29,2026-10-07 22:15:29.824
2026-10-07 22:15:22,AAST351,0101,Binod Paudyal,34,34,0,2026-10-07 22:15:29,2026-10-07 22:15:29.976
2026-10-07 22:15:22,AAST363,0101,Gemirald Daus,35,35,0,2026-10-07 22:15:30,2026-10-07 22:15:30.222
2026-10-07 22:15:22,AAST378,0101,Janelle Wong,2,2,0,2026-10-07 22:15:30,2026-10-07 22:15:30.376
2026-10-07 22:15:22,AAST394,0101,Wenxi Yang,25,25,0,2026-10-07 22:15:30,2026-10-07 22:15:30.677
2026-10-07 22:15:22,AAST398A,0101,Michelle Magalong,20,20,0,2026-10-07 22:15:30,2026-10-07 22:15:30.831
2026-10-07 22:15:22,AAST398B,0101,Chris Eng,25,25,0,2026-10-07 22:15:31,2026-10-07 22:15:31.029
2026-10-07 22:15:22,AAST421,0101,Philip Nash,20,20,0,2026-10-07 22:15:31,2026-10-07 22:15:31.186
2026-10-07 22:15:22,AAST422,0101,Jennifer Cho,18,18,0,2026-10-07 22:15:31,2026-10-07 22:15:31.339
2026-10-07 22:15:22,AAST443,0101,Janelle Wong,27,27,0,2026-10-07 22:15:31,2026-10-07 22:15:31.488
2026-10-07 22:15:22,ABRM450,0101,Ashley Newby,10,10,0,2026-10-07 22:15:32,2026-10-07 22:15:32.709
2026-10-07 22:15:22,AGNR301,0101,Thomas Hilde,150,150,0,2026-10-07 22:15:33,2026-10-07 22:15:33.932
2026-10-07 22:15:22,AGNR388,0101,Instructor: TBA,20,20,0,2026-10-07 22:15:34,2026-10-07 22:15:34.084
2026-10-07 22:15:22,AIME498B,0101,Kevin McGarry,30,30,0,2026-10-07 22:15:40,2026-10-07 22:15:40.084
2026-10-07 22:15:22,ARAB101,0101,Samah Al-salami,15,15,0,2026-10-07 22:16:04,2026-10-07 22:16:04.995
2026-10-07 22:15:22,ARAB101,0201,Ahmed Hanafy,15,15,0,2026-10-07 22:16:04,2026-10-07 22:16:04.996
2026-10-07 22:15:22,ARAB102,0101,Samah Al-salami,15,15,0,2026-10-07 22:16:05,2026-10-07 22:16:05.153
2026-10-07 22:15:22,ARAB102,0201,Samah Al-salami,15,15,0,2026-10-07 22:16:05,2026-10-07 22:16:05.153
2026-10-07 22:15:22,ARAB201,0101,Lutf Alkebsi,15,15,0,2026-10-07 22:16:05,2026-10-07 22:16:05.305
2026-10-07 22:15:22,ARAB202,0101,Lutf Alkebsi,15,15,0,2026-10-07 22:16:05,2026-10-07 22:16:05.464
2026-10-07 22:15:22,ARAB202,0201,Lutf Alkebsi,15,15,0,2026-10-07 22:16:05,2026-10-07 22:16:05.464
2026-10-07 22:15:22,ARAB222,0101,Ahmed Hanafy,15,15,0,2026-10-07 22:16:05,2026-10-07 22:16:05.614
2026-10-07 22:15:22,ARAB250,0101,Anny Gaul,20,20,0,2026-10-07 22:16:05,2026-10-07 22:16:05.771
2026-10-07 22:15:22,ARAB302,0101,Ahmed Hanafy,15,15,0,2026-10-07 22:16:05,2026-10-07 22:16:05.923
2026-10-07 22:15:22,ARAB317,0101,Anny Gaul,15,15,0,2026-10-07 22:16:06,2026-10-07 22:16:06.076
2026-10-07 22:15:22,ARAB398W,0101,Lutf Alkebsi,15,15,0,2026-10-07 22:16:06,2026-10-07 22:16:06.555
2026-10-07 22:15:22,ARAB499X,0101,Samah Al-salami,15,15,0,2026-10-07 22:16:06,2026-10-07 22:16:06.852
2026-10-07 22:15:22,ARCH170,0101,Lindsey May,100,100,0,2026-10-07 22:16:08,2026-10-07 22:16:08.352
2026-10-07 22:15:22,ARCH200,0101,Michael Abrams,21,21,0,2026-10-07 22:16:08,2026-10-07 22:16:08.515
2026-10-07 22:15:22,ARCH200,0102,Michael Abrams,21,21,0,2026-10-07 22:16:08,2026-10-07 22:16:08.515
2026-10-07 22:15:22,ARCH200,0103,Michael Abrams,21,21,0,2026-10-07 22:16:08,2026-10-07 22:16:08.516
2026-10-07 22:15:22,ARCH200,0104,Michael Abrams,21,21,0,2026-10-07 22:16:08,2026-10-07 22:16:08.516
2026-10-07 22:15:22,ARCH200,0105,Michael Abrams,21,21,0,2026-10-07 22:16:08,2026-10-07 22:16:08.516
2026-10-07 22:15:22,ARCH200,0106,Michael Abrams,21,21,0,2026-10-07 22:16:08,2026-10-07 22:16:08.516
2026-10-07 22:15:22,ARCH225,0101,Joseph Williams,125,125,0,2026-10-07 22:16:08,2026-10-07 22:16:08.668
2026-10-07 22:15:22,ARCH271,0101,Wayne Ricardo Curtis,75,75,0,2026-10-07 22:16:08,2026-10-07 22:16:08.821
2026-10-07 22:15:22,ARCH271,0102,Wayne Ricardo Curtis,75,75,0,2026-10-07 22:16:08,2026-10-07 22:16:08.821
2026-10-07 22:15:22,ARCH386,0101,Kristen Stack,10,10,0,2026-10-07 22:16:08,2026-10-07 22:16:08.970
2026-10-07 22:15:22,ARCH400,0101,Kenneth Filler,75,75,0,2026-10-07 22:16:09,2026-10-07 22:16:09.124
2026-10-07 22:15:22,ARCH400,0201,Marcus Cross,60,60,0,2026-10-07 22:16:09,2026-10-07 22:16:09.124
2026-10-07 22:15:22,ARCH402,0101,Taejun James Kim,75,75,0,2026-10-07 22:16:09,2026-10-07 22:16:09.316
2026-10-07 22:15:22,ARCH405,0101,Brittany L Williams,14,14,0,2026-10-07 22:16:09,2026-10-07 22:16:09.464
2026-10-07 22:15:22,ARCH407,0101,Georgeanne Matthews,12,12,0,2026-10-07 22:16:09,2026-10-07 22:16:09.615
2026-10-07 22:15:22,ARCH408A,0101,Daniel Curry,5,5,0,2026-10-07 22:16:09,2026-10-07 22:16:09.767
2026-10-07 22:15:22,ARCH408C,0101,Edgar Alvarado,5,5,0,2026-10-07 22:16:09,2026-10-07 22:16:09.918
2026-10-07 22:15:22,ARCH418D,0101,Hooman Koliji,30,30,0,2026-10-07 22:16:10,2026-10-07 22:16:10.070
2026-10-07 22:15:22,ARCH418G,0101,Deokoh Woo,16,16,0,2026-10-07 22:16:10,2026-10-07 22:16:10.224
2026-10-07 22:15:22,ARCH418I,0101,Michael Kleiss,16,16,0,2026-10-07 22:16:10,2026-10-07 22:16:10.405
2026-10-07 22:15:22,ARCH420,0101,Caroline Hickman,30,30,0,2026-10-07 22:16:10,2026-10-07 22:16:10.555
2026-10-07 22:15:22,ARCH423,0101,Joseph Williams,30,30,0,2026-10-07 22:16:10,2026-10-07 22:16:10.705
2026-10-07 22:15:22,ARCH425,0101,Joseph Williams,10,10,0,2026-10-07 22:16:10,2026-10-07 22:16:10.862
2026-10-07 22:15:22,ARCH428F,0101,Matthew Bell,20,20,0,2026-10-07 22:16:11,2026-10-07 22:16:11.014
2026-10-07 22:15:22,ARCH428K,0101,Michele Lamprakos,26,26,0,2026-10-07 22:16:11,2026-10-07 22:16:11.171
2026-10-07 22:15:22,ARCH445,0101,Daniel Curry,15,15,0,2026-10-07 22:16:11,2026-10-07 22:16:11.322
2026-10-07 22:15:22,ARCH463,0101,Deokoh Woo,150,150,0,2026-10-07 22:16:11,2026-10-07 22:16:11.553
2026-10-07 22:15:22,ARCH465,0101,Michael Kleiss,80,80,0,2026-10-07 22:16:11,2026-10-07 22:16:11.703
2026-10-07 22:15:22,ARCH468I,0101,Hooman Koliji,26,26,0,2026-10-07 22:16:11,2026-10-07 22:16:11.872
2026-10-07 22:15:22,ARCH468P,0101,Hooman Koliji,26,26,0,2026-10-07 22:16:12,2026-10-07 22:16:12.023
2026-10-07 22:15:22,ARCH472,0101,Kiley Wilfong Cullen,24,24,0,2026-10-07 22:16:12,2026-10-07 22:16:12.179
2026-10-07 22:15:22,ARCH478L,0101,Michele Lamprakos,10,10,0,2026-10-07 22:16:12,2026-10-07 22:16:12.328
2026-10-07 22:15:22,ARCH478O,0101,Stefan Woehlke,20,20,0,2026-10-07 22:16:12,2026-10-07 22:16:12.548
2026-10-07 22:15:22,ARCH601,0101,Peter Noonan,20,20,0,2026-10-07 22:16:12,2026-10-07 22:16:12.706
2026-10-07 22:15:22,ARCH618G,0101,Deokoh Woo,4,4,0,2026-10-07 22:16:12,2026-10-07 22:16:12.860
2026-10-07 22:15:22,ARCH618I,0101,Michael Kleiss,4,4,0,2026-10-07 22:16:13,2026-10-07 22:16:13.012
2026-10-07 22:15:22,ARCH628K,0101,Michele Lamprakos,4,4,0,2026-10-07 22:16:13,2026-10-07 22:16:13.168
2026-10-07 22:15:22,ARCH635,0101,Matthew Bell,15,15,0,2026-10-07 22:16:13,2026-10-07 22:16:13.474
2026-10-07 22:15:22,ARCH645,0101,Daniel Curry,10,10,0,2026-10-07 22:16:13,2026-10-07 22:16:13.629
2026-10-07 22:15:22,ARCH654,0101,Anatole Tchikine,35,35,0,2026-10-07 22:16:13,2026-10-07 22:16:13.786
2026-10-07 22:15:22,ARCH658I,0101,Sonja Ewing,15,15,0,2026-10-07 22:16:13,2026-10-07 22:16:13.965
2026-10-07 22:15:22,ARCH668I,0101,Hooman Koliji,4,4,0,2026-10-07 22:16:14,2026-10-07 22:16:14.117
2026-10-07 22:15:22,ARCH668P,0101,Hooman Koliji,4,4,0,2026-10-07 22:16:14,2026-10-07 22:16:14.307
2026-10-07 22:15:22,ARCH678L,0101,Michele Lamprakos,10,10,0,2026-10-07 22:16:14,2026-10-07 22:16:14.504
2026-10-07 22:15:22,ARCH678O,0101,Stefan Woehlke,5,5,0,2026-10-07 22:16:14,2026-10-07 22:16:14.652
2026-10-07 22:15:22,ARCH797,0101,Hooman Koliji,15,15,0,2026-10-07 22:16:14,2026-10-07 22:16:14.806
2026-10-07 22:15:22,ARMY105,0101,Andrew Bischoff,60,60,0,2026-10-07 22:16:25,2026-10-07 22:16:25.480
2026-10-07 22:15:22,ARMY105,0102,Andrew Bischoff,60,60,0,2026-10-07 22:16:25,2026-10-07 22:16:25.481
2026-10-07 22:15:22,ARMY110,0101,Andrew Bischoff,40,40,0,2026-10-07 22:16:25,2026-10-07 22:16:25.636
2026-10-07 22:15:22,ARMY202,0102,Andrew Bischoff,60,60,0,2026-10-07 22:16:25,2026-10-07 22:16:25.783
2026-10-07 22:15:22,ARMY302,0101,Andrew Bischoff,40,40,0,2026-10-07 22:16:25,2026-10-07 22:16:25.940
2026-10-07 22:15:22,ARMY402,0101,Andrew Bischoff,30,30,0,2026-10-07 22:16:26,2026-10-07 22:16:26.095
2026-10-07 22:15:22,ARMY402,0102,Andrew Bischoff,100,100,0,2026-10-07 22:16:26,2026-10-07 22:16:26.095
2026-10-07 22:15:22,ARSC059,0101,Kathryn Love,250,250,0,2026-10-07 22:16:27,2026-10-07 22:16:27.339
2026-10-07 22:15:22,ARSC101,0101,Alan Snyder,50,50,0,2026-10-07 22:16:27,2026-10-07 22:16:27.494
2026-10-07 22:15:22,ARSC101,0102,Alan Snyder,65,65,0,2026-10-07 22:16:27,2026-10-07 22:16:27.495
2026-10-07 22:15:22,ARSC101,0103,Alan Snyder,40,40,0,2026-10-07 22:16:27,2026-10-07 22:16:27.495
2026-10-07 22:15:22,ARSC101,0104,Alan Snyder,10,10,0,2026-10-07 22:16:27,2026-10-07 22:16:27.495
2026-10-07 22:15:22,ARSC201,0101,Nathan Rabe,65,65,0,2026-10-07 22:16:27,2026-10-07 22:16:27.650
2026-10-07 22:15:22,ARSC201,0102,Kathleen West,40,40,0,2026-10-07 22:16:27,2026-10-07 22:16:27.651
2026-10-07 22:15:22,ARSC201,0103,Kathleen West,40,40,0,2026-10-07 22:16:27,2026-10-07 22:16:27.651
2026-10-07 22:15:22,ARSC301,0101,Kathryn Love,45,45,0,2026-10-07 22:16:27,2026-10-07 22:16:27.804
2026-10-07 22:15:22,ARSC301,0102,Kathryn Love,20,20,0,2026-10-07 22:16:27,2026-10-07 22:16:27.804
2026-10-07 22:15:22,ARSC401,0101,Joseph Herwatic,30,30,0,2026-10-07 22:16:27,2026-10-07 22:16:27.957
2026-10-07 22:15:22,ARSC401,0102,Joseph Herwatic,15,15,0,2026-10-07 22:16:27,2026-10-07 22:16:27.957
2026-10-07 22:15:22,BIOI605,PCS1,Vanessa Gonzalez,25,25,0,2026-10-07 22:16:58,2026-10-07 22:16:58.311
2026-10-07 22:15:22,BIOI606,PCS1,Instructor: TBA,25,25,0,2026-10-07 22:16:58,2026-10-07 22:16:58.462
2026-10-07 22:15:22,BIOI607,PCS1,Instructor: TBA,25,25,0,2026-10-07 22:16:58,2026-10-07 22:16:58.624
2026-10-07 22:15:22,BIOM301,0101,Christine Hakenkamp,28,28,0,2026-10-07 22:17:02,2026-10-07 22:17:02.091
2026-10-07 22:15:22,BIOM301,0102,Christine Hakenkamp,28,28,0,2026-10-07 22:17:02,2026-10-07 22:17:02.091
2026-10-07 22:15:22,BIOM301,0103,Christine Hakenkamp,28,28,0,2026-10-07 22:17:02,2026-10-07 22:17:02.091
2026-10-07 22:15:22,BIOM301,0104,Christine Hakenkamp,28,28,0,2026-10-07 22:17:02,2026-10-07 22:17:02.091
2026-10-07 22:15:22,BIOM301,0105,Christine Hakenkamp,28,28,0,2026-10-07 22:17:02,2026-10-07 22:17:02.091
2026-10-07 22:15:22,BIOM301,0106,Christine Hakenkamp,28,28,0,2026-10-07 22:17:02,2026-10-07 22:17:02.092
2026-10-07 22:15:22,BIOM301,0107,Christine Hakenkamp,28,28,0,2026-10-07 22:17:02,2026-10-07 22:17:02.092
2026-10-07 22:15:22,BIOM301,0201,Instructor: TBA,28,28,0,2026-10-07 22:17:02,2026-10-07 22:17:02.092
2026-10-07 22:15:22,BIOM602,0101,Jiuzhou Song,28,28,0,2026-10-07 22:17:02,2026-10-07 22:17:02.284
2026-10-07 22:15:22,BMIN210,0101,Darlene Dennison,162,162,0,2026-10-07 22:17:19,2026-10-07 22:17:19.155
2026-10-07 22:15:22,BMIN210,0201,Darlene Dennison,162,162,0,2026-10-07 22:17:19,2026-10-07 22:17:19.156
2026-10-07 22:15:22,BMIN305,0101,Tejwansh Anand,162,162,0,2026-10-07 22:17:19,2026-10-07 22:17:19.304
2026-10-07 22:15:22,BMIN345,0101,Michael Padhi,325,325,0,2026-10-07 22:17:19,2026-10-07 22:17:19.463
2026-10-07 22:15:22,BMIN355,0101,Idil Yaveroglu,162,162,0,2026-10-07 22:17:19,2026-10-07 22:17:19.618
2026-10-07 22:15:22,BMIN355,0201,Idil Yaveroglu,162,162,0,2026-10-07 22:17:19,2026-10-07 22:17:19.618
2026-10-07 22:15:22,BMIN375,0101,Leland Gardner,162,162,0,2026-10-07 22:17:19,2026-10-07 22:17:19.772
2026-10-07 22:15:22,BMIN395,0101,Nima Farshchi,162,162,0,2026-10-07 22:17:19,2026-10-07 22:17:19.928
2026-10-07 22:15:22,BMIN395,0201,Nima Farshchi,162,162,0,2026-10-07 22:17:19,2026-10-07 22:17:19.928
2026-10-07 22:15:22,BSCI103,1100,Tais Mattoso De Andrade Ribeiro,24,24,0,2026-10-07 22:17:22,2026-10-07 22:17:22.900
2026-10-07 22:15:22,BSCI103,1101,Tais Mattoso De Andrade Ribeiro,24,24,0,2026-10-07 22:17:22,2026-10-07 22:17:22.900
2026-10-07 22:15:22,BSCI103,1103,Tais Mattoso De Andrade Ribeiro,24,24,0,2026-10-07 22:17:22,2026-10-07 22:17:22.900
2026-10-07 22:15:22,BSCI103,1105,Tais Mattoso De Andrade Ribeiro,24,24,0,2026-10-07 22:17:22,2026-10-07 22:17:22.900
2026-10-07 22:15:22,BSCI103,1107,Tais Mattoso De Andrade Ribeiro,24,24,0,2026-10-07 22:17:22,2026-10-07 22:17:22.901
2026-10-07 22:15:22,BSCI103,1108,Tais Mattoso De Andrade Ribeiro,24,24,0,2026-10-07 22:17:22,2026-10-07 22:17:22.901
2026-10-07 22:15:22,BSCI103,1109,Tais Mattoso De Andrade Ribeiro,24,24,0,2026-10-07 22:17:22,2026-10-07 22:17:22.901
2026-10-07 22:15:22,BSCI103,1110,Tais Mattoso De Andrade Ribeiro,24,24,0,2026-10-07 22:17:22,2026-10-07 22:17:22.901
2026-10-07 22:15:22,BSCI103M,0101,Tais Mattoso De Andrade Ribeiro,24,24,0,2026-10-07 22:17:23,2026-10-07 22:17:23.060
2026-10-07 22:15:22,BSCI120,0101,Dennis vanEngelsdorp,21,21,0,2026-10-07 22:17:23,2026-10-07 22:17:23.215
2026-10-07 22:15:22,BSCI120,0102,Dennis vanEngelsdorp,21,21,0,2026-10-07 22:17:23,2026-10-07 22:17:23.216
2026-10-07 22:15:22,BSCI135,1101,Edgar Moctezuma,24,24,0,2026-10-07 22:17:23,2026-10-07 22:17:23.382
2026-10-07 22:15:22,BSCI135,1102,Edgar Moctezuma,24,24,0,2026-10-07 22:17:23,2026-10-07 22:17:23.382
2026-10-07 22:15:22,BSCI135,1103,Edgar Moctezuma,24,24,0,2026-10-07 22:17:23,2026-10-07 22:17:23.382
2026-10-07 22:15:22,BSCI135,1104,Edgar Moctezuma,24,24,0,2026-10-07 22:17:23,2026-10-07 22:17:23.382
2026-10-07 22:15:22,BSCI135,1105,Edgar Moctezuma,24,24,0,2026-10-07 22:17:23,2026-10-07 22:17:23.383
2026-10-07 22:15:22,BSCI160,6101,Leo Shapiro,104,104,0,2026-10-07 22:17:23,2026-10-07 22:17:23.607
2026-10-07 22:15:22,BSCI160,6301,Chloe Garfinkel,56,56,0,2026-10-07 22:17:23,2026-10-07 22:17:23.607
2026-10-07 22:15:22,BSCI160,6601,Vadim Karatayev,88,88,0,2026-10-07 22:17:23,2026-10-07 22:17:23.607
2026-10-07 22:15:22,BSCI160,SES1,Chloe Garfinkel,15,15,0,2026-10-07 22:17:23,2026-10-07 22:17:23.607
2026-10-07 22:15:22,BSCI170,0101,Cordelia Weiss,153,153,0,2026-10-07 22:17:23,2026-10-07 22:17:23.766
2026-10-07 22:15:22,BSCI170,0201,Nicholas Fletcher,153,153,0,2026-10-07 22:17:23,2026-10-07 22:17:23.766
2026-10-07 22:15:22,BSCI170,0301,Ricardo Araneda,152,152,0,2026-10-07 22:17:23,2026-10-07 22:17:23.767
2026-10-07 22:15:22,BSCI170,0401,Swarna Mohan,153,153,0,2026-10-07 22:17:23,2026-10-07 22:17:23.767
2026-10-07 22:15:22,BSCI170,0501,Ji Young Choi,120,120,0,2026-10-07 22:17:23,2026-10-07 22:17:23.767
2026-10-07 22:15:22,BSCI170,0701,Ji Young Choi,153,153,0,2026-10-07 22:17:23,2026-10-07 22:17:23.767
2026-10-07 22:15:22,BSCI170,SES1,James Sniezek,20,20,0,2026-10-07 22:17:23,2026-10-07 22:17:23.767
2026-10-07 22:15:22,BSCI180,8105,Hans Lemke,19,19,0,2026-10-07 22:17:23,2026-10-07 22:17:24.029
2026-10-07 22:15:22,BSCI180,8106,Hans Lemke,19,19,0,2026-10-07 22:17:23,2026-10-07 22:17:24.029
2026-10-07 22:15:22,BSCI180,8107,Hans Lemke,19,19,0,2026-10-07 22:17:23,2026-10-07 22:17:24.029
2026-10-07 22:15:22,BSCI180,8108,Hans Lemke,19,19,0,2026-10-07 22:17:23,2026-10-07 22:17:24.029
2026-10-07 22:15:22,BSCI180,8109,Hans Lemke,19,19,0,2026-10-07 22:17:23,2026-10-07 22:17:24.030
2026-10-07 22:15:22,BSCI180,8110,Hans Lemke,19,19,0,2026-10-07 22:17:23,2026-10-07 22:17:24.030
2026-10-07 22:15:22,BSCI180,8111,Hans Lemke,19,19,0,2026-10-07 22:17:23,2026-10-07 22:17:24.030
2026-10-07 22:15:22,BSCI180,8112,Hans Lemke,19,19,0,2026-10-07 22:17:23,2026-10-07 22:17:24.030
2026-10-07 22:15:22,BSCI180,8113,Hans Lemke,19,19,0,2026-10-07 22:17:23,2026-10-07 22:17:24.030
2026-10-07 22:15:22,BSCI180,8114,Hans Lemke,19,19,0,2026-10-07 22:17:23,2026-10-07 22:17:24.031
2026-10-07 22:15:22,BSCI180,8201,Hans Lemke,19,19,0,2026-10-07 22:17:23,2026-10-07 22:17:24.031
2026-10-07 22:15:22,BSCI180,8202,Hans Lemke,19,19,0,2026-10-07 22:17:23,2026-10-07 22:17:24.031
2026-10-07 22:15:22,BSCI180,8205,Hans Lemke,19,19,0,2026-10-07 22:17:23,2026-10-07 22:17:24.031
2026-10-07 22:15:22,BSCI180,8206,Hans Lemke,19,19,0,2026-10-07 22:17:23,2026-10-07 22:17:24.031
2026-10-07 22:15:22,BSCI180,8207,Hans Lemke,19,19,0,2026-10-07 22:17:23,2026-10-07 22:17:24.032
2026-10-07 22:15:22,BSCI180,8208,Hans Lemke,19,19,0,2026-10-07 22:17:23,2026-10-07 22:17:24.032
2026-10-07 22:15:22,BSCI180,8209,Hans Lemke,19,19,0,2026-10-07 22:17:23,2026-10-07 22:17:24.032
2026-10-07 22:15:22,BSCI180,8210,Hans Lemke,19,19,0,2026-10-07 22:17:23,2026-10-07 22:17:24.032
2026-10-07 22:15:22,BSCI180,8211,Hans Lemke,19,19,0,2026-10-07 22:17:23,2026-10-07 22:17:24.032
2026-10-07 22:15:22,BSCI180,8212,Hans Lemke,19,19,0,2026-10-07 22:17:23,2026-10-07 22:17:24.032
2026-10-07 22:15:22,BSCI180,8213,Hans Lemke,19,19,0,2026-10-07 22:17:23,2026-10-07 22:17:24.033
2026-10-07 22:15:22,BSCI180,8214,Hans Lemke,19,19,0,2026-10-07 22:17:23,2026-10-07 22:17:24.033
2026-10-07 22:15:22,BSCI180,8301,Hans Lemke,19,19,0,2026-10-07 22:17:23,2026-10-07 22:17:24.033
2026-10-07 22:15:22,BSCI180,8302,Hans Lemke,19,19,0,2026-10-07 22:17:23,2026-10-07 22:17:24.033
2026-10-07 22:15:22,BSCI180,8305,Hans Lemke,19,19,0,2026-10-07 22:17:23,2026-10-07 22:17:24.033
2026-10-07 22:15:22,BSCI180,8306,Hans Lemke,19,19,0,2026-10-07 22:17:23,2026-10-07 22:17:24.034
2026-10-07 22:15:22,BSCI180,8307,Hans Lemke,19,19,0,2026-10-07 22:17:23,2026-10-07 22:17:24.034
2026-10-07 22:15:22,BSCI180,8308,Hans Lemke,19,19,0,2026-10-07 22:17:23,2026-10-07 22:17:24.034
2026-10-07 22:15:22,BSCI180,8309,Hans Lemke,19,19,0,2026-10-07 22:17:23,2026-10-07 22:17:24.034
2026-10-07 22:15:22,BSCI180,8310,Hans Lemke,19,19,0,2026-10-07 22:17:23,2026-10-07 22:17:24.034
2026-10-07 22:15:22,BSCI180,8311,Hans Lemke,19,19,0,2026-10-07 22:17:23,2026-10-07 22:17:24.035
2026-10-07 22:15:22,BSCI180,8312,Hans Lemke,19,19,0,2026-10-07 22:17:23,2026-10-07 22:17:24.035
2026-10-07 22:15:22,BSCI180,8313,Hans Lemke,19,19,0,2026-10-07 22:17:23,2026-10-07 22:17:24.035
2026-10-07 22:15:22,BSCI180,8314,Hans Lemke,19,19,0,2026-10-07 22:17:23,2026-10-07 22:17:24.035
2026-10-07 22:15:22,BSCI180,8401,Hans Lemke,19,19,0,2026-10-07 22:17:23,2026-10-07 22:17:24.035
2026-10-07 22:15:22,BSCI180,8402,Hans Lemke,19,19,0,2026-10-07 22:17:23,2026-10-07 22:17:24.035
2026-10-07 22:15:22,BSCI180,8405,Hans Lemke,19,19,0,2026-10-07 22:17:23,2026-10-07 22:17:24.036
2026-10-07 22:15:22,BSCI180,8406,Hans Lemke,19,19,0,2026-10-07 22:17:23,2026-10-07 22:17:24.036
2026-10-07 22:15:22,BSCI180,8407,Hans Lemke,19,19,0,2026-10-07 22:17:23,2026-10-07 22:17:24.036
2026-10-07 22:15:22,BSCI180,8408,Hans Lemke,19,19,0,2026-10-07 22:17:23,2026-10-07 22:17:24.036
2026-10-07 22:15:22,BSCI180,8409,Hans Lemke,19,19,0,2026-10-07 22:17:23,2026-10-07 22:17:24.036
2026-10-07 22:15:22,BSCI180,8410,Hans Lemke,19,19,0,2026-10-07 22:17:23,2026-10-07 22:17:24.037
2026-10-07 22:15:22,BSCI180,8411,Hans Lemke,19,19,0,2026-10-07 22:17:23,2026-10-07 22:17:24.037
2026-10-07 22:15:22,BSCI180,8412,Hans Lemke,19,19,0,2026-10-07 22:17:23,2026-10-07 22:17:24.037
2026-10-07 22:15:22,BSCI180,8413,Hans Lemke,19,19,0,2026-10-07 22:17:23,2026-10-07 22:17:24.037
2026-10-07 22:15:22,BSCI180,8414,Hans Lemke,19,19,0,2026-10-07 22:17:23,2026-10-07 22:17:24.037
2026-10-07 22:15:22,BSCI180,SES1,Hans Lemke,19,19,0,2026-10-07 22:17:23,2026-10-07 22:17:24.038
2026-10-07 22:15:22,BSCI201,0101,Caitlin Fox,24,24,0,2026-10-07 22:17:24,2026-10-07 22:17:24.230
2026-10-07 22:15:22,BSCI201,0103,Caitlin Fox,24,24,0,2026-10-07 22:17:24,2026-10-07 22:17:24.230
2026-10-07 22:15:22,BSCI201,0105,Caitlin Fox,24,24,0,2026-10-07 22:17:24,2026-10-07 22:17:24.230
2026-10-07 22:15:22,BSCI201,0106,Caitlin Fox,24,24,0,2026-10-07 22:17:24,2026-10-07 22:17:24.230
2026-10-07 22:15:22,BSCI201,0107,Caitlin Fox,24,24,0,2026-10-07 22:17:24,2026-10-07 22:17:24.231
2026-10-07 22:15:22,BSCI201,0109,Maira Goytia,24,24,0,2026-10-07 22:17:24,2026-10-07 22:17:24.231
2026-10-07 22:15:22,BSCI201,0110,Caitlin Fox,24,24,0,2026-10-07 22:17:24,2026-10-07 22:17:24.231
2026-10-07 22:15:22,BSCI201,0111,Caitlin Fox,24,24,0,2026-10-07 22:17:24,2026-10-07 22:17:24.231
2026-10-07 22:15:22,BSCI201,1101,Justicia Opoku-Edusei,24,24,0,2026-10-07 22:17:24,2026-10-07 22:17:24.231
2026-10-07 22:15:22,BSCI201,1103,Justicia Opoku-Edusei,24,24,0,2026-10-07 22:17:24,2026-10-07 22:17:24.232
2026-10-07 22:15:22,BSCI201,1104,Justicia Opoku-Edusei,24,24,0,2026-10-07 22:17:24,2026-10-07 22:17:24.232
2026-10-07 22:15:22,BSCI201,1105,Caitlin Fox,24,24,0,2026-10-07 22:17:24,2026-10-07 22:17:24.232
2026-10-07 22:15:22,BSCI201,1106,Caitlin Fox,24,24,0,2026-10-07 22:17:24,2026-10-07 22:17:24.232
2026-10-07 22:15:22,BSCI201,1108,Caitlin Fox,24,24,0,2026-10-07 22:17:24,2026-10-07 22:17:24.232
2026-10-07 22:15:22,BSCI201,1109,Justicia Opoku-Edusei,24,24,0,2026-10-07 22:17:24,2026-10-07 22:17:24.233
2026-10-07 22:15:22,BSCI201,1110,Justicia Opoku-Edusei,24,24,0,2026-10-07 22:17:24,2026-10-07 22:17:24.233
2026-10-07 22:15:22,BSCI202,0101,Caitlin Fox,24,24,0,2026-10-07 22:17:24,2026-10-07 22:17:24.418
2026-10-07 22:15:22,BSCI202,0102,Caitlin Fox,24,24,0,2026-10-07 22:17:24,2026-10-07 22:17:24.418
2026-10-07 22:15:22,BSCI202,0104,Caitlin Fox,24,24,0,2026-10-07 22:17:24,2026-10-07 22:17:24.419
2026-10-07 22:15:22,BSCI202,0108,Caitlin Fox,24,24,0,2026-10-07 22:17:24,2026-10-07 22:17:24.419
2026-10-07 22:15:22,BSCI202,0109,Maira Goytia,24,24,0,2026-10-07 22:17:24,2026-10-07 22:17:24.419
2026-10-07 22:15:22,BSCI202,0110,Caitlin Fox,24,24,0,2026-10-07 22:17:24,2026-10-07 22:17:24.419
2026-10-07 22:15:22,BSCI202,1101,Justicia Opoku-Edusei,24,24,0,2026-10-07 22:17:24,2026-10-07 22:17:24.419
2026-10-07 22:15:22,BSCI202,1103,Justicia Opoku-Edusei,24,24,0,2026-10-07 22:17:24,2026-10-07 22:17:24.420
2026-10-07 22:15:22,BSCI202,1104,Justicia Opoku-Edusei,24,24,0,2026-10-07 22:17:24,2026-10-07 22:17:24.420
2026-10-07 22:15:22,BSCI202,1106,Justicia Opoku-Edusei,24,24,0,2026-10-07 22:17:24,2026-10-07 22:17:24.420
2026-10-07 22:15:22,BSCI202,1107,Justicia Opoku-Edusei,24,24,0,2026-10-07 22:17:24,2026-10-07 22:17:24.420
2026-10-07 22:15:22,BSCI202,1108,Justicia Opoku-Edusei,24,24,0,2026-10-07 22:17:24,2026-10-07 22:17:24.420
2026-10-07 22:15:22,BSCI202,SES1,Edward Orlando,20,20,0,2026-10-07 22:17:24,2026-10-07 22:17:24.421
2026-10-07 22:15:22,BSCI207,0101,Karen Carleton,80,80,0,2026-10-07 22:17:24,2026-10-07 22:17:24.573
2026-10-07 22:15:22,BSCI207,0201,Chloe Garfinkel,80,80,0,2026-10-07 22:17:24,2026-10-07 22:17:24.573
2026-10-07 22:15:22,BSCI213,0101,Cordelia Weiss,20,20,0,2026-10-07 22:17:24,2026-10-07 22:17:24.726
2026-10-07 22:15:22,BSCI213,0102,Cordelia Weiss,20,20,0,2026-10-07 22:17:24,2026-10-07 22:17:24.726
2026-10-07 22:15:22,BSCI223,1021,John Buchner,16,16,0,2026-10-07 22:18:25,2026-10-07 22:18:25.077
2026-10-07 22:15:22,BSCI223,1025,John Buchner,16,16,0,2026-10-07 22:18:25,2026-10-07 22:18:25.078
2026-10-07 22:15:22,BSCI223,1026,John Buchner,16,16,0,2026-10-07 22:18:25,2026-10-07 22:18:25.078
2026-10-07 22:15:22,BSCI223,1101,John Buchner,16,16,0,2026-10-07 22:18:25,2026-10-07 22:18:25.078
2026-10-07 22:15:22,BSCI223,1105,John Buchner,16,16,0,2026-10-07 22:18:25,2026-10-07 22:18:25.078
2026-10-07 22:15:22,BSCI223,1106,John Buchner,16,16,0,2026-10-07 22:18:25,2026-10-07 22:18:25.078
2026-10-07 22:15:22,BSCI223,1121,John Buchner,16,16,0,2026-10-07 22:18:25,2026-10-07 22:18:25.079
2026-10-07 22:15:22,BSCI223,1125,John Buchner,16,16,0,2026-10-07 22:18:25,2026-10-07 22:18:25.079
2026-10-07 22:15:22,BSCI223,1126,John Buchner,16,16,0,2026-10-07 22:18:25,2026-10-07 22:18:25.079
2026-10-07 22:15:22,BSCI223,1201,John Buchner,16,16,0,2026-10-07 22:18:25,2026-10-07 22:18:25.079
2026-10-07 22:15:22,BSCI223,1206,John Buchner,16,16,0,2026-10-07 22:18:25,2026-10-07 22:18:25.079
2026-10-07 22:15:22,BSCI223,1221,John Buchner,16,16,0,2026-10-07 22:18:25,2026-10-07 22:18:25.079
2026-10-07 22:15:22,BSCI223,1225,John Buchner,16,16,0,2026-10-07 22:18:25,2026-10-07 22:18:25.080
2026-10-07 22:15:22,BSCI223,1226,John Buchner,16,16,0,2026-10-07 22:18:25,2026-10-07 22:18:25.080
2026-10-07 22:15:22,BSCI223,1301,John Buchner,16,16,0,2026-10-07 22:18:25,2026-10-07 22:18:25.080
2026-10-07 22:15:22,BSCI223,1306,John Buchner,16,16,0,2026-10-07 22:18:25,2026-10-07 22:18:25.080
2026-10-07 22:15:22,BSCI223,2401,John Buchner,16,16,0,2026-10-07 22:18:25,2026-10-07 22:18:25.080
2026-10-07 22:15:22,BSCI223,2406,John Buchner,16,16,0,2026-10-07 22:18:25,2026-10-07 22:18:25.081
2026-10-07 22:15:22,BSCI223,SES1,Cherisse Hall,20,20,0,2026-10-07 22:18:25,2026-10-07 22:18:25.081
2026-10-07 22:15:22,BSCI238I,0101,Aditri Gadigi,30,30,0,2026-10-07 22:18:25,2026-10-07 22:18:25.235
2026-10-07 22:15:22,BSCI258A,0101,Nicholas Fletcher,10,10,0,2026-10-07 22:18:25,2026-10-07 22:18:25.395
2026-10-07 22:15:22,BSCI258B,0101,Nicholas Fletcher,80,80,0,2026-10-07 22:18:25,2026-10-07 22:18:25.545
2026-10-07 22:15:22,BSCI279B,0101,Katerina Thompson,32,32,0,2026-10-07 22:18:59,2026-10-07 22:18:59.263
2026-10-07 22:15:22,BSCI279B,0102,Katerina Thompson,32,32,0,2026-10-07 22:18:59,2026-10-07 22:18:59.263
2026-10-07 22:15:22,BSCI279Q,0101,Daniel Butts,10,10,0,2026-10-07 22:18:59,2026-10-07 22:18:59.564
2026-10-07 22:15:22,BSCI283,1205,Kevin McIver,20,20,0,2026-10-07 22:19:00,2026-10-07 22:19:00.084
2026-10-07 22:15:22,BSCI283,1305,Daniel Stein,20,20,0,2026-10-07 22:19:00,2026-10-07 22:19:00.084
2026-10-07 22:15:22,BSCI329,1016,Hilary Bierman,5,5,0,2026-10-07 22:19:00,2026-10-07 22:19:00.248
2026-10-07 22:15:22,BSCI329,1028,Daniel Butts,10,10,0,2026-10-07 22:19:00,2026-10-07 22:19:00.248
2026-10-07 22:15:22,BSCI329,1033,Chan Lin,10,10,0,2026-10-07 22:19:00,2026-10-07 22:19:00.248
2026-10-07 22:15:22,BSCI329,1250,Justicia Opoku-Edusei,20,20,0,2026-10-07 22:19:00,2026-10-07 22:19:00.248
2026-10-07 22:15:22,BSCI329,1388,Corine Van der Weele,8,8,0,2026-10-07 22:19:00,2026-10-07 22:19:00.249
2026-10-07 22:15:22,BSCI329,ESG1,Hadiya Woodham,10,10,0,2026-10-07 22:19:00,2026-10-07 22:19:00.249
2026-10-07 22:15:22,BSCI331,0101,Kenneth Frauwirth,200,200,0,2026-10-07 22:19:00,2026-10-07 22:19:00.691
2026-10-07 22:15:22,BSCI331,0201,Kenneth Frauwirth,200,200,0,2026-10-07 22:19:00,2026-10-07 22:19:00.691
2026-10-07 22:15:22,BSCI332,0102,Corine Van der Weele,23,23,0,2026-10-07 22:19:00,2026-10-07 22:19:00.889
2026-10-07 22:15:22,BSCI332,0104,Corine Van der Weele,23,23,0,2026-10-07 22:19:00,2026-10-07 22:19:00.890
2026-10-07 22:15:22,BSCI332,0106,Corine Van der Weele,23,23,0,2026-10-07 22:19:00,2026-10-07 22:19:00.890
2026-10-07 22:15:22,BSCI332,0107,Corine Van der Weele,23,23,0,2026-10-07 22:19:00,2026-10-07 22:19:00.890
2026-10-07 22:15:22,BSCI332,0111,Corine Van der Weele,23,23,0,2026-10-07 22:19:00,2026-10-07 22:19:00.890
2026-10-07 22:15:22,BSCI332,1103,Corine Van der Weele,23,23,0,2026-10-07 22:19:00,2026-10-07 22:19:00.890
2026-10-07 22:15:22,BSCI332,1105,Corine Van der Weele,23,23,0,2026-10-07 22:19:00,2026-10-07 22:19:00.891
2026-10-07 22:15:22,BSCI332,1108,Corine Van der Weele,23,23,0,2026-10-07 22:19:00,2026-10-07 22:19:00.891
2026-10-07 22:15:22,BSCI332,1109,Corine Van der Weele,23,23,0,2026-10-07 22:19:00,2026-10-07 22:19:00.891
2026-10-07 22:15:22,BSCI332,1111,Corine Van der Weele,23,23,0,2026-10-07 22:19:00,2026-10-07 22:19:00.891
2026-10-07 22:15:22,BSCI332,1113,Corine Van der Weele,23,23,0,2026-10-07 22:19:00,2026-10-07 22:19:00.891
2026-10-07 22:15:22,BSCI334,0101,Katerina Thompson,60,60,0,2026-10-07 22:19:01,2026-10-07 22:19:01.058
2026-10-07 22:15:22,BSCI335,0101,Katerina Thompson,20,20,0,2026-10-07 22:19:01,2026-10-07 22:19:01.278
2026-10-07 22:15:22,BSCI335,0102,Katerina Thompson,20,20,0,2026-10-07 22:19:01,2026-10-07 22:19:01.278
2026-10-07 22:15:22,BSCI337,0101,Leo Shapiro,20,20,0,2026-10-07 22:19:01,2026-10-07 22:19:01.518
2026-10-07 22:15:22,BSCI337,0102,Leo Shapiro,20,20,0,2026-10-07 22:19:01,2026-10-07 22:19:01.518
2026-10-07 22:15:22,BSCI343,ESG1,Hadiya Woodham,30,30,0,2026-10-07 22:19:02,2026-10-07 22:19:02.823
2026-10-07 22:15:22,BSCI348A,0101,John Buchner,22,22,0,2026-10-07 22:19:03,2026-10-07 22:19:03.215
2026-10-07 22:15:22,BSCI348I,SES1,Erik Lontok,25,25,0,2026-10-07 22:19:03,2026-10-07 22:19:03.370
2026-10-07 22:15:22,BSCI348R,0101,Najib El-Sayed,10,10,0,2026-10-07 22:19:03,2026-10-07 22:19:03.522
2026-10-07 22:15:22,BSCI353,0101,Chan Lin,64,64,0,2026-10-07 22:19:03,2026-10-07 22:19:03.691
2026-10-07 22:15:22,BSCI353,0102,Melissa Caras,40,40,0,2026-10-07 22:19:03,2026-10-07 22:19:03.692
2026-10-07 22:15:22,BSCI353,ESG1,Vitaly Stepensky,40,40,0,2026-10-07 22:19:03,2026-10-07 22:19:03.692
2026-10-07 22:15:22,BSCI358A,ESG1,Vitaly Stepensky,30,30,0,2026-10-07 22:19:03,2026-10-07 22:19:03.850
2026-10-07 22:15:22,BSCI358B,ESG1,Gregory Simon,30,30,0,2026-10-07 22:19:04,2026-10-07 22:19:04.003
2026-10-07 22:15:22,BSCI361,0101,Daniel Gruner,25,25,0,2026-10-07 22:19:07,2026-10-07 22:19:07.250
2026-10-07 22:15:22,BSCI361,0102,Daniel Gruner,25,25,0,2026-10-07 22:19:07,2026-10-07 22:19:07.250
2026-10-07 22:15:22,BSCI370,0101,Alexandra Bely,64,64,0,2026-10-07 22:19:07,2026-10-07 22:19:07.450
2026-10-07 22:15:22,BSCI378H,0101,Kenneth Frauwirth,23,23,0,2026-10-07 22:19:07,2026-10-07 22:19:07.602
2026-10-07 22:15:22,BSCI398H,0101,Alexandra Bely,35,35,0,2026-10-07 22:19:10,2026-10-07 22:19:10.342
2026-10-07 22:15:22,BSCI401,0101,Gerald Wilkinson,39,39,0,2026-10-07 22:19:10,2026-10-07 22:19:10.931
2026-10-07 22:15:22,BSCI406,0101,Sergei Sukharev,20,20,0,2026-10-07 22:19:11,2026-10-07 22:19:11.082
2026-10-07 22:15:22,BSCI410,0101,Charles Seller,140,140,0,2026-10-07 22:19:11,2026-10-07 22:19:11.234
2026-10-07 22:15:22,BSCI412,0101,Erin Tran,18,18,0,2026-10-07 22:19:11,2026-10-07 22:19:11.393
2026-10-07 22:15:22,BSCI412,0103,Wade Winkler,18,18,0,2026-10-07 22:19:11,2026-10-07 22:19:11.393
2026-10-07 22:15:22,BSCI414,ESG1,Caitlin Fox,24,24,0,2026-10-07 22:19:11,2026-10-07 22:19:11.562
2026-10-07 22:15:22,BSCI416,0101,Silvia Bolland,42,42,0,2026-10-07 22:19:11,2026-10-07 22:19:11.714
2026-10-07 22:15:22,BSCI417,0101,Vincent Lee,30,30,0,2026-10-07 22:19:11,2026-10-07 22:19:11.865
2026-10-07 22:15:22,BSCI420,0101,Sougata Roy,62,62,0,2026-10-07 22:19:12,2026-10-07 22:19:12.020
2026-10-07 22:15:22,BSCI422,0101,Kenneth Frauwirth,25,25,0,2026-10-07 22:19:34,2026-10-07 22:19:34.593
2026-10-07 22:15:22,BSCI422,0102,Kenneth Frauwirth,25,25,0,2026-10-07 22:19:34,2026-10-07 22:19:34.594
2026-10-07 22:15:22,BSCI422,0103,David Mosser,25,25,0,2026-10-07 22:19:34,2026-10-07 22:19:34.594
2026-10-07 22:15:22,BSCI422,0104,David Mosser,25,25,0,2026-10-07 22:19:34,2026-10-07 22:19:34.594
2026-10-07 22:15:22,BSCI423,0101,Wenxia Song,18,18,0,2026-10-07 22:19:34,2026-10-07 22:19:34.773
2026-10-07 22:15:22,BSCI423,0102,Wenxia Song,18,18,0,2026-10-07 22:19:34,2026-10-07 22:19:34.773
2026-10-07 22:15:22,BSCI425,0101,Kan Cao,20,20,0,2026-10-07 22:19:34,2026-10-07 22:19:34.939
2026-10-07 22:15:22,BSCI430,0101,Eric Haag,35,35,0,2026-10-07 22:19:35,2026-10-07 22:19:35.088
2026-10-07 22:15:22,BSCI433,0101,Jeff Maltas,30,30,0,2026-10-07 22:19:35,2026-10-07 22:19:35.241
2026-10-07 22:15:22,BSCI435,0101,Tapan Goel,18,18,0,2026-10-07 22:19:35,2026-10-07 22:19:35.388
2026-10-07 22:15:22,BSCI436,0101,Jonathan Dinman,60,60,0,2026-10-07 22:19:35,2026-10-07 22:19:35.548
2026-10-07 22:15:22,BSCI437,0101,Jeffrey DeStefano,70,70,0,2026-10-07 22:19:36,2026-10-07 22:19:36.281
2026-10-07 22:15:22,BSCI437,ESG1,Gilad Ofek,40,40,0,2026-10-07 22:19:36,2026-10-07 22:19:36.281
2026-10-07 22:15:22,BSCI437H,0101,Jeffrey DeStefano,8,8,0,2026-10-07 22:19:36,2026-10-07 22:19:36.462
2026-10-07 22:15:22,BSCI439B,ESG1,Maira Goytia,40,40,0,2026-10-07 22:19:36,2026-10-07 22:19:36.615
2026-10-07 22:15:22,BSCI439E,0101,Beatrice Kondo,5,5,0,2026-10-07 22:19:36,2026-10-07 22:19:36.768
2026-10-07 22:15:22,BSCI439G,0101,Beatrice Kondo,5,5,0,2026-10-07 22:19:36,2026-10-07 22:19:36.918
2026-10-07 22:15:22,BSCI439L,0101,Instructor: TBA,5,5,0,2026-10-07 22:19:37,2026-10-07 22:19:37.070
2026-10-07 22:15:22,BSCI439Z,0101,Amanda Chicoli,20,20,0,2026-10-07 22:19:37,2026-10-07 22:19:37.222
2026-10-07 22:15:22,BSCI442,0101,Daniel Rodriguez Leal,20,20,0,2026-10-07 22:19:37,2026-10-07 22:19:37.377
2026-10-07 22:15:22,BSCI442,0102,Jose Feijo,20,20,0,2026-10-07 22:19:37,2026-10-07 22:19:37.377
2026-10-07 22:15:22,BSCI450,0101,Juan Angueyra,130,130,0,2026-10-07 22:19:37,2026-10-07 22:19:37.565
2026-10-07 22:15:22,BSCI450,0201,Joshua Singer,120,120,0,2026-10-07 22:19:37,2026-10-07 22:19:37.566
2026-10-07 22:15:22,BSCI450,PDS1,William Higgins,20,20,0,2026-10-07 22:19:37,2026-10-07 22:19:37.566
2026-10-07 22:15:22,BSCI451,0101,Corine Van der Weele,20,20,0,2026-10-07 22:19:37,2026-10-07 22:19:37.739
2026-10-07 22:15:22,BSCI451,0102,Corine Van der Weele,20,20,0,2026-10-07 22:19:37,2026-10-07 22:19:37.739
2026-10-07 22:15:22,BSCI451,0103,Corine Van der Weele,20,20,0,2026-10-07 22:19:37,2026-10-07 22:19:37.739
2026-10-07 22:15:22,BSCI451,0104,Corine Van der Weele,20,20,0,2026-10-07 22:19:37,2026-10-07 22:19:37.739
2026-10-07 22:15:22,BSCI452,0101,Chan Lin,40,40,0,2026-10-07 22:19:37,2026-10-07 22:19:37.919
2026-10-07 22:15:22,BSCI452,SES1,Chan Lin,20,20,0,2026-10-07 22:19:37,2026-10-07 22:19:37.919
2026-10-07 22:15:22,BSCI453,0101,Nikolas Francis,38,38,0,2026-10-07 22:19:38,2026-10-07 22:19:38.070
2026-10-07 22:15:22,BSCI455,0101,Hilary Bierman,16,16,0,2026-10-07 22:19:38,2026-10-07 22:19:38.232
2026-10-07 22:15:22,BSCI455,0102,Hilary Bierman,16,16,0,2026-10-07 22:19:38,2026-10-07 22:19:38.232
2026-10-07 22:15:22,BSCI455,0103,Hilary Bierman,16,16,0,2026-10-07 22:19:38,2026-10-07 22:19:38.232
2026-10-07 22:15:22,BSCI456,0101,Colenso Speer,5,5,0,2026-10-07 22:19:38,2026-10-07 22:19:38.385
2026-10-07 22:15:22,BSCI477,0101,Emily Bruns,40,40,0,2026-10-07 22:19:38,2026-10-07 22:19:38.536
2026-10-07 22:15:22,BSCI487,0101,Kelly Hamby,24,24,0,2026-10-07 22:19:38,2026-10-07 22:19:38.690
2026-10-07 22:15:22,BSOS355,0101,Liza Lebrun,40,40,0,2026-10-07 22:19:39,2026-10-07 22:19:39.935
2026-10-07 22:15:22,BSOS361,0101,TC Lloyd,30,30,0,2026-10-07 22:19:40,2026-10-07 22:19:40.088
2026-10-07 22:15:22,BSOS361,0102,TC Lloyd,30,30,0,2026-10-07 22:19:40,2026-10-07 22:19:40.088
2026-10-07 22:15:22,BSOS448M,0101,Brandee Pettus,12,12,0,2026-10-07 22:19:40,2026-10-07 22:19:40.245
2026-10-07 22:15:22,BUMO600,0501,Sheetal Singh,52,52,0,2026-10-07 22:19:53,2026-10-07 22:19:53.833
2026-10-07 22:15:22,BUMO604,0501,Jon Crocker,0,0,0,2026-10-07 22:19:53,2026-10-07 22:19:53.986
2026-10-07 22:15:22,BUMO614,0501,Waverly Ding,58,58,0,2026-10-07 22:19:54,2026-10-07 22:19:54.139
2026-10-07 22:15:22,BUMO701,0501,Jason Choi,65,65,0,2026-10-07 22:19:54,2026-10-07 22:19:54.291
2026-10-07 22:15:22,BUMO703,0501,Mary Beth Furst,65,65,0,2026-10-07 22:19:54,2026-10-07 22:19:54.448
2026-10-07 22:15:22,BUMO711,0501,Sheetal Singh,65,65,0,2026-10-07 22:19:54,2026-10-07 22:19:54.671
2026-10-07 22:15:22,BUMO714,0501,Rellie Rozin,0,0,0,2026-10-07 22:19:54,2026-10-07 22:19:54.946
2026-10-07 22:15:22,BUMO723,0501,Stephen Sclafani,58,58,0,2026-10-07 22:19:55,2026-10-07 22:19:55.100
2026-10-07 22:15:22,BUMO724,0501,Stephen Sclafani,58,58,0,2026-10-07 22:19:55,2026-10-07 22:19:55.256
2026-10-07 22:15:22,BUMO726,0501,Stephen Sclafani,58,58,0,2026-10-07 22:19:55,2026-10-07 22:19:55.417
2026-10-07 22:15:22,BUMO731,0501,Balaji Padmanabhan,58,58,0,2026-10-07 22:19:55,2026-10-07 22:19:55.566
2026-10-07 22:15:22,BUMO733,0501,Balaji Padmanabhan,58,58,0,2026-10-07 22:19:55,2026-10-07 22:19:55.744
2026-10-07 22:15:22,BUMO758P,0501,Jon Crocker,37,37,0,2026-10-07 22:19:55,2026-10-07 22:19:55.899
2026-10-07 22:15:22,BUMO780,0501,Jennifer Marr,37,37,0,2026-10-07 22:19:56,2026-10-07 22:19:56.198
2026-10-07 22:15:22,BUMO780,0502,Jennifer Marr,37,37,0,2026-10-07 22:19:56,2026-10-07 22:19:56.198
2026-10-07 22:15:22,BUMO782,0501,Mike Hoffmeyer,40,40,0,2026-10-07 22:19:56,2026-10-07 22:19:56.367
2026-10-07 22:15:22,BUMO785,0501,Maria Bustamante,65,65,0,2026-10-07 22:19:56,2026-10-07 22:19:56.516
2026-10-07 22:15:22,BUMO790,0501,Roy Thomason,65,65,0,2026-10-07 22:19:56,2026-10-07 22:19:56.669
2026-10-07 22:15:22,BUMO790,0502,Roy Thomason,65,65,0,2026-10-07 22:19:56,2026-10-07 22:19:56.669
2026-10-07 22:15:22,BUMO791,0501,Roy Thomason,65,65,0,2026-10-07 22:19:56,2026-10-07 22:19:56.820
2026-10-07 22:15:22,BUMO791,0502,Roy Thomason,65,65,0,2026-10-07 22:19:56,2026-10-07 22:19:56.821
2026-10-07 22:15:22,CHIN100,0101,Yuli Wang,15,15,0,2026-10-07 22:20:28,2026-10-07 22:20:28.326
2026-10-07 22:15:22,CHIN121,0101,Mei Kong,15,15,0,2026-10-07 22:20:28,2026-10-07 22:20:28.486
2026-10-07 22:15:22,CHIN122,0101,Mei Kong,15,15,0,2026-10-07 22:20:28,2026-10-07 22:20:28.643
2026-10-07 22:15:22,CHIN122,0201,Mei Kong,15,15,0,2026-10-07 22:20:28,2026-10-07 22:20:28.644
2026-10-07 22:15:22,CHIN122,0301,Guiling Hu,15,15,0,2026-10-07 22:20:28,2026-10-07 22:20:28.644
2026-10-07 22:15:22,CHIN207,0101,Guiling Hu,15,15,0,2026-10-07 22:20:28,2026-10-07 22:20:28.804
2026-10-07 22:15:22,CHIN207,0201,Guiling Hu,15,15,0,2026-10-07 22:20:28,2026-10-07 22:20:28.804
2026-10-07 22:15:22,CHIN302,0101,Jungjung Lee,15,15,0,2026-10-07 22:20:28,2026-10-07 22:20:28.957
2026-10-07 22:15:22,CHIN302,0201,Jungjung Lee,15,15,0,2026-10-07 22:20:28,2026-10-07 22:20:28.957
2026-10-07 22:15:22,CHIN307,0101,Minglang Zhou,25,25,0,2026-10-07 22:20:29,2026-10-07 22:20:29.108
2026-10-07 22:15:22,CHIN315,0101,Mei Nan,30,30,0,2026-10-07 22:20:29,2026-10-07 22:20:29.256
2026-10-07 22:15:22,CHIN332,0101,Yuli Wang,15,15,0,2026-10-07 22:20:29,2026-10-07 22:20:29.408
2026-10-07 22:15:22,CHIN402,0101,Jungjung Lee,15,15,0,2026-10-07 22:20:29,2026-10-07 22:20:29.712
2026-10-07 22:15:22,CHIN415,0101,Jungjung Lee,15,15,0,2026-10-07 22:20:29,2026-10-07 22:20:29.865
2026-10-07 22:15:22,CHIN418O,0101,Mei Nan,25,25,0,2026-10-07 22:20:30,2026-10-07 22:20:30.017
2026-10-07 22:15:22,CHIN441,0101,Andrew Schonebaum,20,20,0,2026-10-07 22:20:30,2026-10-07 22:20:30.167
2026-10-07 22:15:22,CHSE205,0101,Yewon Lee,60,60,0,2026-10-07 22:20:33,2026-10-07 22:20:33.078
2026-10-07 22:15:22,CHSE205,0201,Katryna Andrusik,50,50,0,2026-10-07 22:20:33,2026-10-07 22:20:33.078
2026-10-07 22:15:22,CHSE228D,0101,Nikita Kimani,16,16,0,2026-10-07 22:20:33,2026-10-07 22:20:33.242
2026-10-07 22:15:22,CHSE376,0101,Michael Dunham,20,20,0,2026-10-07 22:20:33,2026-10-07 22:20:33.403
2026-10-07 22:15:22,CHSE376,0201,Elizabeth Martinez,20,20,0,2026-10-07 22:20:33,2026-10-07 22:20:33.403
2026-10-07 22:15:22,CHSE376,0301,Colleen McGilpin,20,20,0,2026-10-07 22:20:33,2026-10-07 22:20:33.404
2026-10-07 22:15:22,CHSE376,0401,Chanai Brewster,20,20,0,2026-10-07 22:20:33,2026-10-07 22:20:33.404
2026-10-07 22:15:22,CHSE376,0501,Michael Dunham,20,20,0,2026-10-07 22:20:33,2026-10-07 22:20:33.404
2026-10-07 22:15:22,CHSE476,0101,Michael Dunham,20,20,0,2026-10-07 22:20:33,2026-10-07 22:20:33.702
2026-10-07 22:15:22,CHSE477,0101,Michael Dunham,18,18,0,2026-10-07 22:20:33,2026-10-07 22:20:33.854
2026-10-07 22:15:22,CHSE480,0101,Michael Dunham,18,18,0,2026-10-07 22:20:34,2026-10-07 22:20:34.002
2026-10-07 22:15:22,CHSE489,1901,Amy D'Agati,10,10,0,2026-10-07 22:20:34,2026-10-07 22:20:34.156
2026-10-07 22:15:22,CINE245,0201,Instructor: TBA,27,27,0,2026-10-07 22:20:35,2026-10-07 22:20:35.744
2026-10-07 22:15:22,CINE245,0301,Alan Montroso,27,27,0,2026-10-07 22:20:35,2026-10-07 22:20:35.744
2026-10-07 22:15:22,CINE280,0101,Eric Zakim,25,25,0,2026-10-07 22:20:35,2026-10-07 22:20:35.944
2026-10-07 22:15:22,CINE280,0102,Eric Zakim,25,25,0,2026-10-07 22:20:35,2026-10-07 22:20:35.944
2026-10-07 22:15:22,CINE280,0103,Eric Zakim,25,25,0,2026-10-07 22:20:35,2026-10-07 22:20:35.944
2026-10-07 22:15:22,CINE280,0104,Eric Zakim,25,25,0,2026-10-07 22:20:35,2026-10-07 22:20:35.945
2026-10-07 22:15:22,CINE282,0101,Susan Pramschufer,35,35,0,2026-10-07 22:20:36,2026-10-07 22:20:36.098
2026-10-07 22:15:22,CINE298B,0101,Sean Pue,20,20,0,2026-10-07 22:20:36,2026-10-07 22:20:36.249
2026-10-07 22:15:22,CINE302,0101,Luka Arsenjuk,30,30,0,2026-10-07 22:20:36,2026-10-07 22:20:36.403
2026-10-07 22:15:22,CINE310,0101,Nathaniel Stevens,15,15,0,2026-10-07 22:20:36,2026-10-07 22:20:36.560
2026-10-07 22:15:22,CINE319A,0101,Paul Cote,20,20,0,2026-10-07 22:20:36,2026-10-07 22:20:36.716
2026-10-07 22:15:22,CINE319I,0101,Yael Inbar,15,15,0,2026-10-07 22:20:36,2026-10-07 22:20:36.871
2026-10-07 22:15:22,CINE319P,5501,Samuel Crawford,10,10,0,2026-10-07 22:20:37,2026-10-07 22:20:37.035
2026-10-07 22:15:22,CINE329E,0101,Elizabeth Papazian,25,25,0,2026-10-07 22:20:37,2026-10-07 22:20:37.195
2026-10-07 22:15:22,CINE329N,0101,Daniel Richter,25,25,0,2026-10-07 22:20:37,2026-10-07 22:20:37.347
2026-10-07 22:15:22,CINE329Z,0101,Daniel Richter,25,25,0,2026-10-07 22:20:37,2026-10-07 22:20:37.501
2026-10-07 22:15:22,CINE335,0101,Jason Kuo,25,25,0,2026-10-07 22:20:37,2026-10-07 22:20:37.651
2026-10-07 22:15:22,CINE369C,0101,Mauro Resmini,40,40,0,2026-10-07 22:20:37,2026-10-07 22:20:37.804
2026-10-07 22:15:22,CINE369F,0101,Alexis Lothian,30,30,0,2026-10-07 22:20:37,2026-10-07 22:20:37.959
2026-10-07 22:15:22,CINE369K,0101,Paul Cote,20,20,0,2026-10-07 22:20:38,2026-10-07 22:20:38.109
2026-10-07 22:15:22,CINE376,0101,Ross Angelella,14,14,0,2026-10-07 22:20:38,2026-10-07 22:20:38.270
2026-10-07 22:15:22,CINE376,0102,Ross Angelella,5,5,0,2026-10-07 22:20:38,2026-10-07 22:20:38.270
2026-10-07 22:15:22,CINE419E,0101,Stephanie Sapienza,15,15,0,2026-10-07 22:20:38,2026-10-07 22:20:38.568
2026-10-07 22:15:22,CINE429O,0101,Mei Nan,25,25,0,2026-10-07 22:20:38,2026-10-07 22:20:38.720
2026-10-07 22:15:22,CINE459C,0101,Saverio Giovacchini,54,54,0,2026-10-07 22:20:38,2026-10-07 22:20:38.870
2026-10-07 22:15:22,CINE469Y,0101,Jason Kuo,14,14,0,2026-10-07 22:20:39,2026-10-07 22:20:39.022
2026-10-07 22:15:22,CLAS170,0101,Katherine Wasdin,21,21,0,2026-10-07 22:20:40,2026-10-07 22:20:40.454
2026-10-07 22:15:22,CLAS170,0102,Katherine Wasdin,21,21,0,2026-10-07 22:20:40,2026-10-07 22:20:40.455
2026-10-07 22:15:22,CLAS170,0103,Katherine Wasdin,21,21,0,2026-10-07 22:20:40,2026-10-07 22:20:40.455
2026-10-07 22:15:22,CLAS170,0104,Katherine Wasdin,21,21,0,2026-10-07 22:20:40,2026-10-07 22:20:40.455
2026-10-07 22:15:22,CLAS170,0105,Katherine Wasdin,21,21,0,2026-10-07 22:20:40,2026-10-07 22:20:40.455
2026-10-07 22:15:22,CLAS170,0106,Katherine Wasdin,21,21,0,2026-10-07 22:20:40,2026-10-07 22:20:40.455
2026-10-07 22:15:22,CLAS170,0107,Katherine Wasdin,21,21,0,2026-10-07 22:20:40,2026-10-07 22:20:40.456
2026-10-07 22:15:22,CLAS170,0108,Katherine Wasdin,21,21,0,2026-10-07 22:20:40,2026-10-07 22:20:40.456
2026-10-07 22:15:22,CLAS170,0109,Katherine Wasdin,21,21,0,2026-10-07 22:20:40,2026-10-07 22:20:40.456
2026-10-07 22:15:22,CLAS276,0101,Eric Adler,25,25,0,2026-10-07 22:20:40,2026-10-07 22:20:40.620
2026-10-07 22:15:22,CLAS276,0102,Eric Adler,25,25,0,2026-10-07 22:20:40,2026-10-07 22:20:40.620
2026-10-07 22:15:22,CLAS276,0103,Eric Adler,25,25,0,2026-10-07 22:20:40,2026-10-07 22:20:40.620
2026-10-07 22:15:22,CLAS276,0104,Eric Adler,25,25,0,2026-10-07 22:20:40,2026-10-07 22:20:40.620
2026-10-07 22:15:22,CLAS276,0105,Eric Adler,25,25,0,2026-10-07 22:20:40,2026-10-07 22:20:40.621
2026-10-07 22:15:22,CLAS276,0106,Eric Adler,25,25,0,2026-10-07 22:20:40,2026-10-07 22:20:40.621
2026-10-07 22:15:22,CLAS333,0101,Nathan Levine,35,35,0,2026-10-07 22:20:40,2026-10-07 22:20:40.774
2026-10-07 22:15:22,CLAS340,0101,Katherine Wasdin,35,35,0,2026-10-07 22:20:40,2026-10-07 22:20:40.938
2026-10-07 22:15:22,CMLT235,0101,Instructor: TBA,30,30,0,2026-10-07 22:20:42,2026-10-07 22:20:42.346
2026-10-07 22:15:22,CMLT270,0201,Instructor: TBA,30,30,0,2026-10-07 22:20:42,2026-10-07 22:20:42.496
2026-10-07 22:15:22,CMLT270,0301,Instructor: TBA,30,30,0,2026-10-07 22:20:42,2026-10-07 22:20:42.496
2026-10-07 22:15:22,CMLT275,0101,Instructor: TBA,30,30,0,2026-10-07 22:20:42,2026-10-07 22:20:42.649
2026-10-07 22:15:22,CMLT277,0101,Instructor: TBA,30,30,0,2026-10-07 22:20:42,2026-10-07 22:20:42.803
2026-10-07 22:15:22,CMLT280,0101,Eric Zakim,25,25,0,2026-10-07 22:20:42,2026-10-07 22:20:42.964
2026-10-07 22:15:22,CMLT280,0102,Eric Zakim,25,25,0,2026-10-07 22:20:42,2026-10-07 22:20:42.964
2026-10-07 22:15:22,CMLT280,0103,Eric Zakim,25,25,0,2026-10-07 22:20:42,2026-10-07 22:20:42.964
2026-10-07 22:15:22,CMLT280,0104,Eric Zakim,25,25,0,2026-10-07 22:20:42,2026-10-07 22:20:42.964
2026-10-07 22:15:22,CPBE101,0101,Oliver Schlake,75,75,0,2026-10-07 22:20:55,2026-10-07 22:20:55.931
2026-10-07 22:15:22,CPBE230,0101,Oliver Schlake,30,30,0,2026-10-07 22:20:56,2026-10-07 22:20:56.084
2026-10-07 22:15:22,CPBE240,0101,Oliver Schlake,20,20,0,2026-10-07 22:20:56,2026-10-07 22:20:56.237
2026-10-07 22:15:22,CPBE250,0101,Oliver Schlake,30,30,0,2026-10-07 22:20:56,2026-10-07 22:20:56.398
2026-10-07 22:15:22,CPCV101,0101,Julie Randolph,40,40,0,2026-10-07 22:20:57,2026-10-07 22:20:57.637
2026-10-07 22:15:22,CPCV101,0201,Julie Randolph,40,40,0,2026-10-07 22:20:57,2026-10-07 22:20:57.637
2026-10-07 22:15:22,CPCV230,0101,Korey Rothman,20,20,0,2026-10-07 22:20:57,2026-10-07 22:20:57.794
2026-10-07 22:15:22,CPCV230,0201,Korey Rothman,20,20,0,2026-10-07 22:20:57,2026-10-07 22:20:57.794
2026-10-07 22:15:22,CPDJ101,0101,Jess Feltner,75,75,0,2026-10-07 22:20:59,2026-10-07 22:20:59.033
2026-10-07 22:15:22,CPDJ230,0101,Jess Feltner,10,10,0,2026-10-07 22:20:59,2026-10-07 22:20:59.186
2026-10-07 22:15:22,CPDJ240,0101,Jess Feltner,8,8,0,2026-10-07 22:20:59,2026-10-07 22:20:59.338
2026-10-07 22:15:22,CPDJ250,0101,Jess Feltner,10,10,0,2026-10-07 22:20:59,2026-10-07 22:20:59.489
2026-10-07 22:15:22,CPET101,0101,Dani Moore,78,78,0,2026-10-07 22:21:00,2026-10-07 22:21:00.779
2026-10-07 22:15:22,CPET230,0101,Dani Moore,50,50,0,2026-10-07 22:21:00,2026-10-07 22:21:00.928
2026-10-07 22:15:22,CPET240,0101,Dani Moore,20,20,0,2026-10-07 22:21:01,2026-10-07 22:21:01.087
2026-10-07 22:15:22,CPET250,0101,Dani Moore,15,15,0,2026-10-07 22:21:01,2026-10-07 22:21:01.279
2026-10-07 22:15:22,CPGH101,0101,Angshuman Kashyap,75,75,0,2026-10-07 22:21:02,2026-10-07 22:21:02.587
2026-10-07 22:15:22,CPGH210,0101,Haley Clark,80,80,0,2026-10-07 22:21:02,2026-10-07 22:21:02.806
2026-10-07 22:15:22,CPGH230,0101,John Wiggins,30,30,0,2026-10-07 22:21:02,2026-10-07 22:21:02.976
2026-10-07 22:15:22,CPGH240,0101,John Wiggins,30,30,0,2026-10-07 22:21:03,2026-10-07 22:21:03.129
2026-10-07 22:15:22,CPGH250,0101,John Wiggins,25,25,0,2026-10-07 22:21:03,2026-10-07 22:21:03.282
2026-10-07 22:15:22,CPGH270,0101,John Wiggins,5,5,0,2026-10-07 22:21:03,2026-10-07 22:21:03.443
2026-10-07 22:15:22,CPJT101,0101,Justine DeCamillis,75,75,0,2026-10-07 22:21:04,2026-10-07 22:21:04.686
2026-10-07 22:15:22,CPJT230,0101,Justine DeCamillis,35,35,0,2026-10-07 22:21:04,2026-10-07 22:21:04.840
2026-10-07 22:15:22,CPJT240,0101,Justine DeCamillis,25,25,0,2026-10-07 22:21:05,2026-10-07 22:21:05.026
2026-10-07 22:15:22,CPJT250,0101,Victoria Worley,25,25,0,2026-10-07 22:21:05,2026-10-07 22:21:05.179
2026-10-07 22:15:22,CPMS101,0101,Alison Burns,75,75,0,2026-10-07 22:21:06,2026-10-07 22:21:06.411
2026-10-07 22:15:22,CPMS230,0101,Alison Burns,30,30,0,2026-10-07 22:21:06,2026-10-07 22:21:06.562
2026-10-07 22:15:22,CPMS240,0101,Alison Burns,15,15,0,2026-10-07 22:21:06,2026-10-07 22:21:06.712
2026-10-07 22:15:22,CPPL101,0101,Kelly Brower,75,75,0,2026-10-07 22:21:07,2026-10-07 22:21:07.944
2026-10-07 22:15:22,CPSA101,0101,Heather-Erin Bremenstuhl,75,75,0,2026-10-07 22:21:09,2026-10-07 22:21:09.192
2026-10-07 22:15:22,CPSA149,0101,Harold Burgess,20,20,0,2026-10-07 22:21:09,2026-10-07 22:21:09.345
2026-10-07 22:15:22,CPSA201,0101,Heather-Erin Bremenstuhl,75,75,0,2026-10-07 22:21:09,2026-10-07 22:21:09.499
2026-10-07 22:15:22,CPSA240,0101,Harold Burgess,15,15,0,2026-10-07 22:21:09,2026-10-07 22:21:09.653
2026-10-07 22:15:22,CPSA250,0101,Heather-Erin Bremenstuhl,10,10,0,2026-10-07 22:21:09,2026-10-07 22:21:09.806
2026-10-07 22:15:22,CPSA250,0201,Heather-Erin Bremenstuhl,10,10,0,2026-10-07 22:21:09,2026-10-07 22:21:09.807
2026-10-07 22:15:22,CPSA250,0301,Heather-Erin Bremenstuhl,10,10,0,2026-10-07 22:21:09,2026-10-07 22:21:09.807
2026-10-07 22:15:22,CPSA260,0101,Heather-Erin Bremenstuhl,10,10,0,2026-10-07 22:21:09,2026-10-07 22:21:09.961
2026-10-07 22:15:22,CPSA260,0201,Heather-Erin Bremenstuhl,10,10,0,2026-10-07 22:21:09,2026-10-07 22:21:09.961
2026-10-07 22:15:22,CPSA260,0301,Alexandra Lynch,10,10,0,2026-10-07 22:21:09,2026-10-07 22:21:09.961
2026-10-07 22:15:22,CPSF101,0101,Nicholas Fletcher,75,75,0,2026-10-07 22:21:11,2026-10-07 22:21:11.193
2026-10-07 22:15:22,CPSG101,0101,Thomas Holtz,75,75,0,2026-10-07 22:21:12,2026-10-07 22:21:12.442
2026-10-07 22:15:22,CPSG230,0101,John Merck,50,50,0,2026-10-07 22:21:12,2026-10-07 22:21:12.596
2026-10-07 22:15:22,CPSG240,0101,John Merck,25,25,0,2026-10-07 22:21:12,2026-10-07 22:21:12.743
2026-10-07 22:15:22,CPSG250,0101,John Merck,25,25,0,2026-10-07 22:21:12,2026-10-07 22:21:12.903
2026-10-07 22:15:22,CPSN101,0101,Hansol Kwak,75,75,0,2026-10-07 22:21:14,2026-10-07 22:21:14.147
2026-10-07 22:15:22,CPSN230,0101,Ellin Chung,40,40,0,2026-10-07 22:21:14,2026-10-07 22:21:14.297
2026-10-07 22:15:22,CPSN240,0101,Ellin Chung,15,15,0,2026-10-07 22:21:14,2026-10-07 22:21:14.451
2026-10-07 22:15:22,CPSN250,0101,Hansol Kwak,25,25,0,2026-10-07 22:21:14,2026-10-07 22:21:14.600
2026-10-07 22:15:22,CPSP110,0101,Instructor: TBA,18,18,0,2026-10-07 22:21:15,2026-10-07 22:21:15.863
2026-10-07 22:15:22,CPSP110,0201,Instructor: TBA,18,18,0,2026-10-07 22:21:15,2026-10-07 22:21:15.863
2026-10-07 22:15:22,CPSP110,0301,Instructor: TBA,18,18,0,2026-10-07 22:21:15,2026-10-07 22:21:15.864
2026-10-07 22:15:22,CPSP210,0101,Christine Alexander,20,20,0,2026-10-07 22:21:16,2026-10-07 22:21:16.044
2026-10-07 22:15:22,CPSP239A,0101,Heather-Erin Bremenstuhl,10,10,0,2026-10-07 22:21:16,2026-10-07 22:21:16.196
2026-10-07 22:15:22,CPSP259J,0101,Alison Burns,10,10,0,2026-10-07 22:21:16,2026-10-07 22:21:16.353
2026-10-07 22:15:22,CPSP279N,0101,Stacy Kosko,10,10,0,2026-10-07 22:21:16,2026-10-07 22:21:16.503
2026-10-07 22:15:22,CPSP339P,0101,Kelly Brower,15,15,0,2026-10-07 22:21:16,2026-10-07 22:21:16.654
2026-10-07 22:15:22,CPSP359G,0101,John Merck,25,25,0,2026-10-07 22:21:16,2026-10-07 22:21:16.808
2026-10-07 22:15:22,CPSP359S,0101,David Eubanks,24,24,0,2026-10-07 22:21:16,2026-10-07 22:21:16.965
2026-10-07 22:15:22,CPSP369E,0101,Tim Knight,7,7,0,2026-10-07 22:21:17,2026-10-07 22:21:17.120
2026-10-07 22:15:22,CPSP369E,0102,Tim Knight,5,5,0,2026-10-07 22:21:17,2026-10-07 22:21:17.120
2026-10-07 22:15:22,CPSS101,0101,Christine Alexander,75,75,0,2026-10-07 22:21:18,2026-10-07 22:21:18.384
2026-10-07 22:15:22,CPSS225,0101,Roan Parrish,20,20,0,2026-10-07 22:21:18,2026-10-07 22:21:18.539
2026-10-07 22:15:22,CPSS225,0201,Thomas Zeller,20,20,0,2026-10-07 22:21:18,2026-10-07 22:21:18.539
2026-10-07 22:15:22,CPSS240,0101,Timothy Reedy,25,25,0,2026-10-07 22:21:18,2026-10-07 22:21:18.698
2026-10-07 22:15:22,CPSS340,0101,Nicole Mogul,20,20,0,2026-10-07 22:21:18,2026-10-07 22:21:18.850
2026-10-07 22:15:22,DATA100,0111,Matthew Griffin,27,27,0,2026-10-07 22:21:26,2026-10-07 22:21:26.284
2026-10-07 22:15:22,DATA100,0112,Matthew Griffin,27,27,0,2026-10-07 22:21:26,2026-10-07 22:21:26.284
2026-10-07 22:15:22,DATA100,0121,Matthew Griffin,27,27,0,2026-10-07 22:21:26,2026-10-07 22:21:26.285
2026-10-07 22:15:22,DATA100,0122,Matthew Griffin,27,27,0,2026-10-07 22:21:26,2026-10-07 22:21:26.285
2026-10-07 22:15:22,DATA100,0123,Matthew Griffin,27,27,0,2026-10-07 22:21:26,2026-10-07 22:21:26.285
2026-10-07 22:15:22,DATA100,0131,Matthew Griffin,27,27,0,2026-10-07 22:21:26,2026-10-07 22:21:26.285
2026-10-07 22:15:22,DATA100,0211,Matthew Griffin,27,27,0,2026-10-07 22:21:26,2026-10-07 22:21:26.285
2026-10-07 22:15:22,DATA100,0212,Matthew Griffin,27,27,0,2026-10-07 22:21:26,2026-10-07 22:21:26.286
2026-10-07 22:15:22,DATA100,0221,Matthew Griffin,27,27,0,2026-10-07 22:21:26,2026-10-07 22:21:26.286
2026-10-07 22:15:22,DATA100,0222,Matthew Griffin,27,27,0,2026-10-07 22:21:26,2026-10-07 22:21:26.286
2026-10-07 22:15:22,DATA100,0223,Matthew Griffin,27,27,0,2026-10-07 22:21:26,2026-10-07 22:21:26.286
2026-10-07 22:15:22,DATA100,0224,Matthew Griffin,27,27,0,2026-10-07 22:21:26,2026-10-07 22:21:26.286
2026-10-07 22:15:22,DATA100,0231,Matthew Griffin,27,27,0,2026-10-07 22:21:26,2026-10-07 22:21:26.286
2026-10-07 22:15:22,DATA100,0241,Matthew Griffin,27,27,0,2026-10-07 22:21:26,2026-10-07 22:21:26.287
2026-10-07 22:15:22,DATA100,0242,Matthew Griffin,27,27,0,2026-10-07 22:21:26,2026-10-07 22:21:26.287
2026-10-07 22:15:22,DATA100,0311,Jonathan Fernandes,25,25,0,2026-10-07 22:21:26,2026-10-07 22:21:26.287
2026-10-07 22:15:22,DATA100,0312,Jonathan Fernandes,25,25,0,2026-10-07 22:21:26,2026-10-07 22:21:26.287
2026-10-07 22:15:22,DATA100,0321,Jonathan Fernandes,25,25,0,2026-10-07 22:21:26,2026-10-07 22:21:26.287
2026-10-07 22:15:22,DATA100,0322,Jonathan Fernandes,25,25,0,2026-10-07 22:21:26,2026-10-07 22:21:26.288
2026-10-07 22:15:22,DATA100,0323,Jonathan Fernandes,25,25,0,2026-10-07 22:21:26,2026-10-07 22:21:26.288
2026-10-07 22:15:22,DATA110,0101,Susan Mazzullo,310,310,0,2026-10-07 22:21:26,2026-10-07 22:21:26.448
2026-10-07 22:15:22,DATA120,0101,Fardina Alam,200,200,0,2026-10-07 22:21:26,2026-10-07 22:21:26.603
2026-10-07 22:15:22,DATA200,0101,Fardina Alam,90,90,0,2026-10-07 22:21:26,2026-10-07 22:21:26.757
2026-10-07 22:15:22,DATA250,0101,Todd Rowland,30,30,0,2026-10-07 22:21:26,2026-10-07 22:21:26.916
2026-10-07 22:15:22,DATA320,0101,Maksym Morawski,20,20,0,2026-10-07 22:21:27,2026-10-07 22:21:27.071
2026-10-07 22:15:22,DATA320,0201,Fardina Alam,20,20,0,2026-10-07 22:21:27,2026-10-07 22:21:27.071
2026-10-07 22:15:22,DATA320,0301,Anna Evtushenko,12,12,0,2026-10-07 22:21:27,2026-10-07 22:21:27.071
2026-10-07 22:15:22,DATA350,0101,Todd Rowland,30,30,0,2026-10-07 22:21:27,2026-10-07 22:21:27.232
2026-10-07 22:15:22,DATA350,0201,Raluca Rosca,30,30,0,2026-10-07 22:21:27,2026-10-07 22:21:27.232
2026-10-07 22:15:22,DATA400,0111,Archana Khurana,27,27,0,2026-10-07 22:21:27,2026-10-07 22:21:27.407
2026-10-07 22:15:22,DATA400,0121,Archana Khurana,27,27,0,2026-10-07 22:21:27,2026-10-07 22:21:27.407
2026-10-07 22:15:22,DATA400,0131,Archana Khurana,27,27,0,2026-10-07 22:21:27,2026-10-07 22:21:27.408
2026-10-07 22:15:22,DATA400,0211,Salman Safdar,27,27,0,2026-10-07 22:21:27,2026-10-07 22:21:27.408
2026-10-07 22:15:22,DATA400,0311,Shixin Zheng,27,27,0,2026-10-07 22:21:27,2026-10-07 22:21:27.408
2026-10-07 22:15:22,DATA400,0321,Shixin Zheng,27,27,0,2026-10-07 22:21:27,2026-10-07 22:21:27.408
2026-10-07 22:15:22,DATA400,0331,Shixin Zheng,27,27,0,2026-10-07 22:21:27,2026-10-07 22:21:27.408
2026-10-07 22:15:22,DATA400,0411,Mestiyage Gunatilleka,27,27,0,2026-10-07 22:21:27,2026-10-07 22:21:27.409
2026-10-07 22:15:22,DATA400,0421,Mestiyage Gunatilleka,27,27,0,2026-10-07 22:21:27,2026-10-07 22:21:27.409
2026-10-07 22:15:22,DATA400,0431,Mestiyage Gunatilleka,27,27,0,2026-10-07 22:21:27,2026-10-07 22:21:27.409
2026-10-07 22:15:22,EALL361,0101,Jyana Browne,20,20,0,2026-10-07 22:21:28,2026-10-07 22:21:28.653
2026-10-07 22:15:22,EDDI300,0101,Nicole Mehta,20,20,0,2026-10-07 22:21:36,2026-10-07 22:21:36.513
2026-10-07 22:15:22,EMBA788G,GX01,Judy Frels,31,31,0,2026-10-07 22:21:52,2026-10-07 22:21:52.062
2026-10-07 22:15:22,EMBA788V,GX01,Zhi-Long Chen,31,31,0,2026-10-07 22:21:52,2026-10-07 22:21:52.229
2026-10-07 22:15:22,ENAI603,0101,A Seyed,35,35,0,2026-10-07 22:21:59,2026-10-07 22:21:59.179
2026-10-07 22:15:22,ENAI603,AEC1,A Seyed,20,20,0,2026-10-07 22:21:59,2026-10-07 22:21:59.179
2026-10-07 22:15:22,ENBC312,ESG1,Kyunghun Lee,20,20,0,2026-10-07 22:22:00,2026-10-07 22:22:00.468
2026-10-07 22:15:22,ENBC321,ESG1,Jamasp Azarnoosh,20,20,0,2026-10-07 22:22:00,2026-10-07 22:22:00.626
2026-10-07 22:15:22,ENBC342,ESG1,Lan Ma,20,20,0,2026-10-07 22:22:00,2026-10-07 22:22:00.782
2026-10-07 22:15:22,ENBC351,ESG1,Jarred Callura,20,20,0,2026-10-07 22:22:00,2026-10-07 22:22:00.939
2026-10-07 22:15:22,ENBC352,ESG1,Jarred Callura,20,20,0,2026-10-07 22:22:01,2026-10-07 22:22:01.096
2026-10-07 22:15:22,ENBC403,ESG1,Jamasp Azarnoosh,20,20,0,2026-10-07 22:22:01,2026-10-07 22:22:01.283
2026-10-07 22:15:22,ENBC441,ESG1,Lan Ma,20,20,0,2026-10-07 22:22:01,2026-10-07 22:22:01.463
2026-10-07 22:15:22,ENBC455,ESG1,Jarred Callura,20,20,0,2026-10-07 22:22:01,2026-10-07 22:22:01.667
2026-10-07 22:15:22,ENBC491,ESG1,Lan Ma,20,20,0,2026-10-07 22:22:01,2026-10-07 22:22:01.862
2026-10-07 22:15:22,ENCO099,0101,Lizzy Solovey,200,200,0,2026-10-07 22:22:07,2026-10-07 22:22:07.354
2026-10-07 22:15:22,ENEB304,ESG1,Nestor Michael Tiglao,20,20,0,2026-10-07 22:22:08,2026-10-07 22:22:08.669
2026-10-07 22:15:22,ENEB345,ESG1,Nestor Michael Tiglao,20,20,0,2026-10-07 22:22:08,2026-10-07 22:22:08.826
2026-10-07 22:15:22,ENEB352,ESG1,Mohamed Hany,20,20,0,2026-10-07 22:22:08,2026-10-07 22:22:08.982
2026-10-07 22:15:22,ENEB353,ESG1,Manoj Franklin,20,20,0,2026-10-07 22:22:09,2026-10-07 22:22:09.137
2026-10-07 22:15:22,ENEB355,ESG1,Nestor Michael Tiglao,20,20,0,2026-10-07 22:22:09,2026-10-07 22:22:09.293
2026-10-07 22:15:22,ENEB408B,ESG1,Jerry Wu,20,20,0,2026-10-07 22:22:09,2026-10-07 22:22:09.453
2026-10-07 22:15:22,ENEB443,ESG1,George Zaki,20,20,0,2026-10-07 22:22:09,2026-10-07 22:22:09.608
2026-10-07 22:15:22,ENEB453,ESG1,Nestor Michael Tiglao,20,20,0,2026-10-07 22:22:09,2026-10-07 22:22:09.764
2026-10-07 22:15:22,ENEB455,ESG1,Jerry Wu,20,20,0,2026-10-07 22:22:09,2026-10-07 22:22:09.918
2026-10-07 22:15:22,ENEB456,ESG1,Nestor Michael Tiglao,20,20,0,2026-10-07 22:22:10,2026-10-07 22:22:10.074
2026-10-07 22:15:22,ENED037,0101,Hillary Owusu,20,20,0,2026-10-07 22:22:11,2026-10-07 22:22:11.359
2026-10-07 22:15:22,ENED290H,0101,Christopher Troilo,45,45,0,2026-10-07 22:22:11,2026-10-07 22:22:11.512
2026-10-07 22:15:22,ENED390H,0101,Natcha Thawesaengskulthai,45,45,0,2026-10-07 22:22:11,2026-10-07 22:22:11.664
2026-10-07 22:15:22,ENED394H,0101,Maria Bardossy,40,40,0,2026-10-07 22:22:11,2026-10-07 22:22:11.819
2026-10-07 22:15:22,ENED396,0101,Jessica Roffe,24,24,0,2026-10-07 22:22:11,2026-10-07 22:22:11.969
2026-10-07 22:15:22,ENED397,0101,Emily Marks,9,9,0,2026-10-07 22:22:12,2026-10-07 22:22:12.122
2026-10-07 22:15:22,ENED490H,0101,David Ashley,45,45,0,2026-10-07 22:22:12,2026-10-07 22:22:12.278
2026-10-07 22:15:22,ENED491,0101,Jessica Roffe,10,10,0,2026-10-07 22:22:12,2026-10-07 22:22:12.619
2026-10-07 22:15:22,ENMT313,ESG1,Nicholas Limparis,3,3,0,2026-10-07 22:22:51,2026-10-07 22:22:51.718
2026-10-07 22:15:22,ENMT332,ESG1,Norman Wereley,4,4,0,2026-10-07 22:22:51,2026-10-07 22:22:51.872
2026-10-07 22:15:22,ENMT362,ESG1,Young Choi,3,3,0,2026-10-07 22:22:52,2026-10-07 22:22:52.032
2026-10-07 22:15:22,ENMT372,ESG1,Gurtajbir Herr,3,3,0,2026-10-07 22:22:52,2026-10-07 22:22:52.182
2026-10-07 22:15:22,ENMT477,ESG1,Gurtajbir Herr,7,7,0,2026-10-07 22:22:52,2026-10-07 22:22:52.336
2026-10-07 22:15:22,ENMT488C,ESG1,Colleen Murray,7,7,0,2026-10-07 22:22:52,2026-10-07 22:22:52.487
2026-10-07 22:15:22,ENMT488P,ESG1,Colleen Murray,7,7,0,2026-10-07 22:22:52,2026-10-07 22:22:52.645
2026-10-07 22:15:22,ENMT488Z,ESG1,Nicholas Limparis,7,7,0,2026-10-07 22:22:52,2026-10-07 22:22:52.798
2026-10-07 22:15:22,ENSP102,0101,Joanna Goger,22,22,0,2026-10-07 22:23:01,2026-10-07 22:23:01.761
2026-10-07 22:15:22,ENSP102,0102,Joanna Goger,22,22,0,2026-10-07 22:23:01,2026-10-07 22:23:01.761
2026-10-07 22:15:22,ENSP102,0103,Joanna Goger,23,23,0,2026-10-07 22:23:01,2026-10-07 22:23:01.761
2026-10-07 22:15:22,ENSP102,0104,Joanna Goger,22,22,0,2026-10-07 22:23:01,2026-10-07 22:23:01.761
2026-10-07 22:15:22,ENSP102,0105,Joanna Goger,22,22,0,2026-10-07 22:23:01,2026-10-07 22:23:01.761
2026-10-07 22:15:22,ENSP102,0106,Joanna Goger,22,22,0,2026-10-07 22:23:01,2026-10-07 22:23:01.762
2026-10-07 22:15:22,ENSP102,0107,Joanna Goger,22,22,0,2026-10-07 22:23:01,2026-10-07 22:23:01.762
2026-10-07 22:15:22,ENSP306,0101,Caroline Boules,30,30,0,2026-10-07 22:23:01,2026-10-07 22:23:01.992
2026-10-07 22:15:22,ENSP330,0101,Joanna Goger,35,35,0,2026-10-07 22:23:02,2026-10-07 22:23:02.229
2026-10-07 22:15:22,ENSP342,0101,Annette Spivy,35,35,0,2026-10-07 22:23:02,2026-10-07 22:23:02.415
2026-10-07 22:15:22,ENSP370,0101,Arielle Wharton,30,30,0,2026-10-07 22:23:02,2026-10-07 22:23:02.608
2026-10-07 22:15:22,ENSP399R,0101,Melissa Kenney,15,15,0,2026-10-07 22:23:03,2026-10-07 22:23:03.179
2026-10-07 22:15:22,ENSP399R,0301,Instructor: TBA,15,15,0,2026-10-07 22:23:03,2026-10-07 22:23:03.179
2026-10-07 22:15:22,ENSP399R,0601,Annette Spivy,10,10,0,2026-10-07 22:23:03,2026-10-07 22:23:03.179
2026-10-07 22:15:22,ENSP399R,1001,Jennifer Mullinax,10,10,0,2026-10-07 22:23:03,2026-10-07 22:23:03.179
2026-10-07 22:15:22,ENSP400,0101,Caroline Boules,30,30,0,2026-10-07 22:23:03,2026-10-07 22:23:03.351
2026-10-07 22:15:22,ENSP400,0102,Annette Spivy,30,30,0,2026-10-07 22:23:03,2026-10-07 22:23:03.351
2026-10-07 22:15:22,ENSP400,0104,Colleen O'Donnell,20,20,0,2026-10-07 22:23:03,2026-10-07 22:23:03.352
2026-10-07 22:15:22,FGSM398,0101,Jayakumar Arasan,120,120,0,2026-10-07 22:23:18,2026-10-07 22:23:18.591
2026-10-07 22:15:22,FGSM398,0201,Jayakumar Arasan,120,120,0,2026-10-07 22:23:18,2026-10-07 22:23:18.592
2026-10-07 22:15:22,GEMS102,0101,David Lovell,180,180,0,2026-10-07 22:23:33,2026-10-07 22:23:33.712
2026-10-07 22:15:22,GEMS208D,0101,Allison Lansverk,1,1,0,2026-10-07 22:23:33,2026-10-07 22:23:33.868
2026-10-07 22:15:22,GEMS208E,0101,Allison Lansverk,18,18,0,2026-10-07 22:23:34,2026-10-07 22:23:34.018
2026-10-07 22:15:22,GEMS208F,0201,Allison Lansverk,12,12,0,2026-10-07 22:23:34,2026-10-07 22:23:34.172
2026-10-07 22:15:22,GEMS208J,0101,Allison Lansverk,24,24,0,2026-10-07 22:23:34,2026-10-07 22:23:34.324
2026-10-07 22:15:22,GEMS208K,0101,Allison Lansverk,30,30,0,2026-10-07 22:23:34,2026-10-07 22:23:34.481
2026-10-07 22:15:22,GEMS208P,0101,Allison Lansverk,15,15,0,2026-10-07 22:23:34,2026-10-07 22:23:34.634
2026-10-07 22:15:22,GEMS208Q,0201,Allison Lansverk,1,1,0,2026-10-07 22:23:34,2026-10-07 22:23:34.782
2026-10-07 22:15:22,GEMS296,0113,David Lovell,5,5,0,2026-10-07 22:23:34,2026-10-07 22:23:34.945
2026-10-07 22:15:22,GEMS297,0101,Instructor: TBA,14,14,0,2026-10-07 22:23:35,2026-10-07 22:23:35.129
2026-10-07 22:15:22,GEMS297,0102,Instructor: TBA,14,14,0,2026-10-07 22:23:35,2026-10-07 22:23:35.129
2026-10-07 22:15:22,GEMS297,0103,Instructor: TBA,14,14,0,2026-10-07 22:23:35,2026-10-07 22:23:35.129
2026-10-07 22:15:22,GEMS297,0104,Instructor: TBA,14,14,0,2026-10-07 22:23:35,2026-10-07 22:23:35.130
2026-10-07 22:15:22,GEMS297,0105,Instructor: TBA,14,14,0,2026-10-07 22:23:35,2026-10-07 22:23:35.130
2026-10-07 22:15:22,GEMS297,0106,Instructor: TBA,14,14,0,2026-10-07 22:23:35,2026-10-07 22:23:35.130
2026-10-07 22:15:22,GEMS297,0107,Instructor: TBA,14,14,0,2026-10-07 22:23:35,2026-10-07 22:23:35.130
2026-10-07 22:15:22,GEMS297,0108,Instructor: TBA,14,14,0,2026-10-07 22:23:35,2026-10-07 22:23:35.130
2026-10-07 22:15:22,GEMS297,0109,Instructor: TBA,14,14,0,2026-10-07 22:23:35,2026-10-07 22:23:35.130
2026-10-07 22:15:22,GEMS297,0110,Instructor: TBA,14,14,0,2026-10-07 22:23:35,2026-10-07 22:23:35.131
2026-10-07 22:15:22,GEMS297,0111,Instructor: TBA,14,14,0,2026-10-07 22:23:35,2026-10-07 22:23:35.131
2026-10-07 22:15:22,GEMS297,0112,Instructor: TBA,14,14,0,2026-10-07 22:23:35,2026-10-07 22:23:35.131
2026-10-07 22:15:22,GEMS297,0113,Instructor: TBA,14,14,0,2026-10-07 22:23:35,2026-10-07 22:23:35.131
2026-10-07 22:15:22,GEMS297,0114,Instructor: TBA,14,14,0,2026-10-07 22:23:35,2026-10-07 22:23:35.131
2026-10-07 22:15:22,GEMS297,0115,Instructor: TBA,5,5,0,2026-10-07 22:23:35,2026-10-07 22:23:35.132
2026-10-07 22:15:22,GEMS396,0113,David Lovell,5,5,0,2026-10-07 22:23:35,2026-10-07 22:23:35.317
2026-10-07 22:15:22,GEMS397,0101,Michael Humber,14,14,0,2026-10-07 22:23:35,2026-10-07 22:23:35.489
2026-10-07 22:15:22,GEMS397,0102,Seth Dickey,14,14,0,2026-10-07 22:23:35,2026-10-07 22:23:35.490
2026-10-07 22:15:22,GEMS397,0103,Cecilia Huertas Cerdeira,14,14,0,2026-10-07 22:23:35,2026-10-07 22:23:35.490
2026-10-07 22:15:22,GEMS397,0104,Rodolphe Gentili,14,14,0,2026-10-07 22:23:35,2026-10-07 22:23:35.490
2026-10-07 22:15:22,GEMS397,0105,Allison Reilly,14,14,0,2026-10-07 22:23:35,2026-10-07 22:23:35.490
2026-10-07 22:15:22,GEMS397,0106,Peter Sunderland,14,14,0,2026-10-07 22:23:35,2026-10-07 22:23:35.490
2026-10-07 22:15:22,GEMS397,0107,Brett Lacey,14,14,0,2026-10-07 22:23:35,2026-10-07 22:23:35.491
2026-10-07 22:15:22,GEMS397,0108,Natalia Buzulukova,14,14,0,2026-10-07 22:23:35,2026-10-07 22:23:35.491
2026-10-07 22:15:22,GEMS397,0109,Anil Deane,14,14,0,2026-10-07 22:23:35,2026-10-07 22:23:35.491
2026-10-07 22:15:22,GEMS397,0110,Colenso Speer,14,14,0,2026-10-07 22:23:35,2026-10-07 22:23:35.491
2026-10-07 22:15:22,GEMS397,0111,Alisa Clyne,14,14,0,2026-10-07 22:23:35,2026-10-07 22:23:35.491
2026-10-07 22:15:22,GEMS397,0112,Xin Zan,14,14,0,2026-10-07 22:23:35,2026-10-07 22:23:35.492
2026-10-07 22:15:22,GEMS397,0113,Instructor: TBA,14,14,0,2026-10-07 22:23:35,2026-10-07 22:23:35.492
2026-10-07 22:15:22,GEMS397,0114,David Lovell,5,5,0,2026-10-07 22:23:35,2026-10-07 22:23:35.492
2026-10-07 22:15:22,GEMS397,0115,David Lovell,5,5,0,2026-10-07 22:23:35,2026-10-07 22:23:35.492
2026-10-07 22:15:22,GEMS496,0113,David Lovell,5,5,0,2026-10-07 22:23:35,2026-10-07 22:23:35.644
2026-10-07 22:15:22,GEMS497,0101,Eric Haag,14,14,0,2026-10-07 22:23:35,2026-10-07 22:23:35.810
2026-10-07 22:15:22,GEMS497,0102,Mohammad Nayeem Teli,14,14,0,2026-10-07 22:23:35,2026-10-07 22:23:35.810
2026-10-07 22:15:22,GEMS497,0103,Norberto Gonzalez- Juarbe,14,14,0,2026-10-07 22:23:35,2026-10-07 22:23:35.811
2026-10-07 22:15:22,GEMS497,0104,Abhinav Shrivastava,14,14,0,2026-10-07 22:23:35,2026-10-07 22:23:35.811
2026-10-07 22:15:22,GEMS497,0105,Hector Alcala,14,14,0,2026-10-07 22:23:35,2026-10-07 22:23:35.811
2026-10-07 22:15:22,GEMS497,0106,Massimo Ricotti,14,14,0,2026-10-07 22:23:35,2026-10-07 22:23:35.811
2026-10-07 22:15:22,GEMS497,0107,Reza Ghodssi,14,14,0,2026-10-07 22:23:35,2026-10-07 22:23:35.811
2026-10-07 22:15:22,GEMS497,0108,Nikhil Chopra,14,14,0,2026-10-07 22:23:35,2026-10-07 22:23:35.812
2026-10-07 22:15:22,GEMS497,0109,Kimberly Stroka,14,14,0,2026-10-07 22:23:35,2026-10-07 22:23:35.812
2026-10-07 22:15:22,GEMS497,0110,Gorjan Alagic,14,14,0,2026-10-07 22:23:35,2026-10-07 22:23:35.812
2026-10-07 22:15:22,GEMS497,0111,Alisa Clyne,14,14,0,2026-10-07 22:23:35,2026-10-07 22:23:35.812
2026-10-07 22:15:22,GEMS497,0112,Xin Zan,14,14,0,2026-10-07 22:23:35,2026-10-07 22:23:35.812
2026-10-07 22:15:22,GEMS497,0113,David Lovell,14,14,0,2026-10-07 22:23:35,2026-10-07 22:23:35.812
2026-10-07 22:15:22,GEMS497,0114,David Lovell,14,14,0,2026-10-07 22:23:35,2026-10-07 22:23:35.813
2026-10-07 22:15:22,GFPL100,0101,Alec Worsnop,21,21,0,2026-10-07 22:23:50,2026-10-07 22:23:50.586
2026-10-07 22:15:22,GFPL100,0102,Alec Worsnop,21,21,0,2026-10-07 22:23:50,2026-10-07 22:23:50.586
2026-10-07 22:15:22,GFPL100,0103,Alec Worsnop,21,21,0,2026-10-07 22:23:50,2026-10-07 22:23:50.587
2026-10-07 22:15:22,GFPL100,0104,Alec Worsnop,21,21,0,2026-10-07 22:23:50,2026-10-07 22:23:50.587
2026-10-07 22:15:22,GFPL100,0105,Alec Worsnop,21,21,0,2026-10-07 22:23:50,2026-10-07 22:23:50.587
2026-10-07 22:15:22,GFPL100,0106,Alec Worsnop,20,20,0,2026-10-07 22:23:50,2026-10-07 22:23:50.587
2026-10-07 22:15:22,GFPL102,0101,Caroline Ritter,95,95,0,2026-10-07 22:23:50,2026-10-07 22:23:50.741
2026-10-07 22:15:22,GFPL372,0101,Devin Entrikin,40,40,0,2026-10-07 22:23:50,2026-10-07 22:23:50.901
2026-10-07 22:15:22,GLBC200,0101,Parker Brookie,30,30,0,2026-10-07 22:23:52,2026-10-07 22:23:52.160
2026-10-07 22:15:22,GLBC360,0101,Hester Baer,30,30,0,2026-10-07 22:23:52,2026-10-07 22:23:52.308
2026-10-07 22:15:22,HACS101,0101,Michel Cukier,35,35,0,2026-10-07 22:24:07,2026-10-07 22:24:07.930
2026-10-07 22:15:22,HACS101,0201,Michel Cukier,35,35,0,2026-10-07 22:24:07,2026-10-07 22:24:07.930
2026-10-07 22:15:22,HACS201,0101,Bertrand Sobesto,26,26,0,2026-10-07 22:24:08,2026-10-07 22:24:08.086
2026-10-07 22:15:22,HACS208E,0101,Ian Serbin,30,30,0,2026-10-07 22:24:08,2026-10-07 22:24:08.490
2026-10-07 22:15:22,HACS208N,0101,Instructor: TBA,30,30,0,2026-10-07 22:24:08,2026-10-07 22:24:08.640
2026-10-07 22:15:22,HACS208Z,0101,Zulema Belyeu,30,30,0,2026-10-07 22:24:08,2026-10-07 22:24:08.790
2026-10-07 22:15:22,HACS297,0101,Sarah Herberger,25,25,0,2026-10-07 22:24:09,2026-10-07 22:24:09.108
2026-10-07 22:15:22,HACS318A,0101,Lindsey Schrott,75,75,0,2026-10-07 22:24:09,2026-10-07 22:24:09.261
2026-10-07 22:15:22,HACS408C,0101,Instructor: TBA,30,30,0,2026-10-07 22:24:09,2026-10-07 22:24:09.414
2026-10-07 22:15:22,HACS408P,0101,Instructor: TBA,30,30,0,2026-10-07 22:24:09,2026-10-07 22:24:09.565
2026-10-07 22:15:22,HACS408V,0101,Edward Condon,30,30,0,2026-10-07 22:24:09,2026-10-07 22:24:09.718
2026-10-07 22:15:22,HACS497,0101,Cassie Harrington,25,25,0,2026-10-07 22:24:10,2026-10-07 22:24:10.019
2026-10-07 22:15:22,HACS498,0101,Thomas Woods,10,10,0,2026-10-07 22:24:10,2026-10-07 22:24:10.170
2026-10-07 22:15:22,HACS498,0201,Instructor: TBA,18,18,0,2026-10-07 22:24:10,2026-10-07 22:24:10.171
2026-10-07 22:15:22,HBUS105,0101,Daniel McCarthy,35,35,0,2026-10-07 22:24:11,2026-10-07 22:24:11.413
2026-10-07 22:15:22,HBUS105,0201,Daniel McCarthy,35,35,0,2026-10-07 22:24:11,2026-10-07 22:24:11.413
2026-10-07 22:15:22,HBUS205,0101,Nicole Coomber,30,30,0,2026-10-07 22:24:11,2026-10-07 22:24:11.573
2026-10-07 22:15:22,HBUS205,0201,Nicole Coomber,30,30,0,2026-10-07 22:24:11,2026-10-07 22:24:11.574
2026-10-07 22:15:22,HDCC106,0101,Jeffrey Everett,13,13,0,2026-10-07 22:24:12,2026-10-07 22:24:12.840
2026-10-07 22:15:22,HDCC106,0201,William Evans,13,13,0,2026-10-07 22:24:12,2026-10-07 22:24:12.841
2026-10-07 22:15:22,HDCC106,0301,Grant Bollmer,13,13,0,2026-10-07 22:24:12,2026-10-07 22:24:12.841
2026-10-07 22:15:22,HDCC106,0401,Cliff Bakalian,13,13,0,2026-10-07 22:24:12,2026-10-07 22:24:12.841
2026-10-07 22:15:22,HDCC106,0501,Katherine Izsak,13,13,0,2026-10-07 22:24:12,2026-10-07 22:24:12.841
2026-10-07 22:15:22,HDCC209B,0101,Katherine Macyshyn,16,16,0,2026-10-07 22:24:12,2026-10-07 22:24:12.995
2026-10-07 22:15:22,HDCC209C,0101,Josue Porras-Fernandez,16,16,0,2026-10-07 22:24:13,2026-10-07 22:24:13.150
2026-10-07 22:15:22,HDCC209D,0101,Kaisha Snowden,16,16,0,2026-10-07 22:24:13,2026-10-07 22:24:13.302
2026-10-07 22:15:22,HDCC209E,0101,Antwon Key,16,16,0,2026-10-07 22:24:13,2026-10-07 22:24:13.453
2026-10-07 22:15:22,HEBR107,0101,Avital Karpman,15,15,0,2026-10-07 22:24:14,2026-10-07 22:24:14.884
2026-10-07 22:15:22,HEBR107,0201,Avital Karpman,15,15,0,2026-10-07 22:24:14,2026-10-07 22:24:14.884
2026-10-07 22:15:22,HEBR207,0101,Avital Karpman,15,15,0,2026-10-07 22:24:15,2026-10-07 22:24:15.046
2026-10-07 22:15:22,HEBR249A,0101,Aliza Sandalon,15,15,0,2026-10-07 22:24:15,2026-10-07 22:24:15.199
2026-10-07 22:15:22,HEBR314,0101,Aliza Sandalon,20,20,0,2026-10-07 22:24:15,2026-10-07 22:24:15.350
2026-10-07 22:15:22,HEBR488,0101,Bernard Cooperman,10,10,0,2026-10-07 22:24:15,2026-10-07 22:24:15.652
2026-10-07 22:15:22,HEBR488,0102,Aner Tal,10,10,0,2026-10-07 22:24:15,2026-10-07 22:24:15.652
2026-10-07 22:15:22,HGLO298,0101,Daniel Tuke,30,30,0,2026-10-07 22:24:27,2026-10-07 22:24:27.249
2026-10-07 22:15:22,HHUM106,0101,Sarah Humud,17,17,0,2026-10-07 22:24:28,2026-10-07 22:24:28.505
2026-10-07 22:15:22,HHUM106,0102,Sarah Humud,17,17,0,2026-10-07 22:24:28,2026-10-07 22:24:28.505
2026-10-07 22:15:22,HHUM106,0103,Sarah Humud,17,17,0,2026-10-07 22:24:28,2026-10-07 22:24:28.505
2026-10-07 22:15:22,HHUM106,0104,Sarah Humud,17,17,0,2026-10-07 22:24:28,2026-10-07 22:24:28.505
2026-10-07 22:15:22,HHUM206,0101,Sarah Humud,15,15,0,2026-10-07 22:24:28,2026-10-07 22:24:28.672
2026-10-07 22:15:22,HHUM206,0102,Sarah Humud,15,15,0,2026-10-07 22:24:28,2026-10-07 22:24:28.672
2026-10-07 22:15:22,HHUM206,0103,Sarah Humud,15,15,0,2026-10-07 22:24:28,2026-10-07 22:24:28.672
2026-10-07 22:15:22,HHUM206,0104,Sarah Humud,15,15,0,2026-10-07 22:24:28,2026-10-07 22:24:28.673
2026-10-07 22:15:22,HHUM328,0101,Sarah Humud,20,20,0,2026-10-07 22:24:28,2026-10-07 22:24:28.828
2026-10-07 22:15:22,HHUM329,0101,Sarah Humud,5,5,0,2026-10-07 22:24:28,2026-10-07 22:24:28.987
2026-10-07 22:15:22,HISP200,0101,Stefan Woehlke,22,22,0,2026-10-07 22:24:34,2026-10-07 22:24:34.040
2026-10-07 22:15:22,HISP200,0102,Stefan Woehlke,22,22,0,2026-10-07 22:24:34,2026-10-07 22:24:34.040
2026-10-07 22:15:22,HISP200,0103,Stefan Woehlke,22,22,0,2026-10-07 22:24:34,2026-10-07 22:24:34.040
2026-10-07 22:15:22,HISP200,0104,Stefan Woehlke,22,22,0,2026-10-07 22:24:34,2026-10-07 22:24:34.040
2026-10-07 22:15:22,HISP200,0105,Stefan Woehlke,22,22,0,2026-10-07 22:24:34,2026-10-07 22:24:34.041
2026-10-07 22:15:22,HISP319E,0101,Michelle Magalong,20,20,0,2026-10-07 22:24:34,2026-10-07 22:24:34.191
2026-10-07 22:15:22,HISP319S,0101,Michelle Magalong,30,30,0,2026-10-07 22:24:34,2026-10-07 22:24:34.341
2026-10-07 22:15:22,HISP619E,0101,Michelle Magalong,24,24,0,2026-10-07 22:24:34,2026-10-07 22:24:34.492
2026-10-07 22:15:22,HISP619O,0101,Stefan Woehlke,5,5,0,2026-10-07 22:24:34,2026-10-07 22:24:34.650
2026-10-07 22:15:22,HISP630,0101,Rhonda Sincavage,15,15,0,2026-10-07 22:24:34,2026-10-07 22:24:34.803
2026-10-07 22:15:22,HISP635,0101,Eola Dance,10,10,0,2026-10-07 22:24:34,2026-10-07 22:24:34.960
2026-10-07 22:15:22,HISP640,0101,Frederick Stachura,15,15,0,2026-10-07 22:24:35,2026-10-07 22:24:35.110
2026-10-07 22:15:22,HISP655,0101,Donald Linebaugh,15,15,0,2026-10-07 22:24:35,2026-10-07 22:24:35.269
2026-10-07 22:15:22,HISP660,0101,Instructor: TBA,15,15,0,2026-10-07 22:24:35,2026-10-07 22:24:35.417
2026-10-07 22:15:22,HISP670,0101,Alfonso Narvaez,15,15,0,2026-10-07 22:24:35,2026-10-07 22:24:35.575
2026-10-07 22:15:22,HISP690,0101,Donald Linebaugh,15,15,0,2026-10-07 22:24:35,2026-10-07 22:24:35.729
2026-10-07 22:15:22,HISP701,0101,Instructor: TBA,5,5,0,2026-10-07 22:24:35,2026-10-07 22:24:35.909
2026-10-07 22:15:22,HISP710,0101,Susan Kern,15,15,0,2026-10-07 22:24:36,2026-10-07 22:24:36.060
2026-10-07 22:15:22,HISP711,0101,Susan Kern,15,15,0,2026-10-07 22:24:36,2026-10-07 22:24:36.216
2026-10-07 22:15:22,HLSC102,0101,Sabrina Kramer,94,94,0,2026-10-07 22:24:51,2026-10-07 22:24:51.370
2026-10-07 22:15:22,HLSC102,0102,Jalah Townsend,35,35,0,2026-10-07 22:24:51,2026-10-07 22:24:51.370
2026-10-07 22:15:22,HLSC227,0101,Najib El-Sayed,25,25,0,2026-10-07 22:24:51,2026-10-07 22:24:51.528
2026-10-07 22:15:22,HLSC322,0101,Leslie Pick,23,23,0,2026-10-07 22:24:51,2026-10-07 22:24:51.689
2026-10-07 22:15:22,HLSC322,0102,Leslie Pick,23,23,0,2026-10-07 22:24:51,2026-10-07 22:24:51.689
2026-10-07 22:15:22,HLSC322,0103,Sabrina Kramer,23,23,0,2026-10-07 22:24:51,2026-10-07 22:24:51.690
2026-10-07 22:15:22,HLSC322,0104,Sabrina Kramer,23,23,0,2026-10-07 22:24:51,2026-10-07 22:24:51.690
2026-10-07 22:15:22,HLSC329,0101,Sabrina Kramer,12,12,0,2026-10-07 22:24:51,2026-10-07 22:24:51.847
2026-10-07 22:15:22,HNUH100,0101,Max Barnewitz,10,10,0,2026-10-07 22:25:00,2026-10-07 22:25:00.685
2026-10-07 22:15:22,HNUH218D,0101,Brian Gilmore,50,50,0,2026-10-07 22:25:00,2026-10-07 22:25:00.843
2026-10-07 22:15:22,HNUH218L,0101,Shauna Rigaud,20,20,0,2026-10-07 22:25:00,2026-10-07 22:25:00.997
2026-10-07 22:15:22,HNUH218L,0201,Shauna Rigaud,20,20,0,2026-10-07 22:25:00,2026-10-07 22:25:00.997
2026-10-07 22:15:22,HNUH218M,0101,Ebonie Johnson Cooper,20,20,0,2026-10-07 22:25:01,2026-10-07 22:25:01.193
2026-10-07 22:15:22,HNUH218N,0101,Sujith Kumar,20,20,0,2026-10-07 22:25:01,2026-10-07 22:25:01.410
2026-10-07 22:15:22,HNUH228D,0101,Matthew McLaughlin,60,60,0,2026-10-07 22:25:01,2026-10-07 22:25:01.591
2026-10-07 22:15:22,HNUH228L,0101,Alena Wigodner,20,20,0,2026-10-07 22:25:01,2026-10-07 22:25:01.782
2026-10-07 22:15:22,HNUH228L,0201,Alena Wigodner,20,20,0,2026-10-07 22:25:01,2026-10-07 22:25:01.782
2026-10-07 22:15:22,HNUH228M,0101,Ted Baker,20,20,0,2026-10-07 22:25:02,2026-10-07 22:25:02.015
2026-10-07 22:15:22,HNUH229P,0101,Tyson Slocum,20,20,0,2026-10-07 22:25:02,2026-10-07 22:25:02.194
2026-10-07 22:15:22,HNUH238D,0101,Susan Moeller,60,60,0,2026-10-07 22:25:02,2026-10-07 22:25:02.396
2026-10-07 22:15:22,HNUH238L,0101,Kimberly Johnson,20,20,0,2026-10-07 22:25:02,2026-10-07 22:25:02.582
2026-10-07 22:15:22,HNUH238L,0201,Kimberly Johnson,20,20,0,2026-10-07 22:25:02,2026-10-07 22:25:02.582
2026-10-07 22:15:22,HNUH238M,0101,Daniel Reck,20,20,0,2026-10-07 22:25:02,2026-10-07 22:25:02.774
2026-10-07 22:15:22,HNUH239I,0101,Jon Crocker,20,20,0,2026-10-07 22:25:03,2026-10-07 22:25:03.019
2026-10-07 22:15:22,HNUH248D,0101,Juan Uriagereka,45,45,0,2026-10-07 22:25:03,2026-10-07 22:25:03.213
2026-10-07 22:15:22,HNUH248L,0101,Robert Graham,20,20,0,2026-10-07 22:25:03,2026-10-07 22:25:03.460
2026-10-07 22:15:22,HNUH249T,0101,Daniel Rosenthal,20,20,0,2026-10-07 22:25:03,2026-10-07 22:25:03.638
2026-10-07 22:15:22,HNUH258C,0101,Bill Fagan,55,55,0,2026-10-07 22:25:03,2026-10-07 22:25:03.804
2026-10-07 22:15:22,HNUH258O,0101,Amy Green,20,20,0,2026-10-07 22:25:03,2026-10-07 22:25:03.995
2026-10-07 22:15:22,HNUH259T,0101,Ingrid Satelmajer,20,20,0,2026-10-07 22:25:04,2026-10-07 22:25:04.208
2026-10-07 22:15:22,HNUH268C,0101,Perla Guerrero,60,60,0,2026-10-07 22:25:04,2026-10-07 22:25:04.370
2026-10-07 22:15:22,HNUH268Q,0101,Binod Paudyal,20,20,0,2026-10-07 22:25:04,2026-10-07 22:25:04.522
2026-10-07 22:15:22,HNUH268R,0201,Vasfiye Toprak,20,20,0,2026-10-07 22:25:04,2026-10-07 22:25:04.681
2026-10-07 22:15:22,HNUH269T,0101,James Stillwell,20,20,0,2026-10-07 22:25:04,2026-10-07 22:25:04.903
2026-10-07 22:15:22,HNUH278C,0101,Chinyere Osuji,60,60,0,2026-10-07 22:25:05,2026-10-07 22:25:05.064
2026-10-07 22:15:22,HNUH278I,0101,Marisa Franco,20,20,0,2026-10-07 22:25:05,2026-10-07 22:25:05.218
2026-10-07 22:15:22,HNUH278I,0201,Marisa Franco,20,20,0,2026-10-07 22:25:05,2026-10-07 22:25:05.219
2026-10-07 22:15:22,HNUH278O,0101,DeNeen Brown,20,20,0,2026-10-07 22:25:05,2026-10-07 22:25:05.388
2026-10-07 22:15:22,HNUH278Q,0101,Katherine Coogan,20,20,0,2026-10-07 22:25:05,2026-10-07 22:25:05.549
2026-10-07 22:15:22,HNUH278R,0101,Max Barnewitz,20,20,0,2026-10-07 22:25:05,2026-10-07 22:25:05.702
2026-10-07 22:15:22,HNUH288C,0101,Julia Steinberg,30,30,0,2026-10-07 22:25:05,2026-10-07 22:25:05.878
2026-10-07 22:15:22,HNUH288C,0102,Julia Steinberg,30,30,0,2026-10-07 22:25:05,2026-10-07 22:25:05.878
2026-10-07 22:15:22,HNUH288O,0101,Ariana Nash,20,20,0,2026-10-07 22:25:06,2026-10-07 22:25:06.036
2026-10-07 22:15:22,HNUH300,0201,Vasfiye Toprak,20,20,0,2026-10-07 22:25:06,2026-10-07 22:25:06.206
2026-10-07 22:15:22,HNUH300,0301,Shauna Rigaud,20,20,0,2026-10-07 22:25:06,2026-10-07 22:25:06.206
2026-10-07 22:15:22,HNUH300,0401,Vasfiye Toprak,20,20,0,2026-10-07 22:25:06,2026-10-07 22:25:06.206
2026-10-07 22:15:22,HNUH300,0501,Ingrid Satelmajer,20,20,0,2026-10-07 22:25:06,2026-10-07 22:25:06.206
2026-10-07 22:15:22,HNUH300,0701,Jordan Johnson,20,20,0,2026-10-07 22:25:06,2026-10-07 22:25:06.207
2026-10-07 22:15:22,HNUH300,0801,Instructor: TBA,20,20,0,2026-10-07 22:25:06,2026-10-07 22:25:06.207
2026-10-07 22:15:22,HNUH300,0901,Alena Wigodner,20,20,0,2026-10-07 22:25:06,2026-10-07 22:25:06.207
2026-10-07 22:15:22,HNUH300,1001,Robert Graham,20,20,0,2026-10-07 22:25:06,2026-10-07 22:25:06.207
2026-10-07 22:15:22,HNUH300,1101,Max Barnewitz,20,20,0,2026-10-07 22:25:06,2026-10-07 22:25:06.207
2026-10-07 22:15:22,HNUH398P,0101,Jayakumar Arasan,120,120,0,2026-10-07 22:25:06,2026-10-07 22:25:06.362
2026-10-07 22:15:22,HNUH398P,0201,Jayakumar Arasan,120,120,0,2026-10-07 22:25:06,2026-10-07 22:25:06.362
2026-10-07 22:15:22,HONR379W,0101,Blake Wilder,15,15,0,2026-10-07 22:25:07,2026-10-07 22:25:07.658
2026-10-07 22:15:22,IDEA201,0101,Mira Azarm,20,20,0,2026-10-07 22:25:08,2026-10-07 22:25:08.925
2026-10-07 22:15:22,IDEA201,0102,Christina Hnatov,10,10,0,2026-10-07 22:25:08,2026-10-07 22:25:08.926
2026-10-07 22:15:22,IDEA201,0103,Brooke Smith,60,60,0,2026-10-07 22:25:08,2026-10-07 22:25:08.926
2026-10-07 22:15:22,IDEA201,0104,Brooke Smith,60,60,0,2026-10-07 22:25:08,2026-10-07 22:25:08.926
2026-10-07 22:15:22,IDEA311,0101,Brooke Smith,40,40,0,2026-10-07 22:25:09,2026-10-07 22:25:09.139
2026-10-07 22:15:22,IDEA311,0102,Brooke Smith,15,15,0,2026-10-07 22:25:09,2026-10-07 22:25:09.139
2026-10-07 22:15:22,IDEA312,0101,Meredith Kaunitz,15,15,0,2026-10-07 22:25:09,2026-10-07 22:25:09.297
2026-10-07 22:15:22,IMDM101,0101,Stevens Miller,30,30,0,2026-10-07 22:25:10,2026-10-07 22:25:10.884
2026-10-07 22:15:22,IMDM101,0201,Stevens Miller,30,30,0,2026-10-07 22:25:10,2026-10-07 22:25:10.884
2026-10-07 22:15:22,IMDM101,0301,Myungin Lee,30,30,0,2026-10-07 22:25:10,2026-10-07 22:25:10.884
2026-10-07 22:15:22,IMDM127,0101,Matthew Nolan,30,30,0,2026-10-07 22:25:11,2026-10-07 22:25:11.059
2026-10-07 22:15:22,IMDM150,0101,Cy Keener,45,45,0,2026-10-07 22:25:11,2026-10-07 22:25:11.289
2026-10-07 22:15:22,IMDM290,0101,Myungin Lee,30,30,0,2026-10-07 22:25:11,2026-10-07 22:25:11.469
2026-10-07 22:15:22,IMDM290,0201,Myungin Lee,30,30,0,2026-10-07 22:25:11,2026-10-07 22:25:11.469
2026-10-07 22:15:22,IMDM351,0101,Georgia Creson,15,15,0,2026-10-07 22:25:11,2026-10-07 22:25:11.623
2026-10-07 22:15:22,IMDM390,0101,Stefano Passeri,30,30,0,2026-10-07 22:25:11,2026-10-07 22:25:11.779
2026-10-07 22:15:22,IMDM390,0201,Stefano Passeri,30,30,0,2026-10-07 22:25:11,2026-10-07 22:25:11.779
2026-10-07 22:15:22,IMDM491,0101,Matthew Nolan,30,30,0,2026-10-07 22:25:12,2026-10-07 22:25:12.085
2026-10-07 22:15:22,IMDM491,0201,Matthew Nolan,30,30,0,2026-10-07 22:25:12,2026-10-07 22:25:12.085
2026-10-07 22:15:22,IMDM498I,0101,Snehesh Shrestha,16,16,0,2026-10-07 22:25:12,2026-10-07 22:25:12.238
2026-10-07 22:15:22,IMDM498J,0101,Yael Inbar,15,15,0,2026-10-07 22:25:12,2026-10-07 22:25:12.417
2026-10-07 22:15:22,IMMR200,0101,Instructor: TBA,40,40,0,2026-10-07 22:25:13,2026-10-07 22:25:13.816
2026-10-07 22:15:22,IMMR394,0101,Wenxi Yang,25,25,0,2026-10-07 22:25:13,2026-10-07 22:25:13.972
2026-10-07 22:15:22,IMMR399,0101,Christina Getrich,1,1,0,2026-10-07 22:25:14,2026-10-07 22:25:14.121
2026-10-07 22:15:22,INFM612,IM01,Instructor: TBA,40,40,0,2026-10-07 22:25:18,2026-10-07 22:25:18.226
2026-10-07 22:15:22,INFM737,IM01,David Loshin,40,40,0,2026-10-07 22:25:18,2026-10-07 22:25:18.375
2026-10-07 22:15:22,ISRL187,0101,Bernard Cooperman,23,23,0,2026-10-07 22:25:31,2026-10-07 22:25:31.492
2026-10-07 22:15:22,ISRL187,0102,Bernard Cooperman,23,23,0,2026-10-07 22:25:31,2026-10-07 22:25:31.492
2026-10-07 22:15:22,ISRL187,0103,Bernard Cooperman,23,23,0,2026-10-07 22:25:31,2026-10-07 22:25:31.492
2026-10-07 22:15:22,ISRL249O,0101,Aner Tal,35,35,0,2026-10-07 22:25:31,2026-10-07 22:25:31.888
2026-10-07 22:15:22,ISRL249P,0101,Aliza Sandalon,15,15,0,2026-10-07 22:25:32,2026-10-07 22:25:32.059
2026-10-07 22:15:22,ISRL282,0101,Shirelle Doughty,30,30,0,2026-10-07 22:25:32,2026-10-07 22:25:32.230
2026-10-07 22:15:22,ISRL329D,0101,Regev Ben-David,35,35,0,2026-10-07 22:25:32,2026-10-07 22:25:32.382
2026-10-07 22:15:22,ISRL329Y,0101,Marwa Maziad,30,30,0,2026-10-07 22:25:32,2026-10-07 22:25:32.541
2026-10-07 22:15:22,ISRL342,0101,Elli Lieberman,35,35,0,2026-10-07 22:25:32,2026-10-07 22:25:32.727
2026-10-07 22:15:22,ISRL349N,0101,Morad Elsana,30,30,0,2026-10-07 22:25:32,2026-10-07 22:25:32.917
2026-10-07 22:15:22,ISRL349W,0101,Avital Karpman,35,35,0,2026-10-07 22:25:33,2026-10-07 22:25:33.072
2026-10-07 22:15:22,ISRL372,0101,Shirelle Doughty,30,30,0,2026-10-07 22:25:33,2026-10-07 22:25:33.224
2026-10-07 22:15:22,ISRL380,0101,Regev Ben-David,35,35,0,2026-10-07 22:25:33,2026-10-07 22:25:33.377
2026-10-07 22:15:22,ISRL383,0101,Ilai Saltzman,35,35,0,2026-10-07 22:25:33,2026-10-07 22:25:33.545
2026-10-07 22:15:22,JAPN102,0101,Kumiko Akikawa,15,15,0,2026-10-07 22:25:36,2026-10-07 22:25:36.872
2026-10-07 22:15:22,JAPN102,0201,Kumiko Akikawa,15,15,0,2026-10-07 22:25:36,2026-10-07 22:25:36.872
2026-10-07 22:15:22,JAPN202,0101,Makiko Inoue,15,15,0,2026-10-07 22:25:37,2026-10-07 22:25:37.028
2026-10-07 22:15:22,JAPN202,0201,Makiko Inoue,15,15,0,2026-10-07 22:25:37,2026-10-07 22:25:37.028
2026-10-07 22:15:22,JAPN302,0101,Mari Hamada,15,15,0,2026-10-07 22:25:37,2026-10-07 22:25:37.183
2026-10-07 22:15:22,JAPN306,0101,Lindsay Yotsukura,15,15,0,2026-10-07 22:25:37,2026-10-07 22:25:37.331
2026-10-07 22:15:22,JAPN335,0101,Michele Mason,20,20,0,2026-10-07 22:25:37,2026-10-07 22:25:37.483
2026-10-07 22:15:22,JAPN355,0101,Jyana Browne,20,20,0,2026-10-07 22:25:37,2026-10-07 22:25:37.633
2026-10-07 22:15:22,JAPN361,0101,Jyana Browne,20,20,0,2026-10-07 22:25:37,2026-10-07 22:25:37.782
2026-10-07 22:15:22,JAPN425,0101,Michele Mason,30,30,0,2026-10-07 22:25:38,2026-10-07 22:25:38.171
2026-10-07 22:15:22,JAPN457,0101,Lindsay Yotsukura,15,15,0,2026-10-07 22:25:38,2026-10-07 22:25:38.329
2026-10-07 22:15:22,JWST187,0101,Bernard Cooperman,23,23,0,2026-10-07 22:25:55,2026-10-07 22:25:55.578
2026-10-07 22:15:22,JWST187,0102,Bernard Cooperman,23,23,0,2026-10-07 22:25:55,2026-10-07 22:25:55.578
2026-10-07 22:15:22,JWST187,0103,Bernard Cooperman,23,23,0,2026-10-07 22:25:55,2026-10-07 22:25:55.579
2026-10-07 22:15:22,JWST233,0101,Hayim Lapin,45,45,0,2026-10-07 22:25:55,2026-10-07 22:25:55.774
2026-10-07 22:15:22,JWST319A,0101,Daniel Richter,35,35,0,2026-10-07 22:25:55,2026-10-07 22:25:55.930
2026-10-07 22:15:22,JWST319J,0101,Nathan Levine,35,35,0,2026-10-07 22:25:56,2026-10-07 22:25:56.303
2026-10-07 22:15:22,JWST319P,0101,Lauren Kotkin,18,18,0,2026-10-07 22:25:56,2026-10-07 22:25:56.487
2026-10-07 22:15:22,JWST319Q,0101,Regev Ben-David,35,35,0,2026-10-07 22:25:56,2026-10-07 22:25:56.640
2026-10-07 22:15:22,JWST319W,0101,Avital Karpman,35,35,0,2026-10-07 22:25:56,2026-10-07 22:25:56.811
2026-10-07 22:15:22,JWST324,0101,Matthew Suriano,25,25,0,2026-10-07 22:25:56,2026-10-07 22:25:56.967
2026-10-07 22:15:22,JWST372,0101,Shirelle Doughty,30,30,0,2026-10-07 22:25:57,2026-10-07 22:25:57.123
2026-10-07 22:15:22,JWST386,0101,Instructor: TBA,5,5,0,2026-10-07 22:25:57,2026-10-07 22:25:57.274
2026-10-07 22:15:22,JWST419B,0101,Bernard Cooperman,20,20,0,2026-10-07 22:25:58,2026-10-07 22:25:58.498
2026-10-07 22:15:22,JWST427,0101,Matthew Suriano,15,15,0,2026-10-07 22:25:58,2026-10-07 22:25:58.673
2026-10-07 22:15:22,JWST469C,0101,Bernard Cooperman,10,10,0,2026-10-07 22:25:58,2026-10-07 22:25:58.860
2026-10-07 22:15:22,KORA101,0101,Seong Minne Koh,15,15,0,2026-10-07 22:26:17,2026-10-07 22:26:17.769
2026-10-07 22:15:22,KORA102,0101,Saerom Kwak,15,15,0,2026-10-07 22:26:17,2026-10-07 22:26:17.924
2026-10-07 22:15:22,KORA102,0201,Saerom Kwak,15,15,0,2026-10-07 22:26:17,2026-10-07 22:26:17.925
2026-10-07 22:15:22,KORA102,0301,Saerom Kwak,15,15,0,2026-10-07 22:26:17,2026-10-07 22:26:17.925
2026-10-07 22:15:22,KORA102,0401,Saerom Kwak,15,15,0,2026-10-07 22:26:17,2026-10-07 22:26:17.925
2026-10-07 22:15:22,KORA202,0101,Seong Minne Koh,15,15,0,2026-10-07 22:26:18,2026-10-07 22:26:18.080
2026-10-07 22:15:22,KORA202,0301,Seong Minne Koh,15,15,0,2026-10-07 22:26:18,2026-10-07 22:26:18.080
2026-10-07 22:15:22,KORA398O,0101,Instructor: TBA,10,10,0,2026-10-07 22:26:18,2026-10-07 22:26:18.238
2026-10-07 22:15:22,KORA398V,0101,Seong Minne Koh,10,10,0,2026-10-07 22:26:18,2026-10-07 22:26:18.396
2026-10-07 22:15:22,LEAD217,0101,Festus Ainoo,25,25,0,2026-10-07 22:26:32,2026-10-07 22:26:32.407
2026-10-07 22:15:22,LEAD217,0201,Festus Ainoo,25,25,0,2026-10-07 22:26:32,2026-10-07 22:26:32.408
2026-10-07 22:15:22,LEAD321,0101,Courtney Holder,10,10,0,2026-10-07 22:26:32,2026-10-07 22:26:32.561
2026-10-07 22:15:22,LEAD417,0101,Anastasia Lavrenyuk,20,20,0,2026-10-07 22:26:32,2026-10-07 22:26:32.727
2026-10-07 22:15:22,LGBT200,0101,Sayan Bhattacharya,25,25,0,2026-10-07 22:26:33,2026-10-07 22:26:33.987
2026-10-07 22:15:22,LGBT200,0102,Sayan Bhattacharya,25,25,0,2026-10-07 22:26:33,2026-10-07 22:26:33.987
2026-10-07 22:15:22,LGBT265,0201,Instructor: TBA,30,30,0,2026-10-07 22:26:34,2026-10-07 22:26:34.140
2026-10-07 22:15:22,LGBT306,0101,Sydney Lewis,30,30,0,2026-10-07 22:26:34,2026-10-07 22:26:34.290
2026-10-07 22:15:22,LGBT310,0101,Sayan Bhattacharya,25,25,0,2026-10-07 22:26:34,2026-10-07 22:26:34.449
2026-10-07 22:15:22,LGBT338F,0101,Alexis Lothian,30,30,0,2026-10-07 22:26:34,2026-10-07 22:26:34.783
2026-10-07 22:15:22,LGBT475,0101,Sydney Lewis,20,20,0,2026-10-07 22:26:35,2026-10-07 22:26:35.343
2026-10-07 22:15:22,MLAW150,0101,David Gray,25,25,0,2026-10-07 22:27:00,2026-10-07 22:27:00.339
2026-10-07 22:15:22,MLAW150,0102,David Gray,25,25,0,2026-10-07 22:27:00,2026-10-07 22:27:00.339
2026-10-07 22:15:22,MLAW150,0103,David Gray,25,25,0,2026-10-07 22:27:00,2026-10-07 22:27:00.340
2026-10-07 22:15:22,MLAW304,0101,Christine White,40,40,0,2026-10-07 22:27:00,2026-10-07 22:27:00.514
2026-10-07 22:15:22,MLAW305,0201,Brian Gilmore,60,60,0,2026-10-07 22:27:00,2026-10-07 22:27:00.671
2026-10-07 22:15:22,MLAW325,0101,Grace Benton,12,12,0,2026-10-07 22:27:00,2026-10-07 22:27:00.823
2026-10-07 22:15:22,MLAW358W,0101,Michael Spivey,25,25,0,2026-10-07 22:27:00,2026-10-07 22:27:00.987
2026-10-07 22:15:22,MLAW358W,0102,Michael Spivey,25,25,0,2026-10-07 22:27:00,2026-10-07 22:27:00.987
2026-10-07 22:15:22,MLAW358W,0103,Michael Spivey,25,25,0,2026-10-07 22:27:00,2026-10-07 22:27:00.987
2026-10-07 22:15:22,MLAW358W,0104,Michael Spivey,25,25,0,2026-10-07 22:27:00,2026-10-07 22:27:00.987
2026-10-07 22:15:22,MLAW358W,0105,Michael Spivey,25,25,0,2026-10-07 22:27:00,2026-10-07 22:27:00.988
2026-10-07 22:15:22,MLAW358W,0106,Michael Spivey,25,25,0,2026-10-07 22:27:00,2026-10-07 22:27:00.988
2026-10-07 22:15:22,MLAW358Y,0101,Martin Kobren,5,5,0,2026-10-07 22:27:01,2026-10-07 22:27:01.214
2026-10-07 22:15:22,MLAW358Z,0101,Christine White,19,19,0,2026-10-07 22:27:01,2026-10-07 22:27:01.418
2026-10-07 22:15:22,MLAW359,0101,Brandee Pettus,8,8,0,2026-10-07 22:27:01,2026-10-07 22:27:01.630
2026-10-07 22:15:22,MLAW378E,0101,Brandee Pettus,5,5,0,2026-10-07 22:27:01,2026-10-07 22:27:01.799
2026-10-07 22:15:22,MLAW378F,0101,Brian Gilmore,15,15,0,2026-10-07 22:27:02,2026-10-07 22:27:02.092
2026-10-07 22:15:22,MLAW378J,0101,Natalie Ram,20,20,0,2026-10-07 22:27:02,2026-10-07 22:27:02.279
2026-10-07 22:15:22,MLAW378T,0101,Marley Weiss,20,20,0,2026-10-07 22:27:02,2026-10-07 22:27:02.454
2026-10-07 22:15:22,MLAW388,0101,Brandee Pettus,33,33,0,2026-10-07 22:27:02,2026-10-07 22:27:02.668
2026-10-07 22:15:22,MLAW388,0201,Brandee Pettus,6,6,0,2026-10-07 22:27:02,2026-10-07 22:27:02.669
2026-10-07 22:15:22,MLAW404,0101,Christine White,75,75,0,2026-10-07 22:27:02,2026-10-07 22:27:02.827
2026-10-07 22:15:22,MSAI632,PCS1,Mohammad Nayeem Teli,50,50,0,2026-10-07 22:27:04,2026-10-07 22:27:04.139
2026-10-07 22:15:22,MSAI633,PCS1,Tammy Perrin,44,44,0,2026-10-07 22:27:04,2026-10-07 22:27:04.297
2026-10-07 22:15:22,NAVY101,0101,Beau Cisneros,30,30,0,2026-10-07 22:27:23,2026-10-07 22:27:23.550
2026-10-07 22:15:22,NAVY108,0101,Christopher Boehm,150,150,0,2026-10-07 22:27:23,2026-10-07 22:27:23.706
2026-10-07 22:15:22,NAVY201,0101,Austin Cranfill,30,30,0,2026-10-07 22:27:23,2026-10-07 22:27:23.878
2026-10-07 22:15:22,NAVY301,0101,Beau Cisneros,35,35,0,2026-10-07 22:27:24,2026-10-07 22:27:24.038
2026-10-07 22:15:22,NAVY401,0101,John Gonser,36,36,0,2026-10-07 22:27:24,2026-10-07 22:27:24.254
2026-10-07 22:15:22,NAVY402,0102,Jenna Weiner,25,25,0,2026-10-07 22:27:24,2026-10-07 22:27:24.416
2026-10-07 22:15:22,NEUR200,0101,Ana Navarro Cebrian,90,90,0,2026-10-07 22:27:25,2026-10-07 22:27:25.691
2026-10-07 22:15:22,NEUR200,0201,Ana Navarro Cebrian,90,90,0,2026-10-07 22:27:25,2026-10-07 22:27:25.691
2026-10-07 22:15:22,NEUR305,0101,Amanda Chicoli,90,90,0,2026-10-07 22:27:25,2026-10-07 22:27:25.847
2026-10-07 22:15:22,NEUR306,0101,Chan Lin,64,64,0,2026-10-07 22:27:26,2026-10-07 22:27:26.005
2026-10-07 22:15:22,NEUR306,0102,Melissa Caras,40,40,0,2026-10-07 22:27:26,2026-10-07 22:27:26.006
2026-10-07 22:15:22,NEUR338A,0101,Amanda Chicoli,20,20,0,2026-10-07 22:27:26,2026-10-07 22:27:26.308
2026-10-07 22:15:22,NEUR398H,0101,Nikolas Francis,20,20,0,2026-10-07 22:27:26,2026-10-07 22:27:26.757
2026-10-07 22:15:22,NEUR405,0101,Hilary Bierman,16,16,0,2026-10-07 22:27:26,2026-10-07 22:27:26.922
2026-10-07 22:15:22,NEUR405,0102,Hilary Bierman,16,16,0,2026-10-07 22:27:26,2026-10-07 22:27:26.922
2026-10-07 22:15:22,NEUR405,0103,Hilary Bierman,16,16,0,2026-10-07 22:27:26,2026-10-07 22:27:26.923
2026-10-07 22:15:22,NEUR405,0106,Hilary Bierman,16,16,0,2026-10-07 22:27:26,2026-10-07 22:27:26.923
2026-10-07 22:15:22,PEER318,0101,Christina Jay,15,15,0,2026-10-07 22:27:33,2026-10-07 22:27:33.287
2026-10-07 22:15:22,PEER319,0101,Grace Boudreau,15,15,0,2026-10-07 22:27:33,2026-10-07 22:27:33.443
2026-10-07 22:15:22,PEER322,0101,Aleia Gardner,15,15,0,2026-10-07 22:27:33,2026-10-07 22:27:33.646
2026-10-07 22:15:22,PHPE308A,0101,Rachel Singpurwalla,25,25,0,2026-10-07 22:27:46,2026-10-07 22:27:46.554
2026-10-07 22:15:22,PHPE308M,0101,Eric Pacuit,30,30,0,2026-10-07 22:27:46,2026-10-07 22:27:46.717
2026-10-07 22:15:22,PHPE308P,0101,Xinzhi Zhao,30,30,0,2026-10-07 22:27:46,2026-10-07 22:27:46.867
2026-10-07 22:15:22,PHPE308U,0101,Aner Tal,35,35,0,2026-10-07 22:27:47,2026-10-07 22:27:47.026
2026-10-07 22:15:22,PHPE308Z,0101,Hallie Liberto,30,30,0,2026-10-07 22:27:47,2026-10-07 22:27:47.514
2026-10-07 22:15:22,PHPE400,0101,Instructor: TBA,30,30,0,2026-10-07 22:27:47,2026-10-07 22:27:47.900
2026-10-07 22:15:22,PHPE401,0101,Xinzhi Zhao,27,27,0,2026-10-07 22:27:48,2026-10-07 22:27:48.069
2026-10-07 22:15:22,PHPE401,0102,Xinzhi Zhao,27,27,0,2026-10-07 22:27:48,2026-10-07 22:27:48.070
2026-10-07 22:15:22,PHPE402,0101,Ben Fan,30,30,0,2026-10-07 22:27:48,2026-10-07 22:27:48.226
2026-10-07 22:15:22,PHPE408M,0101,Nicholas Laskowski,25,25,0,2026-10-07 22:27:48,2026-10-07 22:27:48.376
2026-10-07 22:15:22,PHPE408Q,0101,Samuel Kerstein,20,20,0,2026-10-07 22:27:48,2026-10-07 22:27:48.534
2026-10-07 22:15:22,PHPE408Z,0101,Avia Pasternak,30,30,0,2026-10-07 22:27:48,2026-10-07 22:27:48.691
2026-10-07 22:15:22,PHSC399,0101,Shannon Edward,30,30,0,2026-10-07 22:27:50,2026-10-07 22:27:50.174
2026-10-07 22:15:22,PHSC399,ESG1,Shannon Edward,20,20,0,2026-10-07 22:27:50,2026-10-07 22:27:50.174
2026-10-07 22:15:22,PHSC415,0101,Jessica O'Hara,36,36,0,2026-10-07 22:27:50,2026-10-07 22:27:50.341
2026-10-07 22:15:22,PHSC415,0102,Jessica O'Hara,36,36,0,2026-10-07 22:27:50,2026-10-07 22:27:50.341
2026-10-07 22:15:22,PHSC415,0103,Jessica O'Hara,36,36,0,2026-10-07 22:27:50,2026-10-07 22:27:50.341
2026-10-07 22:15:22,PHSC415,0104,Jessica O'Hara,36,36,0,2026-10-07 22:27:50,2026-10-07 22:27:50.342
2026-10-07 22:15:22,PHSC415,0105,Jessica O'Hara,36,36,0,2026-10-07 22:27:50,2026-10-07 22:27:50.342
2026-10-07 22:15:22,PHSC425,0101,Jennifer German,30,30,0,2026-10-07 22:27:50,2026-10-07 22:27:50.494
2026-10-07 22:15:22,PHSC440,0101,Kendall Bustad,35,35,0,2026-10-07 22:27:50,2026-10-07 22:27:50.649
2026-10-07 22:15:22,PHSC450,0101,Kendall Bustad,20,20,0,2026-10-07 22:27:50,2026-10-07 22:27:50.822
2026-10-07 22:15:22,PHSC450,0102,Kendall Bustad,20,20,0,2026-10-07 22:27:50,2026-10-07 22:27:50.823
2026-10-07 22:15:22,PHSC450,0103,Kendall Bustad,20,20,0,2026-10-07 22:27:50,2026-10-07 22:27:50.823
2026-10-07 22:15:22,PHSC450,0104,Kendall Bustad,20,20,0,2026-10-07 22:27:50,2026-10-07 22:27:50.823
2026-10-07 22:15:22,PHSC450,0105,Kendall Bustad,20,20,0,2026-10-07 22:27:50,2026-10-07 22:27:50.823
2026-10-07 22:15:22,PHSC450,0106,Kendall Bustad,20,20,0,2026-10-07 22:27:50,2026-10-07 22:27:50.823
2026-10-07 22:15:22,PHSC450,0107,Kendall Bustad,20,20,0,2026-10-07 22:27:50,2026-10-07 22:27:50.823
2026-10-07 22:15:22,PHSC490,0101,Shannon Edward,30,30,0,2026-10-07 22:27:50,2026-10-07 22:27:50.978
2026-10-07 22:15:22,PHSC497,0101,Gretchen De Silva,20,20,0,2026-10-07 22:27:51,2026-10-07 22:27:51.163
2026-10-07 22:15:22,PHSC497,0201,Kendall Bustad,20,20,0,2026-10-07 22:27:51,2026-10-07 22:27:51.163
2026-10-07 22:15:22,PHSC497,0301,Gretchen De Silva,20,20,0,2026-10-07 22:27:51,2026-10-07 22:27:51.164
2026-10-07 22:15:22,PHSC497,0401,Aysha Jawed,20,20,0,2026-10-07 22:27:51,2026-10-07 22:27:51.164
2026-10-07 22:15:22,PHSC497,0501,Jennifer German,20,20,0,2026-10-07 22:27:51,2026-10-07 22:27:51.164
2026-10-07 22:15:22,PHSC497,0601,Ann Truelove,20,20,0,2026-10-07 22:27:51,2026-10-07 22:27:51.164
2026-10-07 22:15:22,PHSC497,0701,Lakeshia Watson,20,20,0,2026-10-07 22:27:51,2026-10-07 22:27:51.164
2026-10-07 22:15:22,PHSC497,0801,Carmen Booker,20,20,0,2026-10-07 22:27:51,2026-10-07 22:27:51.164
2026-10-07 22:15:22,PHSC497,0901,Darya Soltani,20,20,0,2026-10-07 22:27:51,2026-10-07 22:27:51.165
2026-10-07 22:15:22,PHSC497,1001,Brienna Anderson,20,20,0,2026-10-07 22:27:51,2026-10-07 22:27:51.165
2026-10-07 22:15:22,PHSC497,1101,Margaret Smith,20,20,0,2026-10-07 22:27:51,2026-10-07 22:27:51.165
2026-10-07 22:15:22,PHSC497,1201,Eric Silfen,20,20,0,2026-10-07 22:27:51,2026-10-07 22:27:51.165
2026-10-07 22:15:22,PHSC497,1301,Lakeshia Watson,20,20,0,2026-10-07 22:27:51,2026-10-07 22:27:51.165
2026-10-07 22:15:22,RDEV250,0101,Wayne Ricardo Curtis,75,75,0,2026-10-07 22:28:32,2026-10-07 22:28:32.819
2026-10-07 22:15:22,RDEV250,0102,Wayne Ricardo Curtis,75,75,0,2026-10-07 22:28:32,2026-10-07 22:28:32.819
2026-10-07 22:15:22,RDEV270,0101,John Park,30,30,0,2026-10-07 22:28:32,2026-10-07 22:28:32.972
2026-10-07 22:15:22,RDEV350,0101,Jesse Saginor,25,25,0,2026-10-07 22:28:33,2026-10-07 22:28:33.127
2026-10-07 22:15:22,RDEV350,0102,Instructor: TBA,30,30,0,2026-10-07 22:28:33,2026-10-07 22:28:33.127
2026-10-07 22:15:22,RDEV410,0101,Peter Goldsmith,30,30,0,2026-10-07 22:28:33,2026-10-07 22:28:33.291
2026-10-07 22:15:22,RDEV415,0101,Bilal Ali,20,20,0,2026-10-07 22:28:33,2026-10-07 22:28:33.447
2026-10-07 22:15:22,RDEV445,0101,Matthew O'Malley,15,15,0,2026-10-07 22:28:33,2026-10-07 22:28:33.600
2026-10-07 22:15:22,RDEV450,0101,Kathryn Corby,30,30,0,2026-10-07 22:28:33,2026-10-07 22:28:33.757
2026-10-07 22:15:22,RDEV450,0102,Thomas Dwyer,20,20,0,2026-10-07 22:28:33,2026-10-07 22:28:33.757
2026-10-07 22:15:22,RDEV450,0103,John Park,30,30,0,2026-10-07 22:28:33,2026-10-07 22:28:33.757
2026-10-07 22:15:22,RDEV478D,0101,Jesse Saginor,20,20,0,2026-10-07 22:28:33,2026-10-07 22:28:33.909
2026-10-07 22:15:22,RDEV600,0101,Jesse Saginor,10,10,0,2026-10-07 22:28:34,2026-10-07 22:28:34.090
2026-10-07 22:15:22,RDEV603,0101,Thomas Dwyer,18,18,0,2026-10-07 22:28:34,2026-10-07 22:28:34.247
2026-10-07 22:15:22,RDEV610,0101,David Warner,20,20,0,2026-10-07 22:28:34,2026-10-07 22:28:34.407
2026-10-07 22:15:22,RDEV615,0101,Bilal Ali,20,20,0,2026-10-07 22:28:34,2026-10-07 22:28:34.558
2026-10-07 22:15:22,RDEV630,0101,Mansur Abdul-Malik,30,30,0,2026-10-07 22:28:34,2026-10-07 22:28:34.710
2026-10-07 22:15:22,RDEV650,0101,Matthew O'Malley,25,25,0,2026-10-07 22:28:34,2026-10-07 22:28:34.864
2026-10-07 22:15:22,RDEV689F,0101,Zachary Marks,20,20,0,2026-10-07 22:28:35,2026-10-07 22:28:35.017
2026-10-07 22:15:22,RDEV689I,0101,Ronald McDonald,14,14,0,2026-10-07 22:28:35,2026-10-07 22:28:35.180
2026-10-07 22:15:22,RDEV689R,0101,Nick Egelanian,15,15,0,2026-10-07 22:28:35,2026-10-07 22:28:35.336
2026-10-07 22:15:22,RDEV689Y,0101,Instructor: TBA,12,12,0,2026-10-07 22:28:35,2026-10-07 22:28:35.561
2026-10-07 22:15:22,RDEV690,0101,Tanya Bansal,12,12,0,2026-10-07 22:28:35,2026-10-07 22:28:35.720
2026-10-07 22:15:22,RELS170,0101,Katherine Wasdin,21,21,0,2026-10-07 22:28:36,2026-10-07 22:28:37.009
2026-10-07 22:15:22,RELS170,0102,Katherine Wasdin,21,21,0,2026-10-07 22:28:36,2026-10-07 22:28:37.009
2026-10-07 22:15:22,RELS170,0103,Katherine Wasdin,21,21,0,2026-10-07 22:28:36,2026-10-07 22:28:37.010
2026-10-07 22:15:22,RELS170,0104,Katherine Wasdin,21,21,0,2026-10-07 22:28:36,2026-10-07 22:28:37.010
2026-10-07 22:15:22,RELS170,0105,Katherine Wasdin,21,21,0,2026-10-07 22:28:36,2026-10-07 22:28:37.010
2026-10-07 22:15:22,RELS170,0106,Katherine Wasdin,21,21,0,2026-10-07 22:28:36,2026-10-07 22:28:37.010
2026-10-07 22:15:22,RELS170,0107,Katherine Wasdin,21,21,0,2026-10-07 22:28:36,2026-10-07 22:28:37.010
2026-10-07 22:15:22,RELS170,0108,Katherine Wasdin,21,21,0,2026-10-07 22:28:36,2026-10-07 22:28:37.011
2026-10-07 22:15:22,RELS170,0109,Katherine Wasdin,21,21,0,2026-10-07 22:28:36,2026-10-07 22:28:37.011
2026-10-07 22:15:22,RELS264,0101,Jay Moses,30,30,0,2026-10-07 22:28:37,2026-10-07 22:28:37.169
2026-10-07 22:15:22,RELS271,0101,Instructor: TBA,40,40,0,2026-10-07 22:28:37,2026-10-07 22:28:37.322
2026-10-07 22:15:22,RELS319Q,0101,Regev Ben-David,35,35,0,2026-10-07 22:28:37,2026-10-07 22:28:37.482
2026-10-07 22:15:22,RELS342,0101,Stefano Villani,27,27,0,2026-10-07 22:28:37,2026-10-07 22:28:37.632
2026-10-07 22:15:22,RELS427,0101,Matthew Suriano,15,15,0,2026-10-07 22:28:37,2026-10-07 22:28:37.784
2026-10-07 22:15:22,RELS429M,0101,Antoine Borrut,27,27,0,2026-10-07 22:28:37,2026-10-07 22:28:37.951
2026-10-07 22:15:22,RUSS102,0101,Inna Hardman,15,15,0,2026-10-07 22:28:39,2026-10-07 22:28:39.271
2026-10-07 22:15:22,RUSS102,0201,Inna Hardman,15,15,0,2026-10-07 22:28:39,2026-10-07 22:28:39.271
2026-10-07 22:15:22,RUSS202,0101,Zhanna Gerus-Vernola,15,15,0,2026-10-07 22:28:39,2026-10-07 22:28:39.426
2026-10-07 22:15:22,RUSS302,0101,Izolda Savenkova,15,15,0,2026-10-07 22:28:39,2026-10-07 22:28:39.578
2026-10-07 22:15:22,RUSS398A,0101,Instructor: TBA,15,15,0,2026-10-07 22:28:39,2026-10-07 22:28:39.882
2026-10-07 22:15:22,RUSS398F,0101,Elizabeth Papazian,25,25,0,2026-10-07 22:28:40,2026-10-07 22:28:40.036
2026-10-07 22:15:22,RUSS406,0101,Izolda Savenkova,15,15,0,2026-10-07 22:28:40,2026-10-07 22:28:40.332
2026-10-07 22:15:22,RUSS412,0101,Inna Hardman,15,15,0,2026-10-07 22:28:40,2026-10-07 22:28:40.490
2026-10-07 22:15:22,SDSB123,0101,Srijeeta Mitra,26,26,0,2026-10-07 22:28:41,2026-10-07 22:28:41.878
2026-10-07 22:15:22,SDSB180,0101,Srijeeta Mitra,155,155,0,2026-10-07 22:28:42,2026-10-07 22:28:42.042
2026-10-07 22:15:22,SDSB233,0101,Richard Engstrom,28,28,0,2026-10-07 22:28:42,2026-10-07 22:28:42.197
2026-10-07 22:15:22,SDSB233,0102,Richard Engstrom,28,28,0,2026-10-07 22:28:42,2026-10-07 22:28:42.197
2026-10-07 22:15:22,SDSB326,0101,Jacob Coutts,40,40,0,2026-10-07 22:28:42,2026-10-07 22:28:42.353
2026-10-07 22:15:22,SDSB340,0101,Neil Lund,24,24,0,2026-10-07 22:28:42,2026-10-07 22:28:42.518
2026-10-07 22:15:22,SDSI414,0101,Instructor: TBA,40,40,0,2026-10-07 22:28:43,2026-10-07 22:28:43.765
2026-10-07 22:15:22,SDSI414,0102,Instructor: TBA,40,40,0,2026-10-07 22:28:43,2026-10-07 22:28:43.766
2026-10-07 22:15:22,SDSI414,0103,Instructor: TBA,40,40,0,2026-10-07 22:28:43,2026-10-07 22:28:43.766
2026-10-07 22:15:22,SDSI414,0201,Instructor: TBA,40,40,0,2026-10-07 22:28:43,2026-10-07 22:28:43.766
2026-10-07 22:15:22,SDSI414,0202,Instructor: TBA,40,40,0,2026-10-07 22:28:43,2026-10-07 22:28:43.766
2026-10-07 22:15:22,SDSI492,0101,Instructor: TBA,45,45,0,2026-10-07 22:28:43,2026-10-07 22:28:43.938
2026-10-07 22:15:22,SDSI492,0103,Instructor: TBA,45,45,0,2026-10-07 22:28:43,2026-10-07 22:28:43.938
2026-10-07 22:15:22,SDSI492,0104,Andrew Fellows,35,35,0,2026-10-07 22:28:43,2026-10-07 22:28:43.938
2026-10-07 22:15:22,SDSI492,0105,Instructor: TBA,45,45,0,2026-10-07 22:28:43,2026-10-07 22:28:43.938
2026-10-07 22:15:22,SDSI492,0106,Instructor: TBA,45,45,0,2026-10-07 22:28:43,2026-10-07 22:28:43.939
2026-10-07 22:15:22,SDSI492,0107,TJ Rainsford,45,45,0,2026-10-07 22:28:43,2026-10-07 22:28:43.939
2026-10-07 22:15:22,SDSI492,0108,TJ Rainsford,45,45,0,2026-10-07 22:28:43,2026-10-07 22:28:43.939
2026-10-07 22:15:22,SDSI492,0110,Patrick Thornton,45,45,0,2026-10-07 22:28:43,2026-10-07 22:28:43.939
2026-10-07 22:15:22,SDSI496,0101,Jacob Coutts,25,25,0,2026-10-07 22:28:44,2026-10-07 22:28:44.092
2026-10-07 22:15:22,SLLC109I,0101,Instructor: TBA,5,5,0,2026-10-07 22:28:47,2026-10-07 22:28:47.026
2026-10-07 22:15:22,SLLC286,0101,Andrew Schonebaum,60,60,0,2026-10-07 22:28:47,2026-10-07 22:28:47.178
2026-10-07 22:15:22,SLLC287,0101,Sean Pue,20,20,0,2026-10-07 22:28:47,2026-10-07 22:28:47.342
2026-10-07 22:15:22,SLLC305,0101,Nahal Akbari-Saneh,25,25,0,2026-10-07 22:28:47,2026-10-07 22:28:47.500
2026-10-07 22:15:22,SLLC309,0101,Ahmed Hanafy,10,10,0,2026-10-07 22:28:47,2026-10-07 22:28:47.682
2026-10-07 22:15:22,SLLC309,0102,Ahmed Hanafy,10,10,0,2026-10-07 22:28:47,2026-10-07 22:28:47.682
2026-10-07 22:15:22,SLLC309,0103,Ahmed Hanafy,10,10,0,2026-10-07 22:28:47,2026-10-07 22:28:47.683
2026-10-07 22:15:22,SLLC309,0104,Ahmed Hanafy,10,10,0,2026-10-07 22:28:47,2026-10-07 22:28:47.683
2026-10-07 22:15:22,SLLC309,0105,Ahmed Hanafy,10,10,0,2026-10-07 22:28:47,2026-10-07 22:28:47.683
2026-10-07 22:15:22,SLLC309,0106,Ahmed Hanafy,10,10,0,2026-10-07 22:28:47,2026-10-07 22:28:47.683
2026-10-07 22:15:22,SLLC309,0107,Ahmed Hanafy,10,10,0,2026-10-07 22:28:47,2026-10-07 22:28:47.683
2026-10-07 22:15:22,SLLC309,0108,Ahmed Hanafy,10,10,0,2026-10-07 22:28:47,2026-10-07 22:28:47.683
2026-10-07 22:15:22,SLLC309,0109,Ahmed Hanafy,10,10,0,2026-10-07 22:28:47,2026-10-07 22:28:47.684
2026-10-07 22:15:22,SLLC309,0110,Ahmed Hanafy,10,10,0,2026-10-07 22:28:47,2026-10-07 22:28:47.684
2026-10-07 22:15:22,SLLC309,0111,Ahmed Hanafy,10,10,0,2026-10-07 22:28:47,2026-10-07 22:28:47.684
2026-10-07 22:15:22,SLLC329,0101,Marilyn Matar,10,10,0,2026-10-07 22:28:47,2026-10-07 22:28:47.854
2026-10-07 22:15:22,SLLC329,0102,Marilyn Matar,10,10,0,2026-10-07 22:28:47,2026-10-07 22:28:47.855
2026-10-07 22:15:22,SLLC329,0103,Marilyn Matar,20,20,0,2026-10-07 22:28:47,2026-10-07 22:28:47.855
2026-10-07 22:15:22,SLLC329,0104,Marilyn Matar,10,10,0,2026-10-07 22:28:47,2026-10-07 22:28:47.855
2026-10-07 22:15:22,SLLC329,0105,Marilyn Matar,10,10,0,2026-10-07 22:28:47,2026-10-07 22:28:47.855
2026-10-07 22:15:22,SLLC329,0106,Marilyn Matar,10,10,0,2026-10-07 22:28:47,2026-10-07 22:28:47.855
2026-10-07 22:15:22,SLLC329,0107,Marilyn Matar,10,10,0,2026-10-07 22:28:47,2026-10-07 22:28:47.856
2026-10-07 22:15:22,SLLC329,0108,Marilyn Matar,10,10,0,2026-10-07 22:28:47,2026-10-07 22:28:47.856
2026-10-07 22:15:22,SLLC329,0109,Marilyn Matar,10,10,0,2026-10-07 22:28:47,2026-10-07 22:28:47.856
2026-10-07 22:15:22,SLLC329,0110,Marilyn Matar,20,20,0,2026-10-07 22:28:47,2026-10-07 22:28:47.856
2026-10-07 22:15:22,SMLP471,0101,Jennifer Hsin,60,60,0,2026-10-07 22:28:49,2026-10-07 22:28:49.093
2026-10-07 22:15:22,SMLP474,0101,Sara Herald,60,60,0,2026-10-07 22:28:49,2026-10-07 22:28:49.249
2026-10-07 22:15:22,SPHL100,0101,Shuling Wu,20,20,0,2026-10-07 22:29:03,2026-10-07 22:29:03.039
2026-10-07 22:15:22,SPHL100,0102,Shuling Wu,20,20,0,2026-10-07 22:29:03,2026-10-07 22:29:03.039
2026-10-07 22:15:22,SPHL100,0103,Shuling Wu,20,20,0,2026-10-07 22:29:03,2026-10-07 22:29:03.040
2026-10-07 22:15:22,SPHL100,0104,Shuling Wu,20,20,0,2026-10-07 22:29:03,2026-10-07 22:29:03.040
2026-10-07 22:15:22,SPHL100,0105,Shuling Wu,20,20,0,2026-10-07 22:29:03,2026-10-07 22:29:03.040
2026-10-07 22:15:22,SPHL100,0106,Shuling Wu,20,20,0,2026-10-07 22:29:03,2026-10-07 22:29:03.040
2026-10-07 22:15:22,SPHL100,0107,Shuling Wu,20,20,0,2026-10-07 22:29:03,2026-10-07 22:29:03.040
2026-10-07 22:15:22,SPHL100,0108,Shuling Wu,20,20,0,2026-10-07 22:29:03,2026-10-07 22:29:03.040
2026-10-07 22:15:22,SPHL100,0109,Shuling Wu,20,20,0,2026-10-07 22:29:03,2026-10-07 22:29:03.041
2026-10-07 22:15:22,SPHL100,0110,Shuling Wu,20,20,0,2026-10-07 22:29:03,2026-10-07 22:29:03.041
2026-10-07 22:15:22,SPHL100,0201,Shuling Wu,20,20,0,2026-10-07 22:29:03,2026-10-07 22:29:03.041
2026-10-07 22:15:22,SPHL100,0202,Shuling Wu,20,20,0,2026-10-07 22:29:03,2026-10-07 22:29:03.041
2026-10-07 22:15:22,SPHL100,0203,Shuling Wu,20,20,0,2026-10-07 22:29:03,2026-10-07 22:29:03.041
2026-10-07 22:15:22,SPHL100,0204,Shuling Wu,20,20,0,2026-10-07 22:29:03,2026-10-07 22:29:03.042
2026-10-07 22:15:22,SPHL100,0205,Shuling Wu,20,20,0,2026-10-07 22:29:03,2026-10-07 22:29:03.042
2026-10-07 22:15:22,SPHL100,0206,Shuling Wu,20,20,0,2026-10-07 22:29:03,2026-10-07 22:29:03.042
2026-10-07 22:15:22,SPHL100,0207,Shuling Wu,20,20,0,2026-10-07 22:29:03,2026-10-07 22:29:03.042
2026-10-07 22:15:22,SPHL100,0208,Shuling Wu,20,20,0,2026-10-07 22:29:03,2026-10-07 22:29:03.042
2026-10-07 22:15:22,SPHL246,0101,April Khaing,20,20,0,2026-10-07 22:29:03,2026-10-07 22:29:03.245
2026-10-07 22:15:22,SPHL276,0101,Dina Borzekowski,25,25,0,2026-10-07 22:29:03,2026-10-07 22:29:03.419
2026-10-07 22:15:22,SPHL321,0101,Sylvette La Touche-Howard,15,15,0,2026-10-07 22:29:03,2026-10-07 22:29:03.584
2026-10-07 22:15:22,SPHL333,0101,Cynthia Kershaw,75,75,0,2026-10-07 22:29:03,2026-10-07 22:29:03.737
2026-10-07 22:15:22,SPHL478,0101,Tracy Zeeger,10,10,0,2026-10-07 22:29:04,2026-10-07 22:29:04.043
2026-10-07 22:15:22,SPHL600,0101,Sylvette La Touche-Howard,8,8,0,2026-10-07 22:29:04,2026-10-07 22:29:04.201
2026-10-07 22:15:22,SPHL610,0101,Danielle Catona,22,22,0,2026-10-07 22:29:04,2026-10-07 22:29:04.372
2026-10-07 22:15:22,SPHL610,0102,Danielle Catona,22,22,0,2026-10-07 22:29:04,2026-10-07 22:29:04.372
2026-10-07 22:15:22,SPHL610,0103,Danielle Catona,22,22,0,2026-10-07 22:29:04,2026-10-07 22:29:04.372
2026-10-07 22:15:22,SPHL610,PLB1,Priscilla Novak,20,20,0,2026-10-07 22:29:04,2026-10-07 22:29:04.372
2026-10-07 22:15:22,SPHL610,PLH1,Priscilla Novak,28,28,0,2026-10-07 22:29:04,2026-10-07 22:29:04.373
2026-10-07 22:15:22,SPHL610,PLK1,Priscilla Novak,5,5,0,2026-10-07 22:29:04,2026-10-07 22:29:04.373
2026-10-07 22:15:22,SPHL611,0101,Danielle Catona,45,45,0,2026-10-07 22:29:04,2026-10-07 22:29:04.531
2026-10-07 22:15:22,SPHL611,0201,Danielle Catona,45,45,0,2026-10-07 22:29:04,2026-10-07 22:29:04.531
2026-10-07 22:15:22,SPHL611,PLB1,Evelyn King-Marshall,20,20,0,2026-10-07 22:29:04,2026-10-07 22:29:04.531
2026-10-07 22:15:22,SPHL611,PLH1,Evelyn King-Marshall,28,28,0,2026-10-07 22:29:04,2026-10-07 22:29:04.532
2026-10-07 22:15:22,SPHL611,PLK1,Evelyn King-Marshall,5,5,0,2026-10-07 22:29:04,2026-10-07 22:29:04.532
2026-10-07 22:15:22,SPHL612,0101,James Hagberg,15,15,0,2026-10-07 22:29:04,2026-10-07 22:29:04.686
2026-10-07 22:15:22,TLTC310,0101,Sarah Kistner,20,20,0,2026-10-07 22:29:23,2026-10-07 22:29:23.434
2026-10-07 22:15:22,TLTC333,0101,Mona Thompson,55,55,0,2026-10-07 22:29:23,2026-10-07 22:29:23.599
2026-10-07 22:15:22,TLTC333,0102,Mona Thompson,55,55,0,2026-10-07 22:29:23,2026-10-07 22:29:23.599
2026-10-07 22:15:22,TLTC333,0105,Mona Thompson,55,55,0,2026-10-07 22:29:23,2026-10-07 22:29:23.599
2026-10-07 22:15:22,URSP372,0101,Priscila Alves,20,20,0,2026-10-07 22:29:29,2026-10-07 22:29:29.084
2026-10-07 22:15:22,URSP488A,0101,Chengri Ding,30,30,0,2026-10-07 22:29:29,2026-10-07 22:29:29.238
2026-10-07 22:15:22,URSP600,0101,Kevin Nelson,25,25,0,2026-10-07 22:29:29,2026-10-07 22:29:29.391
2026-10-07 22:15:22,URSP603,0101,Dawn Jourdan,33,33,0,2026-10-07 22:29:29,2026-10-07 22:29:29.546
2026-10-07 22:15:22,URSP606,0101,Chengri Ding,15,15,0,2026-10-07 22:29:29,2026-10-07 22:29:29.698
2026-10-07 22:15:22,URSP631,0101,Hiroyuki Iseki,15,15,0,2026-10-07 22:29:29,2026-10-07 22:29:29.850
2026-10-07 22:15:22,URSP668B,0101,Eric Burnstein,20,20,0,2026-10-07 22:29:29,2026-10-07 22:29:30.002
2026-10-07 22:15:22,URSP673,0101,Riem ElZoghbi,25,25,0,2026-10-07 22:29:30,2026-10-07 22:29:30.170
2026-10-07 22:15:22,URSP688M,0101,Andrew Bernish,20,20,0,2026-10-07 22:29:30,2026-10-07 22:29:30.361
2026-10-07 22:15:22,URSP688P,0101,Sonja Ewing,15,15,0,2026-10-07 22:29:30,2026-10-07 22:29:30.516
2026-10-07 22:15:22,URSP688Y,0101,Chester Harvey,30,30,0,2026-10-07 22:29:30,2026-10-07 22:29:30.666
2026-10-07 22:15:22,URSP708,0101,Nicholas Finio,10,10,0,2026-10-07 22:29:30,2026-10-07 22:29:30.821
2026-10-07 22:15:22,URSP709,0101,Casey Dawkins,10,10,0,2026-10-07 22:29:30,2026-10-07 22:29:30.973
2026-10-07 22:15:22,URSP805,0101,Casey Dawkins,15,15,0,2026-10-07 22:29:31,2026-10-07 22:29:31.568
2026-10-07 22:15:22,USLT202,0101,Jasmin Pineda,26,26,0,2026-10-07 22:29:33,2026-10-07 22:29:33.196
2026-10-07 22:15:22,USLT403,0101,Perla Guerrero,20,20,0,2026-10-07 22:29:33,2026-10-07 22:29:33.347
2026-10-07 22:15:22,USLT420,0101,Robert Chester,27,27,0,2026-10-07 22:29:33,2026-10-07 22:29:33.504
2026-10-07 22:15:22,USLT488,0101,Nancy Mirabal,30,30,0,2026-10-07 22:29:33,2026-10-07 22:29:33.660
2026-10-07 22:15:22,USLT498L,0101,Fernando Rios,12,12,0,2026-10-07 22:29:33,2026-10-07 22:29:33.820
2026-10-07 22:15:22,VIPS208,0102,Ken Kiger,10,10,0,2026-10-07 22:29:35,2026-10-07 22:29:35.105
2026-10-07 22:15:22,VIPS208,0103,Bryan Quinn,10,10,0,2026-10-07 22:29:35,2026-10-07 22:29:35.106
2026-10-07 22:15:22,VIPS208,0104,Ryan Sochol,10,10,0,2026-10-07 22:29:35,2026-10-07 22:29:35.106
2026-10-07 22:15:22,VIPS208,0105,Molly Carton,10,10,0,2026-10-07 22:29:35,2026-10-07 22:29:35.106
2026-10-07 22:15:22,VIPS208,0106,James Baeder,11,11,0,2026-10-07 22:29:35,2026-10-07 22:29:35.106
2026-10-07 22:15:22,VIPS208,0107,Catherine Spirito,10,10,0,2026-10-07 22:29:35,2026-10-07 22:29:35.106
2026-10-07 22:15:22,VIPS208,0108,Ronald Yaros,10,10,0,2026-10-07 22:29:35,2026-10-07 22:29:35.107
2026-10-07 22:15:22,VIPS208,0109,Carinna Ferguson,10,10,0,2026-10-07 22:29:35,2026-10-07 22:29:35.107
2026-10-07 22:15:22,VIPS208,0110,Tracy Riggins,10,10,0,2026-10-07 22:29:35,2026-10-07 22:29:35.107
2026-10-07 22:15:22,VIPS208,0111,Kevin Calabro,10,10,0,2026-10-07 22:29:35,2026-10-07 22:29:35.107
2026-10-07 22:15:22,VIPS208,0112,Raffaele Viglianti,10,10,0,2026-10-07 22:29:35,2026-10-07 22:29:35.107
2026-10-07 22:15:22,VIPS208,0113,Shabnam Jabeen,10,10,0,2026-10-07 22:29:35,2026-10-07 22:29:35.107
2026-10-07 22:15:22,VIPS208,0114,Ning Zeng,10,10,0,2026-10-07 22:29:35,2026-10-07 22:29:35.108
2026-10-07 22:15:22,VIPS208,0115,Veronica Kang,10,10,0,2026-10-07 22:29:35,2026-10-07 22:29:35.108
2026-10-07 22:15:22,VIPS208,0116,David Stewart,10,10,0,2026-10-07 22:29:35,2026-10-07 22:29:35.108
2026-10-07 22:15:22,VIPS208,0117,Meredith Epstein,10,10,0,2026-10-07 22:29:35,2026-10-07 22:29:35.108
2026-10-07 22:15:22,VIPS208,0118,Magaly Toro Ibaceta,10,10,0,2026-10-07 22:29:35,2026-10-07 22:29:35.108
2026-10-07 22:15:22,VIPS208,0120,Marisa Parham,10,10,0,2026-10-07 22:29:35,2026-10-07 22:29:35.109
2026-10-07 22:15:22,VIPS208,0121,Becky Epanchin-Niell,10,10,0,2026-10-07 22:29:35,2026-10-07 22:29:35.109
2026-10-07 22:15:22,VIPS208,0122,Timothy Reedy,10,10,0,2026-10-07 22:29:35,2026-10-07 22:29:35.109
2026-10-07 22:15:22,VIPS208,0123,Lingnan Lin,10,10,0,2026-10-07 22:29:35,2026-10-07 22:29:35.109
2026-10-07 22:15:22,VIPS208,0124,Jeffrey Moro,10,10,0,2026-10-07 22:29:35,2026-10-07 22:29:35.109
2026-10-07 22:15:22,VIPS208,0125,Peter Sunderland,10,10,0,2026-10-07 22:29:35,2026-10-07 22:29:35.109
2026-10-07 22:15:22,VIPS208,0126,Brienna Anderson,10,10,0,2026-10-07 22:29:35,2026-10-07 22:29:35.110
2026-10-07 22:15:22,VIPS308,0102,Ken Kiger,10,10,0,2026-10-07 22:29:35,2026-10-07 22:29:35.308
2026-10-07 22:15:22,VIPS308,0103,Bryan Quinn,13,13,0,2026-10-07 22:29:35,2026-10-07 22:29:35.308
2026-10-07 22:15:22,VIPS308,0104,Ryan Sochol,10,10,0,2026-10-07 22:29:35,2026-10-07 22:29:35.308
2026-10-07 22:15:22,VIPS308,0105,Molly Carton,10,10,0,2026-10-07 22:29:35,2026-10-07 22:29:35.308
2026-10-07 22:15:22,VIPS308,0106,James Baeder,10,10,0,2026-10-07 22:29:35,2026-10-07 22:29:35.308
2026-10-07 22:15:22,VIPS308,0107,Catherine Spirito,10,10,0,2026-10-07 22:29:35,2026-10-07 22:29:35.309
2026-10-07 22:15:22,VIPS308,0108,Ronald Yaros,10,10,0,2026-10-07 22:29:35,2026-10-07 22:29:35.309
2026-10-07 22:15:22,VIPS308,0109,Carinna Ferguson,10,10,0,2026-10-07 22:29:35,2026-10-07 22:29:35.309
2026-10-07 22:15:22,VIPS308,0110,Tracy Riggins,10,10,0,2026-10-07 22:29:35,2026-10-07 22:29:35.309
2026-10-07 22:15:22,VIPS308,0111,Kevin Calabro,10,10,0,2026-10-07 22:29:35,2026-10-07 22:29:35.309
2026-10-07 22:15:22,VIPS308,0112,Raffaele Viglianti,10,10,0,2026-10-07 22:29:35,2026-10-07 22:29:35.310
2026-10-07 22:15:22,VIPS308,0113,Shabnam Jabeen,10,10,0,2026-10-07 22:29:35,2026-10-07 22:29:35.310
2026-10-07 22:15:22,VIPS308,0114,Ning Zeng,10,10,0,2026-10-07 22:29:35,2026-10-07 22:29:35.310
2026-10-07 22:15:22,VIPS308,0115,Veronica Kang,10,10,0,2026-10-07 22:29:35,2026-10-07 22:29:35.310
2026-10-07 22:15:22,VIPS308,0116,David Stewart,10,10,0,2026-10-07 22:29:35,2026-10-07 22:29:35.310
2026-10-07 22:15:22,VIPS308,0117,Meredith Epstein,10,10,0,2026-10-07 22:29:35,2026-10-07 22:29:35.311
2026-10-07 22:15:22,VIPS308,0118,Magaly Toro Ibaceta,10,10,0,2026-10-07 22:29:35,2026-10-07 22:29:35.311
2026-10-07 22:15:22,VIPS308,0120,Marisa Parham,10,10,0,2026-10-07 22:29:35,2026-10-07 22:29:35.311
2026-10-07 22:15:22,VIPS308,0121,Becky Epanchin-Niell,10,10,0,2026-10-07 22:29:35,2026-10-07 22:29:35.311
2026-10-07 22:15:22,VIPS308,0122,Timothy Reedy,10,10,0,2026-10-07 22:29:35,2026-10-07 22:29:35.311
2026-10-07 22:15:22,VIPS308,0123,Lingnan Lin,10,10,0,2026-10-07 22:29:35,2026-10-07 22:29:35.311
2026-10-07 22:15:22,VIPS308,0124,Jeffrey Moro,10,10,0,2026-10-07 22:29:35,2026-10-07 22:29:35.312
2026-10-07 22:15:22,VIPS308,0125,Peter Sunderland,10,10,0,2026-10-07 22:29:35,2026-10-07 22:29:35.312
2026-10-07 22:15:22,VIPS308,0126,Brienna Anderson,10,10,0,2026-10-07 22:29:35,2026-10-07 22:29:35.312
2026-10-07 22:15:22,VIPS408,0102,Ken Kiger,10,10,0,2026-10-07 22:29:35,2026-10-07 22:29:35.511
2026-10-07 22:15:22,VIPS408,0103,Bryan Quinn,10,10,0,2026-10-07 22:29:35,2026-10-07 22:29:35.512
2026-10-07 22:15:22,VIPS408,0104,Ryan Sochol,10,10,0,2026-10-07 22:29:35,2026-10-07 22:29:35.512
2026-10-07 22:15:22,VIPS408,0105,Molly Carton,10,10,0,2026-10-07 22:29:35,2026-10-07 22:29:35.512
2026-10-07 22:15:22,VIPS408,0106,James Baeder,10,10,0,2026-10-07 22:29:35,2026-10-07 22:29:35.512
2026-10-07 22:15:22,VIPS408,0107,Catherine Spirito,10,10,0,2026-10-07 22:29:35,2026-10-07 22:29:35.512
2026-10-07 22:15:22,VIPS408,0108,Ronald Yaros,10,10,0,2026-10-07 22:29:35,2026-10-07 22:29:35.513
2026-10-07 22:15:22,VIPS408,0109,Carinna Ferguson,10,10,0,2026-10-07 22:29:35,2026-10-07 22:29:35.513
2026-10-07 22:15:22,VIPS408,0110,Tracy Riggins,10,10,0,2026-10-07 22:29:35,2026-10-07 22:29:35.513
2026-10-07 22:15:22,VIPS408,0111,Kevin Calabro,10,10,0,2026-10-07 22:29:35,2026-10-07 22:29:35.513
2026-10-07 22:15:22,VIPS408,0112,Raffaele Viglianti,10,10,0,2026-10-07 22:29:35,2026-10-07 22:29:35.513
2026-10-07 22:15:22,VIPS408,0113,Shabnam Jabeen,10,10,0,2026-10-07 22:29:35,2026-10-07 22:29:35.513
2026-10-07 22:15:22,VIPS408,0114,Ning Zeng,10,10,0,2026-10-07 22:29:35,2026-10-07 22:29:35.514
2026-10-07 22:15:22,VIPS408,0115,Veronica Kang,10,10,0,2026-10-07 22:29:35,2026-10-07 22:29:35.514
2026-10-07 22:15:22,VIPS408,0116,David Stewart,10,10,0,2026-10-07 22:29:35,2026-10-07 22:29:35.514
2026-10-07 22:15:22,VIPS408,0117,Meredith Epstein,10,10,0,2026-10-07 22:29:35,2026-10-07 22:29:35.514
2026-10-07 22:15:22,VIPS408,0118,Magaly Toro Ibaceta,10,10,0,2026-10-07 22:29:35,2026-10-07 22:29:35.514
2026-10-07 22:15:22,VIPS408,0120,Marisa Parham,10,10,0,2026-10-07 22:29:35,2026-10-07 22:29:35.515
2026-10-07 22:15:22,VIPS408,0121,Becky Epanchin-Niell,10,10,0,2026-10-07 22:29:35,2026-10-07 22:29:35.515
2026-10-07 22:15:22,VIPS408,0122,Timothy Reedy,10,10,0,2026-10-07 22:29:35,2026-10-07 22:29:35.515
2026-10-07 22:15:22,VIPS408,0123,Lingnan Lin,10,10,0,2026-10-07 22:29:35,2026-10-07 22:29:35.515
2026-10-07 22:15:22,VIPS408,0124,Jeffrey Moro,10,10,0,2026-10-07 22:29:35,2026-10-07 22:29:35.515
2026-10-07 22:15:22,VIPS408,0125,Peter Sunderland,10,10,0,2026-10-07 22:29:35,2026-10-07 22:29:35.516
2026-10-07 22:15:22,VIPS408,0126,Brienna Anderson,10,10,0,2026-10-07 22:29:35,2026-10-07 22:29:35.516
2026-10-07 22:15:22,WEID139N,0101,Denise Joseph,60,60,0,2026-10-07 22:29:38,2026-10-07 22:29:38.088
2026-10-07 22:15:22,WEID139T,0201,Taylor Togafau-Lewis,45,45,0,2026-10-07 22:29:38,2026-10-07 22:29:38.239
2026-10-07 22:15:22,WGSS105,0101,Jessica Mathiason,30,30,0,2026-10-07 22:29:39,2026-10-07 22:29:39.653
2026-10-07 22:15:22,WGSS105,0102,Jessica Mathiason,30,30,0,2026-10-07 22:29:39,2026-10-07 22:29:39.653
2026-10-07 22:15:22,WGSS105,0103,Jessica Mathiason,30,30,0,2026-10-07 22:29:39,2026-10-07 22:29:39.653
2026-10-07 22:15:22,WGSS105,0104,Jessica Mathiason,30,30,0,2026-10-07 22:29:39,2026-10-07 22:29:39.653
2026-10-07 22:15:22,WGSS115,0101,Alexis Lothian,25,25,0,2026-10-07 22:29:39,2026-10-07 22:29:39.811
2026-10-07 22:15:22,WGSS115,0102,Alexis Lothian,25,25,0,2026-10-07 22:29:39,2026-10-07 22:29:39.812
2026-10-07 22:15:22,WGSS201,0101,Sayan Bhattacharya,25,25,0,2026-10-07 22:29:39,2026-10-07 22:29:39.965
2026-10-07 22:15:22,WGSS201,0102,Sayan Bhattacharya,25,25,0,2026-10-07 22:29:39,2026-10-07 22:29:39.965
2026-10-07 22:15:22,WGSS205,0101,Shelbi Meissner,21,21,0,2026-10-07 22:29:40,2026-10-07 22:29:40.134
2026-10-07 22:15:22,WGSS205,0201,Shelbi Meissner,21,21,0,2026-10-07 22:29:40,2026-10-07 22:29:40.134
2026-10-07 22:15:22,WGSS230,0101,Daniel Richter,20,20,0,2026-10-07 22:29:40,2026-10-07 22:29:40.289
2026-10-07 22:15:22,WGSS230,0201,Robert Lucci,20,20,0,2026-10-07 22:29:40,2026-10-07 22:29:40.289
2026-10-07 22:15:22,WGSS250,0101,Lidia Garcia Berrelleza,25,25,0,2026-10-07 22:29:40,2026-10-07 22:29:40.446
2026-10-07 22:15:22,WGSS250,0201,Shameem Razack,25,25,0,2026-10-07 22:29:40,2026-10-07 22:29:40.447
2026-10-07 22:15:22,WGSS255,0101,Instructor: TBA,30,30,0,2026-10-07 22:29:40,2026-10-07 22:29:40.600
2026-10-07 22:15:22,WGSS265,0101,Ashley Newby,40,40,0,2026-10-07 22:29:40,2026-10-07 22:29:40.753
2026-10-07 22:15:22,WGSS275,0101,Instructor: TBA,30,30,0,2026-10-07 22:29:40,2026-10-07 22:29:40.905
2026-10-07 22:15:22,WGSS280,0101,Jessica Mathiason,52,52,0,2026-10-07 22:29:41,2026-10-07 22:29:41.055
2026-10-07 22:15:22,WGSS290,0101,Jessica Mathiason,30,30,0,2026-10-07 22:29:41,2026-10-07 22:29:41.216
2026-10-07 22:15:22,WGSS290,0201,Sydney Lewis,31,31,0,2026-10-07 22:29:41,2026-10-07 22:29:41.217
2026-10-07 22:15:22,WGSS298C,0101,Will Mosley,35,35,0,2026-10-07 22:29:41,2026-10-07 22:29:41.377
2026-10-07 22:15:22,WGSS298S,0101,Jordan Keesler,25,25,0,2026-10-07 22:29:41,2026-10-07 22:29:41.531
2026-10-07 22:15:22,WGSS302,0101,Will Mosley,25,25,0,2026-10-07 22:29:41,2026-10-07 22:29:41.683
2026-10-07 22:15:22,WGSS306,0101,Sydney Lewis,30,30,0,2026-10-07 22:29:41,2026-10-07 22:29:41.835
2026-10-07 22:15:22,WGSS310,0101,Sayan Bhattacharya,25,25,0,2026-10-07 22:29:41,2026-10-07 22:29:41.988
2026-10-07 22:15:22,WGSS319F,0101,Alexis Lothian,30,30,0,2026-10-07 22:29:42,2026-10-07 22:29:42.142
2026-10-07 22:15:22,WGSS379G,0101,Chinyere Osuji,20,20,0,2026-10-07 22:29:42,2026-10-07 22:29:42.290
2026-10-07 22:15:22,WGSS379U,0101,John Drabinski,25,25,0,2026-10-07 22:29:42,2026-10-07 22:29:42.447
2026-10-07 22:15:22,WGSS422,0101,Jennifer Cho,18,18,0,2026-10-07 22:29:42,2026-10-07 22:29:42.600
2026-10-07 22:15:22,WGSS471,0101,Katherine Sharp,25,25,0,2026-10-07 22:29:42,2026-10-07 22:29:42.758
2026-10-07 22:15:22,WGSS471,0201,Katherine Sharp,45,45,0,2026-10-07 22:29:42,2026-10-07 22:29:42.759
2026-10-07 22:15:22,WGSS475,0101,Sydney Lewis,20,20,0,2026-10-07 22:29:42,2026-10-07 22:29:42.907
2026-10-07 22:15:22,WGSS487,0101,Eva Hageman,15,15,0,2026-10-07 22:29:43,2026-10-07 22:29:43.064
2026-10-07 22:15:22,WGSS487H,0101,Eva Hageman,5,5,0,2026-10-07 22:29:43,2026-10-07 22:29:43.214
2026-10-07 22:15:22,WGSS602,0101,Shelbi Meissner,12,12,0,2026-10-07 22:29:43,2026-10-07 22:29:43.801
2026-10-07 22:15:22,WGSS708,0101,Alexis Lothian,10,10,0,2026-10-07 22:29:44,2026-10-07 22:29:44.242
2026-10-07 22:15:22,XPER455,0101,TJ Rainsford,25,25,0,2026-10-07 22:29:45,2026-10-07 22:29:45.908
