Timestamp,Course,Section,Instructor,Total_Seats,Open_Seats,Waitlist,Fetch_Time,Actual_Log_Time
2026-09-29 03:29:48,AAAS100,0101,Shane Walsh,35,35,0,2026-09-29 03:29:50,2026-09-29 03:29:50.309
2026-09-29 03:29:48,AAAS100,0201,Shane Walsh,35,35,0,2026-09-29 03:29:50,2026-09-29 03:29:50.309
2026-09-29 03:29:48,AAAS100,0301,George Kintiba,30,30,0,2026-09-29 03:29:50,2026-09-29 03:29:50.309
2026-09-29 03:29:48,AAAS100,0401,Beka Guluma,35,35,0,2026-09-29 03:29:50,2026-09-29 03:29:50.310
2026-09-29 03:29:48,AAAS100,0501,Jason Nichols,33,33,0,2026-09-29 03:29:50,2026-09-29 03:29:50.310
2026-09-29 03:29:48,AAAS100,0601,Jason Nichols,35,35,0,2026-09-29 03:29:50,2026-09-29 03:29:50.310
2026-09-29 03:29:48,AAAS100H,0301,George Kintiba,5,5,0,2026-09-29 03:29:50,2026-09-29 03:29:50.774
2026-09-29 03:29:48,AAAS101,0101,Periloux Peay,40,40,0,2026-09-29 03:29:51,2026-09-29 03:29:51.100
2026-09-29 03:29:48,AAAS187,0101,Robert Choflet,30,30,0,2026-09-29 03:29:51,2026-09-29 03:29:51.436
2026-09-29 03:29:48,AAAS200,0101,George Kintiba,40,40,0,2026-09-29 03:29:51,2026-09-29 03:29:51.762
2026-09-29 03:29:48,AAAS202,0101,Robert Choflet,30,30,0,2026-09-29 03:29:52,2026-09-29 03:29:52.322
2026-09-29 03:29:48,AAAS202,0201,Angelica Dunbar,35,35,0,2026-09-29 03:29:52,2026-09-29 03:29:52.322
2026-09-29 03:29:48,AAAS202,0301,Angelica Dunbar,35,35,0,2026-09-29 03:29:52,2026-09-29 03:29:52.322
2026-09-29 03:29:48,AAAS202,0401,Robert Choflet,35,35,0,2026-09-29 03:29:52,2026-09-29 03:29:52.322
2026-09-29 03:29:48,AAAS202H,0101,Robert Choflet,5,5,0,2026-09-29 03:29:52,2026-09-29 03:29:52.660
2026-09-29 03:29:48,AAAS211,0101,Shane Walsh,120,120,0,2026-09-29 03:29:52,2026-09-29 03:29:52.974
2026-09-29 03:29:48,AAAS234,0101,Instructor: TBA,30,30,0,2026-09-29 03:29:53,2026-09-29 03:29:53.311
2026-09-29 03:29:48,AAAS255,0101,Leigh Soares,40,40,0,2026-09-29 03:29:53,2026-09-29 03:29:53.615
2026-09-29 03:29:48,AAAS265,0101,Ashley Newby,40,40,0,2026-09-29 03:29:53,2026-09-29 03:29:53.935
2026-09-29 03:29:48,AAAS320,0101,Cecily Jackson,25,25,0,2026-09-29 03:29:54,2026-09-29 03:29:54.267
2026-09-29 03:29:48,AAAS320,0201,Cecily Jackson,25,25,0,2026-09-29 03:29:54,2026-09-29 03:29:54.267
2026-09-29 03:29:48,AAAS386,0101,Marshal Washington,10,10,0,2026-09-29 03:29:54,2026-09-29 03:29:54.595
2026-09-29 03:29:48,AAAS398G,0101,Chinyere Osuji,20,20,0,2026-09-29 03:29:54,2026-09-29 03:29:54.911
2026-09-29 03:29:48,AAAS398U,0101,John Drabinski,25,25,0,2026-09-29 03:29:55,2026-09-29 03:29:55.234
2026-09-29 03:29:48,AAAS400,0101,George Kintiba,20,20,0,2026-09-29 03:29:55,2026-09-29 03:29:55.556
2026-09-29 03:29:48,AAAS400H,0101,George Kintiba,5,5,0,2026-09-29 03:29:55,2026-09-29 03:29:55.875
2026-09-29 03:29:48,AAAS490,0101,Paul Landau,18,18,0,2026-09-29 03:29:56,2026-09-29 03:29:56.218
2026-09-29 03:29:48,AAAS498X,0101,Terrill Taylor,36,36,0,2026-09-29 03:29:56,2026-09-29 03:29:56.541
2026-09-29 03:29:48,AAST200,0101,Jennifer Cho,34,34,0,2026-09-29 03:29:58,2026-09-29 03:29:58.147
2026-09-29 03:29:48,AAST201,0101,Madeline Hsu,40,40,0,2026-09-29 03:29:58,2026-09-29 03:29:58.475
2026-09-29 03:29:48,AAST250,0101,Jennifer Cho,30,30,0,2026-09-29 03:29:58,2026-09-29 03:29:58.790
2026-09-29 03:29:48,AAST262,0101,Derek Iwamoto,54,54,0,2026-09-29 03:29:59,2026-09-29 03:29:59.117
2026-09-29 03:29:48,AAST322,0101,Julie Park,30,30,0,2026-09-29 03:29:59,2026-09-29 03:29:59.442
2026-09-29 03:29:48,AAST350,0101,Binod Paudyal,25,25,0,2026-09-29 03:29:59,2026-09-29 03:29:59.807
2026-09-29 03:29:48,AAST351,0101,Binod Paudyal,34,34,0,2026-09-29 03:30:00,2026-09-29 03:30:00.166
2026-09-29 03:29:48,AAST363,0101,Gemirald Daus,35,35,0,2026-09-29 03:30:00,2026-09-29 03:30:00.497
2026-09-29 03:29:48,AAST378,0101,Janelle Wong,2,2,0,2026-09-29 03:30:00,2026-09-29 03:30:00.830
2026-09-29 03:29:48,AAST394,0101,Wenxi Yang,25,25,0,2026-09-29 03:30:01,2026-09-29 03:30:01.566
2026-09-29 03:29:48,AAST398A,0101,Michelle Magalong,20,20,0,2026-09-29 03:30:02,2026-09-29 03:30:02.028
2026-09-29 03:29:48,AAST398B,0101,Chris Eng,25,25,0,2026-09-29 03:30:02,2026-09-29 03:30:02.457
2026-09-29 03:29:48,AAST421,0101,Philip Nash,20,20,0,2026-09-29 03:30:02,2026-09-29 03:30:02.840
2026-09-29 03:29:48,AAST422,0101,Jennifer Cho,18,18,0,2026-09-29 03:30:03,2026-09-29 03:30:03.234
2026-09-29 03:29:48,AAST443,0101,Janelle Wong,27,27,0,2026-09-29 03:30:03,2026-09-29 03:30:03.656
2026-09-29 03:29:48,ABRM450,0101,Ashley Newby,10,10,0,2026-09-29 03:30:05,2026-09-29 03:30:05.301
2026-09-29 03:29:48,AGNR301,0101,Thomas Hilde,150,150,0,2026-09-29 03:30:06,2026-09-29 03:30:06.872
2026-09-29 03:29:48,AGNR388,0101,Instructor: TBA,20,20,0,2026-09-29 03:30:07,2026-09-29 03:30:07.208
2026-09-29 03:29:48,AIME498B,0101,Kevin McGarry,30,30,0,2026-09-29 03:30:11,2026-09-29 03:30:11.454
2026-09-29 03:29:48,ARAB101,0101,Samah Al-salami,15,15,0,2026-09-29 03:30:53,2026-09-29 03:30:53.300
2026-09-29 03:29:48,ARAB101,0201,Ahmed Hanafy,15,15,0,2026-09-29 03:30:53,2026-09-29 03:30:53.300
2026-09-29 03:29:48,ARAB102,0101,Samah Al-salami,15,15,0,2026-09-29 03:30:53,2026-09-29 03:30:53.649
2026-09-29 03:29:48,ARAB102,0201,Samah Al-salami,15,15,0,2026-09-29 03:30:53,2026-09-29 03:30:53.649
2026-09-29 03:29:48,ARAB201,0101,Lutf Alkebsi,15,15,0,2026-09-29 03:30:53,2026-09-29 03:30:53.962
2026-09-29 03:29:48,ARAB202,0101,Lutf Alkebsi,15,15,0,2026-09-29 03:30:54,2026-09-29 03:30:54.273
2026-09-29 03:29:48,ARAB202,0201,Lutf Alkebsi,15,15,0,2026-09-29 03:30:54,2026-09-29 03:30:54.273
2026-09-29 03:29:48,ARAB222,0101,Ahmed Hanafy,15,15,0,2026-09-29 03:30:54,2026-09-29 03:30:54.664
2026-09-29 03:29:48,ARAB250,0101,Anny Gaul,15,15,0,2026-09-29 03:30:54,2026-09-29 03:30:54.985
2026-09-29 03:29:48,ARAB302,0101,Ahmed Hanafy,15,15,0,2026-09-29 03:30:55,2026-09-29 03:30:55.302
2026-09-29 03:29:48,ARAB317,0101,Anny Gaul,15,15,0,2026-09-29 03:30:55,2026-09-29 03:30:55.642
2026-09-29 03:29:48,ARAB398W,0101,Lutf Alkebsi,15,15,0,2026-09-29 03:30:56,2026-09-29 03:30:56.290
2026-09-29 03:29:48,ARAB499X,0101,Samah Al-salami,15,15,0,2026-09-29 03:30:56,2026-09-29 03:30:56.969
2026-09-29 03:29:48,ARCH170,0101,Lindsey May,100,100,0,2026-09-29 03:30:58,2026-09-29 03:30:58.742
2026-09-29 03:29:48,ARCH200,0101,Michael Abrams,21,21,0,2026-09-29 03:30:59,2026-09-29 03:30:59.063
2026-09-29 03:29:48,ARCH200,0102,Michael Abrams,21,21,0,2026-09-29 03:30:59,2026-09-29 03:30:59.063
2026-09-29 03:29:48,ARCH200,0103,Michael Abrams,21,21,0,2026-09-29 03:30:59,2026-09-29 03:30:59.063
2026-09-29 03:29:48,ARCH200,0104,Michael Abrams,21,21,0,2026-09-29 03:30:59,2026-09-29 03:30:59.063
2026-09-29 03:29:48,ARCH200,0105,Michael Abrams,21,21,0,2026-09-29 03:30:59,2026-09-29 03:30:59.063
2026-09-29 03:29:48,ARCH200,0106,Michael Abrams,21,21,0,2026-09-29 03:30:59,2026-09-29 03:30:59.063
2026-09-29 03:29:48,ARCH225,0101,Joseph Williams,125,125,0,2026-09-29 03:30:59,2026-09-29 03:30:59.385
2026-09-29 03:29:48,ARCH271,0101,Wayne Ricardo Curtis,75,75,0,2026-09-29 03:30:59,2026-09-29 03:30:59.704
2026-09-29 03:29:48,ARCH271,0102,Wayne Ricardo Curtis,75,75,0,2026-09-29 03:30:59,2026-09-29 03:30:59.704
2026-09-29 03:29:48,ARCH386,0101,Kristen Stack,10,10,0,2026-09-29 03:31:00,2026-09-29 03:31:00.070
2026-09-29 03:29:48,ARCH400,0101,Kenneth Filler,75,75,0,2026-09-29 03:31:00,2026-09-29 03:31:00.403
2026-09-29 03:29:48,ARCH400,0201,Marcus Cross,60,60,0,2026-09-29 03:31:00,2026-09-29 03:31:00.403
2026-09-29 03:29:48,ARCH402,0101,Taejun James Kim,75,75,0,2026-09-29 03:31:00,2026-09-29 03:31:00.714
2026-09-29 03:29:48,ARCH405,0101,Brittany L Williams,14,14,0,2026-09-29 03:31:01,2026-09-29 03:31:01.075
2026-09-29 03:29:48,ARCH407,0101,Georgeanne Matthews,12,12,0,2026-09-29 03:31:01,2026-09-29 03:31:01.428
2026-09-29 03:29:48,ARCH408A,0101,Daniel Curry,5,5,0,2026-09-29 03:31:01,2026-09-29 03:31:01.759
2026-09-29 03:29:48,ARCH408C,0101,Edgar Alvarado,5,5,0,2026-09-29 03:31:02,2026-09-29 03:31:02.105
2026-09-29 03:29:48,ARCH418D,0101,Hooman Koliji,30,30,0,2026-09-29 03:31:02,2026-09-29 03:31:02.516
2026-09-29 03:29:48,ARCH418G,0101,Deokoh Woo,16,16,0,2026-09-29 03:31:02,2026-09-29 03:31:02.858
2026-09-29 03:29:48,ARCH418I,0101,Michael Kleiss,16,16,0,2026-09-29 03:31:03,2026-09-29 03:31:03.206
2026-09-29 03:29:48,ARCH420,0101,Caroline Hickman,30,30,0,2026-09-29 03:31:03,2026-09-29 03:31:03.539
2026-09-29 03:29:48,ARCH423,0101,Joseph Williams,30,30,0,2026-09-29 03:31:03,2026-09-29 03:31:03.870
2026-09-29 03:29:48,ARCH425,0101,Joseph Williams,10,10,0,2026-09-29 03:31:04,2026-09-29 03:31:04.183
2026-09-29 03:29:48,ARCH428F,0101,Matthew Bell,20,20,0,2026-09-29 03:31:04,2026-09-29 03:31:04.547
2026-09-29 03:29:48,ARCH428K,0101,Michele Lamprakos,26,26,0,2026-09-29 03:31:04,2026-09-29 03:31:04.891
2026-09-29 03:29:48,ARCH445,0101,Daniel Curry,15,15,0,2026-09-29 03:31:05,2026-09-29 03:31:05.197
2026-09-29 03:29:48,ARCH463,0101,Deokoh Woo,150,150,0,2026-09-29 03:31:05,2026-09-29 03:31:05.533
2026-09-29 03:29:48,ARCH465,0101,Michael Kleiss,80,80,0,2026-09-29 03:31:05,2026-09-29 03:31:05.883
2026-09-29 03:29:48,ARCH468I,0101,Hooman Koliji,26,26,0,2026-09-29 03:31:06,2026-09-29 03:31:06.207
2026-09-29 03:29:48,ARCH468P,0101,Hooman Koliji,26,26,0,2026-09-29 03:31:06,2026-09-29 03:31:06.527
2026-09-29 03:29:48,ARCH472,0101,Kiley Wilfong Cullen,24,24,0,2026-09-29 03:31:06,2026-09-29 03:31:06.855
2026-09-29 03:29:48,ARCH478L,0101,Michele Lamprakos,10,10,0,2026-09-29 03:31:07,2026-09-29 03:31:07.168
2026-09-29 03:29:48,ARCH478O,0101,Stefan Woehlke,20,20,0,2026-09-29 03:31:07,2026-09-29 03:31:07.482
2026-09-29 03:29:48,ARCH601,0101,Peter Noonan,20,20,0,2026-09-29 03:31:07,2026-09-29 03:31:07.827
2026-09-29 03:29:48,ARCH618G,0101,Deokoh Woo,4,4,0,2026-09-29 03:31:08,2026-09-29 03:31:08.142
2026-09-29 03:29:48,ARCH618I,0101,Michael Kleiss,4,4,0,2026-09-29 03:31:08,2026-09-29 03:31:08.473
2026-09-29 03:29:48,ARCH628K,0101,Michele Lamprakos,4,4,0,2026-09-29 03:31:08,2026-09-29 03:31:08.804
2026-09-29 03:29:48,ARCH635,0101,Matthew Bell,15,15,0,2026-09-29 03:31:09,2026-09-29 03:31:09.420
2026-09-29 03:29:48,ARCH645,0101,Daniel Curry,10,10,0,2026-09-29 03:31:10,2026-09-29 03:31:10.274
2026-09-29 03:29:48,ARCH654,0101,Anatole Tchikine,35,35,0,2026-09-29 03:31:10,2026-09-29 03:31:10.591
2026-09-29 03:29:48,ARCH658I,0101,Sonja Ewing,15,15,0,2026-09-29 03:31:10,2026-09-29 03:31:10.909
2026-09-29 03:29:48,ARCH668I,0101,Hooman Koliji,4,4,0,2026-09-29 03:31:11,2026-09-29 03:31:11.698
2026-09-29 03:29:48,ARCH668P,0101,Hooman Koliji,4,4,0,2026-09-29 03:31:12,2026-09-29 03:31:12.041
2026-09-29 03:29:48,ARCH678L,0101,Michele Lamprakos,10,10,0,2026-09-29 03:31:12,2026-09-29 03:31:12.792
2026-09-29 03:29:48,ARCH678O,0101,Stefan Woehlke,5,5,0,2026-09-29 03:31:13,2026-09-29 03:31:13.121
2026-09-29 03:29:48,ARCH797,0101,Hooman Koliji,15,15,0,2026-09-29 03:31:13,2026-09-29 03:31:13.421
2026-09-29 03:29:48,ARMY105,0101,Andrew Bischoff,60,60,0,2026-09-29 03:31:31,2026-09-29 03:31:31.782
2026-09-29 03:29:48,ARMY105,0102,Andrew Bischoff,60,60,0,2026-09-29 03:31:31,2026-09-29 03:31:31.782
2026-09-29 03:29:48,ARMY110,0101,Andrew Bischoff,40,40,0,2026-09-29 03:31:32,2026-09-29 03:31:32.087
2026-09-29 03:29:48,ARMY202,0102,Andrew Bischoff,60,60,0,2026-09-29 03:31:32,2026-09-29 03:31:32.388
2026-09-29 03:29:48,ARMY302,0101,Andrew Bischoff,40,40,0,2026-09-29 03:31:32,2026-09-29 03:31:32.715
2026-09-29 03:29:48,ARMY402,0101,Andrew Bischoff,30,30,0,2026-09-29 03:31:33,2026-09-29 03:31:33.018
2026-09-29 03:29:48,ARMY402,0102,Andrew Bischoff,100,100,0,2026-09-29 03:31:33,2026-09-29 03:31:33.018
2026-09-29 03:29:48,ARSC059,0101,Kathryn Love,250,250,0,2026-09-29 03:31:34,2026-09-29 03:31:34.589
2026-09-29 03:29:48,ARSC101,0101,Alan Snyder,50,50,0,2026-09-29 03:31:34,2026-09-29 03:31:34.928
2026-09-29 03:29:48,ARSC101,0102,Alan Snyder,65,65,0,2026-09-29 03:31:34,2026-09-29 03:31:34.929
2026-09-29 03:29:48,ARSC101,0103,Alan Snyder,40,40,0,2026-09-29 03:31:34,2026-09-29 03:31:34.929
2026-09-29 03:29:48,ARSC101,0104,Alan Snyder,10,10,0,2026-09-29 03:31:34,2026-09-29 03:31:34.929
2026-09-29 03:29:48,ARSC201,0101,Nathan Rabe,65,65,0,2026-09-29 03:31:35,2026-09-29 03:31:35.262
2026-09-29 03:29:48,ARSC201,0102,Kathleen West,40,40,0,2026-09-29 03:31:35,2026-09-29 03:31:35.262
2026-09-29 03:29:48,ARSC201,0103,Kathleen West,40,40,0,2026-09-29 03:31:35,2026-09-29 03:31:35.263
2026-09-29 03:29:48,ARSC301,0101,Kathryn Love,45,45,0,2026-09-29 03:31:35,2026-09-29 03:31:35.575
2026-09-29 03:29:48,ARSC301,0102,Kathryn Love,20,20,0,2026-09-29 03:31:35,2026-09-29 03:31:35.576
2026-09-29 03:29:48,ARSC401,0101,Joseph Herwatic,30,30,0,2026-09-29 03:31:35,2026-09-29 03:31:35.884
2026-09-29 03:29:48,ARSC401,0102,Joseph Herwatic,15,15,0,2026-09-29 03:31:35,2026-09-29 03:31:35.885
2026-09-29 03:29:48,BIOM301,0101,Christine Hakenkamp,28,28,0,2026-09-29 03:32:33,2026-09-29 03:32:33.308
2026-09-29 03:29:48,BIOM301,0102,Christine Hakenkamp,28,28,0,2026-09-29 03:32:33,2026-09-29 03:32:33.308
2026-09-29 03:29:48,BIOM301,0103,Christine Hakenkamp,28,28,0,2026-09-29 03:32:33,2026-09-29 03:32:33.308
2026-09-29 03:29:48,BIOM301,0104,Christine Hakenkamp,28,28,0,2026-09-29 03:32:33,2026-09-29 03:32:33.309
2026-09-29 03:29:48,BIOM301,0105,Christine Hakenkamp,28,28,0,2026-09-29 03:32:33,2026-09-29 03:32:33.309
2026-09-29 03:29:48,BIOM301,0106,Christine Hakenkamp,28,28,0,2026-09-29 03:32:33,2026-09-29 03:32:33.309
2026-09-29 03:29:48,BIOM301,0107,Christine Hakenkamp,28,28,0,2026-09-29 03:32:33,2026-09-29 03:32:33.309
2026-09-29 03:29:48,BIOM301,0201,Instructor: TBA,28,28,0,2026-09-29 03:32:33,2026-09-29 03:32:33.309
2026-09-29 03:29:48,BIOM602,0101,Jiuzhou Song,28,28,0,2026-09-29 03:32:33,2026-09-29 03:32:33.631
2026-09-29 03:29:48,BMIN210,0101,Darlene Dennison,162,162,0,2026-09-29 03:33:02,2026-09-29 03:33:02.648
2026-09-29 03:29:48,BMIN210,0201,Darlene Dennison,162,162,0,2026-09-29 03:33:02,2026-09-29 03:33:02.648
2026-09-29 03:29:48,BMIN305,0101,Tejwansh Anand,162,162,0,2026-09-29 03:33:02,2026-09-29 03:33:02.987
2026-09-29 03:29:48,BMIN345,0101,Michael Padhi,325,325,0,2026-09-29 03:33:03,2026-09-29 03:33:03.305
2026-09-29 03:29:48,BMIN355,0101,Idil Yaveroglu,162,162,0,2026-09-29 03:33:03,2026-09-29 03:33:03.609
2026-09-29 03:29:48,BMIN355,0201,Idil Yaveroglu,162,162,0,2026-09-29 03:33:03,2026-09-29 03:33:03.609
2026-09-29 03:29:48,BMIN375,0101,Leland Gardner,162,162,0,2026-09-29 03:33:03,2026-09-29 03:33:03.969
2026-09-29 03:29:48,BMIN395,0101,Nima Farshchi,162,162,0,2026-09-29 03:33:04,2026-09-29 03:33:04.296
2026-09-29 03:29:48,BMIN395,0201,Nima Farshchi,162,162,0,2026-09-29 03:33:04,2026-09-29 03:33:04.296
2026-09-29 03:29:48,BSCI103,1100,Tais Ribeiro,24,24,0,2026-09-29 03:33:08,2026-09-29 03:33:08.511
2026-09-29 03:29:48,BSCI103,1101,Tais Ribeiro,24,24,0,2026-09-29 03:33:08,2026-09-29 03:33:08.511
2026-09-29 03:29:48,BSCI103,1103,Tais Ribeiro,24,24,0,2026-09-29 03:33:08,2026-09-29 03:33:08.511
2026-09-29 03:29:48,BSCI103,1105,Tais Ribeiro,24,24,0,2026-09-29 03:33:08,2026-09-29 03:33:08.511
2026-09-29 03:29:48,BSCI103,1107,Tais Ribeiro,24,24,0,2026-09-29 03:33:08,2026-09-29 03:33:08.511
2026-09-29 03:29:48,BSCI103,1108,Tais Ribeiro,24,24,0,2026-09-29 03:33:08,2026-09-29 03:33:08.511
2026-09-29 03:29:48,BSCI103,1109,Tais Ribeiro,24,24,0,2026-09-29 03:33:08,2026-09-29 03:33:08.512
2026-09-29 03:29:48,BSCI103,1110,Tais Ribeiro,24,24,0,2026-09-29 03:33:08,2026-09-29 03:33:08.512
2026-09-29 03:29:48,BSCI103M,0101,Tais Ribeiro,24,24,0,2026-09-29 03:33:08,2026-09-29 03:33:08.840
2026-09-29 03:29:48,BSCI120,0101,Dennis vanEngelsdorp,21,21,0,2026-09-29 03:33:09,2026-09-29 03:33:09.167
2026-09-29 03:29:48,BSCI120,0102,Dennis vanEngelsdorp,21,21,0,2026-09-29 03:33:09,2026-09-29 03:33:09.167
2026-09-29 03:29:48,BSCI135,1101,Edgar Moctezuma,24,24,0,2026-09-29 03:33:09,2026-09-29 03:33:09.502
2026-09-29 03:29:48,BSCI135,1102,Edgar Moctezuma,24,24,0,2026-09-29 03:33:09,2026-09-29 03:33:09.502
2026-09-29 03:29:48,BSCI135,1103,Edgar Moctezuma,24,24,0,2026-09-29 03:33:09,2026-09-29 03:33:09.502
2026-09-29 03:29:48,BSCI135,1104,Edgar Moctezuma,24,24,0,2026-09-29 03:33:09,2026-09-29 03:33:09.502
2026-09-29 03:29:48,BSCI135,1105,Edgar Moctezuma,24,24,0,2026-09-29 03:33:09,2026-09-29 03:33:09.503
2026-09-29 03:29:48,BSCI160,6101,Leo Shapiro,104,104,0,2026-09-29 03:33:09,2026-09-29 03:33:09.818
2026-09-29 03:29:48,BSCI160,6301,Chloe Garfinkel,56,56,0,2026-09-29 03:33:09,2026-09-29 03:33:09.818
2026-09-29 03:29:48,BSCI160,6601,Vadim Karatayev,88,88,0,2026-09-29 03:33:09,2026-09-29 03:33:09.818
2026-09-29 03:29:48,BSCI160,SES1,Chloe Garfinkel,15,15,0,2026-09-29 03:33:09,2026-09-29 03:33:09.819
2026-09-29 03:29:48,BSCI170,0101,Cordelia Weiss,153,153,0,2026-09-29 03:33:10,2026-09-29 03:33:10.169
2026-09-29 03:29:48,BSCI170,0201,Nicholas Fletcher,153,153,0,2026-09-29 03:33:10,2026-09-29 03:33:10.169
2026-09-29 03:29:48,BSCI170,0301,Ricardo Araneda,152,152,0,2026-09-29 03:33:10,2026-09-29 03:33:10.169
2026-09-29 03:29:48,BSCI170,0401,Swarna Mohan,153,153,0,2026-09-29 03:33:10,2026-09-29 03:33:10.169
2026-09-29 03:29:48,BSCI170,0501,Ji Young Choi,120,120,0,2026-09-29 03:33:10,2026-09-29 03:33:10.169
2026-09-29 03:29:48,BSCI170,0701,Ji Young Choi,153,153,0,2026-09-29 03:33:10,2026-09-29 03:33:10.170
2026-09-29 03:29:48,BSCI170,SES1,James Sniezek,20,20,0,2026-09-29 03:33:10,2026-09-29 03:33:10.170
2026-09-29 03:29:48,BSCI180,8105,Hans Lemke,19,19,0,2026-09-29 03:33:10,2026-09-29 03:33:10.641
2026-09-29 03:29:48,BSCI180,8106,Hans Lemke,19,19,0,2026-09-29 03:33:10,2026-09-29 03:33:10.641
2026-09-29 03:29:48,BSCI180,8107,Hans Lemke,19,19,0,2026-09-29 03:33:10,2026-09-29 03:33:10.642
2026-09-29 03:29:48,BSCI180,8108,Hans Lemke,19,19,0,2026-09-29 03:33:10,2026-09-29 03:33:10.642
2026-09-29 03:29:48,BSCI180,8109,Hans Lemke,19,19,0,2026-09-29 03:33:10,2026-09-29 03:33:10.642
2026-09-29 03:29:48,BSCI180,8110,Hans Lemke,19,19,0,2026-09-29 03:33:10,2026-09-29 03:33:10.642
2026-09-29 03:29:48,BSCI180,8111,Hans Lemke,19,19,0,2026-09-29 03:33:10,2026-09-29 03:33:10.642
2026-09-29 03:29:48,BSCI180,8112,Hans Lemke,19,19,0,2026-09-29 03:33:10,2026-09-29 03:33:10.642
2026-09-29 03:29:48,BSCI180,8113,Hans Lemke,19,19,0,2026-09-29 03:33:10,2026-09-29 03:33:10.642
2026-09-29 03:29:48,BSCI180,8114,Hans Lemke,19,19,0,2026-09-29 03:33:10,2026-09-29 03:33:10.643
2026-09-29 03:29:48,BSCI180,8201,Hans Lemke,19,19,0,2026-09-29 03:33:10,2026-09-29 03:33:10.643
2026-09-29 03:29:48,BSCI180,8202,Hans Lemke,19,19,0,2026-09-29 03:33:10,2026-09-29 03:33:10.643
2026-09-29 03:29:48,BSCI180,8205,Hans Lemke,19,19,0,2026-09-29 03:33:10,2026-09-29 03:33:10.643
2026-09-29 03:29:48,BSCI180,8206,Hans Lemke,19,19,0,2026-09-29 03:33:10,2026-09-29 03:33:10.643
2026-09-29 03:29:48,BSCI180,8207,Hans Lemke,19,19,0,2026-09-29 03:33:10,2026-09-29 03:33:10.643
2026-09-29 03:29:48,BSCI180,8208,Hans Lemke,19,19,0,2026-09-29 03:33:10,2026-09-29 03:33:10.644
2026-09-29 03:29:48,BSCI180,8209,Hans Lemke,19,19,0,2026-09-29 03:33:10,2026-09-29 03:33:10.644
2026-09-29 03:29:48,BSCI180,8210,Hans Lemke,19,19,0,2026-09-29 03:33:10,2026-09-29 03:33:10.644
2026-09-29 03:29:48,BSCI180,8211,Hans Lemke,19,19,0,2026-09-29 03:33:10,2026-09-29 03:33:10.644
2026-09-29 03:29:48,BSCI180,8212,Hans Lemke,19,19,0,2026-09-29 03:33:10,2026-09-29 03:33:10.644
2026-09-29 03:29:48,BSCI180,8213,Hans Lemke,19,19,0,2026-09-29 03:33:10,2026-09-29 03:33:10.644
2026-09-29 03:29:48,BSCI180,8214,Hans Lemke,19,19,0,2026-09-29 03:33:10,2026-09-29 03:33:10.644
2026-09-29 03:29:48,BSCI180,8301,Hans Lemke,19,19,0,2026-09-29 03:33:10,2026-09-29 03:33:10.645
2026-09-29 03:29:48,BSCI180,8302,Hans Lemke,19,19,0,2026-09-29 03:33:10,2026-09-29 03:33:10.645
2026-09-29 03:29:48,BSCI180,8305,Hans Lemke,19,19,0,2026-09-29 03:33:10,2026-09-29 03:33:10.645
2026-09-29 03:29:48,BSCI180,8306,Hans Lemke,19,19,0,2026-09-29 03:33:10,2026-09-29 03:33:10.645
2026-09-29 03:29:48,BSCI180,8307,Hans Lemke,19,19,0,2026-09-29 03:33:10,2026-09-29 03:33:10.645
2026-09-29 03:29:48,BSCI180,8308,Hans Lemke,19,19,0,2026-09-29 03:33:10,2026-09-29 03:33:10.645
2026-09-29 03:29:48,BSCI180,8309,Hans Lemke,19,19,0,2026-09-29 03:33:10,2026-09-29 03:33:10.646
2026-09-29 03:29:48,BSCI180,8310,Hans Lemke,19,19,0,2026-09-29 03:33:10,2026-09-29 03:33:10.646
2026-09-29 03:29:48,BSCI180,8311,Hans Lemke,19,19,0,2026-09-29 03:33:10,2026-09-29 03:33:10.646
2026-09-29 03:29:48,BSCI180,8312,Hans Lemke,19,19,0,2026-09-29 03:33:10,2026-09-29 03:33:10.646
2026-09-29 03:29:48,BSCI180,8313,Hans Lemke,19,19,0,2026-09-29 03:33:10,2026-09-29 03:33:10.646
2026-09-29 03:29:48,BSCI180,8314,Hans Lemke,19,19,0,2026-09-29 03:33:10,2026-09-29 03:33:10.646
2026-09-29 03:29:48,BSCI180,8401,Hans Lemke,19,19,0,2026-09-29 03:33:10,2026-09-29 03:33:10.646
2026-09-29 03:29:48,BSCI180,8402,Hans Lemke,19,19,0,2026-09-29 03:33:10,2026-09-29 03:33:10.647
2026-09-29 03:29:48,BSCI180,8405,Hans Lemke,19,19,0,2026-09-29 03:33:10,2026-09-29 03:33:10.647
2026-09-29 03:29:48,BSCI180,8406,Hans Lemke,19,19,0,2026-09-29 03:33:10,2026-09-29 03:33:10.647
2026-09-29 03:29:48,BSCI180,8407,Hans Lemke,19,19,0,2026-09-29 03:33:10,2026-09-29 03:33:10.647
2026-09-29 03:29:48,BSCI180,8408,Hans Lemke,19,19,0,2026-09-29 03:33:10,2026-09-29 03:33:10.647
2026-09-29 03:29:48,BSCI180,8409,Hans Lemke,19,19,0,2026-09-29 03:33:10,2026-09-29 03:33:10.647
2026-09-29 03:29:48,BSCI180,8410,Hans Lemke,19,19,0,2026-09-29 03:33:10,2026-09-29 03:33:10.648
2026-09-29 03:29:48,BSCI180,8411,Hans Lemke,19,19,0,2026-09-29 03:33:10,2026-09-29 03:33:10.648
2026-09-29 03:29:48,BSCI180,8412,Hans Lemke,19,19,0,2026-09-29 03:33:10,2026-09-29 03:33:10.648
2026-09-29 03:29:48,BSCI180,8413,Hans Lemke,19,19,0,2026-09-29 03:33:10,2026-09-29 03:33:10.648
2026-09-29 03:29:48,BSCI180,8414,Hans Lemke,19,19,0,2026-09-29 03:33:10,2026-09-29 03:33:10.648
2026-09-29 03:29:48,BSCI180,SEF2,Hans Lemke,19,19,0,2026-09-29 03:33:10,2026-09-29 03:33:10.648
2026-09-29 03:29:48,BSCI180,SES1,Hans Lemke,19,19,0,2026-09-29 03:33:10,2026-09-29 03:33:10.649
2026-09-29 03:29:48,BSCI201,0101,Caitlin Fox,24,24,0,2026-09-29 03:33:10,2026-09-29 03:33:10.992
2026-09-29 03:29:48,BSCI201,0103,Caitlin Fox,24,24,0,2026-09-29 03:33:10,2026-09-29 03:33:10.993
2026-09-29 03:29:48,BSCI201,0105,Caitlin Fox,24,24,0,2026-09-29 03:33:10,2026-09-29 03:33:10.993
2026-09-29 03:29:48,BSCI201,0106,Caitlin Fox,24,24,0,2026-09-29 03:33:10,2026-09-29 03:33:10.993
2026-09-29 03:29:48,BSCI201,0107,Caitlin Fox,24,24,0,2026-09-29 03:33:10,2026-09-29 03:33:10.993
2026-09-29 03:29:48,BSCI201,0109,Maira Goytia,24,24,0,2026-09-29 03:33:10,2026-09-29 03:33:10.993
2026-09-29 03:29:48,BSCI201,0110,Caitlin Fox,24,24,0,2026-09-29 03:33:10,2026-09-29 03:33:10.993
2026-09-29 03:29:48,BSCI201,0111,Caitlin Fox,24,24,0,2026-09-29 03:33:10,2026-09-29 03:33:10.994
2026-09-29 03:29:48,BSCI201,1101,Justicia Opoku-Edusei,24,24,0,2026-09-29 03:33:10,2026-09-29 03:33:10.994
2026-09-29 03:29:48,BSCI201,1103,Justicia Opoku-Edusei,24,24,0,2026-09-29 03:33:10,2026-09-29 03:33:10.994
2026-09-29 03:29:48,BSCI201,1104,Justicia Opoku-Edusei,24,24,0,2026-09-29 03:33:10,2026-09-29 03:33:10.994
2026-09-29 03:29:48,BSCI201,1105,Caitlin Fox,24,24,0,2026-09-29 03:33:10,2026-09-29 03:33:10.994
2026-09-29 03:29:48,BSCI201,1106,Caitlin Fox,24,24,0,2026-09-29 03:33:10,2026-09-29 03:33:10.994
2026-09-29 03:29:48,BSCI201,1108,Caitlin Fox,24,24,0,2026-09-29 03:33:10,2026-09-29 03:33:10.995
2026-09-29 03:29:48,BSCI201,1109,Justicia Opoku-Edusei,24,24,0,2026-09-29 03:33:10,2026-09-29 03:33:10.995
2026-09-29 03:29:48,BSCI201,1110,Justicia Opoku-Edusei,24,24,0,2026-09-29 03:33:10,2026-09-29 03:33:10.995
2026-09-29 03:29:48,BSCI202,0101,Caitlin Fox,24,24,0,2026-09-29 03:33:11,2026-09-29 03:33:11.334
2026-09-29 03:29:48,BSCI202,0102,Caitlin Fox,24,24,0,2026-09-29 03:33:11,2026-09-29 03:33:11.335
2026-09-29 03:29:48,BSCI202,0104,Caitlin Fox,24,24,0,2026-09-29 03:33:11,2026-09-29 03:33:11.335
2026-09-29 03:29:48,BSCI202,0108,Caitlin Fox,24,24,0,2026-09-29 03:33:11,2026-09-29 03:33:11.335
2026-09-29 03:29:48,BSCI202,0109,Maira Goytia,24,24,0,2026-09-29 03:33:11,2026-09-29 03:33:11.335
2026-09-29 03:29:48,BSCI202,0110,Caitlin Fox,24,24,0,2026-09-29 03:33:11,2026-09-29 03:33:11.335
2026-09-29 03:29:48,BSCI202,1101,Justicia Opoku-Edusei,24,24,0,2026-09-29 03:33:11,2026-09-29 03:33:11.335
2026-09-29 03:29:48,BSCI202,1103,Justicia Opoku-Edusei,24,24,0,2026-09-29 03:33:11,2026-09-29 03:33:11.336
2026-09-29 03:29:48,BSCI202,1104,Justicia Opoku-Edusei,24,24,0,2026-09-29 03:33:11,2026-09-29 03:33:11.336
2026-09-29 03:29:48,BSCI202,1106,Justicia Opoku-Edusei,24,24,0,2026-09-29 03:33:11,2026-09-29 03:33:11.336
2026-09-29 03:29:48,BSCI202,1107,Justicia Opoku-Edusei,24,24,0,2026-09-29 03:33:11,2026-09-29 03:33:11.336
2026-09-29 03:29:48,BSCI202,1108,Justicia Opoku-Edusei,24,24,0,2026-09-29 03:33:11,2026-09-29 03:33:11.336
2026-09-29 03:29:48,BSCI202,SES1,Edward Orlando,20,20,0,2026-09-29 03:33:11,2026-09-29 03:33:11.336
2026-09-29 03:29:48,BSCI207,0101,Karen Carleton,80,80,0,2026-09-29 03:33:11,2026-09-29 03:33:11.665
2026-09-29 03:29:48,BSCI207,0201,Chloe Garfinkel,80,80,0,2026-09-29 03:33:11,2026-09-29 03:33:11.665
2026-09-29 03:29:48,BSCI213,0101,Cordelia Weiss,20,20,0,2026-09-29 03:33:11,2026-09-29 03:33:11.996
2026-09-29 03:29:48,BSCI213,0102,Cordelia Weiss,20,20,0,2026-09-29 03:33:11,2026-09-29 03:33:11.996
2026-09-29 03:29:48,BSCI222,7106,Thomas Kocher,18,18,0,2026-09-29 03:33:12,2026-09-29 03:33:12.438
2026-09-29 03:29:48,BSCI222,7108,Thomas Kocher,18,18,0,2026-09-29 03:33:12,2026-09-29 03:33:12.439
2026-09-29 03:29:48,BSCI222,7110,Thomas Kocher,18,18,0,2026-09-29 03:33:12,2026-09-29 03:33:12.439
2026-09-29 03:29:48,BSCI222,7112,Thomas Kocher,18,18,0,2026-09-29 03:33:12,2026-09-29 03:33:12.439
2026-09-29 03:29:48,BSCI222,7114,Thomas Kocher,18,18,0,2026-09-29 03:33:12,2026-09-29 03:33:12.439
2026-09-29 03:29:48,BSCI222,7116,Thomas Kocher,18,18,0,2026-09-29 03:33:12,2026-09-29 03:33:12.439
2026-09-29 03:29:48,BSCI222,7118,Thomas Kocher,18,18,0,2026-09-29 03:33:12,2026-09-29 03:33:12.439
2026-09-29 03:29:48,BSCI222,7120,Thomas Kocher,18,18,0,2026-09-29 03:33:12,2026-09-29 03:33:12.440
2026-09-29 03:29:48,BSCI222,7130,Thomas Kocher,18,18,0,2026-09-29 03:33:12,2026-09-29 03:33:12.440
2026-09-29 03:29:48,BSCI222,7133,Thomas Kocher,18,18,0,2026-09-29 03:33:12,2026-09-29 03:33:12.440
2026-09-29 03:29:48,BSCI222,7214,Michael Keller,18,18,0,2026-09-29 03:33:12,2026-09-29 03:33:12.440
2026-09-29 03:29:48,BSCI222,7216,Michael Keller,18,18,0,2026-09-29 03:33:12,2026-09-29 03:33:12.440
2026-09-29 03:29:48,BSCI222,7218,Michael Keller,18,18,0,2026-09-29 03:33:12,2026-09-29 03:33:12.440
2026-09-29 03:29:48,BSCI222,7219,Michael Keller,18,18,0,2026-09-29 03:33:12,2026-09-29 03:33:12.441
2026-09-29 03:29:48,BSCI222,7220,Michael Keller,18,18,0,2026-09-29 03:33:12,2026-09-29 03:33:12.441
2026-09-29 03:29:48,BSCI222,7221,Michael Keller,18,18,0,2026-09-29 03:33:12,2026-09-29 03:33:12.441
2026-09-29 03:29:48,BSCI222,7222,Michael Keller,18,18,0,2026-09-29 03:33:12,2026-09-29 03:33:12.441
2026-09-29 03:29:48,BSCI222,7224,Michael Keller,18,18,0,2026-09-29 03:33:12,2026-09-29 03:33:12.441
2026-09-29 03:29:48,BSCI222,7226,Michael Keller,18,18,0,2026-09-29 03:33:12,2026-09-29 03:33:12.441
2026-09-29 03:29:48,BSCI222,7232,Michael Keller,18,18,0,2026-09-29 03:33:12,2026-09-29 03:33:12.442
2026-09-29 03:29:48,BSCI222,7234,Michael Keller,18,18,0,2026-09-29 03:33:12,2026-09-29 03:33:12.442
2026-09-29 03:29:48,BSCI222,7236,Michael Keller,18,18,0,2026-09-29 03:33:12,2026-09-29 03:33:12.442
2026-09-29 03:29:48,BSCI222,7310,Maria Colt,18,18,0,2026-09-29 03:33:12,2026-09-29 03:33:12.442
2026-09-29 03:29:48,BSCI222,7311,Maria Colt,18,18,0,2026-09-29 03:33:12,2026-09-29 03:33:12.442
2026-09-29 03:29:48,BSCI222,7312,Maria Colt,18,18,0,2026-09-29 03:33:12,2026-09-29 03:33:12.442
2026-09-29 03:29:48,BSCI222,7313,Maria Colt,18,18,0,2026-09-29 03:33:12,2026-09-29 03:33:12.442
2026-09-29 03:29:48,BSCI222,7315,Maria Colt,18,18,0,2026-09-29 03:33:12,2026-09-29 03:33:12.443
2026-09-29 03:29:48,BSCI222,7320,Maria Colt,18,18,0,2026-09-29 03:33:12,2026-09-29 03:33:12.443
2026-09-29 03:29:48,BSCI222,7325,Maria Colt,18,18,0,2026-09-29 03:33:12,2026-09-29 03:33:12.443
2026-09-29 03:29:48,BSCI222,7330,Maria Colt,18,18,0,2026-09-29 03:33:12,2026-09-29 03:33:12.443
2026-09-29 03:29:48,BSCI222,7332,Maria Colt,18,18,0,2026-09-29 03:33:12,2026-09-29 03:33:12.443
2026-09-29 03:29:48,BSCI222,7335,Maria Colt,18,18,0,2026-09-29 03:33:12,2026-09-29 03:33:12.443
2026-09-29 03:29:48,BSCI222,SES1,Maria Colt,23,23,0,2026-09-29 03:33:12,2026-09-29 03:33:12.444
2026-09-29 03:29:48,BSCI223,1021,John Buchner,16,16,0,2026-09-29 03:33:12,2026-09-29 03:33:12.817
2026-09-29 03:29:48,BSCI223,1025,John Buchner,16,16,0,2026-09-29 03:33:12,2026-09-29 03:33:12.817
2026-09-29 03:29:48,BSCI223,1026,John Buchner,16,16,0,2026-09-29 03:33:12,2026-09-29 03:33:12.817
2026-09-29 03:29:48,BSCI223,1101,John Buchner,16,16,0,2026-09-29 03:33:12,2026-09-29 03:33:12.817
2026-09-29 03:29:48,BSCI223,1105,John Buchner,16,16,0,2026-09-29 03:33:12,2026-09-29 03:33:12.818
2026-09-29 03:29:48,BSCI223,1106,John Buchner,16,16,0,2026-09-29 03:33:12,2026-09-29 03:33:12.818
2026-09-29 03:29:48,BSCI223,1121,John Buchner,16,16,0,2026-09-29 03:33:12,2026-09-29 03:33:12.818
2026-09-29 03:29:48,BSCI223,1125,John Buchner,16,16,0,2026-09-29 03:33:12,2026-09-29 03:33:12.818
2026-09-29 03:29:48,BSCI223,1126,John Buchner,16,16,0,2026-09-29 03:33:12,2026-09-29 03:33:12.818
2026-09-29 03:29:48,BSCI223,1201,John Buchner,16,16,0,2026-09-29 03:33:12,2026-09-29 03:33:12.818
2026-09-29 03:29:48,BSCI223,1206,John Buchner,16,16,0,2026-09-29 03:33:12,2026-09-29 03:33:12.819
2026-09-29 03:29:48,BSCI223,1221,John Buchner,16,16,0,2026-09-29 03:33:12,2026-09-29 03:33:12.819
2026-09-29 03:29:48,BSCI223,1225,John Buchner,16,16,0,2026-09-29 03:33:12,2026-09-29 03:33:12.819
2026-09-29 03:29:48,BSCI223,1226,John Buchner,16,16,0,2026-09-29 03:33:12,2026-09-29 03:33:12.819
2026-09-29 03:29:48,BSCI223,1301,John Buchner,16,16,0,2026-09-29 03:33:12,2026-09-29 03:33:12.819
2026-09-29 03:29:48,BSCI223,1306,John Buchner,16,16,0,2026-09-29 03:33:12,2026-09-29 03:33:12.819
2026-09-29 03:29:48,BSCI223,2401,John Buchner,16,16,0,2026-09-29 03:33:12,2026-09-29 03:33:12.819
2026-09-29 03:29:48,BSCI223,2406,John Buchner,16,16,0,2026-09-29 03:33:12,2026-09-29 03:33:12.820
2026-09-29 03:29:48,BSCI223,SES1,Cherisse Hall,20,20,0,2026-09-29 03:33:12,2026-09-29 03:33:12.820
2026-09-29 03:29:48,BSCI238I,0101,Aditri Gadigi,30,30,0,2026-09-29 03:33:13,2026-09-29 03:33:13.136
2026-09-29 03:29:48,BSCI258A,0101,Nicholas Fletcher,10,10,0,2026-09-29 03:33:13,2026-09-29 03:33:13.464
2026-09-29 03:29:48,BSCI258B,0101,Nicholas Fletcher,80,80,0,2026-09-29 03:33:13,2026-09-29 03:33:13.779
2026-09-29 03:29:48,BSCI279B,0101,Katerina Thompson,32,32,0,2026-09-29 03:33:14,2026-09-29 03:33:14.372
2026-09-29 03:29:48,BSCI279B,0102,Katerina Thompson,32,32,0,2026-09-29 03:33:14,2026-09-29 03:33:14.372
2026-09-29 03:29:48,BSCI279Q,0101,Daniel Butts,10,10,0,2026-09-29 03:33:15,2026-09-29 03:33:15.022
2026-09-29 03:29:48,BSCI283,1205,Kevin McIver,20,20,0,2026-09-29 03:33:15,2026-09-29 03:33:15.948
2026-09-29 03:29:48,BSCI283,1305,Daniel Stein,20,20,0,2026-09-29 03:33:15,2026-09-29 03:33:15.948
2026-09-29 03:29:48,BSCI329,1016,Hilary Bierman,5,5,0,2026-09-29 03:33:16,2026-09-29 03:33:16.280
2026-09-29 03:29:48,BSCI329,1028,Daniel Butts,10,10,0,2026-09-29 03:33:16,2026-09-29 03:33:16.280
2026-09-29 03:29:48,BSCI329,1033,Chan Lin,10,10,0,2026-09-29 03:33:16,2026-09-29 03:33:16.280
2026-09-29 03:29:48,BSCI329,1250,Justicia Opoku-Edusei,20,20,0,2026-09-29 03:33:16,2026-09-29 03:33:16.281
2026-09-29 03:29:48,BSCI329,1388,Corine Van der Weele,8,8,0,2026-09-29 03:33:16,2026-09-29 03:33:16.281
2026-09-29 03:29:48,BSCI329,ESG1,Hadiya Woodham,10,10,0,2026-09-29 03:33:16,2026-09-29 03:33:16.281
2026-09-29 03:29:48,BSCI331,0101,Kenneth Frauwirth,200,200,0,2026-09-29 03:33:16,2026-09-29 03:33:16.592
2026-09-29 03:29:48,BSCI331,0201,Kenneth Frauwirth,200,200,0,2026-09-29 03:33:16,2026-09-29 03:33:16.593
2026-09-29 03:29:48,BSCI332,0102,Corine Van der Weele,23,23,0,2026-09-29 03:33:16,2026-09-29 03:33:16.948
2026-09-29 03:29:48,BSCI332,0104,Corine Van der Weele,23,23,0,2026-09-29 03:33:16,2026-09-29 03:33:16.948
2026-09-29 03:29:48,BSCI332,0106,Corine Van der Weele,23,23,0,2026-09-29 03:33:16,2026-09-29 03:33:16.948
2026-09-29 03:29:48,BSCI332,0107,Corine Van der Weele,23,23,0,2026-09-29 03:33:16,2026-09-29 03:33:16.948
2026-09-29 03:29:48,BSCI332,0111,Corine Van der Weele,23,23,0,2026-09-29 03:33:16,2026-09-29 03:33:16.948
2026-09-29 03:29:48,BSCI332,1103,Corine Van der Weele,23,23,0,2026-09-29 03:33:16,2026-09-29 03:33:16.948
2026-09-29 03:29:48,BSCI332,1105,Corine Van der Weele,23,23,0,2026-09-29 03:33:16,2026-09-29 03:33:16.948
2026-09-29 03:29:48,BSCI332,1108,Corine Van der Weele,23,23,0,2026-09-29 03:33:16,2026-09-29 03:33:16.949
2026-09-29 03:29:48,BSCI332,1109,Corine Van der Weele,23,23,0,2026-09-29 03:33:16,2026-09-29 03:33:16.949
2026-09-29 03:29:48,BSCI332,1111,Corine Van der Weele,23,23,0,2026-09-29 03:33:16,2026-09-29 03:33:16.949
2026-09-29 03:29:48,BSCI332,1113,Corine Van der Weele,23,23,0,2026-09-29 03:33:16,2026-09-29 03:33:16.949
2026-09-29 03:29:48,BSCI334,0101,Katerina Thompson,60,60,0,2026-09-29 03:33:17,2026-09-29 03:33:17.268
2026-09-29 03:29:48,BSCI335,0101,Katerina Thompson,20,20,0,2026-09-29 03:33:17,2026-09-29 03:33:17.613
2026-09-29 03:29:48,BSCI335,0102,Katerina Thompson,20,20,0,2026-09-29 03:33:17,2026-09-29 03:33:17.614
2026-09-29 03:29:48,BSCI337,0101,Leo Shapiro,20,20,0,2026-09-29 03:33:17,2026-09-29 03:33:17.937
2026-09-29 03:29:48,BSCI337,0102,Leo Shapiro,20,20,0,2026-09-29 03:33:17,2026-09-29 03:33:17.938
2026-09-29 03:29:48,BSCI343,ESG1,Hadiya Woodham,30,30,0,2026-09-29 03:33:18,2026-09-29 03:33:18.570
2026-09-29 03:29:48,BSCI348A,0101,John Buchner,22,22,0,2026-09-29 03:33:19,2026-09-29 03:33:19.212
2026-09-29 03:29:48,BSCI348I,SES1,Erik Lontok,25,25,0,2026-09-29 03:33:19,2026-09-29 03:33:19.528
2026-09-29 03:29:48,BSCI348R,0101,Najib El-Sayed,10,10,0,2026-09-29 03:33:19,2026-09-29 03:33:19.990
2026-09-29 03:29:48,BSCI353,0101,Chan Lin,64,64,0,2026-09-29 03:33:20,2026-09-29 03:33:20.409
2026-09-29 03:29:48,BSCI353,0102,Melissa Caras,40,40,0,2026-09-29 03:33:20,2026-09-29 03:33:20.410
2026-09-29 03:29:48,BSCI353,ESG1,Vitaly Stepensky,40,40,0,2026-09-29 03:33:20,2026-09-29 03:33:20.410
2026-09-29 03:29:48,BSCI358A,ESG1,Vitaly Stepensky,30,30,0,2026-09-29 03:33:20,2026-09-29 03:33:20.727
2026-09-29 03:29:48,BSCI358B,ESG1,Gregory Simon,30,30,0,2026-09-29 03:33:21,2026-09-29 03:33:21.050
2026-09-29 03:29:48,BSCI361,0101,Daniel Gruner,25,25,0,2026-09-29 03:33:21,2026-09-29 03:33:21.387
2026-09-29 03:29:48,BSCI361,0102,Daniel Gruner,25,25,0,2026-09-29 03:33:21,2026-09-29 03:33:21.387
2026-09-29 03:29:48,BSCI370,0101,Alexandra Bely,64,64,0,2026-09-29 03:33:21,2026-09-29 03:33:21.719
2026-09-29 03:29:48,BSCI378H,0101,Kenneth Frauwirth,23,23,0,2026-09-29 03:33:22,2026-09-29 03:33:22.029
2026-09-29 03:29:48,BSCI398H,0101,Alexandra Bely,35,35,0,2026-09-29 03:33:24,2026-09-29 03:33:24.211
2026-09-29 03:29:48,BSCI401,0101,Gerald Wilkinson,39,39,0,2026-09-29 03:33:25,2026-09-29 03:33:25.433
2026-09-29 03:29:48,BSCI406,0101,Sergei Sukharev,20,20,0,2026-09-29 03:33:25,2026-09-29 03:33:25.763
2026-09-29 03:29:48,BSCI410,0101,Charles Seller,140,140,0,2026-09-29 03:33:26,2026-09-29 03:33:26.091
2026-09-29 03:29:48,BSCI412,0101,Erin Tran,18,18,0,2026-09-29 03:33:26,2026-09-29 03:33:26.432
2026-09-29 03:29:48,BSCI412,0103,Wade Winkler,18,18,0,2026-09-29 03:33:26,2026-09-29 03:33:26.432
2026-09-29 03:29:48,BSCI414,ESG1,Caitlin Fox,24,24,0,2026-09-29 03:33:26,2026-09-29 03:33:26.745
2026-09-29 03:29:48,BSCI416,0101,Silvia Bolland,42,42,0,2026-09-29 03:33:27,2026-09-29 03:33:27.062
2026-09-29 03:29:48,BSCI417,0101,Vincent Lee,30,30,0,2026-09-29 03:33:27,2026-09-29 03:33:27.379
2026-09-29 03:29:48,BSCI420,0101,Sougata Roy,62,62,0,2026-09-29 03:33:27,2026-09-29 03:33:27.736
2026-09-29 03:29:48,BSCI422,0101,Kenneth Frauwirth,25,25,0,2026-09-29 03:33:28,2026-09-29 03:33:28.054
2026-09-29 03:29:48,BSCI422,0102,Kenneth Frauwirth,25,25,0,2026-09-29 03:33:28,2026-09-29 03:33:28.054
2026-09-29 03:29:48,BSCI422,0103,David Mosser,25,25,0,2026-09-29 03:33:28,2026-09-29 03:33:28.054
2026-09-29 03:29:48,BSCI422,0104,David Mosser,25,25,0,2026-09-29 03:33:28,2026-09-29 03:33:28.055
2026-09-29 03:29:48,BSCI423,0101,Wenxia Song,18,18,0,2026-09-29 03:33:28,2026-09-29 03:33:28.368
2026-09-29 03:29:48,BSCI423,0102,Wenxia Song,18,18,0,2026-09-29 03:33:28,2026-09-29 03:33:28.368
2026-09-29 03:29:48,BSCI425,0101,Kan Cao,20,20,0,2026-09-29 03:33:28,2026-09-29 03:33:28.680
2026-09-29 03:29:48,BSCI430,0101,Eric Haag,35,35,0,2026-09-29 03:33:28,2026-09-29 03:33:28.990
2026-09-29 03:29:48,BSCI433,0101,Jeff Maltas,30,30,0,2026-09-29 03:33:29,2026-09-29 03:33:29.329
2026-09-29 03:29:48,BSCI435,0101,Tapan Goel,18,18,0,2026-09-29 03:33:29,2026-09-29 03:33:29.650
2026-09-29 03:29:48,BSCI436,0101,Jonathan Dinman,60,60,0,2026-09-29 03:33:30,2026-09-29 03:33:30.021
2026-09-29 03:29:48,BSCI437,0101,Jeffrey DeStefano,70,70,0,2026-09-29 03:33:30,2026-09-29 03:33:30.342
2026-09-29 03:29:48,BSCI437,ESG1,Gilad Ofek,40,40,0,2026-09-29 03:33:30,2026-09-29 03:33:30.342
2026-09-29 03:29:48,BSCI437H,0101,Jeffrey DeStefano,8,8,0,2026-09-29 03:33:30,2026-09-29 03:33:30.643
2026-09-29 03:29:48,BSCI439B,ESG1,Maira Goytia,40,40,0,2026-09-29 03:33:30,2026-09-29 03:33:30.984
2026-09-29 03:29:48,BSCI439E,0101,Beatrice Kondo,5,5,0,2026-09-29 03:33:31,2026-09-29 03:33:31.297
2026-09-29 03:29:48,BSCI439G,0101,Beatrice Kondo,5,5,0,2026-09-29 03:33:31,2026-09-29 03:33:31.632
2026-09-29 03:29:48,BSCI439L,0101,Instructor: TBA,5,5,0,2026-09-29 03:33:31,2026-09-29 03:33:31.935
2026-09-29 03:29:48,BSCI442,0101,Daniel Rodriguez Leal,20,20,0,2026-09-29 03:33:32,2026-09-29 03:33:32.274
2026-09-29 03:29:48,BSCI442,0102,Jose Feijo,20,20,0,2026-09-29 03:33:32,2026-09-29 03:33:32.274
2026-09-29 03:29:48,BSCI450,0101,Juan Angueyra,130,130,0,2026-09-29 03:33:32,2026-09-29 03:33:32.611
2026-09-29 03:29:48,BSCI450,0201,Joshua Singer,120,120,0,2026-09-29 03:33:32,2026-09-29 03:33:32.611
2026-09-29 03:29:48,BSCI450,PDS1,William Higgins,20,20,0,2026-09-29 03:33:32,2026-09-29 03:33:32.611
2026-09-29 03:29:48,BSCI451,0101,Corine Van der Weele,20,20,0,2026-09-29 03:33:32,2026-09-29 03:33:32.948
2026-09-29 03:29:48,BSCI451,0102,Corine Van der Weele,20,20,0,2026-09-29 03:33:32,2026-09-29 03:33:32.948
2026-09-29 03:29:48,BSCI451,0103,Corine Van der Weele,20,20,0,2026-09-29 03:33:32,2026-09-29 03:33:32.948
2026-09-29 03:29:48,BSCI451,0104,Corine Van der Weele,20,20,0,2026-09-29 03:33:32,2026-09-29 03:33:32.948
2026-09-29 03:29:48,BSCI452,0101,Chan Lin,40,40,0,2026-09-29 03:33:33,2026-09-29 03:33:33.266
2026-09-29 03:29:48,BSCI452,SES1,Chan Lin,20,20,0,2026-09-29 03:33:33,2026-09-29 03:33:33.266
2026-09-29 03:29:48,BSCI453,0101,Nikolas Francis,38,38,0,2026-09-29 03:33:33,2026-09-29 03:33:33.589
2026-09-29 03:29:48,BSCI455,0101,Hilary Bierman,16,16,0,2026-09-29 03:33:33,2026-09-29 03:33:33.951
2026-09-29 03:29:48,BSCI455,0102,Hilary Bierman,16,16,0,2026-09-29 03:33:33,2026-09-29 03:33:33.951
2026-09-29 03:29:48,BSCI455,0103,Hilary Bierman,16,16,0,2026-09-29 03:33:33,2026-09-29 03:33:33.952
2026-09-29 03:29:48,BSCI456,0101,Colenso Speer,5,5,0,2026-09-29 03:33:34,2026-09-29 03:33:34.266
2026-09-29 03:29:48,BSCI477,0101,Emily Bruns,40,40,0,2026-09-29 03:33:34,2026-09-29 03:33:34.578
2026-09-29 03:29:48,BSCI487,0101,Kelly Hamby,24,24,0,2026-09-29 03:33:34,2026-09-29 03:33:34.931
2026-09-29 03:29:48,BSOS355,0101,Liza Lebrun,40,40,0,2026-09-29 03:33:36,2026-09-29 03:33:36.504
2026-09-29 03:29:48,BSOS361,0101,TC Lloyd,30,30,0,2026-09-29 03:33:36,2026-09-29 03:33:36.830
2026-09-29 03:29:48,BSOS361,0102,TC Lloyd,30,30,0,2026-09-29 03:33:36,2026-09-29 03:33:36.830
2026-09-29 03:29:48,BSOS448M,0101,Brandee Pettus,12,12,0,2026-09-29 03:33:37,2026-09-29 03:33:37.142
2026-09-29 03:29:48,BUMO600,0501,Sheetal Singh,52,52,0,2026-09-29 03:33:57,2026-09-29 03:33:57.648
2026-09-29 03:29:48,BUMO604,0501,Jon Crocker,0,0,0,2026-09-29 03:33:57,2026-09-29 03:33:57.981
2026-09-29 03:29:48,BUMO614,0501,Waverly Ding,58,58,0,2026-09-29 03:33:58,2026-09-29 03:33:58.286
2026-09-29 03:29:48,BUMO701,0501,Jason Choi,65,65,0,2026-09-29 03:33:58,2026-09-29 03:33:58.615
2026-09-29 03:29:48,BUMO703,0501,Mary Beth Furst,65,65,0,2026-09-29 03:33:58,2026-09-29 03:33:58.926
2026-09-29 03:29:48,BUMO711,0501,Sheetal Singh,65,65,0,2026-09-29 03:33:59,2026-09-29 03:33:59.238
2026-09-29 03:29:48,BUMO714,0501,Rellie Rozin,0,0,0,2026-09-29 03:33:59,2026-09-29 03:33:59.575
2026-09-29 03:29:48,BUMO723,0501,Stephen Sclafani,58,58,0,2026-09-29 03:33:59,2026-09-29 03:33:59.945
2026-09-29 03:29:48,BUMO724,0501,Stephen Sclafani,58,58,0,2026-09-29 03:34:00,2026-09-29 03:34:00.297
2026-09-29 03:29:48,BUMO726,0501,Stephen Sclafani,58,58,0,2026-09-29 03:34:00,2026-09-29 03:34:00.626
2026-09-29 03:29:48,BUMO731,0501,Balaji Padmanabhan,58,58,0,2026-09-29 03:34:00,2026-09-29 03:34:00.965
2026-09-29 03:29:48,BUMO733,0501,Balaji Padmanabhan,58,58,0,2026-09-29 03:34:01,2026-09-29 03:34:01.306
2026-09-29 03:29:48,BUMO758P,0501,Jon Crocker,37,37,0,2026-09-29 03:34:01,2026-09-29 03:34:01.683
2026-09-29 03:29:48,BUMO780,0501,Jennifer Marr,37,37,0,2026-09-29 03:34:02,2026-09-29 03:34:02.416
2026-09-29 03:29:48,BUMO780,0502,Jennifer Marr,37,37,0,2026-09-29 03:34:02,2026-09-29 03:34:02.416
2026-09-29 03:29:48,BUMO782,0501,Mike Hoffmeyer,40,40,0,2026-09-29 03:34:02,2026-09-29 03:34:02.765
2026-09-29 03:29:48,BUMO785,0501,Maria Bustamante,65,65,0,2026-09-29 03:34:03,2026-09-29 03:34:03.087
2026-09-29 03:29:48,BUMO790,0501,Roy Thomason,65,65,0,2026-09-29 03:34:03,2026-09-29 03:34:03.425
2026-09-29 03:29:48,BUMO790,0502,Roy Thomason,65,65,0,2026-09-29 03:34:03,2026-09-29 03:34:03.425
2026-09-29 03:29:48,BUMO791,0501,Roy Thomason,65,65,0,2026-09-29 03:34:03,2026-09-29 03:34:03.759
2026-09-29 03:29:48,BUMO791,0502,Roy Thomason,65,65,0,2026-09-29 03:34:03,2026-09-29 03:34:03.759
2026-09-29 03:29:48,CHIN100,0101,Yuli Wang,15,15,0,2026-09-29 03:34:51,2026-09-29 03:34:51.006
2026-09-29 03:29:48,CHIN121,0101,Mei Kong,15,15,0,2026-09-29 03:34:51,2026-09-29 03:34:51.311
2026-09-29 03:29:48,CHIN122,0101,Mei Kong,15,15,0,2026-09-29 03:34:51,2026-09-29 03:34:51.644
2026-09-29 03:29:48,CHIN122,0201,Mei Kong,15,15,0,2026-09-29 03:34:51,2026-09-29 03:34:51.645
2026-09-29 03:29:48,CHIN122,0301,Guiling Hu,15,15,0,2026-09-29 03:34:51,2026-09-29 03:34:51.645
2026-09-29 03:29:48,CHIN207,0101,Guiling Hu,15,15,0,2026-09-29 03:34:51,2026-09-29 03:34:51.989
2026-09-29 03:29:48,CHIN207,0201,Guiling Hu,15,15,0,2026-09-29 03:34:51,2026-09-29 03:34:51.990
2026-09-29 03:29:48,CHIN302,0101,Jungjung Lee,15,15,0,2026-09-29 03:34:52,2026-09-29 03:34:52.317
2026-09-29 03:29:48,CHIN302,0201,Jungjung Lee,15,15,0,2026-09-29 03:34:52,2026-09-29 03:34:52.317
2026-09-29 03:29:48,CHIN307,0101,Minglang Zhou,25,25,0,2026-09-29 03:34:52,2026-09-29 03:34:52.625
2026-09-29 03:29:48,CHIN315,0101,Mei Nan,25,25,0,2026-09-29 03:34:52,2026-09-29 03:34:52.954
2026-09-29 03:29:48,CHIN332,0101,Yuli Wang,15,15,0,2026-09-29 03:34:53,2026-09-29 03:34:53.289
2026-09-29 03:29:48,CHIN402,0101,Jungjung Lee,15,15,0,2026-09-29 03:34:53,2026-09-29 03:34:53.916
2026-09-29 03:29:48,CHIN415,0101,Jungjung Lee,15,15,0,2026-09-29 03:34:54,2026-09-29 03:34:54.241
2026-09-29 03:29:48,CHIN418O,0101,Mei Nan,25,25,0,2026-09-29 03:34:54,2026-09-29 03:34:54.551
2026-09-29 03:29:48,CHIN441,0101,Andrew Schonebaum,20,20,0,2026-09-29 03:34:54,2026-09-29 03:34:54.864
2026-09-29 03:29:48,CHSE205,0101,Yewon Lee,60,60,0,2026-09-29 03:34:58,2026-09-29 03:34:58.924
2026-09-29 03:29:48,CHSE205,0201,Katryna Andrusik,50,50,0,2026-09-29 03:34:58,2026-09-29 03:34:58.924
2026-09-29 03:29:48,CHSE228D,0101,Nikita Kimani,16,16,0,2026-09-29 03:34:59,2026-09-29 03:34:59.263
2026-09-29 03:29:48,CHSE376,0101,Michael Dunham,20,20,0,2026-09-29 03:34:59,2026-09-29 03:34:59.611
2026-09-29 03:29:48,CHSE376,0201,Elizabeth Martinez,20,20,0,2026-09-29 03:34:59,2026-09-29 03:34:59.611
2026-09-29 03:29:48,CHSE376,0301,Colleen McGilpin,20,20,0,2026-09-29 03:34:59,2026-09-29 03:34:59.611
2026-09-29 03:29:48,CHSE376,0401,Chanai Brewster,20,20,0,2026-09-29 03:34:59,2026-09-29 03:34:59.611
2026-09-29 03:29:48,CHSE376,0501,Michael Dunham,15,15,0,2026-09-29 03:34:59,2026-09-29 03:34:59.611
2026-09-29 03:29:48,CHSE476,0101,Michael Dunham,20,20,0,2026-09-29 03:35:00,2026-09-29 03:35:00.283
2026-09-29 03:29:48,CHSE477,0101,Michael Dunham,18,18,0,2026-09-29 03:35:00,2026-09-29 03:35:00.598
2026-09-29 03:29:48,CHSE480,0101,Michael Dunham,18,18,0,2026-09-29 03:35:00,2026-09-29 03:35:00.919
2026-09-29 03:29:48,CHSE489,1901,Amy D'Agati,10,10,0,2026-09-29 03:35:01,2026-09-29 03:35:01.324
2026-09-29 03:29:48,CINE245,0201,Instructor: TBA,27,27,0,2026-09-29 03:35:03,2026-09-29 03:35:03.540
2026-09-29 03:29:48,CINE245,0301,Instructor: TBA,27,27,0,2026-09-29 03:35:03,2026-09-29 03:35:03.540
2026-09-29 03:29:48,CINE280,0101,Eric Zakim,25,25,0,2026-09-29 03:35:03,2026-09-29 03:35:03.883
2026-09-29 03:29:48,CINE280,0102,Eric Zakim,25,25,0,2026-09-29 03:35:03,2026-09-29 03:35:03.883
2026-09-29 03:29:48,CINE280,0103,Eric Zakim,25,25,0,2026-09-29 03:35:03,2026-09-29 03:35:03.883
2026-09-29 03:29:48,CINE280,0104,Eric Zakim,25,25,0,2026-09-29 03:35:03,2026-09-29 03:35:03.883
2026-09-29 03:29:48,CINE282,0101,Susan Pramschufer,35,35,0,2026-09-29 03:35:04,2026-09-29 03:35:04.223
2026-09-29 03:29:48,CINE298B,0101,Sean Pue,20,20,0,2026-09-29 03:35:04,2026-09-29 03:35:04.594
2026-09-29 03:29:48,CINE302,0101,Luka Arsenjuk,30,30,0,2026-09-29 03:35:04,2026-09-29 03:35:04.923
2026-09-29 03:29:48,CINE310,0101,Nathaniel Stevens,15,15,0,2026-09-29 03:35:05,2026-09-29 03:35:05.249
2026-09-29 03:29:48,CINE319A,0101,Instructor: TBA,20,20,0,2026-09-29 03:35:05,2026-09-29 03:35:05.575
2026-09-29 03:29:48,CINE319I,0101,Yael Inbar,15,15,0,2026-09-29 03:35:05,2026-09-29 03:35:05.923
2026-09-29 03:29:48,CINE319P,5501,Samuel Crawford,10,10,0,2026-09-29 03:35:06,2026-09-29 03:35:06.235
2026-09-29 03:29:48,CINE329E,0101,Elizabeth Papazian,25,25,0,2026-09-29 03:35:06,2026-09-29 03:35:06.538
2026-09-29 03:29:48,CINE329N,0101,Daniel Richter,25,25,0,2026-09-29 03:35:06,2026-09-29 03:35:06.877
2026-09-29 03:29:48,CINE329Z,0101,Daniel Richter,25,25,0,2026-09-29 03:35:07,2026-09-29 03:35:07.216
2026-09-29 03:29:48,CINE335,0101,Jason Kuo,25,25,0,2026-09-29 03:35:07,2026-09-29 03:35:07.555
2026-09-29 03:29:48,CINE369C,0101,Mauro Resmini,40,40,0,2026-09-29 03:35:07,2026-09-29 03:35:07.867
2026-09-29 03:29:48,CINE369F,0101,Alexis Lothian,30,30,0,2026-09-29 03:35:08,2026-09-29 03:35:08.196
2026-09-29 03:29:48,CINE369K,0101,Instructor: TBA,20,20,0,2026-09-29 03:35:08,2026-09-29 03:35:08.498
2026-09-29 03:29:48,CINE376,0101,Ross Angelella,14,14,0,2026-09-29 03:35:08,2026-09-29 03:35:08.827
2026-09-29 03:29:48,CINE376,0102,Ross Angelella,5,5,0,2026-09-29 03:35:08,2026-09-29 03:35:08.827
2026-09-29 03:29:48,CINE419E,0101,Stephanie Sapienza,15,15,0,2026-09-29 03:35:09,2026-09-29 03:35:09.460
2026-09-29 03:29:48,CINE429O,0101,Mei Nan,25,25,0,2026-09-29 03:35:09,2026-09-29 03:35:09.787
2026-09-29 03:29:48,CINE459C,0101,Saverio Giovacchini,54,54,0,2026-09-29 03:35:10,2026-09-29 03:35:10.132
2026-09-29 03:29:48,CINE469Y,0101,Jason Kuo,14,14,0,2026-09-29 03:35:10,2026-09-29 03:35:10.883
2026-09-29 03:29:48,CLAS170,0101,Katherine Wasdin,21,21,0,2026-09-29 03:35:13,2026-09-29 03:35:13.474
2026-09-29 03:29:48,CLAS170,0102,Katherine Wasdin,21,21,0,2026-09-29 03:35:13,2026-09-29 03:35:13.474
2026-09-29 03:29:48,CLAS170,0103,Katherine Wasdin,21,21,0,2026-09-29 03:35:13,2026-09-29 03:35:13.474
2026-09-29 03:29:48,CLAS170,0104,Katherine Wasdin,21,21,0,2026-09-29 03:35:13,2026-09-29 03:35:13.475
2026-09-29 03:29:48,CLAS170,0105,Katherine Wasdin,21,21,0,2026-09-29 03:35:13,2026-09-29 03:35:13.475
2026-09-29 03:29:48,CLAS170,0106,Katherine Wasdin,21,21,0,2026-09-29 03:35:13,2026-09-29 03:35:13.475
2026-09-29 03:29:48,CLAS170,0107,Katherine Wasdin,21,21,0,2026-09-29 03:35:13,2026-09-29 03:35:13.475
2026-09-29 03:29:48,CLAS170,0108,Katherine Wasdin,21,21,0,2026-09-29 03:35:13,2026-09-29 03:35:13.475
2026-09-29 03:29:48,CLAS170,0109,Katherine Wasdin,21,21,0,2026-09-29 03:35:13,2026-09-29 03:35:13.475
2026-09-29 03:29:48,CLAS276,0101,Eric Adler,25,25,0,2026-09-29 03:35:13,2026-09-29 03:35:13.814
2026-09-29 03:29:48,CLAS276,0102,Eric Adler,25,25,0,2026-09-29 03:35:13,2026-09-29 03:35:13.815
2026-09-29 03:29:48,CLAS276,0103,Eric Adler,25,25,0,2026-09-29 03:35:13,2026-09-29 03:35:13.815
2026-09-29 03:29:48,CLAS276,0104,Eric Adler,25,25,0,2026-09-29 03:35:13,2026-09-29 03:35:13.815
2026-09-29 03:29:48,CLAS276,0105,Eric Adler,25,25,0,2026-09-29 03:35:13,2026-09-29 03:35:13.815
2026-09-29 03:29:48,CLAS276,0106,Eric Adler,25,25,0,2026-09-29 03:35:13,2026-09-29 03:35:13.815
2026-09-29 03:29:48,CLAS333,0101,Nathan Levine,35,35,0,2026-09-29 03:35:14,2026-09-29 03:35:14.158
2026-09-29 03:29:48,CLAS340,0101,Katherine Wasdin,35,35,0,2026-09-29 03:35:14,2026-09-29 03:35:14.480
2026-09-29 03:29:48,CMLT235,0101,Instructor: TBA,30,30,0,2026-09-29 03:35:17,2026-09-29 03:35:17.349
2026-09-29 03:29:48,CMLT270,0201,Instructor: TBA,30,30,0,2026-09-29 03:35:17,2026-09-29 03:35:17.677
2026-09-29 03:29:48,CMLT270,0301,Instructor: TBA,30,30,0,2026-09-29 03:35:17,2026-09-29 03:35:17.677
2026-09-29 03:29:48,CMLT275,0101,Instructor: TBA,30,30,0,2026-09-29 03:35:17,2026-09-29 03:35:17.988
2026-09-29 03:29:48,CMLT277,0101,Instructor: TBA,30,30,0,2026-09-29 03:35:18,2026-09-29 03:35:18.318
2026-09-29 03:29:48,CMLT280,0101,Eric Zakim,25,25,0,2026-09-29 03:35:18,2026-09-29 03:35:18.658
2026-09-29 03:29:48,CMLT280,0102,Eric Zakim,25,25,0,2026-09-29 03:35:18,2026-09-29 03:35:18.658
2026-09-29 03:29:48,CMLT280,0103,Eric Zakim,25,25,0,2026-09-29 03:35:18,2026-09-29 03:35:18.658
2026-09-29 03:29:48,CMLT280,0104,Eric Zakim,25,25,0,2026-09-29 03:35:18,2026-09-29 03:35:18.658
2026-09-29 03:29:48,CPBE101,0101,Oliver Schlake,75,75,0,2026-09-29 03:35:41,2026-09-29 03:35:41.734
2026-09-29 03:29:48,CPBE230,0101,Oliver Schlake,30,30,0,2026-09-29 03:35:42,2026-09-29 03:35:42.068
2026-09-29 03:29:48,CPBE240,0101,Oliver Schlake,20,20,0,2026-09-29 03:35:42,2026-09-29 03:35:42.382
2026-09-29 03:29:48,CPBE250,0101,Oliver Schlake,30,30,0,2026-09-29 03:35:42,2026-09-29 03:35:42.722
2026-09-29 03:29:48,CPCV101,0101,Julie Randolph,40,40,0,2026-09-29 03:35:44,2026-09-29 03:35:44.316
2026-09-29 03:29:48,CPCV101,0201,Julie Randolph,40,40,0,2026-09-29 03:35:44,2026-09-29 03:35:44.316
2026-09-29 03:29:48,CPCV230,0101,Korey Rothman,20,20,0,2026-09-29 03:35:44,2026-09-29 03:35:44.657
2026-09-29 03:29:48,CPCV230,0201,Korey Rothman,20,20,0,2026-09-29 03:35:44,2026-09-29 03:35:44.658
2026-09-29 03:29:48,CPDJ101,0101,Jess Feltner,75,75,0,2026-09-29 03:35:46,2026-09-29 03:35:46.256
2026-09-29 03:29:48,CPDJ230,0101,Jess Feltner,10,10,0,2026-09-29 03:35:46,2026-09-29 03:35:46.580
2026-09-29 03:29:48,CPDJ240,0101,Jess Feltner,8,8,0,2026-09-29 03:35:46,2026-09-29 03:35:46.920
2026-09-29 03:29:48,CPDJ250,0101,Jess Feltner,10,10,0,2026-09-29 03:35:47,2026-09-29 03:35:47.244
2026-09-29 03:29:48,CPET101,0101,Dani Moore,78,78,0,2026-09-29 03:35:48,2026-09-29 03:35:48.831
2026-09-29 03:29:48,CPET230,0101,Dani Moore,50,50,0,2026-09-29 03:35:49,2026-09-29 03:35:49.205
2026-09-29 03:29:48,CPET240,0101,Dani Moore,20,20,0,2026-09-29 03:35:49,2026-09-29 03:35:49.529
2026-09-29 03:29:48,CPET250,0101,Dani Moore,15,15,0,2026-09-29 03:35:49,2026-09-29 03:35:49.833
2026-09-29 03:29:48,CPGH101,0101,Angshuman Kashyap,75,75,0,2026-09-29 03:35:51,2026-09-29 03:35:51.544
2026-09-29 03:29:48,CPGH210,0101,Haley Clark,80,80,0,2026-09-29 03:35:51,2026-09-29 03:35:51.846
2026-09-29 03:29:48,CPGH230,0101,John Wiggins,30,30,0,2026-09-29 03:35:52,2026-09-29 03:35:52.183
2026-09-29 03:29:48,CPGH240,0101,John Wiggins,30,30,0,2026-09-29 03:35:52,2026-09-29 03:35:52.517
2026-09-29 03:29:48,CPGH250,0101,John Wiggins,25,25,0,2026-09-29 03:35:52,2026-09-29 03:35:52.835
2026-09-29 03:29:48,CPGH270,0101,John Wiggins,5,5,0,2026-09-29 03:35:53,2026-09-29 03:35:53.159
2026-09-29 03:29:48,CPJT101,0101,Justine DeCamillis,75,75,0,2026-09-29 03:35:54,2026-09-29 03:35:54.737
2026-09-29 03:29:48,CPJT230,0101,Justine DeCamillis,35,35,0,2026-09-29 03:35:55,2026-09-29 03:35:55.067
2026-09-29 03:29:48,CPJT240,0101,Justine DeCamillis,25,25,0,2026-09-29 03:35:55,2026-09-29 03:35:55.404
2026-09-29 03:29:48,CPJT250,0101,Victoria Worley,25,25,0,2026-09-29 03:35:55,2026-09-29 03:35:55.731
2026-09-29 03:29:48,CPMS101,0101,Alison Burns,75,75,0,2026-09-29 03:35:57,2026-09-29 03:35:57.305
2026-09-29 03:29:48,CPMS230,0101,Alison Burns,30,30,0,2026-09-29 03:35:57,2026-09-29 03:35:57.615
2026-09-29 03:29:48,CPMS240,0101,Alison Burns,15,15,0,2026-09-29 03:35:57,2026-09-29 03:35:57.951
2026-09-29 03:29:48,CPPL101,0101,Kelly Brower,75,75,0,2026-09-29 03:35:59,2026-09-29 03:35:59.554
2026-09-29 03:29:48,CPSA101,0101,Heather-Erin Bremenstuhl,75,75,0,2026-09-29 03:36:01,2026-09-29 03:36:01.277
2026-09-29 03:29:48,CPSA149,0101,Harold Burgess,20,20,0,2026-09-29 03:36:01,2026-09-29 03:36:01.643
2026-09-29 03:29:48,CPSA201,0101,Heather-Erin Bremenstuhl,75,75,0,2026-09-29 03:36:01,2026-09-29 03:36:01.998
2026-09-29 03:29:48,CPSA240,0101,Harold Burgess,15,15,0,2026-09-29 03:36:02,2026-09-29 03:36:02.404
2026-09-29 03:29:48,CPSA250,0101,Heather-Erin Bremenstuhl,10,10,0,2026-09-29 03:36:02,2026-09-29 03:36:02.747
2026-09-29 03:29:48,CPSA250,0201,Heather-Erin Bremenstuhl,10,10,0,2026-09-29 03:36:02,2026-09-29 03:36:02.747
2026-09-29 03:29:48,CPSA250,0301,Heather-Erin Bremenstuhl,10,10,0,2026-09-29 03:36:02,2026-09-29 03:36:02.748
2026-09-29 03:29:48,CPSA260,0101,Heather-Erin Bremenstuhl,10,10,0,2026-09-29 03:36:03,2026-09-29 03:36:03.081
2026-09-29 03:29:48,CPSA260,0201,Heather-Erin Bremenstuhl,10,10,0,2026-09-29 03:36:03,2026-09-29 03:36:03.081
2026-09-29 03:29:48,CPSA260,0301,Alexandra Lynch,10,10,0,2026-09-29 03:36:03,2026-09-29 03:36:03.081
2026-09-29 03:29:48,CPSF101,0101,Nicholas Fletcher,75,75,0,2026-09-29 03:36:04,2026-09-29 03:36:04.677
2026-09-29 03:29:48,CPSG101,0101,Thomas Holtz,75,75,0,2026-09-29 03:36:06,2026-09-29 03:36:06.258
2026-09-29 03:29:48,CPSG230,0101,John Merck,50,50,0,2026-09-29 03:36:06,2026-09-29 03:36:06.593
2026-09-29 03:29:48,CPSG240,0101,John Merck,25,25,0,2026-09-29 03:36:06,2026-09-29 03:36:06.902
2026-09-29 03:29:48,CPSG250,0101,John Merck,25,25,0,2026-09-29 03:36:07,2026-09-29 03:36:07.218
2026-09-29 03:29:48,CPSN101,0101,Hansol Kwak,75,75,0,2026-09-29 03:36:08,2026-09-29 03:36:08.796
2026-09-29 03:29:48,CPSN230,0101,Ellin Chung,40,40,0,2026-09-29 03:36:09,2026-09-29 03:36:09.124
2026-09-29 03:29:48,CPSN240,0101,Ellin Chung,15,15,0,2026-09-29 03:36:09,2026-09-29 03:36:09.461
2026-09-29 03:29:48,CPSN250,0101,Hansol Kwak,25,25,0,2026-09-29 03:36:09,2026-09-29 03:36:09.806
2026-09-29 03:29:48,CPSP210,0101,Christine Alexander,20,20,0,2026-09-29 03:36:11,2026-09-29 03:36:11.416
2026-09-29 03:29:48,CPSP239A,0101,Heather-Erin Bremenstuhl,10,10,0,2026-09-29 03:36:11,2026-09-29 03:36:11.752
2026-09-29 03:29:48,CPSP259J,0101,Alison Burns,10,10,0,2026-09-29 03:36:12,2026-09-29 03:36:12.092
2026-09-29 03:29:48,CPSP279N,0101,Stacy Kosko,10,10,0,2026-09-29 03:36:12,2026-09-29 03:36:12.403
2026-09-29 03:29:48,CPSP339P,0101,Kelly Brower,15,15,0,2026-09-29 03:36:12,2026-09-29 03:36:12.714
2026-09-29 03:29:48,CPSP359G,0101,John Merck,25,25,0,2026-09-29 03:36:13,2026-09-29 03:36:13.041
2026-09-29 03:29:48,CPSP359S,0101,David Eubanks,24,24,0,2026-09-29 03:36:13,2026-09-29 03:36:13.380
2026-09-29 03:29:48,CPSP369E,0101,Tim Knight,7,7,0,2026-09-29 03:36:13,2026-09-29 03:36:13.725
2026-09-29 03:29:48,CPSP369E,0102,Tim Knight,5,5,0,2026-09-29 03:36:13,2026-09-29 03:36:13.725
2026-09-29 03:29:48,CPSS101,0101,Christine Alexander,75,75,0,2026-09-29 03:36:15,2026-09-29 03:36:15.307
2026-09-29 03:29:48,CPSS225,0101,Roan Parrish,20,20,0,2026-09-29 03:36:15,2026-09-29 03:36:15.614
2026-09-29 03:29:48,CPSS225,0201,Thomas Zeller,20,20,0,2026-09-29 03:36:15,2026-09-29 03:36:15.614
2026-09-29 03:29:48,CPSS240,0101,Timothy Reedy,25,25,0,2026-09-29 03:36:15,2026-09-29 03:36:15.917
2026-09-29 03:29:48,CPSS340,0101,Nicole Mogul,20,20,0,2026-09-29 03:36:16,2026-09-29 03:36:16.229
2026-09-29 03:29:48,DATA100,0111,Matthew Griffin,27,27,0,2026-09-29 03:36:30,2026-09-29 03:36:30.431
2026-09-29 03:29:48,DATA100,0112,Matthew Griffin,27,27,0,2026-09-29 03:36:30,2026-09-29 03:36:30.431
2026-09-29 03:29:48,DATA100,0121,Matthew Griffin,27,27,0,2026-09-29 03:36:30,2026-09-29 03:36:30.432
2026-09-29 03:29:48,DATA100,0122,Matthew Griffin,27,27,0,2026-09-29 03:36:30,2026-09-29 03:36:30.432
2026-09-29 03:29:48,DATA100,0123,Matthew Griffin,27,27,0,2026-09-29 03:36:30,2026-09-29 03:36:30.432
2026-09-29 03:29:48,DATA100,0131,Matthew Griffin,27,27,0,2026-09-29 03:36:30,2026-09-29 03:36:30.432
2026-09-29 03:29:48,DATA100,0211,Matthew Griffin,27,27,0,2026-09-29 03:36:30,2026-09-29 03:36:30.432
2026-09-29 03:29:48,DATA100,0212,Matthew Griffin,27,27,0,2026-09-29 03:36:30,2026-09-29 03:36:30.432
2026-09-29 03:29:48,DATA100,0221,Matthew Griffin,27,27,0,2026-09-29 03:36:30,2026-09-29 03:36:30.433
2026-09-29 03:29:48,DATA100,0222,Matthew Griffin,27,27,0,2026-09-29 03:36:30,2026-09-29 03:36:30.433
2026-09-29 03:29:48,DATA100,0223,Matthew Griffin,27,27,0,2026-09-29 03:36:30,2026-09-29 03:36:30.433
2026-09-29 03:29:48,DATA100,0224,Matthew Griffin,27,27,0,2026-09-29 03:36:30,2026-09-29 03:36:30.433
2026-09-29 03:29:48,DATA100,0231,Matthew Griffin,27,27,0,2026-09-29 03:36:30,2026-09-29 03:36:30.433
2026-09-29 03:29:48,DATA100,0241,Matthew Griffin,27,27,0,2026-09-29 03:36:30,2026-09-29 03:36:30.433
2026-09-29 03:29:48,DATA100,0242,Matthew Griffin,27,27,0,2026-09-29 03:36:30,2026-09-29 03:36:30.434
2026-09-29 03:29:48,DATA100,0311,Jonathan Fernandes,25,25,0,2026-09-29 03:36:30,2026-09-29 03:36:30.434
2026-09-29 03:29:48,DATA100,0312,Jonathan Fernandes,25,25,0,2026-09-29 03:36:30,2026-09-29 03:36:30.434
2026-09-29 03:29:48,DATA100,0321,Jonathan Fernandes,25,25,0,2026-09-29 03:36:30,2026-09-29 03:36:30.434
2026-09-29 03:29:48,DATA100,0322,Jonathan Fernandes,25,25,0,2026-09-29 03:36:30,2026-09-29 03:36:30.434
2026-09-29 03:29:48,DATA100,0323,Jonathan Fernandes,25,25,0,2026-09-29 03:36:30,2026-09-29 03:36:30.434
2026-09-29 03:29:48,DATA110,0101,Susan Mazzullo,310,310,0,2026-09-29 03:36:30,2026-09-29 03:36:30.837
2026-09-29 03:29:48,DATA120,0101,Fardina Alam,200,200,0,2026-09-29 03:36:31,2026-09-29 03:36:31.175
2026-09-29 03:29:48,DATA200,0101,Fardina Alam,90,90,0,2026-09-29 03:36:31,2026-09-29 03:36:31.517
2026-09-29 03:29:48,DATA250,0101,Todd Rowland,30,30,0,2026-09-29 03:36:31,2026-09-29 03:36:31.844
2026-09-29 03:29:48,DATA320,0101,Maksym Morawski,20,20,0,2026-09-29 03:36:32,2026-09-29 03:36:32.193
2026-09-29 03:29:48,DATA320,0201,Fardina Alam,20,20,0,2026-09-29 03:36:32,2026-09-29 03:36:32.193
2026-09-29 03:29:48,DATA320,0301,Anna Evtushenko,12,12,0,2026-09-29 03:36:32,2026-09-29 03:36:32.193
2026-09-29 03:29:48,DATA350,0101,Todd Rowland,30,30,0,2026-09-29 03:36:32,2026-09-29 03:36:32.513
2026-09-29 03:29:48,DATA350,0201,Raluca Rosca,30,30,0,2026-09-29 03:36:32,2026-09-29 03:36:32.514
2026-09-29 03:29:48,DATA400,0111,Archana Khurana,27,27,0,2026-09-29 03:36:32,2026-09-29 03:36:32.868
2026-09-29 03:29:48,DATA400,0121,Archana Khurana,27,27,0,2026-09-29 03:36:32,2026-09-29 03:36:32.868
2026-09-29 03:29:48,DATA400,0131,Archana Khurana,27,27,0,2026-09-29 03:36:32,2026-09-29 03:36:32.868
2026-09-29 03:29:48,DATA400,0211,Salman Safdar,27,27,0,2026-09-29 03:36:32,2026-09-29 03:36:32.868
2026-09-29 03:29:48,DATA400,0311,Shixin Zheng,27,27,0,2026-09-29 03:36:32,2026-09-29 03:36:32.869
2026-09-29 03:29:48,DATA400,0321,Shixin Zheng,27,27,0,2026-09-29 03:36:32,2026-09-29 03:36:32.869
2026-09-29 03:29:48,DATA400,0331,Shixin Zheng,27,27,0,2026-09-29 03:36:32,2026-09-29 03:36:32.869
2026-09-29 03:29:48,DATA400,0411,Mestiyage Gunatilleka,27,27,0,2026-09-29 03:36:32,2026-09-29 03:36:32.869
2026-09-29 03:29:48,DATA400,0421,Mestiyage Gunatilleka,27,27,0,2026-09-29 03:36:32,2026-09-29 03:36:32.869
2026-09-29 03:29:48,DATA400,0431,Mestiyage Gunatilleka,27,27,0,2026-09-29 03:36:32,2026-09-29 03:36:32.869
2026-09-29 03:29:48,EALL361,0101,Jyana Browne,20,20,0,2026-09-29 03:36:34,2026-09-29 03:36:34.447
2026-09-29 03:29:48,EDDI300,0101,Nicole Mehta,20,20,0,2026-09-29 03:36:47,2026-09-29 03:36:47.301
2026-09-29 03:29:48,EMBA788G,GX01,Judy Frels,31,31,0,2026-09-29 03:37:16,2026-09-29 03:37:16.009
2026-09-29 03:29:48,EMBA788V,GX01,Zhi-Long Chen,31,31,0,2026-09-29 03:37:16,2026-09-29 03:37:16.319
2026-09-29 03:29:48,ENAI603,0101,A Seyed,35,35,0,2026-09-29 03:37:28,2026-09-29 03:37:28.768
2026-09-29 03:29:48,ENAI603,AEC1,A Seyed,20,20,0,2026-09-29 03:37:28,2026-09-29 03:37:28.768
2026-09-29 03:29:48,ENBC312,ESG1,Kyunghun Lee,20,20,0,2026-09-29 03:37:30,2026-09-29 03:37:30.500
2026-09-29 03:29:48,ENBC321,ESG1,Jamasp Azarnoosh,20,20,0,2026-09-29 03:37:30,2026-09-29 03:37:30.826
2026-09-29 03:29:48,ENBC342,ESG1,Lan Ma,20,20,0,2026-09-29 03:37:31,2026-09-29 03:37:31.140
2026-09-29 03:29:48,ENBC351,ESG1,Jarred Callura,20,20,0,2026-09-29 03:37:31,2026-09-29 03:37:31.442
2026-09-29 03:29:48,ENBC352,ESG1,Jarred Callura,20,20,0,2026-09-29 03:37:31,2026-09-29 03:37:31.762
2026-09-29 03:29:48,ENBC403,ESG1,Jamasp Azarnoosh,20,20,0,2026-09-29 03:37:32,2026-09-29 03:37:32.088
2026-09-29 03:29:48,ENBC441,ESG1,Lan Ma,20,20,0,2026-09-29 03:37:32,2026-09-29 03:37:32.428
2026-09-29 03:29:48,ENBC455,ESG1,Jarred Callura,20,20,0,2026-09-29 03:37:32,2026-09-29 03:37:32.769
2026-09-29 03:29:48,ENBC491,ESG1,Lan Ma,20,20,0,2026-09-29 03:37:33,2026-09-29 03:37:33.090
2026-09-29 03:29:48,ENCO099,0101,Lizzy Solovey,200,200,0,2026-09-29 03:37:42,2026-09-29 03:37:42.310
2026-09-29 03:29:48,ENEB304,ESG1,Nestor Michael Tiglao,20,20,0,2026-09-29 03:37:43,2026-09-29 03:37:43.947
2026-09-29 03:29:48,ENEB345,ESG1,Nestor Michael Tiglao,20,20,0,2026-09-29 03:37:44,2026-09-29 03:37:44.275
2026-09-29 03:29:48,ENEB352,ESG1,Mohamed Hany,20,20,0,2026-09-29 03:37:44,2026-09-29 03:37:44.588
2026-09-29 03:29:48,ENEB353,ESG1,Manoj Franklin,20,20,0,2026-09-29 03:37:44,2026-09-29 03:37:44.903
2026-09-29 03:29:48,ENEB355,ESG1,Nestor Michael Tiglao,20,20,0,2026-09-29 03:37:45,2026-09-29 03:37:45.239
2026-09-29 03:29:48,ENEB408B,ESG1,Jerry Wu,20,20,0,2026-09-29 03:37:45,2026-09-29 03:37:45.578
2026-09-29 03:29:48,ENEB443,ESG1,George Zaki,20,20,0,2026-09-29 03:37:45,2026-09-29 03:37:45.894
2026-09-29 03:29:48,ENEB453,ESG1,Nestor Michael Tiglao,20,20,0,2026-09-29 03:37:46,2026-09-29 03:37:46.197
2026-09-29 03:29:48,ENEB455,ESG1,Jerry Wu,20,20,0,2026-09-29 03:37:46,2026-09-29 03:37:46.545
2026-09-29 03:29:48,ENEB456,ESG1,Nestor Michael Tiglao,20,20,0,2026-09-29 03:37:46,2026-09-29 03:37:46.875
2026-09-29 03:29:48,ENED037,0101,Hillary Owusu,20,20,0,2026-09-29 03:37:48,2026-09-29 03:37:48.475
2026-09-29 03:29:48,ENED290H,0101,Christopher Troilo,45,45,0,2026-09-29 03:37:48,2026-09-29 03:37:48.823
2026-09-29 03:29:48,ENED394H,0101,Maria Bardossy,40,40,0,2026-09-29 03:37:49,2026-09-29 03:37:49.144
2026-09-29 03:29:48,ENED397,0101,Emily Marks,9,9,0,2026-09-29 03:37:49,2026-09-29 03:37:49.476
2026-09-29 03:29:48,ENED490H,0101,David Ashley,45,45,0,2026-09-29 03:37:49,2026-09-29 03:37:49.790
2026-09-29 03:29:48,ENMT313,ESG1,Nicholas Limparis,3,3,0,2026-09-29 03:39:07,2026-09-29 03:39:07.966
2026-09-29 03:29:48,ENMT332,ESG1,Norman Wereley,4,4,0,2026-09-29 03:39:08,2026-09-29 03:39:08.312
2026-09-29 03:29:48,ENMT362,ESG1,Young Choi,3,3,0,2026-09-29 03:39:08,2026-09-29 03:39:08.633
2026-09-29 03:29:48,ENMT372,ESG1,Gurtajbir Herr,3,3,0,2026-09-29 03:39:08,2026-09-29 03:39:08.971
2026-09-29 03:29:48,ENMT477,ESG1,Gurtajbir Herr,7,7,0,2026-09-29 03:39:09,2026-09-29 03:39:09.307
2026-09-29 03:29:48,ENMT488C,ESG1,Colleen Murray,7,7,0,2026-09-29 03:39:09,2026-09-29 03:39:09.632
2026-09-29 03:29:48,ENMT488P,ESG1,Colleen Murray,7,7,0,2026-09-29 03:39:09,2026-09-29 03:39:09.974
2026-09-29 03:29:48,ENMT488Z,ESG1,Nicholas Limparis,7,7,0,2026-09-29 03:39:10,2026-09-29 03:39:10.313
2026-09-29 03:29:48,ENSP102,0101,Joanna Goger,22,22,0,2026-09-29 03:39:26,2026-09-29 03:39:26.617
2026-09-29 03:29:48,ENSP102,0102,Joanna Goger,22,22,0,2026-09-29 03:39:26,2026-09-29 03:39:26.617
2026-09-29 03:29:48,ENSP102,0103,Joanna Goger,23,23,0,2026-09-29 03:39:26,2026-09-29 03:39:26.617
2026-09-29 03:29:48,ENSP102,0104,Joanna Goger,22,22,0,2026-09-29 03:39:26,2026-09-29 03:39:26.617
2026-09-29 03:29:48,ENSP102,0105,Joanna Goger,22,22,0,2026-09-29 03:39:26,2026-09-29 03:39:26.617
2026-09-29 03:29:48,ENSP102,0106,Joanna Goger,22,22,0,2026-09-29 03:39:26,2026-09-29 03:39:26.617
2026-09-29 03:29:48,ENSP102,0107,Joanna Goger,22,22,0,2026-09-29 03:39:26,2026-09-29 03:39:26.618
2026-09-29 03:29:48,ENSP306,0101,Caroline Boules,30,30,0,2026-09-29 03:39:26,2026-09-29 03:39:26.957
2026-09-29 03:29:48,ENSP330,0101,Joanna Goger,35,35,0,2026-09-29 03:39:27,2026-09-29 03:39:27.288
2026-09-29 03:29:48,ENSP342,0101,Annette Spivy,35,35,0,2026-09-29 03:39:27,2026-09-29 03:39:27.593
2026-09-29 03:29:48,ENSP370,0101,Arielle Wharton,30,30,0,2026-09-29 03:39:27,2026-09-29 03:39:27.906
2026-09-29 03:29:48,ENSP399R,0101,Melissa Kenney,15,15,0,2026-09-29 03:39:28,2026-09-29 03:39:28.931
2026-09-29 03:29:48,ENSP399R,0301,Instructor: TBA,15,15,0,2026-09-29 03:39:28,2026-09-29 03:39:28.931
2026-09-29 03:29:48,ENSP399R,0601,Annette Spivy,10,10,0,2026-09-29 03:39:28,2026-09-29 03:39:28.931
2026-09-29 03:29:48,ENSP399R,1001,Jennifer Mullinax,10,10,0,2026-09-29 03:39:28,2026-09-29 03:39:28.931
2026-09-29 03:29:48,ENSP400,0101,Caroline Boules,30,30,0,2026-09-29 03:39:29,2026-09-29 03:39:29.255
2026-09-29 03:29:48,ENSP400,0102,Annette Spivy,30,30,0,2026-09-29 03:39:29,2026-09-29 03:39:29.255
2026-09-29 03:29:48,ENSP400,0104,Colleen O'Donnell,20,20,0,2026-09-29 03:39:29,2026-09-29 03:39:29.255
2026-09-29 03:29:48,FGSM398,0101,Jayakumar Arasan,120,120,0,2026-09-29 03:39:54,2026-09-29 03:39:54.176
2026-09-29 03:29:48,FGSM398,0201,Jayakumar Arasan,120,120,0,2026-09-29 03:39:54,2026-09-29 03:39:54.177
2026-09-29 03:29:48,GEMS102,0101,David Lovell,180,180,0,2026-09-29 03:40:21,2026-09-29 03:40:21.403
2026-09-29 03:29:48,GEMS208D,0101,Allison Lansverk,1,1,0,2026-09-29 03:40:21,2026-09-29 03:40:21.976
2026-09-29 03:29:48,GEMS208E,0101,Allison Lansverk,18,18,0,2026-09-29 03:40:22,2026-09-29 03:40:22.312
2026-09-29 03:29:48,GEMS208F,0201,Allison Lansverk,12,12,0,2026-09-29 03:40:22,2026-09-29 03:40:22.633
2026-09-29 03:29:48,GEMS208J,0101,Allison Lansverk,24,24,0,2026-09-29 03:40:22,2026-09-29 03:40:22.940
2026-09-29 03:29:48,GEMS208K,0101,Allison Lansverk,30,30,0,2026-09-29 03:40:23,2026-09-29 03:40:23.253
2026-09-29 03:29:48,GEMS208P,0101,Allison Lansverk,15,15,0,2026-09-29 03:40:23,2026-09-29 03:40:23.568
2026-09-29 03:29:48,GEMS208Q,0201,Allison Lansverk,1,1,0,2026-09-29 03:40:23,2026-09-29 03:40:23.905
2026-09-29 03:29:48,GEMS296,0113,David Lovell,5,5,0,2026-09-29 03:40:24,2026-09-29 03:40:24.230
2026-09-29 03:29:48,GEMS297,0101,Instructor: TBA,14,14,0,2026-09-29 03:40:24,2026-09-29 03:40:24.604
2026-09-29 03:29:48,GEMS297,0102,Instructor: TBA,14,14,0,2026-09-29 03:40:24,2026-09-29 03:40:24.604
2026-09-29 03:29:48,GEMS297,0103,Instructor: TBA,14,14,0,2026-09-29 03:40:24,2026-09-29 03:40:24.604
2026-09-29 03:29:48,GEMS297,0104,Instructor: TBA,14,14,0,2026-09-29 03:40:24,2026-09-29 03:40:24.605
2026-09-29 03:29:48,GEMS297,0105,Instructor: TBA,14,14,0,2026-09-29 03:40:24,2026-09-29 03:40:24.605
2026-09-29 03:29:48,GEMS297,0106,Instructor: TBA,14,14,0,2026-09-29 03:40:24,2026-09-29 03:40:24.605
2026-09-29 03:29:48,GEMS297,0107,Instructor: TBA,14,14,0,2026-09-29 03:40:24,2026-09-29 03:40:24.605
2026-09-29 03:29:48,GEMS297,0108,Instructor: TBA,14,14,0,2026-09-29 03:40:24,2026-09-29 03:40:24.605
2026-09-29 03:29:48,GEMS297,0109,Instructor: TBA,14,14,0,2026-09-29 03:40:24,2026-09-29 03:40:24.605
2026-09-29 03:29:48,GEMS297,0110,Instructor: TBA,14,14,0,2026-09-29 03:40:24,2026-09-29 03:40:24.606
2026-09-29 03:29:48,GEMS297,0111,Instructor: TBA,14,14,0,2026-09-29 03:40:24,2026-09-29 03:40:24.606
2026-09-29 03:29:48,GEMS297,0112,Instructor: TBA,14,14,0,2026-09-29 03:40:24,2026-09-29 03:40:24.606
2026-09-29 03:29:48,GEMS297,0113,Instructor: TBA,14,14,0,2026-09-29 03:40:24,2026-09-29 03:40:24.606
2026-09-29 03:29:48,GEMS297,0114,Instructor: TBA,14,14,0,2026-09-29 03:40:24,2026-09-29 03:40:24.606
2026-09-29 03:29:48,GEMS297,0115,Instructor: TBA,5,5,0,2026-09-29 03:40:24,2026-09-29 03:40:24.606
2026-09-29 03:29:48,GEMS396,0113,David Lovell,5,5,0,2026-09-29 03:40:24,2026-09-29 03:40:24.943
2026-09-29 03:29:48,GEMS397,0101,Michael Humber,14,14,0,2026-09-29 03:40:25,2026-09-29 03:40:25.271
2026-09-29 03:29:48,GEMS397,0102,Seth Dickey,14,14,0,2026-09-29 03:40:25,2026-09-29 03:40:25.271
2026-09-29 03:29:48,GEMS397,0103,Cecilia Huertas Cerdeira,14,14,0,2026-09-29 03:40:25,2026-09-29 03:40:25.271
2026-09-29 03:29:48,GEMS397,0104,Rodolphe Gentili,14,14,0,2026-09-29 03:40:25,2026-09-29 03:40:25.272
2026-09-29 03:29:48,GEMS397,0105,Allison Reilly,14,14,0,2026-09-29 03:40:25,2026-09-29 03:40:25.272
2026-09-29 03:29:48,GEMS397,0106,Peter Sunderland,14,14,0,2026-09-29 03:40:25,2026-09-29 03:40:25.272
2026-09-29 03:29:48,GEMS397,0107,Brett Lacey,14,14,0,2026-09-29 03:40:25,2026-09-29 03:40:25.272
2026-09-29 03:29:48,GEMS397,0108,Natalia Buzulukova,14,14,0,2026-09-29 03:40:25,2026-09-29 03:40:25.272
2026-09-29 03:29:48,GEMS397,0109,Anil Deane,14,14,0,2026-09-29 03:40:25,2026-09-29 03:40:25.272
2026-09-29 03:29:48,GEMS397,0110,Colenso Speer,14,14,0,2026-09-29 03:40:25,2026-09-29 03:40:25.273
2026-09-29 03:29:48,GEMS397,0111,Alisa Clyne,14,14,0,2026-09-29 03:40:25,2026-09-29 03:40:25.273
2026-09-29 03:29:48,GEMS397,0112,Xin Zan,14,14,0,2026-09-29 03:40:25,2026-09-29 03:40:25.273
2026-09-29 03:29:48,GEMS397,0113,Instructor: TBA,14,14,0,2026-09-29 03:40:25,2026-09-29 03:40:25.273
2026-09-29 03:29:48,GEMS397,0114,David Lovell,5,5,0,2026-09-29 03:40:25,2026-09-29 03:40:25.273
2026-09-29 03:29:48,GEMS397,0115,David Lovell,5,5,0,2026-09-29 03:40:25,2026-09-29 03:40:25.273
2026-09-29 03:29:48,GEMS496,0113,David Lovell,5,5,0,2026-09-29 03:40:25,2026-09-29 03:40:25.576
2026-09-29 03:29:48,GEMS497,0101,Eric Haag,14,14,0,2026-09-29 03:40:25,2026-09-29 03:40:25.919
2026-09-29 03:29:48,GEMS497,0102,Mohammad Nayeem Teli,14,14,0,2026-09-29 03:40:25,2026-09-29 03:40:25.919
2026-09-29 03:29:48,GEMS497,0103,Norberto Gonzalez- Juarbe,14,14,0,2026-09-29 03:40:25,2026-09-29 03:40:25.920
2026-09-29 03:29:48,GEMS497,0104,Abhinav Shrivastava,14,14,0,2026-09-29 03:40:25,2026-09-29 03:40:25.920
2026-09-29 03:29:48,GEMS497,0105,Hector Alcala,14,14,0,2026-09-29 03:40:25,2026-09-29 03:40:25.920
2026-09-29 03:29:48,GEMS497,0106,Massimo Ricotti,14,14,0,2026-09-29 03:40:25,2026-09-29 03:40:25.920
2026-09-29 03:29:48,GEMS497,0107,Reza Ghodssi,14,14,0,2026-09-29 03:40:25,2026-09-29 03:40:25.920
2026-09-29 03:29:48,GEMS497,0108,Nikhil Chopra,14,14,0,2026-09-29 03:40:25,2026-09-29 03:40:25.920
2026-09-29 03:29:48,GEMS497,0109,Kimberly Stroka,14,14,0,2026-09-29 03:40:25,2026-09-29 03:40:25.920
2026-09-29 03:29:48,GEMS497,0110,Gorjan Alagic,14,14,0,2026-09-29 03:40:25,2026-09-29 03:40:25.921
2026-09-29 03:29:48,GEMS497,0111,Alisa Clyne,14,14,0,2026-09-29 03:40:25,2026-09-29 03:40:25.921
2026-09-29 03:29:48,GEMS497,0112,Xin Zan,14,14,0,2026-09-29 03:40:25,2026-09-29 03:40:25.921
2026-09-29 03:29:48,GEMS497,0113,David Lovell,14,14,0,2026-09-29 03:40:25,2026-09-29 03:40:25.921
2026-09-29 03:29:48,GEMS497,0114,David Lovell,14,14,0,2026-09-29 03:40:25,2026-09-29 03:40:25.921
2026-09-29 03:29:48,GFPL100,0101,Alec Worsnop,21,21,0,2026-09-29 03:40:52,2026-09-29 03:40:52.390
2026-09-29 03:29:48,GFPL100,0102,Alec Worsnop,21,21,0,2026-09-29 03:40:52,2026-09-29 03:40:52.390
2026-09-29 03:29:48,GFPL100,0103,Alec Worsnop,21,21,0,2026-09-29 03:40:52,2026-09-29 03:40:52.390
2026-09-29 03:29:48,GFPL100,0104,Alec Worsnop,21,21,0,2026-09-29 03:40:52,2026-09-29 03:40:52.390
2026-09-29 03:29:48,GFPL100,0105,Alec Worsnop,21,21,0,2026-09-29 03:40:52,2026-09-29 03:40:52.390
2026-09-29 03:29:48,GFPL100,0106,Alec Worsnop,20,20,0,2026-09-29 03:40:52,2026-09-29 03:40:52.391
2026-09-29 03:29:48,GFPL102,0101,Caroline Ritter,95,95,0,2026-09-29 03:40:52,2026-09-29 03:40:52.729
2026-09-29 03:29:48,GFPL372,0101,Devin Entrikin,40,40,0,2026-09-29 03:40:53,2026-09-29 03:40:53.059
2026-09-29 03:29:48,GLBC200,0101,Parker Brookie,30,30,0,2026-09-29 03:40:54,2026-09-29 03:40:54.634
2026-09-29 03:29:48,GLBC360,0101,Hester Baer,30,30,0,2026-09-29 03:40:54,2026-09-29 03:40:54.933
2026-09-29 03:29:48,HACS101,0101,Michel Cukier,35,35,0,2026-09-29 03:41:21,2026-09-29 03:41:21.601
2026-09-29 03:29:48,HACS101,0201,Michel Cukier,35,35,0,2026-09-29 03:41:21,2026-09-29 03:41:21.601
2026-09-29 03:29:48,HACS201,0101,Bertrand Sobesto,26,26,0,2026-09-29 03:41:21,2026-09-29 03:41:21.941
2026-09-29 03:29:48,HACS208A,0101,Lawrence Gordon,20,20,0,2026-09-29 03:41:22,2026-09-29 03:41:22.292
2026-09-29 03:29:48,HACS208E,0101,Ian Serbin,26,26,0,2026-09-29 03:41:22,2026-09-29 03:41:22.635
2026-09-29 03:29:48,HACS208Z,0101,Zulema Belyeu,30,30,0,2026-09-29 03:41:22,2026-09-29 03:41:22.939
2026-09-29 03:29:48,HACS297,0101,Sarah Herberger,25,25,0,2026-09-29 03:41:23,2026-09-29 03:41:23.879
2026-09-29 03:29:48,HACS318A,0101,Lindsey Schrott,75,75,0,2026-09-29 03:41:24,2026-09-29 03:41:24.188
2026-09-29 03:29:48,HACS408C,0101,Lamia Zia,26,26,0,2026-09-29 03:41:24,2026-09-29 03:41:24.508
2026-09-29 03:29:48,HACS408P,0101,Firoozeh Rahimian,26,26,0,2026-09-29 03:41:24,2026-09-29 03:41:24.820
2026-09-29 03:29:48,HACS408T,0101,Kevin Bock,30,30,0,2026-09-29 03:41:25,2026-09-29 03:41:25.132
2026-09-29 03:29:48,HACS408V,0101,Edward Condon,30,30,0,2026-09-29 03:41:25,2026-09-29 03:41:25.448
2026-09-29 03:29:48,HACS497,0101,Cassie Harrington,25,25,0,2026-09-29 03:41:26,2026-09-29 03:41:26.111
2026-09-29 03:29:48,HACS498,0101,Thomas Woods,10,10,0,2026-09-29 03:41:26,2026-09-29 03:41:26.447
2026-09-29 03:29:48,HACS498,0201,Neal Ziring,18,18,0,2026-09-29 03:41:26,2026-09-29 03:41:26.447
2026-09-29 03:29:48,HACS498,0301,Michel Cukier,4,4,0,2026-09-29 03:41:26,2026-09-29 03:41:26.447
2026-09-29 03:29:48,HBUS105,0101,Daniel McCarthy,35,35,0,2026-09-29 03:41:28,2026-09-29 03:41:28.029
2026-09-29 03:29:48,HBUS105,0201,Daniel McCarthy,35,35,0,2026-09-29 03:41:28,2026-09-29 03:41:28.029
2026-09-29 03:29:48,HBUS205,0101,Nicole Coomber,30,30,0,2026-09-29 03:41:28,2026-09-29 03:41:28.333
2026-09-29 03:29:48,HBUS205,0201,Nicole Coomber,30,30,0,2026-09-29 03:41:28,2026-09-29 03:41:28.333
2026-09-29 03:29:48,HDCC106,0101,Jessica Lu,10,10,0,2026-09-29 03:41:29,2026-09-29 03:41:29.930
2026-09-29 03:29:48,HDCC106,0201,William Evans,10,10,0,2026-09-29 03:41:29,2026-09-29 03:41:29.930
2026-09-29 03:29:48,HDCC106,0301,Grant Bollmer,10,10,0,2026-09-29 03:41:29,2026-09-29 03:41:29.930
2026-09-29 03:29:48,HDCC106,0401,Cliff Bakalian,10,10,0,2026-09-29 03:41:29,2026-09-29 03:41:29.930
2026-09-29 03:29:48,HDCC106,0501,Alex Leitch,10,10,0,2026-09-29 03:41:29,2026-09-29 03:41:29.930
2026-09-29 03:29:48,HDCC106,0601,Jade Olson,10,10,0,2026-09-29 03:41:29,2026-09-29 03:41:29.931
2026-09-29 03:29:48,HDCC106,0701,Courtney Ray,10,10,0,2026-09-29 03:41:29,2026-09-29 03:41:29.931
2026-09-29 03:29:48,HDCC209A,0101,Jessica Lu,15,15,0,2026-09-29 03:41:30,2026-09-29 03:41:30.273
2026-09-29 03:29:48,HDCC209B,0101,Nishtha Das,15,15,0,2026-09-29 03:41:30,2026-09-29 03:41:30.585
2026-09-29 03:29:48,HDCC209C,0101,Hansika Murugu,15,15,0,2026-09-29 03:41:30,2026-09-29 03:41:30.902
2026-09-29 03:29:48,HEBR107,0101,Avital Karpman,15,15,0,2026-09-29 03:41:32,2026-09-29 03:41:32.819
2026-09-29 03:29:48,HEBR107,0201,Avital Karpman,15,15,0,2026-09-29 03:41:32,2026-09-29 03:41:32.819
2026-09-29 03:29:48,HEBR207,0101,Avital Karpman,15,15,0,2026-09-29 03:41:33,2026-09-29 03:41:33.158
2026-09-29 03:29:48,HEBR249A,0101,Aliza Sandalon,15,15,0,2026-09-29 03:41:33,2026-09-29 03:41:33.480
2026-09-29 03:29:48,HEBR314,0101,Aliza Sandalon,20,20,0,2026-09-29 03:41:33,2026-09-29 03:41:33.810
2026-09-29 03:29:48,HGLO298,0101,Daniel Tuke,30,30,0,2026-09-29 03:41:53,2026-09-29 03:41:53.787
2026-09-29 03:29:48,HHUM106,0101,Sarah Humud,17,17,0,2026-09-29 03:41:55,2026-09-29 03:41:55.373
2026-09-29 03:29:48,HHUM106,0102,Sarah Humud,17,17,0,2026-09-29 03:41:55,2026-09-29 03:41:55.373
2026-09-29 03:29:48,HHUM106,0103,Sarah Humud,17,17,0,2026-09-29 03:41:55,2026-09-29 03:41:55.373
2026-09-29 03:29:48,HHUM106,0104,Sarah Humud,17,17,0,2026-09-29 03:41:55,2026-09-29 03:41:55.374
2026-09-29 03:29:48,HHUM206,0101,Sarah Humud,15,15,0,2026-09-29 03:41:55,2026-09-29 03:41:55.684
2026-09-29 03:29:48,HHUM206,0102,Sarah Humud,15,15,0,2026-09-29 03:41:55,2026-09-29 03:41:55.684
2026-09-29 03:29:48,HHUM206,0103,Sarah Humud,15,15,0,2026-09-29 03:41:55,2026-09-29 03:41:55.684
2026-09-29 03:29:48,HHUM206,0104,Sarah Humud,15,15,0,2026-09-29 03:41:55,2026-09-29 03:41:55.684
2026-09-29 03:29:48,HHUM328,0101,Sarah Humud,20,20,0,2026-09-29 03:41:56,2026-09-29 03:41:56.023
2026-09-29 03:29:48,HHUM329,0101,Sarah Humud,5,5,0,2026-09-29 03:41:56,2026-09-29 03:41:56.322
2026-09-29 03:29:48,HISP200,0101,Stefan Woehlke,22,22,0,2026-09-29 03:41:57,2026-09-29 03:41:57.976
2026-09-29 03:29:48,HISP200,0102,Stefan Woehlke,22,22,0,2026-09-29 03:41:57,2026-09-29 03:41:57.976
2026-09-29 03:29:48,HISP200,0103,Stefan Woehlke,22,22,0,2026-09-29 03:41:57,2026-09-29 03:41:57.977
2026-09-29 03:29:48,HISP200,0104,Stefan Woehlke,22,22,0,2026-09-29 03:41:57,2026-09-29 03:41:57.977
2026-09-29 03:29:48,HISP200,0105,Stefan Woehlke,22,22,0,2026-09-29 03:41:57,2026-09-29 03:41:57.977
2026-09-29 03:29:48,HISP319E,0101,Michelle Magalong,20,20,0,2026-09-29 03:41:58,2026-09-29 03:41:58.305
2026-09-29 03:29:48,HISP319S,0101,Michelle Magalong,30,30,0,2026-09-29 03:41:58,2026-09-29 03:41:58.625
2026-09-29 03:29:48,HISP619E,0101,Michelle Magalong,24,24,0,2026-09-29 03:41:58,2026-09-29 03:41:58.951
2026-09-29 03:29:48,HISP619O,0101,Stefan Woehlke,5,5,0,2026-09-29 03:41:59,2026-09-29 03:41:59.273
2026-09-29 03:29:48,HISP630,0101,Rhonda Sincavage,15,15,0,2026-09-29 03:41:59,2026-09-29 03:41:59.573
2026-09-29 03:29:48,HISP635,0101,Eola Dance,10,10,0,2026-09-29 03:41:59,2026-09-29 03:41:59.882
2026-09-29 03:29:48,HISP640,0101,Frederick Stachura,15,15,0,2026-09-29 03:42:00,2026-09-29 03:42:00.239
2026-09-29 03:29:48,HISP655,0101,Donald Linebaugh,15,15,0,2026-09-29 03:42:00,2026-09-29 03:42:00.586
2026-09-29 03:29:48,HISP660,0101,Instructor: TBA,15,15,0,2026-09-29 03:42:00,2026-09-29 03:42:00.892
2026-09-29 03:29:48,HISP670,0101,Alfonso Narvaez,15,15,0,2026-09-29 03:42:01,2026-09-29 03:42:01.264
2026-09-29 03:29:48,HISP690,0101,Donald Linebaugh,15,15,0,2026-09-29 03:42:01,2026-09-29 03:42:01.630
2026-09-29 03:29:48,HISP701,0101,Instructor: TBA,5,5,0,2026-09-29 03:42:02,2026-09-29 03:42:02.163
2026-09-29 03:29:48,HISP710,0101,Susan Kern,15,15,0,2026-09-29 03:42:02,2026-09-29 03:42:02.551
2026-09-29 03:29:48,HISP711,0101,Susan Kern,15,15,0,2026-09-29 03:42:02,2026-09-29 03:42:02.914
2026-09-29 03:29:48,HLSC102,0101,Sabrina Kramer,94,94,0,2026-09-29 03:42:31,2026-09-29 03:42:31.645
2026-09-29 03:29:48,HLSC102,0102,Jalah Townsend,35,35,0,2026-09-29 03:42:31,2026-09-29 03:42:31.645
2026-09-29 03:29:48,HLSC227,0101,Najib El-Sayed,25,25,0,2026-09-29 03:42:31,2026-09-29 03:42:31.983
2026-09-29 03:29:48,HLSC322,0101,Leslie Pick,23,23,0,2026-09-29 03:42:32,2026-09-29 03:42:32.316
2026-09-29 03:29:48,HLSC322,0102,Leslie Pick,23,23,0,2026-09-29 03:42:32,2026-09-29 03:42:32.316
2026-09-29 03:29:48,HLSC322,0103,Sabrina Kramer,23,23,0,2026-09-29 03:42:32,2026-09-29 03:42:32.317
2026-09-29 03:29:48,HLSC322,0104,Sabrina Kramer,23,23,0,2026-09-29 03:42:32,2026-09-29 03:42:32.317
2026-09-29 03:29:48,HLSC329,0101,Sabrina Kramer,12,12,0,2026-09-29 03:42:32,2026-09-29 03:42:32.636
2026-09-29 03:29:48,HNUH100,0101,Max Barnewitz,10,10,0,2026-09-29 03:42:47,2026-09-29 03:42:47.725
2026-09-29 03:29:48,HNUH218D,0101,Brian Gilmore,50,50,0,2026-09-29 03:42:48,2026-09-29 03:42:48.070
2026-09-29 03:29:48,HNUH218L,0101,Shauna Rigaud,20,20,0,2026-09-29 03:42:48,2026-09-29 03:42:48.408
2026-09-29 03:29:48,HNUH218L,0201,Shauna Rigaud,20,20,0,2026-09-29 03:42:48,2026-09-29 03:42:48.409
2026-09-29 03:29:48,HNUH218M,0101,Ebonie Johnson Cooper,20,20,0,2026-09-29 03:42:48,2026-09-29 03:42:48.717
2026-09-29 03:29:48,HNUH218N,0101,Sujith Kumar,20,20,0,2026-09-29 03:42:49,2026-09-29 03:42:49.056
2026-09-29 03:29:48,HNUH228D,0101,Matthew McLaughlin,60,60,0,2026-09-29 03:42:49,2026-09-29 03:42:49.366
2026-09-29 03:29:48,HNUH228L,0101,Alena Wigodner,20,20,0,2026-09-29 03:42:49,2026-09-29 03:42:49.718
2026-09-29 03:29:48,HNUH228L,0201,Alena Wigodner,20,20,0,2026-09-29 03:42:49,2026-09-29 03:42:49.718
2026-09-29 03:29:48,HNUH228M,0101,Ted Baker,20,20,0,2026-09-29 03:42:50,2026-09-29 03:42:50.067
2026-09-29 03:29:48,HNUH229P,0101,Tyson Slocum,20,20,0,2026-09-29 03:42:50,2026-09-29 03:42:50.376
2026-09-29 03:29:48,HNUH238D,0101,Susan Moeller,60,60,0,2026-09-29 03:42:50,2026-09-29 03:42:50.703
2026-09-29 03:29:48,HNUH238L,0101,Kimberly Johnson,20,20,0,2026-09-29 03:42:51,2026-09-29 03:42:51.034
2026-09-29 03:29:48,HNUH238L,0201,Kimberly Johnson,20,20,0,2026-09-29 03:42:51,2026-09-29 03:42:51.035
2026-09-29 03:29:48,HNUH238M,0101,Daniel Reck,20,20,0,2026-09-29 03:42:51,2026-09-29 03:42:51.354
2026-09-29 03:29:48,HNUH239I,0101,Jon Crocker,20,20,0,2026-09-29 03:42:51,2026-09-29 03:42:51.695
2026-09-29 03:29:48,HNUH248D,0101,Juan Uriagereka,45,45,0,2026-09-29 03:42:52,2026-09-29 03:42:52.021
2026-09-29 03:29:48,HNUH248L,0101,Robert Graham,20,20,0,2026-09-29 03:42:52,2026-09-29 03:42:52.333
2026-09-29 03:29:48,HNUH249T,0101,Daniel Rosenthal,20,20,0,2026-09-29 03:42:52,2026-09-29 03:42:52.646
2026-09-29 03:29:48,HNUH258C,0101,Bill Fagan,55,55,0,2026-09-29 03:42:52,2026-09-29 03:42:52.969
2026-09-29 03:29:48,HNUH258O,0101,Amy Green,20,20,0,2026-09-29 03:42:53,2026-09-29 03:42:53.293
2026-09-29 03:29:48,HNUH259T,0101,Ingrid Satelmajer,20,20,0,2026-09-29 03:42:53,2026-09-29 03:42:53.633
2026-09-29 03:29:48,HNUH268C,0101,Perla Guerrero,60,60,0,2026-09-29 03:42:53,2026-09-29 03:42:53.961
2026-09-29 03:29:48,HNUH268Q,0101,Binod Paudyal,20,20,0,2026-09-29 03:42:54,2026-09-29 03:42:54.273
2026-09-29 03:29:48,HNUH268R,0201,Vasfiye Toprak,20,20,0,2026-09-29 03:42:54,2026-09-29 03:42:54.618
2026-09-29 03:29:48,HNUH269T,0101,James Stillwell,20,20,0,2026-09-29 03:42:54,2026-09-29 03:42:54.950
2026-09-29 03:29:48,HNUH278C,0101,Chinyere Osuji,60,60,0,2026-09-29 03:42:55,2026-09-29 03:42:55.279
2026-09-29 03:29:48,HNUH278I,0101,Marisa Franco,20,20,0,2026-09-29 03:42:55,2026-09-29 03:42:55.589
2026-09-29 03:29:48,HNUH278I,0201,Marisa Franco,20,20,0,2026-09-29 03:42:55,2026-09-29 03:42:55.589
2026-09-29 03:29:48,HNUH278O,0101,DeNeen Brown,20,20,0,2026-09-29 03:42:55,2026-09-29 03:42:55.894
2026-09-29 03:29:48,HNUH278Q,0101,Katherine Coogan,20,20,0,2026-09-29 03:42:56,2026-09-29 03:42:56.244
2026-09-29 03:29:48,HNUH278R,0101,Max Barnewitz,20,20,0,2026-09-29 03:42:56,2026-09-29 03:42:56.541
2026-09-29 03:29:48,HNUH288C,0101,Julia Steinberg,30,30,0,2026-09-29 03:42:56,2026-09-29 03:42:56.868
2026-09-29 03:29:48,HNUH288C,0102,Julia Steinberg,30,30,0,2026-09-29 03:42:56,2026-09-29 03:42:56.868
2026-09-29 03:29:48,HNUH288O,0101,Ariana Nash,20,20,0,2026-09-29 03:42:57,2026-09-29 03:42:57.215
2026-09-29 03:29:48,HNUH300,0201,Vasfiye Toprak,20,20,0,2026-09-29 03:42:57,2026-09-29 03:42:57.546
2026-09-29 03:29:48,HNUH300,0301,Shauna Rigaud,20,20,0,2026-09-29 03:42:57,2026-09-29 03:42:57.546
2026-09-29 03:29:48,HNUH300,0401,Vasfiye Toprak,20,20,0,2026-09-29 03:42:57,2026-09-29 03:42:57.546
2026-09-29 03:29:48,HNUH300,0501,Ingrid Satelmajer,20,20,0,2026-09-29 03:42:57,2026-09-29 03:42:57.546
2026-09-29 03:29:48,HNUH300,0701,Jordan Johnson,20,20,0,2026-09-29 03:42:57,2026-09-29 03:42:57.546
2026-09-29 03:29:48,HNUH300,0801,Instructor: TBA,20,20,0,2026-09-29 03:42:57,2026-09-29 03:42:57.547
2026-09-29 03:29:48,HNUH300,0901,Alena Wigodner,20,20,0,2026-09-29 03:42:57,2026-09-29 03:42:57.547
2026-09-29 03:29:48,HNUH300,1001,Robert Graham,20,20,0,2026-09-29 03:42:57,2026-09-29 03:42:57.547
2026-09-29 03:29:48,HNUH300,1101,Max Barnewitz,20,20,0,2026-09-29 03:42:57,2026-09-29 03:42:57.547
2026-09-29 03:29:48,HNUH398P,0101,Jayakumar Arasan,120,120,0,2026-09-29 03:42:57,2026-09-29 03:42:57.857
2026-09-29 03:29:48,HNUH398P,0201,Jayakumar Arasan,120,120,0,2026-09-29 03:42:57,2026-09-29 03:42:57.857
2026-09-29 03:29:48,HONR379W,0101,Blake Wilder,15,15,0,2026-09-29 03:42:59,2026-09-29 03:42:59.426
2026-09-29 03:29:48,IDEA201,0101,Mira Azarm,20,20,0,2026-09-29 03:43:01,2026-09-29 03:43:01.036
2026-09-29 03:29:48,IDEA201,0102,Christina Hnatov,10,10,0,2026-09-29 03:43:01,2026-09-29 03:43:01.036
2026-09-29 03:29:48,IDEA201,0103,Brooke Smith,60,60,0,2026-09-29 03:43:01,2026-09-29 03:43:01.036
2026-09-29 03:29:48,IDEA201,0104,Brooke Smith,60,60,0,2026-09-29 03:43:01,2026-09-29 03:43:01.037
2026-09-29 03:29:48,IDEA311,0101,Brooke Smith,40,40,0,2026-09-29 03:43:01,2026-09-29 03:43:01.359
2026-09-29 03:29:48,IDEA311,0102,Brooke Smith,15,15,0,2026-09-29 03:43:01,2026-09-29 03:43:01.359
2026-09-29 03:29:48,IDEA312,0101,Meredith Kaunitz,15,15,0,2026-09-29 03:43:01,2026-09-29 03:43:01.693
2026-09-29 03:29:48,IMDM101,0101,Stevens Miller,30,30,0,2026-09-29 03:43:04,2026-09-29 03:43:04.021
2026-09-29 03:29:48,IMDM101,0201,Stevens Miller,30,30,0,2026-09-29 03:43:04,2026-09-29 03:43:04.021
2026-09-29 03:29:48,IMDM101,0301,Myungin Lee,30,30,0,2026-09-29 03:43:04,2026-09-29 03:43:04.021
2026-09-29 03:29:48,IMDM127,0101,Matthew Nolan,30,30,0,2026-09-29 03:43:04,2026-09-29 03:43:04.322
2026-09-29 03:29:48,IMDM150,0101,Cy Keener,45,45,0,2026-09-29 03:43:04,2026-09-29 03:43:04.627
2026-09-29 03:29:48,IMDM290,0101,Myungin Lee,30,30,0,2026-09-29 03:43:04,2026-09-29 03:43:04.991
2026-09-29 03:29:48,IMDM290,0201,Myungin Lee,30,30,0,2026-09-29 03:43:04,2026-09-29 03:43:04.992
2026-09-29 03:29:48,IMDM390,0101,Stefano Passeri,30,30,0,2026-09-29 03:43:05,2026-09-29 03:43:05.320
2026-09-29 03:29:48,IMDM390,0201,Stefano Passeri,30,30,0,2026-09-29 03:43:05,2026-09-29 03:43:05.321
2026-09-29 03:29:48,IMDM491,0101,Matthew Nolan,30,30,0,2026-09-29 03:43:05,2026-09-29 03:43:05.955
2026-09-29 03:29:48,IMDM491,0201,Matthew Nolan,30,30,0,2026-09-29 03:43:05,2026-09-29 03:43:05.955
2026-09-29 03:29:48,IMDM498I,0101,Snehesh Shrestha,16,16,0,2026-09-29 03:43:06,2026-09-29 03:43:06.295
2026-09-29 03:29:48,IMDM498J,0101,Yael Inbar,15,15,0,2026-09-29 03:43:06,2026-09-29 03:43:06.616
2026-09-29 03:29:48,IMMR200,0101,Instructor: TBA,40,40,0,2026-09-29 03:43:08,2026-09-29 03:43:08.508
2026-09-29 03:29:48,IMMR394,0101,Wenxi Yang,25,25,0,2026-09-29 03:43:08,2026-09-29 03:43:08.833
2026-09-29 03:29:48,IMMR399,0101,Christina Getrich,1,1,0,2026-09-29 03:43:09,2026-09-29 03:43:09.163
2026-09-29 03:29:48,INFM612,IM01,Instructor: TBA,40,40,0,2026-09-29 03:43:16,2026-09-29 03:43:16.390
2026-09-29 03:29:48,INFM737,IM01,David Loshin,40,40,0,2026-09-29 03:43:16,2026-09-29 03:43:16.738
2026-09-29 03:29:48,ISRL187,0101,Bernard Cooperman,23,23,0,2026-09-29 03:43:41,2026-09-29 03:43:41.079
2026-09-29 03:29:48,ISRL187,0102,Bernard Cooperman,23,23,0,2026-09-29 03:43:41,2026-09-29 03:43:41.079
2026-09-29 03:29:48,ISRL187,0103,Bernard Cooperman,23,23,0,2026-09-29 03:43:41,2026-09-29 03:43:41.079
2026-09-29 03:29:48,ISRL249O,0101,Aner Tal,35,35,0,2026-09-29 03:43:41,2026-09-29 03:43:41.394
2026-09-29 03:29:48,ISRL249P,0101,Aliza Sandalon,15,15,0,2026-09-29 03:43:41,2026-09-29 03:43:41.710
2026-09-29 03:29:48,ISRL282,0101,Shirelle Doughty,30,30,0,2026-09-29 03:43:42,2026-09-29 03:43:42.051
2026-09-29 03:29:48,ISRL329D,0101,Regev Ben-David,35,35,0,2026-09-29 03:43:42,2026-09-29 03:43:42.374
2026-09-29 03:29:48,ISRL329Y,0101,Marwa Maziad,30,30,0,2026-09-29 03:43:42,2026-09-29 03:43:42.711
2026-09-29 03:29:48,ISRL342,0101,Elli Lieberman,35,35,0,2026-09-29 03:43:43,2026-09-29 03:43:43.033
2026-09-29 03:29:48,ISRL349N,0101,Morad Elsana,30,30,0,2026-09-29 03:43:43,2026-09-29 03:43:43.361
2026-09-29 03:29:48,ISRL349W,0101,Avital Karpman,35,35,0,2026-09-29 03:43:43,2026-09-29 03:43:43.668
2026-09-29 03:29:48,ISRL372,0101,Shirelle Doughty,30,30,0,2026-09-29 03:43:44,2026-09-29 03:43:44.011
2026-09-29 03:29:48,ISRL380,0101,Regev Ben-David,35,35,0,2026-09-29 03:43:44,2026-09-29 03:43:44.349
2026-09-29 03:29:48,ISRL383,0101,Ilai Saltzman,35,35,0,2026-09-29 03:43:44,2026-09-29 03:43:44.651
2026-09-29 03:29:48,JAPN102,0101,Kumiko Akikawa,15,15,0,2026-09-29 03:43:49,2026-09-29 03:43:49.021
2026-09-29 03:29:48,JAPN102,0201,Kumiko Akikawa,15,15,0,2026-09-29 03:43:49,2026-09-29 03:43:49.021
2026-09-29 03:29:48,JAPN202,0101,Makiko Inoue,15,15,0,2026-09-29 03:43:49,2026-09-29 03:43:49.364
2026-09-29 03:29:48,JAPN202,0201,Makiko Inoue,15,15,0,2026-09-29 03:43:49,2026-09-29 03:43:49.364
2026-09-29 03:29:48,JAPN302,0101,Mari Hamada,15,15,0,2026-09-29 03:43:49,2026-09-29 03:43:49.688
2026-09-29 03:29:48,JAPN306,0101,Lindsay Yotsukura,15,15,0,2026-09-29 03:43:50,2026-09-29 03:43:50.017
2026-09-29 03:29:48,JAPN335,0101,Michele Mason,20,20,0,2026-09-29 03:43:50,2026-09-29 03:43:50.329
2026-09-29 03:29:48,JAPN355,0101,Jyana Browne,20,20,0,2026-09-29 03:43:50,2026-09-29 03:43:50.662
2026-09-29 03:29:48,JAPN361,0101,Jyana Browne,20,20,0,2026-09-29 03:43:50,2026-09-29 03:43:50.986
2026-09-29 03:29:48,JAPN425,0101,Michele Mason,25,25,0,2026-09-29 03:43:51,2026-09-29 03:43:51.637
2026-09-29 03:29:48,JAPN457,0101,Lindsay Yotsukura,15,15,0,2026-09-29 03:43:51,2026-09-29 03:43:51.977
2026-09-29 03:29:48,JWST187,0101,Bernard Cooperman,23,23,0,2026-09-29 03:44:15,2026-09-29 03:44:15.985
2026-09-29 03:29:48,JWST187,0102,Bernard Cooperman,23,23,0,2026-09-29 03:44:15,2026-09-29 03:44:15.985
2026-09-29 03:29:48,JWST187,0103,Bernard Cooperman,23,23,0,2026-09-29 03:44:15,2026-09-29 03:44:15.985
2026-09-29 03:29:48,JWST233,0101,Hayim Lapin,45,45,0,2026-09-29 03:44:16,2026-09-29 03:44:16.385
2026-09-29 03:29:48,JWST319A,0101,Daniel Richter,35,35,0,2026-09-29 03:44:16,2026-09-29 03:44:16.726
2026-09-29 03:29:48,JWST319J,0101,Nathan Levine,35,35,0,2026-09-29 03:44:17,2026-09-29 03:44:17.053
2026-09-29 03:29:48,JWST319P,0101,Lauren Kotkin,18,18,0,2026-09-29 03:44:17,2026-09-29 03:44:17.373
2026-09-29 03:29:48,JWST319Q,0101,Regev Ben-David,35,35,0,2026-09-29 03:44:17,2026-09-29 03:44:17.715
2026-09-29 03:29:48,JWST319W,0101,Avital Karpman,35,35,0,2026-09-29 03:44:18,2026-09-29 03:44:18.023
2026-09-29 03:29:48,JWST324,0101,Matthew Suriano,25,25,0,2026-09-29 03:44:18,2026-09-29 03:44:18.392
2026-09-29 03:29:48,JWST372,0101,Shirelle Doughty,30,30,0,2026-09-29 03:44:18,2026-09-29 03:44:18.709
2026-09-29 03:29:48,JWST386,0101,Instructor: TBA,5,5,0,2026-09-29 03:44:19,2026-09-29 03:44:19.019
2026-09-29 03:29:48,JWST419B,0101,Bernard Cooperman,20,20,0,2026-09-29 03:44:19,2026-09-29 03:44:19.662
2026-09-29 03:29:48,JWST427,0101,Matthew Suriano,15,15,0,2026-09-29 03:44:19,2026-09-29 03:44:19.973
2026-09-29 03:29:48,JWST469C,0101,Bernard Cooperman,10,10,0,2026-09-29 03:44:20,2026-09-29 03:44:20.301
2026-09-29 03:29:48,KORA101,0101,Seong Minne Koh,15,15,0,2026-09-29 03:44:46,2026-09-29 03:44:46.657
2026-09-29 03:29:48,KORA102,0101,Saerom Kwak,15,15,0,2026-09-29 03:44:46,2026-09-29 03:44:46.982
2026-09-29 03:29:48,KORA102,0201,Saerom Kwak,15,15,0,2026-09-29 03:44:46,2026-09-29 03:44:46.982
2026-09-29 03:29:48,KORA102,0301,Saerom Kwak,15,15,0,2026-09-29 03:44:46,2026-09-29 03:44:46.983
2026-09-29 03:29:48,KORA102,0401,Saerom Kwak,15,15,0,2026-09-29 03:44:46,2026-09-29 03:44:46.983
2026-09-29 03:29:48,KORA202,0101,Seong Minne Koh,15,15,0,2026-09-29 03:44:47,2026-09-29 03:44:47.296
2026-09-29 03:29:48,KORA202,0301,Seong Minne Koh,15,15,0,2026-09-29 03:44:47,2026-09-29 03:44:47.296
2026-09-29 03:29:48,KORA398O,0101,Instructor: TBA,10,10,0,2026-09-29 03:44:47,2026-09-29 03:44:47.605
2026-09-29 03:29:48,KORA398V,0101,Seong Minne Koh,10,10,0,2026-09-29 03:44:47,2026-09-29 03:44:47.942
2026-09-29 03:29:48,LEAD217,0101,Pamela Scott,25,25,0,2026-09-29 03:45:09,2026-09-29 03:45:09.513
2026-09-29 03:29:48,LEAD217,0201,Pamela Scott,25,25,0,2026-09-29 03:45:09,2026-09-29 03:45:09.513
2026-09-29 03:29:48,LEAD321,0101,Courtney Holder,10,10,0,2026-09-29 03:45:09,2026-09-29 03:45:09.827
2026-09-29 03:29:48,LEAD417,0101,Anastasia Lavrenyuk,20,20,0,2026-09-29 03:45:10,2026-09-29 03:45:10.155
2026-09-29 03:29:48,LGBT200,0101,Sayan Bhattacharya,25,25,0,2026-09-29 03:45:11,2026-09-29 03:45:11.841
2026-09-29 03:29:48,LGBT200,0102,Sayan Bhattacharya,25,25,0,2026-09-29 03:45:11,2026-09-29 03:45:11.841
2026-09-29 03:29:48,LGBT265,0201,Instructor: TBA,30,30,0,2026-09-29 03:45:12,2026-09-29 03:45:12.243
2026-09-29 03:29:48,LGBT310,0101,Sayan Bhattacharya,25,25,0,2026-09-29 03:45:12,2026-09-29 03:45:12.572
2026-09-29 03:29:48,LGBT475,0101,Sydney Lewis,20,20,0,2026-09-29 03:45:12,2026-09-29 03:45:12.902
2026-09-29 03:29:48,MLAW150,0101,David Gray,25,25,0,2026-09-29 03:45:50,2026-09-29 03:45:50.254
2026-09-29 03:29:48,MLAW150,0102,David Gray,25,25,0,2026-09-29 03:45:50,2026-09-29 03:45:50.254
2026-09-29 03:29:48,MLAW150,0103,David Gray,25,25,0,2026-09-29 03:45:50,2026-09-29 03:45:50.254
2026-09-29 03:29:48,MLAW304,0101,Christine White,40,40,0,2026-09-29 03:45:50,2026-09-29 03:45:50.579
2026-09-29 03:29:48,MLAW305,0201,Brian Gilmore,60,60,0,2026-09-29 03:45:50,2026-09-29 03:45:50.918
2026-09-29 03:29:48,MLAW325,0101,Grace Benton,12,12,0,2026-09-29 03:45:51,2026-09-29 03:45:51.244
2026-09-29 03:29:48,MLAW358W,0101,Michael Spivey,25,25,0,2026-09-29 03:45:51,2026-09-29 03:45:51.580
2026-09-29 03:29:48,MLAW358W,0102,Michael Spivey,25,25,0,2026-09-29 03:45:51,2026-09-29 03:45:51.580
2026-09-29 03:29:48,MLAW358W,0103,Michael Spivey,25,25,0,2026-09-29 03:45:51,2026-09-29 03:45:51.580
2026-09-29 03:29:48,MLAW358W,0104,Michael Spivey,25,25,0,2026-09-29 03:45:51,2026-09-29 03:45:51.581
2026-09-29 03:29:48,MLAW358W,0105,Michael Spivey,25,25,0,2026-09-29 03:45:51,2026-09-29 03:45:51.581
2026-09-29 03:29:48,MLAW358W,0106,Michael Spivey,25,25,0,2026-09-29 03:45:51,2026-09-29 03:45:51.581
2026-09-29 03:29:48,MLAW358Y,0101,Martin Kobren,5,5,0,2026-09-29 03:45:51,2026-09-29 03:45:51.893
2026-09-29 03:29:48,MLAW358Z,0101,Christine White,19,19,0,2026-09-29 03:45:52,2026-09-29 03:45:52.203
2026-09-29 03:29:48,MLAW359,0101,Brandee Pettus,8,8,0,2026-09-29 03:45:52,2026-09-29 03:45:52.539
2026-09-29 03:29:48,MLAW378E,0101,Brandee Pettus,5,5,0,2026-09-29 03:45:52,2026-09-29 03:45:52.847
2026-09-29 03:29:48,MLAW378F,0101,Brian Gilmore,15,15,0,2026-09-29 03:45:53,2026-09-29 03:45:53.164
2026-09-29 03:29:48,MLAW378J,0101,Natalie Ram,20,20,0,2026-09-29 03:45:53,2026-09-29 03:45:53.498
2026-09-29 03:29:48,MLAW378T,0101,Marley Weiss,20,20,0,2026-09-29 03:45:53,2026-09-29 03:45:53.802
2026-09-29 03:29:48,MLAW388,0101,Brandee Pettus,33,33,0,2026-09-29 03:45:54,2026-09-29 03:45:54.143
2026-09-29 03:29:48,MLAW388,0201,Brandee Pettus,6,6,0,2026-09-29 03:45:54,2026-09-29 03:45:54.143
2026-09-29 03:29:48,MLAW404,0101,Christine White,75,75,0,2026-09-29 03:45:54,2026-09-29 03:45:54.489
2026-09-29 03:29:48,NAVY101,0101,Beau Cisneros,30,30,0,2026-09-29 03:46:29,2026-09-29 03:46:29.278
2026-09-29 03:29:48,NAVY108,0101,Christopher Boehm,150,150,0,2026-09-29 03:46:29,2026-09-29 03:46:29.597
2026-09-29 03:29:48,NAVY201,0101,Austin Cranfill,30,30,0,2026-09-29 03:46:29,2026-09-29 03:46:29.935
2026-09-29 03:29:48,NAVY301,0101,Beau Cisneros,35,35,0,2026-09-29 03:46:30,2026-09-29 03:46:30.248
2026-09-29 03:29:48,NAVY401,0101,John Gonser,36,36,0,2026-09-29 03:46:30,2026-09-29 03:46:30.574
2026-09-29 03:29:48,NAVY402,0102,Jenna Weiner,25,25,0,2026-09-29 03:46:30,2026-09-29 03:46:30.906
2026-09-29 03:29:48,NEUR200,0101,Ana Navarro Cebrian,90,90,0,2026-09-29 03:46:32,2026-09-29 03:46:32.473
2026-09-29 03:29:48,NEUR200,0201,Ana Navarro Cebrian,90,90,0,2026-09-29 03:46:32,2026-09-29 03:46:32.474
2026-09-29 03:29:48,NEUR305,0101,Amanda Chicoli,90,90,0,2026-09-29 03:46:32,2026-09-29 03:46:32.793
2026-09-29 03:29:48,NEUR306,0101,Chan Lin,64,64,0,2026-09-29 03:46:33,2026-09-29 03:46:33.134
2026-09-29 03:29:48,NEUR306,0102,Melissa Caras,40,40,0,2026-09-29 03:46:33,2026-09-29 03:46:33.134
2026-09-29 03:29:48,NEUR338A,0101,Amanda Chicoli,20,20,0,2026-09-29 03:46:33,2026-09-29 03:46:33.739
2026-09-29 03:29:48,NEUR398H,0101,Nikolas Francis,20,20,0,2026-09-29 03:46:34,2026-09-29 03:46:34.685
2026-09-29 03:29:48,NEUR405,0101,Hilary Bierman,16,16,0,2026-09-29 03:46:35,2026-09-29 03:46:35.022
2026-09-29 03:29:48,NEUR405,0102,Hilary Bierman,16,16,0,2026-09-29 03:46:35,2026-09-29 03:46:35.023
2026-09-29 03:29:48,NEUR405,0103,Hilary Bierman,16,16,0,2026-09-29 03:46:35,2026-09-29 03:46:35.023
2026-09-29 03:29:48,NEUR405,0106,Hilary Bierman,16,16,0,2026-09-29 03:46:35,2026-09-29 03:46:35.023
2026-09-29 03:29:48,PEER318,0101,Christina Jay,15,15,0,2026-09-29 03:46:47,2026-09-29 03:46:47.390
2026-09-29 03:29:48,PEER319,0101,Grace Boudreau,15,15,0,2026-09-29 03:46:47,2026-09-29 03:46:47.737
2026-09-29 03:29:48,PEER322,0101,Aleia Gardner,15,15,0,2026-09-29 03:46:48,2026-09-29 03:46:48.090
2026-09-29 03:29:48,PHPE308A,0101,Rachel Singpurwalla,25,25,0,2026-09-29 03:46:58,2026-09-29 03:46:58.867
2026-09-29 03:29:48,PHPE308M,0101,Eric Pacuit,30,30,0,2026-09-29 03:46:59,2026-09-29 03:46:59.168
2026-09-29 03:29:48,PHPE308P,0101,Xinzhi Zhao,30,30,0,2026-09-29 03:46:59,2026-09-29 03:46:59.511
2026-09-29 03:29:48,PHPE308U,0101,Aner Tal,35,35,0,2026-09-29 03:46:59,2026-09-29 03:46:59.853
2026-09-29 03:29:48,PHPE308Z,0101,Hallie Liberto,30,30,0,2026-09-29 03:47:00,2026-09-29 03:47:00.205
2026-09-29 03:29:48,PHPE400,0101,Instructor: TBA,30,30,0,2026-09-29 03:47:00,2026-09-29 03:47:00.845
2026-09-29 03:29:48,PHPE401,0101,Xinzhi Zhao,27,27,0,2026-09-29 03:47:01,2026-09-29 03:47:01.185
2026-09-29 03:29:48,PHPE401,0102,Xinzhi Zhao,27,27,0,2026-09-29 03:47:01,2026-09-29 03:47:01.185
2026-09-29 03:29:48,PHPE402,0101,Ben Fan,30,30,0,2026-09-29 03:47:01,2026-09-29 03:47:01.515
2026-09-29 03:29:48,PHPE408M,0101,Nicholas Laskowski,25,25,0,2026-09-29 03:47:01,2026-09-29 03:47:01.888
2026-09-29 03:29:48,PHPE408Q,0101,Samuel Kerstein,20,20,0,2026-09-29 03:47:02,2026-09-29 03:47:02.256
2026-09-29 03:29:48,PHPE408Z,0101,Avia Pasternak,30,30,0,2026-09-29 03:47:02,2026-09-29 03:47:02.620
2026-09-29 03:29:48,PHSC201,0101,Kayla Hoffman,30,30,0,2026-09-29 03:47:04,2026-09-29 03:47:04.239
2026-09-29 03:29:48,PHSC388F,0101,Jennifer German,30,30,0,2026-09-29 03:47:04,2026-09-29 03:47:04.550
2026-09-29 03:29:48,PHSC399,0101,Shannon Edward,30,30,0,2026-09-29 03:47:05,2026-09-29 03:47:05.181
2026-09-29 03:29:48,PHSC399,ESG1,Shannon Edward,20,20,0,2026-09-29 03:47:05,2026-09-29 03:47:05.181
2026-09-29 03:29:48,PHSC415,0101,Jessica O'Hara,36,36,0,2026-09-29 03:47:05,2026-09-29 03:47:05.542
2026-09-29 03:29:48,PHSC415,0102,Jessica O'Hara,36,36,0,2026-09-29 03:47:05,2026-09-29 03:47:05.542
2026-09-29 03:29:48,PHSC415,0103,Jessica O'Hara,36,36,0,2026-09-29 03:47:05,2026-09-29 03:47:05.543
2026-09-29 03:29:48,PHSC415,0104,Jessica O'Hara,36,36,0,2026-09-29 03:47:05,2026-09-29 03:47:05.543
2026-09-29 03:29:48,PHSC415,0105,Jessica O'Hara,36,36,0,2026-09-29 03:47:05,2026-09-29 03:47:05.543
2026-09-29 03:29:48,PHSC430,ESG1,Kendall Bustad,8,8,0,2026-09-29 03:47:05,2026-09-29 03:47:05.873
2026-09-29 03:29:48,PHSC440,0101,Kendall Bustad,35,35,0,2026-09-29 03:47:06,2026-09-29 03:47:06.215
2026-09-29 03:29:48,PHSC450,0101,Kendall Bustad,20,20,0,2026-09-29 03:47:06,2026-09-29 03:47:06.569
2026-09-29 03:29:48,PHSC450,0102,Kendall Bustad,20,20,0,2026-09-29 03:47:06,2026-09-29 03:47:06.569
2026-09-29 03:29:48,PHSC450,0103,Kendall Bustad,20,20,0,2026-09-29 03:47:06,2026-09-29 03:47:06.569
2026-09-29 03:29:48,PHSC450,0104,Kendall Bustad,20,20,0,2026-09-29 03:47:06,2026-09-29 03:47:06.570
2026-09-29 03:29:48,PHSC450,0105,Kendall Bustad,20,20,0,2026-09-29 03:47:06,2026-09-29 03:47:06.570
2026-09-29 03:29:48,PHSC450,0106,Kendall Bustad,20,20,0,2026-09-29 03:47:06,2026-09-29 03:47:06.570
2026-09-29 03:29:48,PHSC450,0107,Kendall Bustad,20,20,0,2026-09-29 03:47:06,2026-09-29 03:47:06.570
2026-09-29 03:29:48,PHSC450,ESG1,Kendall Bustad,35,35,0,2026-09-29 03:47:06,2026-09-29 03:47:06.570
2026-09-29 03:29:48,PHSC490,0101,Shannon Edward,30,30,0,2026-09-29 03:47:06,2026-09-29 03:47:06.886
2026-09-29 03:29:48,PHSC497,0101,Gretchen De Silva,20,20,0,2026-09-29 03:47:07,2026-09-29 03:47:07.232
2026-09-29 03:29:48,PHSC497,0201,Kendall Bustad,20,20,0,2026-09-29 03:47:07,2026-09-29 03:47:07.232
2026-09-29 03:29:48,PHSC497,0301,Gretchen De Silva,20,20,0,2026-09-29 03:47:07,2026-09-29 03:47:07.232
2026-09-29 03:29:48,PHSC497,0401,Aysha Jawed,20,20,0,2026-09-29 03:47:07,2026-09-29 03:47:07.233
2026-09-29 03:29:48,PHSC497,0501,Jennifer German,20,20,0,2026-09-29 03:47:07,2026-09-29 03:47:07.233
2026-09-29 03:29:48,PHSC497,0601,Carmen Booker,20,20,0,2026-09-29 03:47:07,2026-09-29 03:47:07.233
2026-09-29 03:29:48,PHSC497,0701,Lakeshia Watson,20,20,0,2026-09-29 03:47:07,2026-09-29 03:47:07.233
2026-09-29 03:29:48,PHSC497,0801,Lakeshia Watson,20,20,0,2026-09-29 03:47:07,2026-09-29 03:47:07.233
2026-09-29 03:29:48,PHSC497,0901,Darya Soltani,20,20,0,2026-09-29 03:47:07,2026-09-29 03:47:07.233
2026-09-29 03:29:48,PHSC497,1001,Brienna Anderson,20,20,0,2026-09-29 03:47:07,2026-09-29 03:47:07.234
2026-09-29 03:29:48,PHSC497,1101,Margaret Smith,20,20,0,2026-09-29 03:47:07,2026-09-29 03:47:07.234
2026-09-29 03:29:48,PHSC497,1201,Eric Silfen,20,20,0,2026-09-29 03:47:07,2026-09-29 03:47:07.234
2026-09-29 03:29:48,PHSC497,1301,Lakeshia Watson,20,20,0,2026-09-29 03:47:07,2026-09-29 03:47:07.234
2026-09-29 03:29:48,PHSC497,ESG1,Ann Truelove,20,20,0,2026-09-29 03:47:07,2026-09-29 03:47:07.234
2026-09-29 03:29:48,RDEV250,0101,Wayne Ricardo Curtis,75,75,0,2026-09-29 03:48:11,2026-09-29 03:48:11.441
2026-09-29 03:29:48,RDEV250,0102,Wayne Ricardo Curtis,75,75,0,2026-09-29 03:48:11,2026-09-29 03:48:11.441
2026-09-29 03:29:48,RDEV270,0101,John Park,30,30,0,2026-09-29 03:48:11,2026-09-29 03:48:11.778
2026-09-29 03:29:48,RDEV350,0101,Jesse Saginor,25,25,0,2026-09-29 03:48:12,2026-09-29 03:48:12.091
2026-09-29 03:29:48,RDEV350,0102,Instructor: TBA,30,30,0,2026-09-29 03:48:12,2026-09-29 03:48:12.091
2026-09-29 03:29:48,RDEV410,0101,Peter Goldsmith,30,30,0,2026-09-29 03:48:12,2026-09-29 03:48:12.418
2026-09-29 03:29:48,RDEV415,0101,Bilal Ali,20,20,0,2026-09-29 03:48:12,2026-09-29 03:48:12.729
2026-09-29 03:29:48,RDEV445,0101,Matthew O'Malley,15,15,0,2026-09-29 03:48:13,2026-09-29 03:48:13.047
2026-09-29 03:29:48,RDEV450,0101,Kathryn Corby,30,30,0,2026-09-29 03:48:13,2026-09-29 03:48:13.393
2026-09-29 03:29:48,RDEV450,0102,Thomas Dwyer,20,20,0,2026-09-29 03:48:13,2026-09-29 03:48:13.393
2026-09-29 03:29:48,RDEV450,0103,John Park,30,30,0,2026-09-29 03:48:13,2026-09-29 03:48:13.393
2026-09-29 03:29:48,RDEV478D,0101,Jesse Saginor,20,20,0,2026-09-29 03:48:13,2026-09-29 03:48:13.732
2026-09-29 03:29:48,RDEV600,0101,Jesse Saginor,10,10,0,2026-09-29 03:48:14,2026-09-29 03:48:14.036
2026-09-29 03:29:48,RDEV603,0101,Thomas Dwyer,18,18,0,2026-09-29 03:48:14,2026-09-29 03:48:14.363
2026-09-29 03:29:48,RDEV610,0101,David Warner,20,20,0,2026-09-29 03:48:14,2026-09-29 03:48:14.692
2026-09-29 03:29:48,RDEV615,0101,Bilal Ali,20,20,0,2026-09-29 03:48:15,2026-09-29 03:48:15.030
2026-09-29 03:29:48,RDEV630,0101,Mansur Abdul-Malik,30,30,0,2026-09-29 03:48:15,2026-09-29 03:48:15.369
2026-09-29 03:29:48,RDEV650,0101,Matthew O'Malley,25,25,0,2026-09-29 03:48:15,2026-09-29 03:48:15.690
2026-09-29 03:29:48,RDEV689F,0101,Zachary Marks,20,20,0,2026-09-29 03:48:16,2026-09-29 03:48:16.029
2026-09-29 03:29:48,RDEV689I,0101,Ronald McDonald,14,14,0,2026-09-29 03:48:16,2026-09-29 03:48:16.329
2026-09-29 03:29:48,RDEV689R,0101,Nick Egelanian,15,15,0,2026-09-29 03:48:16,2026-09-29 03:48:16.656
2026-09-29 03:29:48,RDEV689Y,0101,Instructor: TBA,12,12,0,2026-09-29 03:48:16,2026-09-29 03:48:16.980
2026-09-29 03:29:48,RDEV690,0101,Tanya Bansal,12,12,0,2026-09-29 03:48:17,2026-09-29 03:48:17.375
2026-09-29 03:29:48,RELS170,0101,Katherine Wasdin,21,21,0,2026-09-29 03:48:18,2026-09-29 03:48:18.984
2026-09-29 03:29:48,RELS170,0102,Katherine Wasdin,21,21,0,2026-09-29 03:48:18,2026-09-29 03:48:18.985
2026-09-29 03:29:48,RELS170,0103,Katherine Wasdin,21,21,0,2026-09-29 03:48:18,2026-09-29 03:48:18.985
2026-09-29 03:29:48,RELS170,0104,Katherine Wasdin,21,21,0,2026-09-29 03:48:18,2026-09-29 03:48:18.985
2026-09-29 03:29:48,RELS170,0105,Katherine Wasdin,21,21,0,2026-09-29 03:48:18,2026-09-29 03:48:18.985
2026-09-29 03:29:48,RELS170,0106,Katherine Wasdin,21,21,0,2026-09-29 03:48:18,2026-09-29 03:48:18.985
2026-09-29 03:29:48,RELS170,0107,Katherine Wasdin,21,21,0,2026-09-29 03:48:18,2026-09-29 03:48:18.985
2026-09-29 03:29:48,RELS170,0108,Katherine Wasdin,21,21,0,2026-09-29 03:48:18,2026-09-29 03:48:18.986
2026-09-29 03:29:48,RELS170,0109,Katherine Wasdin,21,21,0,2026-09-29 03:48:18,2026-09-29 03:48:18.986
2026-09-29 03:29:48,RELS264,0101,Jay Moses,30,30,0,2026-09-29 03:48:19,2026-09-29 03:48:19.292
2026-09-29 03:29:48,RELS271,0101,Instructor: TBA,40,40,0,2026-09-29 03:48:19,2026-09-29 03:48:19.639
2026-09-29 03:29:48,RELS319Q,0101,Regev Ben-David,35,35,0,2026-09-29 03:48:19,2026-09-29 03:48:19.955
2026-09-29 03:29:48,RELS342,0101,Stefano Villani,27,27,0,2026-09-29 03:48:20,2026-09-29 03:48:20.283
2026-09-29 03:29:48,RELS427,0101,Matthew Suriano,15,15,0,2026-09-29 03:48:20,2026-09-29 03:48:20.622
2026-09-29 03:29:48,RELS429M,0101,Antoine Borrut,27,27,0,2026-09-29 03:48:21,2026-09-29 03:48:21.066
2026-09-29 03:29:48,RUSS102,0101,Inna Hardman,15,15,0,2026-09-29 03:48:22,2026-09-29 03:48:22.670
2026-09-29 03:29:48,RUSS102,0201,Inna Hardman,15,15,0,2026-09-29 03:48:22,2026-09-29 03:48:22.670
2026-09-29 03:29:48,RUSS202,0101,Zhanna Gerus-Vernola,15,15,0,2026-09-29 03:48:23,2026-09-29 03:48:23.045
2026-09-29 03:29:48,RUSS302,0101,Izolda Savenkova,15,15,0,2026-09-29 03:48:23,2026-09-29 03:48:23.384
2026-09-29 03:29:48,RUSS398A,0101,Instructor: TBA,15,15,0,2026-09-29 03:48:24,2026-09-29 03:48:24.055
2026-09-29 03:29:48,RUSS398F,0101,Elizabeth Papazian,25,25,0,2026-09-29 03:48:24,2026-09-29 03:48:24.369
2026-09-29 03:29:48,RUSS406,0101,Izolda Savenkova,15,15,0,2026-09-29 03:48:25,2026-09-29 03:48:25.011
2026-09-29 03:29:48,RUSS412,0101,Inna Hardman,15,15,0,2026-09-29 03:48:25,2026-09-29 03:48:25.320
2026-09-29 03:29:48,SDSB123,0101,Srijeeta Mitra,26,26,0,2026-09-29 03:48:27,2026-09-29 03:48:27.244
2026-09-29 03:29:48,SDSB180,0101,Srijeeta Mitra,155,155,0,2026-09-29 03:48:27,2026-09-29 03:48:27.579
2026-09-29 03:29:48,SDSB233,0101,Richard Engstrom,28,28,0,2026-09-29 03:48:27,2026-09-29 03:48:27.908
2026-09-29 03:29:48,SDSB233,0102,Richard Engstrom,28,28,0,2026-09-29 03:48:27,2026-09-29 03:48:27.909
2026-09-29 03:29:48,SDSB326,0101,Jacob Coutts,40,40,0,2026-09-29 03:48:28,2026-09-29 03:48:28.248
2026-09-29 03:29:48,SDSB340,0101,Neil Lund,24,24,0,2026-09-29 03:48:28,2026-09-29 03:48:28.579
2026-09-29 03:29:48,SDSI414,0101,Instructor: TBA,40,40,0,2026-09-29 03:48:30,2026-09-29 03:48:30.233
2026-09-29 03:29:48,SDSI414,0102,Instructor: TBA,40,40,0,2026-09-29 03:48:30,2026-09-29 03:48:30.233
2026-09-29 03:29:48,SDSI414,0103,Instructor: TBA,40,40,0,2026-09-29 03:48:30,2026-09-29 03:48:30.233
2026-09-29 03:29:48,SDSI414,0201,Instructor: TBA,40,40,0,2026-09-29 03:48:30,2026-09-29 03:48:30.234
2026-09-29 03:29:48,SDSI414,0202,Instructor: TBA,40,40,0,2026-09-29 03:48:30,2026-09-29 03:48:30.234
2026-09-29 03:29:48,SDSI492,0101,Instructor: TBA,29,29,0,2026-09-29 03:48:30,2026-09-29 03:48:30.543
2026-09-29 03:29:48,SDSI492,0102,Instructor: TBA,25,25,0,2026-09-29 03:48:30,2026-09-29 03:48:30.543
2026-09-29 03:29:48,SDSI492,0103,Instructor: TBA,25,25,0,2026-09-29 03:48:30,2026-09-29 03:48:30.544
2026-09-29 03:29:48,SDSI492,0104,Instructor: TBA,20,20,0,2026-09-29 03:48:30,2026-09-29 03:48:30.544
2026-09-29 03:29:48,SDSI492,0105,Instructor: TBA,50,50,0,2026-09-29 03:48:30,2026-09-29 03:48:30.544
2026-09-29 03:29:48,SDSI492,0107,Instructor: TBA,25,25,0,2026-09-29 03:48:30,2026-09-29 03:48:30.544
2026-09-29 03:29:48,SDSI492,0108,Instructor: TBA,25,25,0,2026-09-29 03:48:30,2026-09-29 03:48:30.544
2026-09-29 03:29:48,SDSI492,0110,Instructor: TBA,25,25,0,2026-09-29 03:48:30,2026-09-29 03:48:30.544
2026-09-29 03:29:48,SDSI496,0101,Jacob Coutts,25,25,0,2026-09-29 03:48:30,2026-09-29 03:48:30.883
2026-09-29 03:29:48,SLLC286,0101,Andrew Schonebaum,60,60,0,2026-09-29 03:48:34,2026-09-29 03:48:34.267
2026-09-29 03:29:48,SLLC287,0101,Sean Pue,20,20,0,2026-09-29 03:48:34,2026-09-29 03:48:34.608
2026-09-29 03:29:48,SLLC305,0101,Nahal Akbari-Saneh,25,25,0,2026-09-29 03:48:34,2026-09-29 03:48:34.936
2026-09-29 03:29:48,SLLC309,0101,Ahmed Hanafy,10,10,0,2026-09-29 03:48:35,2026-09-29 03:48:35.306
2026-09-29 03:29:48,SLLC309,0102,Ahmed Hanafy,10,10,0,2026-09-29 03:48:35,2026-09-29 03:48:35.307
2026-09-29 03:29:48,SLLC309,0103,Ahmed Hanafy,10,10,0,2026-09-29 03:48:35,2026-09-29 03:48:35.307
2026-09-29 03:29:48,SLLC309,0104,Ahmed Hanafy,10,10,0,2026-09-29 03:48:35,2026-09-29 03:48:35.307
2026-09-29 03:29:48,SLLC309,0105,Ahmed Hanafy,10,10,0,2026-09-29 03:48:35,2026-09-29 03:48:35.307
2026-09-29 03:29:48,SLLC309,0106,Ahmed Hanafy,10,10,0,2026-09-29 03:48:35,2026-09-29 03:48:35.307
2026-09-29 03:29:48,SLLC309,0107,Ahmed Hanafy,10,10,0,2026-09-29 03:48:35,2026-09-29 03:48:35.307
2026-09-29 03:29:48,SLLC309,0108,Ahmed Hanafy,10,10,0,2026-09-29 03:48:35,2026-09-29 03:48:35.307
2026-09-29 03:29:48,SLLC309,0109,Ahmed Hanafy,10,10,0,2026-09-29 03:48:35,2026-09-29 03:48:35.308
2026-09-29 03:29:48,SLLC309,0110,Ahmed Hanafy,10,10,0,2026-09-29 03:48:35,2026-09-29 03:48:35.308
2026-09-29 03:29:48,SLLC309,0111,Ahmed Hanafy,10,10,0,2026-09-29 03:48:35,2026-09-29 03:48:35.308
2026-09-29 03:29:48,SLLC329,0101,Marilyn Matar,10,10,0,2026-09-29 03:48:35,2026-09-29 03:48:35.690
2026-09-29 03:29:48,SLLC329,0102,Marilyn Matar,10,10,0,2026-09-29 03:48:35,2026-09-29 03:48:35.690
2026-09-29 03:29:48,SLLC329,0103,Marilyn Matar,20,20,0,2026-09-29 03:48:35,2026-09-29 03:48:35.690
2026-09-29 03:29:48,SLLC329,0104,Marilyn Matar,10,10,0,2026-09-29 03:48:35,2026-09-29 03:48:35.690
2026-09-29 03:29:48,SLLC329,0105,Marilyn Matar,10,10,0,2026-09-29 03:48:35,2026-09-29 03:48:35.690
2026-09-29 03:29:48,SLLC329,0106,Marilyn Matar,10,10,0,2026-09-29 03:48:35,2026-09-29 03:48:35.690
2026-09-29 03:29:48,SLLC329,0107,Marilyn Matar,10,10,0,2026-09-29 03:48:35,2026-09-29 03:48:35.691
2026-09-29 03:29:48,SLLC329,0108,Marilyn Matar,10,10,0,2026-09-29 03:48:35,2026-09-29 03:48:35.691
2026-09-29 03:29:48,SLLC329,0109,Marilyn Matar,10,10,0,2026-09-29 03:48:35,2026-09-29 03:48:35.691
2026-09-29 03:29:48,SLLC329,0110,Marilyn Matar,20,20,0,2026-09-29 03:48:35,2026-09-29 03:48:35.691
2026-09-29 03:29:48,SMLP471,0101,Jennifer Hsin,60,60,0,2026-09-29 03:48:37,2026-09-29 03:48:37.293
2026-09-29 03:29:48,SMLP474,0101,Sara Herald,60,60,0,2026-09-29 03:48:37,2026-09-29 03:48:37.630
2026-09-29 03:29:48,SPHL100,0101,Shuling Wu,20,20,0,2026-09-29 03:49:09,2026-09-29 03:49:09.270
2026-09-29 03:29:48,SPHL100,0102,Shuling Wu,20,20,0,2026-09-29 03:49:09,2026-09-29 03:49:09.270
2026-09-29 03:29:48,SPHL100,0103,Shuling Wu,20,20,0,2026-09-29 03:49:09,2026-09-29 03:49:09.270
2026-09-29 03:29:48,SPHL100,0104,Shuling Wu,20,20,0,2026-09-29 03:49:09,2026-09-29 03:49:09.270
2026-09-29 03:29:48,SPHL100,0105,Shuling Wu,20,20,0,2026-09-29 03:49:09,2026-09-29 03:49:09.270
2026-09-29 03:29:48,SPHL100,0106,Shuling Wu,20,20,0,2026-09-29 03:49:09,2026-09-29 03:49:09.271
2026-09-29 03:29:48,SPHL100,0107,Shuling Wu,20,20,0,2026-09-29 03:49:09,2026-09-29 03:49:09.271
2026-09-29 03:29:48,SPHL100,0108,Shuling Wu,20,20,0,2026-09-29 03:49:09,2026-09-29 03:49:09.271
2026-09-29 03:29:48,SPHL100,0109,Shuling Wu,20,20,0,2026-09-29 03:49:09,2026-09-29 03:49:09.271
2026-09-29 03:29:48,SPHL100,0110,Shuling Wu,20,20,0,2026-09-29 03:49:09,2026-09-29 03:49:09.271
2026-09-29 03:29:48,SPHL100,0201,Shuling Wu,20,20,0,2026-09-29 03:49:09,2026-09-29 03:49:09.271
2026-09-29 03:29:48,SPHL100,0202,Shuling Wu,20,20,0,2026-09-29 03:49:09,2026-09-29 03:49:09.272
2026-09-29 03:29:48,SPHL100,0203,Shuling Wu,20,20,0,2026-09-29 03:49:09,2026-09-29 03:49:09.272
2026-09-29 03:29:48,SPHL100,0204,Shuling Wu,20,20,0,2026-09-29 03:49:09,2026-09-29 03:49:09.272
2026-09-29 03:29:48,SPHL100,0205,Shuling Wu,20,20,0,2026-09-29 03:49:09,2026-09-29 03:49:09.272
2026-09-29 03:29:48,SPHL100,0206,Shuling Wu,20,20,0,2026-09-29 03:49:09,2026-09-29 03:49:09.272
2026-09-29 03:29:48,SPHL100,0207,Shuling Wu,20,20,0,2026-09-29 03:49:09,2026-09-29 03:49:09.272
2026-09-29 03:29:48,SPHL100,0208,Shuling Wu,20,20,0,2026-09-29 03:49:09,2026-09-29 03:49:09.272
2026-09-29 03:29:48,SPHL246,0101,April Khaing,20,20,0,2026-09-29 03:49:09,2026-09-29 03:49:09.685
2026-09-29 03:29:48,SPHL276,0101,Dina Borzekowski,25,25,0,2026-09-29 03:49:09,2026-09-29 03:49:09.992
2026-09-29 03:29:48,SPHL321,0101,Sylvette La Touche-Howard,15,15,0,2026-09-29 03:49:10,2026-09-29 03:49:10.320
2026-09-29 03:29:48,SPHL333,0101,Cynthia Kershaw,75,75,0,2026-09-29 03:49:10,2026-09-29 03:49:10.653
2026-09-29 03:29:48,SPHL478,0101,Tracy Zeeger,10,10,0,2026-09-29 03:49:11,2026-09-29 03:49:11.313
2026-09-29 03:29:48,SPHL600,0101,Sylvette La Touche-Howard,8,8,0,2026-09-29 03:49:11,2026-09-29 03:49:11.628
2026-09-29 03:29:48,SPHL610,0101,Danielle Catona,22,22,0,2026-09-29 03:49:11,2026-09-29 03:49:11.966
2026-09-29 03:29:48,SPHL610,0102,Danielle Catona,22,22,0,2026-09-29 03:49:11,2026-09-29 03:49:11.966
2026-09-29 03:29:48,SPHL610,0103,Danielle Catona,22,22,0,2026-09-29 03:49:11,2026-09-29 03:49:11.966
2026-09-29 03:29:48,SPHL610,PLB1,Priscilla Novak,20,20,0,2026-09-29 03:49:11,2026-09-29 03:49:11.967
2026-09-29 03:29:48,SPHL610,PLH1,Priscilla Novak,28,28,0,2026-09-29 03:49:11,2026-09-29 03:49:11.967
2026-09-29 03:29:48,SPHL610,PLK1,Priscilla Novak,5,5,0,2026-09-29 03:49:11,2026-09-29 03:49:11.967
2026-09-29 03:29:48,SPHL611,0101,Danielle Catona,45,45,0,2026-09-29 03:49:12,2026-09-29 03:49:12.315
2026-09-29 03:29:48,SPHL611,0201,Danielle Catona,45,45,0,2026-09-29 03:49:12,2026-09-29 03:49:12.315
2026-09-29 03:29:48,SPHL611,PLB1,Evelyn King-Marshall,20,20,0,2026-09-29 03:49:12,2026-09-29 03:49:12.315
2026-09-29 03:29:48,SPHL611,PLH1,Evelyn King-Marshall,28,28,0,2026-09-29 03:49:12,2026-09-29 03:49:12.315
2026-09-29 03:29:48,SPHL611,PLK1,Evelyn King-Marshall,5,5,0,2026-09-29 03:49:12,2026-09-29 03:49:12.315
2026-09-29 03:29:48,SPHL612,0101,James Hagberg,15,15,0,2026-09-29 03:49:12,2026-09-29 03:49:12.659
2026-09-29 03:29:48,TLTC310,0101,Sarah Kistner,20,20,0,2026-09-29 03:49:47,2026-09-29 03:49:47.409
2026-09-29 03:29:48,TLTC333,0101,Mona Thompson,55,55,0,2026-09-29 03:49:47,2026-09-29 03:49:47.762
2026-09-29 03:29:48,TLTC333,0102,Mona Thompson,55,55,0,2026-09-29 03:49:47,2026-09-29 03:49:47.763
2026-09-29 03:29:48,TLTC333,0105,Mona Thompson,55,55,0,2026-09-29 03:49:47,2026-09-29 03:49:47.763
2026-09-29 03:29:48,URSP372,0101,Priscila Alves,20,20,0,2026-09-29 03:49:56,2026-09-29 03:49:56.527
2026-09-29 03:29:48,URSP488A,0101,Chengri Ding,30,30,0,2026-09-29 03:49:56,2026-09-29 03:49:56.855
2026-09-29 03:29:48,URSP600,0101,Kevin Nelson,25,25,0,2026-09-29 03:49:57,2026-09-29 03:49:57.171
2026-09-29 03:29:48,URSP603,0101,Dawn Jourdan,33,33,0,2026-09-29 03:49:57,2026-09-29 03:49:57.512
2026-09-29 03:29:48,URSP606,0101,Chengri Ding,15,15,0,2026-09-29 03:49:57,2026-09-29 03:49:57.840
2026-09-29 03:29:48,URSP631,0101,Hiroyuki Iseki,15,15,0,2026-09-29 03:49:58,2026-09-29 03:49:58.168
2026-09-29 03:29:48,URSP668B,0101,Eric Burnstein,20,20,0,2026-09-29 03:49:58,2026-09-29 03:49:58.509
2026-09-29 03:29:48,URSP673,0101,Riem ElZoghbi,25,25,0,2026-09-29 03:49:58,2026-09-29 03:49:58.856
2026-09-29 03:29:48,URSP688M,0101,Andrew Bernish,20,20,0,2026-09-29 03:49:59,2026-09-29 03:49:59.183
2026-09-29 03:29:48,URSP688P,0101,Sonja Ewing,15,15,0,2026-09-29 03:49:59,2026-09-29 03:49:59.494
2026-09-29 03:29:48,URSP688Y,0101,Chester Harvey,30,30,0,2026-09-29 03:49:59,2026-09-29 03:49:59.812
2026-09-29 03:29:48,URSP708,0101,Nicholas Finio,10,10,0,2026-09-29 03:50:00,2026-09-29 03:50:00.257
2026-09-29 03:29:48,URSP709,0101,Casey Dawkins,10,10,0,2026-09-29 03:50:00,2026-09-29 03:50:00.617
2026-09-29 03:29:48,URSP805,0101,Casey Dawkins,15,15,0,2026-09-29 03:50:02,2026-09-29 03:50:02.199
2026-09-29 03:29:48,USLT202,0101,Robert Chester,26,26,0,2026-09-29 03:50:08,2026-09-29 03:50:08.128
2026-09-29 03:29:48,USLT403,0101,Perla Guerrero,20,20,0,2026-09-29 03:50:08,2026-09-29 03:50:08.463
2026-09-29 03:29:48,USLT420,0101,Robert Chester,27,27,0,2026-09-29 03:50:08,2026-09-29 03:50:08.790
2026-09-29 03:29:48,USLT488,0101,Nancy Mirabal,30,30,0,2026-09-29 03:50:09,2026-09-29 03:50:09.153
2026-09-29 03:29:48,USLT498L,0101,Fernando Rios,12,12,0,2026-09-29 03:50:09,2026-09-29 03:50:09.480
2026-09-29 03:29:48,VIPS208,0102,Ken Kiger,10,10,0,2026-09-29 03:50:11,2026-09-29 03:50:11.121
2026-09-29 03:29:48,VIPS208,0103,Bryan Quinn,10,10,0,2026-09-29 03:50:11,2026-09-29 03:50:11.121
2026-09-29 03:29:48,VIPS208,0104,Ryan Sochol,10,10,0,2026-09-29 03:50:11,2026-09-29 03:50:11.121
2026-09-29 03:29:48,VIPS208,0105,Molly Carton,10,10,0,2026-09-29 03:50:11,2026-09-29 03:50:11.121
2026-09-29 03:29:48,VIPS208,0106,James Baeder,11,11,0,2026-09-29 03:50:11,2026-09-29 03:50:11.121
2026-09-29 03:29:48,VIPS208,0107,Catherine Spirito,10,10,0,2026-09-29 03:50:11,2026-09-29 03:50:11.122
2026-09-29 03:29:48,VIPS208,0108,Ronald Yaros,10,10,0,2026-09-29 03:50:11,2026-09-29 03:50:11.122
2026-09-29 03:29:48,VIPS208,0109,Carinna Ferguson,10,10,0,2026-09-29 03:50:11,2026-09-29 03:50:11.122
2026-09-29 03:29:48,VIPS208,0110,Tracy Riggins,10,10,0,2026-09-29 03:50:11,2026-09-29 03:50:11.122
2026-09-29 03:29:48,VIPS208,0111,Kevin Calabro,10,10,0,2026-09-29 03:50:11,2026-09-29 03:50:11.122
2026-09-29 03:29:48,VIPS208,0112,Raffaele Viglianti,10,10,0,2026-09-29 03:50:11,2026-09-29 03:50:11.122
2026-09-29 03:29:48,VIPS208,0113,Shabnam Jabeen,10,10,0,2026-09-29 03:50:11,2026-09-29 03:50:11.123
2026-09-29 03:29:48,VIPS208,0114,Ning Zeng,10,10,0,2026-09-29 03:50:11,2026-09-29 03:50:11.123
2026-09-29 03:29:48,VIPS208,0115,Veronica Kang,10,10,0,2026-09-29 03:50:11,2026-09-29 03:50:11.123
2026-09-29 03:29:48,VIPS208,0116,David Stewart,10,10,0,2026-09-29 03:50:11,2026-09-29 03:50:11.123
2026-09-29 03:29:48,VIPS208,0117,Meredith Epstein,10,10,0,2026-09-29 03:50:11,2026-09-29 03:50:11.123
2026-09-29 03:29:48,VIPS208,0118,Magaly Toro Ibaceta,10,10,0,2026-09-29 03:50:11,2026-09-29 03:50:11.123
2026-09-29 03:29:48,VIPS208,0120,Marisa Parham,10,10,0,2026-09-29 03:50:11,2026-09-29 03:50:11.123
2026-09-29 03:29:48,VIPS208,0121,Becky Epanchin-Niell,10,10,0,2026-09-29 03:50:11,2026-09-29 03:50:11.124
2026-09-29 03:29:48,VIPS208,0122,Timothy Reedy,10,10,0,2026-09-29 03:50:11,2026-09-29 03:50:11.124
2026-09-29 03:29:48,VIPS208,0123,Lingnan Lin,10,10,0,2026-09-29 03:50:11,2026-09-29 03:50:11.124
2026-09-29 03:29:48,VIPS208,0124,Jeffrey Moro,10,10,0,2026-09-29 03:50:11,2026-09-29 03:50:11.124
2026-09-29 03:29:48,VIPS208,0125,Peter Sunderland,10,10,0,2026-09-29 03:50:11,2026-09-29 03:50:11.124
2026-09-29 03:29:48,VIPS208,0126,Brienna Anderson,10,10,0,2026-09-29 03:50:11,2026-09-29 03:50:11.124
2026-09-29 03:29:48,VIPS308,0102,Ken Kiger,10,10,0,2026-09-29 03:50:11,2026-09-29 03:50:11.466
2026-09-29 03:29:48,VIPS308,0103,Bryan Quinn,13,13,0,2026-09-29 03:50:11,2026-09-29 03:50:11.466
2026-09-29 03:29:48,VIPS308,0104,Ryan Sochol,10,10,0,2026-09-29 03:50:11,2026-09-29 03:50:11.466
2026-09-29 03:29:48,VIPS308,0105,Molly Carton,10,10,0,2026-09-29 03:50:11,2026-09-29 03:50:11.466
2026-09-29 03:29:48,VIPS308,0106,James Baeder,10,10,0,2026-09-29 03:50:11,2026-09-29 03:50:11.466
2026-09-29 03:29:48,VIPS308,0107,Catherine Spirito,10,10,0,2026-09-29 03:50:11,2026-09-29 03:50:11.466
2026-09-29 03:29:48,VIPS308,0108,Ronald Yaros,10,10,0,2026-09-29 03:50:11,2026-09-29 03:50:11.466
2026-09-29 03:29:48,VIPS308,0109,Carinna Ferguson,10,10,0,2026-09-29 03:50:11,2026-09-29 03:50:11.467
2026-09-29 03:29:48,VIPS308,0110,Tracy Riggins,10,10,0,2026-09-29 03:50:11,2026-09-29 03:50:11.467
2026-09-29 03:29:48,VIPS308,0111,Kevin Calabro,10,10,0,2026-09-29 03:50:11,2026-09-29 03:50:11.467
2026-09-29 03:29:48,VIPS308,0112,Raffaele Viglianti,10,10,0,2026-09-29 03:50:11,2026-09-29 03:50:11.467
2026-09-29 03:29:48,VIPS308,0113,Shabnam Jabeen,10,10,0,2026-09-29 03:50:11,2026-09-29 03:50:11.467
2026-09-29 03:29:48,VIPS308,0114,Ning Zeng,10,10,0,2026-09-29 03:50:11,2026-09-29 03:50:11.467
2026-09-29 03:29:48,VIPS308,0115,Veronica Kang,10,10,0,2026-09-29 03:50:11,2026-09-29 03:50:11.468
2026-09-29 03:29:48,VIPS308,0116,David Stewart,10,10,0,2026-09-29 03:50:11,2026-09-29 03:50:11.468
2026-09-29 03:29:48,VIPS308,0117,Meredith Epstein,10,10,0,2026-09-29 03:50:11,2026-09-29 03:50:11.468
2026-09-29 03:29:48,VIPS308,0118,Magaly Toro Ibaceta,10,10,0,2026-09-29 03:50:11,2026-09-29 03:50:11.468
2026-09-29 03:29:48,VIPS308,0120,Marisa Parham,10,10,0,2026-09-29 03:50:11,2026-09-29 03:50:11.468
2026-09-29 03:29:48,VIPS308,0121,Becky Epanchin-Niell,10,10,0,2026-09-29 03:50:11,2026-09-29 03:50:11.468
2026-09-29 03:29:48,VIPS308,0122,Timothy Reedy,10,10,0,2026-09-29 03:50:11,2026-09-29 03:50:11.469
2026-09-29 03:29:48,VIPS308,0123,Lingnan Lin,10,10,0,2026-09-29 03:50:11,2026-09-29 03:50:11.469
2026-09-29 03:29:48,VIPS308,0124,Jeffrey Moro,10,10,0,2026-09-29 03:50:11,2026-09-29 03:50:11.469
2026-09-29 03:29:48,VIPS308,0125,Peter Sunderland,10,10,0,2026-09-29 03:50:11,2026-09-29 03:50:11.469
2026-09-29 03:29:48,VIPS308,0126,Brienna Anderson,10,10,0,2026-09-29 03:50:11,2026-09-29 03:50:11.469
2026-09-29 03:29:48,VIPS408,0102,Ken Kiger,10,10,0,2026-09-29 03:50:11,2026-09-29 03:50:11.845
2026-09-29 03:29:48,VIPS408,0103,Bryan Quinn,10,10,0,2026-09-29 03:50:11,2026-09-29 03:50:11.845
2026-09-29 03:29:48,VIPS408,0104,Ryan Sochol,10,10,0,2026-09-29 03:50:11,2026-09-29 03:50:11.845
2026-09-29 03:29:48,VIPS408,0105,Molly Carton,10,10,0,2026-09-29 03:50:11,2026-09-29 03:50:11.846
2026-09-29 03:29:48,VIPS408,0106,James Baeder,10,10,0,2026-09-29 03:50:11,2026-09-29 03:50:11.846
2026-09-29 03:29:48,VIPS408,0107,Catherine Spirito,10,10,0,2026-09-29 03:50:11,2026-09-29 03:50:11.846
2026-09-29 03:29:48,VIPS408,0108,Ronald Yaros,10,10,0,2026-09-29 03:50:11,2026-09-29 03:50:11.846
2026-09-29 03:29:48,VIPS408,0109,Carinna Ferguson,10,10,0,2026-09-29 03:50:11,2026-09-29 03:50:11.846
2026-09-29 03:29:48,VIPS408,0110,Tracy Riggins,10,10,0,2026-09-29 03:50:11,2026-09-29 03:50:11.846
2026-09-29 03:29:48,VIPS408,0111,Kevin Calabro,10,10,0,2026-09-29 03:50:11,2026-09-29 03:50:11.847
2026-09-29 03:29:48,VIPS408,0112,Raffaele Viglianti,10,10,0,2026-09-29 03:50:11,2026-09-29 03:50:11.847
2026-09-29 03:29:48,VIPS408,0113,Shabnam Jabeen,10,10,0,2026-09-29 03:50:11,2026-09-29 03:50:11.847
2026-09-29 03:29:48,VIPS408,0114,Ning Zeng,10,10,0,2026-09-29 03:50:11,2026-09-29 03:50:11.847
2026-09-29 03:29:48,VIPS408,0115,Veronica Kang,10,10,0,2026-09-29 03:50:11,2026-09-29 03:50:11.847
2026-09-29 03:29:48,VIPS408,0116,David Stewart,10,10,0,2026-09-29 03:50:11,2026-09-29 03:50:11.847
2026-09-29 03:29:48,VIPS408,0117,Meredith Epstein,10,10,0,2026-09-29 03:50:11,2026-09-29 03:50:11.848
2026-09-29 03:29:48,VIPS408,0118,Magaly Toro Ibaceta,10,10,0,2026-09-29 03:50:11,2026-09-29 03:50:11.848
2026-09-29 03:29:48,VIPS408,0120,Marisa Parham,10,10,0,2026-09-29 03:50:11,2026-09-29 03:50:11.848
2026-09-29 03:29:48,VIPS408,0121,Becky Epanchin-Niell,10,10,0,2026-09-29 03:50:11,2026-09-29 03:50:11.848
2026-09-29 03:29:48,VIPS408,0122,Timothy Reedy,10,10,0,2026-09-29 03:50:11,2026-09-29 03:50:11.848
2026-09-29 03:29:48,VIPS408,0123,Lingnan Lin,10,10,0,2026-09-29 03:50:11,2026-09-29 03:50:11.848
2026-09-29 03:29:48,VIPS408,0124,Jeffrey Moro,10,10,0,2026-09-29 03:50:11,2026-09-29 03:50:11.849
2026-09-29 03:29:48,VIPS408,0125,Peter Sunderland,10,10,0,2026-09-29 03:50:11,2026-09-29 03:50:11.849
2026-09-29 03:29:48,VIPS408,0126,Brienna Anderson,10,10,0,2026-09-29 03:50:11,2026-09-29 03:50:11.849
2026-09-29 03:29:48,WEID139N,0101,Denise Joseph,60,60,0,2026-09-29 03:50:15,2026-09-29 03:50:15.263
2026-09-29 03:29:48,WEID139T,0201,Taylor Togafau-Lewis,45,45,0,2026-09-29 03:50:15,2026-09-29 03:50:15.595
2026-09-29 03:29:48,WGSS105,0101,Jessica Mathiason,30,30,0,2026-09-29 03:50:17,2026-09-29 03:50:17.405
2026-09-29 03:29:48,WGSS105,0102,Jessica Mathiason,30,30,0,2026-09-29 03:50:17,2026-09-29 03:50:17.405
2026-09-29 03:29:48,WGSS105,0103,Jessica Mathiason,30,30,0,2026-09-29 03:50:17,2026-09-29 03:50:17.406
2026-09-29 03:29:48,WGSS105,0104,Jessica Mathiason,30,30,0,2026-09-29 03:50:17,2026-09-29 03:50:17.406
2026-09-29 03:29:48,WGSS115,0101,Alexis Lothian,25,25,0,2026-09-29 03:50:17,2026-09-29 03:50:17.733
2026-09-29 03:29:48,WGSS115,0102,Alexis Lothian,25,25,0,2026-09-29 03:50:17,2026-09-29 03:50:17.733
2026-09-29 03:29:48,WGSS201,0101,Sayan Bhattacharya,25,25,0,2026-09-29 03:50:18,2026-09-29 03:50:18.091
2026-09-29 03:29:48,WGSS201,0102,Sayan Bhattacharya,25,25,0,2026-09-29 03:50:18,2026-09-29 03:50:18.091
2026-09-29 03:29:48,WGSS205,0101,Shelbi Meissner,21,21,0,2026-09-29 03:50:18,2026-09-29 03:50:18.418
2026-09-29 03:29:48,WGSS205,0201,Shelbi Meissner,21,21,0,2026-09-29 03:50:18,2026-09-29 03:50:18.418
2026-09-29 03:29:48,WGSS230,0101,Daniel Richter,20,20,0,2026-09-29 03:50:18,2026-09-29 03:50:18.750
2026-09-29 03:29:48,WGSS250,0101,Lidia Garcia Berrelleza,25,25,0,2026-09-29 03:50:19,2026-09-29 03:50:19.095
2026-09-29 03:29:48,WGSS250,0201,Shameem Razack,25,25,0,2026-09-29 03:50:19,2026-09-29 03:50:19.095
2026-09-29 03:29:48,WGSS255,0101,Instructor: TBA,30,30,0,2026-09-29 03:50:19,2026-09-29 03:50:19.423
2026-09-29 03:29:48,WGSS265,0101,Ashley Newby,40,40,0,2026-09-29 03:50:19,2026-09-29 03:50:19.764
2026-09-29 03:29:48,WGSS275,0101,Instructor: TBA,30,30,0,2026-09-29 03:50:20,2026-09-29 03:50:20.115
2026-09-29 03:29:48,WGSS280,0101,Jessica Mathiason,52,52,0,2026-09-29 03:50:20,2026-09-29 03:50:20.423
2026-09-29 03:29:48,WGSS290,0101,Jessica Mathiason,30,30,0,2026-09-29 03:50:20,2026-09-29 03:50:20.769
2026-09-29 03:29:48,WGSS290,0201,Sydney Lewis,31,31,0,2026-09-29 03:50:20,2026-09-29 03:50:20.769
2026-09-29 03:29:48,WGSS298C,0101,Will Mosley,35,35,0,2026-09-29 03:50:21,2026-09-29 03:50:21.110
2026-09-29 03:29:48,WGSS298S,0101,Jordan Keesler,25,25,0,2026-09-29 03:50:21,2026-09-29 03:50:21.444
2026-09-29 03:29:48,WGSS302,0101,Will Mosley,25,25,0,2026-09-29 03:50:21,2026-09-29 03:50:21.789
2026-09-29 03:29:48,WGSS306,0101,Sydney Lewis,30,30,0,2026-09-29 03:50:22,2026-09-29 03:50:22.089
2026-09-29 03:29:48,WGSS310,0101,Sayan Bhattacharya,25,25,0,2026-09-29 03:50:22,2026-09-29 03:50:22.418
2026-09-29 03:29:48,WGSS319F,0101,Alexis Lothian,30,30,0,2026-09-29 03:50:22,2026-09-29 03:50:22.761
2026-09-29 03:29:48,WGSS379U,0101,John Drabinski,25,25,0,2026-09-29 03:50:23,2026-09-29 03:50:23.069
2026-09-29 03:29:48,WGSS422,0101,Jennifer Cho,18,18,0,2026-09-29 03:50:23,2026-09-29 03:50:23.384
2026-09-29 03:29:48,WGSS471,0101,Instructor: TBA,25,25,0,2026-09-29 03:50:23,2026-09-29 03:50:23.719
2026-09-29 03:29:48,WGSS471,0201,Instructor: TBA,45,45,0,2026-09-29 03:50:23,2026-09-29 03:50:23.719
2026-09-29 03:29:48,WGSS475,0101,Sydney Lewis,20,20,0,2026-09-29 03:50:24,2026-09-29 03:50:24.033
2026-09-29 03:29:48,WGSS487,0101,Eva Hageman,15,15,0,2026-09-29 03:50:24,2026-09-29 03:50:24.341
2026-09-29 03:29:48,WGSS487H,0101,Eva Hageman,5,5,0,2026-09-29 03:50:24,2026-09-29 03:50:24.684
2026-09-29 03:29:48,WGSS602,0101,Shelbi Meissner,12,12,0,2026-09-29 03:50:25,2026-09-29 03:50:25.950
2026-09-29 03:29:48,WGSS708,0101,Alexis Lothian,10,10,0,2026-09-29 03:50:26,2026-09-29 03:50:26.929
2026-09-29 03:29:48,XPER455,0101,TJ Rainsford,25,25,0,2026-09-29 03:50:29,2026-09-29 03:50:29.496
