Timestamp,Course,Section,Instructor,Total_Seats,Open_Seats,Waitlist,Fetch_Time,Actual_Log_Time
2026-10-01 03:47:11,AAAS100,0101,Shane Walsh,35,35,0,2026-10-01 03:47:12,2026-10-01 03:47:12.959
2026-10-01 03:47:11,AAAS100,0201,Shane Walsh,35,35,0,2026-10-01 03:47:12,2026-10-01 03:47:12.959
2026-10-01 03:47:11,AAAS100,0301,George Kintiba,30,30,0,2026-10-01 03:47:12,2026-10-01 03:47:12.959
2026-10-01 03:47:11,AAAS100,0401,Beka Guluma,35,35,0,2026-10-01 03:47:12,2026-10-01 03:47:12.959
2026-10-01 03:47:11,AAAS100,0501,Jason Nichols,33,33,0,2026-10-01 03:47:12,2026-10-01 03:47:12.959
2026-10-01 03:47:11,AAAS100,0601,Jason Nichols,35,35,0,2026-10-01 03:47:12,2026-10-01 03:47:12.959
2026-10-01 03:47:11,AAAS100H,0301,George Kintiba,5,5,0,2026-10-01 03:47:13,2026-10-01 03:47:13.307
2026-10-01 03:47:11,AAAS101,0101,Periloux Peay,40,40,0,2026-10-01 03:47:13,2026-10-01 03:47:13.547
2026-10-01 03:47:11,AAAS187,0101,Robert Choflet,30,30,0,2026-10-01 03:47:14,2026-10-01 03:47:14.199
2026-10-01 03:47:11,AAAS200,0101,George Kintiba,40,40,0,2026-10-01 03:47:14,2026-10-01 03:47:14.581
2026-10-01 03:47:11,AAAS202,0101,Robert Choflet,30,30,0,2026-10-01 03:47:14,2026-10-01 03:47:14.838
2026-10-01 03:47:11,AAAS202,0201,Angelica Dunbar,35,35,0,2026-10-01 03:47:14,2026-10-01 03:47:14.838
2026-10-01 03:47:11,AAAS202,0301,Angelica Dunbar,35,35,0,2026-10-01 03:47:14,2026-10-01 03:47:14.839
2026-10-01 03:47:11,AAAS202,0401,Robert Choflet,35,35,0,2026-10-01 03:47:14,2026-10-01 03:47:14.839
2026-10-01 03:47:11,AAAS202H,0101,Robert Choflet,5,5,0,2026-10-01 03:47:15,2026-10-01 03:47:15.207
2026-10-01 03:47:11,AAAS211,0101,Shane Walsh,120,120,0,2026-10-01 03:47:15,2026-10-01 03:47:15.604
2026-10-01 03:47:11,AAAS234,0101,Instructor: TBA,30,30,0,2026-10-01 03:47:16,2026-10-01 03:47:16.107
2026-10-01 03:47:11,AAAS255,0101,Leigh Soares,40,40,0,2026-10-01 03:47:16,2026-10-01 03:47:16.359
2026-10-01 03:47:11,AAAS265,0101,Ashley Newby,40,40,0,2026-10-01 03:47:16,2026-10-01 03:47:16.912
2026-10-01 03:47:11,AAAS320,0101,Cecily Jackson,25,25,0,2026-10-01 03:47:17,2026-10-01 03:47:17.183
2026-10-01 03:47:11,AAAS320,0201,Cecily Jackson,25,25,0,2026-10-01 03:47:17,2026-10-01 03:47:17.183
2026-10-01 03:47:11,AAAS386,0101,Marshal Washington,10,10,0,2026-10-01 03:47:17,2026-10-01 03:47:17.422
2026-10-01 03:47:11,AAAS398G,0101,Chinyere Osuji,20,20,0,2026-10-01 03:47:17,2026-10-01 03:47:17.963
2026-10-01 03:47:11,AAAS398U,0101,John Drabinski,25,25,0,2026-10-01 03:47:18,2026-10-01 03:47:18.930
2026-10-01 03:47:11,AAAS400,0101,George Kintiba,20,20,0,2026-10-01 03:47:19,2026-10-01 03:47:19.387
2026-10-01 03:47:11,AAAS400H,0101,George Kintiba,5,5,0,2026-10-01 03:47:19,2026-10-01 03:47:19.745
2026-10-01 03:47:11,AAAS490,0101,Paul Landau,18,18,0,2026-10-01 03:47:19,2026-10-01 03:47:19.987
2026-10-01 03:47:11,AAAS498X,0101,Terrill Taylor,36,36,0,2026-10-01 03:47:20,2026-10-01 03:47:20.373
2026-10-01 03:47:11,AAST200,0101,Jennifer Cho,34,34,0,2026-10-01 03:47:22,2026-10-01 03:47:22.329
2026-10-01 03:47:11,AAST201,0101,Madeline Hsu,40,40,0,2026-10-01 03:47:22,2026-10-01 03:47:22.576
2026-10-01 03:47:11,AAST250,0101,Jennifer Cho,30,30,0,2026-10-01 03:47:22,2026-10-01 03:47:22.812
2026-10-01 03:47:11,AAST262,0101,Derek Iwamoto,54,54,0,2026-10-01 03:47:23,2026-10-01 03:47:23.058
2026-10-01 03:47:11,AAST322,0101,Julie Park,30,30,0,2026-10-01 03:47:23,2026-10-01 03:47:23.320
2026-10-01 03:47:11,AAST350,0101,Binod Paudyal,25,25,0,2026-10-01 03:47:23,2026-10-01 03:47:23.570
2026-10-01 03:47:11,AAST351,0101,Binod Paudyal,34,34,0,2026-10-01 03:47:23,2026-10-01 03:47:23.934
2026-10-01 03:47:11,AAST363,0101,Gemirald Daus,35,35,0,2026-10-01 03:47:24,2026-10-01 03:47:24.184
2026-10-01 03:47:11,AAST378,0101,Janelle Wong,2,2,0,2026-10-01 03:47:24,2026-10-01 03:47:24.414
2026-10-01 03:47:11,AAST394,0101,Wenxi Yang,25,25,0,2026-10-01 03:47:24,2026-10-01 03:47:24.943
2026-10-01 03:47:11,AAST398A,0101,Michelle Magalong,20,20,0,2026-10-01 03:47:25,2026-10-01 03:47:25.180
2026-10-01 03:47:11,AAST398B,0101,Chris Eng,25,25,0,2026-10-01 03:47:25,2026-10-01 03:47:25.438
2026-10-01 03:47:11,AAST421,0101,Philip Nash,20,20,0,2026-10-01 03:47:25,2026-10-01 03:47:25.736
2026-10-01 03:47:11,AAST422,0101,Jennifer Cho,18,18,0,2026-10-01 03:47:25,2026-10-01 03:47:25.975
2026-10-01 03:47:11,AAST443,0101,Janelle Wong,27,27,0,2026-10-01 03:47:26,2026-10-01 03:47:26.225
2026-10-01 03:47:11,ABRM450,0101,Ashley Newby,10,10,0,2026-10-01 03:47:27,2026-10-01 03:47:27.857
2026-10-01 03:47:11,AGNR301,0101,Thomas Hilde,150,150,0,2026-10-01 03:47:29,2026-10-01 03:47:29.266
2026-10-01 03:47:11,AGNR388,0101,Instructor: TBA,20,20,0,2026-10-01 03:47:29,2026-10-01 03:47:29.526
2026-10-01 03:47:11,AIME498B,0101,Kevin McGarry,30,30,0,2026-10-01 03:47:33,2026-10-01 03:47:33.883
2026-10-01 03:47:11,ARAB101,0101,Samah Al-salami,15,15,0,2026-10-01 03:48:13,2026-10-01 03:48:13.401
2026-10-01 03:47:11,ARAB101,0201,Ahmed Hanafy,15,15,0,2026-10-01 03:48:13,2026-10-01 03:48:13.401
2026-10-01 03:47:11,ARAB102,0101,Samah Al-salami,15,15,0,2026-10-01 03:48:13,2026-10-01 03:48:13.647
2026-10-01 03:47:11,ARAB102,0201,Samah Al-salami,15,15,0,2026-10-01 03:48:13,2026-10-01 03:48:13.648
2026-10-01 03:47:11,ARAB201,0101,Lutf Alkebsi,15,15,0,2026-10-01 03:48:13,2026-10-01 03:48:13.899
2026-10-01 03:47:11,ARAB202,0101,Lutf Alkebsi,15,15,0,2026-10-01 03:48:14,2026-10-01 03:48:14.180
2026-10-01 03:47:11,ARAB202,0201,Lutf Alkebsi,15,15,0,2026-10-01 03:48:14,2026-10-01 03:48:14.181
2026-10-01 03:47:11,ARAB222,0101,Ahmed Hanafy,15,15,0,2026-10-01 03:48:14,2026-10-01 03:48:14.446
2026-10-01 03:47:11,ARAB250,0101,Anny Gaul,20,20,0,2026-10-01 03:48:14,2026-10-01 03:48:14.781
2026-10-01 03:47:11,ARAB302,0101,Ahmed Hanafy,15,15,0,2026-10-01 03:48:15,2026-10-01 03:48:15.060
2026-10-01 03:47:11,ARAB317,0101,Anny Gaul,15,15,0,2026-10-01 03:48:15,2026-10-01 03:48:15.297
2026-10-01 03:47:11,ARAB398W,0101,Lutf Alkebsi,15,15,0,2026-10-01 03:48:15,2026-10-01 03:48:15.793
2026-10-01 03:47:11,ARAB499X,0101,Samah Al-salami,15,15,0,2026-10-01 03:48:16,2026-10-01 03:48:16.305
2026-10-01 03:47:11,ARCH170,0101,Lindsey May,100,100,0,2026-10-01 03:48:17,2026-10-01 03:48:17.865
2026-10-01 03:47:11,ARCH200,0101,Michael Abrams,21,21,0,2026-10-01 03:48:18,2026-10-01 03:48:18.111
2026-10-01 03:47:11,ARCH200,0102,Michael Abrams,21,21,0,2026-10-01 03:48:18,2026-10-01 03:48:18.111
2026-10-01 03:47:11,ARCH200,0103,Michael Abrams,21,21,0,2026-10-01 03:48:18,2026-10-01 03:48:18.111
2026-10-01 03:47:11,ARCH200,0104,Michael Abrams,21,21,0,2026-10-01 03:48:18,2026-10-01 03:48:18.111
2026-10-01 03:47:11,ARCH200,0105,Michael Abrams,21,21,0,2026-10-01 03:48:18,2026-10-01 03:48:18.112
2026-10-01 03:47:11,ARCH200,0106,Michael Abrams,21,21,0,2026-10-01 03:48:18,2026-10-01 03:48:18.112
2026-10-01 03:47:11,ARCH225,0101,Joseph Williams,125,125,0,2026-10-01 03:48:18,2026-10-01 03:48:18.377
2026-10-01 03:47:11,ARCH271,0101,Wayne Ricardo Curtis,75,75,0,2026-10-01 03:48:18,2026-10-01 03:48:18.615
2026-10-01 03:47:11,ARCH271,0102,Wayne Ricardo Curtis,75,75,0,2026-10-01 03:48:18,2026-10-01 03:48:18.615
2026-10-01 03:47:11,ARCH386,0101,Kristen Stack,10,10,0,2026-10-01 03:48:18,2026-10-01 03:48:18.871
2026-10-01 03:47:11,ARCH400,0101,Kenneth Filler,75,75,0,2026-10-01 03:48:19,2026-10-01 03:48:19.149
2026-10-01 03:47:11,ARCH400,0201,Marcus Cross,60,60,0,2026-10-01 03:48:19,2026-10-01 03:48:19.149
2026-10-01 03:47:11,ARCH402,0101,Taejun James Kim,75,75,0,2026-10-01 03:48:19,2026-10-01 03:48:19.414
2026-10-01 03:47:11,ARCH405,0101,Brittany L Williams,14,14,0,2026-10-01 03:48:19,2026-10-01 03:48:19.663
2026-10-01 03:47:11,ARCH407,0101,Georgeanne Matthews,12,12,0,2026-10-01 03:48:19,2026-10-01 03:48:19.922
2026-10-01 03:47:11,ARCH408A,0101,Daniel Curry,5,5,0,2026-10-01 03:48:20,2026-10-01 03:48:20.190
2026-10-01 03:47:11,ARCH408C,0101,Edgar Alvarado,5,5,0,2026-10-01 03:48:20,2026-10-01 03:48:20.785
2026-10-01 03:47:11,ARCH418D,0101,Hooman Koliji,30,30,0,2026-10-01 03:48:21,2026-10-01 03:48:21.045
2026-10-01 03:47:11,ARCH418G,0101,Deokoh Woo,16,16,0,2026-10-01 03:48:21,2026-10-01 03:48:21.284
2026-10-01 03:47:11,ARCH418I,0101,Michael Kleiss,16,16,0,2026-10-01 03:48:21,2026-10-01 03:48:21.548
2026-10-01 03:47:11,ARCH420,0101,Caroline Hickman,30,30,0,2026-10-01 03:48:21,2026-10-01 03:48:21.795
2026-10-01 03:47:11,ARCH423,0101,Joseph Williams,30,30,0,2026-10-01 03:48:22,2026-10-01 03:48:22.063
2026-10-01 03:47:11,ARCH425,0101,Joseph Williams,10,10,0,2026-10-01 03:48:22,2026-10-01 03:48:22.312
2026-10-01 03:47:11,ARCH428F,0101,Matthew Bell,20,20,0,2026-10-01 03:48:22,2026-10-01 03:48:22.560
2026-10-01 03:47:11,ARCH428K,0101,Michele Lamprakos,26,26,0,2026-10-01 03:48:22,2026-10-01 03:48:22.803
2026-10-01 03:47:11,ARCH445,0101,Daniel Curry,15,15,0,2026-10-01 03:48:23,2026-10-01 03:48:23.069
2026-10-01 03:47:11,ARCH463,0101,Deokoh Woo,150,150,0,2026-10-01 03:48:23,2026-10-01 03:48:23.311
2026-10-01 03:47:11,ARCH465,0101,Michael Kleiss,80,80,0,2026-10-01 03:48:23,2026-10-01 03:48:23.560
2026-10-01 03:47:11,ARCH468I,0101,Hooman Koliji,26,26,0,2026-10-01 03:48:23,2026-10-01 03:48:23.813
2026-10-01 03:47:11,ARCH468P,0101,Hooman Koliji,26,26,0,2026-10-01 03:48:24,2026-10-01 03:48:24.056
2026-10-01 03:47:11,ARCH472,0101,Kiley Wilfong Cullen,24,24,0,2026-10-01 03:48:24,2026-10-01 03:48:24.293
2026-10-01 03:47:11,ARCH478L,0101,Michele Lamprakos,10,10,0,2026-10-01 03:48:24,2026-10-01 03:48:24.582
2026-10-01 03:47:11,ARCH478O,0101,Stefan Woehlke,20,20,0,2026-10-01 03:48:24,2026-10-01 03:48:24.818
2026-10-01 03:47:11,ARCH601,0101,Peter Noonan,20,20,0,2026-10-01 03:48:25,2026-10-01 03:48:25.066
2026-10-01 03:47:11,ARCH618G,0101,Deokoh Woo,4,4,0,2026-10-01 03:48:25,2026-10-01 03:48:25.320
2026-10-01 03:47:11,ARCH618I,0101,Michael Kleiss,4,4,0,2026-10-01 03:48:25,2026-10-01 03:48:25.560
2026-10-01 03:47:11,ARCH628K,0101,Michele Lamprakos,4,4,0,2026-10-01 03:48:25,2026-10-01 03:48:25.800
2026-10-01 03:47:11,ARCH635,0101,Matthew Bell,15,15,0,2026-10-01 03:48:26,2026-10-01 03:48:26.036
2026-10-01 03:47:11,ARCH645,0101,Daniel Curry,10,10,0,2026-10-01 03:48:26,2026-10-01 03:48:26.295
2026-10-01 03:47:11,ARCH654,0101,Anatole Tchikine,35,35,0,2026-10-01 03:48:26,2026-10-01 03:48:26.543
2026-10-01 03:47:11,ARCH658I,0101,Sonja Ewing,15,15,0,2026-10-01 03:48:26,2026-10-01 03:48:26.776
2026-10-01 03:47:11,ARCH668I,0101,Hooman Koliji,4,4,0,2026-10-01 03:48:27,2026-10-01 03:48:27.019
2026-10-01 03:47:11,ARCH668P,0101,Hooman Koliji,4,4,0,2026-10-01 03:48:27,2026-10-01 03:48:27.302
2026-10-01 03:47:11,ARCH678L,0101,Michele Lamprakos,10,10,0,2026-10-01 03:48:27,2026-10-01 03:48:27.568
2026-10-01 03:47:11,ARCH678O,0101,Stefan Woehlke,5,5,0,2026-10-01 03:48:27,2026-10-01 03:48:27.854
2026-10-01 03:47:11,ARCH797,0101,Hooman Koliji,15,15,0,2026-10-01 03:48:28,2026-10-01 03:48:28.118
2026-10-01 03:47:11,ARMY105,0101,Andrew Bischoff,60,60,0,2026-10-01 03:48:43,2026-10-01 03:48:43.257
2026-10-01 03:47:11,ARMY105,0102,Andrew Bischoff,60,60,0,2026-10-01 03:48:43,2026-10-01 03:48:43.257
2026-10-01 03:47:11,ARMY110,0101,Andrew Bischoff,40,40,0,2026-10-01 03:48:43,2026-10-01 03:48:43.500
2026-10-01 03:47:11,ARMY202,0102,Andrew Bischoff,60,60,0,2026-10-01 03:48:43,2026-10-01 03:48:43.763
2026-10-01 03:47:11,ARMY302,0101,Andrew Bischoff,40,40,0,2026-10-01 03:48:44,2026-10-01 03:48:44.050
2026-10-01 03:47:11,ARMY402,0101,Andrew Bischoff,30,30,0,2026-10-01 03:48:44,2026-10-01 03:48:44.312
2026-10-01 03:47:11,ARMY402,0102,Andrew Bischoff,100,100,0,2026-10-01 03:48:44,2026-10-01 03:48:44.313
2026-10-01 03:47:11,ARSC059,0101,Kathryn Love,250,250,0,2026-10-01 03:48:45,2026-10-01 03:48:45.744
2026-10-01 03:47:11,ARSC101,0101,Alan Snyder,50,50,0,2026-10-01 03:48:46,2026-10-01 03:48:46.030
2026-10-01 03:47:11,ARSC101,0102,Alan Snyder,65,65,0,2026-10-01 03:48:46,2026-10-01 03:48:46.030
2026-10-01 03:47:11,ARSC101,0103,Alan Snyder,40,40,0,2026-10-01 03:48:46,2026-10-01 03:48:46.030
2026-10-01 03:47:11,ARSC101,0104,Alan Snyder,10,10,0,2026-10-01 03:48:46,2026-10-01 03:48:46.030
2026-10-01 03:47:11,ARSC201,0101,Nathan Rabe,65,65,0,2026-10-01 03:48:46,2026-10-01 03:48:46.314
2026-10-01 03:47:11,ARSC201,0102,Kathleen West,40,40,0,2026-10-01 03:48:46,2026-10-01 03:48:46.314
2026-10-01 03:47:11,ARSC201,0103,Kathleen West,40,40,0,2026-10-01 03:48:46,2026-10-01 03:48:46.314
2026-10-01 03:47:11,ARSC301,0101,Kathryn Love,45,45,0,2026-10-01 03:48:46,2026-10-01 03:48:46.571
2026-10-01 03:47:11,ARSC301,0102,Kathryn Love,20,20,0,2026-10-01 03:48:46,2026-10-01 03:48:46.571
2026-10-01 03:47:11,ARSC401,0101,Joseph Herwatic,30,30,0,2026-10-01 03:48:46,2026-10-01 03:48:46.824
2026-10-01 03:47:11,ARSC401,0102,Joseph Herwatic,15,15,0,2026-10-01 03:48:46,2026-10-01 03:48:46.824
2026-10-01 03:47:11,BIOM301,0101,Christine Hakenkamp,28,28,0,2026-10-01 03:49:36,2026-10-01 03:49:36.391
2026-10-01 03:47:11,BIOM301,0102,Christine Hakenkamp,28,28,0,2026-10-01 03:49:36,2026-10-01 03:49:36.391
2026-10-01 03:47:11,BIOM301,0103,Christine Hakenkamp,28,28,0,2026-10-01 03:49:36,2026-10-01 03:49:36.392
2026-10-01 03:47:11,BIOM301,0104,Christine Hakenkamp,28,28,0,2026-10-01 03:49:36,2026-10-01 03:49:36.392
2026-10-01 03:47:11,BIOM301,0105,Christine Hakenkamp,28,28,0,2026-10-01 03:49:36,2026-10-01 03:49:36.392
2026-10-01 03:47:11,BIOM301,0106,Christine Hakenkamp,28,28,0,2026-10-01 03:49:36,2026-10-01 03:49:36.392
2026-10-01 03:47:11,BIOM301,0107,Christine Hakenkamp,28,28,0,2026-10-01 03:49:36,2026-10-01 03:49:36.392
2026-10-01 03:47:11,BIOM301,0201,Instructor: TBA,28,28,0,2026-10-01 03:49:36,2026-10-01 03:49:36.392
2026-10-01 03:47:11,BIOM602,0101,Jiuzhou Song,28,28,0,2026-10-01 03:49:36,2026-10-01 03:49:36.670
2026-10-01 03:47:11,BMIN210,0101,Darlene Dennison,162,162,0,2026-10-01 03:50:04,2026-10-01 03:50:04.826
2026-10-01 03:47:11,BMIN210,0201,Darlene Dennison,162,162,0,2026-10-01 03:50:04,2026-10-01 03:50:04.826
2026-10-01 03:47:11,BMIN305,0101,Tejwansh Anand,162,162,0,2026-10-01 03:50:05,2026-10-01 03:50:05.121
2026-10-01 03:47:11,BMIN345,0101,Michael Padhi,325,325,0,2026-10-01 03:50:05,2026-10-01 03:50:05.384
2026-10-01 03:47:11,BMIN355,0101,Idil Yaveroglu,162,162,0,2026-10-01 03:50:05,2026-10-01 03:50:05.628
2026-10-01 03:47:11,BMIN355,0201,Idil Yaveroglu,162,162,0,2026-10-01 03:50:05,2026-10-01 03:50:05.629
2026-10-01 03:47:11,BMIN375,0101,Leland Gardner,162,162,0,2026-10-01 03:50:05,2026-10-01 03:50:05.874
2026-10-01 03:47:11,BMIN395,0101,Nima Farshchi,162,162,0,2026-10-01 03:50:06,2026-10-01 03:50:06.267
2026-10-01 03:47:11,BMIN395,0201,Nima Farshchi,162,162,0,2026-10-01 03:50:06,2026-10-01 03:50:06.268
2026-10-01 03:47:11,BSCI103,1100,Tais Ribeiro,24,24,0,2026-10-01 03:50:16,2026-10-01 03:50:16.181
2026-10-01 03:47:11,BSCI103,1101,Tais Ribeiro,24,24,0,2026-10-01 03:50:16,2026-10-01 03:50:16.181
2026-10-01 03:47:11,BSCI103,1103,Tais Ribeiro,24,24,0,2026-10-01 03:50:16,2026-10-01 03:50:16.181
2026-10-01 03:47:11,BSCI103,1105,Tais Ribeiro,24,24,0,2026-10-01 03:50:16,2026-10-01 03:50:16.182
2026-10-01 03:47:11,BSCI103,1107,Tais Ribeiro,24,24,0,2026-10-01 03:50:16,2026-10-01 03:50:16.182
2026-10-01 03:47:11,BSCI103,1108,Tais Ribeiro,24,24,0,2026-10-01 03:50:16,2026-10-01 03:50:16.182
2026-10-01 03:47:11,BSCI103,1109,Tais Ribeiro,24,24,0,2026-10-01 03:50:16,2026-10-01 03:50:16.182
2026-10-01 03:47:11,BSCI103,1110,Tais Ribeiro,24,24,0,2026-10-01 03:50:16,2026-10-01 03:50:16.182
2026-10-01 03:47:11,BSCI103M,0101,Tais Ribeiro,24,24,0,2026-10-01 03:50:16,2026-10-01 03:50:16.436
2026-10-01 03:47:11,BSCI120,0101,Dennis vanEngelsdorp,21,21,0,2026-10-01 03:50:16,2026-10-01 03:50:16.696
2026-10-01 03:47:11,BSCI120,0102,Dennis vanEngelsdorp,21,21,0,2026-10-01 03:50:16,2026-10-01 03:50:16.696
2026-10-01 03:47:11,BSCI135,1101,Edgar Moctezuma,24,24,0,2026-10-01 03:50:16,2026-10-01 03:50:16.947
2026-10-01 03:47:11,BSCI135,1102,Edgar Moctezuma,24,24,0,2026-10-01 03:50:16,2026-10-01 03:50:16.947
2026-10-01 03:47:11,BSCI135,1103,Edgar Moctezuma,24,24,0,2026-10-01 03:50:16,2026-10-01 03:50:16.947
2026-10-01 03:47:11,BSCI135,1104,Edgar Moctezuma,24,24,0,2026-10-01 03:50:16,2026-10-01 03:50:16.947
2026-10-01 03:47:11,BSCI135,1105,Edgar Moctezuma,24,24,0,2026-10-01 03:50:16,2026-10-01 03:50:16.948
2026-10-01 03:47:11,BSCI160,6101,Leo Shapiro,104,104,0,2026-10-01 03:50:17,2026-10-01 03:50:17.198
2026-10-01 03:47:11,BSCI160,6301,Chloe Garfinkel,56,56,0,2026-10-01 03:50:17,2026-10-01 03:50:17.198
2026-10-01 03:47:11,BSCI160,6601,Vadim Karatayev,88,88,0,2026-10-01 03:50:17,2026-10-01 03:50:17.199
2026-10-01 03:47:11,BSCI160,SES1,Chloe Garfinkel,15,15,0,2026-10-01 03:50:17,2026-10-01 03:50:17.199
2026-10-01 03:47:11,BSCI170,0101,Cordelia Weiss,153,153,0,2026-10-01 03:50:17,2026-10-01 03:50:17.445
2026-10-01 03:47:11,BSCI170,0201,Nicholas Fletcher,153,153,0,2026-10-01 03:50:17,2026-10-01 03:50:17.446
2026-10-01 03:47:11,BSCI170,0301,Ricardo Araneda,152,152,0,2026-10-01 03:50:17,2026-10-01 03:50:17.446
2026-10-01 03:47:11,BSCI170,0401,Swarna Mohan,153,153,0,2026-10-01 03:50:17,2026-10-01 03:50:17.446
2026-10-01 03:47:11,BSCI170,0501,Ji Young Choi,120,120,0,2026-10-01 03:50:17,2026-10-01 03:50:17.446
2026-10-01 03:47:11,BSCI170,0701,Ji Young Choi,153,153,0,2026-10-01 03:50:17,2026-10-01 03:50:17.446
2026-10-01 03:47:11,BSCI170,SES1,James Sniezek,20,20,0,2026-10-01 03:50:17,2026-10-01 03:50:17.446
2026-10-01 03:47:11,BSCI180,8105,Hans Lemke,19,19,0,2026-10-01 03:50:17,2026-10-01 03:50:17.885
2026-10-01 03:47:11,BSCI180,8106,Hans Lemke,19,19,0,2026-10-01 03:50:17,2026-10-01 03:50:17.886
2026-10-01 03:47:11,BSCI180,8107,Hans Lemke,19,19,0,2026-10-01 03:50:17,2026-10-01 03:50:17.886
2026-10-01 03:47:11,BSCI180,8108,Hans Lemke,19,19,0,2026-10-01 03:50:17,2026-10-01 03:50:17.886
2026-10-01 03:47:11,BSCI180,8109,Hans Lemke,19,19,0,2026-10-01 03:50:17,2026-10-01 03:50:17.886
2026-10-01 03:47:11,BSCI180,8110,Hans Lemke,19,19,0,2026-10-01 03:50:17,2026-10-01 03:50:17.886
2026-10-01 03:47:11,BSCI180,8111,Hans Lemke,19,19,0,2026-10-01 03:50:17,2026-10-01 03:50:17.886
2026-10-01 03:47:11,BSCI180,8112,Hans Lemke,19,19,0,2026-10-01 03:50:17,2026-10-01 03:50:17.886
2026-10-01 03:47:11,BSCI180,8113,Hans Lemke,19,19,0,2026-10-01 03:50:17,2026-10-01 03:50:17.886
2026-10-01 03:47:11,BSCI180,8114,Hans Lemke,19,19,0,2026-10-01 03:50:17,2026-10-01 03:50:17.887
2026-10-01 03:47:11,BSCI180,8201,Hans Lemke,19,19,0,2026-10-01 03:50:17,2026-10-01 03:50:17.887
2026-10-01 03:47:11,BSCI180,8202,Hans Lemke,19,19,0,2026-10-01 03:50:17,2026-10-01 03:50:17.887
2026-10-01 03:47:11,BSCI180,8205,Hans Lemke,19,19,0,2026-10-01 03:50:17,2026-10-01 03:50:17.887
2026-10-01 03:47:11,BSCI180,8206,Hans Lemke,19,19,0,2026-10-01 03:50:17,2026-10-01 03:50:17.887
2026-10-01 03:47:11,BSCI180,8207,Hans Lemke,19,19,0,2026-10-01 03:50:17,2026-10-01 03:50:17.887
2026-10-01 03:47:11,BSCI180,8208,Hans Lemke,19,19,0,2026-10-01 03:50:17,2026-10-01 03:50:17.887
2026-10-01 03:47:11,BSCI180,8209,Hans Lemke,19,19,0,2026-10-01 03:50:17,2026-10-01 03:50:17.887
2026-10-01 03:47:11,BSCI180,8210,Hans Lemke,19,19,0,2026-10-01 03:50:17,2026-10-01 03:50:17.888
2026-10-01 03:47:11,BSCI180,8211,Hans Lemke,19,19,0,2026-10-01 03:50:17,2026-10-01 03:50:17.888
2026-10-01 03:47:11,BSCI180,8212,Hans Lemke,19,19,0,2026-10-01 03:50:17,2026-10-01 03:50:17.888
2026-10-01 03:47:11,BSCI180,8213,Hans Lemke,19,19,0,2026-10-01 03:50:17,2026-10-01 03:50:17.888
2026-10-01 03:47:11,BSCI180,8214,Hans Lemke,19,19,0,2026-10-01 03:50:17,2026-10-01 03:50:17.888
2026-10-01 03:47:11,BSCI180,8301,Hans Lemke,19,19,0,2026-10-01 03:50:17,2026-10-01 03:50:17.888
2026-10-01 03:47:11,BSCI180,8302,Hans Lemke,19,19,0,2026-10-01 03:50:17,2026-10-01 03:50:17.888
2026-10-01 03:47:11,BSCI180,8305,Hans Lemke,19,19,0,2026-10-01 03:50:17,2026-10-01 03:50:17.888
2026-10-01 03:47:11,BSCI180,8306,Hans Lemke,19,19,0,2026-10-01 03:50:17,2026-10-01 03:50:17.889
2026-10-01 03:47:11,BSCI180,8307,Hans Lemke,19,19,0,2026-10-01 03:50:17,2026-10-01 03:50:17.889
2026-10-01 03:47:11,BSCI180,8308,Hans Lemke,19,19,0,2026-10-01 03:50:17,2026-10-01 03:50:17.889
2026-10-01 03:47:11,BSCI180,8309,Hans Lemke,19,19,0,2026-10-01 03:50:17,2026-10-01 03:50:17.889
2026-10-01 03:47:11,BSCI180,8310,Hans Lemke,19,19,0,2026-10-01 03:50:17,2026-10-01 03:50:17.889
2026-10-01 03:47:11,BSCI180,8311,Hans Lemke,19,19,0,2026-10-01 03:50:17,2026-10-01 03:50:17.889
2026-10-01 03:47:11,BSCI180,8312,Hans Lemke,19,19,0,2026-10-01 03:50:17,2026-10-01 03:50:17.889
2026-10-01 03:47:11,BSCI180,8313,Hans Lemke,19,19,0,2026-10-01 03:50:17,2026-10-01 03:50:17.889
2026-10-01 03:47:11,BSCI180,8314,Hans Lemke,19,19,0,2026-10-01 03:50:17,2026-10-01 03:50:17.889
2026-10-01 03:47:11,BSCI180,8401,Hans Lemke,19,19,0,2026-10-01 03:50:17,2026-10-01 03:50:17.890
2026-10-01 03:47:11,BSCI180,8402,Hans Lemke,19,19,0,2026-10-01 03:50:17,2026-10-01 03:50:17.890
2026-10-01 03:47:11,BSCI180,8405,Hans Lemke,19,19,0,2026-10-01 03:50:17,2026-10-01 03:50:17.890
2026-10-01 03:47:11,BSCI180,8406,Hans Lemke,19,19,0,2026-10-01 03:50:17,2026-10-01 03:50:17.890
2026-10-01 03:47:11,BSCI180,8407,Hans Lemke,19,19,0,2026-10-01 03:50:17,2026-10-01 03:50:17.890
2026-10-01 03:47:11,BSCI180,8408,Hans Lemke,19,19,0,2026-10-01 03:50:17,2026-10-01 03:50:17.890
2026-10-01 03:47:11,BSCI180,8409,Hans Lemke,19,19,0,2026-10-01 03:50:17,2026-10-01 03:50:17.890
2026-10-01 03:47:11,BSCI180,8410,Hans Lemke,19,19,0,2026-10-01 03:50:17,2026-10-01 03:50:17.890
2026-10-01 03:47:11,BSCI180,8411,Hans Lemke,19,19,0,2026-10-01 03:50:17,2026-10-01 03:50:17.891
2026-10-01 03:47:11,BSCI180,8412,Hans Lemke,19,19,0,2026-10-01 03:50:17,2026-10-01 03:50:17.891
2026-10-01 03:47:11,BSCI180,8413,Hans Lemke,19,19,0,2026-10-01 03:50:17,2026-10-01 03:50:17.891
2026-10-01 03:47:11,BSCI180,8414,Hans Lemke,19,19,0,2026-10-01 03:50:17,2026-10-01 03:50:17.891
2026-10-01 03:47:11,BSCI180,SEF2,Hans Lemke,19,19,0,2026-10-01 03:50:17,2026-10-01 03:50:17.891
2026-10-01 03:47:11,BSCI180,SES1,Hans Lemke,19,19,0,2026-10-01 03:50:17,2026-10-01 03:50:17.891
2026-10-01 03:47:11,BSCI201,0101,Caitlin Fox,24,24,0,2026-10-01 03:50:18,2026-10-01 03:50:18.183
2026-10-01 03:47:11,BSCI201,0103,Caitlin Fox,24,24,0,2026-10-01 03:50:18,2026-10-01 03:50:18.184
2026-10-01 03:47:11,BSCI201,0105,Caitlin Fox,24,24,0,2026-10-01 03:50:18,2026-10-01 03:50:18.184
2026-10-01 03:47:11,BSCI201,0106,Caitlin Fox,24,24,0,2026-10-01 03:50:18,2026-10-01 03:50:18.184
2026-10-01 03:47:11,BSCI201,0107,Caitlin Fox,24,24,0,2026-10-01 03:50:18,2026-10-01 03:50:18.184
2026-10-01 03:47:11,BSCI201,0109,Maira Goytia,24,24,0,2026-10-01 03:50:18,2026-10-01 03:50:18.184
2026-10-01 03:47:11,BSCI201,0110,Caitlin Fox,24,24,0,2026-10-01 03:50:18,2026-10-01 03:50:18.184
2026-10-01 03:47:11,BSCI201,0111,Caitlin Fox,24,24,0,2026-10-01 03:50:18,2026-10-01 03:50:18.184
2026-10-01 03:47:11,BSCI201,1101,Justicia Opoku-Edusei,24,24,0,2026-10-01 03:50:18,2026-10-01 03:50:18.184
2026-10-01 03:47:11,BSCI201,1103,Justicia Opoku-Edusei,24,24,0,2026-10-01 03:50:18,2026-10-01 03:50:18.185
2026-10-01 03:47:11,BSCI201,1104,Justicia Opoku-Edusei,24,24,0,2026-10-01 03:50:18,2026-10-01 03:50:18.185
2026-10-01 03:47:11,BSCI201,1105,Caitlin Fox,24,24,0,2026-10-01 03:50:18,2026-10-01 03:50:18.185
2026-10-01 03:47:11,BSCI201,1106,Caitlin Fox,24,24,0,2026-10-01 03:50:18,2026-10-01 03:50:18.185
2026-10-01 03:47:11,BSCI201,1108,Caitlin Fox,24,24,0,2026-10-01 03:50:18,2026-10-01 03:50:18.185
2026-10-01 03:47:11,BSCI201,1109,Justicia Opoku-Edusei,24,24,0,2026-10-01 03:50:18,2026-10-01 03:50:18.185
2026-10-01 03:47:11,BSCI201,1110,Justicia Opoku-Edusei,24,24,0,2026-10-01 03:50:18,2026-10-01 03:50:18.185
2026-10-01 03:47:11,BSCI202,0101,Caitlin Fox,24,24,0,2026-10-01 03:50:18,2026-10-01 03:50:18.489
2026-10-01 03:47:11,BSCI202,0102,Caitlin Fox,24,24,0,2026-10-01 03:50:18,2026-10-01 03:50:18.489
2026-10-01 03:47:11,BSCI202,0104,Caitlin Fox,24,24,0,2026-10-01 03:50:18,2026-10-01 03:50:18.489
2026-10-01 03:47:11,BSCI202,0108,Caitlin Fox,24,24,0,2026-10-01 03:50:18,2026-10-01 03:50:18.489
2026-10-01 03:47:11,BSCI202,0109,Maira Goytia,24,24,0,2026-10-01 03:50:18,2026-10-01 03:50:18.489
2026-10-01 03:47:11,BSCI202,0110,Caitlin Fox,24,24,0,2026-10-01 03:50:18,2026-10-01 03:50:18.489
2026-10-01 03:47:11,BSCI202,1101,Justicia Opoku-Edusei,24,24,0,2026-10-01 03:50:18,2026-10-01 03:50:18.489
2026-10-01 03:47:11,BSCI202,1103,Justicia Opoku-Edusei,24,24,0,2026-10-01 03:50:18,2026-10-01 03:50:18.489
2026-10-01 03:47:11,BSCI202,1104,Justicia Opoku-Edusei,24,24,0,2026-10-01 03:50:18,2026-10-01 03:50:18.490
2026-10-01 03:47:11,BSCI202,1106,Justicia Opoku-Edusei,24,24,0,2026-10-01 03:50:18,2026-10-01 03:50:18.490
2026-10-01 03:47:11,BSCI202,1107,Justicia Opoku-Edusei,24,24,0,2026-10-01 03:50:18,2026-10-01 03:50:18.490
2026-10-01 03:47:11,BSCI202,1108,Justicia Opoku-Edusei,24,24,0,2026-10-01 03:50:18,2026-10-01 03:50:18.490
2026-10-01 03:47:11,BSCI202,SES1,Edward Orlando,20,20,0,2026-10-01 03:50:18,2026-10-01 03:50:18.490
2026-10-01 03:47:11,BSCI207,0101,Karen Carleton,80,80,0,2026-10-01 03:50:18,2026-10-01 03:50:18.734
2026-10-01 03:47:11,BSCI207,0201,Chloe Garfinkel,80,80,0,2026-10-01 03:50:18,2026-10-01 03:50:18.734
2026-10-01 03:47:11,BSCI213,0101,Cordelia Weiss,20,20,0,2026-10-01 03:50:19,2026-10-01 03:50:19.576
2026-10-01 03:47:11,BSCI213,0102,Cordelia Weiss,20,20,0,2026-10-01 03:50:19,2026-10-01 03:50:19.576
2026-10-01 03:47:11,BSCI222,7106,Thomas Kocher,18,18,0,2026-10-01 03:50:19,2026-10-01 03:50:19.940
2026-10-01 03:47:11,BSCI222,7108,Thomas Kocher,18,18,0,2026-10-01 03:50:19,2026-10-01 03:50:19.940
2026-10-01 03:47:11,BSCI222,7110,Thomas Kocher,18,18,0,2026-10-01 03:50:19,2026-10-01 03:50:19.940
2026-10-01 03:47:11,BSCI222,7112,Thomas Kocher,18,18,0,2026-10-01 03:50:19,2026-10-01 03:50:19.940
2026-10-01 03:47:11,BSCI222,7114,Thomas Kocher,18,18,0,2026-10-01 03:50:19,2026-10-01 03:50:19.940
2026-10-01 03:47:11,BSCI222,7116,Thomas Kocher,18,18,0,2026-10-01 03:50:19,2026-10-01 03:50:19.940
2026-10-01 03:47:11,BSCI222,7118,Thomas Kocher,18,18,0,2026-10-01 03:50:19,2026-10-01 03:50:19.940
2026-10-01 03:47:11,BSCI222,7120,Thomas Kocher,18,18,0,2026-10-01 03:50:19,2026-10-01 03:50:19.940
2026-10-01 03:47:11,BSCI222,7130,Thomas Kocher,18,18,0,2026-10-01 03:50:19,2026-10-01 03:50:19.941
2026-10-01 03:47:11,BSCI222,7133,Thomas Kocher,18,18,0,2026-10-01 03:50:19,2026-10-01 03:50:19.941
2026-10-01 03:47:11,BSCI222,7214,Michael Keller,18,18,0,2026-10-01 03:50:19,2026-10-01 03:50:19.941
2026-10-01 03:47:11,BSCI222,7216,Michael Keller,18,18,0,2026-10-01 03:50:19,2026-10-01 03:50:19.941
2026-10-01 03:47:11,BSCI222,7218,Michael Keller,18,18,0,2026-10-01 03:50:19,2026-10-01 03:50:19.941
2026-10-01 03:47:11,BSCI222,7219,Michael Keller,18,18,0,2026-10-01 03:50:19,2026-10-01 03:50:19.941
2026-10-01 03:47:11,BSCI222,7220,Michael Keller,18,18,0,2026-10-01 03:50:19,2026-10-01 03:50:19.941
2026-10-01 03:47:11,BSCI222,7221,Michael Keller,18,18,0,2026-10-01 03:50:19,2026-10-01 03:50:19.941
2026-10-01 03:47:11,BSCI222,7222,Michael Keller,18,18,0,2026-10-01 03:50:19,2026-10-01 03:50:19.941
2026-10-01 03:47:11,BSCI222,7224,Michael Keller,18,18,0,2026-10-01 03:50:19,2026-10-01 03:50:19.942
2026-10-01 03:47:11,BSCI222,7226,Michael Keller,18,18,0,2026-10-01 03:50:19,2026-10-01 03:50:19.942
2026-10-01 03:47:11,BSCI222,7232,Michael Keller,18,18,0,2026-10-01 03:50:19,2026-10-01 03:50:19.942
2026-10-01 03:47:11,BSCI222,7234,Michael Keller,18,18,0,2026-10-01 03:50:19,2026-10-01 03:50:19.942
2026-10-01 03:47:11,BSCI222,7236,Michael Keller,18,18,0,2026-10-01 03:50:19,2026-10-01 03:50:19.942
2026-10-01 03:47:11,BSCI222,7310,Maria Colt,18,18,0,2026-10-01 03:50:19,2026-10-01 03:50:19.942
2026-10-01 03:47:11,BSCI222,7311,Maria Colt,18,18,0,2026-10-01 03:50:19,2026-10-01 03:50:19.942
2026-10-01 03:47:11,BSCI222,7312,Maria Colt,18,18,0,2026-10-01 03:50:19,2026-10-01 03:50:19.942
2026-10-01 03:47:11,BSCI222,7313,Maria Colt,18,18,0,2026-10-01 03:50:19,2026-10-01 03:50:19.943
2026-10-01 03:47:11,BSCI222,7315,Maria Colt,18,18,0,2026-10-01 03:50:19,2026-10-01 03:50:19.943
2026-10-01 03:47:11,BSCI222,7320,Maria Colt,18,18,0,2026-10-01 03:50:19,2026-10-01 03:50:19.943
2026-10-01 03:47:11,BSCI222,7325,Maria Colt,18,18,0,2026-10-01 03:50:19,2026-10-01 03:50:19.943
2026-10-01 03:47:11,BSCI222,7330,Maria Colt,18,18,0,2026-10-01 03:50:19,2026-10-01 03:50:19.943
2026-10-01 03:47:11,BSCI222,7332,Maria Colt,18,18,0,2026-10-01 03:50:19,2026-10-01 03:50:19.943
2026-10-01 03:47:11,BSCI222,7335,Maria Colt,18,18,0,2026-10-01 03:50:19,2026-10-01 03:50:19.943
2026-10-01 03:47:11,BSCI222,SES1,Maria Colt,23,23,0,2026-10-01 03:50:19,2026-10-01 03:50:19.943
2026-10-01 03:47:11,BSCI223,1021,John Buchner,16,16,0,2026-10-01 03:50:20,2026-10-01 03:50:20.239
2026-10-01 03:47:11,BSCI223,1025,John Buchner,16,16,0,2026-10-01 03:50:20,2026-10-01 03:50:20.239
2026-10-01 03:47:11,BSCI223,1026,John Buchner,16,16,0,2026-10-01 03:50:20,2026-10-01 03:50:20.239
2026-10-01 03:47:11,BSCI223,1101,John Buchner,16,16,0,2026-10-01 03:50:20,2026-10-01 03:50:20.239
2026-10-01 03:47:11,BSCI223,1105,John Buchner,16,16,0,2026-10-01 03:50:20,2026-10-01 03:50:20.239
2026-10-01 03:47:11,BSCI223,1106,John Buchner,16,16,0,2026-10-01 03:50:20,2026-10-01 03:50:20.239
2026-10-01 03:47:11,BSCI223,1121,John Buchner,16,16,0,2026-10-01 03:50:20,2026-10-01 03:50:20.239
2026-10-01 03:47:11,BSCI223,1125,John Buchner,16,16,0,2026-10-01 03:50:20,2026-10-01 03:50:20.240
2026-10-01 03:47:11,BSCI223,1126,John Buchner,16,16,0,2026-10-01 03:50:20,2026-10-01 03:50:20.240
2026-10-01 03:47:11,BSCI223,1201,John Buchner,16,16,0,2026-10-01 03:50:20,2026-10-01 03:50:20.240
2026-10-01 03:47:11,BSCI223,1206,John Buchner,16,16,0,2026-10-01 03:50:20,2026-10-01 03:50:20.240
2026-10-01 03:47:11,BSCI223,1221,John Buchner,16,16,0,2026-10-01 03:50:20,2026-10-01 03:50:20.240
2026-10-01 03:47:11,BSCI223,1225,John Buchner,16,16,0,2026-10-01 03:50:20,2026-10-01 03:50:20.240
2026-10-01 03:47:11,BSCI223,1226,John Buchner,16,16,0,2026-10-01 03:50:20,2026-10-01 03:50:20.240
2026-10-01 03:47:11,BSCI223,1301,John Buchner,16,16,0,2026-10-01 03:50:20,2026-10-01 03:50:20.240
2026-10-01 03:47:11,BSCI223,1306,John Buchner,16,16,0,2026-10-01 03:50:20,2026-10-01 03:50:20.240
2026-10-01 03:47:11,BSCI223,2401,John Buchner,16,16,0,2026-10-01 03:50:20,2026-10-01 03:50:20.241
2026-10-01 03:47:11,BSCI223,2406,John Buchner,16,16,0,2026-10-01 03:50:20,2026-10-01 03:50:20.241
2026-10-01 03:47:11,BSCI223,SES1,Cherisse Hall,20,20,0,2026-10-01 03:50:20,2026-10-01 03:50:20.241
2026-10-01 03:47:11,BSCI238I,0101,Aditri Gadigi,30,30,0,2026-10-01 03:50:20,2026-10-01 03:50:20.528
2026-10-01 03:47:11,BSCI258A,0101,Nicholas Fletcher,10,10,0,2026-10-01 03:50:20,2026-10-01 03:50:20.767
2026-10-01 03:47:11,BSCI258B,0101,Nicholas Fletcher,80,80,0,2026-10-01 03:50:21,2026-10-01 03:50:21.023
2026-10-01 03:47:11,BSCI279B,0101,Katerina Thompson,32,32,0,2026-10-01 03:50:21,2026-10-01 03:50:21.512
2026-10-01 03:47:11,BSCI279B,0102,Katerina Thompson,32,32,0,2026-10-01 03:50:21,2026-10-01 03:50:21.512
2026-10-01 03:47:11,BSCI279Q,0101,Daniel Butts,10,10,0,2026-10-01 03:50:22,2026-10-01 03:50:22.086
2026-10-01 03:47:11,BSCI283,1205,Kevin McIver,20,20,0,2026-10-01 03:50:22,2026-10-01 03:50:22.863
2026-10-01 03:47:11,BSCI283,1305,Daniel Stein,20,20,0,2026-10-01 03:50:22,2026-10-01 03:50:22.863
2026-10-01 03:47:11,BSCI329,1016,Hilary Bierman,5,5,0,2026-10-01 03:50:23,2026-10-01 03:50:23.123
2026-10-01 03:47:11,BSCI329,1028,Daniel Butts,10,10,0,2026-10-01 03:50:23,2026-10-01 03:50:23.123
2026-10-01 03:47:11,BSCI329,1033,Chan Lin,10,10,0,2026-10-01 03:50:23,2026-10-01 03:50:23.123
2026-10-01 03:47:11,BSCI329,1250,Justicia Opoku-Edusei,20,20,0,2026-10-01 03:50:23,2026-10-01 03:50:23.123
2026-10-01 03:47:11,BSCI329,1388,Corine Van der Weele,8,8,0,2026-10-01 03:50:23,2026-10-01 03:50:23.123
2026-10-01 03:47:11,BSCI329,ESG1,Hadiya Woodham,10,10,0,2026-10-01 03:50:23,2026-10-01 03:50:23.123
2026-10-01 03:47:11,BSCI331,0101,Kenneth Frauwirth,200,200,0,2026-10-01 03:50:23,2026-10-01 03:50:23.380
2026-10-01 03:47:11,BSCI331,0201,Kenneth Frauwirth,200,200,0,2026-10-01 03:50:23,2026-10-01 03:50:23.380
2026-10-01 03:47:11,BSCI332,0102,Corine Van der Weele,23,23,0,2026-10-01 03:50:23,2026-10-01 03:50:23.651
2026-10-01 03:47:11,BSCI332,0104,Corine Van der Weele,23,23,0,2026-10-01 03:50:23,2026-10-01 03:50:23.651
2026-10-01 03:47:11,BSCI332,0106,Corine Van der Weele,23,23,0,2026-10-01 03:50:23,2026-10-01 03:50:23.652
2026-10-01 03:47:11,BSCI332,0107,Corine Van der Weele,23,23,0,2026-10-01 03:50:23,2026-10-01 03:50:23.652
2026-10-01 03:47:11,BSCI332,0111,Corine Van der Weele,23,23,0,2026-10-01 03:50:23,2026-10-01 03:50:23.652
2026-10-01 03:47:11,BSCI332,1103,Corine Van der Weele,23,23,0,2026-10-01 03:50:23,2026-10-01 03:50:23.652
2026-10-01 03:47:11,BSCI332,1105,Corine Van der Weele,23,23,0,2026-10-01 03:50:23,2026-10-01 03:50:23.652
2026-10-01 03:47:11,BSCI332,1108,Corine Van der Weele,23,23,0,2026-10-01 03:50:23,2026-10-01 03:50:23.652
2026-10-01 03:47:11,BSCI332,1109,Corine Van der Weele,23,23,0,2026-10-01 03:50:23,2026-10-01 03:50:23.652
2026-10-01 03:47:11,BSCI332,1111,Corine Van der Weele,23,23,0,2026-10-01 03:50:23,2026-10-01 03:50:23.652
2026-10-01 03:47:11,BSCI332,1113,Corine Van der Weele,23,23,0,2026-10-01 03:50:23,2026-10-01 03:50:23.652
2026-10-01 03:47:11,BSCI334,0101,Katerina Thompson,60,60,0,2026-10-01 03:50:23,2026-10-01 03:50:23.918
2026-10-01 03:47:11,BSCI335,0101,Katerina Thompson,20,20,0,2026-10-01 03:50:24,2026-10-01 03:50:24.155
2026-10-01 03:47:11,BSCI335,0102,Katerina Thompson,20,20,0,2026-10-01 03:50:24,2026-10-01 03:50:24.156
2026-10-01 03:47:11,BSCI337,0101,Leo Shapiro,20,20,0,2026-10-01 03:50:24,2026-10-01 03:50:24.426
2026-10-01 03:47:11,BSCI337,0102,Leo Shapiro,20,20,0,2026-10-01 03:50:24,2026-10-01 03:50:24.426
2026-10-01 03:47:11,BSCI343,ESG1,Hadiya Woodham,30,30,0,2026-10-01 03:50:24,2026-10-01 03:50:24.961
2026-10-01 03:47:11,BSCI348A,0101,John Buchner,22,22,0,2026-10-01 03:50:25,2026-10-01 03:50:25.461
2026-10-01 03:47:11,BSCI348I,SES1,Erik Lontok,25,25,0,2026-10-01 03:50:25,2026-10-01 03:50:25.717
2026-10-01 03:47:11,BSCI348R,0101,Najib El-Sayed,10,10,0,2026-10-01 03:50:25,2026-10-01 03:50:25.989
2026-10-01 03:47:11,BSCI353,0101,Chan Lin,64,64,0,2026-10-01 03:50:26,2026-10-01 03:50:26.248
2026-10-01 03:47:11,BSCI353,0102,Melissa Caras,40,40,0,2026-10-01 03:50:26,2026-10-01 03:50:26.248
2026-10-01 03:47:11,BSCI353,ESG1,Vitaly Stepensky,40,40,0,2026-10-01 03:50:26,2026-10-01 03:50:26.249
2026-10-01 03:47:11,BSCI358A,ESG1,Vitaly Stepensky,30,30,0,2026-10-01 03:50:26,2026-10-01 03:50:26.515
2026-10-01 03:47:11,BSCI358B,ESG1,Gregory Simon,30,30,0,2026-10-01 03:50:26,2026-10-01 03:50:26.782
2026-10-01 03:47:11,BSCI361,0101,Daniel Gruner,25,25,0,2026-10-01 03:50:27,2026-10-01 03:50:27.054
2026-10-01 03:47:11,BSCI361,0102,Daniel Gruner,25,25,0,2026-10-01 03:50:27,2026-10-01 03:50:27.054
2026-10-01 03:47:11,BSCI370,0101,Alexandra Bely,64,64,0,2026-10-01 03:50:27,2026-10-01 03:50:27.327
2026-10-01 03:47:11,BSCI378H,0101,Kenneth Frauwirth,23,23,0,2026-10-01 03:50:27,2026-10-01 03:50:27.564
2026-10-01 03:47:11,BSCI398H,0101,Alexandra Bely,35,35,0,2026-10-01 03:50:29,2026-10-01 03:50:29.304
2026-10-01 03:47:11,BSCI401,0101,Gerald Wilkinson,39,39,0,2026-10-01 03:50:30,2026-10-01 03:50:30.293
2026-10-01 03:47:11,BSCI406,0101,Sergei Sukharev,20,20,0,2026-10-01 03:50:30,2026-10-01 03:50:30.588
2026-10-01 03:47:11,BSCI410,0101,Charles Seller,140,140,0,2026-10-01 03:50:30,2026-10-01 03:50:30.989
2026-10-01 03:47:11,BSCI412,0101,Erin Tran,18,18,0,2026-10-01 03:50:31,2026-10-01 03:50:31.259
2026-10-01 03:47:11,BSCI412,0103,Wade Winkler,18,18,0,2026-10-01 03:50:31,2026-10-01 03:50:31.259
2026-10-01 03:47:11,BSCI414,ESG1,Caitlin Fox,24,24,0,2026-10-01 03:50:31,2026-10-01 03:50:31.564
2026-10-01 03:47:11,BSCI416,0101,Silvia Bolland,42,42,0,2026-10-01 03:50:31,2026-10-01 03:50:31.805
2026-10-01 03:47:11,BSCI417,0101,Vincent Lee,30,30,0,2026-10-01 03:50:32,2026-10-01 03:50:32.043
2026-10-01 03:47:11,BSCI420,0101,Sougata Roy,62,62,0,2026-10-01 03:50:32,2026-10-01 03:50:32.291
2026-10-01 03:47:11,BSCI422,0101,Kenneth Frauwirth,25,25,0,2026-10-01 03:50:32,2026-10-01 03:50:32.597
2026-10-01 03:47:11,BSCI422,0102,Kenneth Frauwirth,25,25,0,2026-10-01 03:50:32,2026-10-01 03:50:32.598
2026-10-01 03:47:11,BSCI422,0103,David Mosser,25,25,0,2026-10-01 03:50:32,2026-10-01 03:50:32.598
2026-10-01 03:47:11,BSCI422,0104,David Mosser,25,25,0,2026-10-01 03:50:32,2026-10-01 03:50:32.598
2026-10-01 03:47:11,BSCI423,0101,Wenxia Song,18,18,0,2026-10-01 03:50:32,2026-10-01 03:50:32.863
2026-10-01 03:47:11,BSCI423,0102,Wenxia Song,18,18,0,2026-10-01 03:50:32,2026-10-01 03:50:32.863
2026-10-01 03:47:11,BSCI425,0101,Kan Cao,20,20,0,2026-10-01 03:50:33,2026-10-01 03:50:33.126
2026-10-01 03:47:11,BSCI430,0101,Eric Haag,35,35,0,2026-10-01 03:50:33,2026-10-01 03:50:33.379
2026-10-01 03:47:11,BSCI433,0101,Jeff Maltas,30,30,0,2026-10-01 03:50:33,2026-10-01 03:50:33.648
2026-10-01 03:47:11,BSCI435,0101,Tapan Goel,18,18,0,2026-10-01 03:50:33,2026-10-01 03:50:33.919
2026-10-01 03:47:11,BSCI436,0101,Jonathan Dinman,60,60,0,2026-10-01 03:50:34,2026-10-01 03:50:34.191
2026-10-01 03:47:11,BSCI437,0101,Jeffrey DeStefano,70,70,0,2026-10-01 03:50:34,2026-10-01 03:50:34.463
2026-10-01 03:47:11,BSCI437,ESG1,Gilad Ofek,40,40,0,2026-10-01 03:50:34,2026-10-01 03:50:34.463
2026-10-01 03:47:11,BSCI437H,0101,Jeffrey DeStefano,8,8,0,2026-10-01 03:50:34,2026-10-01 03:50:34.748
2026-10-01 03:47:11,BSCI439B,ESG1,Maira Goytia,40,40,0,2026-10-01 03:50:34,2026-10-01 03:50:34.986
2026-10-01 03:47:11,BSCI439E,0101,Beatrice Kondo,5,5,0,2026-10-01 03:50:35,2026-10-01 03:50:35.223
2026-10-01 03:47:11,BSCI439G,0101,Beatrice Kondo,5,5,0,2026-10-01 03:50:35,2026-10-01 03:50:35.480
2026-10-01 03:47:11,BSCI439L,0101,Instructor: TBA,5,5,0,2026-10-01 03:50:35,2026-10-01 03:50:35.751
2026-10-01 03:47:11,BSCI439Z,0101,Amanda Chicoli,20,20,0,2026-10-01 03:50:35,2026-10-01 03:50:35.989
2026-10-01 03:47:11,BSCI442,0101,Daniel Rodriguez Leal,20,20,0,2026-10-01 03:50:36,2026-10-01 03:50:36.272
2026-10-01 03:47:11,BSCI442,0102,Jose Feijo,20,20,0,2026-10-01 03:50:36,2026-10-01 03:50:36.272
2026-10-01 03:47:11,BSCI450,0101,Juan Angueyra,130,130,0,2026-10-01 03:50:36,2026-10-01 03:50:36.523
2026-10-01 03:47:11,BSCI450,0201,Joshua Singer,120,120,0,2026-10-01 03:50:36,2026-10-01 03:50:36.523
2026-10-01 03:47:11,BSCI450,PDS1,William Higgins,20,20,0,2026-10-01 03:50:36,2026-10-01 03:50:36.524
2026-10-01 03:47:11,BSCI451,0101,Corine Van der Weele,20,20,0,2026-10-01 03:50:36,2026-10-01 03:50:36.771
2026-10-01 03:47:11,BSCI451,0102,Corine Van der Weele,20,20,0,2026-10-01 03:50:36,2026-10-01 03:50:36.772
2026-10-01 03:47:11,BSCI451,0103,Corine Van der Weele,20,20,0,2026-10-01 03:50:36,2026-10-01 03:50:36.772
2026-10-01 03:47:11,BSCI451,0104,Corine Van der Weele,20,20,0,2026-10-01 03:50:36,2026-10-01 03:50:36.772
2026-10-01 03:47:11,BSCI452,0101,Chan Lin,40,40,0,2026-10-01 03:50:37,2026-10-01 03:50:37.030
2026-10-01 03:47:11,BSCI452,SES1,Chan Lin,20,20,0,2026-10-01 03:50:37,2026-10-01 03:50:37.030
2026-10-01 03:47:11,BSCI453,0101,Nikolas Francis,38,38,0,2026-10-01 03:50:37,2026-10-01 03:50:37.282
2026-10-01 03:47:11,BSCI455,0101,Hilary Bierman,16,16,0,2026-10-01 03:50:37,2026-10-01 03:50:37.532
2026-10-01 03:47:11,BSCI455,0102,Hilary Bierman,16,16,0,2026-10-01 03:50:37,2026-10-01 03:50:37.532
2026-10-01 03:47:11,BSCI455,0103,Hilary Bierman,16,16,0,2026-10-01 03:50:37,2026-10-01 03:50:37.532
2026-10-01 03:47:11,BSCI456,0101,Colenso Speer,5,5,0,2026-10-01 03:50:39,2026-10-01 03:50:39.134
2026-10-01 03:47:11,BSCI477,0101,Emily Bruns,40,40,0,2026-10-01 03:50:39,2026-10-01 03:50:39.402
2026-10-01 03:47:11,BSCI487,0101,Kelly Hamby,24,24,0,2026-10-01 03:50:39,2026-10-01 03:50:39.666
2026-10-01 03:47:11,BSOS355,0101,Liza Lebrun,40,40,0,2026-10-01 03:50:41,2026-10-01 03:50:41.169
2026-10-01 03:47:11,BSOS361,0101,TC Lloyd,30,30,0,2026-10-01 03:50:41,2026-10-01 03:50:41.425
2026-10-01 03:47:11,BSOS361,0102,TC Lloyd,30,30,0,2026-10-01 03:50:41,2026-10-01 03:50:41.425
2026-10-01 03:47:11,BSOS448M,0101,Brandee Pettus,12,12,0,2026-10-01 03:50:41,2026-10-01 03:50:41.735
2026-10-01 03:47:11,BUMO600,0501,Sheetal Singh,52,52,0,2026-10-01 03:51:00,2026-10-01 03:51:00.642
2026-10-01 03:47:11,BUMO604,0501,Jon Crocker,0,0,0,2026-10-01 03:51:00,2026-10-01 03:51:00.889
2026-10-01 03:47:11,BUMO614,0501,Waverly Ding,58,58,0,2026-10-01 03:51:01,2026-10-01 03:51:01.163
2026-10-01 03:47:11,BUMO701,0501,Jason Choi,65,65,0,2026-10-01 03:51:01,2026-10-01 03:51:01.485
2026-10-01 03:47:11,BUMO703,0501,Mary Beth Furst,65,65,0,2026-10-01 03:51:01,2026-10-01 03:51:01.757
2026-10-01 03:47:11,BUMO711,0501,Sheetal Singh,65,65,0,2026-10-01 03:51:02,2026-10-01 03:51:02.111
2026-10-01 03:47:11,BUMO714,0501,Rellie Rozin,0,0,0,2026-10-01 03:51:02,2026-10-01 03:51:02.373
2026-10-01 03:47:11,BUMO723,0501,Stephen Sclafani,58,58,0,2026-10-01 03:51:02,2026-10-01 03:51:02.658
2026-10-01 03:47:11,BUMO724,0501,Stephen Sclafani,58,58,0,2026-10-01 03:51:02,2026-10-01 03:51:02.952
2026-10-01 03:47:11,BUMO726,0501,Stephen Sclafani,58,58,0,2026-10-01 03:51:03,2026-10-01 03:51:03.207
2026-10-01 03:47:11,BUMO731,0501,Balaji Padmanabhan,58,58,0,2026-10-01 03:51:03,2026-10-01 03:51:03.464
2026-10-01 03:47:11,BUMO733,0501,Balaji Padmanabhan,58,58,0,2026-10-01 03:51:03,2026-10-01 03:51:03.703
2026-10-01 03:47:11,BUMO758P,0501,Jon Crocker,37,37,0,2026-10-01 03:51:03,2026-10-01 03:51:03.989
2026-10-01 03:47:11,BUMO780,0501,Jennifer Marr,37,37,0,2026-10-01 03:51:04,2026-10-01 03:51:04.482
2026-10-01 03:47:11,BUMO780,0502,Jennifer Marr,37,37,0,2026-10-01 03:51:04,2026-10-01 03:51:04.482
2026-10-01 03:47:11,BUMO782,0501,Mike Hoffmeyer,40,40,0,2026-10-01 03:51:04,2026-10-01 03:51:04.780
2026-10-01 03:47:11,BUMO785,0501,Maria Bustamante,65,65,0,2026-10-01 03:51:05,2026-10-01 03:51:05.053
2026-10-01 03:47:11,BUMO790,0501,Roy Thomason,65,65,0,2026-10-01 03:51:05,2026-10-01 03:51:05.320
2026-10-01 03:47:11,BUMO790,0502,Roy Thomason,65,65,0,2026-10-01 03:51:05,2026-10-01 03:51:05.320
2026-10-01 03:47:11,BUMO791,0501,Roy Thomason,65,65,0,2026-10-01 03:51:05,2026-10-01 03:51:05.587
2026-10-01 03:47:11,BUMO791,0502,Roy Thomason,65,65,0,2026-10-01 03:51:05,2026-10-01 03:51:05.587
2026-10-01 03:47:11,CHIN100,0101,Yuli Wang,15,15,0,2026-10-01 03:51:48,2026-10-01 03:51:48.229
2026-10-01 03:47:11,CHIN121,0101,Mei Kong,15,15,0,2026-10-01 03:51:48,2026-10-01 03:51:48.614
2026-10-01 03:47:11,CHIN122,0101,Mei Kong,15,15,0,2026-10-01 03:51:48,2026-10-01 03:51:48.873
2026-10-01 03:47:11,CHIN122,0201,Mei Kong,15,15,0,2026-10-01 03:51:48,2026-10-01 03:51:48.873
2026-10-01 03:47:11,CHIN122,0301,Guiling Hu,15,15,0,2026-10-01 03:51:48,2026-10-01 03:51:48.873
2026-10-01 03:47:11,CHIN207,0101,Guiling Hu,15,15,0,2026-10-01 03:51:49,2026-10-01 03:51:49.117
2026-10-01 03:47:11,CHIN207,0201,Guiling Hu,15,15,0,2026-10-01 03:51:49,2026-10-01 03:51:49.117
2026-10-01 03:47:11,CHIN302,0101,Jungjung Lee,15,15,0,2026-10-01 03:51:49,2026-10-01 03:51:49.363
2026-10-01 03:47:11,CHIN302,0201,Jungjung Lee,15,15,0,2026-10-01 03:51:49,2026-10-01 03:51:49.363
2026-10-01 03:47:11,CHIN307,0101,Minglang Zhou,25,25,0,2026-10-01 03:51:49,2026-10-01 03:51:49.603
2026-10-01 03:47:11,CHIN315,0101,Mei Nan,30,30,0,2026-10-01 03:51:49,2026-10-01 03:51:49.847
2026-10-01 03:47:11,CHIN332,0101,Yuli Wang,15,15,0,2026-10-01 03:51:50,2026-10-01 03:51:50.405
2026-10-01 03:47:11,CHIN402,0101,Jungjung Lee,15,15,0,2026-10-01 03:51:50,2026-10-01 03:51:50.962
2026-10-01 03:47:11,CHIN415,0101,Jungjung Lee,15,15,0,2026-10-01 03:51:51,2026-10-01 03:51:51.205
2026-10-01 03:47:11,CHIN418O,0101,Mei Nan,25,25,0,2026-10-01 03:51:51,2026-10-01 03:51:51.459
2026-10-01 03:47:11,CHIN441,0101,Andrew Schonebaum,20,20,0,2026-10-01 03:51:51,2026-10-01 03:51:51.703
2026-10-01 03:47:11,CHSE205,0101,Yewon Lee,60,60,0,2026-10-01 03:51:55,2026-10-01 03:51:55.490
2026-10-01 03:47:11,CHSE205,0201,Katryna Andrusik,50,50,0,2026-10-01 03:51:55,2026-10-01 03:51:55.490
2026-10-01 03:47:11,CHSE228D,0101,Nikita Kimani,16,16,0,2026-10-01 03:51:55,2026-10-01 03:51:55.768
2026-10-01 03:47:11,CHSE376,0101,Michael Dunham,20,20,0,2026-10-01 03:51:56,2026-10-01 03:51:56.045
2026-10-01 03:47:11,CHSE376,0201,Elizabeth Martinez,20,20,0,2026-10-01 03:51:56,2026-10-01 03:51:56.045
2026-10-01 03:47:11,CHSE376,0301,Colleen McGilpin,20,20,0,2026-10-01 03:51:56,2026-10-01 03:51:56.045
2026-10-01 03:47:11,CHSE376,0401,Chanai Brewster,20,20,0,2026-10-01 03:51:56,2026-10-01 03:51:56.045
2026-10-01 03:47:11,CHSE376,0501,Michael Dunham,20,20,0,2026-10-01 03:51:56,2026-10-01 03:51:56.045
2026-10-01 03:47:11,CHSE476,0101,Michael Dunham,20,20,0,2026-10-01 03:51:56,2026-10-01 03:51:56.516
2026-10-01 03:47:11,CHSE477,0101,Michael Dunham,18,18,0,2026-10-01 03:51:57,2026-10-01 03:51:57.259
2026-10-01 03:47:11,CHSE480,0101,Michael Dunham,18,18,0,2026-10-01 03:51:57,2026-10-01 03:51:57.515
2026-10-01 03:47:11,CHSE489,1901,Amy D'Agati,10,10,0,2026-10-01 03:51:57,2026-10-01 03:51:57.780
2026-10-01 03:47:11,CINE245,0201,Instructor: TBA,27,27,0,2026-10-01 03:51:59,2026-10-01 03:51:59.999
2026-10-01 03:47:11,CINE245,0301,Alan Montroso,27,27,0,2026-10-01 03:51:59,2026-10-01 03:51:59.999
2026-10-01 03:47:11,CINE280,0101,Eric Zakim,25,25,0,2026-10-01 03:52:00,2026-10-01 03:52:00.277
2026-10-01 03:47:11,CINE280,0102,Eric Zakim,25,25,0,2026-10-01 03:52:00,2026-10-01 03:52:00.277
2026-10-01 03:47:11,CINE280,0103,Eric Zakim,25,25,0,2026-10-01 03:52:00,2026-10-01 03:52:00.277
2026-10-01 03:47:11,CINE280,0104,Eric Zakim,25,25,0,2026-10-01 03:52:00,2026-10-01 03:52:00.277
2026-10-01 03:47:11,CINE282,0101,Susan Pramschufer,35,35,0,2026-10-01 03:52:00,2026-10-01 03:52:00.514
2026-10-01 03:47:11,CINE298B,0101,Sean Pue,20,20,0,2026-10-01 03:52:00,2026-10-01 03:52:00.759
2026-10-01 03:47:11,CINE302,0101,Luka Arsenjuk,30,30,0,2026-10-01 03:52:01,2026-10-01 03:52:01.002
2026-10-01 03:47:11,CINE310,0101,Nathaniel Stevens,15,15,0,2026-10-01 03:52:01,2026-10-01 03:52:01.268
2026-10-01 03:47:11,CINE319A,0101,Paul Cote,20,20,0,2026-10-01 03:52:01,2026-10-01 03:52:01.551
2026-10-01 03:47:11,CINE319I,0101,Yael Inbar,15,15,0,2026-10-01 03:52:01,2026-10-01 03:52:01.848
2026-10-01 03:47:11,CINE319P,5501,Samuel Crawford,10,10,0,2026-10-01 03:52:02,2026-10-01 03:52:02.107
2026-10-01 03:47:11,CINE329E,0101,Elizabeth Papazian,25,25,0,2026-10-01 03:52:02,2026-10-01 03:52:02.447
2026-10-01 03:47:11,CINE329N,0101,Daniel Richter,25,25,0,2026-10-01 03:52:02,2026-10-01 03:52:02.715
2026-10-01 03:47:11,CINE329Z,0101,Daniel Richter,25,25,0,2026-10-01 03:52:02,2026-10-01 03:52:02.983
2026-10-01 03:47:11,CINE335,0101,Jason Kuo,25,25,0,2026-10-01 03:52:03,2026-10-01 03:52:03.650
2026-10-01 03:47:11,CINE369C,0101,Mauro Resmini,40,40,0,2026-10-01 03:52:03,2026-10-01 03:52:03.964
2026-10-01 03:47:11,CINE369F,0101,Alexis Lothian,30,30,0,2026-10-01 03:52:04,2026-10-01 03:52:04.347
2026-10-01 03:47:11,CINE369K,0101,Paul Cote,20,20,0,2026-10-01 03:52:04,2026-10-01 03:52:04.632
2026-10-01 03:47:11,CINE376,0101,Ross Angelella,14,14,0,2026-10-01 03:52:04,2026-10-01 03:52:04.888
2026-10-01 03:47:11,CINE376,0102,Ross Angelella,5,5,0,2026-10-01 03:52:04,2026-10-01 03:52:04.888
2026-10-01 03:47:11,CINE419E,0101,Stephanie Sapienza,15,15,0,2026-10-01 03:52:05,2026-10-01 03:52:05.363
2026-10-01 03:47:11,CINE429O,0101,Mei Nan,25,25,0,2026-10-01 03:52:05,2026-10-01 03:52:05.613
2026-10-01 03:47:11,CINE459C,0101,Saverio Giovacchini,54,54,0,2026-10-01 03:52:05,2026-10-01 03:52:05.851
2026-10-01 03:47:11,CINE469Y,0101,Jason Kuo,14,14,0,2026-10-01 03:52:06,2026-10-01 03:52:06.107
2026-10-01 03:47:11,CLAS170,0101,Katherine Wasdin,21,21,0,2026-10-01 03:52:07,2026-10-01 03:52:07.817
2026-10-01 03:47:11,CLAS170,0102,Katherine Wasdin,21,21,0,2026-10-01 03:52:07,2026-10-01 03:52:07.817
2026-10-01 03:47:11,CLAS170,0103,Katherine Wasdin,21,21,0,2026-10-01 03:52:07,2026-10-01 03:52:07.817
2026-10-01 03:47:11,CLAS170,0104,Katherine Wasdin,21,21,0,2026-10-01 03:52:07,2026-10-01 03:52:07.817
2026-10-01 03:47:11,CLAS170,0105,Katherine Wasdin,21,21,0,2026-10-01 03:52:07,2026-10-01 03:52:07.818
2026-10-01 03:47:11,CLAS170,0106,Katherine Wasdin,21,21,0,2026-10-01 03:52:07,2026-10-01 03:52:07.818
2026-10-01 03:47:11,CLAS170,0107,Katherine Wasdin,21,21,0,2026-10-01 03:52:07,2026-10-01 03:52:07.818
2026-10-01 03:47:11,CLAS170,0108,Katherine Wasdin,21,21,0,2026-10-01 03:52:07,2026-10-01 03:52:07.818
2026-10-01 03:47:11,CLAS170,0109,Katherine Wasdin,21,21,0,2026-10-01 03:52:07,2026-10-01 03:52:07.818
2026-10-01 03:47:11,CLAS276,0101,Eric Adler,25,25,0,2026-10-01 03:52:08,2026-10-01 03:52:08.061
2026-10-01 03:47:11,CLAS276,0102,Eric Adler,25,25,0,2026-10-01 03:52:08,2026-10-01 03:52:08.061
2026-10-01 03:47:11,CLAS276,0103,Eric Adler,25,25,0,2026-10-01 03:52:08,2026-10-01 03:52:08.061
2026-10-01 03:47:11,CLAS276,0104,Eric Adler,25,25,0,2026-10-01 03:52:08,2026-10-01 03:52:08.061
2026-10-01 03:47:11,CLAS276,0105,Eric Adler,25,25,0,2026-10-01 03:52:08,2026-10-01 03:52:08.062
2026-10-01 03:47:11,CLAS276,0106,Eric Adler,25,25,0,2026-10-01 03:52:08,2026-10-01 03:52:08.062
2026-10-01 03:47:11,CLAS333,0101,Nathan Levine,35,35,0,2026-10-01 03:52:08,2026-10-01 03:52:08.516
2026-10-01 03:47:11,CLAS340,0101,Katherine Wasdin,35,35,0,2026-10-01 03:52:08,2026-10-01 03:52:08.750
2026-10-01 03:47:11,CMLT235,0101,Instructor: TBA,30,30,0,2026-10-01 03:52:10,2026-10-01 03:52:10.429
2026-10-01 03:47:11,CMLT270,0201,Instructor: TBA,30,30,0,2026-10-01 03:52:10,2026-10-01 03:52:10.667
2026-10-01 03:47:11,CMLT270,0301,Instructor: TBA,30,30,0,2026-10-01 03:52:10,2026-10-01 03:52:10.667
2026-10-01 03:47:11,CMLT275,0101,Instructor: TBA,30,30,0,2026-10-01 03:52:10,2026-10-01 03:52:10.916
2026-10-01 03:47:11,CMLT277,0101,Instructor: TBA,30,30,0,2026-10-01 03:52:11,2026-10-01 03:52:11.182
2026-10-01 03:47:11,CMLT280,0101,Eric Zakim,25,25,0,2026-10-01 03:52:11,2026-10-01 03:52:11.432
2026-10-01 03:47:11,CMLT280,0102,Eric Zakim,25,25,0,2026-10-01 03:52:11,2026-10-01 03:52:11.432
2026-10-01 03:47:11,CMLT280,0103,Eric Zakim,25,25,0,2026-10-01 03:52:11,2026-10-01 03:52:11.432
2026-10-01 03:47:11,CMLT280,0104,Eric Zakim,25,25,0,2026-10-01 03:52:11,2026-10-01 03:52:11.432
2026-10-01 03:47:11,CPBE101,0101,Oliver Schlake,75,75,0,2026-10-01 03:52:30,2026-10-01 03:52:30.557
2026-10-01 03:47:11,CPBE230,0101,Oliver Schlake,30,30,0,2026-10-01 03:52:30,2026-10-01 03:52:30.803
2026-10-01 03:47:11,CPBE240,0101,Oliver Schlake,20,20,0,2026-10-01 03:52:31,2026-10-01 03:52:31.080
2026-10-01 03:47:11,CPBE250,0101,Oliver Schlake,30,30,0,2026-10-01 03:52:31,2026-10-01 03:52:31.341
2026-10-01 03:47:11,CPCV101,0101,Julie Randolph,40,40,0,2026-10-01 03:52:32,2026-10-01 03:52:32.958
2026-10-01 03:47:11,CPCV101,0201,Julie Randolph,40,40,0,2026-10-01 03:52:32,2026-10-01 03:52:32.958
2026-10-01 03:47:11,CPCV230,0101,Korey Rothman,20,20,0,2026-10-01 03:52:33,2026-10-01 03:52:33.217
2026-10-01 03:47:11,CPCV230,0201,Korey Rothman,20,20,0,2026-10-01 03:52:33,2026-10-01 03:52:33.217
2026-10-01 03:47:11,CPDJ101,0101,Jess Feltner,75,75,0,2026-10-01 03:52:34,2026-10-01 03:52:34.642
2026-10-01 03:47:11,CPDJ230,0101,Jess Feltner,10,10,0,2026-10-01 03:52:34,2026-10-01 03:52:34.886
2026-10-01 03:47:11,CPDJ240,0101,Jess Feltner,8,8,0,2026-10-01 03:52:35,2026-10-01 03:52:35.146
2026-10-01 03:47:11,CPDJ250,0101,Jess Feltner,10,10,0,2026-10-01 03:52:35,2026-10-01 03:52:35.395
2026-10-01 03:47:11,CPET101,0101,Dani Moore,78,78,0,2026-10-01 03:52:36,2026-10-01 03:52:36.866
2026-10-01 03:47:11,CPET230,0101,Dani Moore,50,50,0,2026-10-01 03:52:37,2026-10-01 03:52:37.110
2026-10-01 03:47:11,CPET240,0101,Dani Moore,20,20,0,2026-10-01 03:52:37,2026-10-01 03:52:37.361
2026-10-01 03:47:11,CPET250,0101,Dani Moore,15,15,0,2026-10-01 03:52:37,2026-10-01 03:52:37.614
2026-10-01 03:47:11,CPGH101,0101,Angshuman Kashyap,75,75,0,2026-10-01 03:52:39,2026-10-01 03:52:39.036
2026-10-01 03:47:11,CPGH210,0101,Haley Clark,80,80,0,2026-10-01 03:52:39,2026-10-01 03:52:39.298
2026-10-01 03:47:11,CPGH230,0101,John Wiggins,30,30,0,2026-10-01 03:52:39,2026-10-01 03:52:39.536
2026-10-01 03:47:11,CPGH240,0101,John Wiggins,30,30,0,2026-10-01 03:52:39,2026-10-01 03:52:39.797
2026-10-01 03:47:11,CPGH250,0101,John Wiggins,25,25,0,2026-10-01 03:52:40,2026-10-01 03:52:40.063
2026-10-01 03:47:11,CPGH270,0101,John Wiggins,5,5,0,2026-10-01 03:52:40,2026-10-01 03:52:40.316
2026-10-01 03:47:11,CPJT101,0101,Justine DeCamillis,75,75,0,2026-10-01 03:52:41,2026-10-01 03:52:41.760
2026-10-01 03:47:11,CPJT230,0101,Justine DeCamillis,35,35,0,2026-10-01 03:52:42,2026-10-01 03:52:42.024
2026-10-01 03:47:11,CPJT240,0101,Justine DeCamillis,25,25,0,2026-10-01 03:52:42,2026-10-01 03:52:42.257
2026-10-01 03:47:11,CPJT250,0101,Victoria Worley,25,25,0,2026-10-01 03:52:42,2026-10-01 03:52:42.550
2026-10-01 03:47:11,CPMS101,0101,Alison Burns,75,75,0,2026-10-01 03:52:44,2026-10-01 03:52:44.002
2026-10-01 03:47:11,CPMS230,0101,Alison Burns,30,30,0,2026-10-01 03:52:44,2026-10-01 03:52:44.287
2026-10-01 03:47:11,CPMS240,0101,Alison Burns,15,15,0,2026-10-01 03:52:44,2026-10-01 03:52:44.537
2026-10-01 03:47:11,CPPL101,0101,Kelly Brower,75,75,0,2026-10-01 03:52:46,2026-10-01 03:52:46.024
2026-10-01 03:47:11,CPSA101,0101,Heather-Erin Bremenstuhl,75,75,0,2026-10-01 03:52:47,2026-10-01 03:52:47.466
2026-10-01 03:47:11,CPSA149,0101,Harold Burgess,20,20,0,2026-10-01 03:52:47,2026-10-01 03:52:47.711
2026-10-01 03:47:11,CPSA201,0101,Heather-Erin Bremenstuhl,75,75,0,2026-10-01 03:52:47,2026-10-01 03:52:47.958
2026-10-01 03:47:11,CPSA240,0101,Harold Burgess,15,15,0,2026-10-01 03:52:48,2026-10-01 03:52:48.224
2026-10-01 03:47:11,CPSA250,0101,Heather-Erin Bremenstuhl,10,10,0,2026-10-01 03:52:48,2026-10-01 03:52:48.476
2026-10-01 03:47:11,CPSA250,0201,Heather-Erin Bremenstuhl,10,10,0,2026-10-01 03:52:48,2026-10-01 03:52:48.476
2026-10-01 03:47:11,CPSA250,0301,Heather-Erin Bremenstuhl,10,10,0,2026-10-01 03:52:48,2026-10-01 03:52:48.476
2026-10-01 03:47:11,CPSA260,0101,Heather-Erin Bremenstuhl,10,10,0,2026-10-01 03:52:48,2026-10-01 03:52:48.737
2026-10-01 03:47:11,CPSA260,0201,Heather-Erin Bremenstuhl,10,10,0,2026-10-01 03:52:48,2026-10-01 03:52:48.737
2026-10-01 03:47:11,CPSA260,0301,Alexandra Lynch,10,10,0,2026-10-01 03:52:48,2026-10-01 03:52:48.737
2026-10-01 03:47:11,CPSF101,0101,Nicholas Fletcher,75,75,0,2026-10-01 03:52:50,2026-10-01 03:52:50.167
2026-10-01 03:47:11,CPSG101,0101,Thomas Holtz,75,75,0,2026-10-01 03:52:51,2026-10-01 03:52:51.594
2026-10-01 03:47:11,CPSG230,0101,John Merck,50,50,0,2026-10-01 03:52:51,2026-10-01 03:52:51.830
2026-10-01 03:47:11,CPSG240,0101,John Merck,25,25,0,2026-10-01 03:52:52,2026-10-01 03:52:52.088
2026-10-01 03:47:11,CPSG250,0101,John Merck,25,25,0,2026-10-01 03:52:52,2026-10-01 03:52:52.324
2026-10-01 03:47:11,CPSN101,0101,Hansol Kwak,75,75,0,2026-10-01 03:52:53,2026-10-01 03:52:53.767
2026-10-01 03:47:11,CPSN230,0101,Ellin Chung,40,40,0,2026-10-01 03:52:54,2026-10-01 03:52:54.028
2026-10-01 03:47:11,CPSN240,0101,Ellin Chung,15,15,0,2026-10-01 03:52:54,2026-10-01 03:52:54.285
2026-10-01 03:47:11,CPSN250,0101,Hansol Kwak,25,25,0,2026-10-01 03:52:54,2026-10-01 03:52:54.529
2026-10-01 03:47:11,CPSP210,0101,Christine Alexander,20,20,0,2026-10-01 03:52:55,2026-10-01 03:52:55.989
2026-10-01 03:47:11,CPSP239A,0101,Heather-Erin Bremenstuhl,10,10,0,2026-10-01 03:52:56,2026-10-01 03:52:56.263
2026-10-01 03:47:11,CPSP259J,0101,Alison Burns,10,10,0,2026-10-01 03:52:56,2026-10-01 03:52:56.516
2026-10-01 03:47:11,CPSP279N,0101,Stacy Kosko,10,10,0,2026-10-01 03:52:56,2026-10-01 03:52:56.781
2026-10-01 03:47:11,CPSP339P,0101,Kelly Brower,15,15,0,2026-10-01 03:52:57,2026-10-01 03:52:57.020
2026-10-01 03:47:11,CPSP359G,0101,John Merck,25,25,0,2026-10-01 03:52:57,2026-10-01 03:52:57.275
2026-10-01 03:47:11,CPSP359S,0101,David Eubanks,24,24,0,2026-10-01 03:52:57,2026-10-01 03:52:57.553
2026-10-01 03:47:11,CPSP369E,0101,Tim Knight,7,7,0,2026-10-01 03:52:57,2026-10-01 03:52:57.804
2026-10-01 03:47:11,CPSP369E,0102,Tim Knight,5,5,0,2026-10-01 03:52:57,2026-10-01 03:52:57.804
2026-10-01 03:47:11,CPSS101,0101,Christine Alexander,75,75,0,2026-10-01 03:52:59,2026-10-01 03:52:59.243
2026-10-01 03:47:11,CPSS225,0101,Roan Parrish,20,20,0,2026-10-01 03:52:59,2026-10-01 03:52:59.486
2026-10-01 03:47:11,CPSS225,0201,Thomas Zeller,20,20,0,2026-10-01 03:52:59,2026-10-01 03:52:59.486
2026-10-01 03:47:11,CPSS240,0101,Timothy Reedy,25,25,0,2026-10-01 03:52:59,2026-10-01 03:52:59.773
2026-10-01 03:47:11,CPSS340,0101,Nicole Mogul,20,20,0,2026-10-01 03:53:00,2026-10-01 03:53:00.134
2026-10-01 03:47:11,DATA100,0111,Matthew Griffin,27,27,0,2026-10-01 03:53:11,2026-10-01 03:53:11.542
2026-10-01 03:47:11,DATA100,0112,Matthew Griffin,27,27,0,2026-10-01 03:53:11,2026-10-01 03:53:11.542
2026-10-01 03:47:11,DATA100,0121,Matthew Griffin,27,27,0,2026-10-01 03:53:11,2026-10-01 03:53:11.542
2026-10-01 03:47:11,DATA100,0122,Matthew Griffin,27,27,0,2026-10-01 03:53:11,2026-10-01 03:53:11.542
2026-10-01 03:47:11,DATA100,0123,Matthew Griffin,27,27,0,2026-10-01 03:53:11,2026-10-01 03:53:11.542
2026-10-01 03:47:11,DATA100,0131,Matthew Griffin,27,27,0,2026-10-01 03:53:11,2026-10-01 03:53:11.542
2026-10-01 03:47:11,DATA100,0211,Matthew Griffin,27,27,0,2026-10-01 03:53:11,2026-10-01 03:53:11.542
2026-10-01 03:47:11,DATA100,0212,Matthew Griffin,27,27,0,2026-10-01 03:53:11,2026-10-01 03:53:11.543
2026-10-01 03:47:11,DATA100,0221,Matthew Griffin,27,27,0,2026-10-01 03:53:11,2026-10-01 03:53:11.543
2026-10-01 03:47:11,DATA100,0222,Matthew Griffin,27,27,0,2026-10-01 03:53:11,2026-10-01 03:53:11.543
2026-10-01 03:47:11,DATA100,0223,Matthew Griffin,27,27,0,2026-10-01 03:53:11,2026-10-01 03:53:11.543
2026-10-01 03:47:11,DATA100,0224,Matthew Griffin,27,27,0,2026-10-01 03:53:11,2026-10-01 03:53:11.543
2026-10-01 03:47:11,DATA100,0231,Matthew Griffin,27,27,0,2026-10-01 03:53:11,2026-10-01 03:53:11.543
2026-10-01 03:47:11,DATA100,0241,Matthew Griffin,27,27,0,2026-10-01 03:53:11,2026-10-01 03:53:11.543
2026-10-01 03:47:11,DATA100,0242,Matthew Griffin,27,27,0,2026-10-01 03:53:11,2026-10-01 03:53:11.543
2026-10-01 03:47:11,DATA100,0311,Jonathan Fernandes,25,25,0,2026-10-01 03:53:11,2026-10-01 03:53:11.543
2026-10-01 03:47:11,DATA100,0312,Jonathan Fernandes,25,25,0,2026-10-01 03:53:11,2026-10-01 03:53:11.544
2026-10-01 03:47:11,DATA100,0321,Jonathan Fernandes,25,25,0,2026-10-01 03:53:11,2026-10-01 03:53:11.544
2026-10-01 03:47:11,DATA100,0322,Jonathan Fernandes,25,25,0,2026-10-01 03:53:11,2026-10-01 03:53:11.544
2026-10-01 03:47:11,DATA100,0323,Jonathan Fernandes,25,25,0,2026-10-01 03:53:11,2026-10-01 03:53:11.544
2026-10-01 03:47:11,DATA110,0101,Susan Mazzullo,310,310,0,2026-10-01 03:53:11,2026-10-01 03:53:11.792
2026-10-01 03:47:11,DATA120,0101,Fardina Alam,200,200,0,2026-10-01 03:53:12,2026-10-01 03:53:12.058
2026-10-01 03:47:11,DATA200,0101,Fardina Alam,90,90,0,2026-10-01 03:53:12,2026-10-01 03:53:12.312
2026-10-01 03:47:11,DATA250,0101,Todd Rowland,30,30,0,2026-10-01 03:53:12,2026-10-01 03:53:12.564
2026-10-01 03:47:11,DATA320,0101,Maksym Morawski,20,20,0,2026-10-01 03:53:12,2026-10-01 03:53:12.802
2026-10-01 03:47:11,DATA320,0201,Fardina Alam,20,20,0,2026-10-01 03:53:12,2026-10-01 03:53:12.802
2026-10-01 03:47:11,DATA320,0301,Anna Evtushenko,12,12,0,2026-10-01 03:53:12,2026-10-01 03:53:12.802
2026-10-01 03:47:11,DATA350,0101,Todd Rowland,30,30,0,2026-10-01 03:53:13,2026-10-01 03:53:13.052
2026-10-01 03:47:11,DATA350,0201,Raluca Rosca,30,30,0,2026-10-01 03:53:13,2026-10-01 03:53:13.053
2026-10-01 03:47:11,DATA400,0111,Archana Khurana,27,27,0,2026-10-01 03:53:13,2026-10-01 03:53:13.338
2026-10-01 03:47:11,DATA400,0121,Archana Khurana,27,27,0,2026-10-01 03:53:13,2026-10-01 03:53:13.338
2026-10-01 03:47:11,DATA400,0131,Archana Khurana,27,27,0,2026-10-01 03:53:13,2026-10-01 03:53:13.339
2026-10-01 03:47:11,DATA400,0211,Salman Safdar,27,27,0,2026-10-01 03:53:13,2026-10-01 03:53:13.339
2026-10-01 03:47:11,DATA400,0311,Shixin Zheng,27,27,0,2026-10-01 03:53:13,2026-10-01 03:53:13.339
2026-10-01 03:47:11,DATA400,0321,Shixin Zheng,27,27,0,2026-10-01 03:53:13,2026-10-01 03:53:13.339
2026-10-01 03:47:11,DATA400,0331,Shixin Zheng,27,27,0,2026-10-01 03:53:13,2026-10-01 03:53:13.339
2026-10-01 03:47:11,DATA400,0411,Mestiyage Gunatilleka,27,27,0,2026-10-01 03:53:13,2026-10-01 03:53:13.339
2026-10-01 03:47:11,DATA400,0421,Mestiyage Gunatilleka,27,27,0,2026-10-01 03:53:13,2026-10-01 03:53:13.339
2026-10-01 03:47:11,DATA400,0431,Mestiyage Gunatilleka,27,27,0,2026-10-01 03:53:13,2026-10-01 03:53:13.339
2026-10-01 03:47:11,EALL361,0101,Jyana Browne,20,20,0,2026-10-01 03:53:14,2026-10-01 03:53:14.753
2026-10-01 03:47:11,EDDI300,0101,Nicole Mehta,20,20,0,2026-10-01 03:53:25,2026-10-01 03:53:25.775
2026-10-01 03:47:11,EMBA788G,GX01,Judy Frels,31,31,0,2026-10-01 03:53:50,2026-10-01 03:53:50.069
2026-10-01 03:47:11,EMBA788V,GX01,Zhi-Long Chen,31,31,0,2026-10-01 03:53:50,2026-10-01 03:53:50.334
2026-10-01 03:47:11,ENAI603,0101,A Seyed,35,35,0,2026-10-01 03:54:00,2026-10-01 03:54:00.634
2026-10-01 03:47:11,ENAI603,AEC1,A Seyed,20,20,0,2026-10-01 03:54:00,2026-10-01 03:54:00.634
2026-10-01 03:47:11,ENBC312,ESG1,Kyunghun Lee,20,20,0,2026-10-01 03:54:02,2026-10-01 03:54:02.274
2026-10-01 03:47:11,ENBC321,ESG1,Jamasp Azarnoosh,20,20,0,2026-10-01 03:54:02,2026-10-01 03:54:02.566
2026-10-01 03:47:11,ENBC342,ESG1,Lan Ma,20,20,0,2026-10-01 03:54:02,2026-10-01 03:54:02.857
2026-10-01 03:47:11,ENBC351,ESG1,Jarred Callura,20,20,0,2026-10-01 03:54:03,2026-10-01 03:54:03.137
2026-10-01 03:47:11,ENBC352,ESG1,Jarred Callura,20,20,0,2026-10-01 03:54:03,2026-10-01 03:54:03.395
2026-10-01 03:47:11,ENBC403,ESG1,Jamasp Azarnoosh,20,20,0,2026-10-01 03:54:03,2026-10-01 03:54:03.679
2026-10-01 03:47:11,ENBC441,ESG1,Lan Ma,20,20,0,2026-10-01 03:54:03,2026-10-01 03:54:03.959
2026-10-01 03:47:11,ENBC455,ESG1,Jarred Callura,20,20,0,2026-10-01 03:54:04,2026-10-01 03:54:04.224
2026-10-01 03:47:11,ENBC491,ESG1,Lan Ma,20,20,0,2026-10-01 03:54:04,2026-10-01 03:54:04.535
2026-10-01 03:47:11,ENCO099,0101,Lizzy Solovey,200,200,0,2026-10-01 03:54:12,2026-10-01 03:54:12.101
2026-10-01 03:47:11,ENEB304,ESG1,Nestor Michael Tiglao,20,20,0,2026-10-01 03:54:13,2026-10-01 03:54:13.591
2026-10-01 03:47:11,ENEB345,ESG1,Nestor Michael Tiglao,20,20,0,2026-10-01 03:54:13,2026-10-01 03:54:13.882
2026-10-01 03:47:11,ENEB352,ESG1,Mohamed Hany,20,20,0,2026-10-01 03:54:14,2026-10-01 03:54:14.118
2026-10-01 03:47:11,ENEB353,ESG1,Manoj Franklin,20,20,0,2026-10-01 03:54:14,2026-10-01 03:54:14.367
2026-10-01 03:47:11,ENEB355,ESG1,Nestor Michael Tiglao,20,20,0,2026-10-01 03:54:14,2026-10-01 03:54:14.619
2026-10-01 03:47:11,ENEB408B,ESG1,Jerry Wu,20,20,0,2026-10-01 03:54:14,2026-10-01 03:54:14.892
2026-10-01 03:47:11,ENEB443,ESG1,George Zaki,20,20,0,2026-10-01 03:54:15,2026-10-01 03:54:15.168
2026-10-01 03:47:11,ENEB453,ESG1,Nestor Michael Tiglao,20,20,0,2026-10-01 03:54:15,2026-10-01 03:54:15.414
2026-10-01 03:47:11,ENEB455,ESG1,Jerry Wu,20,20,0,2026-10-01 03:54:15,2026-10-01 03:54:15.655
2026-10-01 03:47:11,ENEB456,ESG1,Nestor Michael Tiglao,20,20,0,2026-10-01 03:54:15,2026-10-01 03:54:15.893
2026-10-01 03:47:11,ENED037,0101,Hillary Owusu,20,20,0,2026-10-01 03:54:17,2026-10-01 03:54:17.614
2026-10-01 03:47:11,ENED290H,0101,Christopher Troilo,45,45,0,2026-10-01 03:54:17,2026-10-01 03:54:17.861
2026-10-01 03:47:11,ENED390H,0101,Instructor: TBA,45,45,0,2026-10-01 03:54:18,2026-10-01 03:54:18.118
2026-10-01 03:47:11,ENED394H,0101,Maria Bardossy,40,40,0,2026-10-01 03:54:18,2026-10-01 03:54:18.555
2026-10-01 03:47:11,ENED397,0101,Emily Marks,9,9,0,2026-10-01 03:54:18,2026-10-01 03:54:18.811
2026-10-01 03:47:11,ENED490H,0101,David Ashley,45,45,0,2026-10-01 03:54:19,2026-10-01 03:54:19.048
2026-10-01 03:47:11,ENED491,0101,Jessica Roffe,10,10,0,2026-10-01 03:54:19,2026-10-01 03:54:19.331
2026-10-01 03:47:11,ENMT313,ESG1,Nicholas Limparis,3,3,0,2026-10-01 03:55:20,2026-10-01 03:55:20.828
2026-10-01 03:47:11,ENMT332,ESG1,Norman Wereley,4,4,0,2026-10-01 03:55:21,2026-10-01 03:55:21.083
2026-10-01 03:47:11,ENMT362,ESG1,Young Choi,3,3,0,2026-10-01 03:55:21,2026-10-01 03:55:21.358
2026-10-01 03:47:11,ENMT372,ESG1,Gurtajbir Herr,3,3,0,2026-10-01 03:55:21,2026-10-01 03:55:21.623
2026-10-01 03:47:11,ENMT477,ESG1,Gurtajbir Herr,7,7,0,2026-10-01 03:55:21,2026-10-01 03:55:21.868
2026-10-01 03:47:11,ENMT488C,ESG1,Colleen Murray,7,7,0,2026-10-01 03:55:22,2026-10-01 03:55:22.127
2026-10-01 03:47:11,ENMT488P,ESG1,Colleen Murray,7,7,0,2026-10-01 03:55:22,2026-10-01 03:55:22.390
2026-10-01 03:47:11,ENMT488Z,ESG1,Nicholas Limparis,7,7,0,2026-10-01 03:55:22,2026-10-01 03:55:22.664
2026-10-01 03:47:11,ENSP102,0101,Joanna Goger,22,22,0,2026-10-01 03:55:34,2026-10-01 03:55:34.822
2026-10-01 03:47:11,ENSP102,0102,Joanna Goger,22,22,0,2026-10-01 03:55:34,2026-10-01 03:55:34.823
2026-10-01 03:47:11,ENSP102,0103,Joanna Goger,23,23,0,2026-10-01 03:55:34,2026-10-01 03:55:34.823
2026-10-01 03:47:11,ENSP102,0104,Joanna Goger,22,22,0,2026-10-01 03:55:34,2026-10-01 03:55:34.823
2026-10-01 03:47:11,ENSP102,0105,Joanna Goger,22,22,0,2026-10-01 03:55:34,2026-10-01 03:55:34.823
2026-10-01 03:47:11,ENSP102,0106,Joanna Goger,22,22,0,2026-10-01 03:55:34,2026-10-01 03:55:34.823
2026-10-01 03:47:11,ENSP102,0107,Joanna Goger,22,22,0,2026-10-01 03:55:34,2026-10-01 03:55:34.823
2026-10-01 03:47:11,ENSP306,0101,Caroline Boules,30,30,0,2026-10-01 03:55:35,2026-10-01 03:55:35.059
2026-10-01 03:47:11,ENSP330,0101,Joanna Goger,35,35,0,2026-10-01 03:55:35,2026-10-01 03:55:35.365
2026-10-01 03:47:11,ENSP342,0101,Annette Spivy,35,35,0,2026-10-01 03:55:35,2026-10-01 03:55:35.816
2026-10-01 03:47:11,ENSP370,0101,Arielle Wharton,30,30,0,2026-10-01 03:55:36,2026-10-01 03:55:36.656
2026-10-01 03:47:11,ENSP399R,0101,Melissa Kenney,15,15,0,2026-10-01 03:55:37,2026-10-01 03:55:37.870
2026-10-01 03:47:11,ENSP399R,0301,Instructor: TBA,15,15,0,2026-10-01 03:55:37,2026-10-01 03:55:37.870
2026-10-01 03:47:11,ENSP399R,0601,Annette Spivy,10,10,0,2026-10-01 03:55:37,2026-10-01 03:55:37.870
2026-10-01 03:47:11,ENSP399R,1001,Jennifer Mullinax,10,10,0,2026-10-01 03:55:37,2026-10-01 03:55:37.871
2026-10-01 03:47:11,ENSP400,0101,Caroline Boules,30,30,0,2026-10-01 03:55:38,2026-10-01 03:55:38.250
2026-10-01 03:47:11,ENSP400,0102,Annette Spivy,30,30,0,2026-10-01 03:55:38,2026-10-01 03:55:38.250
2026-10-01 03:47:11,ENSP400,0104,Colleen O'Donnell,20,20,0,2026-10-01 03:55:38,2026-10-01 03:55:38.250
2026-10-01 03:47:11,FGSM398,0101,Jayakumar Arasan,120,120,0,2026-10-01 03:56:05,2026-10-01 03:56:05.205
2026-10-01 03:47:11,FGSM398,0201,Jayakumar Arasan,120,120,0,2026-10-01 03:56:05,2026-10-01 03:56:05.205
2026-10-01 03:47:11,GEMS102,0101,David Lovell,180,180,0,2026-10-01 03:56:27,2026-10-01 03:56:27.388
2026-10-01 03:47:11,GEMS208D,0101,Allison Lansverk,1,1,0,2026-10-01 03:56:27,2026-10-01 03:56:27.653
2026-10-01 03:47:11,GEMS208E,0101,Allison Lansverk,18,18,0,2026-10-01 03:56:27,2026-10-01 03:56:27.914
2026-10-01 03:47:11,GEMS208F,0201,Allison Lansverk,12,12,0,2026-10-01 03:56:28,2026-10-01 03:56:28.161
2026-10-01 03:47:11,GEMS208J,0101,Allison Lansverk,24,24,0,2026-10-01 03:56:28,2026-10-01 03:56:28.414
2026-10-01 03:47:11,GEMS208K,0101,Allison Lansverk,30,30,0,2026-10-01 03:56:28,2026-10-01 03:56:28.659
2026-10-01 03:47:11,GEMS208P,0101,Allison Lansverk,15,15,0,2026-10-01 03:56:28,2026-10-01 03:56:28.950
2026-10-01 03:47:11,GEMS208Q,0201,Allison Lansverk,1,1,0,2026-10-01 03:56:29,2026-10-01 03:56:29.188
2026-10-01 03:47:11,GEMS296,0113,David Lovell,5,5,0,2026-10-01 03:56:29,2026-10-01 03:56:29.446
2026-10-01 03:47:11,GEMS297,0101,Instructor: TBA,14,14,0,2026-10-01 03:56:29,2026-10-01 03:56:29.752
2026-10-01 03:47:11,GEMS297,0102,Instructor: TBA,14,14,0,2026-10-01 03:56:29,2026-10-01 03:56:29.753
2026-10-01 03:47:11,GEMS297,0103,Instructor: TBA,14,14,0,2026-10-01 03:56:29,2026-10-01 03:56:29.753
2026-10-01 03:47:11,GEMS297,0104,Instructor: TBA,14,14,0,2026-10-01 03:56:29,2026-10-01 03:56:29.753
2026-10-01 03:47:11,GEMS297,0105,Instructor: TBA,14,14,0,2026-10-01 03:56:29,2026-10-01 03:56:29.753
2026-10-01 03:47:11,GEMS297,0106,Instructor: TBA,14,14,0,2026-10-01 03:56:29,2026-10-01 03:56:29.753
2026-10-01 03:47:11,GEMS297,0107,Instructor: TBA,14,14,0,2026-10-01 03:56:29,2026-10-01 03:56:29.753
2026-10-01 03:47:11,GEMS297,0108,Instructor: TBA,14,14,0,2026-10-01 03:56:29,2026-10-01 03:56:29.753
2026-10-01 03:47:11,GEMS297,0109,Instructor: TBA,14,14,0,2026-10-01 03:56:29,2026-10-01 03:56:29.753
2026-10-01 03:47:11,GEMS297,0110,Instructor: TBA,14,14,0,2026-10-01 03:56:29,2026-10-01 03:56:29.753
2026-10-01 03:47:11,GEMS297,0111,Instructor: TBA,14,14,0,2026-10-01 03:56:29,2026-10-01 03:56:29.754
2026-10-01 03:47:11,GEMS297,0112,Instructor: TBA,14,14,0,2026-10-01 03:56:29,2026-10-01 03:56:29.754
2026-10-01 03:47:11,GEMS297,0113,Instructor: TBA,14,14,0,2026-10-01 03:56:29,2026-10-01 03:56:29.754
2026-10-01 03:47:11,GEMS297,0114,Instructor: TBA,14,14,0,2026-10-01 03:56:29,2026-10-01 03:56:29.754
2026-10-01 03:47:11,GEMS297,0115,Instructor: TBA,5,5,0,2026-10-01 03:56:29,2026-10-01 03:56:29.754
2026-10-01 03:47:11,GEMS396,0113,David Lovell,5,5,0,2026-10-01 03:56:30,2026-10-01 03:56:30.021
2026-10-01 03:47:11,GEMS397,0101,Michael Humber,14,14,0,2026-10-01 03:56:30,2026-10-01 03:56:30.303
2026-10-01 03:47:11,GEMS397,0102,Seth Dickey,14,14,0,2026-10-01 03:56:30,2026-10-01 03:56:30.303
2026-10-01 03:47:11,GEMS397,0103,Cecilia Huertas Cerdeira,14,14,0,2026-10-01 03:56:30,2026-10-01 03:56:30.303
2026-10-01 03:47:11,GEMS397,0104,Rodolphe Gentili,14,14,0,2026-10-01 03:56:30,2026-10-01 03:56:30.303
2026-10-01 03:47:11,GEMS397,0105,Allison Reilly,14,14,0,2026-10-01 03:56:30,2026-10-01 03:56:30.303
2026-10-01 03:47:11,GEMS397,0106,Peter Sunderland,14,14,0,2026-10-01 03:56:30,2026-10-01 03:56:30.303
2026-10-01 03:47:11,GEMS397,0107,Brett Lacey,14,14,0,2026-10-01 03:56:30,2026-10-01 03:56:30.303
2026-10-01 03:47:11,GEMS397,0108,Natalia Buzulukova,14,14,0,2026-10-01 03:56:30,2026-10-01 03:56:30.303
2026-10-01 03:47:11,GEMS397,0109,Anil Deane,14,14,0,2026-10-01 03:56:30,2026-10-01 03:56:30.304
2026-10-01 03:47:11,GEMS397,0110,Colenso Speer,14,14,0,2026-10-01 03:56:30,2026-10-01 03:56:30.304
2026-10-01 03:47:11,GEMS397,0111,Alisa Clyne,14,14,0,2026-10-01 03:56:30,2026-10-01 03:56:30.304
2026-10-01 03:47:11,GEMS397,0112,Xin Zan,14,14,0,2026-10-01 03:56:30,2026-10-01 03:56:30.304
2026-10-01 03:47:11,GEMS397,0113,Instructor: TBA,14,14,0,2026-10-01 03:56:30,2026-10-01 03:56:30.304
2026-10-01 03:47:11,GEMS397,0114,David Lovell,5,5,0,2026-10-01 03:56:30,2026-10-01 03:56:30.304
2026-10-01 03:47:11,GEMS397,0115,David Lovell,5,5,0,2026-10-01 03:56:30,2026-10-01 03:56:30.304
2026-10-01 03:47:11,GEMS496,0113,David Lovell,5,5,0,2026-10-01 03:56:30,2026-10-01 03:56:30.716
2026-10-01 03:47:11,GEMS497,0101,Eric Haag,14,14,0,2026-10-01 03:56:30,2026-10-01 03:56:30.993
2026-10-01 03:47:11,GEMS497,0102,Mohammad Nayeem Teli,14,14,0,2026-10-01 03:56:30,2026-10-01 03:56:30.994
2026-10-01 03:47:11,GEMS497,0103,Norberto Gonzalez- Juarbe,14,14,0,2026-10-01 03:56:30,2026-10-01 03:56:30.994
2026-10-01 03:47:11,GEMS497,0104,Abhinav Shrivastava,14,14,0,2026-10-01 03:56:30,2026-10-01 03:56:30.994
2026-10-01 03:47:11,GEMS497,0105,Hector Alcala,14,14,0,2026-10-01 03:56:30,2026-10-01 03:56:30.994
2026-10-01 03:47:11,GEMS497,0106,Massimo Ricotti,14,14,0,2026-10-01 03:56:30,2026-10-01 03:56:30.994
2026-10-01 03:47:11,GEMS497,0107,Reza Ghodssi,14,14,0,2026-10-01 03:56:30,2026-10-01 03:56:30.994
2026-10-01 03:47:11,GEMS497,0108,Nikhil Chopra,14,14,0,2026-10-01 03:56:30,2026-10-01 03:56:30.994
2026-10-01 03:47:11,GEMS497,0109,Kimberly Stroka,14,14,0,2026-10-01 03:56:30,2026-10-01 03:56:30.994
2026-10-01 03:47:11,GEMS497,0110,Gorjan Alagic,14,14,0,2026-10-01 03:56:30,2026-10-01 03:56:30.995
2026-10-01 03:47:11,GEMS497,0111,Alisa Clyne,14,14,0,2026-10-01 03:56:30,2026-10-01 03:56:30.995
2026-10-01 03:47:11,GEMS497,0112,Xin Zan,14,14,0,2026-10-01 03:56:30,2026-10-01 03:56:30.995
2026-10-01 03:47:11,GEMS497,0113,David Lovell,14,14,0,2026-10-01 03:56:30,2026-10-01 03:56:30.995
2026-10-01 03:47:11,GEMS497,0114,David Lovell,14,14,0,2026-10-01 03:56:30,2026-10-01 03:56:30.995
2026-10-01 03:47:11,GFPL100,0101,Alec Worsnop,21,21,0,2026-10-01 03:57:05,2026-10-01 03:57:05.222
2026-10-01 03:47:11,GFPL100,0102,Alec Worsnop,21,21,0,2026-10-01 03:57:05,2026-10-01 03:57:05.222
2026-10-01 03:47:11,GFPL100,0103,Alec Worsnop,21,21,0,2026-10-01 03:57:05,2026-10-01 03:57:05.222
2026-10-01 03:47:11,GFPL100,0104,Alec Worsnop,21,21,0,2026-10-01 03:57:05,2026-10-01 03:57:05.222
2026-10-01 03:47:11,GFPL100,0105,Alec Worsnop,21,21,0,2026-10-01 03:57:05,2026-10-01 03:57:05.222
2026-10-01 03:47:11,GFPL100,0106,Alec Worsnop,20,20,0,2026-10-01 03:57:05,2026-10-01 03:57:05.222
2026-10-01 03:47:11,GFPL102,0101,Caroline Ritter,95,95,0,2026-10-01 03:57:05,2026-10-01 03:57:05.475
2026-10-01 03:47:11,GFPL372,0101,Devin Entrikin,40,40,0,2026-10-01 03:57:05,2026-10-01 03:57:05.743
2026-10-01 03:47:11,GLBC200,0101,Parker Brookie,30,30,0,2026-10-01 03:57:07,2026-10-01 03:57:07.752
2026-10-01 03:47:11,GLBC360,0101,Hester Baer,30,30,0,2026-10-01 03:57:07,2026-10-01 03:57:07.995
2026-10-01 03:47:11,HACS101,0101,Michel Cukier,35,35,0,2026-10-01 03:57:30,2026-10-01 03:57:30.569
2026-10-01 03:47:11,HACS101,0201,Michel Cukier,35,35,0,2026-10-01 03:57:30,2026-10-01 03:57:30.569
2026-10-01 03:47:11,HACS201,0101,Bertrand Sobesto,26,26,0,2026-10-01 03:57:30,2026-10-01 03:57:30.822
2026-10-01 03:47:11,HACS208A,0101,Lawrence Gordon,20,20,0,2026-10-01 03:57:31,2026-10-01 03:57:31.091
2026-10-01 03:47:11,HACS208E,0101,Ian Serbin,26,26,0,2026-10-01 03:57:31,2026-10-01 03:57:31.344
2026-10-01 03:47:11,HACS208Z,0101,Zulema Belyeu,30,30,0,2026-10-01 03:57:31,2026-10-01 03:57:31.655
2026-10-01 03:47:11,HACS297,0101,Sarah Herberger,25,25,0,2026-10-01 03:57:32,2026-10-01 03:57:32.460
2026-10-01 03:47:11,HACS318A,0101,Lindsey Schrott,75,75,0,2026-10-01 03:57:32,2026-10-01 03:57:32.721
2026-10-01 03:47:11,HACS408C,0101,Lamia Zia,26,26,0,2026-10-01 03:57:32,2026-10-01 03:57:32.986
2026-10-01 03:47:11,HACS408P,0101,Firoozeh Rahimian,26,26,0,2026-10-01 03:57:33,2026-10-01 03:57:33.259
2026-10-01 03:47:11,HACS408T,0101,Kevin Bock,30,30,0,2026-10-01 03:57:33,2026-10-01 03:57:33.506
2026-10-01 03:47:11,HACS408V,0101,Edward Condon,30,30,0,2026-10-01 03:57:33,2026-10-01 03:57:33.749
2026-10-01 03:47:11,HACS497,0101,Cassie Harrington,25,25,0,2026-10-01 03:57:34,2026-10-01 03:57:34.274
2026-10-01 03:47:11,HACS498,0101,Thomas Woods,10,10,0,2026-10-01 03:57:34,2026-10-01 03:57:34.538
2026-10-01 03:47:11,HACS498,0201,Neal Ziring,18,18,0,2026-10-01 03:57:34,2026-10-01 03:57:34.538
2026-10-01 03:47:11,HACS498,0301,Michel Cukier,4,4,0,2026-10-01 03:57:34,2026-10-01 03:57:34.538
2026-10-01 03:47:11,HBUS105,0101,Daniel McCarthy,35,35,0,2026-10-01 03:57:35,2026-10-01 03:57:35.982
2026-10-01 03:47:11,HBUS105,0201,Daniel McCarthy,35,35,0,2026-10-01 03:57:35,2026-10-01 03:57:35.982
2026-10-01 03:47:11,HBUS205,0101,Nicole Coomber,30,30,0,2026-10-01 03:57:36,2026-10-01 03:57:36.251
2026-10-01 03:47:11,HBUS205,0201,Nicole Coomber,30,30,0,2026-10-01 03:57:36,2026-10-01 03:57:36.251
2026-10-01 03:47:11,HDCC106,0101,Jessica Lu,10,10,0,2026-10-01 03:57:37,2026-10-01 03:57:37.727
2026-10-01 03:47:11,HDCC106,0201,William Evans,10,10,0,2026-10-01 03:57:37,2026-10-01 03:57:37.727
2026-10-01 03:47:11,HDCC106,0301,Grant Bollmer,10,10,0,2026-10-01 03:57:37,2026-10-01 03:57:37.727
2026-10-01 03:47:11,HDCC106,0401,Cliff Bakalian,10,10,0,2026-10-01 03:57:37,2026-10-01 03:57:37.727
2026-10-01 03:47:11,HDCC106,0501,Alex Leitch,10,10,0,2026-10-01 03:57:37,2026-10-01 03:57:37.727
2026-10-01 03:47:11,HDCC106,0601,Jade Olson,10,10,0,2026-10-01 03:57:37,2026-10-01 03:57:37.728
2026-10-01 03:47:11,HDCC106,0701,Courtney Ray,10,10,0,2026-10-01 03:57:37,2026-10-01 03:57:37.728
2026-10-01 03:47:11,HDCC209A,0101,Jessica Lu,15,15,0,2026-10-01 03:57:37,2026-10-01 03:57:37.984
2026-10-01 03:47:11,HDCC209B,0101,Nishtha Das,15,15,0,2026-10-01 03:57:38,2026-10-01 03:57:38.254
2026-10-01 03:47:11,HDCC209C,0101,Hansika Murugu,15,15,0,2026-10-01 03:57:38,2026-10-01 03:57:38.525
2026-10-01 03:47:11,HEBR107,0101,Avital Karpman,15,15,0,2026-10-01 03:57:40,2026-10-01 03:57:40.236
2026-10-01 03:47:11,HEBR107,0201,Avital Karpman,15,15,0,2026-10-01 03:57:40,2026-10-01 03:57:40.236
2026-10-01 03:47:11,HEBR207,0101,Avital Karpman,15,15,0,2026-10-01 03:57:40,2026-10-01 03:57:40.494
2026-10-01 03:47:11,HEBR249A,0101,Aliza Sandalon,15,15,0,2026-10-01 03:57:40,2026-10-01 03:57:40.748
2026-10-01 03:47:11,HEBR314,0101,Aliza Sandalon,20,20,0,2026-10-01 03:57:41,2026-10-01 03:57:41.014
2026-10-01 03:47:11,HEBR488,0101,Bernard Cooperman,10,10,0,2026-10-01 03:57:41,2026-10-01 03:57:41.505
2026-10-01 03:47:11,HEBR488,0102,Aner Tal,10,10,0,2026-10-01 03:57:41,2026-10-01 03:57:41.505
2026-10-01 03:47:11,HGLO298,0101,Daniel Tuke,30,30,0,2026-10-01 03:57:57,2026-10-01 03:57:57.951
2026-10-01 03:47:11,HHUM106,0101,Sarah Humud,17,17,0,2026-10-01 03:57:59,2026-10-01 03:57:59.417
2026-10-01 03:47:11,HHUM106,0102,Sarah Humud,17,17,0,2026-10-01 03:57:59,2026-10-01 03:57:59.417
2026-10-01 03:47:11,HHUM106,0103,Sarah Humud,17,17,0,2026-10-01 03:57:59,2026-10-01 03:57:59.417
2026-10-01 03:47:11,HHUM106,0104,Sarah Humud,17,17,0,2026-10-01 03:57:59,2026-10-01 03:57:59.417
2026-10-01 03:47:11,HHUM206,0101,Sarah Humud,15,15,0,2026-10-01 03:57:59,2026-10-01 03:57:59.684
2026-10-01 03:47:11,HHUM206,0102,Sarah Humud,15,15,0,2026-10-01 03:57:59,2026-10-01 03:57:59.684
2026-10-01 03:47:11,HHUM206,0103,Sarah Humud,15,15,0,2026-10-01 03:57:59,2026-10-01 03:57:59.684
2026-10-01 03:47:11,HHUM206,0104,Sarah Humud,15,15,0,2026-10-01 03:57:59,2026-10-01 03:57:59.684
2026-10-01 03:47:11,HHUM328,0101,Sarah Humud,20,20,0,2026-10-01 03:57:59,2026-10-01 03:57:59.952
2026-10-01 03:47:11,HHUM329,0101,Sarah Humud,5,5,0,2026-10-01 03:58:00,2026-10-01 03:58:00.256
2026-10-01 03:47:11,HISP200,0101,Stefan Woehlke,22,22,0,2026-10-01 03:58:02,2026-10-01 03:58:02.080
2026-10-01 03:47:11,HISP200,0102,Stefan Woehlke,22,22,0,2026-10-01 03:58:02,2026-10-01 03:58:02.080
2026-10-01 03:47:11,HISP200,0103,Stefan Woehlke,22,22,0,2026-10-01 03:58:02,2026-10-01 03:58:02.080
2026-10-01 03:47:11,HISP200,0104,Stefan Woehlke,22,22,0,2026-10-01 03:58:02,2026-10-01 03:58:02.081
2026-10-01 03:47:11,HISP200,0105,Stefan Woehlke,22,22,0,2026-10-01 03:58:02,2026-10-01 03:58:02.081
2026-10-01 03:47:11,HISP319E,0101,Michelle Magalong,20,20,0,2026-10-01 03:58:02,2026-10-01 03:58:02.399
2026-10-01 03:47:11,HISP319S,0101,Michelle Magalong,30,30,0,2026-10-01 03:58:02,2026-10-01 03:58:02.644
2026-10-01 03:47:11,HISP619E,0101,Michelle Magalong,24,24,0,2026-10-01 03:58:02,2026-10-01 03:58:02.892
2026-10-01 03:47:11,HISP619O,0101,Stefan Woehlke,5,5,0,2026-10-01 03:58:03,2026-10-01 03:58:03.243
2026-10-01 03:47:11,HISP630,0101,Rhonda Sincavage,15,15,0,2026-10-01 03:58:03,2026-10-01 03:58:03.497
2026-10-01 03:47:11,HISP635,0101,Eola Dance,10,10,0,2026-10-01 03:58:03,2026-10-01 03:58:03.776
2026-10-01 03:47:11,HISP640,0101,Frederick Stachura,15,15,0,2026-10-01 03:58:04,2026-10-01 03:58:04.493
2026-10-01 03:47:11,HISP655,0101,Donald Linebaugh,15,15,0,2026-10-01 03:58:04,2026-10-01 03:58:04.746
2026-10-01 03:47:11,HISP660,0101,Instructor: TBA,15,15,0,2026-10-01 03:58:04,2026-10-01 03:58:04.998
2026-10-01 03:47:11,HISP670,0101,Alfonso Narvaez,15,15,0,2026-10-01 03:58:05,2026-10-01 03:58:05.298
2026-10-01 03:47:11,HISP690,0101,Donald Linebaugh,15,15,0,2026-10-01 03:58:05,2026-10-01 03:58:05.559
2026-10-01 03:47:11,HISP701,0101,Instructor: TBA,5,5,0,2026-10-01 03:58:05,2026-10-01 03:58:05.819
2026-10-01 03:47:11,HISP710,0101,Susan Kern,15,15,0,2026-10-01 03:58:06,2026-10-01 03:58:06.067
2026-10-01 03:47:11,HISP711,0101,Susan Kern,15,15,0,2026-10-01 03:58:06,2026-10-01 03:58:06.332
2026-10-01 03:47:11,HLSC102,0101,Sabrina Kramer,94,94,0,2026-10-01 03:58:30,2026-10-01 03:58:30.302
2026-10-01 03:47:11,HLSC102,0102,Jalah Townsend,35,35,0,2026-10-01 03:58:30,2026-10-01 03:58:30.302
2026-10-01 03:47:11,HLSC227,0101,Najib El-Sayed,25,25,0,2026-10-01 03:58:30,2026-10-01 03:58:30.577
2026-10-01 03:47:11,HLSC322,0101,Leslie Pick,23,23,0,2026-10-01 03:58:30,2026-10-01 03:58:30.822
2026-10-01 03:47:11,HLSC322,0102,Leslie Pick,23,23,0,2026-10-01 03:58:30,2026-10-01 03:58:30.822
2026-10-01 03:47:11,HLSC322,0103,Sabrina Kramer,23,23,0,2026-10-01 03:58:30,2026-10-01 03:58:30.822
2026-10-01 03:47:11,HLSC322,0104,Sabrina Kramer,23,23,0,2026-10-01 03:58:30,2026-10-01 03:58:30.823
2026-10-01 03:47:11,HLSC329,0101,Sabrina Kramer,12,12,0,2026-10-01 03:58:31,2026-10-01 03:58:31.111
2026-10-01 03:47:11,HNUH100,0101,Max Barnewitz,10,10,0,2026-10-01 03:58:43,2026-10-01 03:58:43.894
2026-10-01 03:47:11,HNUH218D,0101,Brian Gilmore,50,50,0,2026-10-01 03:58:44,2026-10-01 03:58:44.148
2026-10-01 03:47:11,HNUH218L,0101,Shauna Rigaud,20,20,0,2026-10-01 03:58:44,2026-10-01 03:58:44.414
2026-10-01 03:47:11,HNUH218L,0201,Shauna Rigaud,20,20,0,2026-10-01 03:58:44,2026-10-01 03:58:44.414
2026-10-01 03:47:11,HNUH218M,0101,Ebonie Johnson Cooper,20,20,0,2026-10-01 03:58:44,2026-10-01 03:58:44.668
2026-10-01 03:47:11,HNUH218N,0101,Sujith Kumar,20,20,0,2026-10-01 03:58:44,2026-10-01 03:58:44.922
2026-10-01 03:47:11,HNUH228D,0101,Matthew McLaughlin,60,60,0,2026-10-01 03:58:45,2026-10-01 03:58:45.186
2026-10-01 03:47:11,HNUH228L,0101,Alena Wigodner,20,20,0,2026-10-01 03:58:45,2026-10-01 03:58:45.442
2026-10-01 03:47:11,HNUH228L,0201,Alena Wigodner,20,20,0,2026-10-01 03:58:45,2026-10-01 03:58:45.442
2026-10-01 03:47:11,HNUH228M,0101,Ted Baker,20,20,0,2026-10-01 03:58:45,2026-10-01 03:58:45.710
2026-10-01 03:47:11,HNUH229P,0101,Tyson Slocum,20,20,0,2026-10-01 03:58:45,2026-10-01 03:58:45.977
2026-10-01 03:47:11,HNUH238D,0101,Susan Moeller,60,60,0,2026-10-01 03:58:46,2026-10-01 03:58:46.254
2026-10-01 03:47:11,HNUH238L,0101,Kimberly Johnson,20,20,0,2026-10-01 03:58:46,2026-10-01 03:58:46.529
2026-10-01 03:47:11,HNUH238L,0201,Kimberly Johnson,20,20,0,2026-10-01 03:58:46,2026-10-01 03:58:46.529
2026-10-01 03:47:11,HNUH238M,0101,Daniel Reck,20,20,0,2026-10-01 03:58:46,2026-10-01 03:58:46.793
2026-10-01 03:47:11,HNUH239I,0101,Jon Crocker,20,20,0,2026-10-01 03:58:47,2026-10-01 03:58:47.042
2026-10-01 03:47:11,HNUH248D,0101,Juan Uriagereka,45,45,0,2026-10-01 03:58:47,2026-10-01 03:58:47.308
2026-10-01 03:47:11,HNUH248L,0101,Robert Graham,20,20,0,2026-10-01 03:58:47,2026-10-01 03:58:47.585
2026-10-01 03:47:11,HNUH249T,0101,Daniel Rosenthal,20,20,0,2026-10-01 03:58:47,2026-10-01 03:58:47.858
2026-10-01 03:47:11,HNUH258C,0101,Bill Fagan,55,55,0,2026-10-01 03:58:48,2026-10-01 03:58:48.116
2026-10-01 03:47:11,HNUH258O,0101,Amy Green,20,20,0,2026-10-01 03:58:48,2026-10-01 03:58:48.373
2026-10-01 03:47:11,HNUH259T,0101,Ingrid Satelmajer,20,20,0,2026-10-01 03:58:48,2026-10-01 03:58:48.638
2026-10-01 03:47:11,HNUH268C,0101,Perla Guerrero,60,60,0,2026-10-01 03:58:48,2026-10-01 03:58:48.904
2026-10-01 03:47:11,HNUH268Q,0101,Binod Paudyal,20,20,0,2026-10-01 03:58:49,2026-10-01 03:58:49.164
2026-10-01 03:47:11,HNUH268R,0201,Vasfiye Toprak,20,20,0,2026-10-01 03:58:49,2026-10-01 03:58:49.451
2026-10-01 03:47:11,HNUH269T,0101,James Stillwell,20,20,0,2026-10-01 03:58:49,2026-10-01 03:58:49.708
2026-10-01 03:47:11,HNUH278C,0101,Chinyere Osuji,60,60,0,2026-10-01 03:58:49,2026-10-01 03:58:49.978
2026-10-01 03:47:11,HNUH278I,0101,Marisa Franco,20,20,0,2026-10-01 03:58:50,2026-10-01 03:58:50.227
2026-10-01 03:47:11,HNUH278I,0201,Marisa Franco,20,20,0,2026-10-01 03:58:50,2026-10-01 03:58:50.227
2026-10-01 03:47:11,HNUH278O,0101,DeNeen Brown,20,20,0,2026-10-01 03:58:50,2026-10-01 03:58:50.490
2026-10-01 03:47:11,HNUH278Q,0101,Katherine Coogan,20,20,0,2026-10-01 03:58:50,2026-10-01 03:58:50.756
2026-10-01 03:47:11,HNUH278R,0101,Max Barnewitz,20,20,0,2026-10-01 03:58:51,2026-10-01 03:58:51.007
2026-10-01 03:47:11,HNUH288C,0101,Julia Steinberg,30,30,0,2026-10-01 03:58:51,2026-10-01 03:58:51.266
2026-10-01 03:47:11,HNUH288C,0102,Julia Steinberg,30,30,0,2026-10-01 03:58:51,2026-10-01 03:58:51.266
2026-10-01 03:47:11,HNUH288O,0101,Ariana Nash,20,20,0,2026-10-01 03:58:51,2026-10-01 03:58:51.526
2026-10-01 03:47:11,HNUH300,0201,Vasfiye Toprak,20,20,0,2026-10-01 03:58:51,2026-10-01 03:58:51.789
2026-10-01 03:47:11,HNUH300,0301,Shauna Rigaud,20,20,0,2026-10-01 03:58:51,2026-10-01 03:58:51.789
2026-10-01 03:47:11,HNUH300,0401,Vasfiye Toprak,20,20,0,2026-10-01 03:58:51,2026-10-01 03:58:51.789
2026-10-01 03:47:11,HNUH300,0501,Ingrid Satelmajer,20,20,0,2026-10-01 03:58:51,2026-10-01 03:58:51.789
2026-10-01 03:47:11,HNUH300,0701,Jordan Johnson,20,20,0,2026-10-01 03:58:51,2026-10-01 03:58:51.789
2026-10-01 03:47:11,HNUH300,0801,Instructor: TBA,20,20,0,2026-10-01 03:58:51,2026-10-01 03:58:51.789
2026-10-01 03:47:11,HNUH300,0901,Alena Wigodner,20,20,0,2026-10-01 03:58:51,2026-10-01 03:58:51.790
2026-10-01 03:47:11,HNUH300,1001,Robert Graham,20,20,0,2026-10-01 03:58:51,2026-10-01 03:58:51.790
2026-10-01 03:47:11,HNUH300,1101,Max Barnewitz,20,20,0,2026-10-01 03:58:51,2026-10-01 03:58:51.790
2026-10-01 03:47:11,HNUH398P,0101,Jayakumar Arasan,120,120,0,2026-10-01 03:58:52,2026-10-01 03:58:52.045
2026-10-01 03:47:11,HNUH398P,0201,Jayakumar Arasan,120,120,0,2026-10-01 03:58:52,2026-10-01 03:58:52.045
2026-10-01 03:47:11,HONR379W,0101,Blake Wilder,15,15,0,2026-10-01 03:58:53,2026-10-01 03:58:53.498
2026-10-01 03:47:11,IDEA201,0101,Mira Azarm,20,20,0,2026-10-01 03:58:54,2026-10-01 03:58:54.957
2026-10-01 03:47:11,IDEA201,0102,Christina Hnatov,10,10,0,2026-10-01 03:58:54,2026-10-01 03:58:54.957
2026-10-01 03:47:11,IDEA201,0103,Brooke Smith,60,60,0,2026-10-01 03:58:54,2026-10-01 03:58:54.958
2026-10-01 03:47:11,IDEA201,0104,Brooke Smith,60,60,0,2026-10-01 03:58:54,2026-10-01 03:58:54.958
2026-10-01 03:47:11,IDEA311,0101,Brooke Smith,40,40,0,2026-10-01 03:58:55,2026-10-01 03:58:55.252
2026-10-01 03:47:11,IDEA311,0102,Brooke Smith,15,15,0,2026-10-01 03:58:55,2026-10-01 03:58:55.252
2026-10-01 03:47:11,IDEA312,0101,Meredith Kaunitz,15,15,0,2026-10-01 03:58:55,2026-10-01 03:58:55.520
2026-10-01 03:47:11,IMDM101,0101,Stevens Miller,30,30,0,2026-10-01 03:58:57,2026-10-01 03:58:57.572
2026-10-01 03:47:11,IMDM101,0201,Stevens Miller,30,30,0,2026-10-01 03:58:57,2026-10-01 03:58:57.572
2026-10-01 03:47:11,IMDM101,0301,Myungin Lee,30,30,0,2026-10-01 03:58:57,2026-10-01 03:58:57.572
2026-10-01 03:47:11,IMDM127,0101,Matthew Nolan,30,30,0,2026-10-01 03:58:57,2026-10-01 03:58:57.824
2026-10-01 03:47:11,IMDM150,0101,Cy Keener,45,45,0,2026-10-01 03:58:58,2026-10-01 03:58:58.069
2026-10-01 03:47:11,IMDM290,0101,Myungin Lee,30,30,0,2026-10-01 03:58:58,2026-10-01 03:58:58.326
2026-10-01 03:47:11,IMDM290,0201,Myungin Lee,30,30,0,2026-10-01 03:58:58,2026-10-01 03:58:58.326
2026-10-01 03:47:11,IMDM351,0101,Georgia Creson,15,15,0,2026-10-01 03:58:58,2026-10-01 03:58:58.597
2026-10-01 03:47:11,IMDM390,0101,Stefano Passeri,30,30,0,2026-10-01 03:58:58,2026-10-01 03:58:58.846
2026-10-01 03:47:11,IMDM390,0201,Stefano Passeri,30,30,0,2026-10-01 03:58:58,2026-10-01 03:58:58.846
2026-10-01 03:47:11,IMDM491,0101,Matthew Nolan,30,30,0,2026-10-01 03:58:59,2026-10-01 03:58:59.365
2026-10-01 03:47:11,IMDM491,0201,Matthew Nolan,30,30,0,2026-10-01 03:58:59,2026-10-01 03:58:59.366
2026-10-01 03:47:11,IMDM498I,0101,Snehesh Shrestha,16,16,0,2026-10-01 03:58:59,2026-10-01 03:58:59.614
2026-10-01 03:47:11,IMDM498J,0101,Yael Inbar,15,15,0,2026-10-01 03:58:59,2026-10-01 03:58:59.875
2026-10-01 03:47:11,IMMR200,0101,Instructor: TBA,40,40,0,2026-10-01 03:59:01,2026-10-01 03:59:01.693
2026-10-01 03:47:11,IMMR394,0101,Wenxi Yang,25,25,0,2026-10-01 03:59:02,2026-10-01 03:59:02.025
2026-10-01 03:47:11,IMMR399,0101,Christina Getrich,1,1,0,2026-10-01 03:59:02,2026-10-01 03:59:02.420
2026-10-01 03:47:11,INFM612,IM01,Instructor: TBA,40,40,0,2026-10-01 03:59:07,2026-10-01 03:59:07.933
2026-10-01 03:47:11,INFM737,IM01,David Loshin,40,40,0,2026-10-01 03:59:08,2026-10-01 03:59:08.188
2026-10-01 03:47:11,ISRL187,0101,Bernard Cooperman,23,23,0,2026-10-01 03:59:28,2026-10-01 03:59:28.550
2026-10-01 03:47:11,ISRL187,0102,Bernard Cooperman,23,23,0,2026-10-01 03:59:28,2026-10-01 03:59:28.550
2026-10-01 03:47:11,ISRL187,0103,Bernard Cooperman,23,23,0,2026-10-01 03:59:28,2026-10-01 03:59:28.550
2026-10-01 03:47:11,ISRL249O,0101,Aner Tal,35,35,0,2026-10-01 03:59:28,2026-10-01 03:59:28.832
2026-10-01 03:47:11,ISRL249P,0101,Aliza Sandalon,15,15,0,2026-10-01 03:59:29,2026-10-01 03:59:29.082
2026-10-01 03:47:11,ISRL282,0101,Shirelle Doughty,30,30,0,2026-10-01 03:59:29,2026-10-01 03:59:29.335
2026-10-01 03:47:11,ISRL329D,0101,Regev Ben-David,35,35,0,2026-10-01 03:59:29,2026-10-01 03:59:29.635
2026-10-01 03:47:11,ISRL329Y,0101,Marwa Maziad,30,30,0,2026-10-01 03:59:29,2026-10-01 03:59:29.887
2026-10-01 03:47:11,ISRL342,0101,Elli Lieberman,35,35,0,2026-10-01 03:59:30,2026-10-01 03:59:30.158
2026-10-01 03:47:11,ISRL349N,0101,Morad Elsana,30,30,0,2026-10-01 03:59:30,2026-10-01 03:59:30.414
2026-10-01 03:47:11,ISRL349W,0101,Avital Karpman,35,35,0,2026-10-01 03:59:30,2026-10-01 03:59:30.669
2026-10-01 03:47:11,ISRL372,0101,Shirelle Doughty,30,30,0,2026-10-01 03:59:30,2026-10-01 03:59:30.931
2026-10-01 03:47:11,ISRL380,0101,Regev Ben-David,35,35,0,2026-10-01 03:59:31,2026-10-01 03:59:31.258
2026-10-01 03:47:11,ISRL383,0101,Ilai Saltzman,35,35,0,2026-10-01 03:59:31,2026-10-01 03:59:31.529
2026-10-01 03:47:11,JAPN102,0101,Kumiko Akikawa,15,15,0,2026-10-01 03:59:35,2026-10-01 03:59:35.355
2026-10-01 03:47:11,JAPN102,0201,Kumiko Akikawa,15,15,0,2026-10-01 03:59:35,2026-10-01 03:59:35.355
2026-10-01 03:47:11,JAPN202,0101,Makiko Inoue,15,15,0,2026-10-01 03:59:35,2026-10-01 03:59:35.618
2026-10-01 03:47:11,JAPN202,0201,Makiko Inoue,15,15,0,2026-10-01 03:59:35,2026-10-01 03:59:35.618
2026-10-01 03:47:11,JAPN302,0101,Mari Hamada,15,15,0,2026-10-01 03:59:35,2026-10-01 03:59:35.914
2026-10-01 03:47:11,JAPN306,0101,Lindsay Yotsukura,15,15,0,2026-10-01 03:59:36,2026-10-01 03:59:36.193
2026-10-01 03:47:11,JAPN335,0101,Michele Mason,20,20,0,2026-10-01 03:59:36,2026-10-01 03:59:36.460
2026-10-01 03:47:11,JAPN355,0101,Jyana Browne,20,20,0,2026-10-01 03:59:36,2026-10-01 03:59:36.726
2026-10-01 03:47:11,JAPN361,0101,Jyana Browne,20,20,0,2026-10-01 03:59:36,2026-10-01 03:59:36.976
2026-10-01 03:47:11,JAPN425,0101,Michele Mason,30,30,0,2026-10-01 03:59:37,2026-10-01 03:59:37.707
2026-10-01 03:47:11,JAPN457,0101,Lindsay Yotsukura,15,15,0,2026-10-01 03:59:37,2026-10-01 03:59:37.967
2026-10-01 03:47:11,JWST187,0101,Bernard Cooperman,23,23,0,2026-10-01 04:00:02,2026-10-01 04:00:02.042
2026-10-01 03:47:11,JWST187,0102,Bernard Cooperman,23,23,0,2026-10-01 04:00:02,2026-10-01 04:00:02.042
2026-10-01 03:47:11,JWST187,0103,Bernard Cooperman,23,23,0,2026-10-01 04:00:02,2026-10-01 04:00:02.042
2026-10-01 03:47:11,JWST233,0101,Hayim Lapin,45,45,0,2026-10-01 04:00:02,2026-10-01 04:00:02.470
2026-10-01 03:47:11,JWST319A,0101,Daniel Richter,35,35,0,2026-10-01 04:00:02,2026-10-01 04:00:02.912
2026-10-01 03:47:11,JWST319J,0101,Nathan Levine,35,35,0,2026-10-01 04:00:03,2026-10-01 04:00:03.285
2026-10-01 03:47:11,JWST319P,0101,Lauren Kotkin,18,18,0,2026-10-01 04:00:03,2026-10-01 04:00:03.564
2026-10-01 03:47:11,JWST319Q,0101,Regev Ben-David,35,35,0,2026-10-01 04:00:03,2026-10-01 04:00:03.851
2026-10-01 03:47:11,JWST319W,0101,Avital Karpman,35,35,0,2026-10-01 04:00:04,2026-10-01 04:00:04.138
2026-10-01 03:47:11,JWST324,0101,Matthew Suriano,25,25,0,2026-10-01 04:00:04,2026-10-01 04:00:04.557
2026-10-01 03:47:11,JWST372,0101,Shirelle Doughty,30,30,0,2026-10-01 04:00:04,2026-10-01 04:00:04.840
2026-10-01 03:47:11,JWST386,0101,Instructor: TBA,5,5,0,2026-10-01 04:00:05,2026-10-01 04:00:05.203
2026-10-01 03:47:11,JWST419B,0101,Bernard Cooperman,20,20,0,2026-10-01 04:00:05,2026-10-01 04:00:05.805
2026-10-01 03:47:11,JWST427,0101,Matthew Suriano,15,15,0,2026-10-01 04:00:06,2026-10-01 04:00:06.108
2026-10-01 03:47:11,JWST469C,0101,Bernard Cooperman,10,10,0,2026-10-01 04:00:06,2026-10-01 04:00:06.386
2026-10-01 03:47:11,KORA101,0101,Seong Minne Koh,15,15,0,2026-10-01 04:00:30,2026-10-01 04:00:30.617
2026-10-01 03:47:11,KORA102,0101,Saerom Kwak,15,15,0,2026-10-01 04:00:30,2026-10-01 04:00:30.878
2026-10-01 03:47:11,KORA102,0201,Saerom Kwak,15,15,0,2026-10-01 04:00:30,2026-10-01 04:00:30.879
2026-10-01 03:47:11,KORA102,0301,Saerom Kwak,15,15,0,2026-10-01 04:00:30,2026-10-01 04:00:30.879
2026-10-01 03:47:11,KORA102,0401,Saerom Kwak,15,15,0,2026-10-01 04:00:30,2026-10-01 04:00:30.879
2026-10-01 03:47:11,KORA202,0101,Seong Minne Koh,15,15,0,2026-10-01 04:00:31,2026-10-01 04:00:31.192
2026-10-01 03:47:11,KORA202,0301,Seong Minne Koh,15,15,0,2026-10-01 04:00:31,2026-10-01 04:00:31.192
2026-10-01 03:47:11,KORA398O,0101,Instructor: TBA,10,10,0,2026-10-01 04:00:31,2026-10-01 04:00:31.454
2026-10-01 03:47:11,KORA398V,0101,Seong Minne Koh,10,10,0,2026-10-01 04:00:31,2026-10-01 04:00:31.713
2026-10-01 03:47:11,LEAD217,0101,Festus Ainoo,25,25,0,2026-10-01 04:00:45,2026-10-01 04:00:45.641
2026-10-01 03:47:11,LEAD217,0201,Festus Ainoo,25,25,0,2026-10-01 04:00:45,2026-10-01 04:00:45.641
2026-10-01 03:47:11,LEAD321,0101,Courtney Holder,10,10,0,2026-10-01 04:00:45,2026-10-01 04:00:45.898
2026-10-01 03:47:11,LEAD417,0101,Anastasia Lavrenyuk,20,20,0,2026-10-01 04:00:46,2026-10-01 04:00:46.184
2026-10-01 03:47:11,LGBT200,0101,Sayan Bhattacharya,25,25,0,2026-10-01 04:00:47,2026-10-01 04:00:47.640
2026-10-01 03:47:11,LGBT200,0102,Sayan Bhattacharya,25,25,0,2026-10-01 04:00:47,2026-10-01 04:00:47.640
2026-10-01 03:47:11,LGBT265,0201,Instructor: TBA,30,30,0,2026-10-01 04:00:47,2026-10-01 04:00:47.900
2026-10-01 03:47:11,LGBT310,0101,Sayan Bhattacharya,25,25,0,2026-10-01 04:00:48,2026-10-01 04:00:48.148
2026-10-01 03:47:11,LGBT475,0101,Sydney Lewis,20,20,0,2026-10-01 04:00:48,2026-10-01 04:00:48.400
2026-10-01 03:47:11,MLAW150,0101,David Gray,25,25,0,2026-10-01 04:01:19,2026-10-01 04:01:19.835
2026-10-01 03:47:11,MLAW150,0102,David Gray,25,25,0,2026-10-01 04:01:19,2026-10-01 04:01:19.835
2026-10-01 03:47:11,MLAW150,0103,David Gray,25,25,0,2026-10-01 04:01:19,2026-10-01 04:01:19.835
2026-10-01 03:47:11,MLAW304,0101,Christine White,40,40,0,2026-10-01 04:01:20,2026-10-01 04:01:20.088
2026-10-01 03:47:11,MLAW305,0201,Brian Gilmore,60,60,0,2026-10-01 04:01:20,2026-10-01 04:01:20.348
2026-10-01 03:47:11,MLAW325,0101,Grace Benton,12,12,0,2026-10-01 04:01:20,2026-10-01 04:01:20.598
2026-10-01 03:47:11,MLAW358W,0101,Michael Spivey,25,25,0,2026-10-01 04:01:20,2026-10-01 04:01:20.863
2026-10-01 03:47:11,MLAW358W,0102,Michael Spivey,25,25,0,2026-10-01 04:01:20,2026-10-01 04:01:20.863
2026-10-01 03:47:11,MLAW358W,0103,Michael Spivey,25,25,0,2026-10-01 04:01:20,2026-10-01 04:01:20.863
2026-10-01 03:47:11,MLAW358W,0104,Michael Spivey,25,25,0,2026-10-01 04:01:20,2026-10-01 04:01:20.863
2026-10-01 03:47:11,MLAW358W,0105,Michael Spivey,25,25,0,2026-10-01 04:01:20,2026-10-01 04:01:20.863
2026-10-01 03:47:11,MLAW358W,0106,Michael Spivey,25,25,0,2026-10-01 04:01:20,2026-10-01 04:01:20.863
2026-10-01 03:47:11,MLAW358Y,0101,Martin Kobren,5,5,0,2026-10-01 04:01:21,2026-10-01 04:01:21.161
2026-10-01 03:47:11,MLAW358Z,0101,Christine White,19,19,0,2026-10-01 04:01:21,2026-10-01 04:01:21.418
2026-10-01 03:47:11,MLAW359,0101,Brandee Pettus,8,8,0,2026-10-01 04:01:21,2026-10-01 04:01:21.683
2026-10-01 03:47:11,MLAW378E,0101,Brandee Pettus,5,5,0,2026-10-01 04:01:21,2026-10-01 04:01:21.940
2026-10-01 03:47:11,MLAW378F,0101,Brian Gilmore,15,15,0,2026-10-01 04:01:22,2026-10-01 04:01:22.209
2026-10-01 03:47:11,MLAW378J,0101,Natalie Ram,20,20,0,2026-10-01 04:01:22,2026-10-01 04:01:22.491
2026-10-01 03:47:11,MLAW378T,0101,Marley Weiss,20,20,0,2026-10-01 04:01:22,2026-10-01 04:01:22.757
2026-10-01 03:47:11,MLAW388,0101,Brandee Pettus,33,33,0,2026-10-01 04:01:23,2026-10-01 04:01:23.008
2026-10-01 03:47:11,MLAW388,0201,Brandee Pettus,6,6,0,2026-10-01 04:01:23,2026-10-01 04:01:23.008
2026-10-01 03:47:11,MLAW404,0101,Christine White,75,75,0,2026-10-01 04:01:23,2026-10-01 04:01:23.268
2026-10-01 03:47:11,NAVY101,0101,Beau Cisneros,30,30,0,2026-10-01 04:01:52,2026-10-01 04:01:52.278
2026-10-01 03:47:11,NAVY108,0101,Christopher Boehm,150,150,0,2026-10-01 04:01:52,2026-10-01 04:01:52.533
2026-10-01 03:47:11,NAVY201,0101,Austin Cranfill,30,30,0,2026-10-01 04:01:52,2026-10-01 04:01:52.781
2026-10-01 03:47:11,NAVY301,0101,Beau Cisneros,35,35,0,2026-10-01 04:01:53,2026-10-01 04:01:53.034
2026-10-01 03:47:11,NAVY401,0101,John Gonser,36,36,0,2026-10-01 04:01:53,2026-10-01 04:01:53.295
2026-10-01 03:47:11,NAVY402,0102,Jenna Weiner,25,25,0,2026-10-01 04:01:53,2026-10-01 04:01:53.558
2026-10-01 03:47:11,NEUR200,0101,Ana Navarro Cebrian,90,90,0,2026-10-01 04:01:55,2026-10-01 04:01:55.016
2026-10-01 03:47:11,NEUR200,0201,Ana Navarro Cebrian,90,90,0,2026-10-01 04:01:55,2026-10-01 04:01:55.016
2026-10-01 03:47:11,NEUR305,0101,Amanda Chicoli,90,90,0,2026-10-01 04:01:55,2026-10-01 04:01:55.287
2026-10-01 03:47:11,NEUR306,0101,Chan Lin,64,64,0,2026-10-01 04:01:55,2026-10-01 04:01:55.549
2026-10-01 03:47:11,NEUR306,0102,Melissa Caras,40,40,0,2026-10-01 04:01:55,2026-10-01 04:01:55.549
2026-10-01 03:47:11,NEUR338A,0101,Amanda Chicoli,20,20,0,2026-10-01 04:01:56,2026-10-01 04:01:56.069
2026-10-01 03:47:11,NEUR398H,0101,Nikolas Francis,20,20,0,2026-10-01 04:01:56,2026-10-01 04:01:56.821
2026-10-01 03:47:11,NEUR405,0101,Hilary Bierman,16,16,0,2026-10-01 04:01:57,2026-10-01 04:01:57.116
2026-10-01 03:47:11,NEUR405,0102,Hilary Bierman,16,16,0,2026-10-01 04:01:57,2026-10-01 04:01:57.116
2026-10-01 03:47:11,NEUR405,0103,Hilary Bierman,16,16,0,2026-10-01 04:01:57,2026-10-01 04:01:57.117
2026-10-01 03:47:11,NEUR405,0106,Hilary Bierman,16,16,0,2026-10-01 04:01:57,2026-10-01 04:01:57.117
2026-10-01 03:47:11,PEER318,0101,Christina Jay,15,15,0,2026-10-01 04:02:06,2026-10-01 04:02:06.414
2026-10-01 03:47:11,PEER319,0101,Grace Boudreau,15,15,0,2026-10-01 04:02:06,2026-10-01 04:02:06.680
2026-10-01 03:47:11,PEER322,0101,Aleia Gardner,15,15,0,2026-10-01 04:02:06,2026-10-01 04:02:06.958
2026-10-01 03:47:11,PHPE308A,0101,Rachel Singpurwalla,25,25,0,2026-10-01 04:02:16,2026-10-01 04:02:16.183
2026-10-01 03:47:11,PHPE308M,0101,Eric Pacuit,30,30,0,2026-10-01 04:02:16,2026-10-01 04:02:16.448
2026-10-01 03:47:11,PHPE308P,0101,Xinzhi Zhao,30,30,0,2026-10-01 04:02:16,2026-10-01 04:02:16.732
2026-10-01 03:47:11,PHPE308U,0101,Aner Tal,35,35,0,2026-10-01 04:02:16,2026-10-01 04:02:16.994
2026-10-01 03:47:11,PHPE308Z,0101,Hallie Liberto,30,30,0,2026-10-01 04:02:17,2026-10-01 04:02:17.261
2026-10-01 03:47:11,PHPE400,0101,Instructor: TBA,30,30,0,2026-10-01 04:02:17,2026-10-01 04:02:17.782
2026-10-01 03:47:11,PHPE401,0101,Xinzhi Zhao,27,27,0,2026-10-01 04:02:18,2026-10-01 04:02:18.096
2026-10-01 03:47:11,PHPE401,0102,Xinzhi Zhao,27,27,0,2026-10-01 04:02:18,2026-10-01 04:02:18.096
2026-10-01 03:47:11,PHPE402,0101,Ben Fan,30,30,0,2026-10-01 04:02:18,2026-10-01 04:02:18.345
2026-10-01 03:47:11,PHPE408M,0101,Nicholas Laskowski,25,25,0,2026-10-01 04:02:18,2026-10-01 04:02:18.606
2026-10-01 03:47:11,PHPE408Q,0101,Samuel Kerstein,20,20,0,2026-10-01 04:02:18,2026-10-01 04:02:18.859
2026-10-01 03:47:11,PHPE408Z,0101,Avia Pasternak,30,30,0,2026-10-01 04:02:19,2026-10-01 04:02:19.111
2026-10-01 03:47:11,PHSC399,0101,Shannon Edward,30,30,0,2026-10-01 04:02:20,2026-10-01 04:02:20.874
2026-10-01 03:47:11,PHSC399,ESG1,Shannon Edward,20,20,0,2026-10-01 04:02:20,2026-10-01 04:02:20.874
2026-10-01 03:47:11,PHSC415,0101,Jessica O'Hara,36,36,0,2026-10-01 04:02:21,2026-10-01 04:02:21.173
2026-10-01 03:47:11,PHSC415,0102,Jessica O'Hara,36,36,0,2026-10-01 04:02:21,2026-10-01 04:02:21.173
2026-10-01 03:47:11,PHSC415,0103,Jessica O'Hara,36,36,0,2026-10-01 04:02:21,2026-10-01 04:02:21.173
2026-10-01 03:47:11,PHSC415,0104,Jessica O'Hara,36,36,0,2026-10-01 04:02:21,2026-10-01 04:02:21.173
2026-10-01 03:47:11,PHSC415,0105,Jessica O'Hara,36,36,0,2026-10-01 04:02:21,2026-10-01 04:02:21.174
2026-10-01 03:47:11,PHSC425,0101,Jennifer German,30,30,0,2026-10-01 04:02:21,2026-10-01 04:02:21.445
2026-10-01 03:47:11,PHSC440,0101,Kendall Bustad,35,35,0,2026-10-01 04:02:21,2026-10-01 04:02:21.688
2026-10-01 03:47:11,PHSC450,0101,Kendall Bustad,20,20,0,2026-10-01 04:02:21,2026-10-01 04:02:21.942
2026-10-01 03:47:11,PHSC450,0102,Kendall Bustad,20,20,0,2026-10-01 04:02:21,2026-10-01 04:02:21.942
2026-10-01 03:47:11,PHSC450,0103,Kendall Bustad,20,20,0,2026-10-01 04:02:21,2026-10-01 04:02:21.942
2026-10-01 03:47:11,PHSC450,0104,Kendall Bustad,20,20,0,2026-10-01 04:02:21,2026-10-01 04:02:21.942
2026-10-01 03:47:11,PHSC450,0105,Kendall Bustad,20,20,0,2026-10-01 04:02:21,2026-10-01 04:02:21.942
2026-10-01 03:47:11,PHSC450,0106,Kendall Bustad,20,20,0,2026-10-01 04:02:21,2026-10-01 04:02:21.942
2026-10-01 03:47:11,PHSC450,0107,Kendall Bustad,20,20,0,2026-10-01 04:02:21,2026-10-01 04:02:21.942
2026-10-01 03:47:11,PHSC490,0101,Shannon Edward,30,30,0,2026-10-01 04:02:22,2026-10-01 04:02:22.228
2026-10-01 03:47:11,PHSC497,0101,Gretchen De Silva,20,20,0,2026-10-01 04:02:22,2026-10-01 04:02:22.496
2026-10-01 03:47:11,PHSC497,0201,Kendall Bustad,20,20,0,2026-10-01 04:02:22,2026-10-01 04:02:22.497
2026-10-01 03:47:11,PHSC497,0301,Gretchen De Silva,20,20,0,2026-10-01 04:02:22,2026-10-01 04:02:22.497
2026-10-01 03:47:11,PHSC497,0401,Aysha Jawed,20,20,0,2026-10-01 04:02:22,2026-10-01 04:02:22.497
2026-10-01 03:47:11,PHSC497,0501,Jennifer German,20,20,0,2026-10-01 04:02:22,2026-10-01 04:02:22.497
2026-10-01 03:47:11,PHSC497,0601,Ann Truelove,20,20,0,2026-10-01 04:02:22,2026-10-01 04:02:22.497
2026-10-01 03:47:11,PHSC497,0701,Lakeshia Watson,20,20,0,2026-10-01 04:02:22,2026-10-01 04:02:22.497
2026-10-01 03:47:11,PHSC497,0801,Carmen Booker,20,20,0,2026-10-01 04:02:22,2026-10-01 04:02:22.497
2026-10-01 03:47:11,PHSC497,0901,Darya Soltani,20,20,0,2026-10-01 04:02:22,2026-10-01 04:02:22.497
2026-10-01 03:47:11,PHSC497,1001,Brienna Anderson,20,20,0,2026-10-01 04:02:22,2026-10-01 04:02:22.497
2026-10-01 03:47:11,PHSC497,1101,Margaret Smith,20,20,0,2026-10-01 04:02:22,2026-10-01 04:02:22.498
2026-10-01 03:47:11,PHSC497,1201,Eric Silfen,20,20,0,2026-10-01 04:02:22,2026-10-01 04:02:22.498
2026-10-01 03:47:11,PHSC497,1301,Lakeshia Watson,20,20,0,2026-10-01 04:02:22,2026-10-01 04:02:22.498
2026-10-01 03:47:11,RDEV250,0101,Wayne Ricardo Curtis,75,75,0,2026-10-01 04:03:12,2026-10-01 04:03:12.384
2026-10-01 03:47:11,RDEV250,0102,Wayne Ricardo Curtis,75,75,0,2026-10-01 04:03:12,2026-10-01 04:03:12.384
2026-10-01 03:47:11,RDEV270,0101,John Park,30,30,0,2026-10-01 04:03:12,2026-10-01 04:03:12.623
2026-10-01 03:47:11,RDEV350,0101,Jesse Saginor,25,25,0,2026-10-01 04:03:12,2026-10-01 04:03:12.907
2026-10-01 03:47:11,RDEV350,0102,Instructor: TBA,30,30,0,2026-10-01 04:03:12,2026-10-01 04:03:12.908
2026-10-01 03:47:11,RDEV410,0101,Peter Goldsmith,30,30,0,2026-10-01 04:03:13,2026-10-01 04:03:13.153
2026-10-01 03:47:11,RDEV415,0101,Bilal Ali,20,20,0,2026-10-01 04:03:13,2026-10-01 04:03:13.406
2026-10-01 03:47:11,RDEV445,0101,Matthew O'Malley,15,15,0,2026-10-01 04:03:13,2026-10-01 04:03:13.661
2026-10-01 03:47:11,RDEV450,0101,Kathryn Corby,30,30,0,2026-10-01 04:03:13,2026-10-01 04:03:13.916
2026-10-01 03:47:11,RDEV450,0102,Thomas Dwyer,20,20,0,2026-10-01 04:03:13,2026-10-01 04:03:13.916
2026-10-01 03:47:11,RDEV450,0103,John Park,30,30,0,2026-10-01 04:03:13,2026-10-01 04:03:13.916
2026-10-01 03:47:11,RDEV478D,0101,Jesse Saginor,20,20,0,2026-10-01 04:03:14,2026-10-01 04:03:14.185
2026-10-01 03:47:11,RDEV600,0101,Jesse Saginor,10,10,0,2026-10-01 04:03:14,2026-10-01 04:03:14.442
2026-10-01 03:47:11,RDEV603,0101,Thomas Dwyer,18,18,0,2026-10-01 04:03:14,2026-10-01 04:03:14.706
2026-10-01 03:47:11,RDEV610,0101,David Warner,20,20,0,2026-10-01 04:03:14,2026-10-01 04:03:14.973
2026-10-01 03:47:11,RDEV615,0101,Bilal Ali,20,20,0,2026-10-01 04:03:15,2026-10-01 04:03:15.255
2026-10-01 03:47:11,RDEV630,0101,Mansur Abdul-Malik,30,30,0,2026-10-01 04:03:15,2026-10-01 04:03:15.513
2026-10-01 03:47:11,RDEV650,0101,Matthew O'Malley,25,25,0,2026-10-01 04:03:15,2026-10-01 04:03:15.767
2026-10-01 03:47:11,RDEV689F,0101,Zachary Marks,20,20,0,2026-10-01 04:03:16,2026-10-01 04:03:16.020
2026-10-01 03:47:11,RDEV689I,0101,Ronald McDonald,14,14,0,2026-10-01 04:03:16,2026-10-01 04:03:16.270
2026-10-01 03:47:11,RDEV689R,0101,Nick Egelanian,15,15,0,2026-10-01 04:03:16,2026-10-01 04:03:16.534
2026-10-01 03:47:11,RDEV689Y,0101,Instructor: TBA,12,12,0,2026-10-01 04:03:16,2026-10-01 04:03:16.802
2026-10-01 03:47:11,RDEV690,0101,Tanya Bansal,12,12,0,2026-10-01 04:03:17,2026-10-01 04:03:17.076
2026-10-01 03:47:11,RELS170,0101,Katherine Wasdin,21,21,0,2026-10-01 04:03:18,2026-10-01 04:03:18.582
2026-10-01 03:47:11,RELS170,0102,Katherine Wasdin,21,21,0,2026-10-01 04:03:18,2026-10-01 04:03:18.582
2026-10-01 03:47:11,RELS170,0103,Katherine Wasdin,21,21,0,2026-10-01 04:03:18,2026-10-01 04:03:18.582
2026-10-01 03:47:11,RELS170,0104,Katherine Wasdin,21,21,0,2026-10-01 04:03:18,2026-10-01 04:03:18.582
2026-10-01 03:47:11,RELS170,0105,Katherine Wasdin,21,21,0,2026-10-01 04:03:18,2026-10-01 04:03:18.582
2026-10-01 03:47:11,RELS170,0106,Katherine Wasdin,21,21,0,2026-10-01 04:03:18,2026-10-01 04:03:18.582
2026-10-01 03:47:11,RELS170,0107,Katherine Wasdin,21,21,0,2026-10-01 04:03:18,2026-10-01 04:03:18.583
2026-10-01 03:47:11,RELS170,0108,Katherine Wasdin,21,21,0,2026-10-01 04:03:18,2026-10-01 04:03:18.583
2026-10-01 03:47:11,RELS170,0109,Katherine Wasdin,21,21,0,2026-10-01 04:03:18,2026-10-01 04:03:18.583
2026-10-01 03:47:11,RELS264,0101,Jay Moses,30,30,0,2026-10-01 04:03:18,2026-10-01 04:03:18.834
2026-10-01 03:47:11,RELS271,0101,Instructor: TBA,40,40,0,2026-10-01 04:03:19,2026-10-01 04:03:19.083
2026-10-01 03:47:11,RELS319Q,0101,Regev Ben-David,35,35,0,2026-10-01 04:03:19,2026-10-01 04:03:19.331
2026-10-01 03:47:11,RELS342,0101,Stefano Villani,27,27,0,2026-10-01 04:03:19,2026-10-01 04:03:19.581
2026-10-01 03:47:11,RELS427,0101,Matthew Suriano,15,15,0,2026-10-01 04:03:19,2026-10-01 04:03:19.837
2026-10-01 03:47:11,RELS429M,0101,Antoine Borrut,27,27,0,2026-10-01 04:03:20,2026-10-01 04:03:20.095
2026-10-01 03:47:11,RUSS102,0101,Inna Hardman,15,15,0,2026-10-01 04:03:21,2026-10-01 04:03:21.627
2026-10-01 03:47:11,RUSS102,0201,Inna Hardman,15,15,0,2026-10-01 04:03:21,2026-10-01 04:03:21.627
2026-10-01 03:47:11,RUSS202,0101,Zhanna Gerus-Vernola,15,15,0,2026-10-01 04:03:21,2026-10-01 04:03:21.883
2026-10-01 03:47:11,RUSS302,0101,Izolda Savenkova,15,15,0,2026-10-01 04:03:22,2026-10-01 04:03:22.127
2026-10-01 03:47:11,RUSS398A,0101,Instructor: TBA,15,15,0,2026-10-01 04:03:22,2026-10-01 04:03:22.638
2026-10-01 03:47:11,RUSS398F,0101,Elizabeth Papazian,25,25,0,2026-10-01 04:03:22,2026-10-01 04:03:22.886
2026-10-01 03:47:11,RUSS406,0101,Izolda Savenkova,15,15,0,2026-10-01 04:03:23,2026-10-01 04:03:23.398
2026-10-01 03:47:11,RUSS412,0101,Inna Hardman,15,15,0,2026-10-01 04:03:23,2026-10-01 04:03:23.652
2026-10-01 03:47:11,SDSB123,0101,Srijeeta Mitra,26,26,0,2026-10-01 04:03:25,2026-10-01 04:03:25.342
2026-10-01 03:47:11,SDSB180,0101,Srijeeta Mitra,155,155,0,2026-10-01 04:03:25,2026-10-01 04:03:25.610
2026-10-01 03:47:11,SDSB233,0101,Richard Engstrom,28,28,0,2026-10-01 04:03:25,2026-10-01 04:03:25.876
2026-10-01 03:47:11,SDSB233,0102,Richard Engstrom,28,28,0,2026-10-01 04:03:25,2026-10-01 04:03:25.876
2026-10-01 03:47:11,SDSB326,0101,Jacob Coutts,40,40,0,2026-10-01 04:03:26,2026-10-01 04:03:26.139
2026-10-01 03:47:11,SDSB340,0101,Neil Lund,24,24,0,2026-10-01 04:03:26,2026-10-01 04:03:26.414
2026-10-01 03:47:11,SDSI414,0101,Instructor: TBA,40,40,0,2026-10-01 04:03:27,2026-10-01 04:03:27.873
2026-10-01 03:47:11,SDSI414,0102,Instructor: TBA,40,40,0,2026-10-01 04:03:27,2026-10-01 04:03:27.873
2026-10-01 03:47:11,SDSI414,0103,Instructor: TBA,40,40,0,2026-10-01 04:03:27,2026-10-01 04:03:27.873
2026-10-01 03:47:11,SDSI414,0201,Instructor: TBA,40,40,0,2026-10-01 04:03:27,2026-10-01 04:03:27.873
2026-10-01 03:47:11,SDSI414,0202,Instructor: TBA,40,40,0,2026-10-01 04:03:27,2026-10-01 04:03:27.873
2026-10-01 03:47:11,SDSI492,0101,Instructor: TBA,29,29,0,2026-10-01 04:03:28,2026-10-01 04:03:28.138
2026-10-01 03:47:11,SDSI492,0103,Instructor: TBA,25,25,0,2026-10-01 04:03:28,2026-10-01 04:03:28.138
2026-10-01 03:47:11,SDSI492,0104,Instructor: TBA,20,20,0,2026-10-01 04:03:28,2026-10-01 04:03:28.138
2026-10-01 03:47:11,SDSI492,0105,Instructor: TBA,50,50,0,2026-10-01 04:03:28,2026-10-01 04:03:28.138
2026-10-01 03:47:11,SDSI492,0106,Lesley Langa,50,50,0,2026-10-01 04:03:28,2026-10-01 04:03:28.138
2026-10-01 03:47:11,SDSI492,0107,Instructor: TBA,25,25,0,2026-10-01 04:03:28,2026-10-01 04:03:28.138
2026-10-01 03:47:11,SDSI492,0108,Instructor: TBA,25,25,0,2026-10-01 04:03:28,2026-10-01 04:03:28.138
2026-10-01 03:47:11,SDSI492,0110,Instructor: TBA,25,25,0,2026-10-01 04:03:28,2026-10-01 04:03:28.139
2026-10-01 03:47:11,SDSI496,0101,Jacob Coutts,25,25,0,2026-10-01 04:03:28,2026-10-01 04:03:28.388
2026-10-01 03:47:11,SLLC286,0101,Andrew Schonebaum,60,60,0,2026-10-01 04:03:31,2026-10-01 04:03:31.745
2026-10-01 03:47:11,SLLC287,0101,Sean Pue,20,20,0,2026-10-01 04:03:32,2026-10-01 04:03:32.015
2026-10-01 03:47:11,SLLC305,0101,Nahal Akbari-Saneh,25,25,0,2026-10-01 04:03:32,2026-10-01 04:03:32.266
2026-10-01 03:47:11,SLLC309,0101,Ahmed Hanafy,10,10,0,2026-10-01 04:03:32,2026-10-01 04:03:32.557
2026-10-01 03:47:11,SLLC309,0102,Ahmed Hanafy,10,10,0,2026-10-01 04:03:32,2026-10-01 04:03:32.557
2026-10-01 03:47:11,SLLC309,0103,Ahmed Hanafy,10,10,0,2026-10-01 04:03:32,2026-10-01 04:03:32.557
2026-10-01 03:47:11,SLLC309,0104,Ahmed Hanafy,10,10,0,2026-10-01 04:03:32,2026-10-01 04:03:32.557
2026-10-01 03:47:11,SLLC309,0105,Ahmed Hanafy,10,10,0,2026-10-01 04:03:32,2026-10-01 04:03:32.557
2026-10-01 03:47:11,SLLC309,0106,Ahmed Hanafy,10,10,0,2026-10-01 04:03:32,2026-10-01 04:03:32.558
2026-10-01 03:47:11,SLLC309,0107,Ahmed Hanafy,10,10,0,2026-10-01 04:03:32,2026-10-01 04:03:32.558
2026-10-01 03:47:11,SLLC309,0108,Ahmed Hanafy,10,10,0,2026-10-01 04:03:32,2026-10-01 04:03:32.558
2026-10-01 03:47:11,SLLC309,0109,Ahmed Hanafy,10,10,0,2026-10-01 04:03:32,2026-10-01 04:03:32.558
2026-10-01 03:47:11,SLLC309,0110,Ahmed Hanafy,10,10,0,2026-10-01 04:03:32,2026-10-01 04:03:32.558
2026-10-01 03:47:11,SLLC309,0111,Ahmed Hanafy,10,10,0,2026-10-01 04:03:32,2026-10-01 04:03:32.558
2026-10-01 03:47:11,SLLC329,0101,Marilyn Matar,10,10,0,2026-10-01 04:03:32,2026-10-01 04:03:32.835
2026-10-01 03:47:11,SLLC329,0102,Marilyn Matar,10,10,0,2026-10-01 04:03:32,2026-10-01 04:03:32.835
2026-10-01 03:47:11,SLLC329,0103,Marilyn Matar,20,20,0,2026-10-01 04:03:32,2026-10-01 04:03:32.836
2026-10-01 03:47:11,SLLC329,0104,Marilyn Matar,10,10,0,2026-10-01 04:03:32,2026-10-01 04:03:32.836
2026-10-01 03:47:11,SLLC329,0105,Marilyn Matar,10,10,0,2026-10-01 04:03:32,2026-10-01 04:03:32.836
2026-10-01 03:47:11,SLLC329,0106,Marilyn Matar,10,10,0,2026-10-01 04:03:32,2026-10-01 04:03:32.836
2026-10-01 03:47:11,SLLC329,0107,Marilyn Matar,10,10,0,2026-10-01 04:03:32,2026-10-01 04:03:32.836
2026-10-01 03:47:11,SLLC329,0108,Marilyn Matar,10,10,0,2026-10-01 04:03:32,2026-10-01 04:03:32.836
2026-10-01 03:47:11,SLLC329,0109,Marilyn Matar,10,10,0,2026-10-01 04:03:32,2026-10-01 04:03:32.836
2026-10-01 03:47:11,SLLC329,0110,Marilyn Matar,20,20,0,2026-10-01 04:03:32,2026-10-01 04:03:32.836
2026-10-01 03:47:11,SMLP471,0101,Jennifer Hsin,60,60,0,2026-10-01 04:03:34,2026-10-01 04:03:34.291
2026-10-01 03:47:11,SMLP474,0101,Sara Herald,60,60,0,2026-10-01 04:03:34,2026-10-01 04:03:34.541
2026-10-01 03:47:11,SPHL100,0101,Shuling Wu,20,20,0,2026-10-01 04:04:00,2026-10-01 04:04:00.621
2026-10-01 03:47:11,SPHL100,0102,Shuling Wu,20,20,0,2026-10-01 04:04:00,2026-10-01 04:04:00.621
2026-10-01 03:47:11,SPHL100,0103,Shuling Wu,20,20,0,2026-10-01 04:04:00,2026-10-01 04:04:00.621
2026-10-01 03:47:11,SPHL100,0104,Shuling Wu,20,20,0,2026-10-01 04:04:00,2026-10-01 04:04:00.621
2026-10-01 03:47:11,SPHL100,0105,Shuling Wu,20,20,0,2026-10-01 04:04:00,2026-10-01 04:04:00.621
2026-10-01 03:47:11,SPHL100,0106,Shuling Wu,20,20,0,2026-10-01 04:04:00,2026-10-01 04:04:00.622
2026-10-01 03:47:11,SPHL100,0107,Shuling Wu,20,20,0,2026-10-01 04:04:00,2026-10-01 04:04:00.622
2026-10-01 03:47:11,SPHL100,0108,Shuling Wu,20,20,0,2026-10-01 04:04:00,2026-10-01 04:04:00.622
2026-10-01 03:47:11,SPHL100,0109,Shuling Wu,20,20,0,2026-10-01 04:04:00,2026-10-01 04:04:00.622
2026-10-01 03:47:11,SPHL100,0110,Shuling Wu,20,20,0,2026-10-01 04:04:00,2026-10-01 04:04:00.622
2026-10-01 03:47:11,SPHL100,0201,Shuling Wu,20,20,0,2026-10-01 04:04:00,2026-10-01 04:04:00.622
2026-10-01 03:47:11,SPHL100,0202,Shuling Wu,20,20,0,2026-10-01 04:04:00,2026-10-01 04:04:00.622
2026-10-01 03:47:11,SPHL100,0203,Shuling Wu,20,20,0,2026-10-01 04:04:00,2026-10-01 04:04:00.622
2026-10-01 03:47:11,SPHL100,0204,Shuling Wu,20,20,0,2026-10-01 04:04:00,2026-10-01 04:04:00.623
2026-10-01 03:47:11,SPHL100,0205,Shuling Wu,20,20,0,2026-10-01 04:04:00,2026-10-01 04:04:00.623
2026-10-01 03:47:11,SPHL100,0206,Shuling Wu,20,20,0,2026-10-01 04:04:00,2026-10-01 04:04:00.623
2026-10-01 03:47:11,SPHL100,0207,Shuling Wu,20,20,0,2026-10-01 04:04:00,2026-10-01 04:04:00.623
2026-10-01 03:47:11,SPHL100,0208,Shuling Wu,20,20,0,2026-10-01 04:04:00,2026-10-01 04:04:00.623
2026-10-01 03:47:11,SPHL246,0101,April Khaing,20,20,0,2026-10-01 04:04:00,2026-10-01 04:04:00.862
2026-10-01 03:47:11,SPHL276,0101,Dina Borzekowski,25,25,0,2026-10-01 04:04:01,2026-10-01 04:04:01.284
2026-10-01 03:47:11,SPHL321,0101,Sylvette La Touche-Howard,15,15,0,2026-10-01 04:04:01,2026-10-01 04:04:01.689
2026-10-01 03:47:11,SPHL333,0101,Cynthia Kershaw,75,75,0,2026-10-01 04:04:02,2026-10-01 04:04:02.034
2026-10-01 03:47:11,SPHL478,0101,Tracy Zeeger,10,10,0,2026-10-01 04:04:02,2026-10-01 04:04:02.579
2026-10-01 03:47:11,SPHL600,0101,Sylvette La Touche-Howard,8,8,0,2026-10-01 04:04:02,2026-10-01 04:04:02.857
2026-10-01 03:47:11,SPHL610,0101,Danielle Catona,22,22,0,2026-10-01 04:04:03,2026-10-01 04:04:03.130
2026-10-01 03:47:11,SPHL610,0102,Danielle Catona,22,22,0,2026-10-01 04:04:03,2026-10-01 04:04:03.130
2026-10-01 03:47:11,SPHL610,0103,Danielle Catona,22,22,0,2026-10-01 04:04:03,2026-10-01 04:04:03.130
2026-10-01 03:47:11,SPHL610,PLB1,Priscilla Novak,20,20,0,2026-10-01 04:04:03,2026-10-01 04:04:03.130
2026-10-01 03:47:11,SPHL610,PLH1,Priscilla Novak,28,28,0,2026-10-01 04:04:03,2026-10-01 04:04:03.131
2026-10-01 03:47:11,SPHL610,PLK1,Priscilla Novak,5,5,0,2026-10-01 04:04:03,2026-10-01 04:04:03.131
2026-10-01 03:47:11,SPHL611,0101,Danielle Catona,45,45,0,2026-10-01 04:04:03,2026-10-01 04:04:03.531
2026-10-01 03:47:11,SPHL611,0201,Danielle Catona,45,45,0,2026-10-01 04:04:03,2026-10-01 04:04:03.531
2026-10-01 03:47:11,SPHL611,PLB1,Evelyn King-Marshall,20,20,0,2026-10-01 04:04:03,2026-10-01 04:04:03.531
2026-10-01 03:47:11,SPHL611,PLH1,Evelyn King-Marshall,28,28,0,2026-10-01 04:04:03,2026-10-01 04:04:03.531
2026-10-01 03:47:11,SPHL611,PLK1,Evelyn King-Marshall,5,5,0,2026-10-01 04:04:03,2026-10-01 04:04:03.531
2026-10-01 03:47:11,SPHL612,0101,James Hagberg,15,15,0,2026-10-01 04:04:03,2026-10-01 04:04:03.805
2026-10-01 03:47:11,TLTC310,0101,Sarah Kistner,20,20,0,2026-10-01 04:04:31,2026-10-01 04:04:31.010
2026-10-01 03:47:11,TLTC333,0101,Mona Thompson,55,55,0,2026-10-01 04:04:31,2026-10-01 04:04:31.260
2026-10-01 03:47:11,TLTC333,0102,Mona Thompson,55,55,0,2026-10-01 04:04:31,2026-10-01 04:04:31.260
2026-10-01 03:47:11,TLTC333,0105,Mona Thompson,55,55,0,2026-10-01 04:04:31,2026-10-01 04:04:31.260
2026-10-01 03:47:11,URSP372,0101,Priscila Alves,20,20,0,2026-10-01 04:04:38,2026-10-01 04:04:38.666
2026-10-01 03:47:11,URSP488A,0101,Chengri Ding,30,30,0,2026-10-01 04:04:38,2026-10-01 04:04:38.915
2026-10-01 03:47:11,URSP600,0101,Kevin Nelson,25,25,0,2026-10-01 04:04:39,2026-10-01 04:04:39.185
2026-10-01 03:47:11,URSP603,0101,Dawn Jourdan,33,33,0,2026-10-01 04:04:39,2026-10-01 04:04:39.451
2026-10-01 03:47:11,URSP606,0101,Chengri Ding,15,15,0,2026-10-01 04:04:39,2026-10-01 04:04:39.689
2026-10-01 03:47:11,URSP631,0101,Hiroyuki Iseki,15,15,0,2026-10-01 04:04:39,2026-10-01 04:04:39.956
2026-10-01 03:47:11,URSP668B,0101,Eric Burnstein,20,20,0,2026-10-01 04:04:40,2026-10-01 04:04:40.223
2026-10-01 03:47:11,URSP673,0101,Riem ElZoghbi,25,25,0,2026-10-01 04:04:40,2026-10-01 04:04:40.529
2026-10-01 03:47:11,URSP688M,0101,Andrew Bernish,20,20,0,2026-10-01 04:04:40,2026-10-01 04:04:40.779
2026-10-01 03:47:11,URSP688P,0101,Sonja Ewing,15,15,0,2026-10-01 04:04:41,2026-10-01 04:04:41.025
2026-10-01 03:47:11,URSP688Y,0101,Chester Harvey,30,30,0,2026-10-01 04:04:41,2026-10-01 04:04:41.278
2026-10-01 03:47:11,URSP708,0101,Nicholas Finio,10,10,0,2026-10-01 04:04:41,2026-10-01 04:04:41.547
2026-10-01 03:47:11,URSP709,0101,Casey Dawkins,10,10,0,2026-10-01 04:04:41,2026-10-01 04:04:41.812
2026-10-01 03:47:11,URSP805,0101,Casey Dawkins,15,15,0,2026-10-01 04:04:42,2026-10-01 04:04:42.835
2026-10-01 03:47:11,USLT202,0101,Robert Chester,26,26,0,2026-10-01 04:04:44,2026-10-01 04:04:44.810
2026-10-01 03:47:11,USLT403,0101,Perla Guerrero,20,20,0,2026-10-01 04:04:45,2026-10-01 04:04:45.050
2026-10-01 03:47:11,USLT420,0101,Robert Chester,27,27,0,2026-10-01 04:04:45,2026-10-01 04:04:45.351
2026-10-01 03:47:11,USLT488,0101,Nancy Mirabal,30,30,0,2026-10-01 04:04:45,2026-10-01 04:04:45.616
2026-10-01 03:47:11,USLT498L,0101,Fernando Rios,12,12,0,2026-10-01 04:04:45,2026-10-01 04:04:45.862
2026-10-01 03:47:11,VIPS208,0102,Ken Kiger,10,10,0,2026-10-01 04:04:47,2026-10-01 04:04:47.356
2026-10-01 03:47:11,VIPS208,0103,Bryan Quinn,10,10,0,2026-10-01 04:04:47,2026-10-01 04:04:47.356
2026-10-01 03:47:11,VIPS208,0104,Ryan Sochol,10,10,0,2026-10-01 04:04:47,2026-10-01 04:04:47.356
2026-10-01 03:47:11,VIPS208,0105,Molly Carton,10,10,0,2026-10-01 04:04:47,2026-10-01 04:04:47.357
2026-10-01 03:47:11,VIPS208,0106,James Baeder,11,11,0,2026-10-01 04:04:47,2026-10-01 04:04:47.357
2026-10-01 03:47:11,VIPS208,0107,Catherine Spirito,10,10,0,2026-10-01 04:04:47,2026-10-01 04:04:47.357
2026-10-01 03:47:11,VIPS208,0108,Ronald Yaros,10,10,0,2026-10-01 04:04:47,2026-10-01 04:04:47.357
2026-10-01 03:47:11,VIPS208,0109,Carinna Ferguson,10,10,0,2026-10-01 04:04:47,2026-10-01 04:04:47.357
2026-10-01 03:47:11,VIPS208,0110,Tracy Riggins,10,10,0,2026-10-01 04:04:47,2026-10-01 04:04:47.357
2026-10-01 03:47:11,VIPS208,0111,Kevin Calabro,10,10,0,2026-10-01 04:04:47,2026-10-01 04:04:47.357
2026-10-01 03:47:11,VIPS208,0112,Raffaele Viglianti,10,10,0,2026-10-01 04:04:47,2026-10-01 04:04:47.357
2026-10-01 03:47:11,VIPS208,0113,Shabnam Jabeen,10,10,0,2026-10-01 04:04:47,2026-10-01 04:04:47.357
2026-10-01 03:47:11,VIPS208,0114,Ning Zeng,10,10,0,2026-10-01 04:04:47,2026-10-01 04:04:47.358
2026-10-01 03:47:11,VIPS208,0115,Veronica Kang,10,10,0,2026-10-01 04:04:47,2026-10-01 04:04:47.358
2026-10-01 03:47:11,VIPS208,0116,David Stewart,10,10,0,2026-10-01 04:04:47,2026-10-01 04:04:47.358
2026-10-01 03:47:11,VIPS208,0117,Meredith Epstein,10,10,0,2026-10-01 04:04:47,2026-10-01 04:04:47.358
2026-10-01 03:47:11,VIPS208,0118,Magaly Toro Ibaceta,10,10,0,2026-10-01 04:04:47,2026-10-01 04:04:47.358
2026-10-01 03:47:11,VIPS208,0120,Marisa Parham,10,10,0,2026-10-01 04:04:47,2026-10-01 04:04:47.358
2026-10-01 03:47:11,VIPS208,0121,Becky Epanchin-Niell,10,10,0,2026-10-01 04:04:47,2026-10-01 04:04:47.358
2026-10-01 03:47:11,VIPS208,0122,Timothy Reedy,10,10,0,2026-10-01 04:04:47,2026-10-01 04:04:47.358
2026-10-01 03:47:11,VIPS208,0123,Lingnan Lin,10,10,0,2026-10-01 04:04:47,2026-10-01 04:04:47.359
2026-10-01 03:47:11,VIPS208,0124,Jeffrey Moro,10,10,0,2026-10-01 04:04:47,2026-10-01 04:04:47.359
2026-10-01 03:47:11,VIPS208,0125,Peter Sunderland,10,10,0,2026-10-01 04:04:47,2026-10-01 04:04:47.359
2026-10-01 03:47:11,VIPS208,0126,Brienna Anderson,10,10,0,2026-10-01 04:04:47,2026-10-01 04:04:47.359
2026-10-01 03:47:11,VIPS308,0102,Ken Kiger,10,10,0,2026-10-01 04:04:47,2026-10-01 04:04:47.647
2026-10-01 03:47:11,VIPS308,0103,Bryan Quinn,13,13,0,2026-10-01 04:04:47,2026-10-01 04:04:47.647
2026-10-01 03:47:11,VIPS308,0104,Ryan Sochol,10,10,0,2026-10-01 04:04:47,2026-10-01 04:04:47.647
2026-10-01 03:47:11,VIPS308,0105,Molly Carton,10,10,0,2026-10-01 04:04:47,2026-10-01 04:04:47.647
2026-10-01 03:47:11,VIPS308,0106,James Baeder,10,10,0,2026-10-01 04:04:47,2026-10-01 04:04:47.647
2026-10-01 03:47:11,VIPS308,0107,Catherine Spirito,10,10,0,2026-10-01 04:04:47,2026-10-01 04:04:47.648
2026-10-01 03:47:11,VIPS308,0108,Ronald Yaros,10,10,0,2026-10-01 04:04:47,2026-10-01 04:04:47.648
2026-10-01 03:47:11,VIPS308,0109,Carinna Ferguson,10,10,0,2026-10-01 04:04:47,2026-10-01 04:04:47.648
2026-10-01 03:47:11,VIPS308,0110,Tracy Riggins,10,10,0,2026-10-01 04:04:47,2026-10-01 04:04:47.648
2026-10-01 03:47:11,VIPS308,0111,Kevin Calabro,10,10,0,2026-10-01 04:04:47,2026-10-01 04:04:47.648
2026-10-01 03:47:11,VIPS308,0112,Raffaele Viglianti,10,10,0,2026-10-01 04:04:47,2026-10-01 04:04:47.648
2026-10-01 03:47:11,VIPS308,0113,Shabnam Jabeen,10,10,0,2026-10-01 04:04:47,2026-10-01 04:04:47.648
2026-10-01 03:47:11,VIPS308,0114,Ning Zeng,10,10,0,2026-10-01 04:04:47,2026-10-01 04:04:47.648
2026-10-01 03:47:11,VIPS308,0115,Veronica Kang,10,10,0,2026-10-01 04:04:47,2026-10-01 04:04:47.649
2026-10-01 03:47:11,VIPS308,0116,David Stewart,10,10,0,2026-10-01 04:04:47,2026-10-01 04:04:47.649
2026-10-01 03:47:11,VIPS308,0117,Meredith Epstein,10,10,0,2026-10-01 04:04:47,2026-10-01 04:04:47.649
2026-10-01 03:47:11,VIPS308,0118,Magaly Toro Ibaceta,10,10,0,2026-10-01 04:04:47,2026-10-01 04:04:47.649
2026-10-01 03:47:11,VIPS308,0120,Marisa Parham,10,10,0,2026-10-01 04:04:47,2026-10-01 04:04:47.649
2026-10-01 03:47:11,VIPS308,0121,Becky Epanchin-Niell,10,10,0,2026-10-01 04:04:47,2026-10-01 04:04:47.649
2026-10-01 03:47:11,VIPS308,0122,Timothy Reedy,10,10,0,2026-10-01 04:04:47,2026-10-01 04:04:47.649
2026-10-01 03:47:11,VIPS308,0123,Lingnan Lin,10,10,0,2026-10-01 04:04:47,2026-10-01 04:04:47.649
2026-10-01 03:47:11,VIPS308,0124,Jeffrey Moro,10,10,0,2026-10-01 04:04:47,2026-10-01 04:04:47.649
2026-10-01 03:47:11,VIPS308,0125,Peter Sunderland,10,10,0,2026-10-01 04:04:47,2026-10-01 04:04:47.650
2026-10-01 03:47:11,VIPS308,0126,Brienna Anderson,10,10,0,2026-10-01 04:04:47,2026-10-01 04:04:47.650
2026-10-01 03:47:11,VIPS408,0102,Ken Kiger,10,10,0,2026-10-01 04:04:47,2026-10-01 04:04:47.954
2026-10-01 03:47:11,VIPS408,0103,Bryan Quinn,10,10,0,2026-10-01 04:04:47,2026-10-01 04:04:47.955
2026-10-01 03:47:11,VIPS408,0104,Ryan Sochol,10,10,0,2026-10-01 04:04:47,2026-10-01 04:04:47.955
2026-10-01 03:47:11,VIPS408,0105,Molly Carton,10,10,0,2026-10-01 04:04:47,2026-10-01 04:04:47.955
2026-10-01 03:47:11,VIPS408,0106,James Baeder,10,10,0,2026-10-01 04:04:47,2026-10-01 04:04:47.955
2026-10-01 03:47:11,VIPS408,0107,Catherine Spirito,10,10,0,2026-10-01 04:04:47,2026-10-01 04:04:47.955
2026-10-01 03:47:11,VIPS408,0108,Ronald Yaros,10,10,0,2026-10-01 04:04:47,2026-10-01 04:04:47.955
2026-10-01 03:47:11,VIPS408,0109,Carinna Ferguson,10,10,0,2026-10-01 04:04:47,2026-10-01 04:04:47.955
2026-10-01 03:47:11,VIPS408,0110,Tracy Riggins,10,10,0,2026-10-01 04:04:47,2026-10-01 04:04:47.955
2026-10-01 03:47:11,VIPS408,0111,Kevin Calabro,10,10,0,2026-10-01 04:04:47,2026-10-01 04:04:47.955
2026-10-01 03:47:11,VIPS408,0112,Raffaele Viglianti,10,10,0,2026-10-01 04:04:47,2026-10-01 04:04:47.956
2026-10-01 03:47:11,VIPS408,0113,Shabnam Jabeen,10,10,0,2026-10-01 04:04:47,2026-10-01 04:04:47.956
2026-10-01 03:47:11,VIPS408,0114,Ning Zeng,10,10,0,2026-10-01 04:04:47,2026-10-01 04:04:47.956
2026-10-01 03:47:11,VIPS408,0115,Veronica Kang,10,10,0,2026-10-01 04:04:47,2026-10-01 04:04:47.956
2026-10-01 03:47:11,VIPS408,0116,David Stewart,10,10,0,2026-10-01 04:04:47,2026-10-01 04:04:47.956
2026-10-01 03:47:11,VIPS408,0117,Meredith Epstein,10,10,0,2026-10-01 04:04:47,2026-10-01 04:04:47.956
2026-10-01 03:47:11,VIPS408,0118,Magaly Toro Ibaceta,10,10,0,2026-10-01 04:04:47,2026-10-01 04:04:47.956
2026-10-01 03:47:11,VIPS408,0120,Marisa Parham,10,10,0,2026-10-01 04:04:47,2026-10-01 04:04:47.956
2026-10-01 03:47:11,VIPS408,0121,Becky Epanchin-Niell,10,10,0,2026-10-01 04:04:47,2026-10-01 04:04:47.957
2026-10-01 03:47:11,VIPS408,0122,Timothy Reedy,10,10,0,2026-10-01 04:04:47,2026-10-01 04:04:47.957
2026-10-01 03:47:11,VIPS408,0123,Lingnan Lin,10,10,0,2026-10-01 04:04:47,2026-10-01 04:04:47.957
2026-10-01 03:47:11,VIPS408,0124,Jeffrey Moro,10,10,0,2026-10-01 04:04:47,2026-10-01 04:04:47.957
2026-10-01 03:47:11,VIPS408,0125,Peter Sunderland,10,10,0,2026-10-01 04:04:47,2026-10-01 04:04:47.957
2026-10-01 03:47:11,VIPS408,0126,Brienna Anderson,10,10,0,2026-10-01 04:04:47,2026-10-01 04:04:47.957
2026-10-01 03:47:11,WEID139N,0101,Denise Joseph,60,60,0,2026-10-01 04:04:50,2026-10-01 04:04:50.989
2026-10-01 03:47:11,WEID139T,0201,Taylor Togafau-Lewis,45,45,0,2026-10-01 04:04:51,2026-10-01 04:04:51.252
2026-10-01 03:47:11,WGSS105,0101,Jessica Mathiason,30,30,0,2026-10-01 04:04:52,2026-10-01 04:04:52.825
2026-10-01 03:47:11,WGSS105,0102,Jessica Mathiason,30,30,0,2026-10-01 04:04:52,2026-10-01 04:04:52.825
2026-10-01 03:47:11,WGSS105,0103,Jessica Mathiason,30,30,0,2026-10-01 04:04:52,2026-10-01 04:04:52.826
2026-10-01 03:47:11,WGSS105,0104,Jessica Mathiason,30,30,0,2026-10-01 04:04:52,2026-10-01 04:04:52.826
2026-10-01 03:47:11,WGSS115,0101,Alexis Lothian,25,25,0,2026-10-01 04:04:53,2026-10-01 04:04:53.132
2026-10-01 03:47:11,WGSS115,0102,Alexis Lothian,25,25,0,2026-10-01 04:04:53,2026-10-01 04:04:53.132
2026-10-01 03:47:11,WGSS201,0101,Sayan Bhattacharya,25,25,0,2026-10-01 04:04:53,2026-10-01 04:04:53.420
2026-10-01 03:47:11,WGSS201,0102,Sayan Bhattacharya,25,25,0,2026-10-01 04:04:53,2026-10-01 04:04:53.420
2026-10-01 03:47:11,WGSS205,0101,Shelbi Meissner,21,21,0,2026-10-01 04:04:53,2026-10-01 04:04:53.659
2026-10-01 03:47:11,WGSS205,0201,Shelbi Meissner,21,21,0,2026-10-01 04:04:53,2026-10-01 04:04:53.660
2026-10-01 03:47:11,WGSS230,0101,Daniel Richter,20,20,0,2026-10-01 04:04:53,2026-10-01 04:04:53.899
2026-10-01 03:47:11,WGSS250,0101,Lidia Garcia Berrelleza,25,25,0,2026-10-01 04:04:54,2026-10-01 04:04:54.148
2026-10-01 03:47:11,WGSS250,0201,Shameem Razack,25,25,0,2026-10-01 04:04:54,2026-10-01 04:04:54.148
2026-10-01 03:47:11,WGSS255,0101,Instructor: TBA,30,30,0,2026-10-01 04:04:54,2026-10-01 04:04:54.408
2026-10-01 03:47:11,WGSS265,0101,Ashley Newby,40,40,0,2026-10-01 04:04:54,2026-10-01 04:04:54.698
2026-10-01 03:47:11,WGSS275,0101,Instructor: TBA,30,30,0,2026-10-01 04:04:54,2026-10-01 04:04:54.943
2026-10-01 03:47:11,WGSS280,0101,Jessica Mathiason,52,52,0,2026-10-01 04:04:55,2026-10-01 04:04:55.202
2026-10-01 03:47:11,WGSS290,0101,Jessica Mathiason,30,30,0,2026-10-01 04:04:55,2026-10-01 04:04:55.470
2026-10-01 03:47:11,WGSS290,0201,Sydney Lewis,31,31,0,2026-10-01 04:04:55,2026-10-01 04:04:55.470
2026-10-01 03:47:11,WGSS298C,0101,Will Mosley,35,35,0,2026-10-01 04:04:55,2026-10-01 04:04:55.707
2026-10-01 03:47:11,WGSS298S,0101,Jordan Keesler,25,25,0,2026-10-01 04:04:55,2026-10-01 04:04:55.984
2026-10-01 03:47:11,WGSS302,0101,Will Mosley,25,25,0,2026-10-01 04:04:56,2026-10-01 04:04:56.264
2026-10-01 03:47:11,WGSS306,0101,Sydney Lewis,30,30,0,2026-10-01 04:04:56,2026-10-01 04:04:56.535
2026-10-01 03:47:11,WGSS310,0101,Sayan Bhattacharya,25,25,0,2026-10-01 04:04:56,2026-10-01 04:04:56.786
2026-10-01 03:47:11,WGSS319F,0101,Alexis Lothian,30,30,0,2026-10-01 04:04:57,2026-10-01 04:04:57.041
2026-10-01 03:47:11,WGSS379U,0101,John Drabinski,25,25,0,2026-10-01 04:04:57,2026-10-01 04:04:57.282
2026-10-01 03:47:11,WGSS422,0101,Jennifer Cho,18,18,0,2026-10-01 04:04:57,2026-10-01 04:04:57.528
2026-10-01 03:47:11,WGSS471,0101,Instructor: TBA,25,25,0,2026-10-01 04:04:57,2026-10-01 04:04:57.792
2026-10-01 03:47:11,WGSS471,0201,Instructor: TBA,45,45,0,2026-10-01 04:04:57,2026-10-01 04:04:57.792
2026-10-01 03:47:11,WGSS475,0101,Sydney Lewis,20,20,0,2026-10-01 04:04:58,2026-10-01 04:04:58.065
2026-10-01 03:47:11,WGSS487,0101,Eva Hageman,15,15,0,2026-10-01 04:04:58,2026-10-01 04:04:58.358
2026-10-01 03:47:11,WGSS487H,0101,Eva Hageman,5,5,0,2026-10-01 04:04:58,2026-10-01 04:04:58.616
2026-10-01 03:47:11,WGSS602,0101,Shelbi Meissner,12,12,0,2026-10-01 04:04:59,2026-10-01 04:04:59.643
2026-10-01 03:47:11,WGSS708,0101,Alexis Lothian,10,10,0,2026-10-01 04:05:00,2026-10-01 04:05:00.438
2026-10-01 03:47:11,XPER455,0101,TJ Rainsford,25,25,0,2026-10-01 04:05:02,2026-10-01 04:05:02.719
2026-10-01 11:39:16,AAAS100,0101,Shane Walsh,35,35,0,2026-10-01 11:39:18,2026-10-01 11:39:18.288
2026-10-01 11:39:16,AAAS100,0201,Shane Walsh,35,35,0,2026-10-01 11:39:18,2026-10-01 11:39:18.288
2026-10-01 11:39:16,AAAS100,0301,George Kintiba,30,30,0,2026-10-01 11:39:18,2026-10-01 11:39:18.288
2026-10-01 11:39:16,AAAS100,0401,Beka Guluma,35,35,0,2026-10-01 11:39:18,2026-10-01 11:39:18.288
2026-10-01 11:39:16,AAAS100,0501,Jason Nichols,33,33,0,2026-10-01 11:39:18,2026-10-01 11:39:18.288
2026-10-01 11:39:16,AAAS100,0601,Jason Nichols,35,35,0,2026-10-01 11:39:18,2026-10-01 11:39:18.288
2026-10-01 11:39:16,AAAS100H,0301,George Kintiba,5,5,0,2026-10-01 11:39:19,2026-10-01 11:39:19.051
2026-10-01 11:39:16,AAAS101,0101,Periloux Peay,40,40,0,2026-10-01 11:39:19,2026-10-01 11:39:19.436
2026-10-01 11:39:16,AAAS187,0101,Robert Choflet,30,30,0,2026-10-01 11:39:19,2026-10-01 11:39:19.820
2026-10-01 11:39:16,AAAS200,0101,George Kintiba,40,40,0,2026-10-01 11:39:20,2026-10-01 11:39:20.202
2026-10-01 11:39:16,AAAS202,0101,Robert Choflet,30,30,0,2026-10-01 11:39:20,2026-10-01 11:39:20.459
2026-10-01 11:39:16,AAAS202,0201,Angelica Dunbar,35,35,0,2026-10-01 11:39:20,2026-10-01 11:39:20.460
2026-10-01 11:39:16,AAAS202,0301,Angelica Dunbar,35,35,0,2026-10-01 11:39:20,2026-10-01 11:39:20.460
2026-10-01 11:39:16,AAAS202,0401,Robert Choflet,35,35,0,2026-10-01 11:39:20,2026-10-01 11:39:20.460
2026-10-01 11:39:16,AAAS202H,0101,Robert Choflet,5,5,0,2026-10-01 11:39:20,2026-10-01 11:39:20.837
2026-10-01 11:39:16,AAAS211,0101,Shane Walsh,120,120,0,2026-10-01 11:39:21,2026-10-01 11:39:21.219
2026-10-01 11:39:16,AAAS234,0101,Instructor: TBA,30,30,0,2026-10-01 11:39:21,2026-10-01 11:39:21.467
2026-10-01 11:39:16,AAAS255,0101,Leigh Soares,40,40,0,2026-10-01 11:39:22,2026-10-01 11:39:22.180
2026-10-01 11:39:16,AAAS265,0101,Ashley Newby,40,40,0,2026-10-01 11:39:22,2026-10-01 11:39:22.457
2026-10-01 11:39:16,AAAS320,0101,Cecily Jackson,25,25,0,2026-10-01 11:39:22,2026-10-01 11:39:22.728
2026-10-01 11:39:16,AAAS320,0201,Cecily Jackson,25,25,0,2026-10-01 11:39:22,2026-10-01 11:39:22.728
2026-10-01 11:39:16,AAAS386,0101,Marshal Washington,10,10,0,2026-10-01 11:39:23,2026-10-01 11:39:23.077
2026-10-01 11:39:16,AAAS398G,0101,Chinyere Osuji,20,20,0,2026-10-01 11:39:23,2026-10-01 11:39:23.341
2026-10-01 11:39:16,AAAS398U,0101,John Drabinski,25,25,0,2026-10-01 11:39:23,2026-10-01 11:39:23.607
2026-10-01 11:39:16,AAAS400,0101,George Kintiba,20,20,0,2026-10-01 11:39:23,2026-10-01 11:39:23.893
2026-10-01 11:39:16,AAAS400H,0101,George Kintiba,5,5,0,2026-10-01 11:39:24,2026-10-01 11:39:24.166
2026-10-01 11:39:16,AAAS490,0101,Paul Landau,18,18,0,2026-10-01 11:39:24,2026-10-01 11:39:24.419
2026-10-01 11:39:16,AAAS498X,0101,Terrill Taylor,36,36,0,2026-10-01 11:39:24,2026-10-01 11:39:24.701
2026-10-01 11:39:16,AAST200,0101,Jennifer Cho,34,34,0,2026-10-01 11:39:26,2026-10-01 11:39:26.337
2026-10-01 11:39:16,AAST201,0101,Madeline Hsu,40,40,0,2026-10-01 11:39:26,2026-10-01 11:39:26.597
2026-10-01 11:39:16,AAST250,0101,Jennifer Cho,30,30,0,2026-10-01 11:39:26,2026-10-01 11:39:26.861
2026-10-01 11:39:16,AAST262,0101,Derek Iwamoto,54,54,0,2026-10-01 11:39:27,2026-10-01 11:39:27.113
2026-10-01 11:39:16,AAST322,0101,Julie Park,30,30,0,2026-10-01 11:39:27,2026-10-01 11:39:27.403
2026-10-01 11:39:16,AAST350,0101,Binod Paudyal,25,25,0,2026-10-01 11:39:27,2026-10-01 11:39:27.661
2026-10-01 11:39:16,AAST351,0101,Binod Paudyal,34,34,0,2026-10-01 11:39:27,2026-10-01 11:39:27.920
2026-10-01 11:39:16,AAST363,0101,Gemirald Daus,35,35,0,2026-10-01 11:39:28,2026-10-01 11:39:28.196
2026-10-01 11:39:16,AAST378,0101,Janelle Wong,2,2,0,2026-10-01 11:39:28,2026-10-01 11:39:28.479
2026-10-01 11:39:16,AAST394,0101,Wenxi Yang,25,25,0,2026-10-01 11:39:29,2026-10-01 11:39:29.048
2026-10-01 11:39:16,AAST398A,0101,Michelle Magalong,20,20,0,2026-10-01 11:39:33,2026-10-01 11:39:33.209
2026-10-01 11:39:16,AAST398B,0101,Chris Eng,25,25,0,2026-10-01 11:39:33,2026-10-01 11:39:33.585
2026-10-01 11:39:16,AAST421,0101,Philip Nash,20,20,0,2026-10-01 11:39:34,2026-10-01 11:39:34.006
2026-10-01 11:39:16,AAST422,0101,Jennifer Cho,18,18,0,2026-10-01 11:39:34,2026-10-01 11:39:34.456
2026-10-01 11:39:16,AAST443,0101,Janelle Wong,27,27,0,2026-10-01 11:39:34,2026-10-01 11:39:34.725
2026-10-01 11:39:16,ABRM450,0101,Ashley Newby,10,10,0,2026-10-01 11:39:36,2026-10-01 11:39:36.150
2026-10-01 11:39:16,AGNR301,0101,Thomas Hilde,150,150,0,2026-10-01 11:39:37,2026-10-01 11:39:37.595
2026-10-01 11:39:16,AGNR388,0101,Instructor: TBA,20,20,0,2026-10-01 11:39:37,2026-10-01 11:39:37.846
2026-10-01 11:39:16,AIME498B,0101,Kevin McGarry,30,30,0,2026-10-01 11:39:41,2026-10-01 11:39:41.688
2026-10-01 11:39:16,ARAB101,0101,Samah Al-salami,15,15,0,2026-10-01 11:40:23,2026-10-01 11:40:23.050
2026-10-01 11:39:16,ARAB101,0201,Ahmed Hanafy,15,15,0,2026-10-01 11:40:23,2026-10-01 11:40:23.050
2026-10-01 11:39:16,ARAB102,0101,Samah Al-salami,15,15,0,2026-10-01 11:40:23,2026-10-01 11:40:23.311
2026-10-01 11:39:16,ARAB102,0201,Samah Al-salami,15,15,0,2026-10-01 11:40:23,2026-10-01 11:40:23.311
2026-10-01 11:39:16,ARAB201,0101,Lutf Alkebsi,15,15,0,2026-10-01 11:40:23,2026-10-01 11:40:23.562
2026-10-01 11:39:16,ARAB202,0101,Lutf Alkebsi,15,15,0,2026-10-01 11:40:23,2026-10-01 11:40:23.817
2026-10-01 11:39:16,ARAB202,0201,Lutf Alkebsi,15,15,0,2026-10-01 11:40:23,2026-10-01 11:40:23.817
2026-10-01 11:39:16,ARAB222,0101,Ahmed Hanafy,15,15,0,2026-10-01 11:40:24,2026-10-01 11:40:24.074
2026-10-01 11:39:16,ARAB250,0101,Anny Gaul,20,20,0,2026-10-01 11:40:24,2026-10-01 11:40:24.333
2026-10-01 11:39:16,ARAB302,0101,Ahmed Hanafy,15,15,0,2026-10-01 11:40:24,2026-10-01 11:40:24.587
2026-10-01 11:39:16,ARAB317,0101,Anny Gaul,15,15,0,2026-10-01 11:40:24,2026-10-01 11:40:24.861
2026-10-01 11:39:16,ARAB398W,0101,Lutf Alkebsi,15,15,0,2026-10-01 11:40:25,2026-10-01 11:40:25.388
2026-10-01 11:39:16,ARAB499X,0101,Samah Al-salami,15,15,0,2026-10-01 11:40:25,2026-10-01 11:40:25.978
2026-10-01 11:39:16,ARCH170,0101,Lindsey May,100,100,0,2026-10-01 11:40:28,2026-10-01 11:40:28.102
2026-10-01 11:39:16,ARCH200,0101,Michael Abrams,21,21,0,2026-10-01 11:40:28,2026-10-01 11:40:28.409
2026-10-01 11:39:16,ARCH200,0102,Michael Abrams,21,21,0,2026-10-01 11:40:28,2026-10-01 11:40:28.409
2026-10-01 11:39:16,ARCH200,0103,Michael Abrams,21,21,0,2026-10-01 11:40:28,2026-10-01 11:40:28.409
2026-10-01 11:39:16,ARCH200,0104,Michael Abrams,21,21,0,2026-10-01 11:40:28,2026-10-01 11:40:28.409
2026-10-01 11:39:16,ARCH200,0105,Michael Abrams,21,21,0,2026-10-01 11:40:28,2026-10-01 11:40:28.409
2026-10-01 11:39:16,ARCH200,0106,Michael Abrams,21,21,0,2026-10-01 11:40:28,2026-10-01 11:40:28.410
2026-10-01 11:39:16,ARCH225,0101,Joseph Williams,125,125,0,2026-10-01 11:40:28,2026-10-01 11:40:28.657
2026-10-01 11:39:16,ARCH271,0101,Wayne Ricardo Curtis,75,75,0,2026-10-01 11:40:28,2026-10-01 11:40:28.915
2026-10-01 11:39:16,ARCH271,0102,Wayne Ricardo Curtis,75,75,0,2026-10-01 11:40:28,2026-10-01 11:40:28.915
2026-10-01 11:39:16,ARCH386,0101,Kristen Stack,10,10,0,2026-10-01 11:40:29,2026-10-01 11:40:29.174
2026-10-01 11:39:16,ARCH400,0101,Kenneth Filler,75,75,0,2026-10-01 11:40:29,2026-10-01 11:40:29.452
2026-10-01 11:39:16,ARCH400,0201,Marcus Cross,60,60,0,2026-10-01 11:40:29,2026-10-01 11:40:29.452
2026-10-01 11:39:16,ARCH402,0101,Taejun James Kim,75,75,0,2026-10-01 11:40:29,2026-10-01 11:40:29.709
2026-10-01 11:39:16,ARCH405,0101,Brittany L Williams,14,14,0,2026-10-01 11:40:30,2026-10-01 11:40:30.009
2026-10-01 11:39:16,ARCH407,0101,Georgeanne Matthews,12,12,0,2026-10-01 11:40:30,2026-10-01 11:40:30.273
2026-10-01 11:39:16,ARCH408A,0101,Daniel Curry,5,5,0,2026-10-01 11:40:30,2026-10-01 11:40:30.543
2026-10-01 11:39:16,ARCH408C,0101,Edgar Alvarado,5,5,0,2026-10-01 11:40:30,2026-10-01 11:40:30.797
2026-10-01 11:39:16,ARCH418D,0101,Hooman Koliji,30,30,0,2026-10-01 11:40:31,2026-10-01 11:40:31.086
2026-10-01 11:39:16,ARCH418G,0101,Deokoh Woo,16,16,0,2026-10-01 11:40:31,2026-10-01 11:40:31.344
2026-10-01 11:39:16,ARCH418I,0101,Michael Kleiss,16,16,0,2026-10-01 11:40:31,2026-10-01 11:40:31.619
2026-10-01 11:39:16,ARCH420,0101,Caroline Hickman,30,30,0,2026-10-01 11:40:31,2026-10-01 11:40:31.870
2026-10-01 11:39:16,ARCH423,0101,Joseph Williams,30,30,0,2026-10-01 11:40:32,2026-10-01 11:40:32.165
2026-10-01 11:39:16,ARCH425,0101,Joseph Williams,10,10,0,2026-10-01 11:40:32,2026-10-01 11:40:32.414
2026-10-01 11:39:16,ARCH428F,0101,Matthew Bell,20,20,0,2026-10-01 11:40:32,2026-10-01 11:40:32.660
2026-10-01 11:39:16,ARCH428K,0101,Michele Lamprakos,26,26,0,2026-10-01 11:40:32,2026-10-01 11:40:32.898
2026-10-01 11:39:16,ARCH445,0101,Daniel Curry,15,15,0,2026-10-01 11:40:33,2026-10-01 11:40:33.153
2026-10-01 11:39:16,ARCH463,0101,Deokoh Woo,150,150,0,2026-10-01 11:40:33,2026-10-01 11:40:33.398
2026-10-01 11:39:16,ARCH465,0101,Michael Kleiss,80,80,0,2026-10-01 11:40:33,2026-10-01 11:40:33.652
2026-10-01 11:39:16,ARCH468I,0101,Hooman Koliji,26,26,0,2026-10-01 11:40:33,2026-10-01 11:40:33.915
2026-10-01 11:39:16,ARCH468P,0101,Hooman Koliji,26,26,0,2026-10-01 11:40:34,2026-10-01 11:40:34.180
2026-10-01 11:39:16,ARCH472,0101,Kiley Wilfong Cullen,24,24,0,2026-10-01 11:40:37,2026-10-01 11:40:37.920
2026-10-01 11:39:16,ARCH478L,0101,Michele Lamprakos,10,10,0,2026-10-01 11:40:38,2026-10-01 11:40:38.189
2026-10-01 11:39:16,ARCH478O,0101,Stefan Woehlke,20,20,0,2026-10-01 11:40:38,2026-10-01 11:40:38.453
2026-10-01 11:39:16,ARCH601,0101,Peter Noonan,20,20,0,2026-10-01 11:40:38,2026-10-01 11:40:38.718
2026-10-01 11:39:16,ARCH618G,0101,Deokoh Woo,4,4,0,2026-10-01 11:40:38,2026-10-01 11:40:38.988
2026-10-01 11:39:16,ARCH618I,0101,Michael Kleiss,4,4,0,2026-10-01 11:40:39,2026-10-01 11:40:39.273
2026-10-01 11:39:16,ARCH628K,0101,Michele Lamprakos,4,4,0,2026-10-01 11:40:39,2026-10-01 11:40:39.541
2026-10-01 11:39:16,ARCH635,0101,Matthew Bell,15,15,0,2026-10-01 11:40:39,2026-10-01 11:40:39.800
2026-10-01 11:39:16,ARCH645,0101,Daniel Curry,10,10,0,2026-10-01 11:40:40,2026-10-01 11:40:40.059
2026-10-01 11:39:16,ARCH654,0101,Anatole Tchikine,35,35,0,2026-10-01 11:40:40,2026-10-01 11:40:40.321
2026-10-01 11:39:16,ARCH658I,0101,Sonja Ewing,15,15,0,2026-10-01 11:40:40,2026-10-01 11:40:40.604
2026-10-01 11:39:16,ARCH668I,0101,Hooman Koliji,4,4,0,2026-10-01 11:40:40,2026-10-01 11:40:40.854
2026-10-01 11:39:16,ARCH668P,0101,Hooman Koliji,4,4,0,2026-10-01 11:40:41,2026-10-01 11:40:41.118
2026-10-01 11:39:16,ARCH678L,0101,Michele Lamprakos,10,10,0,2026-10-01 11:40:41,2026-10-01 11:40:41.399
2026-10-01 11:39:16,ARCH678O,0101,Stefan Woehlke,5,5,0,2026-10-01 11:40:41,2026-10-01 11:40:41.669
2026-10-01 11:39:16,ARCH797,0101,Hooman Koliji,15,15,0,2026-10-01 11:40:41,2026-10-01 11:40:41.918
2026-10-01 11:39:16,ARMY105,0101,Andrew Bischoff,60,60,0,2026-10-01 11:40:57,2026-10-01 11:40:57.799
2026-10-01 11:39:16,ARMY105,0102,Andrew Bischoff,60,60,0,2026-10-01 11:40:57,2026-10-01 11:40:57.799
2026-10-01 11:39:16,ARMY110,0101,Andrew Bischoff,40,40,0,2026-10-01 11:40:58,2026-10-01 11:40:58.085
2026-10-01 11:39:16,ARMY202,0102,Andrew Bischoff,60,60,0,2026-10-01 11:40:58,2026-10-01 11:40:58.341
2026-10-01 11:39:16,ARMY302,0101,Andrew Bischoff,40,40,0,2026-10-01 11:40:58,2026-10-01 11:40:58.615
2026-10-01 11:39:16,ARMY402,0101,Andrew Bischoff,30,30,0,2026-10-01 11:40:58,2026-10-01 11:40:58.920
2026-10-01 11:39:16,ARMY402,0102,Andrew Bischoff,100,100,0,2026-10-01 11:40:58,2026-10-01 11:40:58.920
2026-10-01 11:39:16,ARSC059,0101,Kathryn Love,250,250,0,2026-10-01 11:41:00,2026-10-01 11:41:00.416
2026-10-01 11:39:16,ARSC101,0101,Alan Snyder,50,50,0,2026-10-01 11:41:00,2026-10-01 11:41:00.703
2026-10-01 11:39:16,ARSC101,0102,Alan Snyder,65,65,0,2026-10-01 11:41:00,2026-10-01 11:41:00.703
2026-10-01 11:39:16,ARSC101,0103,Alan Snyder,40,40,0,2026-10-01 11:41:00,2026-10-01 11:41:00.703
2026-10-01 11:39:16,ARSC101,0104,Alan Snyder,10,10,0,2026-10-01 11:41:00,2026-10-01 11:41:00.703
2026-10-01 11:39:16,ARSC201,0101,Nathan Rabe,65,65,0,2026-10-01 11:41:00,2026-10-01 11:41:00.955
2026-10-01 11:39:16,ARSC201,0102,Kathleen West,40,40,0,2026-10-01 11:41:00,2026-10-01 11:41:00.955
2026-10-01 11:39:16,ARSC201,0103,Kathleen West,40,40,0,2026-10-01 11:41:00,2026-10-01 11:41:00.955
2026-10-01 11:39:16,ARSC301,0101,Kathryn Love,45,45,0,2026-10-01 11:41:01,2026-10-01 11:41:01.216
2026-10-01 11:39:16,ARSC301,0102,Kathryn Love,20,20,0,2026-10-01 11:41:01,2026-10-01 11:41:01.217
2026-10-01 11:39:16,ARSC401,0101,Joseph Herwatic,30,30,0,2026-10-01 11:41:01,2026-10-01 11:41:01.495
2026-10-01 11:39:16,ARSC401,0102,Joseph Herwatic,15,15,0,2026-10-01 11:41:01,2026-10-01 11:41:01.495
2026-10-01 11:39:16,BIOM301,0101,Christine Hakenkamp,28,28,0,2026-10-01 11:41:53,2026-10-01 11:41:53.445
2026-10-01 11:39:16,BIOM301,0102,Christine Hakenkamp,28,28,0,2026-10-01 11:41:53,2026-10-01 11:41:53.445
2026-10-01 11:39:16,BIOM301,0103,Christine Hakenkamp,28,28,0,2026-10-01 11:41:53,2026-10-01 11:41:53.446
2026-10-01 11:39:16,BIOM301,0104,Christine Hakenkamp,28,28,0,2026-10-01 11:41:53,2026-10-01 11:41:53.446
2026-10-01 11:39:16,BIOM301,0105,Christine Hakenkamp,28,28,0,2026-10-01 11:41:53,2026-10-01 11:41:53.446
2026-10-01 11:39:16,BIOM301,0106,Christine Hakenkamp,28,28,0,2026-10-01 11:41:53,2026-10-01 11:41:53.446
2026-10-01 11:39:16,BIOM301,0107,Christine Hakenkamp,28,28,0,2026-10-01 11:41:53,2026-10-01 11:41:53.446
2026-10-01 11:39:16,BIOM301,0201,Instructor: TBA,28,28,0,2026-10-01 11:41:53,2026-10-01 11:41:53.446
2026-10-01 11:39:16,BIOM602,0101,Jiuzhou Song,28,28,0,2026-10-01 11:41:53,2026-10-01 11:41:53.810
2026-10-01 11:39:16,BMIN210,0101,Darlene Dennison,162,162,0,2026-10-01 11:42:26,2026-10-01 11:42:26.115
2026-10-01 11:39:16,BMIN210,0201,Darlene Dennison,162,162,0,2026-10-01 11:42:26,2026-10-01 11:42:26.115
2026-10-01 11:39:16,BMIN305,0101,Tejwansh Anand,162,162,0,2026-10-01 11:42:26,2026-10-01 11:42:26.351
2026-10-01 11:39:16,BMIN345,0101,Michael Padhi,325,325,0,2026-10-01 11:42:26,2026-10-01 11:42:26.605
2026-10-01 11:39:16,BMIN355,0101,Idil Yaveroglu,162,162,0,2026-10-01 11:42:26,2026-10-01 11:42:26.872
2026-10-01 11:39:16,BMIN355,0201,Idil Yaveroglu,162,162,0,2026-10-01 11:42:26,2026-10-01 11:42:26.872
2026-10-01 11:39:16,BMIN375,0101,Leland Gardner,162,162,0,2026-10-01 11:42:27,2026-10-01 11:42:27.143
2026-10-01 11:39:16,BMIN395,0101,Nima Farshchi,162,162,0,2026-10-01 11:42:27,2026-10-01 11:42:27.396
2026-10-01 11:39:16,BMIN395,0201,Nima Farshchi,162,162,0,2026-10-01 11:42:27,2026-10-01 11:42:27.396
2026-10-01 11:39:16,BSCI103,1100,Tais Ribeiro,24,24,0,2026-10-01 11:42:30,2026-10-01 11:42:31.007
2026-10-01 11:39:16,BSCI103,1101,Tais Ribeiro,24,24,0,2026-10-01 11:42:30,2026-10-01 11:42:31.007
2026-10-01 11:39:16,BSCI103,1103,Tais Ribeiro,24,24,0,2026-10-01 11:42:30,2026-10-01 11:42:31.007
2026-10-01 11:39:16,BSCI103,1105,Tais Ribeiro,24,24,0,2026-10-01 11:42:30,2026-10-01 11:42:31.007
2026-10-01 11:39:16,BSCI103,1107,Tais Ribeiro,24,24,0,2026-10-01 11:42:30,2026-10-01 11:42:31.007
2026-10-01 11:39:16,BSCI103,1108,Tais Ribeiro,24,24,0,2026-10-01 11:42:30,2026-10-01 11:42:31.007
2026-10-01 11:39:16,BSCI103,1109,Tais Ribeiro,24,24,0,2026-10-01 11:42:30,2026-10-01 11:42:31.008
2026-10-01 11:39:16,BSCI103,1110,Tais Ribeiro,24,24,0,2026-10-01 11:42:30,2026-10-01 11:42:31.008
2026-10-01 11:39:16,BSCI103M,0101,Tais Ribeiro,24,24,0,2026-10-01 11:42:31,2026-10-01 11:42:31.285
2026-10-01 11:39:16,BSCI120,0101,Dennis vanEngelsdorp,21,21,0,2026-10-01 11:42:31,2026-10-01 11:42:31.548
2026-10-01 11:39:16,BSCI120,0102,Dennis vanEngelsdorp,21,21,0,2026-10-01 11:42:31,2026-10-01 11:42:31.548
2026-10-01 11:39:16,BSCI135,1101,Edgar Moctezuma,24,24,0,2026-10-01 11:42:31,2026-10-01 11:42:31.794
2026-10-01 11:39:16,BSCI135,1102,Edgar Moctezuma,24,24,0,2026-10-01 11:42:31,2026-10-01 11:42:31.795
2026-10-01 11:39:16,BSCI135,1103,Edgar Moctezuma,24,24,0,2026-10-01 11:42:31,2026-10-01 11:42:31.795
2026-10-01 11:39:16,BSCI135,1104,Edgar Moctezuma,24,24,0,2026-10-01 11:42:31,2026-10-01 11:42:31.795
2026-10-01 11:39:16,BSCI135,1105,Edgar Moctezuma,24,24,0,2026-10-01 11:42:31,2026-10-01 11:42:31.795
2026-10-01 11:39:16,BSCI160,6101,Leo Shapiro,104,104,0,2026-10-01 11:42:32,2026-10-01 11:42:32.055
2026-10-01 11:39:16,BSCI160,6301,Chloe Garfinkel,56,56,0,2026-10-01 11:42:32,2026-10-01 11:42:32.055
2026-10-01 11:39:16,BSCI160,6601,Vadim Karatayev,88,88,0,2026-10-01 11:42:32,2026-10-01 11:42:32.055
2026-10-01 11:39:16,BSCI160,SES1,Chloe Garfinkel,15,15,0,2026-10-01 11:42:32,2026-10-01 11:42:32.055
2026-10-01 11:39:16,BSCI170,0101,Cordelia Weiss,153,153,0,2026-10-01 11:42:32,2026-10-01 11:42:32.332
2026-10-01 11:39:16,BSCI170,0201,Nicholas Fletcher,153,153,0,2026-10-01 11:42:32,2026-10-01 11:42:32.332
2026-10-01 11:39:16,BSCI170,0301,Ricardo Araneda,152,152,0,2026-10-01 11:42:32,2026-10-01 11:42:32.332
2026-10-01 11:39:16,BSCI170,0401,Swarna Mohan,153,153,0,2026-10-01 11:42:32,2026-10-01 11:42:32.332
2026-10-01 11:39:16,BSCI170,0501,Ji Young Choi,120,120,0,2026-10-01 11:42:32,2026-10-01 11:42:32.332
2026-10-01 11:39:16,BSCI170,0701,Ji Young Choi,153,153,0,2026-10-01 11:42:32,2026-10-01 11:42:32.333
2026-10-01 11:39:16,BSCI170,SES1,James Sniezek,20,20,0,2026-10-01 11:42:32,2026-10-01 11:42:32.333
2026-10-01 11:39:16,BSCI180,8105,Hans Lemke,19,19,0,2026-10-01 11:42:32,2026-10-01 11:42:32.730
2026-10-01 11:39:16,BSCI180,8106,Hans Lemke,19,19,0,2026-10-01 11:42:32,2026-10-01 11:42:32.730
2026-10-01 11:39:16,BSCI180,8107,Hans Lemke,19,19,0,2026-10-01 11:42:32,2026-10-01 11:42:32.730
2026-10-01 11:39:16,BSCI180,8108,Hans Lemke,19,19,0,2026-10-01 11:42:32,2026-10-01 11:42:32.730
2026-10-01 11:39:16,BSCI180,8109,Hans Lemke,19,19,0,2026-10-01 11:42:32,2026-10-01 11:42:32.730
2026-10-01 11:39:16,BSCI180,8110,Hans Lemke,19,19,0,2026-10-01 11:42:32,2026-10-01 11:42:32.730
2026-10-01 11:39:16,BSCI180,8111,Hans Lemke,19,19,0,2026-10-01 11:42:32,2026-10-01 11:42:32.731
2026-10-01 11:39:16,BSCI180,8112,Hans Lemke,19,19,0,2026-10-01 11:42:32,2026-10-01 11:42:32.731
2026-10-01 11:39:16,BSCI180,8113,Hans Lemke,19,19,0,2026-10-01 11:42:32,2026-10-01 11:42:32.731
2026-10-01 11:39:16,BSCI180,8114,Hans Lemke,19,19,0,2026-10-01 11:42:32,2026-10-01 11:42:32.731
2026-10-01 11:39:16,BSCI180,8201,Hans Lemke,19,19,0,2026-10-01 11:42:32,2026-10-01 11:42:32.731
2026-10-01 11:39:16,BSCI180,8202,Hans Lemke,19,19,0,2026-10-01 11:42:32,2026-10-01 11:42:32.731
2026-10-01 11:39:16,BSCI180,8205,Hans Lemke,19,19,0,2026-10-01 11:42:32,2026-10-01 11:42:32.731
2026-10-01 11:39:16,BSCI180,8206,Hans Lemke,19,19,0,2026-10-01 11:42:32,2026-10-01 11:42:32.731
2026-10-01 11:39:16,BSCI180,8207,Hans Lemke,19,19,0,2026-10-01 11:42:32,2026-10-01 11:42:32.731
2026-10-01 11:39:16,BSCI180,8208,Hans Lemke,19,19,0,2026-10-01 11:42:32,2026-10-01 11:42:32.731
2026-10-01 11:39:16,BSCI180,8209,Hans Lemke,19,19,0,2026-10-01 11:42:32,2026-10-01 11:42:32.732
2026-10-01 11:39:16,BSCI180,8210,Hans Lemke,19,19,0,2026-10-01 11:42:32,2026-10-01 11:42:32.732
2026-10-01 11:39:16,BSCI180,8211,Hans Lemke,19,19,0,2026-10-01 11:42:32,2026-10-01 11:42:32.732
2026-10-01 11:39:16,BSCI180,8212,Hans Lemke,19,19,0,2026-10-01 11:42:32,2026-10-01 11:42:32.732
2026-10-01 11:39:16,BSCI180,8213,Hans Lemke,19,19,0,2026-10-01 11:42:32,2026-10-01 11:42:32.732
2026-10-01 11:39:16,BSCI180,8214,Hans Lemke,19,19,0,2026-10-01 11:42:32,2026-10-01 11:42:32.732
2026-10-01 11:39:16,BSCI180,8301,Hans Lemke,19,19,0,2026-10-01 11:42:32,2026-10-01 11:42:32.732
2026-10-01 11:39:16,BSCI180,8302,Hans Lemke,19,19,0,2026-10-01 11:42:32,2026-10-01 11:42:32.732
2026-10-01 11:39:16,BSCI180,8305,Hans Lemke,19,19,0,2026-10-01 11:42:32,2026-10-01 11:42:32.732
2026-10-01 11:39:16,BSCI180,8306,Hans Lemke,19,19,0,2026-10-01 11:42:32,2026-10-01 11:42:32.732
2026-10-01 11:39:16,BSCI180,8307,Hans Lemke,19,19,0,2026-10-01 11:42:32,2026-10-01 11:42:32.733
2026-10-01 11:39:16,BSCI180,8308,Hans Lemke,19,19,0,2026-10-01 11:42:32,2026-10-01 11:42:32.733
2026-10-01 11:39:16,BSCI180,8309,Hans Lemke,19,19,0,2026-10-01 11:42:32,2026-10-01 11:42:32.733
2026-10-01 11:39:16,BSCI180,8310,Hans Lemke,19,19,0,2026-10-01 11:42:32,2026-10-01 11:42:32.733
2026-10-01 11:39:16,BSCI180,8311,Hans Lemke,19,19,0,2026-10-01 11:42:32,2026-10-01 11:42:32.733
2026-10-01 11:39:16,BSCI180,8312,Hans Lemke,19,19,0,2026-10-01 11:42:32,2026-10-01 11:42:32.733
2026-10-01 11:39:16,BSCI180,8313,Hans Lemke,19,19,0,2026-10-01 11:42:32,2026-10-01 11:42:32.733
2026-10-01 11:39:16,BSCI180,8314,Hans Lemke,19,19,0,2026-10-01 11:42:32,2026-10-01 11:42:32.733
2026-10-01 11:39:16,BSCI180,8401,Hans Lemke,19,19,0,2026-10-01 11:42:32,2026-10-01 11:42:32.733
2026-10-01 11:39:16,BSCI180,8402,Hans Lemke,19,19,0,2026-10-01 11:42:32,2026-10-01 11:42:32.733
2026-10-01 11:39:16,BSCI180,8405,Hans Lemke,19,19,0,2026-10-01 11:42:32,2026-10-01 11:42:32.733
2026-10-01 11:39:16,BSCI180,8406,Hans Lemke,19,19,0,2026-10-01 11:42:32,2026-10-01 11:42:32.734
2026-10-01 11:39:16,BSCI180,8407,Hans Lemke,19,19,0,2026-10-01 11:42:32,2026-10-01 11:42:32.734
2026-10-01 11:39:16,BSCI180,8408,Hans Lemke,19,19,0,2026-10-01 11:42:32,2026-10-01 11:42:32.734
2026-10-01 11:39:16,BSCI180,8409,Hans Lemke,19,19,0,2026-10-01 11:42:32,2026-10-01 11:42:32.734
2026-10-01 11:39:16,BSCI180,8410,Hans Lemke,19,19,0,2026-10-01 11:42:32,2026-10-01 11:42:32.734
2026-10-01 11:39:16,BSCI180,8411,Hans Lemke,19,19,0,2026-10-01 11:42:32,2026-10-01 11:42:32.734
2026-10-01 11:39:16,BSCI180,8412,Hans Lemke,19,19,0,2026-10-01 11:42:32,2026-10-01 11:42:32.734
2026-10-01 11:39:16,BSCI180,8413,Hans Lemke,19,19,0,2026-10-01 11:42:32,2026-10-01 11:42:32.734
2026-10-01 11:39:16,BSCI180,8414,Hans Lemke,19,19,0,2026-10-01 11:42:32,2026-10-01 11:42:32.734
2026-10-01 11:39:16,BSCI180,SEF2,Hans Lemke,19,19,0,2026-10-01 11:42:32,2026-10-01 11:42:32.734
2026-10-01 11:39:16,BSCI180,SES1,Hans Lemke,19,19,0,2026-10-01 11:42:32,2026-10-01 11:42:32.735
2026-10-01 11:39:16,BSCI201,0101,Caitlin Fox,24,24,0,2026-10-01 11:42:33,2026-10-01 11:42:33.028
2026-10-01 11:39:16,BSCI201,0103,Caitlin Fox,24,24,0,2026-10-01 11:42:33,2026-10-01 11:42:33.028
2026-10-01 11:39:16,BSCI201,0105,Caitlin Fox,24,24,0,2026-10-01 11:42:33,2026-10-01 11:42:33.028
2026-10-01 11:39:16,BSCI201,0106,Caitlin Fox,24,24,0,2026-10-01 11:42:33,2026-10-01 11:42:33.028
2026-10-01 11:39:16,BSCI201,0107,Caitlin Fox,24,24,0,2026-10-01 11:42:33,2026-10-01 11:42:33.028
2026-10-01 11:39:16,BSCI201,0109,Maira Goytia,24,24,0,2026-10-01 11:42:33,2026-10-01 11:42:33.028
2026-10-01 11:39:16,BSCI201,0110,Caitlin Fox,24,24,0,2026-10-01 11:42:33,2026-10-01 11:42:33.029
2026-10-01 11:39:16,BSCI201,0111,Caitlin Fox,24,24,0,2026-10-01 11:42:33,2026-10-01 11:42:33.029
2026-10-01 11:39:16,BSCI201,1101,Justicia Opoku-Edusei,24,24,0,2026-10-01 11:42:33,2026-10-01 11:42:33.029
2026-10-01 11:39:16,BSCI201,1103,Justicia Opoku-Edusei,24,24,0,2026-10-01 11:42:33,2026-10-01 11:42:33.029
2026-10-01 11:39:16,BSCI201,1104,Justicia Opoku-Edusei,24,24,0,2026-10-01 11:42:33,2026-10-01 11:42:33.029
2026-10-01 11:39:16,BSCI201,1105,Caitlin Fox,24,24,0,2026-10-01 11:42:33,2026-10-01 11:42:33.029
2026-10-01 11:39:16,BSCI201,1106,Caitlin Fox,24,24,0,2026-10-01 11:42:33,2026-10-01 11:42:33.029
2026-10-01 11:39:16,BSCI201,1108,Caitlin Fox,24,24,0,2026-10-01 11:42:33,2026-10-01 11:42:33.029
2026-10-01 11:39:16,BSCI201,1109,Justicia Opoku-Edusei,24,24,0,2026-10-01 11:42:33,2026-10-01 11:42:33.029
2026-10-01 11:39:16,BSCI201,1110,Justicia Opoku-Edusei,24,24,0,2026-10-01 11:42:33,2026-10-01 11:42:33.029
2026-10-01 11:39:16,BSCI202,0101,Caitlin Fox,24,24,0,2026-10-01 11:42:33,2026-10-01 11:42:33.330
2026-10-01 11:39:16,BSCI202,0102,Caitlin Fox,24,24,0,2026-10-01 11:42:33,2026-10-01 11:42:33.331
2026-10-01 11:39:16,BSCI202,0104,Caitlin Fox,24,24,0,2026-10-01 11:42:33,2026-10-01 11:42:33.331
2026-10-01 11:39:16,BSCI202,0108,Caitlin Fox,24,24,0,2026-10-01 11:42:33,2026-10-01 11:42:33.331
2026-10-01 11:39:16,BSCI202,0109,Maira Goytia,24,24,0,2026-10-01 11:42:33,2026-10-01 11:42:33.331
2026-10-01 11:39:16,BSCI202,0110,Caitlin Fox,24,24,0,2026-10-01 11:42:33,2026-10-01 11:42:33.331
2026-10-01 11:39:16,BSCI202,1101,Justicia Opoku-Edusei,24,24,0,2026-10-01 11:42:33,2026-10-01 11:42:33.331
2026-10-01 11:39:16,BSCI202,1103,Justicia Opoku-Edusei,24,24,0,2026-10-01 11:42:33,2026-10-01 11:42:33.331
2026-10-01 11:39:16,BSCI202,1104,Justicia Opoku-Edusei,24,24,0,2026-10-01 11:42:33,2026-10-01 11:42:33.331
2026-10-01 11:39:16,BSCI202,1106,Justicia Opoku-Edusei,24,24,0,2026-10-01 11:42:33,2026-10-01 11:42:33.331
2026-10-01 11:39:16,BSCI202,1107,Justicia Opoku-Edusei,24,24,0,2026-10-01 11:42:33,2026-10-01 11:42:33.332
2026-10-01 11:39:16,BSCI202,1108,Justicia Opoku-Edusei,24,24,0,2026-10-01 11:42:33,2026-10-01 11:42:33.332
2026-10-01 11:39:16,BSCI202,SES1,Edward Orlando,20,20,0,2026-10-01 11:42:33,2026-10-01 11:42:33.332
2026-10-01 11:39:16,BSCI207,0101,Karen Carleton,80,80,0,2026-10-01 11:42:33,2026-10-01 11:42:33.616
2026-10-01 11:39:16,BSCI207,0201,Chloe Garfinkel,80,80,0,2026-10-01 11:42:33,2026-10-01 11:42:33.616
2026-10-01 11:39:16,BSCI213,0101,Cordelia Weiss,20,20,0,2026-10-01 11:42:33,2026-10-01 11:42:33.880
2026-10-01 11:39:16,BSCI213,0102,Cordelia Weiss,20,20,0,2026-10-01 11:42:33,2026-10-01 11:42:33.880
2026-10-01 11:39:16,BSCI222,7106,Thomas Kocher,18,18,0,2026-10-01 11:42:34,2026-10-01 11:42:34.235
2026-10-01 11:39:16,BSCI222,7108,Thomas Kocher,18,18,0,2026-10-01 11:42:34,2026-10-01 11:42:34.235
2026-10-01 11:39:16,BSCI222,7110,Thomas Kocher,18,18,0,2026-10-01 11:42:34,2026-10-01 11:42:34.235
2026-10-01 11:39:16,BSCI222,7112,Thomas Kocher,18,18,0,2026-10-01 11:42:34,2026-10-01 11:42:34.235
2026-10-01 11:39:16,BSCI222,7114,Thomas Kocher,18,18,0,2026-10-01 11:42:34,2026-10-01 11:42:34.235
2026-10-01 11:39:16,BSCI222,7116,Thomas Kocher,18,18,0,2026-10-01 11:42:34,2026-10-01 11:42:34.235
2026-10-01 11:39:16,BSCI222,7118,Thomas Kocher,18,18,0,2026-10-01 11:42:34,2026-10-01 11:42:34.235
2026-10-01 11:39:16,BSCI222,7120,Thomas Kocher,18,18,0,2026-10-01 11:42:34,2026-10-01 11:42:34.236
2026-10-01 11:39:16,BSCI222,7130,Thomas Kocher,18,18,0,2026-10-01 11:42:34,2026-10-01 11:42:34.236
2026-10-01 11:39:16,BSCI222,7133,Thomas Kocher,18,18,0,2026-10-01 11:42:34,2026-10-01 11:42:34.236
2026-10-01 11:39:16,BSCI222,7214,Michael Keller,18,18,0,2026-10-01 11:42:34,2026-10-01 11:42:34.236
2026-10-01 11:39:16,BSCI222,7216,Michael Keller,18,18,0,2026-10-01 11:42:34,2026-10-01 11:42:34.236
2026-10-01 11:39:16,BSCI222,7218,Michael Keller,18,18,0,2026-10-01 11:42:34,2026-10-01 11:42:34.236
2026-10-01 11:39:16,BSCI222,7219,Michael Keller,18,18,0,2026-10-01 11:42:34,2026-10-01 11:42:34.236
2026-10-01 11:39:16,BSCI222,7220,Michael Keller,18,18,0,2026-10-01 11:42:34,2026-10-01 11:42:34.236
2026-10-01 11:39:16,BSCI222,7221,Michael Keller,18,18,0,2026-10-01 11:42:34,2026-10-01 11:42:34.236
2026-10-01 11:39:16,BSCI222,7222,Michael Keller,18,18,0,2026-10-01 11:42:34,2026-10-01 11:42:34.236
2026-10-01 11:39:16,BSCI222,7224,Michael Keller,18,18,0,2026-10-01 11:42:34,2026-10-01 11:42:34.237
2026-10-01 11:39:16,BSCI222,7226,Michael Keller,18,18,0,2026-10-01 11:42:34,2026-10-01 11:42:34.237
2026-10-01 11:39:16,BSCI222,7232,Michael Keller,18,18,0,2026-10-01 11:42:34,2026-10-01 11:42:34.237
2026-10-01 11:39:16,BSCI222,7234,Michael Keller,18,18,0,2026-10-01 11:42:34,2026-10-01 11:42:34.237
2026-10-01 11:39:16,BSCI222,7236,Michael Keller,18,18,0,2026-10-01 11:42:34,2026-10-01 11:42:34.237
2026-10-01 11:39:16,BSCI222,7310,Maria Colt,18,18,0,2026-10-01 11:42:34,2026-10-01 11:42:34.237
2026-10-01 11:39:16,BSCI222,7311,Maria Colt,18,18,0,2026-10-01 11:42:34,2026-10-01 11:42:34.237
2026-10-01 11:39:16,BSCI222,7312,Maria Colt,18,18,0,2026-10-01 11:42:34,2026-10-01 11:42:34.237
2026-10-01 11:39:16,BSCI222,7313,Maria Colt,18,18,0,2026-10-01 11:42:34,2026-10-01 11:42:34.237
2026-10-01 11:39:16,BSCI222,7315,Maria Colt,18,18,0,2026-10-01 11:42:34,2026-10-01 11:42:34.237
2026-10-01 11:39:16,BSCI222,7320,Maria Colt,18,18,0,2026-10-01 11:42:34,2026-10-01 11:42:34.238
2026-10-01 11:39:16,BSCI222,7325,Maria Colt,18,18,0,2026-10-01 11:42:34,2026-10-01 11:42:34.238
2026-10-01 11:39:16,BSCI222,7330,Maria Colt,18,18,0,2026-10-01 11:42:34,2026-10-01 11:42:34.238
2026-10-01 11:39:16,BSCI222,7332,Maria Colt,18,18,0,2026-10-01 11:42:34,2026-10-01 11:42:34.238
2026-10-01 11:39:16,BSCI222,7335,Maria Colt,18,18,0,2026-10-01 11:42:34,2026-10-01 11:42:34.238
2026-10-01 11:39:16,BSCI222,SES1,Maria Colt,23,23,0,2026-10-01 11:42:34,2026-10-01 11:42:34.238
2026-10-01 11:39:16,BSCI223,1021,John Buchner,16,16,0,2026-10-01 11:42:34,2026-10-01 11:42:34.535
2026-10-01 11:39:16,BSCI223,1025,John Buchner,16,16,0,2026-10-01 11:42:34,2026-10-01 11:42:34.535
2026-10-01 11:39:16,BSCI223,1026,John Buchner,16,16,0,2026-10-01 11:42:34,2026-10-01 11:42:34.535
2026-10-01 11:39:16,BSCI223,1101,John Buchner,16,16,0,2026-10-01 11:42:34,2026-10-01 11:42:34.535
2026-10-01 11:39:16,BSCI223,1105,John Buchner,16,16,0,2026-10-01 11:42:34,2026-10-01 11:42:34.536
2026-10-01 11:39:16,BSCI223,1106,John Buchner,16,16,0,2026-10-01 11:42:34,2026-10-01 11:42:34.536
2026-10-01 11:39:16,BSCI223,1121,John Buchner,16,16,0,2026-10-01 11:42:34,2026-10-01 11:42:34.536
2026-10-01 11:39:16,BSCI223,1125,John Buchner,16,16,0,2026-10-01 11:42:34,2026-10-01 11:42:34.536
2026-10-01 11:39:16,BSCI223,1126,John Buchner,16,16,0,2026-10-01 11:42:34,2026-10-01 11:42:34.536
2026-10-01 11:39:16,BSCI223,1201,John Buchner,16,16,0,2026-10-01 11:42:34,2026-10-01 11:42:34.536
2026-10-01 11:39:16,BSCI223,1206,John Buchner,16,16,0,2026-10-01 11:42:34,2026-10-01 11:42:34.536
2026-10-01 11:39:16,BSCI223,1221,John Buchner,16,16,0,2026-10-01 11:42:34,2026-10-01 11:42:34.536
2026-10-01 11:39:16,BSCI223,1225,John Buchner,16,16,0,2026-10-01 11:42:34,2026-10-01 11:42:34.536
2026-10-01 11:39:16,BSCI223,1226,John Buchner,16,16,0,2026-10-01 11:42:34,2026-10-01 11:42:34.537
2026-10-01 11:39:16,BSCI223,1301,John Buchner,16,16,0,2026-10-01 11:42:34,2026-10-01 11:42:34.537
2026-10-01 11:39:16,BSCI223,1306,John Buchner,16,16,0,2026-10-01 11:42:34,2026-10-01 11:42:34.537
2026-10-01 11:39:16,BSCI223,2401,John Buchner,16,16,0,2026-10-01 11:42:34,2026-10-01 11:42:34.537
2026-10-01 11:39:16,BSCI223,2406,John Buchner,16,16,0,2026-10-01 11:42:34,2026-10-01 11:42:34.537
2026-10-01 11:39:16,BSCI223,SES1,Cherisse Hall,20,20,0,2026-10-01 11:42:34,2026-10-01 11:42:34.537
2026-10-01 11:39:16,BSCI238I,0101,Aditri Gadigi,30,30,0,2026-10-01 11:42:34,2026-10-01 11:42:34.788
2026-10-01 11:39:16,BSCI258A,0101,Nicholas Fletcher,10,10,0,2026-10-01 11:42:35,2026-10-01 11:42:35.044
2026-10-01 11:39:16,BSCI258B,0101,Nicholas Fletcher,80,80,0,2026-10-01 11:42:35,2026-10-01 11:42:35.316
2026-10-01 11:39:16,BSCI279B,0101,Katerina Thompson,32,32,0,2026-10-01 11:42:35,2026-10-01 11:42:35.852
2026-10-01 11:39:16,BSCI279B,0102,Katerina Thompson,32,32,0,2026-10-01 11:42:35,2026-10-01 11:42:35.852
2026-10-01 11:39:16,BSCI279Q,0101,Daniel Butts,10,10,0,2026-10-01 11:42:36,2026-10-01 11:42:36.343
2026-10-01 11:39:16,BSCI283,1205,Kevin McIver,20,20,0,2026-10-01 11:42:37,2026-10-01 11:42:37.082
2026-10-01 11:39:16,BSCI283,1305,Daniel Stein,20,20,0,2026-10-01 11:42:37,2026-10-01 11:42:37.082
2026-10-01 11:39:16,BSCI329,1016,Hilary Bierman,5,5,0,2026-10-01 11:42:37,2026-10-01 11:42:37.341
2026-10-01 11:39:16,BSCI329,1028,Daniel Butts,10,10,0,2026-10-01 11:42:37,2026-10-01 11:42:37.341
2026-10-01 11:39:16,BSCI329,1033,Chan Lin,10,10,0,2026-10-01 11:42:37,2026-10-01 11:42:37.341
2026-10-01 11:39:16,BSCI329,1250,Justicia Opoku-Edusei,20,20,0,2026-10-01 11:42:37,2026-10-01 11:42:37.341
2026-10-01 11:39:16,BSCI329,1388,Corine Van der Weele,8,8,0,2026-10-01 11:42:37,2026-10-01 11:42:37.341
2026-10-01 11:39:16,BSCI329,ESG1,Hadiya Woodham,10,10,0,2026-10-01 11:42:37,2026-10-01 11:42:37.341
2026-10-01 11:39:16,BSCI331,0101,Kenneth Frauwirth,200,200,0,2026-10-01 11:42:37,2026-10-01 11:42:37.601
2026-10-01 11:39:16,BSCI331,0201,Kenneth Frauwirth,200,200,0,2026-10-01 11:42:37,2026-10-01 11:42:37.601
2026-10-01 11:39:16,BSCI332,0102,Corine Van der Weele,23,23,0,2026-10-01 11:42:37,2026-10-01 11:42:37.864
2026-10-01 11:39:16,BSCI332,0104,Corine Van der Weele,23,23,0,2026-10-01 11:42:37,2026-10-01 11:42:37.865
2026-10-01 11:39:16,BSCI332,0106,Corine Van der Weele,23,23,0,2026-10-01 11:42:37,2026-10-01 11:42:37.865
2026-10-01 11:39:16,BSCI332,0107,Corine Van der Weele,23,23,0,2026-10-01 11:42:37,2026-10-01 11:42:37.865
2026-10-01 11:39:16,BSCI332,0111,Corine Van der Weele,23,23,0,2026-10-01 11:42:37,2026-10-01 11:42:37.865
2026-10-01 11:39:16,BSCI332,1103,Corine Van der Weele,23,23,0,2026-10-01 11:42:37,2026-10-01 11:42:37.865
2026-10-01 11:39:16,BSCI332,1105,Corine Van der Weele,23,23,0,2026-10-01 11:42:37,2026-10-01 11:42:37.865
2026-10-01 11:39:16,BSCI332,1108,Corine Van der Weele,23,23,0,2026-10-01 11:42:37,2026-10-01 11:42:37.865
2026-10-01 11:39:16,BSCI332,1109,Corine Van der Weele,23,23,0,2026-10-01 11:42:37,2026-10-01 11:42:37.865
2026-10-01 11:39:16,BSCI332,1111,Corine Van der Weele,23,23,0,2026-10-01 11:42:37,2026-10-01 11:42:37.865
2026-10-01 11:39:16,BSCI332,1113,Corine Van der Weele,23,23,0,2026-10-01 11:42:37,2026-10-01 11:42:37.865
2026-10-01 11:39:16,BSCI334,0101,Katerina Thompson,60,60,0,2026-10-01 11:42:38,2026-10-01 11:42:38.175
2026-10-01 11:39:16,BSCI335,0101,Katerina Thompson,20,20,0,2026-10-01 11:42:38,2026-10-01 11:42:38.429
2026-10-01 11:39:16,BSCI335,0102,Katerina Thompson,20,20,0,2026-10-01 11:42:38,2026-10-01 11:42:38.429
2026-10-01 11:39:16,BSCI337,0101,Leo Shapiro,20,20,0,2026-10-01 11:42:38,2026-10-01 11:42:38.698
2026-10-01 11:39:16,BSCI337,0102,Leo Shapiro,20,20,0,2026-10-01 11:42:38,2026-10-01 11:42:38.698
2026-10-01 11:39:16,BSCI343,ESG1,Hadiya Woodham,30,30,0,2026-10-01 11:42:39,2026-10-01 11:42:39.214
2026-10-01 11:39:16,BSCI348A,0101,John Buchner,22,22,0,2026-10-01 11:42:39,2026-10-01 11:42:39.805
2026-10-01 11:39:16,BSCI348I,SES1,Erik Lontok,25,25,0,2026-10-01 11:42:40,2026-10-01 11:42:40.064
2026-10-01 11:39:16,BSCI348R,0101,Najib El-Sayed,10,10,0,2026-10-01 11:42:40,2026-10-01 11:42:40.324
2026-10-01 11:39:16,BSCI353,0101,Chan Lin,64,64,0,2026-10-01 11:42:40,2026-10-01 11:42:40.600
2026-10-01 11:39:16,BSCI353,0102,Melissa Caras,40,40,0,2026-10-01 11:42:40,2026-10-01 11:42:40.600
2026-10-01 11:39:16,BSCI353,ESG1,Vitaly Stepensky,40,40,0,2026-10-01 11:42:40,2026-10-01 11:42:40.600
2026-10-01 11:39:16,BSCI358A,ESG1,Vitaly Stepensky,30,30,0,2026-10-01 11:42:40,2026-10-01 11:42:40.857
2026-10-01 11:39:16,BSCI358B,ESG1,Gregory Simon,30,30,0,2026-10-01 11:42:41,2026-10-01 11:42:41.135
2026-10-01 11:39:16,BSCI361,0101,Daniel Gruner,25,25,0,2026-10-01 11:42:41,2026-10-01 11:42:41.386
2026-10-01 11:39:16,BSCI361,0102,Daniel Gruner,25,25,0,2026-10-01 11:42:41,2026-10-01 11:42:41.386
2026-10-01 11:39:16,BSCI370,0101,Alexandra Bely,64,64,0,2026-10-01 11:42:41,2026-10-01 11:42:41.653
2026-10-01 11:39:16,BSCI378H,0101,Kenneth Frauwirth,23,23,0,2026-10-01 11:42:41,2026-10-01 11:42:41.905
2026-10-01 11:39:16,BSCI398H,0101,Alexandra Bely,35,35,0,2026-10-01 11:42:43,2026-10-01 11:42:43.746
2026-10-01 11:39:16,BSCI401,0101,Gerald Wilkinson,39,39,0,2026-10-01 11:42:44,2026-10-01 11:42:44.791
2026-10-01 11:39:16,BSCI406,0101,Sergei Sukharev,20,20,0,2026-10-01 11:42:45,2026-10-01 11:42:45.052
2026-10-01 11:39:16,BSCI410,0101,Charles Seller,140,140,0,2026-10-01 11:42:45,2026-10-01 11:42:45.334
2026-10-01 11:39:16,BSCI412,0101,Erin Tran,18,18,0,2026-10-01 11:42:45,2026-10-01 11:42:45.589
2026-10-01 11:39:16,BSCI412,0103,Wade Winkler,18,18,0,2026-10-01 11:42:45,2026-10-01 11:42:45.589
2026-10-01 11:39:16,BSCI414,ESG1,Caitlin Fox,24,24,0,2026-10-01 11:42:45,2026-10-01 11:42:45.845
2026-10-01 11:39:16,BSCI416,0101,Silvia Bolland,42,42,0,2026-10-01 11:42:46,2026-10-01 11:42:46.129
2026-10-01 11:39:16,BSCI417,0101,Vincent Lee,30,30,0,2026-10-01 11:42:46,2026-10-01 11:42:46.386
2026-10-01 11:39:16,BSCI420,0101,Sougata Roy,62,62,0,2026-10-01 11:42:46,2026-10-01 11:42:46.663
2026-10-01 11:39:16,BSCI422,0101,Kenneth Frauwirth,25,25,0,2026-10-01 11:42:46,2026-10-01 11:42:46.924
2026-10-01 11:39:16,BSCI422,0102,Kenneth Frauwirth,25,25,0,2026-10-01 11:42:46,2026-10-01 11:42:46.924
2026-10-01 11:39:16,BSCI422,0103,David Mosser,25,25,0,2026-10-01 11:42:46,2026-10-01 11:42:46.924
2026-10-01 11:39:16,BSCI422,0104,David Mosser,25,25,0,2026-10-01 11:42:46,2026-10-01 11:42:46.924
2026-10-01 11:39:16,BSCI423,0101,Wenxia Song,18,18,0,2026-10-01 11:42:47,2026-10-01 11:42:47.187
2026-10-01 11:39:16,BSCI423,0102,Wenxia Song,18,18,0,2026-10-01 11:42:47,2026-10-01 11:42:47.187
2026-10-01 11:39:16,BSCI425,0101,Kan Cao,20,20,0,2026-10-01 11:42:47,2026-10-01 11:42:47.449
2026-10-01 11:39:16,BSCI430,0101,Eric Haag,35,35,0,2026-10-01 11:42:47,2026-10-01 11:42:47.693
2026-10-01 11:39:16,BSCI433,0101,Jeff Maltas,30,30,0,2026-10-01 11:42:47,2026-10-01 11:42:47.980
2026-10-01 11:39:16,BSCI435,0101,Tapan Goel,18,18,0,2026-10-01 11:42:48,2026-10-01 11:42:48.247
2026-10-01 11:39:16,BSCI436,0101,Jonathan Dinman,60,60,0,2026-10-01 11:42:48,2026-10-01 11:42:48.509
2026-10-01 11:39:16,BSCI437,0101,Jeffrey DeStefano,70,70,0,2026-10-01 11:42:48,2026-10-01 11:42:48.756
2026-10-01 11:39:16,BSCI437,ESG1,Gilad Ofek,40,40,0,2026-10-01 11:42:48,2026-10-01 11:42:48.757
2026-10-01 11:39:16,BSCI437H,0101,Jeffrey DeStefano,8,8,0,2026-10-01 11:42:49,2026-10-01 11:42:49.009
2026-10-01 11:39:16,BSCI439B,ESG1,Maira Goytia,40,40,0,2026-10-01 11:42:49,2026-10-01 11:42:49.293
2026-10-01 11:39:16,BSCI439E,0101,Beatrice Kondo,5,5,0,2026-10-01 11:42:49,2026-10-01 11:42:49.549
2026-10-01 11:39:16,BSCI439G,0101,Beatrice Kondo,5,5,0,2026-10-01 11:42:49,2026-10-01 11:42:49.809
2026-10-01 11:39:16,BSCI439L,0101,Instructor: TBA,5,5,0,2026-10-01 11:42:50,2026-10-01 11:42:50.112
2026-10-01 11:39:16,BSCI439Z,0101,Amanda Chicoli,20,20,0,2026-10-01 11:42:50,2026-10-01 11:42:50.376
2026-10-01 11:39:16,BSCI442,0101,Daniel Rodriguez Leal,20,20,0,2026-10-01 11:42:50,2026-10-01 11:42:50.652
2026-10-01 11:39:16,BSCI442,0102,Jose Feijo,20,20,0,2026-10-01 11:42:50,2026-10-01 11:42:50.652
2026-10-01 11:39:16,BSCI450,0101,Juan Angueyra,130,130,0,2026-10-01 11:42:50,2026-10-01 11:42:50.908
2026-10-01 11:39:16,BSCI450,0201,Joshua Singer,120,120,0,2026-10-01 11:42:50,2026-10-01 11:42:50.909
2026-10-01 11:39:16,BSCI450,PDS1,William Higgins,20,20,0,2026-10-01 11:42:50,2026-10-01 11:42:50.909
2026-10-01 11:39:16,BSCI451,0101,Corine Van der Weele,20,20,0,2026-10-01 11:42:51,2026-10-01 11:42:51.225
2026-10-01 11:39:16,BSCI451,0102,Corine Van der Weele,20,20,0,2026-10-01 11:42:51,2026-10-01 11:42:51.225
2026-10-01 11:39:16,BSCI451,0103,Corine Van der Weele,20,20,0,2026-10-01 11:42:51,2026-10-01 11:42:51.226
2026-10-01 11:39:16,BSCI451,0104,Corine Van der Weele,20,20,0,2026-10-01 11:42:51,2026-10-01 11:42:51.226
2026-10-01 11:39:16,BSCI452,0101,Chan Lin,40,40,0,2026-10-01 11:42:51,2026-10-01 11:42:51.485
2026-10-01 11:39:16,BSCI452,SES1,Chan Lin,20,20,0,2026-10-01 11:42:51,2026-10-01 11:42:51.485
2026-10-01 11:39:16,BSCI453,0101,Nikolas Francis,38,38,0,2026-10-01 11:42:51,2026-10-01 11:42:51.768
2026-10-01 11:39:16,BSCI455,0101,Hilary Bierman,16,16,0,2026-10-01 11:42:52,2026-10-01 11:42:52.042
2026-10-01 11:39:16,BSCI455,0102,Hilary Bierman,16,16,0,2026-10-01 11:42:52,2026-10-01 11:42:52.043
2026-10-01 11:39:16,BSCI455,0103,Hilary Bierman,16,16,0,2026-10-01 11:42:52,2026-10-01 11:42:52.043
2026-10-01 11:39:16,BSCI456,0101,Colenso Speer,5,5,0,2026-10-01 11:42:52,2026-10-01 11:42:52.303
2026-10-01 11:39:16,BSCI477,0101,Emily Bruns,40,40,0,2026-10-01 11:42:52,2026-10-01 11:42:52.559
2026-10-01 11:39:16,BSCI487,0101,Kelly Hamby,24,24,0,2026-10-01 11:42:52,2026-10-01 11:42:52.853
2026-10-01 11:39:16,BSOS355,0101,Liza Lebrun,40,40,0,2026-10-01 11:42:54,2026-10-01 11:42:54.347
2026-10-01 11:39:16,BSOS361,0101,TC Lloyd,30,30,0,2026-10-01 11:42:54,2026-10-01 11:42:54.604
2026-10-01 11:39:16,BSOS361,0102,TC Lloyd,30,30,0,2026-10-01 11:42:54,2026-10-01 11:42:54.604
2026-10-01 11:39:16,BSOS448M,0101,Brandee Pettus,12,12,0,2026-10-01 11:42:54,2026-10-01 11:42:54.861
2026-10-01 11:39:16,BUMO600,0501,Sheetal Singh,52,52,0,2026-10-01 11:43:12,2026-10-01 11:43:12.535
2026-10-01 11:39:16,BUMO604,0501,Jon Crocker,0,0,0,2026-10-01 11:43:12,2026-10-01 11:43:12.796
2026-10-01 11:39:16,BUMO614,0501,Waverly Ding,58,58,0,2026-10-01 11:43:13,2026-10-01 11:43:13.058
2026-10-01 11:39:16,BUMO701,0501,Jason Choi,65,65,0,2026-10-01 11:43:13,2026-10-01 11:43:13.364
2026-10-01 11:39:16,BUMO703,0501,Mary Beth Furst,65,65,0,2026-10-01 11:43:13,2026-10-01 11:43:13.618
2026-10-01 11:39:16,BUMO711,0501,Sheetal Singh,65,65,0,2026-10-01 11:43:13,2026-10-01 11:43:13.874
2026-10-01 11:39:16,BUMO714,0501,Rellie Rozin,0,0,0,2026-10-01 11:43:14,2026-10-01 11:43:14.135
2026-10-01 11:39:16,BUMO723,0501,Stephen Sclafani,58,58,0,2026-10-01 11:43:14,2026-10-01 11:43:14.402
2026-10-01 11:39:16,BUMO724,0501,Stephen Sclafani,58,58,0,2026-10-01 11:43:19,2026-10-01 11:43:19.478
2026-10-01 11:39:16,BUMO726,0501,Stephen Sclafani,58,58,0,2026-10-01 11:43:19,2026-10-01 11:43:19.774
2026-10-01 11:39:16,BUMO731,0501,Balaji Padmanabhan,58,58,0,2026-10-01 11:43:20,2026-10-01 11:43:20.024
2026-10-01 11:39:16,BUMO733,0501,Balaji Padmanabhan,58,58,0,2026-10-01 11:43:20,2026-10-01 11:43:20.312
2026-10-01 11:39:16,BUMO758P,0501,Jon Crocker,37,37,0,2026-10-01 11:43:20,2026-10-01 11:43:20.578
2026-10-01 11:39:16,BUMO780,0501,Jennifer Marr,37,37,0,2026-10-01 11:43:21,2026-10-01 11:43:21.098
2026-10-01 11:39:16,BUMO780,0502,Jennifer Marr,37,37,0,2026-10-01 11:43:21,2026-10-01 11:43:21.099
2026-10-01 11:39:16,BUMO782,0501,Mike Hoffmeyer,40,40,0,2026-10-01 11:43:21,2026-10-01 11:43:21.365
2026-10-01 11:39:16,BUMO785,0501,Maria Bustamante,65,65,0,2026-10-01 11:43:21,2026-10-01 11:43:21.603
2026-10-01 11:39:16,BUMO790,0501,Roy Thomason,65,65,0,2026-10-01 11:43:21,2026-10-01 11:43:21.865
2026-10-01 11:39:16,BUMO790,0502,Roy Thomason,65,65,0,2026-10-01 11:43:21,2026-10-01 11:43:21.865
2026-10-01 11:39:16,BUMO791,0501,Roy Thomason,65,65,0,2026-10-01 11:43:22,2026-10-01 11:43:22.156
2026-10-01 11:39:16,BUMO791,0502,Roy Thomason,65,65,0,2026-10-01 11:43:22,2026-10-01 11:43:22.157
2026-10-01 11:39:16,CHIN100,0101,Yuli Wang,15,15,0,2026-10-01 11:44:03,2026-10-01 11:44:03.253
2026-10-01 11:39:16,CHIN121,0101,Mei Kong,15,15,0,2026-10-01 11:44:03,2026-10-01 11:44:03.519
2026-10-01 11:39:16,CHIN122,0101,Mei Kong,15,15,0,2026-10-01 11:44:03,2026-10-01 11:44:03.775
2026-10-01 11:39:16,CHIN122,0201,Mei Kong,15,15,0,2026-10-01 11:44:03,2026-10-01 11:44:03.775
2026-10-01 11:39:16,CHIN122,0301,Guiling Hu,15,15,0,2026-10-01 11:44:03,2026-10-01 11:44:03.775
2026-10-01 11:39:16,CHIN207,0101,Guiling Hu,15,15,0,2026-10-01 11:44:04,2026-10-01 11:44:04.075
2026-10-01 11:39:16,CHIN207,0201,Guiling Hu,15,15,0,2026-10-01 11:44:04,2026-10-01 11:44:04.076
2026-10-01 11:39:16,CHIN302,0101,Jungjung Lee,15,15,0,2026-10-01 11:44:04,2026-10-01 11:44:04.348
2026-10-01 11:39:16,CHIN302,0201,Jungjung Lee,15,15,0,2026-10-01 11:44:04,2026-10-01 11:44:04.348
2026-10-01 11:39:16,CHIN307,0101,Minglang Zhou,25,25,0,2026-10-01 11:44:04,2026-10-01 11:44:04.607
2026-10-01 11:39:16,CHIN315,0101,Mei Nan,30,30,0,2026-10-01 11:44:04,2026-10-01 11:44:04.890
2026-10-01 11:39:16,CHIN332,0101,Yuli Wang,15,15,0,2026-10-01 11:44:05,2026-10-01 11:44:05.142
2026-10-01 11:39:16,CHIN402,0101,Jungjung Lee,15,15,0,2026-10-01 11:44:05,2026-10-01 11:44:05.642
2026-10-01 11:39:16,CHIN415,0101,Jungjung Lee,15,15,0,2026-10-01 11:44:05,2026-10-01 11:44:05.900
2026-10-01 11:39:16,CHIN418O,0101,Mei Nan,25,25,0,2026-10-01 11:44:06,2026-10-01 11:44:06.158
2026-10-01 11:39:16,CHIN441,0101,Andrew Schonebaum,20,20,0,2026-10-01 11:44:06,2026-10-01 11:44:06.407
2026-10-01 11:39:16,CHSE205,0101,Yewon Lee,60,60,0,2026-10-01 11:44:10,2026-10-01 11:44:10.073
2026-10-01 11:39:16,CHSE205,0201,Katryna Andrusik,50,50,0,2026-10-01 11:44:10,2026-10-01 11:44:10.073
2026-10-01 11:39:16,CHSE228D,0101,Nikita Kimani,16,16,0,2026-10-01 11:44:10,2026-10-01 11:44:10.331
2026-10-01 11:39:16,CHSE376,0101,Michael Dunham,20,20,0,2026-10-01 11:44:10,2026-10-01 11:44:10.590
2026-10-01 11:39:16,CHSE376,0201,Elizabeth Martinez,20,20,0,2026-10-01 11:44:10,2026-10-01 11:44:10.590
2026-10-01 11:39:16,CHSE376,0301,Colleen McGilpin,20,20,0,2026-10-01 11:44:10,2026-10-01 11:44:10.590
2026-10-01 11:39:16,CHSE376,0401,Chanai Brewster,20,20,0,2026-10-01 11:44:10,2026-10-01 11:44:10.590
2026-10-01 11:39:16,CHSE376,0501,Michael Dunham,20,20,0,2026-10-01 11:44:10,2026-10-01 11:44:10.590
2026-10-01 11:39:16,CHSE476,0101,Michael Dunham,20,20,0,2026-10-01 11:44:11,2026-10-01 11:44:11.121
2026-10-01 11:39:16,CHSE477,0101,Michael Dunham,18,18,0,2026-10-01 11:44:11,2026-10-01 11:44:11.398
2026-10-01 11:39:16,CHSE480,0101,Michael Dunham,18,18,0,2026-10-01 11:44:11,2026-10-01 11:44:11.656
2026-10-01 11:39:16,CHSE489,1901,Amy D'Agati,10,10,0,2026-10-01 11:44:11,2026-10-01 11:44:11.922
2026-10-01 11:39:16,CINE245,0201,Instructor: TBA,27,27,0,2026-10-01 11:44:13,2026-10-01 11:44:13.804
2026-10-01 11:39:16,CINE245,0301,Alan Montroso,27,27,0,2026-10-01 11:44:13,2026-10-01 11:44:13.804
2026-10-01 11:39:16,CINE280,0101,Eric Zakim,25,25,0,2026-10-01 11:44:14,2026-10-01 11:44:14.057
2026-10-01 11:39:16,CINE280,0102,Eric Zakim,25,25,0,2026-10-01 11:44:14,2026-10-01 11:44:14.057
2026-10-01 11:39:16,CINE280,0103,Eric Zakim,25,25,0,2026-10-01 11:44:14,2026-10-01 11:44:14.057
2026-10-01 11:39:16,CINE280,0104,Eric Zakim,25,25,0,2026-10-01 11:44:14,2026-10-01 11:44:14.057
2026-10-01 11:39:16,CINE282,0101,Susan Pramschufer,35,35,0,2026-10-01 11:44:14,2026-10-01 11:44:14.303
2026-10-01 11:39:16,CINE298B,0101,Sean Pue,20,20,0,2026-10-01 11:44:14,2026-10-01 11:44:14.553
2026-10-01 11:39:16,CINE302,0101,Luka Arsenjuk,30,30,0,2026-10-01 11:44:14,2026-10-01 11:44:14.803
2026-10-01 11:39:16,CINE310,0101,Nathaniel Stevens,15,15,0,2026-10-01 11:44:15,2026-10-01 11:44:15.091
2026-10-01 11:39:16,CINE319A,0101,Paul Cote,20,20,0,2026-10-01 11:44:15,2026-10-01 11:44:15.336
2026-10-01 11:39:16,CINE319I,0101,Yael Inbar,15,15,0,2026-10-01 11:44:15,2026-10-01 11:44:15.595
2026-10-01 11:39:16,CINE319P,5501,Samuel Crawford,10,10,0,2026-10-01 11:44:15,2026-10-01 11:44:15.855
2026-10-01 11:39:16,CINE329E,0101,Elizabeth Papazian,25,25,0,2026-10-01 11:44:16,2026-10-01 11:44:16.263
2026-10-01 11:39:16,CINE329N,0101,Daniel Richter,25,25,0,2026-10-01 11:44:16,2026-10-01 11:44:16.530
2026-10-01 11:39:16,CINE329Z,0101,Daniel Richter,25,25,0,2026-10-01 11:44:16,2026-10-01 11:44:16.782
2026-10-01 11:39:16,CINE335,0101,Jason Kuo,25,25,0,2026-10-01 11:44:17,2026-10-01 11:44:17.050
2026-10-01 11:39:16,CINE369C,0101,Mauro Resmini,40,40,0,2026-10-01 11:44:17,2026-10-01 11:44:17.304
2026-10-01 11:39:16,CINE369F,0101,Alexis Lothian,30,30,0,2026-10-01 11:44:17,2026-10-01 11:44:17.570
2026-10-01 11:39:16,CINE369K,0101,Paul Cote,20,20,0,2026-10-01 11:44:17,2026-10-01 11:44:17.978
2026-10-01 11:39:16,CINE376,0101,Ross Angelella,14,14,0,2026-10-01 11:44:18,2026-10-01 11:44:18.244
2026-10-01 11:39:16,CINE376,0102,Ross Angelella,5,5,0,2026-10-01 11:44:18,2026-10-01 11:44:18.244
2026-10-01 11:39:16,CINE419E,0101,Stephanie Sapienza,15,15,0,2026-10-01 11:44:18,2026-10-01 11:44:18.738
2026-10-01 11:39:16,CINE429O,0101,Mei Nan,25,25,0,2026-10-01 11:44:18,2026-10-01 11:44:18.995
2026-10-01 11:39:16,CINE459C,0101,Saverio Giovacchini,54,54,0,2026-10-01 11:44:19,2026-10-01 11:44:19.251
2026-10-01 11:39:16,CINE469Y,0101,Jason Kuo,14,14,0,2026-10-01 11:44:19,2026-10-01 11:44:19.540
2026-10-01 11:39:16,CLAS170,0101,Katherine Wasdin,21,21,0,2026-10-01 11:44:21,2026-10-01 11:44:21.275
2026-10-01 11:39:16,CLAS170,0102,Katherine Wasdin,21,21,0,2026-10-01 11:44:21,2026-10-01 11:44:21.276
2026-10-01 11:39:16,CLAS170,0103,Katherine Wasdin,21,21,0,2026-10-01 11:44:21,2026-10-01 11:44:21.276
2026-10-01 11:39:16,CLAS170,0104,Katherine Wasdin,21,21,0,2026-10-01 11:44:21,2026-10-01 11:44:21.276
2026-10-01 11:39:16,CLAS170,0105,Katherine Wasdin,21,21,0,2026-10-01 11:44:21,2026-10-01 11:44:21.276
2026-10-01 11:39:16,CLAS170,0106,Katherine Wasdin,21,21,0,2026-10-01 11:44:21,2026-10-01 11:44:21.276
2026-10-01 11:39:16,CLAS170,0107,Katherine Wasdin,21,21,0,2026-10-01 11:44:21,2026-10-01 11:44:21.276
2026-10-01 11:39:16,CLAS170,0108,Katherine Wasdin,21,21,0,2026-10-01 11:44:21,2026-10-01 11:44:21.276
2026-10-01 11:39:16,CLAS170,0109,Katherine Wasdin,21,21,0,2026-10-01 11:44:21,2026-10-01 11:44:21.276
2026-10-01 11:39:16,CLAS276,0101,Eric Adler,25,25,0,2026-10-01 11:44:21,2026-10-01 11:44:21.554
2026-10-01 11:39:16,CLAS276,0102,Eric Adler,25,25,0,2026-10-01 11:44:21,2026-10-01 11:44:21.554
2026-10-01 11:39:16,CLAS276,0103,Eric Adler,25,25,0,2026-10-01 11:44:21,2026-10-01 11:44:21.555
2026-10-01 11:39:16,CLAS276,0104,Eric Adler,25,25,0,2026-10-01 11:44:21,2026-10-01 11:44:21.555
2026-10-01 11:39:16,CLAS276,0105,Eric Adler,25,25,0,2026-10-01 11:44:21,2026-10-01 11:44:21.555
2026-10-01 11:39:16,CLAS276,0106,Eric Adler,25,25,0,2026-10-01 11:44:21,2026-10-01 11:44:21.555
2026-10-01 11:39:16,CLAS333,0101,Nathan Levine,35,35,0,2026-10-01 11:44:21,2026-10-01 11:44:21.823
2026-10-01 11:39:16,CLAS340,0101,Katherine Wasdin,35,35,0,2026-10-01 11:44:22,2026-10-01 11:44:22.075
2026-10-01 11:39:16,CMLT235,0101,Instructor: TBA,30,30,0,2026-10-01 11:44:23,2026-10-01 11:44:23.766
2026-10-01 11:39:16,CMLT270,0201,Instructor: TBA,30,30,0,2026-10-01 11:44:24,2026-10-01 11:44:24.015
2026-10-01 11:39:16,CMLT270,0301,Instructor: TBA,30,30,0,2026-10-01 11:44:24,2026-10-01 11:44:24.016
2026-10-01 11:39:16,CMLT275,0101,Instructor: TBA,30,30,0,2026-10-01 11:44:24,2026-10-01 11:44:24.272
2026-10-01 11:39:16,CMLT277,0101,Instructor: TBA,30,30,0,2026-10-01 11:44:24,2026-10-01 11:44:24.571
2026-10-01 11:39:16,CMLT280,0101,Eric Zakim,25,25,0,2026-10-01 11:44:24,2026-10-01 11:44:24.844
2026-10-01 11:39:16,CMLT280,0102,Eric Zakim,25,25,0,2026-10-01 11:44:24,2026-10-01 11:44:24.844
2026-10-01 11:39:16,CMLT280,0103,Eric Zakim,25,25,0,2026-10-01 11:44:24,2026-10-01 11:44:24.844
2026-10-01 11:39:16,CMLT280,0104,Eric Zakim,25,25,0,2026-10-01 11:44:24,2026-10-01 11:44:24.844
2026-10-01 11:39:16,CPBE101,0101,Oliver Schlake,75,75,0,2026-10-01 11:44:43,2026-10-01 11:44:43.875
2026-10-01 11:39:16,CPBE230,0101,Oliver Schlake,30,30,0,2026-10-01 11:44:44,2026-10-01 11:44:44.134
2026-10-01 11:39:16,CPBE240,0101,Oliver Schlake,20,20,0,2026-10-01 11:44:44,2026-10-01 11:44:44.436
2026-10-01 11:39:16,CPBE250,0101,Oliver Schlake,30,30,0,2026-10-01 11:44:44,2026-10-01 11:44:44.709
2026-10-01 11:39:16,CPCV101,0101,Julie Randolph,40,40,0,2026-10-01 11:44:46,2026-10-01 11:44:46.188
2026-10-01 11:39:16,CPCV101,0201,Julie Randolph,40,40,0,2026-10-01 11:44:46,2026-10-01 11:44:46.189
2026-10-01 11:39:16,CPCV230,0101,Korey Rothman,20,20,0,2026-10-01 11:44:46,2026-10-01 11:44:46.446
2026-10-01 11:39:16,CPCV230,0201,Korey Rothman,20,20,0,2026-10-01 11:44:46,2026-10-01 11:44:46.446
2026-10-01 11:39:16,CPDJ101,0101,Jess Feltner,75,75,0,2026-10-01 11:44:47,2026-10-01 11:44:47.992
2026-10-01 11:39:16,CPDJ230,0101,Jess Feltner,10,10,0,2026-10-01 11:44:48,2026-10-01 11:44:48.259
2026-10-01 11:39:16,CPDJ240,0101,Jess Feltner,8,8,0,2026-10-01 11:44:48,2026-10-01 11:44:48.560
2026-10-01 11:39:16,CPDJ250,0101,Jess Feltner,10,10,0,2026-10-01 11:44:48,2026-10-01 11:44:48.818
2026-10-01 11:39:16,CPET101,0101,Dani Moore,78,78,0,2026-10-01 11:44:50,2026-10-01 11:44:50.307
2026-10-01 11:39:16,CPET230,0101,Dani Moore,50,50,0,2026-10-01 11:44:50,2026-10-01 11:44:50.571
2026-10-01 11:39:16,CPET240,0101,Dani Moore,20,20,0,2026-10-01 11:44:50,2026-10-01 11:44:50.842
2026-10-01 11:39:16,CPET250,0101,Dani Moore,15,15,0,2026-10-01 11:44:51,2026-10-01 11:44:51.099
2026-10-01 11:39:16,CPGH101,0101,Angshuman Kashyap,75,75,0,2026-10-01 11:44:52,2026-10-01 11:44:52.631
2026-10-01 11:39:16,CPGH210,0101,Haley Clark,80,80,0,2026-10-01 11:44:52,2026-10-01 11:44:52.875
2026-10-01 11:39:16,CPGH230,0101,John Wiggins,30,30,0,2026-10-01 11:44:53,2026-10-01 11:44:53.123
2026-10-01 11:39:16,CPGH240,0101,John Wiggins,30,30,0,2026-10-01 11:44:53,2026-10-01 11:44:53.394
2026-10-01 11:39:16,CPGH250,0101,John Wiggins,25,25,0,2026-10-01 11:44:53,2026-10-01 11:44:53.643
2026-10-01 11:39:16,CPGH270,0101,John Wiggins,5,5,0,2026-10-01 11:44:53,2026-10-01 11:44:53.897
2026-10-01 11:39:16,CPJT101,0101,Justine DeCamillis,75,75,0,2026-10-01 11:44:55,2026-10-01 11:44:55.345
2026-10-01 11:39:16,CPJT230,0101,Justine DeCamillis,35,35,0,2026-10-01 11:44:55,2026-10-01 11:44:55.716
2026-10-01 11:39:16,CPJT240,0101,Justine DeCamillis,25,25,0,2026-10-01 11:44:55,2026-10-01 11:44:55.980
2026-10-01 11:39:16,CPJT250,0101,Victoria Worley,25,25,0,2026-10-01 11:45:03,2026-10-01 11:45:03.760
2026-10-01 11:39:16,CPMS101,0101,Alison Burns,75,75,0,2026-10-01 11:45:05,2026-10-01 11:45:05.240
2026-10-01 11:39:16,CPMS230,0101,Alison Burns,30,30,0,2026-10-01 11:45:05,2026-10-01 11:45:05.513
2026-10-01 11:39:16,CPMS240,0101,Alison Burns,15,15,0,2026-10-01 11:45:05,2026-10-01 11:45:05.763
2026-10-01 11:39:16,CPPL101,0101,Kelly Brower,75,75,0,2026-10-01 11:45:07,2026-10-01 11:45:07.224
2026-10-01 11:39:16,CPSA101,0101,Heather-Erin Bremenstuhl,75,75,0,2026-10-01 11:45:08,2026-10-01 11:45:08.689
2026-10-01 11:39:16,CPSA149,0101,Harold Burgess,20,20,0,2026-10-01 11:45:08,2026-10-01 11:45:08.937
2026-10-01 11:39:16,CPSA201,0101,Heather-Erin Bremenstuhl,75,75,0,2026-10-01 11:45:09,2026-10-01 11:45:09.202
2026-10-01 11:39:16,CPSA240,0101,Harold Burgess,15,15,0,2026-10-01 11:45:09,2026-10-01 11:45:09.468
2026-10-01 11:39:16,CPSA250,0101,Heather-Erin Bremenstuhl,10,10,0,2026-10-01 11:45:09,2026-10-01 11:45:09.728
2026-10-01 11:39:16,CPSA250,0201,Heather-Erin Bremenstuhl,10,10,0,2026-10-01 11:45:09,2026-10-01 11:45:09.728
2026-10-01 11:39:16,CPSA250,0301,Heather-Erin Bremenstuhl,10,10,0,2026-10-01 11:45:09,2026-10-01 11:45:09.728
2026-10-01 11:39:16,CPSA260,0101,Heather-Erin Bremenstuhl,10,10,0,2026-10-01 11:45:09,2026-10-01 11:45:10.000
2026-10-01 11:39:16,CPSA260,0201,Heather-Erin Bremenstuhl,10,10,0,2026-10-01 11:45:09,2026-10-01 11:45:10.000
2026-10-01 11:39:16,CPSA260,0301,Alexandra Lynch,10,10,0,2026-10-01 11:45:09,2026-10-01 11:45:10.000
2026-10-01 11:39:16,CPSF101,0101,Nicholas Fletcher,75,75,0,2026-10-01 11:45:11,2026-10-01 11:45:11.470
2026-10-01 11:39:16,CPSG101,0101,Thomas Holtz,75,75,0,2026-10-01 11:45:12,2026-10-01 11:45:12.912
2026-10-01 11:39:16,CPSG230,0101,John Merck,50,50,0,2026-10-01 11:45:13,2026-10-01 11:45:13.176
2026-10-01 11:39:16,CPSG240,0101,John Merck,25,25,0,2026-10-01 11:45:13,2026-10-01 11:45:13.435
2026-10-01 11:39:16,CPSG250,0101,John Merck,25,25,0,2026-10-01 11:45:13,2026-10-01 11:45:13.701
2026-10-01 11:39:16,CPSN101,0101,Hansol Kwak,75,75,0,2026-10-01 11:45:15,2026-10-01 11:45:15.140
2026-10-01 11:39:16,CPSN230,0101,Ellin Chung,40,40,0,2026-10-01 11:45:15,2026-10-01 11:45:15.418
2026-10-01 11:39:16,CPSN240,0101,Ellin Chung,15,15,0,2026-10-01 11:45:15,2026-10-01 11:45:15.659
2026-10-01 11:39:16,CPSN250,0101,Hansol Kwak,25,25,0,2026-10-01 11:45:15,2026-10-01 11:45:15.922
2026-10-01 11:39:16,CPSP210,0101,Christine Alexander,20,20,0,2026-10-01 11:45:17,2026-10-01 11:45:17.372
2026-10-01 11:39:16,CPSP239A,0101,Heather-Erin Bremenstuhl,10,10,0,2026-10-01 11:45:17,2026-10-01 11:45:17.659
2026-10-01 11:39:16,CPSP259J,0101,Alison Burns,10,10,0,2026-10-01 11:45:17,2026-10-01 11:45:17.914
2026-10-01 11:39:16,CPSP279N,0101,Stacy Kosko,10,10,0,2026-10-01 11:45:18,2026-10-01 11:45:18.182
2026-10-01 11:39:16,CPSP339P,0101,Kelly Brower,15,15,0,2026-10-01 11:45:18,2026-10-01 11:45:18.439
2026-10-01 11:39:16,CPSP359G,0101,John Merck,25,25,0,2026-10-01 11:45:18,2026-10-01 11:45:18.730
2026-10-01 11:39:16,CPSP359S,0101,David Eubanks,24,24,0,2026-10-01 11:45:18,2026-10-01 11:45:18.992
2026-10-01 11:39:16,CPSP369E,0101,Tim Knight,7,7,0,2026-10-01 11:45:19,2026-10-01 11:45:19.299
2026-10-01 11:39:16,CPSP369E,0102,Tim Knight,5,5,0,2026-10-01 11:45:19,2026-10-01 11:45:19.299
2026-10-01 11:39:16,CPSS101,0101,Christine Alexander,75,75,0,2026-10-01 11:45:20,2026-10-01 11:45:20.739
2026-10-01 11:39:16,CPSS225,0101,Roan Parrish,20,20,0,2026-10-01 11:45:21,2026-10-01 11:45:21.014
2026-10-01 11:39:16,CPSS225,0201,Thomas Zeller,20,20,0,2026-10-01 11:45:21,2026-10-01 11:45:21.014
2026-10-01 11:39:16,CPSS240,0101,Timothy Reedy,25,25,0,2026-10-01 11:45:21,2026-10-01 11:45:21.288
2026-10-01 11:39:16,CPSS340,0101,Nicole Mogul,20,20,0,2026-10-01 11:45:21,2026-10-01 11:45:21.548
2026-10-01 11:39:16,DATA100,0111,Matthew Griffin,27,27,0,2026-10-01 11:45:34,2026-10-01 11:45:34.515
2026-10-01 11:39:16,DATA100,0112,Matthew Griffin,27,27,0,2026-10-01 11:45:34,2026-10-01 11:45:34.515
2026-10-01 11:39:16,DATA100,0121,Matthew Griffin,27,27,0,2026-10-01 11:45:34,2026-10-01 11:45:34.516
2026-10-01 11:39:16,DATA100,0122,Matthew Griffin,27,27,0,2026-10-01 11:45:34,2026-10-01 11:45:34.516
2026-10-01 11:39:16,DATA100,0123,Matthew Griffin,27,27,0,2026-10-01 11:45:34,2026-10-01 11:45:34.516
2026-10-01 11:39:16,DATA100,0131,Matthew Griffin,27,27,0,2026-10-01 11:45:34,2026-10-01 11:45:34.516
2026-10-01 11:39:16,DATA100,0211,Matthew Griffin,27,27,0,2026-10-01 11:45:34,2026-10-01 11:45:34.516
2026-10-01 11:39:16,DATA100,0212,Matthew Griffin,27,27,0,2026-10-01 11:45:34,2026-10-01 11:45:34.516
2026-10-01 11:39:16,DATA100,0221,Matthew Griffin,27,27,0,2026-10-01 11:45:34,2026-10-01 11:45:34.516
2026-10-01 11:39:16,DATA100,0222,Matthew Griffin,27,27,0,2026-10-01 11:45:34,2026-10-01 11:45:34.516
2026-10-01 11:39:16,DATA100,0223,Matthew Griffin,27,27,0,2026-10-01 11:45:34,2026-10-01 11:45:34.516
2026-10-01 11:39:16,DATA100,0224,Matthew Griffin,27,27,0,2026-10-01 11:45:34,2026-10-01 11:45:34.516
2026-10-01 11:39:16,DATA100,0231,Matthew Griffin,27,27,0,2026-10-01 11:45:34,2026-10-01 11:45:34.517
2026-10-01 11:39:16,DATA100,0241,Matthew Griffin,27,27,0,2026-10-01 11:45:34,2026-10-01 11:45:34.517
2026-10-01 11:39:16,DATA100,0242,Matthew Griffin,27,27,0,2026-10-01 11:45:34,2026-10-01 11:45:34.517
2026-10-01 11:39:16,DATA100,0311,Jonathan Fernandes,25,25,0,2026-10-01 11:45:34,2026-10-01 11:45:34.517
2026-10-01 11:39:16,DATA100,0312,Jonathan Fernandes,25,25,0,2026-10-01 11:45:34,2026-10-01 11:45:34.517
2026-10-01 11:39:16,DATA100,0321,Jonathan Fernandes,25,25,0,2026-10-01 11:45:34,2026-10-01 11:45:34.517
2026-10-01 11:39:16,DATA100,0322,Jonathan Fernandes,25,25,0,2026-10-01 11:45:34,2026-10-01 11:45:34.517
2026-10-01 11:39:16,DATA100,0323,Jonathan Fernandes,25,25,0,2026-10-01 11:45:34,2026-10-01 11:45:34.517
2026-10-01 11:39:16,DATA110,0101,Susan Mazzullo,310,310,0,2026-10-01 11:45:34,2026-10-01 11:45:34.878
2026-10-01 11:39:16,DATA120,0101,Fardina Alam,200,200,0,2026-10-01 11:45:35,2026-10-01 11:45:35.150
2026-10-01 11:39:16,DATA200,0101,Fardina Alam,90,90,0,2026-10-01 11:45:35,2026-10-01 11:45:35.406
2026-10-01 11:39:16,DATA250,0101,Todd Rowland,30,30,0,2026-10-01 11:45:35,2026-10-01 11:45:35.781
2026-10-01 11:39:16,DATA320,0101,Maksym Morawski,20,20,0,2026-10-01 11:45:36,2026-10-01 11:45:36.054
2026-10-01 11:39:16,DATA320,0201,Fardina Alam,20,20,0,2026-10-01 11:45:36,2026-10-01 11:45:36.054
2026-10-01 11:39:16,DATA320,0301,Anna Evtushenko,12,12,0,2026-10-01 11:45:36,2026-10-01 11:45:36.054
2026-10-01 11:39:16,DATA350,0101,Todd Rowland,30,30,0,2026-10-01 11:45:36,2026-10-01 11:45:36.442
2026-10-01 11:39:16,DATA350,0201,Raluca Rosca,30,30,0,2026-10-01 11:45:36,2026-10-01 11:45:36.442
2026-10-01 11:39:16,DATA400,0111,Archana Khurana,27,27,0,2026-10-01 11:45:36,2026-10-01 11:45:36.748
2026-10-01 11:39:16,DATA400,0121,Archana Khurana,27,27,0,2026-10-01 11:45:36,2026-10-01 11:45:36.748
2026-10-01 11:39:16,DATA400,0131,Archana Khurana,27,27,0,2026-10-01 11:45:36,2026-10-01 11:45:36.749
2026-10-01 11:39:16,DATA400,0211,Salman Safdar,27,27,0,2026-10-01 11:45:36,2026-10-01 11:45:36.749
2026-10-01 11:39:16,DATA400,0311,Shixin Zheng,27,27,0,2026-10-01 11:45:36,2026-10-01 11:45:36.749
2026-10-01 11:39:16,DATA400,0321,Shixin Zheng,27,27,0,2026-10-01 11:45:36,2026-10-01 11:45:36.749
2026-10-01 11:39:16,DATA400,0331,Shixin Zheng,27,27,0,2026-10-01 11:45:36,2026-10-01 11:45:36.749
2026-10-01 11:39:16,DATA400,0411,Mestiyage Gunatilleka,27,27,0,2026-10-01 11:45:36,2026-10-01 11:45:36.749
2026-10-01 11:39:16,DATA400,0421,Mestiyage Gunatilleka,27,27,0,2026-10-01 11:45:36,2026-10-01 11:45:36.749
2026-10-01 11:39:16,DATA400,0431,Mestiyage Gunatilleka,27,27,0,2026-10-01 11:45:36,2026-10-01 11:45:36.749
2026-10-01 11:39:16,EALL361,0101,Jyana Browne,20,20,0,2026-10-01 11:45:38,2026-10-01 11:45:38.310
2026-10-01 11:39:16,EDDI300,0101,Nicole Mehta,20,20,0,2026-10-01 11:45:50,2026-10-01 11:45:50.506
2026-10-01 11:39:16,EMBA788G,GX01,Judy Frels,31,31,0,2026-10-01 11:46:14,2026-10-01 11:46:14.436
2026-10-01 11:39:16,EMBA788V,GX01,Zhi-Long Chen,31,31,0,2026-10-01 11:46:14,2026-10-01 11:46:14.690
2026-10-01 11:39:16,ENAI603,0101,A Seyed,35,35,0,2026-10-01 11:46:25,2026-10-01 11:46:25.032
2026-10-01 11:39:16,ENAI603,AEC1,A Seyed,20,20,0,2026-10-01 11:46:25,2026-10-01 11:46:25.032
2026-10-01 11:39:16,ENBC312,ESG1,Kyunghun Lee,20,20,0,2026-10-01 11:46:26,2026-10-01 11:46:26.475
2026-10-01 11:39:16,ENBC321,ESG1,Jamasp Azarnoosh,20,20,0,2026-10-01 11:46:26,2026-10-01 11:46:26.733
2026-10-01 11:39:16,ENBC342,ESG1,Lan Ma,20,20,0,2026-10-01 11:46:26,2026-10-01 11:46:26.988
2026-10-01 11:39:16,ENBC351,ESG1,Jarred Callura,20,20,0,2026-10-01 11:46:27,2026-10-01 11:46:27.234
2026-10-01 11:39:16,ENBC352,ESG1,Jarred Callura,20,20,0,2026-10-01 11:46:27,2026-10-01 11:46:27.484
2026-10-01 11:39:16,ENBC403,ESG1,Jamasp Azarnoosh,20,20,0,2026-10-01 11:46:27,2026-10-01 11:46:27.743
2026-10-01 11:39:16,ENBC441,ESG1,Lan Ma,20,20,0,2026-10-01 11:46:28,2026-10-01 11:46:28.048
2026-10-01 11:39:16,ENBC455,ESG1,Jarred Callura,20,20,0,2026-10-01 11:46:28,2026-10-01 11:46:28.307
2026-10-01 11:39:16,ENBC491,ESG1,Lan Ma,20,20,0,2026-10-01 11:46:28,2026-10-01 11:46:28.601
2026-10-01 11:39:16,ENCO099,0101,Lizzy Solovey,200,200,0,2026-10-01 11:46:36,2026-10-01 11:46:36.430
2026-10-01 11:39:16,ENEB304,ESG1,Nestor Michael Tiglao,20,20,0,2026-10-01 11:46:37,2026-10-01 11:46:37.870
2026-10-01 11:39:16,ENEB345,ESG1,Nestor Michael Tiglao,20,20,0,2026-10-01 11:46:38,2026-10-01 11:46:38.138
2026-10-01 11:39:16,ENEB352,ESG1,Mohamed Hany,20,20,0,2026-10-01 11:46:38,2026-10-01 11:46:38.392
2026-10-01 11:39:16,ENEB353,ESG1,Manoj Franklin,20,20,0,2026-10-01 11:46:38,2026-10-01 11:46:38.655
2026-10-01 11:39:16,ENEB355,ESG1,Nestor Michael Tiglao,20,20,0,2026-10-01 11:46:38,2026-10-01 11:46:38.950
2026-10-01 11:39:16,ENEB408B,ESG1,Jerry Wu,20,20,0,2026-10-01 11:46:39,2026-10-01 11:46:39.203
2026-10-01 11:39:16,ENEB443,ESG1,George Zaki,20,20,0,2026-10-01 11:46:39,2026-10-01 11:46:39.458
2026-10-01 11:39:16,ENEB453,ESG1,Nestor Michael Tiglao,20,20,0,2026-10-01 11:46:39,2026-10-01 11:46:39.710
2026-10-01 11:39:16,ENEB455,ESG1,Jerry Wu,20,20,0,2026-10-01 11:46:39,2026-10-01 11:46:39.975
2026-10-01 11:39:16,ENEB456,ESG1,Nestor Michael Tiglao,20,20,0,2026-10-01 11:46:40,2026-10-01 11:46:40.222
2026-10-01 11:39:16,ENED037,0101,Hillary Owusu,20,20,0,2026-10-01 11:46:41,2026-10-01 11:46:41.680
2026-10-01 11:39:16,ENED290H,0101,Christopher Troilo,45,45,0,2026-10-01 11:46:41,2026-10-01 11:46:41.936
2026-10-01 11:39:16,ENED390H,0101,Instructor: TBA,45,45,0,2026-10-01 11:46:42,2026-10-01 11:46:42.182
2026-10-01 11:39:16,ENED394H,0101,Maria Bardossy,40,40,0,2026-10-01 11:46:42,2026-10-01 11:46:42.452
2026-10-01 11:39:16,ENED397,0101,Emily Marks,9,9,0,2026-10-01 11:46:42,2026-10-01 11:46:42.704
2026-10-01 11:39:16,ENED490H,0101,David Ashley,45,45,0,2026-10-01 11:46:42,2026-10-01 11:46:42.970
2026-10-01 11:39:16,ENED491,0101,Jessica Roffe,10,10,0,2026-10-01 11:46:43,2026-10-01 11:46:43.241
2026-10-01 11:39:16,ENMT313,ESG1,Nicholas Limparis,3,3,0,2026-10-01 11:47:48,2026-10-01 11:47:48.105
2026-10-01 11:39:16,ENMT332,ESG1,Norman Wereley,4,4,0,2026-10-01 11:47:48,2026-10-01 11:47:48.366
2026-10-01 11:39:16,ENMT362,ESG1,Young Choi,3,3,0,2026-10-01 11:47:48,2026-10-01 11:47:48.620
2026-10-01 11:39:16,ENMT372,ESG1,Gurtajbir Herr,3,3,0,2026-10-01 11:47:48,2026-10-01 11:47:48.870
2026-10-01 11:39:16,ENMT477,ESG1,Gurtajbir Herr,7,7,0,2026-10-01 11:47:49,2026-10-01 11:47:49.142
2026-10-01 11:39:16,ENMT488C,ESG1,Colleen Murray,7,7,0,2026-10-01 11:47:49,2026-10-01 11:47:49.418
2026-10-01 11:39:16,ENMT488P,ESG1,Colleen Murray,7,7,0,2026-10-01 11:47:49,2026-10-01 11:47:49.695
2026-10-01 11:39:16,ENMT488Z,ESG1,Nicholas Limparis,7,7,0,2026-10-01 11:47:49,2026-10-01 11:47:49.975
2026-10-01 11:39:16,ENSP102,0101,Joanna Goger,22,22,0,2026-10-01 11:48:02,2026-10-01 11:48:02.697
2026-10-01 11:39:16,ENSP102,0102,Joanna Goger,22,22,0,2026-10-01 11:48:02,2026-10-01 11:48:02.697
2026-10-01 11:39:16,ENSP102,0103,Joanna Goger,23,23,0,2026-10-01 11:48:02,2026-10-01 11:48:02.697
2026-10-01 11:39:16,ENSP102,0104,Joanna Goger,22,22,0,2026-10-01 11:48:02,2026-10-01 11:48:02.697
2026-10-01 11:39:16,ENSP102,0105,Joanna Goger,22,22,0,2026-10-01 11:48:02,2026-10-01 11:48:02.697
2026-10-01 11:39:16,ENSP102,0106,Joanna Goger,22,22,0,2026-10-01 11:48:02,2026-10-01 11:48:02.697
2026-10-01 11:39:16,ENSP102,0107,Joanna Goger,22,22,0,2026-10-01 11:48:02,2026-10-01 11:48:02.698
2026-10-01 11:39:16,ENSP306,0101,Caroline Boules,30,30,0,2026-10-01 11:48:03,2026-10-01 11:48:03.129
2026-10-01 11:39:16,ENSP330,0101,Joanna Goger,35,35,0,2026-10-01 11:48:03,2026-10-01 11:48:03.461
2026-10-01 11:39:16,ENSP342,0101,Annette Spivy,35,35,0,2026-10-01 11:48:03,2026-10-01 11:48:03.755
2026-10-01 11:39:16,ENSP370,0101,Arielle Wharton,30,30,0,2026-10-01 11:48:04,2026-10-01 11:48:04.022
2026-10-01 11:39:16,ENSP399R,0101,Melissa Kenney,15,15,0,2026-10-01 11:48:04,2026-10-01 11:48:04.805
2026-10-01 11:39:16,ENSP399R,0301,Instructor: TBA,15,15,0,2026-10-01 11:48:04,2026-10-01 11:48:04.806
2026-10-01 11:39:16,ENSP399R,0601,Annette Spivy,10,10,0,2026-10-01 11:48:04,2026-10-01 11:48:04.806
2026-10-01 11:39:16,ENSP399R,1001,Jennifer Mullinax,10,10,0,2026-10-01 11:48:04,2026-10-01 11:48:04.806
2026-10-01 11:39:16,ENSP400,0101,Caroline Boules,30,30,0,2026-10-01 11:48:05,2026-10-01 11:48:05.088
2026-10-01 11:39:16,ENSP400,0102,Annette Spivy,30,30,0,2026-10-01 11:48:05,2026-10-01 11:48:05.089
2026-10-01 11:39:16,ENSP400,0104,Colleen O'Donnell,20,20,0,2026-10-01 11:48:05,2026-10-01 11:48:05.089
2026-10-01 11:39:16,FGSM398,0101,Jayakumar Arasan,120,120,0,2026-10-01 11:48:26,2026-10-01 11:48:26.304
2026-10-01 11:39:16,FGSM398,0201,Jayakumar Arasan,120,120,0,2026-10-01 11:48:26,2026-10-01 11:48:26.305
2026-10-01 11:39:16,GEMS102,0101,David Lovell,180,180,0,2026-10-01 11:48:49,2026-10-01 11:48:49.153
2026-10-01 11:39:16,GEMS208D,0101,Allison Lansverk,1,1,0,2026-10-01 11:48:49,2026-10-01 11:48:49.396
2026-10-01 11:39:16,GEMS208E,0101,Allison Lansverk,18,18,0,2026-10-01 11:48:49,2026-10-01 11:48:49.641
2026-10-01 11:39:16,GEMS208F,0201,Allison Lansverk,12,12,0,2026-10-01 11:48:49,2026-10-01 11:48:49.937
2026-10-01 11:39:16,GEMS208J,0101,Allison Lansverk,24,24,0,2026-10-01 11:48:50,2026-10-01 11:48:50.195
2026-10-01 11:39:16,GEMS208K,0101,Allison Lansverk,30,30,0,2026-10-01 11:48:50,2026-10-01 11:48:50.449
2026-10-01 11:39:16,GEMS208P,0101,Allison Lansverk,15,15,0,2026-10-01 11:48:50,2026-10-01 11:48:50.710
2026-10-01 11:39:16,GEMS208Q,0201,Allison Lansverk,1,1,0,2026-10-01 11:48:50,2026-10-01 11:48:50.972
2026-10-01 11:39:16,GEMS296,0113,David Lovell,5,5,0,2026-10-01 11:48:51,2026-10-01 11:48:51.211
2026-10-01 11:39:16,GEMS297,0101,Instructor: TBA,14,14,0,2026-10-01 11:48:51,2026-10-01 11:48:51.555
2026-10-01 11:39:16,GEMS297,0102,Instructor: TBA,14,14,0,2026-10-01 11:48:51,2026-10-01 11:48:51.555
2026-10-01 11:39:16,GEMS297,0103,Instructor: TBA,14,14,0,2026-10-01 11:48:51,2026-10-01 11:48:51.555
2026-10-01 11:39:16,GEMS297,0104,Instructor: TBA,14,14,0,2026-10-01 11:48:51,2026-10-01 11:48:51.555
2026-10-01 11:39:16,GEMS297,0105,Instructor: TBA,14,14,0,2026-10-01 11:48:51,2026-10-01 11:48:51.555
2026-10-01 11:39:16,GEMS297,0106,Instructor: TBA,14,14,0,2026-10-01 11:48:51,2026-10-01 11:48:51.555
2026-10-01 11:39:16,GEMS297,0107,Instructor: TBA,14,14,0,2026-10-01 11:48:51,2026-10-01 11:48:51.556
2026-10-01 11:39:16,GEMS297,0108,Instructor: TBA,14,14,0,2026-10-01 11:48:51,2026-10-01 11:48:51.556
2026-10-01 11:39:16,GEMS297,0109,Instructor: TBA,14,14,0,2026-10-01 11:48:51,2026-10-01 11:48:51.556
2026-10-01 11:39:16,GEMS297,0110,Instructor: TBA,14,14,0,2026-10-01 11:48:51,2026-10-01 11:48:51.556
2026-10-01 11:39:16,GEMS297,0111,Instructor: TBA,14,14,0,2026-10-01 11:48:51,2026-10-01 11:48:51.556
2026-10-01 11:39:16,GEMS297,0112,Instructor: TBA,14,14,0,2026-10-01 11:48:51,2026-10-01 11:48:51.556
2026-10-01 11:39:16,GEMS297,0113,Instructor: TBA,14,14,0,2026-10-01 11:48:51,2026-10-01 11:48:51.556
2026-10-01 11:39:16,GEMS297,0114,Instructor: TBA,14,14,0,2026-10-01 11:48:51,2026-10-01 11:48:51.556
2026-10-01 11:39:16,GEMS297,0115,Instructor: TBA,5,5,0,2026-10-01 11:48:51,2026-10-01 11:48:51.556
2026-10-01 11:39:16,GEMS396,0113,David Lovell,5,5,0,2026-10-01 11:48:51,2026-10-01 11:48:51.813
2026-10-01 11:39:16,GEMS397,0101,Michael Humber,14,14,0,2026-10-01 11:48:52,2026-10-01 11:48:52.081
2026-10-01 11:39:16,GEMS397,0102,Seth Dickey,14,14,0,2026-10-01 11:48:52,2026-10-01 11:48:52.081
2026-10-01 11:39:16,GEMS397,0103,Cecilia Huertas Cerdeira,14,14,0,2026-10-01 11:48:52,2026-10-01 11:48:52.081
2026-10-01 11:39:16,GEMS397,0104,Rodolphe Gentili,14,14,0,2026-10-01 11:48:52,2026-10-01 11:48:52.081
2026-10-01 11:39:16,GEMS397,0105,Allison Reilly,14,14,0,2026-10-01 11:48:52,2026-10-01 11:48:52.081
2026-10-01 11:39:16,GEMS397,0106,Peter Sunderland,14,14,0,2026-10-01 11:48:52,2026-10-01 11:48:52.082
2026-10-01 11:39:16,GEMS397,0107,Brett Lacey,14,14,0,2026-10-01 11:48:52,2026-10-01 11:48:52.082
2026-10-01 11:39:16,GEMS397,0108,Natalia Buzulukova,14,14,0,2026-10-01 11:48:52,2026-10-01 11:48:52.082
2026-10-01 11:39:16,GEMS397,0109,Anil Deane,14,14,0,2026-10-01 11:48:52,2026-10-01 11:48:52.082
2026-10-01 11:39:16,GEMS397,0110,Colenso Speer,14,14,0,2026-10-01 11:48:52,2026-10-01 11:48:52.082
2026-10-01 11:39:16,GEMS397,0111,Alisa Clyne,14,14,0,2026-10-01 11:48:52,2026-10-01 11:48:52.082
2026-10-01 11:39:16,GEMS397,0112,Xin Zan,14,14,0,2026-10-01 11:48:52,2026-10-01 11:48:52.082
2026-10-01 11:39:16,GEMS397,0113,Instructor: TBA,14,14,0,2026-10-01 11:48:52,2026-10-01 11:48:52.082
2026-10-01 11:39:16,GEMS397,0114,David Lovell,5,5,0,2026-10-01 11:48:52,2026-10-01 11:48:52.082
2026-10-01 11:39:16,GEMS397,0115,David Lovell,5,5,0,2026-10-01 11:48:52,2026-10-01 11:48:52.082
2026-10-01 11:39:16,GEMS496,0113,David Lovell,5,5,0,2026-10-01 11:48:52,2026-10-01 11:48:52.339
2026-10-01 11:39:16,GEMS497,0101,Eric Haag,14,14,0,2026-10-01 11:48:52,2026-10-01 11:48:52.629
2026-10-01 11:39:16,GEMS497,0102,Mohammad Nayeem Teli,14,14,0,2026-10-01 11:48:52,2026-10-01 11:48:52.629
2026-10-01 11:39:16,GEMS497,0103,Norberto Gonzalez- Juarbe,14,14,0,2026-10-01 11:48:52,2026-10-01 11:48:52.630
2026-10-01 11:39:16,GEMS497,0104,Abhinav Shrivastava,14,14,0,2026-10-01 11:48:52,2026-10-01 11:48:52.630
2026-10-01 11:39:16,GEMS497,0105,Hector Alcala,14,14,0,2026-10-01 11:48:52,2026-10-01 11:48:52.630
2026-10-01 11:39:16,GEMS497,0106,Massimo Ricotti,14,14,0,2026-10-01 11:48:52,2026-10-01 11:48:52.630
2026-10-01 11:39:16,GEMS497,0107,Reza Ghodssi,14,14,0,2026-10-01 11:48:52,2026-10-01 11:48:52.630
2026-10-01 11:39:16,GEMS497,0108,Nikhil Chopra,14,14,0,2026-10-01 11:48:52,2026-10-01 11:48:52.630
2026-10-01 11:39:16,GEMS497,0109,Kimberly Stroka,14,14,0,2026-10-01 11:48:52,2026-10-01 11:48:52.630
2026-10-01 11:39:16,GEMS497,0110,Gorjan Alagic,14,14,0,2026-10-01 11:48:52,2026-10-01 11:48:52.630
2026-10-01 11:39:16,GEMS497,0111,Alisa Clyne,14,14,0,2026-10-01 11:48:52,2026-10-01 11:48:52.630
2026-10-01 11:39:16,GEMS497,0112,Xin Zan,14,14,0,2026-10-01 11:48:52,2026-10-01 11:48:52.631
2026-10-01 11:39:16,GEMS497,0113,David Lovell,14,14,0,2026-10-01 11:48:52,2026-10-01 11:48:52.631
2026-10-01 11:39:16,GEMS497,0114,David Lovell,14,14,0,2026-10-01 11:48:52,2026-10-01 11:48:52.631
2026-10-01 11:39:16,GFPL100,0101,Alec Worsnop,21,21,0,2026-10-01 11:49:15,2026-10-01 11:49:15.080
2026-10-01 11:39:16,GFPL100,0102,Alec Worsnop,21,21,0,2026-10-01 11:49:15,2026-10-01 11:49:15.080
2026-10-01 11:39:16,GFPL100,0103,Alec Worsnop,21,21,0,2026-10-01 11:49:15,2026-10-01 11:49:15.080
2026-10-01 11:39:16,GFPL100,0104,Alec Worsnop,21,21,0,2026-10-01 11:49:15,2026-10-01 11:49:15.080
2026-10-01 11:39:16,GFPL100,0105,Alec Worsnop,21,21,0,2026-10-01 11:49:15,2026-10-01 11:49:15.080
2026-10-01 11:39:16,GFPL100,0106,Alec Worsnop,20,20,0,2026-10-01 11:49:15,2026-10-01 11:49:15.080
2026-10-01 11:39:16,GFPL102,0101,Caroline Ritter,95,95,0,2026-10-01 11:49:15,2026-10-01 11:49:15.353
2026-10-01 11:39:16,GFPL372,0101,Devin Entrikin,40,40,0,2026-10-01 11:49:15,2026-10-01 11:49:15.616
2026-10-01 11:39:16,GLBC200,0101,Parker Brookie,30,30,0,2026-10-01 11:49:17,2026-10-01 11:49:17.071
2026-10-01 11:39:16,GLBC360,0101,Hester Baer,30,30,0,2026-10-01 11:49:17,2026-10-01 11:49:17.318
2026-10-01 11:39:16,HACS101,0101,Michel Cukier,35,35,0,2026-10-01 11:49:43,2026-10-01 11:49:43.375
2026-10-01 11:39:16,HACS101,0201,Michel Cukier,35,35,0,2026-10-01 11:49:43,2026-10-01 11:49:43.375
2026-10-01 11:39:16,HACS201,0101,Bertrand Sobesto,26,26,0,2026-10-01 11:49:43,2026-10-01 11:49:43.653
2026-10-01 11:39:16,HACS208A,0101,Lawrence Gordon,20,20,0,2026-10-01 11:49:43,2026-10-01 11:49:43.890
2026-10-01 11:39:16,HACS208E,0101,Ian Serbin,26,26,0,2026-10-01 11:49:44,2026-10-01 11:49:44.163
2026-10-01 11:39:16,HACS208Z,0101,Zulema Belyeu,30,30,0,2026-10-01 11:49:44,2026-10-01 11:49:44.421
2026-10-01 11:39:16,HACS297,0101,Sarah Herberger,25,25,0,2026-10-01 11:49:45,2026-10-01 11:49:45.198
2026-10-01 11:39:16,HACS318A,0101,Lindsey Schrott,75,75,0,2026-10-01 11:49:45,2026-10-01 11:49:45.570
2026-10-01 11:39:16,HACS408C,0101,Lamia Zia,26,26,0,2026-10-01 11:49:45,2026-10-01 11:49:45.845
2026-10-01 11:39:16,HACS408P,0101,Firoozeh Rahimian,26,26,0,2026-10-01 11:49:46,2026-10-01 11:49:46.083
2026-10-01 11:39:16,HACS408T,0101,Kevin Bock,30,30,0,2026-10-01 11:49:46,2026-10-01 11:49:46.365
2026-10-01 11:39:16,HACS408V,0101,Edward Condon,30,30,0,2026-10-01 11:49:46,2026-10-01 11:49:46.628
2026-10-01 11:39:16,HACS497,0101,Cassie Harrington,25,25,0,2026-10-01 11:49:47,2026-10-01 11:49:47.294
2026-10-01 11:39:16,HACS498,0101,Thomas Woods,10,10,0,2026-10-01 11:49:47,2026-10-01 11:49:47.546
2026-10-01 11:39:16,HACS498,0201,Neal Ziring,18,18,0,2026-10-01 11:49:47,2026-10-01 11:49:47.546
2026-10-01 11:39:16,HACS498,0301,Michel Cukier,4,4,0,2026-10-01 11:49:47,2026-10-01 11:49:47.546
2026-10-01 11:39:16,HBUS105,0101,Daniel McCarthy,35,35,0,2026-10-01 11:49:49,2026-10-01 11:49:49.095
2026-10-01 11:39:16,HBUS105,0201,Daniel McCarthy,35,35,0,2026-10-01 11:49:49,2026-10-01 11:49:49.095
2026-10-01 11:39:16,HBUS205,0101,Nicole Coomber,30,30,0,2026-10-01 11:49:49,2026-10-01 11:49:49.374
2026-10-01 11:39:16,HBUS205,0201,Nicole Coomber,30,30,0,2026-10-01 11:49:49,2026-10-01 11:49:49.374
2026-10-01 11:39:16,HDCC106,0101,Jessica Lu,10,10,0,2026-10-01 11:49:50,2026-10-01 11:49:50.896
2026-10-01 11:39:16,HDCC106,0201,William Evans,10,10,0,2026-10-01 11:49:50,2026-10-01 11:49:50.897
2026-10-01 11:39:16,HDCC106,0301,Grant Bollmer,10,10,0,2026-10-01 11:49:50,2026-10-01 11:49:50.897
2026-10-01 11:39:16,HDCC106,0401,Cliff Bakalian,10,10,0,2026-10-01 11:49:50,2026-10-01 11:49:50.897
2026-10-01 11:39:16,HDCC106,0501,Alex Leitch,10,10,0,2026-10-01 11:49:50,2026-10-01 11:49:50.897
2026-10-01 11:39:16,HDCC106,0601,Jade Olson,10,10,0,2026-10-01 11:49:50,2026-10-01 11:49:50.897
2026-10-01 11:39:16,HDCC106,0701,Courtney Ray,10,10,0,2026-10-01 11:49:50,2026-10-01 11:49:50.897
2026-10-01 11:39:16,HDCC209A,0101,Jessica Lu,15,15,0,2026-10-01 11:49:51,2026-10-01 11:49:51.183
2026-10-01 11:39:16,HDCC209B,0101,Nishtha Das,15,15,0,2026-10-01 11:49:51,2026-10-01 11:49:51.461
2026-10-01 11:39:16,HDCC209C,0101,Hansika Murugu,15,15,0,2026-10-01 11:49:51,2026-10-01 11:49:51.699
2026-10-01 11:39:16,HEBR107,0101,Avital Karpman,15,15,0,2026-10-01 11:49:53,2026-10-01 11:49:53.680
2026-10-01 11:39:16,HEBR107,0201,Avital Karpman,15,15,0,2026-10-01 11:49:53,2026-10-01 11:49:53.680
2026-10-01 11:39:16,HEBR207,0101,Avital Karpman,15,15,0,2026-10-01 11:49:53,2026-10-01 11:49:53.937
2026-10-01 11:39:16,HEBR249A,0101,Aliza Sandalon,15,15,0,2026-10-01 11:49:54,2026-10-01 11:49:54.262
2026-10-01 11:39:16,HEBR314,0101,Aliza Sandalon,20,20,0,2026-10-01 11:49:54,2026-10-01 11:49:54.522
2026-10-01 11:39:16,HEBR488,0101,Bernard Cooperman,10,10,0,2026-10-01 11:49:55,2026-10-01 11:49:55.043
2026-10-01 11:39:16,HEBR488,0102,Aner Tal,10,10,0,2026-10-01 11:49:55,2026-10-01 11:49:55.043
2026-10-01 11:39:16,HGLO298,0101,Daniel Tuke,30,30,0,2026-10-01 11:50:14,2026-10-01 11:50:14.267
2026-10-01 11:39:16,HHUM106,0101,Sarah Humud,17,17,0,2026-10-01 11:50:15,2026-10-01 11:50:15.740
2026-10-01 11:39:16,HHUM106,0102,Sarah Humud,17,17,0,2026-10-01 11:50:15,2026-10-01 11:50:15.740
2026-10-01 11:39:16,HHUM106,0103,Sarah Humud,17,17,0,2026-10-01 11:50:15,2026-10-01 11:50:15.740
2026-10-01 11:39:16,HHUM106,0104,Sarah Humud,17,17,0,2026-10-01 11:50:15,2026-10-01 11:50:15.740
2026-10-01 11:39:16,HHUM206,0101,Sarah Humud,15,15,0,2026-10-01 11:50:16,2026-10-01 11:50:16.010
2026-10-01 11:39:16,HHUM206,0102,Sarah Humud,15,15,0,2026-10-01 11:50:16,2026-10-01 11:50:16.010
2026-10-01 11:39:16,HHUM206,0103,Sarah Humud,15,15,0,2026-10-01 11:50:16,2026-10-01 11:50:16.010
2026-10-01 11:39:16,HHUM206,0104,Sarah Humud,15,15,0,2026-10-01 11:50:16,2026-10-01 11:50:16.010
2026-10-01 11:39:16,HHUM328,0101,Sarah Humud,20,20,0,2026-10-01 11:50:16,2026-10-01 11:50:16.300
2026-10-01 11:39:16,HHUM329,0101,Sarah Humud,5,5,0,2026-10-01 11:50:16,2026-10-01 11:50:16.565
2026-10-01 11:39:16,HISP200,0101,Stefan Woehlke,22,22,0,2026-10-01 11:50:18,2026-10-01 11:50:18.877
2026-10-01 11:39:16,HISP200,0102,Stefan Woehlke,22,22,0,2026-10-01 11:50:18,2026-10-01 11:50:18.878
2026-10-01 11:39:16,HISP200,0103,Stefan Woehlke,22,22,0,2026-10-01 11:50:18,2026-10-01 11:50:18.878
2026-10-01 11:39:16,HISP200,0104,Stefan Woehlke,22,22,0,2026-10-01 11:50:18,2026-10-01 11:50:18.878
2026-10-01 11:39:16,HISP200,0105,Stefan Woehlke,22,22,0,2026-10-01 11:50:18,2026-10-01 11:50:18.878
2026-10-01 11:39:16,HISP319E,0101,Michelle Magalong,20,20,0,2026-10-01 11:50:19,2026-10-01 11:50:19.137
2026-10-01 11:39:16,HISP319S,0101,Michelle Magalong,30,30,0,2026-10-01 11:50:19,2026-10-01 11:50:19.419
2026-10-01 11:39:16,HISP619E,0101,Michelle Magalong,24,24,0,2026-10-01 11:50:19,2026-10-01 11:50:19.684
2026-10-01 11:39:16,HISP619O,0101,Stefan Woehlke,5,5,0,2026-10-01 11:50:19,2026-10-01 11:50:19.945
2026-10-01 11:39:16,HISP630,0101,Rhonda Sincavage,15,15,0,2026-10-01 11:50:20,2026-10-01 11:50:20.199
2026-10-01 11:39:16,HISP635,0101,Eola Dance,10,10,0,2026-10-01 11:50:20,2026-10-01 11:50:20.479
2026-10-01 11:39:16,HISP640,0101,Frederick Stachura,15,15,0,2026-10-01 11:50:20,2026-10-01 11:50:20.734
2026-10-01 11:39:16,HISP655,0101,Donald Linebaugh,15,15,0,2026-10-01 11:50:21,2026-10-01 11:50:21.053
2026-10-01 11:39:16,HISP660,0101,Instructor: TBA,15,15,0,2026-10-01 11:50:21,2026-10-01 11:50:21.319
2026-10-01 11:39:16,HISP670,0101,Alfonso Narvaez,15,15,0,2026-10-01 11:50:21,2026-10-01 11:50:21.781
2026-10-01 11:39:16,HISP690,0101,Donald Linebaugh,15,15,0,2026-10-01 11:50:22,2026-10-01 11:50:22.051
2026-10-01 11:39:16,HISP701,0101,Instructor: TBA,5,5,0,2026-10-01 11:50:22,2026-10-01 11:50:22.310
2026-10-01 11:39:16,HISP710,0101,Susan Kern,15,15,0,2026-10-01 11:50:22,2026-10-01 11:50:22.550
2026-10-01 11:39:16,HISP711,0101,Susan Kern,15,15,0,2026-10-01 11:50:22,2026-10-01 11:50:22.808
2026-10-01 11:39:16,HLSC102,0101,Sabrina Kramer,94,94,0,2026-10-01 11:50:47,2026-10-01 11:50:47.806
2026-10-01 11:39:16,HLSC102,0102,Jalah Townsend,35,35,0,2026-10-01 11:50:47,2026-10-01 11:50:47.806
2026-10-01 11:39:16,HLSC227,0101,Najib El-Sayed,25,25,0,2026-10-01 11:50:48,2026-10-01 11:50:48.062
2026-10-01 11:39:16,HLSC322,0101,Leslie Pick,23,23,0,2026-10-01 11:50:48,2026-10-01 11:50:48.338
2026-10-01 11:39:16,HLSC322,0102,Leslie Pick,23,23,0,2026-10-01 11:50:48,2026-10-01 11:50:48.338
2026-10-01 11:39:16,HLSC322,0103,Sabrina Kramer,23,23,0,2026-10-01 11:50:48,2026-10-01 11:50:48.338
2026-10-01 11:39:16,HLSC322,0104,Sabrina Kramer,23,23,0,2026-10-01 11:50:48,2026-10-01 11:50:48.338
2026-10-01 11:39:16,HLSC329,0101,Sabrina Kramer,12,12,0,2026-10-01 11:50:48,2026-10-01 11:50:48.613
2026-10-01 11:39:16,HNUH100,0101,Max Barnewitz,10,10,0,2026-10-01 11:51:01,2026-10-01 11:51:01.790
2026-10-01 11:39:16,HNUH218D,0101,Brian Gilmore,50,50,0,2026-10-01 11:51:02,2026-10-01 11:51:02.113
2026-10-01 11:39:16,HNUH218L,0101,Shauna Rigaud,20,20,0,2026-10-01 11:51:02,2026-10-01 11:51:02.518
2026-10-01 11:39:16,HNUH218L,0201,Shauna Rigaud,20,20,0,2026-10-01 11:51:02,2026-10-01 11:51:02.518
2026-10-01 11:39:16,HNUH218M,0101,Ebonie Johnson Cooper,20,20,0,2026-10-01 11:51:02,2026-10-01 11:51:02.810
2026-10-01 11:39:16,HNUH218N,0101,Sujith Kumar,20,20,0,2026-10-01 11:51:03,2026-10-01 11:51:03.099
2026-10-01 11:39:16,HNUH228D,0101,Matthew McLaughlin,60,60,0,2026-10-01 11:51:03,2026-10-01 11:51:03.387
2026-10-01 11:39:16,HNUH228L,0101,Alena Wigodner,20,20,0,2026-10-01 11:51:03,2026-10-01 11:51:03.631
2026-10-01 11:39:16,HNUH228L,0201,Alena Wigodner,20,20,0,2026-10-01 11:51:03,2026-10-01 11:51:03.631
2026-10-01 11:39:16,HNUH228M,0101,Ted Baker,20,20,0,2026-10-01 11:51:03,2026-10-01 11:51:03.898
2026-10-01 11:39:16,HNUH229P,0101,Tyson Slocum,20,20,0,2026-10-01 11:51:04,2026-10-01 11:51:04.148
2026-10-01 11:39:16,HNUH238D,0101,Susan Moeller,60,60,0,2026-10-01 11:51:04,2026-10-01 11:51:04.399
2026-10-01 11:39:16,HNUH238L,0101,Kimberly Johnson,20,20,0,2026-10-01 11:51:04,2026-10-01 11:51:04.677
2026-10-01 11:39:16,HNUH238L,0201,Kimberly Johnson,20,20,0,2026-10-01 11:51:04,2026-10-01 11:51:04.678
2026-10-01 11:39:16,HNUH238M,0101,Daniel Reck,20,20,0,2026-10-01 11:51:04,2026-10-01 11:51:04.947
2026-10-01 11:39:16,HNUH239I,0101,Jon Crocker,20,20,0,2026-10-01 11:51:05,2026-10-01 11:51:05.226
2026-10-01 11:39:16,HNUH248D,0101,Juan Uriagereka,45,45,0,2026-10-01 11:51:05,2026-10-01 11:51:05.638
2026-10-01 11:39:16,HNUH248L,0101,Robert Graham,20,20,0,2026-10-01 11:51:05,2026-10-01 11:51:05.928
2026-10-01 11:39:16,HNUH249T,0101,Daniel Rosenthal,20,20,0,2026-10-01 11:51:06,2026-10-01 11:51:06.182
2026-10-01 11:39:16,HNUH258C,0101,Bill Fagan,55,55,0,2026-10-01 11:51:06,2026-10-01 11:51:06.482
2026-10-01 11:39:16,HNUH258O,0101,Amy Green,20,20,0,2026-10-01 11:51:06,2026-10-01 11:51:06.760
2026-10-01 11:39:16,HNUH259T,0101,Ingrid Satelmajer,20,20,0,2026-10-01 11:51:07,2026-10-01 11:51:07.277
2026-10-01 11:39:16,HNUH268C,0101,Perla Guerrero,60,60,0,2026-10-01 11:51:07,2026-10-01 11:51:07.758
2026-10-01 11:39:16,HNUH268Q,0101,Binod Paudyal,20,20,0,2026-10-01 11:51:08,2026-10-01 11:51:08.018
2026-10-01 11:39:16,HNUH268R,0201,Vasfiye Toprak,20,20,0,2026-10-01 11:51:08,2026-10-01 11:51:08.316
2026-10-01 11:39:16,HNUH269T,0101,James Stillwell,20,20,0,2026-10-01 11:51:08,2026-10-01 11:51:08.562
2026-10-01 11:39:16,HNUH278C,0101,Chinyere Osuji,60,60,0,2026-10-01 11:51:08,2026-10-01 11:51:08.847
2026-10-01 11:39:16,HNUH278I,0101,Marisa Franco,20,20,0,2026-10-01 11:51:09,2026-10-01 11:51:09.101
2026-10-01 11:39:16,HNUH278I,0201,Marisa Franco,20,20,0,2026-10-01 11:51:09,2026-10-01 11:51:09.101
2026-10-01 11:39:16,HNUH278O,0101,DeNeen Brown,20,20,0,2026-10-01 11:51:09,2026-10-01 11:51:09.344
2026-10-01 11:39:16,HNUH278Q,0101,Katherine Coogan,20,20,0,2026-10-01 11:51:09,2026-10-01 11:51:09.604
2026-10-01 11:39:16,HNUH278R,0101,Max Barnewitz,20,20,0,2026-10-01 11:51:09,2026-10-01 11:51:09.910
2026-10-01 11:39:16,HNUH288C,0101,Julia Steinberg,30,30,0,2026-10-01 11:51:10,2026-10-01 11:51:10.412
2026-10-01 11:39:16,HNUH288C,0102,Julia Steinberg,30,30,0,2026-10-01 11:51:10,2026-10-01 11:51:10.412
2026-10-01 11:39:16,HNUH288O,0101,Ariana Nash,20,20,0,2026-10-01 11:51:10,2026-10-01 11:51:10.679
2026-10-01 11:39:16,HNUH300,0201,Vasfiye Toprak,20,20,0,2026-10-01 11:51:10,2026-10-01 11:51:10.992
2026-10-01 11:39:16,HNUH300,0301,Shauna Rigaud,20,20,0,2026-10-01 11:51:10,2026-10-01 11:51:10.992
2026-10-01 11:39:16,HNUH300,0401,Vasfiye Toprak,20,20,0,2026-10-01 11:51:10,2026-10-01 11:51:10.992
2026-10-01 11:39:16,HNUH300,0501,Ingrid Satelmajer,20,20,0,2026-10-01 11:51:10,2026-10-01 11:51:10.992
2026-10-01 11:39:16,HNUH300,0701,Jordan Johnson,20,20,0,2026-10-01 11:51:10,2026-10-01 11:51:10.993
2026-10-01 11:39:16,HNUH300,0801,Instructor: TBA,20,20,0,2026-10-01 11:51:10,2026-10-01 11:51:10.993
2026-10-01 11:39:16,HNUH300,0901,Alena Wigodner,20,20,0,2026-10-01 11:51:10,2026-10-01 11:51:10.993
2026-10-01 11:39:16,HNUH300,1001,Robert Graham,20,20,0,2026-10-01 11:51:10,2026-10-01 11:51:10.993
2026-10-01 11:39:16,HNUH300,1101,Max Barnewitz,20,20,0,2026-10-01 11:51:10,2026-10-01 11:51:10.993
2026-10-01 11:39:16,HNUH398P,0101,Jayakumar Arasan,120,120,0,2026-10-01 11:51:11,2026-10-01 11:51:11.249
2026-10-01 11:39:16,HNUH398P,0201,Jayakumar Arasan,120,120,0,2026-10-01 11:51:11,2026-10-01 11:51:11.249
2026-10-01 11:39:16,HONR379W,0101,Blake Wilder,15,15,0,2026-10-01 11:51:12,2026-10-01 11:51:12.674
2026-10-01 11:39:16,IDEA201,0101,Mira Azarm,20,20,0,2026-10-01 11:51:14,2026-10-01 11:51:14.148
2026-10-01 11:39:16,IDEA201,0102,Christina Hnatov,10,10,0,2026-10-01 11:51:14,2026-10-01 11:51:14.149
2026-10-01 11:39:16,IDEA201,0103,Brooke Smith,60,60,0,2026-10-01 11:51:14,2026-10-01 11:51:14.149
2026-10-01 11:39:16,IDEA201,0104,Brooke Smith,60,60,0,2026-10-01 11:51:14,2026-10-01 11:51:14.149
2026-10-01 11:39:16,IDEA311,0101,Brooke Smith,40,40,0,2026-10-01 11:51:14,2026-10-01 11:51:14.402
2026-10-01 11:39:16,IDEA311,0102,Brooke Smith,15,15,0,2026-10-01 11:51:14,2026-10-01 11:51:14.402
2026-10-01 11:39:16,IDEA312,0101,Meredith Kaunitz,15,15,0,2026-10-01 11:51:14,2026-10-01 11:51:14.651
2026-10-01 11:39:16,IMDM101,0101,Stevens Miller,30,30,0,2026-10-01 11:51:17,2026-10-01 11:51:17.407
2026-10-01 11:39:16,IMDM101,0201,Stevens Miller,30,30,0,2026-10-01 11:51:17,2026-10-01 11:51:17.407
2026-10-01 11:39:16,IMDM101,0301,Myungin Lee,30,30,0,2026-10-01 11:51:17,2026-10-01 11:51:17.407
2026-10-01 11:39:16,IMDM127,0101,Matthew Nolan,30,30,0,2026-10-01 11:51:17,2026-10-01 11:51:17.648
2026-10-01 11:39:16,IMDM150,0101,Cy Keener,45,45,0,2026-10-01 11:51:17,2026-10-01 11:51:17.907
2026-10-01 11:39:16,IMDM290,0101,Myungin Lee,30,30,0,2026-10-01 11:51:18,2026-10-01 11:51:18.161
2026-10-01 11:39:16,IMDM290,0201,Myungin Lee,30,30,0,2026-10-01 11:51:18,2026-10-01 11:51:18.161
2026-10-01 11:39:16,IMDM351,0101,Georgia Creson,15,15,0,2026-10-01 11:51:18,2026-10-01 11:51:18.417
2026-10-01 11:39:16,IMDM390,0101,Stefano Passeri,30,30,0,2026-10-01 11:51:18,2026-10-01 11:51:18.672
2026-10-01 11:39:16,IMDM390,0201,Stefano Passeri,30,30,0,2026-10-01 11:51:18,2026-10-01 11:51:18.672
2026-10-01 11:39:16,IMDM491,0101,Matthew Nolan,30,30,0,2026-10-01 11:51:19,2026-10-01 11:51:19.241
2026-10-01 11:39:16,IMDM491,0201,Matthew Nolan,30,30,0,2026-10-01 11:51:19,2026-10-01 11:51:19.241
2026-10-01 11:39:16,IMDM498I,0101,Snehesh Shrestha,16,16,0,2026-10-01 11:51:19,2026-10-01 11:51:19.652
2026-10-01 11:39:16,IMDM498J,0101,Yael Inbar,15,15,0,2026-10-01 11:51:19,2026-10-01 11:51:19.899
2026-10-01 11:39:16,IMMR200,0101,Instructor: TBA,40,40,0,2026-10-01 11:51:21,2026-10-01 11:51:21.831
2026-10-01 11:39:16,IMMR394,0101,Wenxi Yang,25,25,0,2026-10-01 11:51:22,2026-10-01 11:51:22.105
2026-10-01 11:39:16,IMMR399,0101,Christina Getrich,1,1,0,2026-10-01 11:51:22,2026-10-01 11:51:22.357
2026-10-01 11:39:16,INFM612,IM01,Instructor: TBA,40,40,0,2026-10-01 11:51:27,2026-10-01 11:51:27.625
2026-10-01 11:39:16,INFM737,IM01,David Loshin,40,40,0,2026-10-01 11:51:27,2026-10-01 11:51:27.872
2026-10-01 11:39:16,ISRL187,0101,Bernard Cooperman,23,23,0,2026-10-01 11:51:47,2026-10-01 11:51:47.799
2026-10-01 11:39:16,ISRL187,0102,Bernard Cooperman,23,23,0,2026-10-01 11:51:47,2026-10-01 11:51:47.799
2026-10-01 11:39:16,ISRL187,0103,Bernard Cooperman,23,23,0,2026-10-01 11:51:47,2026-10-01 11:51:47.799
2026-10-01 11:39:16,ISRL249O,0101,Aner Tal,35,35,0,2026-10-01 11:51:48,2026-10-01 11:51:48.047
2026-10-01 11:39:16,ISRL249P,0101,Aliza Sandalon,15,15,0,2026-10-01 11:51:48,2026-10-01 11:51:48.292
2026-10-01 11:39:16,ISRL282,0101,Shirelle Doughty,30,30,0,2026-10-01 11:51:48,2026-10-01 11:51:48.557
2026-10-01 11:39:16,ISRL329D,0101,Regev Ben-David,35,35,0,2026-10-01 11:51:48,2026-10-01 11:51:48.808
2026-10-01 11:39:16,ISRL329Y,0101,Marwa Maziad,30,30,0,2026-10-01 11:51:49,2026-10-01 11:51:49.052
2026-10-01 11:39:16,ISRL342,0101,Elli Lieberman,35,35,0,2026-10-01 11:51:49,2026-10-01 11:51:49.287
2026-10-01 11:39:16,ISRL349N,0101,Morad Elsana,30,30,0,2026-10-01 11:51:49,2026-10-01 11:51:49.534
2026-10-01 11:39:16,ISRL349W,0101,Avital Karpman,35,35,0,2026-10-01 11:51:49,2026-10-01 11:51:49.782
2026-10-01 11:39:16,ISRL372,0101,Shirelle Doughty,30,30,0,2026-10-01 11:51:50,2026-10-01 11:51:50.086
2026-10-01 11:39:16,ISRL380,0101,Regev Ben-David,35,35,0,2026-10-01 11:51:50,2026-10-01 11:51:50.350
2026-10-01 11:39:16,ISRL383,0101,Ilai Saltzman,35,35,0,2026-10-01 11:51:50,2026-10-01 11:51:50.608
2026-10-01 11:39:16,JAPN102,0101,Kumiko Akikawa,15,15,0,2026-10-01 11:51:54,2026-10-01 11:51:54.446
2026-10-01 11:39:16,JAPN102,0201,Kumiko Akikawa,15,15,0,2026-10-01 11:51:54,2026-10-01 11:51:54.446
2026-10-01 11:39:16,JAPN202,0101,Makiko Inoue,15,15,0,2026-10-01 11:51:54,2026-10-01 11:51:54.727
2026-10-01 11:39:16,JAPN202,0201,Makiko Inoue,15,15,0,2026-10-01 11:51:54,2026-10-01 11:51:54.727
2026-10-01 11:39:16,JAPN302,0101,Mari Hamada,15,15,0,2026-10-01 11:51:55,2026-10-01 11:51:55.005
2026-10-01 11:39:16,JAPN306,0101,Lindsay Yotsukura,15,15,0,2026-10-01 11:51:55,2026-10-01 11:51:55.264
2026-10-01 11:39:16,JAPN335,0101,Michele Mason,20,20,0,2026-10-01 11:51:55,2026-10-01 11:51:55.530
2026-10-01 11:39:16,JAPN355,0101,Jyana Browne,20,20,0,2026-10-01 11:51:55,2026-10-01 11:51:55.777
2026-10-01 11:39:16,JAPN361,0101,Jyana Browne,20,20,0,2026-10-01 11:51:56,2026-10-01 11:51:56.028
2026-10-01 11:39:16,JAPN425,0101,Michele Mason,30,30,0,2026-10-01 11:51:56,2026-10-01 11:51:56.541
2026-10-01 11:39:16,JAPN457,0101,Lindsay Yotsukura,15,15,0,2026-10-01 11:51:56,2026-10-01 11:51:56.795
2026-10-01 11:39:16,JWST187,0101,Bernard Cooperman,23,23,0,2026-10-01 11:52:18,2026-10-01 11:52:18.721
2026-10-01 11:39:16,JWST187,0102,Bernard Cooperman,23,23,0,2026-10-01 11:52:18,2026-10-01 11:52:18.721
2026-10-01 11:39:16,JWST187,0103,Bernard Cooperman,23,23,0,2026-10-01 11:52:18,2026-10-01 11:52:18.721
2026-10-01 11:39:16,JWST233,0101,Hayim Lapin,45,45,0,2026-10-01 11:52:18,2026-10-01 11:52:18.976
2026-10-01 11:39:16,JWST319A,0101,Daniel Richter,35,35,0,2026-10-01 11:52:19,2026-10-01 11:52:19.228
2026-10-01 11:39:16,JWST319J,0101,Nathan Levine,35,35,0,2026-10-01 11:52:19,2026-10-01 11:52:19.500
2026-10-01 11:39:16,JWST319P,0101,Lauren Kotkin,18,18,0,2026-10-01 11:52:19,2026-10-01 11:52:19.743
2026-10-01 11:39:16,JWST319Q,0101,Regev Ben-David,35,35,0,2026-10-01 11:52:20,2026-10-01 11:52:20.034
2026-10-01 11:39:16,JWST319W,0101,Avital Karpman,35,35,0,2026-10-01 11:52:20,2026-10-01 11:52:20.295
2026-10-01 11:39:16,JWST324,0101,Matthew Suriano,25,25,0,2026-10-01 11:52:20,2026-10-01 11:52:20.601
2026-10-01 11:39:16,JWST372,0101,Shirelle Doughty,30,30,0,2026-10-01 11:52:20,2026-10-01 11:52:20.859
2026-10-01 11:39:16,JWST386,0101,Instructor: TBA,5,5,0,2026-10-01 11:52:21,2026-10-01 11:52:21.117
2026-10-01 11:39:16,JWST419B,0101,Bernard Cooperman,20,20,0,2026-10-01 11:52:21,2026-10-01 11:52:21.662
2026-10-01 11:39:16,JWST427,0101,Matthew Suriano,15,15,0,2026-10-01 11:52:21,2026-10-01 11:52:21.923
2026-10-01 11:39:16,JWST469C,0101,Bernard Cooperman,10,10,0,2026-10-01 11:52:22,2026-10-01 11:52:22.179
2026-10-01 11:39:16,KORA101,0101,Seong Minne Koh,15,15,0,2026-10-01 11:52:43,2026-10-01 11:52:43.682
2026-10-01 11:39:16,KORA102,0101,Saerom Kwak,15,15,0,2026-10-01 11:52:43,2026-10-01 11:52:43.935
2026-10-01 11:39:16,KORA102,0201,Saerom Kwak,15,15,0,2026-10-01 11:52:43,2026-10-01 11:52:43.935
2026-10-01 11:39:16,KORA102,0301,Saerom Kwak,15,15,0,2026-10-01 11:52:43,2026-10-01 11:52:43.935
2026-10-01 11:39:16,KORA102,0401,Saerom Kwak,15,15,0,2026-10-01 11:52:43,2026-10-01 11:52:43.935
2026-10-01 11:39:16,KORA202,0101,Seong Minne Koh,15,15,0,2026-10-01 11:52:44,2026-10-01 11:52:44.195
2026-10-01 11:39:16,KORA202,0301,Seong Minne Koh,15,15,0,2026-10-01 11:52:44,2026-10-01 11:52:44.195
2026-10-01 11:39:16,KORA398O,0101,Instructor: TBA,10,10,0,2026-10-01 11:52:44,2026-10-01 11:52:44.438
2026-10-01 11:39:16,KORA398V,0101,Seong Minne Koh,10,10,0,2026-10-01 11:52:44,2026-10-01 11:52:44.682
2026-10-01 11:39:16,LEAD217,0101,Festus Ainoo,25,25,0,2026-10-01 11:52:58,2026-10-01 11:52:58.043
2026-10-01 11:39:16,LEAD217,0201,Festus Ainoo,25,25,0,2026-10-01 11:52:58,2026-10-01 11:52:58.043
2026-10-01 11:39:16,LEAD321,0101,Courtney Holder,10,10,0,2026-10-01 11:52:58,2026-10-01 11:52:58.294
2026-10-01 11:39:16,LEAD417,0101,Anastasia Lavrenyuk,20,20,0,2026-10-01 11:52:58,2026-10-01 11:52:58.536
2026-10-01 11:39:16,LGBT200,0101,Sayan Bhattacharya,25,25,0,2026-10-01 11:53:00,2026-10-01 11:53:00.014
2026-10-01 11:39:16,LGBT200,0102,Sayan Bhattacharya,25,25,0,2026-10-01 11:53:00,2026-10-01 11:53:00.014
2026-10-01 11:39:16,LGBT265,0201,Instructor: TBA,30,30,0,2026-10-01 11:53:00,2026-10-01 11:53:00.297
2026-10-01 11:39:16,LGBT310,0101,Sayan Bhattacharya,25,25,0,2026-10-01 11:53:00,2026-10-01 11:53:00.561
2026-10-01 11:39:16,LGBT475,0101,Sydney Lewis,20,20,0,2026-10-01 11:53:00,2026-10-01 11:53:00.810
2026-10-01 11:39:16,MLAW150,0101,David Gray,25,25,0,2026-10-01 11:53:31,2026-10-01 11:53:31.498
2026-10-01 11:39:16,MLAW150,0102,David Gray,25,25,0,2026-10-01 11:53:31,2026-10-01 11:53:31.498
2026-10-01 11:39:16,MLAW150,0103,David Gray,25,25,0,2026-10-01 11:53:31,2026-10-01 11:53:31.499
2026-10-01 11:39:16,MLAW304,0101,Christine White,40,40,0,2026-10-01 11:53:31,2026-10-01 11:53:31.867
2026-10-01 11:39:16,MLAW305,0201,Brian Gilmore,60,60,0,2026-10-01 11:53:32,2026-10-01 11:53:32.293
2026-10-01 11:39:16,MLAW325,0101,Grace Benton,12,12,0,2026-10-01 11:53:32,2026-10-01 11:53:32.609
2026-10-01 11:39:16,MLAW358W,0101,Michael Spivey,25,25,0,2026-10-01 11:53:32,2026-10-01 11:53:32.998
2026-10-01 11:39:16,MLAW358W,0102,Michael Spivey,25,25,0,2026-10-01 11:53:32,2026-10-01 11:53:32.998
2026-10-01 11:39:16,MLAW358W,0103,Michael Spivey,25,25,0,2026-10-01 11:53:32,2026-10-01 11:53:32.998
2026-10-01 11:39:16,MLAW358W,0104,Michael Spivey,25,25,0,2026-10-01 11:53:32,2026-10-01 11:53:32.999
2026-10-01 11:39:16,MLAW358W,0105,Michael Spivey,25,25,0,2026-10-01 11:53:32,2026-10-01 11:53:32.999
2026-10-01 11:39:16,MLAW358W,0106,Michael Spivey,25,25,0,2026-10-01 11:53:32,2026-10-01 11:53:32.999
2026-10-01 11:39:16,MLAW358Y,0101,Martin Kobren,5,5,0,2026-10-01 11:53:33,2026-10-01 11:53:33.378
2026-10-01 11:39:16,MLAW358Z,0101,Christine White,19,19,0,2026-10-01 11:53:33,2026-10-01 11:53:33.740
2026-10-01 11:39:16,MLAW359,0101,Brandee Pettus,8,8,0,2026-10-01 11:53:34,2026-10-01 11:53:34.099
2026-10-01 11:39:16,MLAW378E,0101,Brandee Pettus,5,5,0,2026-10-01 11:53:34,2026-10-01 11:53:34.355
2026-10-01 11:39:16,MLAW378F,0101,Brian Gilmore,15,15,0,2026-10-01 11:53:34,2026-10-01 11:53:34.616
2026-10-01 11:39:16,MLAW378J,0101,Natalie Ram,20,20,0,2026-10-01 11:53:34,2026-10-01 11:53:34.871
2026-10-01 11:39:16,MLAW378T,0101,Marley Weiss,20,20,0,2026-10-01 11:53:35,2026-10-01 11:53:35.262
2026-10-01 11:39:16,MLAW388,0101,Brandee Pettus,33,33,0,2026-10-01 11:53:35,2026-10-01 11:53:35.526
2026-10-01 11:39:16,MLAW388,0201,Brandee Pettus,6,6,0,2026-10-01 11:53:35,2026-10-01 11:53:35.526
2026-10-01 11:39:16,MLAW404,0101,Christine White,75,75,0,2026-10-01 11:53:35,2026-10-01 11:53:35.920
2026-10-01 11:39:16,NAVY101,0101,Beau Cisneros,30,30,0,2026-10-01 11:54:08,2026-10-01 11:54:08.953
2026-10-01 11:39:16,NAVY108,0101,Christopher Boehm,150,150,0,2026-10-01 11:54:09,2026-10-01 11:54:09.470
2026-10-01 11:39:16,NAVY201,0101,Austin Cranfill,30,30,0,2026-10-01 11:54:09,2026-10-01 11:54:09.736
2026-10-01 11:39:16,NAVY301,0101,Beau Cisneros,35,35,0,2026-10-01 11:54:09,2026-10-01 11:54:09.996
2026-10-01 11:39:16,NAVY401,0101,John Gonser,36,36,0,2026-10-01 11:54:10,2026-10-01 11:54:10.244
2026-10-01 11:39:16,NAVY402,0102,Jenna Weiner,25,25,0,2026-10-01 11:54:10,2026-10-01 11:54:10.502
2026-10-01 11:39:16,NEUR200,0101,Ana Navarro Cebrian,90,90,0,2026-10-01 11:54:12,2026-10-01 11:54:12.004
2026-10-01 11:39:16,NEUR200,0201,Ana Navarro Cebrian,90,90,0,2026-10-01 11:54:12,2026-10-01 11:54:12.004
2026-10-01 11:39:16,NEUR305,0101,Amanda Chicoli,90,90,0,2026-10-01 11:54:12,2026-10-01 11:54:12.252
2026-10-01 11:39:16,NEUR306,0101,Chan Lin,64,64,0,2026-10-01 11:54:12,2026-10-01 11:54:12.515
2026-10-01 11:39:16,NEUR306,0102,Melissa Caras,40,40,0,2026-10-01 11:54:12,2026-10-01 11:54:12.515
2026-10-01 11:39:16,NEUR338A,0101,Amanda Chicoli,20,20,0,2026-10-01 11:54:13,2026-10-01 11:54:13.009
2026-10-01 11:39:16,NEUR398H,0101,Nikolas Francis,20,20,0,2026-10-01 11:54:13,2026-10-01 11:54:13.761
2026-10-01 11:39:16,NEUR405,0101,Hilary Bierman,16,16,0,2026-10-01 11:54:14,2026-10-01 11:54:14.035
2026-10-01 11:39:16,NEUR405,0102,Hilary Bierman,16,16,0,2026-10-01 11:54:14,2026-10-01 11:54:14.036
2026-10-01 11:39:16,NEUR405,0103,Hilary Bierman,16,16,0,2026-10-01 11:54:14,2026-10-01 11:54:14.036
2026-10-01 11:39:16,NEUR405,0106,Hilary Bierman,16,16,0,2026-10-01 11:54:14,2026-10-01 11:54:14.036
2026-10-01 11:39:16,PEER318,0101,Christina Jay,15,15,0,2026-10-01 11:54:24,2026-10-01 11:54:24.728
2026-10-01 11:39:16,PEER319,0101,Grace Boudreau,15,15,0,2026-10-01 11:54:25,2026-10-01 11:54:25.020
2026-10-01 11:39:16,PEER322,0101,Aleia Gardner,15,15,0,2026-10-01 11:54:25,2026-10-01 11:54:25.390
2026-10-01 11:39:16,PHPE308A,0101,Rachel Singpurwalla,25,25,0,2026-10-01 11:54:34,2026-10-01 11:54:34.775
2026-10-01 11:39:16,PHPE308M,0101,Eric Pacuit,30,30,0,2026-10-01 11:54:35,2026-10-01 11:54:35.040
2026-10-01 11:39:16,PHPE308P,0101,Xinzhi Zhao,30,30,0,2026-10-01 11:54:35,2026-10-01 11:54:35.280
2026-10-01 11:39:16,PHPE308U,0101,Aner Tal,35,35,0,2026-10-01 11:54:35,2026-10-01 11:54:35.540
2026-10-01 11:39:16,PHPE308Z,0101,Hallie Liberto,30,30,0,2026-10-01 11:54:35,2026-10-01 11:54:35.787
2026-10-01 11:39:16,PHPE400,0101,Instructor: TBA,30,30,0,2026-10-01 11:54:36,2026-10-01 11:54:36.326
2026-10-01 11:39:16,PHPE401,0101,Xinzhi Zhao,27,27,0,2026-10-01 11:54:36,2026-10-01 11:54:36.704
2026-10-01 11:39:16,PHPE401,0102,Xinzhi Zhao,27,27,0,2026-10-01 11:54:36,2026-10-01 11:54:36.704
2026-10-01 11:39:16,PHPE402,0101,Ben Fan,30,30,0,2026-10-01 11:54:36,2026-10-01 11:54:36.971
2026-10-01 11:39:16,PHPE408M,0101,Nicholas Laskowski,25,25,0,2026-10-01 11:54:37,2026-10-01 11:54:37.232
2026-10-01 11:39:16,PHPE408Q,0101,Samuel Kerstein,20,20,0,2026-10-01 11:54:37,2026-10-01 11:54:37.493
2026-10-01 11:39:16,PHPE408Z,0101,Avia Pasternak,30,30,0,2026-10-01 11:54:37,2026-10-01 11:54:37.804
2026-10-01 11:39:16,PHSC399,0101,Shannon Edward,30,30,0,2026-10-01 11:54:39,2026-10-01 11:54:39.508
2026-10-01 11:39:16,PHSC399,ESG1,Shannon Edward,20,20,0,2026-10-01 11:54:39,2026-10-01 11:54:39.508
2026-10-01 11:39:16,PHSC415,0101,Jessica O'Hara,36,36,0,2026-10-01 11:54:39,2026-10-01 11:54:39.783
2026-10-01 11:39:16,PHSC415,0102,Jessica O'Hara,36,36,0,2026-10-01 11:54:39,2026-10-01 11:54:39.783
2026-10-01 11:39:16,PHSC415,0103,Jessica O'Hara,36,36,0,2026-10-01 11:54:39,2026-10-01 11:54:39.783
2026-10-01 11:39:16,PHSC415,0104,Jessica O'Hara,36,36,0,2026-10-01 11:54:39,2026-10-01 11:54:39.783
2026-10-01 11:39:16,PHSC415,0105,Jessica O'Hara,36,36,0,2026-10-01 11:54:39,2026-10-01 11:54:39.783
2026-10-01 11:39:16,PHSC425,0101,Jennifer German,30,30,0,2026-10-01 11:54:40,2026-10-01 11:54:40.039
2026-10-01 11:39:16,PHSC440,0101,Kendall Bustad,35,35,0,2026-10-01 11:54:40,2026-10-01 11:54:40.304
2026-10-01 11:39:16,PHSC450,0101,Kendall Bustad,20,20,0,2026-10-01 11:54:40,2026-10-01 11:54:40.576
2026-10-01 11:39:16,PHSC450,0102,Kendall Bustad,20,20,0,2026-10-01 11:54:40,2026-10-01 11:54:40.576
2026-10-01 11:39:16,PHSC450,0103,Kendall Bustad,20,20,0,2026-10-01 11:54:40,2026-10-01 11:54:40.576
2026-10-01 11:39:16,PHSC450,0104,Kendall Bustad,20,20,0,2026-10-01 11:54:40,2026-10-01 11:54:40.576
2026-10-01 11:39:16,PHSC450,0105,Kendall Bustad,20,20,0,2026-10-01 11:54:40,2026-10-01 11:54:40.576
2026-10-01 11:39:16,PHSC450,0106,Kendall Bustad,20,20,0,2026-10-01 11:54:40,2026-10-01 11:54:40.576
2026-10-01 11:39:16,PHSC450,0107,Kendall Bustad,20,20,0,2026-10-01 11:54:40,2026-10-01 11:54:40.577
2026-10-01 11:39:16,PHSC490,0101,Shannon Edward,30,30,0,2026-10-01 11:54:40,2026-10-01 11:54:40.825
2026-10-01 11:39:16,PHSC497,0101,Gretchen De Silva,20,20,0,2026-10-01 11:54:41,2026-10-01 11:54:41.098
2026-10-01 11:39:16,PHSC497,0201,Kendall Bustad,20,20,0,2026-10-01 11:54:41,2026-10-01 11:54:41.098
2026-10-01 11:39:16,PHSC497,0301,Gretchen De Silva,20,20,0,2026-10-01 11:54:41,2026-10-01 11:54:41.098
2026-10-01 11:39:16,PHSC497,0401,Aysha Jawed,20,20,0,2026-10-01 11:54:41,2026-10-01 11:54:41.098
2026-10-01 11:39:16,PHSC497,0501,Jennifer German,20,20,0,2026-10-01 11:54:41,2026-10-01 11:54:41.098
2026-10-01 11:39:16,PHSC497,0601,Ann Truelove,20,20,0,2026-10-01 11:54:41,2026-10-01 11:54:41.098
2026-10-01 11:39:16,PHSC497,0701,Lakeshia Watson,20,20,0,2026-10-01 11:54:41,2026-10-01 11:54:41.098
2026-10-01 11:39:16,PHSC497,0801,Carmen Booker,20,20,0,2026-10-01 11:54:41,2026-10-01 11:54:41.099
2026-10-01 11:39:16,PHSC497,0901,Darya Soltani,20,20,0,2026-10-01 11:54:41,2026-10-01 11:54:41.099
2026-10-01 11:39:16,PHSC497,1001,Brienna Anderson,20,20,0,2026-10-01 11:54:41,2026-10-01 11:54:41.099
2026-10-01 11:39:16,PHSC497,1101,Margaret Smith,20,20,0,2026-10-01 11:54:41,2026-10-01 11:54:41.099
2026-10-01 11:39:16,PHSC497,1201,Eric Silfen,20,20,0,2026-10-01 11:54:41,2026-10-01 11:54:41.099
2026-10-01 11:39:16,PHSC497,1301,Lakeshia Watson,20,20,0,2026-10-01 11:54:41,2026-10-01 11:54:41.099
2026-10-01 11:39:16,RDEV250,0101,Wayne Ricardo Curtis,75,75,0,2026-10-01 11:55:33,2026-10-01 11:55:33.017
2026-10-01 11:39:16,RDEV250,0102,Wayne Ricardo Curtis,75,75,0,2026-10-01 11:55:33,2026-10-01 11:55:33.017
2026-10-01 11:39:16,RDEV270,0101,John Park,30,30,0,2026-10-01 11:55:33,2026-10-01 11:55:33.273
2026-10-01 11:39:16,RDEV350,0101,Jesse Saginor,25,25,0,2026-10-01 11:55:33,2026-10-01 11:55:33.513
2026-10-01 11:39:16,RDEV350,0102,Instructor: TBA,30,30,0,2026-10-01 11:55:33,2026-10-01 11:55:33.513
2026-10-01 11:39:16,RDEV410,0101,Peter Goldsmith,30,30,0,2026-10-01 11:55:33,2026-10-01 11:55:33.772
2026-10-01 11:39:16,RDEV415,0101,Bilal Ali,20,20,0,2026-10-01 11:55:34,2026-10-01 11:55:34.568
2026-10-01 11:39:16,RDEV445,0101,Matthew O'Malley,15,15,0,2026-10-01 11:55:34,2026-10-01 11:55:34.832
2026-10-01 11:39:16,RDEV450,0101,Kathryn Corby,30,30,0,2026-10-01 11:55:35,2026-10-01 11:55:35.089
2026-10-01 11:39:16,RDEV450,0102,Thomas Dwyer,20,20,0,2026-10-01 11:55:35,2026-10-01 11:55:35.089
2026-10-01 11:39:16,RDEV450,0103,John Park,30,30,0,2026-10-01 11:55:35,2026-10-01 11:55:35.089
2026-10-01 11:39:16,RDEV478D,0101,Jesse Saginor,20,20,0,2026-10-01 11:55:35,2026-10-01 11:55:35.333
2026-10-01 11:39:16,RDEV600,0101,Jesse Saginor,10,10,0,2026-10-01 11:55:35,2026-10-01 11:55:35.722
2026-10-01 11:39:16,RDEV603,0101,Thomas Dwyer,18,18,0,2026-10-01 11:55:36,2026-10-01 11:55:36.050
2026-10-01 11:39:16,RDEV610,0101,David Warner,20,20,0,2026-10-01 11:55:36,2026-10-01 11:55:36.351
2026-10-01 11:39:16,RDEV615,0101,Bilal Ali,20,20,0,2026-10-01 11:55:36,2026-10-01 11:55:36.592
2026-10-01 11:39:16,RDEV630,0101,Mansur Abdul-Malik,30,30,0,2026-10-01 11:55:36,2026-10-01 11:55:36.851
2026-10-01 11:39:16,RDEV650,0101,Matthew O'Malley,25,25,0,2026-10-01 11:55:37,2026-10-01 11:55:37.232
2026-10-01 11:39:16,RDEV689F,0101,Zachary Marks,20,20,0,2026-10-01 11:55:38,2026-10-01 11:55:38.449
2026-10-01 11:39:16,RDEV689I,0101,Ronald McDonald,14,14,0,2026-10-01 11:55:38,2026-10-01 11:55:38.724
2026-10-01 11:39:16,RDEV689R,0101,Nick Egelanian,15,15,0,2026-10-01 11:55:38,2026-10-01 11:55:38.992
2026-10-01 11:39:16,RDEV689Y,0101,Instructor: TBA,12,12,0,2026-10-01 11:55:39,2026-10-01 11:55:39.262
2026-10-01 11:39:16,RDEV690,0101,Tanya Bansal,12,12,0,2026-10-01 11:55:39,2026-10-01 11:55:39.519
2026-10-01 11:39:16,RELS170,0101,Katherine Wasdin,21,21,0,2026-10-01 11:55:41,2026-10-01 11:55:41.093
2026-10-01 11:39:16,RELS170,0102,Katherine Wasdin,21,21,0,2026-10-01 11:55:41,2026-10-01 11:55:41.093
2026-10-01 11:39:16,RELS170,0103,Katherine Wasdin,21,21,0,2026-10-01 11:55:41,2026-10-01 11:55:41.093
2026-10-01 11:39:16,RELS170,0104,Katherine Wasdin,21,21,0,2026-10-01 11:55:41,2026-10-01 11:55:41.094
2026-10-01 11:39:16,RELS170,0105,Katherine Wasdin,21,21,0,2026-10-01 11:55:41,2026-10-01 11:55:41.094
2026-10-01 11:39:16,RELS170,0106,Katherine Wasdin,21,21,0,2026-10-01 11:55:41,2026-10-01 11:55:41.094
2026-10-01 11:39:16,RELS170,0107,Katherine Wasdin,21,21,0,2026-10-01 11:55:41,2026-10-01 11:55:41.094
2026-10-01 11:39:16,RELS170,0108,Katherine Wasdin,21,21,0,2026-10-01 11:55:41,2026-10-01 11:55:41.094
2026-10-01 11:39:16,RELS170,0109,Katherine Wasdin,21,21,0,2026-10-01 11:55:41,2026-10-01 11:55:41.094
2026-10-01 11:39:16,RELS264,0101,Jay Moses,30,30,0,2026-10-01 11:55:41,2026-10-01 11:55:41.366
2026-10-01 11:39:16,RELS271,0101,Instructor: TBA,40,40,0,2026-10-01 11:55:41,2026-10-01 11:55:41.661
2026-10-01 11:39:16,RELS319Q,0101,Regev Ben-David,35,35,0,2026-10-01 11:55:41,2026-10-01 11:55:41.932
2026-10-01 11:39:16,RELS342,0101,Stefano Villani,27,27,0,2026-10-01 11:55:42,2026-10-01 11:55:42.194
2026-10-01 11:39:16,RELS427,0101,Matthew Suriano,15,15,0,2026-10-01 11:55:42,2026-10-01 11:55:42.465
2026-10-01 11:39:16,RELS429M,0101,Antoine Borrut,27,27,0,2026-10-01 11:55:42,2026-10-01 11:55:42.711
2026-10-01 11:39:16,RUSS102,0101,Inna Hardman,15,15,0,2026-10-01 11:55:44,2026-10-01 11:55:44.222
2026-10-01 11:39:16,RUSS102,0201,Inna Hardman,15,15,0,2026-10-01 11:55:44,2026-10-01 11:55:44.222
2026-10-01 11:39:16,RUSS202,0101,Zhanna Gerus-Vernola,15,15,0,2026-10-01 11:55:44,2026-10-01 11:55:44.482
2026-10-01 11:39:16,RUSS302,0101,Izolda Savenkova,15,15,0,2026-10-01 11:55:44,2026-10-01 11:55:44.859
2026-10-01 11:39:16,RUSS398A,0101,Instructor: TBA,15,15,0,2026-10-01 11:55:45,2026-10-01 11:55:45.376
2026-10-01 11:39:16,RUSS398F,0101,Elizabeth Papazian,25,25,0,2026-10-01 11:55:46,2026-10-01 11:55:46.844
2026-10-01 11:39:16,RUSS406,0101,Izolda Savenkova,15,15,0,2026-10-01 11:55:47,2026-10-01 11:55:47.417
2026-10-01 11:39:16,RUSS412,0101,Inna Hardman,15,15,0,2026-10-01 11:55:48,2026-10-01 11:55:48.107
2026-10-01 11:39:16,SDSB123,0101,Srijeeta Mitra,26,26,0,2026-10-01 11:55:49,2026-10-01 11:55:49.825
2026-10-01 11:39:16,SDSB180,0101,Srijeeta Mitra,155,155,0,2026-10-01 11:55:50,2026-10-01 11:55:50.084
2026-10-01 11:39:16,SDSB233,0101,Richard Engstrom,28,28,0,2026-10-01 11:55:50,2026-10-01 11:55:50.358
2026-10-01 11:39:16,SDSB233,0102,Richard Engstrom,28,28,0,2026-10-01 11:55:50,2026-10-01 11:55:50.358
2026-10-01 11:39:16,SDSB326,0101,Jacob Coutts,40,40,0,2026-10-01 11:55:50,2026-10-01 11:55:50.608
2026-10-01 11:39:16,SDSB340,0101,Neil Lund,24,24,0,2026-10-01 11:55:50,2026-10-01 11:55:50.861
2026-10-01 11:39:16,SDSI414,0101,Instructor: TBA,40,40,0,2026-10-01 11:55:52,2026-10-01 11:55:52.325
2026-10-01 11:39:16,SDSI414,0102,Instructor: TBA,40,40,0,2026-10-01 11:55:52,2026-10-01 11:55:52.325
2026-10-01 11:39:16,SDSI414,0103,Instructor: TBA,40,40,0,2026-10-01 11:55:52,2026-10-01 11:55:52.325
2026-10-01 11:39:16,SDSI414,0201,Instructor: TBA,40,40,0,2026-10-01 11:55:52,2026-10-01 11:55:52.325
2026-10-01 11:39:16,SDSI414,0202,Instructor: TBA,40,40,0,2026-10-01 11:55:52,2026-10-01 11:55:52.325
2026-10-01 11:39:16,SDSI492,0101,Instructor: TBA,29,29,0,2026-10-01 11:55:52,2026-10-01 11:55:52.582
2026-10-01 11:39:16,SDSI492,0103,Instructor: TBA,25,25,0,2026-10-01 11:55:52,2026-10-01 11:55:52.583
2026-10-01 11:39:16,SDSI492,0104,Instructor: TBA,20,20,0,2026-10-01 11:55:52,2026-10-01 11:55:52.583
2026-10-01 11:39:16,SDSI492,0105,Instructor: TBA,50,50,0,2026-10-01 11:55:52,2026-10-01 11:55:52.583
2026-10-01 11:39:16,SDSI492,0106,Lesley Langa,50,50,0,2026-10-01 11:55:52,2026-10-01 11:55:52.583
2026-10-01 11:39:16,SDSI492,0107,Instructor: TBA,25,25,0,2026-10-01 11:55:52,2026-10-01 11:55:52.583
2026-10-01 11:39:16,SDSI492,0108,Instructor: TBA,25,25,0,2026-10-01 11:55:52,2026-10-01 11:55:52.583
2026-10-01 11:39:16,SDSI492,0110,Instructor: TBA,25,25,0,2026-10-01 11:55:52,2026-10-01 11:55:52.583
2026-10-01 11:39:16,SDSI496,0101,Jacob Coutts,25,25,0,2026-10-01 11:55:52,2026-10-01 11:55:52.826
2026-10-01 11:39:16,SLLC286,0101,Andrew Schonebaum,60,60,0,2026-10-01 11:55:56,2026-10-01 11:55:56.990
2026-10-01 11:39:16,SLLC287,0101,Sean Pue,20,20,0,2026-10-01 11:55:57,2026-10-01 11:55:57.257
2026-10-01 11:39:16,SLLC305,0101,Nahal Akbari-Saneh,25,25,0,2026-10-01 11:55:57,2026-10-01 11:55:57.526
2026-10-01 11:39:16,SLLC309,0101,Ahmed Hanafy,10,10,0,2026-10-01 11:55:57,2026-10-01 11:55:57.805
2026-10-01 11:39:16,SLLC309,0102,Ahmed Hanafy,10,10,0,2026-10-01 11:55:57,2026-10-01 11:55:57.805
2026-10-01 11:39:16,SLLC309,0103,Ahmed Hanafy,10,10,0,2026-10-01 11:55:57,2026-10-01 11:55:57.806
2026-10-01 11:39:16,SLLC309,0104,Ahmed Hanafy,10,10,0,2026-10-01 11:55:57,2026-10-01 11:55:57.806
2026-10-01 11:39:16,SLLC309,0105,Ahmed Hanafy,10,10,0,2026-10-01 11:55:57,2026-10-01 11:55:57.806
2026-10-01 11:39:16,SLLC309,0106,Ahmed Hanafy,10,10,0,2026-10-01 11:55:57,2026-10-01 11:55:57.806
2026-10-01 11:39:16,SLLC309,0107,Ahmed Hanafy,10,10,0,2026-10-01 11:55:57,2026-10-01 11:55:57.806
2026-10-01 11:39:16,SLLC309,0108,Ahmed Hanafy,10,10,0,2026-10-01 11:55:57,2026-10-01 11:55:57.806
2026-10-01 11:39:16,SLLC309,0109,Ahmed Hanafy,10,10,0,2026-10-01 11:55:57,2026-10-01 11:55:57.806
2026-10-01 11:39:16,SLLC309,0110,Ahmed Hanafy,10,10,0,2026-10-01 11:55:57,2026-10-01 11:55:57.806
2026-10-01 11:39:16,SLLC309,0111,Ahmed Hanafy,10,10,0,2026-10-01 11:55:57,2026-10-01 11:55:57.806
2026-10-01 11:39:16,SLLC329,0101,Marilyn Matar,10,10,0,2026-10-01 11:55:58,2026-10-01 11:55:58.098
2026-10-01 11:39:16,SLLC329,0102,Marilyn Matar,10,10,0,2026-10-01 11:55:58,2026-10-01 11:55:58.098
2026-10-01 11:39:16,SLLC329,0103,Marilyn Matar,20,20,0,2026-10-01 11:55:58,2026-10-01 11:55:58.098
2026-10-01 11:39:16,SLLC329,0104,Marilyn Matar,10,10,0,2026-10-01 11:55:58,2026-10-01 11:55:58.098
2026-10-01 11:39:16,SLLC329,0105,Marilyn Matar,10,10,0,2026-10-01 11:55:58,2026-10-01 11:55:58.098
2026-10-01 11:39:16,SLLC329,0106,Marilyn Matar,10,10,0,2026-10-01 11:55:58,2026-10-01 11:55:58.099
2026-10-01 11:39:16,SLLC329,0107,Marilyn Matar,10,10,0,2026-10-01 11:55:58,2026-10-01 11:55:58.099
2026-10-01 11:39:16,SLLC329,0108,Marilyn Matar,10,10,0,2026-10-01 11:55:58,2026-10-01 11:55:58.099
2026-10-01 11:39:16,SLLC329,0109,Marilyn Matar,10,10,0,2026-10-01 11:55:58,2026-10-01 11:55:58.099
2026-10-01 11:39:16,SLLC329,0110,Marilyn Matar,20,20,0,2026-10-01 11:55:58,2026-10-01 11:55:58.099
2026-10-01 11:39:16,SMLP471,0101,Jennifer Hsin,60,60,0,2026-10-01 11:55:59,2026-10-01 11:55:59.567
2026-10-01 11:39:16,SMLP474,0101,Sara Herald,60,60,0,2026-10-01 11:55:59,2026-10-01 11:55:59.834
2026-10-01 11:39:16,SPHL100,0101,Shuling Wu,20,20,0,2026-10-01 11:56:21,2026-10-01 11:56:21.875
2026-10-01 11:39:16,SPHL100,0102,Shuling Wu,20,20,0,2026-10-01 11:56:21,2026-10-01 11:56:21.875
2026-10-01 11:39:16,SPHL100,0103,Shuling Wu,20,20,0,2026-10-01 11:56:21,2026-10-01 11:56:21.875
2026-10-01 11:39:16,SPHL100,0104,Shuling Wu,20,20,0,2026-10-01 11:56:21,2026-10-01 11:56:21.875
2026-10-01 11:39:16,SPHL100,0105,Shuling Wu,20,20,0,2026-10-01 11:56:21,2026-10-01 11:56:21.875
2026-10-01 11:39:16,SPHL100,0106,Shuling Wu,20,20,0,2026-10-01 11:56:21,2026-10-01 11:56:21.875
2026-10-01 11:39:16,SPHL100,0107,Shuling Wu,20,20,0,2026-10-01 11:56:21,2026-10-01 11:56:21.875
2026-10-01 11:39:16,SPHL100,0108,Shuling Wu,20,20,0,2026-10-01 11:56:21,2026-10-01 11:56:21.875
2026-10-01 11:39:16,SPHL100,0109,Shuling Wu,20,20,0,2026-10-01 11:56:21,2026-10-01 11:56:21.875
2026-10-01 11:39:16,SPHL100,0110,Shuling Wu,20,20,0,2026-10-01 11:56:21,2026-10-01 11:56:21.875
2026-10-01 11:39:16,SPHL100,0201,Shuling Wu,20,20,0,2026-10-01 11:56:21,2026-10-01 11:56:21.876
2026-10-01 11:39:16,SPHL100,0202,Shuling Wu,20,20,0,2026-10-01 11:56:21,2026-10-01 11:56:21.876
2026-10-01 11:39:16,SPHL100,0203,Shuling Wu,20,20,0,2026-10-01 11:56:21,2026-10-01 11:56:21.876
2026-10-01 11:39:16,SPHL100,0204,Shuling Wu,20,20,0,2026-10-01 11:56:21,2026-10-01 11:56:21.876
2026-10-01 11:39:16,SPHL100,0205,Shuling Wu,20,20,0,2026-10-01 11:56:21,2026-10-01 11:56:21.876
2026-10-01 11:39:16,SPHL100,0206,Shuling Wu,20,20,0,2026-10-01 11:56:21,2026-10-01 11:56:21.876
2026-10-01 11:39:16,SPHL100,0207,Shuling Wu,20,20,0,2026-10-01 11:56:21,2026-10-01 11:56:21.876
2026-10-01 11:39:16,SPHL100,0208,Shuling Wu,20,20,0,2026-10-01 11:56:21,2026-10-01 11:56:21.876
2026-10-01 11:39:16,SPHL246,0101,April Khaing,20,20,0,2026-10-01 11:56:22,2026-10-01 11:56:22.131
2026-10-01 11:39:16,SPHL276,0101,Dina Borzekowski,25,25,0,2026-10-01 11:56:22,2026-10-01 11:56:22.403
2026-10-01 11:39:16,SPHL321,0101,Sylvette La Touche-Howard,15,15,0,2026-10-01 11:56:22,2026-10-01 11:56:22.664
2026-10-01 11:39:16,SPHL333,0101,Cynthia Kershaw,75,75,0,2026-10-01 11:56:22,2026-10-01 11:56:22.927
2026-10-01 11:39:16,SPHL478,0101,Tracy Zeeger,10,10,0,2026-10-01 11:56:23,2026-10-01 11:56:23.460
2026-10-01 11:39:16,SPHL600,0101,Sylvette La Touche-Howard,8,8,0,2026-10-01 11:56:23,2026-10-01 11:56:23.715
2026-10-01 11:39:16,SPHL610,0101,Danielle Catona,22,22,0,2026-10-01 11:56:23,2026-10-01 11:56:23.968
2026-10-01 11:39:16,SPHL610,0102,Danielle Catona,22,22,0,2026-10-01 11:56:23,2026-10-01 11:56:23.969
2026-10-01 11:39:16,SPHL610,0103,Danielle Catona,22,22,0,2026-10-01 11:56:23,2026-10-01 11:56:23.969
2026-10-01 11:39:16,SPHL610,PLB1,Priscilla Novak,20,20,0,2026-10-01 11:56:23,2026-10-01 11:56:23.969
2026-10-01 11:39:16,SPHL610,PLH1,Priscilla Novak,28,28,0,2026-10-01 11:56:23,2026-10-01 11:56:23.969
2026-10-01 11:39:16,SPHL610,PLK1,Priscilla Novak,5,5,0,2026-10-01 11:56:23,2026-10-01 11:56:23.969
2026-10-01 11:39:16,SPHL611,0101,Danielle Catona,45,45,0,2026-10-01 11:56:24,2026-10-01 11:56:24.242
2026-10-01 11:39:16,SPHL611,0201,Danielle Catona,45,45,0,2026-10-01 11:56:24,2026-10-01 11:56:24.242
2026-10-01 11:39:16,SPHL611,PLB1,Evelyn King-Marshall,20,20,0,2026-10-01 11:56:24,2026-10-01 11:56:24.242
2026-10-01 11:39:16,SPHL611,PLH1,Evelyn King-Marshall,28,28,0,2026-10-01 11:56:24,2026-10-01 11:56:24.243
2026-10-01 11:39:16,SPHL611,PLK1,Evelyn King-Marshall,5,5,0,2026-10-01 11:56:24,2026-10-01 11:56:24.243
2026-10-01 11:39:16,SPHL612,0101,James Hagberg,15,15,0,2026-10-01 11:56:24,2026-10-01 11:56:24.513
2026-10-01 11:39:16,TLTC310,0101,Sarah Kistner,20,20,0,2026-10-01 11:56:56,2026-10-01 11:56:56.740
2026-10-01 11:39:16,TLTC333,0101,Mona Thompson,55,55,0,2026-10-01 11:56:57,2026-10-01 11:56:57.005
2026-10-01 11:39:16,TLTC333,0102,Mona Thompson,55,55,0,2026-10-01 11:56:57,2026-10-01 11:56:57.005
2026-10-01 11:39:16,TLTC333,0105,Mona Thompson,55,55,0,2026-10-01 11:56:57,2026-10-01 11:56:57.005
2026-10-01 11:39:16,URSP372,0101,Priscila Alves,20,20,0,2026-10-01 11:57:05,2026-10-01 11:57:05.035
2026-10-01 11:39:16,URSP488A,0101,Chengri Ding,30,30,0,2026-10-01 11:57:05,2026-10-01 11:57:05.295
2026-10-01 11:39:16,URSP600,0101,Kevin Nelson,25,25,0,2026-10-01 11:57:05,2026-10-01 11:57:05.580
2026-10-01 11:39:16,URSP603,0101,Dawn Jourdan,33,33,0,2026-10-01 11:57:05,2026-10-01 11:57:05.873
2026-10-01 11:39:16,URSP606,0101,Chengri Ding,15,15,0,2026-10-01 11:57:06,2026-10-01 11:57:06.117
2026-10-01 11:39:16,URSP631,0101,Hiroyuki Iseki,15,15,0,2026-10-01 11:57:06,2026-10-01 11:57:06.420
2026-10-01 11:39:16,URSP668B,0101,Eric Burnstein,20,20,0,2026-10-01 11:57:06,2026-10-01 11:57:06.673
2026-10-01 11:39:16,URSP673,0101,Riem ElZoghbi,25,25,0,2026-10-01 11:57:06,2026-10-01 11:57:06.927
2026-10-01 11:39:16,URSP688M,0101,Andrew Bernish,20,20,0,2026-10-01 11:57:07,2026-10-01 11:57:07.186
2026-10-01 11:39:16,URSP688P,0101,Sonja Ewing,15,15,0,2026-10-01 11:57:07,2026-10-01 11:57:07.454
2026-10-01 11:39:16,URSP688Y,0101,Chester Harvey,30,30,0,2026-10-01 11:57:07,2026-10-01 11:57:07.718
2026-10-01 11:39:16,URSP708,0101,Nicholas Finio,10,10,0,2026-10-01 11:57:07,2026-10-01 11:57:07.974
2026-10-01 11:39:16,URSP709,0101,Casey Dawkins,10,10,0,2026-10-01 11:57:08,2026-10-01 11:57:08.243
2026-10-01 11:39:16,URSP805,0101,Casey Dawkins,15,15,0,2026-10-01 11:57:09,2026-10-01 11:57:09.269
2026-10-01 11:39:16,USLT202,0101,Robert Chester,26,26,0,2026-10-01 11:57:11,2026-10-01 11:57:11.332
2026-10-01 11:39:16,USLT403,0101,Perla Guerrero,20,20,0,2026-10-01 11:57:11,2026-10-01 11:57:11.583
2026-10-01 11:39:16,USLT420,0101,Robert Chester,27,27,0,2026-10-01 11:57:12,2026-10-01 11:57:12.004
2026-10-01 11:39:16,USLT488,0101,Nancy Mirabal,30,30,0,2026-10-01 11:57:12,2026-10-01 11:57:12.248
2026-10-01 11:39:16,USLT498L,0101,Fernando Rios,12,12,0,2026-10-01 11:57:12,2026-10-01 11:57:12.540
2026-10-01 11:39:16,VIPS208,0102,Ken Kiger,10,10,0,2026-10-01 11:57:14,2026-10-01 11:57:14.066
2026-10-01 11:39:16,VIPS208,0103,Bryan Quinn,10,10,0,2026-10-01 11:57:14,2026-10-01 11:57:14.066
2026-10-01 11:39:16,VIPS208,0104,Ryan Sochol,10,10,0,2026-10-01 11:57:14,2026-10-01 11:57:14.066
2026-10-01 11:39:16,VIPS208,0105,Molly Carton,10,10,0,2026-10-01 11:57:14,2026-10-01 11:57:14.066
2026-10-01 11:39:16,VIPS208,0106,James Baeder,11,11,0,2026-10-01 11:57:14,2026-10-01 11:57:14.067
2026-10-01 11:39:16,VIPS208,0107,Catherine Spirito,10,10,0,2026-10-01 11:57:14,2026-10-01 11:57:14.067
2026-10-01 11:39:16,VIPS208,0108,Ronald Yaros,10,10,0,2026-10-01 11:57:14,2026-10-01 11:57:14.067
2026-10-01 11:39:16,VIPS208,0109,Carinna Ferguson,10,10,0,2026-10-01 11:57:14,2026-10-01 11:57:14.067
2026-10-01 11:39:16,VIPS208,0110,Tracy Riggins,10,10,0,2026-10-01 11:57:14,2026-10-01 11:57:14.067
2026-10-01 11:39:16,VIPS208,0111,Kevin Calabro,10,10,0,2026-10-01 11:57:14,2026-10-01 11:57:14.067
2026-10-01 11:39:16,VIPS208,0112,Raffaele Viglianti,10,10,0,2026-10-01 11:57:14,2026-10-01 11:57:14.067
2026-10-01 11:39:16,VIPS208,0113,Shabnam Jabeen,10,10,0,2026-10-01 11:57:14,2026-10-01 11:57:14.067
2026-10-01 11:39:16,VIPS208,0114,Ning Zeng,10,10,0,2026-10-01 11:57:14,2026-10-01 11:57:14.068
2026-10-01 11:39:16,VIPS208,0115,Veronica Kang,10,10,0,2026-10-01 11:57:14,2026-10-01 11:57:14.068
2026-10-01 11:39:16,VIPS208,0116,David Stewart,10,10,0,2026-10-01 11:57:14,2026-10-01 11:57:14.068
2026-10-01 11:39:16,VIPS208,0117,Meredith Epstein,10,10,0,2026-10-01 11:57:14,2026-10-01 11:57:14.068
2026-10-01 11:39:16,VIPS208,0118,Magaly Toro Ibaceta,10,10,0,2026-10-01 11:57:14,2026-10-01 11:57:14.068
2026-10-01 11:39:16,VIPS208,0120,Marisa Parham,10,10,0,2026-10-01 11:57:14,2026-10-01 11:57:14.068
2026-10-01 11:39:16,VIPS208,0121,Becky Epanchin-Niell,10,10,0,2026-10-01 11:57:14,2026-10-01 11:57:14.068
2026-10-01 11:39:16,VIPS208,0122,Timothy Reedy,10,10,0,2026-10-01 11:57:14,2026-10-01 11:57:14.068
2026-10-01 11:39:16,VIPS208,0123,Lingnan Lin,10,10,0,2026-10-01 11:57:14,2026-10-01 11:57:14.068
2026-10-01 11:39:16,VIPS208,0124,Jeffrey Moro,10,10,0,2026-10-01 11:57:14,2026-10-01 11:57:14.069
2026-10-01 11:39:16,VIPS208,0125,Peter Sunderland,10,10,0,2026-10-01 11:57:14,2026-10-01 11:57:14.069
2026-10-01 11:39:16,VIPS208,0126,Brienna Anderson,10,10,0,2026-10-01 11:57:14,2026-10-01 11:57:14.069
2026-10-01 11:39:16,VIPS308,0102,Ken Kiger,10,10,0,2026-10-01 11:57:14,2026-10-01 11:57:14.364
2026-10-01 11:39:16,VIPS308,0103,Bryan Quinn,13,13,0,2026-10-01 11:57:14,2026-10-01 11:57:14.364
2026-10-01 11:39:16,VIPS308,0104,Ryan Sochol,10,10,0,2026-10-01 11:57:14,2026-10-01 11:57:14.364
2026-10-01 11:39:16,VIPS308,0105,Molly Carton,10,10,0,2026-10-01 11:57:14,2026-10-01 11:57:14.364
2026-10-01 11:39:16,VIPS308,0106,James Baeder,10,10,0,2026-10-01 11:57:14,2026-10-01 11:57:14.364
2026-10-01 11:39:16,VIPS308,0107,Catherine Spirito,10,10,0,2026-10-01 11:57:14,2026-10-01 11:57:14.364
2026-10-01 11:39:16,VIPS308,0108,Ronald Yaros,10,10,0,2026-10-01 11:57:14,2026-10-01 11:57:14.364
2026-10-01 11:39:16,VIPS308,0109,Carinna Ferguson,10,10,0,2026-10-01 11:57:14,2026-10-01 11:57:14.365
2026-10-01 11:39:16,VIPS308,0110,Tracy Riggins,10,10,0,2026-10-01 11:57:14,2026-10-01 11:57:14.365
2026-10-01 11:39:16,VIPS308,0111,Kevin Calabro,10,10,0,2026-10-01 11:57:14,2026-10-01 11:57:14.365
2026-10-01 11:39:16,VIPS308,0112,Raffaele Viglianti,10,10,0,2026-10-01 11:57:14,2026-10-01 11:57:14.365
2026-10-01 11:39:16,VIPS308,0113,Shabnam Jabeen,10,10,0,2026-10-01 11:57:14,2026-10-01 11:57:14.365
2026-10-01 11:39:16,VIPS308,0114,Ning Zeng,10,10,0,2026-10-01 11:57:14,2026-10-01 11:57:14.365
2026-10-01 11:39:16,VIPS308,0115,Veronica Kang,10,10,0,2026-10-01 11:57:14,2026-10-01 11:57:14.365
2026-10-01 11:39:16,VIPS308,0116,David Stewart,10,10,0,2026-10-01 11:57:14,2026-10-01 11:57:14.365
2026-10-01 11:39:16,VIPS308,0117,Meredith Epstein,10,10,0,2026-10-01 11:57:14,2026-10-01 11:57:14.365
2026-10-01 11:39:16,VIPS308,0118,Magaly Toro Ibaceta,10,10,0,2026-10-01 11:57:14,2026-10-01 11:57:14.366
2026-10-01 11:39:16,VIPS308,0120,Marisa Parham,10,10,0,2026-10-01 11:57:14,2026-10-01 11:57:14.366
2026-10-01 11:39:16,VIPS308,0121,Becky Epanchin-Niell,10,10,0,2026-10-01 11:57:14,2026-10-01 11:57:14.366
2026-10-01 11:39:16,VIPS308,0122,Timothy Reedy,10,10,0,2026-10-01 11:57:14,2026-10-01 11:57:14.366
2026-10-01 11:39:16,VIPS308,0123,Lingnan Lin,10,10,0,2026-10-01 11:57:14,2026-10-01 11:57:14.366
2026-10-01 11:39:16,VIPS308,0124,Jeffrey Moro,10,10,0,2026-10-01 11:57:14,2026-10-01 11:57:14.366
2026-10-01 11:39:16,VIPS308,0125,Peter Sunderland,10,10,0,2026-10-01 11:57:14,2026-10-01 11:57:14.366
2026-10-01 11:39:16,VIPS308,0126,Brienna Anderson,10,10,0,2026-10-01 11:57:14,2026-10-01 11:57:14.366
2026-10-01 11:39:16,VIPS408,0102,Ken Kiger,10,10,0,2026-10-01 11:57:14,2026-10-01 11:57:14.676
2026-10-01 11:39:16,VIPS408,0103,Bryan Quinn,10,10,0,2026-10-01 11:57:14,2026-10-01 11:57:14.676
2026-10-01 11:39:16,VIPS408,0104,Ryan Sochol,10,10,0,2026-10-01 11:57:14,2026-10-01 11:57:14.676
2026-10-01 11:39:16,VIPS408,0105,Molly Carton,10,10,0,2026-10-01 11:57:14,2026-10-01 11:57:14.676
2026-10-01 11:39:16,VIPS408,0106,James Baeder,10,10,0,2026-10-01 11:57:14,2026-10-01 11:57:14.676
2026-10-01 11:39:16,VIPS408,0107,Catherine Spirito,10,10,0,2026-10-01 11:57:14,2026-10-01 11:57:14.676
2026-10-01 11:39:16,VIPS408,0108,Ronald Yaros,10,10,0,2026-10-01 11:57:14,2026-10-01 11:57:14.676
2026-10-01 11:39:16,VIPS408,0109,Carinna Ferguson,10,10,0,2026-10-01 11:57:14,2026-10-01 11:57:14.676
2026-10-01 11:39:16,VIPS408,0110,Tracy Riggins,10,10,0,2026-10-01 11:57:14,2026-10-01 11:57:14.676
2026-10-01 11:39:16,VIPS408,0111,Kevin Calabro,10,10,0,2026-10-01 11:57:14,2026-10-01 11:57:14.676
2026-10-01 11:39:16,VIPS408,0112,Raffaele Viglianti,10,10,0,2026-10-01 11:57:14,2026-10-01 11:57:14.677
2026-10-01 11:39:16,VIPS408,0113,Shabnam Jabeen,10,10,0,2026-10-01 11:57:14,2026-10-01 11:57:14.677
2026-10-01 11:39:16,VIPS408,0114,Ning Zeng,10,10,0,2026-10-01 11:57:14,2026-10-01 11:57:14.677
2026-10-01 11:39:16,VIPS408,0115,Veronica Kang,10,10,0,2026-10-01 11:57:14,2026-10-01 11:57:14.677
2026-10-01 11:39:16,VIPS408,0116,David Stewart,10,10,0,2026-10-01 11:57:14,2026-10-01 11:57:14.677
2026-10-01 11:39:16,VIPS408,0117,Meredith Epstein,10,10,0,2026-10-01 11:57:14,2026-10-01 11:57:14.677
2026-10-01 11:39:16,VIPS408,0118,Magaly Toro Ibaceta,10,10,0,2026-10-01 11:57:14,2026-10-01 11:57:14.677
2026-10-01 11:39:16,VIPS408,0120,Marisa Parham,10,10,0,2026-10-01 11:57:14,2026-10-01 11:57:14.677
2026-10-01 11:39:16,VIPS408,0121,Becky Epanchin-Niell,10,10,0,2026-10-01 11:57:14,2026-10-01 11:57:14.677
2026-10-01 11:39:16,VIPS408,0122,Timothy Reedy,10,10,0,2026-10-01 11:57:14,2026-10-01 11:57:14.677
2026-10-01 11:39:16,VIPS408,0123,Lingnan Lin,10,10,0,2026-10-01 11:57:14,2026-10-01 11:57:14.678
2026-10-01 11:39:16,VIPS408,0124,Jeffrey Moro,10,10,0,2026-10-01 11:57:14,2026-10-01 11:57:14.678
2026-10-01 11:39:16,VIPS408,0125,Peter Sunderland,10,10,0,2026-10-01 11:57:14,2026-10-01 11:57:14.678
2026-10-01 11:39:16,VIPS408,0126,Brienna Anderson,10,10,0,2026-10-01 11:57:14,2026-10-01 11:57:14.678
2026-10-01 11:39:16,WEID139N,0101,Denise Joseph,60,60,0,2026-10-01 11:57:17,2026-10-01 11:57:17.674
2026-10-01 11:39:16,WEID139T,0201,Taylor Togafau-Lewis,45,45,0,2026-10-01 11:57:17,2026-10-01 11:57:17.934
2026-10-01 11:39:16,WGSS105,0101,Jessica Mathiason,30,30,0,2026-10-01 11:57:19,2026-10-01 11:57:19.524
2026-10-01 11:39:16,WGSS105,0102,Jessica Mathiason,30,30,0,2026-10-01 11:57:19,2026-10-01 11:57:19.524
2026-10-01 11:39:16,WGSS105,0103,Jessica Mathiason,30,30,0,2026-10-01 11:57:19,2026-10-01 11:57:19.524
2026-10-01 11:39:16,WGSS105,0104,Jessica Mathiason,30,30,0,2026-10-01 11:57:19,2026-10-01 11:57:19.524
2026-10-01 11:39:16,WGSS115,0101,Alexis Lothian,25,25,0,2026-10-01 11:57:19,2026-10-01 11:57:19.800
2026-10-01 11:39:16,WGSS115,0102,Alexis Lothian,25,25,0,2026-10-01 11:57:19,2026-10-01 11:57:19.801
2026-10-01 11:39:16,WGSS201,0101,Sayan Bhattacharya,25,25,0,2026-10-01 11:57:20,2026-10-01 11:57:20.065
2026-10-01 11:39:16,WGSS201,0102,Sayan Bhattacharya,25,25,0,2026-10-01 11:57:20,2026-10-01 11:57:20.065
2026-10-01 11:39:16,WGSS205,0101,Shelbi Meissner,21,21,0,2026-10-01 11:57:20,2026-10-01 11:57:20.318
2026-10-01 11:39:16,WGSS205,0201,Shelbi Meissner,21,21,0,2026-10-01 11:57:20,2026-10-01 11:57:20.318
2026-10-01 11:39:16,WGSS230,0101,Daniel Richter,20,20,0,2026-10-01 11:57:20,2026-10-01 11:57:20.576
2026-10-01 11:39:16,WGSS250,0101,Lidia Garcia Berrelleza,25,25,0,2026-10-01 11:57:20,2026-10-01 11:57:20.847
2026-10-01 11:39:16,WGSS250,0201,Shameem Razack,25,25,0,2026-10-01 11:57:20,2026-10-01 11:57:20.847
2026-10-01 11:39:16,WGSS255,0101,Instructor: TBA,30,30,0,2026-10-01 11:57:21,2026-10-01 11:57:21.110
2026-10-01 11:39:16,WGSS265,0101,Ashley Newby,40,40,0,2026-10-01 11:57:21,2026-10-01 11:57:21.371
2026-10-01 11:39:16,WGSS275,0101,Instructor: TBA,30,30,0,2026-10-01 11:57:21,2026-10-01 11:57:21.632
2026-10-01 11:39:16,WGSS280,0101,Jessica Mathiason,52,52,0,2026-10-01 11:57:21,2026-10-01 11:57:21.885
2026-10-01 11:39:16,WGSS290,0101,Jessica Mathiason,30,30,0,2026-10-01 11:57:22,2026-10-01 11:57:22.143
2026-10-01 11:39:16,WGSS290,0201,Sydney Lewis,31,31,0,2026-10-01 11:57:22,2026-10-01 11:57:22.143
2026-10-01 11:39:16,WGSS298C,0101,Will Mosley,35,35,0,2026-10-01 11:57:22,2026-10-01 11:57:22.392
2026-10-01 11:39:16,WGSS298S,0101,Jordan Keesler,25,25,0,2026-10-01 11:57:22,2026-10-01 11:57:22.708
2026-10-01 11:39:16,WGSS302,0101,Will Mosley,25,25,0,2026-10-01 11:57:23,2026-10-01 11:57:23.008
2026-10-01 11:39:16,WGSS306,0101,Sydney Lewis,30,30,0,2026-10-01 11:57:23,2026-10-01 11:57:23.255
2026-10-01 11:39:16,WGSS310,0101,Sayan Bhattacharya,25,25,0,2026-10-01 11:57:23,2026-10-01 11:57:23.540
2026-10-01 11:39:16,WGSS319F,0101,Alexis Lothian,30,30,0,2026-10-01 11:57:23,2026-10-01 11:57:23.802
2026-10-01 11:39:16,WGSS379U,0101,John Drabinski,25,25,0,2026-10-01 11:57:24,2026-10-01 11:57:24.042
2026-10-01 11:39:16,WGSS422,0101,Jennifer Cho,18,18,0,2026-10-01 11:57:24,2026-10-01 11:57:24.291
2026-10-01 11:39:16,WGSS471,0101,Instructor: TBA,25,25,0,2026-10-01 11:57:24,2026-10-01 11:57:24.555
2026-10-01 11:39:16,WGSS471,0201,Instructor: TBA,45,45,0,2026-10-01 11:57:24,2026-10-01 11:57:24.555
2026-10-01 11:39:16,WGSS475,0101,Sydney Lewis,20,20,0,2026-10-01 11:57:24,2026-10-01 11:57:24.802
2026-10-01 11:39:16,WGSS487,0101,Eva Hageman,15,15,0,2026-10-01 11:57:25,2026-10-01 11:57:25.056
2026-10-01 11:39:16,WGSS487H,0101,Eva Hageman,5,5,0,2026-10-01 11:57:25,2026-10-01 11:57:25.306
2026-10-01 11:39:16,WGSS602,0101,Shelbi Meissner,12,12,0,2026-10-01 11:57:27,2026-10-01 11:57:27.377
2026-10-01 11:39:16,WGSS708,0101,Alexis Lothian,10,10,0,2026-10-01 11:57:28,2026-10-01 11:57:28.133
2026-10-01 11:39:16,XPER455,0101,TJ Rainsford,25,25,0,2026-10-01 11:57:30,2026-10-01 11:57:30.338
2026-10-01 16:29:41,AAAS100,0101,Shane Walsh,35,35,0,2026-10-01 16:29:43,2026-10-01 16:29:43.164
2026-10-01 16:29:41,AAAS100,0201,Shane Walsh,35,35,0,2026-10-01 16:29:43,2026-10-01 16:29:43.164
2026-10-01 16:29:41,AAAS100,0301,George Kintiba,30,30,0,2026-10-01 16:29:43,2026-10-01 16:29:43.164
2026-10-01 16:29:41,AAAS100,0401,Beka Guluma,35,35,0,2026-10-01 16:29:43,2026-10-01 16:29:43.165
2026-10-01 16:29:41,AAAS100,0501,Jason Nichols,33,33,0,2026-10-01 16:29:43,2026-10-01 16:29:43.165
2026-10-01 16:29:41,AAAS100,0601,Jason Nichols,35,35,0,2026-10-01 16:29:43,2026-10-01 16:29:43.165
2026-10-01 16:29:41,AAAS100H,0301,George Kintiba,5,5,0,2026-10-01 16:29:43,2026-10-01 16:29:43.478
2026-10-01 16:29:41,AAAS101,0101,Periloux Peay,40,40,0,2026-10-01 16:29:43,2026-10-01 16:29:43.909
2026-10-01 16:29:41,AAAS187,0101,Robert Choflet,30,30,0,2026-10-01 16:29:44,2026-10-01 16:29:44.126
2026-10-01 16:29:41,AAAS200,0101,George Kintiba,40,40,0,2026-10-01 16:29:44,2026-10-01 16:29:44.691
2026-10-01 16:29:41,AAAS202,0101,Robert Choflet,30,30,0,2026-10-01 16:29:44,2026-10-01 16:29:44.975
2026-10-01 16:29:41,AAAS202,0201,Angelica Dunbar,35,35,0,2026-10-01 16:29:44,2026-10-01 16:29:44.975
2026-10-01 16:29:41,AAAS202,0301,Angelica Dunbar,35,35,0,2026-10-01 16:29:44,2026-10-01 16:29:44.975
2026-10-01 16:29:41,AAAS202,0401,Robert Choflet,35,35,0,2026-10-01 16:29:44,2026-10-01 16:29:44.975
2026-10-01 16:29:41,AAAS202H,0101,Robert Choflet,5,5,0,2026-10-01 16:29:45,2026-10-01 16:29:45.218
2026-10-01 16:29:41,AAAS211,0101,Shane Walsh,120,120,0,2026-10-01 16:29:45,2026-10-01 16:29:45.676
2026-10-01 16:29:41,AAAS234,0101,Instructor: TBA,30,30,0,2026-10-01 16:29:45,2026-10-01 16:29:45.902
2026-10-01 16:29:41,AAAS255,0101,Leigh Soares,40,40,0,2026-10-01 16:29:46,2026-10-01 16:29:46.120
2026-10-01 16:29:41,AAAS265,0101,Ashley Newby,40,40,0,2026-10-01 16:29:46,2026-10-01 16:29:46.339
2026-10-01 16:29:41,AAAS320,0101,Cecily Jackson,25,25,0,2026-10-01 16:29:46,2026-10-01 16:29:46.615
2026-10-01 16:29:41,AAAS320,0201,Cecily Jackson,25,25,0,2026-10-01 16:29:46,2026-10-01 16:29:46.615
2026-10-01 16:29:41,AAAS386,0101,Marshal Washington,10,10,0,2026-10-01 16:29:47,2026-10-01 16:29:47.163
2026-10-01 16:29:41,AAAS398G,0101,Chinyere Osuji,20,20,0,2026-10-01 16:29:47,2026-10-01 16:29:47.376
2026-10-01 16:29:41,AAAS398U,0101,John Drabinski,25,25,0,2026-10-01 16:29:47,2026-10-01 16:29:47.590
2026-10-01 16:29:41,AAAS400,0101,George Kintiba,20,20,0,2026-10-01 16:29:47,2026-10-01 16:29:47.907
2026-10-01 16:29:41,AAAS400H,0101,George Kintiba,5,5,0,2026-10-01 16:29:48,2026-10-01 16:29:48.120
2026-10-01 16:29:41,AAAS490,0101,Paul Landau,18,18,0,2026-10-01 16:29:48,2026-10-01 16:29:48.338
2026-10-01 16:29:41,AAAS498X,0101,Terrill Taylor,36,36,0,2026-10-01 16:29:48,2026-10-01 16:29:48.555
2026-10-01 16:29:41,AAST200,0101,Jennifer Cho,34,34,0,2026-10-01 16:29:49,2026-10-01 16:29:50.000
2026-10-01 16:29:41,AAST201,0101,Madeline Hsu,40,40,0,2026-10-01 16:29:50,2026-10-01 16:29:50.218
2026-10-01 16:29:41,AAST250,0101,Jennifer Cho,30,30,0,2026-10-01 16:29:50,2026-10-01 16:29:50.439
2026-10-01 16:29:41,AAST262,0101,Derek Iwamoto,54,54,0,2026-10-01 16:29:50,2026-10-01 16:29:50.657
2026-10-01 16:29:41,AAST322,0101,Julie Park,30,30,0,2026-10-01 16:29:50,2026-10-01 16:29:50.890
2026-10-01 16:29:41,AAST350,0101,Binod Paudyal,25,25,0,2026-10-01 16:29:51,2026-10-01 16:29:51.101
2026-10-01 16:29:41,AAST351,0101,Binod Paudyal,34,34,0,2026-10-01 16:29:51,2026-10-01 16:29:51.317
2026-10-01 16:29:41,AAST363,0101,Gemirald Daus,35,35,0,2026-10-01 16:29:51,2026-10-01 16:29:51.540
2026-10-01 16:29:41,AAST378,0101,Janelle Wong,2,2,0,2026-10-01 16:29:51,2026-10-01 16:29:51.754
2026-10-01 16:29:41,AAST394,0101,Wenxi Yang,25,25,0,2026-10-01 16:29:52,2026-10-01 16:29:52.202
2026-10-01 16:29:41,AAST398A,0101,Michelle Magalong,20,20,0,2026-10-01 16:29:52,2026-10-01 16:29:52.416
2026-10-01 16:29:41,AAST398B,0101,Chris Eng,25,25,0,2026-10-01 16:29:52,2026-10-01 16:29:52.642
2026-10-01 16:29:41,AAST421,0101,Philip Nash,20,20,0,2026-10-01 16:29:52,2026-10-01 16:29:52.852
2026-10-01 16:29:41,AAST422,0101,Jennifer Cho,18,18,0,2026-10-01 16:29:53,2026-10-01 16:29:53.074
2026-10-01 16:29:41,AAST443,0101,Janelle Wong,27,27,0,2026-10-01 16:29:53,2026-10-01 16:29:53.288
2026-10-01 16:29:41,ABRM450,0101,Ashley Newby,10,10,0,2026-10-01 16:29:54,2026-10-01 16:29:54.660
2026-10-01 16:29:41,AGNR301,0101,Thomas Hilde,150,150,0,2026-10-01 16:29:56,2026-10-01 16:29:56.024
2026-10-01 16:29:41,AGNR388,0101,Instructor: TBA,20,20,0,2026-10-01 16:29:56,2026-10-01 16:29:56.236
2026-10-01 16:29:41,AIME498B,0101,Kevin McGarry,30,30,0,2026-10-01 16:30:02,2026-10-01 16:30:02.252
2026-10-01 16:29:41,ARAB101,0101,Samah Al-salami,15,15,0,2026-10-01 16:30:36,2026-10-01 16:30:36.197
2026-10-01 16:29:41,ARAB101,0201,Ahmed Hanafy,15,15,0,2026-10-01 16:30:36,2026-10-01 16:30:36.198
2026-10-01 16:29:41,ARAB102,0101,Samah Al-salami,15,15,0,2026-10-01 16:30:36,2026-10-01 16:30:36.414
2026-10-01 16:29:41,ARAB102,0201,Samah Al-salami,15,15,0,2026-10-01 16:30:36,2026-10-01 16:30:36.414
2026-10-01 16:29:41,ARAB201,0101,Lutf Alkebsi,15,15,0,2026-10-01 16:30:37,2026-10-01 16:30:37.054
2026-10-01 16:29:41,ARAB202,0101,Lutf Alkebsi,15,15,0,2026-10-01 16:30:37,2026-10-01 16:30:37.270
2026-10-01 16:29:41,ARAB202,0201,Lutf Alkebsi,15,15,0,2026-10-01 16:30:37,2026-10-01 16:30:37.270
2026-10-01 16:29:41,ARAB222,0101,Ahmed Hanafy,15,15,0,2026-10-01 16:30:37,2026-10-01 16:30:37.609
2026-10-01 16:29:41,ARAB250,0101,Anny Gaul,20,20,0,2026-10-01 16:30:37,2026-10-01 16:30:37.959
2026-10-01 16:29:41,ARAB302,0101,Ahmed Hanafy,15,15,0,2026-10-01 16:30:38,2026-10-01 16:30:38.246
2026-10-01 16:29:41,ARAB317,0101,Anny Gaul,15,15,0,2026-10-01 16:30:38,2026-10-01 16:30:38.462
2026-10-01 16:29:41,ARAB398W,0101,Lutf Alkebsi,15,15,0,2026-10-01 16:30:39,2026-10-01 16:30:39.023
2026-10-01 16:29:41,ARAB499X,0101,Samah Al-salami,15,15,0,2026-10-01 16:30:39,2026-10-01 16:30:39.445
2026-10-01 16:29:41,ARCH170,0101,Lindsey May,100,100,0,2026-10-01 16:30:41,2026-10-01 16:30:41.025
2026-10-01 16:29:41,ARCH200,0101,Michael Abrams,21,21,0,2026-10-01 16:30:41,2026-10-01 16:30:41.482
2026-10-01 16:29:41,ARCH200,0102,Michael Abrams,21,21,0,2026-10-01 16:30:41,2026-10-01 16:30:41.482
2026-10-01 16:29:41,ARCH200,0103,Michael Abrams,21,21,0,2026-10-01 16:30:41,2026-10-01 16:30:41.482
2026-10-01 16:29:41,ARCH200,0104,Michael Abrams,21,21,0,2026-10-01 16:30:41,2026-10-01 16:30:41.482
2026-10-01 16:29:41,ARCH200,0105,Michael Abrams,21,21,0,2026-10-01 16:30:41,2026-10-01 16:30:41.482
2026-10-01 16:29:41,ARCH200,0106,Michael Abrams,21,21,0,2026-10-01 16:30:41,2026-10-01 16:30:41.483
2026-10-01 16:29:41,ARCH225,0101,Joseph Williams,125,125,0,2026-10-01 16:30:41,2026-10-01 16:30:41.797
2026-10-01 16:29:41,ARCH271,0101,Wayne Ricardo Curtis,75,75,0,2026-10-01 16:30:42,2026-10-01 16:30:42.025
2026-10-01 16:29:41,ARCH271,0102,Wayne Ricardo Curtis,75,75,0,2026-10-01 16:30:42,2026-10-01 16:30:42.025
2026-10-01 16:29:41,ARCH386,0101,Kristen Stack,10,10,0,2026-10-01 16:30:42,2026-10-01 16:30:42.284
2026-10-01 16:29:41,ARCH400,0101,Kenneth Filler,75,75,0,2026-10-01 16:30:42,2026-10-01 16:30:42.603
2026-10-01 16:29:41,ARCH400,0201,Marcus Cross,60,60,0,2026-10-01 16:30:42,2026-10-01 16:30:42.603
2026-10-01 16:29:41,ARCH402,0101,Taejun James Kim,75,75,0,2026-10-01 16:30:42,2026-10-01 16:30:42.885
2026-10-01 16:29:41,ARCH405,0101,Brittany L Williams,14,14,0,2026-10-01 16:30:43,2026-10-01 16:30:43.104
2026-10-01 16:29:41,ARCH407,0101,Georgeanne Matthews,12,12,0,2026-10-01 16:30:43,2026-10-01 16:30:43.330
2026-10-01 16:29:41,ARCH408A,0101,Daniel Curry,5,5,0,2026-10-01 16:30:43,2026-10-01 16:30:43.607
2026-10-01 16:29:41,ARCH408C,0101,Edgar Alvarado,5,5,0,2026-10-01 16:30:43,2026-10-01 16:30:43.820
2026-10-01 16:29:41,ARCH418D,0101,Hooman Koliji,30,30,0,2026-10-01 16:30:44,2026-10-01 16:30:44.034
2026-10-01 16:29:41,ARCH418G,0101,Deokoh Woo,16,16,0,2026-10-01 16:30:44,2026-10-01 16:30:44.248
2026-10-01 16:29:41,ARCH418I,0101,Michael Kleiss,16,16,0,2026-10-01 16:30:44,2026-10-01 16:30:44.472
2026-10-01 16:29:41,ARCH420,0101,Caroline Hickman,30,30,0,2026-10-01 16:30:44,2026-10-01 16:30:44.682
2026-10-01 16:29:41,ARCH423,0101,Joseph Williams,30,30,0,2026-10-01 16:30:44,2026-10-01 16:30:44.912
2026-10-01 16:29:41,ARCH425,0101,Joseph Williams,10,10,0,2026-10-01 16:30:45,2026-10-01 16:30:45.153
2026-10-01 16:29:41,ARCH428F,0101,Matthew Bell,20,20,0,2026-10-01 16:30:45,2026-10-01 16:30:45.369
2026-10-01 16:29:41,ARCH428K,0101,Michele Lamprakos,26,26,0,2026-10-01 16:30:45,2026-10-01 16:30:45.580
2026-10-01 16:29:41,ARCH445,0101,Daniel Curry,15,15,0,2026-10-01 16:30:45,2026-10-01 16:30:45.798
2026-10-01 16:29:41,ARCH463,0101,Deokoh Woo,150,150,0,2026-10-01 16:30:46,2026-10-01 16:30:46.008
2026-10-01 16:29:41,ARCH465,0101,Michael Kleiss,80,80,0,2026-10-01 16:30:46,2026-10-01 16:30:46.234
2026-10-01 16:29:41,ARCH468I,0101,Hooman Koliji,26,26,0,2026-10-01 16:30:46,2026-10-01 16:30:46.611
2026-10-01 16:29:41,ARCH468P,0101,Hooman Koliji,26,26,0,2026-10-01 16:30:46,2026-10-01 16:30:46.837
2026-10-01 16:29:41,ARCH472,0101,Kiley Wilfong Cullen,24,24,0,2026-10-01 16:30:47,2026-10-01 16:30:47.050
2026-10-01 16:29:41,ARCH478L,0101,Michele Lamprakos,10,10,0,2026-10-01 16:30:47,2026-10-01 16:30:47.256
2026-10-01 16:29:41,ARCH478O,0101,Stefan Woehlke,20,20,0,2026-10-01 16:30:47,2026-10-01 16:30:47.491
2026-10-01 16:29:41,ARCH601,0101,Peter Noonan,20,20,0,2026-10-01 16:30:47,2026-10-01 16:30:47.718
2026-10-01 16:29:41,ARCH618G,0101,Deokoh Woo,4,4,0,2026-10-01 16:30:47,2026-10-01 16:30:47.953
2026-10-01 16:29:41,ARCH618I,0101,Michael Kleiss,4,4,0,2026-10-01 16:30:48,2026-10-01 16:30:48.180
2026-10-01 16:29:41,ARCH628K,0101,Michele Lamprakos,4,4,0,2026-10-01 16:30:48,2026-10-01 16:30:48.401
2026-10-01 16:29:41,ARCH635,0101,Matthew Bell,15,15,0,2026-10-01 16:30:48,2026-10-01 16:30:48.654
2026-10-01 16:29:41,ARCH645,0101,Daniel Curry,10,10,0,2026-10-01 16:30:48,2026-10-01 16:30:48.877
2026-10-01 16:29:41,ARCH654,0101,Anatole Tchikine,35,35,0,2026-10-01 16:30:49,2026-10-01 16:30:49.093
2026-10-01 16:29:41,ARCH658I,0101,Sonja Ewing,15,15,0,2026-10-01 16:30:49,2026-10-01 16:30:49.305
2026-10-01 16:29:41,ARCH668I,0101,Hooman Koliji,4,4,0,2026-10-01 16:30:49,2026-10-01 16:30:49.517
2026-10-01 16:29:41,ARCH668P,0101,Hooman Koliji,4,4,0,2026-10-01 16:30:49,2026-10-01 16:30:49.727
2026-10-01 16:29:41,ARCH678L,0101,Michele Lamprakos,10,10,0,2026-10-01 16:30:50,2026-10-01 16:30:50.076
2026-10-01 16:29:41,ARCH678O,0101,Stefan Woehlke,5,5,0,2026-10-01 16:30:50,2026-10-01 16:30:50.301
2026-10-01 16:29:41,ARCH797,0101,Hooman Koliji,15,15,0,2026-10-01 16:30:50,2026-10-01 16:30:50.580
2026-10-01 16:29:41,ARMY105,0101,Andrew Bischoff,60,60,0,2026-10-01 16:31:04,2026-10-01 16:31:04.084
2026-10-01 16:29:41,ARMY105,0102,Andrew Bischoff,60,60,0,2026-10-01 16:31:04,2026-10-01 16:31:04.084
2026-10-01 16:29:41,ARMY110,0101,Andrew Bischoff,40,40,0,2026-10-01 16:31:04,2026-10-01 16:31:04.354
2026-10-01 16:29:41,ARMY202,0102,Andrew Bischoff,60,60,0,2026-10-01 16:31:04,2026-10-01 16:31:04.581
2026-10-01 16:29:41,ARMY302,0101,Andrew Bischoff,40,40,0,2026-10-01 16:31:04,2026-10-01 16:31:04.827
2026-10-01 16:29:41,ARMY402,0101,Andrew Bischoff,30,30,0,2026-10-01 16:31:05,2026-10-01 16:31:05.044
2026-10-01 16:29:41,ARMY402,0102,Andrew Bischoff,100,100,0,2026-10-01 16:31:05,2026-10-01 16:31:05.045
2026-10-01 16:29:41,ARSC059,0101,Kathryn Love,250,250,0,2026-10-01 16:31:06,2026-10-01 16:31:06.440
2026-10-01 16:29:41,ARSC101,0101,Alan Snyder,50,50,0,2026-10-01 16:31:06,2026-10-01 16:31:06.656
2026-10-01 16:29:41,ARSC101,0102,Alan Snyder,65,65,0,2026-10-01 16:31:06,2026-10-01 16:31:06.656
2026-10-01 16:29:41,ARSC101,0103,Alan Snyder,40,40,0,2026-10-01 16:31:06,2026-10-01 16:31:06.656
2026-10-01 16:29:41,ARSC101,0104,Alan Snyder,10,10,0,2026-10-01 16:31:06,2026-10-01 16:31:06.656
2026-10-01 16:29:41,ARSC201,0101,Nathan Rabe,65,65,0,2026-10-01 16:31:06,2026-10-01 16:31:06.888
2026-10-01 16:29:41,ARSC201,0102,Kathleen West,40,40,0,2026-10-01 16:31:06,2026-10-01 16:31:06.888
2026-10-01 16:29:41,ARSC201,0103,Kathleen West,40,40,0,2026-10-01 16:31:06,2026-10-01 16:31:06.888
2026-10-01 16:29:41,ARSC301,0101,Kathryn Love,45,45,0,2026-10-01 16:31:07,2026-10-01 16:31:07.103
2026-10-01 16:29:41,ARSC301,0102,Kathryn Love,20,20,0,2026-10-01 16:31:07,2026-10-01 16:31:07.103
2026-10-01 16:29:41,ARSC401,0101,Joseph Herwatic,30,30,0,2026-10-01 16:31:07,2026-10-01 16:31:07.321
2026-10-01 16:29:41,ARSC401,0102,Joseph Herwatic,15,15,0,2026-10-01 16:31:07,2026-10-01 16:31:07.321
2026-10-01 16:29:41,BIOM301,0101,Christine Hakenkamp,28,28,0,2026-10-01 16:31:50,2026-10-01 16:31:50.054
2026-10-01 16:29:41,BIOM301,0102,Christine Hakenkamp,28,28,0,2026-10-01 16:31:50,2026-10-01 16:31:50.054
2026-10-01 16:29:41,BIOM301,0103,Christine Hakenkamp,28,28,0,2026-10-01 16:31:50,2026-10-01 16:31:50.055
2026-10-01 16:29:41,BIOM301,0104,Christine Hakenkamp,28,28,0,2026-10-01 16:31:50,2026-10-01 16:31:50.055
2026-10-01 16:29:41,BIOM301,0105,Christine Hakenkamp,28,28,0,2026-10-01 16:31:50,2026-10-01 16:31:50.055
2026-10-01 16:29:41,BIOM301,0106,Christine Hakenkamp,28,28,0,2026-10-01 16:31:50,2026-10-01 16:31:50.055
2026-10-01 16:29:41,BIOM301,0107,Christine Hakenkamp,28,28,0,2026-10-01 16:31:50,2026-10-01 16:31:50.055
2026-10-01 16:29:41,BIOM301,0201,Instructor: TBA,28,28,0,2026-10-01 16:31:50,2026-10-01 16:31:50.055
2026-10-01 16:29:41,BIOM602,0101,Jiuzhou Song,28,28,0,2026-10-01 16:31:50,2026-10-01 16:31:50.263
2026-10-01 16:29:41,BMIN210,0101,Darlene Dennison,162,162,0,2026-10-01 16:32:15,2026-10-01 16:32:15.809
2026-10-01 16:29:41,BMIN210,0201,Darlene Dennison,162,162,0,2026-10-01 16:32:15,2026-10-01 16:32:15.810
2026-10-01 16:29:41,BMIN305,0101,Tejwansh Anand,162,162,0,2026-10-01 16:32:16,2026-10-01 16:32:16.049
2026-10-01 16:29:41,BMIN345,0101,Michael Padhi,325,325,0,2026-10-01 16:32:16,2026-10-01 16:32:16.262
2026-10-01 16:29:41,BMIN355,0101,Idil Yaveroglu,162,162,0,2026-10-01 16:32:16,2026-10-01 16:32:16.481
2026-10-01 16:29:41,BMIN355,0201,Idil Yaveroglu,162,162,0,2026-10-01 16:32:16,2026-10-01 16:32:16.481
2026-10-01 16:29:41,BMIN375,0101,Leland Gardner,162,162,0,2026-10-01 16:32:16,2026-10-01 16:32:16.695
2026-10-01 16:29:41,BMIN395,0101,Nima Farshchi,162,162,0,2026-10-01 16:32:16,2026-10-01 16:32:16.913
2026-10-01 16:29:41,BMIN395,0201,Nima Farshchi,162,162,0,2026-10-01 16:32:16,2026-10-01 16:32:16.913
2026-10-01 16:29:41,BSCI103,1100,Tais Ribeiro,24,24,0,2026-10-01 16:32:20,2026-10-01 16:32:20.333
2026-10-01 16:29:41,BSCI103,1101,Tais Ribeiro,24,24,0,2026-10-01 16:32:20,2026-10-01 16:32:20.333
2026-10-01 16:29:41,BSCI103,1103,Tais Ribeiro,24,24,0,2026-10-01 16:32:20,2026-10-01 16:32:20.333
2026-10-01 16:29:41,BSCI103,1105,Tais Ribeiro,24,24,0,2026-10-01 16:32:20,2026-10-01 16:32:20.334
2026-10-01 16:29:41,BSCI103,1107,Tais Ribeiro,24,24,0,2026-10-01 16:32:20,2026-10-01 16:32:20.334
2026-10-01 16:29:41,BSCI103,1108,Tais Ribeiro,24,24,0,2026-10-01 16:32:20,2026-10-01 16:32:20.334
2026-10-01 16:29:41,BSCI103,1109,Tais Ribeiro,24,24,0,2026-10-01 16:32:20,2026-10-01 16:32:20.334
2026-10-01 16:29:41,BSCI103,1110,Tais Ribeiro,24,24,0,2026-10-01 16:32:20,2026-10-01 16:32:20.334
2026-10-01 16:29:41,BSCI103M,0101,Tais Ribeiro,24,24,0,2026-10-01 16:32:20,2026-10-01 16:32:20.555
2026-10-01 16:29:41,BSCI120,0101,Dennis vanEngelsdorp,21,21,0,2026-10-01 16:32:20,2026-10-01 16:32:20.779
2026-10-01 16:29:41,BSCI120,0102,Dennis vanEngelsdorp,21,21,0,2026-10-01 16:32:20,2026-10-01 16:32:20.779
2026-10-01 16:29:41,BSCI135,1101,Edgar Moctezuma,24,24,0,2026-10-01 16:32:20,2026-10-01 16:32:21.008
2026-10-01 16:29:41,BSCI135,1102,Edgar Moctezuma,24,24,0,2026-10-01 16:32:20,2026-10-01 16:32:21.008
2026-10-01 16:29:41,BSCI135,1103,Edgar Moctezuma,24,24,0,2026-10-01 16:32:20,2026-10-01 16:32:21.008
2026-10-01 16:29:41,BSCI135,1104,Edgar Moctezuma,24,24,0,2026-10-01 16:32:20,2026-10-01 16:32:21.008
2026-10-01 16:29:41,BSCI135,1105,Edgar Moctezuma,24,24,0,2026-10-01 16:32:20,2026-10-01 16:32:21.008
2026-10-01 16:29:41,BSCI160,6101,Leo Shapiro,104,104,0,2026-10-01 16:32:21,2026-10-01 16:32:21.244
2026-10-01 16:29:41,BSCI160,6301,Chloe Garfinkel,56,56,0,2026-10-01 16:32:21,2026-10-01 16:32:21.244
2026-10-01 16:29:41,BSCI160,6601,Vadim Karatayev,88,88,0,2026-10-01 16:32:21,2026-10-01 16:32:21.244
2026-10-01 16:29:41,BSCI160,SES1,Chloe Garfinkel,15,15,0,2026-10-01 16:32:21,2026-10-01 16:32:21.245
2026-10-01 16:29:41,BSCI170,0101,Cordelia Weiss,153,153,0,2026-10-01 16:32:21,2026-10-01 16:32:21.471
2026-10-01 16:29:41,BSCI170,0201,Nicholas Fletcher,153,153,0,2026-10-01 16:32:21,2026-10-01 16:32:21.472
2026-10-01 16:29:41,BSCI170,0301,Ricardo Araneda,152,152,0,2026-10-01 16:32:21,2026-10-01 16:32:21.472
2026-10-01 16:29:41,BSCI170,0401,Swarna Mohan,153,153,0,2026-10-01 16:32:21,2026-10-01 16:32:21.472
2026-10-01 16:29:41,BSCI170,0501,Ji Young Choi,120,120,0,2026-10-01 16:32:21,2026-10-01 16:32:21.472
2026-10-01 16:29:41,BSCI170,0701,Ji Young Choi,153,153,0,2026-10-01 16:32:21,2026-10-01 16:32:21.472
2026-10-01 16:29:41,BSCI170,SES1,James Sniezek,20,20,0,2026-10-01 16:32:21,2026-10-01 16:32:21.472
2026-10-01 16:29:41,BSCI180,8105,Hans Lemke,19,19,0,2026-10-01 16:32:21,2026-10-01 16:32:21.852
2026-10-01 16:29:41,BSCI180,8106,Hans Lemke,19,19,0,2026-10-01 16:32:21,2026-10-01 16:32:21.852
2026-10-01 16:29:41,BSCI180,8107,Hans Lemke,19,19,0,2026-10-01 16:32:21,2026-10-01 16:32:21.852
2026-10-01 16:29:41,BSCI180,8108,Hans Lemke,19,19,0,2026-10-01 16:32:21,2026-10-01 16:32:21.852
2026-10-01 16:29:41,BSCI180,8109,Hans Lemke,19,19,0,2026-10-01 16:32:21,2026-10-01 16:32:21.853
2026-10-01 16:29:41,BSCI180,8110,Hans Lemke,19,19,0,2026-10-01 16:32:21,2026-10-01 16:32:21.853
2026-10-01 16:29:41,BSCI180,8111,Hans Lemke,19,19,0,2026-10-01 16:32:21,2026-10-01 16:32:21.853
2026-10-01 16:29:41,BSCI180,8112,Hans Lemke,19,19,0,2026-10-01 16:32:21,2026-10-01 16:32:21.853
2026-10-01 16:29:41,BSCI180,8113,Hans Lemke,19,19,0,2026-10-01 16:32:21,2026-10-01 16:32:21.853
2026-10-01 16:29:41,BSCI180,8114,Hans Lemke,19,19,0,2026-10-01 16:32:21,2026-10-01 16:32:21.854
2026-10-01 16:29:41,BSCI180,8201,Hans Lemke,19,19,0,2026-10-01 16:32:21,2026-10-01 16:32:21.854
2026-10-01 16:29:41,BSCI180,8202,Hans Lemke,19,19,0,2026-10-01 16:32:21,2026-10-01 16:32:21.854
2026-10-01 16:29:41,BSCI180,8205,Hans Lemke,19,19,0,2026-10-01 16:32:21,2026-10-01 16:32:21.854
2026-10-01 16:29:41,BSCI180,8206,Hans Lemke,19,19,0,2026-10-01 16:32:21,2026-10-01 16:32:21.854
2026-10-01 16:29:41,BSCI180,8207,Hans Lemke,19,19,0,2026-10-01 16:32:21,2026-10-01 16:32:21.855
2026-10-01 16:29:41,BSCI180,8208,Hans Lemke,19,19,0,2026-10-01 16:32:21,2026-10-01 16:32:21.855
2026-10-01 16:29:41,BSCI180,8209,Hans Lemke,19,19,0,2026-10-01 16:32:21,2026-10-01 16:32:21.855
2026-10-01 16:29:41,BSCI180,8210,Hans Lemke,19,19,0,2026-10-01 16:32:21,2026-10-01 16:32:21.855
2026-10-01 16:29:41,BSCI180,8211,Hans Lemke,19,19,0,2026-10-01 16:32:21,2026-10-01 16:32:21.855
2026-10-01 16:29:41,BSCI180,8212,Hans Lemke,19,19,0,2026-10-01 16:32:21,2026-10-01 16:32:21.856
2026-10-01 16:29:41,BSCI180,8213,Hans Lemke,19,19,0,2026-10-01 16:32:21,2026-10-01 16:32:21.856
2026-10-01 16:29:41,BSCI180,8214,Hans Lemke,19,19,0,2026-10-01 16:32:21,2026-10-01 16:32:21.856
2026-10-01 16:29:41,BSCI180,8301,Hans Lemke,19,19,0,2026-10-01 16:32:21,2026-10-01 16:32:21.856
2026-10-01 16:29:41,BSCI180,8302,Hans Lemke,19,19,0,2026-10-01 16:32:21,2026-10-01 16:32:21.856
2026-10-01 16:29:41,BSCI180,8305,Hans Lemke,19,19,0,2026-10-01 16:32:21,2026-10-01 16:32:21.856
2026-10-01 16:29:41,BSCI180,8306,Hans Lemke,19,19,0,2026-10-01 16:32:21,2026-10-01 16:32:21.857
2026-10-01 16:29:41,BSCI180,8307,Hans Lemke,19,19,0,2026-10-01 16:32:21,2026-10-01 16:32:21.857
2026-10-01 16:29:41,BSCI180,8308,Hans Lemke,19,19,0,2026-10-01 16:32:21,2026-10-01 16:32:21.857
2026-10-01 16:29:41,BSCI180,8309,Hans Lemke,19,19,0,2026-10-01 16:32:21,2026-10-01 16:32:21.857
2026-10-01 16:29:41,BSCI180,8310,Hans Lemke,19,19,0,2026-10-01 16:32:21,2026-10-01 16:32:21.857
2026-10-01 16:29:41,BSCI180,8311,Hans Lemke,19,19,0,2026-10-01 16:32:21,2026-10-01 16:32:21.858
2026-10-01 16:29:41,BSCI180,8312,Hans Lemke,19,19,0,2026-10-01 16:32:21,2026-10-01 16:32:21.858
2026-10-01 16:29:41,BSCI180,8313,Hans Lemke,19,19,0,2026-10-01 16:32:21,2026-10-01 16:32:21.858
2026-10-01 16:29:41,BSCI180,8314,Hans Lemke,19,19,0,2026-10-01 16:32:21,2026-10-01 16:32:21.858
2026-10-01 16:29:41,BSCI180,8401,Hans Lemke,19,19,0,2026-10-01 16:32:21,2026-10-01 16:32:21.858
2026-10-01 16:29:41,BSCI180,8402,Hans Lemke,19,19,0,2026-10-01 16:32:21,2026-10-01 16:32:21.858
2026-10-01 16:29:41,BSCI180,8405,Hans Lemke,19,19,0,2026-10-01 16:32:21,2026-10-01 16:32:21.859
2026-10-01 16:29:41,BSCI180,8406,Hans Lemke,19,19,0,2026-10-01 16:32:21,2026-10-01 16:32:21.859
2026-10-01 16:29:41,BSCI180,8407,Hans Lemke,19,19,0,2026-10-01 16:32:21,2026-10-01 16:32:21.859
2026-10-01 16:29:41,BSCI180,8408,Hans Lemke,19,19,0,2026-10-01 16:32:21,2026-10-01 16:32:21.859
2026-10-01 16:29:41,BSCI180,8409,Hans Lemke,19,19,0,2026-10-01 16:32:21,2026-10-01 16:32:21.859
2026-10-01 16:29:41,BSCI180,8410,Hans Lemke,19,19,0,2026-10-01 16:32:21,2026-10-01 16:32:21.860
2026-10-01 16:29:41,BSCI180,8411,Hans Lemke,19,19,0,2026-10-01 16:32:21,2026-10-01 16:32:21.860
2026-10-01 16:29:41,BSCI180,8412,Hans Lemke,19,19,0,2026-10-01 16:32:21,2026-10-01 16:32:21.860
2026-10-01 16:29:41,BSCI180,8413,Hans Lemke,19,19,0,2026-10-01 16:32:21,2026-10-01 16:32:21.860
2026-10-01 16:29:41,BSCI180,8414,Hans Lemke,19,19,0,2026-10-01 16:32:21,2026-10-01 16:32:21.860
2026-10-01 16:29:41,BSCI180,SEF2,Hans Lemke,19,19,0,2026-10-01 16:32:21,2026-10-01 16:32:21.861
2026-10-01 16:29:41,BSCI180,SES1,Hans Lemke,19,19,0,2026-10-01 16:32:21,2026-10-01 16:32:21.861
2026-10-01 16:29:41,BSCI201,0101,Caitlin Fox,24,24,0,2026-10-01 16:32:22,2026-10-01 16:32:22.127
2026-10-01 16:29:41,BSCI201,0103,Caitlin Fox,24,24,0,2026-10-01 16:32:22,2026-10-01 16:32:22.128
2026-10-01 16:29:41,BSCI201,0105,Caitlin Fox,24,24,0,2026-10-01 16:32:22,2026-10-01 16:32:22.128
2026-10-01 16:29:41,BSCI201,0106,Caitlin Fox,24,24,0,2026-10-01 16:32:22,2026-10-01 16:32:22.128
2026-10-01 16:29:41,BSCI201,0107,Caitlin Fox,24,24,0,2026-10-01 16:32:22,2026-10-01 16:32:22.128
2026-10-01 16:29:41,BSCI201,0109,Maira Goytia,24,24,0,2026-10-01 16:32:22,2026-10-01 16:32:22.128
2026-10-01 16:29:41,BSCI201,0110,Caitlin Fox,24,24,0,2026-10-01 16:32:22,2026-10-01 16:32:22.129
2026-10-01 16:29:41,BSCI201,0111,Caitlin Fox,24,24,0,2026-10-01 16:32:22,2026-10-01 16:32:22.129
2026-10-01 16:29:41,BSCI201,1101,Justicia Opoku-Edusei,24,24,0,2026-10-01 16:32:22,2026-10-01 16:32:22.129
2026-10-01 16:29:41,BSCI201,1103,Justicia Opoku-Edusei,24,24,0,2026-10-01 16:32:22,2026-10-01 16:32:22.129
2026-10-01 16:29:41,BSCI201,1104,Justicia Opoku-Edusei,24,24,0,2026-10-01 16:32:22,2026-10-01 16:32:22.129
2026-10-01 16:29:41,BSCI201,1105,Caitlin Fox,24,24,0,2026-10-01 16:32:22,2026-10-01 16:32:22.130
2026-10-01 16:29:41,BSCI201,1106,Caitlin Fox,24,24,0,2026-10-01 16:32:22,2026-10-01 16:32:22.130
2026-10-01 16:29:41,BSCI201,1108,Caitlin Fox,24,24,0,2026-10-01 16:32:22,2026-10-01 16:32:22.130
2026-10-01 16:29:41,BSCI201,1109,Justicia Opoku-Edusei,24,24,0,2026-10-01 16:32:22,2026-10-01 16:32:22.130
2026-10-01 16:29:41,BSCI201,1110,Justicia Opoku-Edusei,24,24,0,2026-10-01 16:32:22,2026-10-01 16:32:22.130
2026-10-01 16:29:41,BSCI202,0101,Caitlin Fox,24,24,0,2026-10-01 16:32:22,2026-10-01 16:32:22.392
2026-10-01 16:29:41,BSCI202,0102,Caitlin Fox,24,24,0,2026-10-01 16:32:22,2026-10-01 16:32:22.392
2026-10-01 16:29:41,BSCI202,0104,Caitlin Fox,24,24,0,2026-10-01 16:32:22,2026-10-01 16:32:22.392
2026-10-01 16:29:41,BSCI202,0108,Caitlin Fox,24,24,0,2026-10-01 16:32:22,2026-10-01 16:32:22.392
2026-10-01 16:29:41,BSCI202,0109,Maira Goytia,24,24,0,2026-10-01 16:32:22,2026-10-01 16:32:22.393
2026-10-01 16:29:41,BSCI202,0110,Caitlin Fox,24,24,0,2026-10-01 16:32:22,2026-10-01 16:32:22.393
2026-10-01 16:29:41,BSCI202,1101,Justicia Opoku-Edusei,24,24,0,2026-10-01 16:32:22,2026-10-01 16:32:22.393
2026-10-01 16:29:41,BSCI202,1103,Justicia Opoku-Edusei,24,24,0,2026-10-01 16:32:22,2026-10-01 16:32:22.393
2026-10-01 16:29:41,BSCI202,1104,Justicia Opoku-Edusei,24,24,0,2026-10-01 16:32:22,2026-10-01 16:32:22.393
2026-10-01 16:29:41,BSCI202,1106,Justicia Opoku-Edusei,24,24,0,2026-10-01 16:32:22,2026-10-01 16:32:22.394
2026-10-01 16:29:41,BSCI202,1107,Justicia Opoku-Edusei,24,24,0,2026-10-01 16:32:22,2026-10-01 16:32:22.394
2026-10-01 16:29:41,BSCI202,1108,Justicia Opoku-Edusei,24,24,0,2026-10-01 16:32:22,2026-10-01 16:32:22.394
2026-10-01 16:29:41,BSCI202,SES1,Edward Orlando,20,20,0,2026-10-01 16:32:22,2026-10-01 16:32:22.394
2026-10-01 16:29:41,BSCI207,0101,Karen Carleton,80,80,0,2026-10-01 16:32:22,2026-10-01 16:32:22.612
2026-10-01 16:29:41,BSCI207,0201,Chloe Garfinkel,80,80,0,2026-10-01 16:32:22,2026-10-01 16:32:22.613
2026-10-01 16:29:41,BSCI213,0101,Cordelia Weiss,20,20,0,2026-10-01 16:32:22,2026-10-01 16:32:22.825
2026-10-01 16:29:41,BSCI213,0102,Cordelia Weiss,20,20,0,2026-10-01 16:32:22,2026-10-01 16:32:22.825
2026-10-01 16:29:41,BSCI222,7106,Thomas Kocher,18,18,0,2026-10-01 16:32:23,2026-10-01 16:32:23.132
2026-10-01 16:29:41,BSCI222,7108,Thomas Kocher,18,18,0,2026-10-01 16:32:23,2026-10-01 16:32:23.132
2026-10-01 16:29:41,BSCI222,7110,Thomas Kocher,18,18,0,2026-10-01 16:32:23,2026-10-01 16:32:23.133
2026-10-01 16:29:41,BSCI222,7112,Thomas Kocher,18,18,0,2026-10-01 16:32:23,2026-10-01 16:32:23.133
2026-10-01 16:29:41,BSCI222,7114,Thomas Kocher,18,18,0,2026-10-01 16:32:23,2026-10-01 16:32:23.133
2026-10-01 16:29:41,BSCI222,7116,Thomas Kocher,18,18,0,2026-10-01 16:32:23,2026-10-01 16:32:23.133
2026-10-01 16:29:41,BSCI222,7118,Thomas Kocher,18,18,0,2026-10-01 16:32:23,2026-10-01 16:32:23.133
2026-10-01 16:29:41,BSCI222,7120,Thomas Kocher,18,18,0,2026-10-01 16:32:23,2026-10-01 16:32:23.134
2026-10-01 16:29:41,BSCI222,7130,Thomas Kocher,18,18,0,2026-10-01 16:32:23,2026-10-01 16:32:23.134
2026-10-01 16:29:41,BSCI222,7133,Thomas Kocher,18,18,0,2026-10-01 16:32:23,2026-10-01 16:32:23.134
2026-10-01 16:29:41,BSCI222,7214,Michael Keller,18,18,0,2026-10-01 16:32:23,2026-10-01 16:32:23.134
2026-10-01 16:29:41,BSCI222,7216,Michael Keller,18,18,0,2026-10-01 16:32:23,2026-10-01 16:32:23.134
2026-10-01 16:29:41,BSCI222,7218,Michael Keller,18,18,0,2026-10-01 16:32:23,2026-10-01 16:32:23.135
2026-10-01 16:29:41,BSCI222,7219,Michael Keller,18,18,0,2026-10-01 16:32:23,2026-10-01 16:32:23.135
2026-10-01 16:29:41,BSCI222,7220,Michael Keller,18,18,0,2026-10-01 16:32:23,2026-10-01 16:32:23.135
2026-10-01 16:29:41,BSCI222,7221,Michael Keller,18,18,0,2026-10-01 16:32:23,2026-10-01 16:32:23.135
2026-10-01 16:29:41,BSCI222,7222,Michael Keller,18,18,0,2026-10-01 16:32:23,2026-10-01 16:32:23.135
2026-10-01 16:29:41,BSCI222,7224,Michael Keller,18,18,0,2026-10-01 16:32:23,2026-10-01 16:32:23.135
2026-10-01 16:29:41,BSCI222,7226,Michael Keller,18,18,0,2026-10-01 16:32:23,2026-10-01 16:32:23.136
2026-10-01 16:29:41,BSCI222,7232,Michael Keller,18,18,0,2026-10-01 16:32:23,2026-10-01 16:32:23.136
2026-10-01 16:29:41,BSCI222,7234,Michael Keller,18,18,0,2026-10-01 16:32:23,2026-10-01 16:32:23.136
2026-10-01 16:29:41,BSCI222,7236,Michael Keller,18,18,0,2026-10-01 16:32:23,2026-10-01 16:32:23.136
2026-10-01 16:29:41,BSCI222,7310,Maria Colt,18,18,0,2026-10-01 16:32:23,2026-10-01 16:32:23.136
2026-10-01 16:29:41,BSCI222,7311,Maria Colt,18,18,0,2026-10-01 16:32:23,2026-10-01 16:32:23.137
2026-10-01 16:29:41,BSCI222,7312,Maria Colt,18,18,0,2026-10-01 16:32:23,2026-10-01 16:32:23.137
2026-10-01 16:29:41,BSCI222,7313,Maria Colt,18,18,0,2026-10-01 16:32:23,2026-10-01 16:32:23.137
2026-10-01 16:29:41,BSCI222,7315,Maria Colt,18,18,0,2026-10-01 16:32:23,2026-10-01 16:32:23.137
2026-10-01 16:29:41,BSCI222,7320,Maria Colt,18,18,0,2026-10-01 16:32:23,2026-10-01 16:32:23.137
2026-10-01 16:29:41,BSCI222,7325,Maria Colt,18,18,0,2026-10-01 16:32:23,2026-10-01 16:32:23.137
2026-10-01 16:29:41,BSCI222,7330,Maria Colt,18,18,0,2026-10-01 16:32:23,2026-10-01 16:32:23.138
2026-10-01 16:29:41,BSCI222,7332,Maria Colt,18,18,0,2026-10-01 16:32:23,2026-10-01 16:32:23.138
2026-10-01 16:29:41,BSCI222,7335,Maria Colt,18,18,0,2026-10-01 16:32:23,2026-10-01 16:32:23.138
2026-10-01 16:29:41,BSCI222,SES1,Maria Colt,23,23,0,2026-10-01 16:32:23,2026-10-01 16:32:23.138
2026-10-01 16:29:41,BSCI223,1021,John Buchner,16,16,0,2026-10-01 16:32:23,2026-10-01 16:32:23.398
2026-10-01 16:29:41,BSCI223,1025,John Buchner,16,16,0,2026-10-01 16:32:23,2026-10-01 16:32:23.398
2026-10-01 16:29:41,BSCI223,1026,John Buchner,16,16,0,2026-10-01 16:32:23,2026-10-01 16:32:23.398
2026-10-01 16:29:41,BSCI223,1101,John Buchner,16,16,0,2026-10-01 16:32:23,2026-10-01 16:32:23.398
2026-10-01 16:29:41,BSCI223,1105,John Buchner,16,16,0,2026-10-01 16:32:23,2026-10-01 16:32:23.399
2026-10-01 16:29:41,BSCI223,1106,John Buchner,16,16,0,2026-10-01 16:32:23,2026-10-01 16:32:23.399
2026-10-01 16:29:41,BSCI223,1121,John Buchner,16,16,0,2026-10-01 16:32:23,2026-10-01 16:32:23.399
2026-10-01 16:29:41,BSCI223,1125,John Buchner,16,16,0,2026-10-01 16:32:23,2026-10-01 16:32:23.399
2026-10-01 16:29:41,BSCI223,1126,John Buchner,16,16,0,2026-10-01 16:32:23,2026-10-01 16:32:23.399
2026-10-01 16:29:41,BSCI223,1201,John Buchner,16,16,0,2026-10-01 16:32:23,2026-10-01 16:32:23.400
2026-10-01 16:29:41,BSCI223,1206,John Buchner,16,16,0,2026-10-01 16:32:23,2026-10-01 16:32:23.400
2026-10-01 16:29:41,BSCI223,1221,John Buchner,16,16,0,2026-10-01 16:32:23,2026-10-01 16:32:23.400
2026-10-01 16:29:41,BSCI223,1225,John Buchner,16,16,0,2026-10-01 16:32:23,2026-10-01 16:32:23.400
2026-10-01 16:29:41,BSCI223,1226,John Buchner,16,16,0,2026-10-01 16:32:23,2026-10-01 16:32:23.400
2026-10-01 16:29:41,BSCI223,1301,John Buchner,16,16,0,2026-10-01 16:32:23,2026-10-01 16:32:23.400
2026-10-01 16:29:41,BSCI223,1306,John Buchner,16,16,0,2026-10-01 16:32:23,2026-10-01 16:32:23.401
2026-10-01 16:29:41,BSCI223,2401,John Buchner,16,16,0,2026-10-01 16:32:23,2026-10-01 16:32:23.401
2026-10-01 16:29:41,BSCI223,2406,John Buchner,16,16,0,2026-10-01 16:32:23,2026-10-01 16:32:23.401
2026-10-01 16:29:41,BSCI223,SES1,Cherisse Hall,20,20,0,2026-10-01 16:32:23,2026-10-01 16:32:23.401
2026-10-01 16:29:41,BSCI238I,0101,Aditri Gadigi,30,30,0,2026-10-01 16:32:23,2026-10-01 16:32:23.614
2026-10-01 16:29:41,BSCI258A,0101,Nicholas Fletcher,10,10,0,2026-10-01 16:32:23,2026-10-01 16:32:23.826
2026-10-01 16:29:41,BSCI258B,0101,Nicholas Fletcher,80,80,0,2026-10-01 16:32:24,2026-10-01 16:32:24.052
2026-10-01 16:29:41,BSCI279B,0101,Katerina Thompson,32,32,0,2026-10-01 16:32:24,2026-10-01 16:32:24.631
2026-10-01 16:29:41,BSCI279B,0102,Katerina Thompson,32,32,0,2026-10-01 16:32:24,2026-10-01 16:32:24.631
2026-10-01 16:29:41,BSCI279Q,0101,Daniel Butts,10,10,0,2026-10-01 16:32:25,2026-10-01 16:32:25.064
2026-10-01 16:29:41,BSCI283,1205,Kevin McIver,20,20,0,2026-10-01 16:32:25,2026-10-01 16:32:25.703
2026-10-01 16:29:41,BSCI283,1305,Daniel Stein,20,20,0,2026-10-01 16:32:25,2026-10-01 16:32:25.703
2026-10-01 16:29:41,BSCI329,1016,Hilary Bierman,5,5,0,2026-10-01 16:32:25,2026-10-01 16:32:25.925
2026-10-01 16:29:41,BSCI329,1028,Daniel Butts,10,10,0,2026-10-01 16:32:25,2026-10-01 16:32:25.925
2026-10-01 16:29:41,BSCI329,1033,Chan Lin,10,10,0,2026-10-01 16:32:25,2026-10-01 16:32:25.926
2026-10-01 16:29:41,BSCI329,1250,Justicia Opoku-Edusei,20,20,0,2026-10-01 16:32:25,2026-10-01 16:32:25.926
2026-10-01 16:29:41,BSCI329,1388,Corine Van der Weele,8,8,0,2026-10-01 16:32:25,2026-10-01 16:32:25.926
2026-10-01 16:29:41,BSCI329,ESG1,Hadiya Woodham,10,10,0,2026-10-01 16:32:25,2026-10-01 16:32:25.926
2026-10-01 16:29:41,BSCI331,0101,Kenneth Frauwirth,200,200,0,2026-10-01 16:32:26,2026-10-01 16:32:26.155
2026-10-01 16:29:41,BSCI331,0201,Kenneth Frauwirth,200,200,0,2026-10-01 16:32:26,2026-10-01 16:32:26.155
2026-10-01 16:29:41,BSCI332,0102,Corine Van der Weele,23,23,0,2026-10-01 16:32:26,2026-10-01 16:32:26.400
2026-10-01 16:29:41,BSCI332,0104,Corine Van der Weele,23,23,0,2026-10-01 16:32:26,2026-10-01 16:32:26.400
2026-10-01 16:29:41,BSCI332,0106,Corine Van der Weele,23,23,0,2026-10-01 16:32:26,2026-10-01 16:32:26.400
2026-10-01 16:29:41,BSCI332,0107,Corine Van der Weele,23,23,0,2026-10-01 16:32:26,2026-10-01 16:32:26.401
2026-10-01 16:29:41,BSCI332,0111,Corine Van der Weele,23,23,0,2026-10-01 16:32:26,2026-10-01 16:32:26.401
2026-10-01 16:29:41,BSCI332,1103,Corine Van der Weele,23,23,0,2026-10-01 16:32:26,2026-10-01 16:32:26.401
2026-10-01 16:29:41,BSCI332,1105,Corine Van der Weele,23,23,0,2026-10-01 16:32:26,2026-10-01 16:32:26.401
2026-10-01 16:29:41,BSCI332,1108,Corine Van der Weele,23,23,0,2026-10-01 16:32:26,2026-10-01 16:32:26.401
2026-10-01 16:29:41,BSCI332,1109,Corine Van der Weele,23,23,0,2026-10-01 16:32:26,2026-10-01 16:32:26.402
2026-10-01 16:29:41,BSCI332,1111,Corine Van der Weele,23,23,0,2026-10-01 16:32:26,2026-10-01 16:32:26.402
2026-10-01 16:29:41,BSCI332,1113,Corine Van der Weele,23,23,0,2026-10-01 16:32:26,2026-10-01 16:32:26.402
2026-10-01 16:29:41,BSCI334,0101,Katerina Thompson,60,60,0,2026-10-01 16:32:26,2026-10-01 16:32:26.618
2026-10-01 16:29:41,BSCI335,0101,Katerina Thompson,20,20,0,2026-10-01 16:32:26,2026-10-01 16:32:26.829
2026-10-01 16:29:41,BSCI335,0102,Katerina Thompson,20,20,0,2026-10-01 16:32:26,2026-10-01 16:32:26.829
2026-10-01 16:29:41,BSCI337,0101,Leo Shapiro,20,20,0,2026-10-01 16:32:27,2026-10-01 16:32:27.054
2026-10-01 16:29:41,BSCI337,0102,Leo Shapiro,20,20,0,2026-10-01 16:32:27,2026-10-01 16:32:27.054
2026-10-01 16:29:41,BSCI343,ESG1,Hadiya Woodham,30,30,0,2026-10-01 16:32:27,2026-10-01 16:32:27.509
2026-10-01 16:29:41,BSCI348A,0101,John Buchner,22,22,0,2026-10-01 16:32:27,2026-10-01 16:32:27.929
2026-10-01 16:29:41,BSCI348I,SES1,Erik Lontok,25,25,0,2026-10-01 16:32:28,2026-10-01 16:32:28.142
2026-10-01 16:29:41,BSCI348R,0101,Najib El-Sayed,10,10,0,2026-10-01 16:32:28,2026-10-01 16:32:28.353
2026-10-01 16:29:41,BSCI353,0101,Chan Lin,64,64,0,2026-10-01 16:32:28,2026-10-01 16:32:28.574
2026-10-01 16:29:41,BSCI353,0102,Melissa Caras,40,40,0,2026-10-01 16:32:28,2026-10-01 16:32:28.574
2026-10-01 16:29:41,BSCI353,ESG1,Vitaly Stepensky,40,40,0,2026-10-01 16:32:28,2026-10-01 16:32:28.575
2026-10-01 16:29:41,BSCI358A,ESG1,Vitaly Stepensky,30,30,0,2026-10-01 16:32:28,2026-10-01 16:32:28.801
2026-10-01 16:29:41,BSCI358B,ESG1,Gregory Simon,30,30,0,2026-10-01 16:32:29,2026-10-01 16:32:29.014
2026-10-01 16:29:41,BSCI361,0101,Daniel Gruner,25,25,0,2026-10-01 16:32:29,2026-10-01 16:32:29.246
2026-10-01 16:29:41,BSCI361,0102,Daniel Gruner,25,25,0,2026-10-01 16:32:29,2026-10-01 16:32:29.246
2026-10-01 16:29:41,BSCI370,0101,Alexandra Bely,64,64,0,2026-10-01 16:32:29,2026-10-01 16:32:29.473
2026-10-01 16:29:41,BSCI378H,0101,Kenneth Frauwirth,23,23,0,2026-10-01 16:32:29,2026-10-01 16:32:29.684
2026-10-01 16:29:41,BSCI398H,0101,Alexandra Bely,35,35,0,2026-10-01 16:32:31,2026-10-01 16:32:31.250
2026-10-01 16:29:41,BSCI401,0101,Gerald Wilkinson,39,39,0,2026-10-01 16:32:32,2026-10-01 16:32:32.109
2026-10-01 16:29:41,BSCI406,0101,Sergei Sukharev,20,20,0,2026-10-01 16:32:32,2026-10-01 16:32:32.336
2026-10-01 16:29:41,BSCI410,0101,Charles Seller,140,140,0,2026-10-01 16:32:32,2026-10-01 16:32:32.552
2026-10-01 16:29:41,BSCI412,0101,Erin Tran,18,18,0,2026-10-01 16:32:32,2026-10-01 16:32:32.768
2026-10-01 16:29:41,BSCI412,0103,Wade Winkler,18,18,0,2026-10-01 16:32:32,2026-10-01 16:32:32.769
2026-10-01 16:29:41,BSCI414,ESG1,Caitlin Fox,24,24,0,2026-10-01 16:32:32,2026-10-01 16:32:32.982
2026-10-01 16:29:41,BSCI416,0101,Silvia Bolland,42,42,0,2026-10-01 16:32:33,2026-10-01 16:32:33.208
2026-10-01 16:29:41,BSCI417,0101,Vincent Lee,30,30,0,2026-10-01 16:32:33,2026-10-01 16:32:33.438
2026-10-01 16:29:41,BSCI420,0101,Sougata Roy,62,62,0,2026-10-01 16:32:33,2026-10-01 16:32:33.669
2026-10-01 16:29:41,BSCI422,0101,Kenneth Frauwirth,25,25,0,2026-10-01 16:32:33,2026-10-01 16:32:33.887
2026-10-01 16:29:41,BSCI422,0102,Kenneth Frauwirth,25,25,0,2026-10-01 16:32:33,2026-10-01 16:32:33.887
2026-10-01 16:29:41,BSCI422,0103,David Mosser,25,25,0,2026-10-01 16:32:33,2026-10-01 16:32:33.887
2026-10-01 16:29:41,BSCI422,0104,David Mosser,25,25,0,2026-10-01 16:32:33,2026-10-01 16:32:33.888
2026-10-01 16:29:41,BSCI423,0101,Wenxia Song,18,18,0,2026-10-01 16:32:34,2026-10-01 16:32:34.105
2026-10-01 16:29:41,BSCI423,0102,Wenxia Song,18,18,0,2026-10-01 16:32:34,2026-10-01 16:32:34.106
2026-10-01 16:29:41,BSCI425,0101,Kan Cao,20,20,0,2026-10-01 16:32:34,2026-10-01 16:32:34.322
2026-10-01 16:29:41,BSCI430,0101,Eric Haag,35,35,0,2026-10-01 16:32:34,2026-10-01 16:32:34.531
2026-10-01 16:29:41,BSCI433,0101,Jeff Maltas,30,30,0,2026-10-01 16:32:34,2026-10-01 16:32:34.757
2026-10-01 16:29:41,BSCI435,0101,Tapan Goel,18,18,0,2026-10-01 16:32:34,2026-10-01 16:32:34.973
2026-10-01 16:29:41,BSCI436,0101,Jonathan Dinman,60,60,0,2026-10-01 16:32:35,2026-10-01 16:32:35.197
2026-10-01 16:29:41,BSCI437,0101,Jeffrey DeStefano,70,70,0,2026-10-01 16:32:35,2026-10-01 16:32:35.408
2026-10-01 16:29:41,BSCI437,ESG1,Gilad Ofek,40,40,0,2026-10-01 16:32:35,2026-10-01 16:32:35.408
2026-10-01 16:29:41,BSCI437H,0101,Jeffrey DeStefano,8,8,0,2026-10-01 16:32:35,2026-10-01 16:32:35.686
2026-10-01 16:29:41,BSCI439B,ESG1,Maira Goytia,40,40,0,2026-10-01 16:32:35,2026-10-01 16:32:35.900
2026-10-01 16:29:41,BSCI439E,0101,Beatrice Kondo,5,5,0,2026-10-01 16:32:36,2026-10-01 16:32:36.110
2026-10-01 16:29:41,BSCI439G,0101,Beatrice Kondo,5,5,0,2026-10-01 16:32:36,2026-10-01 16:32:36.327
2026-10-01 16:29:41,BSCI439L,0101,Instructor: TBA,5,5,0,2026-10-01 16:32:36,2026-10-01 16:32:36.540
2026-10-01 16:29:41,BSCI439Z,0101,Amanda Chicoli,20,20,0,2026-10-01 16:32:36,2026-10-01 16:32:36.868
2026-10-01 16:29:41,BSCI442,0101,Daniel Rodriguez Leal,20,20,0,2026-10-01 16:32:37,2026-10-01 16:32:37.085
2026-10-01 16:29:41,BSCI442,0102,Jose Feijo,20,20,0,2026-10-01 16:32:37,2026-10-01 16:32:37.085
2026-10-01 16:29:41,BSCI450,0101,Juan Angueyra,130,130,0,2026-10-01 16:32:37,2026-10-01 16:32:37.301
2026-10-01 16:29:41,BSCI450,0201,Joshua Singer,120,120,0,2026-10-01 16:32:37,2026-10-01 16:32:37.301
2026-10-01 16:29:41,BSCI450,PDS1,William Higgins,20,20,0,2026-10-01 16:32:37,2026-10-01 16:32:37.302
2026-10-01 16:29:41,BSCI451,0101,Corine Van der Weele,20,20,0,2026-10-01 16:32:37,2026-10-01 16:32:37.561
2026-10-01 16:29:41,BSCI451,0102,Corine Van der Weele,20,20,0,2026-10-01 16:32:37,2026-10-01 16:32:37.561
2026-10-01 16:29:41,BSCI451,0103,Corine Van der Weele,20,20,0,2026-10-01 16:32:37,2026-10-01 16:32:37.561
2026-10-01 16:29:41,BSCI451,0104,Corine Van der Weele,20,20,0,2026-10-01 16:32:37,2026-10-01 16:32:37.561
2026-10-01 16:29:41,BSCI452,0101,Chan Lin,40,40,0,2026-10-01 16:32:37,2026-10-01 16:32:37.792
2026-10-01 16:29:41,BSCI452,SES1,Chan Lin,20,20,0,2026-10-01 16:32:37,2026-10-01 16:32:37.792
2026-10-01 16:29:41,BSCI453,0101,Nikolas Francis,38,38,0,2026-10-01 16:32:38,2026-10-01 16:32:38.005
2026-10-01 16:29:41,BSCI455,0101,Hilary Bierman,16,16,0,2026-10-01 16:32:38,2026-10-01 16:32:38.235
2026-10-01 16:29:41,BSCI455,0102,Hilary Bierman,16,16,0,2026-10-01 16:32:38,2026-10-01 16:32:38.235
2026-10-01 16:29:41,BSCI455,0103,Hilary Bierman,16,16,0,2026-10-01 16:32:38,2026-10-01 16:32:38.235
2026-10-01 16:29:41,BSCI456,0101,Colenso Speer,5,5,0,2026-10-01 16:32:38,2026-10-01 16:32:38.461
2026-10-01 16:29:41,BSCI477,0101,Emily Bruns,40,40,0,2026-10-01 16:32:38,2026-10-01 16:32:38.674
2026-10-01 16:29:41,BSCI487,0101,Kelly Hamby,24,24,0,2026-10-01 16:32:38,2026-10-01 16:32:38.892
2026-10-01 16:29:41,BSOS355,0101,Liza Lebrun,40,40,0,2026-10-01 16:32:40,2026-10-01 16:32:40.293
2026-10-01 16:29:41,BSOS361,0101,TC Lloyd,30,30,0,2026-10-01 16:32:40,2026-10-01 16:32:40.525
2026-10-01 16:29:41,BSOS361,0102,TC Lloyd,30,30,0,2026-10-01 16:32:40,2026-10-01 16:32:40.525
2026-10-01 16:29:41,BSOS448M,0101,Brandee Pettus,12,12,0,2026-10-01 16:32:40,2026-10-01 16:32:40.754
2026-10-01 16:29:41,BUMO600,0501,Sheetal Singh,52,52,0,2026-10-01 16:32:57,2026-10-01 16:32:57.431
2026-10-01 16:29:41,BUMO604,0501,Jon Crocker,0,0,0,2026-10-01 16:32:57,2026-10-01 16:32:57.657
2026-10-01 16:29:41,BUMO614,0501,Waverly Ding,58,58,0,2026-10-01 16:32:57,2026-10-01 16:32:57.883
2026-10-01 16:29:41,BUMO701,0501,Jason Choi,65,65,0,2026-10-01 16:32:58,2026-10-01 16:32:58.102
2026-10-01 16:29:41,BUMO703,0501,Mary Beth Furst,65,65,0,2026-10-01 16:32:58,2026-10-01 16:32:58.312
2026-10-01 16:29:41,BUMO711,0501,Sheetal Singh,65,65,0,2026-10-01 16:32:58,2026-10-01 16:32:58.539
2026-10-01 16:29:41,BUMO714,0501,Rellie Rozin,0,0,0,2026-10-01 16:32:58,2026-10-01 16:32:58.751
2026-10-01 16:29:41,BUMO723,0501,Stephen Sclafani,58,58,0,2026-10-01 16:32:58,2026-10-01 16:32:58.963
2026-10-01 16:29:41,BUMO724,0501,Stephen Sclafani,58,58,0,2026-10-01 16:32:59,2026-10-01 16:32:59.176
2026-10-01 16:29:41,BUMO726,0501,Stephen Sclafani,58,58,0,2026-10-01 16:32:59,2026-10-01 16:32:59.391
2026-10-01 16:29:41,BUMO731,0501,Balaji Padmanabhan,58,58,0,2026-10-01 16:32:59,2026-10-01 16:32:59.631
2026-10-01 16:29:41,BUMO733,0501,Balaji Padmanabhan,58,58,0,2026-10-01 16:32:59,2026-10-01 16:32:59.845
2026-10-01 16:29:41,BUMO758P,0501,Jon Crocker,37,37,0,2026-10-01 16:33:00,2026-10-01 16:33:00.138
2026-10-01 16:29:41,BUMO780,0501,Jennifer Marr,37,37,0,2026-10-01 16:33:00,2026-10-01 16:33:00.580
2026-10-01 16:29:41,BUMO780,0502,Jennifer Marr,37,37,0,2026-10-01 16:33:00,2026-10-01 16:33:00.580
2026-10-01 16:29:41,BUMO782,0501,Mike Hoffmeyer,40,40,0,2026-10-01 16:33:00,2026-10-01 16:33:00.809
2026-10-01 16:29:41,BUMO785,0501,Maria Bustamante,65,65,0,2026-10-01 16:33:01,2026-10-01 16:33:01.022
2026-10-01 16:29:41,BUMO790,0501,Roy Thomason,65,65,0,2026-10-01 16:33:01,2026-10-01 16:33:01.280
2026-10-01 16:29:41,BUMO790,0502,Roy Thomason,65,65,0,2026-10-01 16:33:01,2026-10-01 16:33:01.280
2026-10-01 16:29:41,BUMO791,0501,Roy Thomason,65,65,0,2026-10-01 16:33:01,2026-10-01 16:33:01.506
2026-10-01 16:29:41,BUMO791,0502,Roy Thomason,65,65,0,2026-10-01 16:33:01,2026-10-01 16:33:01.507
2026-10-01 16:29:41,CHIN100,0101,Yuli Wang,15,15,0,2026-10-01 16:33:36,2026-10-01 16:33:36.390
2026-10-01 16:29:41,CHIN121,0101,Mei Kong,15,15,0,2026-10-01 16:33:36,2026-10-01 16:33:36.600
2026-10-01 16:29:41,CHIN122,0101,Mei Kong,15,15,0,2026-10-01 16:33:36,2026-10-01 16:33:36.816
2026-10-01 16:29:41,CHIN122,0201,Mei Kong,15,15,0,2026-10-01 16:33:36,2026-10-01 16:33:36.816
2026-10-01 16:29:41,CHIN122,0301,Guiling Hu,15,15,0,2026-10-01 16:33:36,2026-10-01 16:33:36.816
2026-10-01 16:29:41,CHIN207,0101,Guiling Hu,15,15,0,2026-10-01 16:33:37,2026-10-01 16:33:37.034
2026-10-01 16:29:41,CHIN207,0201,Guiling Hu,15,15,0,2026-10-01 16:33:37,2026-10-01 16:33:37.034
2026-10-01 16:29:41,CHIN302,0101,Jungjung Lee,15,15,0,2026-10-01 16:33:37,2026-10-01 16:33:37.250
2026-10-01 16:29:41,CHIN302,0201,Jungjung Lee,15,15,0,2026-10-01 16:33:37,2026-10-01 16:33:37.250
2026-10-01 16:29:41,CHIN307,0101,Minglang Zhou,25,25,0,2026-10-01 16:33:37,2026-10-01 16:33:37.463
2026-10-01 16:29:41,CHIN315,0101,Mei Nan,30,30,0,2026-10-01 16:33:37,2026-10-01 16:33:37.682
2026-10-01 16:29:41,CHIN332,0101,Yuli Wang,15,15,0,2026-10-01 16:33:37,2026-10-01 16:33:37.893
2026-10-01 16:29:41,CHIN402,0101,Jungjung Lee,15,15,0,2026-10-01 16:33:38,2026-10-01 16:33:38.322
2026-10-01 16:29:41,CHIN415,0101,Jungjung Lee,15,15,0,2026-10-01 16:33:38,2026-10-01 16:33:38.548
2026-10-01 16:29:41,CHIN418O,0101,Mei Nan,25,25,0,2026-10-01 16:33:38,2026-10-01 16:33:38.776
2026-10-01 16:29:41,CHIN441,0101,Andrew Schonebaum,20,20,0,2026-10-01 16:33:38,2026-10-01 16:33:38.995
2026-10-01 16:29:41,CHSE205,0101,Yewon Lee,60,60,0,2026-10-01 16:33:42,2026-10-01 16:33:42.363
2026-10-01 16:29:41,CHSE205,0201,Katryna Andrusik,50,50,0,2026-10-01 16:33:42,2026-10-01 16:33:42.363
2026-10-01 16:29:41,CHSE228D,0101,Nikita Kimani,16,16,0,2026-10-01 16:33:42,2026-10-01 16:33:42.606
2026-10-01 16:29:41,CHSE376,0101,Michael Dunham,20,20,0,2026-10-01 16:33:42,2026-10-01 16:33:42.842
2026-10-01 16:29:41,CHSE376,0201,Elizabeth Martinez,20,20,0,2026-10-01 16:33:42,2026-10-01 16:33:42.842
2026-10-01 16:29:41,CHSE376,0301,Colleen McGilpin,20,20,0,2026-10-01 16:33:42,2026-10-01 16:33:42.842
2026-10-01 16:29:41,CHSE376,0401,Chanai Brewster,20,20,0,2026-10-01 16:33:42,2026-10-01 16:33:42.843
2026-10-01 16:29:41,CHSE376,0501,Michael Dunham,20,20,0,2026-10-01 16:33:42,2026-10-01 16:33:42.843
2026-10-01 16:29:41,CHSE476,0101,Michael Dunham,20,20,0,2026-10-01 16:33:43,2026-10-01 16:33:43.262
2026-10-01 16:29:41,CHSE477,0101,Michael Dunham,18,18,0,2026-10-01 16:33:43,2026-10-01 16:33:43.468
2026-10-01 16:29:41,CHSE480,0101,Michael Dunham,18,18,0,2026-10-01 16:33:43,2026-10-01 16:33:43.695
2026-10-01 16:29:41,CHSE489,1901,Amy D'Agati,10,10,0,2026-10-01 16:33:43,2026-10-01 16:33:43.912
2026-10-01 16:29:41,CINE245,0201,Instructor: TBA,27,27,0,2026-10-01 16:33:45,2026-10-01 16:33:45.617
2026-10-01 16:29:41,CINE245,0301,Alan Montroso,27,27,0,2026-10-01 16:33:45,2026-10-01 16:33:45.617
2026-10-01 16:29:41,CINE280,0101,Eric Zakim,25,25,0,2026-10-01 16:33:45,2026-10-01 16:33:45.842
2026-10-01 16:29:41,CINE280,0102,Eric Zakim,25,25,0,2026-10-01 16:33:45,2026-10-01 16:33:45.842
2026-10-01 16:29:41,CINE280,0103,Eric Zakim,25,25,0,2026-10-01 16:33:45,2026-10-01 16:33:45.842
2026-10-01 16:29:41,CINE280,0104,Eric Zakim,25,25,0,2026-10-01 16:33:45,2026-10-01 16:33:45.842
2026-10-01 16:29:41,CINE282,0101,Susan Pramschufer,35,35,0,2026-10-01 16:33:46,2026-10-01 16:33:46.066
2026-10-01 16:29:41,CINE298B,0101,Sean Pue,20,20,0,2026-10-01 16:33:46,2026-10-01 16:33:46.278
2026-10-01 16:29:41,CINE302,0101,Luka Arsenjuk,30,30,0,2026-10-01 16:33:46,2026-10-01 16:33:46.494
2026-10-01 16:29:41,CINE310,0101,Nathaniel Stevens,15,15,0,2026-10-01 16:33:46,2026-10-01 16:33:46.706
2026-10-01 16:29:41,CINE319A,0101,Paul Cote,20,20,0,2026-10-01 16:33:46,2026-10-01 16:33:46.918
2026-10-01 16:29:41,CINE319I,0101,Yael Inbar,15,15,0,2026-10-01 16:33:47,2026-10-01 16:33:47.135
2026-10-01 16:29:41,CINE319P,5501,Samuel Crawford,10,10,0,2026-10-01 16:33:47,2026-10-01 16:33:47.347
2026-10-01 16:29:41,CINE329E,0101,Elizabeth Papazian,25,25,0,2026-10-01 16:33:47,2026-10-01 16:33:47.573
2026-10-01 16:29:41,CINE329N,0101,Daniel Richter,25,25,0,2026-10-01 16:33:47,2026-10-01 16:33:47.787
2026-10-01 16:29:41,CINE329Z,0101,Daniel Richter,25,25,0,2026-10-01 16:33:48,2026-10-01 16:33:48.008
2026-10-01 16:29:41,CINE335,0101,Jason Kuo,25,25,0,2026-10-01 16:33:48,2026-10-01 16:33:48.226
2026-10-01 16:29:41,CINE369C,0101,Mauro Resmini,40,40,0,2026-10-01 16:33:48,2026-10-01 16:33:48.455
2026-10-01 16:29:41,CINE369F,0101,Alexis Lothian,30,30,0,2026-10-01 16:33:48,2026-10-01 16:33:48.678
2026-10-01 16:29:41,CINE369K,0101,Paul Cote,20,20,0,2026-10-01 16:33:48,2026-10-01 16:33:48.904
2026-10-01 16:29:41,CINE376,0101,Ross Angelella,14,14,0,2026-10-01 16:33:49,2026-10-01 16:33:49.116
2026-10-01 16:29:41,CINE376,0102,Ross Angelella,5,5,0,2026-10-01 16:33:49,2026-10-01 16:33:49.117
2026-10-01 16:29:41,CINE419E,0101,Stephanie Sapienza,15,15,0,2026-10-01 16:33:49,2026-10-01 16:33:49.537
2026-10-01 16:29:41,CINE429O,0101,Mei Nan,25,25,0,2026-10-01 16:33:49,2026-10-01 16:33:49.746
2026-10-01 16:29:41,CINE459C,0101,Saverio Giovacchini,54,54,0,2026-10-01 16:33:49,2026-10-01 16:33:49.956
2026-10-01 16:29:41,CINE469Y,0101,Jason Kuo,14,14,0,2026-10-01 16:33:50,2026-10-01 16:33:50.170
2026-10-01 16:29:41,CLAS170,0101,Katherine Wasdin,21,21,0,2026-10-01 16:33:51,2026-10-01 16:33:51.803
2026-10-01 16:29:41,CLAS170,0102,Katherine Wasdin,21,21,0,2026-10-01 16:33:51,2026-10-01 16:33:51.803
2026-10-01 16:29:41,CLAS170,0103,Katherine Wasdin,21,21,0,2026-10-01 16:33:51,2026-10-01 16:33:51.804
2026-10-01 16:29:41,CLAS170,0104,Katherine Wasdin,21,21,0,2026-10-01 16:33:51,2026-10-01 16:33:51.804
2026-10-01 16:29:41,CLAS170,0105,Katherine Wasdin,21,21,0,2026-10-01 16:33:51,2026-10-01 16:33:51.804
2026-10-01 16:29:41,CLAS170,0106,Katherine Wasdin,21,21,0,2026-10-01 16:33:51,2026-10-01 16:33:51.804
2026-10-01 16:29:41,CLAS170,0107,Katherine Wasdin,21,21,0,2026-10-01 16:33:51,2026-10-01 16:33:51.804
2026-10-01 16:29:41,CLAS170,0108,Katherine Wasdin,21,21,0,2026-10-01 16:33:51,2026-10-01 16:33:51.805
2026-10-01 16:29:41,CLAS170,0109,Katherine Wasdin,21,21,0,2026-10-01 16:33:51,2026-10-01 16:33:51.805
2026-10-01 16:29:41,CLAS276,0101,Eric Adler,25,25,0,2026-10-01 16:33:52,2026-10-01 16:33:52.036
2026-10-01 16:29:41,CLAS276,0102,Eric Adler,25,25,0,2026-10-01 16:33:52,2026-10-01 16:33:52.036
2026-10-01 16:29:41,CLAS276,0103,Eric Adler,25,25,0,2026-10-01 16:33:52,2026-10-01 16:33:52.037
2026-10-01 16:29:41,CLAS276,0104,Eric Adler,25,25,0,2026-10-01 16:33:52,2026-10-01 16:33:52.037
2026-10-01 16:29:41,CLAS276,0105,Eric Adler,25,25,0,2026-10-01 16:33:52,2026-10-01 16:33:52.037
2026-10-01 16:29:41,CLAS276,0106,Eric Adler,25,25,0,2026-10-01 16:33:52,2026-10-01 16:33:52.037
2026-10-01 16:29:41,CLAS333,0101,Nathan Levine,35,35,0,2026-10-01 16:33:52,2026-10-01 16:33:52.251
2026-10-01 16:29:41,CLAS340,0101,Katherine Wasdin,35,35,0,2026-10-01 16:33:52,2026-10-01 16:33:52.463
2026-10-01 16:29:41,CMLT235,0101,Instructor: TBA,30,30,0,2026-10-01 16:33:54,2026-10-01 16:33:54.092
2026-10-01 16:29:41,CMLT270,0201,Instructor: TBA,30,30,0,2026-10-01 16:33:54,2026-10-01 16:33:54.309
2026-10-01 16:29:41,CMLT270,0301,Instructor: TBA,30,30,0,2026-10-01 16:33:54,2026-10-01 16:33:54.309
2026-10-01 16:29:41,CMLT275,0101,Instructor: TBA,30,30,0,2026-10-01 16:33:54,2026-10-01 16:33:54.523
2026-10-01 16:29:41,CMLT277,0101,Instructor: TBA,30,30,0,2026-10-01 16:33:54,2026-10-01 16:33:54.737
2026-10-01 16:29:41,CMLT280,0101,Eric Zakim,25,25,0,2026-10-01 16:33:54,2026-10-01 16:33:54.974
2026-10-01 16:29:41,CMLT280,0102,Eric Zakim,25,25,0,2026-10-01 16:33:54,2026-10-01 16:33:54.974
2026-10-01 16:29:41,CMLT280,0103,Eric Zakim,25,25,0,2026-10-01 16:33:54,2026-10-01 16:33:54.974
2026-10-01 16:29:41,CMLT280,0104,Eric Zakim,25,25,0,2026-10-01 16:33:54,2026-10-01 16:33:54.974
2026-10-01 16:29:41,CPBE101,0101,Oliver Schlake,75,75,0,2026-10-01 16:34:12,2026-10-01 16:34:12.040
2026-10-01 16:29:41,CPBE230,0101,Oliver Schlake,30,30,0,2026-10-01 16:34:12,2026-10-01 16:34:12.254
2026-10-01 16:29:41,CPBE240,0101,Oliver Schlake,20,20,0,2026-10-01 16:34:12,2026-10-01 16:34:12.465
2026-10-01 16:29:41,CPBE250,0101,Oliver Schlake,30,30,0,2026-10-01 16:34:12,2026-10-01 16:34:12.679
2026-10-01 16:29:41,CPCV101,0101,Julie Randolph,40,40,0,2026-10-01 16:34:14,2026-10-01 16:34:14.095
2026-10-01 16:29:41,CPCV101,0201,Julie Randolph,40,40,0,2026-10-01 16:34:14,2026-10-01 16:34:14.095
2026-10-01 16:29:41,CPCV230,0101,Korey Rothman,20,20,0,2026-10-01 16:34:14,2026-10-01 16:34:14.325
2026-10-01 16:29:41,CPCV230,0201,Korey Rothman,20,20,0,2026-10-01 16:34:14,2026-10-01 16:34:14.325
2026-10-01 16:29:41,CPDJ101,0101,Jess Feltner,75,75,0,2026-10-01 16:34:15,2026-10-01 16:34:15.685
2026-10-01 16:29:41,CPDJ230,0101,Jess Feltner,10,10,0,2026-10-01 16:34:15,2026-10-01 16:34:15.903
2026-10-01 16:29:41,CPDJ240,0101,Jess Feltner,8,8,0,2026-10-01 16:34:16,2026-10-01 16:34:16.126
2026-10-01 16:29:41,CPDJ250,0101,Jess Feltner,10,10,0,2026-10-01 16:34:16,2026-10-01 16:34:16.340
2026-10-01 16:29:41,CPET101,0101,Dani Moore,78,78,0,2026-10-01 16:34:17,2026-10-01 16:34:17.721
2026-10-01 16:29:41,CPET230,0101,Dani Moore,50,50,0,2026-10-01 16:34:17,2026-10-01 16:34:17.934
2026-10-01 16:29:41,CPET240,0101,Dani Moore,20,20,0,2026-10-01 16:34:18,2026-10-01 16:34:18.149
2026-10-01 16:29:41,CPET250,0101,Dani Moore,15,15,0,2026-10-01 16:34:18,2026-10-01 16:34:18.358
2026-10-01 16:29:41,CPGH101,0101,Angshuman Kashyap,75,75,0,2026-10-01 16:34:19,2026-10-01 16:34:19.770
2026-10-01 16:29:41,CPGH210,0101,Haley Clark,80,80,0,2026-10-01 16:34:19,2026-10-01 16:34:19.995
2026-10-01 16:29:41,CPGH230,0101,John Wiggins,30,30,0,2026-10-01 16:34:20,2026-10-01 16:34:20.219
2026-10-01 16:29:41,CPGH240,0101,John Wiggins,30,30,0,2026-10-01 16:34:20,2026-10-01 16:34:20.502
2026-10-01 16:29:41,CPGH250,0101,John Wiggins,25,25,0,2026-10-01 16:34:20,2026-10-01 16:34:20.722
2026-10-01 16:29:41,CPGH270,0101,John Wiggins,5,5,0,2026-10-01 16:34:20,2026-10-01 16:34:20.930
2026-10-01 16:29:41,CPJT101,0101,Justine DeCamillis,75,75,0,2026-10-01 16:34:22,2026-10-01 16:34:22.292
2026-10-01 16:29:41,CPJT230,0101,Justine DeCamillis,35,35,0,2026-10-01 16:34:22,2026-10-01 16:34:22.515
2026-10-01 16:29:41,CPJT240,0101,Justine DeCamillis,25,25,0,2026-10-01 16:34:22,2026-10-01 16:34:22.745
2026-10-01 16:29:41,CPJT250,0101,Victoria Worley,25,25,0,2026-10-01 16:34:22,2026-10-01 16:34:22.966
2026-10-01 16:29:41,CPMS101,0101,Alison Burns,75,75,0,2026-10-01 16:34:24,2026-10-01 16:34:24.337
2026-10-01 16:29:41,CPMS230,0101,Alison Burns,30,30,0,2026-10-01 16:34:24,2026-10-01 16:34:24.551
2026-10-01 16:29:41,CPMS240,0101,Alison Burns,15,15,0,2026-10-01 16:34:24,2026-10-01 16:34:24.768
2026-10-01 16:29:41,CPPL101,0101,Kelly Brower,75,75,0,2026-10-01 16:34:26,2026-10-01 16:34:26.164
2026-10-01 16:29:41,CPSA101,0101,Heather-Erin Bremenstuhl,75,75,0,2026-10-01 16:34:27,2026-10-01 16:34:27.549
2026-10-01 16:29:41,CPSA149,0101,Harold Burgess,20,20,0,2026-10-01 16:34:27,2026-10-01 16:34:27.762
2026-10-01 16:29:41,CPSA201,0101,Heather-Erin Bremenstuhl,75,75,0,2026-10-01 16:34:27,2026-10-01 16:34:27.976
2026-10-01 16:29:41,CPSA240,0101,Harold Burgess,15,15,0,2026-10-01 16:34:28,2026-10-01 16:34:28.203
2026-10-01 16:29:41,CPSA250,0101,Heather-Erin Bremenstuhl,10,10,0,2026-10-01 16:34:28,2026-10-01 16:34:28.420
2026-10-01 16:29:41,CPSA250,0201,Heather-Erin Bremenstuhl,10,10,0,2026-10-01 16:34:28,2026-10-01 16:34:28.420
2026-10-01 16:29:41,CPSA250,0301,Heather-Erin Bremenstuhl,10,10,0,2026-10-01 16:34:28,2026-10-01 16:34:28.421
2026-10-01 16:29:41,CPSA260,0101,Heather-Erin Bremenstuhl,10,10,0,2026-10-01 16:34:28,2026-10-01 16:34:28.638
2026-10-01 16:29:41,CPSA260,0201,Heather-Erin Bremenstuhl,10,10,0,2026-10-01 16:34:28,2026-10-01 16:34:28.639
2026-10-01 16:29:41,CPSA260,0301,Alexandra Lynch,10,10,0,2026-10-01 16:34:28,2026-10-01 16:34:28.639
2026-10-01 16:29:41,CPSF101,0101,Nicholas Fletcher,75,75,0,2026-10-01 16:34:29,2026-10-01 16:34:29.980
2026-10-01 16:29:41,CPSG101,0101,Thomas Holtz,75,75,0,2026-10-01 16:34:31,2026-10-01 16:34:31.348
2026-10-01 16:29:41,CPSG230,0101,John Merck,50,50,0,2026-10-01 16:34:31,2026-10-01 16:34:31.566
2026-10-01 16:29:41,CPSG240,0101,John Merck,25,25,0,2026-10-01 16:34:31,2026-10-01 16:34:31.794
2026-10-01 16:29:41,CPSG250,0101,John Merck,25,25,0,2026-10-01 16:34:32,2026-10-01 16:34:32.023
2026-10-01 16:29:41,CPSN101,0101,Hansol Kwak,75,75,0,2026-10-01 16:34:33,2026-10-01 16:34:33.404
2026-10-01 16:29:41,CPSN230,0101,Ellin Chung,40,40,0,2026-10-01 16:34:33,2026-10-01 16:34:33.620
2026-10-01 16:29:41,CPSN240,0101,Ellin Chung,15,15,0,2026-10-01 16:34:33,2026-10-01 16:34:33.855
2026-10-01 16:29:41,CPSN250,0101,Hansol Kwak,25,25,0,2026-10-01 16:34:34,2026-10-01 16:34:34.067
2026-10-01 16:29:41,CPSP210,0101,Christine Alexander,20,20,0,2026-10-01 16:34:35,2026-10-01 16:34:35.456
2026-10-01 16:29:41,CPSP239A,0101,Heather-Erin Bremenstuhl,10,10,0,2026-10-01 16:34:35,2026-10-01 16:34:35.669
2026-10-01 16:29:41,CPSP259J,0101,Alison Burns,10,10,0,2026-10-01 16:34:35,2026-10-01 16:34:35.883
2026-10-01 16:29:41,CPSP279N,0101,Stacy Kosko,10,10,0,2026-10-01 16:34:36,2026-10-01 16:34:36.094
2026-10-01 16:29:41,CPSP339P,0101,Kelly Brower,15,15,0,2026-10-01 16:34:36,2026-10-01 16:34:36.306
2026-10-01 16:29:41,CPSP359G,0101,John Merck,25,25,0,2026-10-01 16:34:36,2026-10-01 16:34:36.523
2026-10-01 16:29:41,CPSP359S,0101,David Eubanks,24,24,0,2026-10-01 16:34:36,2026-10-01 16:34:36.739
2026-10-01 16:29:41,CPSP369E,0101,Tim Knight,7,7,0,2026-10-01 16:34:36,2026-10-01 16:34:36.969
2026-10-01 16:29:41,CPSP369E,0102,Tim Knight,5,5,0,2026-10-01 16:34:36,2026-10-01 16:34:36.969
2026-10-01 16:29:41,CPSS101,0101,Christine Alexander,75,75,0,2026-10-01 16:34:38,2026-10-01 16:34:38.492
2026-10-01 16:29:41,CPSS225,0101,Roan Parrish,20,20,0,2026-10-01 16:34:38,2026-10-01 16:34:38.784
2026-10-01 16:29:41,CPSS225,0201,Thomas Zeller,20,20,0,2026-10-01 16:34:38,2026-10-01 16:34:38.784
2026-10-01 16:29:41,CPSS240,0101,Timothy Reedy,25,25,0,2026-10-01 16:34:39,2026-10-01 16:34:39.078
2026-10-01 16:29:41,CPSS340,0101,Nicole Mogul,20,20,0,2026-10-01 16:34:39,2026-10-01 16:34:39.353
2026-10-01 16:29:41,DATA100,0111,Matthew Griffin,27,27,0,2026-10-01 16:34:49,2026-10-01 16:34:49.672
2026-10-01 16:29:41,DATA100,0112,Matthew Griffin,27,27,0,2026-10-01 16:34:49,2026-10-01 16:34:49.673
2026-10-01 16:29:41,DATA100,0121,Matthew Griffin,27,27,0,2026-10-01 16:34:49,2026-10-01 16:34:49.673
2026-10-01 16:29:41,DATA100,0122,Matthew Griffin,27,27,0,2026-10-01 16:34:49,2026-10-01 16:34:49.673
2026-10-01 16:29:41,DATA100,0123,Matthew Griffin,27,27,0,2026-10-01 16:34:49,2026-10-01 16:34:49.673
2026-10-01 16:29:41,DATA100,0131,Matthew Griffin,27,27,0,2026-10-01 16:34:49,2026-10-01 16:34:49.673
2026-10-01 16:29:41,DATA100,0211,Matthew Griffin,27,27,0,2026-10-01 16:34:49,2026-10-01 16:34:49.674
2026-10-01 16:29:41,DATA100,0212,Matthew Griffin,27,27,0,2026-10-01 16:34:49,2026-10-01 16:34:49.674
2026-10-01 16:29:41,DATA100,0221,Matthew Griffin,27,27,0,2026-10-01 16:34:49,2026-10-01 16:34:49.674
2026-10-01 16:29:41,DATA100,0222,Matthew Griffin,27,27,0,2026-10-01 16:34:49,2026-10-01 16:34:49.674
2026-10-01 16:29:41,DATA100,0223,Matthew Griffin,27,27,0,2026-10-01 16:34:49,2026-10-01 16:34:49.674
2026-10-01 16:29:41,DATA100,0224,Matthew Griffin,27,27,0,2026-10-01 16:34:49,2026-10-01 16:34:49.675
2026-10-01 16:29:41,DATA100,0231,Matthew Griffin,27,27,0,2026-10-01 16:34:49,2026-10-01 16:34:49.675
2026-10-01 16:29:41,DATA100,0241,Matthew Griffin,27,27,0,2026-10-01 16:34:49,2026-10-01 16:34:49.675
2026-10-01 16:29:41,DATA100,0242,Matthew Griffin,27,27,0,2026-10-01 16:34:49,2026-10-01 16:34:49.675
2026-10-01 16:29:41,DATA100,0311,Jonathan Fernandes,25,25,0,2026-10-01 16:34:49,2026-10-01 16:34:49.675
2026-10-01 16:29:41,DATA100,0312,Jonathan Fernandes,25,25,0,2026-10-01 16:34:49,2026-10-01 16:34:49.675
2026-10-01 16:29:41,DATA100,0321,Jonathan Fernandes,25,25,0,2026-10-01 16:34:49,2026-10-01 16:34:49.676
2026-10-01 16:29:41,DATA100,0322,Jonathan Fernandes,25,25,0,2026-10-01 16:34:49,2026-10-01 16:34:49.676
2026-10-01 16:29:41,DATA100,0323,Jonathan Fernandes,25,25,0,2026-10-01 16:34:49,2026-10-01 16:34:49.676
2026-10-01 16:29:41,DATA110,0101,Susan Mazzullo,310,310,0,2026-10-01 16:34:49,2026-10-01 16:34:49.965
2026-10-01 16:29:41,DATA120,0101,Fardina Alam,200,200,0,2026-10-01 16:34:50,2026-10-01 16:34:50.181
2026-10-01 16:29:41,DATA200,0101,Fardina Alam,90,90,0,2026-10-01 16:34:50,2026-10-01 16:34:50.410
2026-10-01 16:29:41,DATA250,0101,Todd Rowland,30,30,0,2026-10-01 16:34:50,2026-10-01 16:34:50.623
2026-10-01 16:29:41,DATA320,0101,Maksym Morawski,20,20,0,2026-10-01 16:34:50,2026-10-01 16:34:50.846
2026-10-01 16:29:41,DATA320,0201,Fardina Alam,20,20,0,2026-10-01 16:34:50,2026-10-01 16:34:50.846
2026-10-01 16:29:41,DATA320,0301,Anna Evtushenko,12,12,0,2026-10-01 16:34:50,2026-10-01 16:34:50.846
2026-10-01 16:29:41,DATA350,0101,Todd Rowland,30,30,0,2026-10-01 16:34:51,2026-10-01 16:34:51.063
2026-10-01 16:29:41,DATA350,0201,Raluca Rosca,30,30,0,2026-10-01 16:34:51,2026-10-01 16:34:51.063
2026-10-01 16:29:41,DATA400,0111,Archana Khurana,27,27,0,2026-10-01 16:34:51,2026-10-01 16:34:51.298
2026-10-01 16:29:41,DATA400,0121,Archana Khurana,27,27,0,2026-10-01 16:34:51,2026-10-01 16:34:51.298
2026-10-01 16:29:41,DATA400,0131,Archana Khurana,27,27,0,2026-10-01 16:34:51,2026-10-01 16:34:51.299
2026-10-01 16:29:41,DATA400,0211,Salman Safdar,27,27,0,2026-10-01 16:34:51,2026-10-01 16:34:51.299
2026-10-01 16:29:41,DATA400,0311,Shixin Zheng,27,27,0,2026-10-01 16:34:51,2026-10-01 16:34:51.299
2026-10-01 16:29:41,DATA400,0321,Shixin Zheng,27,27,0,2026-10-01 16:34:51,2026-10-01 16:34:51.299
2026-10-01 16:29:41,DATA400,0331,Shixin Zheng,27,27,0,2026-10-01 16:34:51,2026-10-01 16:34:51.299
2026-10-01 16:29:41,DATA400,0411,Mestiyage Gunatilleka,27,27,0,2026-10-01 16:34:51,2026-10-01 16:34:51.299
2026-10-01 16:29:41,DATA400,0421,Mestiyage Gunatilleka,27,27,0,2026-10-01 16:34:51,2026-10-01 16:34:51.300
2026-10-01 16:29:41,DATA400,0431,Mestiyage Gunatilleka,27,27,0,2026-10-01 16:34:51,2026-10-01 16:34:51.300
2026-10-01 16:29:41,EALL361,0101,Jyana Browne,20,20,0,2026-10-01 16:34:52,2026-10-01 16:34:52.649
2026-10-01 16:29:41,EDDI300,0101,Nicole Mehta,20,20,0,2026-10-01 16:35:03,2026-10-01 16:35:03.083
2026-10-01 16:29:41,EMBA788G,GX01,Judy Frels,31,31,0,2026-10-01 16:35:23,2026-10-01 16:35:23.337
2026-10-01 16:29:41,EMBA788V,GX01,Zhi-Long Chen,31,31,0,2026-10-01 16:35:23,2026-10-01 16:35:23.555
2026-10-01 16:29:41,ENAI603,0101,A Seyed,35,35,0,2026-10-01 16:35:35,2026-10-01 16:35:35.430
2026-10-01 16:29:41,ENAI603,AEC1,A Seyed,20,20,0,2026-10-01 16:35:35,2026-10-01 16:35:35.430
2026-10-01 16:29:41,ENBC312,ESG1,Kyunghun Lee,20,20,0,2026-10-01 16:35:36,2026-10-01 16:35:36.830
2026-10-01 16:29:41,ENBC321,ESG1,Jamasp Azarnoosh,20,20,0,2026-10-01 16:35:37,2026-10-01 16:35:37.045
2026-10-01 16:29:41,ENBC342,ESG1,Lan Ma,20,20,0,2026-10-01 16:35:37,2026-10-01 16:35:37.265
2026-10-01 16:29:41,ENBC351,ESG1,Jarred Callura,20,20,0,2026-10-01 16:35:37,2026-10-01 16:35:37.475
2026-10-01 16:29:41,ENBC352,ESG1,Jarred Callura,20,20,0,2026-10-01 16:35:37,2026-10-01 16:35:37.687
2026-10-01 16:29:41,ENBC403,ESG1,Jamasp Azarnoosh,20,20,0,2026-10-01 16:35:37,2026-10-01 16:35:37.900
2026-10-01 16:29:41,ENBC441,ESG1,Lan Ma,20,20,0,2026-10-01 16:35:38,2026-10-01 16:35:38.129
2026-10-01 16:29:41,ENBC455,ESG1,Jarred Callura,20,20,0,2026-10-01 16:35:38,2026-10-01 16:35:38.376
2026-10-01 16:29:41,ENBC491,ESG1,Lan Ma,20,20,0,2026-10-01 16:35:38,2026-10-01 16:35:38.593
2026-10-01 16:29:41,ENCO099,0101,Lizzy Solovey,200,200,0,2026-10-01 16:35:45,2026-10-01 16:35:45.502
2026-10-01 16:29:41,ENEB304,ESG1,Nestor Michael Tiglao,20,20,0,2026-10-01 16:35:46,2026-10-01 16:35:46.898
2026-10-01 16:29:41,ENEB345,ESG1,Nestor Michael Tiglao,20,20,0,2026-10-01 16:35:47,2026-10-01 16:35:47.107
2026-10-01 16:29:41,ENEB352,ESG1,Mohamed Hany,20,20,0,2026-10-01 16:35:47,2026-10-01 16:35:47.336
2026-10-01 16:29:41,ENEB353,ESG1,Manoj Franklin,20,20,0,2026-10-01 16:35:47,2026-10-01 16:35:47.554
2026-10-01 16:29:41,ENEB355,ESG1,Nestor Michael Tiglao,20,20,0,2026-10-01 16:35:47,2026-10-01 16:35:47.773
2026-10-01 16:29:41,ENEB408B,ESG1,Jerry Wu,20,20,0,2026-10-01 16:35:47,2026-10-01 16:35:47.989
2026-10-01 16:29:41,ENEB443,ESG1,George Zaki,20,20,0,2026-10-01 16:35:48,2026-10-01 16:35:48.202
2026-10-01 16:29:41,ENEB453,ESG1,Nestor Michael Tiglao,20,20,0,2026-10-01 16:35:48,2026-10-01 16:35:48.422
2026-10-01 16:29:41,ENEB455,ESG1,Jerry Wu,20,20,0,2026-10-01 16:35:48,2026-10-01 16:35:48.638
2026-10-01 16:29:41,ENEB456,ESG1,Nestor Michael Tiglao,20,20,0,2026-10-01 16:35:48,2026-10-01 16:35:48.853
2026-10-01 16:29:41,ENED037,0101,Hillary Owusu,20,20,0,2026-10-01 16:35:50,2026-10-01 16:35:50.281
2026-10-01 16:29:41,ENED290H,0101,Christopher Troilo,45,45,0,2026-10-01 16:35:50,2026-10-01 16:35:50.497
2026-10-01 16:29:41,ENED390H,0101,Instructor: TBA,45,45,0,2026-10-01 16:35:50,2026-10-01 16:35:50.729
2026-10-01 16:29:41,ENED394H,0101,Maria Bardossy,40,40,0,2026-10-01 16:35:50,2026-10-01 16:35:50.969
2026-10-01 16:29:41,ENED397,0101,Emily Marks,9,9,0,2026-10-01 16:35:51,2026-10-01 16:35:51.181
2026-10-01 16:29:41,ENED490H,0101,David Ashley,45,45,0,2026-10-01 16:35:51,2026-10-01 16:35:51.410
2026-10-01 16:29:41,ENED491,0101,Jessica Roffe,10,10,0,2026-10-01 16:35:51,2026-10-01 16:35:51.638
2026-10-01 16:29:41,ENMT313,ESG1,Nicholas Limparis,3,3,0,2026-10-01 16:36:44,2026-10-01 16:36:44.972
2026-10-01 16:29:41,ENMT332,ESG1,Norman Wereley,4,4,0,2026-10-01 16:36:45,2026-10-01 16:36:45.187
2026-10-01 16:29:41,ENMT362,ESG1,Young Choi,3,3,0,2026-10-01 16:36:45,2026-10-01 16:36:45.400
2026-10-01 16:29:41,ENMT372,ESG1,Gurtajbir Herr,3,3,0,2026-10-01 16:36:45,2026-10-01 16:36:45.627
2026-10-01 16:29:41,ENMT477,ESG1,Gurtajbir Herr,7,7,0,2026-10-01 16:36:45,2026-10-01 16:36:45.840
2026-10-01 16:29:41,ENMT488C,ESG1,Colleen Murray,7,7,0,2026-10-01 16:36:46,2026-10-01 16:36:46.085
2026-10-01 16:29:41,ENMT488P,ESG1,Colleen Murray,7,7,0,2026-10-01 16:36:46,2026-10-01 16:36:46.313
2026-10-01 16:29:41,ENMT488Z,ESG1,Nicholas Limparis,7,7,0,2026-10-01 16:36:46,2026-10-01 16:36:46.527
2026-10-01 16:29:41,ENSP102,0101,Joanna Goger,22,22,0,2026-10-01 16:36:58,2026-10-01 16:36:58.278
2026-10-01 16:29:41,ENSP102,0102,Joanna Goger,22,22,0,2026-10-01 16:36:58,2026-10-01 16:36:58.278
2026-10-01 16:29:41,ENSP102,0103,Joanna Goger,23,23,0,2026-10-01 16:36:58,2026-10-01 16:36:58.278
2026-10-01 16:29:41,ENSP102,0104,Joanna Goger,22,22,0,2026-10-01 16:36:58,2026-10-01 16:36:58.279
2026-10-01 16:29:41,ENSP102,0105,Joanna Goger,22,22,0,2026-10-01 16:36:58,2026-10-01 16:36:58.279
2026-10-01 16:29:41,ENSP102,0106,Joanna Goger,22,22,0,2026-10-01 16:36:58,2026-10-01 16:36:58.279
2026-10-01 16:29:41,ENSP102,0107,Joanna Goger,22,22,0,2026-10-01 16:36:58,2026-10-01 16:36:58.279
2026-10-01 16:29:41,ENSP306,0101,Caroline Boules,30,30,0,2026-10-01 16:36:58,2026-10-01 16:36:58.535
2026-10-01 16:29:41,ENSP330,0101,Joanna Goger,35,35,0,2026-10-01 16:36:58,2026-10-01 16:36:58.748
2026-10-01 16:29:41,ENSP342,0101,Annette Spivy,35,35,0,2026-10-01 16:36:58,2026-10-01 16:36:58.957
2026-10-01 16:29:41,ENSP370,0101,Arielle Wharton,30,30,0,2026-10-01 16:36:59,2026-10-01 16:36:59.184
2026-10-01 16:29:41,ENSP399R,0101,Melissa Kenney,15,15,0,2026-10-01 16:36:59,2026-10-01 16:36:59.833
2026-10-01 16:29:41,ENSP399R,0301,Instructor: TBA,15,15,0,2026-10-01 16:36:59,2026-10-01 16:36:59.833
2026-10-01 16:29:41,ENSP399R,0601,Annette Spivy,10,10,0,2026-10-01 16:36:59,2026-10-01 16:36:59.833
2026-10-01 16:29:41,ENSP399R,1001,Jennifer Mullinax,10,10,0,2026-10-01 16:36:59,2026-10-01 16:36:59.833
2026-10-01 16:29:41,ENSP400,0101,Caroline Boules,30,30,0,2026-10-01 16:37:00,2026-10-01 16:37:00.096
2026-10-01 16:29:41,ENSP400,0102,Annette Spivy,30,30,0,2026-10-01 16:37:00,2026-10-01 16:37:00.096
2026-10-01 16:29:41,ENSP400,0104,Colleen O'Donnell,20,20,0,2026-10-01 16:37:00,2026-10-01 16:37:00.096
2026-10-01 16:29:41,FGSM398,0101,Jayakumar Arasan,120,120,0,2026-10-01 16:37:19,2026-10-01 16:37:19.697
2026-10-01 16:29:41,FGSM398,0201,Jayakumar Arasan,120,120,0,2026-10-01 16:37:19,2026-10-01 16:37:19.698
2026-10-01 16:29:41,GEMS102,0101,David Lovell,180,180,0,2026-10-01 16:37:39,2026-10-01 16:37:39.450
2026-10-01 16:29:41,GEMS208D,0101,Allison Lansverk,1,1,0,2026-10-01 16:37:39,2026-10-01 16:37:39.679
2026-10-01 16:29:41,GEMS208E,0101,Allison Lansverk,18,18,0,2026-10-01 16:37:39,2026-10-01 16:37:39.892
2026-10-01 16:29:41,GEMS208F,0201,Allison Lansverk,12,12,0,2026-10-01 16:37:40,2026-10-01 16:37:40.106
2026-10-01 16:29:41,GEMS208J,0101,Allison Lansverk,24,24,0,2026-10-01 16:37:40,2026-10-01 16:37:40.334
2026-10-01 16:29:41,GEMS208K,0101,Allison Lansverk,30,30,0,2026-10-01 16:37:40,2026-10-01 16:37:40.567
2026-10-01 16:29:41,GEMS208P,0101,Allison Lansverk,15,15,0,2026-10-01 16:37:40,2026-10-01 16:37:40.778
2026-10-01 16:29:41,GEMS208Q,0201,Allison Lansverk,1,1,0,2026-10-01 16:37:40,2026-10-01 16:37:40.994
2026-10-01 16:29:41,GEMS296,0113,David Lovell,5,5,0,2026-10-01 16:37:41,2026-10-01 16:37:41.202
2026-10-01 16:29:41,GEMS297,0101,Instructor: TBA,14,14,0,2026-10-01 16:37:41,2026-10-01 16:37:41.477
2026-10-01 16:29:41,GEMS297,0102,Instructor: TBA,14,14,0,2026-10-01 16:37:41,2026-10-01 16:37:41.477
2026-10-01 16:29:41,GEMS297,0103,Instructor: TBA,14,14,0,2026-10-01 16:37:41,2026-10-01 16:37:41.478
2026-10-01 16:29:41,GEMS297,0104,Instructor: TBA,14,14,0,2026-10-01 16:37:41,2026-10-01 16:37:41.478
2026-10-01 16:29:41,GEMS297,0105,Instructor: TBA,14,14,0,2026-10-01 16:37:41,2026-10-01 16:37:41.478
2026-10-01 16:29:41,GEMS297,0106,Instructor: TBA,14,14,0,2026-10-01 16:37:41,2026-10-01 16:37:41.478
2026-10-01 16:29:41,GEMS297,0107,Instructor: TBA,14,14,0,2026-10-01 16:37:41,2026-10-01 16:37:41.478
2026-10-01 16:29:41,GEMS297,0108,Instructor: TBA,14,14,0,2026-10-01 16:37:41,2026-10-01 16:37:41.479
2026-10-01 16:29:41,GEMS297,0109,Instructor: TBA,14,14,0,2026-10-01 16:37:41,2026-10-01 16:37:41.479
2026-10-01 16:29:41,GEMS297,0110,Instructor: TBA,14,14,0,2026-10-01 16:37:41,2026-10-01 16:37:41.479
2026-10-01 16:29:41,GEMS297,0111,Instructor: TBA,14,14,0,2026-10-01 16:37:41,2026-10-01 16:37:41.479
2026-10-01 16:29:41,GEMS297,0112,Instructor: TBA,14,14,0,2026-10-01 16:37:41,2026-10-01 16:37:41.479
2026-10-01 16:29:41,GEMS297,0113,Instructor: TBA,14,14,0,2026-10-01 16:37:41,2026-10-01 16:37:41.479
2026-10-01 16:29:41,GEMS297,0114,Instructor: TBA,14,14,0,2026-10-01 16:37:41,2026-10-01 16:37:41.480
2026-10-01 16:29:41,GEMS297,0115,Instructor: TBA,5,5,0,2026-10-01 16:37:41,2026-10-01 16:37:41.480
2026-10-01 16:29:41,GEMS396,0113,David Lovell,5,5,0,2026-10-01 16:37:41,2026-10-01 16:37:41.709
2026-10-01 16:29:41,GEMS397,0101,Michael Humber,14,14,0,2026-10-01 16:37:41,2026-10-01 16:37:41.941
2026-10-01 16:29:41,GEMS397,0102,Seth Dickey,14,14,0,2026-10-01 16:37:41,2026-10-01 16:37:41.941
2026-10-01 16:29:41,GEMS397,0103,Cecilia Huertas Cerdeira,14,14,0,2026-10-01 16:37:41,2026-10-01 16:37:41.941
2026-10-01 16:29:41,GEMS397,0104,Rodolphe Gentili,14,14,0,2026-10-01 16:37:41,2026-10-01 16:37:41.941
2026-10-01 16:29:41,GEMS397,0105,Allison Reilly,14,14,0,2026-10-01 16:37:41,2026-10-01 16:37:41.942
2026-10-01 16:29:41,GEMS397,0106,Peter Sunderland,14,14,0,2026-10-01 16:37:41,2026-10-01 16:37:41.942
2026-10-01 16:29:41,GEMS397,0107,Brett Lacey,14,14,0,2026-10-01 16:37:41,2026-10-01 16:37:41.942
2026-10-01 16:29:41,GEMS397,0108,Natalia Buzulukova,14,14,0,2026-10-01 16:37:41,2026-10-01 16:37:41.942
2026-10-01 16:29:41,GEMS397,0109,Anil Deane,14,14,0,2026-10-01 16:37:41,2026-10-01 16:37:41.942
2026-10-01 16:29:41,GEMS397,0110,Colenso Speer,14,14,0,2026-10-01 16:37:41,2026-10-01 16:37:41.942
2026-10-01 16:29:41,GEMS397,0111,Alisa Clyne,14,14,0,2026-10-01 16:37:41,2026-10-01 16:37:41.943
2026-10-01 16:29:41,GEMS397,0112,Xin Zan,14,14,0,2026-10-01 16:37:41,2026-10-01 16:37:41.943
2026-10-01 16:29:41,GEMS397,0113,Instructor: TBA,14,14,0,2026-10-01 16:37:41,2026-10-01 16:37:41.943
2026-10-01 16:29:41,GEMS397,0114,David Lovell,5,5,0,2026-10-01 16:37:41,2026-10-01 16:37:41.943
2026-10-01 16:29:41,GEMS397,0115,David Lovell,5,5,0,2026-10-01 16:37:41,2026-10-01 16:37:41.943
2026-10-01 16:29:41,GEMS496,0113,David Lovell,5,5,0,2026-10-01 16:37:42,2026-10-01 16:37:42.172
2026-10-01 16:29:41,GEMS497,0101,Eric Haag,14,14,0,2026-10-01 16:37:42,2026-10-01 16:37:42.412
2026-10-01 16:29:41,GEMS497,0102,Mohammad Nayeem Teli,14,14,0,2026-10-01 16:37:42,2026-10-01 16:37:42.412
2026-10-01 16:29:41,GEMS497,0103,Norberto Gonzalez- Juarbe,14,14,0,2026-10-01 16:37:42,2026-10-01 16:37:42.412
2026-10-01 16:29:41,GEMS497,0104,Abhinav Shrivastava,14,14,0,2026-10-01 16:37:42,2026-10-01 16:37:42.412
2026-10-01 16:29:41,GEMS497,0105,Hector Alcala,14,14,0,2026-10-01 16:37:42,2026-10-01 16:37:42.412
2026-10-01 16:29:41,GEMS497,0106,Massimo Ricotti,14,14,0,2026-10-01 16:37:42,2026-10-01 16:37:42.413
2026-10-01 16:29:41,GEMS497,0107,Reza Ghodssi,14,14,0,2026-10-01 16:37:42,2026-10-01 16:37:42.413
2026-10-01 16:29:41,GEMS497,0108,Nikhil Chopra,14,14,0,2026-10-01 16:37:42,2026-10-01 16:37:42.413
2026-10-01 16:29:41,GEMS497,0109,Kimberly Stroka,14,14,0,2026-10-01 16:37:42,2026-10-01 16:37:42.413
2026-10-01 16:29:41,GEMS497,0110,Gorjan Alagic,14,14,0,2026-10-01 16:37:42,2026-10-01 16:37:42.413
2026-10-01 16:29:41,GEMS497,0111,Alisa Clyne,14,14,0,2026-10-01 16:37:42,2026-10-01 16:37:42.413
2026-10-01 16:29:41,GEMS497,0112,Xin Zan,14,14,0,2026-10-01 16:37:42,2026-10-01 16:37:42.414
2026-10-01 16:29:41,GEMS497,0113,David Lovell,14,14,0,2026-10-01 16:37:42,2026-10-01 16:37:42.414
2026-10-01 16:29:41,GEMS497,0114,David Lovell,14,14,0,2026-10-01 16:37:42,2026-10-01 16:37:42.414
2026-10-01 16:29:41,GFPL100,0101,Alec Worsnop,21,21,0,2026-10-01 16:38:02,2026-10-01 16:38:02.564
2026-10-01 16:29:41,GFPL100,0102,Alec Worsnop,21,21,0,2026-10-01 16:38:02,2026-10-01 16:38:02.564
2026-10-01 16:29:41,GFPL100,0103,Alec Worsnop,21,21,0,2026-10-01 16:38:02,2026-10-01 16:38:02.564
2026-10-01 16:29:41,GFPL100,0104,Alec Worsnop,21,21,0,2026-10-01 16:38:02,2026-10-01 16:38:02.564
2026-10-01 16:29:41,GFPL100,0105,Alec Worsnop,21,21,0,2026-10-01 16:38:02,2026-10-01 16:38:02.564
2026-10-01 16:29:41,GFPL100,0106,Alec Worsnop,20,20,0,2026-10-01 16:38:02,2026-10-01 16:38:02.565
2026-10-01 16:29:41,GFPL102,0101,Caroline Ritter,95,95,0,2026-10-01 16:38:02,2026-10-01 16:38:02.792
2026-10-01 16:29:41,GFPL372,0101,Devin Entrikin,40,40,0,2026-10-01 16:38:03,2026-10-01 16:38:03.020
2026-10-01 16:29:41,GLBC200,0101,Parker Brookie,30,30,0,2026-10-01 16:38:04,2026-10-01 16:38:04.422
2026-10-01 16:29:41,GLBC360,0101,Hester Baer,30,30,0,2026-10-01 16:38:04,2026-10-01 16:38:04.649
2026-10-01 16:29:41,HACS101,0101,Michel Cukier,35,35,0,2026-10-01 16:38:25,2026-10-01 16:38:25.424
2026-10-01 16:29:41,HACS101,0201,Michel Cukier,35,35,0,2026-10-01 16:38:25,2026-10-01 16:38:25.424
2026-10-01 16:29:41,HACS201,0101,Bertrand Sobesto,26,26,0,2026-10-01 16:38:25,2026-10-01 16:38:25.636
2026-10-01 16:29:41,HACS208A,0101,Lawrence Gordon,20,20,0,2026-10-01 16:38:25,2026-10-01 16:38:25.851
2026-10-01 16:29:41,HACS208E,0101,Ian Serbin,26,26,0,2026-10-01 16:38:26,2026-10-01 16:38:26.067
2026-10-01 16:29:41,HACS208Z,0101,Zulema Belyeu,30,30,0,2026-10-01 16:38:26,2026-10-01 16:38:26.286
2026-10-01 16:29:41,HACS297,0101,Sarah Herberger,25,25,0,2026-10-01 16:38:26,2026-10-01 16:38:26.933
2026-10-01 16:29:41,HACS318A,0101,Lindsey Schrott,75,75,0,2026-10-01 16:38:27,2026-10-01 16:38:27.144
2026-10-01 16:29:41,HACS408C,0101,Lamia Zia,26,26,0,2026-10-01 16:38:27,2026-10-01 16:38:27.369
2026-10-01 16:29:41,HACS408P,0101,Firoozeh Rahimian,26,26,0,2026-10-01 16:38:27,2026-10-01 16:38:27.599
2026-10-01 16:29:41,HACS408T,0101,Kevin Bock,30,30,0,2026-10-01 16:38:27,2026-10-01 16:38:27.826
2026-10-01 16:29:41,HACS408V,0101,Edward Condon,30,30,0,2026-10-01 16:38:28,2026-10-01 16:38:28.052
2026-10-01 16:29:41,HACS497,0101,Cassie Harrington,25,25,0,2026-10-01 16:38:28,2026-10-01 16:38:28.477
2026-10-01 16:29:41,HACS498,0101,Thomas Woods,10,10,0,2026-10-01 16:38:28,2026-10-01 16:38:28.713
2026-10-01 16:29:41,HACS498,0201,Neal Ziring,18,18,0,2026-10-01 16:38:28,2026-10-01 16:38:28.714
2026-10-01 16:29:41,HACS498,0301,Michel Cukier,4,4,0,2026-10-01 16:38:28,2026-10-01 16:38:28.714
2026-10-01 16:29:41,HBUS105,0101,Daniel McCarthy,35,35,0,2026-10-01 16:38:30,2026-10-01 16:38:30.070
2026-10-01 16:29:41,HBUS105,0201,Daniel McCarthy,35,35,0,2026-10-01 16:38:30,2026-10-01 16:38:30.070
2026-10-01 16:29:41,HBUS205,0101,Nicole Coomber,30,30,0,2026-10-01 16:38:30,2026-10-01 16:38:30.287
2026-10-01 16:29:41,HBUS205,0201,Nicole Coomber,30,30,0,2026-10-01 16:38:30,2026-10-01 16:38:30.287
2026-10-01 16:29:41,HDCC106,0101,Jessica Lu,10,10,0,2026-10-01 16:38:31,2026-10-01 16:38:31.676
2026-10-01 16:29:41,HDCC106,0201,William Evans,10,10,0,2026-10-01 16:38:31,2026-10-01 16:38:31.676
2026-10-01 16:29:41,HDCC106,0301,Grant Bollmer,10,10,0,2026-10-01 16:38:31,2026-10-01 16:38:31.677
2026-10-01 16:29:41,HDCC106,0401,Cliff Bakalian,10,10,0,2026-10-01 16:38:31,2026-10-01 16:38:31.677
2026-10-01 16:29:41,HDCC106,0501,Alex Leitch,10,10,0,2026-10-01 16:38:31,2026-10-01 16:38:31.677
2026-10-01 16:29:41,HDCC106,0601,Jade Olson,10,10,0,2026-10-01 16:38:31,2026-10-01 16:38:31.677
2026-10-01 16:29:41,HDCC106,0701,Courtney Ray,10,10,0,2026-10-01 16:38:31,2026-10-01 16:38:31.677
2026-10-01 16:29:41,HDCC209A,0101,Jessica Lu,15,15,0,2026-10-01 16:38:31,2026-10-01 16:38:31.891
2026-10-01 16:29:41,HDCC209B,0101,Nishtha Das,15,15,0,2026-10-01 16:38:32,2026-10-01 16:38:32.106
2026-10-01 16:29:41,HDCC209C,0101,Hansika Murugu,15,15,0,2026-10-01 16:38:32,2026-10-01 16:38:32.332
2026-10-01 16:29:41,HEBR107,0101,Avital Karpman,15,15,0,2026-10-01 16:38:33,2026-10-01 16:38:33.957
2026-10-01 16:29:41,HEBR107,0201,Avital Karpman,15,15,0,2026-10-01 16:38:33,2026-10-01 16:38:33.957
2026-10-01 16:29:41,HEBR207,0101,Avital Karpman,15,15,0,2026-10-01 16:38:34,2026-10-01 16:38:34.168
2026-10-01 16:29:41,HEBR249A,0101,Aliza Sandalon,15,15,0,2026-10-01 16:38:34,2026-10-01 16:38:34.383
2026-10-01 16:29:41,HEBR314,0101,Aliza Sandalon,20,20,0,2026-10-01 16:38:34,2026-10-01 16:38:34.609
2026-10-01 16:29:41,HEBR488,0101,Bernard Cooperman,10,10,0,2026-10-01 16:38:35,2026-10-01 16:38:35.045
2026-10-01 16:29:41,HEBR488,0102,Aner Tal,10,10,0,2026-10-01 16:38:35,2026-10-01 16:38:35.045
2026-10-01 16:29:41,HGLO298,0101,Daniel Tuke,30,30,0,2026-10-01 16:38:51,2026-10-01 16:38:51.581
2026-10-01 16:29:41,HHUM106,0101,Sarah Humud,17,17,0,2026-10-01 16:38:52,2026-10-01 16:38:52.960
2026-10-01 16:29:41,HHUM106,0102,Sarah Humud,17,17,0,2026-10-01 16:38:52,2026-10-01 16:38:52.960
2026-10-01 16:29:41,HHUM106,0103,Sarah Humud,17,17,0,2026-10-01 16:38:52,2026-10-01 16:38:52.960
2026-10-01 16:29:41,HHUM106,0104,Sarah Humud,17,17,0,2026-10-01 16:38:52,2026-10-01 16:38:52.960
2026-10-01 16:29:41,HHUM206,0101,Sarah Humud,15,15,0,2026-10-01 16:38:53,2026-10-01 16:38:53.343
2026-10-01 16:29:41,HHUM206,0102,Sarah Humud,15,15,0,2026-10-01 16:38:53,2026-10-01 16:38:53.343
2026-10-01 16:29:41,HHUM206,0103,Sarah Humud,15,15,0,2026-10-01 16:38:53,2026-10-01 16:38:53.343
2026-10-01 16:29:41,HHUM206,0104,Sarah Humud,15,15,0,2026-10-01 16:38:53,2026-10-01 16:38:53.343
2026-10-01 16:29:41,HHUM328,0101,Sarah Humud,20,20,0,2026-10-01 16:38:53,2026-10-01 16:38:53.559
2026-10-01 16:29:41,HHUM329,0101,Sarah Humud,5,5,0,2026-10-01 16:38:53,2026-10-01 16:38:53.806
2026-10-01 16:29:41,HISP200,0101,Stefan Woehlke,22,22,0,2026-10-01 16:38:55,2026-10-01 16:38:55.253
2026-10-01 16:29:41,HISP200,0102,Stefan Woehlke,22,22,0,2026-10-01 16:38:55,2026-10-01 16:38:55.253
2026-10-01 16:29:41,HISP200,0103,Stefan Woehlke,22,22,0,2026-10-01 16:38:55,2026-10-01 16:38:55.253
2026-10-01 16:29:41,HISP200,0104,Stefan Woehlke,22,22,0,2026-10-01 16:38:55,2026-10-01 16:38:55.254
2026-10-01 16:29:41,HISP200,0105,Stefan Woehlke,22,22,0,2026-10-01 16:38:55,2026-10-01 16:38:55.254
2026-10-01 16:29:41,HISP319E,0101,Michelle Magalong,20,20,0,2026-10-01 16:38:55,2026-10-01 16:38:55.464
2026-10-01 16:29:41,HISP319S,0101,Michelle Magalong,30,30,0,2026-10-01 16:38:55,2026-10-01 16:38:55.691
2026-10-01 16:29:41,HISP619E,0101,Michelle Magalong,24,24,0,2026-10-01 16:38:55,2026-10-01 16:38:55.907
2026-10-01 16:29:41,HISP619O,0101,Stefan Woehlke,5,5,0,2026-10-01 16:38:56,2026-10-01 16:38:56.145
2026-10-01 16:29:41,HISP630,0101,Rhonda Sincavage,15,15,0,2026-10-01 16:38:56,2026-10-01 16:38:56.360
2026-10-01 16:29:41,HISP635,0101,Eola Dance,10,10,0,2026-10-01 16:38:56,2026-10-01 16:38:56.577
2026-10-01 16:29:41,HISP640,0101,Frederick Stachura,15,15,0,2026-10-01 16:38:56,2026-10-01 16:38:56.802
2026-10-01 16:29:41,HISP655,0101,Donald Linebaugh,15,15,0,2026-10-01 16:38:57,2026-10-01 16:38:57.018
2026-10-01 16:29:41,HISP660,0101,Instructor: TBA,15,15,0,2026-10-01 16:38:57,2026-10-01 16:38:57.586
2026-10-01 16:29:41,HISP670,0101,Alfonso Narvaez,15,15,0,2026-10-01 16:38:57,2026-10-01 16:38:57.799
2026-10-01 16:29:41,HISP690,0101,Donald Linebaugh,15,15,0,2026-10-01 16:38:58,2026-10-01 16:38:58.010
2026-10-01 16:29:41,HISP701,0101,Instructor: TBA,5,5,0,2026-10-01 16:38:58,2026-10-01 16:38:58.224
2026-10-01 16:29:41,HISP710,0101,Susan Kern,15,15,0,2026-10-01 16:38:58,2026-10-01 16:38:58.479
2026-10-01 16:29:41,HISP711,0101,Susan Kern,15,15,0,2026-10-01 16:38:58,2026-10-01 16:38:58.689
2026-10-01 16:29:41,HLSC102,0101,Sabrina Kramer,94,94,0,2026-10-01 16:39:20,2026-10-01 16:39:20.462
2026-10-01 16:29:41,HLSC102,0102,Jalah Townsend,35,35,0,2026-10-01 16:39:20,2026-10-01 16:39:20.462
2026-10-01 16:29:41,HLSC227,0101,Najib El-Sayed,25,25,0,2026-10-01 16:39:20,2026-10-01 16:39:20.683
2026-10-01 16:29:41,HLSC322,0101,Leslie Pick,23,23,0,2026-10-01 16:39:20,2026-10-01 16:39:20.918
2026-10-01 16:29:41,HLSC322,0102,Leslie Pick,23,23,0,2026-10-01 16:39:20,2026-10-01 16:39:20.918
2026-10-01 16:29:41,HLSC322,0103,Sabrina Kramer,23,23,0,2026-10-01 16:39:20,2026-10-01 16:39:20.918
2026-10-01 16:29:41,HLSC322,0104,Sabrina Kramer,23,23,0,2026-10-01 16:39:20,2026-10-01 16:39:20.919
2026-10-01 16:29:41,HLSC329,0101,Sabrina Kramer,12,12,0,2026-10-01 16:39:21,2026-10-01 16:39:21.149
2026-10-01 16:29:41,HNUH100,0101,Max Barnewitz,10,10,0,2026-10-01 16:39:32,2026-10-01 16:39:32.268
2026-10-01 16:29:41,HNUH218D,0101,Brian Gilmore,50,50,0,2026-10-01 16:39:32,2026-10-01 16:39:32.484
2026-10-01 16:29:41,HNUH218L,0101,Shauna Rigaud,20,20,0,2026-10-01 16:39:32,2026-10-01 16:39:32.702
2026-10-01 16:29:41,HNUH218L,0201,Shauna Rigaud,20,20,0,2026-10-01 16:39:32,2026-10-01 16:39:32.702
2026-10-01 16:29:41,HNUH218M,0101,Ebonie Johnson Cooper,20,20,0,2026-10-01 16:39:32,2026-10-01 16:39:32.924
2026-10-01 16:29:41,HNUH218N,0101,Sujith Kumar,20,20,0,2026-10-01 16:39:33,2026-10-01 16:39:33.136
2026-10-01 16:29:41,HNUH228D,0101,Matthew McLaughlin,60,60,0,2026-10-01 16:39:33,2026-10-01 16:39:33.348
2026-10-01 16:29:41,HNUH228L,0101,Alena Wigodner,20,20,0,2026-10-01 16:39:33,2026-10-01 16:39:33.561
2026-10-01 16:29:41,HNUH228L,0201,Alena Wigodner,20,20,0,2026-10-01 16:39:33,2026-10-01 16:39:33.561
2026-10-01 16:29:41,HNUH228M,0101,Ted Baker,20,20,0,2026-10-01 16:39:33,2026-10-01 16:39:33.775
2026-10-01 16:29:41,HNUH229P,0101,Tyson Slocum,20,20,0,2026-10-01 16:39:33,2026-10-01 16:39:33.990
2026-10-01 16:29:41,HNUH238D,0101,Susan Moeller,60,60,0,2026-10-01 16:39:34,2026-10-01 16:39:34.215
2026-10-01 16:29:41,HNUH238L,0101,Kimberly Johnson,20,20,0,2026-10-01 16:39:34,2026-10-01 16:39:34.461
2026-10-01 16:29:41,HNUH238L,0201,Kimberly Johnson,20,20,0,2026-10-01 16:39:34,2026-10-01 16:39:34.461
2026-10-01 16:29:41,HNUH238M,0101,Daniel Reck,20,20,0,2026-10-01 16:39:34,2026-10-01 16:39:34.675
2026-10-01 16:29:41,HNUH239I,0101,Jon Crocker,20,20,0,2026-10-01 16:39:34,2026-10-01 16:39:34.905
2026-10-01 16:29:41,HNUH248D,0101,Juan Uriagereka,45,45,0,2026-10-01 16:39:35,2026-10-01 16:39:35.123
2026-10-01 16:29:41,HNUH248L,0101,Robert Graham,20,20,0,2026-10-01 16:39:35,2026-10-01 16:39:35.338
2026-10-01 16:29:41,HNUH249T,0101,Daniel Rosenthal,20,20,0,2026-10-01 16:39:35,2026-10-01 16:39:35.569
2026-10-01 16:29:41,HNUH258C,0101,Bill Fagan,55,55,0,2026-10-01 16:39:35,2026-10-01 16:39:35.785
2026-10-01 16:29:41,HNUH258O,0101,Amy Green,20,20,0,2026-10-01 16:39:36,2026-10-01 16:39:36.024
2026-10-01 16:29:41,HNUH259T,0101,Ingrid Satelmajer,20,20,0,2026-10-01 16:39:36,2026-10-01 16:39:36.252
2026-10-01 16:29:41,HNUH268C,0101,Perla Guerrero,60,60,0,2026-10-01 16:39:36,2026-10-01 16:39:36.471
2026-10-01 16:29:41,HNUH268Q,0101,Binod Paudyal,20,20,0,2026-10-01 16:39:36,2026-10-01 16:39:36.706
2026-10-01 16:29:41,HNUH268R,0201,Vasfiye Toprak,20,20,0,2026-10-01 16:39:36,2026-10-01 16:39:36.915
2026-10-01 16:29:41,HNUH269T,0101,James Stillwell,20,20,0,2026-10-01 16:39:37,2026-10-01 16:39:37.143
2026-10-01 16:29:41,HNUH278C,0101,Chinyere Osuji,60,60,0,2026-10-01 16:39:37,2026-10-01 16:39:37.387
2026-10-01 16:29:41,HNUH278I,0101,Marisa Franco,20,20,0,2026-10-01 16:39:37,2026-10-01 16:39:37.600
2026-10-01 16:29:41,HNUH278I,0201,Marisa Franco,20,20,0,2026-10-01 16:39:37,2026-10-01 16:39:37.600
2026-10-01 16:29:41,HNUH278O,0101,DeNeen Brown,20,20,0,2026-10-01 16:39:37,2026-10-01 16:39:37.811
2026-10-01 16:29:41,HNUH278Q,0101,Katherine Coogan,20,20,0,2026-10-01 16:39:38,2026-10-01 16:39:38.040
2026-10-01 16:29:41,HNUH278R,0101,Max Barnewitz,20,20,0,2026-10-01 16:39:38,2026-10-01 16:39:38.268
2026-10-01 16:29:41,HNUH288C,0101,Julia Steinberg,30,30,0,2026-10-01 16:39:38,2026-10-01 16:39:38.488
2026-10-01 16:29:41,HNUH288C,0102,Julia Steinberg,30,30,0,2026-10-01 16:39:38,2026-10-01 16:39:38.488
2026-10-01 16:29:41,HNUH288O,0101,Ariana Nash,20,20,0,2026-10-01 16:39:38,2026-10-01 16:39:38.705
2026-10-01 16:29:41,HNUH300,0201,Vasfiye Toprak,20,20,0,2026-10-01 16:39:38,2026-10-01 16:39:38.933
2026-10-01 16:29:41,HNUH300,0301,Shauna Rigaud,20,20,0,2026-10-01 16:39:38,2026-10-01 16:39:38.933
2026-10-01 16:29:41,HNUH300,0401,Vasfiye Toprak,20,20,0,2026-10-01 16:39:38,2026-10-01 16:39:38.934
2026-10-01 16:29:41,HNUH300,0501,Ingrid Satelmajer,20,20,0,2026-10-01 16:39:38,2026-10-01 16:39:38.934
2026-10-01 16:29:41,HNUH300,0701,Jordan Johnson,20,20,0,2026-10-01 16:39:38,2026-10-01 16:39:38.934
2026-10-01 16:29:41,HNUH300,0801,Instructor: TBA,20,20,0,2026-10-01 16:39:38,2026-10-01 16:39:38.934
2026-10-01 16:29:41,HNUH300,0901,Alena Wigodner,20,20,0,2026-10-01 16:39:38,2026-10-01 16:39:38.934
2026-10-01 16:29:41,HNUH300,1001,Robert Graham,20,20,0,2026-10-01 16:39:38,2026-10-01 16:39:38.935
2026-10-01 16:29:41,HNUH300,1101,Max Barnewitz,20,20,0,2026-10-01 16:39:38,2026-10-01 16:39:38.935
2026-10-01 16:29:41,HNUH398P,0101,Jayakumar Arasan,120,120,0,2026-10-01 16:39:39,2026-10-01 16:39:39.153
2026-10-01 16:29:41,HNUH398P,0201,Jayakumar Arasan,120,120,0,2026-10-01 16:39:39,2026-10-01 16:39:39.154
2026-10-01 16:29:41,HONR379W,0101,Blake Wilder,15,15,0,2026-10-01 16:39:40,2026-10-01 16:39:40.513
2026-10-01 16:29:41,IDEA201,0101,Mira Azarm,20,20,0,2026-10-01 16:39:41,2026-10-01 16:39:41.898
2026-10-01 16:29:41,IDEA201,0102,Christina Hnatov,10,10,0,2026-10-01 16:39:41,2026-10-01 16:39:41.899
2026-10-01 16:29:41,IDEA201,0103,Brooke Smith,60,60,0,2026-10-01 16:39:41,2026-10-01 16:39:41.899
2026-10-01 16:29:41,IDEA201,0104,Brooke Smith,60,60,0,2026-10-01 16:39:41,2026-10-01 16:39:41.899
2026-10-01 16:29:41,IDEA311,0101,Brooke Smith,40,40,0,2026-10-01 16:39:42,2026-10-01 16:39:42.114
2026-10-01 16:29:41,IDEA311,0102,Brooke Smith,15,15,0,2026-10-01 16:39:42,2026-10-01 16:39:42.114
2026-10-01 16:29:41,IDEA312,0101,Meredith Kaunitz,15,15,0,2026-10-01 16:39:42,2026-10-01 16:39:42.329
2026-10-01 16:29:41,IMDM101,0101,Stevens Miller,30,30,0,2026-10-01 16:39:44,2026-10-01 16:39:44.330
2026-10-01 16:29:41,IMDM101,0201,Stevens Miller,30,30,0,2026-10-01 16:39:44,2026-10-01 16:39:44.331
2026-10-01 16:29:41,IMDM101,0301,Myungin Lee,30,30,0,2026-10-01 16:39:44,2026-10-01 16:39:44.331
2026-10-01 16:29:41,IMDM127,0101,Matthew Nolan,30,30,0,2026-10-01 16:39:44,2026-10-01 16:39:44.559
2026-10-01 16:29:41,IMDM150,0101,Cy Keener,45,45,0,2026-10-01 16:39:44,2026-10-01 16:39:44.774
2026-10-01 16:29:41,IMDM290,0101,Myungin Lee,30,30,0,2026-10-01 16:39:44,2026-10-01 16:39:44.994
2026-10-01 16:29:41,IMDM290,0201,Myungin Lee,30,30,0,2026-10-01 16:39:44,2026-10-01 16:39:44.994
2026-10-01 16:29:41,IMDM351,0101,Georgia Creson,15,15,0,2026-10-01 16:39:45,2026-10-01 16:39:45.209
2026-10-01 16:29:41,IMDM390,0101,Stefano Passeri,30,30,0,2026-10-01 16:39:45,2026-10-01 16:39:45.425
2026-10-01 16:29:41,IMDM390,0201,Stefano Passeri,30,30,0,2026-10-01 16:39:45,2026-10-01 16:39:45.425
2026-10-01 16:29:41,IMDM491,0101,Matthew Nolan,30,30,0,2026-10-01 16:39:45,2026-10-01 16:39:45.853
2026-10-01 16:29:41,IMDM491,0201,Matthew Nolan,30,30,0,2026-10-01 16:39:45,2026-10-01 16:39:45.853
2026-10-01 16:29:41,IMDM498I,0101,Snehesh Shrestha,16,16,0,2026-10-01 16:39:46,2026-10-01 16:39:46.068
2026-10-01 16:29:41,IMDM498J,0101,Yael Inbar,15,15,0,2026-10-01 16:39:46,2026-10-01 16:39:46.295
2026-10-01 16:29:41,IMMR200,0101,Instructor: TBA,40,40,0,2026-10-01 16:39:47,2026-10-01 16:39:47.881
2026-10-01 16:29:41,IMMR394,0101,Wenxi Yang,25,25,0,2026-10-01 16:39:48,2026-10-01 16:39:48.109
2026-10-01 16:29:41,IMMR399,0101,Christina Getrich,1,1,0,2026-10-01 16:39:48,2026-10-01 16:39:48.335
2026-10-01 16:29:41,INFM612,IM01,Instructor: TBA,40,40,0,2026-10-01 16:39:53,2026-10-01 16:39:53.536
2026-10-01 16:29:41,INFM737,IM01,David Loshin,40,40,0,2026-10-01 16:39:53,2026-10-01 16:39:53.752
2026-10-01 16:29:41,ISRL187,0101,Bernard Cooperman,23,23,0,2026-10-01 16:40:14,2026-10-01 16:40:14.872
2026-10-01 16:29:41,ISRL187,0102,Bernard Cooperman,23,23,0,2026-10-01 16:40:14,2026-10-01 16:40:14.872
2026-10-01 16:29:41,ISRL187,0103,Bernard Cooperman,23,23,0,2026-10-01 16:40:14,2026-10-01 16:40:14.872
2026-10-01 16:29:41,ISRL249O,0101,Aner Tal,35,35,0,2026-10-01 16:40:15,2026-10-01 16:40:15.092
2026-10-01 16:29:41,ISRL249P,0101,Aliza Sandalon,15,15,0,2026-10-01 16:40:15,2026-10-01 16:40:15.304
2026-10-01 16:29:41,ISRL282,0101,Shirelle Doughty,30,30,0,2026-10-01 16:40:15,2026-10-01 16:40:15.548
2026-10-01 16:29:41,ISRL329D,0101,Regev Ben-David,35,35,0,2026-10-01 16:40:15,2026-10-01 16:40:15.767
2026-10-01 16:29:41,ISRL329Y,0101,Marwa Maziad,30,30,0,2026-10-01 16:40:15,2026-10-01 16:40:15.993
2026-10-01 16:29:41,ISRL342,0101,Elli Lieberman,35,35,0,2026-10-01 16:40:16,2026-10-01 16:40:16.234
2026-10-01 16:29:41,ISRL349N,0101,Morad Elsana,30,30,0,2026-10-01 16:40:16,2026-10-01 16:40:16.450
2026-10-01 16:29:41,ISRL349W,0101,Avital Karpman,35,35,0,2026-10-01 16:40:16,2026-10-01 16:40:16.662
2026-10-01 16:29:41,ISRL372,0101,Shirelle Doughty,30,30,0,2026-10-01 16:40:16,2026-10-01 16:40:16.875
2026-10-01 16:29:41,ISRL380,0101,Regev Ben-David,35,35,0,2026-10-01 16:40:17,2026-10-01 16:40:17.116
2026-10-01 16:29:41,ISRL383,0101,Ilai Saltzman,35,35,0,2026-10-01 16:40:17,2026-10-01 16:40:17.361
2026-10-01 16:29:41,JAPN102,0101,Kumiko Akikawa,15,15,0,2026-10-01 16:40:21,2026-10-01 16:40:21.607
2026-10-01 16:29:41,JAPN102,0201,Kumiko Akikawa,15,15,0,2026-10-01 16:40:21,2026-10-01 16:40:21.607
2026-10-01 16:29:41,JAPN202,0101,Makiko Inoue,15,15,0,2026-10-01 16:40:21,2026-10-01 16:40:21.839
2026-10-01 16:29:41,JAPN202,0201,Makiko Inoue,15,15,0,2026-10-01 16:40:21,2026-10-01 16:40:21.840
2026-10-01 16:29:41,JAPN302,0101,Mari Hamada,15,15,0,2026-10-01 16:40:22,2026-10-01 16:40:22.074
2026-10-01 16:29:41,JAPN306,0101,Lindsay Yotsukura,15,15,0,2026-10-01 16:40:22,2026-10-01 16:40:22.286
2026-10-01 16:29:41,JAPN335,0101,Michele Mason,20,20,0,2026-10-01 16:40:22,2026-10-01 16:40:22.497
2026-10-01 16:29:41,JAPN355,0101,Jyana Browne,20,20,0,2026-10-01 16:40:22,2026-10-01 16:40:22.714
2026-10-01 16:29:41,JAPN361,0101,Jyana Browne,20,20,0,2026-10-01 16:40:22,2026-10-01 16:40:22.955
2026-10-01 16:29:41,JAPN425,0101,Michele Mason,30,30,0,2026-10-01 16:40:23,2026-10-01 16:40:23.377
2026-10-01 16:29:41,JAPN457,0101,Lindsay Yotsukura,15,15,0,2026-10-01 16:40:23,2026-10-01 16:40:23.594
2026-10-01 16:29:41,JWST187,0101,Bernard Cooperman,23,23,0,2026-10-01 16:40:41,2026-10-01 16:40:41.494
2026-10-01 16:29:41,JWST187,0102,Bernard Cooperman,23,23,0,2026-10-01 16:40:41,2026-10-01 16:40:41.494
2026-10-01 16:29:41,JWST187,0103,Bernard Cooperman,23,23,0,2026-10-01 16:40:41,2026-10-01 16:40:41.494
2026-10-01 16:29:41,JWST233,0101,Hayim Lapin,45,45,0,2026-10-01 16:40:41,2026-10-01 16:40:41.707
2026-10-01 16:29:41,JWST319A,0101,Daniel Richter,35,35,0,2026-10-01 16:40:41,2026-10-01 16:40:41.937
2026-10-01 16:29:41,JWST319J,0101,Nathan Levine,35,35,0,2026-10-01 16:40:42,2026-10-01 16:40:42.152
2026-10-01 16:29:41,JWST319P,0101,Lauren Kotkin,18,18,0,2026-10-01 16:40:42,2026-10-01 16:40:42.373
2026-10-01 16:29:41,JWST319Q,0101,Regev Ben-David,35,35,0,2026-10-01 16:40:42,2026-10-01 16:40:42.588
2026-10-01 16:29:41,JWST319W,0101,Avital Karpman,35,35,0,2026-10-01 16:40:42,2026-10-01 16:40:42.804
2026-10-01 16:29:41,JWST324,0101,Matthew Suriano,25,25,0,2026-10-01 16:40:43,2026-10-01 16:40:43.017
2026-10-01 16:29:41,JWST372,0101,Shirelle Doughty,30,30,0,2026-10-01 16:40:43,2026-10-01 16:40:43.250
2026-10-01 16:29:41,JWST386,0101,Instructor: TBA,5,5,0,2026-10-01 16:40:43,2026-10-01 16:40:43.468
2026-10-01 16:29:41,JWST419B,0101,Bernard Cooperman,20,20,0,2026-10-01 16:40:43,2026-10-01 16:40:43.911
2026-10-01 16:29:41,JWST427,0101,Matthew Suriano,15,15,0,2026-10-01 16:40:44,2026-10-01 16:40:44.142
2026-10-01 16:29:41,JWST469C,0101,Bernard Cooperman,10,10,0,2026-10-01 16:40:44,2026-10-01 16:40:44.398
2026-10-01 16:29:41,KORA101,0101,Seong Minne Koh,15,15,0,2026-10-01 16:41:03,2026-10-01 16:41:03.648
2026-10-01 16:29:41,KORA102,0101,Saerom Kwak,15,15,0,2026-10-01 16:41:03,2026-10-01 16:41:03.881
2026-10-01 16:29:41,KORA102,0201,Saerom Kwak,15,15,0,2026-10-01 16:41:03,2026-10-01 16:41:03.882
2026-10-01 16:29:41,KORA102,0301,Saerom Kwak,15,15,0,2026-10-01 16:41:03,2026-10-01 16:41:03.882
2026-10-01 16:29:41,KORA102,0401,Saerom Kwak,15,15,0,2026-10-01 16:41:03,2026-10-01 16:41:03.882
2026-10-01 16:29:41,KORA202,0101,Seong Minne Koh,15,15,0,2026-10-01 16:41:04,2026-10-01 16:41:04.114
2026-10-01 16:29:41,KORA202,0301,Seong Minne Koh,15,15,0,2026-10-01 16:41:04,2026-10-01 16:41:04.115
2026-10-01 16:29:41,KORA398O,0101,Instructor: TBA,10,10,0,2026-10-01 16:41:04,2026-10-01 16:41:04.360
2026-10-01 16:29:41,KORA398V,0101,Seong Minne Koh,10,10,0,2026-10-01 16:41:04,2026-10-01 16:41:04.580
2026-10-01 16:29:41,LEAD217,0101,Festus Ainoo,25,25,0,2026-10-01 16:41:17,2026-10-01 16:41:17.504
2026-10-01 16:29:41,LEAD217,0201,Festus Ainoo,25,25,0,2026-10-01 16:41:17,2026-10-01 16:41:17.505
2026-10-01 16:29:41,LEAD321,0101,Courtney Holder,10,10,0,2026-10-01 16:41:17,2026-10-01 16:41:17.718
2026-10-01 16:29:41,LEAD417,0101,Anastasia Lavrenyuk,20,20,0,2026-10-01 16:41:17,2026-10-01 16:41:17.937
2026-10-01 16:29:41,LGBT200,0101,Sayan Bhattacharya,25,25,0,2026-10-01 16:41:19,2026-10-01 16:41:19.327
2026-10-01 16:29:41,LGBT200,0102,Sayan Bhattacharya,25,25,0,2026-10-01 16:41:19,2026-10-01 16:41:19.328
2026-10-01 16:29:41,LGBT265,0201,Instructor: TBA,30,30,0,2026-10-01 16:41:19,2026-10-01 16:41:19.551
2026-10-01 16:29:41,LGBT310,0101,Sayan Bhattacharya,25,25,0,2026-10-01 16:41:19,2026-10-01 16:41:19.818
2026-10-01 16:29:41,LGBT475,0101,Sydney Lewis,20,20,0,2026-10-01 16:41:20,2026-10-01 16:41:20.037
2026-10-01 16:29:41,MLAW150,0101,David Gray,25,25,0,2026-10-01 16:41:48,2026-10-01 16:41:48.816
2026-10-01 16:29:41,MLAW150,0102,David Gray,25,25,0,2026-10-01 16:41:48,2026-10-01 16:41:48.817
2026-10-01 16:29:41,MLAW150,0103,David Gray,25,25,0,2026-10-01 16:41:48,2026-10-01 16:41:48.817
2026-10-01 16:29:41,MLAW304,0101,Christine White,40,40,0,2026-10-01 16:41:49,2026-10-01 16:41:49.033
2026-10-01 16:29:41,MLAW305,0201,Brian Gilmore,60,60,0,2026-10-01 16:41:49,2026-10-01 16:41:49.260
2026-10-01 16:29:41,MLAW325,0101,Grace Benton,12,12,0,2026-10-01 16:41:49,2026-10-01 16:41:49.474
2026-10-01 16:29:41,MLAW358W,0101,Michael Spivey,25,25,0,2026-10-01 16:41:49,2026-10-01 16:41:49.737
2026-10-01 16:29:41,MLAW358W,0102,Michael Spivey,25,25,0,2026-10-01 16:41:49,2026-10-01 16:41:49.737
2026-10-01 16:29:41,MLAW358W,0103,Michael Spivey,25,25,0,2026-10-01 16:41:49,2026-10-01 16:41:49.737
2026-10-01 16:29:41,MLAW358W,0104,Michael Spivey,25,25,0,2026-10-01 16:41:49,2026-10-01 16:41:49.738
2026-10-01 16:29:41,MLAW358W,0105,Michael Spivey,25,25,0,2026-10-01 16:41:49,2026-10-01 16:41:49.738
2026-10-01 16:29:41,MLAW358W,0106,Michael Spivey,25,25,0,2026-10-01 16:41:49,2026-10-01 16:41:49.738
2026-10-01 16:29:41,MLAW358Y,0101,Martin Kobren,5,5,0,2026-10-01 16:41:49,2026-10-01 16:41:49.957
2026-10-01 16:29:41,MLAW358Z,0101,Christine White,19,19,0,2026-10-01 16:41:50,2026-10-01 16:41:50.169
2026-10-01 16:29:41,MLAW359,0101,Brandee Pettus,8,8,0,2026-10-01 16:41:50,2026-10-01 16:41:50.384
2026-10-01 16:29:41,MLAW378E,0101,Brandee Pettus,5,5,0,2026-10-01 16:41:50,2026-10-01 16:41:50.604
2026-10-01 16:29:41,MLAW378F,0101,Brian Gilmore,15,15,0,2026-10-01 16:41:50,2026-10-01 16:41:50.841
2026-10-01 16:29:41,MLAW378J,0101,Natalie Ram,20,20,0,2026-10-01 16:41:51,2026-10-01 16:41:51.054
2026-10-01 16:29:41,MLAW378T,0101,Marley Weiss,20,20,0,2026-10-01 16:41:51,2026-10-01 16:41:51.286
2026-10-01 16:29:41,MLAW388,0101,Brandee Pettus,33,33,0,2026-10-01 16:41:51,2026-10-01 16:41:51.502
2026-10-01 16:29:41,MLAW388,0201,Brandee Pettus,6,6,0,2026-10-01 16:41:51,2026-10-01 16:41:51.502
2026-10-01 16:29:41,MLAW404,0101,Christine White,75,75,0,2026-10-01 16:41:51,2026-10-01 16:41:51.730
2026-10-01 16:29:41,NAVY101,0101,Beau Cisneros,30,30,0,2026-10-01 16:42:18,2026-10-01 16:42:18.061
2026-10-01 16:29:41,NAVY108,0101,Christopher Boehm,150,150,0,2026-10-01 16:42:18,2026-10-01 16:42:18.270
2026-10-01 16:29:41,NAVY201,0101,Austin Cranfill,30,30,0,2026-10-01 16:42:18,2026-10-01 16:42:18.497
2026-10-01 16:29:41,NAVY301,0101,Beau Cisneros,35,35,0,2026-10-01 16:42:18,2026-10-01 16:42:18.732
2026-10-01 16:29:41,NAVY401,0101,John Gonser,36,36,0,2026-10-01 16:42:18,2026-10-01 16:42:18.960
2026-10-01 16:29:41,NAVY402,0102,Jenna Weiner,25,25,0,2026-10-01 16:42:19,2026-10-01 16:42:19.177
2026-10-01 16:29:41,NEUR200,0101,Ana Navarro Cebrian,90,90,0,2026-10-01 16:42:20,2026-10-01 16:42:20.572
2026-10-01 16:29:41,NEUR200,0201,Ana Navarro Cebrian,90,90,0,2026-10-01 16:42:20,2026-10-01 16:42:20.572
2026-10-01 16:29:41,NEUR305,0101,Amanda Chicoli,90,90,0,2026-10-01 16:42:20,2026-10-01 16:42:20.800
2026-10-01 16:29:41,NEUR306,0101,Chan Lin,64,64,0,2026-10-01 16:42:21,2026-10-01 16:42:21.019
2026-10-01 16:29:41,NEUR306,0102,Melissa Caras,40,40,0,2026-10-01 16:42:21,2026-10-01 16:42:21.019
2026-10-01 16:29:41,NEUR338A,0101,Amanda Chicoli,20,20,0,2026-10-01 16:42:21,2026-10-01 16:42:21.437
2026-10-01 16:29:41,NEUR398H,0101,Nikolas Francis,20,20,0,2026-10-01 16:42:22,2026-10-01 16:42:22.117
2026-10-01 16:29:41,NEUR405,0101,Hilary Bierman,16,16,0,2026-10-01 16:42:22,2026-10-01 16:42:22.345
2026-10-01 16:29:41,NEUR405,0102,Hilary Bierman,16,16,0,2026-10-01 16:42:22,2026-10-01 16:42:22.345
2026-10-01 16:29:41,NEUR405,0103,Hilary Bierman,16,16,0,2026-10-01 16:42:22,2026-10-01 16:42:22.345
2026-10-01 16:29:41,NEUR405,0106,Hilary Bierman,16,16,0,2026-10-01 16:42:22,2026-10-01 16:42:22.345
2026-10-01 16:29:41,PEER318,0101,Christina Jay,15,15,0,2026-10-01 16:42:30,2026-10-01 16:42:30.530
2026-10-01 16:29:41,PEER319,0101,Grace Boudreau,15,15,0,2026-10-01 16:42:30,2026-10-01 16:42:30.746
2026-10-01 16:29:41,PEER322,0101,Aleia Gardner,15,15,0,2026-10-01 16:42:30,2026-10-01 16:42:30.957
2026-10-01 16:29:41,PHPE308A,0101,Rachel Singpurwalla,25,25,0,2026-10-01 16:42:42,2026-10-01 16:42:42.690
2026-10-01 16:29:41,PHPE308M,0101,Eric Pacuit,30,30,0,2026-10-01 16:42:43,2026-10-01 16:42:43.009
2026-10-01 16:29:41,PHPE308P,0101,Xinzhi Zhao,30,30,0,2026-10-01 16:42:43,2026-10-01 16:42:43.285
2026-10-01 16:29:41,PHPE308U,0101,Aner Tal,35,35,0,2026-10-01 16:42:43,2026-10-01 16:42:43.757
2026-10-01 16:29:41,PHPE308Z,0101,Hallie Liberto,30,30,0,2026-10-01 16:42:44,2026-10-01 16:42:44.031
2026-10-01 16:29:41,PHPE400,0101,Instructor: TBA,30,30,0,2026-10-01 16:42:44,2026-10-01 16:42:44.469
2026-10-01 16:29:41,PHPE401,0101,Xinzhi Zhao,27,27,0,2026-10-01 16:42:44,2026-10-01 16:42:44.797
2026-10-01 16:29:41,PHPE401,0102,Xinzhi Zhao,27,27,0,2026-10-01 16:42:44,2026-10-01 16:42:44.797
2026-10-01 16:29:41,PHPE402,0101,Ben Fan,30,30,0,2026-10-01 16:42:45,2026-10-01 16:42:45.087
2026-10-01 16:29:41,PHPE408M,0101,Nicholas Laskowski,25,25,0,2026-10-01 16:42:45,2026-10-01 16:42:45.297
2026-10-01 16:29:41,PHPE408Q,0101,Samuel Kerstein,20,20,0,2026-10-01 16:42:45,2026-10-01 16:42:45.516
2026-10-01 16:29:41,PHPE408Z,0101,Avia Pasternak,30,30,0,2026-10-01 16:42:45,2026-10-01 16:42:45.812
2026-10-01 16:29:41,PHSC399,0101,Shannon Edward,30,30,0,2026-10-01 16:42:48,2026-10-01 16:42:48.090
2026-10-01 16:29:41,PHSC399,ESG1,Shannon Edward,20,20,0,2026-10-01 16:42:48,2026-10-01 16:42:48.090
2026-10-01 16:29:41,PHSC415,0101,Jessica O'Hara,36,36,0,2026-10-01 16:42:48,2026-10-01 16:42:48.879
2026-10-01 16:29:41,PHSC415,0102,Jessica O'Hara,36,36,0,2026-10-01 16:42:48,2026-10-01 16:42:48.880
2026-10-01 16:29:41,PHSC415,0103,Jessica O'Hara,36,36,0,2026-10-01 16:42:48,2026-10-01 16:42:48.880
2026-10-01 16:29:41,PHSC415,0104,Jessica O'Hara,36,36,0,2026-10-01 16:42:48,2026-10-01 16:42:48.880
2026-10-01 16:29:41,PHSC415,0105,Jessica O'Hara,36,36,0,2026-10-01 16:42:48,2026-10-01 16:42:48.880
2026-10-01 16:29:41,PHSC425,0101,Jennifer German,30,30,0,2026-10-01 16:42:49,2026-10-01 16:42:49.602
2026-10-01 16:29:41,PHSC440,0101,Kendall Bustad,35,35,0,2026-10-01 16:42:49,2026-10-01 16:42:49.831
2026-10-01 16:29:41,PHSC450,0101,Kendall Bustad,20,20,0,2026-10-01 16:42:50,2026-10-01 16:42:50.058
2026-10-01 16:29:41,PHSC450,0102,Kendall Bustad,20,20,0,2026-10-01 16:42:50,2026-10-01 16:42:50.058
2026-10-01 16:29:41,PHSC450,0103,Kendall Bustad,20,20,0,2026-10-01 16:42:50,2026-10-01 16:42:50.058
2026-10-01 16:29:41,PHSC450,0104,Kendall Bustad,20,20,0,2026-10-01 16:42:50,2026-10-01 16:42:50.058
2026-10-01 16:29:41,PHSC450,0105,Kendall Bustad,20,20,0,2026-10-01 16:42:50,2026-10-01 16:42:50.059
2026-10-01 16:29:41,PHSC450,0106,Kendall Bustad,20,20,0,2026-10-01 16:42:50,2026-10-01 16:42:50.059
2026-10-01 16:29:41,PHSC450,0107,Kendall Bustad,20,20,0,2026-10-01 16:42:50,2026-10-01 16:42:50.059
2026-10-01 16:29:41,PHSC490,0101,Shannon Edward,30,30,0,2026-10-01 16:42:50,2026-10-01 16:42:50.274
2026-10-01 16:29:41,PHSC497,0101,Gretchen De Silva,20,20,0,2026-10-01 16:42:50,2026-10-01 16:42:50.527
2026-10-01 16:29:41,PHSC497,0201,Kendall Bustad,20,20,0,2026-10-01 16:42:50,2026-10-01 16:42:50.527
2026-10-01 16:29:41,PHSC497,0301,Gretchen De Silva,20,20,0,2026-10-01 16:42:50,2026-10-01 16:42:50.527
2026-10-01 16:29:41,PHSC497,0401,Aysha Jawed,20,20,0,2026-10-01 16:42:50,2026-10-01 16:42:50.528
2026-10-01 16:29:41,PHSC497,0501,Jennifer German,20,20,0,2026-10-01 16:42:50,2026-10-01 16:42:50.528
2026-10-01 16:29:41,PHSC497,0601,Ann Truelove,20,20,0,2026-10-01 16:42:50,2026-10-01 16:42:50.528
2026-10-01 16:29:41,PHSC497,0701,Lakeshia Watson,20,20,0,2026-10-01 16:42:50,2026-10-01 16:42:50.528
2026-10-01 16:29:41,PHSC497,0801,Carmen Booker,20,20,0,2026-10-01 16:42:50,2026-10-01 16:42:50.528
2026-10-01 16:29:41,PHSC497,0901,Darya Soltani,20,20,0,2026-10-01 16:42:50,2026-10-01 16:42:50.528
2026-10-01 16:29:41,PHSC497,1001,Brienna Anderson,20,20,0,2026-10-01 16:42:50,2026-10-01 16:42:50.529
2026-10-01 16:29:41,PHSC497,1101,Margaret Smith,20,20,0,2026-10-01 16:42:50,2026-10-01 16:42:50.529
2026-10-01 16:29:41,PHSC497,1201,Eric Silfen,20,20,0,2026-10-01 16:42:50,2026-10-01 16:42:50.529
2026-10-01 16:29:41,PHSC497,1301,Lakeshia Watson,20,20,0,2026-10-01 16:42:50,2026-10-01 16:42:50.529
2026-10-01 16:29:41,RDEV250,0101,Wayne Ricardo Curtis,75,75,0,2026-10-01 16:43:35,2026-10-01 16:43:35.075
2026-10-01 16:29:41,RDEV250,0102,Wayne Ricardo Curtis,75,75,0,2026-10-01 16:43:35,2026-10-01 16:43:35.075
2026-10-01 16:29:41,RDEV270,0101,John Park,30,30,0,2026-10-01 16:43:35,2026-10-01 16:43:35.291
2026-10-01 16:29:41,RDEV350,0101,Jesse Saginor,25,25,0,2026-10-01 16:43:35,2026-10-01 16:43:35.505
2026-10-01 16:29:41,RDEV350,0102,Instructor: TBA,30,30,0,2026-10-01 16:43:35,2026-10-01 16:43:35.505
2026-10-01 16:29:41,RDEV410,0101,Peter Goldsmith,30,30,0,2026-10-01 16:43:35,2026-10-01 16:43:35.732
2026-10-01 16:29:41,RDEV415,0101,Bilal Ali,20,20,0,2026-10-01 16:43:35,2026-10-01 16:43:35.947
2026-10-01 16:29:41,RDEV445,0101,Matthew O'Malley,15,15,0,2026-10-01 16:43:36,2026-10-01 16:43:36.160
2026-10-01 16:29:41,RDEV450,0101,Kathryn Corby,30,30,0,2026-10-01 16:43:36,2026-10-01 16:43:36.377
2026-10-01 16:29:41,RDEV450,0102,Thomas Dwyer,20,20,0,2026-10-01 16:43:36,2026-10-01 16:43:36.377
2026-10-01 16:29:41,RDEV450,0103,John Park,30,30,0,2026-10-01 16:43:36,2026-10-01 16:43:36.377
2026-10-01 16:29:41,RDEV478D,0101,Jesse Saginor,20,20,0,2026-10-01 16:43:36,2026-10-01 16:43:36.588
2026-10-01 16:29:41,RDEV600,0101,Jesse Saginor,10,10,0,2026-10-01 16:43:36,2026-10-01 16:43:36.800
2026-10-01 16:29:41,RDEV603,0101,Thomas Dwyer,18,18,0,2026-10-01 16:43:37,2026-10-01 16:43:37.029
2026-10-01 16:29:41,RDEV610,0101,David Warner,20,20,0,2026-10-01 16:43:37,2026-10-01 16:43:37.256
2026-10-01 16:29:41,RDEV615,0101,Bilal Ali,20,20,0,2026-10-01 16:43:37,2026-10-01 16:43:37.468
2026-10-01 16:29:41,RDEV630,0101,Mansur Abdul-Malik,30,30,0,2026-10-01 16:43:37,2026-10-01 16:43:37.697
2026-10-01 16:29:41,RDEV650,0101,Matthew O'Malley,25,25,0,2026-10-01 16:43:37,2026-10-01 16:43:37.925
2026-10-01 16:29:41,RDEV689F,0101,Zachary Marks,20,20,0,2026-10-01 16:43:38,2026-10-01 16:43:38.141
2026-10-01 16:29:41,RDEV689I,0101,Ronald McDonald,14,14,0,2026-10-01 16:43:38,2026-10-01 16:43:38.368
2026-10-01 16:29:41,RDEV689R,0101,Nick Egelanian,15,15,0,2026-10-01 16:43:38,2026-10-01 16:43:38.597
2026-10-01 16:29:41,RDEV689Y,0101,Instructor: TBA,12,12,0,2026-10-01 16:43:38,2026-10-01 16:43:38.883
2026-10-01 16:29:41,RDEV690,0101,Tanya Bansal,12,12,0,2026-10-01 16:43:39,2026-10-01 16:43:39.102
2026-10-01 16:29:41,RELS170,0101,Katherine Wasdin,21,21,0,2026-10-01 16:43:40,2026-10-01 16:43:40.506
2026-10-01 16:29:41,RELS170,0102,Katherine Wasdin,21,21,0,2026-10-01 16:43:40,2026-10-01 16:43:40.507
2026-10-01 16:29:41,RELS170,0103,Katherine Wasdin,21,21,0,2026-10-01 16:43:40,2026-10-01 16:43:40.507
2026-10-01 16:29:41,RELS170,0104,Katherine Wasdin,21,21,0,2026-10-01 16:43:40,2026-10-01 16:43:40.507
2026-10-01 16:29:41,RELS170,0105,Katherine Wasdin,21,21,0,2026-10-01 16:43:40,2026-10-01 16:43:40.507
2026-10-01 16:29:41,RELS170,0106,Katherine Wasdin,21,21,0,2026-10-01 16:43:40,2026-10-01 16:43:40.507
2026-10-01 16:29:41,RELS170,0107,Katherine Wasdin,21,21,0,2026-10-01 16:43:40,2026-10-01 16:43:40.508
2026-10-01 16:29:41,RELS170,0108,Katherine Wasdin,21,21,0,2026-10-01 16:43:40,2026-10-01 16:43:40.508
2026-10-01 16:29:41,RELS170,0109,Katherine Wasdin,21,21,0,2026-10-01 16:43:40,2026-10-01 16:43:40.508
2026-10-01 16:29:41,RELS264,0101,Jay Moses,30,30,0,2026-10-01 16:43:40,2026-10-01 16:43:40.739
2026-10-01 16:29:41,RELS271,0101,Instructor: TBA,40,40,0,2026-10-01 16:43:40,2026-10-01 16:43:40.984
2026-10-01 16:29:41,RELS319Q,0101,Regev Ben-David,35,35,0,2026-10-01 16:43:41,2026-10-01 16:43:41.194
2026-10-01 16:29:41,RELS342,0101,Stefano Villani,27,27,0,2026-10-01 16:43:41,2026-10-01 16:43:41.405
2026-10-01 16:29:41,RELS427,0101,Matthew Suriano,15,15,0,2026-10-01 16:43:41,2026-10-01 16:43:41.616
2026-10-01 16:29:41,RELS429M,0101,Antoine Borrut,27,27,0,2026-10-01 16:43:41,2026-10-01 16:43:41.844
2026-10-01 16:29:41,RUSS102,0101,Inna Hardman,15,15,0,2026-10-01 16:43:43,2026-10-01 16:43:43.308
2026-10-01 16:29:41,RUSS102,0201,Inna Hardman,15,15,0,2026-10-01 16:43:43,2026-10-01 16:43:43.308
2026-10-01 16:29:41,RUSS202,0101,Zhanna Gerus-Vernola,15,15,0,2026-10-01 16:43:43,2026-10-01 16:43:43.551
2026-10-01 16:29:41,RUSS302,0101,Izolda Savenkova,15,15,0,2026-10-01 16:43:43,2026-10-01 16:43:43.780
2026-10-01 16:29:41,RUSS398A,0101,Instructor: TBA,15,15,0,2026-10-01 16:43:44,2026-10-01 16:43:44.214
2026-10-01 16:29:41,RUSS398F,0101,Elizabeth Papazian,25,25,0,2026-10-01 16:43:44,2026-10-01 16:43:44.427
2026-10-01 16:29:41,RUSS406,0101,Izolda Savenkova,15,15,0,2026-10-01 16:43:44,2026-10-01 16:43:44.852
2026-10-01 16:29:41,RUSS412,0101,Inna Hardman,15,15,0,2026-10-01 16:43:45,2026-10-01 16:43:45.074
2026-10-01 16:29:41,SDSB123,0101,Srijeeta Mitra,26,26,0,2026-10-01 16:43:46,2026-10-01 16:43:46.676
2026-10-01 16:29:41,SDSB180,0101,Srijeeta Mitra,155,155,0,2026-10-01 16:43:46,2026-10-01 16:43:46.903
2026-10-01 16:29:41,SDSB233,0101,Richard Engstrom,28,28,0,2026-10-01 16:43:47,2026-10-01 16:43:47.125
2026-10-01 16:29:41,SDSB233,0102,Richard Engstrom,28,28,0,2026-10-01 16:43:47,2026-10-01 16:43:47.125
2026-10-01 16:29:41,SDSB326,0101,Jacob Coutts,40,40,0,2026-10-01 16:43:47,2026-10-01 16:43:47.340
2026-10-01 16:29:41,SDSB340,0101,Neil Lund,24,24,0,2026-10-01 16:43:47,2026-10-01 16:43:47.550
2026-10-01 16:29:41,SDSI414,0101,Instructor: TBA,40,40,0,2026-10-01 16:43:48,2026-10-01 16:43:48.915
2026-10-01 16:29:41,SDSI414,0102,Instructor: TBA,40,40,0,2026-10-01 16:43:48,2026-10-01 16:43:48.915
2026-10-01 16:29:41,SDSI414,0103,Instructor: TBA,40,40,0,2026-10-01 16:43:48,2026-10-01 16:43:48.915
2026-10-01 16:29:41,SDSI414,0201,Instructor: TBA,40,40,0,2026-10-01 16:43:48,2026-10-01 16:43:48.915
2026-10-01 16:29:41,SDSI414,0202,Instructor: TBA,40,40,0,2026-10-01 16:43:48,2026-10-01 16:43:48.915
2026-10-01 16:29:41,SDSI492,0101,Instructor: TBA,29,29,0,2026-10-01 16:43:49,2026-10-01 16:43:49.156
2026-10-01 16:29:41,SDSI492,0103,Instructor: TBA,25,25,0,2026-10-01 16:43:49,2026-10-01 16:43:49.157
2026-10-01 16:29:41,SDSI492,0104,Instructor: TBA,20,20,0,2026-10-01 16:43:49,2026-10-01 16:43:49.157
2026-10-01 16:29:41,SDSI492,0105,Instructor: TBA,50,50,0,2026-10-01 16:43:49,2026-10-01 16:43:49.157
2026-10-01 16:29:41,SDSI492,0106,Lesley Langa,50,50,0,2026-10-01 16:43:49,2026-10-01 16:43:49.157
2026-10-01 16:29:41,SDSI492,0107,Instructor: TBA,25,25,0,2026-10-01 16:43:49,2026-10-01 16:43:49.157
2026-10-01 16:29:41,SDSI492,0108,Instructor: TBA,25,25,0,2026-10-01 16:43:49,2026-10-01 16:43:49.158
2026-10-01 16:29:41,SDSI492,0110,Instructor: TBA,25,25,0,2026-10-01 16:43:49,2026-10-01 16:43:49.158
2026-10-01 16:29:41,SDSI496,0101,Jacob Coutts,25,25,0,2026-10-01 16:43:49,2026-10-01 16:43:49.397
2026-10-01 16:29:41,SLLC286,0101,Andrew Schonebaum,60,60,0,2026-10-01 16:43:52,2026-10-01 16:43:52.814
2026-10-01 16:29:41,SLLC287,0101,Sean Pue,20,20,0,2026-10-01 16:43:53,2026-10-01 16:43:53.041
2026-10-01 16:29:41,SLLC305,0101,Nahal Akbari-Saneh,25,25,0,2026-10-01 16:43:53,2026-10-01 16:43:53.256
2026-10-01 16:29:41,SLLC309,0101,Ahmed Hanafy,10,10,0,2026-10-01 16:43:53,2026-10-01 16:43:53.509
2026-10-01 16:29:41,SLLC309,0102,Ahmed Hanafy,10,10,0,2026-10-01 16:43:53,2026-10-01 16:43:53.509
2026-10-01 16:29:41,SLLC309,0103,Ahmed Hanafy,10,10,0,2026-10-01 16:43:53,2026-10-01 16:43:53.510
2026-10-01 16:29:41,SLLC309,0104,Ahmed Hanafy,10,10,0,2026-10-01 16:43:53,2026-10-01 16:43:53.510
2026-10-01 16:29:41,SLLC309,0105,Ahmed Hanafy,10,10,0,2026-10-01 16:43:53,2026-10-01 16:43:53.510
2026-10-01 16:29:41,SLLC309,0106,Ahmed Hanafy,10,10,0,2026-10-01 16:43:53,2026-10-01 16:43:53.510
2026-10-01 16:29:41,SLLC309,0107,Ahmed Hanafy,10,10,0,2026-10-01 16:43:53,2026-10-01 16:43:53.510
2026-10-01 16:29:41,SLLC309,0108,Ahmed Hanafy,10,10,0,2026-10-01 16:43:53,2026-10-01 16:43:53.511
2026-10-01 16:29:41,SLLC309,0109,Ahmed Hanafy,10,10,0,2026-10-01 16:43:53,2026-10-01 16:43:53.511
2026-10-01 16:29:41,SLLC309,0110,Ahmed Hanafy,10,10,0,2026-10-01 16:43:53,2026-10-01 16:43:53.511
2026-10-01 16:29:41,SLLC309,0111,Ahmed Hanafy,10,10,0,2026-10-01 16:43:53,2026-10-01 16:43:53.511
2026-10-01 16:29:41,SLLC329,0101,Marilyn Matar,10,10,0,2026-10-01 16:43:53,2026-10-01 16:43:53.758
2026-10-01 16:29:41,SLLC329,0102,Marilyn Matar,10,10,0,2026-10-01 16:43:53,2026-10-01 16:43:53.758
2026-10-01 16:29:41,SLLC329,0103,Marilyn Matar,20,20,0,2026-10-01 16:43:53,2026-10-01 16:43:53.759
2026-10-01 16:29:41,SLLC329,0104,Marilyn Matar,10,10,0,2026-10-01 16:43:53,2026-10-01 16:43:53.759
2026-10-01 16:29:41,SLLC329,0105,Marilyn Matar,10,10,0,2026-10-01 16:43:53,2026-10-01 16:43:53.759
2026-10-01 16:29:41,SLLC329,0106,Marilyn Matar,10,10,0,2026-10-01 16:43:53,2026-10-01 16:43:53.759
2026-10-01 16:29:41,SLLC329,0107,Marilyn Matar,10,10,0,2026-10-01 16:43:53,2026-10-01 16:43:53.759
2026-10-01 16:29:41,SLLC329,0108,Marilyn Matar,10,10,0,2026-10-01 16:43:53,2026-10-01 16:43:53.760
2026-10-01 16:29:41,SLLC329,0109,Marilyn Matar,10,10,0,2026-10-01 16:43:53,2026-10-01 16:43:53.760
2026-10-01 16:29:41,SLLC329,0110,Marilyn Matar,20,20,0,2026-10-01 16:43:53,2026-10-01 16:43:53.760
2026-10-01 16:29:41,SMLP471,0101,Jennifer Hsin,60,60,0,2026-10-01 16:43:55,2026-10-01 16:43:55.126
2026-10-01 16:29:41,SMLP474,0101,Sara Herald,60,60,0,2026-10-01 16:43:55,2026-10-01 16:43:55.351
2026-10-01 16:29:41,SPHL100,0101,Shuling Wu,20,20,0,2026-10-01 16:44:13,2026-10-01 16:44:13.744
2026-10-01 16:29:41,SPHL100,0102,Shuling Wu,20,20,0,2026-10-01 16:44:13,2026-10-01 16:44:13.744
2026-10-01 16:29:41,SPHL100,0103,Shuling Wu,20,20,0,2026-10-01 16:44:13,2026-10-01 16:44:13.744
2026-10-01 16:29:41,SPHL100,0104,Shuling Wu,20,20,0,2026-10-01 16:44:13,2026-10-01 16:44:13.744
2026-10-01 16:29:41,SPHL100,0105,Shuling Wu,20,20,0,2026-10-01 16:44:13,2026-10-01 16:44:13.745
2026-10-01 16:29:41,SPHL100,0106,Shuling Wu,20,20,0,2026-10-01 16:44:13,2026-10-01 16:44:13.745
2026-10-01 16:29:41,SPHL100,0107,Shuling Wu,20,20,0,2026-10-01 16:44:13,2026-10-01 16:44:13.745
2026-10-01 16:29:41,SPHL100,0108,Shuling Wu,20,20,0,2026-10-01 16:44:13,2026-10-01 16:44:13.745
2026-10-01 16:29:41,SPHL100,0109,Shuling Wu,20,20,0,2026-10-01 16:44:13,2026-10-01 16:44:13.745
2026-10-01 16:29:41,SPHL100,0110,Shuling Wu,20,20,0,2026-10-01 16:44:13,2026-10-01 16:44:13.746
2026-10-01 16:29:41,SPHL100,0201,Shuling Wu,20,20,0,2026-10-01 16:44:13,2026-10-01 16:44:13.746
2026-10-01 16:29:41,SPHL100,0202,Shuling Wu,20,20,0,2026-10-01 16:44:13,2026-10-01 16:44:13.746
2026-10-01 16:29:41,SPHL100,0203,Shuling Wu,20,20,0,2026-10-01 16:44:13,2026-10-01 16:44:13.746
2026-10-01 16:29:41,SPHL100,0204,Shuling Wu,20,20,0,2026-10-01 16:44:13,2026-10-01 16:44:13.746
2026-10-01 16:29:41,SPHL100,0205,Shuling Wu,20,20,0,2026-10-01 16:44:13,2026-10-01 16:44:13.747
2026-10-01 16:29:41,SPHL100,0206,Shuling Wu,20,20,0,2026-10-01 16:44:13,2026-10-01 16:44:13.747
2026-10-01 16:29:41,SPHL100,0207,Shuling Wu,20,20,0,2026-10-01 16:44:13,2026-10-01 16:44:13.747
2026-10-01 16:29:41,SPHL100,0208,Shuling Wu,20,20,0,2026-10-01 16:44:13,2026-10-01 16:44:13.747
2026-10-01 16:29:41,SPHL246,0101,April Khaing,20,20,0,2026-10-01 16:44:13,2026-10-01 16:44:13.974
2026-10-01 16:29:41,SPHL276,0101,Dina Borzekowski,25,25,0,2026-10-01 16:44:14,2026-10-01 16:44:14.202
2026-10-01 16:29:41,SPHL321,0101,Sylvette La Touche-Howard,15,15,0,2026-10-01 16:44:14,2026-10-01 16:44:14.431
2026-10-01 16:29:41,SPHL333,0101,Cynthia Kershaw,75,75,0,2026-10-01 16:44:14,2026-10-01 16:44:14.643
2026-10-01 16:29:41,SPHL478,0101,Tracy Zeeger,10,10,0,2026-10-01 16:44:15,2026-10-01 16:44:15.078
2026-10-01 16:29:41,SPHL600,0101,Sylvette La Touche-Howard,8,8,0,2026-10-01 16:44:15,2026-10-01 16:44:15.289
2026-10-01 16:29:41,SPHL610,0101,Danielle Catona,22,22,0,2026-10-01 16:44:15,2026-10-01 16:44:15.515
2026-10-01 16:29:41,SPHL610,0102,Danielle Catona,22,22,0,2026-10-01 16:44:15,2026-10-01 16:44:15.515
2026-10-01 16:29:41,SPHL610,0103,Danielle Catona,22,22,0,2026-10-01 16:44:15,2026-10-01 16:44:15.515
2026-10-01 16:29:41,SPHL610,PLB1,Priscilla Novak,20,20,0,2026-10-01 16:44:15,2026-10-01 16:44:15.516
2026-10-01 16:29:41,SPHL610,PLH1,Priscilla Novak,28,28,0,2026-10-01 16:44:15,2026-10-01 16:44:15.516
2026-10-01 16:29:41,SPHL610,PLK1,Priscilla Novak,5,5,0,2026-10-01 16:44:15,2026-10-01 16:44:15.516
2026-10-01 16:29:41,SPHL611,0101,Danielle Catona,45,45,0,2026-10-01 16:44:15,2026-10-01 16:44:15.744
2026-10-01 16:29:41,SPHL611,0201,Danielle Catona,45,45,0,2026-10-01 16:44:15,2026-10-01 16:44:15.744
2026-10-01 16:29:41,SPHL611,PLB1,Evelyn King-Marshall,20,20,0,2026-10-01 16:44:15,2026-10-01 16:44:15.745
2026-10-01 16:29:41,SPHL611,PLH1,Evelyn King-Marshall,28,28,0,2026-10-01 16:44:15,2026-10-01 16:44:15.745
2026-10-01 16:29:41,SPHL611,PLK1,Evelyn King-Marshall,5,5,0,2026-10-01 16:44:15,2026-10-01 16:44:15.745
2026-10-01 16:29:41,SPHL612,0101,James Hagberg,15,15,0,2026-10-01 16:44:15,2026-10-01 16:44:15.978
2026-10-01 16:29:41,TLTC310,0101,Sarah Kistner,20,20,0,2026-10-01 16:44:39,2026-10-01 16:44:39.864
2026-10-01 16:29:41,TLTC333,0101,Mona Thompson,55,55,0,2026-10-01 16:44:40,2026-10-01 16:44:40.100
2026-10-01 16:29:41,TLTC333,0102,Mona Thompson,55,55,0,2026-10-01 16:44:40,2026-10-01 16:44:40.100
2026-10-01 16:29:41,TLTC333,0105,Mona Thompson,55,55,0,2026-10-01 16:44:40,2026-10-01 16:44:40.100
2026-10-01 16:29:41,URSP372,0101,Priscila Alves,20,20,0,2026-10-01 16:44:47,2026-10-01 16:44:47.412
2026-10-01 16:29:41,URSP488A,0101,Chengri Ding,30,30,0,2026-10-01 16:44:47,2026-10-01 16:44:47.625
2026-10-01 16:29:41,URSP600,0101,Kevin Nelson,25,25,0,2026-10-01 16:44:47,2026-10-01 16:44:47.857
2026-10-01 16:29:41,URSP603,0101,Dawn Jourdan,33,33,0,2026-10-01 16:44:48,2026-10-01 16:44:48.069
2026-10-01 16:29:41,URSP606,0101,Chengri Ding,15,15,0,2026-10-01 16:44:48,2026-10-01 16:44:48.299
2026-10-01 16:29:41,URSP631,0101,Hiroyuki Iseki,15,15,0,2026-10-01 16:44:48,2026-10-01 16:44:48.515
2026-10-01 16:29:41,URSP668B,0101,Eric Burnstein,20,20,0,2026-10-01 16:44:48,2026-10-01 16:44:48.739
2026-10-01 16:29:41,URSP673,0101,Riem ElZoghbi,25,25,0,2026-10-01 16:44:48,2026-10-01 16:44:48.955
2026-10-01 16:29:41,URSP688M,0101,Andrew Bernish,20,20,0,2026-10-01 16:44:49,2026-10-01 16:44:49.172
2026-10-01 16:29:41,URSP688P,0101,Sonja Ewing,15,15,0,2026-10-01 16:44:49,2026-10-01 16:44:49.383
2026-10-01 16:29:41,URSP688Y,0101,Chester Harvey,30,30,0,2026-10-01 16:44:49,2026-10-01 16:44:49.620
2026-10-01 16:29:41,URSP708,0101,Nicholas Finio,10,10,0,2026-10-01 16:44:49,2026-10-01 16:44:49.831
2026-10-01 16:29:41,URSP709,0101,Casey Dawkins,10,10,0,2026-10-01 16:44:50,2026-10-01 16:44:50.060
2026-10-01 16:29:41,URSP805,0101,Casey Dawkins,15,15,0,2026-10-01 16:44:50,2026-10-01 16:44:50.937
2026-10-01 16:29:41,USLT202,0101,Robert Chester,26,26,0,2026-10-01 16:44:52,2026-10-01 16:44:52.847
2026-10-01 16:29:41,USLT403,0101,Perla Guerrero,20,20,0,2026-10-01 16:44:53,2026-10-01 16:44:53.062
2026-10-01 16:29:41,USLT420,0101,Robert Chester,27,27,0,2026-10-01 16:44:53,2026-10-01 16:44:53.279
2026-10-01 16:29:41,USLT488,0101,Nancy Mirabal,30,30,0,2026-10-01 16:44:53,2026-10-01 16:44:53.505
2026-10-01 16:29:41,USLT498L,0101,Fernando Rios,12,12,0,2026-10-01 16:44:53,2026-10-01 16:44:53.721
2026-10-01 16:29:41,VIPS208,0102,Ken Kiger,10,10,0,2026-10-01 16:44:55,2026-10-01 16:44:55.128
2026-10-01 16:29:41,VIPS208,0103,Bryan Quinn,10,10,0,2026-10-01 16:44:55,2026-10-01 16:44:55.128
2026-10-01 16:29:41,VIPS208,0104,Ryan Sochol,10,10,0,2026-10-01 16:44:55,2026-10-01 16:44:55.128
2026-10-01 16:29:41,VIPS208,0105,Molly Carton,10,10,0,2026-10-01 16:44:55,2026-10-01 16:44:55.128
2026-10-01 16:29:41,VIPS208,0106,James Baeder,11,11,0,2026-10-01 16:44:55,2026-10-01 16:44:55.129
2026-10-01 16:29:41,VIPS208,0107,Catherine Spirito,10,10,0,2026-10-01 16:44:55,2026-10-01 16:44:55.129
2026-10-01 16:29:41,VIPS208,0108,Ronald Yaros,10,10,0,2026-10-01 16:44:55,2026-10-01 16:44:55.129
2026-10-01 16:29:41,VIPS208,0109,Carinna Ferguson,10,10,0,2026-10-01 16:44:55,2026-10-01 16:44:55.129
2026-10-01 16:29:41,VIPS208,0110,Tracy Riggins,10,10,0,2026-10-01 16:44:55,2026-10-01 16:44:55.129
2026-10-01 16:29:41,VIPS208,0111,Kevin Calabro,10,10,0,2026-10-01 16:44:55,2026-10-01 16:44:55.130
2026-10-01 16:29:41,VIPS208,0112,Raffaele Viglianti,10,10,0,2026-10-01 16:44:55,2026-10-01 16:44:55.130
2026-10-01 16:29:41,VIPS208,0113,Shabnam Jabeen,10,10,0,2026-10-01 16:44:55,2026-10-01 16:44:55.130
2026-10-01 16:29:41,VIPS208,0114,Ning Zeng,10,10,0,2026-10-01 16:44:55,2026-10-01 16:44:55.130
2026-10-01 16:29:41,VIPS208,0115,Veronica Kang,10,10,0,2026-10-01 16:44:55,2026-10-01 16:44:55.130
2026-10-01 16:29:41,VIPS208,0116,David Stewart,10,10,0,2026-10-01 16:44:55,2026-10-01 16:44:55.130
2026-10-01 16:29:41,VIPS208,0117,Meredith Epstein,10,10,0,2026-10-01 16:44:55,2026-10-01 16:44:55.131
2026-10-01 16:29:41,VIPS208,0118,Magaly Toro Ibaceta,10,10,0,2026-10-01 16:44:55,2026-10-01 16:44:55.131
2026-10-01 16:29:41,VIPS208,0120,Marisa Parham,10,10,0,2026-10-01 16:44:55,2026-10-01 16:44:55.131
2026-10-01 16:29:41,VIPS208,0121,Becky Epanchin-Niell,10,10,0,2026-10-01 16:44:55,2026-10-01 16:44:55.131
2026-10-01 16:29:41,VIPS208,0122,Timothy Reedy,10,10,0,2026-10-01 16:44:55,2026-10-01 16:44:55.131
2026-10-01 16:29:41,VIPS208,0123,Lingnan Lin,10,10,0,2026-10-01 16:44:55,2026-10-01 16:44:55.132
2026-10-01 16:29:41,VIPS208,0124,Jeffrey Moro,10,10,0,2026-10-01 16:44:55,2026-10-01 16:44:55.132
2026-10-01 16:29:41,VIPS208,0125,Peter Sunderland,10,10,0,2026-10-01 16:44:55,2026-10-01 16:44:55.132
2026-10-01 16:29:41,VIPS208,0126,Brienna Anderson,10,10,0,2026-10-01 16:44:55,2026-10-01 16:44:55.132
2026-10-01 16:29:41,VIPS308,0102,Ken Kiger,10,10,0,2026-10-01 16:44:55,2026-10-01 16:44:55.399
2026-10-01 16:29:41,VIPS308,0103,Bryan Quinn,13,13,0,2026-10-01 16:44:55,2026-10-01 16:44:55.400
2026-10-01 16:29:41,VIPS308,0104,Ryan Sochol,10,10,0,2026-10-01 16:44:55,2026-10-01 16:44:55.400
2026-10-01 16:29:41,VIPS308,0105,Molly Carton,10,10,0,2026-10-01 16:44:55,2026-10-01 16:44:55.400
2026-10-01 16:29:41,VIPS308,0106,James Baeder,10,10,0,2026-10-01 16:44:55,2026-10-01 16:44:55.400
2026-10-01 16:29:41,VIPS308,0107,Catherine Spirito,10,10,0,2026-10-01 16:44:55,2026-10-01 16:44:55.400
2026-10-01 16:29:41,VIPS308,0108,Ronald Yaros,10,10,0,2026-10-01 16:44:55,2026-10-01 16:44:55.400
2026-10-01 16:29:41,VIPS308,0109,Carinna Ferguson,10,10,0,2026-10-01 16:44:55,2026-10-01 16:44:55.401
2026-10-01 16:29:41,VIPS308,0110,Tracy Riggins,10,10,0,2026-10-01 16:44:55,2026-10-01 16:44:55.401
2026-10-01 16:29:41,VIPS308,0111,Kevin Calabro,10,10,0,2026-10-01 16:44:55,2026-10-01 16:44:55.401
2026-10-01 16:29:41,VIPS308,0112,Raffaele Viglianti,10,10,0,2026-10-01 16:44:55,2026-10-01 16:44:55.401
2026-10-01 16:29:41,VIPS308,0113,Shabnam Jabeen,10,10,0,2026-10-01 16:44:55,2026-10-01 16:44:55.401
2026-10-01 16:29:41,VIPS308,0114,Ning Zeng,10,10,0,2026-10-01 16:44:55,2026-10-01 16:44:55.402
2026-10-01 16:29:41,VIPS308,0115,Veronica Kang,10,10,0,2026-10-01 16:44:55,2026-10-01 16:44:55.402
2026-10-01 16:29:41,VIPS308,0116,David Stewart,10,10,0,2026-10-01 16:44:55,2026-10-01 16:44:55.402
2026-10-01 16:29:41,VIPS308,0117,Meredith Epstein,10,10,0,2026-10-01 16:44:55,2026-10-01 16:44:55.402
2026-10-01 16:29:41,VIPS308,0118,Magaly Toro Ibaceta,10,10,0,2026-10-01 16:44:55,2026-10-01 16:44:55.402
2026-10-01 16:29:41,VIPS308,0120,Marisa Parham,10,10,0,2026-10-01 16:44:55,2026-10-01 16:44:55.403
2026-10-01 16:29:41,VIPS308,0121,Becky Epanchin-Niell,10,10,0,2026-10-01 16:44:55,2026-10-01 16:44:55.403
2026-10-01 16:29:41,VIPS308,0122,Timothy Reedy,10,10,0,2026-10-01 16:44:55,2026-10-01 16:44:55.403
2026-10-01 16:29:41,VIPS308,0123,Lingnan Lin,10,10,0,2026-10-01 16:44:55,2026-10-01 16:44:55.403
2026-10-01 16:29:41,VIPS308,0124,Jeffrey Moro,10,10,0,2026-10-01 16:44:55,2026-10-01 16:44:55.403
2026-10-01 16:29:41,VIPS308,0125,Peter Sunderland,10,10,0,2026-10-01 16:44:55,2026-10-01 16:44:55.403
2026-10-01 16:29:41,VIPS308,0126,Brienna Anderson,10,10,0,2026-10-01 16:44:55,2026-10-01 16:44:55.404
2026-10-01 16:29:41,VIPS408,0102,Ken Kiger,10,10,0,2026-10-01 16:44:55,2026-10-01 16:44:55.675
2026-10-01 16:29:41,VIPS408,0103,Bryan Quinn,10,10,0,2026-10-01 16:44:55,2026-10-01 16:44:55.676
2026-10-01 16:29:41,VIPS408,0104,Ryan Sochol,10,10,0,2026-10-01 16:44:55,2026-10-01 16:44:55.676
2026-10-01 16:29:41,VIPS408,0105,Molly Carton,10,10,0,2026-10-01 16:44:55,2026-10-01 16:44:55.676
2026-10-01 16:29:41,VIPS408,0106,James Baeder,10,10,0,2026-10-01 16:44:55,2026-10-01 16:44:55.676
2026-10-01 16:29:41,VIPS408,0107,Catherine Spirito,10,10,0,2026-10-01 16:44:55,2026-10-01 16:44:55.676
2026-10-01 16:29:41,VIPS408,0108,Ronald Yaros,10,10,0,2026-10-01 16:44:55,2026-10-01 16:44:55.677
2026-10-01 16:29:41,VIPS408,0109,Carinna Ferguson,10,10,0,2026-10-01 16:44:55,2026-10-01 16:44:55.677
2026-10-01 16:29:41,VIPS408,0110,Tracy Riggins,10,10,0,2026-10-01 16:44:55,2026-10-01 16:44:55.677
2026-10-01 16:29:41,VIPS408,0111,Kevin Calabro,10,10,0,2026-10-01 16:44:55,2026-10-01 16:44:55.677
2026-10-01 16:29:41,VIPS408,0112,Raffaele Viglianti,10,10,0,2026-10-01 16:44:55,2026-10-01 16:44:55.677
2026-10-01 16:29:41,VIPS408,0113,Shabnam Jabeen,10,10,0,2026-10-01 16:44:55,2026-10-01 16:44:55.678
2026-10-01 16:29:41,VIPS408,0114,Ning Zeng,10,10,0,2026-10-01 16:44:55,2026-10-01 16:44:55.678
2026-10-01 16:29:41,VIPS408,0115,Veronica Kang,10,10,0,2026-10-01 16:44:55,2026-10-01 16:44:55.678
2026-10-01 16:29:41,VIPS408,0116,David Stewart,10,10,0,2026-10-01 16:44:55,2026-10-01 16:44:55.678
2026-10-01 16:29:41,VIPS408,0117,Meredith Epstein,10,10,0,2026-10-01 16:44:55,2026-10-01 16:44:55.678
2026-10-01 16:29:41,VIPS408,0118,Magaly Toro Ibaceta,10,10,0,2026-10-01 16:44:55,2026-10-01 16:44:55.679
2026-10-01 16:29:41,VIPS408,0120,Marisa Parham,10,10,0,2026-10-01 16:44:55,2026-10-01 16:44:55.679
2026-10-01 16:29:41,VIPS408,0121,Becky Epanchin-Niell,10,10,0,2026-10-01 16:44:55,2026-10-01 16:44:55.679
2026-10-01 16:29:41,VIPS408,0122,Timothy Reedy,10,10,0,2026-10-01 16:44:55,2026-10-01 16:44:55.679
2026-10-01 16:29:41,VIPS408,0123,Lingnan Lin,10,10,0,2026-10-01 16:44:55,2026-10-01 16:44:55.679
2026-10-01 16:29:41,VIPS408,0124,Jeffrey Moro,10,10,0,2026-10-01 16:44:55,2026-10-01 16:44:55.679
2026-10-01 16:29:41,VIPS408,0125,Peter Sunderland,10,10,0,2026-10-01 16:44:55,2026-10-01 16:44:55.680
2026-10-01 16:29:41,VIPS408,0126,Brienna Anderson,10,10,0,2026-10-01 16:44:55,2026-10-01 16:44:55.680
2026-10-01 16:29:41,WEID139N,0101,Denise Joseph,60,60,0,2026-10-01 16:44:58,2026-10-01 16:44:58.518
2026-10-01 16:29:41,WEID139T,0201,Taylor Togafau-Lewis,45,45,0,2026-10-01 16:44:58,2026-10-01 16:44:58.741
2026-10-01 16:29:41,WGSS105,0101,Jessica Mathiason,30,30,0,2026-10-01 16:45:00,2026-10-01 16:45:00.332
2026-10-01 16:29:41,WGSS105,0102,Jessica Mathiason,30,30,0,2026-10-01 16:45:00,2026-10-01 16:45:00.332
2026-10-01 16:29:41,WGSS105,0103,Jessica Mathiason,30,30,0,2026-10-01 16:45:00,2026-10-01 16:45:00.332
2026-10-01 16:29:41,WGSS105,0104,Jessica Mathiason,30,30,0,2026-10-01 16:45:00,2026-10-01 16:45:00.333
2026-10-01 16:29:41,WGSS115,0101,Alexis Lothian,25,25,0,2026-10-01 16:45:00,2026-10-01 16:45:00.558
2026-10-01 16:29:41,WGSS115,0102,Alexis Lothian,25,25,0,2026-10-01 16:45:00,2026-10-01 16:45:00.558
2026-10-01 16:29:41,WGSS201,0101,Sayan Bhattacharya,25,25,0,2026-10-01 16:45:00,2026-10-01 16:45:00.808
2026-10-01 16:29:41,WGSS201,0102,Sayan Bhattacharya,25,25,0,2026-10-01 16:45:00,2026-10-01 16:45:00.808
2026-10-01 16:29:41,WGSS205,0101,Shelbi Meissner,21,21,0,2026-10-01 16:45:01,2026-10-01 16:45:01.037
2026-10-01 16:29:41,WGSS205,0201,Shelbi Meissner,21,21,0,2026-10-01 16:45:01,2026-10-01 16:45:01.037
2026-10-01 16:29:41,WGSS230,0101,Daniel Richter,20,20,0,2026-10-01 16:45:01,2026-10-01 16:45:01.287
2026-10-01 16:29:41,WGSS250,0101,Lidia Garcia Berrelleza,25,25,0,2026-10-01 16:45:01,2026-10-01 16:45:01.556
2026-10-01 16:29:41,WGSS250,0201,Shameem Razack,25,25,0,2026-10-01 16:45:01,2026-10-01 16:45:01.556
2026-10-01 16:29:41,WGSS255,0101,Instructor: TBA,30,30,0,2026-10-01 16:45:01,2026-10-01 16:45:01.791
2026-10-01 16:29:41,WGSS265,0101,Ashley Newby,40,40,0,2026-10-01 16:45:02,2026-10-01 16:45:02.224
2026-10-01 16:29:41,WGSS275,0101,Instructor: TBA,30,30,0,2026-10-01 16:45:02,2026-10-01 16:45:02.461
2026-10-01 16:29:41,WGSS280,0101,Jessica Mathiason,52,52,0,2026-10-01 16:45:02,2026-10-01 16:45:02.704
2026-10-01 16:29:41,WGSS290,0101,Jessica Mathiason,30,30,0,2026-10-01 16:45:02,2026-10-01 16:45:02.932
2026-10-01 16:29:41,WGSS290,0201,Sydney Lewis,31,31,0,2026-10-01 16:45:02,2026-10-01 16:45:02.932
2026-10-01 16:29:41,WGSS298C,0101,Will Mosley,35,35,0,2026-10-01 16:45:03,2026-10-01 16:45:03.166
2026-10-01 16:29:41,WGSS298S,0101,Jordan Keesler,25,25,0,2026-10-01 16:45:03,2026-10-01 16:45:03.452
2026-10-01 16:29:41,WGSS302,0101,Will Mosley,25,25,0,2026-10-01 16:45:03,2026-10-01 16:45:03.669
2026-10-01 16:29:41,WGSS306,0101,Sydney Lewis,30,30,0,2026-10-01 16:45:03,2026-10-01 16:45:03.881
2026-10-01 16:29:41,WGSS310,0101,Sayan Bhattacharya,25,25,0,2026-10-01 16:45:04,2026-10-01 16:45:04.096
2026-10-01 16:29:41,WGSS319F,0101,Alexis Lothian,30,30,0,2026-10-01 16:45:04,2026-10-01 16:45:04.336
2026-10-01 16:29:41,WGSS379U,0101,John Drabinski,25,25,0,2026-10-01 16:45:04,2026-10-01 16:45:04.582
2026-10-01 16:29:41,WGSS422,0101,Jennifer Cho,18,18,0,2026-10-01 16:45:04,2026-10-01 16:45:04.811
2026-10-01 16:29:41,WGSS471,0101,Instructor: TBA,25,25,0,2026-10-01 16:45:05,2026-10-01 16:45:05.032
2026-10-01 16:29:41,WGSS471,0201,Instructor: TBA,45,45,0,2026-10-01 16:45:05,2026-10-01 16:45:05.032
2026-10-01 16:29:41,WGSS475,0101,Sydney Lewis,20,20,0,2026-10-01 16:45:05,2026-10-01 16:45:05.257
2026-10-01 16:29:41,WGSS487,0101,Eva Hageman,15,15,0,2026-10-01 16:45:05,2026-10-01 16:45:05.501
2026-10-01 16:29:41,WGSS487H,0101,Eva Hageman,5,5,0,2026-10-01 16:45:05,2026-10-01 16:45:05.727
2026-10-01 16:29:41,WGSS602,0101,Shelbi Meissner,12,12,0,2026-10-01 16:45:06,2026-10-01 16:45:06.612
2026-10-01 16:29:41,WGSS708,0101,Alexis Lothian,10,10,0,2026-10-01 16:45:07,2026-10-01 16:45:07.259
2026-10-01 16:29:41,XPER455,0101,TJ Rainsford,25,25,0,2026-10-01 16:45:09,2026-10-01 16:45:09.261
2026-10-01 20:12:11,AAAS100,0101,Shane Walsh,35,35,0,2026-10-01 20:12:13,2026-10-01 20:12:13.658
2026-10-01 20:12:11,AAAS100,0201,Shane Walsh,35,35,0,2026-10-01 20:12:13,2026-10-01 20:12:13.658
2026-10-01 20:12:11,AAAS100,0301,George Kintiba,30,30,0,2026-10-01 20:12:13,2026-10-01 20:12:13.658
2026-10-01 20:12:11,AAAS100,0401,Beka Guluma,35,35,0,2026-10-01 20:12:13,2026-10-01 20:12:13.658
2026-10-01 20:12:11,AAAS100,0501,Jason Nichols,33,33,0,2026-10-01 20:12:13,2026-10-01 20:12:13.659
2026-10-01 20:12:11,AAAS100,0601,Jason Nichols,35,35,0,2026-10-01 20:12:13,2026-10-01 20:12:13.659
2026-10-01 20:12:11,AAAS100H,0301,George Kintiba,5,5,0,2026-10-01 20:12:14,2026-10-01 20:12:14.309
2026-10-01 20:12:11,AAAS101,0101,Periloux Peay,40,40,0,2026-10-01 20:12:15,2026-10-01 20:12:15.026
2026-10-01 20:12:11,AAAS187,0101,Robert Choflet,30,30,0,2026-10-01 20:12:15,2026-10-01 20:12:15.423
2026-10-01 20:12:11,AAAS200,0101,George Kintiba,40,40,0,2026-10-01 20:12:16,2026-10-01 20:12:16.228
2026-10-01 20:12:11,AAAS202,0101,Robert Choflet,30,30,0,2026-10-01 20:12:16,2026-10-01 20:12:16.641
2026-10-01 20:12:11,AAAS202,0201,Angelica Dunbar,35,35,0,2026-10-01 20:12:16,2026-10-01 20:12:16.641
2026-10-01 20:12:11,AAAS202,0301,Angelica Dunbar,35,35,0,2026-10-01 20:12:16,2026-10-01 20:12:16.641
2026-10-01 20:12:11,AAAS202,0401,Robert Choflet,35,35,0,2026-10-01 20:12:16,2026-10-01 20:12:16.641
2026-10-01 20:12:11,AAAS202H,0101,Robert Choflet,5,5,0,2026-10-01 20:12:17,2026-10-01 20:12:17.046
2026-10-01 20:12:11,AAAS211,0101,Shane Walsh,120,120,0,2026-10-01 20:12:17,2026-10-01 20:12:17.669
2026-10-01 20:12:11,AAAS234,0101,Instructor: TBA,30,30,0,2026-10-01 20:12:18,2026-10-01 20:12:18.095
2026-10-01 20:12:11,AAAS255,0101,Leigh Soares,40,40,0,2026-10-01 20:12:18,2026-10-01 20:12:18.510
2026-10-01 20:12:11,AAAS265,0101,Ashley Newby,40,40,0,2026-10-01 20:12:18,2026-10-01 20:12:18.941
2026-10-01 20:12:11,AAAS320,0101,Cecily Jackson,25,25,0,2026-10-01 20:12:19,2026-10-01 20:12:19.347
2026-10-01 20:12:11,AAAS320,0201,Cecily Jackson,25,25,0,2026-10-01 20:12:19,2026-10-01 20:12:19.347
2026-10-01 20:12:11,AAAS386,0101,Marshal Washington,10,10,0,2026-10-01 20:12:20,2026-10-01 20:12:20.081
2026-10-01 20:12:11,AAAS398G,0101,Chinyere Osuji,20,20,0,2026-10-01 20:12:20,2026-10-01 20:12:20.504
2026-10-01 20:12:11,AAAS398U,0101,John Drabinski,25,25,0,2026-10-01 20:12:20,2026-10-01 20:12:20.926
2026-10-01 20:12:11,AAAS400,0101,George Kintiba,20,20,0,2026-10-01 20:12:21,2026-10-01 20:12:21.375
2026-10-01 20:12:11,AAAS400H,0101,George Kintiba,5,5,0,2026-10-01 20:12:21,2026-10-01 20:12:21.779
2026-10-01 20:12:11,AAAS490,0101,Paul Landau,18,18,0,2026-10-01 20:12:22,2026-10-01 20:12:22.172
2026-10-01 20:12:11,AAAS498X,0101,Terrill Taylor,36,36,0,2026-10-01 20:12:22,2026-10-01 20:12:22.783
2026-10-01 20:12:11,AAST200,0101,Jennifer Cho,34,34,0,2026-10-01 20:12:24,2026-10-01 20:12:24.780
2026-10-01 20:12:11,AAST201,0101,Madeline Hsu,40,40,0,2026-10-01 20:12:25,2026-10-01 20:12:25.200
2026-10-01 20:12:11,AAST250,0101,Jennifer Cho,30,30,0,2026-10-01 20:12:25,2026-10-01 20:12:25.605
2026-10-01 20:12:11,AAST262,0101,Derek Iwamoto,54,54,0,2026-10-01 20:12:26,2026-10-01 20:12:26.249
2026-10-01 20:12:11,AAST322,0101,Julie Park,30,30,0,2026-10-01 20:12:26,2026-10-01 20:12:26.660
2026-10-01 20:12:11,AAST350,0101,Binod Paudyal,25,25,0,2026-10-01 20:12:27,2026-10-01 20:12:27.065
2026-10-01 20:12:11,AAST351,0101,Binod Paudyal,34,34,0,2026-10-01 20:12:27,2026-10-01 20:12:27.479
2026-10-01 20:12:11,AAST363,0101,Gemirald Daus,35,35,0,2026-10-01 20:12:28,2026-10-01 20:12:28.185
2026-10-01 20:12:11,AAST378,0101,Janelle Wong,2,2,0,2026-10-01 20:12:28,2026-10-01 20:12:28.600
2026-10-01 20:12:11,AAST394,0101,Wenxi Yang,25,25,0,2026-10-01 20:12:29,2026-10-01 20:12:29.420
2026-10-01 20:12:11,AAST398A,0101,Michelle Magalong,20,20,0,2026-10-01 20:12:29,2026-10-01 20:12:29.815
2026-10-01 20:12:11,AAST398B,0101,Chris Eng,25,25,0,2026-10-01 20:12:30,2026-10-01 20:12:30.223
2026-10-01 20:12:11,AAST421,0101,Philip Nash,20,20,0,2026-10-01 20:12:30,2026-10-01 20:12:30.667
2026-10-01 20:12:11,AAST422,0101,Jennifer Cho,18,18,0,2026-10-01 20:12:31,2026-10-01 20:12:31.098
2026-10-01 20:12:11,AAST443,0101,Janelle Wong,27,27,0,2026-10-01 20:12:31,2026-10-01 20:12:31.489
2026-10-01 20:12:11,ABRM450,0101,Ashley Newby,10,10,0,2026-10-01 20:12:33,2026-10-01 20:12:33.213
2026-10-01 20:12:11,AGNR301,0101,Thomas Hilde,150,150,0,2026-10-01 20:12:34,2026-10-01 20:12:34.959
2026-10-01 20:12:11,AGNR388,0101,Instructor: TBA,20,20,0,2026-10-01 20:12:35,2026-10-01 20:12:35.361
2026-10-01 20:12:11,AIME498B,0101,Kevin McGarry,30,30,0,2026-10-01 20:12:40,2026-10-01 20:12:40.496
2026-10-01 20:12:11,ARAB101,0101,Samah Al-salami,15,15,0,2026-10-01 20:13:31,2026-10-01 20:13:31.266
2026-10-01 20:12:11,ARAB101,0201,Ahmed Hanafy,15,15,0,2026-10-01 20:13:31,2026-10-01 20:13:31.266
2026-10-01 20:12:11,ARAB102,0101,Samah Al-salami,15,15,0,2026-10-01 20:13:31,2026-10-01 20:13:31.684
2026-10-01 20:12:11,ARAB102,0201,Samah Al-salami,15,15,0,2026-10-01 20:13:31,2026-10-01 20:13:31.684
2026-10-01 20:12:11,ARAB201,0101,Lutf Alkebsi,15,15,0,2026-10-01 20:13:32,2026-10-01 20:13:32.082
2026-10-01 20:12:11,ARAB202,0101,Lutf Alkebsi,15,15,0,2026-10-01 20:13:32,2026-10-01 20:13:32.503
2026-10-01 20:12:11,ARAB202,0201,Lutf Alkebsi,15,15,0,2026-10-01 20:13:32,2026-10-01 20:13:32.503
2026-10-01 20:12:11,ARAB222,0101,Ahmed Hanafy,15,15,0,2026-10-01 20:13:32,2026-10-01 20:13:32.925
2026-10-01 20:12:11,ARAB250,0101,Anny Gaul,20,20,0,2026-10-01 20:13:33,2026-10-01 20:13:33.337
2026-10-01 20:12:11,ARAB302,0101,Ahmed Hanafy,15,15,0,2026-10-01 20:13:33,2026-10-01 20:13:33.750
2026-10-01 20:12:11,ARAB317,0101,Anny Gaul,15,15,0,2026-10-01 20:13:34,2026-10-01 20:13:34.158
2026-10-01 20:12:11,ARAB398W,0101,Lutf Alkebsi,15,15,0,2026-10-01 20:13:34,2026-10-01 20:13:34.983
2026-10-01 20:12:11,ARAB499X,0101,Samah Al-salami,15,15,0,2026-10-01 20:13:35,2026-10-01 20:13:35.788
2026-10-01 20:12:11,ARCH170,0101,Lindsey May,100,100,0,2026-10-01 20:13:37,2026-10-01 20:13:37.741
2026-10-01 20:12:11,ARCH200,0101,Michael Abrams,21,21,0,2026-10-01 20:13:38,2026-10-01 20:13:38.149
2026-10-01 20:12:11,ARCH200,0102,Michael Abrams,21,21,0,2026-10-01 20:13:38,2026-10-01 20:13:38.149
2026-10-01 20:12:11,ARCH200,0103,Michael Abrams,21,21,0,2026-10-01 20:13:38,2026-10-01 20:13:38.149
2026-10-01 20:12:11,ARCH200,0104,Michael Abrams,21,21,0,2026-10-01 20:13:38,2026-10-01 20:13:38.149
2026-10-01 20:12:11,ARCH200,0105,Michael Abrams,21,21,0,2026-10-01 20:13:38,2026-10-01 20:13:38.149
2026-10-01 20:12:11,ARCH200,0106,Michael Abrams,21,21,0,2026-10-01 20:13:38,2026-10-01 20:13:38.149
2026-10-01 20:12:11,ARCH225,0101,Joseph Williams,125,125,0,2026-10-01 20:13:38,2026-10-01 20:13:38.566
2026-10-01 20:12:11,ARCH271,0101,Wayne Ricardo Curtis,75,75,0,2026-10-01 20:13:38,2026-10-01 20:13:38.980
2026-10-01 20:12:11,ARCH271,0102,Wayne Ricardo Curtis,75,75,0,2026-10-01 20:13:38,2026-10-01 20:13:38.980
2026-10-01 20:12:11,ARCH386,0101,Kristen Stack,10,10,0,2026-10-01 20:13:39,2026-10-01 20:13:39.406
2026-10-01 20:12:11,ARCH400,0101,Kenneth Filler,75,75,0,2026-10-01 20:13:39,2026-10-01 20:13:39.820
2026-10-01 20:12:11,ARCH400,0201,Marcus Cross,60,60,0,2026-10-01 20:13:39,2026-10-01 20:13:39.821
2026-10-01 20:12:11,ARCH402,0101,Taejun James Kim,75,75,0,2026-10-01 20:13:40,2026-10-01 20:13:40.241
2026-10-01 20:12:11,ARCH405,0101,Brittany L Williams,14,14,0,2026-10-01 20:13:40,2026-10-01 20:13:40.646
2026-10-01 20:12:11,ARCH407,0101,Georgeanne Matthews,12,12,0,2026-10-01 20:13:41,2026-10-01 20:13:41.062
2026-10-01 20:12:11,ARCH408A,0101,Daniel Curry,5,5,0,2026-10-01 20:13:41,2026-10-01 20:13:41.487
2026-10-01 20:12:11,ARCH408C,0101,Edgar Alvarado,5,5,0,2026-10-01 20:13:41,2026-10-01 20:13:41.880
2026-10-01 20:12:11,ARCH418D,0101,Hooman Koliji,30,30,0,2026-10-01 20:13:42,2026-10-01 20:13:42.292
2026-10-01 20:12:11,ARCH418G,0101,Deokoh Woo,16,16,0,2026-10-01 20:13:42,2026-10-01 20:13:42.715
2026-10-01 20:12:11,ARCH418I,0101,Michael Kleiss,16,16,0,2026-10-01 20:13:43,2026-10-01 20:13:43.121
2026-10-01 20:12:11,ARCH420,0101,Caroline Hickman,30,30,0,2026-10-01 20:13:43,2026-10-01 20:13:43.537
2026-10-01 20:12:11,ARCH423,0101,Joseph Williams,30,30,0,2026-10-01 20:13:43,2026-10-01 20:13:43.952
2026-10-01 20:12:11,ARCH425,0101,Joseph Williams,10,10,0,2026-10-01 20:13:44,2026-10-01 20:13:44.344
2026-10-01 20:12:11,ARCH428F,0101,Matthew Bell,20,20,0,2026-10-01 20:13:44,2026-10-01 20:13:44.750
2026-10-01 20:12:11,ARCH428K,0101,Michele Lamprakos,26,26,0,2026-10-01 20:13:45,2026-10-01 20:13:45.167
2026-10-01 20:12:11,ARCH445,0101,Daniel Curry,15,15,0,2026-10-01 20:13:45,2026-10-01 20:13:45.574
2026-10-01 20:12:11,ARCH463,0101,Deokoh Woo,150,150,0,2026-10-01 20:13:45,2026-10-01 20:13:45.981
2026-10-01 20:12:11,ARCH465,0101,Michael Kleiss,80,80,0,2026-10-01 20:13:46,2026-10-01 20:13:46.401
2026-10-01 20:12:11,ARCH468I,0101,Hooman Koliji,26,26,0,2026-10-01 20:13:46,2026-10-01 20:13:46.806
2026-10-01 20:12:11,ARCH468P,0101,Hooman Koliji,26,26,0,2026-10-01 20:13:47,2026-10-01 20:13:47.205
2026-10-01 20:12:11,ARCH472,0101,Kiley Wilfong Cullen,24,24,0,2026-10-01 20:13:47,2026-10-01 20:13:47.614
2026-10-01 20:12:11,ARCH478L,0101,Michele Lamprakos,10,10,0,2026-10-01 20:13:48,2026-10-01 20:13:48.041
2026-10-01 20:12:11,ARCH478O,0101,Stefan Woehlke,20,20,0,2026-10-01 20:13:48,2026-10-01 20:13:48.458
2026-10-01 20:12:11,ARCH601,0101,Peter Noonan,20,20,0,2026-10-01 20:13:48,2026-10-01 20:13:48.900
2026-10-01 20:12:11,ARCH618G,0101,Deokoh Woo,4,4,0,2026-10-01 20:13:49,2026-10-01 20:13:49.323
2026-10-01 20:12:11,ARCH618I,0101,Michael Kleiss,4,4,0,2026-10-01 20:13:49,2026-10-01 20:13:49.747
2026-10-01 20:12:11,ARCH628K,0101,Michele Lamprakos,4,4,0,2026-10-01 20:13:50,2026-10-01 20:13:50.164
2026-10-01 20:12:11,ARCH635,0101,Matthew Bell,15,15,0,2026-10-01 20:13:50,2026-10-01 20:13:50.583
2026-10-01 20:12:11,ARCH645,0101,Daniel Curry,10,10,0,2026-10-01 20:13:50,2026-10-01 20:13:50.996
2026-10-01 20:12:11,ARCH654,0101,Anatole Tchikine,35,35,0,2026-10-01 20:13:51,2026-10-01 20:13:51.390
2026-10-01 20:12:11,ARCH658I,0101,Sonja Ewing,15,15,0,2026-10-01 20:13:51,2026-10-01 20:13:51.812
2026-10-01 20:12:11,ARCH668I,0101,Hooman Koliji,4,4,0,2026-10-01 20:13:52,2026-10-01 20:13:52.226
2026-10-01 20:12:11,ARCH668P,0101,Hooman Koliji,4,4,0,2026-10-01 20:13:52,2026-10-01 20:13:52.649
2026-10-01 20:12:11,ARCH678L,0101,Michele Lamprakos,10,10,0,2026-10-01 20:13:53,2026-10-01 20:13:53.065
2026-10-01 20:12:11,ARCH678O,0101,Stefan Woehlke,5,5,0,2026-10-01 20:13:53,2026-10-01 20:13:53.487
2026-10-01 20:12:11,ARCH797,0101,Hooman Koliji,15,15,0,2026-10-01 20:13:53,2026-10-01 20:13:53.905
2026-10-01 20:12:11,ARMY105,0101,Andrew Bischoff,60,60,0,2026-10-01 20:14:18,2026-10-01 20:14:18.737
2026-10-01 20:12:11,ARMY105,0102,Andrew Bischoff,60,60,0,2026-10-01 20:14:18,2026-10-01 20:14:18.737
2026-10-01 20:12:11,ARMY110,0101,Andrew Bischoff,40,40,0,2026-10-01 20:14:19,2026-10-01 20:14:19.138
2026-10-01 20:12:11,ARMY202,0102,Andrew Bischoff,60,60,0,2026-10-01 20:14:19,2026-10-01 20:14:19.561
2026-10-01 20:12:11,ARMY302,0101,Andrew Bischoff,40,40,0,2026-10-01 20:14:19,2026-10-01 20:14:19.968
2026-10-01 20:12:11,ARMY402,0101,Andrew Bischoff,30,30,0,2026-10-01 20:14:20,2026-10-01 20:14:20.383
2026-10-01 20:12:11,ARMY402,0102,Andrew Bischoff,100,100,0,2026-10-01 20:14:20,2026-10-01 20:14:20.383
2026-10-01 20:12:11,ARSC059,0101,Kathryn Love,250,250,0,2026-10-01 20:14:22,2026-10-01 20:14:22.128
2026-10-01 20:12:11,ARSC101,0101,Alan Snyder,50,50,0,2026-10-01 20:14:22,2026-10-01 20:14:22.535
2026-10-01 20:12:11,ARSC101,0102,Alan Snyder,65,65,0,2026-10-01 20:14:22,2026-10-01 20:14:22.535
2026-10-01 20:12:11,ARSC101,0103,Alan Snyder,40,40,0,2026-10-01 20:14:22,2026-10-01 20:14:22.535
2026-10-01 20:12:11,ARSC101,0104,Alan Snyder,10,10,0,2026-10-01 20:14:22,2026-10-01 20:14:22.536
2026-10-01 20:12:11,ARSC201,0101,Nathan Rabe,65,65,0,2026-10-01 20:14:22,2026-10-01 20:14:22.949
2026-10-01 20:12:11,ARSC201,0102,Kathleen West,40,40,0,2026-10-01 20:14:22,2026-10-01 20:14:22.949
2026-10-01 20:12:11,ARSC201,0103,Kathleen West,40,40,0,2026-10-01 20:14:22,2026-10-01 20:14:22.949
2026-10-01 20:12:11,ARSC301,0101,Kathryn Love,45,45,0,2026-10-01 20:14:23,2026-10-01 20:14:23.372
2026-10-01 20:12:11,ARSC301,0102,Kathryn Love,20,20,0,2026-10-01 20:14:23,2026-10-01 20:14:23.372
2026-10-01 20:12:11,ARSC401,0101,Joseph Herwatic,30,30,0,2026-10-01 20:14:23,2026-10-01 20:14:23.776
2026-10-01 20:12:11,ARSC401,0102,Joseph Herwatic,15,15,0,2026-10-01 20:14:23,2026-10-01 20:14:23.776
2026-10-01 20:12:11,BIOM301,0101,Christine Hakenkamp,28,28,0,2026-10-01 20:15:36,2026-10-01 20:15:37.001
2026-10-01 20:12:11,BIOM301,0102,Christine Hakenkamp,28,28,0,2026-10-01 20:15:36,2026-10-01 20:15:37.002
2026-10-01 20:12:11,BIOM301,0103,Christine Hakenkamp,28,28,0,2026-10-01 20:15:36,2026-10-01 20:15:37.002
2026-10-01 20:12:11,BIOM301,0104,Christine Hakenkamp,28,28,0,2026-10-01 20:15:36,2026-10-01 20:15:37.002
2026-10-01 20:12:11,BIOM301,0105,Christine Hakenkamp,28,28,0,2026-10-01 20:15:36,2026-10-01 20:15:37.002
2026-10-01 20:12:11,BIOM301,0106,Christine Hakenkamp,28,28,0,2026-10-01 20:15:36,2026-10-01 20:15:37.002
2026-10-01 20:12:11,BIOM301,0107,Christine Hakenkamp,28,28,0,2026-10-01 20:15:36,2026-10-01 20:15:37.002
2026-10-01 20:12:11,BIOM301,0201,Instructor: TBA,28,28,0,2026-10-01 20:15:36,2026-10-01 20:15:37.002
2026-10-01 20:12:11,BIOM602,0101,Jiuzhou Song,28,28,0,2026-10-01 20:15:37,2026-10-01 20:15:37.415
2026-10-01 20:12:11,BMIN210,0101,Darlene Dennison,162,162,0,2026-10-01 20:16:12,2026-10-01 20:16:12.944
2026-10-01 20:12:11,BMIN210,0201,Darlene Dennison,162,162,0,2026-10-01 20:16:12,2026-10-01 20:16:12.944
2026-10-01 20:12:11,BMIN305,0101,Tejwansh Anand,162,162,0,2026-10-01 20:16:13,2026-10-01 20:16:13.349
2026-10-01 20:12:11,BMIN345,0101,Michael Padhi,325,325,0,2026-10-01 20:16:13,2026-10-01 20:16:13.767
2026-10-01 20:12:11,BMIN355,0101,Idil Yaveroglu,162,162,0,2026-10-01 20:16:14,2026-10-01 20:16:14.189
2026-10-01 20:12:11,BMIN355,0201,Idil Yaveroglu,162,162,0,2026-10-01 20:16:14,2026-10-01 20:16:14.189
2026-10-01 20:12:11,BMIN375,0101,Leland Gardner,162,162,0,2026-10-01 20:16:14,2026-10-01 20:16:14.697
2026-10-01 20:12:11,BMIN395,0101,Nima Farshchi,162,162,0,2026-10-01 20:16:15,2026-10-01 20:16:15.091
2026-10-01 20:12:11,BMIN395,0201,Nima Farshchi,162,162,0,2026-10-01 20:16:15,2026-10-01 20:16:15.091
2026-10-01 20:12:11,BSCI103,1100,Tais Ribeiro,24,24,0,2026-10-01 20:16:19,2026-10-01 20:16:19.180
2026-10-01 20:12:11,BSCI103,1101,Tais Ribeiro,24,24,0,2026-10-01 20:16:19,2026-10-01 20:16:19.180
2026-10-01 20:12:11,BSCI103,1103,Tais Ribeiro,24,24,0,2026-10-01 20:16:19,2026-10-01 20:16:19.180
2026-10-01 20:12:11,BSCI103,1105,Tais Ribeiro,24,24,0,2026-10-01 20:16:19,2026-10-01 20:16:19.180
2026-10-01 20:12:11,BSCI103,1107,Tais Ribeiro,24,24,0,2026-10-01 20:16:19,2026-10-01 20:16:19.180
2026-10-01 20:12:11,BSCI103,1108,Tais Ribeiro,24,24,0,2026-10-01 20:16:19,2026-10-01 20:16:19.180
2026-10-01 20:12:11,BSCI103,1109,Tais Ribeiro,24,24,0,2026-10-01 20:16:19,2026-10-01 20:16:19.180
2026-10-01 20:12:11,BSCI103,1110,Tais Ribeiro,24,24,0,2026-10-01 20:16:19,2026-10-01 20:16:19.181
2026-10-01 20:12:11,BSCI103M,0101,Tais Ribeiro,24,24,0,2026-10-01 20:16:19,2026-10-01 20:16:19.585
2026-10-01 20:12:11,BSCI120,0101,Dennis vanEngelsdorp,21,21,0,2026-10-01 20:16:19,2026-10-01 20:16:19.989
2026-10-01 20:12:11,BSCI120,0102,Dennis vanEngelsdorp,21,21,0,2026-10-01 20:16:19,2026-10-01 20:16:19.989
2026-10-01 20:12:11,BSCI135,1101,Edgar Moctezuma,24,24,0,2026-10-01 20:16:20,2026-10-01 20:16:20.419
2026-10-01 20:12:11,BSCI135,1102,Edgar Moctezuma,24,24,0,2026-10-01 20:16:20,2026-10-01 20:16:20.419
2026-10-01 20:12:11,BSCI135,1103,Edgar Moctezuma,24,24,0,2026-10-01 20:16:20,2026-10-01 20:16:20.419
2026-10-01 20:12:11,BSCI135,1104,Edgar Moctezuma,24,24,0,2026-10-01 20:16:20,2026-10-01 20:16:20.419
2026-10-01 20:12:11,BSCI135,1105,Edgar Moctezuma,24,24,0,2026-10-01 20:16:20,2026-10-01 20:16:20.420
2026-10-01 20:12:11,BSCI160,6101,Leo Shapiro,104,104,0,2026-10-01 20:16:20,2026-10-01 20:16:20.861
2026-10-01 20:12:11,BSCI160,6301,Chloe Garfinkel,56,56,0,2026-10-01 20:16:20,2026-10-01 20:16:20.861
2026-10-01 20:12:11,BSCI160,6601,Vadim Karatayev,88,88,0,2026-10-01 20:16:20,2026-10-01 20:16:20.861
2026-10-01 20:12:11,BSCI160,SES1,Chloe Garfinkel,15,15,0,2026-10-01 20:16:20,2026-10-01 20:16:20.862
2026-10-01 20:12:11,BSCI170,0101,Cordelia Weiss,153,153,0,2026-10-01 20:16:21,2026-10-01 20:16:21.290
2026-10-01 20:12:11,BSCI170,0201,Nicholas Fletcher,153,153,0,2026-10-01 20:16:21,2026-10-01 20:16:21.290
2026-10-01 20:12:11,BSCI170,0301,Ricardo Araneda,152,152,0,2026-10-01 20:16:21,2026-10-01 20:16:21.290
2026-10-01 20:12:11,BSCI170,0401,Swarna Mohan,153,153,0,2026-10-01 20:16:21,2026-10-01 20:16:21.290
2026-10-01 20:12:11,BSCI170,0501,Ji Young Choi,120,120,0,2026-10-01 20:16:21,2026-10-01 20:16:21.290
2026-10-01 20:12:11,BSCI170,0701,Ji Young Choi,153,153,0,2026-10-01 20:16:21,2026-10-01 20:16:21.290
2026-10-01 20:12:11,BSCI170,SES1,James Sniezek,20,20,0,2026-10-01 20:16:21,2026-10-01 20:16:21.290
2026-10-01 20:12:11,BSCI180,8105,Hans Lemke,19,19,0,2026-10-01 20:16:21,2026-10-01 20:16:21.847
2026-10-01 20:12:11,BSCI180,8106,Hans Lemke,19,19,0,2026-10-01 20:16:21,2026-10-01 20:16:21.847
2026-10-01 20:12:11,BSCI180,8107,Hans Lemke,19,19,0,2026-10-01 20:16:21,2026-10-01 20:16:21.847
2026-10-01 20:12:11,BSCI180,8108,Hans Lemke,19,19,0,2026-10-01 20:16:21,2026-10-01 20:16:21.848
2026-10-01 20:12:11,BSCI180,8109,Hans Lemke,19,19,0,2026-10-01 20:16:21,2026-10-01 20:16:21.848
2026-10-01 20:12:11,BSCI180,8110,Hans Lemke,19,19,0,2026-10-01 20:16:21,2026-10-01 20:16:21.848
2026-10-01 20:12:11,BSCI180,8111,Hans Lemke,19,19,0,2026-10-01 20:16:21,2026-10-01 20:16:21.848
2026-10-01 20:12:11,BSCI180,8112,Hans Lemke,19,19,0,2026-10-01 20:16:21,2026-10-01 20:16:21.848
2026-10-01 20:12:11,BSCI180,8113,Hans Lemke,19,19,0,2026-10-01 20:16:21,2026-10-01 20:16:21.848
2026-10-01 20:12:11,BSCI180,8114,Hans Lemke,19,19,0,2026-10-01 20:16:21,2026-10-01 20:16:21.848
2026-10-01 20:12:11,BSCI180,8201,Hans Lemke,19,19,0,2026-10-01 20:16:21,2026-10-01 20:16:21.848
2026-10-01 20:12:11,BSCI180,8202,Hans Lemke,19,19,0,2026-10-01 20:16:21,2026-10-01 20:16:21.849
2026-10-01 20:12:11,BSCI180,8205,Hans Lemke,19,19,0,2026-10-01 20:16:21,2026-10-01 20:16:21.849
2026-10-01 20:12:11,BSCI180,8206,Hans Lemke,19,19,0,2026-10-01 20:16:21,2026-10-01 20:16:21.849
2026-10-01 20:12:11,BSCI180,8207,Hans Lemke,19,19,0,2026-10-01 20:16:21,2026-10-01 20:16:21.849
2026-10-01 20:12:11,BSCI180,8208,Hans Lemke,19,19,0,2026-10-01 20:16:21,2026-10-01 20:16:21.849
2026-10-01 20:12:11,BSCI180,8209,Hans Lemke,19,19,0,2026-10-01 20:16:21,2026-10-01 20:16:21.849
2026-10-01 20:12:11,BSCI180,8210,Hans Lemke,19,19,0,2026-10-01 20:16:21,2026-10-01 20:16:21.849
2026-10-01 20:12:11,BSCI180,8211,Hans Lemke,19,19,0,2026-10-01 20:16:21,2026-10-01 20:16:21.849
2026-10-01 20:12:11,BSCI180,8212,Hans Lemke,19,19,0,2026-10-01 20:16:21,2026-10-01 20:16:21.850
2026-10-01 20:12:11,BSCI180,8213,Hans Lemke,19,19,0,2026-10-01 20:16:21,2026-10-01 20:16:21.850
2026-10-01 20:12:11,BSCI180,8214,Hans Lemke,19,19,0,2026-10-01 20:16:21,2026-10-01 20:16:21.850
2026-10-01 20:12:11,BSCI180,8301,Hans Lemke,19,19,0,2026-10-01 20:16:21,2026-10-01 20:16:21.850
2026-10-01 20:12:11,BSCI180,8302,Hans Lemke,19,19,0,2026-10-01 20:16:21,2026-10-01 20:16:21.850
2026-10-01 20:12:11,BSCI180,8305,Hans Lemke,19,19,0,2026-10-01 20:16:21,2026-10-01 20:16:21.850
2026-10-01 20:12:11,BSCI180,8306,Hans Lemke,19,19,0,2026-10-01 20:16:21,2026-10-01 20:16:21.850
2026-10-01 20:12:11,BSCI180,8307,Hans Lemke,19,19,0,2026-10-01 20:16:21,2026-10-01 20:16:21.850
2026-10-01 20:12:11,BSCI180,8308,Hans Lemke,19,19,0,2026-10-01 20:16:21,2026-10-01 20:16:21.851
2026-10-01 20:12:11,BSCI180,8309,Hans Lemke,19,19,0,2026-10-01 20:16:21,2026-10-01 20:16:21.851
2026-10-01 20:12:11,BSCI180,8310,Hans Lemke,19,19,0,2026-10-01 20:16:21,2026-10-01 20:16:21.851
2026-10-01 20:12:11,BSCI180,8311,Hans Lemke,19,19,0,2026-10-01 20:16:21,2026-10-01 20:16:21.851
2026-10-01 20:12:11,BSCI180,8312,Hans Lemke,19,19,0,2026-10-01 20:16:21,2026-10-01 20:16:21.851
2026-10-01 20:12:11,BSCI180,8313,Hans Lemke,19,19,0,2026-10-01 20:16:21,2026-10-01 20:16:21.851
2026-10-01 20:12:11,BSCI180,8314,Hans Lemke,19,19,0,2026-10-01 20:16:21,2026-10-01 20:16:21.851
2026-10-01 20:12:11,BSCI180,8401,Hans Lemke,19,19,0,2026-10-01 20:16:21,2026-10-01 20:16:21.851
2026-10-01 20:12:11,BSCI180,8402,Hans Lemke,19,19,0,2026-10-01 20:16:21,2026-10-01 20:16:21.851
2026-10-01 20:12:11,BSCI180,8405,Hans Lemke,19,19,0,2026-10-01 20:16:21,2026-10-01 20:16:21.852
2026-10-01 20:12:11,BSCI180,8406,Hans Lemke,19,19,0,2026-10-01 20:16:21,2026-10-01 20:16:21.852
2026-10-01 20:12:11,BSCI180,8407,Hans Lemke,19,19,0,2026-10-01 20:16:21,2026-10-01 20:16:21.852
2026-10-01 20:12:11,BSCI180,8408,Hans Lemke,19,19,0,2026-10-01 20:16:21,2026-10-01 20:16:21.852
2026-10-01 20:12:11,BSCI180,8409,Hans Lemke,19,19,0,2026-10-01 20:16:21,2026-10-01 20:16:21.852
2026-10-01 20:12:11,BSCI180,8410,Hans Lemke,19,19,0,2026-10-01 20:16:21,2026-10-01 20:16:21.852
2026-10-01 20:12:11,BSCI180,8411,Hans Lemke,19,19,0,2026-10-01 20:16:21,2026-10-01 20:16:21.852
2026-10-01 20:12:11,BSCI180,8412,Hans Lemke,19,19,0,2026-10-01 20:16:21,2026-10-01 20:16:21.852
2026-10-01 20:12:11,BSCI180,8413,Hans Lemke,19,19,0,2026-10-01 20:16:21,2026-10-01 20:16:21.853
2026-10-01 20:12:11,BSCI180,8414,Hans Lemke,19,19,0,2026-10-01 20:16:21,2026-10-01 20:16:21.853
2026-10-01 20:12:11,BSCI180,SEF2,Hans Lemke,19,19,0,2026-10-01 20:16:21,2026-10-01 20:16:21.853
2026-10-01 20:12:11,BSCI180,SES1,Hans Lemke,19,19,0,2026-10-01 20:16:21,2026-10-01 20:16:21.853
2026-10-01 20:12:11,BSCI201,0101,Caitlin Fox,24,24,0,2026-10-01 20:16:22,2026-10-01 20:16:22.295
2026-10-01 20:12:11,BSCI201,0103,Caitlin Fox,24,24,0,2026-10-01 20:16:22,2026-10-01 20:16:22.295
2026-10-01 20:12:11,BSCI201,0105,Caitlin Fox,24,24,0,2026-10-01 20:16:22,2026-10-01 20:16:22.295
2026-10-01 20:12:11,BSCI201,0106,Caitlin Fox,24,24,0,2026-10-01 20:16:22,2026-10-01 20:16:22.295
2026-10-01 20:12:11,BSCI201,0107,Caitlin Fox,24,24,0,2026-10-01 20:16:22,2026-10-01 20:16:22.295
2026-10-01 20:12:11,BSCI201,0109,Caitlin Fox,24,24,0,2026-10-01 20:16:22,2026-10-01 20:16:22.296
2026-10-01 20:12:11,BSCI201,0110,Caitlin Fox,24,24,0,2026-10-01 20:16:22,2026-10-01 20:16:22.296
2026-10-01 20:12:11,BSCI201,0111,Caitlin Fox,24,24,0,2026-10-01 20:16:22,2026-10-01 20:16:22.296
2026-10-01 20:12:11,BSCI201,1101,Justicia Opoku-Edusei,24,24,0,2026-10-01 20:16:22,2026-10-01 20:16:22.296
2026-10-01 20:12:11,BSCI201,1103,Justicia Opoku-Edusei,24,24,0,2026-10-01 20:16:22,2026-10-01 20:16:22.296
2026-10-01 20:12:11,BSCI201,1104,Justicia Opoku-Edusei,24,24,0,2026-10-01 20:16:22,2026-10-01 20:16:22.296
2026-10-01 20:12:11,BSCI201,1105,Justicia Opoku-Edusei,24,24,0,2026-10-01 20:16:22,2026-10-01 20:16:22.296
2026-10-01 20:12:11,BSCI201,1106,Justicia Opoku-Edusei,24,24,0,2026-10-01 20:16:22,2026-10-01 20:16:22.296
2026-10-01 20:12:11,BSCI201,1108,Justicia Opoku-Edusei,24,24,0,2026-10-01 20:16:22,2026-10-01 20:16:22.297
2026-10-01 20:12:11,BSCI201,1109,Justicia Opoku-Edusei,24,24,0,2026-10-01 20:16:22,2026-10-01 20:16:22.297
2026-10-01 20:12:11,BSCI201,1110,Justicia Opoku-Edusei,24,24,0,2026-10-01 20:16:22,2026-10-01 20:16:22.297
2026-10-01 20:12:11,BSCI202,0101,Caitlin Fox,24,24,0,2026-10-01 20:16:22,2026-10-01 20:16:22.739
2026-10-01 20:12:11,BSCI202,0102,Caitlin Fox,24,24,0,2026-10-01 20:16:22,2026-10-01 20:16:22.739
2026-10-01 20:12:11,BSCI202,0104,Caitlin Fox,24,24,0,2026-10-01 20:16:22,2026-10-01 20:16:22.739
2026-10-01 20:12:11,BSCI202,0108,Caitlin Fox,24,24,0,2026-10-01 20:16:22,2026-10-01 20:16:22.739
2026-10-01 20:12:11,BSCI202,0109,Caitlin Fox,24,24,0,2026-10-01 20:16:22,2026-10-01 20:16:22.739
2026-10-01 20:12:11,BSCI202,0110,Caitlin Fox,24,24,0,2026-10-01 20:16:22,2026-10-01 20:16:22.739
2026-10-01 20:12:11,BSCI202,1101,Justicia Opoku-Edusei,24,24,0,2026-10-01 20:16:22,2026-10-01 20:16:22.739
2026-10-01 20:12:11,BSCI202,1103,Justicia Opoku-Edusei,24,24,0,2026-10-01 20:16:22,2026-10-01 20:16:22.739
2026-10-01 20:12:11,BSCI202,1104,Justicia Opoku-Edusei,24,24,0,2026-10-01 20:16:22,2026-10-01 20:16:22.740
2026-10-01 20:12:11,BSCI202,1106,Justicia Opoku-Edusei,24,24,0,2026-10-01 20:16:22,2026-10-01 20:16:22.740
2026-10-01 20:12:11,BSCI202,1107,Justicia Opoku-Edusei,24,24,0,2026-10-01 20:16:22,2026-10-01 20:16:22.740
2026-10-01 20:12:11,BSCI202,1108,Justicia Opoku-Edusei,24,24,0,2026-10-01 20:16:22,2026-10-01 20:16:22.740
2026-10-01 20:12:11,BSCI202,SES1,Edward Orlando,20,20,0,2026-10-01 20:16:22,2026-10-01 20:16:22.740
2026-10-01 20:12:11,BSCI207,0101,Karen Carleton,80,80,0,2026-10-01 20:16:23,2026-10-01 20:16:23.160
2026-10-01 20:12:11,BSCI207,0201,Chloe Garfinkel,80,80,0,2026-10-01 20:16:23,2026-10-01 20:16:23.160
2026-10-01 20:12:11,BSCI213,0101,Cordelia Weiss,20,20,0,2026-10-01 20:16:23,2026-10-01 20:16:23.567
2026-10-01 20:12:11,BSCI213,0102,Cordelia Weiss,20,20,0,2026-10-01 20:16:23,2026-10-01 20:16:23.567
2026-10-01 20:12:11,BSCI222,7106,Thomas Kocher,18,18,0,2026-10-01 20:16:24,2026-10-01 20:16:24.043
2026-10-01 20:12:11,BSCI222,7108,Thomas Kocher,18,18,0,2026-10-01 20:16:24,2026-10-01 20:16:24.043
2026-10-01 20:12:11,BSCI222,7110,Thomas Kocher,18,18,0,2026-10-01 20:16:24,2026-10-01 20:16:24.043
2026-10-01 20:12:11,BSCI222,7112,Thomas Kocher,18,18,0,2026-10-01 20:16:24,2026-10-01 20:16:24.043
2026-10-01 20:12:11,BSCI222,7114,Thomas Kocher,18,18,0,2026-10-01 20:16:24,2026-10-01 20:16:24.043
2026-10-01 20:12:11,BSCI222,7116,Thomas Kocher,18,18,0,2026-10-01 20:16:24,2026-10-01 20:16:24.043
2026-10-01 20:12:11,BSCI222,7118,Thomas Kocher,18,18,0,2026-10-01 20:16:24,2026-10-01 20:16:24.043
2026-10-01 20:12:11,BSCI222,7120,Thomas Kocher,18,18,0,2026-10-01 20:16:24,2026-10-01 20:16:24.044
2026-10-01 20:12:11,BSCI222,7130,Thomas Kocher,18,18,0,2026-10-01 20:16:24,2026-10-01 20:16:24.044
2026-10-01 20:12:11,BSCI222,7133,Thomas Kocher,18,18,0,2026-10-01 20:16:24,2026-10-01 20:16:24.044
2026-10-01 20:12:11,BSCI222,7214,Michael Keller,18,18,0,2026-10-01 20:16:24,2026-10-01 20:16:24.044
2026-10-01 20:12:11,BSCI222,7216,Michael Keller,18,18,0,2026-10-01 20:16:24,2026-10-01 20:16:24.044
2026-10-01 20:12:11,BSCI222,7218,Michael Keller,18,18,0,2026-10-01 20:16:24,2026-10-01 20:16:24.044
2026-10-01 20:12:11,BSCI222,7219,Michael Keller,18,18,0,2026-10-01 20:16:24,2026-10-01 20:16:24.044
2026-10-01 20:12:11,BSCI222,7220,Michael Keller,18,18,0,2026-10-01 20:16:24,2026-10-01 20:16:24.044
2026-10-01 20:12:11,BSCI222,7221,Michael Keller,18,18,0,2026-10-01 20:16:24,2026-10-01 20:16:24.044
2026-10-01 20:12:11,BSCI222,7222,Michael Keller,18,18,0,2026-10-01 20:16:24,2026-10-01 20:16:24.045
2026-10-01 20:12:11,BSCI222,7224,Michael Keller,18,18,0,2026-10-01 20:16:24,2026-10-01 20:16:24.045
2026-10-01 20:12:11,BSCI222,7226,Michael Keller,18,18,0,2026-10-01 20:16:24,2026-10-01 20:16:24.045
2026-10-01 20:12:11,BSCI222,7232,Michael Keller,18,18,0,2026-10-01 20:16:24,2026-10-01 20:16:24.045
2026-10-01 20:12:11,BSCI222,7234,Michael Keller,18,18,0,2026-10-01 20:16:24,2026-10-01 20:16:24.045
2026-10-01 20:12:11,BSCI222,7236,Michael Keller,18,18,0,2026-10-01 20:16:24,2026-10-01 20:16:24.045
2026-10-01 20:12:11,BSCI222,7310,Maria Colt,18,18,0,2026-10-01 20:16:24,2026-10-01 20:16:24.045
2026-10-01 20:12:11,BSCI222,7311,Maria Colt,18,18,0,2026-10-01 20:16:24,2026-10-01 20:16:24.045
2026-10-01 20:12:11,BSCI222,7312,Maria Colt,18,18,0,2026-10-01 20:16:24,2026-10-01 20:16:24.046
2026-10-01 20:12:11,BSCI222,7313,Maria Colt,18,18,0,2026-10-01 20:16:24,2026-10-01 20:16:24.046
2026-10-01 20:12:11,BSCI222,7315,Maria Colt,18,18,0,2026-10-01 20:16:24,2026-10-01 20:16:24.046
2026-10-01 20:12:11,BSCI222,7320,Maria Colt,18,18,0,2026-10-01 20:16:24,2026-10-01 20:16:24.046
2026-10-01 20:12:11,BSCI222,7325,Maria Colt,18,18,0,2026-10-01 20:16:24,2026-10-01 20:16:24.046
2026-10-01 20:12:11,BSCI222,7330,Maria Colt,18,18,0,2026-10-01 20:16:24,2026-10-01 20:16:24.046
2026-10-01 20:12:11,BSCI222,7332,Maria Colt,18,18,0,2026-10-01 20:16:24,2026-10-01 20:16:24.046
2026-10-01 20:12:11,BSCI222,7335,Maria Colt,18,18,0,2026-10-01 20:16:24,2026-10-01 20:16:24.046
2026-10-01 20:12:11,BSCI222,SES1,Maria Colt,23,23,0,2026-10-01 20:16:24,2026-10-01 20:16:24.047
2026-10-01 20:12:11,BSCI223,1021,John Buchner,16,16,0,2026-10-01 20:16:24,2026-10-01 20:16:24.469
2026-10-01 20:12:11,BSCI223,1025,John Buchner,16,16,0,2026-10-01 20:16:24,2026-10-01 20:16:24.469
2026-10-01 20:12:11,BSCI223,1026,John Buchner,16,16,0,2026-10-01 20:16:24,2026-10-01 20:16:24.470
2026-10-01 20:12:11,BSCI223,1101,John Buchner,16,16,0,2026-10-01 20:16:24,2026-10-01 20:16:24.470
2026-10-01 20:12:11,BSCI223,1105,John Buchner,16,16,0,2026-10-01 20:16:24,2026-10-01 20:16:24.470
2026-10-01 20:12:11,BSCI223,1106,John Buchner,16,16,0,2026-10-01 20:16:24,2026-10-01 20:16:24.470
2026-10-01 20:12:11,BSCI223,1121,John Buchner,16,16,0,2026-10-01 20:16:24,2026-10-01 20:16:24.470
2026-10-01 20:12:11,BSCI223,1125,John Buchner,16,16,0,2026-10-01 20:16:24,2026-10-01 20:16:24.470
2026-10-01 20:12:11,BSCI223,1126,John Buchner,16,16,0,2026-10-01 20:16:24,2026-10-01 20:16:24.470
2026-10-01 20:12:11,BSCI223,1201,John Buchner,16,16,0,2026-10-01 20:16:24,2026-10-01 20:16:24.470
2026-10-01 20:12:11,BSCI223,1206,John Buchner,16,16,0,2026-10-01 20:16:24,2026-10-01 20:16:24.471
2026-10-01 20:12:11,BSCI223,1221,John Buchner,16,16,0,2026-10-01 20:16:24,2026-10-01 20:16:24.471
2026-10-01 20:12:11,BSCI223,1225,John Buchner,16,16,0,2026-10-01 20:16:24,2026-10-01 20:16:24.471
2026-10-01 20:12:11,BSCI223,1226,John Buchner,16,16,0,2026-10-01 20:16:24,2026-10-01 20:16:24.471
2026-10-01 20:12:11,BSCI223,1301,John Buchner,16,16,0,2026-10-01 20:16:24,2026-10-01 20:16:24.471
2026-10-01 20:12:11,BSCI223,1306,John Buchner,16,16,0,2026-10-01 20:16:24,2026-10-01 20:16:24.471
2026-10-01 20:12:11,BSCI223,2401,John Buchner,16,16,0,2026-10-01 20:16:24,2026-10-01 20:16:24.471
2026-10-01 20:12:11,BSCI223,2406,John Buchner,16,16,0,2026-10-01 20:16:24,2026-10-01 20:16:24.471
2026-10-01 20:12:11,BSCI223,SES1,Cherisse Hall,20,20,0,2026-10-01 20:16:24,2026-10-01 20:16:24.472
2026-10-01 20:12:11,BSCI238I,0101,Aditri Gadigi,30,30,0,2026-10-01 20:16:24,2026-10-01 20:16:24.898
2026-10-01 20:12:11,BSCI258A,0101,Erin Thomson,10,10,0,2026-10-01 20:16:25,2026-10-01 20:16:25.311
2026-10-01 20:12:11,BSCI258B,0101,Erin Thomson,80,80,0,2026-10-01 20:16:25,2026-10-01 20:16:25.730
2026-10-01 20:12:11,BSCI279B,0101,Katerina Thompson,32,32,0,2026-10-01 20:16:26,2026-10-01 20:16:26.539
2026-10-01 20:12:11,BSCI279B,0102,Katerina Thompson,32,32,0,2026-10-01 20:16:26,2026-10-01 20:16:26.539
2026-10-01 20:12:11,BSCI279Q,0101,Daniel Butts,10,10,0,2026-10-01 20:16:27,2026-10-01 20:16:27.362
2026-10-01 20:12:11,BSCI283,1205,Daniel Stein,20,20,0,2026-10-01 20:16:28,2026-10-01 20:16:28.558
2026-10-01 20:12:11,BSCI283,1305,Daniel Stein,20,20,0,2026-10-01 20:16:28,2026-10-01 20:16:28.558
2026-10-01 20:12:11,BSCI329,1016,Hilary Bierman,5,5,0,2026-10-01 20:16:28,2026-10-01 20:16:28.977
2026-10-01 20:12:11,BSCI329,1028,Daniel Butts,10,10,0,2026-10-01 20:16:28,2026-10-01 20:16:28.977
2026-10-01 20:12:11,BSCI329,1033,Chan Lin,10,10,0,2026-10-01 20:16:28,2026-10-01 20:16:28.977
2026-10-01 20:12:11,BSCI329,1250,Justicia Opoku-Edusei,20,20,0,2026-10-01 20:16:28,2026-10-01 20:16:28.977
2026-10-01 20:12:11,BSCI329,1388,Corine Van der Weele,8,8,0,2026-10-01 20:16:28,2026-10-01 20:16:28.977
2026-10-01 20:12:11,BSCI329,ESG1,Hadiya Woodham,10,10,0,2026-10-01 20:16:28,2026-10-01 20:16:28.977
2026-10-01 20:12:11,BSCI331,0101,Kenneth Frauwirth,200,200,0,2026-10-01 20:16:29,2026-10-01 20:16:29.390
2026-10-01 20:12:11,BSCI331,0201,Kenneth Frauwirth,200,200,0,2026-10-01 20:16:29,2026-10-01 20:16:29.390
2026-10-01 20:12:11,BSCI332,0102,Corine Van der Weele,23,23,0,2026-10-01 20:16:29,2026-10-01 20:16:29.819
2026-10-01 20:12:11,BSCI332,0104,Corine Van der Weele,23,23,0,2026-10-01 20:16:29,2026-10-01 20:16:29.819
2026-10-01 20:12:11,BSCI332,0106,Corine Van der Weele,23,23,0,2026-10-01 20:16:29,2026-10-01 20:16:29.819
2026-10-01 20:12:11,BSCI332,0107,Corine Van der Weele,23,23,0,2026-10-01 20:16:29,2026-10-01 20:16:29.819
2026-10-01 20:12:11,BSCI332,0111,Corine Van der Weele,23,23,0,2026-10-01 20:16:29,2026-10-01 20:16:29.819
2026-10-01 20:12:11,BSCI332,1103,Corine Van der Weele,23,23,0,2026-10-01 20:16:29,2026-10-01 20:16:29.819
2026-10-01 20:12:11,BSCI332,1105,Corine Van der Weele,23,23,0,2026-10-01 20:16:29,2026-10-01 20:16:29.819
2026-10-01 20:12:11,BSCI332,1108,Corine Van der Weele,23,23,0,2026-10-01 20:16:29,2026-10-01 20:16:29.820
2026-10-01 20:12:11,BSCI332,1109,Corine Van der Weele,23,23,0,2026-10-01 20:16:29,2026-10-01 20:16:29.820
2026-10-01 20:12:11,BSCI332,1111,Corine Van der Weele,23,23,0,2026-10-01 20:16:29,2026-10-01 20:16:29.820
2026-10-01 20:12:11,BSCI332,1113,Corine Van der Weele,23,23,0,2026-10-01 20:16:29,2026-10-01 20:16:29.820
2026-10-01 20:12:11,BSCI334,0101,Katerina Thompson,60,60,0,2026-10-01 20:16:30,2026-10-01 20:16:30.235
2026-10-01 20:12:11,BSCI335,0101,Katerina Thompson,20,20,0,2026-10-01 20:16:30,2026-10-01 20:16:30.657
2026-10-01 20:12:11,BSCI335,0102,Katerina Thompson,20,20,0,2026-10-01 20:16:30,2026-10-01 20:16:30.658
2026-10-01 20:12:11,BSCI337,0101,Leo Shapiro,20,20,0,2026-10-01 20:16:31,2026-10-01 20:16:31.062
2026-10-01 20:12:11,BSCI337,0102,Leo Shapiro,20,20,0,2026-10-01 20:16:31,2026-10-01 20:16:31.062
2026-10-01 20:12:11,BSCI343,ESG1,Hadiya Woodham,30,30,0,2026-10-01 20:16:31,2026-10-01 20:16:31.892
2026-10-01 20:12:11,BSCI348A,0101,John Buchner,22,22,0,2026-10-01 20:16:32,2026-10-01 20:16:32.731
2026-10-01 20:12:11,BSCI348I,SES1,Erik Lontok,25,25,0,2026-10-01 20:16:33,2026-10-01 20:16:33.136
2026-10-01 20:12:11,BSCI348R,0101,Najib El-Sayed,10,10,0,2026-10-01 20:16:33,2026-10-01 20:16:33.538
2026-10-01 20:12:11,BSCI353,0101,Chan Lin,64,64,0,2026-10-01 20:16:33,2026-10-01 20:16:33.947
2026-10-01 20:12:11,BSCI353,0102,Melissa Caras,40,40,0,2026-10-01 20:16:33,2026-10-01 20:16:33.947
2026-10-01 20:12:11,BSCI353,ESG1,Vitaly Stepensky,40,40,0,2026-10-01 20:16:33,2026-10-01 20:16:33.947
2026-10-01 20:12:11,BSCI358A,ESG1,Vitaly Stepensky,30,30,0,2026-10-01 20:16:34,2026-10-01 20:16:34.372
2026-10-01 20:12:11,BSCI358B,ESG1,Gregory Simon,30,30,0,2026-10-01 20:16:34,2026-10-01 20:16:34.788
2026-10-01 20:12:11,BSCI361,0101,Daniel Gruner,25,25,0,2026-10-01 20:16:35,2026-10-01 20:16:35.212
2026-10-01 20:12:11,BSCI361,0102,Daniel Gruner,25,25,0,2026-10-01 20:16:35,2026-10-01 20:16:35.212
2026-10-01 20:12:11,BSCI370,0101,Alexandra Bely,64,64,0,2026-10-01 20:16:35,2026-10-01 20:16:35.628
2026-10-01 20:12:11,BSCI378H,0101,Kenneth Frauwirth,23,23,0,2026-10-01 20:16:36,2026-10-01 20:16:36.049
2026-10-01 20:12:11,BSCI398H,0101,Alexandra Bely,35,35,0,2026-10-01 20:16:38,2026-10-01 20:16:38.882
2026-10-01 20:12:11,BSCI401,0101,Gerald Wilkinson,39,39,0,2026-10-01 20:16:40,2026-10-01 20:16:40.534
2026-10-01 20:12:11,BSCI406,0101,Sergei Sukharev,20,20,0,2026-10-01 20:16:40,2026-10-01 20:16:40.971
2026-10-01 20:12:11,BSCI410,0101,Charles Seller,140,140,0,2026-10-01 20:16:41,2026-10-01 20:16:41.382
2026-10-01 20:12:11,BSCI412,0101,Wade Winkler,18,18,0,2026-10-01 20:16:41,2026-10-01 20:16:41.802
2026-10-01 20:12:11,BSCI412,0103,Wade Winkler,18,18,0,2026-10-01 20:16:41,2026-10-01 20:16:41.802
2026-10-01 20:12:11,BSCI414,ESG1,Caitlin Fox,24,24,0,2026-10-01 20:16:42,2026-10-01 20:16:42.221
2026-10-01 20:12:11,BSCI416,0101,Silvia Bolland,42,42,0,2026-10-01 20:16:42,2026-10-01 20:16:42.628
2026-10-01 20:12:11,BSCI417,0101,Vincent Lee,30,30,0,2026-10-01 20:16:43,2026-10-01 20:16:43.047
2026-10-01 20:12:11,BSCI420,0101,Sougata Roy,62,62,0,2026-10-01 20:16:43,2026-10-01 20:16:43.450
2026-10-01 20:12:11,BSCI422,0101,David Mosser,25,25,0,2026-10-01 20:16:43,2026-10-01 20:16:43.873
2026-10-01 20:12:11,BSCI422,0102,David Mosser,25,25,0,2026-10-01 20:16:43,2026-10-01 20:16:43.873
2026-10-01 20:12:11,BSCI422,0103,David Mosser,25,25,0,2026-10-01 20:16:43,2026-10-01 20:16:43.873
2026-10-01 20:12:11,BSCI422,0104,David Mosser,25,25,0,2026-10-01 20:16:43,2026-10-01 20:16:43.873
2026-10-01 20:12:11,BSCI423,0101,Wenxia Song,18,18,0,2026-10-01 20:16:44,2026-10-01 20:16:44.296
2026-10-01 20:12:11,BSCI423,0102,Wenxia Song,18,18,0,2026-10-01 20:16:44,2026-10-01 20:16:44.296
2026-10-01 20:12:11,BSCI425,0101,Kan Cao,20,20,0,2026-10-01 20:16:44,2026-10-01 20:16:44.687
2026-10-01 20:12:11,BSCI430,0101,Eric Haag,35,35,0,2026-10-01 20:16:45,2026-10-01 20:16:45.106
2026-10-01 20:12:11,BSCI433,0101,Jeff Maltas,30,30,0,2026-10-01 20:16:45,2026-10-01 20:16:45.547
2026-10-01 20:12:11,BSCI435,0101,Joshua Weitz,18,18,0,2026-10-01 20:16:45,2026-10-01 20:16:45.980
2026-10-01 20:12:11,BSCI436,0101,Jonathan Dinman,60,60,0,2026-10-01 20:16:46,2026-10-01 20:16:46.399
2026-10-01 20:12:11,BSCI437,0101,Jeffrey DeStefano,70,70,0,2026-10-01 20:16:46,2026-10-01 20:16:46.806
2026-10-01 20:12:11,BSCI437,ESG1,Gilad Ofek,40,40,0,2026-10-01 20:16:46,2026-10-01 20:16:46.806
2026-10-01 20:12:11,BSCI437H,0101,Jeffrey DeStefano,8,8,0,2026-10-01 20:16:47,2026-10-01 20:16:47.215
2026-10-01 20:12:11,BSCI439B,ESG1,Maira Goytia,40,40,0,2026-10-01 20:16:47,2026-10-01 20:16:47.610
2026-10-01 20:12:11,BSCI439E,0101,Beatrice Kondo,5,5,0,2026-10-01 20:16:48,2026-10-01 20:16:48.035
2026-10-01 20:12:11,BSCI439G,0101,Beatrice Kondo,5,5,0,2026-10-01 20:16:48,2026-10-01 20:16:48.446
2026-10-01 20:12:11,BSCI439L,0101,Instructor: TBA,5,5,0,2026-10-01 20:16:48,2026-10-01 20:16:48.851
2026-10-01 20:12:11,BSCI439Z,0101,Amanda Chicoli,20,20,0,2026-10-01 20:16:49,2026-10-01 20:16:49.310
2026-10-01 20:12:11,BSCI442,0101,Jose Feijo,20,20,0,2026-10-01 20:16:49,2026-10-01 20:16:49.788
2026-10-01 20:12:11,BSCI442,0102,Jose Feijo,20,20,0,2026-10-01 20:16:49,2026-10-01 20:16:49.788
2026-10-01 20:12:11,BSCI450,0101,Juan Angueyra,130,130,0,2026-10-01 20:16:50,2026-10-01 20:16:50.246
2026-10-01 20:12:11,BSCI450,0201,Joshua Singer,120,120,0,2026-10-01 20:16:50,2026-10-01 20:16:50.246
2026-10-01 20:12:11,BSCI450,PDS1,William Higgins,20,20,0,2026-10-01 20:16:50,2026-10-01 20:16:50.246
2026-10-01 20:12:11,BSCI451,0101,Corine Van der Weele,20,20,0,2026-10-01 20:16:50,2026-10-01 20:16:50.668
2026-10-01 20:12:11,BSCI451,0102,Corine Van der Weele,20,20,0,2026-10-01 20:16:50,2026-10-01 20:16:50.668
2026-10-01 20:12:11,BSCI451,0103,Corine Van der Weele,20,20,0,2026-10-01 20:16:50,2026-10-01 20:16:50.668
2026-10-01 20:12:11,BSCI451,0104,Corine Van der Weele,20,20,0,2026-10-01 20:16:50,2026-10-01 20:16:50.668
2026-10-01 20:12:11,BSCI452,0101,Chan Lin,40,40,0,2026-10-01 20:16:51,2026-10-01 20:16:51.088
2026-10-01 20:12:11,BSCI452,SES1,Chan Lin,20,20,0,2026-10-01 20:16:51,2026-10-01 20:16:51.088
2026-10-01 20:12:11,BSCI453,0101,Nikolas Francis,38,38,0,2026-10-01 20:16:51,2026-10-01 20:16:51.509
2026-10-01 20:12:11,BSCI455,0101,Hilary Bierman,16,16,0,2026-10-01 20:16:51,2026-10-01 20:16:51.931
2026-10-01 20:12:11,BSCI455,0102,Hilary Bierman,16,16,0,2026-10-01 20:16:51,2026-10-01 20:16:51.931
2026-10-01 20:12:11,BSCI455,0103,Hilary Bierman,16,16,0,2026-10-01 20:16:51,2026-10-01 20:16:51.931
2026-10-01 20:12:11,BSCI456,0101,Colenso Speer,5,5,0,2026-10-01 20:16:52,2026-10-01 20:16:52.334
2026-10-01 20:12:11,BSCI477,0101,Emily Bruns,40,40,0,2026-10-01 20:16:52,2026-10-01 20:16:52.747
2026-10-01 20:12:11,BSCI487,0101,Kelly Hamby,24,24,0,2026-10-01 20:16:53,2026-10-01 20:16:53.143
2026-10-01 20:12:11,BSOS355,0101,Liza Lebrun,40,40,0,2026-10-01 20:16:54,2026-10-01 20:16:54.924
2026-10-01 20:12:11,BSOS361,0101,TC Lloyd,30,30,0,2026-10-01 20:16:55,2026-10-01 20:16:55.419
2026-10-01 20:12:11,BSOS361,0102,TC Lloyd,30,30,0,2026-10-01 20:16:55,2026-10-01 20:16:55.419
2026-10-01 20:12:11,BSOS448M,0101,Brandee Pettus,12,12,0,2026-10-01 20:16:55,2026-10-01 20:16:55.830
2026-10-01 20:12:11,BUMO600,0501,Sheetal Singh,52,52,0,2026-10-01 20:17:19,2026-10-01 20:17:19.858
2026-10-01 20:12:11,BUMO604,0501,Jon Crocker,0,0,0,2026-10-01 20:17:20,2026-10-01 20:17:20.283
2026-10-01 20:12:11,BUMO614,0501,Waverly Ding,58,58,0,2026-10-01 20:17:20,2026-10-01 20:17:20.702
2026-10-01 20:12:11,BUMO701,0501,Jason Choi,65,65,0,2026-10-01 20:17:21,2026-10-01 20:17:21.096
2026-10-01 20:12:11,BUMO703,0501,Mary Beth Furst,65,65,0,2026-10-01 20:17:21,2026-10-01 20:17:21.503
2026-10-01 20:12:11,BUMO711,0501,Sheetal Singh,65,65,0,2026-10-01 20:17:21,2026-10-01 20:17:21.934
2026-10-01 20:12:11,BUMO714,0501,Rellie Rozin,0,0,0,2026-10-01 20:17:22,2026-10-01 20:17:22.350
2026-10-01 20:12:11,BUMO723,0501,Stephen Sclafani,58,58,0,2026-10-01 20:17:22,2026-10-01 20:17:22.765
2026-10-01 20:12:11,BUMO724,0501,Stephen Sclafani,58,58,0,2026-10-01 20:17:23,2026-10-01 20:17:23.162
2026-10-01 20:12:11,BUMO726,0501,Stephen Sclafani,58,58,0,2026-10-01 20:17:23,2026-10-01 20:17:23.567
2026-10-01 20:12:11,BUMO731,0501,Balaji Padmanabhan,58,58,0,2026-10-01 20:17:23,2026-10-01 20:17:23.984
2026-10-01 20:12:11,BUMO733,0501,Balaji Padmanabhan,58,58,0,2026-10-01 20:17:24,2026-10-01 20:17:24.387
2026-10-01 20:12:11,BUMO758P,0501,Jon Crocker,37,37,0,2026-10-01 20:17:24,2026-10-01 20:17:24.805
2026-10-01 20:12:11,BUMO780,0501,Jennifer Marr,37,37,0,2026-10-01 20:17:25,2026-10-01 20:17:25.630
2026-10-01 20:12:11,BUMO780,0502,Jennifer Marr,37,37,0,2026-10-01 20:17:25,2026-10-01 20:17:25.630
2026-10-01 20:12:11,BUMO782,0501,Mike Hoffmeyer,40,40,0,2026-10-01 20:17:26,2026-10-01 20:17:26.049
2026-10-01 20:12:11,BUMO785,0501,Maria Bustamante,65,65,0,2026-10-01 20:17:26,2026-10-01 20:17:26.462
2026-10-01 20:12:11,BUMO790,0501,Roy Thomason,65,65,0,2026-10-01 20:17:26,2026-10-01 20:17:26.874
2026-10-01 20:12:11,BUMO790,0502,Roy Thomason,65,65,0,2026-10-01 20:17:26,2026-10-01 20:17:26.874
2026-10-01 20:12:11,BUMO791,0501,Roy Thomason,65,65,0,2026-10-01 20:17:27,2026-10-01 20:17:27.264
2026-10-01 20:12:11,BUMO791,0502,Roy Thomason,65,65,0,2026-10-01 20:17:27,2026-10-01 20:17:27.264
2026-10-01 20:12:11,CHIN100,0101,Yuli Wang,15,15,0,2026-10-01 20:18:30,2026-10-01 20:18:30.214
2026-10-01 20:12:11,CHIN121,0101,Mei Kong,15,15,0,2026-10-01 20:18:30,2026-10-01 20:18:30.614
2026-10-01 20:12:11,CHIN122,0101,Mei Kong,15,15,0,2026-10-01 20:18:31,2026-10-01 20:18:31.030
2026-10-01 20:12:11,CHIN122,0201,Mei Kong,15,15,0,2026-10-01 20:18:31,2026-10-01 20:18:31.030
2026-10-01 20:12:11,CHIN122,0301,Guiling Hu,15,15,0,2026-10-01 20:18:31,2026-10-01 20:18:31.030
2026-10-01 20:12:11,CHIN207,0101,Guiling Hu,15,15,0,2026-10-01 20:18:31,2026-10-01 20:18:31.466
2026-10-01 20:12:11,CHIN207,0201,Guiling Hu,15,15,0,2026-10-01 20:18:31,2026-10-01 20:18:31.466
2026-10-01 20:12:11,CHIN302,0101,Jungjung Lee,15,15,0,2026-10-01 20:18:31,2026-10-01 20:18:31.893
2026-10-01 20:12:11,CHIN302,0201,Jungjung Lee,15,15,0,2026-10-01 20:18:31,2026-10-01 20:18:31.893
2026-10-01 20:12:11,CHIN307,0101,Minglang Zhou,25,25,0,2026-10-01 20:18:32,2026-10-01 20:18:32.300
2026-10-01 20:12:11,CHIN315,0101,Mei Nan,30,30,0,2026-10-01 20:18:32,2026-10-01 20:18:32.702
2026-10-01 20:12:11,CHIN332,0101,Yuli Wang,15,15,0,2026-10-01 20:18:33,2026-10-01 20:18:33.123
2026-10-01 20:12:11,CHIN402,0101,Jungjung Lee,15,15,0,2026-10-01 20:18:33,2026-10-01 20:18:33.944
2026-10-01 20:12:11,CHIN415,0101,Jungjung Lee,15,15,0,2026-10-01 20:18:34,2026-10-01 20:18:34.571
2026-10-01 20:12:11,CHIN418O,0101,Mei Nan,25,25,0,2026-10-01 20:18:35,2026-10-01 20:18:35.514
2026-10-01 20:12:11,CHIN441,0101,Andrew Schonebaum,20,20,0,2026-10-01 20:18:36,2026-10-01 20:18:36.319
2026-10-01 20:12:11,CHSE205,0101,Yewon Lee,60,60,0,2026-10-01 20:18:41,2026-10-01 20:18:41.480
2026-10-01 20:12:11,CHSE205,0201,Katryna Andrusik,50,50,0,2026-10-01 20:18:41,2026-10-01 20:18:41.480
2026-10-01 20:12:11,CHSE228D,0101,Nikita Kimani,16,16,0,2026-10-01 20:18:41,2026-10-01 20:18:41.896
2026-10-01 20:12:11,CHSE376,0101,Michael Dunham,20,20,0,2026-10-01 20:18:42,2026-10-01 20:18:42.519
2026-10-01 20:12:11,CHSE376,0201,Elizabeth Martinez,20,20,0,2026-10-01 20:18:42,2026-10-01 20:18:42.519
2026-10-01 20:12:11,CHSE376,0301,Colleen McGilpin,20,20,0,2026-10-01 20:18:42,2026-10-01 20:18:42.520
2026-10-01 20:12:11,CHSE376,0401,Chanai Brewster,20,20,0,2026-10-01 20:18:42,2026-10-01 20:18:42.520
2026-10-01 20:12:11,CHSE376,0501,Michael Dunham,20,20,0,2026-10-01 20:18:42,2026-10-01 20:18:42.520
2026-10-01 20:12:11,CHSE476,0101,Michael Dunham,20,20,0,2026-10-01 20:18:43,2026-10-01 20:18:43.583
2026-10-01 20:12:11,CHSE477,0101,Michael Dunham,18,18,0,2026-10-01 20:18:44,2026-10-01 20:18:44.003
2026-10-01 20:12:11,CHSE480,0101,Michael Dunham,18,18,0,2026-10-01 20:18:44,2026-10-01 20:18:44.390
2026-10-01 20:12:11,CHSE489,1901,Amy D'Agati,10,10,0,2026-10-01 20:18:44,2026-10-01 20:18:44.798
2026-10-01 20:12:11,CINE245,0201,Instructor: TBA,27,27,0,2026-10-01 20:18:47,2026-10-01 20:18:47.499
2026-10-01 20:12:11,CINE245,0301,Alan Montroso,27,27,0,2026-10-01 20:18:47,2026-10-01 20:18:47.500
2026-10-01 20:12:11,CINE280,0101,Eric Zakim,25,25,0,2026-10-01 20:18:48,2026-10-01 20:18:48.284
2026-10-01 20:12:11,CINE280,0102,Eric Zakim,25,25,0,2026-10-01 20:18:48,2026-10-01 20:18:48.284
2026-10-01 20:12:11,CINE280,0103,Eric Zakim,25,25,0,2026-10-01 20:18:48,2026-10-01 20:18:48.284
2026-10-01 20:12:11,CINE280,0104,Eric Zakim,25,25,0,2026-10-01 20:18:48,2026-10-01 20:18:48.284
2026-10-01 20:12:11,CINE282,0101,Susan Pramschufer,35,35,0,2026-10-01 20:18:48,2026-10-01 20:18:48.925
2026-10-01 20:12:11,CINE298B,0101,Sean Pue,20,20,0,2026-10-01 20:18:50,2026-10-01 20:18:50.479
2026-10-01 20:12:11,CINE302,0101,Luka Arsenjuk,30,30,0,2026-10-01 20:18:50,2026-10-01 20:18:50.897
2026-10-01 20:12:11,CINE310,0101,Nathaniel Stevens,15,15,0,2026-10-01 20:18:51,2026-10-01 20:18:51.290
2026-10-01 20:12:11,CINE319A,0101,Paul Cote,20,20,0,2026-10-01 20:18:51,2026-10-01 20:18:51.713
2026-10-01 20:12:11,CINE319I,0101,Yael Inbar,15,15,0,2026-10-01 20:18:52,2026-10-01 20:18:52.130
2026-10-01 20:12:11,CINE319P,5501,Samuel Crawford,10,10,0,2026-10-01 20:18:52,2026-10-01 20:18:52.532
2026-10-01 20:12:11,CINE329E,0101,Elizabeth Papazian,25,25,0,2026-10-01 20:18:52,2026-10-01 20:18:52.951
2026-10-01 20:12:11,CINE329N,0101,Daniel Richter,25,25,0,2026-10-01 20:18:53,2026-10-01 20:18:53.557
2026-10-01 20:12:11,CINE329Z,0101,Daniel Richter,25,25,0,2026-10-01 20:18:53,2026-10-01 20:18:53.972
2026-10-01 20:12:11,CINE335,0101,Jason Kuo,25,25,0,2026-10-01 20:18:54,2026-10-01 20:18:54.382
2026-10-01 20:12:11,CINE369C,0101,Mauro Resmini,40,40,0,2026-10-01 20:18:54,2026-10-01 20:18:54.784
2026-10-01 20:12:11,CINE369F,0101,Alexis Lothian,30,30,0,2026-10-01 20:18:55,2026-10-01 20:18:55.671
2026-10-01 20:12:11,CINE369K,0101,Paul Cote,20,20,0,2026-10-01 20:18:56,2026-10-01 20:18:56.293
2026-10-01 20:12:11,CINE376,0101,Ross Angelella,14,14,0,2026-10-01 20:18:56,2026-10-01 20:18:56.708
2026-10-01 20:12:11,CINE376,0102,Ross Angelella,5,5,0,2026-10-01 20:18:56,2026-10-01 20:18:56.708
2026-10-01 20:12:11,CINE419E,0101,Stephanie Sapienza,15,15,0,2026-10-01 20:18:57,2026-10-01 20:18:57.770
2026-10-01 20:12:11,CINE429O,0101,Mei Nan,25,25,0,2026-10-01 20:18:58,2026-10-01 20:18:58.225
2026-10-01 20:12:11,CINE459C,0101,Saverio Giovacchini,54,54,0,2026-10-01 20:18:58,2026-10-01 20:18:58.642
2026-10-01 20:12:11,CINE469Y,0101,Jason Kuo,14,14,0,2026-10-01 20:18:59,2026-10-01 20:18:59.065
2026-10-01 20:12:11,CLAS170,0101,Katherine Wasdin,21,21,0,2026-10-01 20:19:01,2026-10-01 20:19:01.272
2026-10-01 20:12:11,CLAS170,0102,Katherine Wasdin,21,21,0,2026-10-01 20:19:01,2026-10-01 20:19:01.272
2026-10-01 20:12:11,CLAS170,0103,Katherine Wasdin,21,21,0,2026-10-01 20:19:01,2026-10-01 20:19:01.272
2026-10-01 20:12:11,CLAS170,0104,Katherine Wasdin,21,21,0,2026-10-01 20:19:01,2026-10-01 20:19:01.272
2026-10-01 20:12:11,CLAS170,0105,Katherine Wasdin,21,21,0,2026-10-01 20:19:01,2026-10-01 20:19:01.272
2026-10-01 20:12:11,CLAS170,0106,Katherine Wasdin,21,21,0,2026-10-01 20:19:01,2026-10-01 20:19:01.273
2026-10-01 20:12:11,CLAS170,0107,Katherine Wasdin,21,21,0,2026-10-01 20:19:01,2026-10-01 20:19:01.273
2026-10-01 20:12:11,CLAS170,0108,Katherine Wasdin,21,21,0,2026-10-01 20:19:01,2026-10-01 20:19:01.273
2026-10-01 20:12:11,CLAS170,0109,Katherine Wasdin,21,21,0,2026-10-01 20:19:01,2026-10-01 20:19:01.273
2026-10-01 20:12:11,CLAS276,0101,Eric Adler,25,25,0,2026-10-01 20:19:01,2026-10-01 20:19:01.747
2026-10-01 20:12:11,CLAS276,0102,Eric Adler,25,25,0,2026-10-01 20:19:01,2026-10-01 20:19:01.747
2026-10-01 20:12:11,CLAS276,0103,Eric Adler,25,25,0,2026-10-01 20:19:01,2026-10-01 20:19:01.747
2026-10-01 20:12:11,CLAS276,0104,Eric Adler,25,25,0,2026-10-01 20:19:01,2026-10-01 20:19:01.748
2026-10-01 20:12:11,CLAS276,0105,Eric Adler,25,25,0,2026-10-01 20:19:01,2026-10-01 20:19:01.748
2026-10-01 20:12:11,CLAS276,0106,Eric Adler,25,25,0,2026-10-01 20:19:01,2026-10-01 20:19:01.748
2026-10-01 20:12:11,CLAS333,0101,Nathan Levine,35,35,0,2026-10-01 20:19:02,2026-10-01 20:19:02.188
2026-10-01 20:12:11,CLAS340,0101,Katherine Wasdin,35,35,0,2026-10-01 20:19:02,2026-10-01 20:19:02.633
2026-10-01 20:12:11,CMLT235,0101,Instructor: TBA,30,30,0,2026-10-01 20:19:04,2026-10-01 20:19:04.848
2026-10-01 20:12:11,CMLT270,0201,Instructor: TBA,30,30,0,2026-10-01 20:19:05,2026-10-01 20:19:05.266
2026-10-01 20:12:11,CMLT270,0301,Instructor: TBA,30,30,0,2026-10-01 20:19:05,2026-10-01 20:19:05.266
2026-10-01 20:12:11,CMLT275,0101,Instructor: TBA,30,30,0,2026-10-01 20:19:05,2026-10-01 20:19:05.679
2026-10-01 20:12:11,CMLT277,0101,Instructor: TBA,30,30,0,2026-10-01 20:19:06,2026-10-01 20:19:06.084
2026-10-01 20:12:11,CMLT280,0101,Eric Zakim,25,25,0,2026-10-01 20:19:06,2026-10-01 20:19:06.511
2026-10-01 20:12:11,CMLT280,0102,Eric Zakim,25,25,0,2026-10-01 20:19:06,2026-10-01 20:19:06.511
2026-10-01 20:12:11,CMLT280,0103,Eric Zakim,25,25,0,2026-10-01 20:19:06,2026-10-01 20:19:06.511
2026-10-01 20:12:11,CMLT280,0104,Eric Zakim,25,25,0,2026-10-01 20:19:06,2026-10-01 20:19:06.511
2026-10-01 20:12:11,CPBE101,0101,Oliver Schlake,75,75,0,2026-10-01 20:19:35,2026-10-01 20:19:35.348
2026-10-01 20:12:11,CPBE230,0101,Obioma Akaigwe,30,30,0,2026-10-01 20:19:35,2026-10-01 20:19:35.780
2026-10-01 20:12:11,CPBE240,0101,Obioma Akaigwe,20,20,0,2026-10-01 20:19:36,2026-10-01 20:19:36.185
2026-10-01 20:12:11,CPBE250,0101,Obioma Akaigwe,30,30,0,2026-10-01 20:19:36,2026-10-01 20:19:36.576
2026-10-01 20:12:11,CPCV101,0101,Julie Randolph,40,40,0,2026-10-01 20:19:38,2026-10-01 20:19:38.413
2026-10-01 20:12:11,CPCV101,0201,Julie Randolph,40,40,0,2026-10-01 20:19:38,2026-10-01 20:19:38.413
2026-10-01 20:12:11,CPCV230,0101,Korey Rothman,20,20,0,2026-10-01 20:19:38,2026-10-01 20:19:38.830
2026-10-01 20:12:11,CPCV230,0201,Korey Rothman,20,20,0,2026-10-01 20:19:38,2026-10-01 20:19:38.830
2026-10-01 20:12:11,CPDJ101,0101,Jess Feltner,75,75,0,2026-10-01 20:19:40,2026-10-01 20:19:40.581
2026-10-01 20:12:11,CPDJ230,0101,Andrew Fellows,10,10,0,2026-10-01 20:19:41,2026-10-01 20:19:41.699
2026-10-01 20:12:11,CPDJ240,0101,Andrew Fellows,8,8,0,2026-10-01 20:19:42,2026-10-01 20:19:42.120
2026-10-01 20:12:11,CPDJ250,0101,Andrew Fellows,10,10,0,2026-10-01 20:19:42,2026-10-01 20:19:42.552
2026-10-01 20:12:11,CPET101,0101,Dani Moore,78,78,0,2026-10-01 20:19:44,2026-10-01 20:19:44.349
2026-10-01 20:12:11,CPET230,0101,Tim Knight,50,50,0,2026-10-01 20:19:44,2026-10-01 20:19:44.765
2026-10-01 20:12:11,CPET240,0101,Tim Knight,20,20,0,2026-10-01 20:19:45,2026-10-01 20:19:45.170
2026-10-01 20:12:11,CPET250,0101,Tim Knight,15,15,0,2026-10-01 20:19:45,2026-10-01 20:19:45.583
2026-10-01 20:12:11,CPGH101,0101,Angshuman Kashyap,75,75,0,2026-10-01 20:19:47,2026-10-01 20:19:47.320
2026-10-01 20:12:11,CPGH210,0101,Haley Clark,80,80,0,2026-10-01 20:19:47,2026-10-01 20:19:47.722
2026-10-01 20:12:11,CPGH230,0101,John Wiggins,30,30,0,2026-10-01 20:19:48,2026-10-01 20:19:48.141
2026-10-01 20:12:11,CPGH240,0101,John Wiggins,30,30,0,2026-10-01 20:19:48,2026-10-01 20:19:48.558
2026-10-01 20:12:11,CPGH250,0101,John Wiggins,25,25,0,2026-10-01 20:19:48,2026-10-01 20:19:48.967
2026-10-01 20:12:11,CPGH270,0101,Elisabeth Maring,5,5,0,2026-10-01 20:19:49,2026-10-01 20:19:49.400
2026-10-01 20:12:11,CPJT101,0101,Justine DeCamillis,75,75,0,2026-10-01 20:19:51,2026-10-01 20:19:51.167
2026-10-01 20:12:11,CPJT230,0101,Justine DeCamillis,35,35,0,2026-10-01 20:19:51,2026-10-01 20:19:51.589
2026-10-01 20:12:11,CPJT240,0101,Justine DeCamillis,25,25,0,2026-10-01 20:19:52,2026-10-01 20:19:52.003
2026-10-01 20:12:11,CPJT250,0101,Victoria Worley,25,25,0,2026-10-01 20:19:52,2026-10-01 20:19:52.440
2026-10-01 20:12:11,CPMS101,0101,Alison Burns,75,75,0,2026-10-01 20:19:54,2026-10-01 20:19:54.221
2026-10-01 20:12:11,CPMS230,0101,Alison Burns,30,30,0,2026-10-01 20:19:54,2026-10-01 20:19:54.648
2026-10-01 20:12:11,CPMS240,0101,Alison Burns,15,15,0,2026-10-01 20:19:55,2026-10-01 20:19:55.059
2026-10-01 20:12:11,CPPL101,0101,Kelly Brower,75,75,0,2026-10-01 20:19:56,2026-10-01 20:19:56.839
2026-10-01 20:12:11,CPSA101,0101,Heather-Erin Bremenstuhl,75,75,0,2026-10-01 20:19:58,2026-10-01 20:19:58.672
2026-10-01 20:12:11,CPSA149,0101,Harold Burgess,20,20,0,2026-10-01 20:19:59,2026-10-01 20:19:59.088
2026-10-01 20:12:11,CPSA201,0101,Heather-Erin Bremenstuhl,75,75,0,2026-10-01 20:19:59,2026-10-01 20:19:59.526
2026-10-01 20:12:11,CPSA240,0101,Harold Burgess,15,15,0,2026-10-01 20:19:59,2026-10-01 20:19:59.927
2026-10-01 20:12:11,CPSA250,0101,Heather-Erin Bremenstuhl,10,10,0,2026-10-01 20:20:00,2026-10-01 20:20:00.358
2026-10-01 20:12:11,CPSA250,0201,Heather-Erin Bremenstuhl,10,10,0,2026-10-01 20:20:00,2026-10-01 20:20:00.358
2026-10-01 20:12:11,CPSA250,0301,Heather-Erin Bremenstuhl,10,10,0,2026-10-01 20:20:00,2026-10-01 20:20:00.358
2026-10-01 20:12:11,CPSA260,0101,Harold Burgess,10,10,0,2026-10-01 20:20:00,2026-10-01 20:20:00.781
2026-10-01 20:12:11,CPSA260,0201,Harold Burgess,10,10,0,2026-10-01 20:20:00,2026-10-01 20:20:00.781
2026-10-01 20:12:11,CPSA260,0301,Heather-Erin Bremenstuhl,10,10,0,2026-10-01 20:20:00,2026-10-01 20:20:00.781
2026-10-01 20:12:11,CPSF101,0101,Erin Thomson,75,75,0,2026-10-01 20:20:02,2026-10-01 20:20:02.959
2026-10-01 20:12:11,CPSG101,0101,Thomas Holtz,75,75,0,2026-10-01 20:20:08,2026-10-01 20:20:08.935
2026-10-01 20:12:11,CPSG230,0101,John Merck,50,50,0,2026-10-01 20:20:09,2026-10-01 20:20:09.350
2026-10-01 20:12:11,CPSG240,0101,John Merck,25,25,0,2026-10-01 20:20:09,2026-10-01 20:20:09.794
2026-10-01 20:12:11,CPSG250,0101,John Merck,25,25,0,2026-10-01 20:20:10,2026-10-01 20:20:10.215
2026-10-01 20:12:11,CPSN101,0101,Hansol Kwak,75,75,0,2026-10-01 20:20:11,2026-10-01 20:20:11.993
2026-10-01 20:12:11,CPSN230,0101,Ellin Chung,40,40,0,2026-10-01 20:20:12,2026-10-01 20:20:12.403
2026-10-01 20:12:11,CPSN240,0101,Ellin Chung,15,15,0,2026-10-01 20:20:14,2026-10-01 20:20:14.165
2026-10-01 20:12:11,CPSN250,0101,Hansol Kwak,25,25,0,2026-10-01 20:20:14,2026-10-01 20:20:14.563
2026-10-01 20:12:11,CPSP210,0101,Christine Alexander,20,20,0,2026-10-01 20:20:16,2026-10-01 20:20:16.408
2026-10-01 20:12:11,CPSP239A,0101,Heather-Erin Bremenstuhl,10,10,0,2026-10-01 20:20:16,2026-10-01 20:20:16.826
2026-10-01 20:12:11,CPSP259J,0101,Alison Burns,10,10,0,2026-10-01 20:20:17,2026-10-01 20:20:17.258
2026-10-01 20:12:11,CPSP279N,0101,Stacy Kosko,10,10,0,2026-10-01 20:20:17,2026-10-01 20:20:17.717
2026-10-01 20:12:11,CPSP339P,0101,Kelly Brower,15,15,0,2026-10-01 20:20:18,2026-10-01 20:20:18.138
2026-10-01 20:12:11,CPSP359G,0101,John Merck,25,25,0,2026-10-01 20:20:21,2026-10-01 20:20:21.820
2026-10-01 20:12:11,CPSP359S,0101,David Eubanks,24,24,0,2026-10-01 20:20:22,2026-10-01 20:20:22.232
2026-10-01 20:12:11,CPSP369E,0101,Tim Knight,7,7,0,2026-10-01 20:20:22,2026-10-01 20:20:22.649
2026-10-01 20:12:11,CPSP369E,0102,Tim Knight,5,5,0,2026-10-01 20:20:22,2026-10-01 20:20:22.649
2026-10-01 20:12:11,CPSS101,0101,Christine Alexander,75,75,0,2026-10-01 20:20:24,2026-10-01 20:20:24.424
2026-10-01 20:12:11,CPSS225,0101,Roan Parrish,20,20,0,2026-10-01 20:20:26,2026-10-01 20:20:26.568
2026-10-01 20:12:11,CPSS225,0201,Thomas Zeller,20,20,0,2026-10-01 20:20:26,2026-10-01 20:20:26.568
2026-10-01 20:12:11,CPSS240,0101,Timothy Reedy,25,25,0,2026-10-01 20:20:26,2026-10-01 20:20:26.986
2026-10-01 20:12:11,CPSS340,0101,Nicole Mogul,20,20,0,2026-10-01 20:20:27,2026-10-01 20:20:27.415
2026-10-01 20:12:11,DATA100,0111,Matthew Griffin,27,27,0,2026-10-01 20:20:54,2026-10-01 20:20:54.554
2026-10-01 20:12:11,DATA100,0112,Matthew Griffin,27,27,0,2026-10-01 20:20:54,2026-10-01 20:20:54.555
2026-10-01 20:12:11,DATA100,0121,Matthew Griffin,27,27,0,2026-10-01 20:20:54,2026-10-01 20:20:54.555
2026-10-01 20:12:11,DATA100,0122,Matthew Griffin,27,27,0,2026-10-01 20:20:54,2026-10-01 20:20:54.555
2026-10-01 20:12:11,DATA100,0123,Matthew Griffin,27,27,0,2026-10-01 20:20:54,2026-10-01 20:20:54.555
2026-10-01 20:12:11,DATA100,0131,Matthew Griffin,27,27,0,2026-10-01 20:20:54,2026-10-01 20:20:54.555
2026-10-01 20:12:11,DATA100,0211,Matthew Griffin,27,27,0,2026-10-01 20:20:54,2026-10-01 20:20:54.555
2026-10-01 20:12:11,DATA100,0212,Matthew Griffin,27,27,0,2026-10-01 20:20:54,2026-10-01 20:20:54.555
2026-10-01 20:12:11,DATA100,0221,Matthew Griffin,27,27,0,2026-10-01 20:20:54,2026-10-01 20:20:54.555
2026-10-01 20:12:11,DATA100,0222,Matthew Griffin,27,27,0,2026-10-01 20:20:54,2026-10-01 20:20:54.556
2026-10-01 20:12:11,DATA100,0223,Matthew Griffin,27,27,0,2026-10-01 20:20:54,2026-10-01 20:20:54.556
2026-10-01 20:12:11,DATA100,0224,Matthew Griffin,27,27,0,2026-10-01 20:20:54,2026-10-01 20:20:54.556
2026-10-01 20:12:11,DATA100,0231,Matthew Griffin,27,27,0,2026-10-01 20:20:54,2026-10-01 20:20:54.556
2026-10-01 20:12:11,DATA100,0241,Matthew Griffin,27,27,0,2026-10-01 20:20:54,2026-10-01 20:20:54.556
2026-10-01 20:12:11,DATA100,0242,Matthew Griffin,27,27,0,2026-10-01 20:20:54,2026-10-01 20:20:54.556
2026-10-01 20:12:11,DATA100,0311,Jonathan Fernandes,25,25,0,2026-10-01 20:20:54,2026-10-01 20:20:54.556
2026-10-01 20:12:11,DATA100,0312,Jonathan Fernandes,25,25,0,2026-10-01 20:20:54,2026-10-01 20:20:54.556
2026-10-01 20:12:11,DATA100,0321,Jonathan Fernandes,25,25,0,2026-10-01 20:20:54,2026-10-01 20:20:54.557
2026-10-01 20:12:11,DATA100,0322,Jonathan Fernandes,25,25,0,2026-10-01 20:20:54,2026-10-01 20:20:54.557
2026-10-01 20:12:11,DATA100,0323,Jonathan Fernandes,25,25,0,2026-10-01 20:20:54,2026-10-01 20:20:54.557
2026-10-01 20:12:11,DATA110,0101,Susan Mazzullo,310,310,0,2026-10-01 20:20:54,2026-10-01 20:20:54.966
2026-10-01 20:12:11,DATA120,0101,Fardina Alam,200,200,0,2026-10-01 20:20:55,2026-10-01 20:20:55.384
2026-10-01 20:12:11,DATA200,0101,Fardina Alam,90,90,0,2026-10-01 20:20:55,2026-10-01 20:20:55.796
2026-10-01 20:12:11,DATA250,0101,Todd Rowland,30,30,0,2026-10-01 20:20:56,2026-10-01 20:20:56.216
2026-10-01 20:12:11,DATA320,0101,Maksym Morawski,20,20,0,2026-10-01 20:20:56,2026-10-01 20:20:56.644
2026-10-01 20:12:11,DATA320,0201,Fardina Alam,20,20,0,2026-10-01 20:20:56,2026-10-01 20:20:56.644
2026-10-01 20:12:11,DATA320,0301,Anna Evtushenko,12,12,0,2026-10-01 20:20:56,2026-10-01 20:20:56.644
2026-10-01 20:12:11,DATA350,0101,Todd Rowland,30,30,0,2026-10-01 20:20:57,2026-10-01 20:20:57.047
2026-10-01 20:12:11,DATA350,0201,Raluca Rosca,30,30,0,2026-10-01 20:20:57,2026-10-01 20:20:57.047
2026-10-01 20:12:11,DATA400,0111,Archana Khurana,27,27,0,2026-10-01 20:20:57,2026-10-01 20:20:57.466
2026-10-01 20:12:11,DATA400,0121,Archana Khurana,27,27,0,2026-10-01 20:20:57,2026-10-01 20:20:57.466
2026-10-01 20:12:11,DATA400,0131,Archana Khurana,27,27,0,2026-10-01 20:20:57,2026-10-01 20:20:57.466
2026-10-01 20:12:11,DATA400,0211,Salman Safdar,27,27,0,2026-10-01 20:20:57,2026-10-01 20:20:57.466
2026-10-01 20:12:11,DATA400,0311,Shixin Zheng,27,27,0,2026-10-01 20:20:57,2026-10-01 20:20:57.467
2026-10-01 20:12:11,DATA400,0321,Shixin Zheng,27,27,0,2026-10-01 20:20:57,2026-10-01 20:20:57.467
2026-10-01 20:12:11,DATA400,0331,Shixin Zheng,27,27,0,2026-10-01 20:20:57,2026-10-01 20:20:57.467
2026-10-01 20:12:11,DATA400,0411,Mestiyage Gunatilleka,27,27,0,2026-10-01 20:20:57,2026-10-01 20:20:57.467
2026-10-01 20:12:11,DATA400,0421,Mestiyage Gunatilleka,27,27,0,2026-10-01 20:20:57,2026-10-01 20:20:57.467
2026-10-01 20:12:11,DATA400,0431,Mestiyage Gunatilleka,27,27,0,2026-10-01 20:20:57,2026-10-01 20:20:57.467
2026-10-01 20:12:11,EALL361,0101,Jyana Browne,20,20,0,2026-10-01 20:20:59,2026-10-01 20:20:59.221
2026-10-01 20:12:11,EDDI300,0101,Nicole Mehta,20,20,0,2026-10-01 20:21:14,2026-10-01 20:21:14.733
2026-10-01 20:12:11,EMBA788G,GX01,Judy Frels,31,31,0,2026-10-01 20:21:52,2026-10-01 20:21:52.768
2026-10-01 20:12:11,EMBA788V,GX01,Zhi-Long Chen,31,31,0,2026-10-01 20:21:53,2026-10-01 20:21:53.184
2026-10-01 20:12:11,ENAI603,0101,A Seyed,35,35,0,2026-10-01 20:22:17,2026-10-01 20:22:17.124
2026-10-01 20:12:11,ENAI603,AEC1,A Seyed,20,20,0,2026-10-01 20:22:17,2026-10-01 20:22:17.124
2026-10-01 20:12:11,ENBC312,ESG1,Kyunghun Lee,20,20,0,2026-10-01 20:22:19,2026-10-01 20:22:19.067
2026-10-01 20:12:11,ENBC321,ESG1,Jamasp Azarnoosh,20,20,0,2026-10-01 20:22:19,2026-10-01 20:22:19.490
2026-10-01 20:12:11,ENBC342,ESG1,Lan Ma,20,20,0,2026-10-01 20:22:19,2026-10-01 20:22:19.906
2026-10-01 20:12:11,ENBC351,ESG1,Jarred Callura,20,20,0,2026-10-01 20:22:20,2026-10-01 20:22:20.323
2026-10-01 20:12:11,ENBC352,ESG1,Jarred Callura,20,20,0,2026-10-01 20:22:20,2026-10-01 20:22:20.765
2026-10-01 20:12:11,ENBC403,ESG1,Jamasp Azarnoosh,20,20,0,2026-10-01 20:22:21,2026-10-01 20:22:21.179
2026-10-01 20:12:11,ENBC441,ESG1,Lan Ma,20,20,0,2026-10-01 20:22:21,2026-10-01 20:22:21.588
2026-10-01 20:12:11,ENBC455,ESG1,Jarred Callura,20,20,0,2026-10-01 20:22:21,2026-10-01 20:22:22.000
2026-10-01 20:12:11,ENBC491,ESG1,Lan Ma,20,20,0,2026-10-01 20:22:22,2026-10-01 20:22:22.451
2026-10-01 20:12:11,ENCO099,0101,Lizzy Solovey,200,200,0,2026-10-01 20:22:33,2026-10-01 20:22:33.453
2026-10-01 20:12:11,ENEB304,ESG1,Nestor Michael Tiglao,20,20,0,2026-10-01 20:22:35,2026-10-01 20:22:35.227
2026-10-01 20:12:11,ENEB345,ESG1,Nestor Michael Tiglao,20,20,0,2026-10-01 20:22:35,2026-10-01 20:22:35.890
2026-10-01 20:12:11,ENEB352,ESG1,Mohamed Hany,20,20,0,2026-10-01 20:22:36,2026-10-01 20:22:36.667
2026-10-01 20:12:11,ENEB353,ESG1,Manoj Franklin,20,20,0,2026-10-01 20:22:37,2026-10-01 20:22:37.077
2026-10-01 20:12:11,ENEB355,ESG1,Nestor Michael Tiglao,20,20,0,2026-10-01 20:22:37,2026-10-01 20:22:37.736
2026-10-01 20:12:11,ENEB408B,ESG1,Jerry Wu,20,20,0,2026-10-01 20:22:38,2026-10-01 20:22:38.358
2026-10-01 20:12:11,ENEB443,ESG1,George Zaki,20,20,0,2026-10-01 20:22:38,2026-10-01 20:22:38.753
2026-10-01 20:12:11,ENEB453,ESG1,Nestor Michael Tiglao,20,20,0,2026-10-01 20:22:39,2026-10-01 20:22:39.187
2026-10-01 20:12:11,ENEB455,ESG1,Jerry Wu,20,20,0,2026-10-01 20:22:39,2026-10-01 20:22:39.816
2026-10-01 20:12:11,ENEB456,ESG1,Nestor Michael Tiglao,20,20,0,2026-10-01 20:22:40,2026-10-01 20:22:40.463
2026-10-01 20:12:11,ENED037,0101,Hillary Owusu,20,20,0,2026-10-01 20:22:42,2026-10-01 20:22:42.423
2026-10-01 20:12:11,ENED290H,0101,Christopher Troilo,45,45,0,2026-10-01 20:22:42,2026-10-01 20:22:42.838
2026-10-01 20:12:11,ENED390H,0101,Instructor: TBA,45,45,0,2026-10-01 20:22:43,2026-10-01 20:22:43.447
2026-10-01 20:12:11,ENED394H,0101,Maria Bardossy,40,40,0,2026-10-01 20:22:43,2026-10-01 20:22:43.858
2026-10-01 20:12:11,ENED397,0101,Emily Marks,9,9,0,2026-10-01 20:22:44,2026-10-01 20:22:44.255
2026-10-01 20:12:11,ENED490H,0101,David Ashley,45,45,0,2026-10-01 20:22:44,2026-10-01 20:22:44.674
2026-10-01 20:12:11,ENED491,0101,Jessica Roffe,10,10,0,2026-10-01 20:22:45,2026-10-01 20:22:45.085
2026-10-01 20:12:11,ENMT313,ESG1,Nicholas Limparis,3,3,0,2026-10-01 20:24:17,2026-10-01 20:24:17.310
2026-10-01 20:12:11,ENMT332,ESG1,Norman Wereley,4,4,0,2026-10-01 20:24:17,2026-10-01 20:24:17.724
2026-10-01 20:12:11,ENMT362,ESG1,Young Choi,3,3,0,2026-10-01 20:24:18,2026-10-01 20:24:18.142
2026-10-01 20:12:11,ENMT372,ESG1,Gurtajbir Herr,3,3,0,2026-10-01 20:24:18,2026-10-01 20:24:18.552
2026-10-01 20:12:11,ENMT477,ESG1,Gurtajbir Herr,7,7,0,2026-10-01 20:24:18,2026-10-01 20:24:18.978
2026-10-01 20:12:11,ENMT488C,ESG1,Colleen Murray,7,7,0,2026-10-01 20:24:19,2026-10-01 20:24:19.756
2026-10-01 20:12:11,ENMT488P,ESG1,Colleen Murray,7,7,0,2026-10-01 20:24:20,2026-10-01 20:24:20.622
2026-10-01 20:12:11,ENMT488Z,ESG1,Nicholas Limparis,7,7,0,2026-10-01 20:24:21,2026-10-01 20:24:21.015
2026-10-01 20:12:11,ENSP102,0101,Joanna Goger,22,22,0,2026-10-01 20:24:39,2026-10-01 20:24:39.525
2026-10-01 20:12:11,ENSP102,0102,Joanna Goger,22,22,0,2026-10-01 20:24:39,2026-10-01 20:24:39.525
2026-10-01 20:12:11,ENSP102,0103,Joanna Goger,23,23,0,2026-10-01 20:24:39,2026-10-01 20:24:39.525
2026-10-01 20:12:11,ENSP102,0104,Joanna Goger,22,22,0,2026-10-01 20:24:39,2026-10-01 20:24:39.525
2026-10-01 20:12:11,ENSP102,0105,Joanna Goger,22,22,0,2026-10-01 20:24:39,2026-10-01 20:24:39.525
2026-10-01 20:12:11,ENSP102,0106,Joanna Goger,22,22,0,2026-10-01 20:24:39,2026-10-01 20:24:39.525
2026-10-01 20:12:11,ENSP102,0107,Joanna Goger,22,22,0,2026-10-01 20:24:39,2026-10-01 20:24:39.525
2026-10-01 20:12:11,ENSP306,0101,Caroline Boules,30,30,0,2026-10-01 20:24:39,2026-10-01 20:24:39.941
2026-10-01 20:12:11,ENSP330,0101,Joanna Goger,35,35,0,2026-10-01 20:24:40,2026-10-01 20:24:40.405
2026-10-01 20:12:11,ENSP342,0101,Annette Spivy,35,35,0,2026-10-01 20:24:40,2026-10-01 20:24:40.828
2026-10-01 20:12:11,ENSP370,0101,Arielle Wharton,30,30,0,2026-10-01 20:24:41,2026-10-01 20:24:41.235
2026-10-01 20:12:11,ENSP399R,0101,Melissa Kenney,15,15,0,2026-10-01 20:24:42,2026-10-01 20:24:42.464
2026-10-01 20:12:11,ENSP399R,0301,Instructor: TBA,15,15,0,2026-10-01 20:24:42,2026-10-01 20:24:42.464
2026-10-01 20:12:11,ENSP399R,0601,Annette Spivy,10,10,0,2026-10-01 20:24:42,2026-10-01 20:24:42.464
2026-10-01 20:12:11,ENSP399R,1001,Jennifer Mullinax,10,10,0,2026-10-01 20:24:42,2026-10-01 20:24:42.464
2026-10-01 20:12:11,ENSP400,0101,Caroline Boules,30,30,0,2026-10-01 20:24:42,2026-10-01 20:24:42.883
2026-10-01 20:12:11,ENSP400,0102,Annette Spivy,30,30,0,2026-10-01 20:24:42,2026-10-01 20:24:42.884
2026-10-01 20:12:11,ENSP400,0104,Colleen O'Donnell,20,20,0,2026-10-01 20:24:42,2026-10-01 20:24:42.884
2026-10-01 20:12:11,FGSM398,0101,Jayakumar Arasan,120,120,0,2026-10-01 20:25:13,2026-10-01 20:25:13.253
2026-10-01 20:12:11,FGSM398,0201,Jayakumar Arasan,120,120,0,2026-10-01 20:25:13,2026-10-01 20:25:13.253
2026-10-01 20:12:11,GEMS102,0101,David Lovell,180,180,0,2026-10-01 20:25:45,2026-10-01 20:25:45.380
2026-10-01 20:12:11,GEMS208D,0101,Allison Lansverk,1,1,0,2026-10-01 20:25:45,2026-10-01 20:25:45.784
2026-10-01 20:12:11,GEMS208E,0101,Allison Lansverk,18,18,0,2026-10-01 20:25:46,2026-10-01 20:25:46.210
2026-10-01 20:12:11,GEMS208F,0201,Allison Lansverk,12,12,0,2026-10-01 20:25:46,2026-10-01 20:25:46.613
2026-10-01 20:12:11,GEMS208J,0101,Allison Lansverk,24,24,0,2026-10-01 20:25:47,2026-10-01 20:25:47.031
2026-10-01 20:12:11,GEMS208K,0101,Allison Lansverk,30,30,0,2026-10-01 20:25:47,2026-10-01 20:25:47.444
2026-10-01 20:12:11,GEMS208P,0101,Allison Lansverk,15,15,0,2026-10-01 20:25:47,2026-10-01 20:25:47.870
2026-10-01 20:12:11,GEMS208Q,0201,Allison Lansverk,1,1,0,2026-10-01 20:25:48,2026-10-01 20:25:48.289
2026-10-01 20:12:11,GEMS296,0113,David Lovell,5,5,0,2026-10-01 20:25:48,2026-10-01 20:25:48.680
2026-10-01 20:12:11,GEMS297,0101,Instructor: TBA,14,14,0,2026-10-01 20:25:49,2026-10-01 20:25:49.136
2026-10-01 20:12:11,GEMS297,0102,Instructor: TBA,14,14,0,2026-10-01 20:25:49,2026-10-01 20:25:49.136
2026-10-01 20:12:11,GEMS297,0103,Instructor: TBA,14,14,0,2026-10-01 20:25:49,2026-10-01 20:25:49.136
2026-10-01 20:12:11,GEMS297,0104,Instructor: TBA,14,14,0,2026-10-01 20:25:49,2026-10-01 20:25:49.137
2026-10-01 20:12:11,GEMS297,0105,Instructor: TBA,14,14,0,2026-10-01 20:25:49,2026-10-01 20:25:49.137
2026-10-01 20:12:11,GEMS297,0106,Instructor: TBA,14,14,0,2026-10-01 20:25:49,2026-10-01 20:25:49.137
2026-10-01 20:12:11,GEMS297,0107,Instructor: TBA,14,14,0,2026-10-01 20:25:49,2026-10-01 20:25:49.137
2026-10-01 20:12:11,GEMS297,0108,Instructor: TBA,14,14,0,2026-10-01 20:25:49,2026-10-01 20:25:49.137
2026-10-01 20:12:11,GEMS297,0109,Instructor: TBA,14,14,0,2026-10-01 20:25:49,2026-10-01 20:25:49.137
2026-10-01 20:12:11,GEMS297,0110,Instructor: TBA,14,14,0,2026-10-01 20:25:49,2026-10-01 20:25:49.137
2026-10-01 20:12:11,GEMS297,0111,Instructor: TBA,14,14,0,2026-10-01 20:25:49,2026-10-01 20:25:49.137
2026-10-01 20:12:11,GEMS297,0112,Instructor: TBA,14,14,0,2026-10-01 20:25:49,2026-10-01 20:25:49.138
2026-10-01 20:12:11,GEMS297,0113,Instructor: TBA,14,14,0,2026-10-01 20:25:49,2026-10-01 20:25:49.138
2026-10-01 20:12:11,GEMS297,0114,Instructor: TBA,14,14,0,2026-10-01 20:25:49,2026-10-01 20:25:49.138
2026-10-01 20:12:11,GEMS297,0115,Instructor: TBA,5,5,0,2026-10-01 20:25:49,2026-10-01 20:25:49.138
2026-10-01 20:12:11,GEMS396,0113,David Lovell,5,5,0,2026-10-01 20:25:49,2026-10-01 20:25:49.553
2026-10-01 20:12:11,GEMS397,0101,Michael Humber,14,14,0,2026-10-01 20:25:49,2026-10-01 20:25:49.985
2026-10-01 20:12:11,GEMS397,0102,Seth Dickey,14,14,0,2026-10-01 20:25:49,2026-10-01 20:25:49.985
2026-10-01 20:12:11,GEMS397,0103,Cecilia Huertas Cerdeira,14,14,0,2026-10-01 20:25:49,2026-10-01 20:25:49.985
2026-10-01 20:12:11,GEMS397,0104,Rodolphe Gentili,14,14,0,2026-10-01 20:25:49,2026-10-01 20:25:49.985
2026-10-01 20:12:11,GEMS397,0105,Allison Reilly,14,14,0,2026-10-01 20:25:49,2026-10-01 20:25:49.985
2026-10-01 20:12:11,GEMS397,0106,Peter Sunderland,14,14,0,2026-10-01 20:25:49,2026-10-01 20:25:49.985
2026-10-01 20:12:11,GEMS397,0107,Brett Lacey,14,14,0,2026-10-01 20:25:49,2026-10-01 20:25:49.985
2026-10-01 20:12:11,GEMS397,0108,Natalia Buzulukova,14,14,0,2026-10-01 20:25:49,2026-10-01 20:25:49.985
2026-10-01 20:12:11,GEMS397,0109,Anil Deane,14,14,0,2026-10-01 20:25:49,2026-10-01 20:25:49.986
2026-10-01 20:12:11,GEMS397,0110,Colenso Speer,14,14,0,2026-10-01 20:25:49,2026-10-01 20:25:49.986
2026-10-01 20:12:11,GEMS397,0111,Alisa Clyne,14,14,0,2026-10-01 20:25:49,2026-10-01 20:25:49.986
2026-10-01 20:12:11,GEMS397,0112,Xin Zan,14,14,0,2026-10-01 20:25:49,2026-10-01 20:25:49.986
2026-10-01 20:12:11,GEMS397,0113,Instructor: TBA,14,14,0,2026-10-01 20:25:49,2026-10-01 20:25:49.986
2026-10-01 20:12:11,GEMS397,0114,David Lovell,5,5,0,2026-10-01 20:25:49,2026-10-01 20:25:49.986
2026-10-01 20:12:11,GEMS397,0115,David Lovell,5,5,0,2026-10-01 20:25:49,2026-10-01 20:25:49.986
2026-10-01 20:12:11,GEMS496,0113,David Lovell,5,5,0,2026-10-01 20:25:50,2026-10-01 20:25:50.394
2026-10-01 20:12:11,GEMS497,0101,Eric Haag,14,14,0,2026-10-01 20:25:50,2026-10-01 20:25:50.834
2026-10-01 20:12:11,GEMS497,0102,Mohammad Nayeem Teli,14,14,0,2026-10-01 20:25:50,2026-10-01 20:25:50.834
2026-10-01 20:12:11,GEMS497,0103,Norberto Gonzalez- Juarbe,14,14,0,2026-10-01 20:25:50,2026-10-01 20:25:50.834
2026-10-01 20:12:11,GEMS497,0104,Abhinav Shrivastava,14,14,0,2026-10-01 20:25:50,2026-10-01 20:25:50.834
2026-10-01 20:12:11,GEMS497,0105,Hector Alcala,14,14,0,2026-10-01 20:25:50,2026-10-01 20:25:50.834
2026-10-01 20:12:11,GEMS497,0106,Massimo Ricotti,14,14,0,2026-10-01 20:25:50,2026-10-01 20:25:50.834
2026-10-01 20:12:11,GEMS497,0107,Reza Ghodssi,14,14,0,2026-10-01 20:25:50,2026-10-01 20:25:50.834
2026-10-01 20:12:11,GEMS497,0108,Nikhil Chopra,14,14,0,2026-10-01 20:25:50,2026-10-01 20:25:50.834
2026-10-01 20:12:11,GEMS497,0109,Kimberly Stroka,14,14,0,2026-10-01 20:25:50,2026-10-01 20:25:50.834
2026-10-01 20:12:11,GEMS497,0110,Gorjan Alagic,14,14,0,2026-10-01 20:25:50,2026-10-01 20:25:50.835
2026-10-01 20:12:11,GEMS497,0111,Alisa Clyne,14,14,0,2026-10-01 20:25:50,2026-10-01 20:25:50.835
2026-10-01 20:12:11,GEMS497,0112,Xin Zan,14,14,0,2026-10-01 20:25:50,2026-10-01 20:25:50.835
2026-10-01 20:12:11,GEMS497,0113,David Lovell,14,14,0,2026-10-01 20:25:50,2026-10-01 20:25:50.835
2026-10-01 20:12:11,GEMS497,0114,David Lovell,14,14,0,2026-10-01 20:25:50,2026-10-01 20:25:50.835
2026-10-01 20:12:11,GFPL100,0101,Alec Worsnop,21,21,0,2026-10-01 20:26:22,2026-10-01 20:26:22.769
2026-10-01 20:12:11,GFPL100,0102,Alec Worsnop,21,21,0,2026-10-01 20:26:22,2026-10-01 20:26:22.769
2026-10-01 20:12:11,GFPL100,0103,Alec Worsnop,21,21,0,2026-10-01 20:26:22,2026-10-01 20:26:22.769
2026-10-01 20:12:11,GFPL100,0104,Alec Worsnop,21,21,0,2026-10-01 20:26:22,2026-10-01 20:26:22.769
2026-10-01 20:12:11,GFPL100,0105,Alec Worsnop,21,21,0,2026-10-01 20:26:22,2026-10-01 20:26:22.770
2026-10-01 20:12:11,GFPL100,0106,Alec Worsnop,20,20,0,2026-10-01 20:26:22,2026-10-01 20:26:22.770
2026-10-01 20:12:11,GFPL102,0101,Caroline Ritter,95,95,0,2026-10-01 20:26:23,2026-10-01 20:26:23.173
2026-10-01 20:12:11,GFPL372,0101,Devin Entrikin,40,40,0,2026-10-01 20:26:23,2026-10-01 20:26:23.601
2026-10-01 20:12:11,GLBC200,0101,Parker Brookie,30,30,0,2026-10-01 20:26:25,2026-10-01 20:26:25.370
2026-10-01 20:12:11,GLBC360,0101,Hester Baer,30,30,0,2026-10-01 20:26:25,2026-10-01 20:26:25.791
2026-10-01 20:12:11,HACS101,0101,Michel Cukier,35,35,0,2026-10-01 20:27:03,2026-10-01 20:27:03.118
2026-10-01 20:12:11,HACS101,0201,Michel Cukier,35,35,0,2026-10-01 20:27:03,2026-10-01 20:27:03.118
2026-10-01 20:12:11,HACS201,0101,Bertrand Sobesto,26,26,0,2026-10-01 20:27:03,2026-10-01 20:27:03.530
2026-10-01 20:12:11,HACS208A,0101,Lawrence Gordon,20,20,0,2026-10-01 20:27:03,2026-10-01 20:27:03.973
2026-10-01 20:12:11,HACS208E,0101,Ian Serbin,26,26,0,2026-10-01 20:27:04,2026-10-01 20:27:04.451
2026-10-01 20:12:11,HACS208Z,0101,Zulema Belyeu,30,30,0,2026-10-01 20:27:04,2026-10-01 20:27:04.856
2026-10-01 20:12:11,HACS297,0101,Sarah Herberger,25,25,0,2026-10-01 20:27:06,2026-10-01 20:27:06.083
2026-10-01 20:12:11,HACS318A,0101,Lindsey Schrott,75,75,0,2026-10-01 20:27:06,2026-10-01 20:27:06.503
2026-10-01 20:12:11,HACS408C,0101,Lamia Zia,26,26,0,2026-10-01 20:27:06,2026-10-01 20:27:06.920
2026-10-01 20:12:11,HACS408P,0101,Firoozeh Rahimian,26,26,0,2026-10-01 20:27:07,2026-10-01 20:27:07.363
2026-10-01 20:12:11,HACS408T,0101,Kevin Bock,30,30,0,2026-10-01 20:27:07,2026-10-01 20:27:07.778
2026-10-01 20:12:11,HACS408V,0101,Edward Condon,30,30,0,2026-10-01 20:27:08,2026-10-01 20:27:08.197
2026-10-01 20:12:11,HACS497,0101,Cassie Harrington,25,25,0,2026-10-01 20:27:09,2026-10-01 20:27:09.027
2026-10-01 20:12:11,HACS498,0101,Thomas Woods,10,10,0,2026-10-01 20:27:09,2026-10-01 20:27:09.426
2026-10-01 20:12:11,HACS498,0201,Neal Ziring,18,18,0,2026-10-01 20:27:09,2026-10-01 20:27:09.426
2026-10-01 20:12:11,HACS498,0301,Michel Cukier,4,4,0,2026-10-01 20:27:09,2026-10-01 20:27:09.426
2026-10-01 20:12:11,HBUS105,0101,Daniel McCarthy,35,35,0,2026-10-01 20:27:11,2026-10-01 20:27:11.187
2026-10-01 20:12:11,HBUS105,0201,Daniel McCarthy,35,35,0,2026-10-01 20:27:11,2026-10-01 20:27:11.188
2026-10-01 20:12:11,HBUS205,0101,Nicole Coomber,30,30,0,2026-10-01 20:27:11,2026-10-01 20:27:11.591
2026-10-01 20:12:11,HBUS205,0201,Nicole Coomber,30,30,0,2026-10-01 20:27:11,2026-10-01 20:27:11.591
2026-10-01 20:12:11,HDCC106,0101,Jessica Lu,10,10,0,2026-10-01 20:27:13,2026-10-01 20:27:13.350
2026-10-01 20:12:11,HDCC106,0201,William Evans,10,10,0,2026-10-01 20:27:13,2026-10-01 20:27:13.350
2026-10-01 20:12:11,HDCC106,0301,Grant Bollmer,10,10,0,2026-10-01 20:27:13,2026-10-01 20:27:13.350
2026-10-01 20:12:11,HDCC106,0401,Cliff Bakalian,10,10,0,2026-10-01 20:27:13,2026-10-01 20:27:13.350
2026-10-01 20:12:11,HDCC106,0501,Alex Leitch,10,10,0,2026-10-01 20:27:13,2026-10-01 20:27:13.350
2026-10-01 20:12:11,HDCC106,0601,Jade Olson,10,10,0,2026-10-01 20:27:13,2026-10-01 20:27:13.350
2026-10-01 20:12:11,HDCC106,0701,Courtney Ray,10,10,0,2026-10-01 20:27:13,2026-10-01 20:27:13.351
2026-10-01 20:12:11,HDCC209A,0101,Jessica Lu,15,15,0,2026-10-01 20:27:13,2026-10-01 20:27:13.754
2026-10-01 20:12:11,HDCC209B,0101,Nishtha Das,15,15,0,2026-10-01 20:27:14,2026-10-01 20:27:14.162
2026-10-01 20:12:11,HDCC209C,0101,Hansika Murugu,15,15,0,2026-10-01 20:27:14,2026-10-01 20:27:14.556
2026-10-01 20:12:11,HEBR107,0101,Avital Karpman,15,15,0,2026-10-01 20:27:16,2026-10-01 20:27:16.736
2026-10-01 20:12:11,HEBR107,0201,Avital Karpman,15,15,0,2026-10-01 20:27:16,2026-10-01 20:27:16.736
2026-10-01 20:12:11,HEBR207,0101,Avital Karpman,15,15,0,2026-10-01 20:27:17,2026-10-01 20:27:17.139
2026-10-01 20:12:11,HEBR249A,0101,Aliza Sandalon,15,15,0,2026-10-01 20:27:17,2026-10-01 20:27:17.550
2026-10-01 20:12:11,HEBR314,0101,Aliza Sandalon,20,20,0,2026-10-01 20:27:17,2026-10-01 20:27:17.972
2026-10-01 20:12:11,HEBR488,0101,Bernard Cooperman,10,10,0,2026-10-01 20:27:18,2026-10-01 20:27:18.790
2026-10-01 20:12:11,HEBR488,0102,Aner Tal,10,10,0,2026-10-01 20:27:18,2026-10-01 20:27:18.790
2026-10-01 20:12:11,HGLO298,0101,Daniel Tuke,30,30,0,2026-10-01 20:27:42,2026-10-01 20:27:42.439
2026-10-01 20:12:11,HHUM106,0101,Sarah Humud,17,17,0,2026-10-01 20:27:44,2026-10-01 20:27:44.263
2026-10-01 20:12:11,HHUM106,0102,Sarah Humud,17,17,0,2026-10-01 20:27:44,2026-10-01 20:27:44.263
2026-10-01 20:12:11,HHUM106,0103,Sarah Humud,17,17,0,2026-10-01 20:27:44,2026-10-01 20:27:44.263
2026-10-01 20:12:11,HHUM106,0104,Sarah Humud,17,17,0,2026-10-01 20:27:44,2026-10-01 20:27:44.263
2026-10-01 20:12:11,HHUM206,0101,Sarah Humud,15,15,0,2026-10-01 20:27:44,2026-10-01 20:27:44.691
2026-10-01 20:12:11,HHUM206,0102,Sarah Humud,15,15,0,2026-10-01 20:27:44,2026-10-01 20:27:44.691
2026-10-01 20:12:11,HHUM206,0103,Carla Della Gatta,15,15,0,2026-10-01 20:27:44,2026-10-01 20:27:44.692
2026-10-01 20:12:11,HHUM206,0104,Sarah Humud,15,15,0,2026-10-01 20:27:44,2026-10-01 20:27:44.692
2026-10-01 20:12:11,HHUM328,0101,Sarah Humud,20,20,0,2026-10-01 20:27:45,2026-10-01 20:27:45.088
2026-10-01 20:12:11,HHUM329,0101,Sarah Humud,5,5,0,2026-10-01 20:27:45,2026-10-01 20:27:45.513
2026-10-01 20:12:11,HISP200,0101,Stefan Woehlke,22,22,0,2026-10-01 20:27:47,2026-10-01 20:27:47.353
2026-10-01 20:12:11,HISP200,0102,Stefan Woehlke,22,22,0,2026-10-01 20:27:47,2026-10-01 20:27:47.353
2026-10-01 20:12:11,HISP200,0103,Stefan Woehlke,22,22,0,2026-10-01 20:27:47,2026-10-01 20:27:47.353
2026-10-01 20:12:11,HISP200,0104,Stefan Woehlke,22,22,0,2026-10-01 20:27:47,2026-10-01 20:27:47.353
2026-10-01 20:12:11,HISP200,0105,Stefan Woehlke,22,22,0,2026-10-01 20:27:47,2026-10-01 20:27:47.353
2026-10-01 20:12:11,HISP319E,0101,Michelle Magalong,20,20,0,2026-10-01 20:27:47,2026-10-01 20:27:47.763
2026-10-01 20:12:11,HISP319S,0101,Michelle Magalong,30,30,0,2026-10-01 20:27:48,2026-10-01 20:27:48.195
2026-10-01 20:12:11,HISP619E,0101,Michelle Magalong,24,24,0,2026-10-01 20:27:48,2026-10-01 20:27:48.606
2026-10-01 20:12:11,HISP619O,0101,Stefan Woehlke,5,5,0,2026-10-01 20:27:49,2026-10-01 20:27:49.027
2026-10-01 20:12:11,HISP630,0101,Rhonda Sincavage,15,15,0,2026-10-01 20:27:49,2026-10-01 20:27:49.445
2026-10-01 20:12:11,HISP635,0101,Eola Dance,10,10,0,2026-10-01 20:27:49,2026-10-01 20:27:49.864
2026-10-01 20:12:11,HISP640,0101,Frederick Stachura,15,15,0,2026-10-01 20:27:50,2026-10-01 20:27:50.288
2026-10-01 20:12:11,HISP655,0101,Donald Linebaugh,15,15,0,2026-10-01 20:27:50,2026-10-01 20:27:50.697
2026-10-01 20:12:11,HISP660,0101,Instructor: TBA,15,15,0,2026-10-01 20:27:51,2026-10-01 20:27:51.103
2026-10-01 20:12:11,HISP670,0101,Alfonso Narvaez,15,15,0,2026-10-01 20:27:51,2026-10-01 20:27:51.507
2026-10-01 20:12:11,HISP690,0101,Donald Linebaugh,15,15,0,2026-10-01 20:27:51,2026-10-01 20:27:51.924
2026-10-01 20:12:11,HISP701,0101,Instructor: TBA,5,5,0,2026-10-01 20:27:52,2026-10-01 20:27:52.338
2026-10-01 20:12:11,HISP710,0101,Susan Kern,15,15,0,2026-10-01 20:27:52,2026-10-01 20:27:52.764
2026-10-01 20:12:11,HISP711,0101,Susan Kern,15,15,0,2026-10-01 20:27:53,2026-10-01 20:27:53.178
2026-10-01 20:12:11,HLSC102,0101,Sabrina Kramer,94,94,0,2026-10-01 20:28:28,2026-10-01 20:28:28.817
2026-10-01 20:12:11,HLSC102,0102,Jalah Townsend,35,35,0,2026-10-01 20:28:28,2026-10-01 20:28:28.817
2026-10-01 20:12:11,HLSC227,0101,Najib El-Sayed,25,25,0,2026-10-01 20:28:29,2026-10-01 20:28:29.216
2026-10-01 20:12:11,HLSC322,0101,Sabrina Kramer,23,23,0,2026-10-01 20:28:29,2026-10-01 20:28:29.640
2026-10-01 20:12:11,HLSC322,0102,Sabrina Kramer,23,23,0,2026-10-01 20:28:29,2026-10-01 20:28:29.641
2026-10-01 20:12:11,HLSC322,0103,Sabrina Kramer,23,23,0,2026-10-01 20:28:29,2026-10-01 20:28:29.641
2026-10-01 20:12:11,HLSC322,0104,Sabrina Kramer,23,23,0,2026-10-01 20:28:29,2026-10-01 20:28:29.641
2026-10-01 20:12:11,HLSC329,0101,Sabrina Kramer,12,12,0,2026-10-01 20:28:30,2026-10-01 20:28:30.120
2026-10-01 20:12:11,HNUH100,0101,Max Barnewitz,10,10,0,2026-10-01 20:28:48,2026-10-01 20:28:48.720
2026-10-01 20:12:11,HNUH218D,0101,Brian Gilmore,50,50,0,2026-10-01 20:28:49,2026-10-01 20:28:49.131
2026-10-01 20:12:11,HNUH218L,0101,Shauna Rigaud,20,20,0,2026-10-01 20:28:49,2026-10-01 20:28:49.570
2026-10-01 20:12:11,HNUH218L,0201,Shauna Rigaud,20,20,0,2026-10-01 20:28:49,2026-10-01 20:28:49.570
2026-10-01 20:12:11,HNUH218M,0101,Ebonie Johnson Cooper,20,20,0,2026-10-01 20:28:49,2026-10-01 20:28:49.984
2026-10-01 20:12:11,HNUH218N,0101,Sujith Kumar,20,20,0,2026-10-01 20:28:50,2026-10-01 20:28:50.401
2026-10-01 20:12:11,HNUH228D,0101,Matthew McLaughlin,60,60,0,2026-10-01 20:28:50,2026-10-01 20:28:50.791
2026-10-01 20:12:11,HNUH228L,0101,Alena Wigodner,20,20,0,2026-10-01 20:28:51,2026-10-01 20:28:51.208
2026-10-01 20:12:11,HNUH228L,0201,Alena Wigodner,20,20,0,2026-10-01 20:28:51,2026-10-01 20:28:51.208
2026-10-01 20:12:11,HNUH228M,0101,Ted Baker,20,20,0,2026-10-01 20:28:51,2026-10-01 20:28:51.629
2026-10-01 20:12:11,HNUH229P,0101,Tyson Slocum,20,20,0,2026-10-01 20:28:52,2026-10-01 20:28:52.033
2026-10-01 20:12:11,HNUH238D,0101,Susan Moeller,60,60,0,2026-10-01 20:28:52,2026-10-01 20:28:52.426
2026-10-01 20:12:11,HNUH238L,0101,Kimberly Johnson,20,20,0,2026-10-01 20:28:52,2026-10-01 20:28:52.845
2026-10-01 20:12:11,HNUH238L,0201,Kimberly Johnson,20,20,0,2026-10-01 20:28:52,2026-10-01 20:28:52.846
2026-10-01 20:12:11,HNUH238M,0101,Daniel Reck,20,20,0,2026-10-01 20:28:53,2026-10-01 20:28:53.253
2026-10-01 20:12:11,HNUH239I,0101,Jon Crocker,20,20,0,2026-10-01 20:28:53,2026-10-01 20:28:53.669
2026-10-01 20:12:11,HNUH248D,0101,Juan Uriagereka,45,45,0,2026-10-01 20:28:54,2026-10-01 20:28:54.093
2026-10-01 20:12:11,HNUH248L,0101,Robert Graham,20,20,0,2026-10-01 20:28:54,2026-10-01 20:28:54.511
2026-10-01 20:12:11,HNUH249T,0101,Daniel Rosenthal,20,20,0,2026-10-01 20:28:54,2026-10-01 20:28:54.902
2026-10-01 20:12:11,HNUH258C,0101,Bill Fagan,55,55,0,2026-10-01 20:28:55,2026-10-01 20:28:55.326
2026-10-01 20:12:11,HNUH258O,0101,Amy Green,20,20,0,2026-10-01 20:28:55,2026-10-01 20:28:55.733
2026-10-01 20:12:11,HNUH259T,0101,Ingrid Satelmajer,20,20,0,2026-10-01 20:28:56,2026-10-01 20:28:56.150
2026-10-01 20:12:11,HNUH268C,0101,Perla Guerrero,60,60,0,2026-10-01 20:28:56,2026-10-01 20:28:56.566
2026-10-01 20:12:11,HNUH268Q,0101,Binod Paudyal,20,20,0,2026-10-01 20:28:56,2026-10-01 20:28:56.967
2026-10-01 20:12:11,HNUH268R,0201,Vasfiye Toprak,20,20,0,2026-10-01 20:28:57,2026-10-01 20:28:57.376
2026-10-01 20:12:11,HNUH269T,0101,James Stillwell,20,20,0,2026-10-01 20:28:57,2026-10-01 20:28:57.781
2026-10-01 20:12:11,HNUH278C,0101,Chinyere Osuji,60,60,0,2026-10-01 20:28:58,2026-10-01 20:28:58.197
2026-10-01 20:12:11,HNUH278I,0101,Marisa Franco,20,20,0,2026-10-01 20:28:58,2026-10-01 20:28:58.616
2026-10-01 20:12:11,HNUH278I,0201,Marisa Franco,20,20,0,2026-10-01 20:28:58,2026-10-01 20:28:58.616
2026-10-01 20:12:11,HNUH278O,0101,DeNeen Brown,20,20,0,2026-10-01 20:28:59,2026-10-01 20:28:59.005
2026-10-01 20:12:11,HNUH278Q,0101,Katherine Coogan,20,20,0,2026-10-01 20:28:59,2026-10-01 20:28:59.408
2026-10-01 20:12:11,HNUH278R,0101,Max Barnewitz,20,20,0,2026-10-01 20:28:59,2026-10-01 20:28:59.820
2026-10-01 20:12:11,HNUH288C,0101,Julia Steinberg,30,30,0,2026-10-01 20:29:00,2026-10-01 20:29:00.251
2026-10-01 20:12:11,HNUH288C,0102,Julia Steinberg,30,30,0,2026-10-01 20:29:00,2026-10-01 20:29:00.251
2026-10-01 20:12:11,HNUH288O,0101,Ariana Nash,20,20,0,2026-10-01 20:29:00,2026-10-01 20:29:00.669
2026-10-01 20:12:11,HNUH300,0201,Vasfiye Toprak,20,20,0,2026-10-01 20:29:01,2026-10-01 20:29:01.110
2026-10-01 20:12:11,HNUH300,0301,Shauna Rigaud,20,20,0,2026-10-01 20:29:01,2026-10-01 20:29:01.110
2026-10-01 20:12:11,HNUH300,0401,Vasfiye Toprak,20,20,0,2026-10-01 20:29:01,2026-10-01 20:29:01.110
2026-10-01 20:12:11,HNUH300,0501,Ingrid Satelmajer,20,20,0,2026-10-01 20:29:01,2026-10-01 20:29:01.110
2026-10-01 20:12:11,HNUH300,0701,Jordan Johnson,20,20,0,2026-10-01 20:29:01,2026-10-01 20:29:01.110
2026-10-01 20:12:11,HNUH300,0801,Instructor: TBA,20,20,0,2026-10-01 20:29:01,2026-10-01 20:29:01.111
2026-10-01 20:12:11,HNUH300,0901,Alena Wigodner,20,20,0,2026-10-01 20:29:01,2026-10-01 20:29:01.111
2026-10-01 20:12:11,HNUH300,1001,Robert Graham,20,20,0,2026-10-01 20:29:01,2026-10-01 20:29:01.111
2026-10-01 20:12:11,HNUH300,1101,Max Barnewitz,20,20,0,2026-10-01 20:29:01,2026-10-01 20:29:01.111
2026-10-01 20:12:11,HNUH398P,0101,Jayakumar Arasan,120,120,0,2026-10-01 20:29:01,2026-10-01 20:29:01.597
2026-10-01 20:12:11,HNUH398P,0201,Jayakumar Arasan,120,120,0,2026-10-01 20:29:01,2026-10-01 20:29:01.597
2026-10-01 20:12:11,HONR379W,0101,Blake Wilder,15,15,0,2026-10-01 20:29:03,2026-10-01 20:29:03.363
2026-10-01 20:12:11,IDEA201,0101,Mira Azarm,20,20,0,2026-10-01 20:29:05,2026-10-01 20:29:05.158
2026-10-01 20:12:11,IDEA201,0102,Christina Hnatov,10,10,0,2026-10-01 20:29:05,2026-10-01 20:29:05.158
2026-10-01 20:12:11,IDEA201,0103,Brooke Smith,60,60,0,2026-10-01 20:29:05,2026-10-01 20:29:05.158
2026-10-01 20:12:11,IDEA201,0104,Brooke Smith,60,60,0,2026-10-01 20:29:05,2026-10-01 20:29:05.159
2026-10-01 20:12:11,IDEA311,0101,Brooke Smith,40,40,0,2026-10-01 20:29:05,2026-10-01 20:29:05.593
2026-10-01 20:12:11,IDEA311,0102,Brooke Smith,15,15,0,2026-10-01 20:29:05,2026-10-01 20:29:05.593
2026-10-01 20:12:11,IDEA312,0101,Meredith Kaunitz,15,15,0,2026-10-01 20:29:05,2026-10-01 20:29:05.994
2026-10-01 20:12:11,IMDM101,0101,Stevens Miller,30,30,0,2026-10-01 20:29:08,2026-10-01 20:29:08.601
2026-10-01 20:12:11,IMDM101,0201,Stevens Miller,30,30,0,2026-10-01 20:29:08,2026-10-01 20:29:08.601
2026-10-01 20:12:11,IMDM101,0301,Myungin Lee,30,30,0,2026-10-01 20:29:08,2026-10-01 20:29:08.601
2026-10-01 20:12:11,IMDM127,0101,Matthew Nolan,30,30,0,2026-10-01 20:29:09,2026-10-01 20:29:09.040
2026-10-01 20:12:11,IMDM150,0101,Cy Keener,45,45,0,2026-10-01 20:29:09,2026-10-01 20:29:09.447
2026-10-01 20:12:11,IMDM290,0101,Myungin Lee,30,30,0,2026-10-01 20:29:09,2026-10-01 20:29:09.852
2026-10-01 20:12:11,IMDM290,0201,Myungin Lee,30,30,0,2026-10-01 20:29:09,2026-10-01 20:29:09.852
2026-10-01 20:12:11,IMDM351,0101,Georgia Creson,15,15,0,2026-10-01 20:29:10,2026-10-01 20:29:10.266
2026-10-01 20:12:11,IMDM390,0101,Stefano Passeri,30,30,0,2026-10-01 20:29:10,2026-10-01 20:29:10.656
2026-10-01 20:12:11,IMDM390,0201,Stefano Passeri,30,30,0,2026-10-01 20:29:10,2026-10-01 20:29:10.656
2026-10-01 20:12:11,IMDM491,0101,Matthew Nolan,30,30,0,2026-10-01 20:29:11,2026-10-01 20:29:11.488
2026-10-01 20:12:11,IMDM491,0201,Matthew Nolan,30,30,0,2026-10-01 20:29:11,2026-10-01 20:29:11.488
2026-10-01 20:12:11,IMDM498I,0101,Snehesh Shrestha,16,16,0,2026-10-01 20:29:11,2026-10-01 20:29:11.913
2026-10-01 20:12:11,IMDM498J,0101,Yael Inbar,15,15,0,2026-10-01 20:29:12,2026-10-01 20:29:12.322
2026-10-01 20:12:11,IMMR200,0101,Instructor: TBA,40,40,0,2026-10-01 20:29:14,2026-10-01 20:29:14.482
2026-10-01 20:12:11,IMMR394,0101,Wenxi Yang,25,25,0,2026-10-01 20:29:14,2026-10-01 20:29:14.886
2026-10-01 20:12:11,IMMR399,0101,Christina Getrich,1,1,0,2026-10-01 20:29:15,2026-10-01 20:29:15.294
2026-10-01 20:12:11,INFM612,IM01,Instructor: TBA,40,40,0,2026-10-01 20:29:22,2026-10-01 20:29:22.463
2026-10-01 20:12:11,INFM737,IM01,David Loshin,40,40,0,2026-10-01 20:29:22,2026-10-01 20:29:22.862
2026-10-01 20:12:11,ISRL187,0101,Bernard Cooperman,23,23,0,2026-10-01 20:29:52,2026-10-01 20:29:52.537
2026-10-01 20:12:11,ISRL187,0102,Bernard Cooperman,23,23,0,2026-10-01 20:29:52,2026-10-01 20:29:52.538
2026-10-01 20:12:11,ISRL187,0103,Bernard Cooperman,23,23,0,2026-10-01 20:29:52,2026-10-01 20:29:52.538
2026-10-01 20:12:11,ISRL249O,0101,Aner Tal,35,35,0,2026-10-01 20:29:52,2026-10-01 20:29:52.951
2026-10-01 20:12:11,ISRL249P,0101,Aliza Sandalon,15,15,0,2026-10-01 20:29:53,2026-10-01 20:29:53.358
2026-10-01 20:12:11,ISRL282,0101,Shirelle Doughty,30,30,0,2026-10-01 20:29:53,2026-10-01 20:29:53.767
2026-10-01 20:12:11,ISRL329D,0101,Regev Ben-David,35,35,0,2026-10-01 20:29:54,2026-10-01 20:29:54.185
2026-10-01 20:12:11,ISRL329Y,0101,Marwa Maziad,30,30,0,2026-10-01 20:29:54,2026-10-01 20:29:54.607
2026-10-01 20:12:11,ISRL342,0101,Elli Lieberman,35,35,0,2026-10-01 20:29:55,2026-10-01 20:29:55.026
2026-10-01 20:12:11,ISRL349N,0101,Morad Elsana,30,30,0,2026-10-01 20:29:55,2026-10-01 20:29:55.439
2026-10-01 20:12:11,ISRL349W,0101,Avital Karpman,35,35,0,2026-10-01 20:29:55,2026-10-01 20:29:55.846
2026-10-01 20:12:11,ISRL372,0101,Shirelle Doughty,30,30,0,2026-10-01 20:29:56,2026-10-01 20:29:56.252
2026-10-01 20:12:11,ISRL380,0101,Regev Ben-David,35,35,0,2026-10-01 20:29:56,2026-10-01 20:29:56.657
2026-10-01 20:12:11,ISRL383,0101,Ilai Saltzman,35,35,0,2026-10-01 20:29:57,2026-10-01 20:29:57.061
2026-10-01 20:12:11,JAPN102,0101,Kumiko Akikawa,15,15,0,2026-10-01 20:30:02,2026-10-01 20:30:02.238
2026-10-01 20:12:11,JAPN102,0201,Kumiko Akikawa,15,15,0,2026-10-01 20:30:02,2026-10-01 20:30:02.238
2026-10-01 20:12:11,JAPN202,0101,Makiko Inoue,15,15,0,2026-10-01 20:30:02,2026-10-01 20:30:02.677
2026-10-01 20:12:11,JAPN202,0201,Makiko Inoue,15,15,0,2026-10-01 20:30:02,2026-10-01 20:30:02.677
2026-10-01 20:12:11,JAPN302,0101,Mari Hamada,15,15,0,2026-10-01 20:30:03,2026-10-01 20:30:03.335
2026-10-01 20:12:11,JAPN306,0101,Lindsay Yotsukura,15,15,0,2026-10-01 20:30:03,2026-10-01 20:30:03.782
2026-10-01 20:12:11,JAPN335,0101,Michele Mason,20,20,0,2026-10-01 20:30:04,2026-10-01 20:30:04.214
2026-10-01 20:12:11,JAPN355,0101,Jyana Browne,20,20,0,2026-10-01 20:30:04,2026-10-01 20:30:04.648
2026-10-01 20:12:11,JAPN361,0101,Jyana Browne,20,20,0,2026-10-01 20:30:05,2026-10-01 20:30:05.083
2026-10-01 20:12:11,JAPN425,0101,Michele Mason,30,30,0,2026-10-01 20:30:05,2026-10-01 20:30:05.928
2026-10-01 20:12:11,JAPN457,0101,Lindsay Yotsukura,15,15,0,2026-10-01 20:30:06,2026-10-01 20:30:06.344
2026-10-01 20:12:11,JWST187,0101,Bernard Cooperman,23,23,0,2026-10-01 20:30:36,2026-10-01 20:30:36.464
2026-10-01 20:12:11,JWST187,0102,Bernard Cooperman,23,23,0,2026-10-01 20:30:36,2026-10-01 20:30:36.464
2026-10-01 20:12:11,JWST187,0103,Bernard Cooperman,23,23,0,2026-10-01 20:30:36,2026-10-01 20:30:36.464
2026-10-01 20:12:11,JWST233,0101,Hayim Lapin,45,45,0,2026-10-01 20:30:36,2026-10-01 20:30:36.866
2026-10-01 20:12:11,JWST319A,0101,Daniel Richter,35,35,0,2026-10-01 20:30:37,2026-10-01 20:30:37.282
2026-10-01 20:12:11,JWST319J,0101,Nathan Levine,35,35,0,2026-10-01 20:30:37,2026-10-01 20:30:37.701
2026-10-01 20:12:11,JWST319P,0101,Lauren Kotkin,18,18,0,2026-10-01 20:30:38,2026-10-01 20:30:38.116
2026-10-01 20:12:11,JWST319Q,0101,Regev Ben-David,35,35,0,2026-10-01 20:30:38,2026-10-01 20:30:38.528
2026-10-01 20:12:11,JWST319W,0101,Avital Karpman,35,35,0,2026-10-01 20:30:38,2026-10-01 20:30:38.946
2026-10-01 20:12:11,JWST324,0101,Matthew Suriano,25,25,0,2026-10-01 20:30:39,2026-10-01 20:30:39.349
2026-10-01 20:12:11,JWST372,0101,Shirelle Doughty,30,30,0,2026-10-01 20:30:39,2026-10-01 20:30:39.759
2026-10-01 20:12:11,JWST386,0101,Instructor: TBA,5,5,0,2026-10-01 20:30:40,2026-10-01 20:30:40.175
2026-10-01 20:12:11,JWST419B,0101,Bernard Cooperman,20,20,0,2026-10-01 20:30:40,2026-10-01 20:30:40.966
2026-10-01 20:12:11,JWST427,0101,Matthew Suriano,15,15,0,2026-10-01 20:30:41,2026-10-01 20:30:41.539
2026-10-01 20:12:11,JWST469C,0101,Bernard Cooperman,10,10,0,2026-10-01 20:30:41,2026-10-01 20:30:41.967
2026-10-01 20:12:11,KORA101,0101,Seong Minne Koh,15,15,0,2026-10-01 20:31:14,2026-10-01 20:31:14.810
2026-10-01 20:12:11,KORA102,0101,Saerom Kwak,15,15,0,2026-10-01 20:31:15,2026-10-01 20:31:15.220
2026-10-01 20:12:11,KORA102,0201,Saerom Kwak,15,15,0,2026-10-01 20:31:15,2026-10-01 20:31:15.220
2026-10-01 20:12:11,KORA102,0301,Saerom Kwak,15,15,0,2026-10-01 20:31:15,2026-10-01 20:31:15.220
2026-10-01 20:12:11,KORA102,0401,Saerom Kwak,15,15,0,2026-10-01 20:31:15,2026-10-01 20:31:15.220
2026-10-01 20:12:11,KORA202,0101,Seong Minne Koh,15,15,0,2026-10-01 20:31:15,2026-10-01 20:31:15.625
2026-10-01 20:12:11,KORA202,0301,Seong Minne Koh,15,15,0,2026-10-01 20:31:15,2026-10-01 20:31:15.625
2026-10-01 20:12:11,KORA398O,0101,Instructor: TBA,10,10,0,2026-10-01 20:31:16,2026-10-01 20:31:16.034
2026-10-01 20:12:11,KORA398V,0101,Seong Minne Koh,10,10,0,2026-10-01 20:31:16,2026-10-01 20:31:16.451
2026-10-01 20:12:11,LEAD217,0101,Festus Ainoo,25,25,0,2026-10-01 20:31:34,2026-10-01 20:31:34.682
2026-10-01 20:12:11,LEAD217,0201,Festus Ainoo,25,25,0,2026-10-01 20:31:34,2026-10-01 20:31:34.682
2026-10-01 20:12:11,LEAD321,0101,Courtney Holder,10,10,0,2026-10-01 20:31:35,2026-10-01 20:31:35.110
2026-10-01 20:12:11,LEAD417,0101,Anastasia Lavrenyuk,20,20,0,2026-10-01 20:31:35,2026-10-01 20:31:35.522
2026-10-01 20:12:11,LGBT200,0101,Sayan Bhattacharya,25,25,0,2026-10-01 20:31:37,2026-10-01 20:31:37.288
2026-10-01 20:12:11,LGBT200,0102,Sayan Bhattacharya,25,25,0,2026-10-01 20:31:37,2026-10-01 20:31:37.288
2026-10-01 20:12:11,LGBT265,0201,Instructor: TBA,30,30,0,2026-10-01 20:31:37,2026-10-01 20:31:37.707
2026-10-01 20:12:11,LGBT310,0101,Sayan Bhattacharya,25,25,0,2026-10-01 20:31:38,2026-10-01 20:31:38.121
2026-10-01 20:12:11,LGBT475,0101,Sydney Lewis,20,20,0,2026-10-01 20:31:38,2026-10-01 20:31:38.533
2026-10-01 20:12:11,MLAW150,0101,David Gray,25,25,0,2026-10-01 20:32:22,2026-10-01 20:32:22.677
2026-10-01 20:12:11,MLAW150,0102,David Gray,25,25,0,2026-10-01 20:32:22,2026-10-01 20:32:22.677
2026-10-01 20:12:11,MLAW150,0103,David Gray,25,25,0,2026-10-01 20:32:22,2026-10-01 20:32:22.677
2026-10-01 20:12:11,MLAW304,0101,Christine White,40,40,0,2026-10-01 20:32:23,2026-10-01 20:32:23.081
2026-10-01 20:12:11,MLAW305,0201,Brian Gilmore,60,60,0,2026-10-01 20:32:23,2026-10-01 20:32:23.498
2026-10-01 20:12:11,MLAW325,0101,Grace Benton,12,12,0,2026-10-01 20:32:23,2026-10-01 20:32:23.886
2026-10-01 20:12:11,MLAW358W,0101,Michael Spivey,25,25,0,2026-10-01 20:32:24,2026-10-01 20:32:24.324
2026-10-01 20:12:11,MLAW358W,0102,Michael Spivey,25,25,0,2026-10-01 20:32:24,2026-10-01 20:32:24.324
2026-10-01 20:12:11,MLAW358W,0103,Michael Spivey,25,25,0,2026-10-01 20:32:24,2026-10-01 20:32:24.324
2026-10-01 20:12:11,MLAW358W,0104,Michael Spivey,25,25,0,2026-10-01 20:32:24,2026-10-01 20:32:24.325
2026-10-01 20:12:11,MLAW358W,0105,Michael Spivey,25,25,0,2026-10-01 20:32:24,2026-10-01 20:32:24.325
2026-10-01 20:12:11,MLAW358W,0106,Michael Spivey,25,25,0,2026-10-01 20:32:24,2026-10-01 20:32:24.325
2026-10-01 20:12:11,MLAW358Y,0101,Martin Kobren,5,5,0,2026-10-01 20:32:24,2026-10-01 20:32:24.726
2026-10-01 20:12:11,MLAW358Z,0101,Christine White,19,19,0,2026-10-01 20:32:25,2026-10-01 20:32:25.212
2026-10-01 20:12:11,MLAW359,0101,Brandee Pettus,8,8,0,2026-10-01 20:32:25,2026-10-01 20:32:25.627
2026-10-01 20:12:11,MLAW378E,0101,Brandee Pettus,5,5,0,2026-10-01 20:32:26,2026-10-01 20:32:26.016
2026-10-01 20:12:11,MLAW378F,0101,Brian Gilmore,15,15,0,2026-10-01 20:32:26,2026-10-01 20:32:26.413
2026-10-01 20:12:11,MLAW378J,0101,Natalie Ram,20,20,0,2026-10-01 20:32:26,2026-10-01 20:32:26.821
2026-10-01 20:12:11,MLAW378T,0101,Marley Weiss,20,20,0,2026-10-01 20:32:27,2026-10-01 20:32:27.240
2026-10-01 20:12:11,MLAW388,0101,Brandee Pettus,33,33,0,2026-10-01 20:32:27,2026-10-01 20:32:27.652
2026-10-01 20:12:11,MLAW388,0201,Brandee Pettus,6,6,0,2026-10-01 20:32:27,2026-10-01 20:32:27.652
2026-10-01 20:12:11,MLAW404,0101,Christine White,75,75,0,2026-10-01 20:32:28,2026-10-01 20:32:28.058
2026-10-01 20:12:11,NAVY101,0101,Beau Cisneros,30,30,0,2026-10-01 20:33:10,2026-10-01 20:33:10.217
2026-10-01 20:12:11,NAVY108,0101,Christopher Boehm,150,150,0,2026-10-01 20:33:10,2026-10-01 20:33:10.617
2026-10-01 20:12:11,NAVY201,0101,Austin Cranfill,30,30,0,2026-10-01 20:33:11,2026-10-01 20:33:11.020
2026-10-01 20:12:11,NAVY301,0101,Beau Cisneros,35,35,0,2026-10-01 20:33:11,2026-10-01 20:33:11.441
2026-10-01 20:12:11,NAVY401,0101,John Gonser,36,36,0,2026-10-01 20:33:11,2026-10-01 20:33:11.852
2026-10-01 20:12:11,NAVY402,0102,Jenna Weiner,25,25,0,2026-10-01 20:33:12,2026-10-01 20:33:12.239
2026-10-01 20:12:11,NEUR200,0101,Ana Navarro Cebrian,90,90,0,2026-10-01 20:33:14,2026-10-01 20:33:14.031
2026-10-01 20:12:11,NEUR200,0201,Ana Navarro Cebrian,90,90,0,2026-10-01 20:33:14,2026-10-01 20:33:14.032
2026-10-01 20:12:11,NEUR305,0101,Amanda Chicoli,90,90,0,2026-10-01 20:33:14,2026-10-01 20:33:14.452
2026-10-01 20:12:11,NEUR306,0101,Chan Lin,64,64,0,2026-10-01 20:33:14,2026-10-01 20:33:14.869
2026-10-01 20:12:11,NEUR306,0102,Melissa Caras,40,40,0,2026-10-01 20:33:14,2026-10-01 20:33:14.869
2026-10-01 20:12:11,NEUR338A,0101,Amanda Chicoli,20,20,0,2026-10-01 20:33:15,2026-10-01 20:33:15.699
2026-10-01 20:12:11,NEUR398H,0101,Nikolas Francis,20,20,0,2026-10-01 20:33:16,2026-10-01 20:33:16.916
2026-10-01 20:12:11,NEUR405,0101,Hilary Bierman,16,16,0,2026-10-01 20:33:17,2026-10-01 20:33:17.318
2026-10-01 20:12:11,NEUR405,0102,Hilary Bierman,16,16,0,2026-10-01 20:33:17,2026-10-01 20:33:17.318
2026-10-01 20:12:11,NEUR405,0103,Hilary Bierman,16,16,0,2026-10-01 20:33:17,2026-10-01 20:33:17.318
2026-10-01 20:12:11,NEUR405,0106,Hilary Bierman,16,16,0,2026-10-01 20:33:17,2026-10-01 20:33:17.318
2026-10-01 20:12:11,PEER318,0101,Christina Jay,15,15,0,2026-10-01 20:33:30,2026-10-01 20:33:30.101
2026-10-01 20:12:11,PEER319,0101,Grace Boudreau,15,15,0,2026-10-01 20:33:30,2026-10-01 20:33:30.517
2026-10-01 20:12:11,PEER322,0101,Aleia Gardner,15,15,0,2026-10-01 20:33:30,2026-10-01 20:33:30.929
2026-10-01 20:12:11,PHPE308A,0101,Rachel Singpurwalla,25,25,0,2026-10-01 20:33:43,2026-10-01 20:33:43.364
2026-10-01 20:12:11,PHPE308M,0101,Eric Pacuit,30,30,0,2026-10-01 20:33:43,2026-10-01 20:33:43.767
2026-10-01 20:12:11,PHPE308P,0101,Xinzhi Zhao,30,30,0,2026-10-01 20:33:44,2026-10-01 20:33:44.181
2026-10-01 20:12:11,PHPE308U,0101,Aner Tal,35,35,0,2026-10-01 20:33:44,2026-10-01 20:33:44.595
2026-10-01 20:12:11,PHPE308Z,0101,Hallie Liberto,30,30,0,2026-10-01 20:33:44,2026-10-01 20:33:44.997
2026-10-01 20:12:11,PHPE400,0101,Instructor: TBA,30,30,0,2026-10-01 20:33:45,2026-10-01 20:33:45.812
2026-10-01 20:12:11,PHPE401,0101,Xinzhi Zhao,27,27,0,2026-10-01 20:33:46,2026-10-01 20:33:46.229
2026-10-01 20:12:11,PHPE401,0102,Xinzhi Zhao,27,27,0,2026-10-01 20:33:46,2026-10-01 20:33:46.229
2026-10-01 20:12:11,PHPE402,0101,Ben Fan,30,30,0,2026-10-01 20:33:46,2026-10-01 20:33:46.628
2026-10-01 20:12:11,PHPE408M,0101,Nicholas Laskowski,25,25,0,2026-10-01 20:33:47,2026-10-01 20:33:47.023
2026-10-01 20:12:11,PHPE408Q,0101,Samuel Kerstein,20,20,0,2026-10-01 20:33:47,2026-10-01 20:33:47.443
2026-10-01 20:12:11,PHPE408Z,0101,Avia Pasternak,30,30,0,2026-10-01 20:33:47,2026-10-01 20:33:47.844
2026-10-01 20:12:11,PHSC399,0101,Shannon Edward,30,30,0,2026-10-01 20:33:50,2026-10-01 20:33:50.015
2026-10-01 20:12:11,PHSC399,ESG1,Shannon Edward,20,20,0,2026-10-01 20:33:50,2026-10-01 20:33:50.015
2026-10-01 20:12:11,PHSC415,0101,Jessica O'Hara,36,36,0,2026-10-01 20:33:50,2026-10-01 20:33:50.435
2026-10-01 20:12:11,PHSC415,0102,Jessica O'Hara,36,36,0,2026-10-01 20:33:50,2026-10-01 20:33:50.435
2026-10-01 20:12:11,PHSC415,0103,Jessica O'Hara,36,36,0,2026-10-01 20:33:50,2026-10-01 20:33:50.435
2026-10-01 20:12:11,PHSC415,0104,Jessica O'Hara,36,36,0,2026-10-01 20:33:50,2026-10-01 20:33:50.435
2026-10-01 20:12:11,PHSC415,0105,Jessica O'Hara,36,36,0,2026-10-01 20:33:50,2026-10-01 20:33:50.435
2026-10-01 20:12:11,PHSC425,0101,Jennifer German,30,30,0,2026-10-01 20:33:50,2026-10-01 20:33:50.853
2026-10-01 20:12:11,PHSC440,0101,Kendall Bustad,35,35,0,2026-10-01 20:33:51,2026-10-01 20:33:51.253
2026-10-01 20:12:11,PHSC450,0101,Kendall Bustad,20,20,0,2026-10-01 20:33:51,2026-10-01 20:33:51.668
2026-10-01 20:12:11,PHSC450,0102,Kendall Bustad,20,20,0,2026-10-01 20:33:51,2026-10-01 20:33:51.668
2026-10-01 20:12:11,PHSC450,0103,Kendall Bustad,20,20,0,2026-10-01 20:33:51,2026-10-01 20:33:51.668
2026-10-01 20:12:11,PHSC450,0104,Kendall Bustad,20,20,0,2026-10-01 20:33:51,2026-10-01 20:33:51.668
2026-10-01 20:12:11,PHSC450,0105,Kendall Bustad,20,20,0,2026-10-01 20:33:51,2026-10-01 20:33:51.669
2026-10-01 20:12:11,PHSC450,0106,Kendall Bustad,20,20,0,2026-10-01 20:33:51,2026-10-01 20:33:51.669
2026-10-01 20:12:11,PHSC450,0107,Kendall Bustad,20,20,0,2026-10-01 20:33:51,2026-10-01 20:33:51.669
2026-10-01 20:12:11,PHSC490,0101,Shannon Edward,30,30,0,2026-10-01 20:33:52,2026-10-01 20:33:52.073
2026-10-01 20:12:11,PHSC497,0101,Gretchen De Silva,20,20,0,2026-10-01 20:33:52,2026-10-01 20:33:52.502
2026-10-01 20:12:11,PHSC497,0201,Kendall Bustad,20,20,0,2026-10-01 20:33:52,2026-10-01 20:33:52.502
2026-10-01 20:12:11,PHSC497,0301,Gretchen De Silva,20,20,0,2026-10-01 20:33:52,2026-10-01 20:33:52.503
2026-10-01 20:12:11,PHSC497,0401,Aysha Jawed,20,20,0,2026-10-01 20:33:52,2026-10-01 20:33:52.503
2026-10-01 20:12:11,PHSC497,0501,Jennifer German,20,20,0,2026-10-01 20:33:52,2026-10-01 20:33:52.503
2026-10-01 20:12:11,PHSC497,0601,Ann Truelove,20,20,0,2026-10-01 20:33:52,2026-10-01 20:33:52.503
2026-10-01 20:12:11,PHSC497,0701,Lakeshia Watson,20,20,0,2026-10-01 20:33:52,2026-10-01 20:33:52.503
2026-10-01 20:12:11,PHSC497,0801,Carmen Booker,20,20,0,2026-10-01 20:33:52,2026-10-01 20:33:52.503
2026-10-01 20:12:11,PHSC497,0901,Darya Soltani,20,20,0,2026-10-01 20:33:52,2026-10-01 20:33:52.503
2026-10-01 20:12:11,PHSC497,1001,Brienna Anderson,20,20,0,2026-10-01 20:33:52,2026-10-01 20:33:52.503
2026-10-01 20:12:11,PHSC497,1101,Margaret Smith,20,20,0,2026-10-01 20:33:52,2026-10-01 20:33:52.504
2026-10-01 20:12:11,PHSC497,1201,Eric Silfen,20,20,0,2026-10-01 20:33:52,2026-10-01 20:33:52.504
2026-10-01 20:12:11,PHSC497,1301,Lakeshia Watson,20,20,0,2026-10-01 20:33:52,2026-10-01 20:33:52.504
2026-10-01 20:12:11,RDEV250,0101,Wayne Ricardo Curtis,75,75,0,2026-10-01 20:35:07,2026-10-01 20:35:07.086
2026-10-01 20:12:11,RDEV250,0102,Wayne Ricardo Curtis,75,75,0,2026-10-01 20:35:07,2026-10-01 20:35:07.086
2026-10-01 20:12:11,RDEV270,0101,John Park,30,30,0,2026-10-01 20:35:07,2026-10-01 20:35:07.483
2026-10-01 20:12:11,RDEV350,0101,Jesse Saginor,25,25,0,2026-10-01 20:35:07,2026-10-01 20:35:07.909
2026-10-01 20:12:11,RDEV350,0102,Instructor: TBA,30,30,0,2026-10-01 20:35:07,2026-10-01 20:35:07.909
2026-10-01 20:12:11,RDEV410,0101,Peter Goldsmith,30,30,0,2026-10-01 20:35:08,2026-10-01 20:35:08.324
2026-10-01 20:12:11,RDEV415,0101,Bilal Ali,20,20,0,2026-10-01 20:35:08,2026-10-01 20:35:08.755
2026-10-01 20:12:11,RDEV445,0101,Matthew O'Malley,15,15,0,2026-10-01 20:35:09,2026-10-01 20:35:09.170
2026-10-01 20:12:11,RDEV450,0101,Kathryn Corby,30,30,0,2026-10-01 20:35:09,2026-10-01 20:35:09.571
2026-10-01 20:12:11,RDEV450,0102,Thomas Dwyer,20,20,0,2026-10-01 20:35:09,2026-10-01 20:35:09.572
2026-10-01 20:12:11,RDEV450,0103,John Park,30,30,0,2026-10-01 20:35:09,2026-10-01 20:35:09.572
2026-10-01 20:12:11,RDEV478D,0101,Jesse Saginor,20,20,0,2026-10-01 20:35:09,2026-10-01 20:35:10.001
2026-10-01 20:12:11,RDEV600,0101,Jesse Saginor,10,10,0,2026-10-01 20:35:10,2026-10-01 20:35:10.416
2026-10-01 20:12:11,RDEV603,0101,Thomas Dwyer,18,18,0,2026-10-01 20:35:10,2026-10-01 20:35:10.835
2026-10-01 20:12:11,RDEV610,0101,David Warner,20,20,0,2026-10-01 20:35:11,2026-10-01 20:35:11.252
2026-10-01 20:12:11,RDEV615,0101,Bilal Ali,20,20,0,2026-10-01 20:35:11,2026-10-01 20:35:11.671
2026-10-01 20:12:11,RDEV630,0101,Mansur Abdul-Malik,30,30,0,2026-10-01 20:35:12,2026-10-01 20:35:12.081
2026-10-01 20:12:11,RDEV650,0101,Matthew O'Malley,25,25,0,2026-10-01 20:35:12,2026-10-01 20:35:12.476
2026-10-01 20:12:11,RDEV689F,0101,Zachary Marks,20,20,0,2026-10-01 20:35:12,2026-10-01 20:35:12.892
2026-10-01 20:12:11,RDEV689I,0101,Ronald McDonald,14,14,0,2026-10-01 20:35:13,2026-10-01 20:35:13.287
2026-10-01 20:12:11,RDEV689R,0101,Nick Egelanian,15,15,0,2026-10-01 20:35:13,2026-10-01 20:35:13.718
2026-10-01 20:12:11,RDEV689Y,0101,Instructor: TBA,12,12,0,2026-10-01 20:35:14,2026-10-01 20:35:14.133
2026-10-01 20:12:11,RDEV690,0101,Tanya Bansal,12,12,0,2026-10-01 20:35:14,2026-10-01 20:35:14.552
2026-10-01 20:12:11,RELS170,0101,Katherine Wasdin,21,21,0,2026-10-01 20:35:16,2026-10-01 20:35:16.334
2026-10-01 20:12:11,RELS170,0102,Katherine Wasdin,21,21,0,2026-10-01 20:35:16,2026-10-01 20:35:16.334
2026-10-01 20:12:11,RELS170,0103,Katherine Wasdin,21,21,0,2026-10-01 20:35:16,2026-10-01 20:35:16.334
2026-10-01 20:12:11,RELS170,0104,Katherine Wasdin,21,21,0,2026-10-01 20:35:16,2026-10-01 20:35:16.334
2026-10-01 20:12:11,RELS170,0105,Katherine Wasdin,21,21,0,2026-10-01 20:35:16,2026-10-01 20:35:16.334
2026-10-01 20:12:11,RELS170,0106,Katherine Wasdin,21,21,0,2026-10-01 20:35:16,2026-10-01 20:35:16.334
2026-10-01 20:12:11,RELS170,0107,Katherine Wasdin,21,21,0,2026-10-01 20:35:16,2026-10-01 20:35:16.334
2026-10-01 20:12:11,RELS170,0108,Katherine Wasdin,21,21,0,2026-10-01 20:35:16,2026-10-01 20:35:16.335
2026-10-01 20:12:11,RELS170,0109,Katherine Wasdin,21,21,0,2026-10-01 20:35:16,2026-10-01 20:35:16.335
2026-10-01 20:12:11,RELS264,0101,Jay Moses,30,30,0,2026-10-01 20:35:16,2026-10-01 20:35:16.761
2026-10-01 20:12:11,RELS271,0101,Instructor: TBA,40,40,0,2026-10-01 20:35:17,2026-10-01 20:35:17.171
2026-10-01 20:12:11,RELS319Q,0101,Regev Ben-David,35,35,0,2026-10-01 20:35:17,2026-10-01 20:35:17.574
2026-10-01 20:12:11,RELS342,0101,Stefano Villani,27,27,0,2026-10-01 20:35:17,2026-10-01 20:35:17.971
2026-10-01 20:12:11,RELS427,0101,Matthew Suriano,15,15,0,2026-10-01 20:35:18,2026-10-01 20:35:18.379
2026-10-01 20:12:11,RELS429M,0101,Antoine Borrut,27,27,0,2026-10-01 20:35:18,2026-10-01 20:35:18.781
2026-10-01 20:12:11,RUSS102,0101,Inna Hardman,15,15,0,2026-10-01 20:35:20,2026-10-01 20:35:20.616
2026-10-01 20:12:11,RUSS102,0201,Inna Hardman,15,15,0,2026-10-01 20:35:20,2026-10-01 20:35:20.616
2026-10-01 20:12:11,RUSS202,0101,Zhanna Gerus-Vernola,15,15,0,2026-10-01 20:35:21,2026-10-01 20:35:21.011
2026-10-01 20:12:11,RUSS302,0101,Izolda Savenkova,15,15,0,2026-10-01 20:35:21,2026-10-01 20:35:21.411
2026-10-01 20:12:11,RUSS398A,0101,Instructor: TBA,15,15,0,2026-10-01 20:35:22,2026-10-01 20:35:22.215
2026-10-01 20:12:11,RUSS398F,0101,Elizabeth Papazian,25,25,0,2026-10-01 20:35:22,2026-10-01 20:35:22.617
2026-10-01 20:12:11,RUSS406,0101,Izolda Savenkova,15,15,0,2026-10-01 20:35:23,2026-10-01 20:35:23.453
2026-10-01 20:12:11,RUSS412,0101,Inna Hardman,15,15,0,2026-10-01 20:35:23,2026-10-01 20:35:23.875
2026-10-01 20:12:11,SDSB123,0101,Srijeeta Mitra,26,26,0,2026-10-01 20:35:26,2026-10-01 20:35:26.028
2026-10-01 20:12:11,SDSB180,0101,Srijeeta Mitra,155,155,0,2026-10-01 20:35:26,2026-10-01 20:35:26.426
2026-10-01 20:12:11,SDSB233,0101,Richard Engstrom,28,28,0,2026-10-01 20:35:26,2026-10-01 20:35:26.843
2026-10-01 20:12:11,SDSB233,0102,Richard Engstrom,28,28,0,2026-10-01 20:35:26,2026-10-01 20:35:26.843
2026-10-01 20:12:11,SDSB326,0101,Jacob Coutts,40,40,0,2026-10-01 20:35:27,2026-10-01 20:35:27.257
2026-10-01 20:12:11,SDSB340,0101,Neil Lund,24,24,0,2026-10-01 20:35:27,2026-10-01 20:35:27.663
2026-10-01 20:12:11,SDSI414,0101,Instructor: TBA,40,40,0,2026-10-01 20:35:29,2026-10-01 20:35:29.405
2026-10-01 20:12:11,SDSI414,0102,Instructor: TBA,40,40,0,2026-10-01 20:35:29,2026-10-01 20:35:29.405
2026-10-01 20:12:11,SDSI414,0103,Instructor: TBA,40,40,0,2026-10-01 20:35:29,2026-10-01 20:35:29.405
2026-10-01 20:12:11,SDSI414,0201,Instructor: TBA,40,40,0,2026-10-01 20:35:29,2026-10-01 20:35:29.405
2026-10-01 20:12:11,SDSI414,0202,Instructor: TBA,40,40,0,2026-10-01 20:35:29,2026-10-01 20:35:29.405
2026-10-01 20:12:11,SDSI492,0101,Instructor: TBA,29,29,0,2026-10-01 20:35:29,2026-10-01 20:35:29.831
2026-10-01 20:12:11,SDSI492,0103,Instructor: TBA,25,25,0,2026-10-01 20:35:29,2026-10-01 20:35:29.831
2026-10-01 20:12:11,SDSI492,0104,Instructor: TBA,20,20,0,2026-10-01 20:35:29,2026-10-01 20:35:29.831
2026-10-01 20:12:11,SDSI492,0105,Instructor: TBA,50,50,0,2026-10-01 20:35:29,2026-10-01 20:35:29.831
2026-10-01 20:12:11,SDSI492,0106,Lesley Langa,50,50,0,2026-10-01 20:35:29,2026-10-01 20:35:29.832
2026-10-01 20:12:11,SDSI492,0107,Instructor: TBA,25,25,0,2026-10-01 20:35:29,2026-10-01 20:35:29.832
2026-10-01 20:12:11,SDSI492,0108,Instructor: TBA,25,25,0,2026-10-01 20:35:29,2026-10-01 20:35:29.832
2026-10-01 20:12:11,SDSI492,0110,Instructor: TBA,25,25,0,2026-10-01 20:35:29,2026-10-01 20:35:29.832
2026-10-01 20:12:11,SDSI496,0101,Jacob Coutts,25,25,0,2026-10-01 20:35:30,2026-10-01 20:35:30.229
2026-10-01 20:12:11,SLLC286,0101,Andrew Schonebaum,60,60,0,2026-10-01 20:35:33,2026-10-01 20:35:33.890
2026-10-01 20:12:11,SLLC287,0101,Sean Pue,20,20,0,2026-10-01 20:35:34,2026-10-01 20:35:34.300
2026-10-01 20:12:11,SLLC305,0101,Nahal Akbari-Saneh,25,25,0,2026-10-01 20:35:34,2026-10-01 20:35:34.699
2026-10-01 20:12:11,SLLC309,0101,Ahmed Hanafy,10,10,0,2026-10-01 20:35:35,2026-10-01 20:35:35.141
2026-10-01 20:12:11,SLLC309,0102,Ahmed Hanafy,10,10,0,2026-10-01 20:35:35,2026-10-01 20:35:35.141
2026-10-01 20:12:11,SLLC309,0103,Ahmed Hanafy,10,10,0,2026-10-01 20:35:35,2026-10-01 20:35:35.141
2026-10-01 20:12:11,SLLC309,0104,Ahmed Hanafy,10,10,0,2026-10-01 20:35:35,2026-10-01 20:35:35.142
2026-10-01 20:12:11,SLLC309,0105,Ahmed Hanafy,10,10,0,2026-10-01 20:35:35,2026-10-01 20:35:35.142
2026-10-01 20:12:11,SLLC309,0106,Ahmed Hanafy,10,10,0,2026-10-01 20:35:35,2026-10-01 20:35:35.142
2026-10-01 20:12:11,SLLC309,0107,Ahmed Hanafy,10,10,0,2026-10-01 20:35:35,2026-10-01 20:35:35.142
2026-10-01 20:12:11,SLLC309,0108,Ahmed Hanafy,10,10,0,2026-10-01 20:35:35,2026-10-01 20:35:35.142
2026-10-01 20:12:11,SLLC309,0109,Ahmed Hanafy,10,10,0,2026-10-01 20:35:35,2026-10-01 20:35:35.142
2026-10-01 20:12:11,SLLC309,0110,Ahmed Hanafy,10,10,0,2026-10-01 20:35:35,2026-10-01 20:35:35.142
2026-10-01 20:12:11,SLLC309,0111,Ahmed Hanafy,10,10,0,2026-10-01 20:35:35,2026-10-01 20:35:35.142
2026-10-01 20:12:11,SLLC329,0101,Marilyn Matar,10,10,0,2026-10-01 20:35:35,2026-10-01 20:35:35.570
2026-10-01 20:12:11,SLLC329,0102,Marilyn Matar,10,10,0,2026-10-01 20:35:35,2026-10-01 20:35:35.570
2026-10-01 20:12:11,SLLC329,0103,Marilyn Matar,20,20,0,2026-10-01 20:35:35,2026-10-01 20:35:35.570
2026-10-01 20:12:11,SLLC329,0104,Marilyn Matar,10,10,0,2026-10-01 20:35:35,2026-10-01 20:35:35.571
2026-10-01 20:12:11,SLLC329,0105,Marilyn Matar,10,10,0,2026-10-01 20:35:35,2026-10-01 20:35:35.571
2026-10-01 20:12:11,SLLC329,0106,Marilyn Matar,10,10,0,2026-10-01 20:35:35,2026-10-01 20:35:35.571
2026-10-01 20:12:11,SLLC329,0107,Marilyn Matar,10,10,0,2026-10-01 20:35:35,2026-10-01 20:35:35.571
2026-10-01 20:12:11,SLLC329,0108,Marilyn Matar,10,10,0,2026-10-01 20:35:35,2026-10-01 20:35:35.571
2026-10-01 20:12:11,SLLC329,0109,Marilyn Matar,10,10,0,2026-10-01 20:35:35,2026-10-01 20:35:35.571
2026-10-01 20:12:11,SLLC329,0110,Marilyn Matar,20,20,0,2026-10-01 20:35:35,2026-10-01 20:35:35.571
2026-10-01 20:12:11,SMLP471,0101,Jennifer Hsin,60,60,0,2026-10-01 20:35:37,2026-10-01 20:35:37.306
2026-10-01 20:12:11,SMLP474,0101,Sara Herald,60,60,0,2026-10-01 20:35:37,2026-10-01 20:35:37.699
2026-10-01 20:12:11,SPHL100,0101,Shuling Wu,20,20,0,2026-10-01 20:36:08,2026-10-01 20:36:08.994
2026-10-01 20:12:11,SPHL100,0102,Shuling Wu,20,20,0,2026-10-01 20:36:08,2026-10-01 20:36:08.994
2026-10-01 20:12:11,SPHL100,0103,Shuling Wu,20,20,0,2026-10-01 20:36:08,2026-10-01 20:36:08.994
2026-10-01 20:12:11,SPHL100,0104,Shuling Wu,20,20,0,2026-10-01 20:36:08,2026-10-01 20:36:08.994
2026-10-01 20:12:11,SPHL100,0105,Shuling Wu,20,20,0,2026-10-01 20:36:08,2026-10-01 20:36:08.994
2026-10-01 20:12:11,SPHL100,0106,Shuling Wu,20,20,0,2026-10-01 20:36:08,2026-10-01 20:36:08.995
2026-10-01 20:12:11,SPHL100,0107,Shuling Wu,20,20,0,2026-10-01 20:36:08,2026-10-01 20:36:08.995
2026-10-01 20:12:11,SPHL100,0108,Shuling Wu,20,20,0,2026-10-01 20:36:08,2026-10-01 20:36:08.995
2026-10-01 20:12:11,SPHL100,0109,Shuling Wu,20,20,0,2026-10-01 20:36:08,2026-10-01 20:36:08.995
2026-10-01 20:12:11,SPHL100,0110,Shuling Wu,20,20,0,2026-10-01 20:36:08,2026-10-01 20:36:08.995
2026-10-01 20:12:11,SPHL100,0201,Shuling Wu,20,20,0,2026-10-01 20:36:08,2026-10-01 20:36:08.995
2026-10-01 20:12:11,SPHL100,0202,Shuling Wu,20,20,0,2026-10-01 20:36:08,2026-10-01 20:36:08.995
2026-10-01 20:12:11,SPHL100,0203,Shuling Wu,20,20,0,2026-10-01 20:36:08,2026-10-01 20:36:08.995
2026-10-01 20:12:11,SPHL100,0204,Shuling Wu,20,20,0,2026-10-01 20:36:08,2026-10-01 20:36:08.996
2026-10-01 20:12:11,SPHL100,0205,Shuling Wu,20,20,0,2026-10-01 20:36:08,2026-10-01 20:36:08.996
2026-10-01 20:12:11,SPHL100,0206,Shuling Wu,20,20,0,2026-10-01 20:36:08,2026-10-01 20:36:08.996
2026-10-01 20:12:11,SPHL100,0207,Shuling Wu,20,20,0,2026-10-01 20:36:08,2026-10-01 20:36:08.996
2026-10-01 20:12:11,SPHL100,0208,Shuling Wu,20,20,0,2026-10-01 20:36:08,2026-10-01 20:36:08.996
2026-10-01 20:12:11,SPHL246,0101,April Khaing,20,20,0,2026-10-01 20:36:09,2026-10-01 20:36:09.397
2026-10-01 20:12:11,SPHL276,0101,Dina Borzekowski,25,25,0,2026-10-01 20:36:09,2026-10-01 20:36:09.790
2026-10-01 20:12:11,SPHL321,0101,Sylvette La Touche-Howard,15,15,0,2026-10-01 20:36:10,2026-10-01 20:36:10.243
2026-10-01 20:12:11,SPHL333,0101,Cynthia Kershaw,75,75,0,2026-10-01 20:36:10,2026-10-01 20:36:10.639
2026-10-01 20:12:11,SPHL478,0101,Tracy Zeeger,10,10,0,2026-10-01 20:36:11,2026-10-01 20:36:11.461
2026-10-01 20:12:11,SPHL600,0101,Sylvette La Touche-Howard,8,8,0,2026-10-01 20:36:11,2026-10-01 20:36:11.860
2026-10-01 20:12:11,SPHL610,0101,Danielle Catona,22,22,0,2026-10-01 20:36:12,2026-10-01 20:36:12.281
2026-10-01 20:12:11,SPHL610,0102,Danielle Catona,22,22,0,2026-10-01 20:36:12,2026-10-01 20:36:12.281
2026-10-01 20:12:11,SPHL610,0103,Danielle Catona,22,22,0,2026-10-01 20:36:12,2026-10-01 20:36:12.281
2026-10-01 20:12:11,SPHL610,PLB1,Priscilla Novak,20,20,0,2026-10-01 20:36:12,2026-10-01 20:36:12.281
2026-10-01 20:12:11,SPHL610,PLH1,Priscilla Novak,28,28,0,2026-10-01 20:36:12,2026-10-01 20:36:12.282
2026-10-01 20:12:11,SPHL610,PLK1,Priscilla Novak,5,5,0,2026-10-01 20:36:12,2026-10-01 20:36:12.282
2026-10-01 20:12:11,SPHL611,0101,Danielle Catona,45,45,0,2026-10-01 20:36:12,2026-10-01 20:36:12.706
2026-10-01 20:12:11,SPHL611,0201,Danielle Catona,45,45,0,2026-10-01 20:36:12,2026-10-01 20:36:12.706
2026-10-01 20:12:11,SPHL611,PLB1,Evelyn King-Marshall,20,20,0,2026-10-01 20:36:12,2026-10-01 20:36:12.706
2026-10-01 20:12:11,SPHL611,PLH1,Evelyn King-Marshall,28,28,0,2026-10-01 20:36:12,2026-10-01 20:36:12.706
2026-10-01 20:12:11,SPHL611,PLK1,Evelyn King-Marshall,5,5,0,2026-10-01 20:36:12,2026-10-01 20:36:12.706
2026-10-01 20:12:11,SPHL612,0101,James Hagberg,15,15,0,2026-10-01 20:36:13,2026-10-01 20:36:13.119
2026-10-01 20:12:11,TLTC310,0101,Danielle Pafe,20,20,0,2026-10-01 20:36:51,2026-10-01 20:36:51.547
2026-10-01 20:12:11,TLTC333,0101,Mona Thompson,55,55,0,2026-10-01 20:36:51,2026-10-01 20:36:51.959
2026-10-01 20:12:11,TLTC333,0102,Mona Thompson,55,55,0,2026-10-01 20:36:51,2026-10-01 20:36:51.959
2026-10-01 20:12:11,TLTC333,0105,Mona Thompson,55,55,0,2026-10-01 20:36:51,2026-10-01 20:36:51.959
2026-10-01 20:12:11,URSP372,0101,Priscila Alves,20,20,0,2026-10-01 20:37:01,2026-10-01 20:37:01.686
2026-10-01 20:12:11,URSP488A,0101,Chengri Ding,30,30,0,2026-10-01 20:37:02,2026-10-01 20:37:02.235
2026-10-01 20:12:11,URSP600,0101,Kevin Nelson,25,25,0,2026-10-01 20:37:02,2026-10-01 20:37:02.657
2026-10-01 20:12:11,URSP603,0101,Dawn Jourdan,33,33,0,2026-10-01 20:37:03,2026-10-01 20:37:03.047
2026-10-01 20:12:11,URSP606,0101,Chengri Ding,15,15,0,2026-10-01 20:37:03,2026-10-01 20:37:03.470
2026-10-01 20:12:11,URSP631,0101,Hiroyuki Iseki,15,15,0,2026-10-01 20:37:03,2026-10-01 20:37:03.890
2026-10-01 20:12:11,URSP668B,0101,Eric Burnstein,20,20,0,2026-10-01 20:37:04,2026-10-01 20:37:04.296
2026-10-01 20:12:11,URSP673,0101,Riem ElZoghbi,25,25,0,2026-10-01 20:37:04,2026-10-01 20:37:04.750
2026-10-01 20:12:11,URSP688M,0101,Andrew Bernish,20,20,0,2026-10-01 20:37:05,2026-10-01 20:37:05.154
2026-10-01 20:12:11,URSP688P,0101,Sonja Ewing,15,15,0,2026-10-01 20:37:06,2026-10-01 20:37:06.251
2026-10-01 20:12:11,URSP688Y,0101,Chester Harvey,30,30,0,2026-10-01 20:37:06,2026-10-01 20:37:06.655
2026-10-01 20:12:11,URSP708,0101,Nicholas Finio,10,10,0,2026-10-01 20:37:07,2026-10-01 20:37:07.054
2026-10-01 20:12:11,URSP709,0101,Casey Dawkins,10,10,0,2026-10-01 20:37:07,2026-10-01 20:37:07.449
2026-10-01 20:12:11,URSP805,0101,Casey Dawkins,15,15,0,2026-10-01 20:37:09,2026-10-01 20:37:09.094
2026-10-01 20:12:11,USLT202,0101,Robert Chester,26,26,0,2026-10-01 20:37:11,2026-10-01 20:37:11.683
2026-10-01 20:12:11,USLT403,0101,Perla Guerrero,20,20,0,2026-10-01 20:37:12,2026-10-01 20:37:12.101
2026-10-01 20:12:11,USLT420,0101,Robert Chester,27,27,0,2026-10-01 20:37:12,2026-10-01 20:37:12.674
2026-10-01 20:12:11,USLT488,0101,Nancy Mirabal,30,30,0,2026-10-01 20:37:13,2026-10-01 20:37:13.088
2026-10-01 20:12:11,USLT498L,0101,Fernando Rios,12,12,0,2026-10-01 20:37:13,2026-10-01 20:37:13.477
2026-10-01 20:12:11,VIPS208,0102,Ken Kiger,10,10,0,2026-10-01 20:37:15,2026-10-01 20:37:15.791
2026-10-01 20:12:11,VIPS208,0103,Bryan Quinn,10,10,0,2026-10-01 20:37:15,2026-10-01 20:37:15.791
2026-10-01 20:12:11,VIPS208,0104,Ryan Sochol,10,10,0,2026-10-01 20:37:15,2026-10-01 20:37:15.791
2026-10-01 20:12:11,VIPS208,0105,Molly Carton,10,10,0,2026-10-01 20:37:15,2026-10-01 20:37:15.791
2026-10-01 20:12:11,VIPS208,0106,James Baeder,11,11,0,2026-10-01 20:37:15,2026-10-01 20:37:15.791
2026-10-01 20:12:11,VIPS208,0107,Catherine Spirito,10,10,0,2026-10-01 20:37:15,2026-10-01 20:37:15.791
2026-10-01 20:12:11,VIPS208,0108,Ronald Yaros,10,10,0,2026-10-01 20:37:15,2026-10-01 20:37:15.792
2026-10-01 20:12:11,VIPS208,0109,Carinna Ferguson,10,10,0,2026-10-01 20:37:15,2026-10-01 20:37:15.792
2026-10-01 20:12:11,VIPS208,0110,Tracy Riggins,10,10,0,2026-10-01 20:37:15,2026-10-01 20:37:15.792
2026-10-01 20:12:11,VIPS208,0111,Kevin Calabro,10,10,0,2026-10-01 20:37:15,2026-10-01 20:37:15.792
2026-10-01 20:12:11,VIPS208,0112,Raffaele Viglianti,10,10,0,2026-10-01 20:37:15,2026-10-01 20:37:15.792
2026-10-01 20:12:11,VIPS208,0113,Shabnam Jabeen,10,10,0,2026-10-01 20:37:15,2026-10-01 20:37:15.792
2026-10-01 20:12:11,VIPS208,0114,Ning Zeng,10,10,0,2026-10-01 20:37:15,2026-10-01 20:37:15.792
2026-10-01 20:12:11,VIPS208,0115,Veronica Kang,10,10,0,2026-10-01 20:37:15,2026-10-01 20:37:15.792
2026-10-01 20:12:11,VIPS208,0116,David Stewart,10,10,0,2026-10-01 20:37:15,2026-10-01 20:37:15.793
2026-10-01 20:12:11,VIPS208,0117,Meredith Epstein,10,10,0,2026-10-01 20:37:15,2026-10-01 20:37:15.793
2026-10-01 20:12:11,VIPS208,0118,Magaly Toro Ibaceta,10,10,0,2026-10-01 20:37:15,2026-10-01 20:37:15.793
2026-10-01 20:12:11,VIPS208,0120,Marisa Parham,10,10,0,2026-10-01 20:37:15,2026-10-01 20:37:15.793
2026-10-01 20:12:11,VIPS208,0121,Becky Epanchin-Niell,10,10,0,2026-10-01 20:37:15,2026-10-01 20:37:15.793
2026-10-01 20:12:11,VIPS208,0122,Timothy Reedy,10,10,0,2026-10-01 20:37:15,2026-10-01 20:37:15.793
2026-10-01 20:12:11,VIPS208,0123,Lingnan Lin,10,10,0,2026-10-01 20:37:15,2026-10-01 20:37:15.793
2026-10-01 20:12:11,VIPS208,0124,Jeffrey Moro,10,10,0,2026-10-01 20:37:15,2026-10-01 20:37:15.793
2026-10-01 20:12:11,VIPS208,0125,Peter Sunderland,10,10,0,2026-10-01 20:37:15,2026-10-01 20:37:15.794
2026-10-01 20:12:11,VIPS208,0126,Brienna Anderson,10,10,0,2026-10-01 20:37:15,2026-10-01 20:37:15.794
2026-10-01 20:12:11,VIPS308,0102,Ken Kiger,10,10,0,2026-10-01 20:37:16,2026-10-01 20:37:16.232
2026-10-01 20:12:11,VIPS308,0103,Bryan Quinn,13,13,0,2026-10-01 20:37:16,2026-10-01 20:37:16.232
2026-10-01 20:12:11,VIPS308,0104,Ryan Sochol,10,10,0,2026-10-01 20:37:16,2026-10-01 20:37:16.232
2026-10-01 20:12:11,VIPS308,0105,Molly Carton,10,10,0,2026-10-01 20:37:16,2026-10-01 20:37:16.232
2026-10-01 20:12:11,VIPS308,0106,James Baeder,10,10,0,2026-10-01 20:37:16,2026-10-01 20:37:16.232
2026-10-01 20:12:11,VIPS308,0107,Catherine Spirito,10,10,0,2026-10-01 20:37:16,2026-10-01 20:37:16.232
2026-10-01 20:12:11,VIPS308,0108,Ronald Yaros,10,10,0,2026-10-01 20:37:16,2026-10-01 20:37:16.233
2026-10-01 20:12:11,VIPS308,0109,Carinna Ferguson,10,10,0,2026-10-01 20:37:16,2026-10-01 20:37:16.233
2026-10-01 20:12:11,VIPS308,0110,Tracy Riggins,10,10,0,2026-10-01 20:37:16,2026-10-01 20:37:16.233
2026-10-01 20:12:11,VIPS308,0111,Kevin Calabro,10,10,0,2026-10-01 20:37:16,2026-10-01 20:37:16.233
2026-10-01 20:12:11,VIPS308,0112,Raffaele Viglianti,10,10,0,2026-10-01 20:37:16,2026-10-01 20:37:16.233
2026-10-01 20:12:11,VIPS308,0113,Shabnam Jabeen,10,10,0,2026-10-01 20:37:16,2026-10-01 20:37:16.233
2026-10-01 20:12:11,VIPS308,0114,Ning Zeng,10,10,0,2026-10-01 20:37:16,2026-10-01 20:37:16.233
2026-10-01 20:12:11,VIPS308,0115,Veronica Kang,10,10,0,2026-10-01 20:37:16,2026-10-01 20:37:16.233
2026-10-01 20:12:11,VIPS308,0116,David Stewart,10,10,0,2026-10-01 20:37:16,2026-10-01 20:37:16.234
2026-10-01 20:12:11,VIPS308,0117,Meredith Epstein,10,10,0,2026-10-01 20:37:16,2026-10-01 20:37:16.234
2026-10-01 20:12:11,VIPS308,0118,Magaly Toro Ibaceta,10,10,0,2026-10-01 20:37:16,2026-10-01 20:37:16.234
2026-10-01 20:12:11,VIPS308,0120,Marisa Parham,10,10,0,2026-10-01 20:37:16,2026-10-01 20:37:16.234
2026-10-01 20:12:11,VIPS308,0121,Becky Epanchin-Niell,10,10,0,2026-10-01 20:37:16,2026-10-01 20:37:16.234
2026-10-01 20:12:11,VIPS308,0122,Timothy Reedy,10,10,0,2026-10-01 20:37:16,2026-10-01 20:37:16.234
2026-10-01 20:12:11,VIPS308,0123,Lingnan Lin,10,10,0,2026-10-01 20:37:16,2026-10-01 20:37:16.234
2026-10-01 20:12:11,VIPS308,0124,Jeffrey Moro,10,10,0,2026-10-01 20:37:16,2026-10-01 20:37:16.234
2026-10-01 20:12:11,VIPS308,0125,Peter Sunderland,10,10,0,2026-10-01 20:37:16,2026-10-01 20:37:16.235
2026-10-01 20:12:11,VIPS308,0126,Brienna Anderson,10,10,0,2026-10-01 20:37:16,2026-10-01 20:37:16.235
2026-10-01 20:12:11,VIPS408,0102,Ken Kiger,10,10,0,2026-10-01 20:37:16,2026-10-01 20:37:16.683
2026-10-01 20:12:11,VIPS408,0103,Bryan Quinn,10,10,0,2026-10-01 20:37:16,2026-10-01 20:37:16.683
2026-10-01 20:12:11,VIPS408,0104,Ryan Sochol,10,10,0,2026-10-01 20:37:16,2026-10-01 20:37:16.683
2026-10-01 20:12:11,VIPS408,0105,Molly Carton,10,10,0,2026-10-01 20:37:16,2026-10-01 20:37:16.683
2026-10-01 20:12:11,VIPS408,0106,James Baeder,10,10,0,2026-10-01 20:37:16,2026-10-01 20:37:16.684
2026-10-01 20:12:11,VIPS408,0107,Catherine Spirito,10,10,0,2026-10-01 20:37:16,2026-10-01 20:37:16.684
2026-10-01 20:12:11,VIPS408,0108,Ronald Yaros,10,10,0,2026-10-01 20:37:16,2026-10-01 20:37:16.684
2026-10-01 20:12:11,VIPS408,0109,Carinna Ferguson,10,10,0,2026-10-01 20:37:16,2026-10-01 20:37:16.684
2026-10-01 20:12:11,VIPS408,0110,Tracy Riggins,10,10,0,2026-10-01 20:37:16,2026-10-01 20:37:16.684
2026-10-01 20:12:11,VIPS408,0111,Kevin Calabro,10,10,0,2026-10-01 20:37:16,2026-10-01 20:37:16.684
2026-10-01 20:12:11,VIPS408,0112,Raffaele Viglianti,10,10,0,2026-10-01 20:37:16,2026-10-01 20:37:16.684
2026-10-01 20:12:11,VIPS408,0113,Shabnam Jabeen,10,10,0,2026-10-01 20:37:16,2026-10-01 20:37:16.684
2026-10-01 20:12:11,VIPS408,0114,Ning Zeng,10,10,0,2026-10-01 20:37:16,2026-10-01 20:37:16.685
2026-10-01 20:12:11,VIPS408,0115,Veronica Kang,10,10,0,2026-10-01 20:37:16,2026-10-01 20:37:16.685
2026-10-01 20:12:11,VIPS408,0116,David Stewart,10,10,0,2026-10-01 20:37:16,2026-10-01 20:37:16.685
2026-10-01 20:12:11,VIPS408,0117,Meredith Epstein,10,10,0,2026-10-01 20:37:16,2026-10-01 20:37:16.685
2026-10-01 20:12:11,VIPS408,0118,Magaly Toro Ibaceta,10,10,0,2026-10-01 20:37:16,2026-10-01 20:37:16.685
2026-10-01 20:12:11,VIPS408,0120,Marisa Parham,10,10,0,2026-10-01 20:37:16,2026-10-01 20:37:16.685
2026-10-01 20:12:11,VIPS408,0121,Becky Epanchin-Niell,10,10,0,2026-10-01 20:37:16,2026-10-01 20:37:16.685
2026-10-01 20:12:11,VIPS408,0122,Timothy Reedy,10,10,0,2026-10-01 20:37:16,2026-10-01 20:37:16.685
2026-10-01 20:12:11,VIPS408,0123,Lingnan Lin,10,10,0,2026-10-01 20:37:16,2026-10-01 20:37:16.686
2026-10-01 20:12:11,VIPS408,0124,Jeffrey Moro,10,10,0,2026-10-01 20:37:16,2026-10-01 20:37:16.686
2026-10-01 20:12:11,VIPS408,0125,Peter Sunderland,10,10,0,2026-10-01 20:37:16,2026-10-01 20:37:16.686
2026-10-01 20:12:11,VIPS408,0126,Brienna Anderson,10,10,0,2026-10-01 20:37:16,2026-10-01 20:37:16.686
2026-10-01 20:12:11,WEID139N,0101,Denise Joseph,60,60,0,2026-10-01 20:37:20,2026-10-01 20:37:20.339
2026-10-01 20:12:11,WEID139T,0201,Taylor Togafau-Lewis,45,45,0,2026-10-01 20:37:20,2026-10-01 20:37:20.774
2026-10-01 20:12:11,WGSS105,0101,Jessica Mathiason,30,30,0,2026-10-01 20:37:22,2026-10-01 20:37:22.666
2026-10-01 20:12:11,WGSS105,0102,Jessica Mathiason,30,30,0,2026-10-01 20:37:22,2026-10-01 20:37:22.666
2026-10-01 20:12:11,WGSS105,0103,Jessica Mathiason,30,30,0,2026-10-01 20:37:22,2026-10-01 20:37:22.666
2026-10-01 20:12:11,WGSS105,0104,Jessica Mathiason,30,30,0,2026-10-01 20:37:22,2026-10-01 20:37:22.666
2026-10-01 20:12:11,WGSS115,0101,Alexis Lothian,25,25,0,2026-10-01 20:37:23,2026-10-01 20:37:23.069
2026-10-01 20:12:11,WGSS115,0102,Alexis Lothian,25,25,0,2026-10-01 20:37:23,2026-10-01 20:37:23.069
2026-10-01 20:12:11,WGSS201,0101,Sayan Bhattacharya,25,25,0,2026-10-01 20:37:23,2026-10-01 20:37:23.498
2026-10-01 20:12:11,WGSS201,0102,Sayan Bhattacharya,25,25,0,2026-10-01 20:37:23,2026-10-01 20:37:23.498
2026-10-01 20:12:11,WGSS205,0101,Shelbi Meissner,21,21,0,2026-10-01 20:37:23,2026-10-01 20:37:23.911
2026-10-01 20:12:11,WGSS205,0201,Shelbi Meissner,21,21,0,2026-10-01 20:37:23,2026-10-01 20:37:23.911
2026-10-01 20:12:11,WGSS230,0101,Daniel Richter,20,20,0,2026-10-01 20:37:24,2026-10-01 20:37:24.313
2026-10-01 20:12:11,WGSS250,0101,Lidia Garcia Berrelleza,25,25,0,2026-10-01 20:37:24,2026-10-01 20:37:24.713
2026-10-01 20:12:11,WGSS250,0201,Shameem Razack,25,25,0,2026-10-01 20:37:24,2026-10-01 20:37:24.713
2026-10-01 20:12:11,WGSS255,0101,Instructor: TBA,30,30,0,2026-10-01 20:37:25,2026-10-01 20:37:25.141
2026-10-01 20:12:11,WGSS265,0101,Ashley Newby,40,40,0,2026-10-01 20:37:25,2026-10-01 20:37:25.546
2026-10-01 20:12:11,WGSS275,0101,Instructor: TBA,30,30,0,2026-10-01 20:37:25,2026-10-01 20:37:25.957
2026-10-01 20:12:11,WGSS280,0101,Jessica Mathiason,52,52,0,2026-10-01 20:37:26,2026-10-01 20:37:26.357
2026-10-01 20:12:11,WGSS290,0101,Jessica Mathiason,30,30,0,2026-10-01 20:37:26,2026-10-01 20:37:26.761
2026-10-01 20:12:11,WGSS290,0201,Sydney Lewis,31,31,0,2026-10-01 20:37:26,2026-10-01 20:37:26.762
2026-10-01 20:12:11,WGSS298C,0101,Will Mosley,35,35,0,2026-10-01 20:37:27,2026-10-01 20:37:27.164
2026-10-01 20:12:11,WGSS298S,0101,Jordan Keesler,25,25,0,2026-10-01 20:37:27,2026-10-01 20:37:27.584
2026-10-01 20:12:11,WGSS302,0101,Will Mosley,25,25,0,2026-10-01 20:37:27,2026-10-01 20:37:27.998
2026-10-01 20:12:11,WGSS306,0101,Sydney Lewis,30,30,0,2026-10-01 20:37:28,2026-10-01 20:37:28.419
2026-10-01 20:12:11,WGSS310,0101,Sayan Bhattacharya,25,25,0,2026-10-01 20:37:28,2026-10-01 20:37:28.812
2026-10-01 20:12:11,WGSS319F,0101,Alexis Lothian,30,30,0,2026-10-01 20:37:29,2026-10-01 20:37:29.211
2026-10-01 20:12:11,WGSS379U,0101,John Drabinski,25,25,0,2026-10-01 20:37:29,2026-10-01 20:37:29.618
2026-10-01 20:12:11,WGSS422,0101,Jennifer Cho,18,18,0,2026-10-01 20:37:30,2026-10-01 20:37:30.041
2026-10-01 20:12:11,WGSS471,0101,Instructor: TBA,25,25,0,2026-10-01 20:37:30,2026-10-01 20:37:30.458
2026-10-01 20:12:11,WGSS471,0201,Instructor: TBA,45,45,0,2026-10-01 20:37:30,2026-10-01 20:37:30.458
2026-10-01 20:12:11,WGSS475,0101,Sydney Lewis,20,20,0,2026-10-01 20:37:30,2026-10-01 20:37:30.875
2026-10-01 20:12:11,WGSS487,0101,Eva Hageman,15,15,0,2026-10-01 20:37:31,2026-10-01 20:37:31.295
2026-10-01 20:12:11,WGSS487H,0101,Eva Hageman,5,5,0,2026-10-01 20:37:31,2026-10-01 20:37:31.707
2026-10-01 20:12:11,WGSS602,0101,Shelbi Meissner,12,12,0,2026-10-01 20:37:33,2026-10-01 20:37:33.314
2026-10-01 20:12:11,WGSS708,0101,Alexis Lothian,10,10,0,2026-10-01 20:37:34,2026-10-01 20:37:34.559
2026-10-01 20:12:11,XPER455,0101,TJ Rainsford,25,25,0,2026-10-01 20:37:37,2026-10-01 20:37:37.592
