Timestamp,Course,Section,Instructor,Total_Seats,Open_Seats,Waitlist,Fetch_Time,Actual_Log_Time
2026-09-21 01:27:45,AAAS100,0101,Shane Walsh,35,35,0,2026-09-21 01:27:46,2026-09-21 01:27:46.216
2026-09-21 01:27:45,AAAS100,0201,Shane Walsh,35,35,0,2026-09-21 01:27:46,2026-09-21 01:27:46.216
2026-09-21 01:27:45,AAAS100,0301,George Kintiba,30,30,0,2026-09-21 01:27:46,2026-09-21 01:27:46.217
2026-09-21 01:27:45,AAAS100,0401,Beka Guluma,35,35,0,2026-09-21 01:27:46,2026-09-21 01:27:46.217
2026-09-21 01:27:45,AAAS100,0501,Jason Nichols,33,33,0,2026-09-21 01:27:46,2026-09-21 01:27:46.217
2026-09-21 01:27:45,AAAS100,0601,Jason Nichols,35,35,0,2026-09-21 01:27:46,2026-09-21 01:27:46.217
2026-09-21 01:27:45,AAAS100H,0301,George Kintiba,5,5,0,2026-09-21 01:27:46,2026-09-21 01:27:46.392
2026-09-21 01:27:45,AAAS101,0101,Periloux Peay,40,40,0,2026-09-21 01:27:46,2026-09-21 01:27:46.635
2026-09-21 01:27:45,AAAS187,0101,Robert Choflet,30,30,0,2026-09-21 01:27:46,2026-09-21 01:27:46.822
2026-09-21 01:27:45,AAAS200,0101,George Kintiba,40,40,0,2026-09-21 01:27:46,2026-09-21 01:27:46.976
2026-09-21 01:27:45,AAAS202,0101,Robert Choflet,30,30,0,2026-09-21 01:27:47,2026-09-21 01:27:47.160
2026-09-21 01:27:45,AAAS202,0201,Angelica Dunbar,35,35,0,2026-09-21 01:27:47,2026-09-21 01:27:47.160
2026-09-21 01:27:45,AAAS202,0301,Angelica Dunbar,35,35,0,2026-09-21 01:27:47,2026-09-21 01:27:47.161
2026-09-21 01:27:45,AAAS202,0401,Robert Choflet,35,35,0,2026-09-21 01:27:47,2026-09-21 01:27:47.161
2026-09-21 01:27:45,AAAS202H,0101,Robert Choflet,5,5,0,2026-09-21 01:27:47,2026-09-21 01:27:47.328
2026-09-21 01:27:45,AAAS211,0101,Shane Walsh,120,120,0,2026-09-21 01:27:47,2026-09-21 01:27:47.506
2026-09-21 01:27:45,AAAS234,0101,Instructor: TBA,30,30,0,2026-09-21 01:27:47,2026-09-21 01:27:47.657
2026-09-21 01:27:45,AAAS255,0101,Leigh Soares,40,40,0,2026-09-21 01:27:48,2026-09-21 01:27:48.013
2026-09-21 01:27:45,AAAS265,0101,Ashley Newby,40,40,0,2026-09-21 01:27:48,2026-09-21 01:27:48.206
2026-09-21 01:27:45,AAAS320,0101,Cecily Jackson,25,25,0,2026-09-21 01:27:48,2026-09-21 01:27:48.365
2026-09-21 01:27:45,AAAS320,0201,Cecily Jackson,25,25,0,2026-09-21 01:27:48,2026-09-21 01:27:48.365
2026-09-21 01:27:45,AAAS386,0101,Marshal Washington,10,10,0,2026-09-21 01:27:48,2026-09-21 01:27:48.567
2026-09-21 01:27:45,AAAS398G,0101,Chinyere Osuji,20,20,0,2026-09-21 01:27:48,2026-09-21 01:27:48.755
2026-09-21 01:27:45,AAAS398U,0101,John Drabinski,25,25,0,2026-09-21 01:27:48,2026-09-21 01:27:48.942
2026-09-21 01:27:45,AAAS400,0101,George Kintiba,20,20,0,2026-09-21 01:27:49,2026-09-21 01:27:49.115
2026-09-21 01:27:45,AAAS400H,0101,George Kintiba,5,5,0,2026-09-21 01:27:49,2026-09-21 01:27:49.272
2026-09-21 01:27:45,AAAS490,0101,Paul Landau,18,18,0,2026-09-21 01:27:49,2026-09-21 01:27:49.469
2026-09-21 01:27:45,AAAS498X,0101,Terrill Taylor,40,40,0,2026-09-21 01:27:49,2026-09-21 01:27:49.624
2026-09-21 01:27:45,ABRM450,0101,Ashley Newby,10,10,0,2026-09-21 01:28:51,2026-09-21 01:28:51.018
2026-09-21 01:27:45,AGNR301,0101,Thomas Hilde,150,150,0,2026-09-21 01:29:47,2026-09-21 01:29:47.818
2026-09-21 01:27:45,AGNR388,0101,Instructor: TBA,20,20,0,2026-09-21 01:29:47,2026-09-21 01:29:47.996
2026-09-21 01:27:45,AIME498B,0101,Kevin McGarry,30,30,0,2026-09-21 01:29:51,2026-09-21 01:29:51.112
2026-09-21 01:27:45,ARAB101,0101,Samah Al-salami,15,15,0,2026-09-21 01:30:17,2026-09-21 01:30:17.878
2026-09-21 01:27:45,ARAB101,0201,Ahmed Hanafy,15,15,0,2026-09-21 01:30:17,2026-09-21 01:30:17.878
2026-09-21 01:27:45,ARAB102,0101,Samah Al-salami,15,15,0,2026-09-21 01:30:18,2026-09-21 01:30:18.041
2026-09-21 01:27:45,ARAB102,0201,Samah Al-salami,15,15,0,2026-09-21 01:30:18,2026-09-21 01:30:18.041
2026-09-21 01:27:45,ARAB201,0101,Lutf Alkebsi,15,15,0,2026-09-21 01:30:18,2026-09-21 01:30:18.193
2026-09-21 01:27:45,ARAB202,0101,Lutf Alkebsi,15,15,0,2026-09-21 01:30:18,2026-09-21 01:30:18.350
2026-09-21 01:27:45,ARAB202,0201,Lutf Alkebsi,15,15,0,2026-09-21 01:30:18,2026-09-21 01:30:18.351
2026-09-21 01:27:45,ARAB222,0101,Ahmed Hanafy,15,15,0,2026-09-21 01:30:18,2026-09-21 01:30:18.551
2026-09-21 01:27:45,ARAB250,0101,Anny Gaul,15,15,0,2026-09-21 01:30:18,2026-09-21 01:30:18.706
2026-09-21 01:27:45,ARAB302,0101,Ahmed Hanafy,15,15,0,2026-09-21 01:30:18,2026-09-21 01:30:18.917
2026-09-21 01:27:45,ARAB317,0101,Anny Gaul,15,15,0,2026-09-21 01:30:19,2026-09-21 01:30:19.124
2026-09-21 01:27:45,ARAB398W,0101,Lutf Alkebsi,15,15,0,2026-09-21 01:30:19,2026-09-21 01:30:19.450
2026-09-21 01:27:45,ARAB499X,0101,Samah Al-salami,15,15,0,2026-09-21 01:30:19,2026-09-21 01:30:19.764
2026-09-21 01:27:45,ARCH170,0101,Lindsey May,100,100,0,2026-09-21 01:30:21,2026-09-21 01:30:21.288
2026-09-21 01:27:45,ARCH200,0101,Michael Abrams,21,21,0,2026-09-21 01:30:21,2026-09-21 01:30:21.453
2026-09-21 01:27:45,ARCH200,0102,Michael Abrams,21,21,0,2026-09-21 01:30:21,2026-09-21 01:30:21.453
2026-09-21 01:27:45,ARCH200,0103,Michael Abrams,21,21,0,2026-09-21 01:30:21,2026-09-21 01:30:21.453
2026-09-21 01:27:45,ARCH200,0104,Michael Abrams,21,21,0,2026-09-21 01:30:21,2026-09-21 01:30:21.453
2026-09-21 01:27:45,ARCH200,0105,Michael Abrams,21,21,0,2026-09-21 01:30:21,2026-09-21 01:30:21.453
2026-09-21 01:27:45,ARCH200,0106,Michael Abrams,21,21,0,2026-09-21 01:30:21,2026-09-21 01:30:21.454
2026-09-21 01:27:45,ARCH225,0101,Joseph Williams,125,125,0,2026-09-21 01:30:21,2026-09-21 01:30:21.608
2026-09-21 01:27:45,ARCH271,0101,Wayne Ricardo Curtis,75,75,0,2026-09-21 01:30:21,2026-09-21 01:30:21.764
2026-09-21 01:27:45,ARCH271,0102,Wayne Ricardo Curtis,75,75,0,2026-09-21 01:30:21,2026-09-21 01:30:21.764
2026-09-21 01:27:45,ARCH386,0101,Kristen Stack,10,10,0,2026-09-21 01:30:21,2026-09-21 01:30:21.952
2026-09-21 01:27:45,ARCH400,0101,Kenneth Filler,75,75,0,2026-09-21 01:30:22,2026-09-21 01:30:22.125
2026-09-21 01:27:45,ARCH400,0201,Marcus Cross,60,60,0,2026-09-21 01:30:22,2026-09-21 01:30:22.126
2026-09-21 01:27:45,ARCH402,0101,Taejun James Kim,75,75,0,2026-09-21 01:30:22,2026-09-21 01:30:22.284
2026-09-21 01:27:45,ARCH405,0101,Brittany L Williams,14,14,0,2026-09-21 01:30:22,2026-09-21 01:30:22.441
2026-09-21 01:27:45,ARCH407,0101,Georgeanne Matthews,12,12,0,2026-09-21 01:30:22,2026-09-21 01:30:22.597
2026-09-21 01:27:45,ARCH408A,0101,Daniel Curry,5,5,0,2026-09-21 01:30:22,2026-09-21 01:30:22.751
2026-09-21 01:27:45,ARCH408C,0101,Edgar Alvarado,5,5,0,2026-09-21 01:30:22,2026-09-21 01:30:22.907
2026-09-21 01:27:45,ARCH418D,0101,Hooman Koliji,30,30,0,2026-09-21 01:30:23,2026-09-21 01:30:23.063
2026-09-21 01:27:45,ARCH418G,0101,Deokoh Woo,16,16,0,2026-09-21 01:30:23,2026-09-21 01:30:23.219
2026-09-21 01:27:45,ARCH418I,0101,Michael Kleiss,16,16,0,2026-09-21 01:30:23,2026-09-21 01:30:23.376
2026-09-21 01:27:45,ARCH420,0101,Caroline Hickman,30,30,0,2026-09-21 01:30:23,2026-09-21 01:30:23.543
2026-09-21 01:27:45,ARCH423,0101,Joseph Williams,30,30,0,2026-09-21 01:30:23,2026-09-21 01:30:23.706
2026-09-21 01:27:45,ARCH425,0101,Joseph Williams,10,10,0,2026-09-21 01:30:23,2026-09-21 01:30:23.862
2026-09-21 01:27:45,ARCH428F,0101,Matthew Bell,20,20,0,2026-09-21 01:30:24,2026-09-21 01:30:24.018
2026-09-21 01:27:45,ARCH428K,0101,Michele Lamprakos,26,26,0,2026-09-21 01:30:24,2026-09-21 01:30:24.172
2026-09-21 01:27:45,ARCH445,0101,Daniel Curry,15,15,0,2026-09-21 01:30:24,2026-09-21 01:30:24.326
2026-09-21 01:27:45,ARCH463,0101,Deokoh Woo,150,150,0,2026-09-21 01:30:24,2026-09-21 01:30:24.480
2026-09-21 01:27:45,ARCH465,0101,Michael Kleiss,80,80,0,2026-09-21 01:30:24,2026-09-21 01:30:24.637
2026-09-21 01:27:45,ARCH468I,0101,Hooman Koliji,26,26,0,2026-09-21 01:30:24,2026-09-21 01:30:24.793
2026-09-21 01:27:45,ARCH468P,0101,Hooman Koliji,26,26,0,2026-09-21 01:30:24,2026-09-21 01:30:24.950
2026-09-21 01:27:45,ARCH472,0101,Kiley Wilfong Cullen,24,24,0,2026-09-21 01:30:25,2026-09-21 01:30:25.107
2026-09-21 01:27:45,ARCH478L,0101,Michele Lamprakos,10,10,0,2026-09-21 01:30:25,2026-09-21 01:30:25.270
2026-09-21 01:27:45,ARCH478O,0101,Stefan Woehlke,20,20,0,2026-09-21 01:30:25,2026-09-21 01:30:25.427
2026-09-21 01:27:45,ARCH601,0101,Peter Noonan,20,20,0,2026-09-21 01:30:25,2026-09-21 01:30:25.582
2026-09-21 01:27:45,ARCH618G,0101,Deokoh Woo,4,4,0,2026-09-21 01:30:25,2026-09-21 01:30:25.738
2026-09-21 01:27:45,ARCH618I,0101,Michael Kleiss,4,4,0,2026-09-21 01:30:25,2026-09-21 01:30:25.894
2026-09-21 01:27:45,ARCH628K,0101,Michele Lamprakos,4,4,0,2026-09-21 01:30:26,2026-09-21 01:30:26.048
2026-09-21 01:27:45,ARCH635,0101,Matthew Bell,15,15,0,2026-09-21 01:30:26,2026-09-21 01:30:26.203
2026-09-21 01:27:45,ARCH654,0101,Anatole Tchikine,35,35,0,2026-09-21 01:30:26,2026-09-21 01:30:26.356
2026-09-21 01:27:45,ARCH658I,0101,Sonja Ewing,15,15,0,2026-09-21 01:30:26,2026-09-21 01:30:26.520
2026-09-21 01:27:45,ARCH668I,0101,Hooman Koliji,4,4,0,2026-09-21 01:30:26,2026-09-21 01:30:26.679
2026-09-21 01:27:45,ARCH668P,0101,Hooman Koliji,4,4,0,2026-09-21 01:30:26,2026-09-21 01:30:26.832
2026-09-21 01:27:45,ARCH678L,0101,Michele Lamprakos,10,10,0,2026-09-21 01:30:26,2026-09-21 01:30:26.989
2026-09-21 01:27:45,ARCH678O,0101,Stefan Woehlke,5,5,0,2026-09-21 01:30:27,2026-09-21 01:30:27.152
2026-09-21 01:27:45,ARCH797,0101,Hooman Koliji,15,15,0,2026-09-21 01:30:27,2026-09-21 01:30:27.306
2026-09-21 01:27:45,ARMY105,0101,Andrew Bischoff,60,60,0,2026-09-21 01:30:50,2026-09-21 01:30:50.868
2026-09-21 01:27:45,ARMY105,0102,Andrew Bischoff,60,60,0,2026-09-21 01:30:50,2026-09-21 01:30:50.868
2026-09-21 01:27:45,ARMY110,0101,Andrew Bischoff,40,40,0,2026-09-21 01:30:51,2026-09-21 01:30:51.025
2026-09-21 01:27:45,ARMY202,0102,Andrew Bischoff,60,60,0,2026-09-21 01:30:51,2026-09-21 01:30:51.177
2026-09-21 01:27:45,ARMY302,0101,Andrew Bischoff,40,40,0,2026-09-21 01:30:51,2026-09-21 01:30:51.334
2026-09-21 01:27:45,ARMY402,0101,Andrew Bischoff,30,30,0,2026-09-21 01:30:51,2026-09-21 01:30:51.518
2026-09-21 01:27:45,ARMY402,0102,Andrew Bischoff,100,100,0,2026-09-21 01:30:51,2026-09-21 01:30:51.519
2026-09-21 01:27:45,ARSC059,0101,Kathryn Love,250,250,0,2026-09-21 01:30:52,2026-09-21 01:30:52.809
2026-09-21 01:27:45,ARSC101,0101,Alan Snyder,50,50,0,2026-09-21 01:30:52,2026-09-21 01:30:52.967
2026-09-21 01:27:45,ARSC101,0102,Alan Snyder,65,65,0,2026-09-21 01:30:52,2026-09-21 01:30:52.967
2026-09-21 01:27:45,ARSC101,0103,Alan Snyder,40,40,0,2026-09-21 01:30:52,2026-09-21 01:30:52.967
2026-09-21 01:27:45,ARSC101,0104,Alan Snyder,10,10,0,2026-09-21 01:30:52,2026-09-21 01:30:52.967
2026-09-21 01:27:45,ARSC201,0101,Nathan Rabe,65,65,0,2026-09-21 01:30:53,2026-09-21 01:30:53.126
2026-09-21 01:27:45,ARSC201,0102,Kathleen West,40,40,0,2026-09-21 01:30:53,2026-09-21 01:30:53.126
2026-09-21 01:27:45,ARSC201,0103,Kathleen West,40,40,0,2026-09-21 01:30:53,2026-09-21 01:30:53.126
2026-09-21 01:27:45,ARSC301,0101,Kathryn Love,45,45,0,2026-09-21 01:30:53,2026-09-21 01:30:53.282
2026-09-21 01:27:45,ARSC301,0102,Kathryn Love,20,20,0,2026-09-21 01:30:53,2026-09-21 01:30:53.282
2026-09-21 01:27:45,ARSC401,0101,Joseph Herwatic,30,30,0,2026-09-21 01:30:53,2026-09-21 01:30:53.435
2026-09-21 01:27:45,ARSC401,0102,Joseph Herwatic,15,15,0,2026-09-21 01:30:53,2026-09-21 01:30:53.435
2026-09-21 01:27:45,BIOM301,0101,Christine Hakenkamp,28,28,0,2026-09-21 01:31:27,2026-09-21 01:31:27.772
2026-09-21 01:27:45,BIOM301,0102,Christine Hakenkamp,28,28,0,2026-09-21 01:31:27,2026-09-21 01:31:27.772
2026-09-21 01:27:45,BIOM301,0103,Christine Hakenkamp,28,28,0,2026-09-21 01:31:27,2026-09-21 01:31:27.772
2026-09-21 01:27:45,BIOM301,0104,Christine Hakenkamp,28,28,0,2026-09-21 01:31:27,2026-09-21 01:31:27.773
2026-09-21 01:27:45,BIOM301,0105,Christine Hakenkamp,28,28,0,2026-09-21 01:31:27,2026-09-21 01:31:27.773
2026-09-21 01:27:45,BIOM301,0106,Christine Hakenkamp,28,28,0,2026-09-21 01:31:27,2026-09-21 01:31:27.773
2026-09-21 01:27:45,BIOM301,0107,Christine Hakenkamp,28,28,0,2026-09-21 01:31:27,2026-09-21 01:31:27.773
2026-09-21 01:27:45,BIOM301,0201,Instructor: TBA,28,28,0,2026-09-21 01:31:27,2026-09-21 01:31:27.773
2026-09-21 01:27:45,BIOM602,0101,Jiuzhou Song,28,28,0,2026-09-21 01:31:27,2026-09-21 01:31:27.927
2026-09-21 01:27:45,BMIN210,0101,Darlene Dennison,162,162,0,2026-09-21 01:31:44,2026-09-21 01:31:44.645
2026-09-21 01:27:45,BMIN210,0201,Darlene Dennison,162,162,0,2026-09-21 01:31:44,2026-09-21 01:31:44.645
2026-09-21 01:27:45,BMIN305,0101,Tejwansh Anand,162,162,0,2026-09-21 01:31:44,2026-09-21 01:31:44.805
2026-09-21 01:27:45,BMIN345,0101,Michael Padhi,325,325,0,2026-09-21 01:31:44,2026-09-21 01:31:44.956
2026-09-21 01:27:45,BMIN355,0101,Idil Yaveroglu,162,162,0,2026-09-21 01:31:45,2026-09-21 01:31:45.217
2026-09-21 01:27:45,BMIN355,0201,Idil Yaveroglu,162,162,0,2026-09-21 01:31:45,2026-09-21 01:31:45.217
2026-09-21 01:27:45,BMIN375,0101,Leland Gardner,162,162,0,2026-09-21 01:31:45,2026-09-21 01:31:45.380
2026-09-21 01:27:45,BMIN395,0101,Nima Farshchi,162,162,0,2026-09-21 01:31:45,2026-09-21 01:31:45.535
2026-09-21 01:27:45,BMIN395,0201,Nima Farshchi,162,162,0,2026-09-21 01:31:45,2026-09-21 01:31:45.535
2026-09-21 01:27:45,BSCI103,1100,Instructor: TBA,24,24,0,2026-09-21 01:31:49,2026-09-21 01:31:49.427
2026-09-21 01:27:45,BSCI103,1101,Instructor: TBA,24,24,0,2026-09-21 01:31:49,2026-09-21 01:31:49.427
2026-09-21 01:27:45,BSCI103,1103,Instructor: TBA,24,24,0,2026-09-21 01:31:49,2026-09-21 01:31:49.427
2026-09-21 01:27:45,BSCI103,1105,Instructor: TBA,24,24,0,2026-09-21 01:31:49,2026-09-21 01:31:49.428
2026-09-21 01:27:45,BSCI103,1107,Instructor: TBA,24,24,0,2026-09-21 01:31:49,2026-09-21 01:31:49.428
2026-09-21 01:27:45,BSCI103,1108,Instructor: TBA,24,24,0,2026-09-21 01:31:49,2026-09-21 01:31:49.428
2026-09-21 01:27:45,BSCI103,1109,Instructor: TBA,24,24,0,2026-09-21 01:31:49,2026-09-21 01:31:49.428
2026-09-21 01:27:45,BSCI103,1110,Instructor: TBA,24,24,0,2026-09-21 01:31:49,2026-09-21 01:31:49.428
2026-09-21 01:27:45,BSCI103M,0101,Instructor: TBA,24,24,0,2026-09-21 01:31:49,2026-09-21 01:31:49.584
2026-09-21 01:27:45,BSCI120,0101,Dennis vanEngelsdorp,21,21,0,2026-09-21 01:31:49,2026-09-21 01:31:49.790
2026-09-21 01:27:45,BSCI120,0102,Dennis vanEngelsdorp,21,21,0,2026-09-21 01:31:49,2026-09-21 01:31:49.790
2026-09-21 01:27:45,BSCI135,1101,Edgar Moctezuma,24,24,0,2026-09-21 01:31:49,2026-09-21 01:31:49.959
2026-09-21 01:27:45,BSCI135,1102,Edgar Moctezuma,24,24,0,2026-09-21 01:31:49,2026-09-21 01:31:49.959
2026-09-21 01:27:45,BSCI135,1103,Edgar Moctezuma,24,24,0,2026-09-21 01:31:49,2026-09-21 01:31:49.960
2026-09-21 01:27:45,BSCI135,1104,Edgar Moctezuma,24,24,0,2026-09-21 01:31:49,2026-09-21 01:31:49.960
2026-09-21 01:27:45,BSCI135,1105,Edgar Moctezuma,24,24,0,2026-09-21 01:31:49,2026-09-21 01:31:49.960
2026-09-21 01:27:45,BSCI160,6101,Leo Shapiro,104,104,0,2026-09-21 01:31:50,2026-09-21 01:31:50.156
2026-09-21 01:27:45,BSCI160,6301,Chloe Garfinkel,56,56,0,2026-09-21 01:31:50,2026-09-21 01:31:50.157
2026-09-21 01:27:45,BSCI160,6601,Vadim Karatayev,88,88,0,2026-09-21 01:31:50,2026-09-21 01:31:50.157
2026-09-21 01:27:45,BSCI160,SES1,Chloe Garfinkel,15,15,0,2026-09-21 01:31:50,2026-09-21 01:31:50.157
2026-09-21 01:27:45,BSCI170,0101,Cordelia Weiss,153,153,0,2026-09-21 01:31:50,2026-09-21 01:31:50.371
2026-09-21 01:27:45,BSCI170,0201,Nicholas Fletcher,153,153,0,2026-09-21 01:31:50,2026-09-21 01:31:50.371
2026-09-21 01:27:45,BSCI170,0301,Ricardo Araneda,152,152,0,2026-09-21 01:31:50,2026-09-21 01:31:50.371
2026-09-21 01:27:45,BSCI170,0401,Swarna Mohan,153,153,0,2026-09-21 01:31:50,2026-09-21 01:31:50.371
2026-09-21 01:27:45,BSCI170,0501,Ji Young Choi,120,120,0,2026-09-21 01:31:50,2026-09-21 01:31:50.371
2026-09-21 01:27:45,BSCI170,0701,Ji Young Choi,153,153,0,2026-09-21 01:31:50,2026-09-21 01:31:50.372
2026-09-21 01:27:45,BSCI170,SES1,James Sniezek,20,20,0,2026-09-21 01:31:50,2026-09-21 01:31:50.372
2026-09-21 01:27:45,BSCI180,8105,Hans Lemke,19,19,0,2026-09-21 01:31:50,2026-09-21 01:31:50.875
2026-09-21 01:27:45,BSCI180,8106,Swarna Mohan,19,19,0,2026-09-21 01:31:50,2026-09-21 01:31:50.875
2026-09-21 01:27:45,BSCI180,8107,Hans Lemke,19,19,0,2026-09-21 01:31:50,2026-09-21 01:31:50.875
2026-09-21 01:27:45,BSCI180,8108,Hans Lemke,19,19,0,2026-09-21 01:31:50,2026-09-21 01:31:50.875
2026-09-21 01:27:45,BSCI180,8109,Swarna Mohan,19,19,0,2026-09-21 01:31:50,2026-09-21 01:31:50.875
2026-09-21 01:27:45,BSCI180,8110,Hans Lemke,19,19,0,2026-09-21 01:31:50,2026-09-21 01:31:50.876
2026-09-21 01:27:45,BSCI180,8111,Hans Lemke,19,19,0,2026-09-21 01:31:50,2026-09-21 01:31:50.876
2026-09-21 01:27:45,BSCI180,8112,Hans Lemke,19,19,0,2026-09-21 01:31:50,2026-09-21 01:31:50.876
2026-09-21 01:27:45,BSCI180,8113,Hans Lemke,19,19,0,2026-09-21 01:31:50,2026-09-21 01:31:50.876
2026-09-21 01:27:45,BSCI180,8114,Hans Lemke,19,19,0,2026-09-21 01:31:50,2026-09-21 01:31:50.876
2026-09-21 01:27:45,BSCI180,8201,Swarna Mohan,19,19,0,2026-09-21 01:31:50,2026-09-21 01:31:50.877
2026-09-21 01:27:45,BSCI180,8202,Hans Lemke,19,19,0,2026-09-21 01:31:50,2026-09-21 01:31:50.877
2026-09-21 01:27:45,BSCI180,8205,Hans Lemke,19,19,0,2026-09-21 01:31:50,2026-09-21 01:31:50.877
2026-09-21 01:27:45,BSCI180,8206,Hans Lemke,19,19,0,2026-09-21 01:31:50,2026-09-21 01:31:50.877
2026-09-21 01:27:45,BSCI180,8207,Hans Lemke,19,19,0,2026-09-21 01:31:50,2026-09-21 01:31:50.877
2026-09-21 01:27:45,BSCI180,8208,Swarna Mohan,19,19,0,2026-09-21 01:31:50,2026-09-21 01:31:50.878
2026-09-21 01:27:45,BSCI180,8209,Swarna Mohan,19,19,0,2026-09-21 01:31:50,2026-09-21 01:31:50.878
2026-09-21 01:27:45,BSCI180,8210,Hans Lemke,19,19,0,2026-09-21 01:31:50,2026-09-21 01:31:50.878
2026-09-21 01:27:45,BSCI180,8211,Swarna Mohan,19,19,0,2026-09-21 01:31:50,2026-09-21 01:31:50.878
2026-09-21 01:27:45,BSCI180,8212,Hans Lemke,19,19,0,2026-09-21 01:31:50,2026-09-21 01:31:50.878
2026-09-21 01:27:45,BSCI180,8213,Hans Lemke,19,19,0,2026-09-21 01:31:50,2026-09-21 01:31:50.879
2026-09-21 01:27:45,BSCI180,8214,Hans Lemke,19,19,0,2026-09-21 01:31:50,2026-09-21 01:31:50.879
2026-09-21 01:27:45,BSCI180,8301,Hans Lemke,19,19,0,2026-09-21 01:31:50,2026-09-21 01:31:50.879
2026-09-21 01:27:45,BSCI180,8302,Hans Lemke,19,19,0,2026-09-21 01:31:50,2026-09-21 01:31:50.879
2026-09-21 01:27:45,BSCI180,8305,Hans Lemke,19,19,0,2026-09-21 01:31:50,2026-09-21 01:31:50.879
2026-09-21 01:27:45,BSCI180,8306,Hans Lemke,19,19,0,2026-09-21 01:31:50,2026-09-21 01:31:50.880
2026-09-21 01:27:45,BSCI180,8307,Swarna Mohan,19,19,0,2026-09-21 01:31:50,2026-09-21 01:31:50.880
2026-09-21 01:27:45,BSCI180,8308,Hans Lemke,19,19,0,2026-09-21 01:31:50,2026-09-21 01:31:50.880
2026-09-21 01:27:45,BSCI180,8309,Hans Lemke,19,19,0,2026-09-21 01:31:50,2026-09-21 01:31:50.880
2026-09-21 01:27:45,BSCI180,8310,Swarna Mohan,19,19,0,2026-09-21 01:31:50,2026-09-21 01:31:50.880
2026-09-21 01:27:45,BSCI180,8311,Hans Lemke,19,19,0,2026-09-21 01:31:50,2026-09-21 01:31:50.881
2026-09-21 01:27:45,BSCI180,8312,Hans Lemke,19,19,0,2026-09-21 01:31:50,2026-09-21 01:31:50.881
2026-09-21 01:27:45,BSCI180,8313,Hans Lemke,19,19,0,2026-09-21 01:31:50,2026-09-21 01:31:50.881
2026-09-21 01:27:45,BSCI180,8314,Hans Lemke,19,19,0,2026-09-21 01:31:50,2026-09-21 01:31:50.881
2026-09-21 01:27:45,BSCI180,8401,Hans Lemke,19,19,0,2026-09-21 01:31:50,2026-09-21 01:31:50.881
2026-09-21 01:27:45,BSCI180,8402,Hans Lemke,19,19,0,2026-09-21 01:31:50,2026-09-21 01:31:50.882
2026-09-21 01:27:45,BSCI180,8405,Hans Lemke,19,19,0,2026-09-21 01:31:50,2026-09-21 01:31:50.882
2026-09-21 01:27:45,BSCI180,8406,Swarna Mohan,19,19,0,2026-09-21 01:31:50,2026-09-21 01:31:50.882
2026-09-21 01:27:45,BSCI180,8407,Hans Lemke,19,19,0,2026-09-21 01:31:50,2026-09-21 01:31:50.882
2026-09-21 01:27:45,BSCI180,8408,Hans Lemke,19,19,0,2026-09-21 01:31:50,2026-09-21 01:31:50.882
2026-09-21 01:27:45,BSCI180,8409,Swarna Mohan,19,19,0,2026-09-21 01:31:50,2026-09-21 01:31:50.882
2026-09-21 01:27:45,BSCI180,8410,Hans Lemke,19,19,0,2026-09-21 01:31:50,2026-09-21 01:31:50.883
2026-09-21 01:27:45,BSCI180,8411,Hans Lemke,19,19,0,2026-09-21 01:31:50,2026-09-21 01:31:50.883
2026-09-21 01:27:45,BSCI180,8412,Hans Lemke,19,19,0,2026-09-21 01:31:50,2026-09-21 01:31:50.883
2026-09-21 01:27:45,BSCI180,8413,Hans Lemke,19,19,0,2026-09-21 01:31:50,2026-09-21 01:31:50.883
2026-09-21 01:27:45,BSCI180,8414,Hans Lemke,19,19,0,2026-09-21 01:31:50,2026-09-21 01:31:50.883
2026-09-21 01:27:45,BSCI180,SEF2,Hans Lemke,19,19,0,2026-09-21 01:31:50,2026-09-21 01:31:50.884
2026-09-21 01:27:45,BSCI180,SES1,Hans Lemke,19,19,0,2026-09-21 01:31:50,2026-09-21 01:31:50.884
2026-09-21 01:27:45,BSCI180,SES2,Hans Lemke,19,19,0,2026-09-21 01:31:50,2026-09-21 01:31:50.884
2026-09-21 01:27:45,BSCI201,0101,Caitlin Fox,24,24,0,2026-09-21 01:31:51,2026-09-21 01:31:51.091
2026-09-21 01:27:45,BSCI201,0103,Caitlin Fox,24,24,0,2026-09-21 01:31:51,2026-09-21 01:31:51.091
2026-09-21 01:27:45,BSCI201,0105,Caitlin Fox,24,24,0,2026-09-21 01:31:51,2026-09-21 01:31:51.091
2026-09-21 01:27:45,BSCI201,0106,Caitlin Fox,24,24,0,2026-09-21 01:31:51,2026-09-21 01:31:51.091
2026-09-21 01:27:45,BSCI201,0107,Caitlin Fox,24,24,0,2026-09-21 01:31:51,2026-09-21 01:31:51.091
2026-09-21 01:27:45,BSCI201,0109,Maira Goytia,24,24,0,2026-09-21 01:31:51,2026-09-21 01:31:51.092
2026-09-21 01:27:45,BSCI201,0110,Caitlin Fox,24,24,0,2026-09-21 01:31:51,2026-09-21 01:31:51.092
2026-09-21 01:27:45,BSCI201,0111,Caitlin Fox,24,24,0,2026-09-21 01:31:51,2026-09-21 01:31:51.092
2026-09-21 01:27:45,BSCI201,1101,Justicia Opoku-Edusei,24,24,0,2026-09-21 01:31:51,2026-09-21 01:31:51.092
2026-09-21 01:27:45,BSCI201,1103,Justicia Opoku-Edusei,24,24,0,2026-09-21 01:31:51,2026-09-21 01:31:51.092
2026-09-21 01:27:45,BSCI201,1104,Justicia Opoku-Edusei,24,24,0,2026-09-21 01:31:51,2026-09-21 01:31:51.093
2026-09-21 01:27:45,BSCI201,1105,Caitlin Fox,24,24,0,2026-09-21 01:31:51,2026-09-21 01:31:51.093
2026-09-21 01:27:45,BSCI201,1106,Caitlin Fox,24,24,0,2026-09-21 01:31:51,2026-09-21 01:31:51.093
2026-09-21 01:27:45,BSCI201,1108,Caitlin Fox,24,24,0,2026-09-21 01:31:51,2026-09-21 01:31:51.093
2026-09-21 01:27:45,BSCI201,1109,Justicia Opoku-Edusei,24,24,0,2026-09-21 01:31:51,2026-09-21 01:31:51.093
2026-09-21 01:27:45,BSCI201,1110,Justicia Opoku-Edusei,24,24,0,2026-09-21 01:31:51,2026-09-21 01:31:51.094
2026-09-21 01:27:45,BSCI202,0101,Caitlin Fox,24,24,0,2026-09-21 01:31:51,2026-09-21 01:31:51.334
2026-09-21 01:27:45,BSCI202,0102,Caitlin Fox,24,24,0,2026-09-21 01:31:51,2026-09-21 01:31:51.335
2026-09-21 01:27:45,BSCI202,0104,Caitlin Fox,24,24,0,2026-09-21 01:31:51,2026-09-21 01:31:51.335
2026-09-21 01:27:45,BSCI202,0108,Caitlin Fox,24,24,0,2026-09-21 01:31:51,2026-09-21 01:31:51.335
2026-09-21 01:27:45,BSCI202,0109,Maira Goytia,24,24,0,2026-09-21 01:31:51,2026-09-21 01:31:51.335
2026-09-21 01:27:45,BSCI202,0110,Caitlin Fox,24,24,0,2026-09-21 01:31:51,2026-09-21 01:31:51.335
2026-09-21 01:27:45,BSCI202,1101,Justicia Opoku-Edusei,24,24,0,2026-09-21 01:31:51,2026-09-21 01:31:51.336
2026-09-21 01:27:45,BSCI202,1103,Justicia Opoku-Edusei,24,24,0,2026-09-21 01:31:51,2026-09-21 01:31:51.336
2026-09-21 01:27:45,BSCI202,1104,Justicia Opoku-Edusei,24,24,0,2026-09-21 01:31:51,2026-09-21 01:31:51.336
2026-09-21 01:27:45,BSCI202,1106,Justicia Opoku-Edusei,24,24,0,2026-09-21 01:31:51,2026-09-21 01:31:51.336
2026-09-21 01:27:45,BSCI202,1107,Justicia Opoku-Edusei,24,24,0,2026-09-21 01:31:51,2026-09-21 01:31:51.336
2026-09-21 01:27:45,BSCI202,1108,Justicia Opoku-Edusei,24,24,0,2026-09-21 01:31:51,2026-09-21 01:31:51.336
2026-09-21 01:27:45,BSCI202,SES1,Edward Orlando,20,20,0,2026-09-21 01:31:51,2026-09-21 01:31:51.337
2026-09-21 01:27:45,BSCI207,0101,Karen Carleton,80,80,0,2026-09-21 01:31:51,2026-09-21 01:31:51.498
2026-09-21 01:27:45,BSCI207,0201,Chloe Garfinkel,80,80,0,2026-09-21 01:31:51,2026-09-21 01:31:51.498
2026-09-21 01:27:45,BSCI213,0101,Cordelia Weiss,20,20,0,2026-09-21 01:31:51,2026-09-21 01:31:51.653
2026-09-21 01:27:45,BSCI213,0102,Cordelia Weiss,20,20,0,2026-09-21 01:31:51,2026-09-21 01:31:51.654
2026-09-21 01:27:45,BSCI222,7106,Thomas Kocher,18,18,0,2026-09-21 01:31:51,2026-09-21 01:31:51.894
2026-09-21 01:27:45,BSCI222,7108,Thomas Kocher,18,18,0,2026-09-21 01:31:51,2026-09-21 01:31:51.894
2026-09-21 01:27:45,BSCI222,7110,Thomas Kocher,18,18,0,2026-09-21 01:31:51,2026-09-21 01:31:51.894
2026-09-21 01:27:45,BSCI222,7112,Thomas Kocher,18,18,0,2026-09-21 01:31:51,2026-09-21 01:31:51.895
2026-09-21 01:27:45,BSCI222,7114,Thomas Kocher,18,18,0,2026-09-21 01:31:51,2026-09-21 01:31:51.895
2026-09-21 01:27:45,BSCI222,7116,Thomas Kocher,18,18,0,2026-09-21 01:31:51,2026-09-21 01:31:51.895
2026-09-21 01:27:45,BSCI222,7118,Thomas Kocher,18,18,0,2026-09-21 01:31:51,2026-09-21 01:31:51.895
2026-09-21 01:27:45,BSCI222,7120,Thomas Kocher,18,18,0,2026-09-21 01:31:51,2026-09-21 01:31:51.895
2026-09-21 01:27:45,BSCI222,7130,Thomas Kocher,18,18,0,2026-09-21 01:31:51,2026-09-21 01:31:51.896
2026-09-21 01:27:45,BSCI222,7133,Thomas Kocher,18,18,0,2026-09-21 01:31:51,2026-09-21 01:31:51.896
2026-09-21 01:27:45,BSCI222,7214,Michael Keller,18,18,0,2026-09-21 01:31:51,2026-09-21 01:31:51.896
2026-09-21 01:27:45,BSCI222,7216,Michael Keller,18,18,0,2026-09-21 01:31:51,2026-09-21 01:31:51.896
2026-09-21 01:27:45,BSCI222,7218,Michael Keller,18,18,0,2026-09-21 01:31:51,2026-09-21 01:31:51.896
2026-09-21 01:27:45,BSCI222,7219,Michael Keller,18,18,0,2026-09-21 01:31:51,2026-09-21 01:31:51.896
2026-09-21 01:27:45,BSCI222,7220,Michael Keller,18,18,0,2026-09-21 01:31:51,2026-09-21 01:31:51.897
2026-09-21 01:27:45,BSCI222,7221,Michael Keller,18,18,0,2026-09-21 01:31:51,2026-09-21 01:31:51.897
2026-09-21 01:27:45,BSCI222,7222,Michael Keller,18,18,0,2026-09-21 01:31:51,2026-09-21 01:31:51.897
2026-09-21 01:27:45,BSCI222,7224,Michael Keller,18,18,0,2026-09-21 01:31:51,2026-09-21 01:31:51.897
2026-09-21 01:27:45,BSCI222,7226,Michael Keller,18,18,0,2026-09-21 01:31:51,2026-09-21 01:31:51.897
2026-09-21 01:27:45,BSCI222,7232,Michael Keller,18,18,0,2026-09-21 01:31:51,2026-09-21 01:31:51.898
2026-09-21 01:27:45,BSCI222,7234,Michael Keller,18,18,0,2026-09-21 01:31:51,2026-09-21 01:31:51.898
2026-09-21 01:27:45,BSCI222,7236,Michael Keller,18,18,0,2026-09-21 01:31:51,2026-09-21 01:31:51.898
2026-09-21 01:27:45,BSCI222,7310,Maria Colt,18,18,0,2026-09-21 01:31:51,2026-09-21 01:31:51.898
2026-09-21 01:27:45,BSCI222,7311,Maria Colt,18,18,0,2026-09-21 01:31:51,2026-09-21 01:31:51.898
2026-09-21 01:27:45,BSCI222,7312,Maria Colt,18,18,0,2026-09-21 01:31:51,2026-09-21 01:31:51.898
2026-09-21 01:27:45,BSCI222,7313,Maria Colt,18,18,0,2026-09-21 01:31:51,2026-09-21 01:31:51.899
2026-09-21 01:27:45,BSCI222,7315,Maria Colt,18,18,0,2026-09-21 01:31:51,2026-09-21 01:31:51.899
2026-09-21 01:27:45,BSCI222,7320,Maria Colt,18,18,0,2026-09-21 01:31:51,2026-09-21 01:31:51.899
2026-09-21 01:27:45,BSCI222,7325,Maria Colt,18,18,0,2026-09-21 01:31:51,2026-09-21 01:31:51.899
2026-09-21 01:27:45,BSCI222,7330,Maria Colt,18,18,0,2026-09-21 01:31:51,2026-09-21 01:31:51.899
2026-09-21 01:27:45,BSCI222,7332,Maria Colt,18,18,0,2026-09-21 01:31:51,2026-09-21 01:31:51.900
2026-09-21 01:27:45,BSCI222,7335,Maria Colt,18,18,0,2026-09-21 01:31:51,2026-09-21 01:31:51.900
2026-09-21 01:27:45,BSCI222,SES1,Kimberly Paczolt,23,23,0,2026-09-21 01:31:51,2026-09-21 01:31:51.900
2026-09-21 01:27:45,BSCI222,SES2,Kimberly Paczolt,20,20,0,2026-09-21 01:31:51,2026-09-21 01:31:51.900
2026-09-21 01:27:45,BSCI223,1021,John Buchner,16,16,0,2026-09-21 01:31:52,2026-09-21 01:31:52.115
2026-09-21 01:27:45,BSCI223,1025,John Buchner,16,16,0,2026-09-21 01:31:52,2026-09-21 01:31:52.116
2026-09-21 01:27:45,BSCI223,1026,John Buchner,16,16,0,2026-09-21 01:31:52,2026-09-21 01:31:52.116
2026-09-21 01:27:45,BSCI223,1101,John Buchner,16,16,0,2026-09-21 01:31:52,2026-09-21 01:31:52.116
2026-09-21 01:27:45,BSCI223,1105,John Buchner,16,16,0,2026-09-21 01:31:52,2026-09-21 01:31:52.116
2026-09-21 01:27:45,BSCI223,1106,John Buchner,16,16,0,2026-09-21 01:31:52,2026-09-21 01:31:52.116
2026-09-21 01:27:45,BSCI223,1121,John Buchner,16,16,0,2026-09-21 01:31:52,2026-09-21 01:31:52.116
2026-09-21 01:27:45,BSCI223,1125,John Buchner,16,16,0,2026-09-21 01:31:52,2026-09-21 01:31:52.117
2026-09-21 01:27:45,BSCI223,1126,John Buchner,16,16,0,2026-09-21 01:31:52,2026-09-21 01:31:52.117
2026-09-21 01:27:45,BSCI223,1201,John Buchner,16,16,0,2026-09-21 01:31:52,2026-09-21 01:31:52.117
2026-09-21 01:27:45,BSCI223,1206,John Buchner,16,16,0,2026-09-21 01:31:52,2026-09-21 01:31:52.117
2026-09-21 01:27:45,BSCI223,1221,John Buchner,16,16,0,2026-09-21 01:31:52,2026-09-21 01:31:52.117
2026-09-21 01:27:45,BSCI223,1225,John Buchner,16,16,0,2026-09-21 01:31:52,2026-09-21 01:31:52.118
2026-09-21 01:27:45,BSCI223,1226,John Buchner,16,16,0,2026-09-21 01:31:52,2026-09-21 01:31:52.118
2026-09-21 01:27:45,BSCI223,1301,John Buchner,16,16,0,2026-09-21 01:31:52,2026-09-21 01:31:52.118
2026-09-21 01:27:45,BSCI223,1306,John Buchner,16,16,0,2026-09-21 01:31:52,2026-09-21 01:31:52.118
2026-09-21 01:27:45,BSCI223,2401,John Buchner,16,16,0,2026-09-21 01:31:52,2026-09-21 01:31:52.118
2026-09-21 01:27:45,BSCI223,2406,John Buchner,16,16,0,2026-09-21 01:31:52,2026-09-21 01:31:52.119
2026-09-21 01:27:45,BSCI223,SES1,Cherisse Hall,20,20,0,2026-09-21 01:31:52,2026-09-21 01:31:52.119
2026-09-21 01:27:45,BSCI238I,0101,Aditri Gadigi,30,30,0,2026-09-21 01:31:52,2026-09-21 01:31:52.273
2026-09-21 01:27:45,BSCI258A,0101,Nicholas Fletcher,10,10,0,2026-09-21 01:31:52,2026-09-21 01:31:52.426
2026-09-21 01:27:45,BSCI258B,0101,Nicholas Fletcher,80,80,0,2026-09-21 01:31:52,2026-09-21 01:31:52.582
2026-09-21 01:27:45,BSCI279B,0101,Katerina Thompson,32,32,0,2026-09-21 01:31:52,2026-09-21 01:31:52.881
2026-09-21 01:27:45,BSCI279B,0102,Katerina Thompson,32,32,0,2026-09-21 01:31:52,2026-09-21 01:31:52.881
2026-09-21 01:27:45,BSCI279Q,0101,Daniel Butts,10,10,0,2026-09-21 01:31:53,2026-09-21 01:31:53.192
2026-09-21 01:27:45,BSCI283,1205,Kevin McIver,20,20,0,2026-09-21 01:31:53,2026-09-21 01:31:53.692
2026-09-21 01:27:45,BSCI283,1305,Daniel Stein,20,20,0,2026-09-21 01:31:53,2026-09-21 01:31:53.692
2026-09-21 01:27:45,BSCI329,1016,Hilary Bierman,5,5,0,2026-09-21 01:31:53,2026-09-21 01:31:53.850
2026-09-21 01:27:45,BSCI329,1028,Daniel Butts,10,10,0,2026-09-21 01:31:53,2026-09-21 01:31:53.850
2026-09-21 01:27:45,BSCI329,1033,Chan Lin,10,10,0,2026-09-21 01:31:53,2026-09-21 01:31:53.851
2026-09-21 01:27:45,BSCI329,1250,Justicia Opoku-Edusei,20,20,0,2026-09-21 01:31:53,2026-09-21 01:31:53.851
2026-09-21 01:27:45,BSCI329,1388,Corine Van der Weele,8,8,0,2026-09-21 01:31:53,2026-09-21 01:31:53.851
2026-09-21 01:27:45,BSCI329,ESG1,Hadiya Woodham,10,10,0,2026-09-21 01:31:53,2026-09-21 01:31:53.851
2026-09-21 01:27:45,BSCI331,0101,Kenneth Frauwirth,200,200,0,2026-09-21 01:31:54,2026-09-21 01:31:54.008
2026-09-21 01:27:45,BSCI331,0201,Kenneth Frauwirth,200,200,0,2026-09-21 01:31:54,2026-09-21 01:31:54.008
2026-09-21 01:27:45,BSCI332,0102,Corine Van der Weele,23,23,0,2026-09-21 01:31:54,2026-09-21 01:31:54.194
2026-09-21 01:27:45,BSCI332,0104,Corine Van der Weele,23,23,0,2026-09-21 01:31:54,2026-09-21 01:31:54.194
2026-09-21 01:27:45,BSCI332,0106,Corine Van der Weele,23,23,0,2026-09-21 01:31:54,2026-09-21 01:31:54.194
2026-09-21 01:27:45,BSCI332,0107,Corine Van der Weele,23,23,0,2026-09-21 01:31:54,2026-09-21 01:31:54.194
2026-09-21 01:27:45,BSCI332,0111,Corine Van der Weele,23,23,0,2026-09-21 01:31:54,2026-09-21 01:31:54.194
2026-09-21 01:27:45,BSCI332,1103,Corine Van der Weele,23,23,0,2026-09-21 01:31:54,2026-09-21 01:31:54.195
2026-09-21 01:27:45,BSCI332,1105,Corine Van der Weele,23,23,0,2026-09-21 01:31:54,2026-09-21 01:31:54.195
2026-09-21 01:27:45,BSCI332,1108,Corine Van der Weele,23,23,0,2026-09-21 01:31:54,2026-09-21 01:31:54.195
2026-09-21 01:27:45,BSCI332,1109,Corine Van der Weele,23,23,0,2026-09-21 01:31:54,2026-09-21 01:31:54.195
2026-09-21 01:27:45,BSCI332,1111,Corine Van der Weele,23,23,0,2026-09-21 01:31:54,2026-09-21 01:31:54.195
2026-09-21 01:27:45,BSCI332,1113,Corine Van der Weele,23,23,0,2026-09-21 01:31:54,2026-09-21 01:31:54.196
2026-09-21 01:27:45,BSCI334,0101,Katerina Thompson,60,60,0,2026-09-21 01:31:54,2026-09-21 01:31:54.347
2026-09-21 01:27:45,BSCI335,0101,Katerina Thompson,20,20,0,2026-09-21 01:31:54,2026-09-21 01:31:54.503
2026-09-21 01:27:45,BSCI335,0102,Katerina Thompson,20,20,0,2026-09-21 01:31:54,2026-09-21 01:31:54.503
2026-09-21 01:27:45,BSCI337,0101,Leo Shapiro,20,20,0,2026-09-21 01:31:54,2026-09-21 01:31:54.661
2026-09-21 01:27:45,BSCI337,0102,Leo Shapiro,20,20,0,2026-09-21 01:31:54,2026-09-21 01:31:54.662
2026-09-21 01:27:45,BSCI343,ESG1,Hadiya Woodham,30,30,0,2026-09-21 01:31:54,2026-09-21 01:31:54.967
2026-09-21 01:27:45,BSCI348A,0101,John Buchner,22,22,0,2026-09-21 01:31:55,2026-09-21 01:31:55.278
2026-09-21 01:27:45,BSCI348B,SES1,Erik Lontok,20,20,0,2026-09-21 01:31:55,2026-09-21 01:31:55.440
2026-09-21 01:27:45,BSCI348R,0101,Najib El-Sayed,10,10,0,2026-09-21 01:31:55,2026-09-21 01:31:55.598
2026-09-21 01:27:45,BSCI353,0101,Chan Lin,64,64,0,2026-09-21 01:31:55,2026-09-21 01:31:55.752
2026-09-21 01:27:45,BSCI353,0102,Melissa Caras,40,40,0,2026-09-21 01:31:55,2026-09-21 01:31:55.752
2026-09-21 01:27:45,BSCI353,ESG1,Vitaly Stepensky,40,40,0,2026-09-21 01:31:55,2026-09-21 01:31:55.753
2026-09-21 01:27:45,BSCI358A,ESG1,Vitaly Stepensky,30,30,0,2026-09-21 01:31:55,2026-09-21 01:31:55.906
2026-09-21 01:27:45,BSCI358B,ESG1,Gregory Simon,30,30,0,2026-09-21 01:31:56,2026-09-21 01:31:56.088
2026-09-21 01:27:45,BSCI361,0101,Daniel Gruner,25,25,0,2026-09-21 01:31:56,2026-09-21 01:31:56.254
2026-09-21 01:27:45,BSCI361,0102,Daniel Gruner,25,25,0,2026-09-21 01:31:56,2026-09-21 01:31:56.254
2026-09-21 01:27:45,BSCI370,0101,Alexandra Bely,64,64,0,2026-09-21 01:31:56,2026-09-21 01:31:56.410
2026-09-21 01:27:45,BSCI378H,0101,Kenneth Frauwirth,23,23,0,2026-09-21 01:31:56,2026-09-21 01:31:56.565
2026-09-21 01:27:45,BSCI398H,0101,Alexandra Bely,35,35,0,2026-09-21 01:31:57,2026-09-21 01:31:57.613
2026-09-21 01:27:45,BSCI401,0101,Gerald Wilkinson,39,39,0,2026-09-21 01:31:58,2026-09-21 01:31:58.212
2026-09-21 01:27:45,BSCI406,0101,Sergei Sukharev,20,20,0,2026-09-21 01:31:58,2026-09-21 01:31:58.363
2026-09-21 01:27:45,BSCI410,0101,Charles Seller,140,140,0,2026-09-21 01:31:58,2026-09-21 01:31:58.514
2026-09-21 01:27:45,BSCI412,0101,Erin Tran,18,18,0,2026-09-21 01:31:58,2026-09-21 01:31:58.693
2026-09-21 01:27:45,BSCI412,0103,Wade Winkler,18,18,0,2026-09-21 01:31:58,2026-09-21 01:31:58.693
2026-09-21 01:27:45,BSCI414,ESG1,Caitlin Fox,24,24,0,2026-09-21 01:31:58,2026-09-21 01:31:58.845
2026-09-21 01:27:45,BSCI416,0101,Silvia Bolland,42,42,0,2026-09-21 01:31:59,2026-09-21 01:31:59.005
2026-09-21 01:27:45,BSCI417,0101,Vincent Lee,30,30,0,2026-09-21 01:31:59,2026-09-21 01:31:59.158
2026-09-21 01:27:45,BSCI420,0101,Sougata Roy,62,62,0,2026-09-21 01:31:59,2026-09-21 01:31:59.308
2026-09-21 01:27:45,BSCI422,0101,Kenneth Frauwirth,25,25,0,2026-09-21 01:31:59,2026-09-21 01:31:59.471
2026-09-21 01:27:45,BSCI422,0102,Kenneth Frauwirth,25,25,0,2026-09-21 01:31:59,2026-09-21 01:31:59.471
2026-09-21 01:27:45,BSCI422,0103,David Mosser,25,25,0,2026-09-21 01:31:59,2026-09-21 01:31:59.471
2026-09-21 01:27:45,BSCI422,0104,David Mosser,25,25,0,2026-09-21 01:31:59,2026-09-21 01:31:59.471
2026-09-21 01:27:45,BSCI423,0101,Wenxia Song,18,18,0,2026-09-21 01:31:59,2026-09-21 01:31:59.627
2026-09-21 01:27:45,BSCI423,0102,Wenxia Song,18,18,0,2026-09-21 01:31:59,2026-09-21 01:31:59.628
2026-09-21 01:27:45,BSCI425,0101,Kan Cao,20,20,0,2026-09-21 01:31:59,2026-09-21 01:31:59.782
2026-09-21 01:27:45,BSCI430,0101,Eric Haag,35,35,0,2026-09-21 01:31:59,2026-09-21 01:31:59.933
2026-09-21 01:27:45,BSCI433,0101,Jeff Maltas,30,30,0,2026-09-21 01:32:00,2026-09-21 01:32:00.152
2026-09-21 01:27:45,BSCI433,PDS1,Beth Parent,25,25,0,2026-09-21 01:32:00,2026-09-21 01:32:00.153
2026-09-21 01:27:45,BSCI435,0101,Tapan Goel,18,18,0,2026-09-21 01:32:00,2026-09-21 01:32:00.312
2026-09-21 01:27:45,BSCI436,0101,Jonathan Dinman,60,60,0,2026-09-21 01:32:00,2026-09-21 01:32:00.476
2026-09-21 01:27:45,BSCI437,0101,Jeffrey DeStefano,70,70,0,2026-09-21 01:32:00,2026-09-21 01:32:00.632
2026-09-21 01:27:45,BSCI437,ESG1,Gilad Ofek,40,40,0,2026-09-21 01:32:00,2026-09-21 01:32:00.633
2026-09-21 01:27:45,BSCI437H,0101,Jeffrey DeStefano,8,8,0,2026-09-21 01:32:00,2026-09-21 01:32:00.785
2026-09-21 01:27:45,BSCI439B,ESG1,Maira Goytia,40,40,0,2026-09-21 01:32:00,2026-09-21 01:32:00.938
2026-09-21 01:27:45,BSCI439E,0101,Beatrice Kondo,5,5,0,2026-09-21 01:32:01,2026-09-21 01:32:01.099
2026-09-21 01:27:45,BSCI439G,0101,Beatrice Kondo,5,5,0,2026-09-21 01:32:01,2026-09-21 01:32:01.258
2026-09-21 01:27:45,BSCI439L,0101,Instructor: TBA,5,5,0,2026-09-21 01:32:01,2026-09-21 01:32:01.534
2026-09-21 01:27:45,BSCI442,0101,Daniel Rodriguez Leal,20,20,0,2026-09-21 01:32:01,2026-09-21 01:32:01.760
2026-09-21 01:27:45,BSCI442,0102,Jose Feijo,20,20,0,2026-09-21 01:32:01,2026-09-21 01:32:01.760
2026-09-21 01:27:45,BSCI450,0101,Juan Angueyra,130,130,0,2026-09-21 01:32:01,2026-09-21 01:32:01.953
2026-09-21 01:27:45,BSCI450,0201,Joshua Singer,120,120,0,2026-09-21 01:32:01,2026-09-21 01:32:01.953
2026-09-21 01:27:45,BSCI450,PDS1,William Higgins,20,20,0,2026-09-21 01:32:01,2026-09-21 01:32:01.953
2026-09-21 01:27:45,BSCI451,0101,Corine Van der Weele,20,20,0,2026-09-21 01:32:02,2026-09-21 01:32:02.140
2026-09-21 01:27:45,BSCI451,0102,Corine Van der Weele,20,20,0,2026-09-21 01:32:02,2026-09-21 01:32:02.140
2026-09-21 01:27:45,BSCI451,0103,Corine Van der Weele,20,20,0,2026-09-21 01:32:02,2026-09-21 01:32:02.140
2026-09-21 01:27:45,BSCI451,0104,Corine Van der Weele,20,20,0,2026-09-21 01:32:02,2026-09-21 01:32:02.140
2026-09-21 01:27:45,BSCI452,0101,Chan Lin,40,40,0,2026-09-21 01:32:02,2026-09-21 01:32:02.307
2026-09-21 01:27:45,BSCI453,0101,Nikolas Francis,38,38,0,2026-09-21 01:32:02,2026-09-21 01:32:02.481
2026-09-21 01:27:45,BSCI455,0101,Hilary Bierman,16,16,0,2026-09-21 01:32:02,2026-09-21 01:32:02.639
2026-09-21 01:27:45,BSCI455,0102,Hilary Bierman,16,16,0,2026-09-21 01:32:02,2026-09-21 01:32:02.639
2026-09-21 01:27:45,BSCI455,0103,Hilary Bierman,16,16,0,2026-09-21 01:32:02,2026-09-21 01:32:02.639
2026-09-21 01:27:45,BSCI456,0101,Colenso Speer,5,5,0,2026-09-21 01:32:02,2026-09-21 01:32:02.806
2026-09-21 01:27:45,BSCI477,0101,Emily Bruns,40,40,0,2026-09-21 01:32:02,2026-09-21 01:32:02.980
2026-09-21 01:27:45,BSCI487,0101,Kelly Hamby,24,24,0,2026-09-21 01:32:03,2026-09-21 01:32:03.138
2026-09-21 01:27:45,BSOS355,0101,Liza Lebrun,40,40,0,2026-09-21 01:32:04,2026-09-21 01:32:04.384
2026-09-21 01:27:45,BSOS361,0101,TC Lloyd,30,30,0,2026-09-21 01:32:04,2026-09-21 01:32:04.542
2026-09-21 01:27:45,BSOS361,0102,TC Lloyd,30,30,0,2026-09-21 01:32:04,2026-09-21 01:32:04.542
2026-09-21 01:27:45,BSOS448M,0101,Brandee Pettus,12,12,0,2026-09-21 01:32:04,2026-09-21 01:32:04.692
2026-09-21 01:27:45,BUMO600,0501,Sheetal Singh,52,52,0,2026-09-21 01:32:18,2026-09-21 01:32:18.256
2026-09-21 01:27:45,BUMO604,0501,Jon Crocker,0,0,0,2026-09-21 01:32:18,2026-09-21 01:32:18.427
2026-09-21 01:27:45,BUMO614,0501,Waverly Ding,58,58,0,2026-09-21 01:32:18,2026-09-21 01:32:18.596
2026-09-21 01:27:45,BUMO701,0501,Jason Choi,65,65,0,2026-09-21 01:32:18,2026-09-21 01:32:18.753
2026-09-21 01:27:45,BUMO703,0501,Mary Beth Furst,65,65,0,2026-09-21 01:32:18,2026-09-21 01:32:18.906
2026-09-21 01:27:45,BUMO711,0501,Sheetal Singh,65,65,0,2026-09-21 01:32:19,2026-09-21 01:32:19.078
2026-09-21 01:27:45,BUMO714,0501,Rellie Rozin,0,0,0,2026-09-21 01:32:19,2026-09-21 01:32:19.246
2026-09-21 01:27:45,BUMO723,0501,Stephen Sclafani,58,58,0,2026-09-21 01:32:19,2026-09-21 01:32:19.400
2026-09-21 01:27:45,BUMO724,0501,Stephen Sclafani,58,58,0,2026-09-21 01:32:19,2026-09-21 01:32:19.557
2026-09-21 01:27:45,BUMO726,0501,Stephen Sclafani,58,58,0,2026-09-21 01:32:19,2026-09-21 01:32:19.710
2026-09-21 01:27:45,BUMO731,0501,Balaji Padmanabhan,58,58,0,2026-09-21 01:32:19,2026-09-21 01:32:19.864
2026-09-21 01:27:45,BUMO733,0501,Balaji Padmanabhan,58,58,0,2026-09-21 01:32:20,2026-09-21 01:32:20.026
2026-09-21 01:27:45,BUMO758P,0501,Jon Crocker,37,37,0,2026-09-21 01:32:20,2026-09-21 01:32:20.182
2026-09-21 01:27:45,BUMO780,0501,Jennifer Marr,37,37,0,2026-09-21 01:32:20,2026-09-21 01:32:20.495
2026-09-21 01:27:45,BUMO780,0502,Jennifer Marr,37,37,0,2026-09-21 01:32:20,2026-09-21 01:32:20.495
2026-09-21 01:27:45,BUMO782,0501,Mike Hoffmeyer,40,40,0,2026-09-21 01:32:20,2026-09-21 01:32:20.646
2026-09-21 01:27:45,BUMO785,0501,Maria Bustamante,65,65,0,2026-09-21 01:32:20,2026-09-21 01:32:20.800
2026-09-21 01:27:45,BUMO790,0501,Roy Thomason,65,65,0,2026-09-21 01:32:20,2026-09-21 01:32:20.960
2026-09-21 01:27:45,BUMO790,0502,Roy Thomason,65,65,0,2026-09-21 01:32:20,2026-09-21 01:32:20.960
2026-09-21 01:27:45,BUMO791,0501,Roy Thomason,65,65,0,2026-09-21 01:32:21,2026-09-21 01:32:21.120
2026-09-21 01:27:45,BUMO791,0502,Roy Thomason,65,65,0,2026-09-21 01:32:21,2026-09-21 01:32:21.120
2026-09-21 01:27:45,CHIN100,0101,Yuli Wang,15,15,0,2026-09-21 01:32:52,2026-09-21 01:32:52.364
2026-09-21 01:27:45,CHIN121,0101,Mei Kong,15,15,0,2026-09-21 01:32:52,2026-09-21 01:32:52.658
2026-09-21 01:27:45,CHIN122,0101,Mei Kong,15,15,0,2026-09-21 01:32:52,2026-09-21 01:32:52.894
2026-09-21 01:27:45,CHIN122,0201,Mei Kong,15,15,0,2026-09-21 01:32:52,2026-09-21 01:32:52.895
2026-09-21 01:27:45,CHIN122,0301,Guiling Hu,15,15,0,2026-09-21 01:32:52,2026-09-21 01:32:52.895
2026-09-21 01:27:45,CHIN207,0101,Guiling Hu,15,15,0,2026-09-21 01:32:53,2026-09-21 01:32:53.140
2026-09-21 01:27:45,CHIN207,0201,Guiling Hu,15,15,0,2026-09-21 01:32:53,2026-09-21 01:32:53.140
2026-09-21 01:27:45,CHIN302,0101,Jungjung Lee,15,15,0,2026-09-21 01:32:53,2026-09-21 01:32:53.386
2026-09-21 01:27:45,CHIN302,0201,Jungjung Lee,15,15,0,2026-09-21 01:32:53,2026-09-21 01:32:53.386
2026-09-21 01:27:45,CHIN307,0101,Minglang Zhou,25,25,0,2026-09-21 01:32:53,2026-09-21 01:32:53.541
2026-09-21 01:27:45,CHIN315,0101,Mei Nan,25,25,0,2026-09-21 01:32:53,2026-09-21 01:32:53.803
2026-09-21 01:27:45,CHIN332,0101,Yuli Wang,15,15,0,2026-09-21 01:32:53,2026-09-21 01:32:53.958
2026-09-21 01:27:45,CHIN402,0101,Jungjung Lee,15,15,0,2026-09-21 01:32:54,2026-09-21 01:32:54.266
2026-09-21 01:27:45,CHIN415,0101,Jungjung Lee,15,15,0,2026-09-21 01:32:54,2026-09-21 01:32:54.452
2026-09-21 01:27:45,CHIN418O,0101,Mei Nan,25,25,0,2026-09-21 01:32:54,2026-09-21 01:32:54.618
2026-09-21 01:27:45,CHIN441,0101,Andrew Schonebaum,20,20,0,2026-09-21 01:32:54,2026-09-21 01:32:54.803
2026-09-21 01:27:45,CHSE205,0101,Yewon Lee,60,60,0,2026-09-21 01:32:57,2026-09-21 01:32:57.923
2026-09-21 01:27:45,CHSE205,0201,Katryna Andrusik,50,50,0,2026-09-21 01:32:57,2026-09-21 01:32:57.923
2026-09-21 01:27:45,CHSE228D,0101,Nikita Kimani,16,16,0,2026-09-21 01:32:58,2026-09-21 01:32:58.167
2026-09-21 01:27:45,CHSE376,0101,Michael Dunham,20,20,0,2026-09-21 01:32:58,2026-09-21 01:32:58.326
2026-09-21 01:27:45,CHSE376,0201,Elizabeth Martinez,20,20,0,2026-09-21 01:32:58,2026-09-21 01:32:58.327
2026-09-21 01:27:45,CHSE376,0301,Colleen McGilpin,20,20,0,2026-09-21 01:32:58,2026-09-21 01:32:58.327
2026-09-21 01:27:45,CHSE376,0401,Chanai Brewster,15,15,0,2026-09-21 01:32:58,2026-09-21 01:32:58.327
2026-09-21 01:27:45,CHSE376,0501,Michael Dunham,15,15,0,2026-09-21 01:32:58,2026-09-21 01:32:58.327
2026-09-21 01:27:45,CHSE476,0101,Michael Dunham,20,20,0,2026-09-21 01:32:58,2026-09-21 01:32:58.648
2026-09-21 01:27:45,CHSE477,0101,Michael Dunham,18,18,0,2026-09-21 01:32:58,2026-09-21 01:32:58.803
2026-09-21 01:27:45,CHSE480,0101,Michael Dunham,18,18,0,2026-09-21 01:32:59,2026-09-21 01:32:59.037
2026-09-21 01:27:45,CHSE489,1901,Amy D'Agati,10,10,0,2026-09-21 01:32:59,2026-09-21 01:32:59.193
2026-09-21 01:27:45,CINE245,0201,Instructor: TBA,27,27,0,2026-09-21 01:33:00,2026-09-21 01:33:00.793
2026-09-21 01:27:45,CINE245,0301,Instructor: TBA,27,27,0,2026-09-21 01:33:00,2026-09-21 01:33:00.795
2026-09-21 01:27:45,CINE280,0101,Eric Zakim,25,25,0,2026-09-21 01:33:00,2026-09-21 01:33:00.971
2026-09-21 01:27:45,CINE280,0102,Eric Zakim,25,25,0,2026-09-21 01:33:00,2026-09-21 01:33:00.971
2026-09-21 01:27:45,CINE280,0103,Eric Zakim,25,25,0,2026-09-21 01:33:00,2026-09-21 01:33:00.971
2026-09-21 01:27:45,CINE280,0104,Eric Zakim,25,25,0,2026-09-21 01:33:00,2026-09-21 01:33:00.971
2026-09-21 01:27:45,CINE282,0101,Susan Pramschufer,35,35,0,2026-09-21 01:33:01,2026-09-21 01:33:01.151
2026-09-21 01:27:45,CINE298B,0101,Sean Pue,20,20,0,2026-09-21 01:33:01,2026-09-21 01:33:01.328
2026-09-21 01:27:45,CINE302,0101,Luka Arsenjuk,30,30,0,2026-09-21 01:33:01,2026-09-21 01:33:01.590
2026-09-21 01:27:45,CINE310,0101,Nathaniel Stevens,15,15,0,2026-09-21 01:33:01,2026-09-21 01:33:01.781
2026-09-21 01:27:45,CINE319A,0101,Instructor: TBA,20,20,0,2026-09-21 01:33:01,2026-09-21 01:33:01.993
2026-09-21 01:27:45,CINE319I,0101,Yael Inbar,15,15,0,2026-09-21 01:33:02,2026-09-21 01:33:02.184
2026-09-21 01:27:45,CINE319P,5501,Samuel Crawford,10,10,0,2026-09-21 01:33:02,2026-09-21 01:33:02.362
2026-09-21 01:27:45,CINE329E,0101,Elizabeth Papazian,25,25,0,2026-09-21 01:33:02,2026-09-21 01:33:02.550
2026-09-21 01:27:45,CINE329N,0101,Daniel Richter,25,25,0,2026-09-21 01:33:02,2026-09-21 01:33:02.750
2026-09-21 01:27:45,CINE329Z,0101,Daniel Richter,25,25,0,2026-09-21 01:33:02,2026-09-21 01:33:02.907
2026-09-21 01:27:45,CINE335,0101,Jason Kuo,25,25,0,2026-09-21 01:33:03,2026-09-21 01:33:03.153
2026-09-21 01:27:45,CINE369C,0101,Mauro Resmini,40,40,0,2026-09-21 01:33:03,2026-09-21 01:33:03.340
2026-09-21 01:27:45,CINE369F,0101,Alexis Lothian,30,30,0,2026-09-21 01:33:03,2026-09-21 01:33:03.515
2026-09-21 01:27:45,CINE369K,0101,Instructor: TBA,20,20,0,2026-09-21 01:33:03,2026-09-21 01:33:03.700
2026-09-21 01:27:45,CINE376,0101,Ross Angelella,14,14,0,2026-09-21 01:33:03,2026-09-21 01:33:03.948
2026-09-21 01:27:45,CINE376,0102,Ross Angelella,5,5,0,2026-09-21 01:33:03,2026-09-21 01:33:03.948
2026-09-21 01:27:45,CINE419E,0101,Stephanie Sapienza,15,15,0,2026-09-21 01:33:04,2026-09-21 01:33:04.307
2026-09-21 01:27:45,CINE429O,0101,Mei Nan,25,25,0,2026-09-21 01:33:04,2026-09-21 01:33:04.570
2026-09-21 01:27:45,CINE459C,0101,Saverio Giovacchini,54,54,0,2026-09-21 01:33:04,2026-09-21 01:33:04.770
2026-09-21 01:27:45,CINE469Y,0101,Jason Kuo,14,14,0,2026-09-21 01:33:04,2026-09-21 01:33:04.935
2026-09-21 01:27:45,CLAS170,0101,Katherine Wasdin,21,21,0,2026-09-21 01:33:06,2026-09-21 01:33:06.538
2026-09-21 01:27:45,CLAS170,0102,Katherine Wasdin,21,21,0,2026-09-21 01:33:06,2026-09-21 01:33:06.538
2026-09-21 01:27:45,CLAS170,0103,Katherine Wasdin,21,21,0,2026-09-21 01:33:06,2026-09-21 01:33:06.538
2026-09-21 01:27:45,CLAS170,0104,Katherine Wasdin,21,21,0,2026-09-21 01:33:06,2026-09-21 01:33:06.538
2026-09-21 01:27:45,CLAS170,0105,Katherine Wasdin,21,21,0,2026-09-21 01:33:06,2026-09-21 01:33:06.538
2026-09-21 01:27:45,CLAS170,0106,Katherine Wasdin,21,21,0,2026-09-21 01:33:06,2026-09-21 01:33:06.539
2026-09-21 01:27:45,CLAS170,0107,Katherine Wasdin,21,21,0,2026-09-21 01:33:06,2026-09-21 01:33:06.539
2026-09-21 01:27:45,CLAS170,0108,Katherine Wasdin,21,21,0,2026-09-21 01:33:06,2026-09-21 01:33:06.539
2026-09-21 01:27:45,CLAS170,0109,Katherine Wasdin,21,21,0,2026-09-21 01:33:06,2026-09-21 01:33:06.539
2026-09-21 01:27:45,CLAS276,0101,Eric Adler,25,25,0,2026-09-21 01:33:06,2026-09-21 01:33:06.704
2026-09-21 01:27:45,CLAS276,0102,Eric Adler,25,25,0,2026-09-21 01:33:06,2026-09-21 01:33:06.704
2026-09-21 01:27:45,CLAS276,0103,Eric Adler,25,25,0,2026-09-21 01:33:06,2026-09-21 01:33:06.704
2026-09-21 01:27:45,CLAS276,0104,Eric Adler,25,25,0,2026-09-21 01:33:06,2026-09-21 01:33:06.705
2026-09-21 01:27:45,CLAS276,0105,Eric Adler,25,25,0,2026-09-21 01:33:06,2026-09-21 01:33:06.705
2026-09-21 01:27:45,CLAS276,0106,Eric Adler,25,25,0,2026-09-21 01:33:06,2026-09-21 01:33:06.705
2026-09-21 01:27:45,CLAS333,0101,Nathan Levine,35,35,0,2026-09-21 01:33:06,2026-09-21 01:33:06.863
2026-09-21 01:27:45,CLAS333,PBU1,Nathan Levine,3,3,0,2026-09-21 01:33:06,2026-09-21 01:33:06.863
2026-09-21 01:27:45,CLAS340,0101,Katherine Wasdin,35,35,0,2026-09-21 01:33:07,2026-09-21 01:33:07.017
2026-09-21 01:27:45,CMLT235,0101,Instructor: TBA,30,30,0,2026-09-21 01:33:10,2026-09-21 01:33:10.262
2026-09-21 01:27:45,CMLT270,0201,Instructor: TBA,30,30,0,2026-09-21 01:33:10,2026-09-21 01:33:10.418
2026-09-21 01:27:45,CMLT270,0301,Instructor: TBA,30,30,0,2026-09-21 01:33:10,2026-09-21 01:33:10.418
2026-09-21 01:27:45,CMLT275,0101,Instructor: TBA,30,30,0,2026-09-21 01:33:10,2026-09-21 01:33:10.613
2026-09-21 01:27:45,CMLT277,0101,Instructor: TBA,30,30,0,2026-09-21 01:33:10,2026-09-21 01:33:10.765
2026-09-21 01:27:45,CMLT280,0101,Eric Zakim,25,25,0,2026-09-21 01:33:10,2026-09-21 01:33:10.927
2026-09-21 01:27:45,CMLT280,0102,Eric Zakim,25,25,0,2026-09-21 01:33:10,2026-09-21 01:33:10.927
2026-09-21 01:27:45,CMLT280,0103,Eric Zakim,25,25,0,2026-09-21 01:33:10,2026-09-21 01:33:10.927
2026-09-21 01:27:45,CMLT280,0104,Eric Zakim,25,25,0,2026-09-21 01:33:10,2026-09-21 01:33:10.927
2026-09-21 01:27:45,CPBE101,0101,Oliver Schlake,75,75,0,2026-09-21 01:33:24,2026-09-21 01:33:24.242
2026-09-21 01:27:45,CPBE230,0101,Oliver Schlake,30,30,0,2026-09-21 01:33:24,2026-09-21 01:33:24.398
2026-09-21 01:27:45,CPBE240,0101,Oliver Schlake,20,20,0,2026-09-21 01:33:24,2026-09-21 01:33:24.550
2026-09-21 01:27:45,CPBE250,0101,Oliver Schlake,30,30,0,2026-09-21 01:33:24,2026-09-21 01:33:24.704
2026-09-21 01:27:45,CPCV101,0101,Julie Randolph,40,40,0,2026-09-21 01:33:25,2026-09-21 01:33:25.955
2026-09-21 01:27:45,CPCV101,0201,Julie Randolph,40,40,0,2026-09-21 01:33:25,2026-09-21 01:33:25.956
2026-09-21 01:27:45,CPCV230,0101,Korey Rothman,20,20,0,2026-09-21 01:33:26,2026-09-21 01:33:26.114
2026-09-21 01:27:45,CPCV230,0201,Korey Rothman,20,20,0,2026-09-21 01:33:26,2026-09-21 01:33:26.115
2026-09-21 01:27:45,CPDJ101,0101,Jess Feltner,75,75,0,2026-09-21 01:33:27,2026-09-21 01:33:27.351
2026-09-21 01:27:45,CPDJ230,0101,Jess Feltner,10,10,0,2026-09-21 01:33:27,2026-09-21 01:33:27.510
2026-09-21 01:27:45,CPDJ240,0101,Jess Feltner,8,8,0,2026-09-21 01:33:27,2026-09-21 01:33:27.666
2026-09-21 01:27:45,CPDJ250,0101,Jess Feltner,10,10,0,2026-09-21 01:33:27,2026-09-21 01:33:27.823
2026-09-21 01:27:45,CPET101,0101,Dani Moore,78,78,0,2026-09-21 01:33:29,2026-09-21 01:33:29.117
2026-09-21 01:27:45,CPET230,0101,Dani Moore,50,50,0,2026-09-21 01:33:29,2026-09-21 01:33:29.277
2026-09-21 01:27:45,CPET240,0101,Dani Moore,20,20,0,2026-09-21 01:33:29,2026-09-21 01:33:29.438
2026-09-21 01:27:45,CPET250,0101,Dani Moore,15,15,0,2026-09-21 01:33:29,2026-09-21 01:33:29.606
2026-09-21 01:27:45,CPGH101,0101,Angshuman Kashyap,75,75,0,2026-09-21 01:33:30,2026-09-21 01:33:30.869
2026-09-21 01:27:45,CPGH210,0101,Haley Clark,80,80,0,2026-09-21 01:33:31,2026-09-21 01:33:31.024
2026-09-21 01:27:45,CPGH230,0101,John Wiggins,30,30,0,2026-09-21 01:33:31,2026-09-21 01:33:31.179
2026-09-21 01:27:45,CPGH240,0101,John Wiggins,30,30,0,2026-09-21 01:33:31,2026-09-21 01:33:31.331
2026-09-21 01:27:45,CPGH250,0101,John Wiggins,25,25,0,2026-09-21 01:33:31,2026-09-21 01:33:31.488
2026-09-21 01:27:45,CPGH270,0101,John Wiggins,5,5,0,2026-09-21 01:33:31,2026-09-21 01:33:31.640
2026-09-21 01:27:45,CPJT101,0101,Justine DeCamillis,75,75,0,2026-09-21 01:33:32,2026-09-21 01:33:32.891
2026-09-21 01:27:45,CPJT230,0101,Justine DeCamillis,35,35,0,2026-09-21 01:33:33,2026-09-21 01:33:33.050
2026-09-21 01:27:45,CPJT240,0101,Justine DeCamillis,25,25,0,2026-09-21 01:33:33,2026-09-21 01:33:33.205
2026-09-21 01:27:45,CPJT250,0101,Victoria Worley,25,25,0,2026-09-21 01:33:33,2026-09-21 01:33:33.358
2026-09-21 01:27:45,CPMS101,0101,Alison Burns,75,75,0,2026-09-21 01:33:34,2026-09-21 01:33:34.603
2026-09-21 01:27:45,CPMS230,0101,Alison Burns,30,30,0,2026-09-21 01:33:34,2026-09-21 01:33:34.767
2026-09-21 01:27:45,CPMS240,0101,Alison Burns,15,15,0,2026-09-21 01:33:34,2026-09-21 01:33:34.918
2026-09-21 01:27:45,CPPL101,0101,Kelly Brower,75,75,0,2026-09-21 01:33:36,2026-09-21 01:33:36.145
2026-09-21 01:27:45,CPSA101,0101,Heather-Erin Bremenstuhl,75,75,0,2026-09-21 01:33:37,2026-09-21 01:33:37.394
2026-09-21 01:27:45,CPSA149,0101,Harold Burgess,20,20,0,2026-09-21 01:33:45,2026-09-21 01:33:45.302
2026-09-21 01:27:45,CPSA201,0101,Heather-Erin Bremenstuhl,75,75,0,2026-09-21 01:33:45,2026-09-21 01:33:45.464
2026-09-21 01:27:45,CPSA240,0101,Harold Burgess,15,15,0,2026-09-21 01:33:45,2026-09-21 01:33:45.618
2026-09-21 01:27:45,CPSA250,0101,Heather-Erin Bremenstuhl,10,10,0,2026-09-21 01:33:45,2026-09-21 01:33:45.782
2026-09-21 01:27:45,CPSA250,0201,Heather-Erin Bremenstuhl,10,10,0,2026-09-21 01:33:45,2026-09-21 01:33:45.782
2026-09-21 01:27:45,CPSA250,0301,Heather-Erin Bremenstuhl,10,10,0,2026-09-21 01:33:45,2026-09-21 01:33:45.783
2026-09-21 01:27:45,CPSA260,0101,Heather-Erin Bremenstuhl,10,10,0,2026-09-21 01:33:45,2026-09-21 01:33:45.943
2026-09-21 01:27:45,CPSA260,0201,Heather-Erin Bremenstuhl,10,10,0,2026-09-21 01:33:45,2026-09-21 01:33:45.943
2026-09-21 01:27:45,CPSA260,0301,Alexandra Lynch,10,10,0,2026-09-21 01:33:45,2026-09-21 01:33:45.943
2026-09-21 01:27:45,CPSF101,0101,Nicholas Fletcher,75,75,0,2026-09-21 01:33:47,2026-09-21 01:33:47.176
2026-09-21 01:27:45,CPSG101,0101,Thomas Holtz,75,75,0,2026-09-21 01:33:48,2026-09-21 01:33:48.428
2026-09-21 01:27:45,CPSG230,0101,John Merck,50,50,0,2026-09-21 01:33:48,2026-09-21 01:33:48.589
2026-09-21 01:27:45,CPSG240,0101,John Merck,25,25,0,2026-09-21 01:33:48,2026-09-21 01:33:48.741
2026-09-21 01:27:45,CPSG250,0101,John Merck,25,25,0,2026-09-21 01:33:48,2026-09-21 01:33:48.895
2026-09-21 01:27:45,CPSN101,0101,Hansol Kwak,75,75,0,2026-09-21 01:33:50,2026-09-21 01:33:50.203
2026-09-21 01:27:45,CPSN230,0101,Ellin Chung,40,40,0,2026-09-21 01:33:50,2026-09-21 01:33:50.427
2026-09-21 01:27:45,CPSN240,0101,Ellin Chung,15,15,0,2026-09-21 01:33:50,2026-09-21 01:33:50.580
2026-09-21 01:27:45,CPSN250,0101,Hansol Kwak,25,25,0,2026-09-21 01:33:50,2026-09-21 01:33:50.733
2026-09-21 01:27:45,CPSP239A,0101,Heather-Erin Bremenstuhl,10,10,0,2026-09-21 01:33:51,2026-09-21 01:33:51.999
2026-09-21 01:27:45,CPSP259J,0101,Alison Burns,10,10,0,2026-09-21 01:33:52,2026-09-21 01:33:52.155
2026-09-21 01:27:45,CPSP279N,0101,Stacy Kosko,10,10,0,2026-09-21 01:33:52,2026-09-21 01:33:52.309
2026-09-21 01:27:45,CPSP339P,0101,Kelly Brower,15,15,0,2026-09-21 01:33:52,2026-09-21 01:33:52.465
2026-09-21 01:27:45,CPSP359G,0101,John Merck,25,25,0,2026-09-21 01:33:52,2026-09-21 01:33:52.618
2026-09-21 01:27:45,CPSP359S,0101,David Eubanks,24,24,0,2026-09-21 01:33:52,2026-09-21 01:33:52.775
2026-09-21 01:27:45,CPSP369E,0101,Tim Knight,7,7,0,2026-09-21 01:33:52,2026-09-21 01:33:52.931
2026-09-21 01:27:45,CPSP369E,0102,Tim Knight,5,5,0,2026-09-21 01:33:52,2026-09-21 01:33:52.931
2026-09-21 01:27:45,CPSS101,0101,Christine Alexander,75,75,0,2026-09-21 01:33:54,2026-09-21 01:33:54.176
2026-09-21 01:27:45,CPSS225,0101,Roan Parrish,20,20,0,2026-09-21 01:33:54,2026-09-21 01:33:54.330
2026-09-21 01:27:45,CPSS225,0201,Melinda Baldwin,20,20,0,2026-09-21 01:33:54,2026-09-21 01:33:54.330
2026-09-21 01:27:45,CPSS240,0101,Timothy Reedy,25,25,0,2026-09-21 01:33:54,2026-09-21 01:33:54.490
2026-09-21 01:27:45,CPSS340,0101,Nicole Mogul,20,20,0,2026-09-21 01:33:54,2026-09-21 01:33:54.645
2026-09-21 01:27:45,DATA100,0111,Matthew Griffin,27,27,0,2026-09-21 01:34:02,2026-09-21 01:34:02.759
2026-09-21 01:27:45,DATA100,0112,Matthew Griffin,27,27,0,2026-09-21 01:34:02,2026-09-21 01:34:02.759
2026-09-21 01:27:45,DATA100,0121,Matthew Griffin,27,27,0,2026-09-21 01:34:02,2026-09-21 01:34:02.759
2026-09-21 01:27:45,DATA100,0122,Matthew Griffin,27,27,0,2026-09-21 01:34:02,2026-09-21 01:34:02.759
2026-09-21 01:27:45,DATA100,0123,Matthew Griffin,27,27,0,2026-09-21 01:34:02,2026-09-21 01:34:02.760
2026-09-21 01:27:45,DATA100,0124,Matthew Griffin,27,27,0,2026-09-21 01:34:02,2026-09-21 01:34:02.760
2026-09-21 01:27:45,DATA100,0131,Matthew Griffin,27,27,0,2026-09-21 01:34:02,2026-09-21 01:34:02.760
2026-09-21 01:27:45,DATA100,0141,Matthew Griffin,27,27,0,2026-09-21 01:34:02,2026-09-21 01:34:02.760
2026-09-21 01:27:45,DATA100,0211,Matthew Griffin,27,27,0,2026-09-21 01:34:02,2026-09-21 01:34:02.760
2026-09-21 01:27:45,DATA100,0212,Matthew Griffin,27,27,0,2026-09-21 01:34:02,2026-09-21 01:34:02.760
2026-09-21 01:27:45,DATA100,0221,Matthew Griffin,27,27,0,2026-09-21 01:34:02,2026-09-21 01:34:02.761
2026-09-21 01:27:45,DATA100,0222,Matthew Griffin,27,27,0,2026-09-21 01:34:02,2026-09-21 01:34:02.761
2026-09-21 01:27:45,DATA100,0223,Matthew Griffin,27,27,0,2026-09-21 01:34:02,2026-09-21 01:34:02.761
2026-09-21 01:27:45,DATA100,0224,Matthew Griffin,27,27,0,2026-09-21 01:34:02,2026-09-21 01:34:02.761
2026-09-21 01:27:45,DATA100,0231,Matthew Griffin,27,27,0,2026-09-21 01:34:02,2026-09-21 01:34:02.761
2026-09-21 01:27:45,DATA100,0241,Matthew Griffin,27,27,0,2026-09-21 01:34:02,2026-09-21 01:34:02.762
2026-09-21 01:27:45,DATA100,0242,Matthew Griffin,27,27,0,2026-09-21 01:34:02,2026-09-21 01:34:02.762
2026-09-21 01:27:45,DATA100,0311,Jonathan Fernandes,25,25,0,2026-09-21 01:34:02,2026-09-21 01:34:02.762
2026-09-21 01:27:45,DATA100,0312,Jonathan Fernandes,25,25,0,2026-09-21 01:34:02,2026-09-21 01:34:02.762
2026-09-21 01:27:45,DATA100,0321,Jonathan Fernandes,25,25,0,2026-09-21 01:34:02,2026-09-21 01:34:02.762
2026-09-21 01:27:45,DATA100,0322,Jonathan Fernandes,25,25,0,2026-09-21 01:34:02,2026-09-21 01:34:02.762
2026-09-21 01:27:45,DATA100,0323,Jonathan Fernandes,25,25,0,2026-09-21 01:34:02,2026-09-21 01:34:02.763
2026-09-21 01:27:45,DATA100,0331,Jonathan Fernandes,25,25,0,2026-09-21 01:34:02,2026-09-21 01:34:02.763
2026-09-21 01:27:45,DATA100,0332,Jonathan Fernandes,29,29,0,2026-09-21 01:34:02,2026-09-21 01:34:02.763
2026-09-21 01:27:45,DATA110,0101,Susan Mazzullo,310,310,0,2026-09-21 01:34:02,2026-09-21 01:34:02.919
2026-09-21 01:27:45,DATA120,0101,Fardina Alam,200,200,0,2026-09-21 01:34:03,2026-09-21 01:34:03.077
2026-09-21 01:27:45,DATA200,0101,Fardina Alam,90,90,0,2026-09-21 01:34:03,2026-09-21 01:34:03.231
2026-09-21 01:27:45,DATA250,0101,Todd Rowland,30,30,0,2026-09-21 01:34:03,2026-09-21 01:34:03.386
2026-09-21 01:27:45,DATA320,0101,Maksym Morawski,20,20,0,2026-09-21 01:34:03,2026-09-21 01:34:03.542
2026-09-21 01:27:45,DATA320,0201,Fardina Alam,20,20,0,2026-09-21 01:34:03,2026-09-21 01:34:03.542
2026-09-21 01:27:45,DATA320,0301,Anna Evtushenko,12,12,0,2026-09-21 01:34:03,2026-09-21 01:34:03.542
2026-09-21 01:27:45,DATA350,0101,Todd Rowland,30,30,0,2026-09-21 01:34:03,2026-09-21 01:34:03.707
2026-09-21 01:27:45,DATA350,0201,Raluca Rosca,30,30,0,2026-09-21 01:34:03,2026-09-21 01:34:03.708
2026-09-21 01:27:45,DATA400,0111,Archana Khurana,27,27,0,2026-09-21 01:34:03,2026-09-21 01:34:03.891
2026-09-21 01:27:45,DATA400,0121,Archana Khurana,27,27,0,2026-09-21 01:34:03,2026-09-21 01:34:03.891
2026-09-21 01:27:45,DATA400,0131,Archana Khurana,27,27,0,2026-09-21 01:34:03,2026-09-21 01:34:03.891
2026-09-21 01:27:45,DATA400,0211,Salman Safdar,27,27,0,2026-09-21 01:34:03,2026-09-21 01:34:03.891
2026-09-21 01:27:45,DATA400,0311,Shixin Zheng,27,27,0,2026-09-21 01:34:03,2026-09-21 01:34:03.892
2026-09-21 01:27:45,DATA400,0321,Shixin Zheng,30,30,0,2026-09-21 01:34:03,2026-09-21 01:34:03.892
2026-09-21 01:27:45,DATA400,0331,Shixin Zheng,27,27,0,2026-09-21 01:34:03,2026-09-21 01:34:03.892
2026-09-21 01:27:45,DATA400,0411,Mestiyage Gunatilleka,27,27,0,2026-09-21 01:34:03,2026-09-21 01:34:03.892
2026-09-21 01:27:45,DATA400,0412,Mestiyage Gunatilleka,27,27,0,2026-09-21 01:34:03,2026-09-21 01:34:03.892
2026-09-21 01:27:45,DATA400,0421,Mestiyage Gunatilleka,27,27,0,2026-09-21 01:34:03,2026-09-21 01:34:03.892
2026-09-21 01:27:45,DATA400,0422,Mestiyage Gunatilleka,27,27,0,2026-09-21 01:34:03,2026-09-21 01:34:03.893
2026-09-21 01:27:45,DATA400,0431,Mestiyage Gunatilleka,27,27,0,2026-09-21 01:34:03,2026-09-21 01:34:03.893
2026-09-21 01:27:45,DATA400,0432,Mestiyage Gunatilleka,27,27,0,2026-09-21 01:34:03,2026-09-21 01:34:03.893
2026-09-21 01:27:45,DATA602,PCS1,Tammy Perrin,30,30,0,2026-09-21 01:34:04,2026-09-21 01:34:04.045
2026-09-21 01:27:45,DATA603,PWS1,Kemal Davaslioglu,50,50,0,2026-09-21 01:34:04,2026-09-21 01:34:04.200
2026-09-21 01:27:45,DATA604,PCS1,Wojciech Czaja,55,55,0,2026-09-21 01:34:04,2026-09-21 01:34:04.362
2026-09-21 01:27:45,DATA604,PCS2,Mestiyage Gunatilleka,55,55,0,2026-09-21 01:34:04,2026-09-21 01:34:04.363
2026-09-21 01:27:45,DATA604,PCS3,Kendall Williams,55,55,0,2026-09-21 01:34:04,2026-09-21 01:34:04.363
2026-09-21 01:27:45,DATA604,PCS4,Jonathan Fernandes,55,55,0,2026-09-21 01:34:04,2026-09-21 01:34:04.363
2026-09-21 01:27:45,DATA605,PCS1,Tammy Perrin,55,55,0,2026-09-21 01:34:04,2026-09-21 01:34:04.557
2026-09-21 01:27:45,DATA605,PCS2,Tammy Perrin,55,55,0,2026-09-21 01:34:04,2026-09-21 01:34:04.557
2026-09-21 01:27:45,DATA605,PWS1,Giacinto Paolo Saggese,55,55,0,2026-09-21 01:34:04,2026-09-21 01:34:04.557
2026-09-21 01:27:45,DATA606,PCS1,Abdirisak Mohamed,55,55,0,2026-09-21 01:34:04,2026-09-21 01:34:04.729
2026-09-21 01:27:45,DATA606,PCS2,Abdirisak Mohamed,55,55,0,2026-09-21 01:34:04,2026-09-21 01:34:04.729
2026-09-21 01:27:45,DATA606,PCS3,Toki Inan,55,55,0,2026-09-21 01:34:04,2026-09-21 01:34:04.729
2026-09-21 01:27:45,DATA612,PCS1,Samet Ayhan,55,55,0,2026-09-21 01:34:04,2026-09-21 01:34:04.891
2026-09-21 01:27:45,DATA612,PCS2,Samet Ayhan,55,55,0,2026-09-21 01:34:04,2026-09-21 01:34:04.891
2026-09-21 01:27:45,DATA612,PCS3,Emre Gunduzhan,55,55,0,2026-09-21 01:34:04,2026-09-21 01:34:04.892
2026-09-21 01:27:45,DATA641,PCS1,Armin Mehrabian,55,55,0,2026-09-21 01:34:05,2026-09-21 01:34:05.049
2026-09-21 01:27:45,EALL361,0101,Instructor: TBA,20,20,0,2026-09-21 01:34:06,2026-09-21 01:34:06.287
2026-09-21 01:27:45,EDDI300,0101,Nicole Mehta,20,20,0,2026-09-21 01:34:14,2026-09-21 01:34:14.137
2026-09-21 01:27:45,EMBA788V,GX01,Zhi-Long Chen,31,31,0,2026-09-21 01:34:29,2026-09-21 01:34:29.836
2026-09-21 01:27:45,ENAI603,0101,A Seyed,35,35,0,2026-09-21 01:34:36,2026-09-21 01:34:36.833
2026-09-21 01:27:45,ENAI603,AEC1,A Seyed,20,20,0,2026-09-21 01:34:36,2026-09-21 01:34:36.834
2026-09-21 01:27:45,ENBC312,ESG1,Kyunghun Lee,20,20,0,2026-09-21 01:34:38,2026-09-21 01:34:38.111
2026-09-21 01:27:45,ENBC321,ESG1,Jamasp Azarnoosh,20,20,0,2026-09-21 01:34:38,2026-09-21 01:34:38.269
2026-09-21 01:27:45,ENBC342,ESG1,Lan Ma,20,20,0,2026-09-21 01:34:38,2026-09-21 01:34:38.427
2026-09-21 01:27:45,ENBC351,ESG1,Jarred Callura,20,20,0,2026-09-21 01:34:38,2026-09-21 01:34:38.582
2026-09-21 01:27:45,ENBC352,ESG1,Jarred Callura,20,20,0,2026-09-21 01:34:38,2026-09-21 01:34:38.774
2026-09-21 01:27:45,ENBC403,ESG1,Jamasp Azarnoosh,20,20,0,2026-09-21 01:34:38,2026-09-21 01:34:38.935
2026-09-21 01:27:45,ENBC441,ESG1,Lan Ma,20,20,0,2026-09-21 01:34:39,2026-09-21 01:34:39.091
2026-09-21 01:27:45,ENBC455,ESG1,Jarred Callura,20,20,0,2026-09-21 01:34:39,2026-09-21 01:34:39.247
2026-09-21 01:27:45,ENBC491,ESG1,Lan Ma,20,20,0,2026-09-21 01:34:39,2026-09-21 01:34:39.398
2026-09-21 01:27:45,ENCO099,0101,Lizzy Solovey,200,200,0,2026-09-21 01:34:44,2026-09-21 01:34:44.841
2026-09-21 01:27:45,ENEB304,ESG1,Nestor Michael Tiglao,20,20,0,2026-09-21 01:34:46,2026-09-21 01:34:46.112
2026-09-21 01:27:45,ENEB345,ESG1,Nestor Michael Tiglao,20,20,0,2026-09-21 01:34:46,2026-09-21 01:34:46.265
2026-09-21 01:27:45,ENEB352,ESG1,Mohamed Hany,20,20,0,2026-09-21 01:34:46,2026-09-21 01:34:46.423
2026-09-21 01:27:45,ENEB353,ESG1,Manoj Franklin,20,20,0,2026-09-21 01:34:46,2026-09-21 01:34:46.579
2026-09-21 01:27:45,ENEB355,ESG1,Nestor Michael Tiglao,20,20,0,2026-09-21 01:34:46,2026-09-21 01:34:46.734
2026-09-21 01:27:45,ENEB408B,ESG1,Jerry Wu,20,20,0,2026-09-21 01:34:46,2026-09-21 01:34:46.928
2026-09-21 01:27:45,ENEB443,ESG1,George Zaki,20,20,0,2026-09-21 01:34:47,2026-09-21 01:34:47.088
2026-09-21 01:27:45,ENEB453,ESG1,Nestor Michael Tiglao,20,20,0,2026-09-21 01:34:47,2026-09-21 01:34:47.239
2026-09-21 01:27:45,ENEB455,ESG1,Jerry Wu,20,20,0,2026-09-21 01:34:47,2026-09-21 01:34:47.396
2026-09-21 01:27:45,ENEB456,ESG1,Nestor Michael Tiglao,20,20,0,2026-09-21 01:34:47,2026-09-21 01:34:47.553
2026-09-21 01:27:45,ENED037,0101,Hillary Owusu,20,20,0,2026-09-21 01:34:48,2026-09-21 01:34:48.802
2026-09-21 01:27:45,ENED290H,0101,Christopher Troilo,45,45,0,2026-09-21 01:34:48,2026-09-21 01:34:48.954
2026-09-21 01:27:45,ENED394H,0101,Maria Bardossy,40,40,0,2026-09-21 01:34:49,2026-09-21 01:34:49.106
2026-09-21 01:27:45,ENED397,0101,Emily Marks,9,9,0,2026-09-21 01:34:49,2026-09-21 01:34:49.258
2026-09-21 01:27:45,ENED490H,0101,David Ashley,45,45,0,2026-09-21 01:34:49,2026-09-21 01:34:49.410
2026-09-21 01:27:45,ENMT313,ESG1,Nicholas Limparis,3,3,0,2026-09-21 01:35:30,2026-09-21 01:35:30.861
2026-09-21 01:27:45,ENMT332,ESG1,Norman Wereley,4,4,0,2026-09-21 01:35:31,2026-09-21 01:35:31.018
2026-09-21 01:27:45,ENMT362,ESG1,Young Choi,3,3,0,2026-09-21 01:35:31,2026-09-21 01:35:31.183
2026-09-21 01:27:45,ENMT372,ESG1,Gurtajbir Herr,3,3,0,2026-09-21 01:35:31,2026-09-21 01:35:31.340
2026-09-21 01:27:45,ENMT477,ESG1,Gurtajbir Herr,7,7,0,2026-09-21 01:35:31,2026-09-21 01:35:31.492
2026-09-21 01:27:45,ENMT488C,ESG1,Colleen Murray,7,7,0,2026-09-21 01:35:31,2026-09-21 01:35:31.646
2026-09-21 01:27:45,ENMT488P,ESG1,Colleen Murray,7,7,0,2026-09-21 01:35:31,2026-09-21 01:35:31.798
2026-09-21 01:27:45,ENMT488Z,ESG1,Nicholas Limparis,7,7,0,2026-09-21 01:35:31,2026-09-21 01:35:31.959
2026-09-21 01:27:45,ENSP102,0101,Joanna Goger,22,22,0,2026-09-21 01:35:40,2026-09-21 01:35:40.940
2026-09-21 01:27:45,ENSP102,0102,Joanna Goger,22,22,0,2026-09-21 01:35:40,2026-09-21 01:35:40.940
2026-09-21 01:27:45,ENSP102,0103,Joanna Goger,23,23,0,2026-09-21 01:35:40,2026-09-21 01:35:40.940
2026-09-21 01:27:45,ENSP102,0104,Joanna Goger,22,22,0,2026-09-21 01:35:40,2026-09-21 01:35:40.941
2026-09-21 01:27:45,ENSP102,0105,Joanna Goger,22,22,0,2026-09-21 01:35:40,2026-09-21 01:35:40.941
2026-09-21 01:27:45,ENSP102,0106,Joanna Goger,22,22,0,2026-09-21 01:35:40,2026-09-21 01:35:40.941
2026-09-21 01:27:45,ENSP102,0107,Joanna Goger,22,22,0,2026-09-21 01:35:40,2026-09-21 01:35:40.941
2026-09-21 01:27:45,ENSP306,0101,Caroline Boules,30,30,0,2026-09-21 01:35:41,2026-09-21 01:35:41.098
2026-09-21 01:27:45,ENSP330,0101,Joanna Goger,35,35,0,2026-09-21 01:35:41,2026-09-21 01:35:41.250
2026-09-21 01:27:45,ENSP342,0101,Annette Spivy,35,35,0,2026-09-21 01:35:41,2026-09-21 01:35:41.405
2026-09-21 01:27:45,ENSP370,0101,Arielle Wharton,30,30,0,2026-09-21 01:35:41,2026-09-21 01:35:41.560
2026-09-21 01:27:45,ENSP399R,0101,Melissa Kenney,15,15,0,2026-09-21 01:35:42,2026-09-21 01:35:42.046
2026-09-21 01:27:45,ENSP399R,0301,Instructor: TBA,15,15,0,2026-09-21 01:35:42,2026-09-21 01:35:42.046
2026-09-21 01:27:45,ENSP399R,0601,Annette Spivy,10,10,0,2026-09-21 01:35:42,2026-09-21 01:35:42.046
2026-09-21 01:27:45,ENSP399R,1001,Jennifer Mullinax,10,10,0,2026-09-21 01:35:42,2026-09-21 01:35:42.046
2026-09-21 01:27:45,ENSP400,0101,Caroline Boules,30,30,0,2026-09-21 01:35:42,2026-09-21 01:35:42.201
2026-09-21 01:27:45,ENSP400,0102,Annette Spivy,30,30,0,2026-09-21 01:35:42,2026-09-21 01:35:42.201
2026-09-21 01:27:45,ENSP400,0104,Colleen O'Donnell,20,20,0,2026-09-21 01:35:42,2026-09-21 01:35:42.201
2026-09-21 01:27:45,FGSM398,0101,Jayakumar Arasan,120,120,0,2026-09-21 01:35:55,2026-09-21 01:35:55.739
2026-09-21 01:27:45,FGSM398,0201,Jayakumar Arasan,120,120,0,2026-09-21 01:35:55,2026-09-21 01:35:55.739
2026-09-21 01:27:45,GBHL200,0101,Leena Malayil,18,18,0,2026-09-21 01:36:08,2026-09-21 01:36:08.975
2026-09-21 01:27:45,GBHL200,0201,Leena Malayil,13,13,0,2026-09-21 01:36:08,2026-09-21 01:36:08.975
2026-09-21 01:27:45,GBHL210,0101,Leena Malayil,18,18,0,2026-09-21 01:36:09,2026-09-21 01:36:09.127
2026-09-21 01:27:45,GBHL210,0201,Leena Malayil,13,13,0,2026-09-21 01:36:09,2026-09-21 01:36:09.128
2026-09-21 01:27:45,GBHL310,0101,Catherine Maybury,15,15,0,2026-09-21 01:36:09,2026-09-21 01:36:09.281
2026-09-21 01:27:45,GBHL310,0201,Catherine Maybury,15,15,0,2026-09-21 01:36:09,2026-09-21 01:36:09.281
2026-09-21 01:27:45,GBHL497,0101,Hassanatu Blake,3,3,0,2026-09-21 01:36:09,2026-09-21 01:36:09.737
2026-09-21 01:27:45,GEMS102,0101,David Lovell,180,180,0,2026-09-21 01:36:11,2026-09-21 01:36:11.021
2026-09-21 01:27:45,GEMS208D,0101,Allison Lansverk,1,1,0,2026-09-21 01:36:11,2026-09-21 01:36:11.182
2026-09-21 01:27:45,GEMS208E,0101,Allison Lansverk,18,18,0,2026-09-21 01:36:11,2026-09-21 01:36:11.335
2026-09-21 01:27:45,GEMS208F,0201,Allison Lansverk,12,12,0,2026-09-21 01:36:11,2026-09-21 01:36:11.490
2026-09-21 01:27:45,GEMS208J,0101,Allison Lansverk,24,24,0,2026-09-21 01:36:11,2026-09-21 01:36:11.649
2026-09-21 01:27:45,GEMS208K,0101,Allison Lansverk,30,30,0,2026-09-21 01:36:11,2026-09-21 01:36:11.800
2026-09-21 01:27:45,GEMS208P,0101,Allison Lansverk,15,15,0,2026-09-21 01:36:11,2026-09-21 01:36:11.953
2026-09-21 01:27:45,GEMS208Q,0201,Allison Lansverk,1,1,0,2026-09-21 01:36:12,2026-09-21 01:36:12.111
2026-09-21 01:27:45,GEMS296,0113,David Lovell,5,5,0,2026-09-21 01:36:12,2026-09-21 01:36:12.270
2026-09-21 01:27:45,GEMS297,0101,Instructor: TBA,14,14,0,2026-09-21 01:36:12,2026-09-21 01:36:12.450
2026-09-21 01:27:45,GEMS297,0102,Instructor: TBA,14,14,0,2026-09-21 01:36:12,2026-09-21 01:36:12.450
2026-09-21 01:27:45,GEMS297,0103,Instructor: TBA,14,14,0,2026-09-21 01:36:12,2026-09-21 01:36:12.451
2026-09-21 01:27:45,GEMS297,0104,Instructor: TBA,14,14,0,2026-09-21 01:36:12,2026-09-21 01:36:12.451
2026-09-21 01:27:45,GEMS297,0105,Instructor: TBA,14,14,0,2026-09-21 01:36:12,2026-09-21 01:36:12.451
2026-09-21 01:27:45,GEMS297,0106,Instructor: TBA,14,14,0,2026-09-21 01:36:12,2026-09-21 01:36:12.451
2026-09-21 01:27:45,GEMS297,0107,Instructor: TBA,14,14,0,2026-09-21 01:36:12,2026-09-21 01:36:12.451
2026-09-21 01:27:45,GEMS297,0108,Instructor: TBA,14,14,0,2026-09-21 01:36:12,2026-09-21 01:36:12.452
2026-09-21 01:27:45,GEMS297,0109,Instructor: TBA,14,14,0,2026-09-21 01:36:12,2026-09-21 01:36:12.452
2026-09-21 01:27:45,GEMS297,0110,Instructor: TBA,14,14,0,2026-09-21 01:36:12,2026-09-21 01:36:12.452
2026-09-21 01:27:45,GEMS297,0111,Instructor: TBA,14,14,0,2026-09-21 01:36:12,2026-09-21 01:36:12.452
2026-09-21 01:27:45,GEMS297,0112,Instructor: TBA,14,14,0,2026-09-21 01:36:12,2026-09-21 01:36:12.452
2026-09-21 01:27:45,GEMS297,0113,Instructor: TBA,14,14,0,2026-09-21 01:36:12,2026-09-21 01:36:12.453
2026-09-21 01:27:45,GEMS297,0114,Instructor: TBA,14,14,0,2026-09-21 01:36:12,2026-09-21 01:36:12.453
2026-09-21 01:27:45,GEMS297,0115,Instructor: TBA,5,5,0,2026-09-21 01:36:12,2026-09-21 01:36:12.453
2026-09-21 01:27:45,GEMS396,0113,David Lovell,5,5,0,2026-09-21 01:36:12,2026-09-21 01:36:12.608
2026-09-21 01:27:45,GEMS397,0101,Michael Humber,14,14,0,2026-09-21 01:36:12,2026-09-21 01:36:12.788
2026-09-21 01:27:45,GEMS397,0102,Seth Dickey,14,14,0,2026-09-21 01:36:12,2026-09-21 01:36:12.788
2026-09-21 01:27:45,GEMS397,0103,Cecilia Huertas Cerdeira,14,14,0,2026-09-21 01:36:12,2026-09-21 01:36:12.789
2026-09-21 01:27:45,GEMS397,0104,Rodolphe Gentili,14,14,0,2026-09-21 01:36:12,2026-09-21 01:36:12.789
2026-09-21 01:27:45,GEMS397,0105,Allison Reilly,14,14,0,2026-09-21 01:36:12,2026-09-21 01:36:12.789
2026-09-21 01:27:45,GEMS397,0106,Peter Sunderland,14,14,0,2026-09-21 01:36:12,2026-09-21 01:36:12.789
2026-09-21 01:27:45,GEMS397,0107,Brett Lacey,14,14,0,2026-09-21 01:36:12,2026-09-21 01:36:12.789
2026-09-21 01:27:45,GEMS397,0108,Natalia Buzulukova,14,14,0,2026-09-21 01:36:12,2026-09-21 01:36:12.789
2026-09-21 01:27:45,GEMS397,0109,Anil Deane,14,14,0,2026-09-21 01:36:12,2026-09-21 01:36:12.790
2026-09-21 01:27:45,GEMS397,0110,Colenso Speer,14,14,0,2026-09-21 01:36:12,2026-09-21 01:36:12.790
2026-09-21 01:27:45,GEMS397,0111,Alisa Clyne,14,14,0,2026-09-21 01:36:12,2026-09-21 01:36:12.790
2026-09-21 01:27:45,GEMS397,0112,Xin Zan,14,14,0,2026-09-21 01:36:12,2026-09-21 01:36:12.790
2026-09-21 01:27:45,GEMS397,0113,Instructor: TBA,14,14,0,2026-09-21 01:36:12,2026-09-21 01:36:12.790
2026-09-21 01:27:45,GEMS397,0114,David Lovell,5,5,0,2026-09-21 01:36:12,2026-09-21 01:36:12.791
2026-09-21 01:27:45,GEMS397,0115,David Lovell,5,5,0,2026-09-21 01:36:12,2026-09-21 01:36:12.791
2026-09-21 01:27:45,GEMS496,0113,David Lovell,5,5,0,2026-09-21 01:36:12,2026-09-21 01:36:12.942
2026-09-21 01:27:45,GEMS497,0101,Eric Haag,14,14,0,2026-09-21 01:36:13,2026-09-21 01:36:13.117
2026-09-21 01:27:45,GEMS497,0102,Mohammad Nayeem Teli,14,14,0,2026-09-21 01:36:13,2026-09-21 01:36:13.117
2026-09-21 01:27:45,GEMS497,0103,Norberto Gonzalez- Juarbe,14,14,0,2026-09-21 01:36:13,2026-09-21 01:36:13.117
2026-09-21 01:27:45,GEMS497,0104,Abhinav Shrivastava,14,14,0,2026-09-21 01:36:13,2026-09-21 01:36:13.117
2026-09-21 01:27:45,GEMS497,0105,Hector Alcala,14,14,0,2026-09-21 01:36:13,2026-09-21 01:36:13.117
2026-09-21 01:27:45,GEMS497,0106,Massimo Ricotti,14,14,0,2026-09-21 01:36:13,2026-09-21 01:36:13.118
2026-09-21 01:27:45,GEMS497,0107,Reza Ghodssi,14,14,0,2026-09-21 01:36:13,2026-09-21 01:36:13.118
2026-09-21 01:27:45,GEMS497,0108,Nikhil Chopra,14,14,0,2026-09-21 01:36:13,2026-09-21 01:36:13.118
2026-09-21 01:27:45,GEMS497,0109,Kimberly Stroka,14,14,0,2026-09-21 01:36:13,2026-09-21 01:36:13.118
2026-09-21 01:27:45,GEMS497,0110,Gorjan Alagic,14,14,0,2026-09-21 01:36:13,2026-09-21 01:36:13.118
2026-09-21 01:27:45,GEMS497,0111,Alisa Clyne,14,14,0,2026-09-21 01:36:13,2026-09-21 01:36:13.119
2026-09-21 01:27:45,GEMS497,0112,Xin Zan,14,14,0,2026-09-21 01:36:13,2026-09-21 01:36:13.119
2026-09-21 01:27:45,GEMS497,0113,David Lovell,14,14,0,2026-09-21 01:36:13,2026-09-21 01:36:13.119
2026-09-21 01:27:45,GEMS497,0114,David Lovell,14,14,0,2026-09-21 01:36:13,2026-09-21 01:36:13.119
2026-09-21 01:27:45,GFPL100,0101,Alec Worsnop,21,21,0,2026-09-21 01:36:29,2026-09-21 01:36:29.612
2026-09-21 01:27:45,GFPL100,0102,Alec Worsnop,21,21,0,2026-09-21 01:36:29,2026-09-21 01:36:29.612
2026-09-21 01:27:45,GFPL100,0103,Alec Worsnop,21,21,0,2026-09-21 01:36:29,2026-09-21 01:36:29.612
2026-09-21 01:27:45,GFPL100,0104,Alec Worsnop,21,21,0,2026-09-21 01:36:29,2026-09-21 01:36:29.612
2026-09-21 01:27:45,GFPL100,0105,Alec Worsnop,21,21,0,2026-09-21 01:36:29,2026-09-21 01:36:29.613
2026-09-21 01:27:45,GFPL100,0106,Alec Worsnop,20,20,0,2026-09-21 01:36:29,2026-09-21 01:36:29.613
2026-09-21 01:27:45,GFPL102,0101,Caroline Ritter,95,95,0,2026-09-21 01:36:29,2026-09-21 01:36:29.768
2026-09-21 01:27:45,GFPL372,0101,Devin Entrikin,40,40,0,2026-09-21 01:36:29,2026-09-21 01:36:29.923
2026-09-21 01:27:45,GLBC200,0101,Parker Brookie,30,30,0,2026-09-21 01:36:31,2026-09-21 01:36:31.156
2026-09-21 01:27:45,GLBC360,0101,Hester Baer,30,30,0,2026-09-21 01:36:31,2026-09-21 01:36:31.307
2026-09-21 01:27:45,HACS101,0101,Michel Cukier,35,35,0,2026-09-21 01:36:46,2026-09-21 01:36:46.780
2026-09-21 01:27:45,HACS101,0201,Michel Cukier,35,35,0,2026-09-21 01:36:46,2026-09-21 01:36:46.780
2026-09-21 01:27:45,HACS201,0101,Bertrand Sobesto,26,26,0,2026-09-21 01:36:46,2026-09-21 01:36:46.963
2026-09-21 01:27:45,HACS208A,0101,Lawrence Gordon,20,20,0,2026-09-21 01:36:47,2026-09-21 01:36:47.119
2026-09-21 01:27:45,HACS208E,0101,Ian Serbin,26,26,0,2026-09-21 01:36:47,2026-09-21 01:36:47.290
2026-09-21 01:27:45,HACS208Z,0101,Zulema Belyeu,30,30,0,2026-09-21 01:36:47,2026-09-21 01:36:47.443
2026-09-21 01:27:45,HACS297,0101,Sarah Herberger,25,25,0,2026-09-21 01:36:47,2026-09-21 01:36:47.891
2026-09-21 01:27:45,HACS318A,0101,Lindsey Schrott,75,75,0,2026-09-21 01:36:48,2026-09-21 01:36:48.049
2026-09-21 01:27:45,HACS408C,0101,Lamia Zia,26,26,0,2026-09-21 01:36:48,2026-09-21 01:36:48.205
2026-09-21 01:27:45,HACS408P,0101,Firoozeh Rahimian,26,26,0,2026-09-21 01:36:48,2026-09-21 01:36:48.358
2026-09-21 01:27:45,HACS408T,0101,Kevin Bock,30,30,0,2026-09-21 01:36:48,2026-09-21 01:36:48.514
2026-09-21 01:27:45,HACS408V,0101,Edward Condon,30,30,0,2026-09-21 01:36:48,2026-09-21 01:36:48.669
2026-09-21 01:27:45,HACS497,0101,Cassie Harrington,25,25,0,2026-09-21 01:36:48,2026-09-21 01:36:48.982
2026-09-21 01:27:45,HACS498,0101,Thomas Woods,10,10,0,2026-09-21 01:36:49,2026-09-21 01:36:49.142
2026-09-21 01:27:45,HACS498,0201,Neal Ziring,18,18,0,2026-09-21 01:36:49,2026-09-21 01:36:49.142
2026-09-21 01:27:45,HACS498,0301,Michel Cukier,4,4,0,2026-09-21 01:36:49,2026-09-21 01:36:49.142
2026-09-21 01:27:45,HBUS105,0101,Daniel McCarthy,65,65,0,2026-09-21 01:36:50,2026-09-21 01:36:50.431
2026-09-21 01:27:45,HBUS205,0101,Jui Ramaprasad,60,60,0,2026-09-21 01:36:50,2026-09-21 01:36:50.585
2026-09-21 01:27:45,HDCC106,0101,Jessica Lu,10,10,0,2026-09-21 01:36:51,2026-09-21 01:36:51.843
2026-09-21 01:27:45,HDCC106,0201,William Evans,10,10,0,2026-09-21 01:36:51,2026-09-21 01:36:51.843
2026-09-21 01:27:45,HDCC106,0301,Grant Bollmer,10,10,0,2026-09-21 01:36:51,2026-09-21 01:36:51.843
2026-09-21 01:27:45,HDCC106,0401,Cliff Bakalian,10,10,0,2026-09-21 01:36:51,2026-09-21 01:36:51.843
2026-09-21 01:27:45,HDCC106,0501,Alex Leitch,10,10,0,2026-09-21 01:36:51,2026-09-21 01:36:51.843
2026-09-21 01:27:45,HDCC106,0601,Jade Olson,10,10,0,2026-09-21 01:36:51,2026-09-21 01:36:51.844
2026-09-21 01:27:45,HDCC106,0701,Courtney Ray,10,10,0,2026-09-21 01:36:51,2026-09-21 01:36:51.844
2026-09-21 01:27:45,HDCC209A,0101,Jessica Lu,15,15,0,2026-09-21 01:36:51,2026-09-21 01:36:52.001
2026-09-21 01:27:45,HDCC209B,0101,Nishtha Das,15,15,0,2026-09-21 01:36:52,2026-09-21 01:36:52.159
2026-09-21 01:27:45,HDCC209C,0101,Hansika Murugu,15,15,0,2026-09-21 01:37:07,2026-09-21 01:37:07.095
2026-09-21 01:27:45,HEBR107,0101,Avital Karpman,15,15,0,2026-09-21 01:37:08,2026-09-21 01:37:08.689
2026-09-21 01:27:45,HEBR107,0201,Avital Karpman,15,15,0,2026-09-21 01:37:08,2026-09-21 01:37:08.689
2026-09-21 01:27:45,HEBR207,0101,Avital Karpman,15,15,0,2026-09-21 01:37:08,2026-09-21 01:37:08.913
2026-09-21 01:27:45,HEBR249A,0101,Aliza Sandalon,15,15,0,2026-09-21 01:37:09,2026-09-21 01:37:09.168
2026-09-21 01:27:45,HEBR314,0101,Aliza Sandalon,20,20,0,2026-09-21 01:37:09,2026-09-21 01:37:09.324
2026-09-21 01:27:45,HGLO298,0101,Daniel Tuke,30,30,0,2026-09-21 01:37:22,2026-09-21 01:37:22.817
2026-09-21 01:27:45,HHUM106,0101,Sarah Humud,17,17,0,2026-09-21 01:37:24,2026-09-21 01:37:24.065
2026-09-21 01:27:45,HHUM106,0102,Sarah Humud,17,17,0,2026-09-21 01:37:24,2026-09-21 01:37:24.066
2026-09-21 01:27:45,HHUM106,0103,Sarah Humud,17,17,0,2026-09-21 01:37:24,2026-09-21 01:37:24.066
2026-09-21 01:27:45,HHUM106,0104,Sarah Humud,17,17,0,2026-09-21 01:37:24,2026-09-21 01:37:24.066
2026-09-21 01:27:45,HHUM206,0101,Sarah Humud,15,15,0,2026-09-21 01:37:24,2026-09-21 01:37:24.234
2026-09-21 01:27:45,HHUM206,0102,Sarah Humud,15,15,0,2026-09-21 01:37:24,2026-09-21 01:37:24.234
2026-09-21 01:27:45,HHUM206,0103,Sarah Humud,15,15,0,2026-09-21 01:37:24,2026-09-21 01:37:24.234
2026-09-21 01:27:45,HHUM206,0104,Sarah Humud,15,15,0,2026-09-21 01:37:24,2026-09-21 01:37:24.234
2026-09-21 01:27:45,HHUM328,0101,Sarah Humud,20,20,0,2026-09-21 01:37:24,2026-09-21 01:37:24.387
2026-09-21 01:27:45,HHUM329,0101,Sarah Humud,5,5,0,2026-09-21 01:37:24,2026-09-21 01:37:24.541
2026-09-21 01:27:45,HISP200,0101,Stefan Woehlke,22,22,0,2026-09-21 01:37:25,2026-09-21 01:37:25.853
2026-09-21 01:27:45,HISP200,0102,Stefan Woehlke,22,22,0,2026-09-21 01:37:25,2026-09-21 01:37:25.854
2026-09-21 01:27:45,HISP200,0103,Stefan Woehlke,22,22,0,2026-09-21 01:37:25,2026-09-21 01:37:25.854
2026-09-21 01:27:45,HISP200,0104,Stefan Woehlke,22,22,0,2026-09-21 01:37:25,2026-09-21 01:37:25.854
2026-09-21 01:27:45,HISP200,0105,Stefan Woehlke,22,22,0,2026-09-21 01:37:25,2026-09-21 01:37:25.854
2026-09-21 01:27:45,HISP319E,0101,Michelle Magalong,20,20,0,2026-09-21 01:37:26,2026-09-21 01:37:26.008
2026-09-21 01:27:45,HISP319S,0101,Michelle Magalong,30,30,0,2026-09-21 01:37:26,2026-09-21 01:37:26.163
2026-09-21 01:27:45,HISP619E,0101,Michelle Magalong,24,24,0,2026-09-21 01:37:26,2026-09-21 01:37:26.314
2026-09-21 01:27:45,HISP619O,0101,Stefan Woehlke,5,5,0,2026-09-21 01:37:26,2026-09-21 01:37:26.468
2026-09-21 01:27:45,HISP630,0101,Rhonda Sincavage,15,15,0,2026-09-21 01:37:26,2026-09-21 01:37:26.621
2026-09-21 01:27:45,HISP635,0101,Eola Dance,10,10,0,2026-09-21 01:37:26,2026-09-21 01:37:26.782
2026-09-21 01:27:45,HISP640,0101,Frederick Stachura,15,15,0,2026-09-21 01:37:26,2026-09-21 01:37:26.941
2026-09-21 01:27:45,HISP655,0101,Donald Linebaugh,15,15,0,2026-09-21 01:37:27,2026-09-21 01:37:27.095
2026-09-21 01:27:45,HISP660,0101,Instructor: TBA,15,15,0,2026-09-21 01:37:27,2026-09-21 01:37:27.249
2026-09-21 01:27:45,HISP670,0101,Alfonso Narvaez,15,15,0,2026-09-21 01:37:27,2026-09-21 01:37:27.408
2026-09-21 01:27:45,HISP690,0101,Donald Linebaugh,15,15,0,2026-09-21 01:37:27,2026-09-21 01:37:27.574
2026-09-21 01:27:45,HISP701,0101,Instructor: TBA,5,5,0,2026-09-21 01:37:27,2026-09-21 01:37:27.729
2026-09-21 01:27:45,HISP710,0101,Susan Kern,15,15,0,2026-09-21 01:37:27,2026-09-21 01:37:27.882
2026-09-21 01:27:45,HISP711,0101,Susan Kern,15,15,0,2026-09-21 01:37:28,2026-09-21 01:37:28.040
2026-09-21 01:27:45,HLSC102,0101,Sabrina Kramer,94,94,0,2026-09-21 01:37:47,2026-09-21 01:37:47.335
2026-09-21 01:27:45,HLSC102,0102,Jalah Townsend,35,35,0,2026-09-21 01:37:47,2026-09-21 01:37:47.335
2026-09-21 01:27:45,HLSC227,0101,Najib El-Sayed,25,25,0,2026-09-21 01:37:47,2026-09-21 01:37:47.494
2026-09-21 01:27:45,HLSC322,0101,Leslie Pick,23,23,0,2026-09-21 01:37:47,2026-09-21 01:37:47.658
2026-09-21 01:27:45,HLSC322,0102,Leslie Pick,23,23,0,2026-09-21 01:37:47,2026-09-21 01:37:47.659
2026-09-21 01:27:45,HLSC322,0103,Sabrina Kramer,23,23,0,2026-09-21 01:37:47,2026-09-21 01:37:47.659
2026-09-21 01:27:45,HLSC322,0104,Sabrina Kramer,23,23,0,2026-09-21 01:37:47,2026-09-21 01:37:47.659
2026-09-21 01:27:45,HLSC329,0101,Sabrina Kramer,12,12,0,2026-09-21 01:37:47,2026-09-21 01:37:47.817
2026-09-21 01:27:45,HNUH100,0101,Leigha McReynolds,10,10,0,2026-09-21 01:37:56,2026-09-21 01:37:56.400
2026-09-21 01:27:45,HNUH218D,0101,Brian Gilmore,50,50,0,2026-09-21 01:37:56,2026-09-21 01:37:56.555
2026-09-21 01:27:45,HNUH218L,0101,Shauna Rigaud,20,20,0,2026-09-21 01:37:56,2026-09-21 01:37:56.710
2026-09-21 01:27:45,HNUH218L,0201,Shauna Rigaud,20,20,0,2026-09-21 01:37:56,2026-09-21 01:37:56.711
2026-09-21 01:27:45,HNUH218M,0101,Instructor: TBA,20,20,0,2026-09-21 01:37:56,2026-09-21 01:37:56.868
2026-09-21 01:27:45,HNUH228D,0101,Matthew McLaughlin,20,20,0,2026-09-21 01:37:57,2026-09-21 01:37:57.086
2026-09-21 01:27:45,HNUH228L,0101,Alena Wigodner,20,20,0,2026-09-21 01:37:57,2026-09-21 01:37:57.242
2026-09-21 01:27:45,HNUH228L,0201,Alena Wigodner,20,20,0,2026-09-21 01:37:57,2026-09-21 01:37:57.242
2026-09-21 01:27:45,HNUH228M,0101,Ted Baker,20,20,0,2026-09-21 01:37:57,2026-09-21 01:37:57.393
2026-09-21 01:27:45,HNUH229P,0101,Tyson Slocum,20,20,0,2026-09-21 01:37:57,2026-09-21 01:37:57.545
2026-09-21 01:27:45,HNUH238D,0101,Susan Moeller,60,60,0,2026-09-21 01:37:57,2026-09-21 01:37:57.696
2026-09-21 01:27:45,HNUH238L,0101,Kimberly Johnson,20,20,0,2026-09-21 01:37:57,2026-09-21 01:37:57.855
2026-09-21 01:27:45,HNUH238L,0201,Kimberly Johnson,20,20,0,2026-09-21 01:37:57,2026-09-21 01:37:57.855
2026-09-21 01:27:45,HNUH238M,0101,Daniel Reck,20,20,0,2026-09-21 01:37:58,2026-09-21 01:37:58.011
2026-09-21 01:27:45,HNUH239I,0101,Jon Crocker,20,20,0,2026-09-21 01:37:58,2026-09-21 01:37:58.164
2026-09-21 01:27:45,HNUH248D,0101,Juan Uriagereka,45,45,0,2026-09-21 01:37:58,2026-09-21 01:37:58.314
2026-09-21 01:27:45,HNUH249T,0101,Daniel Rosenthal,20,20,0,2026-09-21 01:37:58,2026-09-21 01:37:58.469
2026-09-21 01:27:45,HNUH258C,0101,Bill Fagan,55,55,0,2026-09-21 01:37:58,2026-09-21 01:37:58.625
2026-09-21 01:27:45,HNUH258O,0101,Amy Green,20,20,0,2026-09-21 01:37:58,2026-09-21 01:37:58.782
2026-09-21 01:27:45,HNUH259T,0101,Ingrid Satelmajer,20,20,0,2026-09-21 01:37:58,2026-09-21 01:37:58.938
2026-09-21 01:27:45,HNUH268C,0101,Perla Guerrero,60,60,0,2026-09-21 01:37:59,2026-09-21 01:37:59.098
2026-09-21 01:27:45,HNUH268Q,0101,Ebonie Johnson Cooper,20,20,0,2026-09-21 01:37:59,2026-09-21 01:37:59.262
2026-09-21 01:27:45,HNUH268R,0201,Vasfiye Toprak,20,20,0,2026-09-21 01:37:59,2026-09-21 01:37:59.417
2026-09-21 01:27:45,HNUH269T,0101,James Stillwell,20,20,0,2026-09-21 01:37:59,2026-09-21 01:37:59.568
2026-09-21 01:27:45,HNUH278C,0101,Chinyere Osuji,60,60,0,2026-09-21 01:37:59,2026-09-21 01:37:59.724
2026-09-21 01:27:45,HNUH278I,0101,Marisa Franco,20,20,0,2026-09-21 01:37:59,2026-09-21 01:37:59.883
2026-09-21 01:27:45,HNUH278I,0201,Marisa Franco,20,20,0,2026-09-21 01:37:59,2026-09-21 01:37:59.883
2026-09-21 01:27:45,HNUH278O,0101,DeNeen Brown,20,20,0,2026-09-21 01:38:00,2026-09-21 01:38:00.160
2026-09-21 01:27:45,HNUH278Q,0101,Instructor: TBA,20,20,0,2026-09-21 01:38:00,2026-09-21 01:38:00.339
2026-09-21 01:27:45,HNUH278R,0101,Max Barnewitz,20,20,0,2026-09-21 01:38:00,2026-09-21 01:38:00.499
2026-09-21 01:27:45,HNUH288C,0101,Julia Steinberg,30,30,0,2026-09-21 01:38:00,2026-09-21 01:38:00.652
2026-09-21 01:27:45,HNUH288C,0102,Julia Steinberg,30,30,0,2026-09-21 01:38:00,2026-09-21 01:38:00.652
2026-09-21 01:27:45,HNUH288O,0101,Ariana Nash,20,20,0,2026-09-21 01:38:00,2026-09-21 01:38:00.803
2026-09-21 01:27:45,HNUH300,0201,Vasfiye Toprak,20,20,0,2026-09-21 01:38:00,2026-09-21 01:38:00.974
2026-09-21 01:27:45,HNUH300,0301,Shauna Rigaud,20,20,0,2026-09-21 01:38:00,2026-09-21 01:38:00.974
2026-09-21 01:27:45,HNUH300,0401,Instructor: TBA,20,20,0,2026-09-21 01:38:00,2026-09-21 01:38:00.974
2026-09-21 01:27:45,HNUH300,0501,Kimberly Johnson,20,20,0,2026-09-21 01:38:00,2026-09-21 01:38:00.975
2026-09-21 01:27:45,HNUH300,0701,Vasfiye Toprak,20,20,0,2026-09-21 01:38:00,2026-09-21 01:38:00.975
2026-09-21 01:27:45,HNUH300,0801,Instructor: TBA,20,20,0,2026-09-21 01:38:00,2026-09-21 01:38:00.975
2026-09-21 01:27:45,HNUH300,0901,Alena Wigodner,20,20,0,2026-09-21 01:38:00,2026-09-21 01:38:00.975
2026-09-21 01:27:45,HNUH300,1001,Robert Graham,20,20,0,2026-09-21 01:38:00,2026-09-21 01:38:00.975
2026-09-21 01:27:45,HNUH300,1101,Instructor: TBA,20,20,0,2026-09-21 01:38:00,2026-09-21 01:38:00.976
2026-09-21 01:27:45,HNUH398P,0101,Jayakumar Arasan,120,120,0,2026-09-21 01:38:01,2026-09-21 01:38:01.133
2026-09-21 01:27:45,HNUH398P,0201,Jayakumar Arasan,120,120,0,2026-09-21 01:38:01,2026-09-21 01:38:01.133
2026-09-21 01:27:45,HONR379W,0101,Blake Wilder,15,15,0,2026-09-21 01:38:02,2026-09-21 01:38:02.394
2026-09-21 01:27:45,IDEA201,0101,Mira Azarm,20,20,0,2026-09-21 01:38:03,2026-09-21 01:38:03.669
2026-09-21 01:27:45,IDEA201,0102,Christina Hnatov,10,10,0,2026-09-21 01:38:03,2026-09-21 01:38:03.669
2026-09-21 01:27:45,IDEA201,0103,Brooke Smith,60,60,0,2026-09-21 01:38:03,2026-09-21 01:38:03.669
2026-09-21 01:27:45,IDEA201,0104,Brooke Smith,60,60,0,2026-09-21 01:38:03,2026-09-21 01:38:03.669
2026-09-21 01:27:45,IDEA311,0101,Brooke Smith,40,40,0,2026-09-21 01:38:03,2026-09-21 01:38:03.833
2026-09-21 01:27:45,IDEA311,0102,Brooke Smith,15,15,0,2026-09-21 01:38:03,2026-09-21 01:38:03.833
2026-09-21 01:27:45,IMDM101,0101,Stevens Miller,30,30,0,2026-09-21 01:38:05,2026-09-21 01:38:05.414
2026-09-21 01:27:45,IMDM101,0201,Stevens Miller,30,30,0,2026-09-21 01:38:05,2026-09-21 01:38:05.414
2026-09-21 01:27:45,IMDM101,0301,Myungin Lee,30,30,0,2026-09-21 01:38:05,2026-09-21 01:38:05.414
2026-09-21 01:27:45,IMDM127,0101,Matthew Nolan,30,30,0,2026-09-21 01:38:05,2026-09-21 01:38:05.627
2026-09-21 01:27:45,IMDM150,0101,Cy Keener,45,45,0,2026-09-21 01:38:05,2026-09-21 01:38:05.787
2026-09-21 01:27:45,IMDM290,0101,Myungin Lee,30,30,0,2026-09-21 01:38:05,2026-09-21 01:38:05.945
2026-09-21 01:27:45,IMDM290,0201,Myungin Lee,30,30,0,2026-09-21 01:38:05,2026-09-21 01:38:05.945
2026-09-21 01:27:45,IMDM390,0101,Stefano Passeri,30,30,0,2026-09-21 01:38:06,2026-09-21 01:38:06.114
2026-09-21 01:27:45,IMDM390,0201,Stefano Passeri,30,30,0,2026-09-21 01:38:06,2026-09-21 01:38:06.114
2026-09-21 01:27:45,IMDM491,0101,Matthew Nolan,30,30,0,2026-09-21 01:38:06,2026-09-21 01:38:06.432
2026-09-21 01:27:45,IMDM491,0201,Matthew Nolan,30,30,0,2026-09-21 01:38:06,2026-09-21 01:38:06.432
2026-09-21 01:27:45,IMDM498I,0101,Snehesh Shrestha,16,16,0,2026-09-21 01:38:06,2026-09-21 01:38:06.600
2026-09-21 01:27:45,IMDM498J,0101,Yael Inbar,15,15,0,2026-09-21 01:38:06,2026-09-21 01:38:06.753
2026-09-21 01:27:45,IMMR200,0101,Instructor: TBA,40,40,0,2026-09-21 01:38:08,2026-09-21 01:38:08.148
2026-09-21 01:27:45,IMMR394,0101,Wenxi Yang,25,25,0,2026-09-21 01:38:08,2026-09-21 01:38:08.302
2026-09-21 01:27:45,IMMR399,0101,Christina Getrich,1,1,0,2026-09-21 01:38:08,2026-09-21 01:38:08.452
2026-09-21 01:27:45,INFM612,IM01,Instructor: TBA,40,40,0,2026-09-21 01:38:12,2026-09-21 01:38:12.682
2026-09-21 01:27:45,INFM737,IM01,David Loshin,40,40,0,2026-09-21 01:38:14,2026-09-21 01:38:14.378
2026-09-21 01:27:45,ISRL187,0101,Bernard Cooperman,23,23,0,2026-09-21 01:38:27,2026-09-21 01:38:27.937
2026-09-21 01:27:45,ISRL187,0102,Bernard Cooperman,23,23,0,2026-09-21 01:38:27,2026-09-21 01:38:27.938
2026-09-21 01:27:45,ISRL187,0103,Bernard Cooperman,23,23,0,2026-09-21 01:38:27,2026-09-21 01:38:27.938
2026-09-21 01:27:45,ISRL249O,0101,Aner Tal,35,35,0,2026-09-21 01:38:28,2026-09-21 01:38:28.090
2026-09-21 01:27:45,ISRL249P,0101,Aliza Sandalon,15,15,0,2026-09-21 01:38:28,2026-09-21 01:38:28.676
2026-09-21 01:27:45,ISRL282,0101,Shirelle Doughty,30,30,0,2026-09-21 01:38:28,2026-09-21 01:38:28.880
2026-09-21 01:27:45,ISRL329D,0101,Regev Ben-David,35,35,0,2026-09-21 01:38:29,2026-09-21 01:38:29.166
2026-09-21 01:27:45,ISRL329Y,0101,Marwa Maziad,30,30,0,2026-09-21 01:38:29,2026-09-21 01:38:29.322
2026-09-21 01:27:45,ISRL342,0101,Elli Lieberman,35,35,0,2026-09-21 01:38:29,2026-09-21 01:38:29.482
2026-09-21 01:27:45,ISRL349N,0101,Morad Elsana,30,30,0,2026-09-21 01:38:29,2026-09-21 01:38:29.637
2026-09-21 01:27:45,ISRL349W,0101,Avital Karpman,35,35,0,2026-09-21 01:38:29,2026-09-21 01:38:29.790
2026-09-21 01:27:45,ISRL380,0101,Regev Ben-David,35,35,0,2026-09-21 01:38:29,2026-09-21 01:38:29.950
2026-09-21 01:27:45,ISRL383,0101,Ilai Saltzman,35,35,0,2026-09-21 01:38:30,2026-09-21 01:38:30.155
2026-09-21 01:27:45,JAPN102,0101,Kumiko Akikawa,15,15,0,2026-09-21 01:38:33,2026-09-21 01:38:33.299
2026-09-21 01:27:45,JAPN102,0201,Kumiko Akikawa,15,15,0,2026-09-21 01:38:33,2026-09-21 01:38:33.299
2026-09-21 01:27:45,JAPN202,0101,Makiko Inoue,15,15,0,2026-09-21 01:38:33,2026-09-21 01:38:33.480
2026-09-21 01:27:45,JAPN202,0201,Makiko Inoue,15,15,0,2026-09-21 01:38:33,2026-09-21 01:38:33.480
2026-09-21 01:27:45,JAPN302,0101,Mari Hamada,15,15,0,2026-09-21 01:38:33,2026-09-21 01:38:33.632
2026-09-21 01:27:45,JAPN306,0101,Lindsay Yotsukura,15,15,0,2026-09-21 01:38:33,2026-09-21 01:38:33.784
2026-09-21 01:27:45,JAPN335,0101,Michele Mason,20,20,0,2026-09-21 01:38:33,2026-09-21 01:38:33.935
2026-09-21 01:27:45,JAPN355,0101,Jyana Browne,20,20,0,2026-09-21 01:38:34,2026-09-21 01:38:34.088
2026-09-21 01:27:45,JAPN361,0101,Instructor: TBA,20,20,0,2026-09-21 01:38:34,2026-09-21 01:38:34.245
2026-09-21 01:27:45,JAPN425,0101,Michele Mason,25,25,0,2026-09-21 01:38:34,2026-09-21 01:38:34.548
2026-09-21 01:27:45,JAPN457,0101,Lindsay Yotsukura,15,15,0,2026-09-21 01:38:34,2026-09-21 01:38:34.703
2026-09-21 01:27:45,JWST187,0101,Bernard Cooperman,23,23,0,2026-09-21 01:38:47,2026-09-21 01:38:47.289
2026-09-21 01:27:45,JWST187,0102,Bernard Cooperman,23,23,0,2026-09-21 01:38:47,2026-09-21 01:38:47.289
2026-09-21 01:27:45,JWST187,0103,Bernard Cooperman,23,23,0,2026-09-21 01:38:47,2026-09-21 01:38:47.290
2026-09-21 01:27:45,JWST233,0101,Hayim Lapin,30,30,0,2026-09-21 01:38:47,2026-09-21 01:38:47.442
2026-09-21 01:27:45,JWST319A,0101,Daniel Richter,35,35,0,2026-09-21 01:38:47,2026-09-21 01:38:47.597
2026-09-21 01:27:45,JWST319J,0101,Nathan Levine,35,35,0,2026-09-21 01:38:47,2026-09-21 01:38:47.750
2026-09-21 01:27:45,JWST319J,PBU1,Nathan Levine,3,3,0,2026-09-21 01:38:47,2026-09-21 01:38:47.750
2026-09-21 01:27:45,JWST319P,0101,Lauren Kotkin,18,18,0,2026-09-21 01:38:47,2026-09-21 01:38:47.919
2026-09-21 01:27:45,JWST319Q,0101,Regev Ben-David,35,35,0,2026-09-21 01:38:48,2026-09-21 01:38:48.073
2026-09-21 01:27:45,JWST319W,0101,Avital Karpman,35,35,0,2026-09-21 01:38:48,2026-09-21 01:38:48.239
2026-09-21 01:27:45,JWST324,0101,Matthew Suriano,25,25,0,2026-09-21 01:38:48,2026-09-21 01:38:48.391
2026-09-21 01:27:45,JWST386,0101,Instructor: TBA,5,5,0,2026-09-21 01:38:48,2026-09-21 01:38:48.542
2026-09-21 01:27:45,JWST419B,0101,Bernard Cooperman,9,9,0,2026-09-21 01:38:48,2026-09-21 01:38:48.841
2026-09-21 01:27:45,JWST427,0101,Matthew Suriano,15,15,0,2026-09-21 01:38:48,2026-09-21 01:38:48.993
2026-09-21 01:27:45,JWST469C,0101,Bernard Cooperman,10,10,0,2026-09-21 01:38:49,2026-09-21 01:38:49.147
2026-09-21 01:27:45,KORA101,0101,Seong Minne Koh,15,15,0,2026-09-21 01:39:04,2026-09-21 01:39:04.975
2026-09-21 01:27:45,KORA102,0101,Saerom Kwak,15,15,0,2026-09-21 01:39:05,2026-09-21 01:39:05.134
2026-09-21 01:27:45,KORA102,0201,Saerom Kwak,15,15,0,2026-09-21 01:39:05,2026-09-21 01:39:05.134
2026-09-21 01:27:45,KORA102,0301,Saerom Kwak,15,15,0,2026-09-21 01:39:05,2026-09-21 01:39:05.134
2026-09-21 01:27:45,KORA102,0401,Saerom Kwak,15,15,0,2026-09-21 01:39:05,2026-09-21 01:39:05.135
2026-09-21 01:27:45,KORA202,0101,Seong Minne Koh,15,15,0,2026-09-21 01:39:05,2026-09-21 01:39:05.289
2026-09-21 01:27:45,KORA202,0301,Seong Minne Koh,15,15,0,2026-09-21 01:39:05,2026-09-21 01:39:05.289
2026-09-21 01:27:45,KORA398O,0101,Instructor: TBA,10,10,0,2026-09-21 01:39:05,2026-09-21 01:39:05.442
2026-09-21 01:27:45,KORA398V,0101,Seong Minne Koh,10,10,0,2026-09-21 01:39:05,2026-09-21 01:39:05.605
2026-09-21 01:27:45,LEAD217,0101,Pamela Scott,25,25,0,2026-09-21 01:39:15,2026-09-21 01:39:15.889
2026-09-21 01:27:45,LEAD217,0201,Pamela Scott,25,25,0,2026-09-21 01:39:15,2026-09-21 01:39:15.889
2026-09-21 01:27:45,LEAD321,0101,Courtney Holder,10,10,0,2026-09-21 01:39:16,2026-09-21 01:39:16.060
2026-09-21 01:27:45,LEAD417,0101,Anastasia Lavrenyuk,20,20,0,2026-09-21 01:39:16,2026-09-21 01:39:16.220
2026-09-21 01:27:45,LGBT200,0101,Sayan Bhattacharya,25,25,0,2026-09-21 01:39:17,2026-09-21 01:39:17.473
2026-09-21 01:27:45,LGBT200,0102,Sayan Bhattacharya,25,25,0,2026-09-21 01:39:17,2026-09-21 01:39:17.473
2026-09-21 01:27:45,LGBT265,0201,Instructor: TBA,30,30,0,2026-09-21 01:39:17,2026-09-21 01:39:17.637
2026-09-21 01:27:45,LGBT310,0101,Sayan Bhattacharya,25,25,0,2026-09-21 01:39:17,2026-09-21 01:39:17.792
2026-09-21 01:27:45,LGBT475,0101,Sydney Lewis,20,20,0,2026-09-21 01:39:17,2026-09-21 01:39:17.952
2026-09-21 01:27:45,MLAW150,0101,David Gray,25,25,0,2026-09-21 01:39:39,2026-09-21 01:39:39.103
2026-09-21 01:27:45,MLAW150,0102,David Gray,25,25,0,2026-09-21 01:39:39,2026-09-21 01:39:39.103
2026-09-21 01:27:45,MLAW150,0103,David Gray,25,25,0,2026-09-21 01:39:39,2026-09-21 01:39:39.104
2026-09-21 01:27:45,MLAW304,0101,Christine White,40,40,0,2026-09-21 01:39:39,2026-09-21 01:39:39.262
2026-09-21 01:27:45,MLAW305,0201,Brian Gilmore,60,60,0,2026-09-21 01:39:39,2026-09-21 01:39:39.416
2026-09-21 01:27:45,MLAW325,0101,Grace Benton,12,12,0,2026-09-21 01:39:39,2026-09-21 01:39:39.567
2026-09-21 01:27:45,MLAW358W,0101,Michael Spivey,25,25,0,2026-09-21 01:39:39,2026-09-21 01:39:39.738
2026-09-21 01:27:45,MLAW358W,0102,Michael Spivey,25,25,0,2026-09-21 01:39:39,2026-09-21 01:39:39.738
2026-09-21 01:27:45,MLAW358W,0103,Michael Spivey,25,25,0,2026-09-21 01:39:39,2026-09-21 01:39:39.738
2026-09-21 01:27:45,MLAW358W,0104,Michael Spivey,25,25,0,2026-09-21 01:39:39,2026-09-21 01:39:39.739
2026-09-21 01:27:45,MLAW358W,0105,Michael Spivey,25,25,0,2026-09-21 01:39:39,2026-09-21 01:39:39.739
2026-09-21 01:27:45,MLAW358W,0106,Michael Spivey,25,25,0,2026-09-21 01:39:39,2026-09-21 01:39:39.739
2026-09-21 01:27:45,MLAW358Y,0101,Martin Kobren,5,5,0,2026-09-21 01:39:39,2026-09-21 01:39:39.889
2026-09-21 01:27:45,MLAW358Z,0101,Christine White,19,19,0,2026-09-21 01:39:40,2026-09-21 01:39:40.045
2026-09-21 01:27:45,MLAW359,0101,Brandee Pettus,8,8,0,2026-09-21 01:39:40,2026-09-21 01:39:40.201
2026-09-21 01:27:45,MLAW378E,0101,Brandee Pettus,5,5,0,2026-09-21 01:39:40,2026-09-21 01:39:40.353
2026-09-21 01:27:45,MLAW378F,0101,Brian Gilmore,15,15,0,2026-09-21 01:39:40,2026-09-21 01:39:40.515
2026-09-21 01:27:45,MLAW378J,0101,Natalie Ram,20,20,0,2026-09-21 01:39:40,2026-09-21 01:39:40.673
2026-09-21 01:27:45,MLAW378T,0101,Marley Weiss,20,20,0,2026-09-21 01:39:40,2026-09-21 01:39:40.825
2026-09-21 01:27:45,MLAW388,0101,Brandee Pettus,33,33,0,2026-09-21 01:39:40,2026-09-21 01:39:40.998
2026-09-21 01:27:45,MLAW388,0201,Brandee Pettus,6,6,0,2026-09-21 01:39:40,2026-09-21 01:39:40.998
2026-09-21 01:27:45,MLAW404,0101,Christine White,75,75,0,2026-09-21 01:39:41,2026-09-21 01:39:41.158
2026-09-21 01:27:45,MSAI602,PCS1,Tammy Perrin,30,30,0,2026-09-21 01:39:42,2026-09-21 01:39:42.400
2026-09-21 01:27:45,MSAI603,PWS1,Kemal Davaslioglu,50,50,0,2026-09-21 01:39:42,2026-09-21 01:39:42.553
2026-09-21 01:27:45,MSAI605,PCS1,Jerry Wu,55,55,0,2026-09-21 01:39:42,2026-09-21 01:39:42.711
2026-09-21 01:27:45,MSAI605,PCS2,Samet Ayhan,55,55,0,2026-09-21 01:39:42,2026-09-21 01:39:42.711
2026-09-21 01:27:45,MSAI605,PCS3,Rajeev Barua,65,65,0,2026-09-21 01:39:42,2026-09-21 01:39:42.711
2026-09-21 01:27:45,MSML602,PCS1,Tammy Perrin,30,30,0,2026-09-21 01:39:43,2026-09-21 01:39:43.978
2026-09-21 01:27:45,MSML603,PWS1,Kemal Davaslioglu,50,50,0,2026-09-21 01:39:44,2026-09-21 01:39:44.128
2026-09-21 01:27:45,MSML604,PCS1,Richard La,38,38,0,2026-09-21 01:39:44,2026-09-21 01:39:44.287
2026-09-21 01:27:45,MSML604,PCS2,Richard La,38,38,0,2026-09-21 01:39:44,2026-09-21 01:39:44.287
2026-09-21 01:27:45,MSML604,PCS3,Siddharth Pal,55,55,0,2026-09-21 01:39:44,2026-09-21 01:39:44.287
2026-09-21 01:27:45,MSML605,PCS1,Jerry Wu,55,55,0,2026-09-21 01:39:44,2026-09-21 01:39:44.447
2026-09-21 01:27:45,MSML605,PCS2,Samet Ayhan,55,55,0,2026-09-21 01:39:44,2026-09-21 01:39:44.447
2026-09-21 01:27:45,MSML605,PCS3,Rajeev Barua,65,65,0,2026-09-21 01:39:44,2026-09-21 01:39:44.447
2026-09-21 01:27:45,MSML606,PCS2,Sujeong Kim,55,55,0,2026-09-21 01:39:44,2026-09-21 01:39:44.601
2026-09-21 01:27:45,MSML606,PCS3,Samet Ayhan,55,55,0,2026-09-21 01:39:44,2026-09-21 01:39:44.601
2026-09-21 01:27:45,MSML612,PCS1,Samet Ayhan,55,55,0,2026-09-21 01:39:44,2026-09-21 01:39:44.757
2026-09-21 01:27:45,MSML612,PCS2,Samet Ayhan,55,55,0,2026-09-21 01:39:44,2026-09-21 01:39:44.758
2026-09-21 01:27:45,MSML612,PCS3,Emre Gunduzhan,55,55,0,2026-09-21 01:39:44,2026-09-21 01:39:44.758
2026-09-21 01:27:45,MSML640,PCS1,Jerry Wu,70,70,0,2026-09-21 01:39:44,2026-09-21 01:39:44.914
2026-09-21 01:27:45,MSML640,PCS2,Sujeong Kim,55,55,0,2026-09-21 01:39:44,2026-09-21 01:39:44.914
2026-09-21 01:27:45,MSML641,PCS1,Armin Mehrabian,55,55,0,2026-09-21 01:39:45,2026-09-21 01:39:45.079
2026-09-21 01:27:45,NAVY101,0101,Beau Cisneros,30,30,0,2026-09-21 01:40:06,2026-09-21 01:40:06.628
2026-09-21 01:27:45,NAVY108,0101,Christopher Boehm,150,150,0,2026-09-21 01:40:06,2026-09-21 01:40:06.792
2026-09-21 01:27:45,NAVY201,0101,Austin Cranfill,30,30,0,2026-09-21 01:40:06,2026-09-21 01:40:06.943
2026-09-21 01:27:45,NAVY301,0101,Beau Cisneros,35,35,0,2026-09-21 01:40:07,2026-09-21 01:40:07.099
2026-09-21 01:27:45,NAVY401,0101,John Gonser,36,36,0,2026-09-21 01:40:07,2026-09-21 01:40:07.255
2026-09-21 01:27:45,NAVY402,0102,Jenna Weiner,25,25,0,2026-09-21 01:40:07,2026-09-21 01:40:07.407
2026-09-21 01:27:45,NEUR200,0101,Ana Navarro Cebrian,90,90,0,2026-09-21 01:40:08,2026-09-21 01:40:08.683
2026-09-21 01:27:45,NEUR200,0201,Ana Navarro Cebrian,90,90,0,2026-09-21 01:40:08,2026-09-21 01:40:08.684
2026-09-21 01:27:45,NEUR305,0101,Amanda Chicoli,90,90,0,2026-09-21 01:40:08,2026-09-21 01:40:08.844
2026-09-21 01:27:45,NEUR306,0101,Chan Lin,64,64,0,2026-09-21 01:40:08,2026-09-21 01:40:09.001
2026-09-21 01:27:45,NEUR306,0102,Melissa Caras,40,40,0,2026-09-21 01:40:08,2026-09-21 01:40:09.001
2026-09-21 01:27:45,NEUR338A,0101,Amanda Chicoli,20,20,0,2026-09-21 01:40:09,2026-09-21 01:40:09.304
2026-09-21 01:27:45,NEUR398H,0101,Nikolas Francis,20,20,0,2026-09-21 01:40:09,2026-09-21 01:40:09.761
2026-09-21 01:27:45,NEUR405,0101,Hilary Bierman,16,16,0,2026-09-21 01:40:09,2026-09-21 01:40:09.922
2026-09-21 01:27:45,NEUR405,0102,Hilary Bierman,16,16,0,2026-09-21 01:40:09,2026-09-21 01:40:09.922
2026-09-21 01:27:45,NEUR405,0103,Hilary Bierman,16,16,0,2026-09-21 01:40:09,2026-09-21 01:40:09.922
2026-09-21 01:27:45,NEUR405,0106,Hilary Bierman,16,16,0,2026-09-21 01:40:09,2026-09-21 01:40:09.922
2026-09-21 01:27:45,PEER318,0101,Christina Jay,15,15,0,2026-09-21 01:40:15,2026-09-21 01:40:15.988
2026-09-21 01:27:45,PEER319,0101,Grace Boudreau,15,15,0,2026-09-21 01:40:16,2026-09-21 01:40:16.582
2026-09-21 01:27:45,PEER322,0101,Aleia Gardner,15,15,0,2026-09-21 01:40:16,2026-09-21 01:40:16.734
2026-09-21 01:27:45,PHPE308A,0101,Rachel Singpurwalla,25,25,0,2026-09-21 01:40:26,2026-09-21 01:40:26.263
2026-09-21 01:27:45,PHPE308P,0101,Xinzhi Zhao,30,30,0,2026-09-21 01:40:26,2026-09-21 01:40:26.412
2026-09-21 01:27:45,PHPE308U,0101,Aner Tal,35,35,0,2026-09-21 01:40:26,2026-09-21 01:40:26.566
2026-09-21 01:27:45,PHPE400,0101,Instructor: TBA,30,30,0,2026-09-21 01:40:26,2026-09-21 01:40:26.872
2026-09-21 01:27:45,PHPE401,0101,Xinzhi Zhao,27,27,0,2026-09-21 01:40:27,2026-09-21 01:40:27.035
2026-09-21 01:27:45,PHPE401,0102,Xinzhi Zhao,27,27,0,2026-09-21 01:40:27,2026-09-21 01:40:27.036
2026-09-21 01:27:45,PHPE402,0101,Instructor: TBA,30,30,0,2026-09-21 01:40:27,2026-09-21 01:40:27.195
2026-09-21 01:27:45,PHPE408M,0101,Nicholas Laskowski,25,25,0,2026-09-21 01:40:27,2026-09-21 01:40:27.348
2026-09-21 01:27:45,PHPE408Z,0101,Avia Pasternak,30,30,0,2026-09-21 01:40:27,2026-09-21 01:40:27.501
2026-09-21 01:27:45,PHSC201,0101,Kayla Hoffman,30,30,0,2026-09-21 01:40:28,2026-09-21 01:40:28.779
2026-09-21 01:27:45,PHSC388F,0101,Jennifer German,30,30,0,2026-09-21 01:40:28,2026-09-21 01:40:28.938
2026-09-21 01:27:45,PHSC399,0101,Shannon Edward,30,30,0,2026-09-21 01:40:29,2026-09-21 01:40:29.242
2026-09-21 01:27:45,PHSC399,ESG1,Shannon Edward,20,20,0,2026-09-21 01:40:29,2026-09-21 01:40:29.242
2026-09-21 01:27:45,PHSC415,0101,Jessica O'Hara,36,36,0,2026-09-21 01:40:29,2026-09-21 01:40:29.409
2026-09-21 01:27:45,PHSC415,0102,Jessica O'Hara,36,36,0,2026-09-21 01:40:29,2026-09-21 01:40:29.409
2026-09-21 01:27:45,PHSC415,0103,Jessica O'Hara,36,36,0,2026-09-21 01:40:29,2026-09-21 01:40:29.409
2026-09-21 01:27:45,PHSC415,0104,Jessica O'Hara,36,36,0,2026-09-21 01:40:29,2026-09-21 01:40:29.409
2026-09-21 01:27:45,PHSC415,0105,Jessica O'Hara,36,36,0,2026-09-21 01:40:29,2026-09-21 01:40:29.410
2026-09-21 01:27:45,PHSC430,0101,Kendall Bustad,35,35,0,2026-09-21 01:40:29,2026-09-21 01:40:29.566
2026-09-21 01:27:45,PHSC430,ESG1,Kendall Bustad,8,8,0,2026-09-21 01:40:29,2026-09-21 01:40:29.566
2026-09-21 01:27:45,PHSC450,0101,Kendall Bustad,20,20,0,2026-09-21 01:40:29,2026-09-21 01:40:29.741
2026-09-21 01:27:45,PHSC450,0102,Kendall Bustad,20,20,0,2026-09-21 01:40:29,2026-09-21 01:40:29.741
2026-09-21 01:27:45,PHSC450,0103,Kendall Bustad,20,20,0,2026-09-21 01:40:29,2026-09-21 01:40:29.741
2026-09-21 01:27:45,PHSC450,0104,Kendall Bustad,20,20,0,2026-09-21 01:40:29,2026-09-21 01:40:29.741
2026-09-21 01:27:45,PHSC450,0105,Kendall Bustad,20,20,0,2026-09-21 01:40:29,2026-09-21 01:40:29.741
2026-09-21 01:27:45,PHSC450,0106,Kendall Bustad,20,20,0,2026-09-21 01:40:29,2026-09-21 01:40:29.742
2026-09-21 01:27:45,PHSC450,0107,Kendall Bustad,20,20,0,2026-09-21 01:40:29,2026-09-21 01:40:29.742
2026-09-21 01:27:45,PHSC450,ESG1,Kendall Bustad,35,35,0,2026-09-21 01:40:29,2026-09-21 01:40:29.742
2026-09-21 01:27:45,PHSC490,0101,Shannon Edward,30,30,0,2026-09-21 01:40:29,2026-09-21 01:40:29.932
2026-09-21 01:27:45,PHSC497,0101,Gretchen De Silva,20,20,0,2026-09-21 01:40:30,2026-09-21 01:40:30.112
2026-09-21 01:27:45,PHSC497,0201,Kendall Bustad,20,20,0,2026-09-21 01:40:30,2026-09-21 01:40:30.112
2026-09-21 01:27:45,PHSC497,0301,Gretchen De Silva,20,20,0,2026-09-21 01:40:30,2026-09-21 01:40:30.112
2026-09-21 01:27:45,PHSC497,0401,Aysha Jawed,20,20,0,2026-09-21 01:40:30,2026-09-21 01:40:30.112
2026-09-21 01:27:45,PHSC497,0501,Jennifer German,20,20,0,2026-09-21 01:40:30,2026-09-21 01:40:30.112
2026-09-21 01:27:45,PHSC497,0601,Carmen Booker,20,20,0,2026-09-21 01:40:30,2026-09-21 01:40:30.113
2026-09-21 01:27:45,PHSC497,0701,Lakeshia Watson,20,20,0,2026-09-21 01:40:30,2026-09-21 01:40:30.113
2026-09-21 01:27:45,PHSC497,0801,Lakeshia Watson,20,20,0,2026-09-21 01:40:30,2026-09-21 01:40:30.113
2026-09-21 01:27:45,PHSC497,0901,Darya Soltani,20,20,0,2026-09-21 01:40:30,2026-09-21 01:40:30.113
2026-09-21 01:27:45,PHSC497,1001,Brienna Anderson,20,20,0,2026-09-21 01:40:30,2026-09-21 01:40:30.113
2026-09-21 01:27:45,PHSC497,1101,Margaret Smith,20,20,0,2026-09-21 01:40:30,2026-09-21 01:40:30.113
2026-09-21 01:27:45,PHSC497,1201,Eric Silfen,20,20,0,2026-09-21 01:40:30,2026-09-21 01:40:30.114
2026-09-21 01:27:45,PHSC497,1301,Lakeshia Watson,20,20,0,2026-09-21 01:40:30,2026-09-21 01:40:30.114
2026-09-21 01:27:45,PHSC497,ESG1,Ann Truelove,20,20,0,2026-09-21 01:40:30,2026-09-21 01:40:30.114
2026-09-21 01:27:45,RDEV250,0101,Wayne Ricardo Curtis,75,75,0,2026-09-21 01:41:02,2026-09-21 01:41:02.912
2026-09-21 01:27:45,RDEV250,0102,Wayne Ricardo Curtis,75,75,0,2026-09-21 01:41:02,2026-09-21 01:41:02.912
2026-09-21 01:27:45,RDEV270,0101,John Park,30,30,0,2026-09-21 01:41:03,2026-09-21 01:41:03.066
2026-09-21 01:27:45,RDEV350,0101,Jesse Saginor,25,25,0,2026-09-21 01:41:03,2026-09-21 01:41:03.225
2026-09-21 01:27:45,RDEV350,0102,Instructor: TBA,30,30,0,2026-09-21 01:41:03,2026-09-21 01:41:03.225
2026-09-21 01:27:45,RDEV410,0101,Peter Goldsmith,30,30,0,2026-09-21 01:41:03,2026-09-21 01:41:03.387
2026-09-21 01:27:45,RDEV415,0101,Bilal Ali,20,20,0,2026-09-21 01:41:03,2026-09-21 01:41:03.540
2026-09-21 01:27:45,RDEV445,0101,Matthew O'Malley,15,15,0,2026-09-21 01:41:03,2026-09-21 01:41:03.695
2026-09-21 01:27:45,RDEV450,0101,Kathryn Corby,30,30,0,2026-09-21 01:41:03,2026-09-21 01:41:03.864
2026-09-21 01:27:45,RDEV450,0102,Thomas Dwyer,20,20,0,2026-09-21 01:41:03,2026-09-21 01:41:03.864
2026-09-21 01:27:45,RDEV450,0103,John Park,30,30,0,2026-09-21 01:41:03,2026-09-21 01:41:03.864
2026-09-21 01:27:45,RDEV478D,0101,Jesse Saginor,20,20,0,2026-09-21 01:41:04,2026-09-21 01:41:04.017
2026-09-21 01:27:45,RDEV600,0101,Jesse Saginor,10,10,0,2026-09-21 01:41:04,2026-09-21 01:41:04.169
2026-09-21 01:27:45,RDEV603,0101,Thomas Dwyer,18,18,0,2026-09-21 01:41:04,2026-09-21 01:41:04.320
2026-09-21 01:27:45,RDEV610,0101,David Warner,20,20,0,2026-09-21 01:41:04,2026-09-21 01:41:04.471
2026-09-21 01:27:45,RDEV615,0101,Bilal Ali,20,20,0,2026-09-21 01:41:04,2026-09-21 01:41:04.637
2026-09-21 01:27:45,RDEV630,0101,Mansur Abdul-Malik,30,30,0,2026-09-21 01:41:04,2026-09-21 01:41:04.789
2026-09-21 01:27:45,RDEV650,0101,Matthew O'Malley,25,25,0,2026-09-21 01:41:04,2026-09-21 01:41:04.942
2026-09-21 01:27:45,RDEV689F,0101,Zachary Marks,20,20,0,2026-09-21 01:41:05,2026-09-21 01:41:05.098
2026-09-21 01:27:45,RDEV689I,0101,Ronald McDonald,14,14,0,2026-09-21 01:41:05,2026-09-21 01:41:05.257
2026-09-21 01:27:45,RDEV689R,0101,Nick Egelanian,15,15,0,2026-09-21 01:41:05,2026-09-21 01:41:05.413
2026-09-21 01:27:45,RDEV689Y,0101,Instructor: TBA,12,12,0,2026-09-21 01:41:05,2026-09-21 01:41:05.567
2026-09-21 01:27:45,RDEV690,0101,Tanya Bansal,12,12,0,2026-09-21 01:41:05,2026-09-21 01:41:05.720
2026-09-21 01:27:45,RELS170,0101,Katherine Wasdin,21,21,0,2026-09-21 01:41:06,2026-09-21 01:41:06.996
2026-09-21 01:27:45,RELS170,0102,Katherine Wasdin,21,21,0,2026-09-21 01:41:06,2026-09-21 01:41:06.996
2026-09-21 01:27:45,RELS170,0103,Katherine Wasdin,21,21,0,2026-09-21 01:41:06,2026-09-21 01:41:06.996
2026-09-21 01:27:45,RELS170,0104,Katherine Wasdin,21,21,0,2026-09-21 01:41:06,2026-09-21 01:41:06.997
2026-09-21 01:27:45,RELS170,0105,Katherine Wasdin,21,21,0,2026-09-21 01:41:06,2026-09-21 01:41:06.997
2026-09-21 01:27:45,RELS170,0106,Katherine Wasdin,21,21,0,2026-09-21 01:41:06,2026-09-21 01:41:06.997
2026-09-21 01:27:45,RELS170,0107,Katherine Wasdin,21,21,0,2026-09-21 01:41:06,2026-09-21 01:41:06.997
2026-09-21 01:27:45,RELS170,0108,Katherine Wasdin,21,21,0,2026-09-21 01:41:06,2026-09-21 01:41:06.997
2026-09-21 01:27:45,RELS170,0109,Katherine Wasdin,21,21,0,2026-09-21 01:41:06,2026-09-21 01:41:06.997
2026-09-21 01:27:45,RELS264,0101,Jay Moses,30,30,0,2026-09-21 01:41:07,2026-09-21 01:41:07.148
2026-09-21 01:27:45,RELS271,0101,Instructor: TBA,40,40,0,2026-09-21 01:41:07,2026-09-21 01:41:07.298
2026-09-21 01:27:45,RELS319Q,0101,Regev Ben-David,35,35,0,2026-09-21 01:41:07,2026-09-21 01:41:07.453
2026-09-21 01:27:45,RELS342,0101,Stefano Villani,27,27,0,2026-09-21 01:41:07,2026-09-21 01:41:07.608
2026-09-21 01:27:45,RELS427,0101,Matthew Suriano,15,15,0,2026-09-21 01:41:07,2026-09-21 01:41:07.758
2026-09-21 01:27:45,RELS429M,0101,Antoine Borrut,27,27,0,2026-09-21 01:41:07,2026-09-21 01:41:07.950
2026-09-21 01:27:45,RUSS102,0101,Inna Hardman,15,15,0,2026-09-21 01:41:09,2026-09-21 01:41:09.388
2026-09-21 01:27:45,RUSS102,0201,Inna Hardman,15,15,0,2026-09-21 01:41:09,2026-09-21 01:41:09.388
2026-09-21 01:27:45,RUSS202,0101,Zhanna Gerus-Vernola,15,15,0,2026-09-21 01:41:09,2026-09-21 01:41:09.613
2026-09-21 01:27:45,RUSS302,0101,Izolda Savenkova,15,15,0,2026-09-21 01:41:09,2026-09-21 01:41:09.833
2026-09-21 01:27:45,RUSS398A,0101,Instructor: TBA,15,15,0,2026-09-21 01:41:10,2026-09-21 01:41:10.303
2026-09-21 01:27:45,RUSS398F,0101,Elizabeth Papazian,25,25,0,2026-09-21 01:41:10,2026-09-21 01:41:10.523
2026-09-21 01:27:45,RUSS406,0101,Izolda Savenkova,15,15,0,2026-09-21 01:41:10,2026-09-21 01:41:10.980
2026-09-21 01:27:45,RUSS412,0101,Inna Hardman,15,15,0,2026-09-21 01:41:11,2026-09-21 01:41:11.133
2026-09-21 01:27:45,SDSB123,0101,Srijeeta Mitra,26,26,0,2026-09-21 01:41:12,2026-09-21 01:41:12.747
2026-09-21 01:27:45,SDSB180,0101,Srijeeta Mitra,155,155,0,2026-09-21 01:41:12,2026-09-21 01:41:12.899
2026-09-21 01:27:45,SDSB233,0101,Richard Engstrom,28,28,0,2026-09-21 01:41:13,2026-09-21 01:41:13.086
2026-09-21 01:27:45,SDSB233,0102,Richard Engstrom,28,28,0,2026-09-21 01:41:13,2026-09-21 01:41:13.086
2026-09-21 01:27:45,SDSB326,0101,Jacob Coutts,40,40,0,2026-09-21 01:41:13,2026-09-21 01:41:13.263
2026-09-21 01:27:45,SDSB340,0101,Neil Lund,24,24,0,2026-09-21 01:41:13,2026-09-21 01:41:13.438
2026-09-21 01:27:45,SDSI414,0101,Instructor: TBA,40,40,0,2026-09-21 01:41:14,2026-09-21 01:41:14.759
2026-09-21 01:27:45,SDSI414,0102,Instructor: TBA,40,40,0,2026-09-21 01:41:14,2026-09-21 01:41:14.759
2026-09-21 01:27:45,SDSI414,0103,Instructor: TBA,40,40,0,2026-09-21 01:41:14,2026-09-21 01:41:14.760
2026-09-21 01:27:45,SDSI414,0201,Instructor: TBA,40,40,0,2026-09-21 01:41:14,2026-09-21 01:41:14.760
2026-09-21 01:27:45,SDSI414,0202,Instructor: TBA,40,40,0,2026-09-21 01:41:14,2026-09-21 01:41:14.760
2026-09-21 01:27:45,SDSI492,0101,Instructor: TBA,29,29,0,2026-09-21 01:41:14,2026-09-21 01:41:14.948
2026-09-21 01:27:45,SDSI492,0102,Instructor: TBA,50,50,0,2026-09-21 01:41:14,2026-09-21 01:41:14.948
2026-09-21 01:27:45,SDSI492,0103,Instructor: TBA,50,50,0,2026-09-21 01:41:14,2026-09-21 01:41:14.948
2026-09-21 01:27:45,SDSI492,0104,Instructor: TBA,40,40,0,2026-09-21 01:41:14,2026-09-21 01:41:14.948
2026-09-21 01:27:45,SDSI492,0105,Instructor: TBA,50,50,0,2026-09-21 01:41:14,2026-09-21 01:41:14.949
2026-09-21 01:27:45,SDSI492,0107,Instructor: TBA,50,50,0,2026-09-21 01:41:14,2026-09-21 01:41:14.949
2026-09-21 01:27:45,SDSI492,0108,Instructor: TBA,50,50,0,2026-09-21 01:41:14,2026-09-21 01:41:14.949
2026-09-21 01:27:45,SDSI492,0110,Instructor: TBA,50,50,0,2026-09-21 01:41:14,2026-09-21 01:41:14.949
2026-09-21 01:27:45,SDSI492,ESG1,Stacy Surla,50,50,0,2026-09-21 01:41:14,2026-09-21 01:41:14.949
2026-09-21 01:27:45,SLLC286,0101,Andrew Schonebaum,60,60,0,2026-09-21 01:41:17,2026-09-21 01:41:17.620
2026-09-21 01:27:45,SLLC287,0101,Sean Pue,20,20,0,2026-09-21 01:41:17,2026-09-21 01:41:17.772
2026-09-21 01:27:45,SLLC305,0101,Nahal Akbari-Saneh,25,25,0,2026-09-21 01:41:17,2026-09-21 01:41:17.927
2026-09-21 01:27:45,SLLC309,0101,Ahmed Hanafy,10,10,0,2026-09-21 01:41:18,2026-09-21 01:41:18.105
2026-09-21 01:27:45,SLLC309,0102,Ahmed Hanafy,10,10,0,2026-09-21 01:41:18,2026-09-21 01:41:18.105
2026-09-21 01:27:45,SLLC309,0103,Ahmed Hanafy,10,10,0,2026-09-21 01:41:18,2026-09-21 01:41:18.105
2026-09-21 01:27:45,SLLC309,0104,Ahmed Hanafy,10,10,0,2026-09-21 01:41:18,2026-09-21 01:41:18.105
2026-09-21 01:27:45,SLLC309,0105,Ahmed Hanafy,10,10,0,2026-09-21 01:41:18,2026-09-21 01:41:18.106
2026-09-21 01:27:45,SLLC309,0106,Ahmed Hanafy,10,10,0,2026-09-21 01:41:18,2026-09-21 01:41:18.106
2026-09-21 01:27:45,SLLC309,0107,Ahmed Hanafy,10,10,0,2026-09-21 01:41:18,2026-09-21 01:41:18.106
2026-09-21 01:27:45,SLLC309,0108,Ahmed Hanafy,10,10,0,2026-09-21 01:41:18,2026-09-21 01:41:18.106
2026-09-21 01:27:45,SLLC309,0109,Ahmed Hanafy,10,10,0,2026-09-21 01:41:18,2026-09-21 01:41:18.106
2026-09-21 01:27:45,SLLC309,0110,Ahmed Hanafy,10,10,0,2026-09-21 01:41:18,2026-09-21 01:41:18.107
2026-09-21 01:27:45,SLLC309,0111,Ahmed Hanafy,10,10,0,2026-09-21 01:41:18,2026-09-21 01:41:18.107
2026-09-21 01:27:45,SLLC329,0101,Marilyn Matar,10,10,0,2026-09-21 01:41:18,2026-09-21 01:41:18.313
2026-09-21 01:27:45,SLLC329,0102,Marilyn Matar,10,10,0,2026-09-21 01:41:18,2026-09-21 01:41:18.313
2026-09-21 01:27:45,SLLC329,0103,Marilyn Matar,20,20,0,2026-09-21 01:41:18,2026-09-21 01:41:18.313
2026-09-21 01:27:45,SLLC329,0104,Marilyn Matar,10,10,0,2026-09-21 01:41:18,2026-09-21 01:41:18.313
2026-09-21 01:27:45,SLLC329,0105,Marilyn Matar,10,10,0,2026-09-21 01:41:18,2026-09-21 01:41:18.314
2026-09-21 01:27:45,SLLC329,0106,Marilyn Matar,10,10,0,2026-09-21 01:41:18,2026-09-21 01:41:18.314
2026-09-21 01:27:45,SLLC329,0107,Marilyn Matar,10,10,0,2026-09-21 01:41:18,2026-09-21 01:41:18.314
2026-09-21 01:27:45,SLLC329,0108,Marilyn Matar,10,10,0,2026-09-21 01:41:18,2026-09-21 01:41:18.314
2026-09-21 01:27:45,SLLC329,0109,Marilyn Matar,10,10,0,2026-09-21 01:41:18,2026-09-21 01:41:18.314
2026-09-21 01:27:45,SLLC329,0110,Marilyn Matar,20,20,0,2026-09-21 01:41:18,2026-09-21 01:41:18.314
2026-09-21 01:27:45,SMLP471,0101,Jennifer Hsin,60,60,0,2026-09-21 01:41:19,2026-09-21 01:41:19.677
2026-09-21 01:27:45,SMLP474,0101,Sara Herald,60,60,0,2026-09-21 01:41:19,2026-09-21 01:41:19.835
2026-09-21 01:27:45,SPHL100,0101,Shuling Wu,20,20,0,2026-09-21 01:41:34,2026-09-21 01:41:34.187
2026-09-21 01:27:45,SPHL100,0102,Shuling Wu,20,20,0,2026-09-21 01:41:34,2026-09-21 01:41:34.187
2026-09-21 01:27:45,SPHL100,0103,Shuling Wu,20,20,0,2026-09-21 01:41:34,2026-09-21 01:41:34.188
2026-09-21 01:27:45,SPHL100,0104,Shuling Wu,20,20,0,2026-09-21 01:41:34,2026-09-21 01:41:34.188
2026-09-21 01:27:45,SPHL100,0105,Shuling Wu,20,20,0,2026-09-21 01:41:34,2026-09-21 01:41:34.188
2026-09-21 01:27:45,SPHL100,0106,Shuling Wu,20,20,0,2026-09-21 01:41:34,2026-09-21 01:41:34.188
2026-09-21 01:27:45,SPHL100,0107,Shuling Wu,20,20,0,2026-09-21 01:41:34,2026-09-21 01:41:34.188
2026-09-21 01:27:45,SPHL100,0108,Shuling Wu,20,20,0,2026-09-21 01:41:34,2026-09-21 01:41:34.188
2026-09-21 01:27:45,SPHL100,0109,Shuling Wu,20,20,0,2026-09-21 01:41:34,2026-09-21 01:41:34.189
2026-09-21 01:27:45,SPHL100,0110,Shuling Wu,20,20,0,2026-09-21 01:41:34,2026-09-21 01:41:34.189
2026-09-21 01:27:45,SPHL100,0201,Shuling Wu,20,20,0,2026-09-21 01:41:34,2026-09-21 01:41:34.189
2026-09-21 01:27:45,SPHL100,0202,Shuling Wu,20,20,0,2026-09-21 01:41:34,2026-09-21 01:41:34.189
2026-09-21 01:27:45,SPHL100,0203,Shuling Wu,20,20,0,2026-09-21 01:41:34,2026-09-21 01:41:34.189
2026-09-21 01:27:45,SPHL100,0204,Shuling Wu,20,20,0,2026-09-21 01:41:34,2026-09-21 01:41:34.190
2026-09-21 01:27:45,SPHL100,0205,Shuling Wu,20,20,0,2026-09-21 01:41:34,2026-09-21 01:41:34.190
2026-09-21 01:27:45,SPHL100,0206,Shuling Wu,20,20,0,2026-09-21 01:41:34,2026-09-21 01:41:34.190
2026-09-21 01:27:45,SPHL100,0207,Shuling Wu,20,20,0,2026-09-21 01:41:34,2026-09-21 01:41:34.190
2026-09-21 01:27:45,SPHL100,0208,Shuling Wu,20,20,0,2026-09-21 01:41:34,2026-09-21 01:41:34.190
2026-09-21 01:27:45,SPHL246,0101,April Khaing,20,20,0,2026-09-21 01:41:34,2026-09-21 01:41:34.340
2026-09-21 01:27:45,SPHL276,0101,Dina Borzekowski,25,25,0,2026-09-21 01:41:34,2026-09-21 01:41:34.491
2026-09-21 01:27:45,SPHL321,0101,Sylvette La Touche-Howard,15,15,0,2026-09-21 01:41:34,2026-09-21 01:41:34.646
2026-09-21 01:27:45,SPHL333,0101,Cynthia Kershaw,75,75,0,2026-09-21 01:41:34,2026-09-21 01:41:34.798
2026-09-21 01:27:45,SPHL478,0101,Tracy Zeeger,10,10,0,2026-09-21 01:41:35,2026-09-21 01:41:35.101
2026-09-21 01:27:45,SPHL600,0101,Sylvette La Touche-Howard,8,8,0,2026-09-21 01:41:35,2026-09-21 01:41:35.256
2026-09-21 01:27:45,SPHL610,0101,Danielle Catona,22,22,0,2026-09-21 01:41:35,2026-09-21 01:41:35.421
2026-09-21 01:27:45,SPHL610,0102,Danielle Catona,22,22,0,2026-09-21 01:41:35,2026-09-21 01:41:35.421
2026-09-21 01:27:45,SPHL610,0103,Danielle Catona,22,22,0,2026-09-21 01:41:35,2026-09-21 01:41:35.421
2026-09-21 01:27:45,SPHL610,PLB1,Priscilla Novak,20,20,0,2026-09-21 01:41:35,2026-09-21 01:41:35.421
2026-09-21 01:27:45,SPHL610,PLH1,Priscilla Novak,28,28,0,2026-09-21 01:41:35,2026-09-21 01:41:35.421
2026-09-21 01:27:45,SPHL610,PLK1,Priscilla Novak,5,5,0,2026-09-21 01:41:35,2026-09-21 01:41:35.422
2026-09-21 01:27:45,SPHL611,0101,Danielle Catona,45,45,0,2026-09-21 01:41:35,2026-09-21 01:41:35.587
2026-09-21 01:27:45,SPHL611,0201,Danielle Catona,45,45,0,2026-09-21 01:41:35,2026-09-21 01:41:35.587
2026-09-21 01:27:45,SPHL611,PLB1,Evelyn King-Marshall,20,20,0,2026-09-21 01:41:35,2026-09-21 01:41:35.587
2026-09-21 01:27:45,SPHL611,PLH1,Evelyn King-Marshall,28,28,0,2026-09-21 01:41:35,2026-09-21 01:41:35.587
2026-09-21 01:27:45,SPHL611,PLK1,Evelyn King-Marshall,5,5,0,2026-09-21 01:41:35,2026-09-21 01:41:35.587
2026-09-21 01:27:45,SPHL612,0101,James Hagberg,15,15,0,2026-09-21 01:41:35,2026-09-21 01:41:35.741
2026-09-21 01:27:45,TLTC310,0101,Sarah Kistner,20,20,0,2026-09-21 01:41:54,2026-09-21 01:41:54.611
2026-09-21 01:27:45,TLTC333,0101,Mona Thompson,55,55,0,2026-09-21 01:41:54,2026-09-21 01:41:54.769
2026-09-21 01:27:45,TLTC333,0102,Mona Thompson,55,55,0,2026-09-21 01:41:54,2026-09-21 01:41:54.769
2026-09-21 01:27:45,TLTC333,0105,Mona Thompson,55,55,0,2026-09-21 01:41:54,2026-09-21 01:41:54.770
2026-09-21 01:27:45,URSP372,0101,Priscila Alves,20,20,0,2026-09-21 01:42:09,2026-09-21 01:42:09.871
2026-09-21 01:27:45,URSP600,0101,Kevin Nelson,25,25,0,2026-09-21 01:42:10,2026-09-21 01:42:10.029
2026-09-21 01:27:45,URSP603,0101,Dawn Jourdan,33,33,0,2026-09-21 01:42:10,2026-09-21 01:42:10.185
2026-09-21 01:27:45,URSP606,0101,Chengri Ding,15,15,0,2026-09-21 01:42:10,2026-09-21 01:42:10.353
2026-09-21 01:27:45,URSP631,0101,Hiroyuki Iseki,15,15,0,2026-09-21 01:42:10,2026-09-21 01:42:10.513
2026-09-21 01:27:45,URSP668B,0101,Eric Burnstein,20,20,0,2026-09-21 01:42:10,2026-09-21 01:42:10.672
2026-09-21 01:27:45,URSP673,0101,Riem ElZoghbi,25,25,0,2026-09-21 01:42:10,2026-09-21 01:42:10.831
2026-09-21 01:27:45,URSP688M,0101,Andrew Bernish,20,20,0,2026-09-21 01:42:15,2026-09-21 01:42:15.105
2026-09-21 01:27:45,URSP688P,0101,Sonja Ewing,15,15,0,2026-09-21 01:42:15,2026-09-21 01:42:15.257
2026-09-21 01:27:45,URSP688Y,0101,Chester Harvey,30,30,0,2026-09-21 01:42:15,2026-09-21 01:42:15.411
2026-09-21 01:27:45,URSP708,0101,Nicholas Finio,10,10,0,2026-09-21 01:42:15,2026-09-21 01:42:15.562
2026-09-21 01:27:45,URSP709,0101,Casey Dawkins,10,10,0,2026-09-21 01:42:15,2026-09-21 01:42:15.716
2026-09-21 01:27:45,URSP805,0101,Casey Dawkins,15,15,0,2026-09-21 01:42:23,2026-09-21 01:42:23.461
2026-09-21 01:27:45,USLT202,0101,Robert Chester,26,26,0,2026-09-21 01:42:25,2026-09-21 01:42:25.056
2026-09-21 01:27:45,USLT403,0101,Perla Guerrero,20,20,0,2026-09-21 01:42:25,2026-09-21 01:42:25.210
2026-09-21 01:27:45,USLT420,0101,Robert Chester,27,27,0,2026-09-21 01:42:25,2026-09-21 01:42:25.369
2026-09-21 01:27:45,USLT488,0101,Nancy Mirabal,30,30,0,2026-09-21 01:42:25,2026-09-21 01:42:25.522
2026-09-21 01:27:45,USLT498L,0101,Fernando Rios,12,12,0,2026-09-21 01:42:25,2026-09-21 01:42:25.676
2026-09-21 01:27:45,VIPS208,0102,Ken Kiger,10,10,0,2026-09-21 01:42:26,2026-09-21 01:42:26.954
2026-09-21 01:27:45,VIPS208,0103,Bryan Quinn,10,10,0,2026-09-21 01:42:26,2026-09-21 01:42:26.955
2026-09-21 01:27:45,VIPS208,0104,Ryan Sochol,10,10,0,2026-09-21 01:42:26,2026-09-21 01:42:26.955
2026-09-21 01:27:45,VIPS208,0105,Molly Carton,10,10,0,2026-09-21 01:42:26,2026-09-21 01:42:26.955
2026-09-21 01:27:45,VIPS208,0106,James Baeder,11,11,0,2026-09-21 01:42:26,2026-09-21 01:42:26.955
2026-09-21 01:27:45,VIPS208,0107,Catherine Spirito,10,10,0,2026-09-21 01:42:26,2026-09-21 01:42:26.955
2026-09-21 01:27:45,VIPS208,0108,Ronald Yaros,10,10,0,2026-09-21 01:42:26,2026-09-21 01:42:26.955
2026-09-21 01:27:45,VIPS208,0109,Carinna Ferguson,10,10,0,2026-09-21 01:42:26,2026-09-21 01:42:26.956
2026-09-21 01:27:45,VIPS208,0110,Tracy Riggins,10,10,0,2026-09-21 01:42:26,2026-09-21 01:42:26.956
2026-09-21 01:27:45,VIPS208,0111,Kevin Calabro,10,10,0,2026-09-21 01:42:26,2026-09-21 01:42:26.956
2026-09-21 01:27:45,VIPS208,0112,Raffaele Viglianti,10,10,0,2026-09-21 01:42:26,2026-09-21 01:42:26.956
2026-09-21 01:27:45,VIPS208,0113,Shabnam Jabeen,10,10,0,2026-09-21 01:42:26,2026-09-21 01:42:26.956
2026-09-21 01:27:45,VIPS208,0114,Ning Zeng,10,10,0,2026-09-21 01:42:26,2026-09-21 01:42:26.957
2026-09-21 01:27:45,VIPS208,0115,Veronica Kang,10,10,0,2026-09-21 01:42:26,2026-09-21 01:42:26.957
2026-09-21 01:27:45,VIPS208,0116,David Stewart,10,10,0,2026-09-21 01:42:26,2026-09-21 01:42:26.957
2026-09-21 01:27:45,VIPS208,0117,Meredith Epstein,10,10,0,2026-09-21 01:42:26,2026-09-21 01:42:26.957
2026-09-21 01:27:45,VIPS208,0118,Magaly Toro Ibaceta,10,10,0,2026-09-21 01:42:26,2026-09-21 01:42:26.957
2026-09-21 01:27:45,VIPS208,0120,Marisa Parham,10,10,0,2026-09-21 01:42:26,2026-09-21 01:42:26.957
2026-09-21 01:27:45,VIPS208,0121,Becky Epanchin-Niell,10,10,0,2026-09-21 01:42:26,2026-09-21 01:42:26.958
2026-09-21 01:27:45,VIPS208,0122,Timothy Reedy,10,10,0,2026-09-21 01:42:26,2026-09-21 01:42:26.958
2026-09-21 01:27:45,VIPS208,0123,Lingnan Lin,10,10,0,2026-09-21 01:42:26,2026-09-21 01:42:26.958
2026-09-21 01:27:45,VIPS208,0124,Jeffrey Moro,10,10,0,2026-09-21 01:42:26,2026-09-21 01:42:26.958
2026-09-21 01:27:45,VIPS208,0125,Peter Sunderland,10,10,0,2026-09-21 01:42:26,2026-09-21 01:42:26.958
2026-09-21 01:27:45,VIPS208,0126,Brienna Anderson,10,10,0,2026-09-21 01:42:26,2026-09-21 01:42:26.959
2026-09-21 01:27:45,VIPS308,0102,Ken Kiger,10,10,0,2026-09-21 01:42:27,2026-09-21 01:42:27.172
2026-09-21 01:27:45,VIPS308,0103,Bryan Quinn,13,13,0,2026-09-21 01:42:27,2026-09-21 01:42:27.173
2026-09-21 01:27:45,VIPS308,0104,Ryan Sochol,10,10,0,2026-09-21 01:42:27,2026-09-21 01:42:27.173
2026-09-21 01:27:45,VIPS308,0105,Molly Carton,10,10,0,2026-09-21 01:42:27,2026-09-21 01:42:27.173
2026-09-21 01:27:45,VIPS308,0106,James Baeder,10,10,0,2026-09-21 01:42:27,2026-09-21 01:42:27.173
2026-09-21 01:27:45,VIPS308,0107,Catherine Spirito,10,10,0,2026-09-21 01:42:27,2026-09-21 01:42:27.173
2026-09-21 01:27:45,VIPS308,0108,Ronald Yaros,10,10,0,2026-09-21 01:42:27,2026-09-21 01:42:27.174
2026-09-21 01:27:45,VIPS308,0109,Carinna Ferguson,10,10,0,2026-09-21 01:42:27,2026-09-21 01:42:27.174
2026-09-21 01:27:45,VIPS308,0110,Tracy Riggins,10,10,0,2026-09-21 01:42:27,2026-09-21 01:42:27.174
2026-09-21 01:27:45,VIPS308,0111,Kevin Calabro,10,10,0,2026-09-21 01:42:27,2026-09-21 01:42:27.174
2026-09-21 01:27:45,VIPS308,0112,Raffaele Viglianti,10,10,0,2026-09-21 01:42:27,2026-09-21 01:42:27.174
2026-09-21 01:27:45,VIPS308,0113,Shabnam Jabeen,10,10,0,2026-09-21 01:42:27,2026-09-21 01:42:27.175
2026-09-21 01:27:45,VIPS308,0114,Ning Zeng,10,10,0,2026-09-21 01:42:27,2026-09-21 01:42:27.175
2026-09-21 01:27:45,VIPS308,0115,Veronica Kang,10,10,0,2026-09-21 01:42:27,2026-09-21 01:42:27.175
2026-09-21 01:27:45,VIPS308,0116,David Stewart,10,10,0,2026-09-21 01:42:27,2026-09-21 01:42:27.175
2026-09-21 01:27:45,VIPS308,0117,Meredith Epstein,10,10,0,2026-09-21 01:42:27,2026-09-21 01:42:27.175
2026-09-21 01:27:45,VIPS308,0118,Magaly Toro Ibaceta,10,10,0,2026-09-21 01:42:27,2026-09-21 01:42:27.175
2026-09-21 01:27:45,VIPS308,0120,Marisa Parham,10,10,0,2026-09-21 01:42:27,2026-09-21 01:42:27.176
2026-09-21 01:27:45,VIPS308,0121,Becky Epanchin-Niell,10,10,0,2026-09-21 01:42:27,2026-09-21 01:42:27.176
2026-09-21 01:27:45,VIPS308,0122,Timothy Reedy,10,10,0,2026-09-21 01:42:27,2026-09-21 01:42:27.176
2026-09-21 01:27:45,VIPS308,0123,Lingnan Lin,10,10,0,2026-09-21 01:42:27,2026-09-21 01:42:27.176
2026-09-21 01:27:45,VIPS308,0124,Jeffrey Moro,10,10,0,2026-09-21 01:42:27,2026-09-21 01:42:27.176
2026-09-21 01:27:45,VIPS308,0125,Peter Sunderland,10,10,0,2026-09-21 01:42:27,2026-09-21 01:42:27.177
2026-09-21 01:27:45,VIPS308,0126,Brienna Anderson,10,10,0,2026-09-21 01:42:27,2026-09-21 01:42:27.177
2026-09-21 01:27:45,VIPS408,0102,Ken Kiger,10,10,0,2026-09-21 01:42:27,2026-09-21 01:42:27.400
2026-09-21 01:27:45,VIPS408,0103,Bryan Quinn,10,10,0,2026-09-21 01:42:27,2026-09-21 01:42:27.400
2026-09-21 01:27:45,VIPS408,0104,Ryan Sochol,10,10,0,2026-09-21 01:42:27,2026-09-21 01:42:27.400
2026-09-21 01:27:45,VIPS408,0105,Molly Carton,10,10,0,2026-09-21 01:42:27,2026-09-21 01:42:27.401
2026-09-21 01:27:45,VIPS408,0106,James Baeder,10,10,0,2026-09-21 01:42:27,2026-09-21 01:42:27.401
2026-09-21 01:27:45,VIPS408,0107,Catherine Spirito,10,10,0,2026-09-21 01:42:27,2026-09-21 01:42:27.401
2026-09-21 01:27:45,VIPS408,0108,Ronald Yaros,10,10,0,2026-09-21 01:42:27,2026-09-21 01:42:27.401
2026-09-21 01:27:45,VIPS408,0109,Carinna Ferguson,10,10,0,2026-09-21 01:42:27,2026-09-21 01:42:27.401
2026-09-21 01:27:45,VIPS408,0110,Tracy Riggins,10,10,0,2026-09-21 01:42:27,2026-09-21 01:42:27.402
2026-09-21 01:27:45,VIPS408,0111,Kevin Calabro,10,10,0,2026-09-21 01:42:27,2026-09-21 01:42:27.402
2026-09-21 01:27:45,VIPS408,0112,Raffaele Viglianti,10,10,0,2026-09-21 01:42:27,2026-09-21 01:42:27.402
2026-09-21 01:27:45,VIPS408,0113,Shabnam Jabeen,10,10,0,2026-09-21 01:42:27,2026-09-21 01:42:27.402
2026-09-21 01:27:45,VIPS408,0114,Ning Zeng,10,10,0,2026-09-21 01:42:27,2026-09-21 01:42:27.402
2026-09-21 01:27:45,VIPS408,0115,Veronica Kang,10,10,0,2026-09-21 01:42:27,2026-09-21 01:42:27.402
2026-09-21 01:27:45,VIPS408,0116,David Stewart,10,10,0,2026-09-21 01:42:27,2026-09-21 01:42:27.403
2026-09-21 01:27:45,VIPS408,0117,Meredith Epstein,10,10,0,2026-09-21 01:42:27,2026-09-21 01:42:27.403
2026-09-21 01:27:45,VIPS408,0118,Magaly Toro Ibaceta,10,10,0,2026-09-21 01:42:27,2026-09-21 01:42:27.403
2026-09-21 01:27:45,VIPS408,0120,Marisa Parham,10,10,0,2026-09-21 01:42:27,2026-09-21 01:42:27.403
2026-09-21 01:27:45,VIPS408,0121,Becky Epanchin-Niell,10,10,0,2026-09-21 01:42:27,2026-09-21 01:42:27.403
2026-09-21 01:27:45,VIPS408,0122,Timothy Reedy,10,10,0,2026-09-21 01:42:27,2026-09-21 01:42:27.404
2026-09-21 01:27:45,VIPS408,0123,Lingnan Lin,10,10,0,2026-09-21 01:42:27,2026-09-21 01:42:27.404
2026-09-21 01:27:45,VIPS408,0124,Jeffrey Moro,10,10,0,2026-09-21 01:42:27,2026-09-21 01:42:27.404
2026-09-21 01:27:45,VIPS408,0125,Peter Sunderland,10,10,0,2026-09-21 01:42:27,2026-09-21 01:42:27.404
2026-09-21 01:27:45,VIPS408,0126,Brienna Anderson,10,10,0,2026-09-21 01:42:27,2026-09-21 01:42:27.404
2026-09-21 01:27:45,WEID139N,0101,Denise Joseph,60,60,0,2026-09-21 01:42:30,2026-09-21 01:42:30.080
2026-09-21 01:27:45,WEID139T,0201,Taylor Togafau-Lewis,45,45,0,2026-09-21 01:42:30,2026-09-21 01:42:30.237
2026-09-21 01:27:45,WGSS105,0101,Jessica Mathiason,30,30,0,2026-09-21 01:42:31,2026-09-21 01:42:31.592
2026-09-21 01:27:45,WGSS105,0102,Jessica Mathiason,30,30,0,2026-09-21 01:42:31,2026-09-21 01:42:31.592
2026-09-21 01:27:45,WGSS105,0103,Jessica Mathiason,30,30,0,2026-09-21 01:42:31,2026-09-21 01:42:31.593
2026-09-21 01:27:45,WGSS105,0104,Jessica Mathiason,30,30,0,2026-09-21 01:42:31,2026-09-21 01:42:31.593
2026-09-21 01:27:45,WGSS115,0101,Alexis Lothian,25,25,0,2026-09-21 01:42:31,2026-09-21 01:42:31.750
2026-09-21 01:27:45,WGSS115,0102,Alexis Lothian,25,25,0,2026-09-21 01:42:31,2026-09-21 01:42:31.750
2026-09-21 01:27:45,WGSS201,0101,Sayan Bhattacharya,25,25,0,2026-09-21 01:42:31,2026-09-21 01:42:31.914
2026-09-21 01:27:45,WGSS201,0102,Sayan Bhattacharya,25,25,0,2026-09-21 01:42:31,2026-09-21 01:42:31.914
2026-09-21 01:27:45,WGSS205,0101,Shelbi Meissner,21,21,0,2026-09-21 01:42:32,2026-09-21 01:42:32.068
2026-09-21 01:27:45,WGSS205,0201,Shelbi Meissner,21,21,0,2026-09-21 01:42:32,2026-09-21 01:42:32.068
2026-09-21 01:27:45,WGSS230,0101,Daniel Richter,20,20,0,2026-09-21 01:42:32,2026-09-21 01:42:32.221
2026-09-21 01:27:45,WGSS250,0101,Lidia Garcia Berrelleza,25,25,0,2026-09-21 01:42:32,2026-09-21 01:42:32.375
2026-09-21 01:27:45,WGSS250,0201,Shameem Razack,25,25,0,2026-09-21 01:42:32,2026-09-21 01:42:32.375
2026-09-21 01:27:45,WGSS255,0101,Instructor: TBA,30,30,0,2026-09-21 01:42:32,2026-09-21 01:42:32.549
2026-09-21 01:27:45,WGSS265,0101,Ashley Newby,40,40,0,2026-09-21 01:42:32,2026-09-21 01:42:32.706
2026-09-21 01:27:45,WGSS275,0101,Instructor: TBA,30,30,0,2026-09-21 01:42:32,2026-09-21 01:42:32.857
2026-09-21 01:27:45,WGSS280,0101,Jessica Mathiason,52,52,0,2026-09-21 01:42:33,2026-09-21 01:42:33.018
2026-09-21 01:27:45,WGSS290,0101,Jessica Mathiason,30,30,0,2026-09-21 01:42:33,2026-09-21 01:42:33.172
2026-09-21 01:27:45,WGSS290,0201,Sydney Lewis,31,31,0,2026-09-21 01:42:33,2026-09-21 01:42:33.172
2026-09-21 01:27:45,WGSS298C,0101,Will Mosley,35,35,0,2026-09-21 01:42:33,2026-09-21 01:42:33.333
2026-09-21 01:27:45,WGSS298S,0101,Jordan Keesler,25,25,0,2026-09-21 01:42:33,2026-09-21 01:42:33.487
2026-09-21 01:27:45,WGSS302,0101,Will Mosley,25,25,0,2026-09-21 01:42:33,2026-09-21 01:42:33.643
2026-09-21 01:27:45,WGSS306,0101,Sydney Lewis,30,30,0,2026-09-21 01:42:33,2026-09-21 01:42:33.797
2026-09-21 01:27:45,WGSS310,0101,Sayan Bhattacharya,25,25,0,2026-09-21 01:42:33,2026-09-21 01:42:33.948
2026-09-21 01:27:45,WGSS319F,0101,Alexis Lothian,30,30,0,2026-09-21 01:42:34,2026-09-21 01:42:34.100
2026-09-21 01:27:45,WGSS379U,0101,John Drabinski,25,25,0,2026-09-21 01:42:34,2026-09-21 01:42:34.260
2026-09-21 01:27:45,WGSS422,0101,Jennifer Cho,18,18,0,2026-09-21 01:42:34,2026-09-21 01:42:34.421
2026-09-21 01:27:45,WGSS471,0101,Instructor: TBA,25,25,0,2026-09-21 01:42:34,2026-09-21 01:42:34.575
2026-09-21 01:27:45,WGSS471,0201,Instructor: TBA,45,45,0,2026-09-21 01:42:34,2026-09-21 01:42:34.575
2026-09-21 01:27:45,WGSS475,0101,Sydney Lewis,20,20,0,2026-09-21 01:42:34,2026-09-21 01:42:34.725
2026-09-21 01:27:45,WGSS487,0101,Eva Hageman,15,15,0,2026-09-21 01:42:34,2026-09-21 01:42:34.881
2026-09-21 01:27:45,WGSS487H,0101,Eva Hageman,5,5,0,2026-09-21 01:42:35,2026-09-21 01:42:35.037
2026-09-21 01:27:45,WGSS602,0101,Shelbi Meissner,12,12,0,2026-09-21 01:42:35,2026-09-21 01:42:35.631
2026-09-21 01:27:45,WGSS708,0101,Alexis Lothian,10,10,0,2026-09-21 01:42:36,2026-09-21 01:42:36.079
2026-09-21 01:27:45,XPER455,0101,TJ Rainsford,25,25,0,2026-09-21 01:42:37,2026-09-21 01:42:37.749
2026-09-21 07:05:13,AAAS100,0101,Shane Walsh,35,35,0,2026-09-21 07:05:15,2026-09-21 07:05:15.264
2026-09-21 07:05:13,AAAS100,0201,Shane Walsh,35,35,0,2026-09-21 07:05:15,2026-09-21 07:05:15.265
2026-09-21 07:05:13,AAAS100,0301,George Kintiba,30,30,0,2026-09-21 07:05:15,2026-09-21 07:05:15.265
2026-09-21 07:05:13,AAAS100,0401,Beka Guluma,35,35,0,2026-09-21 07:05:15,2026-09-21 07:05:15.265
2026-09-21 07:05:13,AAAS100,0501,Jason Nichols,33,33,0,2026-09-21 07:05:15,2026-09-21 07:05:15.265
2026-09-21 07:05:13,AAAS100,0601,Jason Nichols,35,35,0,2026-09-21 07:05:15,2026-09-21 07:05:15.266
2026-09-21 07:05:13,AAAS100H,0301,George Kintiba,5,5,0,2026-09-21 07:05:15,2026-09-21 07:05:15.896
2026-09-21 07:05:13,AAAS101,0101,Periloux Peay,40,40,0,2026-09-21 07:05:16,2026-09-21 07:05:16.542
2026-09-21 07:05:13,AAAS187,0101,Robert Choflet,30,30,0,2026-09-21 07:05:17,2026-09-21 07:05:17.177
2026-09-21 07:05:13,AAAS200,0101,George Kintiba,40,40,0,2026-09-21 07:05:17,2026-09-21 07:05:17.808
2026-09-21 07:05:13,AAAS202,0101,Robert Choflet,30,30,0,2026-09-21 07:05:18,2026-09-21 07:05:18.441
2026-09-21 07:05:13,AAAS202,0201,Angelica Dunbar,35,35,0,2026-09-21 07:05:18,2026-09-21 07:05:18.441
2026-09-21 07:05:13,AAAS202,0301,Angelica Dunbar,35,35,0,2026-09-21 07:05:18,2026-09-21 07:05:18.442
2026-09-21 07:05:13,AAAS202,0401,Robert Choflet,35,35,0,2026-09-21 07:05:18,2026-09-21 07:05:18.442
2026-09-21 07:05:13,AAAS202H,0101,Robert Choflet,5,5,0,2026-09-21 07:05:18,2026-09-21 07:05:18.861
2026-09-21 07:05:13,AAAS211,0101,Shane Walsh,120,120,0,2026-09-21 07:05:19,2026-09-21 07:05:19.282
2026-09-21 07:05:13,AAAS234,0101,Instructor: TBA,30,30,0,2026-09-21 07:05:19,2026-09-21 07:05:19.914
2026-09-21 07:05:13,AAAS255,0101,Leigh Soares,40,40,0,2026-09-21 07:05:20,2026-09-21 07:05:20.341
2026-09-21 07:05:13,AAAS265,0101,Ashley Newby,40,40,0,2026-09-21 07:05:20,2026-09-21 07:05:20.769
2026-09-21 07:05:13,AAAS320,0101,Cecily Jackson,25,25,0,2026-09-21 07:05:21,2026-09-21 07:05:21.190
2026-09-21 07:05:13,AAAS320,0201,Cecily Jackson,25,25,0,2026-09-21 07:05:21,2026-09-21 07:05:21.190
2026-09-21 07:05:13,AAAS386,0101,Marshal Washington,10,10,0,2026-09-21 07:05:21,2026-09-21 07:05:21.610
2026-09-21 07:05:13,AAAS398G,0101,Chinyere Osuji,20,20,0,2026-09-21 07:05:22,2026-09-21 07:05:22.034
2026-09-21 07:05:13,AAAS398U,0101,John Drabinski,25,25,0,2026-09-21 07:05:22,2026-09-21 07:05:22.464
2026-09-21 07:05:13,AAAS400,0101,George Kintiba,20,20,0,2026-09-21 07:05:23,2026-09-21 07:05:23.090
2026-09-21 07:05:13,AAAS400H,0101,George Kintiba,5,5,0,2026-09-21 07:05:23,2026-09-21 07:05:23.732
2026-09-21 07:05:13,AAAS490,0101,Paul Landau,18,18,0,2026-09-21 07:05:24,2026-09-21 07:05:24.156
2026-09-21 07:05:13,AAAS498X,0101,Terrill Taylor,40,40,0,2026-09-21 07:05:24,2026-09-21 07:05:24.581
2026-09-21 07:05:13,AAST200,0101,Jennifer Cho,34,34,0,2026-09-21 07:05:26,2026-09-21 07:05:26.611
2026-09-21 07:05:13,AAST201,0101,Madeline Hsu,40,40,0,2026-09-21 07:05:27,2026-09-21 07:05:27.242
2026-09-21 07:05:13,AAST250,0101,Jennifer Cho,30,30,0,2026-09-21 07:05:27,2026-09-21 07:05:27.657
2026-09-21 07:05:13,AAST262,0101,Derek Iwamoto,60,60,0,2026-09-21 07:05:28,2026-09-21 07:05:28.076
2026-09-21 07:05:13,AAST322,0101,Julie Park,30,30,0,2026-09-21 07:05:28,2026-09-21 07:05:28.710
2026-09-21 07:05:13,AAST350,0101,Binod Paudyal,25,25,0,2026-09-21 07:05:29,2026-09-21 07:05:29.131
2026-09-21 07:05:13,AAST351,0101,Binod Paudyal,34,34,0,2026-09-21 07:05:29,2026-09-21 07:05:29.555
2026-09-21 07:05:13,AAST363,0101,Gemirald Daus,35,35,0,2026-09-21 07:05:29,2026-09-21 07:05:29.975
2026-09-21 07:05:13,AAST378,0101,Janelle Wong,2,2,0,2026-09-21 07:05:30,2026-09-21 07:05:30.401
2026-09-21 07:05:13,AAST394,0101,Wenxi Yang,25,25,0,2026-09-21 07:05:31,2026-09-21 07:05:31.241
2026-09-21 07:05:13,AAST398A,0101,Michelle Magalong,20,20,0,2026-09-21 07:05:31,2026-09-21 07:05:31.660
2026-09-21 07:05:13,AAST398B,0101,Chris Eng,25,25,0,2026-09-21 07:05:32,2026-09-21 07:05:32.111
2026-09-21 07:05:13,AAST421,0101,Philip Nash,20,20,0,2026-09-21 07:05:32,2026-09-21 07:05:32.534
2026-09-21 07:05:13,AAST422,0101,Jennifer Cho,18,18,0,2026-09-21 07:05:32,2026-09-21 07:05:32.961
2026-09-21 07:05:13,AAST443,0101,Janelle Wong,27,27,0,2026-09-21 07:05:33,2026-09-21 07:05:33.388
2026-09-21 07:05:13,ABRM450,0101,Ashley Newby,10,10,0,2026-09-21 07:05:35,2026-09-21 07:05:35.146
2026-09-21 07:05:13,AGNR301,0101,Thomas Hilde,150,150,0,2026-09-21 07:05:36,2026-09-21 07:05:36.924
2026-09-21 07:05:13,AGNR388,0101,Instructor: TBA,20,20,0,2026-09-21 07:05:37,2026-09-21 07:05:37.346
2026-09-21 07:05:13,AIME498B,0101,Kevin McGarry,30,30,0,2026-09-21 07:05:41,2026-09-21 07:05:41.478
2026-09-21 07:05:13,ARAB101,0101,Samah Al-salami,15,15,0,2026-09-21 07:06:33,2026-09-21 07:06:33.865
2026-09-21 07:05:13,ARAB101,0201,Ahmed Hanafy,15,15,0,2026-09-21 07:06:33,2026-09-21 07:06:33.865
2026-09-21 07:05:13,ARAB102,0101,Samah Al-salami,15,15,0,2026-09-21 07:06:34,2026-09-21 07:06:34.286
2026-09-21 07:05:13,ARAB102,0201,Samah Al-salami,15,15,0,2026-09-21 07:06:34,2026-09-21 07:06:34.286
2026-09-21 07:05:13,ARAB201,0101,Lutf Alkebsi,15,15,0,2026-09-21 07:06:34,2026-09-21 07:06:34.702
2026-09-21 07:05:13,ARAB202,0101,Lutf Alkebsi,15,15,0,2026-09-21 07:06:35,2026-09-21 07:06:35.126
2026-09-21 07:05:13,ARAB202,0201,Lutf Alkebsi,15,15,0,2026-09-21 07:06:35,2026-09-21 07:06:35.126
2026-09-21 07:05:13,ARAB222,0101,Ahmed Hanafy,15,15,0,2026-09-21 07:06:35,2026-09-21 07:06:35.545
2026-09-21 07:05:13,ARAB250,0101,Anny Gaul,15,15,0,2026-09-21 07:06:35,2026-09-21 07:06:35.969
2026-09-21 07:05:13,ARAB302,0101,Ahmed Hanafy,15,15,0,2026-09-21 07:06:36,2026-09-21 07:06:36.392
2026-09-21 07:05:13,ARAB317,0101,Anny Gaul,15,15,0,2026-09-21 07:06:36,2026-09-21 07:06:36.814
2026-09-21 07:05:13,ARAB398W,0101,Lutf Alkebsi,15,15,0,2026-09-21 07:06:37,2026-09-21 07:06:37.647
2026-09-21 07:05:13,ARAB499X,0101,Samah Al-salami,15,15,0,2026-09-21 07:06:38,2026-09-21 07:06:38.480
2026-09-21 07:05:13,ARCH170,0101,Lindsey May,100,100,0,2026-09-21 07:06:40,2026-09-21 07:06:40.477
2026-09-21 07:05:13,ARCH200,0101,Michael Abrams,21,21,0,2026-09-21 07:06:40,2026-09-21 07:06:40.907
2026-09-21 07:05:13,ARCH200,0102,Michael Abrams,21,21,0,2026-09-21 07:06:40,2026-09-21 07:06:40.907
2026-09-21 07:05:13,ARCH200,0103,Michael Abrams,21,21,0,2026-09-21 07:06:40,2026-09-21 07:06:40.907
2026-09-21 07:05:13,ARCH200,0104,Michael Abrams,21,21,0,2026-09-21 07:06:40,2026-09-21 07:06:40.907
2026-09-21 07:05:13,ARCH200,0105,Michael Abrams,21,21,0,2026-09-21 07:06:40,2026-09-21 07:06:40.907
2026-09-21 07:05:13,ARCH200,0106,Michael Abrams,21,21,0,2026-09-21 07:06:40,2026-09-21 07:06:40.908
2026-09-21 07:05:13,ARCH225,0101,Joseph Williams,125,125,0,2026-09-21 07:06:41,2026-09-21 07:06:41.326
2026-09-21 07:05:13,ARCH271,0101,Wayne Ricardo Curtis,75,75,0,2026-09-21 07:06:41,2026-09-21 07:06:41.749
2026-09-21 07:05:13,ARCH271,0102,Wayne Ricardo Curtis,75,75,0,2026-09-21 07:06:41,2026-09-21 07:06:41.750
2026-09-21 07:05:13,ARCH386,0101,Kristen Stack,10,10,0,2026-09-21 07:06:42,2026-09-21 07:06:42.169
2026-09-21 07:05:13,ARCH400,0101,Kenneth Filler,75,75,0,2026-09-21 07:06:42,2026-09-21 07:06:42.597
2026-09-21 07:05:13,ARCH400,0201,Marcus Cross,60,60,0,2026-09-21 07:06:42,2026-09-21 07:06:42.597
2026-09-21 07:05:13,ARCH402,0101,Taejun James Kim,75,75,0,2026-09-21 07:06:43,2026-09-21 07:06:43.018
2026-09-21 07:05:13,ARCH405,0101,Brittany L Williams,14,14,0,2026-09-21 07:06:43,2026-09-21 07:06:43.520
2026-09-21 07:05:13,ARCH407,0101,Georgeanne Matthews,12,12,0,2026-09-21 07:06:43,2026-09-21 07:06:43.957
2026-09-21 07:05:13,ARCH408A,0101,Daniel Curry,5,5,0,2026-09-21 07:06:44,2026-09-21 07:06:44.376
2026-09-21 07:05:13,ARCH408C,0101,Edgar Alvarado,5,5,0,2026-09-21 07:06:44,2026-09-21 07:06:44.911
2026-09-21 07:05:13,ARCH418D,0101,Hooman Koliji,30,30,0,2026-09-21 07:06:45,2026-09-21 07:06:45.334
2026-09-21 07:05:13,ARCH418G,0101,Deokoh Woo,16,16,0,2026-09-21 07:06:45,2026-09-21 07:06:45.818
2026-09-21 07:05:13,ARCH418I,0101,Michael Kleiss,16,16,0,2026-09-21 07:06:46,2026-09-21 07:06:46.239
2026-09-21 07:05:13,ARCH420,0101,Caroline Hickman,30,30,0,2026-09-21 07:06:46,2026-09-21 07:06:46.658
2026-09-21 07:05:13,ARCH423,0101,Joseph Williams,30,30,0,2026-09-21 07:06:47,2026-09-21 07:06:47.082
2026-09-21 07:05:13,ARCH425,0101,Joseph Williams,10,10,0,2026-09-21 07:06:47,2026-09-21 07:06:47.502
2026-09-21 07:05:13,ARCH428F,0101,Matthew Bell,20,20,0,2026-09-21 07:06:47,2026-09-21 07:06:47.929
2026-09-21 07:05:13,ARCH428K,0101,Michele Lamprakos,26,26,0,2026-09-21 07:06:48,2026-09-21 07:06:48.348
2026-09-21 07:05:13,ARCH445,0101,Daniel Curry,15,15,0,2026-09-21 07:06:49,2026-09-21 07:06:49.515
2026-09-21 07:05:13,ARCH463,0101,Deokoh Woo,150,150,0,2026-09-21 07:06:49,2026-09-21 07:06:49.932
2026-09-21 07:05:13,ARCH465,0101,Michael Kleiss,80,80,0,2026-09-21 07:06:50,2026-09-21 07:06:50.350
2026-09-21 07:05:13,ARCH468I,0101,Hooman Koliji,26,26,0,2026-09-21 07:06:50,2026-09-21 07:06:50.771
2026-09-21 07:05:13,ARCH468P,0101,Hooman Koliji,26,26,0,2026-09-21 07:06:51,2026-09-21 07:06:51.200
2026-09-21 07:05:13,ARCH472,0101,Kiley Wilfong Cullen,24,24,0,2026-09-21 07:06:51,2026-09-21 07:06:51.628
2026-09-21 07:05:13,ARCH478L,0101,Michele Lamprakos,10,10,0,2026-09-21 07:06:52,2026-09-21 07:06:52.051
2026-09-21 07:05:13,ARCH478O,0101,Stefan Woehlke,20,20,0,2026-09-21 07:06:52,2026-09-21 07:06:52.477
2026-09-21 07:05:13,ARCH601,0101,Peter Noonan,20,20,0,2026-09-21 07:06:52,2026-09-21 07:06:52.913
2026-09-21 07:05:13,ARCH618G,0101,Deokoh Woo,4,4,0,2026-09-21 07:06:53,2026-09-21 07:06:53.337
2026-09-21 07:05:13,ARCH618I,0101,Michael Kleiss,4,4,0,2026-09-21 07:06:53,2026-09-21 07:06:53.758
2026-09-21 07:05:13,ARCH628K,0101,Michele Lamprakos,4,4,0,2026-09-21 07:06:54,2026-09-21 07:06:54.184
2026-09-21 07:05:13,ARCH635,0101,Matthew Bell,15,15,0,2026-09-21 07:06:54,2026-09-21 07:06:54.601
2026-09-21 07:05:13,ARCH654,0101,Anatole Tchikine,35,35,0,2026-09-21 07:06:55,2026-09-21 07:06:55.033
2026-09-21 07:05:13,ARCH658I,0101,Sonja Ewing,15,15,0,2026-09-21 07:06:55,2026-09-21 07:06:55.481
2026-09-21 07:05:13,ARCH668I,0101,Hooman Koliji,4,4,0,2026-09-21 07:06:55,2026-09-21 07:06:55.897
2026-09-21 07:05:13,ARCH668P,0101,Hooman Koliji,4,4,0,2026-09-21 07:06:56,2026-09-21 07:06:56.329
2026-09-21 07:05:13,ARCH678L,0101,Michele Lamprakos,10,10,0,2026-09-21 07:06:56,2026-09-21 07:06:56.748
2026-09-21 07:05:13,ARCH678O,0101,Stefan Woehlke,5,5,0,2026-09-21 07:06:57,2026-09-21 07:06:57.169
2026-09-21 07:05:13,ARCH797,0101,Hooman Koliji,15,15,0,2026-09-21 07:06:57,2026-09-21 07:06:57.595
2026-09-21 07:05:13,ARMY105,0101,Andrew Bischoff,60,60,0,2026-09-21 07:07:20,2026-09-21 07:07:20.666
2026-09-21 07:05:13,ARMY105,0102,Andrew Bischoff,60,60,0,2026-09-21 07:07:20,2026-09-21 07:07:20.667
2026-09-21 07:05:13,ARMY110,0101,Andrew Bischoff,40,40,0,2026-09-21 07:07:21,2026-09-21 07:07:21.086
2026-09-21 07:05:13,ARMY202,0102,Andrew Bischoff,60,60,0,2026-09-21 07:07:21,2026-09-21 07:07:21.505
2026-09-21 07:05:13,ARMY302,0101,Andrew Bischoff,40,40,0,2026-09-21 07:07:21,2026-09-21 07:07:21.927
2026-09-21 07:05:13,ARMY402,0101,Andrew Bischoff,30,30,0,2026-09-21 07:07:22,2026-09-21 07:07:22.346
2026-09-21 07:05:13,ARMY402,0102,Andrew Bischoff,100,100,0,2026-09-21 07:07:22,2026-09-21 07:07:22.346
2026-09-21 07:05:13,ARSC059,0101,Kathryn Love,250,250,0,2026-09-21 07:07:24,2026-09-21 07:07:24.137
2026-09-21 07:05:13,ARSC101,0101,Alan Snyder,50,50,0,2026-09-21 07:07:24,2026-09-21 07:07:24.561
2026-09-21 07:05:13,ARSC101,0102,Alan Snyder,65,65,0,2026-09-21 07:07:24,2026-09-21 07:07:24.561
2026-09-21 07:05:13,ARSC101,0103,Alan Snyder,40,40,0,2026-09-21 07:07:24,2026-09-21 07:07:24.562
2026-09-21 07:05:13,ARSC101,0104,Alan Snyder,10,10,0,2026-09-21 07:07:24,2026-09-21 07:07:24.562
2026-09-21 07:05:13,ARSC201,0101,Nathan Rabe,65,65,0,2026-09-21 07:07:24,2026-09-21 07:07:24.984
2026-09-21 07:05:13,ARSC201,0102,Kathleen West,40,40,0,2026-09-21 07:07:24,2026-09-21 07:07:24.984
2026-09-21 07:05:13,ARSC201,0103,Kathleen West,40,40,0,2026-09-21 07:07:24,2026-09-21 07:07:24.984
2026-09-21 07:05:13,ARSC301,0101,Kathryn Love,45,45,0,2026-09-21 07:07:25,2026-09-21 07:07:25.409
2026-09-21 07:05:13,ARSC301,0102,Kathryn Love,20,20,0,2026-09-21 07:07:25,2026-09-21 07:07:25.409
2026-09-21 07:05:13,ARSC401,0101,Joseph Herwatic,30,30,0,2026-09-21 07:07:25,2026-09-21 07:07:25.835
2026-09-21 07:05:13,ARSC401,0102,Joseph Herwatic,15,15,0,2026-09-21 07:07:25,2026-09-21 07:07:25.835
2026-09-21 07:05:13,BIOM301,0101,Christine Hakenkamp,28,28,0,2026-09-21 07:08:46,2026-09-21 07:08:46.652
2026-09-21 07:05:13,BIOM301,0102,Christine Hakenkamp,28,28,0,2026-09-21 07:08:46,2026-09-21 07:08:46.652
2026-09-21 07:05:13,BIOM301,0103,Christine Hakenkamp,28,28,0,2026-09-21 07:08:46,2026-09-21 07:08:46.652
2026-09-21 07:05:13,BIOM301,0104,Christine Hakenkamp,28,28,0,2026-09-21 07:08:46,2026-09-21 07:08:46.652
2026-09-21 07:05:13,BIOM301,0105,Christine Hakenkamp,28,28,0,2026-09-21 07:08:46,2026-09-21 07:08:46.653
2026-09-21 07:05:13,BIOM301,0106,Christine Hakenkamp,28,28,0,2026-09-21 07:08:46,2026-09-21 07:08:46.653
2026-09-21 07:05:13,BIOM301,0107,Christine Hakenkamp,28,28,0,2026-09-21 07:08:46,2026-09-21 07:08:46.653
2026-09-21 07:05:13,BIOM301,0201,Instructor: TBA,28,28,0,2026-09-21 07:08:46,2026-09-21 07:08:46.653
2026-09-21 07:05:13,BIOM602,0101,Jiuzhou Song,28,28,0,2026-09-21 07:08:47,2026-09-21 07:08:47.078
2026-09-21 07:05:13,BMIN210,0101,Darlene Dennison,162,162,0,2026-09-21 07:09:23,2026-09-21 07:09:23.923
2026-09-21 07:05:13,BMIN210,0201,Darlene Dennison,162,162,0,2026-09-21 07:09:23,2026-09-21 07:09:23.923
2026-09-21 07:05:13,BMIN305,0101,Tejwansh Anand,162,162,0,2026-09-21 07:09:24,2026-09-21 07:09:24.341
2026-09-21 07:05:13,BMIN345,0101,Michael Padhi,325,325,0,2026-09-21 07:09:24,2026-09-21 07:09:24.760
2026-09-21 07:05:13,BMIN355,0101,Idil Yaveroglu,162,162,0,2026-09-21 07:09:25,2026-09-21 07:09:25.186
2026-09-21 07:05:13,BMIN355,0201,Idil Yaveroglu,162,162,0,2026-09-21 07:09:25,2026-09-21 07:09:25.186
2026-09-21 07:05:13,BMIN375,0101,Leland Gardner,162,162,0,2026-09-21 07:09:25,2026-09-21 07:09:25.615
2026-09-21 07:05:13,BMIN395,0101,Nima Farshchi,162,162,0,2026-09-21 07:09:26,2026-09-21 07:09:26.037
2026-09-21 07:05:13,BMIN395,0201,Nima Farshchi,162,162,0,2026-09-21 07:09:26,2026-09-21 07:09:26.037
2026-09-21 07:05:13,BSCI103,1100,Instructor: TBA,24,24,0,2026-09-21 07:09:30,2026-09-21 07:09:30.230
2026-09-21 07:05:13,BSCI103,1101,Instructor: TBA,24,24,0,2026-09-21 07:09:30,2026-09-21 07:09:30.230
2026-09-21 07:05:13,BSCI103,1103,Instructor: TBA,24,24,0,2026-09-21 07:09:30,2026-09-21 07:09:30.231
2026-09-21 07:05:13,BSCI103,1105,Instructor: TBA,24,24,0,2026-09-21 07:09:30,2026-09-21 07:09:30.231
2026-09-21 07:05:13,BSCI103,1107,Instructor: TBA,24,24,0,2026-09-21 07:09:30,2026-09-21 07:09:30.231
2026-09-21 07:05:13,BSCI103,1108,Instructor: TBA,24,24,0,2026-09-21 07:09:30,2026-09-21 07:09:30.231
2026-09-21 07:05:13,BSCI103,1109,Instructor: TBA,24,24,0,2026-09-21 07:09:30,2026-09-21 07:09:30.231
2026-09-21 07:05:13,BSCI103,1110,Instructor: TBA,24,24,0,2026-09-21 07:09:30,2026-09-21 07:09:30.232
2026-09-21 07:05:13,BSCI103M,0101,Instructor: TBA,24,24,0,2026-09-21 07:09:30,2026-09-21 07:09:30.654
2026-09-21 07:05:13,BSCI120,0101,Dennis vanEngelsdorp,21,21,0,2026-09-21 07:09:31,2026-09-21 07:09:31.080
2026-09-21 07:05:13,BSCI120,0102,Dennis vanEngelsdorp,21,21,0,2026-09-21 07:09:31,2026-09-21 07:09:31.081
2026-09-21 07:05:13,BSCI135,1101,Edgar Moctezuma,24,24,0,2026-09-21 07:09:31,2026-09-21 07:09:31.519
2026-09-21 07:05:13,BSCI135,1102,Edgar Moctezuma,24,24,0,2026-09-21 07:09:31,2026-09-21 07:09:31.519
2026-09-21 07:05:13,BSCI135,1103,Edgar Moctezuma,24,24,0,2026-09-21 07:09:31,2026-09-21 07:09:31.519
2026-09-21 07:05:13,BSCI135,1104,Edgar Moctezuma,24,24,0,2026-09-21 07:09:31,2026-09-21 07:09:31.519
2026-09-21 07:05:13,BSCI135,1105,Edgar Moctezuma,24,24,0,2026-09-21 07:09:31,2026-09-21 07:09:31.519
2026-09-21 07:05:13,BSCI160,6101,Leo Shapiro,104,104,0,2026-09-21 07:09:31,2026-09-21 07:09:31.944
2026-09-21 07:05:13,BSCI160,6301,Chloe Garfinkel,56,56,0,2026-09-21 07:09:31,2026-09-21 07:09:31.944
2026-09-21 07:05:13,BSCI160,6601,Vadim Karatayev,88,88,0,2026-09-21 07:09:31,2026-09-21 07:09:31.944
2026-09-21 07:05:13,BSCI160,SES1,Chloe Garfinkel,15,15,0,2026-09-21 07:09:31,2026-09-21 07:09:31.944
2026-09-21 07:05:13,BSCI170,0101,Cordelia Weiss,153,153,0,2026-09-21 07:09:32,2026-09-21 07:09:32.374
2026-09-21 07:05:13,BSCI170,0201,Nicholas Fletcher,153,153,0,2026-09-21 07:09:32,2026-09-21 07:09:32.374
2026-09-21 07:05:13,BSCI170,0301,Ricardo Araneda,152,152,0,2026-09-21 07:09:32,2026-09-21 07:09:32.374
2026-09-21 07:05:13,BSCI170,0401,Swarna Mohan,153,153,0,2026-09-21 07:09:32,2026-09-21 07:09:32.374
2026-09-21 07:05:13,BSCI170,0501,Ji Young Choi,120,120,0,2026-09-21 07:09:32,2026-09-21 07:09:32.375
2026-09-21 07:05:13,BSCI170,0701,Ji Young Choi,153,153,0,2026-09-21 07:09:32,2026-09-21 07:09:32.375
2026-09-21 07:05:13,BSCI170,SES1,James Sniezek,20,20,0,2026-09-21 07:09:32,2026-09-21 07:09:32.375
2026-09-21 07:05:13,BSCI180,8105,Hans Lemke,19,19,0,2026-09-21 07:09:32,2026-09-21 07:09:32.975
2026-09-21 07:05:13,BSCI180,8106,Swarna Mohan,19,19,0,2026-09-21 07:09:32,2026-09-21 07:09:32.975
2026-09-21 07:05:13,BSCI180,8107,Hans Lemke,19,19,0,2026-09-21 07:09:32,2026-09-21 07:09:32.976
2026-09-21 07:05:13,BSCI180,8108,Hans Lemke,19,19,0,2026-09-21 07:09:32,2026-09-21 07:09:32.976
2026-09-21 07:05:13,BSCI180,8109,Swarna Mohan,19,19,0,2026-09-21 07:09:32,2026-09-21 07:09:32.976
2026-09-21 07:05:13,BSCI180,8110,Hans Lemke,19,19,0,2026-09-21 07:09:32,2026-09-21 07:09:32.976
2026-09-21 07:05:13,BSCI180,8111,Hans Lemke,19,19,0,2026-09-21 07:09:32,2026-09-21 07:09:32.976
2026-09-21 07:05:13,BSCI180,8112,Hans Lemke,19,19,0,2026-09-21 07:09:32,2026-09-21 07:09:32.977
2026-09-21 07:05:13,BSCI180,8113,Hans Lemke,19,19,0,2026-09-21 07:09:32,2026-09-21 07:09:32.977
2026-09-21 07:05:13,BSCI180,8114,Hans Lemke,19,19,0,2026-09-21 07:09:32,2026-09-21 07:09:32.977
2026-09-21 07:05:13,BSCI180,8201,Swarna Mohan,19,19,0,2026-09-21 07:09:32,2026-09-21 07:09:32.977
2026-09-21 07:05:13,BSCI180,8202,Hans Lemke,19,19,0,2026-09-21 07:09:32,2026-09-21 07:09:32.977
2026-09-21 07:05:13,BSCI180,8205,Hans Lemke,19,19,0,2026-09-21 07:09:32,2026-09-21 07:09:32.978
2026-09-21 07:05:13,BSCI180,8206,Hans Lemke,19,19,0,2026-09-21 07:09:32,2026-09-21 07:09:32.978
2026-09-21 07:05:13,BSCI180,8207,Hans Lemke,19,19,0,2026-09-21 07:09:32,2026-09-21 07:09:32.978
2026-09-21 07:05:13,BSCI180,8208,Swarna Mohan,19,19,0,2026-09-21 07:09:32,2026-09-21 07:09:32.978
2026-09-21 07:05:13,BSCI180,8209,Swarna Mohan,19,19,0,2026-09-21 07:09:32,2026-09-21 07:09:32.978
2026-09-21 07:05:13,BSCI180,8210,Hans Lemke,19,19,0,2026-09-21 07:09:32,2026-09-21 07:09:32.979
2026-09-21 07:05:13,BSCI180,8211,Swarna Mohan,19,19,0,2026-09-21 07:09:32,2026-09-21 07:09:32.979
2026-09-21 07:05:13,BSCI180,8212,Hans Lemke,19,19,0,2026-09-21 07:09:32,2026-09-21 07:09:32.979
2026-09-21 07:05:13,BSCI180,8213,Hans Lemke,19,19,0,2026-09-21 07:09:32,2026-09-21 07:09:32.979
2026-09-21 07:05:13,BSCI180,8214,Hans Lemke,19,19,0,2026-09-21 07:09:32,2026-09-21 07:09:32.979
2026-09-21 07:05:13,BSCI180,8301,Hans Lemke,19,19,0,2026-09-21 07:09:32,2026-09-21 07:09:32.980
2026-09-21 07:05:13,BSCI180,8302,Hans Lemke,19,19,0,2026-09-21 07:09:32,2026-09-21 07:09:32.980
2026-09-21 07:05:13,BSCI180,8305,Hans Lemke,19,19,0,2026-09-21 07:09:32,2026-09-21 07:09:32.980
2026-09-21 07:05:13,BSCI180,8306,Hans Lemke,19,19,0,2026-09-21 07:09:32,2026-09-21 07:09:32.980
2026-09-21 07:05:13,BSCI180,8307,Swarna Mohan,19,19,0,2026-09-21 07:09:32,2026-09-21 07:09:32.980
2026-09-21 07:05:13,BSCI180,8308,Hans Lemke,19,19,0,2026-09-21 07:09:32,2026-09-21 07:09:32.981
2026-09-21 07:05:13,BSCI180,8309,Hans Lemke,19,19,0,2026-09-21 07:09:32,2026-09-21 07:09:32.981
2026-09-21 07:05:13,BSCI180,8310,Swarna Mohan,19,19,0,2026-09-21 07:09:32,2026-09-21 07:09:32.981
2026-09-21 07:05:13,BSCI180,8311,Hans Lemke,19,19,0,2026-09-21 07:09:32,2026-09-21 07:09:32.981
2026-09-21 07:05:13,BSCI180,8312,Hans Lemke,19,19,0,2026-09-21 07:09:32,2026-09-21 07:09:32.981
2026-09-21 07:05:13,BSCI180,8313,Hans Lemke,19,19,0,2026-09-21 07:09:32,2026-09-21 07:09:32.982
2026-09-21 07:05:13,BSCI180,8314,Hans Lemke,19,19,0,2026-09-21 07:09:32,2026-09-21 07:09:32.982
2026-09-21 07:05:13,BSCI180,8401,Hans Lemke,19,19,0,2026-09-21 07:09:32,2026-09-21 07:09:32.982
2026-09-21 07:05:13,BSCI180,8402,Hans Lemke,19,19,0,2026-09-21 07:09:32,2026-09-21 07:09:32.982
2026-09-21 07:05:13,BSCI180,8405,Hans Lemke,19,19,0,2026-09-21 07:09:32,2026-09-21 07:09:32.982
2026-09-21 07:05:13,BSCI180,8406,Swarna Mohan,19,19,0,2026-09-21 07:09:32,2026-09-21 07:09:32.983
2026-09-21 07:05:13,BSCI180,8407,Hans Lemke,19,19,0,2026-09-21 07:09:32,2026-09-21 07:09:32.983
2026-09-21 07:05:13,BSCI180,8408,Hans Lemke,19,19,0,2026-09-21 07:09:32,2026-09-21 07:09:32.983
2026-09-21 07:05:13,BSCI180,8409,Swarna Mohan,19,19,0,2026-09-21 07:09:32,2026-09-21 07:09:32.983
2026-09-21 07:05:13,BSCI180,8410,Hans Lemke,19,19,0,2026-09-21 07:09:32,2026-09-21 07:09:32.983
2026-09-21 07:05:13,BSCI180,8411,Hans Lemke,19,19,0,2026-09-21 07:09:32,2026-09-21 07:09:32.983
2026-09-21 07:05:13,BSCI180,8412,Hans Lemke,19,19,0,2026-09-21 07:09:32,2026-09-21 07:09:32.984
2026-09-21 07:05:13,BSCI180,8413,Hans Lemke,19,19,0,2026-09-21 07:09:32,2026-09-21 07:09:32.984
2026-09-21 07:05:13,BSCI180,8414,Hans Lemke,19,19,0,2026-09-21 07:09:32,2026-09-21 07:09:32.984
2026-09-21 07:05:13,BSCI180,SEF2,Hans Lemke,19,19,0,2026-09-21 07:09:32,2026-09-21 07:09:32.984
2026-09-21 07:05:13,BSCI180,SES1,Hans Lemke,19,19,0,2026-09-21 07:09:32,2026-09-21 07:09:32.984
2026-09-21 07:05:13,BSCI180,SES2,Hans Lemke,19,19,0,2026-09-21 07:09:32,2026-09-21 07:09:32.985
2026-09-21 07:05:13,BSCI201,0101,Caitlin Fox,24,24,0,2026-09-21 07:09:33,2026-09-21 07:09:33.447
2026-09-21 07:05:13,BSCI201,0103,Caitlin Fox,24,24,0,2026-09-21 07:09:33,2026-09-21 07:09:33.448
2026-09-21 07:05:13,BSCI201,0105,Caitlin Fox,24,24,0,2026-09-21 07:09:33,2026-09-21 07:09:33.448
2026-09-21 07:05:13,BSCI201,0106,Caitlin Fox,24,24,0,2026-09-21 07:09:33,2026-09-21 07:09:33.448
2026-09-21 07:05:13,BSCI201,0107,Caitlin Fox,24,24,0,2026-09-21 07:09:33,2026-09-21 07:09:33.448
2026-09-21 07:05:13,BSCI201,0109,Maira Goytia,24,24,0,2026-09-21 07:09:33,2026-09-21 07:09:33.448
2026-09-21 07:05:13,BSCI201,0110,Caitlin Fox,24,24,0,2026-09-21 07:09:33,2026-09-21 07:09:33.449
2026-09-21 07:05:13,BSCI201,0111,Caitlin Fox,24,24,0,2026-09-21 07:09:33,2026-09-21 07:09:33.449
2026-09-21 07:05:13,BSCI201,1101,Justicia Opoku-Edusei,24,24,0,2026-09-21 07:09:33,2026-09-21 07:09:33.449
2026-09-21 07:05:13,BSCI201,1103,Justicia Opoku-Edusei,24,24,0,2026-09-21 07:09:33,2026-09-21 07:09:33.449
2026-09-21 07:05:13,BSCI201,1104,Justicia Opoku-Edusei,24,24,0,2026-09-21 07:09:33,2026-09-21 07:09:33.449
2026-09-21 07:05:13,BSCI201,1105,Caitlin Fox,24,24,0,2026-09-21 07:09:33,2026-09-21 07:09:33.450
2026-09-21 07:05:13,BSCI201,1106,Caitlin Fox,24,24,0,2026-09-21 07:09:33,2026-09-21 07:09:33.450
2026-09-21 07:05:13,BSCI201,1108,Caitlin Fox,24,24,0,2026-09-21 07:09:33,2026-09-21 07:09:33.450
2026-09-21 07:05:13,BSCI201,1109,Justicia Opoku-Edusei,24,24,0,2026-09-21 07:09:33,2026-09-21 07:09:33.450
2026-09-21 07:05:13,BSCI201,1110,Justicia Opoku-Edusei,24,24,0,2026-09-21 07:09:33,2026-09-21 07:09:33.450
2026-09-21 07:05:13,BSCI202,0101,Caitlin Fox,24,24,0,2026-09-21 07:09:33,2026-09-21 07:09:33.913
2026-09-21 07:05:13,BSCI202,0102,Caitlin Fox,24,24,0,2026-09-21 07:09:33,2026-09-21 07:09:33.914
2026-09-21 07:05:13,BSCI202,0104,Caitlin Fox,24,24,0,2026-09-21 07:09:33,2026-09-21 07:09:33.914
2026-09-21 07:05:13,BSCI202,0108,Caitlin Fox,24,24,0,2026-09-21 07:09:33,2026-09-21 07:09:33.914
2026-09-21 07:05:13,BSCI202,0109,Maira Goytia,24,24,0,2026-09-21 07:09:33,2026-09-21 07:09:33.914
2026-09-21 07:05:13,BSCI202,0110,Caitlin Fox,24,24,0,2026-09-21 07:09:33,2026-09-21 07:09:33.914
2026-09-21 07:05:13,BSCI202,1101,Justicia Opoku-Edusei,24,24,0,2026-09-21 07:09:33,2026-09-21 07:09:33.915
2026-09-21 07:05:13,BSCI202,1103,Justicia Opoku-Edusei,24,24,0,2026-09-21 07:09:33,2026-09-21 07:09:33.915
2026-09-21 07:05:13,BSCI202,1104,Justicia Opoku-Edusei,24,24,0,2026-09-21 07:09:33,2026-09-21 07:09:33.915
2026-09-21 07:05:13,BSCI202,1106,Justicia Opoku-Edusei,24,24,0,2026-09-21 07:09:33,2026-09-21 07:09:33.915
2026-09-21 07:05:13,BSCI202,1107,Justicia Opoku-Edusei,24,24,0,2026-09-21 07:09:33,2026-09-21 07:09:33.915
2026-09-21 07:05:13,BSCI202,1108,Justicia Opoku-Edusei,24,24,0,2026-09-21 07:09:33,2026-09-21 07:09:33.916
2026-09-21 07:05:13,BSCI202,SES1,Edward Orlando,20,20,0,2026-09-21 07:09:33,2026-09-21 07:09:33.916
2026-09-21 07:05:13,BSCI207,0101,Karen Carleton,80,80,0,2026-09-21 07:09:34,2026-09-21 07:09:34.334
2026-09-21 07:05:13,BSCI207,0201,Chloe Garfinkel,80,80,0,2026-09-21 07:09:34,2026-09-21 07:09:34.335
2026-09-21 07:05:13,BSCI213,0101,Cordelia Weiss,20,20,0,2026-09-21 07:09:34,2026-09-21 07:09:34.756
2026-09-21 07:05:13,BSCI213,0102,Cordelia Weiss,20,20,0,2026-09-21 07:09:34,2026-09-21 07:09:34.757
2026-09-21 07:05:13,BSCI222,7106,Thomas Kocher,18,18,0,2026-09-21 07:09:35,2026-09-21 07:09:35.272
2026-09-21 07:05:13,BSCI222,7108,Thomas Kocher,18,18,0,2026-09-21 07:09:35,2026-09-21 07:09:35.272
2026-09-21 07:05:13,BSCI222,7110,Thomas Kocher,18,18,0,2026-09-21 07:09:35,2026-09-21 07:09:35.272
2026-09-21 07:05:13,BSCI222,7112,Thomas Kocher,18,18,0,2026-09-21 07:09:35,2026-09-21 07:09:35.272
2026-09-21 07:05:13,BSCI222,7114,Thomas Kocher,18,18,0,2026-09-21 07:09:35,2026-09-21 07:09:35.272
2026-09-21 07:05:13,BSCI222,7116,Thomas Kocher,18,18,0,2026-09-21 07:09:35,2026-09-21 07:09:35.273
2026-09-21 07:05:13,BSCI222,7118,Thomas Kocher,18,18,0,2026-09-21 07:09:35,2026-09-21 07:09:35.273
2026-09-21 07:05:13,BSCI222,7120,Thomas Kocher,18,18,0,2026-09-21 07:09:35,2026-09-21 07:09:35.273
2026-09-21 07:05:13,BSCI222,7130,Thomas Kocher,18,18,0,2026-09-21 07:09:35,2026-09-21 07:09:35.273
2026-09-21 07:05:13,BSCI222,7133,Thomas Kocher,18,18,0,2026-09-21 07:09:35,2026-09-21 07:09:35.273
2026-09-21 07:05:13,BSCI222,7214,Michael Keller,18,18,0,2026-09-21 07:09:35,2026-09-21 07:09:35.274
2026-09-21 07:05:13,BSCI222,7216,Michael Keller,18,18,0,2026-09-21 07:09:35,2026-09-21 07:09:35.274
2026-09-21 07:05:13,BSCI222,7218,Michael Keller,18,18,0,2026-09-21 07:09:35,2026-09-21 07:09:35.274
2026-09-21 07:05:13,BSCI222,7219,Michael Keller,18,18,0,2026-09-21 07:09:35,2026-09-21 07:09:35.274
2026-09-21 07:05:13,BSCI222,7220,Michael Keller,18,18,0,2026-09-21 07:09:35,2026-09-21 07:09:35.274
2026-09-21 07:05:13,BSCI222,7221,Michael Keller,18,18,0,2026-09-21 07:09:35,2026-09-21 07:09:35.274
2026-09-21 07:05:13,BSCI222,7222,Michael Keller,18,18,0,2026-09-21 07:09:35,2026-09-21 07:09:35.275
2026-09-21 07:05:13,BSCI222,7224,Michael Keller,18,18,0,2026-09-21 07:09:35,2026-09-21 07:09:35.275
2026-09-21 07:05:13,BSCI222,7226,Michael Keller,18,18,0,2026-09-21 07:09:35,2026-09-21 07:09:35.275
2026-09-21 07:05:13,BSCI222,7232,Michael Keller,18,18,0,2026-09-21 07:09:35,2026-09-21 07:09:35.275
2026-09-21 07:05:13,BSCI222,7234,Michael Keller,18,18,0,2026-09-21 07:09:35,2026-09-21 07:09:35.275
2026-09-21 07:05:13,BSCI222,7236,Michael Keller,18,18,0,2026-09-21 07:09:35,2026-09-21 07:09:35.276
2026-09-21 07:05:13,BSCI222,7310,Maria Colt,18,18,0,2026-09-21 07:09:35,2026-09-21 07:09:35.276
2026-09-21 07:05:13,BSCI222,7311,Maria Colt,18,18,0,2026-09-21 07:09:35,2026-09-21 07:09:35.276
2026-09-21 07:05:13,BSCI222,7312,Maria Colt,18,18,0,2026-09-21 07:09:35,2026-09-21 07:09:35.276
2026-09-21 07:05:13,BSCI222,7313,Maria Colt,18,18,0,2026-09-21 07:09:35,2026-09-21 07:09:35.276
2026-09-21 07:05:13,BSCI222,7315,Maria Colt,18,18,0,2026-09-21 07:09:35,2026-09-21 07:09:35.276
2026-09-21 07:05:13,BSCI222,7320,Maria Colt,18,18,0,2026-09-21 07:09:35,2026-09-21 07:09:35.277
2026-09-21 07:05:13,BSCI222,7325,Maria Colt,18,18,0,2026-09-21 07:09:35,2026-09-21 07:09:35.277
2026-09-21 07:05:13,BSCI222,7330,Maria Colt,18,18,0,2026-09-21 07:09:35,2026-09-21 07:09:35.277
2026-09-21 07:05:13,BSCI222,7332,Maria Colt,18,18,0,2026-09-21 07:09:35,2026-09-21 07:09:35.277
2026-09-21 07:05:13,BSCI222,7335,Maria Colt,18,18,0,2026-09-21 07:09:35,2026-09-21 07:09:35.277
2026-09-21 07:05:13,BSCI222,SES1,Kimberly Paczolt,23,23,0,2026-09-21 07:09:35,2026-09-21 07:09:35.277
2026-09-21 07:05:13,BSCI222,SES2,Kimberly Paczolt,20,20,0,2026-09-21 07:09:35,2026-09-21 07:09:35.278
2026-09-21 07:05:13,BSCI223,1021,John Buchner,16,16,0,2026-09-21 07:09:35,2026-09-21 07:09:35.742
2026-09-21 07:05:13,BSCI223,1025,John Buchner,16,16,0,2026-09-21 07:09:35,2026-09-21 07:09:35.742
2026-09-21 07:05:13,BSCI223,1026,John Buchner,16,16,0,2026-09-21 07:09:35,2026-09-21 07:09:35.742
2026-09-21 07:05:13,BSCI223,1101,John Buchner,16,16,0,2026-09-21 07:09:35,2026-09-21 07:09:35.742
2026-09-21 07:05:13,BSCI223,1105,John Buchner,16,16,0,2026-09-21 07:09:35,2026-09-21 07:09:35.742
2026-09-21 07:05:13,BSCI223,1106,John Buchner,16,16,0,2026-09-21 07:09:35,2026-09-21 07:09:35.742
2026-09-21 07:05:13,BSCI223,1121,John Buchner,16,16,0,2026-09-21 07:09:35,2026-09-21 07:09:35.743
2026-09-21 07:05:13,BSCI223,1125,John Buchner,16,16,0,2026-09-21 07:09:35,2026-09-21 07:09:35.743
2026-09-21 07:05:13,BSCI223,1126,John Buchner,16,16,0,2026-09-21 07:09:35,2026-09-21 07:09:35.743
2026-09-21 07:05:13,BSCI223,1201,John Buchner,16,16,0,2026-09-21 07:09:35,2026-09-21 07:09:35.743
2026-09-21 07:05:13,BSCI223,1206,John Buchner,16,16,0,2026-09-21 07:09:35,2026-09-21 07:09:35.743
2026-09-21 07:05:13,BSCI223,1221,John Buchner,16,16,0,2026-09-21 07:09:35,2026-09-21 07:09:35.744
2026-09-21 07:05:13,BSCI223,1225,John Buchner,16,16,0,2026-09-21 07:09:35,2026-09-21 07:09:35.744
2026-09-21 07:05:13,BSCI223,1226,John Buchner,16,16,0,2026-09-21 07:09:35,2026-09-21 07:09:35.744
2026-09-21 07:05:13,BSCI223,1301,John Buchner,16,16,0,2026-09-21 07:09:35,2026-09-21 07:09:35.744
2026-09-21 07:05:13,BSCI223,1306,John Buchner,16,16,0,2026-09-21 07:09:35,2026-09-21 07:09:35.744
2026-09-21 07:05:13,BSCI223,2401,John Buchner,16,16,0,2026-09-21 07:09:35,2026-09-21 07:09:35.744
2026-09-21 07:05:13,BSCI223,2406,John Buchner,16,16,0,2026-09-21 07:09:35,2026-09-21 07:09:35.745
2026-09-21 07:05:13,BSCI223,SES1,Cherisse Hall,20,20,0,2026-09-21 07:09:35,2026-09-21 07:09:35.745
2026-09-21 07:05:13,BSCI238I,0101,Aditri Gadigi,30,30,0,2026-09-21 07:09:36,2026-09-21 07:09:36.167
2026-09-21 07:05:13,BSCI258A,0101,Nicholas Fletcher,10,10,0,2026-09-21 07:09:36,2026-09-21 07:09:36.593
2026-09-21 07:05:13,BSCI258B,0101,Nicholas Fletcher,80,80,0,2026-09-21 07:09:37,2026-09-21 07:09:37.018
2026-09-21 07:05:13,BSCI279B,0101,Katerina Thompson,32,32,0,2026-09-21 07:09:37,2026-09-21 07:09:37.860
2026-09-21 07:05:13,BSCI279B,0102,Katerina Thompson,32,32,0,2026-09-21 07:09:37,2026-09-21 07:09:37.860
2026-09-21 07:05:13,BSCI279Q,0101,Daniel Butts,10,10,0,2026-09-21 07:09:38,2026-09-21 07:09:38.717
2026-09-21 07:05:13,BSCI283,1205,Kevin McIver,20,20,0,2026-09-21 07:09:39,2026-09-21 07:09:39.980
2026-09-21 07:05:13,BSCI283,1305,Daniel Stein,20,20,0,2026-09-21 07:09:39,2026-09-21 07:09:39.981
2026-09-21 07:05:13,BSCI329,1016,Hilary Bierman,5,5,0,2026-09-21 07:09:40,2026-09-21 07:09:40.410
2026-09-21 07:05:13,BSCI329,1028,Daniel Butts,10,10,0,2026-09-21 07:09:40,2026-09-21 07:09:40.411
2026-09-21 07:05:13,BSCI329,1033,Chan Lin,10,10,0,2026-09-21 07:09:40,2026-09-21 07:09:40.411
2026-09-21 07:05:13,BSCI329,1250,Justicia Opoku-Edusei,20,20,0,2026-09-21 07:09:40,2026-09-21 07:09:40.411
2026-09-21 07:05:13,BSCI329,1388,Corine Van der Weele,8,8,0,2026-09-21 07:09:40,2026-09-21 07:09:40.411
2026-09-21 07:05:13,BSCI329,ESG1,Hadiya Woodham,10,10,0,2026-09-21 07:09:40,2026-09-21 07:09:40.411
2026-09-21 07:05:13,BSCI331,0101,Kenneth Frauwirth,200,200,0,2026-09-21 07:09:40,2026-09-21 07:09:40.836
2026-09-21 07:05:13,BSCI331,0201,Kenneth Frauwirth,200,200,0,2026-09-21 07:09:40,2026-09-21 07:09:40.836
2026-09-21 07:05:13,BSCI332,0102,Corine Van der Weele,23,23,0,2026-09-21 07:09:41,2026-09-21 07:09:41.278
2026-09-21 07:05:13,BSCI332,0104,Corine Van der Weele,23,23,0,2026-09-21 07:09:41,2026-09-21 07:09:41.279
2026-09-21 07:05:13,BSCI332,0106,Corine Van der Weele,23,23,0,2026-09-21 07:09:41,2026-09-21 07:09:41.279
2026-09-21 07:05:13,BSCI332,0107,Corine Van der Weele,23,23,0,2026-09-21 07:09:41,2026-09-21 07:09:41.279
2026-09-21 07:05:13,BSCI332,0111,Corine Van der Weele,23,23,0,2026-09-21 07:09:41,2026-09-21 07:09:41.279
2026-09-21 07:05:13,BSCI332,1103,Corine Van der Weele,23,23,0,2026-09-21 07:09:41,2026-09-21 07:09:41.279
2026-09-21 07:05:13,BSCI332,1105,Corine Van der Weele,23,23,0,2026-09-21 07:09:41,2026-09-21 07:09:41.280
2026-09-21 07:05:13,BSCI332,1108,Corine Van der Weele,23,23,0,2026-09-21 07:09:41,2026-09-21 07:09:41.280
2026-09-21 07:05:13,BSCI332,1109,Corine Van der Weele,23,23,0,2026-09-21 07:09:41,2026-09-21 07:09:41.280
2026-09-21 07:05:13,BSCI332,1111,Corine Van der Weele,23,23,0,2026-09-21 07:09:41,2026-09-21 07:09:41.280
2026-09-21 07:05:13,BSCI332,1113,Corine Van der Weele,23,23,0,2026-09-21 07:09:41,2026-09-21 07:09:41.280
2026-09-21 07:05:13,BSCI334,0101,Katerina Thompson,60,60,0,2026-09-21 07:09:41,2026-09-21 07:09:41.699
2026-09-21 07:05:13,BSCI335,0101,Katerina Thompson,20,20,0,2026-09-21 07:09:42,2026-09-21 07:09:42.123
2026-09-21 07:05:13,BSCI335,0102,Katerina Thompson,20,20,0,2026-09-21 07:09:42,2026-09-21 07:09:42.124
2026-09-21 07:05:13,BSCI337,0101,Leo Shapiro,20,20,0,2026-09-21 07:09:42,2026-09-21 07:09:42.547
2026-09-21 07:05:13,BSCI337,0102,Leo Shapiro,20,20,0,2026-09-21 07:09:42,2026-09-21 07:09:42.547
2026-09-21 07:05:13,BSCI343,ESG1,Hadiya Woodham,30,30,0,2026-09-21 07:09:43,2026-09-21 07:09:43.389
2026-09-21 07:05:13,BSCI348A,0101,John Buchner,22,22,0,2026-09-21 07:09:44,2026-09-21 07:09:44.224
2026-09-21 07:05:13,BSCI348B,SES1,Erik Lontok,20,20,0,2026-09-21 07:09:44,2026-09-21 07:09:44.645
2026-09-21 07:05:13,BSCI348R,0101,Najib El-Sayed,10,10,0,2026-09-21 07:09:45,2026-09-21 07:09:45.063
2026-09-21 07:05:13,BSCI353,0101,Chan Lin,64,64,0,2026-09-21 07:09:45,2026-09-21 07:09:45.490
2026-09-21 07:05:13,BSCI353,0102,Melissa Caras,40,40,0,2026-09-21 07:09:45,2026-09-21 07:09:45.490
2026-09-21 07:05:13,BSCI353,ESG1,Vitaly Stepensky,40,40,0,2026-09-21 07:09:45,2026-09-21 07:09:45.490
2026-09-21 07:05:13,BSCI358A,ESG1,Vitaly Stepensky,30,30,0,2026-09-21 07:09:45,2026-09-21 07:09:45.913
2026-09-21 07:05:13,BSCI358B,ESG1,Gregory Simon,30,30,0,2026-09-21 07:09:46,2026-09-21 07:09:46.332
2026-09-21 07:05:13,BSCI361,0101,Daniel Gruner,25,25,0,2026-09-21 07:09:46,2026-09-21 07:09:46.763
2026-09-21 07:05:13,BSCI361,0102,Daniel Gruner,25,25,0,2026-09-21 07:09:46,2026-09-21 07:09:46.763
2026-09-21 07:05:13,BSCI370,0101,Alexandra Bely,64,64,0,2026-09-21 07:09:47,2026-09-21 07:09:47.189
2026-09-21 07:05:13,BSCI378H,0101,Kenneth Frauwirth,23,23,0,2026-09-21 07:09:47,2026-09-21 07:09:47.609
2026-09-21 07:05:13,BSCI398H,0101,Alexandra Bely,35,35,0,2026-09-21 07:09:50,2026-09-21 07:09:50.502
2026-09-21 07:05:13,BSCI401,0101,Gerald Wilkinson,39,39,0,2026-09-21 07:09:52,2026-09-21 07:09:52.161
2026-09-21 07:05:13,BSCI406,0101,Sergei Sukharev,20,20,0,2026-09-21 07:09:52,2026-09-21 07:09:52.580
2026-09-21 07:05:13,BSCI410,0101,Charles Seller,140,140,0,2026-09-21 07:09:52,2026-09-21 07:09:52.997
2026-09-21 07:05:13,BSCI412,0101,Erin Tran,18,18,0,2026-09-21 07:09:53,2026-09-21 07:09:53.428
2026-09-21 07:05:13,BSCI412,0103,Wade Winkler,18,18,0,2026-09-21 07:09:53,2026-09-21 07:09:53.428
2026-09-21 07:05:13,BSCI414,ESG1,Caitlin Fox,24,24,0,2026-09-21 07:09:53,2026-09-21 07:09:53.849
2026-09-21 07:05:13,BSCI416,0101,Silvia Bolland,42,42,0,2026-09-21 07:09:54,2026-09-21 07:09:54.271
2026-09-21 07:05:13,BSCI417,0101,Vincent Lee,30,30,0,2026-09-21 07:09:54,2026-09-21 07:09:54.689
2026-09-21 07:05:13,BSCI420,0101,Sougata Roy,62,62,0,2026-09-21 07:09:55,2026-09-21 07:09:55.113
2026-09-21 07:05:13,BSCI422,0101,Kenneth Frauwirth,25,25,0,2026-09-21 07:09:55,2026-09-21 07:09:55.544
2026-09-21 07:05:13,BSCI422,0102,Kenneth Frauwirth,25,25,0,2026-09-21 07:09:55,2026-09-21 07:09:55.544
2026-09-21 07:05:13,BSCI422,0103,David Mosser,25,25,0,2026-09-21 07:09:55,2026-09-21 07:09:55.545
2026-09-21 07:05:13,BSCI422,0104,David Mosser,25,25,0,2026-09-21 07:09:55,2026-09-21 07:09:55.545
2026-09-21 07:05:13,BSCI423,0101,Wenxia Song,18,18,0,2026-09-21 07:09:55,2026-09-21 07:09:55.968
2026-09-21 07:05:13,BSCI423,0102,Wenxia Song,18,18,0,2026-09-21 07:09:55,2026-09-21 07:09:55.968
2026-09-21 07:05:13,BSCI425,0101,Kan Cao,20,20,0,2026-09-21 07:09:56,2026-09-21 07:09:56.390
2026-09-21 07:05:13,BSCI430,0101,Eric Haag,35,35,0,2026-09-21 07:09:56,2026-09-21 07:09:56.809
2026-09-21 07:05:13,BSCI433,0101,Jeff Maltas,30,30,0,2026-09-21 07:09:57,2026-09-21 07:09:57.233
2026-09-21 07:05:13,BSCI433,PDS1,Beth Parent,25,25,0,2026-09-21 07:09:57,2026-09-21 07:09:57.234
2026-09-21 07:05:13,BSCI435,0101,Tapan Goel,18,18,0,2026-09-21 07:09:57,2026-09-21 07:09:57.660
2026-09-21 07:05:13,BSCI436,0101,Jonathan Dinman,60,60,0,2026-09-21 07:09:58,2026-09-21 07:09:58.088
2026-09-21 07:05:13,BSCI437,0101,Jeffrey DeStefano,70,70,0,2026-09-21 07:09:58,2026-09-21 07:09:58.511
2026-09-21 07:05:13,BSCI437,ESG1,Gilad Ofek,40,40,0,2026-09-21 07:09:58,2026-09-21 07:09:58.511
2026-09-21 07:05:13,BSCI437H,0101,Jeffrey DeStefano,8,8,0,2026-09-21 07:09:58,2026-09-21 07:09:58.930
2026-09-21 07:05:13,BSCI439B,ESG1,Maira Goytia,40,40,0,2026-09-21 07:09:59,2026-09-21 07:09:59.351
2026-09-21 07:05:13,BSCI439E,0101,Beatrice Kondo,5,5,0,2026-09-21 07:09:59,2026-09-21 07:09:59.771
2026-09-21 07:05:13,BSCI439G,0101,Beatrice Kondo,5,5,0,2026-09-21 07:10:00,2026-09-21 07:10:00.222
2026-09-21 07:05:13,BSCI439L,0101,Instructor: TBA,5,5,0,2026-09-21 07:10:00,2026-09-21 07:10:00.646
2026-09-21 07:05:13,BSCI442,0101,Daniel Rodriguez Leal,20,20,0,2026-09-21 07:10:01,2026-09-21 07:10:01.100
2026-09-21 07:05:13,BSCI442,0102,Jose Feijo,20,20,0,2026-09-21 07:10:01,2026-09-21 07:10:01.100
2026-09-21 07:05:13,BSCI450,0101,Juan Angueyra,130,130,0,2026-09-21 07:10:01,2026-09-21 07:10:01.569
2026-09-21 07:05:13,BSCI450,0201,Joshua Singer,120,120,0,2026-09-21 07:10:01,2026-09-21 07:10:01.569
2026-09-21 07:05:13,BSCI450,PDS1,William Higgins,20,20,0,2026-09-21 07:10:01,2026-09-21 07:10:01.569
2026-09-21 07:05:13,BSCI451,0101,Corine Van der Weele,20,20,0,2026-09-21 07:10:02,2026-09-21 07:10:02.111
2026-09-21 07:05:13,BSCI451,0102,Corine Van der Weele,20,20,0,2026-09-21 07:10:02,2026-09-21 07:10:02.111
2026-09-21 07:05:13,BSCI451,0103,Corine Van der Weele,20,20,0,2026-09-21 07:10:02,2026-09-21 07:10:02.111
2026-09-21 07:05:13,BSCI451,0104,Corine Van der Weele,20,20,0,2026-09-21 07:10:02,2026-09-21 07:10:02.112
2026-09-21 07:05:13,BSCI452,0101,Chan Lin,40,40,0,2026-09-21 07:10:02,2026-09-21 07:10:02.590
2026-09-21 07:05:13,BSCI453,0101,Nikolas Francis,38,38,0,2026-09-21 07:10:03,2026-09-21 07:10:03.024
2026-09-21 07:05:13,BSCI455,0101,Hilary Bierman,16,16,0,2026-09-21 07:10:03,2026-09-21 07:10:03.456
2026-09-21 07:05:13,BSCI455,0102,Hilary Bierman,16,16,0,2026-09-21 07:10:03,2026-09-21 07:10:03.456
2026-09-21 07:05:13,BSCI455,0103,Hilary Bierman,16,16,0,2026-09-21 07:10:03,2026-09-21 07:10:03.457
2026-09-21 07:05:13,BSCI456,0101,Colenso Speer,5,5,0,2026-09-21 07:10:03,2026-09-21 07:10:03.889
2026-09-21 07:05:13,BSCI477,0101,Emily Bruns,40,40,0,2026-09-21 07:10:04,2026-09-21 07:10:04.333
2026-09-21 07:05:13,BSCI487,0101,Kelly Hamby,24,24,0,2026-09-21 07:10:04,2026-09-21 07:10:04.799
2026-09-21 07:05:13,BSOS355,0101,Liza Lebrun,40,40,0,2026-09-21 07:10:06,2026-09-21 07:10:06.585
2026-09-21 07:05:13,BSOS361,0101,TC Lloyd,30,30,0,2026-09-21 07:10:07,2026-09-21 07:10:07.017
2026-09-21 07:05:13,BSOS361,0102,TC Lloyd,30,30,0,2026-09-21 07:10:07,2026-09-21 07:10:07.017
2026-09-21 07:05:13,BSOS448M,0101,Brandee Pettus,12,12,0,2026-09-21 07:10:07,2026-09-21 07:10:07.440
2026-09-21 07:05:13,BUMO600,0501,Sheetal Singh,52,52,0,2026-09-21 07:10:30,2026-09-21 07:10:30.835
2026-09-21 07:05:13,BUMO604,0501,Jon Crocker,0,0,0,2026-09-21 07:10:31,2026-09-21 07:10:31.254
2026-09-21 07:05:13,BUMO614,0501,Waverly Ding,58,58,0,2026-09-21 07:10:31,2026-09-21 07:10:31.674
2026-09-21 07:05:13,BUMO701,0501,Jason Choi,65,65,0,2026-09-21 07:10:32,2026-09-21 07:10:32.093
2026-09-21 07:05:13,BUMO703,0501,Mary Beth Furst,65,65,0,2026-09-21 07:10:32,2026-09-21 07:10:32.518
2026-09-21 07:05:13,BUMO711,0501,Sheetal Singh,65,65,0,2026-09-21 07:10:32,2026-09-21 07:10:32.937
2026-09-21 07:05:13,BUMO714,0501,Rellie Rozin,0,0,0,2026-09-21 07:10:33,2026-09-21 07:10:33.361
2026-09-21 07:05:13,BUMO723,0501,Stephen Sclafani,58,58,0,2026-09-21 07:10:33,2026-09-21 07:10:33.779
2026-09-21 07:05:13,BUMO724,0501,Stephen Sclafani,58,58,0,2026-09-21 07:10:34,2026-09-21 07:10:34.207
2026-09-21 07:05:13,BUMO726,0501,Stephen Sclafani,58,58,0,2026-09-21 07:10:34,2026-09-21 07:10:34.624
2026-09-21 07:05:13,BUMO731,0501,Balaji Padmanabhan,58,58,0,2026-09-21 07:10:35,2026-09-21 07:10:35.049
2026-09-21 07:05:13,BUMO733,0501,Balaji Padmanabhan,58,58,0,2026-09-21 07:10:35,2026-09-21 07:10:35.470
2026-09-21 07:05:13,BUMO758P,0501,Jon Crocker,37,37,0,2026-09-21 07:10:35,2026-09-21 07:10:35.887
2026-09-21 07:05:13,BUMO780,0501,Jennifer Marr,37,37,0,2026-09-21 07:10:36,2026-09-21 07:10:36.728
2026-09-21 07:05:13,BUMO780,0502,Jennifer Marr,37,37,0,2026-09-21 07:10:36,2026-09-21 07:10:36.729
2026-09-21 07:05:13,BUMO782,0501,Mike Hoffmeyer,40,40,0,2026-09-21 07:10:37,2026-09-21 07:10:37.148
2026-09-21 07:05:13,BUMO785,0501,Maria Bustamante,65,65,0,2026-09-21 07:10:37,2026-09-21 07:10:37.569
2026-09-21 07:05:13,BUMO790,0501,Roy Thomason,65,65,0,2026-09-21 07:10:37,2026-09-21 07:10:37.996
2026-09-21 07:05:13,BUMO790,0502,Roy Thomason,65,65,0,2026-09-21 07:10:37,2026-09-21 07:10:37.996
2026-09-21 07:05:13,BUMO791,0501,Roy Thomason,65,65,0,2026-09-21 07:10:38,2026-09-21 07:10:38.419
2026-09-21 07:05:13,BUMO791,0502,Roy Thomason,65,65,0,2026-09-21 07:10:38,2026-09-21 07:10:38.419
2026-09-21 07:05:13,CHIN100,0101,Yuli Wang,15,15,0,2026-09-21 07:11:36,2026-09-21 07:11:36.160
2026-09-21 07:05:13,CHIN121,0101,Mei Kong,15,15,0,2026-09-21 07:11:36,2026-09-21 07:11:36.585
2026-09-21 07:05:13,CHIN122,0101,Mei Kong,15,15,0,2026-09-21 07:11:37,2026-09-21 07:11:37.011
2026-09-21 07:05:13,CHIN122,0201,Mei Kong,15,15,0,2026-09-21 07:11:37,2026-09-21 07:11:37.011
2026-09-21 07:05:13,CHIN122,0301,Guiling Hu,15,15,0,2026-09-21 07:11:37,2026-09-21 07:11:37.012
2026-09-21 07:05:13,CHIN207,0101,Guiling Hu,15,15,0,2026-09-21 07:11:37,2026-09-21 07:11:37.442
2026-09-21 07:05:13,CHIN207,0201,Guiling Hu,15,15,0,2026-09-21 07:11:37,2026-09-21 07:11:37.442
2026-09-21 07:05:13,CHIN302,0101,Jungjung Lee,15,15,0,2026-09-21 07:11:37,2026-09-21 07:11:37.862
2026-09-21 07:05:13,CHIN302,0201,Jungjung Lee,15,15,0,2026-09-21 07:11:37,2026-09-21 07:11:37.862
2026-09-21 07:05:13,CHIN307,0101,Minglang Zhou,25,25,0,2026-09-21 07:11:38,2026-09-21 07:11:38.296
2026-09-21 07:05:13,CHIN315,0101,Mei Nan,25,25,0,2026-09-21 07:11:38,2026-09-21 07:11:38.721
2026-09-21 07:05:13,CHIN332,0101,Yuli Wang,15,15,0,2026-09-21 07:11:39,2026-09-21 07:11:39.147
2026-09-21 07:05:13,CHIN402,0101,Jungjung Lee,15,15,0,2026-09-21 07:11:40,2026-09-21 07:11:40.009
2026-09-21 07:05:13,CHIN415,0101,Jungjung Lee,15,15,0,2026-09-21 07:11:40,2026-09-21 07:11:40.434
2026-09-21 07:05:13,CHIN418O,0101,Mei Nan,25,25,0,2026-09-21 07:11:40,2026-09-21 07:11:40.851
2026-09-21 07:05:13,CHIN441,0101,Andrew Schonebaum,20,20,0,2026-09-21 07:11:41,2026-09-21 07:11:41.277
2026-09-21 07:05:13,CHSE205,0101,Yewon Lee,60,60,0,2026-09-21 07:11:45,2026-09-21 07:11:45.905
2026-09-21 07:05:13,CHSE205,0201,Katryna Andrusik,50,50,0,2026-09-21 07:11:45,2026-09-21 07:11:45.906
2026-09-21 07:05:13,CHSE228D,0101,Nikita Kimani,16,16,0,2026-09-21 07:11:46,2026-09-21 07:11:46.324
2026-09-21 07:05:13,CHSE376,0101,Michael Dunham,20,20,0,2026-09-21 07:11:46,2026-09-21 07:11:46.764
2026-09-21 07:05:13,CHSE376,0201,Elizabeth Martinez,20,20,0,2026-09-21 07:11:46,2026-09-21 07:11:46.764
2026-09-21 07:05:13,CHSE376,0301,Colleen McGilpin,20,20,0,2026-09-21 07:11:46,2026-09-21 07:11:46.764
2026-09-21 07:05:13,CHSE376,0401,Chanai Brewster,15,15,0,2026-09-21 07:11:46,2026-09-21 07:11:46.764
2026-09-21 07:05:13,CHSE376,0501,Michael Dunham,15,15,0,2026-09-21 07:11:46,2026-09-21 07:11:46.764
2026-09-21 07:05:13,CHSE476,0101,Michael Dunham,20,20,0,2026-09-21 07:11:47,2026-09-21 07:11:47.603
2026-09-21 07:05:13,CHSE477,0101,Michael Dunham,18,18,0,2026-09-21 07:11:48,2026-09-21 07:11:48.024
2026-09-21 07:05:13,CHSE480,0101,Michael Dunham,18,18,0,2026-09-21 07:11:48,2026-09-21 07:11:48.530
2026-09-21 07:05:13,CHSE489,1901,Amy D'Agati,10,10,0,2026-09-21 07:11:48,2026-09-21 07:11:48.945
2026-09-21 07:05:13,CINE245,0201,Instructor: TBA,27,27,0,2026-09-21 07:11:51,2026-09-21 07:11:51.280
2026-09-21 07:05:13,CINE245,0301,Instructor: TBA,27,27,0,2026-09-21 07:11:51,2026-09-21 07:11:51.280
2026-09-21 07:05:13,CINE280,0101,Eric Zakim,25,25,0,2026-09-21 07:11:51,2026-09-21 07:11:51.708
2026-09-21 07:05:13,CINE280,0102,Eric Zakim,25,25,0,2026-09-21 07:11:51,2026-09-21 07:11:51.709
2026-09-21 07:05:13,CINE280,0103,Eric Zakim,25,25,0,2026-09-21 07:11:51,2026-09-21 07:11:51.709
2026-09-21 07:05:13,CINE280,0104,Eric Zakim,25,25,0,2026-09-21 07:11:51,2026-09-21 07:11:51.709
2026-09-21 07:05:13,CINE282,0101,Susan Pramschufer,35,35,0,2026-09-21 07:11:52,2026-09-21 07:11:52.129
2026-09-21 07:05:13,CINE298B,0101,Sean Pue,20,20,0,2026-09-21 07:11:52,2026-09-21 07:11:52.552
2026-09-21 07:05:13,CINE302,0101,Luka Arsenjuk,30,30,0,2026-09-21 07:11:52,2026-09-21 07:11:52.976
2026-09-21 07:05:13,CINE310,0101,Nathaniel Stevens,15,15,0,2026-09-21 07:11:53,2026-09-21 07:11:53.390
2026-09-21 07:05:13,CINE319A,0101,Instructor: TBA,20,20,0,2026-09-21 07:11:53,2026-09-21 07:11:53.805
2026-09-21 07:05:13,CINE319I,0101,Yael Inbar,15,15,0,2026-09-21 07:11:54,2026-09-21 07:11:54.224
2026-09-21 07:05:13,CINE319P,5501,Samuel Crawford,10,10,0,2026-09-21 07:11:54,2026-09-21 07:11:54.646
2026-09-21 07:05:13,CINE329E,0101,Elizabeth Papazian,25,25,0,2026-09-21 07:11:55,2026-09-21 07:11:55.072
2026-09-21 07:05:13,CINE329N,0101,Daniel Richter,25,25,0,2026-09-21 07:11:55,2026-09-21 07:11:55.504
2026-09-21 07:05:13,CINE329Z,0101,Daniel Richter,25,25,0,2026-09-21 07:11:55,2026-09-21 07:11:55.928
2026-09-21 07:05:13,CINE335,0101,Jason Kuo,25,25,0,2026-09-21 07:11:56,2026-09-21 07:11:56.347
2026-09-21 07:05:13,CINE369C,0101,Mauro Resmini,40,40,0,2026-09-21 07:11:56,2026-09-21 07:11:56.768
2026-09-21 07:05:13,CINE369F,0101,Alexis Lothian,30,30,0,2026-09-21 07:11:57,2026-09-21 07:11:57.184
2026-09-21 07:05:13,CINE369K,0101,Instructor: TBA,20,20,0,2026-09-21 07:11:57,2026-09-21 07:11:57.608
2026-09-21 07:05:13,CINE376,0101,Ross Angelella,14,14,0,2026-09-21 07:11:58,2026-09-21 07:11:58.030
2026-09-21 07:05:13,CINE376,0102,Ross Angelella,5,5,0,2026-09-21 07:11:58,2026-09-21 07:11:58.030
2026-09-21 07:05:13,CINE419E,0101,Stephanie Sapienza,15,15,0,2026-09-21 07:11:59,2026-09-21 07:11:59.288
2026-09-21 07:05:13,CINE429O,0101,Mei Nan,25,25,0,2026-09-21 07:11:59,2026-09-21 07:11:59.702
2026-09-21 07:05:13,CINE459C,0101,Saverio Giovacchini,54,54,0,2026-09-21 07:12:00,2026-09-21 07:12:00.392
2026-09-21 07:05:13,CINE469Y,0101,Jason Kuo,14,14,0,2026-09-21 07:12:01,2026-09-21 07:12:01.020
2026-09-21 07:05:13,CLAS170,0101,Katherine Wasdin,21,21,0,2026-09-21 07:12:03,2026-09-21 07:12:04.009
2026-09-21 07:05:13,CLAS170,0102,Katherine Wasdin,21,21,0,2026-09-21 07:12:03,2026-09-21 07:12:04.009
2026-09-21 07:05:13,CLAS170,0103,Katherine Wasdin,21,21,0,2026-09-21 07:12:03,2026-09-21 07:12:04.009
2026-09-21 07:05:13,CLAS170,0104,Katherine Wasdin,21,21,0,2026-09-21 07:12:03,2026-09-21 07:12:04.009
2026-09-21 07:05:13,CLAS170,0105,Katherine Wasdin,21,21,0,2026-09-21 07:12:03,2026-09-21 07:12:04.010
2026-09-21 07:05:13,CLAS170,0106,Katherine Wasdin,21,21,0,2026-09-21 07:12:03,2026-09-21 07:12:04.010
2026-09-21 07:05:13,CLAS170,0107,Katherine Wasdin,21,21,0,2026-09-21 07:12:03,2026-09-21 07:12:04.010
2026-09-21 07:05:13,CLAS170,0108,Katherine Wasdin,21,21,0,2026-09-21 07:12:03,2026-09-21 07:12:04.010
2026-09-21 07:05:13,CLAS170,0109,Katherine Wasdin,21,21,0,2026-09-21 07:12:03,2026-09-21 07:12:04.010
2026-09-21 07:05:13,CLAS276,0101,Eric Adler,25,25,0,2026-09-21 07:12:04,2026-09-21 07:12:04.451
2026-09-21 07:05:13,CLAS276,0102,Eric Adler,25,25,0,2026-09-21 07:12:04,2026-09-21 07:12:04.451
2026-09-21 07:05:13,CLAS276,0103,Eric Adler,25,25,0,2026-09-21 07:12:04,2026-09-21 07:12:04.452
2026-09-21 07:05:13,CLAS276,0104,Eric Adler,25,25,0,2026-09-21 07:12:04,2026-09-21 07:12:04.452
2026-09-21 07:05:13,CLAS276,0105,Eric Adler,25,25,0,2026-09-21 07:12:04,2026-09-21 07:12:04.452
2026-09-21 07:05:13,CLAS276,0106,Eric Adler,25,25,0,2026-09-21 07:12:04,2026-09-21 07:12:04.452
2026-09-21 07:05:13,CLAS333,0101,Nathan Levine,35,35,0,2026-09-21 07:12:04,2026-09-21 07:12:04.879
2026-09-21 07:05:13,CLAS333,PBU1,Nathan Levine,3,3,0,2026-09-21 07:12:04,2026-09-21 07:12:04.879
2026-09-21 07:05:13,CLAS340,0101,Katherine Wasdin,35,35,0,2026-09-21 07:12:05,2026-09-21 07:12:05.295
2026-09-21 07:05:13,CMLT235,0101,Instructor: TBA,30,30,0,2026-09-21 07:12:11,2026-09-21 07:12:11.413
2026-09-21 07:05:13,CMLT270,0201,Instructor: TBA,30,30,0,2026-09-21 07:12:11,2026-09-21 07:12:11.834
2026-09-21 07:05:13,CMLT270,0301,Instructor: TBA,30,30,0,2026-09-21 07:12:11,2026-09-21 07:12:11.834
2026-09-21 07:05:13,CMLT275,0101,Instructor: TBA,30,30,0,2026-09-21 07:12:12,2026-09-21 07:12:12.256
2026-09-21 07:05:13,CMLT277,0101,Instructor: TBA,30,30,0,2026-09-21 07:12:12,2026-09-21 07:12:12.679
2026-09-21 07:05:13,CMLT280,0101,Eric Zakim,25,25,0,2026-09-21 07:12:13,2026-09-21 07:12:13.110
2026-09-21 07:05:13,CMLT280,0102,Eric Zakim,25,25,0,2026-09-21 07:12:13,2026-09-21 07:12:13.110
2026-09-21 07:05:13,CMLT280,0103,Eric Zakim,25,25,0,2026-09-21 07:12:13,2026-09-21 07:12:13.110
2026-09-21 07:05:13,CMLT280,0104,Eric Zakim,25,25,0,2026-09-21 07:12:13,2026-09-21 07:12:13.110
2026-09-21 07:05:13,CPBE101,0101,Oliver Schlake,75,75,0,2026-09-21 07:12:42,2026-09-21 07:12:42.522
2026-09-21 07:05:13,CPBE230,0101,Oliver Schlake,30,30,0,2026-09-21 07:12:42,2026-09-21 07:12:42.940
2026-09-21 07:05:13,CPBE240,0101,Oliver Schlake,20,20,0,2026-09-21 07:12:43,2026-09-21 07:12:43.359
2026-09-21 07:05:13,CPBE250,0101,Oliver Schlake,30,30,0,2026-09-21 07:12:43,2026-09-21 07:12:43.780
2026-09-21 07:05:13,CPCV101,0101,Julie Randolph,40,40,0,2026-09-21 07:12:45,2026-09-21 07:12:45.550
2026-09-21 07:05:13,CPCV101,0201,Julie Randolph,40,40,0,2026-09-21 07:12:45,2026-09-21 07:12:45.551
2026-09-21 07:05:13,CPCV230,0101,Korey Rothman,20,20,0,2026-09-21 07:12:45,2026-09-21 07:12:45.971
2026-09-21 07:05:13,CPCV230,0201,Korey Rothman,20,20,0,2026-09-21 07:12:45,2026-09-21 07:12:45.971
2026-09-21 07:05:13,CPDJ101,0101,Jess Feltner,75,75,0,2026-09-21 07:12:47,2026-09-21 07:12:47.739
2026-09-21 07:05:13,CPDJ230,0101,Jess Feltner,10,10,0,2026-09-21 07:12:48,2026-09-21 07:12:48.196
2026-09-21 07:05:13,CPDJ240,0101,Jess Feltner,8,8,0,2026-09-21 07:12:48,2026-09-21 07:12:48.613
2026-09-21 07:05:13,CPDJ250,0101,Jess Feltner,10,10,0,2026-09-21 07:12:49,2026-09-21 07:12:49.030
2026-09-21 07:05:13,CPET101,0101,Dani Moore,78,78,0,2026-09-21 07:12:50,2026-09-21 07:12:50.811
2026-09-21 07:05:13,CPET230,0101,Dani Moore,50,50,0,2026-09-21 07:12:51,2026-09-21 07:12:51.241
2026-09-21 07:05:13,CPET240,0101,Dani Moore,20,20,0,2026-09-21 07:12:51,2026-09-21 07:12:51.668
2026-09-21 07:05:13,CPET250,0101,Dani Moore,15,15,0,2026-09-21 07:12:52,2026-09-21 07:12:52.091
2026-09-21 07:05:13,CPGH101,0101,Angshuman Kashyap,75,75,0,2026-09-21 07:12:53,2026-09-21 07:12:53.871
2026-09-21 07:05:13,CPGH210,0101,Haley Clark,80,80,0,2026-09-21 07:12:54,2026-09-21 07:12:54.288
2026-09-21 07:05:13,CPGH230,0101,John Wiggins,30,30,0,2026-09-21 07:12:54,2026-09-21 07:12:54.709
2026-09-21 07:05:13,CPGH240,0101,John Wiggins,30,30,0,2026-09-21 07:12:55,2026-09-21 07:12:55.125
2026-09-21 07:05:13,CPGH250,0101,John Wiggins,25,25,0,2026-09-21 07:12:55,2026-09-21 07:12:55.545
2026-09-21 07:05:13,CPGH270,0101,John Wiggins,5,5,0,2026-09-21 07:12:55,2026-09-21 07:12:55.966
2026-09-21 07:05:13,CPJT101,0101,Justine DeCamillis,75,75,0,2026-09-21 07:12:57,2026-09-21 07:12:57.740
2026-09-21 07:05:13,CPJT230,0101,Justine DeCamillis,35,35,0,2026-09-21 07:12:58,2026-09-21 07:12:58.159
2026-09-21 07:05:13,CPJT240,0101,Justine DeCamillis,25,25,0,2026-09-21 07:12:58,2026-09-21 07:12:58.571
2026-09-21 07:05:13,CPJT250,0101,Victoria Worley,25,25,0,2026-09-21 07:12:58,2026-09-21 07:12:58.988
2026-09-21 07:05:13,CPMS101,0101,Alison Burns,75,75,0,2026-09-21 07:13:00,2026-09-21 07:13:00.791
2026-09-21 07:05:13,CPMS230,0101,Alison Burns,30,30,0,2026-09-21 07:13:01,2026-09-21 07:13:01.233
2026-09-21 07:05:13,CPMS240,0101,Alison Burns,15,15,0,2026-09-21 07:13:01,2026-09-21 07:13:01.663
2026-09-21 07:05:13,CPPL101,0101,Kelly Brower,75,75,0,2026-09-21 07:13:03,2026-09-21 07:13:03.480
2026-09-21 07:05:13,CPSA101,0101,Heather-Erin Bremenstuhl,75,75,0,2026-09-21 07:13:05,2026-09-21 07:13:05.288
2026-09-21 07:05:13,CPSA149,0101,Harold Burgess,20,20,0,2026-09-21 07:13:05,2026-09-21 07:13:05.710
2026-09-21 07:05:13,CPSA201,0101,Heather-Erin Bremenstuhl,75,75,0,2026-09-21 07:13:06,2026-09-21 07:13:06.135
2026-09-21 07:05:13,CPSA240,0101,Harold Burgess,15,15,0,2026-09-21 07:13:06,2026-09-21 07:13:06.550
2026-09-21 07:05:13,CPSA250,0101,Heather-Erin Bremenstuhl,10,10,0,2026-09-21 07:13:06,2026-09-21 07:13:06.975
2026-09-21 07:05:13,CPSA250,0201,Heather-Erin Bremenstuhl,10,10,0,2026-09-21 07:13:06,2026-09-21 07:13:06.975
2026-09-21 07:05:13,CPSA250,0301,Heather-Erin Bremenstuhl,10,10,0,2026-09-21 07:13:06,2026-09-21 07:13:06.976
2026-09-21 07:05:13,CPSA260,0101,Heather-Erin Bremenstuhl,10,10,0,2026-09-21 07:13:07,2026-09-21 07:13:07.395
2026-09-21 07:05:13,CPSA260,0201,Heather-Erin Bremenstuhl,10,10,0,2026-09-21 07:13:07,2026-09-21 07:13:07.396
2026-09-21 07:05:13,CPSA260,0301,Alexandra Lynch,10,10,0,2026-09-21 07:13:07,2026-09-21 07:13:07.396
2026-09-21 07:05:13,CPSF101,0101,Nicholas Fletcher,75,75,0,2026-09-21 07:13:09,2026-09-21 07:13:09.153
2026-09-21 07:05:13,CPSG101,0101,Thomas Holtz,75,75,0,2026-09-21 07:13:10,2026-09-21 07:13:10.932
2026-09-21 07:05:13,CPSG230,0101,John Merck,50,50,0,2026-09-21 07:13:11,2026-09-21 07:13:11.347
2026-09-21 07:05:13,CPSG240,0101,John Merck,25,25,0,2026-09-21 07:13:11,2026-09-21 07:13:11.763
2026-09-21 07:05:13,CPSG250,0101,John Merck,25,25,0,2026-09-21 07:13:12,2026-09-21 07:13:12.180
2026-09-21 07:05:13,CPSN101,0101,Hansol Kwak,75,75,0,2026-09-21 07:13:13,2026-09-21 07:13:13.951
2026-09-21 07:05:13,CPSN230,0101,Ellin Chung,40,40,0,2026-09-21 07:13:14,2026-09-21 07:13:14.367
2026-09-21 07:05:13,CPSN240,0101,Ellin Chung,15,15,0,2026-09-21 07:13:14,2026-09-21 07:13:14.791
2026-09-21 07:05:13,CPSN250,0101,Hansol Kwak,25,25,0,2026-09-21 07:13:15,2026-09-21 07:13:15.212
2026-09-21 07:05:13,CPSP239A,0101,Heather-Erin Bremenstuhl,10,10,0,2026-09-21 07:13:16,2026-09-21 07:13:16.999
2026-09-21 07:05:13,CPSP259J,0101,Alison Burns,10,10,0,2026-09-21 07:13:17,2026-09-21 07:13:17.425
2026-09-21 07:05:13,CPSP279N,0101,Stacy Kosko,10,10,0,2026-09-21 07:13:17,2026-09-21 07:13:17.839
2026-09-21 07:05:13,CPSP339P,0101,Kelly Brower,15,15,0,2026-09-21 07:13:18,2026-09-21 07:13:18.253
2026-09-21 07:05:13,CPSP359G,0101,John Merck,25,25,0,2026-09-21 07:13:18,2026-09-21 07:13:18.671
2026-09-21 07:05:13,CPSP359S,0101,David Eubanks,24,24,0,2026-09-21 07:13:19,2026-09-21 07:13:19.093
2026-09-21 07:05:13,CPSP369E,0101,Tim Knight,7,7,0,2026-09-21 07:13:19,2026-09-21 07:13:19.515
2026-09-21 07:05:13,CPSP369E,0102,Tim Knight,5,5,0,2026-09-21 07:13:19,2026-09-21 07:13:19.515
2026-09-21 07:05:13,CPSS101,0101,Christine Alexander,75,75,0,2026-09-21 07:13:21,2026-09-21 07:13:21.285
2026-09-21 07:05:13,CPSS225,0101,Roan Parrish,20,20,0,2026-09-21 07:13:21,2026-09-21 07:13:21.711
2026-09-21 07:05:13,CPSS225,0201,Melinda Baldwin,20,20,0,2026-09-21 07:13:21,2026-09-21 07:13:21.711
2026-09-21 07:05:13,CPSS240,0101,Timothy Reedy,25,25,0,2026-09-21 07:13:22,2026-09-21 07:13:22.129
2026-09-21 07:05:13,CPSS340,0101,Nicole Mogul,20,20,0,2026-09-21 07:13:22,2026-09-21 07:13:22.552
2026-09-21 07:05:13,DATA100,0111,Matthew Griffin,27,27,0,2026-09-21 07:13:39,2026-09-21 07:13:39.692
2026-09-21 07:05:13,DATA100,0112,Matthew Griffin,27,27,0,2026-09-21 07:13:39,2026-09-21 07:13:39.693
2026-09-21 07:05:13,DATA100,0121,Matthew Griffin,27,27,0,2026-09-21 07:13:39,2026-09-21 07:13:39.693
2026-09-21 07:05:13,DATA100,0122,Matthew Griffin,27,27,0,2026-09-21 07:13:39,2026-09-21 07:13:39.693
2026-09-21 07:05:13,DATA100,0123,Matthew Griffin,27,27,0,2026-09-21 07:13:39,2026-09-21 07:13:39.693
2026-09-21 07:05:13,DATA100,0124,Matthew Griffin,27,27,0,2026-09-21 07:13:39,2026-09-21 07:13:39.693
2026-09-21 07:05:13,DATA100,0131,Matthew Griffin,27,27,0,2026-09-21 07:13:39,2026-09-21 07:13:39.693
2026-09-21 07:05:13,DATA100,0141,Matthew Griffin,27,27,0,2026-09-21 07:13:39,2026-09-21 07:13:39.694
2026-09-21 07:05:13,DATA100,0211,Matthew Griffin,27,27,0,2026-09-21 07:13:39,2026-09-21 07:13:39.694
2026-09-21 07:05:13,DATA100,0212,Matthew Griffin,27,27,0,2026-09-21 07:13:39,2026-09-21 07:13:39.694
2026-09-21 07:05:13,DATA100,0221,Matthew Griffin,27,27,0,2026-09-21 07:13:39,2026-09-21 07:13:39.694
2026-09-21 07:05:13,DATA100,0222,Matthew Griffin,27,27,0,2026-09-21 07:13:39,2026-09-21 07:13:39.694
2026-09-21 07:05:13,DATA100,0223,Matthew Griffin,27,27,0,2026-09-21 07:13:39,2026-09-21 07:13:39.695
2026-09-21 07:05:13,DATA100,0224,Matthew Griffin,27,27,0,2026-09-21 07:13:39,2026-09-21 07:13:39.695
2026-09-21 07:05:13,DATA100,0231,Matthew Griffin,27,27,0,2026-09-21 07:13:39,2026-09-21 07:13:39.695
2026-09-21 07:05:13,DATA100,0241,Matthew Griffin,27,27,0,2026-09-21 07:13:39,2026-09-21 07:13:39.695
2026-09-21 07:05:13,DATA100,0242,Matthew Griffin,27,27,0,2026-09-21 07:13:39,2026-09-21 07:13:39.695
2026-09-21 07:05:13,DATA100,0311,Jonathan Fernandes,25,25,0,2026-09-21 07:13:39,2026-09-21 07:13:39.695
2026-09-21 07:05:13,DATA100,0312,Jonathan Fernandes,25,25,0,2026-09-21 07:13:39,2026-09-21 07:13:39.696
2026-09-21 07:05:13,DATA100,0321,Jonathan Fernandes,25,25,0,2026-09-21 07:13:39,2026-09-21 07:13:39.696
2026-09-21 07:05:13,DATA100,0322,Jonathan Fernandes,25,25,0,2026-09-21 07:13:39,2026-09-21 07:13:39.696
2026-09-21 07:05:13,DATA100,0323,Jonathan Fernandes,25,25,0,2026-09-21 07:13:39,2026-09-21 07:13:39.696
2026-09-21 07:05:13,DATA100,0331,Jonathan Fernandes,25,25,0,2026-09-21 07:13:39,2026-09-21 07:13:39.696
2026-09-21 07:05:13,DATA100,0332,Jonathan Fernandes,29,29,0,2026-09-21 07:13:39,2026-09-21 07:13:39.697
2026-09-21 07:05:13,DATA110,0101,Susan Mazzullo,310,310,0,2026-09-21 07:13:40,2026-09-21 07:13:40.121
2026-09-21 07:05:13,DATA120,0101,Fardina Alam,200,200,0,2026-09-21 07:13:40,2026-09-21 07:13:40.537
2026-09-21 07:05:13,DATA200,0101,Fardina Alam,90,90,0,2026-09-21 07:13:40,2026-09-21 07:13:40.955
2026-09-21 07:05:13,DATA250,0101,Todd Rowland,30,30,0,2026-09-21 07:13:41,2026-09-21 07:13:41.380
2026-09-21 07:05:13,DATA320,0101,Maksym Morawski,20,20,0,2026-09-21 07:13:41,2026-09-21 07:13:41.798
2026-09-21 07:05:13,DATA320,0201,Fardina Alam,20,20,0,2026-09-21 07:13:41,2026-09-21 07:13:41.798
2026-09-21 07:05:13,DATA320,0301,Anna Evtushenko,12,12,0,2026-09-21 07:13:41,2026-09-21 07:13:41.798
2026-09-21 07:05:13,DATA350,0101,Todd Rowland,30,30,0,2026-09-21 07:13:42,2026-09-21 07:13:42.223
2026-09-21 07:05:13,DATA350,0201,Raluca Rosca,30,30,0,2026-09-21 07:13:42,2026-09-21 07:13:42.223
2026-09-21 07:05:13,DATA400,0111,Archana Khurana,27,27,0,2026-09-21 07:13:42,2026-09-21 07:13:42.678
2026-09-21 07:05:13,DATA400,0121,Archana Khurana,27,27,0,2026-09-21 07:13:42,2026-09-21 07:13:42.678
2026-09-21 07:05:13,DATA400,0131,Archana Khurana,27,27,0,2026-09-21 07:13:42,2026-09-21 07:13:42.678
2026-09-21 07:05:13,DATA400,0211,Salman Safdar,27,27,0,2026-09-21 07:13:42,2026-09-21 07:13:42.678
2026-09-21 07:05:13,DATA400,0311,Shixin Zheng,27,27,0,2026-09-21 07:13:42,2026-09-21 07:13:42.679
2026-09-21 07:05:13,DATA400,0321,Shixin Zheng,30,30,0,2026-09-21 07:13:42,2026-09-21 07:13:42.679
2026-09-21 07:05:13,DATA400,0331,Shixin Zheng,27,27,0,2026-09-21 07:13:42,2026-09-21 07:13:42.679
2026-09-21 07:05:13,DATA400,0411,Mestiyage Gunatilleka,27,27,0,2026-09-21 07:13:42,2026-09-21 07:13:42.679
2026-09-21 07:05:13,DATA400,0412,Mestiyage Gunatilleka,27,27,0,2026-09-21 07:13:42,2026-09-21 07:13:42.679
2026-09-21 07:05:13,DATA400,0421,Mestiyage Gunatilleka,27,27,0,2026-09-21 07:13:42,2026-09-21 07:13:42.680
2026-09-21 07:05:13,DATA400,0422,Mestiyage Gunatilleka,27,27,0,2026-09-21 07:13:42,2026-09-21 07:13:42.680
2026-09-21 07:05:13,DATA400,0431,Mestiyage Gunatilleka,27,27,0,2026-09-21 07:13:42,2026-09-21 07:13:42.680
2026-09-21 07:05:13,DATA400,0432,Mestiyage Gunatilleka,27,27,0,2026-09-21 07:13:42,2026-09-21 07:13:42.680
2026-09-21 07:05:13,DATA602,PCS1,Tammy Perrin,30,30,0,2026-09-21 07:13:43,2026-09-21 07:13:43.099
2026-09-21 07:05:13,DATA603,PWS1,Kemal Davaslioglu,50,50,0,2026-09-21 07:13:43,2026-09-21 07:13:43.513
2026-09-21 07:05:13,DATA604,PCS1,Wojciech Czaja,55,55,0,2026-09-21 07:13:43,2026-09-21 07:13:43.940
2026-09-21 07:05:13,DATA604,PCS2,Mestiyage Gunatilleka,55,55,0,2026-09-21 07:13:43,2026-09-21 07:13:43.940
2026-09-21 07:05:13,DATA604,PCS3,Kendall Williams,55,55,0,2026-09-21 07:13:43,2026-09-21 07:13:43.940
2026-09-21 07:05:13,DATA604,PCS4,Jonathan Fernandes,55,55,0,2026-09-21 07:13:43,2026-09-21 07:13:43.940
2026-09-21 07:05:13,DATA605,PCS1,Tammy Perrin,55,55,0,2026-09-21 07:13:44,2026-09-21 07:13:44.364
2026-09-21 07:05:13,DATA605,PCS2,Tammy Perrin,55,55,0,2026-09-21 07:13:44,2026-09-21 07:13:44.364
2026-09-21 07:05:13,DATA605,PWS1,Giacinto Paolo Saggese,55,55,0,2026-09-21 07:13:44,2026-09-21 07:13:44.364
2026-09-21 07:05:13,DATA606,PCS1,Abdirisak Mohamed,55,55,0,2026-09-21 07:13:44,2026-09-21 07:13:44.790
2026-09-21 07:05:13,DATA606,PCS2,Abdirisak Mohamed,55,55,0,2026-09-21 07:13:44,2026-09-21 07:13:44.790
2026-09-21 07:05:13,DATA606,PCS3,Toki Inan,55,55,0,2026-09-21 07:13:44,2026-09-21 07:13:44.790
2026-09-21 07:05:13,DATA612,PCS1,Samet Ayhan,55,55,0,2026-09-21 07:13:45,2026-09-21 07:13:45.221
2026-09-21 07:05:13,DATA612,PCS2,Samet Ayhan,55,55,0,2026-09-21 07:13:45,2026-09-21 07:13:45.221
2026-09-21 07:05:13,DATA612,PCS3,Emre Gunduzhan,55,55,0,2026-09-21 07:13:45,2026-09-21 07:13:45.221
2026-09-21 07:05:13,DATA641,PCS1,Armin Mehrabian,55,55,0,2026-09-21 07:13:45,2026-09-21 07:13:45.646
2026-09-21 07:05:13,EALL361,0101,Instructor: TBA,20,20,0,2026-09-21 07:13:47,2026-09-21 07:13:47.416
2026-09-21 07:05:13,EDDI300,0101,Nicole Mehta,20,20,0,2026-09-21 07:14:03,2026-09-21 07:14:03.300
2026-09-21 07:05:13,EMBA788V,GX01,Zhi-Long Chen,31,31,0,2026-09-21 07:14:36,2026-09-21 07:14:36.862
2026-09-21 07:05:13,ENAI603,0101,A Seyed,35,35,0,2026-09-21 07:14:52,2026-09-21 07:14:52.460
2026-09-21 07:05:13,ENAI603,AEC1,A Seyed,20,20,0,2026-09-21 07:14:52,2026-09-21 07:14:52.461
2026-09-21 07:05:13,ENBC312,ESG1,Kyunghun Lee,20,20,0,2026-09-21 07:14:54,2026-09-21 07:14:54.271
2026-09-21 07:05:13,ENBC321,ESG1,Jamasp Azarnoosh,20,20,0,2026-09-21 07:14:54,2026-09-21 07:14:54.693
2026-09-21 07:05:13,ENBC342,ESG1,Lan Ma,20,20,0,2026-09-21 07:14:55,2026-09-21 07:14:55.111
2026-09-21 07:05:13,ENBC351,ESG1,Jarred Callura,20,20,0,2026-09-21 07:14:55,2026-09-21 07:14:55.529
2026-09-21 07:05:13,ENBC352,ESG1,Jarred Callura,20,20,0,2026-09-21 07:14:55,2026-09-21 07:14:55.954
2026-09-21 07:05:13,ENBC403,ESG1,Jamasp Azarnoosh,20,20,0,2026-09-21 07:14:56,2026-09-21 07:14:56.374
2026-09-21 07:05:13,ENBC441,ESG1,Lan Ma,20,20,0,2026-09-21 07:14:56,2026-09-21 07:14:56.796
2026-09-21 07:05:13,ENBC455,ESG1,Jarred Callura,20,20,0,2026-09-21 07:14:57,2026-09-21 07:14:57.218
2026-09-21 07:05:13,ENBC491,ESG1,Lan Ma,20,20,0,2026-09-21 07:14:57,2026-09-21 07:14:57.644
2026-09-21 07:05:13,ENCO099,0101,Lizzy Solovey,200,200,0,2026-09-21 07:15:09,2026-09-21 07:15:09.697
2026-09-21 07:05:13,ENEB304,ESG1,Nestor Michael Tiglao,20,20,0,2026-09-21 07:15:11,2026-09-21 07:15:11.496
2026-09-21 07:05:13,ENEB345,ESG1,Nestor Michael Tiglao,20,20,0,2026-09-21 07:15:11,2026-09-21 07:15:11.914
2026-09-21 07:05:13,ENEB352,ESG1,Mohamed Hany,20,20,0,2026-09-21 07:15:12,2026-09-21 07:15:12.336
2026-09-21 07:05:13,ENEB353,ESG1,Manoj Franklin,20,20,0,2026-09-21 07:15:12,2026-09-21 07:15:12.756
2026-09-21 07:05:13,ENEB355,ESG1,Nestor Michael Tiglao,20,20,0,2026-09-21 07:15:13,2026-09-21 07:15:13.186
2026-09-21 07:05:13,ENEB408B,ESG1,Jerry Wu,20,20,0,2026-09-21 07:15:13,2026-09-21 07:15:13.610
2026-09-21 07:05:13,ENEB443,ESG1,George Zaki,20,20,0,2026-09-21 07:15:14,2026-09-21 07:15:14.175
2026-09-21 07:05:13,ENEB453,ESG1,Nestor Michael Tiglao,20,20,0,2026-09-21 07:15:14,2026-09-21 07:15:14.594
2026-09-21 07:05:13,ENEB455,ESG1,Jerry Wu,20,20,0,2026-09-21 07:15:15,2026-09-21 07:15:15.030
2026-09-21 07:05:13,ENEB456,ESG1,Nestor Michael Tiglao,20,20,0,2026-09-21 07:15:15,2026-09-21 07:15:15.454
2026-09-21 07:05:13,ENED037,0101,Hillary Owusu,20,20,0,2026-09-21 07:15:17,2026-09-21 07:15:17.239
2026-09-21 07:05:13,ENED290H,0101,Christopher Troilo,45,45,0,2026-09-21 07:15:17,2026-09-21 07:15:17.662
2026-09-21 07:05:13,ENED394H,0101,Maria Bardossy,40,40,0,2026-09-21 07:15:18,2026-09-21 07:15:18.096
2026-09-21 07:05:13,ENED397,0101,Emily Marks,9,9,0,2026-09-21 07:15:18,2026-09-21 07:15:18.522
2026-09-21 07:05:13,ENED490H,0101,David Ashley,45,45,0,2026-09-21 07:15:18,2026-09-21 07:15:18.942
2026-09-21 07:05:13,ENMT313,ESG1,Nicholas Limparis,3,3,0,2026-09-21 07:16:55,2026-09-21 07:16:55.845
2026-09-21 07:05:13,ENMT332,ESG1,Norman Wereley,4,4,0,2026-09-21 07:16:56,2026-09-21 07:16:56.261
2026-09-21 07:05:13,ENMT362,ESG1,Young Choi,3,3,0,2026-09-21 07:16:56,2026-09-21 07:16:56.674
2026-09-21 07:05:13,ENMT372,ESG1,Gurtajbir Herr,3,3,0,2026-09-21 07:16:57,2026-09-21 07:16:57.105
2026-09-21 07:05:13,ENMT477,ESG1,Gurtajbir Herr,7,7,0,2026-09-21 07:16:57,2026-09-21 07:16:57.521
2026-09-21 07:05:13,ENMT488C,ESG1,Colleen Murray,7,7,0,2026-09-21 07:16:57,2026-09-21 07:16:57.938
2026-09-21 07:05:13,ENMT488P,ESG1,Colleen Murray,7,7,0,2026-09-21 07:16:58,2026-09-21 07:16:58.358
2026-09-21 07:05:13,ENMT488Z,ESG1,Nicholas Limparis,7,7,0,2026-09-21 07:16:58,2026-09-21 07:16:58.775
2026-09-21 07:05:13,ENSP102,0101,Joanna Goger,22,22,0,2026-09-21 07:17:16,2026-09-21 07:17:16.147
2026-09-21 07:05:13,ENSP102,0102,Joanna Goger,22,22,0,2026-09-21 07:17:16,2026-09-21 07:17:16.147
2026-09-21 07:05:13,ENSP102,0103,Joanna Goger,23,23,0,2026-09-21 07:17:16,2026-09-21 07:17:16.147
2026-09-21 07:05:13,ENSP102,0104,Joanna Goger,22,22,0,2026-09-21 07:17:16,2026-09-21 07:17:16.148
2026-09-21 07:05:13,ENSP102,0105,Joanna Goger,22,22,0,2026-09-21 07:17:16,2026-09-21 07:17:16.148
2026-09-21 07:05:13,ENSP102,0106,Joanna Goger,22,22,0,2026-09-21 07:17:16,2026-09-21 07:17:16.148
2026-09-21 07:05:13,ENSP102,0107,Joanna Goger,22,22,0,2026-09-21 07:17:16,2026-09-21 07:17:16.148
2026-09-21 07:05:13,ENSP306,0101,Caroline Boules,30,30,0,2026-09-21 07:17:16,2026-09-21 07:17:16.562
2026-09-21 07:05:13,ENSP330,0101,Joanna Goger,35,35,0,2026-09-21 07:17:16,2026-09-21 07:17:16.975
2026-09-21 07:05:13,ENSP342,0101,Annette Spivy,35,35,0,2026-09-21 07:17:17,2026-09-21 07:17:17.395
2026-09-21 07:05:13,ENSP370,0101,Arielle Wharton,30,30,0,2026-09-21 07:17:17,2026-09-21 07:17:17.814
2026-09-21 07:05:13,ENSP399R,0101,Melissa Kenney,15,15,0,2026-09-21 07:17:19,2026-09-21 07:17:19.066
2026-09-21 07:05:13,ENSP399R,0301,Instructor: TBA,15,15,0,2026-09-21 07:17:19,2026-09-21 07:17:19.066
2026-09-21 07:05:13,ENSP399R,0601,Annette Spivy,10,10,0,2026-09-21 07:17:19,2026-09-21 07:17:19.066
2026-09-21 07:05:13,ENSP399R,1001,Jennifer Mullinax,10,10,0,2026-09-21 07:17:19,2026-09-21 07:17:19.066
2026-09-21 07:05:13,ENSP400,0101,Caroline Boules,30,30,0,2026-09-21 07:17:19,2026-09-21 07:17:19.487
2026-09-21 07:05:13,ENSP400,0102,Annette Spivy,30,30,0,2026-09-21 07:17:19,2026-09-21 07:17:19.488
2026-09-21 07:05:13,ENSP400,0104,Colleen O'Donnell,20,20,0,2026-09-21 07:17:19,2026-09-21 07:17:19.488
2026-09-21 07:05:13,FGSM398,0101,Jayakumar Arasan,120,120,0,2026-09-21 07:17:45,2026-09-21 07:17:45.464
2026-09-21 07:05:13,FGSM398,0201,Jayakumar Arasan,120,120,0,2026-09-21 07:17:45,2026-09-21 07:17:45.464
2026-09-21 07:05:13,GBHL200,0101,Leena Malayil,18,18,0,2026-09-21 07:18:12,2026-09-21 07:18:12.179
2026-09-21 07:05:13,GBHL200,0201,Leena Malayil,13,13,0,2026-09-21 07:18:12,2026-09-21 07:18:12.180
2026-09-21 07:05:13,GBHL210,0101,Leena Malayil,18,18,0,2026-09-21 07:18:12,2026-09-21 07:18:12.602
2026-09-21 07:05:13,GBHL210,0201,Leena Malayil,13,13,0,2026-09-21 07:18:12,2026-09-21 07:18:12.603
2026-09-21 07:05:13,GBHL310,0101,Catherine Maybury,15,15,0,2026-09-21 07:18:13,2026-09-21 07:18:13.027
2026-09-21 07:05:13,GBHL310,0201,Catherine Maybury,15,15,0,2026-09-21 07:18:13,2026-09-21 07:18:13.028
2026-09-21 07:05:13,GBHL497,0101,Hassanatu Blake,3,3,0,2026-09-21 07:18:14,2026-09-21 07:18:14.280
2026-09-21 07:05:13,GEMS102,0101,David Lovell,180,180,0,2026-09-21 07:18:16,2026-09-21 07:18:16.121
2026-09-21 07:05:13,GEMS208D,0101,Allison Lansverk,1,1,0,2026-09-21 07:18:16,2026-09-21 07:18:16.571
2026-09-21 07:05:13,GEMS208E,0101,Allison Lansverk,18,18,0,2026-09-21 07:18:16,2026-09-21 07:18:16.990
2026-09-21 07:05:13,GEMS208F,0201,Allison Lansverk,12,12,0,2026-09-21 07:18:17,2026-09-21 07:18:17.403
2026-09-21 07:05:13,GEMS208J,0101,Allison Lansverk,24,24,0,2026-09-21 07:18:17,2026-09-21 07:18:17.819
2026-09-21 07:05:13,GEMS208K,0101,Allison Lansverk,30,30,0,2026-09-21 07:18:18,2026-09-21 07:18:18.237
2026-09-21 07:05:13,GEMS208P,0101,Allison Lansverk,15,15,0,2026-09-21 07:18:18,2026-09-21 07:18:18.655
2026-09-21 07:05:13,GEMS208Q,0201,Allison Lansverk,1,1,0,2026-09-21 07:18:19,2026-09-21 07:18:19.100
2026-09-21 07:05:13,GEMS296,0113,David Lovell,5,5,0,2026-09-21 07:18:19,2026-09-21 07:18:19.535
2026-09-21 07:05:13,GEMS297,0101,Instructor: TBA,14,14,0,2026-09-21 07:18:19,2026-09-21 07:18:19.976
2026-09-21 07:05:13,GEMS297,0102,Instructor: TBA,14,14,0,2026-09-21 07:18:19,2026-09-21 07:18:19.976
2026-09-21 07:05:13,GEMS297,0103,Instructor: TBA,14,14,0,2026-09-21 07:18:19,2026-09-21 07:18:19.977
2026-09-21 07:05:13,GEMS297,0104,Instructor: TBA,14,14,0,2026-09-21 07:18:19,2026-09-21 07:18:19.977
2026-09-21 07:05:13,GEMS297,0105,Instructor: TBA,14,14,0,2026-09-21 07:18:19,2026-09-21 07:18:19.977
2026-09-21 07:05:13,GEMS297,0106,Instructor: TBA,14,14,0,2026-09-21 07:18:19,2026-09-21 07:18:19.977
2026-09-21 07:05:13,GEMS297,0107,Instructor: TBA,14,14,0,2026-09-21 07:18:19,2026-09-21 07:18:19.977
2026-09-21 07:05:13,GEMS297,0108,Instructor: TBA,14,14,0,2026-09-21 07:18:19,2026-09-21 07:18:19.977
2026-09-21 07:05:13,GEMS297,0109,Instructor: TBA,14,14,0,2026-09-21 07:18:19,2026-09-21 07:18:19.978
2026-09-21 07:05:13,GEMS297,0110,Instructor: TBA,14,14,0,2026-09-21 07:18:19,2026-09-21 07:18:19.978
2026-09-21 07:05:13,GEMS297,0111,Instructor: TBA,14,14,0,2026-09-21 07:18:19,2026-09-21 07:18:19.978
2026-09-21 07:05:13,GEMS297,0112,Instructor: TBA,14,14,0,2026-09-21 07:18:19,2026-09-21 07:18:19.978
2026-09-21 07:05:13,GEMS297,0113,Instructor: TBA,14,14,0,2026-09-21 07:18:19,2026-09-21 07:18:19.978
2026-09-21 07:05:13,GEMS297,0114,Instructor: TBA,14,14,0,2026-09-21 07:18:19,2026-09-21 07:18:19.979
2026-09-21 07:05:13,GEMS297,0115,Instructor: TBA,5,5,0,2026-09-21 07:18:19,2026-09-21 07:18:19.979
2026-09-21 07:05:13,GEMS396,0113,David Lovell,5,5,0,2026-09-21 07:18:20,2026-09-21 07:18:20.397
2026-09-21 07:05:13,GEMS397,0101,Michael Humber,14,14,0,2026-09-21 07:18:20,2026-09-21 07:18:20.840
2026-09-21 07:05:13,GEMS397,0102,Seth Dickey,14,14,0,2026-09-21 07:18:20,2026-09-21 07:18:20.840
2026-09-21 07:05:13,GEMS397,0103,Cecilia Huertas Cerdeira,14,14,0,2026-09-21 07:18:20,2026-09-21 07:18:20.840
2026-09-21 07:05:13,GEMS397,0104,Rodolphe Gentili,14,14,0,2026-09-21 07:18:20,2026-09-21 07:18:20.840
2026-09-21 07:05:13,GEMS397,0105,Allison Reilly,14,14,0,2026-09-21 07:18:20,2026-09-21 07:18:20.841
2026-09-21 07:05:13,GEMS397,0106,Peter Sunderland,14,14,0,2026-09-21 07:18:20,2026-09-21 07:18:20.841
2026-09-21 07:05:13,GEMS397,0107,Brett Lacey,14,14,0,2026-09-21 07:18:20,2026-09-21 07:18:20.841
2026-09-21 07:05:13,GEMS397,0108,Natalia Buzulukova,14,14,0,2026-09-21 07:18:20,2026-09-21 07:18:20.841
2026-09-21 07:05:13,GEMS397,0109,Anil Deane,14,14,0,2026-09-21 07:18:20,2026-09-21 07:18:20.841
2026-09-21 07:05:13,GEMS397,0110,Colenso Speer,14,14,0,2026-09-21 07:18:20,2026-09-21 07:18:20.842
2026-09-21 07:05:13,GEMS397,0111,Alisa Clyne,14,14,0,2026-09-21 07:18:20,2026-09-21 07:18:20.842
2026-09-21 07:05:13,GEMS397,0112,Xin Zan,14,14,0,2026-09-21 07:18:20,2026-09-21 07:18:20.842
2026-09-21 07:05:13,GEMS397,0113,Instructor: TBA,14,14,0,2026-09-21 07:18:20,2026-09-21 07:18:20.842
2026-09-21 07:05:13,GEMS397,0114,David Lovell,5,5,0,2026-09-21 07:18:20,2026-09-21 07:18:20.842
2026-09-21 07:05:13,GEMS397,0115,David Lovell,5,5,0,2026-09-21 07:18:20,2026-09-21 07:18:20.842
2026-09-21 07:05:13,GEMS496,0113,David Lovell,5,5,0,2026-09-21 07:18:21,2026-09-21 07:18:21.256
2026-09-21 07:05:13,GEMS497,0101,Eric Haag,14,14,0,2026-09-21 07:18:21,2026-09-21 07:18:21.695
2026-09-21 07:05:13,GEMS497,0102,Mohammad Nayeem Teli,14,14,0,2026-09-21 07:18:21,2026-09-21 07:18:21.695
2026-09-21 07:05:13,GEMS497,0103,Norberto Gonzalez- Juarbe,14,14,0,2026-09-21 07:18:21,2026-09-21 07:18:21.695
2026-09-21 07:05:13,GEMS497,0104,Abhinav Shrivastava,14,14,0,2026-09-21 07:18:21,2026-09-21 07:18:21.695
2026-09-21 07:05:13,GEMS497,0105,Hector Alcala,14,14,0,2026-09-21 07:18:21,2026-09-21 07:18:21.696
2026-09-21 07:05:13,GEMS497,0106,Massimo Ricotti,14,14,0,2026-09-21 07:18:21,2026-09-21 07:18:21.696
2026-09-21 07:05:13,GEMS497,0107,Reza Ghodssi,14,14,0,2026-09-21 07:18:21,2026-09-21 07:18:21.696
2026-09-21 07:05:13,GEMS497,0108,Nikhil Chopra,14,14,0,2026-09-21 07:18:21,2026-09-21 07:18:21.696
2026-09-21 07:05:13,GEMS497,0109,Kimberly Stroka,14,14,0,2026-09-21 07:18:21,2026-09-21 07:18:21.696
2026-09-21 07:05:13,GEMS497,0110,Gorjan Alagic,14,14,0,2026-09-21 07:18:21,2026-09-21 07:18:21.696
2026-09-21 07:05:13,GEMS497,0111,Alisa Clyne,14,14,0,2026-09-21 07:18:21,2026-09-21 07:18:21.697
2026-09-21 07:05:13,GEMS497,0112,Xin Zan,14,14,0,2026-09-21 07:18:21,2026-09-21 07:18:21.697
2026-09-21 07:05:13,GEMS497,0113,David Lovell,14,14,0,2026-09-21 07:18:21,2026-09-21 07:18:21.697
2026-09-21 07:05:13,GEMS497,0114,David Lovell,14,14,0,2026-09-21 07:18:21,2026-09-21 07:18:21.697
2026-09-21 07:05:13,GFPL100,0101,Alec Worsnop,21,21,0,2026-09-21 07:18:54,2026-09-21 07:18:54.807
2026-09-21 07:05:13,GFPL100,0102,Alec Worsnop,21,21,0,2026-09-21 07:18:54,2026-09-21 07:18:54.807
2026-09-21 07:05:13,GFPL100,0103,Alec Worsnop,21,21,0,2026-09-21 07:18:54,2026-09-21 07:18:54.807
2026-09-21 07:05:13,GFPL100,0104,Alec Worsnop,21,21,0,2026-09-21 07:18:54,2026-09-21 07:18:54.807
2026-09-21 07:05:13,GFPL100,0105,Alec Worsnop,21,21,0,2026-09-21 07:18:54,2026-09-21 07:18:54.807
2026-09-21 07:05:13,GFPL100,0106,Alec Worsnop,20,20,0,2026-09-21 07:18:54,2026-09-21 07:18:54.808
2026-09-21 07:05:13,GFPL102,0101,Caroline Ritter,95,95,0,2026-09-21 07:18:55,2026-09-21 07:18:55.223
2026-09-21 07:05:13,GFPL372,0101,Devin Entrikin,40,40,0,2026-09-21 07:18:55,2026-09-21 07:18:55.644
2026-09-21 07:05:13,GLBC200,0101,Parker Brookie,30,30,0,2026-09-21 07:18:57,2026-09-21 07:18:57.405
2026-09-21 07:05:13,GLBC360,0101,Hester Baer,30,30,0,2026-09-21 07:18:57,2026-09-21 07:18:57.824
2026-09-21 07:05:13,HACS101,0101,Michel Cukier,35,35,0,2026-09-21 07:19:34,2026-09-21 07:19:34.382
2026-09-21 07:05:13,HACS101,0201,Michel Cukier,35,35,0,2026-09-21 07:19:34,2026-09-21 07:19:34.382
2026-09-21 07:05:13,HACS201,0101,Bertrand Sobesto,26,26,0,2026-09-21 07:19:34,2026-09-21 07:19:34.807
2026-09-21 07:05:13,HACS208A,0101,Lawrence Gordon,20,20,0,2026-09-21 07:19:35,2026-09-21 07:19:35.225
2026-09-21 07:05:13,HACS208E,0101,Ian Serbin,26,26,0,2026-09-21 07:19:35,2026-09-21 07:19:35.645
2026-09-21 07:05:13,HACS208Z,0101,Zulema Belyeu,30,30,0,2026-09-21 07:19:36,2026-09-21 07:19:36.070
2026-09-21 07:05:13,HACS297,0101,Sarah Herberger,25,25,0,2026-09-21 07:19:37,2026-09-21 07:19:37.316
2026-09-21 07:05:13,HACS318A,0101,Lindsey Schrott,75,75,0,2026-09-21 07:19:37,2026-09-21 07:19:37.740
2026-09-21 07:05:13,HACS408C,0101,Lamia Zia,26,26,0,2026-09-21 07:19:38,2026-09-21 07:19:38.156
2026-09-21 07:05:13,HACS408P,0101,Firoozeh Rahimian,26,26,0,2026-09-21 07:19:38,2026-09-21 07:19:38.573
2026-09-21 07:05:13,HACS408T,0101,Kevin Bock,30,30,0,2026-09-21 07:19:38,2026-09-21 07:19:39.002
2026-09-21 07:05:13,HACS408V,0101,Edward Condon,30,30,0,2026-09-21 07:19:39,2026-09-21 07:19:39.425
2026-09-21 07:05:13,HACS497,0101,Cassie Harrington,25,25,0,2026-09-21 07:19:40,2026-09-21 07:19:40.267
2026-09-21 07:05:13,HACS498,0101,Thomas Woods,10,10,0,2026-09-21 07:19:40,2026-09-21 07:19:40.692
2026-09-21 07:05:13,HACS498,0201,Neal Ziring,18,18,0,2026-09-21 07:19:40,2026-09-21 07:19:40.692
2026-09-21 07:05:13,HACS498,0301,Michel Cukier,4,4,0,2026-09-21 07:19:40,2026-09-21 07:19:40.692
2026-09-21 07:05:13,HBUS105,0101,Daniel McCarthy,65,65,0,2026-09-21 07:19:42,2026-09-21 07:19:42.518
2026-09-21 07:05:13,HBUS205,0101,Jui Ramaprasad,60,60,0,2026-09-21 07:19:42,2026-09-21 07:19:42.940
2026-09-21 07:05:13,HDCC106,0101,Jessica Lu,10,10,0,2026-09-21 07:19:44,2026-09-21 07:19:44.718
2026-09-21 07:05:13,HDCC106,0201,William Evans,10,10,0,2026-09-21 07:19:44,2026-09-21 07:19:44.718
2026-09-21 07:05:13,HDCC106,0301,Grant Bollmer,10,10,0,2026-09-21 07:19:44,2026-09-21 07:19:44.718
2026-09-21 07:05:13,HDCC106,0401,Cliff Bakalian,10,10,0,2026-09-21 07:19:44,2026-09-21 07:19:44.718
2026-09-21 07:05:13,HDCC106,0501,Alex Leitch,10,10,0,2026-09-21 07:19:44,2026-09-21 07:19:44.718
2026-09-21 07:05:13,HDCC106,0601,Jade Olson,10,10,0,2026-09-21 07:19:44,2026-09-21 07:19:44.719
2026-09-21 07:05:13,HDCC106,0701,Courtney Ray,10,10,0,2026-09-21 07:19:44,2026-09-21 07:19:44.719
2026-09-21 07:05:13,HDCC209A,0101,Jessica Lu,15,15,0,2026-09-21 07:19:45,2026-09-21 07:19:45.152
2026-09-21 07:05:13,HDCC209B,0101,Nishtha Das,15,15,0,2026-09-21 07:19:45,2026-09-21 07:19:45.584
2026-09-21 07:05:13,HDCC209C,0101,Hansika Murugu,15,15,0,2026-09-21 07:19:46,2026-09-21 07:19:46.004
2026-09-21 07:05:13,HEBR107,0101,Avital Karpman,15,15,0,2026-09-21 07:19:48,2026-09-21 07:19:48.220
2026-09-21 07:05:13,HEBR107,0201,Avital Karpman,15,15,0,2026-09-21 07:19:48,2026-09-21 07:19:48.220
2026-09-21 07:05:13,HEBR207,0101,Avital Karpman,15,15,0,2026-09-21 07:19:48,2026-09-21 07:19:48.642
2026-09-21 07:05:13,HEBR249A,0101,Aliza Sandalon,15,15,0,2026-09-21 07:19:49,2026-09-21 07:19:49.085
2026-09-21 07:05:13,HEBR314,0101,Aliza Sandalon,20,20,0,2026-09-21 07:19:49,2026-09-21 07:19:49.501
2026-09-21 07:05:13,HGLO298,0101,Daniel Tuke,30,30,0,2026-09-21 07:20:20,2026-09-21 07:20:20.112
2026-09-21 07:05:13,HHUM106,0101,Sarah Humud,17,17,0,2026-09-21 07:20:21,2026-09-21 07:20:21.900
2026-09-21 07:05:13,HHUM106,0102,Sarah Humud,17,17,0,2026-09-21 07:20:21,2026-09-21 07:20:21.900
2026-09-21 07:05:13,HHUM106,0103,Sarah Humud,17,17,0,2026-09-21 07:20:21,2026-09-21 07:20:21.900
2026-09-21 07:05:13,HHUM106,0104,Sarah Humud,17,17,0,2026-09-21 07:20:21,2026-09-21 07:20:21.900
2026-09-21 07:05:13,HHUM206,0101,Sarah Humud,15,15,0,2026-09-21 07:20:22,2026-09-21 07:20:22.332
2026-09-21 07:05:13,HHUM206,0102,Sarah Humud,15,15,0,2026-09-21 07:20:22,2026-09-21 07:20:22.332
2026-09-21 07:05:13,HHUM206,0103,Sarah Humud,15,15,0,2026-09-21 07:20:22,2026-09-21 07:20:22.332
2026-09-21 07:05:13,HHUM206,0104,Sarah Humud,15,15,0,2026-09-21 07:20:22,2026-09-21 07:20:22.332
2026-09-21 07:05:13,HHUM328,0101,Sarah Humud,20,20,0,2026-09-21 07:20:22,2026-09-21 07:20:22.755
2026-09-21 07:05:13,HHUM329,0101,Sarah Humud,5,5,0,2026-09-21 07:20:23,2026-09-21 07:20:23.177
2026-09-21 07:05:13,HISP200,0101,Stefan Woehlke,22,22,0,2026-09-21 07:20:24,2026-09-21 07:20:25.009
2026-09-21 07:05:13,HISP200,0102,Stefan Woehlke,22,22,0,2026-09-21 07:20:24,2026-09-21 07:20:25.009
2026-09-21 07:05:13,HISP200,0103,Stefan Woehlke,22,22,0,2026-09-21 07:20:24,2026-09-21 07:20:25.009
2026-09-21 07:05:13,HISP200,0104,Stefan Woehlke,22,22,0,2026-09-21 07:20:24,2026-09-21 07:20:25.009
2026-09-21 07:05:13,HISP200,0105,Stefan Woehlke,22,22,0,2026-09-21 07:20:24,2026-09-21 07:20:25.010
2026-09-21 07:05:13,HISP319E,0101,Michelle Magalong,20,20,0,2026-09-21 07:20:25,2026-09-21 07:20:25.437
2026-09-21 07:05:13,HISP319S,0101,Michelle Magalong,30,30,0,2026-09-21 07:20:25,2026-09-21 07:20:25.873
2026-09-21 07:05:13,HISP619E,0101,Michelle Magalong,24,24,0,2026-09-21 07:20:26,2026-09-21 07:20:26.288
2026-09-21 07:05:13,HISP619O,0101,Stefan Woehlke,5,5,0,2026-09-21 07:20:26,2026-09-21 07:20:26.709
2026-09-21 07:05:13,HISP630,0101,Rhonda Sincavage,15,15,0,2026-09-21 07:20:27,2026-09-21 07:20:27.126
2026-09-21 07:05:13,HISP635,0101,Eola Dance,10,10,0,2026-09-21 07:20:27,2026-09-21 07:20:27.558
2026-09-21 07:05:13,HISP640,0101,Frederick Stachura,15,15,0,2026-09-21 07:20:27,2026-09-21 07:20:27.978
2026-09-21 07:05:13,HISP655,0101,Donald Linebaugh,15,15,0,2026-09-21 07:20:28,2026-09-21 07:20:28.402
2026-09-21 07:05:13,HISP660,0101,Instructor: TBA,15,15,0,2026-09-21 07:20:28,2026-09-21 07:20:28.815
2026-09-21 07:05:13,HISP670,0101,Alfonso Narvaez,15,15,0,2026-09-21 07:20:29,2026-09-21 07:20:29.238
2026-09-21 07:05:13,HISP690,0101,Donald Linebaugh,15,15,0,2026-09-21 07:20:29,2026-09-21 07:20:29.657
2026-09-21 07:05:13,HISP701,0101,Instructor: TBA,5,5,0,2026-09-21 07:20:30,2026-09-21 07:20:30.077
2026-09-21 07:05:13,HISP710,0101,Susan Kern,15,15,0,2026-09-21 07:20:30,2026-09-21 07:20:30.493
2026-09-21 07:05:13,HISP711,0101,Susan Kern,15,15,0,2026-09-21 07:20:30,2026-09-21 07:20:30.929
2026-09-21 07:05:13,HLSC102,0101,Sabrina Kramer,94,94,0,2026-09-21 07:21:19,2026-09-21 07:21:19.172
2026-09-21 07:05:13,HLSC102,0102,Jalah Townsend,35,35,0,2026-09-21 07:21:19,2026-09-21 07:21:19.172
2026-09-21 07:05:13,HLSC227,0101,Najib El-Sayed,25,25,0,2026-09-21 07:21:19,2026-09-21 07:21:19.597
2026-09-21 07:05:13,HLSC322,0101,Leslie Pick,23,23,0,2026-09-21 07:21:20,2026-09-21 07:21:20.030
2026-09-21 07:05:13,HLSC322,0102,Leslie Pick,23,23,0,2026-09-21 07:21:20,2026-09-21 07:21:20.030
2026-09-21 07:05:13,HLSC322,0103,Sabrina Kramer,23,23,0,2026-09-21 07:21:20,2026-09-21 07:21:20.030
2026-09-21 07:05:13,HLSC322,0104,Sabrina Kramer,23,23,0,2026-09-21 07:21:20,2026-09-21 07:21:20.030
2026-09-21 07:05:13,HLSC329,0101,Sabrina Kramer,12,12,0,2026-09-21 07:21:20,2026-09-21 07:21:20.447
2026-09-21 07:05:13,HNUH100,0101,Leigha McReynolds,10,10,0,2026-09-21 07:21:39,2026-09-21 07:21:39.659
2026-09-21 07:05:13,HNUH218D,0101,Brian Gilmore,50,50,0,2026-09-21 07:21:40,2026-09-21 07:21:40.077
2026-09-21 07:05:13,HNUH218L,0101,Shauna Rigaud,20,20,0,2026-09-21 07:21:40,2026-09-21 07:21:40.502
2026-09-21 07:05:13,HNUH218L,0201,Shauna Rigaud,20,20,0,2026-09-21 07:21:40,2026-09-21 07:21:40.502
2026-09-21 07:05:13,HNUH218M,0101,Instructor: TBA,20,20,0,2026-09-21 07:21:40,2026-09-21 07:21:40.922
2026-09-21 07:05:13,HNUH228D,0101,Matthew McLaughlin,20,20,0,2026-09-21 07:21:41,2026-09-21 07:21:41.348
2026-09-21 07:05:13,HNUH228L,0101,Alena Wigodner,20,20,0,2026-09-21 07:21:41,2026-09-21 07:21:41.767
2026-09-21 07:05:13,HNUH228L,0201,Alena Wigodner,20,20,0,2026-09-21 07:21:41,2026-09-21 07:21:41.767
2026-09-21 07:05:13,HNUH228M,0101,Ted Baker,20,20,0,2026-09-21 07:21:42,2026-09-21 07:21:42.183
2026-09-21 07:05:13,HNUH229P,0101,Tyson Slocum,20,20,0,2026-09-21 07:21:42,2026-09-21 07:21:42.599
2026-09-21 07:05:13,HNUH238D,0101,Susan Moeller,60,60,0,2026-09-21 07:21:43,2026-09-21 07:21:43.033
2026-09-21 07:05:13,HNUH238L,0101,Kimberly Johnson,20,20,0,2026-09-21 07:21:43,2026-09-21 07:21:43.458
2026-09-21 07:05:13,HNUH238L,0201,Kimberly Johnson,20,20,0,2026-09-21 07:21:43,2026-09-21 07:21:43.458
2026-09-21 07:05:13,HNUH238M,0101,Daniel Reck,20,20,0,2026-09-21 07:21:43,2026-09-21 07:21:43.878
2026-09-21 07:05:13,HNUH239I,0101,Jon Crocker,20,20,0,2026-09-21 07:21:44,2026-09-21 07:21:44.296
2026-09-21 07:05:13,HNUH248D,0101,Juan Uriagereka,45,45,0,2026-09-21 07:21:44,2026-09-21 07:21:44.722
2026-09-21 07:05:13,HNUH249T,0101,Daniel Rosenthal,20,20,0,2026-09-21 07:21:45,2026-09-21 07:21:45.138
2026-09-21 07:05:13,HNUH258C,0101,Bill Fagan,55,55,0,2026-09-21 07:21:45,2026-09-21 07:21:45.566
2026-09-21 07:05:13,HNUH258O,0101,Amy Green,20,20,0,2026-09-21 07:21:45,2026-09-21 07:21:45.985
2026-09-21 07:05:13,HNUH259T,0101,Ingrid Satelmajer,20,20,0,2026-09-21 07:21:46,2026-09-21 07:21:46.406
2026-09-21 07:05:13,HNUH268C,0101,Perla Guerrero,60,60,0,2026-09-21 07:21:46,2026-09-21 07:21:46.826
2026-09-21 07:05:13,HNUH268Q,0101,Ebonie Johnson Cooper,20,20,0,2026-09-21 07:21:47,2026-09-21 07:21:47.241
2026-09-21 07:05:13,HNUH268R,0201,Vasfiye Toprak,20,20,0,2026-09-21 07:21:47,2026-09-21 07:21:47.664
2026-09-21 07:05:13,HNUH269T,0101,James Stillwell,20,20,0,2026-09-21 07:21:48,2026-09-21 07:21:48.087
2026-09-21 07:05:13,HNUH278C,0101,Chinyere Osuji,60,60,0,2026-09-21 07:21:48,2026-09-21 07:21:48.514
2026-09-21 07:05:13,HNUH278I,0101,Marisa Franco,20,20,0,2026-09-21 07:21:48,2026-09-21 07:21:48.960
2026-09-21 07:05:13,HNUH278I,0201,Marisa Franco,20,20,0,2026-09-21 07:21:48,2026-09-21 07:21:48.960
2026-09-21 07:05:13,HNUH278O,0101,DeNeen Brown,20,20,0,2026-09-21 07:21:49,2026-09-21 07:21:49.377
2026-09-21 07:05:13,HNUH278Q,0101,Instructor: TBA,20,20,0,2026-09-21 07:21:49,2026-09-21 07:21:49.794
2026-09-21 07:05:13,HNUH278R,0101,Max Barnewitz,20,20,0,2026-09-21 07:21:50,2026-09-21 07:21:50.222
2026-09-21 07:05:13,HNUH288C,0101,Julia Steinberg,30,30,0,2026-09-21 07:21:50,2026-09-21 07:21:50.643
2026-09-21 07:05:13,HNUH288C,0102,Julia Steinberg,30,30,0,2026-09-21 07:21:50,2026-09-21 07:21:50.643
2026-09-21 07:05:13,HNUH288O,0101,Ariana Nash,20,20,0,2026-09-21 07:21:51,2026-09-21 07:21:51.058
2026-09-21 07:05:13,HNUH300,0201,Vasfiye Toprak,20,20,0,2026-09-21 07:21:51,2026-09-21 07:21:51.495
2026-09-21 07:05:13,HNUH300,0301,Shauna Rigaud,20,20,0,2026-09-21 07:21:51,2026-09-21 07:21:51.496
2026-09-21 07:05:13,HNUH300,0401,Instructor: TBA,20,20,0,2026-09-21 07:21:51,2026-09-21 07:21:51.496
2026-09-21 07:05:13,HNUH300,0501,Kimberly Johnson,20,20,0,2026-09-21 07:21:51,2026-09-21 07:21:51.496
2026-09-21 07:05:13,HNUH300,0701,Vasfiye Toprak,20,20,0,2026-09-21 07:21:51,2026-09-21 07:21:51.496
2026-09-21 07:05:13,HNUH300,0801,Instructor: TBA,20,20,0,2026-09-21 07:21:51,2026-09-21 07:21:51.496
2026-09-21 07:05:13,HNUH300,0901,Alena Wigodner,20,20,0,2026-09-21 07:21:51,2026-09-21 07:21:51.496
2026-09-21 07:05:13,HNUH300,1001,Robert Graham,20,20,0,2026-09-21 07:21:51,2026-09-21 07:21:51.497
2026-09-21 07:05:13,HNUH300,1101,Instructor: TBA,20,20,0,2026-09-21 07:21:51,2026-09-21 07:21:51.497
2026-09-21 07:05:13,HNUH398P,0101,Jayakumar Arasan,120,120,0,2026-09-21 07:21:51,2026-09-21 07:21:51.926
2026-09-21 07:05:13,HNUH398P,0201,Jayakumar Arasan,120,120,0,2026-09-21 07:21:51,2026-09-21 07:21:51.926
2026-09-21 07:05:13,HONR379W,0101,Blake Wilder,15,15,0,2026-09-21 07:21:53,2026-09-21 07:21:53.688
2026-09-21 07:05:13,IDEA201,0101,Mira Azarm,20,20,0,2026-09-21 07:21:55,2026-09-21 07:21:55.471
2026-09-21 07:05:13,IDEA201,0102,Christina Hnatov,10,10,0,2026-09-21 07:21:55,2026-09-21 07:21:55.471
2026-09-21 07:05:13,IDEA201,0103,Brooke Smith,60,60,0,2026-09-21 07:21:55,2026-09-21 07:21:55.471
2026-09-21 07:05:13,IDEA201,0104,Brooke Smith,60,60,0,2026-09-21 07:21:55,2026-09-21 07:21:55.471
2026-09-21 07:05:13,IDEA311,0101,Brooke Smith,40,40,0,2026-09-21 07:21:55,2026-09-21 07:21:55.894
2026-09-21 07:05:13,IDEA311,0102,Brooke Smith,15,15,0,2026-09-21 07:21:55,2026-09-21 07:21:55.894
2026-09-21 07:05:13,IMDM101,0101,Stevens Miller,30,30,0,2026-09-21 07:21:58,2026-09-21 07:21:58.585
2026-09-21 07:05:13,IMDM101,0201,Stevens Miller,30,30,0,2026-09-21 07:21:58,2026-09-21 07:21:58.586
2026-09-21 07:05:13,IMDM101,0301,Myungin Lee,30,30,0,2026-09-21 07:21:58,2026-09-21 07:21:58.586
2026-09-21 07:05:13,IMDM127,0101,Matthew Nolan,30,30,0,2026-09-21 07:21:59,2026-09-21 07:21:59.004
2026-09-21 07:05:13,IMDM150,0101,Cy Keener,45,45,0,2026-09-21 07:21:59,2026-09-21 07:21:59.433
2026-09-21 07:05:13,IMDM290,0101,Myungin Lee,30,30,0,2026-09-21 07:21:59,2026-09-21 07:21:59.858
2026-09-21 07:05:13,IMDM290,0201,Myungin Lee,30,30,0,2026-09-21 07:21:59,2026-09-21 07:21:59.859
2026-09-21 07:05:13,IMDM390,0101,Stefano Passeri,30,30,0,2026-09-21 07:22:00,2026-09-21 07:22:00.298
2026-09-21 07:05:13,IMDM390,0201,Stefano Passeri,30,30,0,2026-09-21 07:22:00,2026-09-21 07:22:00.298
2026-09-21 07:05:13,IMDM491,0101,Matthew Nolan,30,30,0,2026-09-21 07:22:01,2026-09-21 07:22:01.147
2026-09-21 07:05:13,IMDM491,0201,Matthew Nolan,30,30,0,2026-09-21 07:22:01,2026-09-21 07:22:01.147
2026-09-21 07:05:13,IMDM498I,0101,Snehesh Shrestha,16,16,0,2026-09-21 07:22:01,2026-09-21 07:22:01.624
2026-09-21 07:05:13,IMDM498J,0101,Yael Inbar,15,15,0,2026-09-21 07:22:02,2026-09-21 07:22:02.055
2026-09-21 07:05:13,IMMR200,0101,Instructor: TBA,40,40,0,2026-09-21 07:22:04,2026-09-21 07:22:04.266
2026-09-21 07:05:13,IMMR394,0101,Wenxi Yang,25,25,0,2026-09-21 07:22:04,2026-09-21 07:22:04.687
2026-09-21 07:05:13,IMMR399,0101,Christina Getrich,1,1,0,2026-09-21 07:22:05,2026-09-21 07:22:05.107
2026-09-21 07:05:13,INFM612,IM01,Instructor: TBA,40,40,0,2026-09-21 07:22:12,2026-09-21 07:22:12.825
2026-09-21 07:05:13,INFM737,IM01,David Loshin,40,40,0,2026-09-21 07:22:13,2026-09-21 07:22:13.246
2026-09-21 07:05:13,ISRL187,0101,Bernard Cooperman,23,23,0,2026-09-21 07:22:42,2026-09-21 07:22:42.975
2026-09-21 07:05:13,ISRL187,0102,Bernard Cooperman,23,23,0,2026-09-21 07:22:42,2026-09-21 07:22:42.975
2026-09-21 07:05:13,ISRL187,0103,Bernard Cooperman,23,23,0,2026-09-21 07:22:42,2026-09-21 07:22:42.975
2026-09-21 07:05:13,ISRL249O,0101,Aner Tal,35,35,0,2026-09-21 07:22:43,2026-09-21 07:22:43.402
2026-09-21 07:05:13,ISRL249P,0101,Aliza Sandalon,15,15,0,2026-09-21 07:22:43,2026-09-21 07:22:43.819
2026-09-21 07:05:13,ISRL282,0101,Shirelle Doughty,30,30,0,2026-09-21 07:22:44,2026-09-21 07:22:44.234
2026-09-21 07:05:13,ISRL329D,0101,Regev Ben-David,35,35,0,2026-09-21 07:22:44,2026-09-21 07:22:44.690
2026-09-21 07:05:13,ISRL329Y,0101,Marwa Maziad,30,30,0,2026-09-21 07:22:45,2026-09-21 07:22:45.119
2026-09-21 07:05:13,ISRL342,0101,Elli Lieberman,35,35,0,2026-09-21 07:22:45,2026-09-21 07:22:45.533
2026-09-21 07:05:13,ISRL349N,0101,Morad Elsana,30,30,0,2026-09-21 07:22:45,2026-09-21 07:22:45.950
2026-09-21 07:05:13,ISRL349W,0101,Avital Karpman,35,35,0,2026-09-21 07:22:46,2026-09-21 07:22:46.361
2026-09-21 07:05:13,ISRL380,0101,Regev Ben-David,35,35,0,2026-09-21 07:22:46,2026-09-21 07:22:46.777
2026-09-21 07:05:13,ISRL383,0101,Ilai Saltzman,35,35,0,2026-09-21 07:22:47,2026-09-21 07:22:47.192
2026-09-21 07:05:13,JAPN102,0101,Kumiko Akikawa,15,15,0,2026-09-21 07:22:52,2026-09-21 07:22:52.204
2026-09-21 07:05:13,JAPN102,0201,Kumiko Akikawa,15,15,0,2026-09-21 07:22:52,2026-09-21 07:22:52.204
2026-09-21 07:05:13,JAPN202,0101,Makiko Inoue,15,15,0,2026-09-21 07:22:52,2026-09-21 07:22:52.622
2026-09-21 07:05:13,JAPN202,0201,Makiko Inoue,15,15,0,2026-09-21 07:22:52,2026-09-21 07:22:52.623
2026-09-21 07:05:13,JAPN302,0101,Mari Hamada,15,15,0,2026-09-21 07:22:53,2026-09-21 07:22:53.039
2026-09-21 07:05:13,JAPN306,0101,Lindsay Yotsukura,15,15,0,2026-09-21 07:22:53,2026-09-21 07:22:53.448
2026-09-21 07:05:13,JAPN335,0101,Michele Mason,20,20,0,2026-09-21 07:22:53,2026-09-21 07:22:53.880
2026-09-21 07:05:13,JAPN355,0101,Jyana Browne,20,20,0,2026-09-21 07:22:54,2026-09-21 07:22:54.297
2026-09-21 07:05:13,JAPN361,0101,Instructor: TBA,20,20,0,2026-09-21 07:22:54,2026-09-21 07:22:54.720
2026-09-21 07:05:13,JAPN425,0101,Michele Mason,25,25,0,2026-09-21 07:22:55,2026-09-21 07:22:55.549
2026-09-21 07:05:13,JAPN457,0101,Lindsay Yotsukura,15,15,0,2026-09-21 07:22:55,2026-09-21 07:22:55.971
2026-09-21 07:05:13,JWST187,0101,Bernard Cooperman,23,23,0,2026-09-21 07:23:25,2026-09-21 07:23:25.857
2026-09-21 07:05:13,JWST187,0102,Bernard Cooperman,23,23,0,2026-09-21 07:23:25,2026-09-21 07:23:25.858
2026-09-21 07:05:13,JWST187,0103,Bernard Cooperman,23,23,0,2026-09-21 07:23:25,2026-09-21 07:23:25.858
2026-09-21 07:05:13,JWST233,0101,Hayim Lapin,30,30,0,2026-09-21 07:23:26,2026-09-21 07:23:26.281
2026-09-21 07:05:13,JWST319A,0101,Daniel Richter,35,35,0,2026-09-21 07:23:26,2026-09-21 07:23:26.702
2026-09-21 07:05:13,JWST319J,0101,Nathan Levine,35,35,0,2026-09-21 07:23:27,2026-09-21 07:23:27.125
2026-09-21 07:05:13,JWST319J,PBU1,Nathan Levine,3,3,0,2026-09-21 07:23:27,2026-09-21 07:23:27.125
2026-09-21 07:05:13,JWST319P,0101,Lauren Kotkin,18,18,0,2026-09-21 07:23:27,2026-09-21 07:23:27.548
2026-09-21 07:05:13,JWST319Q,0101,Regev Ben-David,35,35,0,2026-09-21 07:23:28,2026-09-21 07:23:28.009
2026-09-21 07:05:13,JWST319W,0101,Avital Karpman,35,35,0,2026-09-21 07:23:28,2026-09-21 07:23:28.435
2026-09-21 07:05:13,JWST324,0101,Matthew Suriano,25,25,0,2026-09-21 07:23:28,2026-09-21 07:23:28.858
2026-09-21 07:05:13,JWST386,0101,Instructor: TBA,5,5,0,2026-09-21 07:23:29,2026-09-21 07:23:29.281
2026-09-21 07:05:13,JWST419B,0101,Bernard Cooperman,9,9,0,2026-09-21 07:23:30,2026-09-21 07:23:30.119
2026-09-21 07:05:13,JWST427,0101,Matthew Suriano,15,15,0,2026-09-21 07:23:30,2026-09-21 07:23:30.538
2026-09-21 07:05:13,JWST469C,0101,Bernard Cooperman,10,10,0,2026-09-21 07:23:30,2026-09-21 07:23:30.983
2026-09-21 07:05:13,KORA101,0101,Seong Minne Koh,15,15,0,2026-09-21 07:24:08,2026-09-21 07:24:08.046
2026-09-21 07:05:13,KORA102,0101,Saerom Kwak,15,15,0,2026-09-21 07:24:08,2026-09-21 07:24:08.471
2026-09-21 07:05:13,KORA102,0201,Saerom Kwak,15,15,0,2026-09-21 07:24:08,2026-09-21 07:24:08.471
2026-09-21 07:05:13,KORA102,0301,Saerom Kwak,15,15,0,2026-09-21 07:24:08,2026-09-21 07:24:08.471
2026-09-21 07:05:13,KORA102,0401,Saerom Kwak,15,15,0,2026-09-21 07:24:08,2026-09-21 07:24:08.472
2026-09-21 07:05:13,KORA202,0101,Seong Minne Koh,15,15,0,2026-09-21 07:24:09,2026-09-21 07:24:09.425
2026-09-21 07:05:13,KORA202,0301,Seong Minne Koh,15,15,0,2026-09-21 07:24:09,2026-09-21 07:24:09.426
2026-09-21 07:05:13,KORA398O,0101,Instructor: TBA,10,10,0,2026-09-21 07:24:10,2026-09-21 07:24:10.321
2026-09-21 07:05:13,KORA398V,0101,Seong Minne Koh,10,10,0,2026-09-21 07:24:10,2026-09-21 07:24:10.746
2026-09-21 07:05:13,LEAD217,0101,Pamela Scott,25,25,0,2026-09-21 07:24:32,2026-09-21 07:24:32.181
2026-09-21 07:05:13,LEAD217,0201,Pamela Scott,25,25,0,2026-09-21 07:24:32,2026-09-21 07:24:32.182
2026-09-21 07:05:13,LEAD321,0101,Courtney Holder,10,10,0,2026-09-21 07:24:32,2026-09-21 07:24:32.597
2026-09-21 07:05:13,LEAD417,0101,Anastasia Lavrenyuk,20,20,0,2026-09-21 07:24:33,2026-09-21 07:24:33.018
2026-09-21 07:05:13,LGBT200,0101,Sayan Bhattacharya,25,25,0,2026-09-21 07:24:34,2026-09-21 07:24:34.822
2026-09-21 07:05:13,LGBT200,0102,Sayan Bhattacharya,25,25,0,2026-09-21 07:24:34,2026-09-21 07:24:34.822
2026-09-21 07:05:13,LGBT265,0201,Instructor: TBA,30,30,0,2026-09-21 07:24:35,2026-09-21 07:24:35.234
2026-09-21 07:05:13,LGBT310,0101,Sayan Bhattacharya,25,25,0,2026-09-21 07:24:35,2026-09-21 07:24:35.658
2026-09-21 07:05:13,LGBT475,0101,Sydney Lewis,20,20,0,2026-09-21 07:24:36,2026-09-21 07:24:36.079
2026-09-21 07:05:13,MLAW150,0101,David Gray,25,25,0,2026-09-21 07:25:20,2026-09-21 07:25:20.763
2026-09-21 07:05:13,MLAW150,0102,David Gray,25,25,0,2026-09-21 07:25:20,2026-09-21 07:25:20.763
2026-09-21 07:05:13,MLAW150,0103,David Gray,25,25,0,2026-09-21 07:25:20,2026-09-21 07:25:20.763
2026-09-21 07:05:13,MLAW304,0101,Christine White,40,40,0,2026-09-21 07:25:21,2026-09-21 07:25:21.187
2026-09-21 07:05:13,MLAW305,0201,Brian Gilmore,60,60,0,2026-09-21 07:25:21,2026-09-21 07:25:21.605
2026-09-21 07:05:13,MLAW325,0101,Grace Benton,12,12,0,2026-09-21 07:25:22,2026-09-21 07:25:22.028
2026-09-21 07:05:13,MLAW358W,0101,Michael Spivey,25,25,0,2026-09-21 07:25:22,2026-09-21 07:25:22.462
2026-09-21 07:05:13,MLAW358W,0102,Michael Spivey,25,25,0,2026-09-21 07:25:22,2026-09-21 07:25:22.462
2026-09-21 07:05:13,MLAW358W,0103,Michael Spivey,25,25,0,2026-09-21 07:25:22,2026-09-21 07:25:22.463
2026-09-21 07:05:13,MLAW358W,0104,Michael Spivey,25,25,0,2026-09-21 07:25:22,2026-09-21 07:25:22.463
2026-09-21 07:05:13,MLAW358W,0105,Michael Spivey,25,25,0,2026-09-21 07:25:22,2026-09-21 07:25:22.463
2026-09-21 07:05:13,MLAW358W,0106,Michael Spivey,25,25,0,2026-09-21 07:25:22,2026-09-21 07:25:22.463
2026-09-21 07:05:13,MLAW358Y,0101,Martin Kobren,5,5,0,2026-09-21 07:25:22,2026-09-21 07:25:22.880
2026-09-21 07:05:13,MLAW358Z,0101,Christine White,19,19,0,2026-09-21 07:25:23,2026-09-21 07:25:23.297
2026-09-21 07:05:13,MLAW359,0101,Brandee Pettus,8,8,0,2026-09-21 07:25:23,2026-09-21 07:25:23.711
2026-09-21 07:05:13,MLAW378E,0101,Brandee Pettus,5,5,0,2026-09-21 07:25:24,2026-09-21 07:25:24.131
2026-09-21 07:05:13,MLAW378F,0101,Brian Gilmore,15,15,0,2026-09-21 07:25:24,2026-09-21 07:25:24.552
2026-09-21 07:05:13,MLAW378J,0101,Natalie Ram,20,20,0,2026-09-21 07:25:24,2026-09-21 07:25:24.974
2026-09-21 07:05:13,MLAW378T,0101,Marley Weiss,20,20,0,2026-09-21 07:25:25,2026-09-21 07:25:25.394
2026-09-21 07:05:13,MLAW388,0101,Brandee Pettus,33,33,0,2026-09-21 07:25:25,2026-09-21 07:25:25.813
2026-09-21 07:05:13,MLAW388,0201,Brandee Pettus,6,6,0,2026-09-21 07:25:25,2026-09-21 07:25:25.813
2026-09-21 07:05:13,MLAW404,0101,Christine White,75,75,0,2026-09-21 07:25:26,2026-09-21 07:25:26.238
2026-09-21 07:05:13,MSAI602,PCS1,Tammy Perrin,30,30,0,2026-09-21 07:25:28,2026-09-21 07:25:28.015
2026-09-21 07:05:13,MSAI603,PWS1,Kemal Davaslioglu,50,50,0,2026-09-21 07:25:28,2026-09-21 07:25:28.434
2026-09-21 07:05:13,MSAI605,PCS1,Jerry Wu,55,55,0,2026-09-21 07:25:28,2026-09-21 07:25:28.856
2026-09-21 07:05:13,MSAI605,PCS2,Samet Ayhan,55,55,0,2026-09-21 07:25:28,2026-09-21 07:25:28.856
2026-09-21 07:05:13,MSAI605,PCS3,Rajeev Barua,65,65,0,2026-09-21 07:25:28,2026-09-21 07:25:28.856
2026-09-21 07:05:13,MSML602,PCS1,Tammy Perrin,30,30,0,2026-09-21 07:25:30,2026-09-21 07:25:30.669
2026-09-21 07:05:13,MSML603,PWS1,Kemal Davaslioglu,50,50,0,2026-09-21 07:25:31,2026-09-21 07:25:31.086
2026-09-21 07:05:13,MSML604,PCS1,Richard La,38,38,0,2026-09-21 07:25:31,2026-09-21 07:25:31.509
2026-09-21 07:05:13,MSML604,PCS2,Richard La,38,38,0,2026-09-21 07:25:31,2026-09-21 07:25:31.509
2026-09-21 07:05:13,MSML604,PCS3,Siddharth Pal,55,55,0,2026-09-21 07:25:31,2026-09-21 07:25:31.510
2026-09-21 07:05:13,MSML605,PCS1,Jerry Wu,55,55,0,2026-09-21 07:25:31,2026-09-21 07:25:31.929
2026-09-21 07:05:13,MSML605,PCS2,Samet Ayhan,55,55,0,2026-09-21 07:25:31,2026-09-21 07:25:31.929
2026-09-21 07:05:13,MSML605,PCS3,Rajeev Barua,65,65,0,2026-09-21 07:25:31,2026-09-21 07:25:31.930
2026-09-21 07:05:13,MSML606,PCS2,Sujeong Kim,55,55,0,2026-09-21 07:25:32,2026-09-21 07:25:32.356
2026-09-21 07:05:13,MSML606,PCS3,Samet Ayhan,55,55,0,2026-09-21 07:25:32,2026-09-21 07:25:32.356
2026-09-21 07:05:13,MSML612,PCS1,Samet Ayhan,55,55,0,2026-09-21 07:25:32,2026-09-21 07:25:32.784
2026-09-21 07:05:13,MSML612,PCS2,Samet Ayhan,55,55,0,2026-09-21 07:25:32,2026-09-21 07:25:32.784
2026-09-21 07:05:13,MSML612,PCS3,Emre Gunduzhan,55,55,0,2026-09-21 07:25:32,2026-09-21 07:25:32.784
2026-09-21 07:05:13,MSML640,PCS1,Jerry Wu,70,70,0,2026-09-21 07:25:33,2026-09-21 07:25:33.205
2026-09-21 07:05:13,MSML640,PCS2,Sujeong Kim,55,55,0,2026-09-21 07:25:33,2026-09-21 07:25:33.205
2026-09-21 07:05:13,MSML641,PCS1,Armin Mehrabian,55,55,0,2026-09-21 07:25:33,2026-09-21 07:25:33.628
2026-09-21 07:05:13,NAVY101,0101,Beau Cisneros,30,30,0,2026-09-21 07:26:19,2026-09-21 07:26:19.952
2026-09-21 07:05:13,NAVY108,0101,Christopher Boehm,150,150,0,2026-09-21 07:26:20,2026-09-21 07:26:20.389
2026-09-21 07:05:13,NAVY201,0101,Austin Cranfill,30,30,0,2026-09-21 07:26:20,2026-09-21 07:26:20.807
2026-09-21 07:05:13,NAVY301,0101,Beau Cisneros,35,35,0,2026-09-21 07:26:21,2026-09-21 07:26:21.226
2026-09-21 07:05:13,NAVY401,0101,John Gonser,36,36,0,2026-09-21 07:26:21,2026-09-21 07:26:21.650
2026-09-21 07:05:13,NAVY402,0102,Jenna Weiner,25,25,0,2026-09-21 07:26:22,2026-09-21 07:26:22.071
2026-09-21 07:05:13,NEUR200,0101,Ana Navarro Cebrian,90,90,0,2026-09-21 07:26:23,2026-09-21 07:26:23.881
2026-09-21 07:05:13,NEUR200,0201,Ana Navarro Cebrian,90,90,0,2026-09-21 07:26:23,2026-09-21 07:26:23.881
2026-09-21 07:05:13,NEUR305,0101,Amanda Chicoli,90,90,0,2026-09-21 07:26:24,2026-09-21 07:26:24.301
2026-09-21 07:05:13,NEUR306,0101,Chan Lin,64,64,0,2026-09-21 07:26:24,2026-09-21 07:26:24.723
2026-09-21 07:05:13,NEUR306,0102,Melissa Caras,40,40,0,2026-09-21 07:26:24,2026-09-21 07:26:24.723
2026-09-21 07:05:13,NEUR338A,0101,Amanda Chicoli,20,20,0,2026-09-21 07:26:25,2026-09-21 07:26:25.557
2026-09-21 07:05:13,NEUR398H,0101,Nikolas Francis,20,20,0,2026-09-21 07:26:26,2026-09-21 07:26:26.787
2026-09-21 07:05:13,NEUR405,0101,Hilary Bierman,16,16,0,2026-09-21 07:26:27,2026-09-21 07:26:27.213
2026-09-21 07:05:13,NEUR405,0102,Hilary Bierman,16,16,0,2026-09-21 07:26:27,2026-09-21 07:26:27.213
2026-09-21 07:05:13,NEUR405,0103,Hilary Bierman,16,16,0,2026-09-21 07:26:27,2026-09-21 07:26:27.213
2026-09-21 07:05:13,NEUR405,0106,Hilary Bierman,16,16,0,2026-09-21 07:26:27,2026-09-21 07:26:27.214
2026-09-21 07:05:13,PEER318,0101,Christina Jay,15,15,0,2026-09-21 07:26:40,2026-09-21 07:26:40.271
2026-09-21 07:05:13,PEER319,0101,Grace Boudreau,15,15,0,2026-09-21 07:26:40,2026-09-21 07:26:40.701
2026-09-21 07:05:13,PEER322,0101,Aleia Gardner,15,15,0,2026-09-21 07:26:41,2026-09-21 07:26:41.307
2026-09-21 07:05:13,PHPE308A,0101,Rachel Singpurwalla,25,25,0,2026-09-21 07:26:53,2026-09-21 07:26:53.898
2026-09-21 07:05:13,PHPE308P,0101,Xinzhi Zhao,30,30,0,2026-09-21 07:26:54,2026-09-21 07:26:54.334
2026-09-21 07:05:13,PHPE308U,0101,Aner Tal,35,35,0,2026-09-21 07:26:54,2026-09-21 07:26:54.752
2026-09-21 07:05:13,PHPE400,0101,Instructor: TBA,30,30,0,2026-09-21 07:26:55,2026-09-21 07:26:55.587
2026-09-21 07:05:13,PHPE401,0101,Xinzhi Zhao,27,27,0,2026-09-21 07:26:56,2026-09-21 07:26:56.007
2026-09-21 07:05:13,PHPE401,0102,Xinzhi Zhao,27,27,0,2026-09-21 07:26:56,2026-09-21 07:26:56.007
2026-09-21 07:05:13,PHPE402,0101,Instructor: TBA,30,30,0,2026-09-21 07:26:56,2026-09-21 07:26:56.426
2026-09-21 07:05:13,PHPE408M,0101,Nicholas Laskowski,25,25,0,2026-09-21 07:26:56,2026-09-21 07:26:56.847
2026-09-21 07:05:13,PHPE408Z,0101,Avia Pasternak,30,30,0,2026-09-21 07:26:57,2026-09-21 07:26:57.263
2026-09-21 07:05:13,PHSC201,0101,Kayla Hoffman,30,30,0,2026-09-21 07:26:59,2026-09-21 07:26:59.069
2026-09-21 07:05:13,PHSC388F,0101,Jennifer German,30,30,0,2026-09-21 07:26:59,2026-09-21 07:26:59.489
2026-09-21 07:05:13,PHSC399,0101,Shannon Edward,30,30,0,2026-09-21 07:27:00,2026-09-21 07:27:00.371
2026-09-21 07:05:13,PHSC399,ESG1,Shannon Edward,20,20,0,2026-09-21 07:27:00,2026-09-21 07:27:00.371
2026-09-21 07:05:13,PHSC415,0101,Jessica O'Hara,36,36,0,2026-09-21 07:27:00,2026-09-21 07:27:00.800
2026-09-21 07:05:13,PHSC415,0102,Jessica O'Hara,36,36,0,2026-09-21 07:27:00,2026-09-21 07:27:00.800
2026-09-21 07:05:13,PHSC415,0103,Jessica O'Hara,36,36,0,2026-09-21 07:27:00,2026-09-21 07:27:00.800
2026-09-21 07:05:13,PHSC415,0104,Jessica O'Hara,36,36,0,2026-09-21 07:27:00,2026-09-21 07:27:00.800
2026-09-21 07:05:13,PHSC415,0105,Jessica O'Hara,36,36,0,2026-09-21 07:27:00,2026-09-21 07:27:00.801
2026-09-21 07:05:13,PHSC430,0101,Kendall Bustad,35,35,0,2026-09-21 07:27:01,2026-09-21 07:27:01.276
2026-09-21 07:05:13,PHSC430,ESG1,Kendall Bustad,8,8,0,2026-09-21 07:27:01,2026-09-21 07:27:01.276
2026-09-21 07:05:13,PHSC450,0101,Kendall Bustad,20,20,0,2026-09-21 07:27:01,2026-09-21 07:27:01.775
2026-09-21 07:05:13,PHSC450,0102,Kendall Bustad,20,20,0,2026-09-21 07:27:01,2026-09-21 07:27:01.775
2026-09-21 07:05:13,PHSC450,0103,Kendall Bustad,20,20,0,2026-09-21 07:27:01,2026-09-21 07:27:01.775
2026-09-21 07:05:13,PHSC450,0104,Kendall Bustad,20,20,0,2026-09-21 07:27:01,2026-09-21 07:27:01.776
2026-09-21 07:05:13,PHSC450,0105,Kendall Bustad,20,20,0,2026-09-21 07:27:01,2026-09-21 07:27:01.776
2026-09-21 07:05:13,PHSC450,0106,Kendall Bustad,20,20,0,2026-09-21 07:27:01,2026-09-21 07:27:01.776
2026-09-21 07:05:13,PHSC450,0107,Kendall Bustad,20,20,0,2026-09-21 07:27:01,2026-09-21 07:27:01.776
2026-09-21 07:05:13,PHSC450,ESG1,Kendall Bustad,35,35,0,2026-09-21 07:27:01,2026-09-21 07:27:01.776
2026-09-21 07:05:13,PHSC490,0101,Shannon Edward,30,30,0,2026-09-21 07:27:02,2026-09-21 07:27:02.238
2026-09-21 07:05:13,PHSC497,0101,Gretchen De Silva,20,20,0,2026-09-21 07:27:02,2026-09-21 07:27:02.718
2026-09-21 07:05:13,PHSC497,0201,Kendall Bustad,20,20,0,2026-09-21 07:27:02,2026-09-21 07:27:02.719
2026-09-21 07:05:13,PHSC497,0301,Gretchen De Silva,20,20,0,2026-09-21 07:27:02,2026-09-21 07:27:02.719
2026-09-21 07:05:13,PHSC497,0401,Aysha Jawed,20,20,0,2026-09-21 07:27:02,2026-09-21 07:27:02.719
2026-09-21 07:05:13,PHSC497,0501,Jennifer German,20,20,0,2026-09-21 07:27:02,2026-09-21 07:27:02.719
2026-09-21 07:05:13,PHSC497,0601,Carmen Booker,20,20,0,2026-09-21 07:27:02,2026-09-21 07:27:02.719
2026-09-21 07:05:13,PHSC497,0701,Lakeshia Watson,20,20,0,2026-09-21 07:27:02,2026-09-21 07:27:02.719
2026-09-21 07:05:13,PHSC497,0801,Lakeshia Watson,20,20,0,2026-09-21 07:27:02,2026-09-21 07:27:02.720
2026-09-21 07:05:13,PHSC497,0901,Darya Soltani,20,20,0,2026-09-21 07:27:02,2026-09-21 07:27:02.720
2026-09-21 07:05:13,PHSC497,1001,Brienna Anderson,20,20,0,2026-09-21 07:27:02,2026-09-21 07:27:02.720
2026-09-21 07:05:13,PHSC497,1101,Margaret Smith,20,20,0,2026-09-21 07:27:02,2026-09-21 07:27:02.720
2026-09-21 07:05:13,PHSC497,1201,Eric Silfen,20,20,0,2026-09-21 07:27:02,2026-09-21 07:27:02.720
2026-09-21 07:05:13,PHSC497,1301,Lakeshia Watson,20,20,0,2026-09-21 07:27:02,2026-09-21 07:27:02.721
2026-09-21 07:05:13,PHSC497,ESG1,Ann Truelove,20,20,0,2026-09-21 07:27:02,2026-09-21 07:27:02.721
2026-09-21 07:05:13,RDEV250,0101,Wayne Ricardo Curtis,75,75,0,2026-09-21 07:28:20,2026-09-21 07:28:20.725
2026-09-21 07:05:13,RDEV250,0102,Wayne Ricardo Curtis,75,75,0,2026-09-21 07:28:20,2026-09-21 07:28:20.725
2026-09-21 07:05:13,RDEV270,0101,John Park,30,30,0,2026-09-21 07:28:21,2026-09-21 07:28:21.360
2026-09-21 07:05:13,RDEV350,0101,Jesse Saginor,25,25,0,2026-09-21 07:28:22,2026-09-21 07:28:22.019
2026-09-21 07:05:13,RDEV350,0102,Instructor: TBA,30,30,0,2026-09-21 07:28:22,2026-09-21 07:28:22.020
2026-09-21 07:05:13,RDEV410,0101,Peter Goldsmith,30,30,0,2026-09-21 07:28:22,2026-09-21 07:28:22.439
2026-09-21 07:05:13,RDEV415,0101,Bilal Ali,20,20,0,2026-09-21 07:28:22,2026-09-21 07:28:22.860
2026-09-21 07:05:13,RDEV445,0101,Matthew O'Malley,15,15,0,2026-09-21 07:28:23,2026-09-21 07:28:23.275
2026-09-21 07:05:13,RDEV450,0101,Kathryn Corby,30,30,0,2026-09-21 07:28:23,2026-09-21 07:28:23.736
2026-09-21 07:05:13,RDEV450,0102,Thomas Dwyer,20,20,0,2026-09-21 07:28:23,2026-09-21 07:28:23.736
2026-09-21 07:05:13,RDEV450,0103,John Park,30,30,0,2026-09-21 07:28:23,2026-09-21 07:28:23.736
2026-09-21 07:05:13,RDEV478D,0101,Jesse Saginor,20,20,0,2026-09-21 07:28:24,2026-09-21 07:28:24.160
2026-09-21 07:05:13,RDEV600,0101,Jesse Saginor,10,10,0,2026-09-21 07:28:24,2026-09-21 07:28:24.581
2026-09-21 07:05:13,RDEV603,0101,Thomas Dwyer,18,18,0,2026-09-21 07:28:25,2026-09-21 07:28:25.004
2026-09-21 07:05:13,RDEV610,0101,David Warner,20,20,0,2026-09-21 07:28:25,2026-09-21 07:28:25.421
2026-09-21 07:05:13,RDEV615,0101,Bilal Ali,20,20,0,2026-09-21 07:28:25,2026-09-21 07:28:25.836
2026-09-21 07:05:13,RDEV630,0101,Mansur Abdul-Malik,30,30,0,2026-09-21 07:28:26,2026-09-21 07:28:26.382
2026-09-21 07:05:13,RDEV650,0101,Matthew O'Malley,25,25,0,2026-09-21 07:28:26,2026-09-21 07:28:26.797
2026-09-21 07:05:13,RDEV689F,0101,Zachary Marks,20,20,0,2026-09-21 07:28:27,2026-09-21 07:28:27.221
2026-09-21 07:05:13,RDEV689I,0101,Ronald McDonald,14,14,0,2026-09-21 07:28:27,2026-09-21 07:28:27.641
2026-09-21 07:05:13,RDEV689R,0101,Nick Egelanian,15,15,0,2026-09-21 07:28:28,2026-09-21 07:28:28.063
2026-09-21 07:05:13,RDEV689Y,0101,Instructor: TBA,12,12,0,2026-09-21 07:28:28,2026-09-21 07:28:28.481
2026-09-21 07:05:13,RDEV690,0101,Tanya Bansal,12,12,0,2026-09-21 07:28:28,2026-09-21 07:28:28.902
2026-09-21 07:05:13,RELS170,0101,Katherine Wasdin,21,21,0,2026-09-21 07:28:30,2026-09-21 07:28:30.704
2026-09-21 07:05:13,RELS170,0102,Katherine Wasdin,21,21,0,2026-09-21 07:28:30,2026-09-21 07:28:30.705
2026-09-21 07:05:13,RELS170,0103,Katherine Wasdin,21,21,0,2026-09-21 07:28:30,2026-09-21 07:28:30.705
2026-09-21 07:05:13,RELS170,0104,Katherine Wasdin,21,21,0,2026-09-21 07:28:30,2026-09-21 07:28:30.705
2026-09-21 07:05:13,RELS170,0105,Katherine Wasdin,21,21,0,2026-09-21 07:28:30,2026-09-21 07:28:30.705
2026-09-21 07:05:13,RELS170,0106,Katherine Wasdin,21,21,0,2026-09-21 07:28:30,2026-09-21 07:28:30.705
2026-09-21 07:05:13,RELS170,0107,Katherine Wasdin,21,21,0,2026-09-21 07:28:30,2026-09-21 07:28:30.705
2026-09-21 07:05:13,RELS170,0108,Katherine Wasdin,21,21,0,2026-09-21 07:28:30,2026-09-21 07:28:30.706
2026-09-21 07:05:13,RELS170,0109,Katherine Wasdin,21,21,0,2026-09-21 07:28:30,2026-09-21 07:28:30.706
2026-09-21 07:05:13,RELS264,0101,Jay Moses,30,30,0,2026-09-21 07:28:31,2026-09-21 07:28:31.124
2026-09-21 07:05:13,RELS271,0101,Instructor: TBA,40,40,0,2026-09-21 07:28:31,2026-09-21 07:28:31.539
2026-09-21 07:05:13,RELS319Q,0101,Regev Ben-David,35,35,0,2026-09-21 07:28:31,2026-09-21 07:28:31.956
2026-09-21 07:05:13,RELS342,0101,Stefano Villani,27,27,0,2026-09-21 07:28:32,2026-09-21 07:28:32.373
2026-09-21 07:05:13,RELS427,0101,Matthew Suriano,15,15,0,2026-09-21 07:28:32,2026-09-21 07:28:32.795
2026-09-21 07:05:13,RELS429M,0101,Antoine Borrut,27,27,0,2026-09-21 07:28:33,2026-09-21 07:28:33.218
2026-09-21 07:05:13,RUSS102,0101,Inna Hardman,15,15,0,2026-09-21 07:28:35,2026-09-21 07:28:35.010
2026-09-21 07:05:13,RUSS102,0201,Inna Hardman,15,15,0,2026-09-21 07:28:35,2026-09-21 07:28:35.011
2026-09-21 07:05:13,RUSS202,0101,Zhanna Gerus-Vernola,15,15,0,2026-09-21 07:28:35,2026-09-21 07:28:35.426
2026-09-21 07:05:13,RUSS302,0101,Izolda Savenkova,15,15,0,2026-09-21 07:28:35,2026-09-21 07:28:35.841
2026-09-21 07:05:13,RUSS398A,0101,Instructor: TBA,15,15,0,2026-09-21 07:28:36,2026-09-21 07:28:36.664
2026-09-21 07:05:13,RUSS398F,0101,Elizabeth Papazian,25,25,0,2026-09-21 07:28:37,2026-09-21 07:28:37.087
2026-09-21 07:05:13,RUSS406,0101,Izolda Savenkova,15,15,0,2026-09-21 07:28:37,2026-09-21 07:28:37.914
2026-09-21 07:05:13,RUSS412,0101,Inna Hardman,15,15,0,2026-09-21 07:28:38,2026-09-21 07:28:38.331
2026-09-21 07:05:13,SDSB123,0101,Srijeeta Mitra,26,26,0,2026-09-21 07:28:40,2026-09-21 07:28:40.536
2026-09-21 07:05:13,SDSB180,0101,Srijeeta Mitra,155,155,0,2026-09-21 07:28:40,2026-09-21 07:28:40.956
2026-09-21 07:05:13,SDSB233,0101,Richard Engstrom,28,28,0,2026-09-21 07:28:41,2026-09-21 07:28:41.378
2026-09-21 07:05:13,SDSB233,0102,Richard Engstrom,28,28,0,2026-09-21 07:28:41,2026-09-21 07:28:41.378
2026-09-21 07:05:13,SDSB326,0101,Jacob Coutts,40,40,0,2026-09-21 07:28:41,2026-09-21 07:28:41.796
2026-09-21 07:05:13,SDSB340,0101,Neil Lund,24,24,0,2026-09-21 07:28:42,2026-09-21 07:28:42.217
2026-09-21 07:05:13,SDSI414,0101,Instructor: TBA,40,40,0,2026-09-21 07:28:43,2026-09-21 07:28:43.977
2026-09-21 07:05:13,SDSI414,0102,Instructor: TBA,40,40,0,2026-09-21 07:28:43,2026-09-21 07:28:43.978
2026-09-21 07:05:13,SDSI414,0103,Instructor: TBA,40,40,0,2026-09-21 07:28:43,2026-09-21 07:28:43.978
2026-09-21 07:05:13,SDSI414,0201,Instructor: TBA,40,40,0,2026-09-21 07:28:43,2026-09-21 07:28:43.978
2026-09-21 07:05:13,SDSI414,0202,Instructor: TBA,40,40,0,2026-09-21 07:28:43,2026-09-21 07:28:43.978
2026-09-21 07:05:13,SDSI492,0101,Instructor: TBA,29,29,0,2026-09-21 07:28:44,2026-09-21 07:28:44.417
2026-09-21 07:05:13,SDSI492,0102,Instructor: TBA,50,50,0,2026-09-21 07:28:44,2026-09-21 07:28:44.418
2026-09-21 07:05:13,SDSI492,0103,Instructor: TBA,50,50,0,2026-09-21 07:28:44,2026-09-21 07:28:44.418
2026-09-21 07:05:13,SDSI492,0104,Instructor: TBA,40,40,0,2026-09-21 07:28:44,2026-09-21 07:28:44.418
2026-09-21 07:05:13,SDSI492,0105,Instructor: TBA,50,50,0,2026-09-21 07:28:44,2026-09-21 07:28:44.418
2026-09-21 07:05:13,SDSI492,0107,Instructor: TBA,50,50,0,2026-09-21 07:28:44,2026-09-21 07:28:44.418
2026-09-21 07:05:13,SDSI492,0108,Instructor: TBA,50,50,0,2026-09-21 07:28:44,2026-09-21 07:28:44.419
2026-09-21 07:05:13,SDSI492,0110,Instructor: TBA,50,50,0,2026-09-21 07:28:44,2026-09-21 07:28:44.419
2026-09-21 07:05:13,SDSI492,ESG1,Stacy Surla,50,50,0,2026-09-21 07:28:44,2026-09-21 07:28:44.419
2026-09-21 07:05:13,SLLC286,0101,Andrew Schonebaum,60,60,0,2026-09-21 07:28:48,2026-09-21 07:28:48.140
2026-09-21 07:05:13,SLLC287,0101,Sean Pue,20,20,0,2026-09-21 07:28:48,2026-09-21 07:28:48.572
2026-09-21 07:05:13,SLLC305,0101,Nahal Akbari-Saneh,25,25,0,2026-09-21 07:28:48,2026-09-21 07:28:48.989
2026-09-21 07:05:13,SLLC309,0101,Ahmed Hanafy,10,10,0,2026-09-21 07:28:49,2026-09-21 07:28:49.429
2026-09-21 07:05:13,SLLC309,0102,Ahmed Hanafy,10,10,0,2026-09-21 07:28:49,2026-09-21 07:28:49.430
2026-09-21 07:05:13,SLLC309,0103,Ahmed Hanafy,10,10,0,2026-09-21 07:28:49,2026-09-21 07:28:49.430
2026-09-21 07:05:13,SLLC309,0104,Ahmed Hanafy,10,10,0,2026-09-21 07:28:49,2026-09-21 07:28:49.430
2026-09-21 07:05:13,SLLC309,0105,Ahmed Hanafy,10,10,0,2026-09-21 07:28:49,2026-09-21 07:28:49.430
2026-09-21 07:05:13,SLLC309,0106,Ahmed Hanafy,10,10,0,2026-09-21 07:28:49,2026-09-21 07:28:49.430
2026-09-21 07:05:13,SLLC309,0107,Ahmed Hanafy,10,10,0,2026-09-21 07:28:49,2026-09-21 07:28:49.430
2026-09-21 07:05:13,SLLC309,0108,Ahmed Hanafy,10,10,0,2026-09-21 07:28:49,2026-09-21 07:28:49.431
2026-09-21 07:05:13,SLLC309,0109,Ahmed Hanafy,10,10,0,2026-09-21 07:28:49,2026-09-21 07:28:49.431
2026-09-21 07:05:13,SLLC309,0110,Ahmed Hanafy,10,10,0,2026-09-21 07:28:49,2026-09-21 07:28:49.431
2026-09-21 07:05:13,SLLC309,0111,Ahmed Hanafy,10,10,0,2026-09-21 07:28:49,2026-09-21 07:28:49.431
2026-09-21 07:05:13,SLLC329,0101,Marilyn Matar,10,10,0,2026-09-21 07:28:49,2026-09-21 07:28:49.868
2026-09-21 07:05:13,SLLC329,0102,Marilyn Matar,10,10,0,2026-09-21 07:28:49,2026-09-21 07:28:49.868
2026-09-21 07:05:13,SLLC329,0103,Marilyn Matar,20,20,0,2026-09-21 07:28:49,2026-09-21 07:28:49.868
2026-09-21 07:05:13,SLLC329,0104,Marilyn Matar,10,10,0,2026-09-21 07:28:49,2026-09-21 07:28:49.868
2026-09-21 07:05:13,SLLC329,0105,Marilyn Matar,10,10,0,2026-09-21 07:28:49,2026-09-21 07:28:49.868
2026-09-21 07:05:13,SLLC329,0106,Marilyn Matar,10,10,0,2026-09-21 07:28:49,2026-09-21 07:28:49.869
2026-09-21 07:05:13,SLLC329,0107,Marilyn Matar,10,10,0,2026-09-21 07:28:49,2026-09-21 07:28:49.869
2026-09-21 07:05:13,SLLC329,0108,Marilyn Matar,10,10,0,2026-09-21 07:28:49,2026-09-21 07:28:49.869
2026-09-21 07:05:13,SLLC329,0109,Marilyn Matar,10,10,0,2026-09-21 07:28:49,2026-09-21 07:28:49.869
2026-09-21 07:05:13,SLLC329,0110,Marilyn Matar,20,20,0,2026-09-21 07:28:49,2026-09-21 07:28:49.869
2026-09-21 07:05:13,SMLP471,0101,Jennifer Hsin,60,60,0,2026-09-21 07:28:51,2026-09-21 07:28:51.633
2026-09-21 07:05:13,SMLP474,0101,Sara Herald,60,60,0,2026-09-21 07:28:52,2026-09-21 07:28:52.047
2026-09-21 07:05:13,SPHL100,0101,Shuling Wu,20,20,0,2026-09-21 07:29:23,2026-09-21 07:29:23.682
2026-09-21 07:05:13,SPHL100,0102,Shuling Wu,20,20,0,2026-09-21 07:29:23,2026-09-21 07:29:23.682
2026-09-21 07:05:13,SPHL100,0103,Shuling Wu,20,20,0,2026-09-21 07:29:23,2026-09-21 07:29:23.682
2026-09-21 07:05:13,SPHL100,0104,Shuling Wu,20,20,0,2026-09-21 07:29:23,2026-09-21 07:29:23.682
2026-09-21 07:05:13,SPHL100,0105,Shuling Wu,20,20,0,2026-09-21 07:29:23,2026-09-21 07:29:23.682
2026-09-21 07:05:13,SPHL100,0106,Shuling Wu,20,20,0,2026-09-21 07:29:23,2026-09-21 07:29:23.683
2026-09-21 07:05:13,SPHL100,0107,Shuling Wu,20,20,0,2026-09-21 07:29:23,2026-09-21 07:29:23.683
2026-09-21 07:05:13,SPHL100,0108,Shuling Wu,20,20,0,2026-09-21 07:29:23,2026-09-21 07:29:23.683
2026-09-21 07:05:13,SPHL100,0109,Shuling Wu,20,20,0,2026-09-21 07:29:23,2026-09-21 07:29:23.683
2026-09-21 07:05:13,SPHL100,0110,Shuling Wu,20,20,0,2026-09-21 07:29:23,2026-09-21 07:29:23.683
2026-09-21 07:05:13,SPHL100,0201,Shuling Wu,20,20,0,2026-09-21 07:29:23,2026-09-21 07:29:23.683
2026-09-21 07:05:13,SPHL100,0202,Shuling Wu,20,20,0,2026-09-21 07:29:23,2026-09-21 07:29:23.684
2026-09-21 07:05:13,SPHL100,0203,Shuling Wu,20,20,0,2026-09-21 07:29:23,2026-09-21 07:29:23.684
2026-09-21 07:05:13,SPHL100,0204,Shuling Wu,20,20,0,2026-09-21 07:29:23,2026-09-21 07:29:23.684
2026-09-21 07:05:13,SPHL100,0205,Shuling Wu,20,20,0,2026-09-21 07:29:23,2026-09-21 07:29:23.684
2026-09-21 07:05:13,SPHL100,0206,Shuling Wu,20,20,0,2026-09-21 07:29:23,2026-09-21 07:29:23.684
2026-09-21 07:05:13,SPHL100,0207,Shuling Wu,20,20,0,2026-09-21 07:29:23,2026-09-21 07:29:23.685
2026-09-21 07:05:13,SPHL100,0208,Shuling Wu,20,20,0,2026-09-21 07:29:23,2026-09-21 07:29:23.685
2026-09-21 07:05:13,SPHL246,0101,April Khaing,20,20,0,2026-09-21 07:29:24,2026-09-21 07:29:24.101
2026-09-21 07:05:13,SPHL276,0101,Dina Borzekowski,25,25,0,2026-09-21 07:29:24,2026-09-21 07:29:24.517
2026-09-21 07:05:13,SPHL321,0101,Sylvette La Touche-Howard,15,15,0,2026-09-21 07:29:24,2026-09-21 07:29:24.929
2026-09-21 07:05:13,SPHL333,0101,Cynthia Kershaw,75,75,0,2026-09-21 07:29:25,2026-09-21 07:29:25.349
2026-09-21 07:05:13,SPHL478,0101,Tracy Zeeger,10,10,0,2026-09-21 07:29:26,2026-09-21 07:29:26.190
2026-09-21 07:05:13,SPHL600,0101,Sylvette La Touche-Howard,8,8,0,2026-09-21 07:29:26,2026-09-21 07:29:26.610
2026-09-21 07:05:13,SPHL610,0101,Danielle Catona,22,22,0,2026-09-21 07:29:27,2026-09-21 07:29:27.040
2026-09-21 07:05:13,SPHL610,0102,Danielle Catona,22,22,0,2026-09-21 07:29:27,2026-09-21 07:29:27.041
2026-09-21 07:05:13,SPHL610,0103,Danielle Catona,22,22,0,2026-09-21 07:29:27,2026-09-21 07:29:27.041
2026-09-21 07:05:13,SPHL610,PLB1,Priscilla Novak,20,20,0,2026-09-21 07:29:27,2026-09-21 07:29:27.041
2026-09-21 07:05:13,SPHL610,PLH1,Priscilla Novak,28,28,0,2026-09-21 07:29:27,2026-09-21 07:29:27.041
2026-09-21 07:05:13,SPHL610,PLK1,Priscilla Novak,5,5,0,2026-09-21 07:29:27,2026-09-21 07:29:27.041
2026-09-21 07:05:13,SPHL611,0101,Danielle Catona,45,45,0,2026-09-21 07:29:27,2026-09-21 07:29:27.471
2026-09-21 07:05:13,SPHL611,0201,Danielle Catona,45,45,0,2026-09-21 07:29:27,2026-09-21 07:29:27.471
2026-09-21 07:05:13,SPHL611,PLB1,Evelyn King-Marshall,20,20,0,2026-09-21 07:29:27,2026-09-21 07:29:27.471
2026-09-21 07:05:13,SPHL611,PLH1,Evelyn King-Marshall,28,28,0,2026-09-21 07:29:27,2026-09-21 07:29:27.471
2026-09-21 07:05:13,SPHL611,PLK1,Evelyn King-Marshall,5,5,0,2026-09-21 07:29:27,2026-09-21 07:29:27.472
2026-09-21 07:05:13,SPHL612,0101,James Hagberg,15,15,0,2026-09-21 07:29:27,2026-09-21 07:29:27.887
2026-09-21 07:05:13,TLTC310,0101,Sarah Kistner,20,20,0,2026-09-21 07:30:08,2026-09-21 07:30:08.473
2026-09-21 07:05:13,TLTC333,0101,Mona Thompson,55,55,0,2026-09-21 07:30:08,2026-09-21 07:30:08.893
2026-09-21 07:05:13,TLTC333,0102,Mona Thompson,55,55,0,2026-09-21 07:30:08,2026-09-21 07:30:08.894
2026-09-21 07:05:13,TLTC333,0105,Mona Thompson,55,55,0,2026-09-21 07:30:08,2026-09-21 07:30:08.894
2026-09-21 07:05:13,URSP372,0101,Priscila Alves,20,20,0,2026-09-21 07:30:19,2026-09-21 07:30:19.352
2026-09-21 07:05:13,URSP600,0101,Kevin Nelson,25,25,0,2026-09-21 07:30:19,2026-09-21 07:30:19.766
2026-09-21 07:05:13,URSP603,0101,Dawn Jourdan,33,33,0,2026-09-21 07:30:20,2026-09-21 07:30:20.183
2026-09-21 07:05:13,URSP606,0101,Chengri Ding,15,15,0,2026-09-21 07:30:20,2026-09-21 07:30:20.600
2026-09-21 07:05:13,URSP631,0101,Hiroyuki Iseki,15,15,0,2026-09-21 07:30:21,2026-09-21 07:30:21.017
2026-09-21 07:05:13,URSP668B,0101,Eric Burnstein,20,20,0,2026-09-21 07:30:21,2026-09-21 07:30:21.439
2026-09-21 07:05:13,URSP673,0101,Riem ElZoghbi,25,25,0,2026-09-21 07:30:21,2026-09-21 07:30:21.859
2026-09-21 07:05:13,URSP688M,0101,Andrew Bernish,20,20,0,2026-09-21 07:30:22,2026-09-21 07:30:22.281
2026-09-21 07:05:13,URSP688P,0101,Sonja Ewing,15,15,0,2026-09-21 07:30:22,2026-09-21 07:30:22.702
2026-09-21 07:05:13,URSP688Y,0101,Chester Harvey,30,30,0,2026-09-21 07:30:23,2026-09-21 07:30:23.125
2026-09-21 07:05:13,URSP708,0101,Nicholas Finio,10,10,0,2026-09-21 07:30:23,2026-09-21 07:30:23.542
2026-09-21 07:05:13,URSP709,0101,Casey Dawkins,10,10,0,2026-09-21 07:30:23,2026-09-21 07:30:23.969
2026-09-21 07:05:13,URSP805,0101,Casey Dawkins,15,15,0,2026-09-21 07:30:25,2026-09-21 07:30:25.641
2026-09-21 07:05:13,USLT202,0101,Robert Chester,26,26,0,2026-09-21 07:30:28,2026-09-21 07:30:28.265
2026-09-21 07:05:13,USLT403,0101,Perla Guerrero,20,20,0,2026-09-21 07:30:28,2026-09-21 07:30:28.690
2026-09-21 07:05:13,USLT420,0101,Robert Chester,27,27,0,2026-09-21 07:30:29,2026-09-21 07:30:29.127
2026-09-21 07:05:13,USLT488,0101,Nancy Mirabal,30,30,0,2026-09-21 07:30:29,2026-09-21 07:30:29.545
2026-09-21 07:05:13,USLT498L,0101,Fernando Rios,12,12,0,2026-09-21 07:30:29,2026-09-21 07:30:29.960
2026-09-21 07:05:13,VIPS208,0102,Ken Kiger,10,10,0,2026-09-21 07:30:31,2026-09-21 07:30:31.772
2026-09-21 07:05:13,VIPS208,0103,Bryan Quinn,10,10,0,2026-09-21 07:30:31,2026-09-21 07:30:31.772
2026-09-21 07:05:13,VIPS208,0104,Ryan Sochol,10,10,0,2026-09-21 07:30:31,2026-09-21 07:30:31.772
2026-09-21 07:05:13,VIPS208,0105,Molly Carton,10,10,0,2026-09-21 07:30:31,2026-09-21 07:30:31.772
2026-09-21 07:05:13,VIPS208,0106,James Baeder,11,11,0,2026-09-21 07:30:31,2026-09-21 07:30:31.772
2026-09-21 07:05:13,VIPS208,0107,Catherine Spirito,10,10,0,2026-09-21 07:30:31,2026-09-21 07:30:31.772
2026-09-21 07:05:13,VIPS208,0108,Ronald Yaros,10,10,0,2026-09-21 07:30:31,2026-09-21 07:30:31.773
2026-09-21 07:05:13,VIPS208,0109,Carinna Ferguson,10,10,0,2026-09-21 07:30:31,2026-09-21 07:30:31.773
2026-09-21 07:05:13,VIPS208,0110,Tracy Riggins,10,10,0,2026-09-21 07:30:31,2026-09-21 07:30:31.773
2026-09-21 07:05:13,VIPS208,0111,Kevin Calabro,10,10,0,2026-09-21 07:30:31,2026-09-21 07:30:31.773
2026-09-21 07:05:13,VIPS208,0112,Raffaele Viglianti,10,10,0,2026-09-21 07:30:31,2026-09-21 07:30:31.773
2026-09-21 07:05:13,VIPS208,0113,Shabnam Jabeen,10,10,0,2026-09-21 07:30:31,2026-09-21 07:30:31.774
2026-09-21 07:05:13,VIPS208,0114,Ning Zeng,10,10,0,2026-09-21 07:30:31,2026-09-21 07:30:31.774
2026-09-21 07:05:13,VIPS208,0115,Veronica Kang,10,10,0,2026-09-21 07:30:31,2026-09-21 07:30:31.774
2026-09-21 07:05:13,VIPS208,0116,David Stewart,10,10,0,2026-09-21 07:30:31,2026-09-21 07:30:31.774
2026-09-21 07:05:13,VIPS208,0117,Meredith Epstein,10,10,0,2026-09-21 07:30:31,2026-09-21 07:30:31.774
2026-09-21 07:05:13,VIPS208,0118,Magaly Toro Ibaceta,10,10,0,2026-09-21 07:30:31,2026-09-21 07:30:31.774
2026-09-21 07:05:13,VIPS208,0120,Marisa Parham,10,10,0,2026-09-21 07:30:31,2026-09-21 07:30:31.775
2026-09-21 07:05:13,VIPS208,0121,Becky Epanchin-Niell,10,10,0,2026-09-21 07:30:31,2026-09-21 07:30:31.775
2026-09-21 07:05:13,VIPS208,0122,Timothy Reedy,10,10,0,2026-09-21 07:30:31,2026-09-21 07:30:31.775
2026-09-21 07:05:13,VIPS208,0123,Lingnan Lin,10,10,0,2026-09-21 07:30:31,2026-09-21 07:30:31.775
2026-09-21 07:05:13,VIPS208,0124,Jeffrey Moro,10,10,0,2026-09-21 07:30:31,2026-09-21 07:30:31.775
2026-09-21 07:05:13,VIPS208,0125,Peter Sunderland,10,10,0,2026-09-21 07:30:31,2026-09-21 07:30:31.776
2026-09-21 07:05:13,VIPS208,0126,Brienna Anderson,10,10,0,2026-09-21 07:30:31,2026-09-21 07:30:31.776
2026-09-21 07:05:13,VIPS308,0102,Ken Kiger,10,10,0,2026-09-21 07:30:32,2026-09-21 07:30:32.246
2026-09-21 07:05:13,VIPS308,0103,Bryan Quinn,13,13,0,2026-09-21 07:30:32,2026-09-21 07:30:32.246
2026-09-21 07:05:13,VIPS308,0104,Ryan Sochol,10,10,0,2026-09-21 07:30:32,2026-09-21 07:30:32.247
2026-09-21 07:05:13,VIPS308,0105,Molly Carton,10,10,0,2026-09-21 07:30:32,2026-09-21 07:30:32.247
2026-09-21 07:05:13,VIPS308,0106,James Baeder,10,10,0,2026-09-21 07:30:32,2026-09-21 07:30:32.247
2026-09-21 07:05:13,VIPS308,0107,Catherine Spirito,10,10,0,2026-09-21 07:30:32,2026-09-21 07:30:32.247
2026-09-21 07:05:13,VIPS308,0108,Ronald Yaros,10,10,0,2026-09-21 07:30:32,2026-09-21 07:30:32.247
2026-09-21 07:05:13,VIPS308,0109,Carinna Ferguson,10,10,0,2026-09-21 07:30:32,2026-09-21 07:30:32.248
2026-09-21 07:05:13,VIPS308,0110,Tracy Riggins,10,10,0,2026-09-21 07:30:32,2026-09-21 07:30:32.248
2026-09-21 07:05:13,VIPS308,0111,Kevin Calabro,10,10,0,2026-09-21 07:30:32,2026-09-21 07:30:32.248
2026-09-21 07:05:13,VIPS308,0112,Raffaele Viglianti,10,10,0,2026-09-21 07:30:32,2026-09-21 07:30:32.248
2026-09-21 07:05:13,VIPS308,0113,Shabnam Jabeen,10,10,0,2026-09-21 07:30:32,2026-09-21 07:30:32.248
2026-09-21 07:05:13,VIPS308,0114,Ning Zeng,10,10,0,2026-09-21 07:30:32,2026-09-21 07:30:32.248
2026-09-21 07:05:13,VIPS308,0115,Veronica Kang,10,10,0,2026-09-21 07:30:32,2026-09-21 07:30:32.249
2026-09-21 07:05:13,VIPS308,0116,David Stewart,10,10,0,2026-09-21 07:30:32,2026-09-21 07:30:32.249
2026-09-21 07:05:13,VIPS308,0117,Meredith Epstein,10,10,0,2026-09-21 07:30:32,2026-09-21 07:30:32.249
2026-09-21 07:05:13,VIPS308,0118,Magaly Toro Ibaceta,10,10,0,2026-09-21 07:30:32,2026-09-21 07:30:32.249
2026-09-21 07:05:13,VIPS308,0120,Marisa Parham,10,10,0,2026-09-21 07:30:32,2026-09-21 07:30:32.249
2026-09-21 07:05:13,VIPS308,0121,Becky Epanchin-Niell,10,10,0,2026-09-21 07:30:32,2026-09-21 07:30:32.250
2026-09-21 07:05:13,VIPS308,0122,Timothy Reedy,10,10,0,2026-09-21 07:30:32,2026-09-21 07:30:32.250
2026-09-21 07:05:13,VIPS308,0123,Lingnan Lin,10,10,0,2026-09-21 07:30:32,2026-09-21 07:30:32.250
2026-09-21 07:05:13,VIPS308,0124,Jeffrey Moro,10,10,0,2026-09-21 07:30:32,2026-09-21 07:30:32.250
2026-09-21 07:05:13,VIPS308,0125,Peter Sunderland,10,10,0,2026-09-21 07:30:32,2026-09-21 07:30:32.250
2026-09-21 07:05:13,VIPS308,0126,Brienna Anderson,10,10,0,2026-09-21 07:30:32,2026-09-21 07:30:32.250
2026-09-21 07:05:13,VIPS408,0102,Ken Kiger,10,10,0,2026-09-21 07:30:32,2026-09-21 07:30:32.714
2026-09-21 07:05:13,VIPS408,0103,Bryan Quinn,10,10,0,2026-09-21 07:30:32,2026-09-21 07:30:32.714
2026-09-21 07:05:13,VIPS408,0104,Ryan Sochol,10,10,0,2026-09-21 07:30:32,2026-09-21 07:30:32.715
2026-09-21 07:05:13,VIPS408,0105,Molly Carton,10,10,0,2026-09-21 07:30:32,2026-09-21 07:30:32.715
2026-09-21 07:05:13,VIPS408,0106,James Baeder,10,10,0,2026-09-21 07:30:32,2026-09-21 07:30:32.715
2026-09-21 07:05:13,VIPS408,0107,Catherine Spirito,10,10,0,2026-09-21 07:30:32,2026-09-21 07:30:32.715
2026-09-21 07:05:13,VIPS408,0108,Ronald Yaros,10,10,0,2026-09-21 07:30:32,2026-09-21 07:30:32.715
2026-09-21 07:05:13,VIPS408,0109,Carinna Ferguson,10,10,0,2026-09-21 07:30:32,2026-09-21 07:30:32.716
2026-09-21 07:05:13,VIPS408,0110,Tracy Riggins,10,10,0,2026-09-21 07:30:32,2026-09-21 07:30:32.716
2026-09-21 07:05:13,VIPS408,0111,Kevin Calabro,10,10,0,2026-09-21 07:30:32,2026-09-21 07:30:32.716
2026-09-21 07:05:13,VIPS408,0112,Raffaele Viglianti,10,10,0,2026-09-21 07:30:32,2026-09-21 07:30:32.716
2026-09-21 07:05:13,VIPS408,0113,Shabnam Jabeen,10,10,0,2026-09-21 07:30:32,2026-09-21 07:30:32.716
2026-09-21 07:05:13,VIPS408,0114,Ning Zeng,10,10,0,2026-09-21 07:30:32,2026-09-21 07:30:32.716
2026-09-21 07:05:13,VIPS408,0115,Veronica Kang,10,10,0,2026-09-21 07:30:32,2026-09-21 07:30:32.717
2026-09-21 07:05:13,VIPS408,0116,David Stewart,10,10,0,2026-09-21 07:30:32,2026-09-21 07:30:32.717
2026-09-21 07:05:13,VIPS408,0117,Meredith Epstein,10,10,0,2026-09-21 07:30:32,2026-09-21 07:30:32.717
2026-09-21 07:05:13,VIPS408,0118,Magaly Toro Ibaceta,10,10,0,2026-09-21 07:30:32,2026-09-21 07:30:32.717
2026-09-21 07:05:13,VIPS408,0120,Marisa Parham,10,10,0,2026-09-21 07:30:32,2026-09-21 07:30:32.717
2026-09-21 07:05:13,VIPS408,0121,Becky Epanchin-Niell,10,10,0,2026-09-21 07:30:32,2026-09-21 07:30:32.718
2026-09-21 07:05:13,VIPS408,0122,Timothy Reedy,10,10,0,2026-09-21 07:30:32,2026-09-21 07:30:32.718
2026-09-21 07:05:13,VIPS408,0123,Lingnan Lin,10,10,0,2026-09-21 07:30:32,2026-09-21 07:30:32.718
2026-09-21 07:05:13,VIPS408,0124,Jeffrey Moro,10,10,0,2026-09-21 07:30:32,2026-09-21 07:30:32.718
2026-09-21 07:05:13,VIPS408,0125,Peter Sunderland,10,10,0,2026-09-21 07:30:32,2026-09-21 07:30:32.718
2026-09-21 07:05:13,VIPS408,0126,Brienna Anderson,10,10,0,2026-09-21 07:30:32,2026-09-21 07:30:32.718
2026-09-21 07:05:13,WEID139N,0101,Denise Joseph,60,60,0,2026-09-21 07:30:36,2026-09-21 07:30:36.378
2026-09-21 07:05:13,WEID139T,0201,Taylor Togafau-Lewis,45,45,0,2026-09-21 07:30:36,2026-09-21 07:30:36.805
2026-09-21 07:05:13,WGSS105,0101,Jessica Mathiason,30,30,0,2026-09-21 07:30:38,2026-09-21 07:30:38.774
2026-09-21 07:05:13,WGSS105,0102,Jessica Mathiason,30,30,0,2026-09-21 07:30:38,2026-09-21 07:30:38.774
2026-09-21 07:05:13,WGSS105,0103,Jessica Mathiason,30,30,0,2026-09-21 07:30:38,2026-09-21 07:30:38.774
2026-09-21 07:05:13,WGSS105,0104,Jessica Mathiason,30,30,0,2026-09-21 07:30:38,2026-09-21 07:30:38.774
2026-09-21 07:05:13,WGSS115,0101,Alexis Lothian,25,25,0,2026-09-21 07:30:39,2026-09-21 07:30:39.195
2026-09-21 07:05:13,WGSS115,0102,Alexis Lothian,25,25,0,2026-09-21 07:30:39,2026-09-21 07:30:39.195
2026-09-21 07:05:13,WGSS201,0101,Sayan Bhattacharya,25,25,0,2026-09-21 07:30:39,2026-09-21 07:30:39.613
2026-09-21 07:05:13,WGSS201,0102,Sayan Bhattacharya,25,25,0,2026-09-21 07:30:39,2026-09-21 07:30:39.613
2026-09-21 07:05:13,WGSS205,0101,Shelbi Meissner,21,21,0,2026-09-21 07:30:40,2026-09-21 07:30:40.034
2026-09-21 07:05:13,WGSS205,0201,Shelbi Meissner,21,21,0,2026-09-21 07:30:40,2026-09-21 07:30:40.034
2026-09-21 07:05:13,WGSS230,0101,Daniel Richter,20,20,0,2026-09-21 07:30:40,2026-09-21 07:30:40.450
2026-09-21 07:05:13,WGSS250,0101,Lidia Garcia Berrelleza,25,25,0,2026-09-21 07:30:40,2026-09-21 07:30:40.877
2026-09-21 07:05:13,WGSS250,0201,Shameem Razack,25,25,0,2026-09-21 07:30:40,2026-09-21 07:30:40.877
2026-09-21 07:05:13,WGSS255,0101,Instructor: TBA,30,30,0,2026-09-21 07:30:41,2026-09-21 07:30:41.301
2026-09-21 07:05:13,WGSS265,0101,Ashley Newby,40,40,0,2026-09-21 07:30:41,2026-09-21 07:30:41.717
2026-09-21 07:05:13,WGSS275,0101,Instructor: TBA,30,30,0,2026-09-21 07:30:42,2026-09-21 07:30:42.135
2026-09-21 07:05:13,WGSS280,0101,Jessica Mathiason,52,52,0,2026-09-21 07:30:42,2026-09-21 07:30:42.554
2026-09-21 07:05:13,WGSS290,0101,Jessica Mathiason,30,30,0,2026-09-21 07:30:42,2026-09-21 07:30:42.975
2026-09-21 07:05:13,WGSS290,0201,Sydney Lewis,31,31,0,2026-09-21 07:30:42,2026-09-21 07:30:42.975
2026-09-21 07:05:13,WGSS298C,0101,Will Mosley,35,35,0,2026-09-21 07:30:43,2026-09-21 07:30:43.394
2026-09-21 07:05:13,WGSS298S,0101,Jordan Keesler,25,25,0,2026-09-21 07:30:43,2026-09-21 07:30:43.839
2026-09-21 07:05:13,WGSS302,0101,Will Mosley,25,25,0,2026-09-21 07:30:44,2026-09-21 07:30:44.261
2026-09-21 07:05:13,WGSS306,0101,Sydney Lewis,30,30,0,2026-09-21 07:30:44,2026-09-21 07:30:44.686
2026-09-21 07:05:13,WGSS310,0101,Sayan Bhattacharya,25,25,0,2026-09-21 07:30:45,2026-09-21 07:30:45.101
2026-09-21 07:05:13,WGSS319F,0101,Alexis Lothian,30,30,0,2026-09-21 07:30:45,2026-09-21 07:30:45.520
2026-09-21 07:05:13,WGSS379U,0101,John Drabinski,25,25,0,2026-09-21 07:30:45,2026-09-21 07:30:45.939
2026-09-21 07:05:13,WGSS422,0101,Jennifer Cho,18,18,0,2026-09-21 07:30:46,2026-09-21 07:30:46.362
2026-09-21 07:05:13,WGSS471,0101,Instructor: TBA,25,25,0,2026-09-21 07:30:46,2026-09-21 07:30:46.783
2026-09-21 07:05:13,WGSS471,0201,Instructor: TBA,45,45,0,2026-09-21 07:30:46,2026-09-21 07:30:46.783
2026-09-21 07:05:13,WGSS475,0101,Sydney Lewis,20,20,0,2026-09-21 07:30:47,2026-09-21 07:30:47.204
2026-09-21 07:05:13,WGSS487,0101,Eva Hageman,15,15,0,2026-09-21 07:30:47,2026-09-21 07:30:47.631
2026-09-21 07:05:13,WGSS487H,0101,Eva Hageman,5,5,0,2026-09-21 07:30:48,2026-09-21 07:30:48.045
2026-09-21 07:05:13,WGSS602,0101,Shelbi Meissner,12,12,0,2026-09-21 07:30:49,2026-09-21 07:30:49.705
2026-09-21 07:05:13,WGSS708,0101,Alexis Lothian,10,10,0,2026-09-21 07:30:50,2026-09-21 07:30:50.948
2026-09-21 07:05:13,XPER455,0101,TJ Rainsford,25,25,0,2026-09-21 07:30:53,2026-09-21 07:30:53.940
