Timestamp,Course,Section,Instructor,Total_Seats,Open_Seats,Waitlist,Fetch_Time,Actual_Log_Time
2026-10-06 06:45:53,AAAS100,0101,Shane Walsh,35,35,0,2026-10-06 06:45:54,2026-10-06 06:45:54.953
2026-10-06 06:45:53,AAAS100,0201,Shane Walsh,35,35,0,2026-10-06 06:45:54,2026-10-06 06:45:54.953
2026-10-06 06:45:53,AAAS100,0301,George Kintiba,30,30,0,2026-10-06 06:45:54,2026-10-06 06:45:54.953
2026-10-06 06:45:53,AAAS100,0401,Beka Guluma,35,35,0,2026-10-06 06:45:54,2026-10-06 06:45:54.953
2026-10-06 06:45:53,AAAS100,0501,Jason Nichols,33,33,0,2026-10-06 06:45:54,2026-10-06 06:45:54.953
2026-10-06 06:45:53,AAAS100,0601,Jason Nichols,35,35,0,2026-10-06 06:45:54,2026-10-06 06:45:54.954
2026-10-06 06:45:53,AAAS100H,0301,George Kintiba,5,5,0,2026-10-06 06:45:55,2026-10-06 06:45:55.112
2026-10-06 06:45:53,AAAS101,0101,Periloux Peay,40,40,0,2026-10-06 06:45:55,2026-10-06 06:45:55.361
2026-10-06 06:45:53,AAAS187,0101,Robert Choflet,30,30,0,2026-10-06 06:45:55,2026-10-06 06:45:55.542
2026-10-06 06:45:53,AAAS200,0101,George Kintiba,40,40,0,2026-10-06 06:45:55,2026-10-06 06:45:55.775
2026-10-06 06:45:53,AAAS202,0101,Robert Choflet,30,30,0,2026-10-06 06:45:55,2026-10-06 06:45:55.956
2026-10-06 06:45:53,AAAS202,0201,Angelica Dunbar,35,35,0,2026-10-06 06:45:55,2026-10-06 06:45:55.956
2026-10-06 06:45:53,AAAS202,0301,Angelica Dunbar,35,35,0,2026-10-06 06:45:55,2026-10-06 06:45:55.956
2026-10-06 06:45:53,AAAS202,0401,Robert Choflet,35,35,0,2026-10-06 06:45:55,2026-10-06 06:45:55.957
2026-10-06 06:45:53,AAAS202H,0101,Robert Choflet,5,5,0,2026-10-06 06:45:56,2026-10-06 06:45:56.208
2026-10-06 06:45:53,AAAS211,0101,Shane Walsh,120,120,0,2026-10-06 06:45:56,2026-10-06 06:45:56.367
2026-10-06 06:45:53,AAAS234,0101,Instructor: TBA,30,30,0,2026-10-06 06:45:56,2026-10-06 06:45:56.551
2026-10-06 06:45:53,AAAS255,0101,Leigh Soares,40,40,0,2026-10-06 06:45:56,2026-10-06 06:45:56.708
2026-10-06 06:45:53,AAAS265,0101,Ashley Newby,40,40,0,2026-10-06 06:45:56,2026-10-06 06:45:56.939
2026-10-06 06:45:53,AAAS320,0101,Cecily Jackson,25,25,0,2026-10-06 06:45:57,2026-10-06 06:45:57.122
2026-10-06 06:45:53,AAAS320,0201,Cecily Jackson,25,25,0,2026-10-06 06:45:57,2026-10-06 06:45:57.122
2026-10-06 06:45:53,AAAS386,0101,Marshal Washington,10,10,0,2026-10-06 06:45:57,2026-10-06 06:45:57.539
2026-10-06 06:45:53,AAAS398G,0101,Chinyere Osuji,20,20,0,2026-10-06 06:45:57,2026-10-06 06:45:57.718
2026-10-06 06:45:53,AAAS398U,0101,John Drabinski,25,25,0,2026-10-06 06:45:57,2026-10-06 06:45:57.876
2026-10-06 06:45:53,AAAS400,0101,George Kintiba,20,20,0,2026-10-06 06:45:58,2026-10-06 06:45:58.129
2026-10-06 06:45:53,AAAS400H,0101,George Kintiba,5,5,0,2026-10-06 06:45:58,2026-10-06 06:45:58.286
2026-10-06 06:45:53,AAAS490,0101,Paul Landau,18,18,0,2026-10-06 06:45:58,2026-10-06 06:45:58.444
2026-10-06 06:45:53,AAAS498X,0101,Terrill Taylor,36,36,0,2026-10-06 06:45:58,2026-10-06 06:45:58.767
2026-10-06 06:45:53,AAST200,0101,Jennifer Cho,34,34,0,2026-10-06 06:46:00,2026-10-06 06:46:00.284
2026-10-06 06:45:53,AAST201,0101,Madeline Hsu,40,40,0,2026-10-06 06:46:00,2026-10-06 06:46:00.443
2026-10-06 06:45:53,AAST250,0101,Jennifer Cho,30,30,0,2026-10-06 06:46:00,2026-10-06 06:46:00.595
2026-10-06 06:45:53,AAST262,0101,Derek Iwamoto,54,54,0,2026-10-06 06:46:00,2026-10-06 06:46:00.751
2026-10-06 06:45:53,AAST322,0101,Julie Park,30,30,0,2026-10-06 06:46:00,2026-10-06 06:46:00.922
2026-10-06 06:45:53,AAST350,0101,Binod Paudyal,25,25,0,2026-10-06 06:46:01,2026-10-06 06:46:01.098
2026-10-06 06:45:53,AAST351,0101,Binod Paudyal,34,34,0,2026-10-06 06:46:01,2026-10-06 06:46:01.406
2026-10-06 06:45:53,AAST363,0101,Gemirald Daus,35,35,0,2026-10-06 06:46:01,2026-10-06 06:46:01.643
2026-10-06 06:45:53,AAST378,0101,Janelle Wong,2,2,0,2026-10-06 06:46:01,2026-10-06 06:46:01.805
2026-10-06 06:45:53,AAST394,0101,Wenxi Yang,25,25,0,2026-10-06 06:46:02,2026-10-06 06:46:02.182
2026-10-06 06:45:53,AAST398A,0101,Michelle Magalong,20,20,0,2026-10-06 06:46:02,2026-10-06 06:46:02.374
2026-10-06 06:45:53,AAST398B,0101,Chris Eng,25,25,0,2026-10-06 06:46:02,2026-10-06 06:46:02.573
2026-10-06 06:45:53,AAST421,0101,Philip Nash,20,20,0,2026-10-06 06:46:02,2026-10-06 06:46:02.767
2026-10-06 06:45:53,AAST422,0101,Jennifer Cho,18,18,0,2026-10-06 06:46:02,2026-10-06 06:46:02.924
2026-10-06 06:45:53,AAST443,0101,Janelle Wong,27,27,0,2026-10-06 06:46:03,2026-10-06 06:46:03.080
2026-10-06 06:45:53,ABRM450,0101,Ashley Newby,10,10,0,2026-10-06 06:46:04,2026-10-06 06:46:04.326
2026-10-06 06:45:53,AGNR301,0101,Thomas Hilde,150,150,0,2026-10-06 06:46:05,2026-10-06 06:46:05.566
2026-10-06 06:45:53,AGNR388,0101,Instructor: TBA,20,20,0,2026-10-06 06:46:05,2026-10-06 06:46:05.724
2026-10-06 06:45:53,AIME498B,0101,Kevin McGarry,30,30,0,2026-10-06 06:46:09,2026-10-06 06:46:09.276
2026-10-06 06:45:53,ARAB101,0101,Samah Al-salami,15,15,0,2026-10-06 06:46:33,2026-10-06 06:46:33.142
2026-10-06 06:45:53,ARAB101,0201,Ahmed Hanafy,15,15,0,2026-10-06 06:46:33,2026-10-06 06:46:33.142
2026-10-06 06:45:53,ARAB102,0101,Samah Al-salami,15,15,0,2026-10-06 06:46:33,2026-10-06 06:46:33.297
2026-10-06 06:45:53,ARAB102,0201,Samah Al-salami,15,15,0,2026-10-06 06:46:33,2026-10-06 06:46:33.298
2026-10-06 06:45:53,ARAB201,0101,Lutf Alkebsi,15,15,0,2026-10-06 06:46:33,2026-10-06 06:46:33.454
2026-10-06 06:45:53,ARAB202,0101,Lutf Alkebsi,15,15,0,2026-10-06 06:46:33,2026-10-06 06:46:33.620
2026-10-06 06:45:53,ARAB202,0201,Lutf Alkebsi,15,15,0,2026-10-06 06:46:33,2026-10-06 06:46:33.620
2026-10-06 06:45:53,ARAB222,0101,Ahmed Hanafy,15,15,0,2026-10-06 06:46:33,2026-10-06 06:46:33.778
2026-10-06 06:45:53,ARAB250,0101,Anny Gaul,20,20,0,2026-10-06 06:46:34,2026-10-06 06:46:34.013
2026-10-06 06:45:53,ARAB302,0101,Ahmed Hanafy,15,15,0,2026-10-06 06:46:34,2026-10-06 06:46:34.168
2026-10-06 06:45:53,ARAB317,0101,Anny Gaul,15,15,0,2026-10-06 06:46:34,2026-10-06 06:46:34.322
2026-10-06 06:45:53,ARAB398W,0101,Lutf Alkebsi,15,15,0,2026-10-06 06:46:34,2026-10-06 06:46:34.626
2026-10-06 06:45:53,ARAB499X,0101,Samah Al-salami,15,15,0,2026-10-06 06:46:34,2026-10-06 06:46:34.931
2026-10-06 06:45:53,ARCH170,0101,Lindsey May,100,100,0,2026-10-06 06:46:36,2026-10-06 06:46:36.420
2026-10-06 06:45:53,ARCH200,0101,Michael Abrams,21,21,0,2026-10-06 06:46:36,2026-10-06 06:46:36.590
2026-10-06 06:45:53,ARCH200,0102,Michael Abrams,21,21,0,2026-10-06 06:46:36,2026-10-06 06:46:36.590
2026-10-06 06:45:53,ARCH200,0103,Michael Abrams,21,21,0,2026-10-06 06:46:36,2026-10-06 06:46:36.590
2026-10-06 06:45:53,ARCH200,0104,Michael Abrams,21,21,0,2026-10-06 06:46:36,2026-10-06 06:46:36.590
2026-10-06 06:45:53,ARCH200,0105,Michael Abrams,21,21,0,2026-10-06 06:46:36,2026-10-06 06:46:36.590
2026-10-06 06:45:53,ARCH200,0106,Michael Abrams,21,21,0,2026-10-06 06:46:36,2026-10-06 06:46:36.591
2026-10-06 06:45:53,ARCH225,0101,Joseph Williams,125,125,0,2026-10-06 06:46:36,2026-10-06 06:46:36.747
2026-10-06 06:45:53,ARCH271,0101,Wayne Ricardo Curtis,75,75,0,2026-10-06 06:46:36,2026-10-06 06:46:36.905
2026-10-06 06:45:53,ARCH271,0102,Wayne Ricardo Curtis,75,75,0,2026-10-06 06:46:36,2026-10-06 06:46:36.905
2026-10-06 06:45:53,ARCH386,0101,Kristen Stack,10,10,0,2026-10-06 06:46:37,2026-10-06 06:46:37.103
2026-10-06 06:45:53,ARCH400,0101,Kenneth Filler,75,75,0,2026-10-06 06:46:37,2026-10-06 06:46:37.259
2026-10-06 06:45:53,ARCH400,0201,Marcus Cross,60,60,0,2026-10-06 06:46:37,2026-10-06 06:46:37.259
2026-10-06 06:45:53,ARCH402,0101,Taejun James Kim,75,75,0,2026-10-06 06:46:37,2026-10-06 06:46:37.415
2026-10-06 06:45:53,ARCH405,0101,Brittany L Williams,14,14,0,2026-10-06 06:46:37,2026-10-06 06:46:37.575
2026-10-06 06:45:53,ARCH407,0101,Georgeanne Matthews,12,12,0,2026-10-06 06:46:37,2026-10-06 06:46:37.729
2026-10-06 06:45:53,ARCH408A,0101,Daniel Curry,5,5,0,2026-10-06 06:46:37,2026-10-06 06:46:37.882
2026-10-06 06:45:53,ARCH408C,0101,Edgar Alvarado,5,5,0,2026-10-06 06:46:38,2026-10-06 06:46:38.044
2026-10-06 06:45:53,ARCH418D,0101,Hooman Koliji,30,30,0,2026-10-06 06:46:38,2026-10-06 06:46:38.197
2026-10-06 06:45:53,ARCH418G,0101,Deokoh Woo,16,16,0,2026-10-06 06:46:38,2026-10-06 06:46:38.354
2026-10-06 06:45:53,ARCH418I,0101,Michael Kleiss,16,16,0,2026-10-06 06:46:38,2026-10-06 06:46:38.512
2026-10-06 06:45:53,ARCH420,0101,Caroline Hickman,30,30,0,2026-10-06 06:46:38,2026-10-06 06:46:38.665
2026-10-06 06:45:53,ARCH423,0101,Joseph Williams,30,30,0,2026-10-06 06:46:38,2026-10-06 06:46:38.818
2026-10-06 06:45:53,ARCH425,0101,Joseph Williams,10,10,0,2026-10-06 06:46:38,2026-10-06 06:46:38.973
2026-10-06 06:45:53,ARCH428F,0101,Matthew Bell,20,20,0,2026-10-06 06:46:39,2026-10-06 06:46:39.131
2026-10-06 06:45:53,ARCH428K,0101,Michele Lamprakos,26,26,0,2026-10-06 06:46:39,2026-10-06 06:46:39.283
2026-10-06 06:45:53,ARCH445,0101,Daniel Curry,15,15,0,2026-10-06 06:46:39,2026-10-06 06:46:39.443
2026-10-06 06:45:53,ARCH463,0101,Deokoh Woo,150,150,0,2026-10-06 06:46:39,2026-10-06 06:46:39.595
2026-10-06 06:45:53,ARCH465,0101,Michael Kleiss,80,80,0,2026-10-06 06:46:39,2026-10-06 06:46:39.749
2026-10-06 06:45:53,ARCH468I,0101,Hooman Koliji,26,26,0,2026-10-06 06:46:39,2026-10-06 06:46:39.909
2026-10-06 06:45:53,ARCH468P,0101,Hooman Koliji,26,26,0,2026-10-06 06:46:40,2026-10-06 06:46:40.067
2026-10-06 06:45:53,ARCH472,0101,Kiley Wilfong Cullen,24,24,0,2026-10-06 06:46:40,2026-10-06 06:46:40.223
2026-10-06 06:45:53,ARCH478L,0101,Michele Lamprakos,10,10,0,2026-10-06 06:46:40,2026-10-06 06:46:40.379
2026-10-06 06:45:53,ARCH478O,0101,Stefan Woehlke,20,20,0,2026-10-06 06:46:40,2026-10-06 06:46:40.536
2026-10-06 06:45:53,ARCH601,0101,Peter Noonan,20,20,0,2026-10-06 06:46:40,2026-10-06 06:46:40.691
2026-10-06 06:45:53,ARCH618G,0101,Deokoh Woo,4,4,0,2026-10-06 06:46:40,2026-10-06 06:46:40.847
2026-10-06 06:45:53,ARCH618I,0101,Michael Kleiss,4,4,0,2026-10-06 06:46:41,2026-10-06 06:46:41.008
2026-10-06 06:45:53,ARCH628K,0101,Michele Lamprakos,4,4,0,2026-10-06 06:46:41,2026-10-06 06:46:41.163
2026-10-06 06:45:53,ARCH635,0101,Matthew Bell,15,15,0,2026-10-06 06:46:41,2026-10-06 06:46:41.323
2026-10-06 06:45:53,ARCH645,0101,Daniel Curry,10,10,0,2026-10-06 06:46:41,2026-10-06 06:46:41.481
2026-10-06 06:45:53,ARCH654,0101,Anatole Tchikine,35,35,0,2026-10-06 06:46:41,2026-10-06 06:46:41.634
2026-10-06 06:45:53,ARCH658I,0101,Sonja Ewing,15,15,0,2026-10-06 06:46:41,2026-10-06 06:46:41.793
2026-10-06 06:45:53,ARCH668I,0101,Hooman Koliji,4,4,0,2026-10-06 06:46:41,2026-10-06 06:46:41.953
2026-10-06 06:45:53,ARCH668P,0101,Hooman Koliji,4,4,0,2026-10-06 06:46:42,2026-10-06 06:46:42.115
2026-10-06 06:45:53,ARCH678L,0101,Michele Lamprakos,10,10,0,2026-10-06 06:46:42,2026-10-06 06:46:42.270
2026-10-06 06:45:53,ARCH678O,0101,Stefan Woehlke,5,5,0,2026-10-06 06:46:42,2026-10-06 06:46:42.425
2026-10-06 06:45:53,ARCH797,0101,Hooman Koliji,15,15,0,2026-10-06 06:46:42,2026-10-06 06:46:42.582
2026-10-06 06:45:53,ARMY105,0101,Andrew Bischoff,60,60,0,2026-10-06 06:46:52,2026-10-06 06:46:52.994
2026-10-06 06:45:53,ARMY105,0102,Andrew Bischoff,60,60,0,2026-10-06 06:46:52,2026-10-06 06:46:52.994
2026-10-06 06:45:53,ARMY110,0101,Andrew Bischoff,40,40,0,2026-10-06 06:46:53,2026-10-06 06:46:53.150
2026-10-06 06:45:53,ARMY202,0102,Andrew Bischoff,60,60,0,2026-10-06 06:46:53,2026-10-06 06:46:53.304
2026-10-06 06:45:53,ARMY302,0101,Andrew Bischoff,40,40,0,2026-10-06 06:46:53,2026-10-06 06:46:53.460
2026-10-06 06:45:53,ARMY402,0101,Andrew Bischoff,30,30,0,2026-10-06 06:46:53,2026-10-06 06:46:53.620
2026-10-06 06:45:53,ARMY402,0102,Andrew Bischoff,100,100,0,2026-10-06 06:46:53,2026-10-06 06:46:53.620
2026-10-06 06:45:53,ARSC059,0101,Kathryn Love,250,250,0,2026-10-06 06:46:54,2026-10-06 06:46:54.871
2026-10-06 06:45:53,ARSC101,0101,Alan Snyder,50,50,0,2026-10-06 06:46:55,2026-10-06 06:46:55.034
2026-10-06 06:45:53,ARSC101,0102,Alan Snyder,65,65,0,2026-10-06 06:46:55,2026-10-06 06:46:55.035
2026-10-06 06:45:53,ARSC101,0103,Alan Snyder,40,40,0,2026-10-06 06:46:55,2026-10-06 06:46:55.035
2026-10-06 06:45:53,ARSC101,0104,Alan Snyder,10,10,0,2026-10-06 06:46:55,2026-10-06 06:46:55.035
2026-10-06 06:45:53,ARSC201,0101,Nathan Rabe,65,65,0,2026-10-06 06:46:55,2026-10-06 06:46:55.199
2026-10-06 06:45:53,ARSC201,0102,Kathleen West,40,40,0,2026-10-06 06:46:55,2026-10-06 06:46:55.199
2026-10-06 06:45:53,ARSC201,0103,Kathleen West,40,40,0,2026-10-06 06:46:55,2026-10-06 06:46:55.199
2026-10-06 06:45:53,ARSC301,0101,Kathryn Love,45,45,0,2026-10-06 06:46:55,2026-10-06 06:46:55.363
2026-10-06 06:45:53,ARSC301,0102,Kathryn Love,20,20,0,2026-10-06 06:46:55,2026-10-06 06:46:55.363
2026-10-06 06:45:53,ARSC401,0101,Joseph Herwatic,30,30,0,2026-10-06 06:46:55,2026-10-06 06:46:55.523
2026-10-06 06:45:53,ARSC401,0102,Joseph Herwatic,15,15,0,2026-10-06 06:46:55,2026-10-06 06:46:55.523
2026-10-06 06:45:53,BIOM301,0101,Christine Hakenkamp,28,28,0,2026-10-06 06:47:27,2026-10-06 06:47:27.998
2026-10-06 06:45:53,BIOM301,0102,Christine Hakenkamp,28,28,0,2026-10-06 06:47:27,2026-10-06 06:47:27.998
2026-10-06 06:45:53,BIOM301,0103,Christine Hakenkamp,28,28,0,2026-10-06 06:47:27,2026-10-06 06:47:27.998
2026-10-06 06:45:53,BIOM301,0104,Christine Hakenkamp,28,28,0,2026-10-06 06:47:27,2026-10-06 06:47:27.999
2026-10-06 06:45:53,BIOM301,0105,Christine Hakenkamp,28,28,0,2026-10-06 06:47:27,2026-10-06 06:47:27.999
2026-10-06 06:45:53,BIOM301,0106,Christine Hakenkamp,28,28,0,2026-10-06 06:47:27,2026-10-06 06:47:27.999
2026-10-06 06:45:53,BIOM301,0107,Christine Hakenkamp,28,28,0,2026-10-06 06:47:27,2026-10-06 06:47:27.999
2026-10-06 06:45:53,BIOM301,0201,Instructor: TBA,28,28,0,2026-10-06 06:47:27,2026-10-06 06:47:27.999
2026-10-06 06:45:53,BIOM602,0101,Jiuzhou Song,28,28,0,2026-10-06 06:47:28,2026-10-06 06:47:28.157
2026-10-06 06:45:53,BMIN210,0101,Darlene Dennison,162,162,0,2026-10-06 06:47:45,2026-10-06 06:47:45.282
2026-10-06 06:45:53,BMIN210,0201,Darlene Dennison,162,162,0,2026-10-06 06:47:45,2026-10-06 06:47:45.283
2026-10-06 06:45:53,BMIN305,0101,Tejwansh Anand,162,162,0,2026-10-06 06:47:45,2026-10-06 06:47:45.520
2026-10-06 06:45:53,BMIN345,0101,Michael Padhi,325,325,0,2026-10-06 06:47:45,2026-10-06 06:47:45.824
2026-10-06 06:45:53,BMIN355,0101,Idil Yaveroglu,162,162,0,2026-10-06 06:47:46,2026-10-06 06:47:46.020
2026-10-06 06:45:53,BMIN355,0201,Idil Yaveroglu,162,162,0,2026-10-06 06:47:46,2026-10-06 06:47:46.020
2026-10-06 06:45:53,BMIN375,0101,Leland Gardner,162,162,0,2026-10-06 06:47:46,2026-10-06 06:47:46.256
2026-10-06 06:45:53,BMIN395,0101,Nima Farshchi,162,162,0,2026-10-06 06:47:46,2026-10-06 06:47:46.420
2026-10-06 06:45:53,BMIN395,0201,Nima Farshchi,162,162,0,2026-10-06 06:47:46,2026-10-06 06:47:46.420
2026-10-06 06:45:53,BSCI103,1100,Tais Mattoso De Andrade Ribeiro,24,24,0,2026-10-06 06:47:49,2026-10-06 06:47:49.560
2026-10-06 06:45:53,BSCI103,1101,Tais Mattoso De Andrade Ribeiro,24,24,0,2026-10-06 06:47:49,2026-10-06 06:47:49.560
2026-10-06 06:45:53,BSCI103,1103,Tais Mattoso De Andrade Ribeiro,24,24,0,2026-10-06 06:47:49,2026-10-06 06:47:49.560
2026-10-06 06:45:53,BSCI103,1105,Tais Mattoso De Andrade Ribeiro,24,24,0,2026-10-06 06:47:49,2026-10-06 06:47:49.560
2026-10-06 06:45:53,BSCI103,1107,Tais Mattoso De Andrade Ribeiro,24,24,0,2026-10-06 06:47:49,2026-10-06 06:47:49.561
2026-10-06 06:45:53,BSCI103,1108,Tais Mattoso De Andrade Ribeiro,24,24,0,2026-10-06 06:47:49,2026-10-06 06:47:49.561
2026-10-06 06:45:53,BSCI103,1109,Tais Mattoso De Andrade Ribeiro,24,24,0,2026-10-06 06:47:49,2026-10-06 06:47:49.561
2026-10-06 06:45:53,BSCI103,1110,Tais Mattoso De Andrade Ribeiro,24,24,0,2026-10-06 06:47:49,2026-10-06 06:47:49.561
2026-10-06 06:45:53,BSCI103M,0101,Tais Mattoso De Andrade Ribeiro,24,24,0,2026-10-06 06:47:49,2026-10-06 06:47:49.795
2026-10-06 06:45:53,BSCI120,0101,Dennis vanEngelsdorp,21,21,0,2026-10-06 06:47:50,2026-10-06 06:47:50.048
2026-10-06 06:45:53,BSCI120,0102,Dennis vanEngelsdorp,21,21,0,2026-10-06 06:47:50,2026-10-06 06:47:50.048
2026-10-06 06:45:53,BSCI135,1101,Edgar Moctezuma,24,24,0,2026-10-06 06:47:50,2026-10-06 06:47:50.220
2026-10-06 06:45:53,BSCI135,1102,Edgar Moctezuma,24,24,0,2026-10-06 06:47:50,2026-10-06 06:47:50.220
2026-10-06 06:45:53,BSCI135,1103,Edgar Moctezuma,24,24,0,2026-10-06 06:47:50,2026-10-06 06:47:50.220
2026-10-06 06:45:53,BSCI135,1104,Edgar Moctezuma,24,24,0,2026-10-06 06:47:50,2026-10-06 06:47:50.220
2026-10-06 06:45:53,BSCI135,1105,Edgar Moctezuma,24,24,0,2026-10-06 06:47:50,2026-10-06 06:47:50.221
2026-10-06 06:45:53,BSCI160,6101,Leo Shapiro,104,104,0,2026-10-06 06:47:50,2026-10-06 06:47:50.389
2026-10-06 06:45:53,BSCI160,6301,Chloe Garfinkel,56,56,0,2026-10-06 06:47:50,2026-10-06 06:47:50.389
2026-10-06 06:45:53,BSCI160,6601,Vadim Karatayev,88,88,0,2026-10-06 06:47:50,2026-10-06 06:47:50.389
2026-10-06 06:45:53,BSCI160,SES1,Chloe Garfinkel,15,15,0,2026-10-06 06:47:50,2026-10-06 06:47:50.390
2026-10-06 06:45:53,BSCI170,0101,Cordelia Weiss,153,153,0,2026-10-06 06:47:50,2026-10-06 06:47:50.674
2026-10-06 06:45:53,BSCI170,0201,Nicholas Fletcher,153,153,0,2026-10-06 06:47:50,2026-10-06 06:47:50.674
2026-10-06 06:45:53,BSCI170,0301,Ricardo Araneda,152,152,0,2026-10-06 06:47:50,2026-10-06 06:47:50.674
2026-10-06 06:45:53,BSCI170,0401,Swarna Mohan,153,153,0,2026-10-06 06:47:50,2026-10-06 06:47:50.674
2026-10-06 06:45:53,BSCI170,0501,Ji Young Choi,120,120,0,2026-10-06 06:47:50,2026-10-06 06:47:50.675
2026-10-06 06:45:53,BSCI170,0701,Ji Young Choi,153,153,0,2026-10-06 06:47:50,2026-10-06 06:47:50.675
2026-10-06 06:45:53,BSCI170,SES1,James Sniezek,20,20,0,2026-10-06 06:47:50,2026-10-06 06:47:50.675
2026-10-06 06:45:53,BSCI180,8105,Hans Lemke,19,19,0,2026-10-06 06:47:50,2026-10-06 06:47:51.027
2026-10-06 06:45:53,BSCI180,8106,Hans Lemke,19,19,0,2026-10-06 06:47:50,2026-10-06 06:47:51.027
2026-10-06 06:45:53,BSCI180,8107,Hans Lemke,19,19,0,2026-10-06 06:47:50,2026-10-06 06:47:51.027
2026-10-06 06:45:53,BSCI180,8108,Hans Lemke,19,19,0,2026-10-06 06:47:50,2026-10-06 06:47:51.027
2026-10-06 06:45:53,BSCI180,8109,Hans Lemke,19,19,0,2026-10-06 06:47:50,2026-10-06 06:47:51.028
2026-10-06 06:45:53,BSCI180,8110,Hans Lemke,19,19,0,2026-10-06 06:47:50,2026-10-06 06:47:51.028
2026-10-06 06:45:53,BSCI180,8111,Hans Lemke,19,19,0,2026-10-06 06:47:50,2026-10-06 06:47:51.028
2026-10-06 06:45:53,BSCI180,8112,Hans Lemke,19,19,0,2026-10-06 06:47:50,2026-10-06 06:47:51.028
2026-10-06 06:45:53,BSCI180,8113,Hans Lemke,19,19,0,2026-10-06 06:47:50,2026-10-06 06:47:51.028
2026-10-06 06:45:53,BSCI180,8114,Hans Lemke,19,19,0,2026-10-06 06:47:50,2026-10-06 06:47:51.029
2026-10-06 06:45:53,BSCI180,8201,Hans Lemke,19,19,0,2026-10-06 06:47:50,2026-10-06 06:47:51.029
2026-10-06 06:45:53,BSCI180,8202,Hans Lemke,19,19,0,2026-10-06 06:47:50,2026-10-06 06:47:51.029
2026-10-06 06:45:53,BSCI180,8205,Hans Lemke,19,19,0,2026-10-06 06:47:50,2026-10-06 06:47:51.029
2026-10-06 06:45:53,BSCI180,8206,Hans Lemke,19,19,0,2026-10-06 06:47:50,2026-10-06 06:47:51.029
2026-10-06 06:45:53,BSCI180,8207,Hans Lemke,19,19,0,2026-10-06 06:47:50,2026-10-06 06:47:51.030
2026-10-06 06:45:53,BSCI180,8208,Hans Lemke,19,19,0,2026-10-06 06:47:50,2026-10-06 06:47:51.030
2026-10-06 06:45:53,BSCI180,8209,Hans Lemke,19,19,0,2026-10-06 06:47:50,2026-10-06 06:47:51.030
2026-10-06 06:45:53,BSCI180,8210,Hans Lemke,19,19,0,2026-10-06 06:47:50,2026-10-06 06:47:51.030
2026-10-06 06:45:53,BSCI180,8211,Hans Lemke,19,19,0,2026-10-06 06:47:50,2026-10-06 06:47:51.030
2026-10-06 06:45:53,BSCI180,8212,Hans Lemke,19,19,0,2026-10-06 06:47:50,2026-10-06 06:47:51.031
2026-10-06 06:45:53,BSCI180,8213,Hans Lemke,19,19,0,2026-10-06 06:47:50,2026-10-06 06:47:51.031
2026-10-06 06:45:53,BSCI180,8214,Hans Lemke,19,19,0,2026-10-06 06:47:50,2026-10-06 06:47:51.031
2026-10-06 06:45:53,BSCI180,8301,Hans Lemke,19,19,0,2026-10-06 06:47:50,2026-10-06 06:47:51.031
2026-10-06 06:45:53,BSCI180,8302,Hans Lemke,19,19,0,2026-10-06 06:47:50,2026-10-06 06:47:51.032
2026-10-06 06:45:53,BSCI180,8305,Hans Lemke,19,19,0,2026-10-06 06:47:50,2026-10-06 06:47:51.032
2026-10-06 06:45:53,BSCI180,8306,Hans Lemke,19,19,0,2026-10-06 06:47:50,2026-10-06 06:47:51.032
2026-10-06 06:45:53,BSCI180,8307,Hans Lemke,19,19,0,2026-10-06 06:47:50,2026-10-06 06:47:51.032
2026-10-06 06:45:53,BSCI180,8308,Hans Lemke,19,19,0,2026-10-06 06:47:50,2026-10-06 06:47:51.032
2026-10-06 06:45:53,BSCI180,8309,Hans Lemke,19,19,0,2026-10-06 06:47:50,2026-10-06 06:47:51.032
2026-10-06 06:45:53,BSCI180,8310,Hans Lemke,19,19,0,2026-10-06 06:47:50,2026-10-06 06:47:51.033
2026-10-06 06:45:53,BSCI180,8311,Hans Lemke,19,19,0,2026-10-06 06:47:50,2026-10-06 06:47:51.033
2026-10-06 06:45:53,BSCI180,8312,Hans Lemke,19,19,0,2026-10-06 06:47:50,2026-10-06 06:47:51.033
2026-10-06 06:45:53,BSCI180,8313,Hans Lemke,19,19,0,2026-10-06 06:47:50,2026-10-06 06:47:51.033
2026-10-06 06:45:53,BSCI180,8314,Hans Lemke,19,19,0,2026-10-06 06:47:50,2026-10-06 06:47:51.033
2026-10-06 06:45:53,BSCI180,8401,Hans Lemke,19,19,0,2026-10-06 06:47:50,2026-10-06 06:47:51.034
2026-10-06 06:45:53,BSCI180,8402,Hans Lemke,19,19,0,2026-10-06 06:47:50,2026-10-06 06:47:51.034
2026-10-06 06:45:53,BSCI180,8405,Hans Lemke,19,19,0,2026-10-06 06:47:50,2026-10-06 06:47:51.034
2026-10-06 06:45:53,BSCI180,8406,Hans Lemke,19,19,0,2026-10-06 06:47:50,2026-10-06 06:47:51.034
2026-10-06 06:45:53,BSCI180,8407,Hans Lemke,19,19,0,2026-10-06 06:47:50,2026-10-06 06:47:51.034
2026-10-06 06:45:53,BSCI180,8408,Hans Lemke,19,19,0,2026-10-06 06:47:50,2026-10-06 06:47:51.035
2026-10-06 06:45:53,BSCI180,8409,Hans Lemke,19,19,0,2026-10-06 06:47:50,2026-10-06 06:47:51.035
2026-10-06 06:45:53,BSCI180,8410,Hans Lemke,19,19,0,2026-10-06 06:47:50,2026-10-06 06:47:51.035
2026-10-06 06:45:53,BSCI180,8411,Hans Lemke,19,19,0,2026-10-06 06:47:50,2026-10-06 06:47:51.035
2026-10-06 06:45:53,BSCI180,8412,Hans Lemke,19,19,0,2026-10-06 06:47:50,2026-10-06 06:47:51.035
2026-10-06 06:45:53,BSCI180,8413,Hans Lemke,19,19,0,2026-10-06 06:47:50,2026-10-06 06:47:51.036
2026-10-06 06:45:53,BSCI180,8414,Hans Lemke,19,19,0,2026-10-06 06:47:50,2026-10-06 06:47:51.036
2026-10-06 06:45:53,BSCI180,SEF2,Hans Lemke,19,19,0,2026-10-06 06:47:50,2026-10-06 06:47:51.036
2026-10-06 06:45:53,BSCI180,SES1,Hans Lemke,19,19,0,2026-10-06 06:47:50,2026-10-06 06:47:51.036
2026-10-06 06:45:53,BSCI201,0101,Caitlin Fox,24,24,0,2026-10-06 06:47:51,2026-10-06 06:47:51.294
2026-10-06 06:45:53,BSCI201,0103,Caitlin Fox,24,24,0,2026-10-06 06:47:51,2026-10-06 06:47:51.294
2026-10-06 06:45:53,BSCI201,0105,Caitlin Fox,24,24,0,2026-10-06 06:47:51,2026-10-06 06:47:51.294
2026-10-06 06:45:53,BSCI201,0106,Caitlin Fox,24,24,0,2026-10-06 06:47:51,2026-10-06 06:47:51.294
2026-10-06 06:45:53,BSCI201,0107,Caitlin Fox,24,24,0,2026-10-06 06:47:51,2026-10-06 06:47:51.294
2026-10-06 06:45:53,BSCI201,0109,Maira Goytia,24,24,0,2026-10-06 06:47:51,2026-10-06 06:47:51.295
2026-10-06 06:45:53,BSCI201,0110,Caitlin Fox,24,24,0,2026-10-06 06:47:51,2026-10-06 06:47:51.295
2026-10-06 06:45:53,BSCI201,0111,Caitlin Fox,24,24,0,2026-10-06 06:47:51,2026-10-06 06:47:51.295
2026-10-06 06:45:53,BSCI201,1101,Justicia Opoku-Edusei,24,24,0,2026-10-06 06:47:51,2026-10-06 06:47:51.295
2026-10-06 06:45:53,BSCI201,1103,Justicia Opoku-Edusei,24,24,0,2026-10-06 06:47:51,2026-10-06 06:47:51.296
2026-10-06 06:45:53,BSCI201,1104,Justicia Opoku-Edusei,24,24,0,2026-10-06 06:47:51,2026-10-06 06:47:51.296
2026-10-06 06:45:53,BSCI201,1105,Caitlin Fox,24,24,0,2026-10-06 06:47:51,2026-10-06 06:47:51.296
2026-10-06 06:45:53,BSCI201,1106,Caitlin Fox,24,24,0,2026-10-06 06:47:51,2026-10-06 06:47:51.296
2026-10-06 06:45:53,BSCI201,1108,Caitlin Fox,24,24,0,2026-10-06 06:47:51,2026-10-06 06:47:51.296
2026-10-06 06:45:53,BSCI201,1109,Justicia Opoku-Edusei,24,24,0,2026-10-06 06:47:51,2026-10-06 06:47:51.296
2026-10-06 06:45:53,BSCI201,1110,Justicia Opoku-Edusei,24,24,0,2026-10-06 06:47:51,2026-10-06 06:47:51.297
2026-10-06 06:45:53,BSCI202,0101,Caitlin Fox,24,24,0,2026-10-06 06:47:51,2026-10-06 06:47:51.742
2026-10-06 06:45:53,BSCI202,0102,Caitlin Fox,24,24,0,2026-10-06 06:47:51,2026-10-06 06:47:51.742
2026-10-06 06:45:53,BSCI202,0104,Caitlin Fox,24,24,0,2026-10-06 06:47:51,2026-10-06 06:47:51.743
2026-10-06 06:45:53,BSCI202,0108,Caitlin Fox,24,24,0,2026-10-06 06:47:51,2026-10-06 06:47:51.743
2026-10-06 06:45:53,BSCI202,0109,Maira Goytia,24,24,0,2026-10-06 06:47:51,2026-10-06 06:47:51.743
2026-10-06 06:45:53,BSCI202,0110,Caitlin Fox,24,24,0,2026-10-06 06:47:51,2026-10-06 06:47:51.743
2026-10-06 06:45:53,BSCI202,1101,Justicia Opoku-Edusei,24,24,0,2026-10-06 06:47:51,2026-10-06 06:47:51.743
2026-10-06 06:45:53,BSCI202,1103,Justicia Opoku-Edusei,24,24,0,2026-10-06 06:47:51,2026-10-06 06:47:51.744
2026-10-06 06:45:53,BSCI202,1104,Justicia Opoku-Edusei,24,24,0,2026-10-06 06:47:51,2026-10-06 06:47:51.744
2026-10-06 06:45:53,BSCI202,1106,Justicia Opoku-Edusei,24,24,0,2026-10-06 06:47:51,2026-10-06 06:47:51.744
2026-10-06 06:45:53,BSCI202,1107,Justicia Opoku-Edusei,24,24,0,2026-10-06 06:47:51,2026-10-06 06:47:51.744
2026-10-06 06:45:53,BSCI202,1108,Justicia Opoku-Edusei,24,24,0,2026-10-06 06:47:51,2026-10-06 06:47:51.744
2026-10-06 06:45:53,BSCI202,SES1,Edward Orlando,20,20,0,2026-10-06 06:47:51,2026-10-06 06:47:51.745
2026-10-06 06:45:53,BSCI207,0101,Karen Carleton,80,80,0,2026-10-06 06:47:51,2026-10-06 06:47:51.903
2026-10-06 06:45:53,BSCI207,0201,Chloe Garfinkel,80,80,0,2026-10-06 06:47:51,2026-10-06 06:47:51.903
2026-10-06 06:45:53,BSCI213,0101,Cordelia Weiss,20,20,0,2026-10-06 06:47:52,2026-10-06 06:47:52.064
2026-10-06 06:45:53,BSCI213,0102,Cordelia Weiss,20,20,0,2026-10-06 06:47:52,2026-10-06 06:47:52.064
2026-10-06 06:45:53,BSCI222,7106,Thomas Kocher,18,18,0,2026-10-06 06:47:52,2026-10-06 06:47:52.385
2026-10-06 06:45:53,BSCI222,7108,Thomas Kocher,18,18,0,2026-10-06 06:47:52,2026-10-06 06:47:52.385
2026-10-06 06:45:53,BSCI222,7110,Thomas Kocher,18,18,0,2026-10-06 06:47:52,2026-10-06 06:47:52.385
2026-10-06 06:45:53,BSCI222,7112,Thomas Kocher,18,18,0,2026-10-06 06:47:52,2026-10-06 06:47:52.385
2026-10-06 06:45:53,BSCI222,7114,Thomas Kocher,18,18,0,2026-10-06 06:47:52,2026-10-06 06:47:52.385
2026-10-06 06:45:53,BSCI222,7116,Thomas Kocher,18,18,0,2026-10-06 06:47:52,2026-10-06 06:47:52.386
2026-10-06 06:45:53,BSCI222,7118,Thomas Kocher,18,18,0,2026-10-06 06:47:52,2026-10-06 06:47:52.386
2026-10-06 06:45:53,BSCI222,7120,Thomas Kocher,18,18,0,2026-10-06 06:47:52,2026-10-06 06:47:52.386
2026-10-06 06:45:53,BSCI222,7130,Thomas Kocher,18,18,0,2026-10-06 06:47:52,2026-10-06 06:47:52.386
2026-10-06 06:45:53,BSCI222,7133,Thomas Kocher,18,18,0,2026-10-06 06:47:52,2026-10-06 06:47:52.386
2026-10-06 06:45:53,BSCI222,7214,Michael Keller,18,18,0,2026-10-06 06:47:52,2026-10-06 06:47:52.387
2026-10-06 06:45:53,BSCI222,7216,Michael Keller,18,18,0,2026-10-06 06:47:52,2026-10-06 06:47:52.387
2026-10-06 06:45:53,BSCI222,7218,Michael Keller,18,18,0,2026-10-06 06:47:52,2026-10-06 06:47:52.387
2026-10-06 06:45:53,BSCI222,7219,Michael Keller,18,18,0,2026-10-06 06:47:52,2026-10-06 06:47:52.387
2026-10-06 06:45:53,BSCI222,7220,Michael Keller,18,18,0,2026-10-06 06:47:52,2026-10-06 06:47:52.387
2026-10-06 06:45:53,BSCI222,7221,Michael Keller,18,18,0,2026-10-06 06:47:52,2026-10-06 06:47:52.388
2026-10-06 06:45:53,BSCI222,7222,Michael Keller,18,18,0,2026-10-06 06:47:52,2026-10-06 06:47:52.388
2026-10-06 06:45:53,BSCI222,7224,Michael Keller,18,18,0,2026-10-06 06:47:52,2026-10-06 06:47:52.388
2026-10-06 06:45:53,BSCI222,7226,Michael Keller,18,18,0,2026-10-06 06:47:52,2026-10-06 06:47:52.388
2026-10-06 06:45:53,BSCI222,7232,Michael Keller,18,18,0,2026-10-06 06:47:52,2026-10-06 06:47:52.388
2026-10-06 06:45:53,BSCI222,7234,Michael Keller,18,18,0,2026-10-06 06:47:52,2026-10-06 06:47:52.388
2026-10-06 06:45:53,BSCI222,7236,Michael Keller,18,18,0,2026-10-06 06:47:52,2026-10-06 06:47:52.389
2026-10-06 06:45:53,BSCI222,7310,Maria Colt,18,18,0,2026-10-06 06:47:52,2026-10-06 06:47:52.389
2026-10-06 06:45:53,BSCI222,7311,Maria Colt,18,18,0,2026-10-06 06:47:52,2026-10-06 06:47:52.389
2026-10-06 06:45:53,BSCI222,7312,Maria Colt,18,18,0,2026-10-06 06:47:52,2026-10-06 06:47:52.389
2026-10-06 06:45:53,BSCI222,7313,Maria Colt,18,18,0,2026-10-06 06:47:52,2026-10-06 06:47:52.389
2026-10-06 06:45:53,BSCI222,7315,Maria Colt,18,18,0,2026-10-06 06:47:52,2026-10-06 06:47:52.390
2026-10-06 06:45:53,BSCI222,7320,Maria Colt,18,18,0,2026-10-06 06:47:52,2026-10-06 06:47:52.390
2026-10-06 06:45:53,BSCI222,7325,Maria Colt,18,18,0,2026-10-06 06:47:52,2026-10-06 06:47:52.390
2026-10-06 06:45:53,BSCI222,7330,Maria Colt,18,18,0,2026-10-06 06:47:52,2026-10-06 06:47:52.390
2026-10-06 06:45:53,BSCI222,7332,Maria Colt,18,18,0,2026-10-06 06:47:52,2026-10-06 06:47:52.390
2026-10-06 06:45:53,BSCI222,7335,Maria Colt,18,18,0,2026-10-06 06:47:52,2026-10-06 06:47:52.391
2026-10-06 06:45:53,BSCI222,SES1,Maria Colt,23,23,0,2026-10-06 06:47:52,2026-10-06 06:47:52.391
2026-10-06 06:45:53,BSCI223,1021,John Buchner,16,16,0,2026-10-06 06:47:52,2026-10-06 06:47:52.623
2026-10-06 06:45:53,BSCI223,1025,John Buchner,16,16,0,2026-10-06 06:47:52,2026-10-06 06:47:52.623
2026-10-06 06:45:53,BSCI223,1026,John Buchner,16,16,0,2026-10-06 06:47:52,2026-10-06 06:47:52.623
2026-10-06 06:45:53,BSCI223,1101,John Buchner,16,16,0,2026-10-06 06:47:52,2026-10-06 06:47:52.623
2026-10-06 06:45:53,BSCI223,1105,John Buchner,16,16,0,2026-10-06 06:47:52,2026-10-06 06:47:52.624
2026-10-06 06:45:53,BSCI223,1106,John Buchner,16,16,0,2026-10-06 06:47:52,2026-10-06 06:47:52.624
2026-10-06 06:45:53,BSCI223,1121,John Buchner,16,16,0,2026-10-06 06:47:52,2026-10-06 06:47:52.624
2026-10-06 06:45:53,BSCI223,1125,John Buchner,16,16,0,2026-10-06 06:47:52,2026-10-06 06:47:52.624
2026-10-06 06:45:53,BSCI223,1126,John Buchner,16,16,0,2026-10-06 06:47:52,2026-10-06 06:47:52.624
2026-10-06 06:45:53,BSCI223,1201,John Buchner,16,16,0,2026-10-06 06:47:52,2026-10-06 06:47:52.625
2026-10-06 06:45:53,BSCI223,1206,John Buchner,16,16,0,2026-10-06 06:47:52,2026-10-06 06:47:52.625
2026-10-06 06:45:53,BSCI223,1221,John Buchner,16,16,0,2026-10-06 06:47:52,2026-10-06 06:47:52.625
2026-10-06 06:45:53,BSCI223,1225,John Buchner,16,16,0,2026-10-06 06:47:52,2026-10-06 06:47:52.625
2026-10-06 06:45:53,BSCI223,1226,John Buchner,16,16,0,2026-10-06 06:47:52,2026-10-06 06:47:52.625
2026-10-06 06:45:53,BSCI223,1301,John Buchner,16,16,0,2026-10-06 06:47:52,2026-10-06 06:47:52.626
2026-10-06 06:45:53,BSCI223,1306,John Buchner,16,16,0,2026-10-06 06:47:52,2026-10-06 06:47:52.626
2026-10-06 06:45:53,BSCI223,2401,John Buchner,16,16,0,2026-10-06 06:47:52,2026-10-06 06:47:52.626
2026-10-06 06:45:53,BSCI223,2406,John Buchner,16,16,0,2026-10-06 06:47:52,2026-10-06 06:47:52.626
2026-10-06 06:45:53,BSCI223,SES1,Cherisse Hall,20,20,0,2026-10-06 06:47:52,2026-10-06 06:47:52.626
2026-10-06 06:45:53,BSCI238I,0101,Aditri Gadigi,30,30,0,2026-10-06 06:47:52,2026-10-06 06:47:52.785
2026-10-06 06:45:53,BSCI258A,0101,Nicholas Fletcher,10,10,0,2026-10-06 06:47:52,2026-10-06 06:47:52.968
2026-10-06 06:45:53,BSCI258B,0101,Nicholas Fletcher,80,80,0,2026-10-06 06:47:53,2026-10-06 06:47:53.216
2026-10-06 06:45:53,BSCI279B,0101,Katerina Thompson,32,32,0,2026-10-06 06:47:53,2026-10-06 06:47:53.607
2026-10-06 06:45:53,BSCI279B,0102,Katerina Thompson,32,32,0,2026-10-06 06:47:53,2026-10-06 06:47:53.607
2026-10-06 06:45:53,BSCI279Q,0101,Daniel Butts,10,10,0,2026-10-06 06:47:53,2026-10-06 06:47:53.912
2026-10-06 06:45:53,BSCI283,1205,Kevin McIver,20,20,0,2026-10-06 06:47:54,2026-10-06 06:47:54.465
2026-10-06 06:45:53,BSCI283,1305,Daniel Stein,20,20,0,2026-10-06 06:47:54,2026-10-06 06:47:54.465
2026-10-06 06:45:53,BSCI329,1016,Hilary Bierman,5,5,0,2026-10-06 06:47:54,2026-10-06 06:47:54.630
2026-10-06 06:45:53,BSCI329,1028,Daniel Butts,10,10,0,2026-10-06 06:47:54,2026-10-06 06:47:54.630
2026-10-06 06:45:53,BSCI329,1033,Chan Lin,10,10,0,2026-10-06 06:47:54,2026-10-06 06:47:54.630
2026-10-06 06:45:53,BSCI329,1250,Justicia Opoku-Edusei,20,20,0,2026-10-06 06:47:54,2026-10-06 06:47:54.631
2026-10-06 06:45:53,BSCI329,1388,Corine Van der Weele,8,8,0,2026-10-06 06:47:54,2026-10-06 06:47:54.631
2026-10-06 06:45:53,BSCI329,ESG1,Hadiya Woodham,10,10,0,2026-10-06 06:47:54,2026-10-06 06:47:54.631
2026-10-06 06:45:53,BSCI331,0101,Kenneth Frauwirth,200,200,0,2026-10-06 06:47:54,2026-10-06 06:47:54.788
2026-10-06 06:45:53,BSCI331,0201,Kenneth Frauwirth,200,200,0,2026-10-06 06:47:54,2026-10-06 06:47:54.788
2026-10-06 06:45:53,BSCI332,0102,Corine Van der Weele,23,23,0,2026-10-06 06:47:54,2026-10-06 06:47:54.967
2026-10-06 06:45:53,BSCI332,0104,Corine Van der Weele,23,23,0,2026-10-06 06:47:54,2026-10-06 06:47:54.967
2026-10-06 06:45:53,BSCI332,0106,Corine Van der Weele,23,23,0,2026-10-06 06:47:54,2026-10-06 06:47:54.967
2026-10-06 06:45:53,BSCI332,0107,Corine Van der Weele,23,23,0,2026-10-06 06:47:54,2026-10-06 06:47:54.968
2026-10-06 06:45:53,BSCI332,0111,Corine Van der Weele,23,23,0,2026-10-06 06:47:54,2026-10-06 06:47:54.968
2026-10-06 06:45:53,BSCI332,1103,Corine Van der Weele,23,23,0,2026-10-06 06:47:54,2026-10-06 06:47:54.968
2026-10-06 06:45:53,BSCI332,1105,Corine Van der Weele,23,23,0,2026-10-06 06:47:54,2026-10-06 06:47:54.968
2026-10-06 06:45:53,BSCI332,1108,Corine Van der Weele,23,23,0,2026-10-06 06:47:54,2026-10-06 06:47:54.968
2026-10-06 06:45:53,BSCI332,1109,Corine Van der Weele,23,23,0,2026-10-06 06:47:54,2026-10-06 06:47:54.968
2026-10-06 06:45:53,BSCI332,1111,Corine Van der Weele,23,23,0,2026-10-06 06:47:54,2026-10-06 06:47:54.969
2026-10-06 06:45:53,BSCI332,1113,Corine Van der Weele,23,23,0,2026-10-06 06:47:54,2026-10-06 06:47:54.969
2026-10-06 06:45:53,BSCI334,0101,Katerina Thompson,60,60,0,2026-10-06 06:47:55,2026-10-06 06:47:55.122
2026-10-06 06:45:53,BSCI335,0101,Katerina Thompson,20,20,0,2026-10-06 06:47:55,2026-10-06 06:47:55.281
2026-10-06 06:45:53,BSCI335,0102,Katerina Thompson,20,20,0,2026-10-06 06:47:55,2026-10-06 06:47:55.281
2026-10-06 06:45:53,BSCI337,0101,Leo Shapiro,20,20,0,2026-10-06 06:47:55,2026-10-06 06:47:55.445
2026-10-06 06:45:53,BSCI337,0102,Leo Shapiro,20,20,0,2026-10-06 06:47:55,2026-10-06 06:47:55.446
2026-10-06 06:45:53,BSCI343,ESG1,Hadiya Woodham,30,30,0,2026-10-06 06:47:55,2026-10-06 06:47:55.756
2026-10-06 06:45:53,BSCI348A,0101,John Buchner,22,22,0,2026-10-06 06:47:56,2026-10-06 06:47:56.063
2026-10-06 06:45:53,BSCI348I,SES1,Erik Lontok,25,25,0,2026-10-06 06:47:56,2026-10-06 06:47:56.221
2026-10-06 06:45:53,BSCI348R,0101,Najib El-Sayed,10,10,0,2026-10-06 06:47:56,2026-10-06 06:47:56.522
2026-10-06 06:45:53,BSCI353,0101,Chan Lin,64,64,0,2026-10-06 06:47:56,2026-10-06 06:47:56.708
2026-10-06 06:45:53,BSCI353,0102,Melissa Caras,40,40,0,2026-10-06 06:47:56,2026-10-06 06:47:56.708
2026-10-06 06:45:53,BSCI353,ESG1,Vitaly Stepensky,40,40,0,2026-10-06 06:47:56,2026-10-06 06:47:56.708
2026-10-06 06:45:53,BSCI358A,ESG1,Vitaly Stepensky,30,30,0,2026-10-06 06:47:56,2026-10-06 06:47:56.867
2026-10-06 06:45:53,BSCI358B,ESG1,Gregory Simon,30,30,0,2026-10-06 06:47:57,2026-10-06 06:47:57.023
2026-10-06 06:45:53,BSCI361,0101,Daniel Gruner,25,25,0,2026-10-06 06:47:57,2026-10-06 06:47:57.183
2026-10-06 06:45:53,BSCI361,0102,Daniel Gruner,25,25,0,2026-10-06 06:47:57,2026-10-06 06:47:57.184
2026-10-06 06:45:53,BSCI370,0101,Alexandra Bely,64,64,0,2026-10-06 06:47:57,2026-10-06 06:47:57.376
2026-10-06 06:45:53,BSCI378H,0101,Kenneth Frauwirth,23,23,0,2026-10-06 06:47:57,2026-10-06 06:47:57.529
2026-10-06 06:45:53,BSCI398H,0101,Alexandra Bely,35,35,0,2026-10-06 06:47:58,2026-10-06 06:47:58.690
2026-10-06 06:45:53,BSCI401,0101,Gerald Wilkinson,39,39,0,2026-10-06 06:47:59,2026-10-06 06:47:59.287
2026-10-06 06:45:53,BSCI406,0101,Sergei Sukharev,20,20,0,2026-10-06 06:47:59,2026-10-06 06:47:59.438
2026-10-06 06:45:53,BSCI410,0101,Charles Seller,140,140,0,2026-10-06 06:47:59,2026-10-06 06:47:59.592
2026-10-06 06:45:53,BSCI412,0101,Erin Tran,18,18,0,2026-10-06 06:47:59,2026-10-06 06:47:59.750
2026-10-06 06:45:53,BSCI412,0103,Wade Winkler,18,18,0,2026-10-06 06:47:59,2026-10-06 06:47:59.750
2026-10-06 06:45:53,BSCI414,ESG1,Caitlin Fox,24,24,0,2026-10-06 06:47:59,2026-10-06 06:47:59.902
2026-10-06 06:45:53,BSCI416,0101,Silvia Bolland,42,42,0,2026-10-06 06:48:00,2026-10-06 06:48:00.171
2026-10-06 06:45:53,BSCI417,0101,Vincent Lee,30,30,0,2026-10-06 06:48:00,2026-10-06 06:48:00.352
2026-10-06 06:45:53,BSCI420,0101,Sougata Roy,62,62,0,2026-10-06 06:48:00,2026-10-06 06:48:00.508
2026-10-06 06:45:53,BSCI422,0101,Kenneth Frauwirth,25,25,0,2026-10-06 06:48:00,2026-10-06 06:48:00.674
2026-10-06 06:45:53,BSCI422,0102,Kenneth Frauwirth,25,25,0,2026-10-06 06:48:00,2026-10-06 06:48:00.674
2026-10-06 06:45:53,BSCI422,0103,David Mosser,25,25,0,2026-10-06 06:48:00,2026-10-06 06:48:00.675
2026-10-06 06:45:53,BSCI422,0104,David Mosser,25,25,0,2026-10-06 06:48:00,2026-10-06 06:48:00.675
2026-10-06 06:45:53,BSCI423,0101,Wenxia Song,18,18,0,2026-10-06 06:48:00,2026-10-06 06:48:00.834
2026-10-06 06:45:53,BSCI423,0102,Wenxia Song,18,18,0,2026-10-06 06:48:00,2026-10-06 06:48:00.834
2026-10-06 06:45:53,BSCI425,0101,Kan Cao,20,20,0,2026-10-06 06:48:00,2026-10-06 06:48:00.991
2026-10-06 06:45:53,BSCI430,0101,Eric Haag,35,35,0,2026-10-06 06:48:01,2026-10-06 06:48:01.163
2026-10-06 06:45:53,BSCI433,0101,Jeff Maltas,30,30,0,2026-10-06 06:48:01,2026-10-06 06:48:01.404
2026-10-06 06:45:53,BSCI435,0101,Tapan Goel,18,18,0,2026-10-06 06:48:01,2026-10-06 06:48:01.679
2026-10-06 06:45:53,BSCI436,0101,Jonathan Dinman,60,60,0,2026-10-06 06:48:01,2026-10-06 06:48:01.909
2026-10-06 06:45:53,BSCI437,0101,Jeffrey DeStefano,70,70,0,2026-10-06 06:48:02,2026-10-06 06:48:02.101
2026-10-06 06:45:53,BSCI437,ESG1,Gilad Ofek,40,40,0,2026-10-06 06:48:02,2026-10-06 06:48:02.101
2026-10-06 06:45:53,BSCI437H,0101,Jeffrey DeStefano,8,8,0,2026-10-06 06:48:02,2026-10-06 06:48:02.354
2026-10-06 06:45:53,BSCI439B,ESG1,Maira Goytia,40,40,0,2026-10-06 06:48:02,2026-10-06 06:48:02.560
2026-10-06 06:45:53,BSCI439E,0101,Beatrice Kondo,5,5,0,2026-10-06 06:48:02,2026-10-06 06:48:02.736
2026-10-06 06:45:53,BSCI439G,0101,Beatrice Kondo,5,5,0,2026-10-06 06:48:02,2026-10-06 06:48:02.897
2026-10-06 06:45:53,BSCI439L,0101,Instructor: TBA,5,5,0,2026-10-06 06:48:03,2026-10-06 06:48:03.095
2026-10-06 06:45:53,BSCI439Z,0101,Amanda Chicoli,20,20,0,2026-10-06 06:48:03,2026-10-06 06:48:03.350
2026-10-06 06:45:53,BSCI442,0101,Daniel Rodriguez Leal,20,20,0,2026-10-06 06:48:03,2026-10-06 06:48:03.583
2026-10-06 06:45:53,BSCI442,0102,Jose Feijo,20,20,0,2026-10-06 06:48:03,2026-10-06 06:48:03.583
2026-10-06 06:45:53,BSCI450,0101,Juan Angueyra,130,130,0,2026-10-06 06:48:03,2026-10-06 06:48:03.753
2026-10-06 06:45:53,BSCI450,0201,Joshua Singer,120,120,0,2026-10-06 06:48:03,2026-10-06 06:48:03.753
2026-10-06 06:45:53,BSCI450,PDS1,William Higgins,20,20,0,2026-10-06 06:48:03,2026-10-06 06:48:03.753
2026-10-06 06:45:53,BSCI451,0101,Corine Van der Weele,20,20,0,2026-10-06 06:48:03,2026-10-06 06:48:03.928
2026-10-06 06:45:53,BSCI451,0102,Corine Van der Weele,20,20,0,2026-10-06 06:48:03,2026-10-06 06:48:03.929
2026-10-06 06:45:53,BSCI451,0103,Corine Van der Weele,20,20,0,2026-10-06 06:48:03,2026-10-06 06:48:03.929
2026-10-06 06:45:53,BSCI451,0104,Corine Van der Weele,20,20,0,2026-10-06 06:48:03,2026-10-06 06:48:03.929
2026-10-06 06:45:53,BSCI452,0101,Chan Lin,40,40,0,2026-10-06 06:48:04,2026-10-06 06:48:04.145
2026-10-06 06:45:53,BSCI452,SES1,Chan Lin,20,20,0,2026-10-06 06:48:04,2026-10-06 06:48:04.145
2026-10-06 06:45:53,BSCI453,0101,Nikolas Francis,38,38,0,2026-10-06 06:48:04,2026-10-06 06:48:04.301
2026-10-06 06:45:53,BSCI455,0101,Hilary Bierman,16,16,0,2026-10-06 06:48:04,2026-10-06 06:48:04.554
2026-10-06 06:45:53,BSCI455,0102,Hilary Bierman,16,16,0,2026-10-06 06:48:04,2026-10-06 06:48:04.555
2026-10-06 06:45:53,BSCI455,0103,Hilary Bierman,16,16,0,2026-10-06 06:48:04,2026-10-06 06:48:04.555
2026-10-06 06:45:53,BSCI456,0101,Colenso Speer,5,5,0,2026-10-06 06:48:04,2026-10-06 06:48:04.711
2026-10-06 06:45:53,BSCI477,0101,Emily Bruns,40,40,0,2026-10-06 06:48:04,2026-10-06 06:48:04.899
2026-10-06 06:45:53,BSCI487,0101,Kelly Hamby,24,24,0,2026-10-06 06:48:05,2026-10-06 06:48:05.062
2026-10-06 06:45:53,BSOS355,0101,Liza Lebrun,40,40,0,2026-10-06 06:48:06,2026-10-06 06:48:06.351
2026-10-06 06:45:53,BSOS361,0101,TC Lloyd,30,30,0,2026-10-06 06:48:06,2026-10-06 06:48:06.512
2026-10-06 06:45:53,BSOS361,0102,TC Lloyd,30,30,0,2026-10-06 06:48:06,2026-10-06 06:48:06.512
2026-10-06 06:45:53,BSOS448M,0101,Brandee Pettus,12,12,0,2026-10-06 06:48:06,2026-10-06 06:48:06.664
2026-10-06 06:45:53,BUMO600,0501,Sheetal Singh,52,52,0,2026-10-06 06:48:20,2026-10-06 06:48:20.398
2026-10-06 06:45:53,BUMO604,0501,Jon Crocker,0,0,0,2026-10-06 06:48:20,2026-10-06 06:48:20.555
2026-10-06 06:45:53,BUMO614,0501,Waverly Ding,58,58,0,2026-10-06 06:48:20,2026-10-06 06:48:20.707
2026-10-06 06:45:53,BUMO701,0501,Jason Choi,65,65,0,2026-10-06 06:48:20,2026-10-06 06:48:20.861
2026-10-06 06:45:53,BUMO703,0501,Mary Beth Furst,65,65,0,2026-10-06 06:48:21,2026-10-06 06:48:21.023
2026-10-06 06:45:53,BUMO711,0501,Sheetal Singh,65,65,0,2026-10-06 06:48:21,2026-10-06 06:48:21.179
2026-10-06 06:45:53,BUMO714,0501,Rellie Rozin,0,0,0,2026-10-06 06:48:21,2026-10-06 06:48:21.336
2026-10-06 06:45:53,BUMO723,0501,Stephen Sclafani,58,58,0,2026-10-06 06:48:21,2026-10-06 06:48:21.487
2026-10-06 06:45:53,BUMO724,0501,Stephen Sclafani,58,58,0,2026-10-06 06:48:21,2026-10-06 06:48:21.662
2026-10-06 06:45:53,BUMO726,0501,Stephen Sclafani,58,58,0,2026-10-06 06:48:21,2026-10-06 06:48:21.816
2026-10-06 06:45:53,BUMO731,0501,Balaji Padmanabhan,58,58,0,2026-10-06 06:48:21,2026-10-06 06:48:21.987
2026-10-06 06:45:53,BUMO733,0501,Balaji Padmanabhan,58,58,0,2026-10-06 06:48:22,2026-10-06 06:48:22.142
2026-10-06 06:45:53,BUMO758P,0501,Jon Crocker,37,37,0,2026-10-06 06:48:22,2026-10-06 06:48:22.295
2026-10-06 06:45:53,BUMO780,0501,Jennifer Marr,37,37,0,2026-10-06 06:48:22,2026-10-06 06:48:22.595
2026-10-06 06:45:53,BUMO780,0502,Jennifer Marr,37,37,0,2026-10-06 06:48:22,2026-10-06 06:48:22.595
2026-10-06 06:45:53,BUMO782,0501,Mike Hoffmeyer,40,40,0,2026-10-06 06:48:22,2026-10-06 06:48:22.752
2026-10-06 06:45:53,BUMO785,0501,Maria Bustamante,65,65,0,2026-10-06 06:48:22,2026-10-06 06:48:22.909
2026-10-06 06:45:53,BUMO790,0501,Roy Thomason,65,65,0,2026-10-06 06:48:23,2026-10-06 06:48:23.068
2026-10-06 06:45:53,BUMO790,0502,Roy Thomason,65,65,0,2026-10-06 06:48:23,2026-10-06 06:48:23.069
2026-10-06 06:45:53,BUMO791,0501,Roy Thomason,65,65,0,2026-10-06 06:48:23,2026-10-06 06:48:23.223
2026-10-06 06:45:53,BUMO791,0502,Roy Thomason,65,65,0,2026-10-06 06:48:23,2026-10-06 06:48:23.223
2026-10-06 06:45:53,CHIN100,0101,Yuli Wang,15,15,0,2026-10-06 06:48:50,2026-10-06 06:48:50.544
2026-10-06 06:45:53,CHIN121,0101,Mei Kong,15,15,0,2026-10-06 06:48:50,2026-10-06 06:48:50.701
2026-10-06 06:45:53,CHIN122,0101,Mei Kong,15,15,0,2026-10-06 06:48:50,2026-10-06 06:48:50.878
2026-10-06 06:45:53,CHIN122,0201,Mei Kong,15,15,0,2026-10-06 06:48:50,2026-10-06 06:48:50.879
2026-10-06 06:45:53,CHIN122,0301,Guiling Hu,15,15,0,2026-10-06 06:48:50,2026-10-06 06:48:50.879
2026-10-06 06:45:53,CHIN207,0101,Guiling Hu,15,15,0,2026-10-06 06:48:51,2026-10-06 06:48:51.041
2026-10-06 06:45:53,CHIN207,0201,Guiling Hu,15,15,0,2026-10-06 06:48:51,2026-10-06 06:48:51.041
2026-10-06 06:45:53,CHIN302,0101,Jungjung Lee,15,15,0,2026-10-06 06:48:51,2026-10-06 06:48:51.199
2026-10-06 06:45:53,CHIN302,0201,Jungjung Lee,15,15,0,2026-10-06 06:48:51,2026-10-06 06:48:51.199
2026-10-06 06:45:53,CHIN307,0101,Minglang Zhou,25,25,0,2026-10-06 06:48:51,2026-10-06 06:48:51.359
2026-10-06 06:45:53,CHIN315,0101,Mei Nan,30,30,0,2026-10-06 06:48:51,2026-10-06 06:48:51.512
2026-10-06 06:45:53,CHIN332,0101,Yuli Wang,15,15,0,2026-10-06 06:48:51,2026-10-06 06:48:51.674
2026-10-06 06:45:53,CHIN402,0101,Jungjung Lee,15,15,0,2026-10-06 06:48:51,2026-10-06 06:48:51.989
2026-10-06 06:45:53,CHIN415,0101,Jungjung Lee,15,15,0,2026-10-06 06:48:52,2026-10-06 06:48:52.143
2026-10-06 06:45:53,CHIN418O,0101,Mei Nan,25,25,0,2026-10-06 06:48:52,2026-10-06 06:48:52.298
2026-10-06 06:45:53,CHIN441,0101,Andrew Schonebaum,20,20,0,2026-10-06 06:48:52,2026-10-06 06:48:52.450
2026-10-06 06:45:53,CHSE205,0101,Yewon Lee,60,60,0,2026-10-06 06:48:55,2026-10-06 06:48:55.422
2026-10-06 06:45:53,CHSE205,0201,Katryna Andrusik,50,50,0,2026-10-06 06:48:55,2026-10-06 06:48:55.422
2026-10-06 06:45:53,CHSE228D,0101,Nikita Kimani,16,16,0,2026-10-06 06:48:55,2026-10-06 06:48:55.578
2026-10-06 06:45:53,CHSE376,0101,Michael Dunham,20,20,0,2026-10-06 06:48:55,2026-10-06 06:48:55.735
2026-10-06 06:45:53,CHSE376,0201,Elizabeth Martinez,20,20,0,2026-10-06 06:48:55,2026-10-06 06:48:55.735
2026-10-06 06:45:53,CHSE376,0301,Colleen McGilpin,20,20,0,2026-10-06 06:48:55,2026-10-06 06:48:55.735
2026-10-06 06:45:53,CHSE376,0401,Chanai Brewster,20,20,0,2026-10-06 06:48:55,2026-10-06 06:48:55.736
2026-10-06 06:45:53,CHSE376,0501,Michael Dunham,20,20,0,2026-10-06 06:48:55,2026-10-06 06:48:55.736
2026-10-06 06:45:53,CHSE476,0101,Michael Dunham,20,20,0,2026-10-06 06:48:56,2026-10-06 06:48:56.045
2026-10-06 06:45:53,CHSE477,0101,Michael Dunham,18,18,0,2026-10-06 06:48:56,2026-10-06 06:48:56.199
2026-10-06 06:45:53,CHSE480,0101,Michael Dunham,18,18,0,2026-10-06 06:48:56,2026-10-06 06:48:56.354
2026-10-06 06:45:53,CHSE489,1901,Amy D'Agati,10,10,0,2026-10-06 06:48:56,2026-10-06 06:48:56.506
2026-10-06 06:45:53,CINE245,0201,Instructor: TBA,27,27,0,2026-10-06 06:48:57,2026-10-06 06:48:57.985
2026-10-06 06:45:53,CINE245,0301,Alan Montroso,27,27,0,2026-10-06 06:48:57,2026-10-06 06:48:57.985
2026-10-06 06:45:53,CINE280,0101,Eric Zakim,25,25,0,2026-10-06 06:48:58,2026-10-06 06:48:58.152
2026-10-06 06:45:53,CINE280,0102,Eric Zakim,25,25,0,2026-10-06 06:48:58,2026-10-06 06:48:58.152
2026-10-06 06:45:53,CINE280,0103,Eric Zakim,25,25,0,2026-10-06 06:48:58,2026-10-06 06:48:58.152
2026-10-06 06:45:53,CINE280,0104,Eric Zakim,25,25,0,2026-10-06 06:48:58,2026-10-06 06:48:58.152
2026-10-06 06:45:53,CINE282,0101,Susan Pramschufer,35,35,0,2026-10-06 06:48:58,2026-10-06 06:48:58.311
2026-10-06 06:45:53,CINE298B,0101,Sean Pue,20,20,0,2026-10-06 06:48:58,2026-10-06 06:48:58.468
2026-10-06 06:45:53,CINE302,0101,Luka Arsenjuk,30,30,0,2026-10-06 06:48:58,2026-10-06 06:48:58.622
2026-10-06 06:45:53,CINE310,0101,Nathaniel Stevens,15,15,0,2026-10-06 06:48:58,2026-10-06 06:48:58.853
2026-10-06 06:45:53,CINE319A,0101,Paul Cote,20,20,0,2026-10-06 06:48:59,2026-10-06 06:48:59.011
2026-10-06 06:45:53,CINE319I,0101,Yael Inbar,15,15,0,2026-10-06 06:48:59,2026-10-06 06:48:59.189
2026-10-06 06:45:53,CINE319P,5501,Samuel Crawford,10,10,0,2026-10-06 06:48:59,2026-10-06 06:48:59.375
2026-10-06 06:45:53,CINE329E,0101,Elizabeth Papazian,25,25,0,2026-10-06 06:48:59,2026-10-06 06:48:59.530
2026-10-06 06:45:53,CINE329N,0101,Daniel Richter,25,25,0,2026-10-06 06:48:59,2026-10-06 06:48:59.683
2026-10-06 06:45:53,CINE329Z,0101,Daniel Richter,25,25,0,2026-10-06 06:48:59,2026-10-06 06:48:59.841
2026-10-06 06:45:53,CINE335,0101,Jason Kuo,25,25,0,2026-10-06 06:48:59,2026-10-06 06:48:59.998
2026-10-06 06:45:53,CINE369C,0101,Mauro Resmini,40,40,0,2026-10-06 06:49:00,2026-10-06 06:49:00.179
2026-10-06 06:45:53,CINE369F,0101,Alexis Lothian,30,30,0,2026-10-06 06:49:00,2026-10-06 06:49:00.336
2026-10-06 06:45:53,CINE369K,0101,Paul Cote,20,20,0,2026-10-06 06:49:00,2026-10-06 06:49:00.491
2026-10-06 06:45:53,CINE376,0101,Ross Angelella,14,14,0,2026-10-06 06:49:00,2026-10-06 06:49:00.646
2026-10-06 06:45:53,CINE376,0102,Ross Angelella,5,5,0,2026-10-06 06:49:00,2026-10-06 06:49:00.646
2026-10-06 06:45:53,CINE419E,0101,Stephanie Sapienza,15,15,0,2026-10-06 06:49:00,2026-10-06 06:49:00.948
2026-10-06 06:45:53,CINE429O,0101,Mei Nan,25,25,0,2026-10-06 06:49:01,2026-10-06 06:49:01.122
2026-10-06 06:45:53,CINE459C,0101,Saverio Giovacchini,54,54,0,2026-10-06 06:49:01,2026-10-06 06:49:01.281
2026-10-06 06:45:53,CINE469Y,0101,Jason Kuo,14,14,0,2026-10-06 06:49:01,2026-10-06 06:49:01.461
2026-10-06 06:45:53,CLAS170,0101,Katherine Wasdin,21,21,0,2026-10-06 06:49:02,2026-10-06 06:49:03.007
2026-10-06 06:45:53,CLAS170,0102,Katherine Wasdin,21,21,0,2026-10-06 06:49:02,2026-10-06 06:49:03.007
2026-10-06 06:45:53,CLAS170,0103,Katherine Wasdin,21,21,0,2026-10-06 06:49:02,2026-10-06 06:49:03.007
2026-10-06 06:45:53,CLAS170,0104,Katherine Wasdin,21,21,0,2026-10-06 06:49:02,2026-10-06 06:49:03.007
2026-10-06 06:45:53,CLAS170,0105,Katherine Wasdin,21,21,0,2026-10-06 06:49:02,2026-10-06 06:49:03.007
2026-10-06 06:45:53,CLAS170,0106,Katherine Wasdin,21,21,0,2026-10-06 06:49:02,2026-10-06 06:49:03.008
2026-10-06 06:45:53,CLAS170,0107,Katherine Wasdin,21,21,0,2026-10-06 06:49:02,2026-10-06 06:49:03.008
2026-10-06 06:45:53,CLAS170,0108,Katherine Wasdin,21,21,0,2026-10-06 06:49:02,2026-10-06 06:49:03.008
2026-10-06 06:45:53,CLAS170,0109,Katherine Wasdin,21,21,0,2026-10-06 06:49:02,2026-10-06 06:49:03.008
2026-10-06 06:45:53,CLAS276,0101,Eric Adler,25,25,0,2026-10-06 06:49:03,2026-10-06 06:49:03.176
2026-10-06 06:45:53,CLAS276,0102,Eric Adler,25,25,0,2026-10-06 06:49:03,2026-10-06 06:49:03.176
2026-10-06 06:45:53,CLAS276,0103,Eric Adler,25,25,0,2026-10-06 06:49:03,2026-10-06 06:49:03.176
2026-10-06 06:45:53,CLAS276,0104,Eric Adler,25,25,0,2026-10-06 06:49:03,2026-10-06 06:49:03.176
2026-10-06 06:45:53,CLAS276,0105,Eric Adler,25,25,0,2026-10-06 06:49:03,2026-10-06 06:49:03.176
2026-10-06 06:45:53,CLAS276,0106,Eric Adler,25,25,0,2026-10-06 06:49:03,2026-10-06 06:49:03.177
2026-10-06 06:45:53,CLAS333,0101,Nathan Levine,35,35,0,2026-10-06 06:49:03,2026-10-06 06:49:03.342
2026-10-06 06:45:53,CLAS340,0101,Katherine Wasdin,35,35,0,2026-10-06 06:49:03,2026-10-06 06:49:03.503
2026-10-06 06:45:53,CMLT235,0101,Instructor: TBA,30,30,0,2026-10-06 06:49:04,2026-10-06 06:49:04.950
2026-10-06 06:45:53,CMLT270,0201,Instructor: TBA,30,30,0,2026-10-06 06:49:05,2026-10-06 06:49:05.127
2026-10-06 06:45:53,CMLT270,0301,Instructor: TBA,30,30,0,2026-10-06 06:49:05,2026-10-06 06:49:05.128
2026-10-06 06:45:53,CMLT275,0101,Instructor: TBA,30,30,0,2026-10-06 06:49:05,2026-10-06 06:49:05.284
2026-10-06 06:45:53,CMLT277,0101,Instructor: TBA,30,30,0,2026-10-06 06:49:05,2026-10-06 06:49:05.435
2026-10-06 06:45:53,CMLT280,0101,Eric Zakim,25,25,0,2026-10-06 06:49:05,2026-10-06 06:49:05.597
2026-10-06 06:45:53,CMLT280,0102,Eric Zakim,25,25,0,2026-10-06 06:49:05,2026-10-06 06:49:05.597
2026-10-06 06:45:53,CMLT280,0103,Eric Zakim,25,25,0,2026-10-06 06:49:05,2026-10-06 06:49:05.597
2026-10-06 06:45:53,CMLT280,0104,Eric Zakim,25,25,0,2026-10-06 06:49:05,2026-10-06 06:49:05.597
2026-10-06 06:45:53,CPBE101,0101,Oliver Schlake,75,75,0,2026-10-06 06:49:18,2026-10-06 06:49:18.619
2026-10-06 06:45:53,CPBE230,0101,Oliver Schlake,30,30,0,2026-10-06 06:49:18,2026-10-06 06:49:18.775
2026-10-06 06:45:53,CPBE240,0101,Oliver Schlake,20,20,0,2026-10-06 06:49:18,2026-10-06 06:49:18.934
2026-10-06 06:45:53,CPBE250,0101,Oliver Schlake,30,30,0,2026-10-06 06:49:19,2026-10-06 06:49:19.088
2026-10-06 06:45:53,CPCV101,0101,Julie Randolph,40,40,0,2026-10-06 06:49:20,2026-10-06 06:49:20.403
2026-10-06 06:45:53,CPCV101,0201,Julie Randolph,40,40,0,2026-10-06 06:49:20,2026-10-06 06:49:20.403
2026-10-06 06:45:53,CPCV230,0101,Korey Rothman,20,20,0,2026-10-06 06:49:20,2026-10-06 06:49:20.563
2026-10-06 06:45:53,CPCV230,0201,Korey Rothman,20,20,0,2026-10-06 06:49:20,2026-10-06 06:49:20.563
2026-10-06 06:45:53,CPDJ101,0101,Jess Feltner,75,75,0,2026-10-06 06:49:21,2026-10-06 06:49:21.805
2026-10-06 06:45:53,CPDJ230,0101,Jess Feltner,10,10,0,2026-10-06 06:49:21,2026-10-06 06:49:21.965
2026-10-06 06:45:53,CPDJ240,0101,Jess Feltner,8,8,0,2026-10-06 06:49:22,2026-10-06 06:49:22.118
2026-10-06 06:45:53,CPDJ250,0101,Jess Feltner,10,10,0,2026-10-06 06:49:22,2026-10-06 06:49:22.272
2026-10-06 06:45:53,CPET101,0101,Dani Moore,78,78,0,2026-10-06 06:49:23,2026-10-06 06:49:23.511
2026-10-06 06:45:53,CPET230,0101,Dani Moore,50,50,0,2026-10-06 06:49:23,2026-10-06 06:49:23.678
2026-10-06 06:45:53,CPET240,0101,Dani Moore,20,20,0,2026-10-06 06:49:23,2026-10-06 06:49:23.833
2026-10-06 06:45:53,CPET250,0101,Dani Moore,15,15,0,2026-10-06 06:49:23,2026-10-06 06:49:23.987
2026-10-06 06:45:53,CPGH101,0101,Angshuman Kashyap,75,75,0,2026-10-06 06:49:25,2026-10-06 06:49:25.401
2026-10-06 06:45:53,CPGH210,0101,Haley Clark,80,80,0,2026-10-06 06:49:25,2026-10-06 06:49:25.558
2026-10-06 06:45:53,CPGH230,0101,John Wiggins,30,30,0,2026-10-06 06:49:25,2026-10-06 06:49:25.713
2026-10-06 06:45:53,CPGH240,0101,John Wiggins,30,30,0,2026-10-06 06:49:25,2026-10-06 06:49:25.892
2026-10-06 06:45:53,CPGH250,0101,John Wiggins,25,25,0,2026-10-06 06:49:26,2026-10-06 06:49:26.072
2026-10-06 06:45:53,CPGH270,0101,John Wiggins,5,5,0,2026-10-06 06:49:26,2026-10-06 06:49:26.227
2026-10-06 06:45:53,CPJT101,0101,Justine DeCamillis,75,75,0,2026-10-06 06:49:27,2026-10-06 06:49:27.587
2026-10-06 06:45:53,CPJT230,0101,Justine DeCamillis,35,35,0,2026-10-06 06:49:27,2026-10-06 06:49:27.745
2026-10-06 06:45:53,CPJT240,0101,Justine DeCamillis,25,25,0,2026-10-06 06:49:27,2026-10-06 06:49:27.903
2026-10-06 06:45:53,CPJT250,0101,Victoria Worley,25,25,0,2026-10-06 06:49:28,2026-10-06 06:49:28.059
2026-10-06 06:45:53,CPMS101,0101,Alison Burns,75,75,0,2026-10-06 06:49:29,2026-10-06 06:49:29.336
2026-10-06 06:45:53,CPMS230,0101,Alison Burns,30,30,0,2026-10-06 06:49:29,2026-10-06 06:49:29.490
2026-10-06 06:45:53,CPMS240,0101,Alison Burns,15,15,0,2026-10-06 06:49:29,2026-10-06 06:49:29.664
2026-10-06 06:45:53,CPPL101,0101,Kelly Brower,75,75,0,2026-10-06 06:49:30,2026-10-06 06:49:30.907
2026-10-06 06:45:53,CPSA101,0101,Heather-Erin Bremenstuhl,75,75,0,2026-10-06 06:49:32,2026-10-06 06:49:32.155
2026-10-06 06:45:53,CPSA149,0101,Harold Burgess,20,20,0,2026-10-06 06:49:32,2026-10-06 06:49:32.310
2026-10-06 06:45:53,CPSA201,0101,Heather-Erin Bremenstuhl,75,75,0,2026-10-06 06:49:32,2026-10-06 06:49:32.466
2026-10-06 06:45:53,CPSA240,0101,Harold Burgess,15,15,0,2026-10-06 06:49:32,2026-10-06 06:49:32.621
2026-10-06 06:45:53,CPSA250,0101,Heather-Erin Bremenstuhl,10,10,0,2026-10-06 06:49:32,2026-10-06 06:49:32.779
2026-10-06 06:45:53,CPSA250,0201,Heather-Erin Bremenstuhl,10,10,0,2026-10-06 06:49:32,2026-10-06 06:49:32.779
2026-10-06 06:45:53,CPSA250,0301,Heather-Erin Bremenstuhl,10,10,0,2026-10-06 06:49:32,2026-10-06 06:49:32.780
2026-10-06 06:45:53,CPSA260,0101,Heather-Erin Bremenstuhl,10,10,0,2026-10-06 06:49:32,2026-10-06 06:49:32.942
2026-10-06 06:45:53,CPSA260,0201,Heather-Erin Bremenstuhl,10,10,0,2026-10-06 06:49:32,2026-10-06 06:49:32.943
2026-10-06 06:45:53,CPSA260,0301,Alexandra Lynch,10,10,0,2026-10-06 06:49:32,2026-10-06 06:49:32.943
2026-10-06 06:45:53,CPSF101,0101,Nicholas Fletcher,75,75,0,2026-10-06 06:49:34,2026-10-06 06:49:34.175
2026-10-06 06:45:53,CPSG101,0101,Thomas Holtz,75,75,0,2026-10-06 06:49:35,2026-10-06 06:49:35.420
2026-10-06 06:45:53,CPSG230,0101,John Merck,50,50,0,2026-10-06 06:49:35,2026-10-06 06:49:35.574
2026-10-06 06:45:53,CPSG240,0101,John Merck,25,25,0,2026-10-06 06:49:35,2026-10-06 06:49:35.722
2026-10-06 06:45:53,CPSG250,0101,John Merck,25,25,0,2026-10-06 06:49:35,2026-10-06 06:49:35.876
2026-10-06 06:45:53,CPSN101,0101,Hansol Kwak,75,75,0,2026-10-06 06:49:37,2026-10-06 06:49:37.179
2026-10-06 06:45:53,CPSN230,0101,Ellin Chung,40,40,0,2026-10-06 06:49:37,2026-10-06 06:49:37.365
2026-10-06 06:45:53,CPSN240,0101,Ellin Chung,15,15,0,2026-10-06 06:49:37,2026-10-06 06:49:37.709
2026-10-06 06:45:53,CPSN250,0101,Hansol Kwak,25,25,0,2026-10-06 06:49:37,2026-10-06 06:49:37.870
2026-10-06 06:45:53,CPSP110,0101,Instructor: TBA,18,18,0,2026-10-06 06:49:39,2026-10-06 06:49:39.137
2026-10-06 06:45:53,CPSP110,0201,Instructor: TBA,18,18,0,2026-10-06 06:49:39,2026-10-06 06:49:39.137
2026-10-06 06:45:53,CPSP110,0301,Instructor: TBA,18,18,0,2026-10-06 06:49:39,2026-10-06 06:49:39.138
2026-10-06 06:45:53,CPSP210,0101,Christine Alexander,20,20,0,2026-10-06 06:49:39,2026-10-06 06:49:39.299
2026-10-06 06:45:53,CPSP239A,0101,Heather-Erin Bremenstuhl,10,10,0,2026-10-06 06:49:39,2026-10-06 06:49:39.454
2026-10-06 06:45:53,CPSP259J,0101,Alison Burns,10,10,0,2026-10-06 06:49:39,2026-10-06 06:49:39.606
2026-10-06 06:45:53,CPSP279N,0101,Stacy Kosko,10,10,0,2026-10-06 06:49:39,2026-10-06 06:49:39.759
2026-10-06 06:45:53,CPSP339P,0101,Kelly Brower,15,15,0,2026-10-06 06:49:39,2026-10-06 06:49:39.950
2026-10-06 06:45:53,CPSP359G,0101,John Merck,25,25,0,2026-10-06 06:49:40,2026-10-06 06:49:40.101
2026-10-06 06:45:53,CPSP359S,0101,David Eubanks,24,24,0,2026-10-06 06:49:40,2026-10-06 06:49:40.268
2026-10-06 06:45:53,CPSP369E,0101,Tim Knight,7,7,0,2026-10-06 06:49:40,2026-10-06 06:49:40.422
2026-10-06 06:45:53,CPSP369E,0102,Tim Knight,5,5,0,2026-10-06 06:49:40,2026-10-06 06:49:40.423
2026-10-06 06:45:53,CPSS101,0101,Christine Alexander,75,75,0,2026-10-06 06:49:41,2026-10-06 06:49:41.664
2026-10-06 06:45:53,CPSS225,0101,Roan Parrish,20,20,0,2026-10-06 06:49:41,2026-10-06 06:49:41.845
2026-10-06 06:45:53,CPSS225,0201,Thomas Zeller,20,20,0,2026-10-06 06:49:41,2026-10-06 06:49:41.845
2026-10-06 06:45:53,CPSS240,0101,Timothy Reedy,25,25,0,2026-10-06 06:49:41,2026-10-06 06:49:41.998
2026-10-06 06:45:53,CPSS340,0101,Nicole Mogul,20,20,0,2026-10-06 06:49:42,2026-10-06 06:49:42.152
2026-10-06 06:45:53,DATA100,0111,Matthew Griffin,27,27,0,2026-10-06 06:49:49,2026-10-06 06:49:50.012
2026-10-06 06:45:53,DATA100,0112,Matthew Griffin,27,27,0,2026-10-06 06:49:49,2026-10-06 06:49:50.012
2026-10-06 06:45:53,DATA100,0121,Matthew Griffin,27,27,0,2026-10-06 06:49:49,2026-10-06 06:49:50.012
2026-10-06 06:45:53,DATA100,0122,Matthew Griffin,27,27,0,2026-10-06 06:49:49,2026-10-06 06:49:50.012
2026-10-06 06:45:53,DATA100,0123,Matthew Griffin,27,27,0,2026-10-06 06:49:49,2026-10-06 06:49:50.012
2026-10-06 06:45:53,DATA100,0131,Matthew Griffin,27,27,0,2026-10-06 06:49:49,2026-10-06 06:49:50.013
2026-10-06 06:45:53,DATA100,0211,Matthew Griffin,27,27,0,2026-10-06 06:49:49,2026-10-06 06:49:50.013
2026-10-06 06:45:53,DATA100,0212,Matthew Griffin,27,27,0,2026-10-06 06:49:49,2026-10-06 06:49:50.013
2026-10-06 06:45:53,DATA100,0221,Matthew Griffin,27,27,0,2026-10-06 06:49:49,2026-10-06 06:49:50.013
2026-10-06 06:45:53,DATA100,0222,Matthew Griffin,27,27,0,2026-10-06 06:49:49,2026-10-06 06:49:50.013
2026-10-06 06:45:53,DATA100,0223,Matthew Griffin,27,27,0,2026-10-06 06:49:49,2026-10-06 06:49:50.014
2026-10-06 06:45:53,DATA100,0224,Matthew Griffin,27,27,0,2026-10-06 06:49:49,2026-10-06 06:49:50.014
2026-10-06 06:45:53,DATA100,0231,Matthew Griffin,27,27,0,2026-10-06 06:49:49,2026-10-06 06:49:50.014
2026-10-06 06:45:53,DATA100,0241,Matthew Griffin,27,27,0,2026-10-06 06:49:49,2026-10-06 06:49:50.014
2026-10-06 06:45:53,DATA100,0242,Matthew Griffin,27,27,0,2026-10-06 06:49:49,2026-10-06 06:49:50.014
2026-10-06 06:45:53,DATA100,0311,Jonathan Fernandes,25,25,0,2026-10-06 06:49:49,2026-10-06 06:49:50.014
2026-10-06 06:45:53,DATA100,0312,Jonathan Fernandes,25,25,0,2026-10-06 06:49:49,2026-10-06 06:49:50.015
2026-10-06 06:45:53,DATA100,0321,Jonathan Fernandes,25,25,0,2026-10-06 06:49:49,2026-10-06 06:49:50.015
2026-10-06 06:45:53,DATA100,0322,Jonathan Fernandes,25,25,0,2026-10-06 06:49:49,2026-10-06 06:49:50.015
2026-10-06 06:45:53,DATA100,0323,Jonathan Fernandes,25,25,0,2026-10-06 06:49:49,2026-10-06 06:49:50.015
2026-10-06 06:45:53,DATA110,0101,Susan Mazzullo,310,310,0,2026-10-06 06:49:50,2026-10-06 06:49:50.235
2026-10-06 06:45:53,DATA120,0101,Fardina Alam,200,200,0,2026-10-06 06:49:50,2026-10-06 06:49:50.399
2026-10-06 06:45:53,DATA200,0101,Fardina Alam,90,90,0,2026-10-06 06:49:50,2026-10-06 06:49:50.553
2026-10-06 06:45:53,DATA250,0101,Todd Rowland,30,30,0,2026-10-06 06:49:50,2026-10-06 06:49:50.706
2026-10-06 06:45:53,DATA320,0101,Maksym Morawski,20,20,0,2026-10-06 06:49:50,2026-10-06 06:49:50.876
2026-10-06 06:45:53,DATA320,0201,Fardina Alam,20,20,0,2026-10-06 06:49:50,2026-10-06 06:49:50.876
2026-10-06 06:45:53,DATA320,0301,Anna Evtushenko,12,12,0,2026-10-06 06:49:50,2026-10-06 06:49:50.876
2026-10-06 06:45:53,DATA350,0101,Todd Rowland,30,30,0,2026-10-06 06:49:51,2026-10-06 06:49:51.055
2026-10-06 06:45:53,DATA350,0201,Raluca Rosca,30,30,0,2026-10-06 06:49:51,2026-10-06 06:49:51.055
2026-10-06 06:45:53,DATA400,0111,Archana Khurana,27,27,0,2026-10-06 06:49:51,2026-10-06 06:49:51.232
2026-10-06 06:45:53,DATA400,0121,Archana Khurana,27,27,0,2026-10-06 06:49:51,2026-10-06 06:49:51.232
2026-10-06 06:45:53,DATA400,0131,Archana Khurana,27,27,0,2026-10-06 06:49:51,2026-10-06 06:49:51.232
2026-10-06 06:45:53,DATA400,0211,Salman Safdar,27,27,0,2026-10-06 06:49:51,2026-10-06 06:49:51.232
2026-10-06 06:45:53,DATA400,0311,Shixin Zheng,27,27,0,2026-10-06 06:49:51,2026-10-06 06:49:51.232
2026-10-06 06:45:53,DATA400,0321,Shixin Zheng,27,27,0,2026-10-06 06:49:51,2026-10-06 06:49:51.232
2026-10-06 06:45:53,DATA400,0331,Shixin Zheng,27,27,0,2026-10-06 06:49:51,2026-10-06 06:49:51.233
2026-10-06 06:45:53,DATA400,0411,Mestiyage Gunatilleka,27,27,0,2026-10-06 06:49:51,2026-10-06 06:49:51.233
2026-10-06 06:45:53,DATA400,0421,Mestiyage Gunatilleka,27,27,0,2026-10-06 06:49:51,2026-10-06 06:49:51.233
2026-10-06 06:45:53,DATA400,0431,Mestiyage Gunatilleka,27,27,0,2026-10-06 06:49:51,2026-10-06 06:49:51.233
2026-10-06 06:45:53,EALL361,0101,Jyana Browne,20,20,0,2026-10-06 06:49:52,2026-10-06 06:49:52.495
2026-10-06 06:45:53,EDDI300,0101,Nicole Mehta,20,20,0,2026-10-06 06:50:01,2026-10-06 06:50:01.031
2026-10-06 06:45:53,EMBA788G,GX01,Judy Frels,31,31,0,2026-10-06 06:50:23,2026-10-06 06:50:23.476
2026-10-06 06:45:53,EMBA788V,GX01,Zhi-Long Chen,31,31,0,2026-10-06 06:50:24,2026-10-06 06:50:24.068
2026-10-06 06:45:53,ENAI603,0101,A Seyed,35,35,0,2026-10-06 06:50:38,2026-10-06 06:50:38.627
2026-10-06 06:45:53,ENAI603,AEC1,A Seyed,20,20,0,2026-10-06 06:50:38,2026-10-06 06:50:38.627
2026-10-06 06:45:53,ENBC312,ESG1,Kyunghun Lee,20,20,0,2026-10-06 06:50:39,2026-10-06 06:50:39.900
2026-10-06 06:45:53,ENBC321,ESG1,Jamasp Azarnoosh,20,20,0,2026-10-06 06:50:40,2026-10-06 06:50:40.055
2026-10-06 06:45:53,ENBC342,ESG1,Lan Ma,20,20,0,2026-10-06 06:50:40,2026-10-06 06:50:40.207
2026-10-06 06:45:53,ENBC351,ESG1,Jarred Callura,20,20,0,2026-10-06 06:50:40,2026-10-06 06:50:40.357
2026-10-06 06:45:53,ENBC352,ESG1,Jarred Callura,20,20,0,2026-10-06 06:50:40,2026-10-06 06:50:40.510
2026-10-06 06:45:53,ENBC403,ESG1,Jamasp Azarnoosh,20,20,0,2026-10-06 06:50:40,2026-10-06 06:50:40.678
2026-10-06 06:45:53,ENBC441,ESG1,Lan Ma,20,20,0,2026-10-06 06:50:40,2026-10-06 06:50:40.833
2026-10-06 06:45:53,ENBC455,ESG1,Jarred Callura,20,20,0,2026-10-06 06:50:40,2026-10-06 06:50:40.997
2026-10-06 06:45:53,ENBC491,ESG1,Lan Ma,20,20,0,2026-10-06 06:50:41,2026-10-06 06:50:41.153
2026-10-06 06:45:53,ENCO099,0101,Lizzy Solovey,200,200,0,2026-10-06 06:50:46,2026-10-06 06:50:46.737
2026-10-06 06:45:53,ENEB304,ESG1,Nestor Michael Tiglao,20,20,0,2026-10-06 06:50:48,2026-10-06 06:50:48.026
2026-10-06 06:45:53,ENEB345,ESG1,Nestor Michael Tiglao,20,20,0,2026-10-06 06:50:48,2026-10-06 06:50:48.214
2026-10-06 06:45:53,ENEB352,ESG1,Mohamed Hany,20,20,0,2026-10-06 06:50:48,2026-10-06 06:50:48.392
2026-10-06 06:45:53,ENEB353,ESG1,Manoj Franklin,20,20,0,2026-10-06 06:50:48,2026-10-06 06:50:48.548
2026-10-06 06:45:53,ENEB355,ESG1,Nestor Michael Tiglao,20,20,0,2026-10-06 06:50:48,2026-10-06 06:50:48.729
2026-10-06 06:45:53,ENEB408B,ESG1,Jerry Wu,20,20,0,2026-10-06 06:50:48,2026-10-06 06:50:48.884
2026-10-06 06:45:53,ENEB443,ESG1,George Zaki,20,20,0,2026-10-06 06:50:49,2026-10-06 06:50:49.113
2026-10-06 06:45:53,ENEB453,ESG1,Nestor Michael Tiglao,20,20,0,2026-10-06 06:50:49,2026-10-06 06:50:49.711
2026-10-06 06:45:53,ENEB455,ESG1,Jerry Wu,20,20,0,2026-10-06 06:50:49,2026-10-06 06:50:49.891
2026-10-06 06:45:53,ENEB456,ESG1,Nestor Michael Tiglao,20,20,0,2026-10-06 06:50:50,2026-10-06 06:50:50.048
2026-10-06 06:45:53,ENED037,0101,Hillary Owusu,20,20,0,2026-10-06 06:50:51,2026-10-06 06:50:51.699
2026-10-06 06:45:53,ENED290H,0101,Christopher Troilo,45,45,0,2026-10-06 06:50:51,2026-10-06 06:50:51.850
2026-10-06 06:45:53,ENED390H,0101,Natcha Thawesaengskulthai,45,45,0,2026-10-06 06:50:52,2026-10-06 06:50:52.007
2026-10-06 06:45:53,ENED394H,0101,Maria Bardossy,40,40,0,2026-10-06 06:50:52,2026-10-06 06:50:52.254
2026-10-06 06:45:53,ENED396,0101,Jessica Roffe,24,24,0,2026-10-06 06:50:52,2026-10-06 06:50:52.421
2026-10-06 06:45:53,ENED397,0101,Emily Marks,9,9,0,2026-10-06 06:50:52,2026-10-06 06:50:52.578
2026-10-06 06:45:53,ENED490H,0101,David Ashley,45,45,0,2026-10-06 06:50:52,2026-10-06 06:50:52.735
2026-10-06 06:45:53,ENED491,0101,Jessica Roffe,10,10,0,2026-10-06 06:50:52,2026-10-06 06:50:52.886
2026-10-06 06:45:53,ENMT313,ESG1,Nicholas Limparis,3,3,0,2026-10-06 06:51:49,2026-10-06 06:51:49.598
2026-10-06 06:45:53,ENMT332,ESG1,Norman Wereley,4,4,0,2026-10-06 06:51:49,2026-10-06 06:51:49.807
2026-10-06 06:45:53,ENMT362,ESG1,Young Choi,3,3,0,2026-10-06 06:51:50,2026-10-06 06:51:50.006
2026-10-06 06:45:53,ENMT372,ESG1,Gurtajbir Herr,3,3,0,2026-10-06 06:51:50,2026-10-06 06:51:50.209
2026-10-06 06:45:53,ENMT477,ESG1,Gurtajbir Herr,7,7,0,2026-10-06 06:51:50,2026-10-06 06:51:50.369
2026-10-06 06:45:53,ENMT488C,ESG1,Colleen Murray,7,7,0,2026-10-06 06:51:50,2026-10-06 06:51:50.525
2026-10-06 06:45:53,ENMT488P,ESG1,Colleen Murray,7,7,0,2026-10-06 06:51:50,2026-10-06 06:51:50.683
2026-10-06 06:45:53,ENMT488Z,ESG1,Nicholas Limparis,7,7,0,2026-10-06 06:51:50,2026-10-06 06:51:50.837
2026-10-06 06:45:53,ENSP102,0101,Joanna Goger,22,22,0,2026-10-06 06:52:07,2026-10-06 06:52:07.024
2026-10-06 06:45:53,ENSP102,0102,Joanna Goger,22,22,0,2026-10-06 06:52:07,2026-10-06 06:52:07.025
2026-10-06 06:45:53,ENSP102,0103,Joanna Goger,23,23,0,2026-10-06 06:52:07,2026-10-06 06:52:07.025
2026-10-06 06:45:53,ENSP102,0104,Joanna Goger,22,22,0,2026-10-06 06:52:07,2026-10-06 06:52:07.025
2026-10-06 06:45:53,ENSP102,0105,Joanna Goger,22,22,0,2026-10-06 06:52:07,2026-10-06 06:52:07.025
2026-10-06 06:45:53,ENSP102,0106,Joanna Goger,22,22,0,2026-10-06 06:52:07,2026-10-06 06:52:07.026
2026-10-06 06:45:53,ENSP102,0107,Joanna Goger,22,22,0,2026-10-06 06:52:07,2026-10-06 06:52:07.026
2026-10-06 06:45:53,ENSP306,0101,Caroline Boules,30,30,0,2026-10-06 06:52:07,2026-10-06 06:52:07.287
2026-10-06 06:45:53,ENSP330,0101,Joanna Goger,35,35,0,2026-10-06 06:52:07,2026-10-06 06:52:07.447
2026-10-06 06:45:53,ENSP342,0101,Annette Spivy,35,35,0,2026-10-06 06:52:07,2026-10-06 06:52:07.601
2026-10-06 06:45:53,ENSP370,0101,Arielle Wharton,30,30,0,2026-10-06 06:52:08,2026-10-06 06:52:08.013
2026-10-06 06:45:53,ENSP399R,0101,Melissa Kenney,15,15,0,2026-10-06 06:52:08,2026-10-06 06:52:08.642
2026-10-06 06:45:53,ENSP399R,0301,Instructor: TBA,15,15,0,2026-10-06 06:52:08,2026-10-06 06:52:08.642
2026-10-06 06:45:53,ENSP399R,0601,Annette Spivy,10,10,0,2026-10-06 06:52:08,2026-10-06 06:52:08.642
2026-10-06 06:45:53,ENSP399R,1001,Jennifer Mullinax,10,10,0,2026-10-06 06:52:08,2026-10-06 06:52:08.642
2026-10-06 06:45:53,ENSP400,0101,Caroline Boules,30,30,0,2026-10-06 06:52:08,2026-10-06 06:52:08.939
2026-10-06 06:45:53,ENSP400,0102,Annette Spivy,30,30,0,2026-10-06 06:52:08,2026-10-06 06:52:08.939
2026-10-06 06:45:53,ENSP400,0104,Colleen O'Donnell,20,20,0,2026-10-06 06:52:08,2026-10-06 06:52:08.940
2026-10-06 06:45:53,FGSM398,0101,Jayakumar Arasan,120,120,0,2026-10-06 06:52:24,2026-10-06 06:52:24.718
2026-10-06 06:45:53,FGSM398,0201,Jayakumar Arasan,120,120,0,2026-10-06 06:52:24,2026-10-06 06:52:24.718
2026-10-06 06:45:53,GEMS102,0101,David Lovell,180,180,0,2026-10-06 06:52:39,2026-10-06 06:52:39.998
2026-10-06 06:45:53,GEMS208D,0101,Allison Lansverk,1,1,0,2026-10-06 06:52:40,2026-10-06 06:52:40.150
2026-10-06 06:45:53,GEMS208E,0101,Allison Lansverk,18,18,0,2026-10-06 06:52:40,2026-10-06 06:52:40.302
2026-10-06 06:45:53,GEMS208F,0201,Allison Lansverk,12,12,0,2026-10-06 06:52:40,2026-10-06 06:52:40.456
2026-10-06 06:45:53,GEMS208J,0101,Allison Lansverk,24,24,0,2026-10-06 06:52:40,2026-10-06 06:52:40.612
2026-10-06 06:45:53,GEMS208K,0101,Allison Lansverk,30,30,0,2026-10-06 06:52:40,2026-10-06 06:52:40.770
2026-10-06 06:45:53,GEMS208P,0101,Allison Lansverk,15,15,0,2026-10-06 06:52:40,2026-10-06 06:52:40.922
2026-10-06 06:45:53,GEMS208Q,0201,Allison Lansverk,1,1,0,2026-10-06 06:52:41,2026-10-06 06:52:41.079
2026-10-06 06:45:53,GEMS296,0113,David Lovell,5,5,0,2026-10-06 06:52:41,2026-10-06 06:52:41.234
2026-10-06 06:45:53,GEMS297,0101,Instructor: TBA,14,14,0,2026-10-06 06:52:41,2026-10-06 06:52:41.411
2026-10-06 06:45:53,GEMS297,0102,Instructor: TBA,14,14,0,2026-10-06 06:52:41,2026-10-06 06:52:41.411
2026-10-06 06:45:53,GEMS297,0103,Instructor: TBA,14,14,0,2026-10-06 06:52:41,2026-10-06 06:52:41.411
2026-10-06 06:45:53,GEMS297,0104,Instructor: TBA,14,14,0,2026-10-06 06:52:41,2026-10-06 06:52:41.411
2026-10-06 06:45:53,GEMS297,0105,Instructor: TBA,14,14,0,2026-10-06 06:52:41,2026-10-06 06:52:41.411
2026-10-06 06:45:53,GEMS297,0106,Instructor: TBA,14,14,0,2026-10-06 06:52:41,2026-10-06 06:52:41.412
2026-10-06 06:45:53,GEMS297,0107,Instructor: TBA,14,14,0,2026-10-06 06:52:41,2026-10-06 06:52:41.412
2026-10-06 06:45:53,GEMS297,0108,Instructor: TBA,14,14,0,2026-10-06 06:52:41,2026-10-06 06:52:41.412
2026-10-06 06:45:53,GEMS297,0109,Instructor: TBA,14,14,0,2026-10-06 06:52:41,2026-10-06 06:52:41.412
2026-10-06 06:45:53,GEMS297,0110,Instructor: TBA,14,14,0,2026-10-06 06:52:41,2026-10-06 06:52:41.412
2026-10-06 06:45:53,GEMS297,0111,Instructor: TBA,14,14,0,2026-10-06 06:52:41,2026-10-06 06:52:41.413
2026-10-06 06:45:53,GEMS297,0112,Instructor: TBA,14,14,0,2026-10-06 06:52:41,2026-10-06 06:52:41.413
2026-10-06 06:45:53,GEMS297,0113,Instructor: TBA,14,14,0,2026-10-06 06:52:41,2026-10-06 06:52:41.413
2026-10-06 06:45:53,GEMS297,0114,Instructor: TBA,14,14,0,2026-10-06 06:52:41,2026-10-06 06:52:41.413
2026-10-06 06:45:53,GEMS297,0115,Instructor: TBA,5,5,0,2026-10-06 06:52:41,2026-10-06 06:52:41.413
2026-10-06 06:45:53,GEMS396,0113,David Lovell,5,5,0,2026-10-06 06:52:41,2026-10-06 06:52:41.595
2026-10-06 06:45:53,GEMS397,0101,Michael Humber,14,14,0,2026-10-06 06:52:41,2026-10-06 06:52:41.770
2026-10-06 06:45:53,GEMS397,0102,Seth Dickey,14,14,0,2026-10-06 06:52:41,2026-10-06 06:52:41.771
2026-10-06 06:45:53,GEMS397,0103,Cecilia Huertas Cerdeira,14,14,0,2026-10-06 06:52:41,2026-10-06 06:52:41.771
2026-10-06 06:45:53,GEMS397,0104,Rodolphe Gentili,14,14,0,2026-10-06 06:52:41,2026-10-06 06:52:41.771
2026-10-06 06:45:53,GEMS397,0105,Allison Reilly,14,14,0,2026-10-06 06:52:41,2026-10-06 06:52:41.771
2026-10-06 06:45:53,GEMS397,0106,Peter Sunderland,14,14,0,2026-10-06 06:52:41,2026-10-06 06:52:41.771
2026-10-06 06:45:53,GEMS397,0107,Brett Lacey,14,14,0,2026-10-06 06:52:41,2026-10-06 06:52:41.772
2026-10-06 06:45:53,GEMS397,0108,Natalia Buzulukova,14,14,0,2026-10-06 06:52:41,2026-10-06 06:52:41.772
2026-10-06 06:45:53,GEMS397,0109,Anil Deane,14,14,0,2026-10-06 06:52:41,2026-10-06 06:52:41.772
2026-10-06 06:45:53,GEMS397,0110,Colenso Speer,14,14,0,2026-10-06 06:52:41,2026-10-06 06:52:41.772
2026-10-06 06:45:53,GEMS397,0111,Alisa Clyne,14,14,0,2026-10-06 06:52:41,2026-10-06 06:52:41.772
2026-10-06 06:45:53,GEMS397,0112,Xin Zan,14,14,0,2026-10-06 06:52:41,2026-10-06 06:52:41.772
2026-10-06 06:45:53,GEMS397,0113,Instructor: TBA,14,14,0,2026-10-06 06:52:41,2026-10-06 06:52:41.773
2026-10-06 06:45:53,GEMS397,0114,David Lovell,5,5,0,2026-10-06 06:52:41,2026-10-06 06:52:41.773
2026-10-06 06:45:53,GEMS397,0115,David Lovell,5,5,0,2026-10-06 06:52:41,2026-10-06 06:52:41.773
2026-10-06 06:45:53,GEMS496,0113,David Lovell,5,5,0,2026-10-06 06:52:41,2026-10-06 06:52:41.931
2026-10-06 06:45:53,GEMS497,0101,Eric Haag,14,14,0,2026-10-06 06:52:42,2026-10-06 06:52:42.105
2026-10-06 06:45:53,GEMS497,0102,Mohammad Nayeem Teli,14,14,0,2026-10-06 06:52:42,2026-10-06 06:52:42.105
2026-10-06 06:45:53,GEMS497,0103,Norberto Gonzalez- Juarbe,14,14,0,2026-10-06 06:52:42,2026-10-06 06:52:42.106
2026-10-06 06:45:53,GEMS497,0104,Abhinav Shrivastava,14,14,0,2026-10-06 06:52:42,2026-10-06 06:52:42.106
2026-10-06 06:45:53,GEMS497,0105,Hector Alcala,14,14,0,2026-10-06 06:52:42,2026-10-06 06:52:42.106
2026-10-06 06:45:53,GEMS497,0106,Massimo Ricotti,14,14,0,2026-10-06 06:52:42,2026-10-06 06:52:42.106
2026-10-06 06:45:53,GEMS497,0107,Reza Ghodssi,14,14,0,2026-10-06 06:52:42,2026-10-06 06:52:42.106
2026-10-06 06:45:53,GEMS497,0108,Nikhil Chopra,14,14,0,2026-10-06 06:52:42,2026-10-06 06:52:42.107
2026-10-06 06:45:53,GEMS497,0109,Kimberly Stroka,14,14,0,2026-10-06 06:52:42,2026-10-06 06:52:42.107
2026-10-06 06:45:53,GEMS497,0110,Gorjan Alagic,14,14,0,2026-10-06 06:52:42,2026-10-06 06:52:42.107
2026-10-06 06:45:53,GEMS497,0111,Alisa Clyne,14,14,0,2026-10-06 06:52:42,2026-10-06 06:52:42.107
2026-10-06 06:45:53,GEMS497,0112,Xin Zan,14,14,0,2026-10-06 06:52:42,2026-10-06 06:52:42.107
2026-10-06 06:45:53,GEMS497,0113,David Lovell,14,14,0,2026-10-06 06:52:42,2026-10-06 06:52:42.107
2026-10-06 06:45:53,GEMS497,0114,David Lovell,14,14,0,2026-10-06 06:52:42,2026-10-06 06:52:42.108
2026-10-06 06:45:53,GFPL100,0101,Alec Worsnop,21,21,0,2026-10-06 06:52:57,2026-10-06 06:52:57.657
2026-10-06 06:45:53,GFPL100,0102,Alec Worsnop,21,21,0,2026-10-06 06:52:57,2026-10-06 06:52:57.657
2026-10-06 06:45:53,GFPL100,0103,Alec Worsnop,21,21,0,2026-10-06 06:52:57,2026-10-06 06:52:57.658
2026-10-06 06:45:53,GFPL100,0104,Alec Worsnop,21,21,0,2026-10-06 06:52:57,2026-10-06 06:52:57.658
2026-10-06 06:45:53,GFPL100,0105,Alec Worsnop,21,21,0,2026-10-06 06:52:57,2026-10-06 06:52:57.658
2026-10-06 06:45:53,GFPL100,0106,Alec Worsnop,20,20,0,2026-10-06 06:52:57,2026-10-06 06:52:57.658
2026-10-06 06:45:53,GFPL102,0101,Caroline Ritter,95,95,0,2026-10-06 06:52:57,2026-10-06 06:52:57.816
2026-10-06 06:45:53,GFPL372,0101,Devin Entrikin,40,40,0,2026-10-06 06:52:57,2026-10-06 06:52:57.972
2026-10-06 06:45:53,GLBC200,0101,Parker Brookie,30,30,0,2026-10-06 06:52:59,2026-10-06 06:52:59.203
2026-10-06 06:45:53,GLBC360,0101,Hester Baer,30,30,0,2026-10-06 06:52:59,2026-10-06 06:52:59.362
2026-10-06 06:45:53,HACS101,0101,Michel Cukier,35,35,0,2026-10-06 06:53:14,2026-10-06 06:53:14.075
2026-10-06 06:45:53,HACS101,0201,Michel Cukier,35,35,0,2026-10-06 06:53:14,2026-10-06 06:53:14.076
2026-10-06 06:45:53,HACS201,0101,Bertrand Sobesto,26,26,0,2026-10-06 06:53:14,2026-10-06 06:53:14.239
2026-10-06 06:45:53,HACS208A,0101,Lawrence Gordon,20,20,0,2026-10-06 06:53:14,2026-10-06 06:53:14.395
2026-10-06 06:45:53,HACS208E,0101,Ian Serbin,26,26,0,2026-10-06 06:53:14,2026-10-06 06:53:14.551
2026-10-06 06:45:53,HACS208Z,0101,Zulema Belyeu,30,30,0,2026-10-06 06:53:14,2026-10-06 06:53:14.705
2026-10-06 06:45:53,HACS297,0101,Sarah Herberger,25,25,0,2026-10-06 06:53:15,2026-10-06 06:53:15.157
2026-10-06 06:45:53,HACS318A,0101,Lindsey Schrott,75,75,0,2026-10-06 06:53:15,2026-10-06 06:53:15.321
2026-10-06 06:45:53,HACS408C,0101,Lamia Zia,26,26,0,2026-10-06 06:53:15,2026-10-06 06:53:15.477
2026-10-06 06:45:53,HACS408P,0101,Firoozeh Rahimian,26,26,0,2026-10-06 06:53:15,2026-10-06 06:53:15.632
2026-10-06 06:45:53,HACS408T,0101,Kevin Bock,30,30,0,2026-10-06 06:53:15,2026-10-06 06:53:15.790
2026-10-06 06:45:53,HACS408V,0101,Edward Condon,30,30,0,2026-10-06 06:53:15,2026-10-06 06:53:15.941
2026-10-06 06:45:53,HACS497,0101,Cassie Harrington,25,25,0,2026-10-06 06:53:16,2026-10-06 06:53:16.242
2026-10-06 06:45:53,HACS498,0101,Thomas Woods,10,10,0,2026-10-06 06:53:16,2026-10-06 06:53:16.402
2026-10-06 06:45:53,HACS498,0201,Neal Ziring,18,18,0,2026-10-06 06:53:16,2026-10-06 06:53:16.402
2026-10-06 06:45:53,HACS498,0301,Michel Cukier,4,4,0,2026-10-06 06:53:16,2026-10-06 06:53:16.402
2026-10-06 06:45:53,HBUS105,0101,Daniel McCarthy,35,35,0,2026-10-06 06:53:17,2026-10-06 06:53:17.647
2026-10-06 06:45:53,HBUS105,0201,Daniel McCarthy,35,35,0,2026-10-06 06:53:17,2026-10-06 06:53:17.647
2026-10-06 06:45:53,HBUS205,0101,Nicole Coomber,30,30,0,2026-10-06 06:53:17,2026-10-06 06:53:17.802
2026-10-06 06:45:53,HBUS205,0201,Nicole Coomber,30,30,0,2026-10-06 06:53:17,2026-10-06 06:53:17.802
2026-10-06 06:45:53,HDCC106,0101,Jeffrey Everett,13,13,0,2026-10-06 06:53:19,2026-10-06 06:53:19.068
2026-10-06 06:45:53,HDCC106,0201,William Evans,13,13,0,2026-10-06 06:53:19,2026-10-06 06:53:19.068
2026-10-06 06:45:53,HDCC106,0301,Grant Bollmer,13,13,0,2026-10-06 06:53:19,2026-10-06 06:53:19.068
2026-10-06 06:45:53,HDCC106,0401,Cliff Bakalian,13,13,0,2026-10-06 06:53:19,2026-10-06 06:53:19.069
2026-10-06 06:45:53,HDCC106,0501,Katherine Izsak,13,13,0,2026-10-06 06:53:19,2026-10-06 06:53:19.069
2026-10-06 06:45:53,HDCC209B,0101,Katherine Macyshyn,16,16,0,2026-10-06 06:53:19,2026-10-06 06:53:19.302
2026-10-06 06:45:53,HDCC209C,0101,Josue Porras-Fernandez,16,16,0,2026-10-06 06:53:19,2026-10-06 06:53:19.480
2026-10-06 06:45:53,HDCC209D,0101,Kaisha Snowden,16,16,0,2026-10-06 06:53:19,2026-10-06 06:53:19.637
2026-10-06 06:45:53,HDCC209E,0101,Antwon Key,16,16,0,2026-10-06 06:53:19,2026-10-06 06:53:19.840
2026-10-06 06:45:53,HEBR107,0101,Avital Karpman,15,15,0,2026-10-06 06:53:21,2026-10-06 06:53:21.255
2026-10-06 06:45:53,HEBR107,0201,Avital Karpman,15,15,0,2026-10-06 06:53:21,2026-10-06 06:53:21.255
2026-10-06 06:45:53,HEBR207,0101,Avital Karpman,15,15,0,2026-10-06 06:53:21,2026-10-06 06:53:21.412
2026-10-06 06:45:53,HEBR249A,0101,Aliza Sandalon,15,15,0,2026-10-06 06:53:21,2026-10-06 06:53:21.570
2026-10-06 06:45:53,HEBR314,0101,Aliza Sandalon,20,20,0,2026-10-06 06:53:21,2026-10-06 06:53:21.723
2026-10-06 06:45:53,HEBR488,0101,Bernard Cooperman,10,10,0,2026-10-06 06:53:22,2026-10-06 06:53:22.022
2026-10-06 06:45:53,HEBR488,0102,Aner Tal,10,10,0,2026-10-06 06:53:22,2026-10-06 06:53:22.022
2026-10-06 06:45:53,HGLO298,0101,Daniel Tuke,30,30,0,2026-10-06 06:53:32,2026-10-06 06:53:32.987
2026-10-06 06:45:53,HHUM106,0101,Sarah Humud,17,17,0,2026-10-06 06:53:34,2026-10-06 06:53:34.267
2026-10-06 06:45:53,HHUM106,0102,Sarah Humud,17,17,0,2026-10-06 06:53:34,2026-10-06 06:53:34.267
2026-10-06 06:45:53,HHUM106,0103,Sarah Humud,17,17,0,2026-10-06 06:53:34,2026-10-06 06:53:34.268
2026-10-06 06:45:53,HHUM106,0104,Sarah Humud,17,17,0,2026-10-06 06:53:34,2026-10-06 06:53:34.268
2026-10-06 06:45:53,HHUM206,0101,Sarah Humud,15,15,0,2026-10-06 06:53:34,2026-10-06 06:53:34.432
2026-10-06 06:45:53,HHUM206,0102,Sarah Humud,15,15,0,2026-10-06 06:53:34,2026-10-06 06:53:34.432
2026-10-06 06:45:53,HHUM206,0103,Sarah Humud,15,15,0,2026-10-06 06:53:34,2026-10-06 06:53:34.433
2026-10-06 06:45:53,HHUM206,0104,Sarah Humud,15,15,0,2026-10-06 06:53:34,2026-10-06 06:53:34.433
2026-10-06 06:45:53,HHUM328,0101,Sarah Humud,20,20,0,2026-10-06 06:53:34,2026-10-06 06:53:34.590
2026-10-06 06:45:53,HHUM329,0101,Sarah Humud,5,5,0,2026-10-06 06:53:34,2026-10-06 06:53:34.749
2026-10-06 06:45:53,HISP200,0101,Stefan Woehlke,22,22,0,2026-10-06 06:53:36,2026-10-06 06:53:36.060
2026-10-06 06:45:53,HISP200,0102,Stefan Woehlke,22,22,0,2026-10-06 06:53:36,2026-10-06 06:53:36.060
2026-10-06 06:45:53,HISP200,0103,Stefan Woehlke,22,22,0,2026-10-06 06:53:36,2026-10-06 06:53:36.060
2026-10-06 06:45:53,HISP200,0104,Stefan Woehlke,22,22,0,2026-10-06 06:53:36,2026-10-06 06:53:36.060
2026-10-06 06:45:53,HISP200,0105,Stefan Woehlke,22,22,0,2026-10-06 06:53:36,2026-10-06 06:53:36.060
2026-10-06 06:45:53,HISP319E,0101,Michelle Magalong,20,20,0,2026-10-06 06:53:36,2026-10-06 06:53:36.218
2026-10-06 06:45:53,HISP319S,0101,Michelle Magalong,30,30,0,2026-10-06 06:53:36,2026-10-06 06:53:36.369
2026-10-06 06:45:53,HISP619E,0101,Michelle Magalong,24,24,0,2026-10-06 06:53:36,2026-10-06 06:53:36.532
2026-10-06 06:45:53,HISP619O,0101,Stefan Woehlke,5,5,0,2026-10-06 06:53:36,2026-10-06 06:53:36.689
2026-10-06 06:45:53,HISP630,0101,Rhonda Sincavage,15,15,0,2026-10-06 06:53:36,2026-10-06 06:53:36.848
2026-10-06 06:45:53,HISP635,0101,Eola Dance,10,10,0,2026-10-06 06:53:37,2026-10-06 06:53:37.002
2026-10-06 06:45:53,HISP640,0101,Frederick Stachura,15,15,0,2026-10-06 06:53:37,2026-10-06 06:53:37.161
2026-10-06 06:45:53,HISP655,0101,Donald Linebaugh,15,15,0,2026-10-06 06:53:37,2026-10-06 06:53:37.322
2026-10-06 06:45:53,HISP660,0101,Instructor: TBA,15,15,0,2026-10-06 06:53:37,2026-10-06 06:53:37.480
2026-10-06 06:45:53,HISP670,0101,Alfonso Narvaez,15,15,0,2026-10-06 06:53:37,2026-10-06 06:53:37.634
2026-10-06 06:45:53,HISP690,0101,Donald Linebaugh,15,15,0,2026-10-06 06:53:37,2026-10-06 06:53:37.790
2026-10-06 06:45:53,HISP701,0101,Instructor: TBA,5,5,0,2026-10-06 06:53:37,2026-10-06 06:53:37.947
2026-10-06 06:45:53,HISP710,0101,Susan Kern,15,15,0,2026-10-06 06:53:38,2026-10-06 06:53:38.100
2026-10-06 06:45:53,HISP711,0101,Susan Kern,15,15,0,2026-10-06 06:53:38,2026-10-06 06:53:38.261
2026-10-06 06:45:53,HLSC102,0101,Sabrina Kramer,94,94,0,2026-10-06 06:53:53,2026-10-06 06:53:53.633
2026-10-06 06:45:53,HLSC102,0102,Jalah Townsend,35,35,0,2026-10-06 06:53:53,2026-10-06 06:53:53.633
2026-10-06 06:45:53,HLSC227,0101,Najib El-Sayed,25,25,0,2026-10-06 06:53:53,2026-10-06 06:53:53.785
2026-10-06 06:45:53,HLSC322,0101,Leslie Pick,23,23,0,2026-10-06 06:53:53,2026-10-06 06:53:53.974
2026-10-06 06:45:53,HLSC322,0102,Leslie Pick,23,23,0,2026-10-06 06:53:53,2026-10-06 06:53:53.974
2026-10-06 06:45:53,HLSC322,0103,Sabrina Kramer,23,23,0,2026-10-06 06:53:53,2026-10-06 06:53:53.975
2026-10-06 06:45:53,HLSC322,0104,Sabrina Kramer,23,23,0,2026-10-06 06:53:53,2026-10-06 06:53:53.975
2026-10-06 06:45:53,HLSC329,0101,Sabrina Kramer,12,12,0,2026-10-06 06:53:54,2026-10-06 06:53:54.127
2026-10-06 06:45:53,HNUH100,0101,Max Barnewitz,10,10,0,2026-10-06 06:54:03,2026-10-06 06:54:03.084
2026-10-06 06:45:53,HNUH218D,0101,Brian Gilmore,50,50,0,2026-10-06 06:54:03,2026-10-06 06:54:03.255
2026-10-06 06:45:53,HNUH218L,0101,Shauna Rigaud,20,20,0,2026-10-06 06:54:03,2026-10-06 06:54:03.483
2026-10-06 06:45:53,HNUH218L,0201,Shauna Rigaud,20,20,0,2026-10-06 06:54:03,2026-10-06 06:54:03.483
2026-10-06 06:45:53,HNUH218M,0101,Ebonie Johnson Cooper,20,20,0,2026-10-06 06:54:03,2026-10-06 06:54:03.653
2026-10-06 06:45:53,HNUH218N,0101,Sujith Kumar,20,20,0,2026-10-06 06:54:03,2026-10-06 06:54:03.848
2026-10-06 06:45:53,HNUH228D,0101,Matthew McLaughlin,60,60,0,2026-10-06 06:54:04,2026-10-06 06:54:04.042
2026-10-06 06:45:53,HNUH228L,0101,Alena Wigodner,20,20,0,2026-10-06 06:54:04,2026-10-06 06:54:04.209
2026-10-06 06:45:53,HNUH228L,0201,Alena Wigodner,20,20,0,2026-10-06 06:54:04,2026-10-06 06:54:04.209
2026-10-06 06:45:53,HNUH228M,0101,Ted Baker,20,20,0,2026-10-06 06:54:04,2026-10-06 06:54:04.364
2026-10-06 06:45:53,HNUH229P,0101,Tyson Slocum,20,20,0,2026-10-06 06:54:04,2026-10-06 06:54:04.522
2026-10-06 06:45:53,HNUH238D,0101,Susan Moeller,60,60,0,2026-10-06 06:54:04,2026-10-06 06:54:04.679
2026-10-06 06:45:53,HNUH238L,0101,Kimberly Johnson,20,20,0,2026-10-06 06:54:04,2026-10-06 06:54:04.839
2026-10-06 06:45:53,HNUH238L,0201,Kimberly Johnson,20,20,0,2026-10-06 06:54:04,2026-10-06 06:54:04.839
2026-10-06 06:45:53,HNUH238M,0101,Daniel Reck,20,20,0,2026-10-06 06:54:05,2026-10-06 06:54:05.011
2026-10-06 06:45:53,HNUH239I,0101,Jon Crocker,20,20,0,2026-10-06 06:54:05,2026-10-06 06:54:05.167
2026-10-06 06:45:53,HNUH248D,0101,Juan Uriagereka,45,45,0,2026-10-06 06:54:05,2026-10-06 06:54:05.318
2026-10-06 06:45:53,HNUH248L,0101,Robert Graham,20,20,0,2026-10-06 06:54:05,2026-10-06 06:54:05.472
2026-10-06 06:45:53,HNUH249T,0101,Daniel Rosenthal,20,20,0,2026-10-06 06:54:05,2026-10-06 06:54:05.627
2026-10-06 06:45:53,HNUH258C,0101,Bill Fagan,55,55,0,2026-10-06 06:54:05,2026-10-06 06:54:05.778
2026-10-06 06:45:53,HNUH258O,0101,Amy Green,20,20,0,2026-10-06 06:54:05,2026-10-06 06:54:05.935
2026-10-06 06:45:53,HNUH259T,0101,Ingrid Satelmajer,20,20,0,2026-10-06 06:54:06,2026-10-06 06:54:06.090
2026-10-06 06:45:53,HNUH268C,0101,Perla Guerrero,60,60,0,2026-10-06 06:54:06,2026-10-06 06:54:06.249
2026-10-06 06:45:53,HNUH268Q,0101,Binod Paudyal,20,20,0,2026-10-06 06:54:06,2026-10-06 06:54:06.516
2026-10-06 06:45:53,HNUH268R,0201,Vasfiye Toprak,20,20,0,2026-10-06 06:54:06,2026-10-06 06:54:06.689
2026-10-06 06:45:53,HNUH269T,0101,James Stillwell,20,20,0,2026-10-06 06:54:06,2026-10-06 06:54:06.864
2026-10-06 06:45:53,HNUH278C,0101,Chinyere Osuji,60,60,0,2026-10-06 06:54:07,2026-10-06 06:54:07.020
2026-10-06 06:45:53,HNUH278I,0101,Marisa Franco,20,20,0,2026-10-06 06:54:07,2026-10-06 06:54:07.175
2026-10-06 06:45:53,HNUH278I,0201,Marisa Franco,20,20,0,2026-10-06 06:54:07,2026-10-06 06:54:07.175
2026-10-06 06:45:53,HNUH278O,0101,DeNeen Brown,20,20,0,2026-10-06 06:54:07,2026-10-06 06:54:07.361
2026-10-06 06:45:53,HNUH278Q,0101,Katherine Coogan,20,20,0,2026-10-06 06:54:07,2026-10-06 06:54:07.517
2026-10-06 06:45:53,HNUH278R,0101,Max Barnewitz,20,20,0,2026-10-06 06:54:07,2026-10-06 06:54:07.670
2026-10-06 06:45:53,HNUH288C,0101,Julia Steinberg,30,30,0,2026-10-06 06:54:07,2026-10-06 06:54:07.828
2026-10-06 06:45:53,HNUH288C,0102,Julia Steinberg,30,30,0,2026-10-06 06:54:07,2026-10-06 06:54:07.828
2026-10-06 06:45:53,HNUH288O,0101,Ariana Nash,20,20,0,2026-10-06 06:54:07,2026-10-06 06:54:07.985
2026-10-06 06:45:53,HNUH300,0201,Vasfiye Toprak,20,20,0,2026-10-06 06:54:08,2026-10-06 06:54:08.179
2026-10-06 06:45:53,HNUH300,0301,Shauna Rigaud,20,20,0,2026-10-06 06:54:08,2026-10-06 06:54:08.179
2026-10-06 06:45:53,HNUH300,0401,Vasfiye Toprak,20,20,0,2026-10-06 06:54:08,2026-10-06 06:54:08.179
2026-10-06 06:45:53,HNUH300,0501,Ingrid Satelmajer,20,20,0,2026-10-06 06:54:08,2026-10-06 06:54:08.179
2026-10-06 06:45:53,HNUH300,0701,Jordan Johnson,20,20,0,2026-10-06 06:54:08,2026-10-06 06:54:08.180
2026-10-06 06:45:53,HNUH300,0801,Instructor: TBA,20,20,0,2026-10-06 06:54:08,2026-10-06 06:54:08.180
2026-10-06 06:45:53,HNUH300,0901,Alena Wigodner,20,20,0,2026-10-06 06:54:08,2026-10-06 06:54:08.180
2026-10-06 06:45:53,HNUH300,1001,Robert Graham,20,20,0,2026-10-06 06:54:08,2026-10-06 06:54:08.180
2026-10-06 06:45:53,HNUH300,1101,Max Barnewitz,20,20,0,2026-10-06 06:54:08,2026-10-06 06:54:08.180
2026-10-06 06:45:53,HNUH398P,0101,Jayakumar Arasan,120,120,0,2026-10-06 06:54:08,2026-10-06 06:54:08.339
2026-10-06 06:45:53,HNUH398P,0201,Jayakumar Arasan,120,120,0,2026-10-06 06:54:08,2026-10-06 06:54:08.340
2026-10-06 06:45:53,HONR379W,0101,Blake Wilder,15,15,0,2026-10-06 06:54:09,2026-10-06 06:54:09.649
2026-10-06 06:45:53,IDEA201,0101,Mira Azarm,20,20,0,2026-10-06 06:54:10,2026-10-06 06:54:10.893
2026-10-06 06:45:53,IDEA201,0102,Christina Hnatov,10,10,0,2026-10-06 06:54:10,2026-10-06 06:54:10.893
2026-10-06 06:45:53,IDEA201,0103,Brooke Smith,60,60,0,2026-10-06 06:54:10,2026-10-06 06:54:10.893
2026-10-06 06:45:53,IDEA201,0104,Brooke Smith,60,60,0,2026-10-06 06:54:10,2026-10-06 06:54:10.893
2026-10-06 06:45:53,IDEA311,0101,Brooke Smith,40,40,0,2026-10-06 06:54:11,2026-10-06 06:54:11.051
2026-10-06 06:45:53,IDEA311,0102,Brooke Smith,15,15,0,2026-10-06 06:54:11,2026-10-06 06:54:11.051
2026-10-06 06:45:53,IDEA312,0101,Meredith Kaunitz,15,15,0,2026-10-06 06:54:11,2026-10-06 06:54:11.205
2026-10-06 06:45:53,IMDM101,0101,Stevens Miller,30,30,0,2026-10-06 06:54:12,2026-10-06 06:54:12.799
2026-10-06 06:45:53,IMDM101,0201,Stevens Miller,30,30,0,2026-10-06 06:54:12,2026-10-06 06:54:12.799
2026-10-06 06:45:53,IMDM101,0301,Myungin Lee,30,30,0,2026-10-06 06:54:12,2026-10-06 06:54:12.799
2026-10-06 06:45:53,IMDM127,0101,Matthew Nolan,30,30,0,2026-10-06 06:54:12,2026-10-06 06:54:12.983
2026-10-06 06:45:53,IMDM150,0101,Cy Keener,45,45,0,2026-10-06 06:54:13,2026-10-06 06:54:13.135
2026-10-06 06:45:53,IMDM290,0101,Myungin Lee,30,30,0,2026-10-06 06:54:13,2026-10-06 06:54:13.295
2026-10-06 06:45:53,IMDM290,0201,Myungin Lee,30,30,0,2026-10-06 06:54:13,2026-10-06 06:54:13.295
2026-10-06 06:45:53,IMDM351,0101,Georgia Creson,15,15,0,2026-10-06 06:54:13,2026-10-06 06:54:13.451
2026-10-06 06:45:53,IMDM390,0101,Stefano Passeri,30,30,0,2026-10-06 06:54:13,2026-10-06 06:54:13.609
2026-10-06 06:45:53,IMDM390,0201,Stefano Passeri,30,30,0,2026-10-06 06:54:13,2026-10-06 06:54:13.609
2026-10-06 06:45:53,IMDM491,0101,Matthew Nolan,30,30,0,2026-10-06 06:54:13,2026-10-06 06:54:13.925
2026-10-06 06:45:53,IMDM491,0201,Matthew Nolan,30,30,0,2026-10-06 06:54:13,2026-10-06 06:54:13.925
2026-10-06 06:45:53,IMDM498I,0101,Snehesh Shrestha,16,16,0,2026-10-06 06:54:14,2026-10-06 06:54:14.082
2026-10-06 06:45:53,IMDM498J,0101,Yael Inbar,15,15,0,2026-10-06 06:54:14,2026-10-06 06:54:14.237
2026-10-06 06:45:53,IMMR200,0101,Instructor: TBA,40,40,0,2026-10-06 06:54:15,2026-10-06 06:54:15.635
2026-10-06 06:45:53,IMMR394,0101,Wenxi Yang,25,25,0,2026-10-06 06:54:15,2026-10-06 06:54:15.798
2026-10-06 06:45:53,IMMR399,0101,Christina Getrich,1,1,0,2026-10-06 06:54:15,2026-10-06 06:54:15.952
2026-10-06 06:45:53,INFM612,IM01,Instructor: TBA,40,40,0,2026-10-06 06:54:19,2026-10-06 06:54:19.981
2026-10-06 06:45:53,INFM737,IM01,David Loshin,40,40,0,2026-10-06 06:54:20,2026-10-06 06:54:20.167
2026-10-06 06:45:53,ISRL187,0101,Bernard Cooperman,23,23,0,2026-10-06 06:54:34,2026-10-06 06:54:34.475
2026-10-06 06:45:53,ISRL187,0102,Bernard Cooperman,23,23,0,2026-10-06 06:54:34,2026-10-06 06:54:34.475
2026-10-06 06:45:53,ISRL187,0103,Bernard Cooperman,23,23,0,2026-10-06 06:54:34,2026-10-06 06:54:34.475
2026-10-06 06:45:53,ISRL249O,0101,Aner Tal,35,35,0,2026-10-06 06:54:34,2026-10-06 06:54:34.631
2026-10-06 06:45:53,ISRL249P,0101,Aliza Sandalon,15,15,0,2026-10-06 06:54:34,2026-10-06 06:54:34.786
2026-10-06 06:45:53,ISRL282,0101,Shirelle Doughty,30,30,0,2026-10-06 06:54:34,2026-10-06 06:54:34.937
2026-10-06 06:45:53,ISRL329D,0101,Regev Ben-David,35,35,0,2026-10-06 06:54:35,2026-10-06 06:54:35.095
2026-10-06 06:45:53,ISRL329Y,0101,Marwa Maziad,30,30,0,2026-10-06 06:54:35,2026-10-06 06:54:35.252
2026-10-06 06:45:53,ISRL342,0101,Elli Lieberman,35,35,0,2026-10-06 06:54:35,2026-10-06 06:54:35.410
2026-10-06 06:45:53,ISRL349N,0101,Morad Elsana,30,30,0,2026-10-06 06:54:35,2026-10-06 06:54:35.570
2026-10-06 06:45:53,ISRL349W,0101,Avital Karpman,35,35,0,2026-10-06 06:54:35,2026-10-06 06:54:35.726
2026-10-06 06:45:53,ISRL372,0101,Shirelle Doughty,30,30,0,2026-10-06 06:54:35,2026-10-06 06:54:35.882
2026-10-06 06:45:53,ISRL380,0101,Regev Ben-David,35,35,0,2026-10-06 06:54:36,2026-10-06 06:54:36.046
2026-10-06 06:45:53,ISRL383,0101,Ilai Saltzman,35,35,0,2026-10-06 06:54:36,2026-10-06 06:54:36.200
2026-10-06 06:45:53,JAPN102,0101,Kumiko Akikawa,15,15,0,2026-10-06 06:54:39,2026-10-06 06:54:39.314
2026-10-06 06:45:53,JAPN102,0201,Kumiko Akikawa,15,15,0,2026-10-06 06:54:39,2026-10-06 06:54:39.314
2026-10-06 06:45:53,JAPN202,0101,Makiko Inoue,15,15,0,2026-10-06 06:54:39,2026-10-06 06:54:39.478
2026-10-06 06:45:53,JAPN202,0201,Makiko Inoue,15,15,0,2026-10-06 06:54:39,2026-10-06 06:54:39.478
2026-10-06 06:45:53,JAPN302,0101,Mari Hamada,15,15,0,2026-10-06 06:54:39,2026-10-06 06:54:39.639
2026-10-06 06:45:53,JAPN306,0101,Lindsay Yotsukura,15,15,0,2026-10-06 06:54:39,2026-10-06 06:54:39.794
2026-10-06 06:45:53,JAPN335,0101,Michele Mason,20,20,0,2026-10-06 06:54:39,2026-10-06 06:54:39.962
2026-10-06 06:45:53,JAPN355,0101,Jyana Browne,20,20,0,2026-10-06 06:54:40,2026-10-06 06:54:40.117
2026-10-06 06:45:53,JAPN361,0101,Jyana Browne,20,20,0,2026-10-06 06:54:40,2026-10-06 06:54:40.271
2026-10-06 06:45:53,JAPN425,0101,Michele Mason,30,30,0,2026-10-06 06:54:40,2026-10-06 06:54:40.578
2026-10-06 06:45:53,JAPN457,0101,Lindsay Yotsukura,15,15,0,2026-10-06 06:54:40,2026-10-06 06:54:40.733
2026-10-06 06:45:53,JWST187,0101,Bernard Cooperman,23,23,0,2026-10-06 06:54:54,2026-10-06 06:54:54.126
2026-10-06 06:45:53,JWST187,0102,Bernard Cooperman,23,23,0,2026-10-06 06:54:54,2026-10-06 06:54:54.127
2026-10-06 06:45:53,JWST187,0103,Bernard Cooperman,23,23,0,2026-10-06 06:54:54,2026-10-06 06:54:54.127
2026-10-06 06:45:53,JWST233,0101,Hayim Lapin,45,45,0,2026-10-06 06:54:54,2026-10-06 06:54:54.284
2026-10-06 06:45:53,JWST319A,0101,Daniel Richter,35,35,0,2026-10-06 06:54:54,2026-10-06 06:54:54.437
2026-10-06 06:45:53,JWST319J,0101,Nathan Levine,35,35,0,2026-10-06 06:54:54,2026-10-06 06:54:54.598
2026-10-06 06:45:53,JWST319P,0101,Lauren Kotkin,18,18,0,2026-10-06 06:54:54,2026-10-06 06:54:54.754
2026-10-06 06:45:53,JWST319Q,0101,Regev Ben-David,35,35,0,2026-10-06 06:54:54,2026-10-06 06:54:54.918
2026-10-06 06:45:53,JWST319W,0101,Avital Karpman,35,35,0,2026-10-06 06:54:55,2026-10-06 06:54:55.072
2026-10-06 06:45:53,JWST324,0101,Matthew Suriano,25,25,0,2026-10-06 06:54:55,2026-10-06 06:54:55.222
2026-10-06 06:45:53,JWST372,0101,Shirelle Doughty,30,30,0,2026-10-06 06:54:55,2026-10-06 06:54:55.630
2026-10-06 06:45:53,JWST386,0101,Instructor: TBA,5,5,0,2026-10-06 06:54:55,2026-10-06 06:54:55.788
2026-10-06 06:45:53,JWST419B,0101,Bernard Cooperman,20,20,0,2026-10-06 06:54:56,2026-10-06 06:54:56.107
2026-10-06 06:45:53,JWST427,0101,Matthew Suriano,15,15,0,2026-10-06 06:54:56,2026-10-06 06:54:56.261
2026-10-06 06:45:53,JWST469C,0101,Bernard Cooperman,10,10,0,2026-10-06 06:54:56,2026-10-06 06:54:56.429
2026-10-06 06:45:53,KORA101,0101,Seong Minne Koh,15,15,0,2026-10-06 06:55:11,2026-10-06 06:55:11.750
2026-10-06 06:45:53,KORA102,0101,Saerom Kwak,15,15,0,2026-10-06 06:55:11,2026-10-06 06:55:11.914
2026-10-06 06:45:53,KORA102,0201,Saerom Kwak,15,15,0,2026-10-06 06:55:11,2026-10-06 06:55:11.914
2026-10-06 06:45:53,KORA102,0301,Saerom Kwak,15,15,0,2026-10-06 06:55:11,2026-10-06 06:55:11.915
2026-10-06 06:45:53,KORA102,0401,Saerom Kwak,15,15,0,2026-10-06 06:55:11,2026-10-06 06:55:11.915
2026-10-06 06:45:53,KORA202,0101,Seong Minne Koh,15,15,0,2026-10-06 06:55:12,2026-10-06 06:55:12.076
2026-10-06 06:45:53,KORA202,0301,Seong Minne Koh,15,15,0,2026-10-06 06:55:12,2026-10-06 06:55:12.077
2026-10-06 06:45:53,KORA398O,0101,Instructor: TBA,10,10,0,2026-10-06 06:55:12,2026-10-06 06:55:12.231
2026-10-06 06:45:53,KORA398V,0101,Seong Minne Koh,10,10,0,2026-10-06 06:55:12,2026-10-06 06:55:12.389
2026-10-06 06:45:53,LEAD217,0101,Festus Ainoo,25,25,0,2026-10-06 06:55:22,2026-10-06 06:55:22.706
2026-10-06 06:45:53,LEAD217,0201,Festus Ainoo,25,25,0,2026-10-06 06:55:22,2026-10-06 06:55:22.706
2026-10-06 06:45:53,LEAD321,0101,Courtney Holder,10,10,0,2026-10-06 06:55:22,2026-10-06 06:55:22.863
2026-10-06 06:45:53,LEAD417,0101,Anastasia Lavrenyuk,20,20,0,2026-10-06 06:55:23,2026-10-06 06:55:23.013
2026-10-06 06:45:53,LGBT200,0101,Sayan Bhattacharya,25,25,0,2026-10-06 06:55:24,2026-10-06 06:55:24.507
2026-10-06 06:45:53,LGBT200,0102,Sayan Bhattacharya,25,25,0,2026-10-06 06:55:24,2026-10-06 06:55:24.507
2026-10-06 06:45:53,LGBT265,0201,Instructor: TBA,30,30,0,2026-10-06 06:55:24,2026-10-06 06:55:24.661
2026-10-06 06:45:53,LGBT306,0101,Sydney Lewis,30,30,0,2026-10-06 06:55:24,2026-10-06 06:55:24.824
2026-10-06 06:45:53,LGBT310,0101,Sayan Bhattacharya,25,25,0,2026-10-06 06:55:24,2026-10-06 06:55:24.976
2026-10-06 06:45:53,LGBT338F,0101,Alexis Lothian,30,30,0,2026-10-06 06:55:25,2026-10-06 06:55:25.129
2026-10-06 06:45:53,LGBT475,0101,Sydney Lewis,20,20,0,2026-10-06 06:55:25,2026-10-06 06:55:25.283
2026-10-06 06:45:53,MLAW150,0101,David Gray,25,25,0,2026-10-06 06:55:46,2026-10-06 06:55:46.811
2026-10-06 06:45:53,MLAW150,0102,David Gray,25,25,0,2026-10-06 06:55:46,2026-10-06 06:55:46.811
2026-10-06 06:45:53,MLAW150,0103,David Gray,25,25,0,2026-10-06 06:55:46,2026-10-06 06:55:46.811
2026-10-06 06:45:53,MLAW304,0101,Christine White,40,40,0,2026-10-06 06:55:46,2026-10-06 06:55:46.969
2026-10-06 06:45:53,MLAW305,0201,Brian Gilmore,60,60,0,2026-10-06 06:55:47,2026-10-06 06:55:47.125
2026-10-06 06:45:53,MLAW325,0101,Grace Benton,12,12,0,2026-10-06 06:55:47,2026-10-06 06:55:47.283
2026-10-06 06:45:53,MLAW358W,0101,Michael Spivey,25,25,0,2026-10-06 06:55:47,2026-10-06 06:55:47.555
2026-10-06 06:45:53,MLAW358W,0102,Michael Spivey,25,25,0,2026-10-06 06:55:47,2026-10-06 06:55:47.556
2026-10-06 06:45:53,MLAW358W,0103,Michael Spivey,25,25,0,2026-10-06 06:55:47,2026-10-06 06:55:47.556
2026-10-06 06:45:53,MLAW358W,0104,Michael Spivey,25,25,0,2026-10-06 06:55:47,2026-10-06 06:55:47.556
2026-10-06 06:45:53,MLAW358W,0105,Michael Spivey,25,25,0,2026-10-06 06:55:47,2026-10-06 06:55:47.556
2026-10-06 06:45:53,MLAW358W,0106,Michael Spivey,25,25,0,2026-10-06 06:55:47,2026-10-06 06:55:47.556
2026-10-06 06:45:53,MLAW358Y,0101,Martin Kobren,5,5,0,2026-10-06 06:55:47,2026-10-06 06:55:47.728
2026-10-06 06:45:53,MLAW358Z,0101,Christine White,19,19,0,2026-10-06 06:55:47,2026-10-06 06:55:47.895
2026-10-06 06:45:53,MLAW359,0101,Brandee Pettus,8,8,0,2026-10-06 06:55:48,2026-10-06 06:55:48.200
2026-10-06 06:45:53,MLAW378E,0101,Brandee Pettus,5,5,0,2026-10-06 06:55:48,2026-10-06 06:55:48.440
2026-10-06 06:45:53,MLAW378F,0101,Brian Gilmore,15,15,0,2026-10-06 06:55:48,2026-10-06 06:55:48.677
2026-10-06 06:45:53,MLAW378J,0101,Natalie Ram,20,20,0,2026-10-06 06:55:48,2026-10-06 06:55:48.857
2026-10-06 06:45:53,MLAW378T,0101,Marley Weiss,20,20,0,2026-10-06 06:55:49,2026-10-06 06:55:49.017
2026-10-06 06:45:53,MLAW388,0101,Brandee Pettus,33,33,0,2026-10-06 06:55:49,2026-10-06 06:55:49.243
2026-10-06 06:45:53,MLAW388,0201,Brandee Pettus,6,6,0,2026-10-06 06:55:49,2026-10-06 06:55:49.243
2026-10-06 06:45:53,MLAW404,0101,Christine White,75,75,0,2026-10-06 06:55:49,2026-10-06 06:55:49.479
2026-10-06 06:45:53,NAVY101,0101,Beau Cisneros,30,30,0,2026-10-06 06:56:14,2026-10-06 06:56:14.607
2026-10-06 06:45:53,NAVY108,0101,Christopher Boehm,150,150,0,2026-10-06 06:56:14,2026-10-06 06:56:14.761
2026-10-06 06:45:53,NAVY201,0101,Austin Cranfill,30,30,0,2026-10-06 06:56:14,2026-10-06 06:56:14.916
2026-10-06 06:45:53,NAVY301,0101,Beau Cisneros,35,35,0,2026-10-06 06:56:15,2026-10-06 06:56:15.072
2026-10-06 06:45:53,NAVY401,0101,John Gonser,36,36,0,2026-10-06 06:56:15,2026-10-06 06:56:15.226
2026-10-06 06:45:53,NAVY402,0102,Jenna Weiner,25,25,0,2026-10-06 06:56:15,2026-10-06 06:56:15.383
2026-10-06 06:45:53,NEUR200,0101,Ana Navarro Cebrian,90,90,0,2026-10-06 06:56:16,2026-10-06 06:56:16.663
2026-10-06 06:45:53,NEUR200,0201,Ana Navarro Cebrian,90,90,0,2026-10-06 06:56:16,2026-10-06 06:56:16.663
2026-10-06 06:45:53,NEUR305,0101,Amanda Chicoli,90,90,0,2026-10-06 06:56:16,2026-10-06 06:56:16.845
2026-10-06 06:45:53,NEUR306,0101,Chan Lin,64,64,0,2026-10-06 06:56:17,2026-10-06 06:56:17.009
2026-10-06 06:45:53,NEUR306,0102,Melissa Caras,40,40,0,2026-10-06 06:56:17,2026-10-06 06:56:17.009
2026-10-06 06:45:53,NEUR338A,0101,Amanda Chicoli,20,20,0,2026-10-06 06:56:17,2026-10-06 06:56:17.311
2026-10-06 06:45:53,NEUR398H,0101,Nikolas Francis,20,20,0,2026-10-06 06:56:17,2026-10-06 06:56:17.767
2026-10-06 06:45:53,NEUR405,0101,Hilary Bierman,16,16,0,2026-10-06 06:56:17,2026-10-06 06:56:17.925
2026-10-06 06:45:53,NEUR405,0102,Hilary Bierman,16,16,0,2026-10-06 06:56:17,2026-10-06 06:56:17.925
2026-10-06 06:45:53,NEUR405,0103,Hilary Bierman,16,16,0,2026-10-06 06:56:17,2026-10-06 06:56:17.925
2026-10-06 06:45:53,NEUR405,0106,Hilary Bierman,16,16,0,2026-10-06 06:56:17,2026-10-06 06:56:17.925
2026-10-06 06:45:53,PEER318,0101,Christina Jay,15,15,0,2026-10-06 06:56:24,2026-10-06 06:56:24.982
2026-10-06 06:45:53,PEER319,0101,Grace Boudreau,15,15,0,2026-10-06 06:56:25,2026-10-06 06:56:25.139
2026-10-06 06:45:53,PEER322,0101,Aleia Gardner,15,15,0,2026-10-06 06:56:25,2026-10-06 06:56:25.290
2026-10-06 06:45:53,PHPE308A,0101,Rachel Singpurwalla,25,25,0,2026-10-06 06:56:32,2026-10-06 06:56:32.037
2026-10-06 06:45:53,PHPE308M,0101,Eric Pacuit,30,30,0,2026-10-06 06:56:32,2026-10-06 06:56:32.200
2026-10-06 06:45:53,PHPE308P,0101,Xinzhi Zhao,30,30,0,2026-10-06 06:56:32,2026-10-06 06:56:32.354
2026-10-06 06:45:53,PHPE308U,0101,Aner Tal,35,35,0,2026-10-06 06:56:32,2026-10-06 06:56:32.514
2026-10-06 06:45:53,PHPE308Z,0101,Hallie Liberto,30,30,0,2026-10-06 06:56:32,2026-10-06 06:56:32.672
2026-10-06 06:45:53,PHPE400,0101,Instructor: TBA,30,30,0,2026-10-06 06:56:32,2026-10-06 06:56:32.974
2026-10-06 06:45:53,PHPE401,0101,Xinzhi Zhao,27,27,0,2026-10-06 06:56:33,2026-10-06 06:56:33.129
2026-10-06 06:45:53,PHPE401,0102,Xinzhi Zhao,27,27,0,2026-10-06 06:56:33,2026-10-06 06:56:33.129
2026-10-06 06:45:53,PHPE402,0101,Ben Fan,30,30,0,2026-10-06 06:56:33,2026-10-06 06:56:33.280
2026-10-06 06:45:53,PHPE408M,0101,Nicholas Laskowski,25,25,0,2026-10-06 06:56:33,2026-10-06 06:56:33.434
2026-10-06 06:45:53,PHPE408Q,0101,Samuel Kerstein,20,20,0,2026-10-06 06:56:33,2026-10-06 06:56:33.591
2026-10-06 06:45:53,PHPE408Z,0101,Avia Pasternak,30,30,0,2026-10-06 06:56:33,2026-10-06 06:56:33.773
2026-10-06 06:45:53,PHSC399,0101,Shannon Edward,30,30,0,2026-10-06 06:56:35,2026-10-06 06:56:35.203
2026-10-06 06:45:53,PHSC399,ESG1,Shannon Edward,20,20,0,2026-10-06 06:56:35,2026-10-06 06:56:35.203
2026-10-06 06:45:53,PHSC415,0101,Jessica O'Hara,36,36,0,2026-10-06 06:56:35,2026-10-06 06:56:35.370
2026-10-06 06:45:53,PHSC415,0102,Jessica O'Hara,36,36,0,2026-10-06 06:56:35,2026-10-06 06:56:35.370
2026-10-06 06:45:53,PHSC415,0103,Jessica O'Hara,36,36,0,2026-10-06 06:56:35,2026-10-06 06:56:35.370
2026-10-06 06:45:53,PHSC415,0104,Jessica O'Hara,36,36,0,2026-10-06 06:56:35,2026-10-06 06:56:35.370
2026-10-06 06:45:53,PHSC415,0105,Jessica O'Hara,36,36,0,2026-10-06 06:56:35,2026-10-06 06:56:35.370
2026-10-06 06:45:53,PHSC425,0101,Jennifer German,30,30,0,2026-10-06 06:56:35,2026-10-06 06:56:35.523
2026-10-06 06:45:53,PHSC440,0101,Kendall Bustad,35,35,0,2026-10-06 06:56:35,2026-10-06 06:56:35.679
2026-10-06 06:45:53,PHSC450,0101,Kendall Bustad,20,20,0,2026-10-06 06:56:35,2026-10-06 06:56:35.847
2026-10-06 06:45:53,PHSC450,0102,Kendall Bustad,20,20,0,2026-10-06 06:56:35,2026-10-06 06:56:35.847
2026-10-06 06:45:53,PHSC450,0103,Kendall Bustad,20,20,0,2026-10-06 06:56:35,2026-10-06 06:56:35.847
2026-10-06 06:45:53,PHSC450,0104,Kendall Bustad,20,20,0,2026-10-06 06:56:35,2026-10-06 06:56:35.847
2026-10-06 06:45:53,PHSC450,0105,Kendall Bustad,20,20,0,2026-10-06 06:56:35,2026-10-06 06:56:35.847
2026-10-06 06:45:53,PHSC450,0106,Kendall Bustad,20,20,0,2026-10-06 06:56:35,2026-10-06 06:56:35.848
2026-10-06 06:45:53,PHSC450,0107,Kendall Bustad,20,20,0,2026-10-06 06:56:35,2026-10-06 06:56:35.848
2026-10-06 06:45:53,PHSC490,0101,Shannon Edward,30,30,0,2026-10-06 06:56:36,2026-10-06 06:56:36.004
2026-10-06 06:45:53,PHSC497,0101,Gretchen De Silva,20,20,0,2026-10-06 06:56:36,2026-10-06 06:56:36.183
2026-10-06 06:45:53,PHSC497,0201,Kendall Bustad,20,20,0,2026-10-06 06:56:36,2026-10-06 06:56:36.183
2026-10-06 06:45:53,PHSC497,0301,Gretchen De Silva,20,20,0,2026-10-06 06:56:36,2026-10-06 06:56:36.183
2026-10-06 06:45:53,PHSC497,0401,Aysha Jawed,20,20,0,2026-10-06 06:56:36,2026-10-06 06:56:36.183
2026-10-06 06:45:53,PHSC497,0501,Jennifer German,20,20,0,2026-10-06 06:56:36,2026-10-06 06:56:36.184
2026-10-06 06:45:53,PHSC497,0601,Ann Truelove,20,20,0,2026-10-06 06:56:36,2026-10-06 06:56:36.184
2026-10-06 06:45:53,PHSC497,0701,Lakeshia Watson,20,20,0,2026-10-06 06:56:36,2026-10-06 06:56:36.184
2026-10-06 06:45:53,PHSC497,0801,Carmen Booker,20,20,0,2026-10-06 06:56:36,2026-10-06 06:56:36.184
2026-10-06 06:45:53,PHSC497,0901,Darya Soltani,20,20,0,2026-10-06 06:56:36,2026-10-06 06:56:36.184
2026-10-06 06:45:53,PHSC497,1001,Brienna Anderson,20,20,0,2026-10-06 06:56:36,2026-10-06 06:56:36.185
2026-10-06 06:45:53,PHSC497,1101,Margaret Smith,20,20,0,2026-10-06 06:56:36,2026-10-06 06:56:36.185
2026-10-06 06:45:53,PHSC497,1201,Eric Silfen,20,20,0,2026-10-06 06:56:36,2026-10-06 06:56:36.185
2026-10-06 06:45:53,PHSC497,1301,Lakeshia Watson,20,20,0,2026-10-06 06:56:36,2026-10-06 06:56:36.185
2026-10-06 06:45:53,RDEV250,0101,Wayne Ricardo Curtis,75,75,0,2026-10-06 06:57:10,2026-10-06 06:57:10.642
2026-10-06 06:45:53,RDEV250,0102,Wayne Ricardo Curtis,75,75,0,2026-10-06 06:57:10,2026-10-06 06:57:10.643
2026-10-06 06:45:53,RDEV270,0101,John Park,30,30,0,2026-10-06 06:57:10,2026-10-06 06:57:10.797
2026-10-06 06:45:53,RDEV350,0101,Jesse Saginor,25,25,0,2026-10-06 06:57:10,2026-10-06 06:57:10.951
2026-10-06 06:45:53,RDEV350,0102,Instructor: TBA,30,30,0,2026-10-06 06:57:10,2026-10-06 06:57:10.951
2026-10-06 06:45:53,RDEV410,0101,Peter Goldsmith,30,30,0,2026-10-06 06:57:11,2026-10-06 06:57:11.105
2026-10-06 06:45:53,RDEV415,0101,Bilal Ali,20,20,0,2026-10-06 06:57:11,2026-10-06 06:57:11.264
2026-10-06 06:45:53,RDEV445,0101,Matthew O'Malley,15,15,0,2026-10-06 06:57:11,2026-10-06 06:57:11.418
2026-10-06 06:45:53,RDEV450,0101,Kathryn Corby,30,30,0,2026-10-06 06:57:11,2026-10-06 06:57:11.577
2026-10-06 06:45:53,RDEV450,0102,Thomas Dwyer,20,20,0,2026-10-06 06:57:11,2026-10-06 06:57:11.577
2026-10-06 06:45:53,RDEV450,0103,John Park,30,30,0,2026-10-06 06:57:11,2026-10-06 06:57:11.578
2026-10-06 06:45:53,RDEV478D,0101,Jesse Saginor,20,20,0,2026-10-06 06:57:11,2026-10-06 06:57:11.729
2026-10-06 06:45:53,RDEV600,0101,Jesse Saginor,10,10,0,2026-10-06 06:57:11,2026-10-06 06:57:11.885
2026-10-06 06:45:53,RDEV603,0101,Thomas Dwyer,18,18,0,2026-10-06 06:57:12,2026-10-06 06:57:12.043
2026-10-06 06:45:53,RDEV610,0101,David Warner,20,20,0,2026-10-06 06:57:12,2026-10-06 06:57:12.203
2026-10-06 06:45:53,RDEV615,0101,Bilal Ali,20,20,0,2026-10-06 06:57:12,2026-10-06 06:57:12.369
2026-10-06 06:45:53,RDEV630,0101,Mansur Abdul-Malik,30,30,0,2026-10-06 06:57:12,2026-10-06 06:57:12.523
2026-10-06 06:45:53,RDEV650,0101,Matthew O'Malley,25,25,0,2026-10-06 06:57:12,2026-10-06 06:57:12.676
2026-10-06 06:45:53,RDEV689F,0101,Zachary Marks,20,20,0,2026-10-06 06:57:12,2026-10-06 06:57:12.838
2026-10-06 06:45:53,RDEV689I,0101,Ronald McDonald,14,14,0,2026-10-06 06:57:12,2026-10-06 06:57:12.995
2026-10-06 06:45:53,RDEV689R,0101,Nick Egelanian,15,15,0,2026-10-06 06:57:13,2026-10-06 06:57:13.148
2026-10-06 06:45:53,RDEV689Y,0101,Instructor: TBA,12,12,0,2026-10-06 06:57:13,2026-10-06 06:57:13.301
2026-10-06 06:45:53,RDEV690,0101,Tanya Bansal,12,12,0,2026-10-06 06:57:13,2026-10-06 06:57:13.458
2026-10-06 06:45:53,RELS170,0101,Katherine Wasdin,21,21,0,2026-10-06 06:57:14,2026-10-06 06:57:14.783
2026-10-06 06:45:53,RELS170,0102,Katherine Wasdin,21,21,0,2026-10-06 06:57:14,2026-10-06 06:57:14.783
2026-10-06 06:45:53,RELS170,0103,Katherine Wasdin,21,21,0,2026-10-06 06:57:14,2026-10-06 06:57:14.784
2026-10-06 06:45:53,RELS170,0104,Katherine Wasdin,21,21,0,2026-10-06 06:57:14,2026-10-06 06:57:14.784
2026-10-06 06:45:53,RELS170,0105,Katherine Wasdin,21,21,0,2026-10-06 06:57:14,2026-10-06 06:57:14.784
2026-10-06 06:45:53,RELS170,0106,Katherine Wasdin,21,21,0,2026-10-06 06:57:14,2026-10-06 06:57:14.784
2026-10-06 06:45:53,RELS170,0107,Katherine Wasdin,21,21,0,2026-10-06 06:57:14,2026-10-06 06:57:14.784
2026-10-06 06:45:53,RELS170,0108,Katherine Wasdin,21,21,0,2026-10-06 06:57:14,2026-10-06 06:57:14.784
2026-10-06 06:45:53,RELS170,0109,Katherine Wasdin,21,21,0,2026-10-06 06:57:14,2026-10-06 06:57:14.785
2026-10-06 06:45:53,RELS264,0101,Jay Moses,30,30,0,2026-10-06 06:57:14,2026-10-06 06:57:14.939
2026-10-06 06:45:53,RELS271,0101,Instructor: TBA,40,40,0,2026-10-06 06:57:15,2026-10-06 06:57:15.098
2026-10-06 06:45:53,RELS319Q,0101,Regev Ben-David,35,35,0,2026-10-06 06:57:15,2026-10-06 06:57:15.257
2026-10-06 06:45:53,RELS342,0101,Stefano Villani,27,27,0,2026-10-06 06:57:15,2026-10-06 06:57:15.414
2026-10-06 06:45:53,RELS427,0101,Matthew Suriano,15,15,0,2026-10-06 06:57:15,2026-10-06 06:57:15.568
2026-10-06 06:45:53,RELS429M,0101,Antoine Borrut,27,27,0,2026-10-06 06:57:15,2026-10-06 06:57:15.723
2026-10-06 06:45:53,RUSS102,0101,Inna Hardman,15,15,0,2026-10-06 06:57:16,2026-10-06 06:57:16.997
2026-10-06 06:45:53,RUSS102,0201,Inna Hardman,15,15,0,2026-10-06 06:57:16,2026-10-06 06:57:16.997
2026-10-06 06:45:53,RUSS202,0101,Zhanna Gerus-Vernola,15,15,0,2026-10-06 06:57:17,2026-10-06 06:57:17.154
2026-10-06 06:45:53,RUSS302,0101,Izolda Savenkova,15,15,0,2026-10-06 06:57:17,2026-10-06 06:57:17.306
2026-10-06 06:45:53,RUSS398A,0101,Instructor: TBA,15,15,0,2026-10-06 06:57:17,2026-10-06 06:57:17.613
2026-10-06 06:45:53,RUSS398F,0101,Elizabeth Papazian,25,25,0,2026-10-06 06:57:17,2026-10-06 06:57:17.769
2026-10-06 06:45:53,RUSS406,0101,Izolda Savenkova,15,15,0,2026-10-06 06:57:18,2026-10-06 06:57:18.100
2026-10-06 06:45:53,RUSS412,0101,Inna Hardman,15,15,0,2026-10-06 06:57:18,2026-10-06 06:57:18.259
2026-10-06 06:45:53,SDSB123,0101,Srijeeta Mitra,26,26,0,2026-10-06 06:57:19,2026-10-06 06:57:19.654
2026-10-06 06:45:53,SDSB180,0101,Srijeeta Mitra,155,155,0,2026-10-06 06:57:19,2026-10-06 06:57:19.811
2026-10-06 06:45:53,SDSB233,0101,Richard Engstrom,28,28,0,2026-10-06 06:57:19,2026-10-06 06:57:19.968
2026-10-06 06:45:53,SDSB233,0102,Richard Engstrom,28,28,0,2026-10-06 06:57:19,2026-10-06 06:57:19.968
2026-10-06 06:45:53,SDSB326,0101,Jacob Coutts,40,40,0,2026-10-06 06:57:20,2026-10-06 06:57:20.184
2026-10-06 06:45:53,SDSB340,0101,Neil Lund,24,24,0,2026-10-06 06:57:20,2026-10-06 06:57:20.339
2026-10-06 06:45:53,SDSI414,0101,Instructor: TBA,40,40,0,2026-10-06 06:57:21,2026-10-06 06:57:21.598
2026-10-06 06:45:53,SDSI414,0102,Instructor: TBA,40,40,0,2026-10-06 06:57:21,2026-10-06 06:57:21.598
2026-10-06 06:45:53,SDSI414,0103,Instructor: TBA,40,40,0,2026-10-06 06:57:21,2026-10-06 06:57:21.598
2026-10-06 06:45:53,SDSI414,0201,Instructor: TBA,40,40,0,2026-10-06 06:57:21,2026-10-06 06:57:21.599
2026-10-06 06:45:53,SDSI414,0202,Instructor: TBA,40,40,0,2026-10-06 06:57:21,2026-10-06 06:57:21.599
2026-10-06 06:45:53,SDSI492,0101,Instructor: TBA,45,45,0,2026-10-06 06:57:21,2026-10-06 06:57:21.783
2026-10-06 06:45:53,SDSI492,0103,Instructor: TBA,45,45,0,2026-10-06 06:57:21,2026-10-06 06:57:21.783
2026-10-06 06:45:53,SDSI492,0104,Andrew Fellows,35,35,0,2026-10-06 06:57:21,2026-10-06 06:57:21.784
2026-10-06 06:45:53,SDSI492,0105,Instructor: TBA,45,45,0,2026-10-06 06:57:21,2026-10-06 06:57:21.784
2026-10-06 06:45:53,SDSI492,0106,Instructor: TBA,45,45,0,2026-10-06 06:57:21,2026-10-06 06:57:21.784
2026-10-06 06:45:53,SDSI492,0107,TJ Rainsford,45,45,0,2026-10-06 06:57:21,2026-10-06 06:57:21.784
2026-10-06 06:45:53,SDSI492,0108,TJ Rainsford,45,45,0,2026-10-06 06:57:21,2026-10-06 06:57:21.784
2026-10-06 06:45:53,SDSI492,0110,Patrick Thornton,45,45,0,2026-10-06 06:57:21,2026-10-06 06:57:21.785
2026-10-06 06:45:53,SDSI496,0101,Jacob Coutts,25,25,0,2026-10-06 06:57:21,2026-10-06 06:57:21.942
2026-10-06 06:45:53,SLLC109I,0101,Instructor: TBA,5,5,0,2026-10-06 06:57:24,2026-10-06 06:57:24.610
2026-10-06 06:45:53,SLLC286,0101,Andrew Schonebaum,60,60,0,2026-10-06 06:57:24,2026-10-06 06:57:24.765
2026-10-06 06:45:53,SLLC287,0101,Sean Pue,20,20,0,2026-10-06 06:57:24,2026-10-06 06:57:24.923
2026-10-06 06:45:53,SLLC305,0101,Nahal Akbari-Saneh,25,25,0,2026-10-06 06:57:25,2026-10-06 06:57:25.077
2026-10-06 06:45:53,SLLC309,0101,Ahmed Hanafy,10,10,0,2026-10-06 06:57:25,2026-10-06 06:57:25.257
2026-10-06 06:45:53,SLLC309,0102,Ahmed Hanafy,10,10,0,2026-10-06 06:57:25,2026-10-06 06:57:25.257
2026-10-06 06:45:53,SLLC309,0103,Ahmed Hanafy,10,10,0,2026-10-06 06:57:25,2026-10-06 06:57:25.257
2026-10-06 06:45:53,SLLC309,0104,Ahmed Hanafy,10,10,0,2026-10-06 06:57:25,2026-10-06 06:57:25.257
2026-10-06 06:45:53,SLLC309,0105,Ahmed Hanafy,10,10,0,2026-10-06 06:57:25,2026-10-06 06:57:25.257
2026-10-06 06:45:53,SLLC309,0106,Ahmed Hanafy,10,10,0,2026-10-06 06:57:25,2026-10-06 06:57:25.258
2026-10-06 06:45:53,SLLC309,0107,Ahmed Hanafy,10,10,0,2026-10-06 06:57:25,2026-10-06 06:57:25.258
2026-10-06 06:45:53,SLLC309,0108,Ahmed Hanafy,10,10,0,2026-10-06 06:57:25,2026-10-06 06:57:25.258
2026-10-06 06:45:53,SLLC309,0109,Ahmed Hanafy,10,10,0,2026-10-06 06:57:25,2026-10-06 06:57:25.258
2026-10-06 06:45:53,SLLC309,0110,Ahmed Hanafy,10,10,0,2026-10-06 06:57:25,2026-10-06 06:57:25.258
2026-10-06 06:45:53,SLLC309,0111,Ahmed Hanafy,10,10,0,2026-10-06 06:57:25,2026-10-06 06:57:25.259
2026-10-06 06:45:53,SLLC329,0101,Marilyn Matar,10,10,0,2026-10-06 06:57:25,2026-10-06 06:57:25.433
2026-10-06 06:45:53,SLLC329,0102,Marilyn Matar,10,10,0,2026-10-06 06:57:25,2026-10-06 06:57:25.433
2026-10-06 06:45:53,SLLC329,0103,Marilyn Matar,20,20,0,2026-10-06 06:57:25,2026-10-06 06:57:25.433
2026-10-06 06:45:53,SLLC329,0104,Marilyn Matar,10,10,0,2026-10-06 06:57:25,2026-10-06 06:57:25.433
2026-10-06 06:45:53,SLLC329,0105,Marilyn Matar,10,10,0,2026-10-06 06:57:25,2026-10-06 06:57:25.434
2026-10-06 06:45:53,SLLC329,0106,Marilyn Matar,10,10,0,2026-10-06 06:57:25,2026-10-06 06:57:25.434
2026-10-06 06:45:53,SLLC329,0107,Marilyn Matar,10,10,0,2026-10-06 06:57:25,2026-10-06 06:57:25.434
2026-10-06 06:45:53,SLLC329,0108,Marilyn Matar,10,10,0,2026-10-06 06:57:25,2026-10-06 06:57:25.434
2026-10-06 06:45:53,SLLC329,0109,Marilyn Matar,10,10,0,2026-10-06 06:57:25,2026-10-06 06:57:25.434
2026-10-06 06:45:53,SLLC329,0110,Marilyn Matar,20,20,0,2026-10-06 06:57:25,2026-10-06 06:57:25.435
2026-10-06 06:45:53,SMLP471,0101,Jennifer Hsin,60,60,0,2026-10-06 06:57:26,2026-10-06 06:57:26.680
2026-10-06 06:45:53,SMLP474,0101,Sara Herald,60,60,0,2026-10-06 06:57:26,2026-10-06 06:57:26.838
2026-10-06 06:45:53,SPHL100,0101,Shuling Wu,20,20,0,2026-10-06 06:57:40,2026-10-06 06:57:40.741
2026-10-06 06:45:53,SPHL100,0102,Shuling Wu,20,20,0,2026-10-06 06:57:40,2026-10-06 06:57:40.741
2026-10-06 06:45:53,SPHL100,0103,Shuling Wu,20,20,0,2026-10-06 06:57:40,2026-10-06 06:57:40.741
2026-10-06 06:45:53,SPHL100,0104,Shuling Wu,20,20,0,2026-10-06 06:57:40,2026-10-06 06:57:40.741
2026-10-06 06:45:53,SPHL100,0105,Shuling Wu,20,20,0,2026-10-06 06:57:40,2026-10-06 06:57:40.742
2026-10-06 06:45:53,SPHL100,0106,Shuling Wu,20,20,0,2026-10-06 06:57:40,2026-10-06 06:57:40.742
2026-10-06 06:45:53,SPHL100,0107,Shuling Wu,20,20,0,2026-10-06 06:57:40,2026-10-06 06:57:40.742
2026-10-06 06:45:53,SPHL100,0108,Shuling Wu,20,20,0,2026-10-06 06:57:40,2026-10-06 06:57:40.742
2026-10-06 06:45:53,SPHL100,0109,Shuling Wu,20,20,0,2026-10-06 06:57:40,2026-10-06 06:57:40.742
2026-10-06 06:45:53,SPHL100,0110,Shuling Wu,20,20,0,2026-10-06 06:57:40,2026-10-06 06:57:40.743
2026-10-06 06:45:53,SPHL100,0201,Shuling Wu,20,20,0,2026-10-06 06:57:40,2026-10-06 06:57:40.743
2026-10-06 06:45:53,SPHL100,0202,Shuling Wu,20,20,0,2026-10-06 06:57:40,2026-10-06 06:57:40.743
2026-10-06 06:45:53,SPHL100,0203,Shuling Wu,20,20,0,2026-10-06 06:57:40,2026-10-06 06:57:40.743
2026-10-06 06:45:53,SPHL100,0204,Shuling Wu,20,20,0,2026-10-06 06:57:40,2026-10-06 06:57:40.743
2026-10-06 06:45:53,SPHL100,0205,Shuling Wu,20,20,0,2026-10-06 06:57:40,2026-10-06 06:57:40.744
2026-10-06 06:45:53,SPHL100,0206,Shuling Wu,20,20,0,2026-10-06 06:57:40,2026-10-06 06:57:40.744
2026-10-06 06:45:53,SPHL100,0207,Shuling Wu,20,20,0,2026-10-06 06:57:40,2026-10-06 06:57:40.744
2026-10-06 06:45:53,SPHL100,0208,Shuling Wu,20,20,0,2026-10-06 06:57:40,2026-10-06 06:57:40.744
2026-10-06 06:45:53,SPHL246,0101,April Khaing,20,20,0,2026-10-06 06:57:40,2026-10-06 06:57:40.899
2026-10-06 06:45:53,SPHL276,0101,Dina Borzekowski,25,25,0,2026-10-06 06:57:41,2026-10-06 06:57:41.055
2026-10-06 06:45:53,SPHL321,0101,Sylvette La Touche-Howard,15,15,0,2026-10-06 06:57:41,2026-10-06 06:57:41.214
2026-10-06 06:45:53,SPHL333,0101,Cynthia Kershaw,75,75,0,2026-10-06 06:57:41,2026-10-06 06:57:41.371
2026-10-06 06:45:53,SPHL478,0101,Tracy Zeeger,10,10,0,2026-10-06 06:57:41,2026-10-06 06:57:41.676
2026-10-06 06:45:53,SPHL600,0101,Sylvette La Touche-Howard,8,8,0,2026-10-06 06:57:41,2026-10-06 06:57:41.833
2026-10-06 06:45:53,SPHL610,0101,Danielle Catona,22,22,0,2026-10-06 06:57:41,2026-10-06 06:57:42.006
2026-10-06 06:45:53,SPHL610,0102,Danielle Catona,22,22,0,2026-10-06 06:57:41,2026-10-06 06:57:42.006
2026-10-06 06:45:53,SPHL610,0103,Danielle Catona,22,22,0,2026-10-06 06:57:41,2026-10-06 06:57:42.006
2026-10-06 06:45:53,SPHL610,PLB1,Priscilla Novak,20,20,0,2026-10-06 06:57:41,2026-10-06 06:57:42.007
2026-10-06 06:45:53,SPHL610,PLH1,Priscilla Novak,28,28,0,2026-10-06 06:57:41,2026-10-06 06:57:42.007
2026-10-06 06:45:53,SPHL610,PLK1,Priscilla Novak,5,5,0,2026-10-06 06:57:41,2026-10-06 06:57:42.007
2026-10-06 06:45:53,SPHL611,0101,Danielle Catona,45,45,0,2026-10-06 06:57:42,2026-10-06 06:57:42.174
2026-10-06 06:45:53,SPHL611,0201,Danielle Catona,45,45,0,2026-10-06 06:57:42,2026-10-06 06:57:42.174
2026-10-06 06:45:53,SPHL611,PLB1,Evelyn King-Marshall,20,20,0,2026-10-06 06:57:42,2026-10-06 06:57:42.174
2026-10-06 06:45:53,SPHL611,PLH1,Evelyn King-Marshall,28,28,0,2026-10-06 06:57:42,2026-10-06 06:57:42.175
2026-10-06 06:45:53,SPHL611,PLK1,Evelyn King-Marshall,5,5,0,2026-10-06 06:57:42,2026-10-06 06:57:42.175
2026-10-06 06:45:53,SPHL612,0101,James Hagberg,15,15,0,2026-10-06 06:57:42,2026-10-06 06:57:42.331
2026-10-06 06:45:53,TLTC310,0101,Sarah Kistner,20,20,0,2026-10-06 06:58:01,2026-10-06 06:58:01.445
2026-10-06 06:45:53,TLTC333,0101,Mona Thompson,55,55,0,2026-10-06 06:58:01,2026-10-06 06:58:01.659
2026-10-06 06:45:53,TLTC333,0102,Mona Thompson,55,55,0,2026-10-06 06:58:01,2026-10-06 06:58:01.659
2026-10-06 06:45:53,TLTC333,0105,Mona Thompson,55,55,0,2026-10-06 06:58:01,2026-10-06 06:58:01.659
2026-10-06 06:45:53,URSP372,0101,Priscila Alves,20,20,0,2026-10-06 06:58:07,2026-10-06 06:58:07.492
2026-10-06 06:45:53,URSP488A,0101,Chengri Ding,30,30,0,2026-10-06 06:58:07,2026-10-06 06:58:07.648
2026-10-06 06:45:53,URSP600,0101,Kevin Nelson,25,25,0,2026-10-06 06:58:07,2026-10-06 06:58:07.802
2026-10-06 06:45:53,URSP603,0101,Dawn Jourdan,33,33,0,2026-10-06 06:58:07,2026-10-06 06:58:07.955
2026-10-06 06:45:53,URSP606,0101,Chengri Ding,15,15,0,2026-10-06 06:58:08,2026-10-06 06:58:08.165
2026-10-06 06:45:53,URSP631,0101,Hiroyuki Iseki,15,15,0,2026-10-06 06:58:08,2026-10-06 06:58:08.322
2026-10-06 06:45:53,URSP668B,0101,Eric Burnstein,20,20,0,2026-10-06 06:58:08,2026-10-06 06:58:08.477
2026-10-06 06:45:53,URSP673,0101,Riem ElZoghbi,25,25,0,2026-10-06 06:58:08,2026-10-06 06:58:08.633
2026-10-06 06:45:53,URSP688M,0101,Andrew Bernish,20,20,0,2026-10-06 06:58:08,2026-10-06 06:58:08.792
2026-10-06 06:45:53,URSP688P,0101,Sonja Ewing,15,15,0,2026-10-06 06:58:08,2026-10-06 06:58:08.946
2026-10-06 06:45:53,URSP688Y,0101,Chester Harvey,30,30,0,2026-10-06 06:58:09,2026-10-06 06:58:09.101
2026-10-06 06:45:53,URSP708,0101,Nicholas Finio,10,10,0,2026-10-06 06:58:09,2026-10-06 06:58:09.255
2026-10-06 06:45:53,URSP709,0101,Casey Dawkins,10,10,0,2026-10-06 06:58:09,2026-10-06 06:58:09.412
2026-10-06 06:45:53,URSP805,0101,Casey Dawkins,15,15,0,2026-10-06 06:58:10,2026-10-06 06:58:10.024
2026-10-06 06:45:53,USLT202,0101,Robert Chester,26,26,0,2026-10-06 06:58:11,2026-10-06 06:58:11.570
2026-10-06 06:45:53,USLT403,0101,Perla Guerrero,20,20,0,2026-10-06 06:58:11,2026-10-06 06:58:11.726
2026-10-06 06:45:53,USLT420,0101,Robert Chester,27,27,0,2026-10-06 06:58:11,2026-10-06 06:58:11.880
2026-10-06 06:45:53,USLT488,0101,Nancy Mirabal,30,30,0,2026-10-06 06:58:12,2026-10-06 06:58:12.033
2026-10-06 06:45:53,USLT498L,0101,Fernando Rios,12,12,0,2026-10-06 06:58:12,2026-10-06 06:58:12.187
2026-10-06 06:45:53,VIPS208,0102,Ken Kiger,10,10,0,2026-10-06 06:58:13,2026-10-06 06:58:13.467
2026-10-06 06:45:53,VIPS208,0103,Bryan Quinn,10,10,0,2026-10-06 06:58:13,2026-10-06 06:58:13.468
2026-10-06 06:45:53,VIPS208,0104,Ryan Sochol,10,10,0,2026-10-06 06:58:13,2026-10-06 06:58:13.468
2026-10-06 06:45:53,VIPS208,0105,Molly Carton,10,10,0,2026-10-06 06:58:13,2026-10-06 06:58:13.468
2026-10-06 06:45:53,VIPS208,0106,James Baeder,11,11,0,2026-10-06 06:58:13,2026-10-06 06:58:13.468
2026-10-06 06:45:53,VIPS208,0107,Catherine Spirito,10,10,0,2026-10-06 06:58:13,2026-10-06 06:58:13.468
2026-10-06 06:45:53,VIPS208,0108,Ronald Yaros,10,10,0,2026-10-06 06:58:13,2026-10-06 06:58:13.469
2026-10-06 06:45:53,VIPS208,0109,Carinna Ferguson,10,10,0,2026-10-06 06:58:13,2026-10-06 06:58:13.469
2026-10-06 06:45:53,VIPS208,0110,Tracy Riggins,10,10,0,2026-10-06 06:58:13,2026-10-06 06:58:13.469
2026-10-06 06:45:53,VIPS208,0111,Kevin Calabro,10,10,0,2026-10-06 06:58:13,2026-10-06 06:58:13.469
2026-10-06 06:45:53,VIPS208,0112,Raffaele Viglianti,10,10,0,2026-10-06 06:58:13,2026-10-06 06:58:13.469
2026-10-06 06:45:53,VIPS208,0113,Shabnam Jabeen,10,10,0,2026-10-06 06:58:13,2026-10-06 06:58:13.470
2026-10-06 06:45:53,VIPS208,0114,Ning Zeng,10,10,0,2026-10-06 06:58:13,2026-10-06 06:58:13.470
2026-10-06 06:45:53,VIPS208,0115,Veronica Kang,10,10,0,2026-10-06 06:58:13,2026-10-06 06:58:13.470
2026-10-06 06:45:53,VIPS208,0116,David Stewart,10,10,0,2026-10-06 06:58:13,2026-10-06 06:58:13.470
2026-10-06 06:45:53,VIPS208,0117,Meredith Epstein,10,10,0,2026-10-06 06:58:13,2026-10-06 06:58:13.470
2026-10-06 06:45:53,VIPS208,0118,Magaly Toro Ibaceta,10,10,0,2026-10-06 06:58:13,2026-10-06 06:58:13.471
2026-10-06 06:45:53,VIPS208,0120,Marisa Parham,10,10,0,2026-10-06 06:58:13,2026-10-06 06:58:13.471
2026-10-06 06:45:53,VIPS208,0121,Becky Epanchin-Niell,10,10,0,2026-10-06 06:58:13,2026-10-06 06:58:13.471
2026-10-06 06:45:53,VIPS208,0122,Timothy Reedy,10,10,0,2026-10-06 06:58:13,2026-10-06 06:58:13.471
2026-10-06 06:45:53,VIPS208,0123,Lingnan Lin,10,10,0,2026-10-06 06:58:13,2026-10-06 06:58:13.471
2026-10-06 06:45:53,VIPS208,0124,Jeffrey Moro,10,10,0,2026-10-06 06:58:13,2026-10-06 06:58:13.472
2026-10-06 06:45:53,VIPS208,0125,Peter Sunderland,10,10,0,2026-10-06 06:58:13,2026-10-06 06:58:13.472
2026-10-06 06:45:53,VIPS208,0126,Brienna Anderson,10,10,0,2026-10-06 06:58:13,2026-10-06 06:58:13.472
2026-10-06 06:45:53,VIPS308,0102,Ken Kiger,10,10,0,2026-10-06 06:58:13,2026-10-06 06:58:13.670
2026-10-06 06:45:53,VIPS308,0103,Bryan Quinn,13,13,0,2026-10-06 06:58:13,2026-10-06 06:58:13.670
2026-10-06 06:45:53,VIPS308,0104,Ryan Sochol,10,10,0,2026-10-06 06:58:13,2026-10-06 06:58:13.670
2026-10-06 06:45:53,VIPS308,0105,Molly Carton,10,10,0,2026-10-06 06:58:13,2026-10-06 06:58:13.670
2026-10-06 06:45:53,VIPS308,0106,James Baeder,10,10,0,2026-10-06 06:58:13,2026-10-06 06:58:13.671
2026-10-06 06:45:53,VIPS308,0107,Catherine Spirito,10,10,0,2026-10-06 06:58:13,2026-10-06 06:58:13.671
2026-10-06 06:45:53,VIPS308,0108,Ronald Yaros,10,10,0,2026-10-06 06:58:13,2026-10-06 06:58:13.671
2026-10-06 06:45:53,VIPS308,0109,Carinna Ferguson,10,10,0,2026-10-06 06:58:13,2026-10-06 06:58:13.671
2026-10-06 06:45:53,VIPS308,0110,Tracy Riggins,10,10,0,2026-10-06 06:58:13,2026-10-06 06:58:13.671
2026-10-06 06:45:53,VIPS308,0111,Kevin Calabro,10,10,0,2026-10-06 06:58:13,2026-10-06 06:58:13.671
2026-10-06 06:45:53,VIPS308,0112,Raffaele Viglianti,10,10,0,2026-10-06 06:58:13,2026-10-06 06:58:13.672
2026-10-06 06:45:53,VIPS308,0113,Shabnam Jabeen,10,10,0,2026-10-06 06:58:13,2026-10-06 06:58:13.672
2026-10-06 06:45:53,VIPS308,0114,Ning Zeng,10,10,0,2026-10-06 06:58:13,2026-10-06 06:58:13.672
2026-10-06 06:45:53,VIPS308,0115,Veronica Kang,10,10,0,2026-10-06 06:58:13,2026-10-06 06:58:13.672
2026-10-06 06:45:53,VIPS308,0116,David Stewart,10,10,0,2026-10-06 06:58:13,2026-10-06 06:58:13.672
2026-10-06 06:45:53,VIPS308,0117,Meredith Epstein,10,10,0,2026-10-06 06:58:13,2026-10-06 06:58:13.673
2026-10-06 06:45:53,VIPS308,0118,Magaly Toro Ibaceta,10,10,0,2026-10-06 06:58:13,2026-10-06 06:58:13.673
2026-10-06 06:45:53,VIPS308,0120,Marisa Parham,10,10,0,2026-10-06 06:58:13,2026-10-06 06:58:13.673
2026-10-06 06:45:53,VIPS308,0121,Becky Epanchin-Niell,10,10,0,2026-10-06 06:58:13,2026-10-06 06:58:13.673
2026-10-06 06:45:53,VIPS308,0122,Timothy Reedy,10,10,0,2026-10-06 06:58:13,2026-10-06 06:58:13.673
2026-10-06 06:45:53,VIPS308,0123,Lingnan Lin,10,10,0,2026-10-06 06:58:13,2026-10-06 06:58:13.674
2026-10-06 06:45:53,VIPS308,0124,Jeffrey Moro,10,10,0,2026-10-06 06:58:13,2026-10-06 06:58:13.674
2026-10-06 06:45:53,VIPS308,0125,Peter Sunderland,10,10,0,2026-10-06 06:58:13,2026-10-06 06:58:13.674
2026-10-06 06:45:53,VIPS308,0126,Brienna Anderson,10,10,0,2026-10-06 06:58:13,2026-10-06 06:58:13.674
2026-10-06 06:45:53,VIPS408,0102,Ken Kiger,10,10,0,2026-10-06 06:58:13,2026-10-06 06:58:13.878
2026-10-06 06:45:53,VIPS408,0103,Bryan Quinn,10,10,0,2026-10-06 06:58:13,2026-10-06 06:58:13.878
2026-10-06 06:45:53,VIPS408,0104,Ryan Sochol,10,10,0,2026-10-06 06:58:13,2026-10-06 06:58:13.878
2026-10-06 06:45:53,VIPS408,0105,Molly Carton,10,10,0,2026-10-06 06:58:13,2026-10-06 06:58:13.878
2026-10-06 06:45:53,VIPS408,0106,James Baeder,10,10,0,2026-10-06 06:58:13,2026-10-06 06:58:13.878
2026-10-06 06:45:53,VIPS408,0107,Catherine Spirito,10,10,0,2026-10-06 06:58:13,2026-10-06 06:58:13.879
2026-10-06 06:45:53,VIPS408,0108,Ronald Yaros,10,10,0,2026-10-06 06:58:13,2026-10-06 06:58:13.879
2026-10-06 06:45:53,VIPS408,0109,Carinna Ferguson,10,10,0,2026-10-06 06:58:13,2026-10-06 06:58:13.879
2026-10-06 06:45:53,VIPS408,0110,Tracy Riggins,10,10,0,2026-10-06 06:58:13,2026-10-06 06:58:13.879
2026-10-06 06:45:53,VIPS408,0111,Kevin Calabro,10,10,0,2026-10-06 06:58:13,2026-10-06 06:58:13.879
2026-10-06 06:45:53,VIPS408,0112,Raffaele Viglianti,10,10,0,2026-10-06 06:58:13,2026-10-06 06:58:13.880
2026-10-06 06:45:53,VIPS408,0113,Shabnam Jabeen,10,10,0,2026-10-06 06:58:13,2026-10-06 06:58:13.880
2026-10-06 06:45:53,VIPS408,0114,Ning Zeng,10,10,0,2026-10-06 06:58:13,2026-10-06 06:58:13.880
2026-10-06 06:45:53,VIPS408,0115,Veronica Kang,10,10,0,2026-10-06 06:58:13,2026-10-06 06:58:13.880
2026-10-06 06:45:53,VIPS408,0116,David Stewart,10,10,0,2026-10-06 06:58:13,2026-10-06 06:58:13.880
2026-10-06 06:45:53,VIPS408,0117,Meredith Epstein,10,10,0,2026-10-06 06:58:13,2026-10-06 06:58:13.880
2026-10-06 06:45:53,VIPS408,0118,Magaly Toro Ibaceta,10,10,0,2026-10-06 06:58:13,2026-10-06 06:58:13.881
2026-10-06 06:45:53,VIPS408,0120,Marisa Parham,10,10,0,2026-10-06 06:58:13,2026-10-06 06:58:13.881
2026-10-06 06:45:53,VIPS408,0121,Becky Epanchin-Niell,10,10,0,2026-10-06 06:58:13,2026-10-06 06:58:13.881
2026-10-06 06:45:53,VIPS408,0122,Timothy Reedy,10,10,0,2026-10-06 06:58:13,2026-10-06 06:58:13.881
2026-10-06 06:45:53,VIPS408,0123,Lingnan Lin,10,10,0,2026-10-06 06:58:13,2026-10-06 06:58:13.881
2026-10-06 06:45:53,VIPS408,0124,Jeffrey Moro,10,10,0,2026-10-06 06:58:13,2026-10-06 06:58:13.882
2026-10-06 06:45:53,VIPS408,0125,Peter Sunderland,10,10,0,2026-10-06 06:58:13,2026-10-06 06:58:13.882
2026-10-06 06:45:53,VIPS408,0126,Brienna Anderson,10,10,0,2026-10-06 06:58:13,2026-10-06 06:58:13.882
2026-10-06 06:45:53,WEID139N,0101,Denise Joseph,60,60,0,2026-10-06 06:58:16,2026-10-06 06:58:16.461
2026-10-06 06:45:53,WEID139T,0201,Taylor Togafau-Lewis,45,45,0,2026-10-06 06:58:16,2026-10-06 06:58:16.625
2026-10-06 06:45:53,WGSS105,0101,Jessica Mathiason,30,30,0,2026-10-06 06:58:18,2026-10-06 06:58:18.063
2026-10-06 06:45:53,WGSS105,0102,Jessica Mathiason,30,30,0,2026-10-06 06:58:18,2026-10-06 06:58:18.063
2026-10-06 06:45:53,WGSS105,0103,Jessica Mathiason,30,30,0,2026-10-06 06:58:18,2026-10-06 06:58:18.063
2026-10-06 06:45:53,WGSS105,0104,Jessica Mathiason,30,30,0,2026-10-06 06:58:18,2026-10-06 06:58:18.063
2026-10-06 06:45:53,WGSS115,0101,Alexis Lothian,25,25,0,2026-10-06 06:58:18,2026-10-06 06:58:18.225
2026-10-06 06:45:53,WGSS115,0102,Alexis Lothian,25,25,0,2026-10-06 06:58:18,2026-10-06 06:58:18.226
2026-10-06 06:45:53,WGSS201,0101,Sayan Bhattacharya,25,25,0,2026-10-06 06:58:18,2026-10-06 06:58:18.384
2026-10-06 06:45:53,WGSS201,0102,Sayan Bhattacharya,25,25,0,2026-10-06 06:58:18,2026-10-06 06:58:18.385
2026-10-06 06:45:53,WGSS205,0101,Shelbi Meissner,21,21,0,2026-10-06 06:58:18,2026-10-06 06:58:18.594
2026-10-06 06:45:53,WGSS205,0201,Shelbi Meissner,21,21,0,2026-10-06 06:58:18,2026-10-06 06:58:18.595
2026-10-06 06:45:53,WGSS230,0101,Daniel Richter,20,20,0,2026-10-06 06:58:18,2026-10-06 06:58:18.749
2026-10-06 06:45:53,WGSS230,0201,Robert Lucci,20,20,0,2026-10-06 06:58:18,2026-10-06 06:58:18.749
2026-10-06 06:45:53,WGSS250,0101,Lidia Garcia Berrelleza,25,25,0,2026-10-06 06:58:18,2026-10-06 06:58:18.905
2026-10-06 06:45:53,WGSS250,0201,Shameem Razack,25,25,0,2026-10-06 06:58:18,2026-10-06 06:58:18.905
2026-10-06 06:45:53,WGSS255,0101,Instructor: TBA,30,30,0,2026-10-06 06:58:19,2026-10-06 06:58:19.061
2026-10-06 06:45:53,WGSS265,0101,Ashley Newby,40,40,0,2026-10-06 06:58:19,2026-10-06 06:58:19.219
2026-10-06 06:45:53,WGSS275,0101,Instructor: TBA,30,30,0,2026-10-06 06:58:19,2026-10-06 06:58:19.372
2026-10-06 06:45:53,WGSS280,0101,Jessica Mathiason,52,52,0,2026-10-06 06:58:19,2026-10-06 06:58:19.527
2026-10-06 06:45:53,WGSS290,0101,Jessica Mathiason,30,30,0,2026-10-06 06:58:19,2026-10-06 06:58:19.688
2026-10-06 06:45:53,WGSS290,0201,Sydney Lewis,31,31,0,2026-10-06 06:58:19,2026-10-06 06:58:19.689
2026-10-06 06:45:53,WGSS298C,0101,Will Mosley,35,35,0,2026-10-06 06:58:19,2026-10-06 06:58:19.841
2026-10-06 06:45:53,WGSS298S,0101,Jordan Keesler,25,25,0,2026-10-06 06:58:19,2026-10-06 06:58:19.996
2026-10-06 06:45:53,WGSS302,0101,Will Mosley,25,25,0,2026-10-06 06:58:20,2026-10-06 06:58:20.150
2026-10-06 06:45:53,WGSS306,0101,Sydney Lewis,30,30,0,2026-10-06 06:58:20,2026-10-06 06:58:20.306
2026-10-06 06:45:53,WGSS310,0101,Sayan Bhattacharya,25,25,0,2026-10-06 06:58:20,2026-10-06 06:58:20.459
2026-10-06 06:45:53,WGSS319F,0101,Alexis Lothian,30,30,0,2026-10-06 06:58:20,2026-10-06 06:58:20.613
2026-10-06 06:45:53,WGSS379G,0101,Chinyere Osuji,20,20,0,2026-10-06 06:58:20,2026-10-06 06:58:20.768
2026-10-06 06:45:53,WGSS379U,0101,John Drabinski,25,25,0,2026-10-06 06:58:20,2026-10-06 06:58:20.924
2026-10-06 06:45:53,WGSS422,0101,Jennifer Cho,18,18,0,2026-10-06 06:58:21,2026-10-06 06:58:21.076
2026-10-06 06:45:53,WGSS471,0101,Katherine Sharp,25,25,0,2026-10-06 06:58:21,2026-10-06 06:58:21.235
2026-10-06 06:45:53,WGSS471,0201,Katherine Sharp,45,45,0,2026-10-06 06:58:21,2026-10-06 06:58:21.235
2026-10-06 06:45:53,WGSS475,0101,Sydney Lewis,20,20,0,2026-10-06 06:58:21,2026-10-06 06:58:21.390
2026-10-06 06:45:53,WGSS487,0101,Eva Hageman,15,15,0,2026-10-06 06:58:21,2026-10-06 06:58:21.546
2026-10-06 06:45:53,WGSS487H,0101,Eva Hageman,5,5,0,2026-10-06 06:58:21,2026-10-06 06:58:21.698
2026-10-06 06:45:53,WGSS602,0101,Shelbi Meissner,12,12,0,2026-10-06 06:58:22,2026-10-06 06:58:22.303
2026-10-06 06:45:53,WGSS708,0101,Alexis Lothian,10,10,0,2026-10-06 06:58:22,2026-10-06 06:58:22.766
2026-10-06 06:45:53,XPER455,0101,TJ Rainsford,25,25,0,2026-10-06 06:58:24,2026-10-06 06:58:24.435
2026-10-06 13:24:17,AAAS100,0101,Shane Walsh,35,35,0,2026-10-06 13:24:19,2026-10-06 13:24:19.528
2026-10-06 13:24:17,AAAS100,0201,Shane Walsh,35,35,0,2026-10-06 13:24:19,2026-10-06 13:24:19.528
2026-10-06 13:24:17,AAAS100,0301,George Kintiba,30,30,0,2026-10-06 13:24:19,2026-10-06 13:24:19.528
2026-10-06 13:24:17,AAAS100,0401,Beka Guluma,35,35,0,2026-10-06 13:24:19,2026-10-06 13:24:19.528
2026-10-06 13:24:17,AAAS100,0501,Jason Nichols,33,33,0,2026-10-06 13:24:19,2026-10-06 13:24:19.528
2026-10-06 13:24:17,AAAS100,0601,Jason Nichols,35,35,0,2026-10-06 13:24:19,2026-10-06 13:24:19.528
2026-10-06 13:24:17,AAAS100H,0301,George Kintiba,5,5,0,2026-10-06 13:24:19,2026-10-06 13:24:19.967
2026-10-06 13:24:17,AAAS101,0101,Periloux Peay,40,40,0,2026-10-06 13:24:20,2026-10-06 13:24:20.611
2026-10-06 13:24:17,AAAS187,0101,Robert Choflet,30,30,0,2026-10-06 13:24:21,2026-10-06 13:24:21.326
2026-10-06 13:24:17,AAAS200,0101,George Kintiba,40,40,0,2026-10-06 13:24:21,2026-10-06 13:24:21.950
2026-10-06 13:24:17,AAAS202,0101,Robert Choflet,30,30,0,2026-10-06 13:24:22,2026-10-06 13:24:22.373
2026-10-06 13:24:17,AAAS202,0201,Angelica Dunbar,35,35,0,2026-10-06 13:24:22,2026-10-06 13:24:22.373
2026-10-06 13:24:17,AAAS202,0301,Angelica Dunbar,35,35,0,2026-10-06 13:24:22,2026-10-06 13:24:22.373
2026-10-06 13:24:17,AAAS202,0401,Robert Choflet,35,35,0,2026-10-06 13:24:22,2026-10-06 13:24:22.373
2026-10-06 13:24:17,AAAS202H,0101,Robert Choflet,5,5,0,2026-10-06 13:24:22,2026-10-06 13:24:22.796
2026-10-06 13:24:17,AAAS211,0101,Shane Walsh,120,120,0,2026-10-06 13:24:23,2026-10-06 13:24:23.450
2026-10-06 13:24:17,AAAS234,0101,Instructor: TBA,30,30,0,2026-10-06 13:24:24,2026-10-06 13:24:24.304
2026-10-06 13:24:17,AAAS255,0101,Leigh Soares,40,40,0,2026-10-06 13:24:25,2026-10-06 13:24:25.092
2026-10-06 13:24:17,AAAS265,0101,Ashley Newby,40,40,0,2026-10-06 13:24:25,2026-10-06 13:24:25.728
2026-10-06 13:24:17,AAAS320,0101,Cecily Jackson,25,25,0,2026-10-06 13:24:26,2026-10-06 13:24:26.140
2026-10-06 13:24:17,AAAS320,0201,Cecily Jackson,25,25,0,2026-10-06 13:24:26,2026-10-06 13:24:26.141
2026-10-06 13:24:17,AAAS386,0101,Marshal Washington,10,10,0,2026-10-06 13:24:26,2026-10-06 13:24:26.555
2026-10-06 13:24:17,AAAS398G,0101,Chinyere Osuji,20,20,0,2026-10-06 13:24:27,2026-10-06 13:24:27.715
2026-10-06 13:24:17,AAAS398U,0101,John Drabinski,25,25,0,2026-10-06 13:24:28,2026-10-06 13:24:28.330
2026-10-06 13:24:17,AAAS400,0101,George Kintiba,20,20,0,2026-10-06 13:24:29,2026-10-06 13:24:29.022
2026-10-06 13:24:17,AAAS400H,0101,George Kintiba,5,5,0,2026-10-06 13:24:29,2026-10-06 13:24:29.442
2026-10-06 13:24:17,AAAS490,0101,Paul Landau,18,18,0,2026-10-06 13:24:29,2026-10-06 13:24:29.852
2026-10-06 13:24:17,AAAS498X,0101,Terrill Taylor,36,36,0,2026-10-06 13:24:30,2026-10-06 13:24:30.268
2026-10-06 13:24:17,AAST200,0101,Jennifer Cho,34,34,0,2026-10-06 13:24:32,2026-10-06 13:24:32.816
2026-10-06 13:24:17,AAST201,0101,Madeline Hsu,40,40,0,2026-10-06 13:24:33,2026-10-06 13:24:33.237
2026-10-06 13:24:17,AAST250,0101,Jennifer Cho,30,30,0,2026-10-06 13:24:33,2026-10-06 13:24:33.907
2026-10-06 13:24:17,AAST262,0101,Derek Iwamoto,54,54,0,2026-10-06 13:24:34,2026-10-06 13:24:34.322
2026-10-06 13:24:17,AAST322,0101,Julie Park,30,30,0,2026-10-06 13:24:34,2026-10-06 13:24:34.943
2026-10-06 13:24:17,AAST350,0101,Binod Paudyal,25,25,0,2026-10-06 13:24:35,2026-10-06 13:24:35.354
2026-10-06 13:24:17,AAST351,0101,Binod Paudyal,34,34,0,2026-10-06 13:24:35,2026-10-06 13:24:35.761
2026-10-06 13:24:17,AAST363,0101,Gemirald Daus,35,35,0,2026-10-06 13:24:36,2026-10-06 13:24:36.388
2026-10-06 13:24:17,AAST378,0101,Janelle Wong,2,2,0,2026-10-06 13:24:36,2026-10-06 13:24:36.816
2026-10-06 13:24:17,AAST394,0101,Wenxi Yang,25,25,0,2026-10-06 13:24:37,2026-10-06 13:24:37.653
2026-10-06 13:24:17,AAST398A,0101,Michelle Magalong,20,20,0,2026-10-06 13:24:38,2026-10-06 13:24:38.053
2026-10-06 13:24:17,AAST398B,0101,Chris Eng,25,25,0,2026-10-06 13:24:38,2026-10-06 13:24:38.475
2026-10-06 13:24:17,AAST421,0101,Philip Nash,20,20,0,2026-10-06 13:24:38,2026-10-06 13:24:38.895
2026-10-06 13:24:17,AAST422,0101,Jennifer Cho,18,18,0,2026-10-06 13:24:39,2026-10-06 13:24:39.305
2026-10-06 13:24:17,AAST443,0101,Janelle Wong,27,27,0,2026-10-06 13:24:39,2026-10-06 13:24:39.745
2026-10-06 13:24:17,ABRM450,0101,Ashley Newby,10,10,0,2026-10-06 13:24:41,2026-10-06 13:24:41.739
2026-10-06 13:24:17,AGNR301,0101,Thomas Hilde,150,150,0,2026-10-06 13:24:43,2026-10-06 13:24:43.476
2026-10-06 13:24:17,AGNR388,0101,Instructor: TBA,20,20,0,2026-10-06 13:24:44,2026-10-06 13:24:44.115
2026-10-06 13:24:17,AIME498B,0101,Kevin McGarry,30,30,0,2026-10-06 13:24:48,2026-10-06 13:24:48.405
2026-10-06 13:24:17,ARAB101,0101,Samah Al-salami,15,15,0,2026-10-06 13:25:41,2026-10-06 13:25:41.269
2026-10-06 13:24:17,ARAB101,0201,Ahmed Hanafy,15,15,0,2026-10-06 13:25:41,2026-10-06 13:25:41.269
2026-10-06 13:24:17,ARAB102,0101,Samah Al-salami,15,15,0,2026-10-06 13:25:41,2026-10-06 13:25:41.686
2026-10-06 13:24:17,ARAB102,0201,Samah Al-salami,15,15,0,2026-10-06 13:25:41,2026-10-06 13:25:41.686
2026-10-06 13:24:17,ARAB201,0101,Lutf Alkebsi,15,15,0,2026-10-06 13:25:42,2026-10-06 13:25:42.104
2026-10-06 13:24:17,ARAB202,0101,Lutf Alkebsi,15,15,0,2026-10-06 13:25:42,2026-10-06 13:25:42.542
2026-10-06 13:24:17,ARAB202,0201,Lutf Alkebsi,15,15,0,2026-10-06 13:25:42,2026-10-06 13:25:42.542
2026-10-06 13:24:17,ARAB222,0101,Ahmed Hanafy,15,15,0,2026-10-06 13:25:42,2026-10-06 13:25:42.958
2026-10-06 13:24:17,ARAB250,0101,Anny Gaul,20,20,0,2026-10-06 13:25:43,2026-10-06 13:25:43.379
2026-10-06 13:24:17,ARAB302,0101,Ahmed Hanafy,15,15,0,2026-10-06 13:25:43,2026-10-06 13:25:43.791
2026-10-06 13:24:17,ARAB317,0101,Anny Gaul,15,15,0,2026-10-06 13:25:44,2026-10-06 13:25:44.227
2026-10-06 13:24:17,ARAB398W,0101,Lutf Alkebsi,15,15,0,2026-10-06 13:25:45,2026-10-06 13:25:45.075
2026-10-06 13:24:17,ARAB499X,0101,Samah Al-salami,15,15,0,2026-10-06 13:25:45,2026-10-06 13:25:45.903
2026-10-06 13:24:17,ARCH170,0101,Lindsey May,100,100,0,2026-10-06 13:25:47,2026-10-06 13:25:47.867
2026-10-06 13:24:17,ARCH200,0101,Michael Abrams,21,21,0,2026-10-06 13:25:48,2026-10-06 13:25:48.291
2026-10-06 13:24:17,ARCH200,0102,Michael Abrams,21,21,0,2026-10-06 13:25:48,2026-10-06 13:25:48.291
2026-10-06 13:24:17,ARCH200,0103,Michael Abrams,21,21,0,2026-10-06 13:25:48,2026-10-06 13:25:48.291
2026-10-06 13:24:17,ARCH200,0104,Michael Abrams,21,21,0,2026-10-06 13:25:48,2026-10-06 13:25:48.291
2026-10-06 13:24:17,ARCH200,0105,Michael Abrams,21,21,0,2026-10-06 13:25:48,2026-10-06 13:25:48.291
2026-10-06 13:24:17,ARCH200,0106,Michael Abrams,21,21,0,2026-10-06 13:25:48,2026-10-06 13:25:48.291
2026-10-06 13:24:17,ARCH225,0101,Joseph Williams,125,125,0,2026-10-06 13:25:48,2026-10-06 13:25:48.770
2026-10-06 13:24:17,ARCH271,0101,Wayne Ricardo Curtis,75,75,0,2026-10-06 13:25:49,2026-10-06 13:25:49.187
2026-10-06 13:24:17,ARCH271,0102,Wayne Ricardo Curtis,75,75,0,2026-10-06 13:25:49,2026-10-06 13:25:49.187
2026-10-06 13:24:17,ARCH386,0101,Kristen Stack,10,10,0,2026-10-06 13:25:49,2026-10-06 13:25:49.592
2026-10-06 13:24:17,ARCH400,0101,Kenneth Filler,75,75,0,2026-10-06 13:25:50,2026-10-06 13:25:50.027
2026-10-06 13:24:17,ARCH400,0201,Marcus Cross,60,60,0,2026-10-06 13:25:50,2026-10-06 13:25:50.027
2026-10-06 13:24:17,ARCH402,0101,Taejun James Kim,75,75,0,2026-10-06 13:25:50,2026-10-06 13:25:50.441
2026-10-06 13:24:17,ARCH405,0101,Brittany L Williams,14,14,0,2026-10-06 13:25:50,2026-10-06 13:25:50.862
2026-10-06 13:24:17,ARCH407,0101,Georgeanne Matthews,12,12,0,2026-10-06 13:25:51,2026-10-06 13:25:51.271
2026-10-06 13:24:17,ARCH408A,0101,Daniel Curry,5,5,0,2026-10-06 13:25:51,2026-10-06 13:25:51.692
2026-10-06 13:24:17,ARCH408C,0101,Edgar Alvarado,5,5,0,2026-10-06 13:25:52,2026-10-06 13:25:52.103
2026-10-06 13:24:17,ARCH418D,0101,Hooman Koliji,30,30,0,2026-10-06 13:25:52,2026-10-06 13:25:52.521
2026-10-06 13:24:17,ARCH418G,0101,Deokoh Woo,16,16,0,2026-10-06 13:25:52,2026-10-06 13:25:52.953
2026-10-06 13:24:17,ARCH418I,0101,Michael Kleiss,16,16,0,2026-10-06 13:25:53,2026-10-06 13:25:53.376
2026-10-06 13:24:17,ARCH420,0101,Caroline Hickman,30,30,0,2026-10-06 13:25:53,2026-10-06 13:25:53.797
2026-10-06 13:24:17,ARCH423,0101,Joseph Williams,30,30,0,2026-10-06 13:25:54,2026-10-06 13:25:54.223
2026-10-06 13:24:17,ARCH425,0101,Joseph Williams,10,10,0,2026-10-06 13:25:54,2026-10-06 13:25:54.649
2026-10-06 13:24:17,ARCH428F,0101,Matthew Bell,20,20,0,2026-10-06 13:25:55,2026-10-06 13:25:55.073
2026-10-06 13:24:17,ARCH428K,0101,Michele Lamprakos,26,26,0,2026-10-06 13:25:55,2026-10-06 13:25:55.530
2026-10-06 13:24:17,ARCH445,0101,Daniel Curry,15,15,0,2026-10-06 13:25:55,2026-10-06 13:25:55.943
2026-10-06 13:24:17,ARCH463,0101,Deokoh Woo,150,150,0,2026-10-06 13:25:56,2026-10-06 13:25:56.358
2026-10-06 13:24:17,ARCH465,0101,Michael Kleiss,80,80,0,2026-10-06 13:25:56,2026-10-06 13:25:56.767
2026-10-06 13:24:17,ARCH468I,0101,Hooman Koliji,26,26,0,2026-10-06 13:25:57,2026-10-06 13:25:57.171
2026-10-06 13:24:17,ARCH468P,0101,Hooman Koliji,26,26,0,2026-10-06 13:25:57,2026-10-06 13:25:57.584
2026-10-06 13:24:17,ARCH472,0101,Kiley Wilfong Cullen,24,24,0,2026-10-06 13:25:58,2026-10-06 13:25:58.006
2026-10-06 13:24:17,ARCH478L,0101,Michele Lamprakos,10,10,0,2026-10-06 13:25:58,2026-10-06 13:25:58.430
2026-10-06 13:24:17,ARCH478O,0101,Stefan Woehlke,20,20,0,2026-10-06 13:25:58,2026-10-06 13:25:58.842
2026-10-06 13:24:17,ARCH601,0101,Peter Noonan,20,20,0,2026-10-06 13:25:59,2026-10-06 13:25:59.254
2026-10-06 13:24:17,ARCH618G,0101,Deokoh Woo,4,4,0,2026-10-06 13:25:59,2026-10-06 13:25:59.689
2026-10-06 13:24:17,ARCH618I,0101,Michael Kleiss,4,4,0,2026-10-06 13:26:00,2026-10-06 13:26:00.183
2026-10-06 13:24:17,ARCH628K,0101,Michele Lamprakos,4,4,0,2026-10-06 13:26:00,2026-10-06 13:26:00.693
2026-10-06 13:24:17,ARCH635,0101,Matthew Bell,15,15,0,2026-10-06 13:26:01,2026-10-06 13:26:01.110
2026-10-06 13:24:17,ARCH645,0101,Daniel Curry,10,10,0,2026-10-06 13:26:01,2026-10-06 13:26:01.601
2026-10-06 13:24:17,ARCH654,0101,Anatole Tchikine,35,35,0,2026-10-06 13:26:02,2026-10-06 13:26:02.069
2026-10-06 13:24:17,ARCH658I,0101,Sonja Ewing,15,15,0,2026-10-06 13:26:02,2026-10-06 13:26:02.534
2026-10-06 13:24:17,ARCH668I,0101,Hooman Koliji,4,4,0,2026-10-06 13:26:02,2026-10-06 13:26:02.985
2026-10-06 13:24:17,ARCH668P,0101,Hooman Koliji,4,4,0,2026-10-06 13:26:03,2026-10-06 13:26:03.413
2026-10-06 13:24:17,ARCH678L,0101,Michele Lamprakos,10,10,0,2026-10-06 13:26:03,2026-10-06 13:26:03.835
2026-10-06 13:24:17,ARCH678O,0101,Stefan Woehlke,5,5,0,2026-10-06 13:26:04,2026-10-06 13:26:04.248
2026-10-06 13:24:17,ARCH797,0101,Hooman Koliji,15,15,0,2026-10-06 13:26:04,2026-10-06 13:26:04.662
2026-10-06 13:24:17,ARMY105,0101,Andrew Bischoff,60,60,0,2026-10-06 13:26:27,2026-10-06 13:26:27.029
2026-10-06 13:24:17,ARMY105,0102,Andrew Bischoff,60,60,0,2026-10-06 13:26:27,2026-10-06 13:26:27.029
2026-10-06 13:24:17,ARMY110,0101,Andrew Bischoff,40,40,0,2026-10-06 13:26:27,2026-10-06 13:26:27.446
2026-10-06 13:24:17,ARMY202,0102,Andrew Bischoff,60,60,0,2026-10-06 13:26:27,2026-10-06 13:26:27.860
2026-10-06 13:24:17,ARMY302,0101,Andrew Bischoff,40,40,0,2026-10-06 13:26:28,2026-10-06 13:26:28.271
2026-10-06 13:24:17,ARMY402,0101,Andrew Bischoff,30,30,0,2026-10-06 13:26:28,2026-10-06 13:26:28.685
2026-10-06 13:24:17,ARMY402,0102,Andrew Bischoff,100,100,0,2026-10-06 13:26:28,2026-10-06 13:26:28.685
2026-10-06 13:24:17,ARSC059,0101,Kathryn Love,250,250,0,2026-10-06 13:26:30,2026-10-06 13:26:30.502
2026-10-06 13:24:17,ARSC101,0101,Alan Snyder,50,50,0,2026-10-06 13:26:30,2026-10-06 13:26:30.914
2026-10-06 13:24:17,ARSC101,0102,Alan Snyder,65,65,0,2026-10-06 13:26:30,2026-10-06 13:26:30.914
2026-10-06 13:24:17,ARSC101,0103,Alan Snyder,40,40,0,2026-10-06 13:26:30,2026-10-06 13:26:30.915
2026-10-06 13:24:17,ARSC101,0104,Alan Snyder,10,10,0,2026-10-06 13:26:30,2026-10-06 13:26:30.915
2026-10-06 13:24:17,ARSC201,0101,Nathan Rabe,65,65,0,2026-10-06 13:26:31,2026-10-06 13:26:31.334
2026-10-06 13:24:17,ARSC201,0102,Kathleen West,40,40,0,2026-10-06 13:26:31,2026-10-06 13:26:31.334
2026-10-06 13:24:17,ARSC201,0103,Kathleen West,40,40,0,2026-10-06 13:26:31,2026-10-06 13:26:31.334
2026-10-06 13:24:17,ARSC301,0101,Kathryn Love,45,45,0,2026-10-06 13:26:31,2026-10-06 13:26:31.822
2026-10-06 13:24:17,ARSC301,0102,Kathryn Love,20,20,0,2026-10-06 13:26:31,2026-10-06 13:26:31.822
2026-10-06 13:24:17,ARSC401,0101,Joseph Herwatic,30,30,0,2026-10-06 13:26:32,2026-10-06 13:26:32.249
2026-10-06 13:24:17,ARSC401,0102,Joseph Herwatic,15,15,0,2026-10-06 13:26:32,2026-10-06 13:26:32.249
2026-10-06 13:24:17,BIOM301,0101,Christine Hakenkamp,28,28,0,2026-10-06 13:27:44,2026-10-06 13:27:44.948
2026-10-06 13:24:17,BIOM301,0102,Christine Hakenkamp,28,28,0,2026-10-06 13:27:44,2026-10-06 13:27:44.948
2026-10-06 13:24:17,BIOM301,0103,Christine Hakenkamp,28,28,0,2026-10-06 13:27:44,2026-10-06 13:27:44.948
2026-10-06 13:24:17,BIOM301,0104,Christine Hakenkamp,28,28,0,2026-10-06 13:27:44,2026-10-06 13:27:44.948
2026-10-06 13:24:17,BIOM301,0105,Christine Hakenkamp,28,28,0,2026-10-06 13:27:44,2026-10-06 13:27:44.949
2026-10-06 13:24:17,BIOM301,0106,Christine Hakenkamp,28,28,0,2026-10-06 13:27:44,2026-10-06 13:27:44.949
2026-10-06 13:24:17,BIOM301,0107,Christine Hakenkamp,28,28,0,2026-10-06 13:27:44,2026-10-06 13:27:44.949
2026-10-06 13:24:17,BIOM301,0201,Instructor: TBA,28,28,0,2026-10-06 13:27:44,2026-10-06 13:27:44.949
2026-10-06 13:24:17,BIOM602,0101,Jiuzhou Song,28,28,0,2026-10-06 13:27:45,2026-10-06 13:27:45.360
2026-10-06 13:24:17,BMIN210,0101,Darlene Dennison,162,162,0,2026-10-06 13:28:21,2026-10-06 13:28:21.942
2026-10-06 13:24:17,BMIN210,0201,Darlene Dennison,162,162,0,2026-10-06 13:28:21,2026-10-06 13:28:21.942
2026-10-06 13:24:17,BMIN305,0101,Tejwansh Anand,162,162,0,2026-10-06 13:28:22,2026-10-06 13:28:22.352
2026-10-06 13:24:17,BMIN345,0101,Michael Padhi,325,325,0,2026-10-06 13:28:22,2026-10-06 13:28:22.760
2026-10-06 13:24:17,BMIN355,0101,Idil Yaveroglu,162,162,0,2026-10-06 13:28:23,2026-10-06 13:28:23.183
2026-10-06 13:24:17,BMIN355,0201,Idil Yaveroglu,162,162,0,2026-10-06 13:28:23,2026-10-06 13:28:23.183
2026-10-06 13:24:17,BMIN375,0101,Leland Gardner,162,162,0,2026-10-06 13:28:23,2026-10-06 13:28:23.599
2026-10-06 13:24:17,BMIN395,0101,Nima Farshchi,162,162,0,2026-10-06 13:28:24,2026-10-06 13:28:24.022
2026-10-06 13:24:17,BMIN395,0201,Nima Farshchi,162,162,0,2026-10-06 13:28:24,2026-10-06 13:28:24.022
2026-10-06 13:24:17,BSCI103,1100,Tais Mattoso De Andrade Ribeiro,24,24,0,2026-10-06 13:28:28,2026-10-06 13:28:28.841
2026-10-06 13:24:17,BSCI103,1101,Tais Mattoso De Andrade Ribeiro,24,24,0,2026-10-06 13:28:28,2026-10-06 13:28:28.841
2026-10-06 13:24:17,BSCI103,1103,Tais Mattoso De Andrade Ribeiro,24,24,0,2026-10-06 13:28:28,2026-10-06 13:28:28.841
2026-10-06 13:24:17,BSCI103,1105,Tais Mattoso De Andrade Ribeiro,24,24,0,2026-10-06 13:28:28,2026-10-06 13:28:28.841
2026-10-06 13:24:17,BSCI103,1107,Tais Mattoso De Andrade Ribeiro,24,24,0,2026-10-06 13:28:28,2026-10-06 13:28:28.841
2026-10-06 13:24:17,BSCI103,1108,Tais Mattoso De Andrade Ribeiro,24,24,0,2026-10-06 13:28:28,2026-10-06 13:28:28.841
2026-10-06 13:24:17,BSCI103,1109,Tais Mattoso De Andrade Ribeiro,24,24,0,2026-10-06 13:28:28,2026-10-06 13:28:28.841
2026-10-06 13:24:17,BSCI103,1110,Tais Mattoso De Andrade Ribeiro,24,24,0,2026-10-06 13:28:28,2026-10-06 13:28:28.841
2026-10-06 13:24:17,BSCI103M,0101,Tais Mattoso De Andrade Ribeiro,24,24,0,2026-10-06 13:28:29,2026-10-06 13:28:29.258
2026-10-06 13:24:17,BSCI120,0101,Dennis vanEngelsdorp,21,21,0,2026-10-06 13:28:29,2026-10-06 13:28:29.687
2026-10-06 13:24:17,BSCI120,0102,Dennis vanEngelsdorp,21,21,0,2026-10-06 13:28:29,2026-10-06 13:28:29.688
2026-10-06 13:24:17,BSCI135,1101,Edgar Moctezuma,24,24,0,2026-10-06 13:28:30,2026-10-06 13:28:30.326
2026-10-06 13:24:17,BSCI135,1102,Edgar Moctezuma,24,24,0,2026-10-06 13:28:30,2026-10-06 13:28:30.326
2026-10-06 13:24:17,BSCI135,1103,Edgar Moctezuma,24,24,0,2026-10-06 13:28:30,2026-10-06 13:28:30.326
2026-10-06 13:24:17,BSCI135,1104,Edgar Moctezuma,24,24,0,2026-10-06 13:28:30,2026-10-06 13:28:30.326
2026-10-06 13:24:17,BSCI135,1105,Edgar Moctezuma,24,24,0,2026-10-06 13:28:30,2026-10-06 13:28:30.326
2026-10-06 13:24:17,BSCI160,6101,Leo Shapiro,104,104,0,2026-10-06 13:28:30,2026-10-06 13:28:30.956
2026-10-06 13:24:17,BSCI160,6301,Chloe Garfinkel,56,56,0,2026-10-06 13:28:30,2026-10-06 13:28:30.956
2026-10-06 13:24:17,BSCI160,6601,Vadim Karatayev,88,88,0,2026-10-06 13:28:30,2026-10-06 13:28:30.956
2026-10-06 13:24:17,BSCI160,SES1,Chloe Garfinkel,15,15,0,2026-10-06 13:28:30,2026-10-06 13:28:30.956
2026-10-06 13:24:17,BSCI170,0101,Cordelia Weiss,153,153,0,2026-10-06 13:28:31,2026-10-06 13:28:31.587
2026-10-06 13:24:17,BSCI170,0201,Nicholas Fletcher,153,153,0,2026-10-06 13:28:31,2026-10-06 13:28:31.587
2026-10-06 13:24:17,BSCI170,0301,Ricardo Araneda,152,152,0,2026-10-06 13:28:31,2026-10-06 13:28:31.587
2026-10-06 13:24:17,BSCI170,0401,Swarna Mohan,153,153,0,2026-10-06 13:28:31,2026-10-06 13:28:31.587
2026-10-06 13:24:17,BSCI170,0501,Ji Young Choi,120,120,0,2026-10-06 13:28:31,2026-10-06 13:28:31.588
2026-10-06 13:24:17,BSCI170,0701,Ji Young Choi,153,153,0,2026-10-06 13:28:31,2026-10-06 13:28:31.588
2026-10-06 13:24:17,BSCI170,SES1,James Sniezek,20,20,0,2026-10-06 13:28:31,2026-10-06 13:28:31.588
2026-10-06 13:24:17,BSCI180,8105,Hans Lemke,19,19,0,2026-10-06 13:28:32,2026-10-06 13:28:32.693
2026-10-06 13:24:17,BSCI180,8106,Hans Lemke,19,19,0,2026-10-06 13:28:32,2026-10-06 13:28:32.693
2026-10-06 13:24:17,BSCI180,8107,Hans Lemke,19,19,0,2026-10-06 13:28:32,2026-10-06 13:28:32.693
2026-10-06 13:24:17,BSCI180,8108,Hans Lemke,19,19,0,2026-10-06 13:28:32,2026-10-06 13:28:32.694
2026-10-06 13:24:17,BSCI180,8109,Hans Lemke,19,19,0,2026-10-06 13:28:32,2026-10-06 13:28:32.694
2026-10-06 13:24:17,BSCI180,8110,Hans Lemke,19,19,0,2026-10-06 13:28:32,2026-10-06 13:28:32.694
2026-10-06 13:24:17,BSCI180,8111,Hans Lemke,19,19,0,2026-10-06 13:28:32,2026-10-06 13:28:32.694
2026-10-06 13:24:17,BSCI180,8112,Hans Lemke,19,19,0,2026-10-06 13:28:32,2026-10-06 13:28:32.694
2026-10-06 13:24:17,BSCI180,8113,Hans Lemke,19,19,0,2026-10-06 13:28:32,2026-10-06 13:28:32.694
2026-10-06 13:24:17,BSCI180,8114,Hans Lemke,19,19,0,2026-10-06 13:28:32,2026-10-06 13:28:32.694
2026-10-06 13:24:17,BSCI180,8201,Hans Lemke,19,19,0,2026-10-06 13:28:32,2026-10-06 13:28:32.694
2026-10-06 13:24:17,BSCI180,8202,Hans Lemke,19,19,0,2026-10-06 13:28:32,2026-10-06 13:28:32.695
2026-10-06 13:24:17,BSCI180,8205,Hans Lemke,19,19,0,2026-10-06 13:28:32,2026-10-06 13:28:32.695
2026-10-06 13:24:17,BSCI180,8206,Hans Lemke,19,19,0,2026-10-06 13:28:32,2026-10-06 13:28:32.695
2026-10-06 13:24:17,BSCI180,8207,Hans Lemke,19,19,0,2026-10-06 13:28:32,2026-10-06 13:28:32.695
2026-10-06 13:24:17,BSCI180,8208,Hans Lemke,19,19,0,2026-10-06 13:28:32,2026-10-06 13:28:32.695
2026-10-06 13:24:17,BSCI180,8209,Hans Lemke,19,19,0,2026-10-06 13:28:32,2026-10-06 13:28:32.695
2026-10-06 13:24:17,BSCI180,8210,Hans Lemke,19,19,0,2026-10-06 13:28:32,2026-10-06 13:28:32.695
2026-10-06 13:24:17,BSCI180,8211,Hans Lemke,19,19,0,2026-10-06 13:28:32,2026-10-06 13:28:32.695
2026-10-06 13:24:17,BSCI180,8212,Hans Lemke,19,19,0,2026-10-06 13:28:32,2026-10-06 13:28:32.696
2026-10-06 13:24:17,BSCI180,8213,Hans Lemke,19,19,0,2026-10-06 13:28:32,2026-10-06 13:28:32.696
2026-10-06 13:24:17,BSCI180,8214,Hans Lemke,19,19,0,2026-10-06 13:28:32,2026-10-06 13:28:32.696
2026-10-06 13:24:17,BSCI180,8301,Hans Lemke,19,19,0,2026-10-06 13:28:32,2026-10-06 13:28:32.696
2026-10-06 13:24:17,BSCI180,8302,Hans Lemke,19,19,0,2026-10-06 13:28:32,2026-10-06 13:28:32.696
2026-10-06 13:24:17,BSCI180,8305,Hans Lemke,19,19,0,2026-10-06 13:28:32,2026-10-06 13:28:32.696
2026-10-06 13:24:17,BSCI180,8306,Hans Lemke,19,19,0,2026-10-06 13:28:32,2026-10-06 13:28:32.696
2026-10-06 13:24:17,BSCI180,8307,Hans Lemke,19,19,0,2026-10-06 13:28:32,2026-10-06 13:28:32.696
2026-10-06 13:24:17,BSCI180,8308,Hans Lemke,19,19,0,2026-10-06 13:28:32,2026-10-06 13:28:32.696
2026-10-06 13:24:17,BSCI180,8309,Hans Lemke,19,19,0,2026-10-06 13:28:32,2026-10-06 13:28:32.697
2026-10-06 13:24:17,BSCI180,8310,Hans Lemke,19,19,0,2026-10-06 13:28:32,2026-10-06 13:28:32.697
2026-10-06 13:24:17,BSCI180,8311,Hans Lemke,19,19,0,2026-10-06 13:28:32,2026-10-06 13:28:32.697
2026-10-06 13:24:17,BSCI180,8312,Hans Lemke,19,19,0,2026-10-06 13:28:32,2026-10-06 13:28:32.697
2026-10-06 13:24:17,BSCI180,8313,Hans Lemke,19,19,0,2026-10-06 13:28:32,2026-10-06 13:28:32.697
2026-10-06 13:24:17,BSCI180,8314,Hans Lemke,19,19,0,2026-10-06 13:28:32,2026-10-06 13:28:32.697
2026-10-06 13:24:17,BSCI180,8401,Hans Lemke,19,19,0,2026-10-06 13:28:32,2026-10-06 13:28:32.697
2026-10-06 13:24:17,BSCI180,8402,Hans Lemke,19,19,0,2026-10-06 13:28:32,2026-10-06 13:28:32.697
2026-10-06 13:24:17,BSCI180,8405,Hans Lemke,19,19,0,2026-10-06 13:28:32,2026-10-06 13:28:32.698
2026-10-06 13:24:17,BSCI180,8406,Hans Lemke,19,19,0,2026-10-06 13:28:32,2026-10-06 13:28:32.698
2026-10-06 13:24:17,BSCI180,8407,Hans Lemke,19,19,0,2026-10-06 13:28:32,2026-10-06 13:28:32.698
2026-10-06 13:24:17,BSCI180,8408,Hans Lemke,19,19,0,2026-10-06 13:28:32,2026-10-06 13:28:32.698
2026-10-06 13:24:17,BSCI180,8409,Hans Lemke,19,19,0,2026-10-06 13:28:32,2026-10-06 13:28:32.698
2026-10-06 13:24:17,BSCI180,8410,Hans Lemke,19,19,0,2026-10-06 13:28:32,2026-10-06 13:28:32.698
2026-10-06 13:24:17,BSCI180,8411,Hans Lemke,19,19,0,2026-10-06 13:28:32,2026-10-06 13:28:32.698
2026-10-06 13:24:17,BSCI180,8412,Hans Lemke,19,19,0,2026-10-06 13:28:32,2026-10-06 13:28:32.698
2026-10-06 13:24:17,BSCI180,8413,Hans Lemke,19,19,0,2026-10-06 13:28:32,2026-10-06 13:28:32.699
2026-10-06 13:24:17,BSCI180,8414,Hans Lemke,19,19,0,2026-10-06 13:28:32,2026-10-06 13:28:32.699
2026-10-06 13:24:17,BSCI180,SEF2,Hans Lemke,19,19,0,2026-10-06 13:28:32,2026-10-06 13:28:32.699
2026-10-06 13:24:17,BSCI180,SES1,Hans Lemke,19,19,0,2026-10-06 13:28:32,2026-10-06 13:28:32.699
2026-10-06 13:24:17,BSCI201,0101,Caitlin Fox,24,24,0,2026-10-06 13:28:33,2026-10-06 13:28:33.145
2026-10-06 13:24:17,BSCI201,0103,Caitlin Fox,24,24,0,2026-10-06 13:28:33,2026-10-06 13:28:33.145
2026-10-06 13:24:17,BSCI201,0105,Caitlin Fox,24,24,0,2026-10-06 13:28:33,2026-10-06 13:28:33.145
2026-10-06 13:24:17,BSCI201,0106,Caitlin Fox,24,24,0,2026-10-06 13:28:33,2026-10-06 13:28:33.145
2026-10-06 13:24:17,BSCI201,0107,Caitlin Fox,24,24,0,2026-10-06 13:28:33,2026-10-06 13:28:33.145
2026-10-06 13:24:17,BSCI201,0109,Maira Goytia,24,24,0,2026-10-06 13:28:33,2026-10-06 13:28:33.145
2026-10-06 13:24:17,BSCI201,0110,Caitlin Fox,24,24,0,2026-10-06 13:28:33,2026-10-06 13:28:33.145
2026-10-06 13:24:17,BSCI201,0111,Caitlin Fox,24,24,0,2026-10-06 13:28:33,2026-10-06 13:28:33.146
2026-10-06 13:24:17,BSCI201,1101,Justicia Opoku-Edusei,24,24,0,2026-10-06 13:28:33,2026-10-06 13:28:33.146
2026-10-06 13:24:17,BSCI201,1103,Justicia Opoku-Edusei,24,24,0,2026-10-06 13:28:33,2026-10-06 13:28:33.146
2026-10-06 13:24:17,BSCI201,1104,Justicia Opoku-Edusei,24,24,0,2026-10-06 13:28:33,2026-10-06 13:28:33.146
2026-10-06 13:24:17,BSCI201,1105,Caitlin Fox,24,24,0,2026-10-06 13:28:33,2026-10-06 13:28:33.146
2026-10-06 13:24:17,BSCI201,1106,Caitlin Fox,24,24,0,2026-10-06 13:28:33,2026-10-06 13:28:33.146
2026-10-06 13:24:17,BSCI201,1108,Caitlin Fox,24,24,0,2026-10-06 13:28:33,2026-10-06 13:28:33.146
2026-10-06 13:24:17,BSCI201,1109,Justicia Opoku-Edusei,24,24,0,2026-10-06 13:28:33,2026-10-06 13:28:33.146
2026-10-06 13:24:17,BSCI201,1110,Justicia Opoku-Edusei,24,24,0,2026-10-06 13:28:33,2026-10-06 13:28:33.147
2026-10-06 13:24:17,BSCI202,0101,Caitlin Fox,24,24,0,2026-10-06 13:28:33,2026-10-06 13:28:33.586
2026-10-06 13:24:17,BSCI202,0102,Caitlin Fox,24,24,0,2026-10-06 13:28:33,2026-10-06 13:28:33.586
2026-10-06 13:24:17,BSCI202,0104,Caitlin Fox,24,24,0,2026-10-06 13:28:33,2026-10-06 13:28:33.586
2026-10-06 13:24:17,BSCI202,0108,Caitlin Fox,24,24,0,2026-10-06 13:28:33,2026-10-06 13:28:33.586
2026-10-06 13:24:17,BSCI202,0109,Maira Goytia,24,24,0,2026-10-06 13:28:33,2026-10-06 13:28:33.587
2026-10-06 13:24:17,BSCI202,0110,Caitlin Fox,24,24,0,2026-10-06 13:28:33,2026-10-06 13:28:33.587
2026-10-06 13:24:17,BSCI202,1101,Justicia Opoku-Edusei,24,24,0,2026-10-06 13:28:33,2026-10-06 13:28:33.587
2026-10-06 13:24:17,BSCI202,1103,Justicia Opoku-Edusei,24,24,0,2026-10-06 13:28:33,2026-10-06 13:28:33.587
2026-10-06 13:24:17,BSCI202,1104,Justicia Opoku-Edusei,24,24,0,2026-10-06 13:28:33,2026-10-06 13:28:33.587
2026-10-06 13:24:17,BSCI202,1106,Justicia Opoku-Edusei,24,24,0,2026-10-06 13:28:33,2026-10-06 13:28:33.587
2026-10-06 13:24:17,BSCI202,1107,Justicia Opoku-Edusei,24,24,0,2026-10-06 13:28:33,2026-10-06 13:28:33.587
2026-10-06 13:24:17,BSCI202,1108,Justicia Opoku-Edusei,24,24,0,2026-10-06 13:28:33,2026-10-06 13:28:33.587
2026-10-06 13:24:17,BSCI202,SES1,Edward Orlando,20,20,0,2026-10-06 13:28:33,2026-10-06 13:28:33.588
2026-10-06 13:24:17,BSCI207,0101,Karen Carleton,80,80,0,2026-10-06 13:28:34,2026-10-06 13:28:34.414
2026-10-06 13:24:17,BSCI207,0201,Chloe Garfinkel,80,80,0,2026-10-06 13:28:34,2026-10-06 13:28:34.414
2026-10-06 13:24:17,BSCI213,0101,Cordelia Weiss,20,20,0,2026-10-06 13:28:35,2026-10-06 13:28:35.039
2026-10-06 13:24:17,BSCI213,0102,Cordelia Weiss,20,20,0,2026-10-06 13:28:35,2026-10-06 13:28:35.040
2026-10-06 13:24:17,BSCI222,7106,Thomas Kocher,18,18,0,2026-10-06 13:28:35,2026-10-06 13:28:35.527
2026-10-06 13:24:17,BSCI222,7108,Thomas Kocher,18,18,0,2026-10-06 13:28:35,2026-10-06 13:28:35.527
2026-10-06 13:24:17,BSCI222,7110,Thomas Kocher,18,18,0,2026-10-06 13:28:35,2026-10-06 13:28:35.527
2026-10-06 13:24:17,BSCI222,7112,Thomas Kocher,18,18,0,2026-10-06 13:28:35,2026-10-06 13:28:35.527
2026-10-06 13:24:17,BSCI222,7114,Thomas Kocher,18,18,0,2026-10-06 13:28:35,2026-10-06 13:28:35.527
2026-10-06 13:24:17,BSCI222,7116,Thomas Kocher,18,18,0,2026-10-06 13:28:35,2026-10-06 13:28:35.527
2026-10-06 13:24:17,BSCI222,7118,Thomas Kocher,18,18,0,2026-10-06 13:28:35,2026-10-06 13:28:35.527
2026-10-06 13:24:17,BSCI222,7120,Thomas Kocher,18,18,0,2026-10-06 13:28:35,2026-10-06 13:28:35.527
2026-10-06 13:24:17,BSCI222,7130,Thomas Kocher,18,18,0,2026-10-06 13:28:35,2026-10-06 13:28:35.528
2026-10-06 13:24:17,BSCI222,7133,Thomas Kocher,18,18,0,2026-10-06 13:28:35,2026-10-06 13:28:35.528
2026-10-06 13:24:17,BSCI222,7214,Michael Keller,18,18,0,2026-10-06 13:28:35,2026-10-06 13:28:35.528
2026-10-06 13:24:17,BSCI222,7216,Michael Keller,18,18,0,2026-10-06 13:28:35,2026-10-06 13:28:35.528
2026-10-06 13:24:17,BSCI222,7218,Michael Keller,18,18,0,2026-10-06 13:28:35,2026-10-06 13:28:35.528
2026-10-06 13:24:17,BSCI222,7219,Michael Keller,18,18,0,2026-10-06 13:28:35,2026-10-06 13:28:35.528
2026-10-06 13:24:17,BSCI222,7220,Michael Keller,18,18,0,2026-10-06 13:28:35,2026-10-06 13:28:35.528
2026-10-06 13:24:17,BSCI222,7221,Michael Keller,18,18,0,2026-10-06 13:28:35,2026-10-06 13:28:35.528
2026-10-06 13:24:17,BSCI222,7222,Michael Keller,18,18,0,2026-10-06 13:28:35,2026-10-06 13:28:35.529
2026-10-06 13:24:17,BSCI222,7224,Michael Keller,18,18,0,2026-10-06 13:28:35,2026-10-06 13:28:35.529
2026-10-06 13:24:17,BSCI222,7226,Michael Keller,18,18,0,2026-10-06 13:28:35,2026-10-06 13:28:35.529
2026-10-06 13:24:17,BSCI222,7232,Michael Keller,18,18,0,2026-10-06 13:28:35,2026-10-06 13:28:35.529
2026-10-06 13:24:17,BSCI222,7234,Michael Keller,18,18,0,2026-10-06 13:28:35,2026-10-06 13:28:35.529
2026-10-06 13:24:17,BSCI222,7236,Michael Keller,18,18,0,2026-10-06 13:28:35,2026-10-06 13:28:35.529
2026-10-06 13:24:17,BSCI222,7310,Maria Colt,18,18,0,2026-10-06 13:28:35,2026-10-06 13:28:35.529
2026-10-06 13:24:17,BSCI222,7311,Maria Colt,18,18,0,2026-10-06 13:28:35,2026-10-06 13:28:35.529
2026-10-06 13:24:17,BSCI222,7312,Maria Colt,18,18,0,2026-10-06 13:28:35,2026-10-06 13:28:35.530
2026-10-06 13:24:17,BSCI222,7313,Maria Colt,18,18,0,2026-10-06 13:28:35,2026-10-06 13:28:35.530
2026-10-06 13:24:17,BSCI222,7315,Maria Colt,18,18,0,2026-10-06 13:28:35,2026-10-06 13:28:35.530
2026-10-06 13:24:17,BSCI222,7320,Maria Colt,18,18,0,2026-10-06 13:28:35,2026-10-06 13:28:35.530
2026-10-06 13:24:17,BSCI222,7325,Maria Colt,18,18,0,2026-10-06 13:28:35,2026-10-06 13:28:35.530
2026-10-06 13:24:17,BSCI222,7330,Maria Colt,18,18,0,2026-10-06 13:28:35,2026-10-06 13:28:35.530
2026-10-06 13:24:17,BSCI222,7332,Maria Colt,18,18,0,2026-10-06 13:28:35,2026-10-06 13:28:35.530
2026-10-06 13:24:17,BSCI222,7335,Maria Colt,18,18,0,2026-10-06 13:28:35,2026-10-06 13:28:35.530
2026-10-06 13:24:17,BSCI222,SES1,Maria Colt,23,23,0,2026-10-06 13:28:35,2026-10-06 13:28:35.530
2026-10-06 13:24:17,BSCI223,1021,John Buchner,16,16,0,2026-10-06 13:28:35,2026-10-06 13:28:35.983
2026-10-06 13:24:17,BSCI223,1025,John Buchner,16,16,0,2026-10-06 13:28:35,2026-10-06 13:28:35.983
2026-10-06 13:24:17,BSCI223,1026,John Buchner,16,16,0,2026-10-06 13:28:35,2026-10-06 13:28:35.983
2026-10-06 13:24:17,BSCI223,1101,John Buchner,16,16,0,2026-10-06 13:28:35,2026-10-06 13:28:35.983
2026-10-06 13:24:17,BSCI223,1105,John Buchner,16,16,0,2026-10-06 13:28:35,2026-10-06 13:28:35.984
2026-10-06 13:24:17,BSCI223,1106,John Buchner,16,16,0,2026-10-06 13:28:35,2026-10-06 13:28:35.984
2026-10-06 13:24:17,BSCI223,1121,John Buchner,16,16,0,2026-10-06 13:28:35,2026-10-06 13:28:35.984
2026-10-06 13:24:17,BSCI223,1125,John Buchner,16,16,0,2026-10-06 13:28:35,2026-10-06 13:28:35.984
2026-10-06 13:24:17,BSCI223,1126,John Buchner,16,16,0,2026-10-06 13:28:35,2026-10-06 13:28:35.984
2026-10-06 13:24:17,BSCI223,1201,John Buchner,16,16,0,2026-10-06 13:28:35,2026-10-06 13:28:35.984
2026-10-06 13:24:17,BSCI223,1206,John Buchner,16,16,0,2026-10-06 13:28:35,2026-10-06 13:28:35.984
2026-10-06 13:24:17,BSCI223,1221,John Buchner,16,16,0,2026-10-06 13:28:35,2026-10-06 13:28:35.984
2026-10-06 13:24:17,BSCI223,1225,John Buchner,16,16,0,2026-10-06 13:28:35,2026-10-06 13:28:35.985
2026-10-06 13:24:17,BSCI223,1226,John Buchner,16,16,0,2026-10-06 13:28:35,2026-10-06 13:28:35.985
2026-10-06 13:24:17,BSCI223,1301,John Buchner,16,16,0,2026-10-06 13:28:35,2026-10-06 13:28:35.985
2026-10-06 13:24:17,BSCI223,1306,John Buchner,16,16,0,2026-10-06 13:28:35,2026-10-06 13:28:35.985
2026-10-06 13:24:17,BSCI223,2401,John Buchner,16,16,0,2026-10-06 13:28:35,2026-10-06 13:28:35.985
2026-10-06 13:24:17,BSCI223,2406,John Buchner,16,16,0,2026-10-06 13:28:35,2026-10-06 13:28:35.985
2026-10-06 13:24:17,BSCI223,SES1,Cherisse Hall,20,20,0,2026-10-06 13:28:35,2026-10-06 13:28:35.985
2026-10-06 13:24:17,BSCI238I,0101,Aditri Gadigi,30,30,0,2026-10-06 13:28:36,2026-10-06 13:28:36.606
2026-10-06 13:24:17,BSCI258A,0101,Nicholas Fletcher,10,10,0,2026-10-06 13:28:37,2026-10-06 13:28:37.211
2026-10-06 13:24:17,BSCI258B,0101,Nicholas Fletcher,80,80,0,2026-10-06 13:28:37,2026-10-06 13:28:37.622
2026-10-06 13:24:17,BSCI279B,0101,Katerina Thompson,32,32,0,2026-10-06 13:28:38,2026-10-06 13:28:38.443
2026-10-06 13:24:17,BSCI279B,0102,Katerina Thompson,32,32,0,2026-10-06 13:28:38,2026-10-06 13:28:38.443
2026-10-06 13:24:17,BSCI279Q,0101,Daniel Butts,10,10,0,2026-10-06 13:28:39,2026-10-06 13:28:39.261
2026-10-06 13:24:17,BSCI283,1205,Kevin McIver,20,20,0,2026-10-06 13:28:40,2026-10-06 13:28:40.532
2026-10-06 13:24:17,BSCI283,1305,Daniel Stein,20,20,0,2026-10-06 13:28:40,2026-10-06 13:28:40.533
2026-10-06 13:24:17,BSCI329,1016,Hilary Bierman,5,5,0,2026-10-06 13:28:41,2026-10-06 13:28:41.164
2026-10-06 13:24:17,BSCI329,1028,Daniel Butts,10,10,0,2026-10-06 13:28:41,2026-10-06 13:28:41.165
2026-10-06 13:24:17,BSCI329,1033,Chan Lin,10,10,0,2026-10-06 13:28:41,2026-10-06 13:28:41.165
2026-10-06 13:24:17,BSCI329,1250,Justicia Opoku-Edusei,20,20,0,2026-10-06 13:28:41,2026-10-06 13:28:41.165
2026-10-06 13:24:17,BSCI329,1388,Corine Van der Weele,8,8,0,2026-10-06 13:28:41,2026-10-06 13:28:41.165
2026-10-06 13:24:17,BSCI329,ESG1,Hadiya Woodham,10,10,0,2026-10-06 13:28:41,2026-10-06 13:28:41.165
2026-10-06 13:24:17,BSCI331,0101,Kenneth Frauwirth,200,200,0,2026-10-06 13:28:41,2026-10-06 13:28:41.588
2026-10-06 13:24:17,BSCI331,0201,Kenneth Frauwirth,200,200,0,2026-10-06 13:28:41,2026-10-06 13:28:41.588
2026-10-06 13:24:17,BSCI332,0102,Corine Van der Weele,23,23,0,2026-10-06 13:28:42,2026-10-06 13:28:42.013
2026-10-06 13:24:17,BSCI332,0104,Corine Van der Weele,23,23,0,2026-10-06 13:28:42,2026-10-06 13:28:42.013
2026-10-06 13:24:17,BSCI332,0106,Corine Van der Weele,23,23,0,2026-10-06 13:28:42,2026-10-06 13:28:42.013
2026-10-06 13:24:17,BSCI332,0107,Corine Van der Weele,23,23,0,2026-10-06 13:28:42,2026-10-06 13:28:42.013
2026-10-06 13:24:17,BSCI332,0111,Corine Van der Weele,23,23,0,2026-10-06 13:28:42,2026-10-06 13:28:42.013
2026-10-06 13:24:17,BSCI332,1103,Corine Van der Weele,23,23,0,2026-10-06 13:28:42,2026-10-06 13:28:42.013
2026-10-06 13:24:17,BSCI332,1105,Corine Van der Weele,23,23,0,2026-10-06 13:28:42,2026-10-06 13:28:42.014
2026-10-06 13:24:17,BSCI332,1108,Corine Van der Weele,23,23,0,2026-10-06 13:28:42,2026-10-06 13:28:42.014
2026-10-06 13:24:17,BSCI332,1109,Corine Van der Weele,23,23,0,2026-10-06 13:28:42,2026-10-06 13:28:42.014
2026-10-06 13:24:17,BSCI332,1111,Corine Van der Weele,23,23,0,2026-10-06 13:28:42,2026-10-06 13:28:42.014
2026-10-06 13:24:17,BSCI332,1113,Corine Van der Weele,23,23,0,2026-10-06 13:28:42,2026-10-06 13:28:42.014
2026-10-06 13:24:17,BSCI334,0101,Katerina Thompson,60,60,0,2026-10-06 13:28:42,2026-10-06 13:28:42.434
2026-10-06 13:24:17,BSCI335,0101,Katerina Thompson,20,20,0,2026-10-06 13:28:42,2026-10-06 13:28:42.848
2026-10-06 13:24:17,BSCI335,0102,Katerina Thompson,20,20,0,2026-10-06 13:28:42,2026-10-06 13:28:42.848
2026-10-06 13:24:17,BSCI337,0101,Leo Shapiro,20,20,0,2026-10-06 13:28:43,2026-10-06 13:28:43.284
2026-10-06 13:24:17,BSCI337,0102,Leo Shapiro,20,20,0,2026-10-06 13:28:43,2026-10-06 13:28:43.284
2026-10-06 13:24:17,BSCI343,ESG1,Hadiya Woodham,30,30,0,2026-10-06 13:28:44,2026-10-06 13:28:44.127
2026-10-06 13:24:17,BSCI348A,0101,John Buchner,22,22,0,2026-10-06 13:28:44,2026-10-06 13:28:44.962
2026-10-06 13:24:17,BSCI348I,SES1,Erik Lontok,25,25,0,2026-10-06 13:28:45,2026-10-06 13:28:45.380
2026-10-06 13:24:17,BSCI348R,0101,Najib El-Sayed,10,10,0,2026-10-06 13:28:45,2026-10-06 13:28:45.786
2026-10-06 13:24:17,BSCI353,0101,Chan Lin,64,64,0,2026-10-06 13:28:46,2026-10-06 13:28:46.211
2026-10-06 13:24:17,BSCI353,0102,Melissa Caras,40,40,0,2026-10-06 13:28:46,2026-10-06 13:28:46.211
2026-10-06 13:24:17,BSCI353,ESG1,Vitaly Stepensky,40,40,0,2026-10-06 13:28:46,2026-10-06 13:28:46.211
2026-10-06 13:24:17,BSCI358A,ESG1,Vitaly Stepensky,30,30,0,2026-10-06 13:28:46,2026-10-06 13:28:46.638
2026-10-06 13:24:17,BSCI358B,ESG1,Gregory Simon,30,30,0,2026-10-06 13:28:47,2026-10-06 13:28:47.036
2026-10-06 13:24:17,BSCI361,0101,Daniel Gruner,25,25,0,2026-10-06 13:28:47,2026-10-06 13:28:47.461
2026-10-06 13:24:17,BSCI361,0102,Daniel Gruner,25,25,0,2026-10-06 13:28:47,2026-10-06 13:28:47.462
2026-10-06 13:24:17,BSCI370,0101,Alexandra Bely,64,64,0,2026-10-06 13:28:47,2026-10-06 13:28:47.879
2026-10-06 13:24:17,BSCI378H,0101,Kenneth Frauwirth,23,23,0,2026-10-06 13:28:48,2026-10-06 13:28:48.296
2026-10-06 13:24:17,BSCI398H,0101,Alexandra Bely,35,35,0,2026-10-06 13:28:51,2026-10-06 13:28:51.231
2026-10-06 13:24:17,BSCI401,0101,Gerald Wilkinson,39,39,0,2026-10-06 13:28:53,2026-10-06 13:28:53.075
2026-10-06 13:24:17,BSCI406,0101,Sergei Sukharev,20,20,0,2026-10-06 13:28:53,2026-10-06 13:28:53.528
2026-10-06 13:24:17,BSCI410,0101,Charles Seller,140,140,0,2026-10-06 13:28:53,2026-10-06 13:28:53.935
2026-10-06 13:24:17,BSCI412,0101,Erin Tran,18,18,0,2026-10-06 13:28:54,2026-10-06 13:28:54.359
2026-10-06 13:24:17,BSCI412,0103,Wade Winkler,18,18,0,2026-10-06 13:28:54,2026-10-06 13:28:54.359
2026-10-06 13:24:17,BSCI414,ESG1,Caitlin Fox,24,24,0,2026-10-06 13:28:54,2026-10-06 13:28:54.757
2026-10-06 13:24:17,BSCI416,0101,Silvia Bolland,42,42,0,2026-10-06 13:28:55,2026-10-06 13:28:55.167
2026-10-06 13:24:17,BSCI417,0101,Vincent Lee,30,30,0,2026-10-06 13:28:55,2026-10-06 13:28:55.575
2026-10-06 13:24:17,BSCI420,0101,Sougata Roy,62,62,0,2026-10-06 13:28:55,2026-10-06 13:28:56.001
2026-10-06 13:24:17,BSCI422,0101,Kenneth Frauwirth,25,25,0,2026-10-06 13:28:56,2026-10-06 13:28:56.427
2026-10-06 13:24:17,BSCI422,0102,Kenneth Frauwirth,25,25,0,2026-10-06 13:28:56,2026-10-06 13:28:56.427
2026-10-06 13:24:17,BSCI422,0103,David Mosser,25,25,0,2026-10-06 13:28:56,2026-10-06 13:28:56.427
2026-10-06 13:24:17,BSCI422,0104,David Mosser,25,25,0,2026-10-06 13:28:56,2026-10-06 13:28:56.427
2026-10-06 13:24:17,BSCI423,0101,Wenxia Song,18,18,0,2026-10-06 13:28:56,2026-10-06 13:28:56.845
2026-10-06 13:24:17,BSCI423,0102,Wenxia Song,18,18,0,2026-10-06 13:28:56,2026-10-06 13:28:56.845
2026-10-06 13:24:17,BSCI425,0101,Kan Cao,20,20,0,2026-10-06 13:28:57,2026-10-06 13:28:57.263
2026-10-06 13:24:17,BSCI430,0101,Eric Haag,35,35,0,2026-10-06 13:28:57,2026-10-06 13:28:57.675
2026-10-06 13:24:17,BSCI433,0101,Jeff Maltas,30,30,0,2026-10-06 13:28:58,2026-10-06 13:28:58.093
2026-10-06 13:24:17,BSCI435,0101,Tapan Goel,18,18,0,2026-10-06 13:28:58,2026-10-06 13:28:58.518
2026-10-06 13:24:17,BSCI436,0101,Jonathan Dinman,60,60,0,2026-10-06 13:28:58,2026-10-06 13:28:58.936
2026-10-06 13:24:17,BSCI437,0101,Jeffrey DeStefano,70,70,0,2026-10-06 13:28:59,2026-10-06 13:28:59.342
2026-10-06 13:24:17,BSCI437,ESG1,Gilad Ofek,40,40,0,2026-10-06 13:28:59,2026-10-06 13:28:59.342
2026-10-06 13:24:17,BSCI437H,0101,Jeffrey DeStefano,8,8,0,2026-10-06 13:28:59,2026-10-06 13:28:59.758
2026-10-06 13:24:17,BSCI439B,ESG1,Maira Goytia,40,40,0,2026-10-06 13:29:00,2026-10-06 13:29:00.194
2026-10-06 13:24:17,BSCI439E,0101,Beatrice Kondo,5,5,0,2026-10-06 13:29:00,2026-10-06 13:29:00.620
2026-10-06 13:24:17,BSCI439G,0101,Beatrice Kondo,5,5,0,2026-10-06 13:29:01,2026-10-06 13:29:01.023
2026-10-06 13:24:17,BSCI439L,0101,Instructor: TBA,5,5,0,2026-10-06 13:29:01,2026-10-06 13:29:01.482
2026-10-06 13:24:17,BSCI439Z,0101,Amanda Chicoli,20,20,0,2026-10-06 13:29:01,2026-10-06 13:29:01.941
2026-10-06 13:24:17,BSCI442,0101,Daniel Rodriguez Leal,20,20,0,2026-10-06 13:29:02,2026-10-06 13:29:02.381
2026-10-06 13:24:17,BSCI442,0102,Jose Feijo,20,20,0,2026-10-06 13:29:02,2026-10-06 13:29:02.381
2026-10-06 13:24:17,BSCI450,0101,Juan Angueyra,130,130,0,2026-10-06 13:29:02,2026-10-06 13:29:02.811
2026-10-06 13:24:17,BSCI450,0201,Joshua Singer,120,120,0,2026-10-06 13:29:02,2026-10-06 13:29:02.811
2026-10-06 13:24:17,BSCI450,PDS1,William Higgins,20,20,0,2026-10-06 13:29:02,2026-10-06 13:29:02.812
2026-10-06 13:24:17,BSCI451,0101,Corine Van der Weele,20,20,0,2026-10-06 13:29:03,2026-10-06 13:29:03.248
2026-10-06 13:24:17,BSCI451,0102,Corine Van der Weele,20,20,0,2026-10-06 13:29:03,2026-10-06 13:29:03.248
2026-10-06 13:24:17,BSCI451,0103,Corine Van der Weele,20,20,0,2026-10-06 13:29:03,2026-10-06 13:29:03.248
2026-10-06 13:24:17,BSCI451,0104,Corine Van der Weele,20,20,0,2026-10-06 13:29:03,2026-10-06 13:29:03.248
2026-10-06 13:24:17,BSCI452,0101,Chan Lin,40,40,0,2026-10-06 13:29:03,2026-10-06 13:29:03.668
2026-10-06 13:24:17,BSCI452,SES1,Chan Lin,20,20,0,2026-10-06 13:29:03,2026-10-06 13:29:03.669
2026-10-06 13:24:17,BSCI453,0101,Nikolas Francis,38,38,0,2026-10-06 13:29:04,2026-10-06 13:29:04.086
2026-10-06 13:24:17,BSCI455,0101,Hilary Bierman,16,16,0,2026-10-06 13:29:04,2026-10-06 13:29:04.505
2026-10-06 13:24:17,BSCI455,0102,Hilary Bierman,16,16,0,2026-10-06 13:29:04,2026-10-06 13:29:04.505
2026-10-06 13:24:17,BSCI455,0103,Hilary Bierman,16,16,0,2026-10-06 13:29:04,2026-10-06 13:29:04.505
2026-10-06 13:24:17,BSCI456,0101,Colenso Speer,5,5,0,2026-10-06 13:29:04,2026-10-06 13:29:04.935
2026-10-06 13:24:17,BSCI477,0101,Emily Bruns,40,40,0,2026-10-06 13:29:05,2026-10-06 13:29:05.342
2026-10-06 13:24:17,BSCI487,0101,Kelly Hamby,24,24,0,2026-10-06 13:29:05,2026-10-06 13:29:05.772
2026-10-06 13:24:17,BSOS355,0101,Liza Lebrun,40,40,0,2026-10-06 13:29:07,2026-10-06 13:29:07.575
2026-10-06 13:24:17,BSOS361,0101,TC Lloyd,30,30,0,2026-10-06 13:29:07,2026-10-06 13:29:07.983
2026-10-06 13:24:17,BSOS361,0102,TC Lloyd,30,30,0,2026-10-06 13:29:07,2026-10-06 13:29:07.983
2026-10-06 13:24:17,BSOS448M,0101,Brandee Pettus,12,12,0,2026-10-06 13:29:08,2026-10-06 13:29:08.397
2026-10-06 13:24:17,BUMO600,0501,Sheetal Singh,52,52,0,2026-10-06 13:29:31,2026-10-06 13:29:31.911
2026-10-06 13:24:17,BUMO604,0501,Jon Crocker,0,0,0,2026-10-06 13:29:32,2026-10-06 13:29:32.345
2026-10-06 13:24:17,BUMO614,0501,Waverly Ding,58,58,0,2026-10-06 13:29:32,2026-10-06 13:29:32.757
2026-10-06 13:24:17,BUMO701,0501,Jason Choi,65,65,0,2026-10-06 13:29:33,2026-10-06 13:29:33.176
2026-10-06 13:24:17,BUMO703,0501,Mary Beth Furst,65,65,0,2026-10-06 13:29:33,2026-10-06 13:29:33.600
2026-10-06 13:24:17,BUMO711,0501,Sheetal Singh,65,65,0,2026-10-06 13:29:34,2026-10-06 13:29:34.003
2026-10-06 13:24:17,BUMO714,0501,Rellie Rozin,0,0,0,2026-10-06 13:29:34,2026-10-06 13:29:34.411
2026-10-06 13:24:17,BUMO723,0501,Stephen Sclafani,58,58,0,2026-10-06 13:29:34,2026-10-06 13:29:34.822
2026-10-06 13:24:17,BUMO724,0501,Stephen Sclafani,58,58,0,2026-10-06 13:29:35,2026-10-06 13:29:35.240
2026-10-06 13:24:17,BUMO726,0501,Stephen Sclafani,58,58,0,2026-10-06 13:29:35,2026-10-06 13:29:35.662
2026-10-06 13:24:17,BUMO731,0501,Balaji Padmanabhan,58,58,0,2026-10-06 13:29:36,2026-10-06 13:29:36.077
2026-10-06 13:24:17,BUMO733,0501,Balaji Padmanabhan,58,58,0,2026-10-06 13:29:36,2026-10-06 13:29:36.494
2026-10-06 13:24:17,BUMO758P,0501,Jon Crocker,37,37,0,2026-10-06 13:29:36,2026-10-06 13:29:36.922
2026-10-06 13:24:17,BUMO780,0501,Jennifer Marr,37,37,0,2026-10-06 13:29:37,2026-10-06 13:29:37.733
2026-10-06 13:24:17,BUMO780,0502,Jennifer Marr,37,37,0,2026-10-06 13:29:37,2026-10-06 13:29:37.733
2026-10-06 13:24:17,BUMO782,0501,Mike Hoffmeyer,40,40,0,2026-10-06 13:29:38,2026-10-06 13:29:38.156
2026-10-06 13:24:17,BUMO785,0501,Maria Bustamante,65,65,0,2026-10-06 13:29:38,2026-10-06 13:29:38.573
2026-10-06 13:24:17,BUMO790,0501,Roy Thomason,65,65,0,2026-10-06 13:29:38,2026-10-06 13:29:38.998
2026-10-06 13:24:17,BUMO790,0502,Roy Thomason,65,65,0,2026-10-06 13:29:38,2026-10-06 13:29:38.998
2026-10-06 13:24:17,BUMO791,0501,Roy Thomason,65,65,0,2026-10-06 13:29:39,2026-10-06 13:29:39.427
2026-10-06 13:24:17,BUMO791,0502,Roy Thomason,65,65,0,2026-10-06 13:29:39,2026-10-06 13:29:39.427
2026-10-06 13:24:17,CHIN100,0101,Yuli Wang,15,15,0,2026-10-06 13:30:37,2026-10-06 13:30:37.156
2026-10-06 13:24:17,CHIN121,0101,Mei Kong,15,15,0,2026-10-06 13:30:37,2026-10-06 13:30:37.577
2026-10-06 13:24:17,CHIN122,0101,Mei Kong,15,15,0,2026-10-06 13:30:37,2026-10-06 13:30:37.986
2026-10-06 13:24:17,CHIN122,0201,Mei Kong,15,15,0,2026-10-06 13:30:37,2026-10-06 13:30:37.987
2026-10-06 13:24:17,CHIN122,0301,Guiling Hu,15,15,0,2026-10-06 13:30:37,2026-10-06 13:30:37.987
2026-10-06 13:24:17,CHIN207,0101,Guiling Hu,15,15,0,2026-10-06 13:30:38,2026-10-06 13:30:38.400
2026-10-06 13:24:17,CHIN207,0201,Guiling Hu,15,15,0,2026-10-06 13:30:38,2026-10-06 13:30:38.400
2026-10-06 13:24:17,CHIN302,0101,Jungjung Lee,15,15,0,2026-10-06 13:30:38,2026-10-06 13:30:38.813
2026-10-06 13:24:17,CHIN302,0201,Jungjung Lee,15,15,0,2026-10-06 13:30:38,2026-10-06 13:30:38.813
2026-10-06 13:24:17,CHIN307,0101,Minglang Zhou,25,25,0,2026-10-06 13:30:39,2026-10-06 13:30:39.223
2026-10-06 13:24:17,CHIN315,0101,Mei Nan,30,30,0,2026-10-06 13:30:39,2026-10-06 13:30:39.651
2026-10-06 13:24:17,CHIN332,0101,Yuli Wang,15,15,0,2026-10-06 13:30:40,2026-10-06 13:30:40.067
2026-10-06 13:24:17,CHIN402,0101,Jungjung Lee,15,15,0,2026-10-06 13:30:40,2026-10-06 13:30:40.875
2026-10-06 13:24:17,CHIN415,0101,Jungjung Lee,15,15,0,2026-10-06 13:30:41,2026-10-06 13:30:41.339
2026-10-06 13:24:17,CHIN418O,0101,Mei Nan,25,25,0,2026-10-06 13:30:41,2026-10-06 13:30:41.761
2026-10-06 13:24:17,CHIN441,0101,Andrew Schonebaum,20,20,0,2026-10-06 13:30:42,2026-10-06 13:30:42.193
2026-10-06 13:24:17,CHSE205,0101,Yewon Lee,60,60,0,2026-10-06 13:30:46,2026-10-06 13:30:46.797
2026-10-06 13:24:17,CHSE205,0201,Katryna Andrusik,50,50,0,2026-10-06 13:30:46,2026-10-06 13:30:46.797
2026-10-06 13:24:17,CHSE228D,0101,Nikita Kimani,16,16,0,2026-10-06 13:30:47,2026-10-06 13:30:47.213
2026-10-06 13:24:17,CHSE376,0101,Michael Dunham,20,20,0,2026-10-06 13:30:47,2026-10-06 13:30:47.624
2026-10-06 13:24:17,CHSE376,0201,Elizabeth Martinez,20,20,0,2026-10-06 13:30:47,2026-10-06 13:30:47.624
2026-10-06 13:24:17,CHSE376,0301,Colleen McGilpin,20,20,0,2026-10-06 13:30:47,2026-10-06 13:30:47.624
2026-10-06 13:24:17,CHSE376,0401,Chanai Brewster,20,20,0,2026-10-06 13:30:47,2026-10-06 13:30:47.624
2026-10-06 13:24:17,CHSE376,0501,Michael Dunham,20,20,0,2026-10-06 13:30:47,2026-10-06 13:30:47.624
2026-10-06 13:24:17,CHSE476,0101,Michael Dunham,20,20,0,2026-10-06 13:30:48,2026-10-06 13:30:48.432
2026-10-06 13:24:17,CHSE477,0101,Michael Dunham,18,18,0,2026-10-06 13:30:48,2026-10-06 13:30:48.853
2026-10-06 13:24:17,CHSE480,0101,Michael Dunham,18,18,0,2026-10-06 13:30:49,2026-10-06 13:30:49.275
2026-10-06 13:24:17,CHSE489,1901,Amy D'Agati,10,10,0,2026-10-06 13:30:49,2026-10-06 13:30:49.770
2026-10-06 13:24:17,CINE245,0201,Instructor: TBA,27,27,0,2026-10-06 13:30:52,2026-10-06 13:30:52.108
2026-10-06 13:24:17,CINE245,0301,Alan Montroso,27,27,0,2026-10-06 13:30:52,2026-10-06 13:30:52.108
2026-10-06 13:24:17,CINE280,0101,Eric Zakim,25,25,0,2026-10-06 13:30:52,2026-10-06 13:30:52.529
2026-10-06 13:24:17,CINE280,0102,Eric Zakim,25,25,0,2026-10-06 13:30:52,2026-10-06 13:30:52.529
2026-10-06 13:24:17,CINE280,0103,Eric Zakim,25,25,0,2026-10-06 13:30:52,2026-10-06 13:30:52.529
2026-10-06 13:24:17,CINE280,0104,Eric Zakim,25,25,0,2026-10-06 13:30:52,2026-10-06 13:30:52.529
2026-10-06 13:24:17,CINE282,0101,Susan Pramschufer,35,35,0,2026-10-06 13:30:52,2026-10-06 13:30:52.955
2026-10-06 13:24:17,CINE298B,0101,Sean Pue,20,20,0,2026-10-06 13:30:53,2026-10-06 13:30:53.371
2026-10-06 13:24:17,CINE302,0101,Luka Arsenjuk,30,30,0,2026-10-06 13:30:53,2026-10-06 13:30:53.795
2026-10-06 13:24:17,CINE310,0101,Nathaniel Stevens,15,15,0,2026-10-06 13:30:54,2026-10-06 13:30:54.192
2026-10-06 13:24:17,CINE319A,0101,Paul Cote,20,20,0,2026-10-06 13:30:54,2026-10-06 13:30:54.607
2026-10-06 13:24:17,CINE319I,0101,Yael Inbar,15,15,0,2026-10-06 13:30:55,2026-10-06 13:30:55.014
2026-10-06 13:24:17,CINE319P,5501,Samuel Crawford,10,10,0,2026-10-06 13:30:55,2026-10-06 13:30:55.427
2026-10-06 13:24:17,CINE329E,0101,Elizabeth Papazian,25,25,0,2026-10-06 13:30:55,2026-10-06 13:30:55.853
2026-10-06 13:24:17,CINE329N,0101,Daniel Richter,25,25,0,2026-10-06 13:30:56,2026-10-06 13:30:56.271
2026-10-06 13:24:17,CINE329Z,0101,Daniel Richter,25,25,0,2026-10-06 13:30:56,2026-10-06 13:30:56.682
2026-10-06 13:24:17,CINE335,0101,Jason Kuo,25,25,0,2026-10-06 13:30:57,2026-10-06 13:30:57.100
2026-10-06 13:24:17,CINE369C,0101,Mauro Resmini,40,40,0,2026-10-06 13:30:57,2026-10-06 13:30:57.517
2026-10-06 13:24:17,CINE369F,0101,Alexis Lothian,30,30,0,2026-10-06 13:30:57,2026-10-06 13:30:57.927
2026-10-06 13:24:17,CINE369K,0101,Paul Cote,20,20,0,2026-10-06 13:30:58,2026-10-06 13:30:58.340
2026-10-06 13:24:17,CINE376,0101,Ross Angelella,14,14,0,2026-10-06 13:30:58,2026-10-06 13:30:58.770
2026-10-06 13:24:17,CINE376,0102,Ross Angelella,5,5,0,2026-10-06 13:30:58,2026-10-06 13:30:58.770
2026-10-06 13:24:17,CINE419E,0101,Stephanie Sapienza,15,15,0,2026-10-06 13:30:59,2026-10-06 13:30:59.595
2026-10-06 13:24:17,CINE429O,0101,Mei Nan,25,25,0,2026-10-06 13:31:00,2026-10-06 13:31:00.011
2026-10-06 13:24:17,CINE459C,0101,Saverio Giovacchini,54,54,0,2026-10-06 13:31:00,2026-10-06 13:31:00.435
2026-10-06 13:24:17,CINE469Y,0101,Jason Kuo,14,14,0,2026-10-06 13:31:00,2026-10-06 13:31:00.850
2026-10-06 13:24:17,CLAS170,0101,Katherine Wasdin,21,21,0,2026-10-06 13:31:03,2026-10-06 13:31:03.166
2026-10-06 13:24:17,CLAS170,0102,Katherine Wasdin,21,21,0,2026-10-06 13:31:03,2026-10-06 13:31:03.166
2026-10-06 13:24:17,CLAS170,0103,Katherine Wasdin,21,21,0,2026-10-06 13:31:03,2026-10-06 13:31:03.166
2026-10-06 13:24:17,CLAS170,0104,Katherine Wasdin,21,21,0,2026-10-06 13:31:03,2026-10-06 13:31:03.166
2026-10-06 13:24:17,CLAS170,0105,Katherine Wasdin,21,21,0,2026-10-06 13:31:03,2026-10-06 13:31:03.166
2026-10-06 13:24:17,CLAS170,0106,Katherine Wasdin,21,21,0,2026-10-06 13:31:03,2026-10-06 13:31:03.166
2026-10-06 13:24:17,CLAS170,0107,Katherine Wasdin,21,21,0,2026-10-06 13:31:03,2026-10-06 13:31:03.167
2026-10-06 13:24:17,CLAS170,0108,Katherine Wasdin,21,21,0,2026-10-06 13:31:03,2026-10-06 13:31:03.167
2026-10-06 13:24:17,CLAS170,0109,Katherine Wasdin,21,21,0,2026-10-06 13:31:03,2026-10-06 13:31:03.167
2026-10-06 13:24:17,CLAS276,0101,Eric Adler,25,25,0,2026-10-06 13:31:03,2026-10-06 13:31:03.633
2026-10-06 13:24:17,CLAS276,0102,Eric Adler,25,25,0,2026-10-06 13:31:03,2026-10-06 13:31:03.633
2026-10-06 13:24:17,CLAS276,0103,Eric Adler,25,25,0,2026-10-06 13:31:03,2026-10-06 13:31:03.634
2026-10-06 13:24:17,CLAS276,0104,Eric Adler,25,25,0,2026-10-06 13:31:03,2026-10-06 13:31:03.634
2026-10-06 13:24:17,CLAS276,0105,Eric Adler,25,25,0,2026-10-06 13:31:03,2026-10-06 13:31:03.634
2026-10-06 13:24:17,CLAS276,0106,Eric Adler,25,25,0,2026-10-06 13:31:03,2026-10-06 13:31:03.634
2026-10-06 13:24:17,CLAS333,0101,Nathan Levine,35,35,0,2026-10-06 13:31:04,2026-10-06 13:31:04.051
2026-10-06 13:24:17,CLAS340,0101,Katherine Wasdin,35,35,0,2026-10-06 13:31:04,2026-10-06 13:31:04.484
2026-10-06 13:24:17,CMLT235,0101,Instructor: TBA,30,30,0,2026-10-06 13:31:06,2026-10-06 13:31:06.674
2026-10-06 13:24:17,CMLT270,0201,Instructor: TBA,30,30,0,2026-10-06 13:31:07,2026-10-06 13:31:07.105
2026-10-06 13:24:17,CMLT270,0301,Instructor: TBA,30,30,0,2026-10-06 13:31:07,2026-10-06 13:31:07.105
2026-10-06 13:24:17,CMLT275,0101,Instructor: TBA,30,30,0,2026-10-06 13:31:07,2026-10-06 13:31:07.522
2026-10-06 13:24:17,CMLT277,0101,Instructor: TBA,30,30,0,2026-10-06 13:31:07,2026-10-06 13:31:07.933
2026-10-06 13:24:17,CMLT280,0101,Eric Zakim,25,25,0,2026-10-06 13:31:08,2026-10-06 13:31:08.366
2026-10-06 13:24:17,CMLT280,0102,Eric Zakim,25,25,0,2026-10-06 13:31:08,2026-10-06 13:31:08.367
2026-10-06 13:24:17,CMLT280,0103,Eric Zakim,25,25,0,2026-10-06 13:31:08,2026-10-06 13:31:08.367
2026-10-06 13:24:17,CMLT280,0104,Eric Zakim,25,25,0,2026-10-06 13:31:08,2026-10-06 13:31:08.367
2026-10-06 13:24:17,CPBE101,0101,Oliver Schlake,75,75,0,2026-10-06 13:31:36,2026-10-06 13:31:36.390
2026-10-06 13:24:17,CPBE230,0101,Oliver Schlake,30,30,0,2026-10-06 13:31:36,2026-10-06 13:31:36.803
2026-10-06 13:24:17,CPBE240,0101,Oliver Schlake,20,20,0,2026-10-06 13:31:37,2026-10-06 13:31:37.221
2026-10-06 13:24:17,CPBE250,0101,Oliver Schlake,30,30,0,2026-10-06 13:31:37,2026-10-06 13:31:37.639
2026-10-06 13:24:17,CPCV101,0101,Julie Randolph,40,40,0,2026-10-06 13:31:39,2026-10-06 13:31:39.441
2026-10-06 13:24:17,CPCV101,0201,Julie Randolph,40,40,0,2026-10-06 13:31:39,2026-10-06 13:31:39.441
2026-10-06 13:24:17,CPCV230,0101,Korey Rothman,20,20,0,2026-10-06 13:31:39,2026-10-06 13:31:39.855
2026-10-06 13:24:17,CPCV230,0201,Korey Rothman,20,20,0,2026-10-06 13:31:39,2026-10-06 13:31:39.855
2026-10-06 13:24:17,CPDJ101,0101,Jess Feltner,75,75,0,2026-10-06 13:31:41,2026-10-06 13:31:41.597
2026-10-06 13:24:17,CPDJ230,0101,Jess Feltner,10,10,0,2026-10-06 13:31:42,2026-10-06 13:31:42.004
2026-10-06 13:24:17,CPDJ240,0101,Jess Feltner,8,8,0,2026-10-06 13:31:42,2026-10-06 13:31:42.421
2026-10-06 13:24:17,CPDJ250,0101,Jess Feltner,10,10,0,2026-10-06 13:31:42,2026-10-06 13:31:42.831
2026-10-06 13:24:17,CPET101,0101,Dani Moore,78,78,0,2026-10-06 13:31:44,2026-10-06 13:31:44.584
2026-10-06 13:24:17,CPET230,0101,Dani Moore,50,50,0,2026-10-06 13:31:45,2026-10-06 13:31:45.001
2026-10-06 13:24:17,CPET240,0101,Dani Moore,20,20,0,2026-10-06 13:31:45,2026-10-06 13:31:45.413
2026-10-06 13:24:17,CPET250,0101,Dani Moore,15,15,0,2026-10-06 13:31:45,2026-10-06 13:31:45.831
2026-10-06 13:24:17,CPGH101,0101,Angshuman Kashyap,75,75,0,2026-10-06 13:31:47,2026-10-06 13:31:47.591
2026-10-06 13:24:17,CPGH210,0101,Haley Clark,80,80,0,2026-10-06 13:31:48,2026-10-06 13:31:48.007
2026-10-06 13:24:17,CPGH230,0101,John Wiggins,30,30,0,2026-10-06 13:31:48,2026-10-06 13:31:48.425
2026-10-06 13:24:17,CPGH240,0101,John Wiggins,30,30,0,2026-10-06 13:31:48,2026-10-06 13:31:48.889
2026-10-06 13:24:17,CPGH250,0101,John Wiggins,25,25,0,2026-10-06 13:31:49,2026-10-06 13:31:49.297
2026-10-06 13:24:17,CPGH270,0101,John Wiggins,5,5,0,2026-10-06 13:31:49,2026-10-06 13:31:49.706
2026-10-06 13:24:17,CPJT101,0101,Justine DeCamillis,75,75,0,2026-10-06 13:31:51,2026-10-06 13:31:51.505
2026-10-06 13:24:17,CPJT230,0101,Justine DeCamillis,35,35,0,2026-10-06 13:31:51,2026-10-06 13:31:51.923
2026-10-06 13:24:17,CPJT240,0101,Justine DeCamillis,25,25,0,2026-10-06 13:31:52,2026-10-06 13:31:52.337
2026-10-06 13:24:17,CPJT250,0101,Victoria Worley,25,25,0,2026-10-06 13:31:52,2026-10-06 13:31:52.758
2026-10-06 13:24:17,CPMS101,0101,Alison Burns,75,75,0,2026-10-06 13:31:54,2026-10-06 13:31:54.508
2026-10-06 13:24:17,CPMS230,0101,Alison Burns,30,30,0,2026-10-06 13:31:54,2026-10-06 13:31:54.926
2026-10-06 13:24:17,CPMS240,0101,Alison Burns,15,15,0,2026-10-06 13:31:55,2026-10-06 13:31:55.341
2026-10-06 13:24:17,CPPL101,0101,Kelly Brower,75,75,0,2026-10-06 13:31:57,2026-10-06 13:31:57.096
2026-10-06 13:24:17,CPSA101,0101,Heather-Erin Bremenstuhl,75,75,0,2026-10-06 13:31:58,2026-10-06 13:31:58.825
2026-10-06 13:24:17,CPSA149,0101,Harold Burgess,20,20,0,2026-10-06 13:31:59,2026-10-06 13:31:59.234
2026-10-06 13:24:17,CPSA201,0101,Heather-Erin Bremenstuhl,75,75,0,2026-10-06 13:31:59,2026-10-06 13:31:59.644
2026-10-06 13:24:17,CPSA240,0101,Harold Burgess,15,15,0,2026-10-06 13:32:00,2026-10-06 13:32:00.183
2026-10-06 13:24:17,CPSA250,0101,Heather-Erin Bremenstuhl,10,10,0,2026-10-06 13:32:00,2026-10-06 13:32:00.600
2026-10-06 13:24:17,CPSA250,0201,Heather-Erin Bremenstuhl,10,10,0,2026-10-06 13:32:00,2026-10-06 13:32:00.600
2026-10-06 13:24:17,CPSA250,0301,Heather-Erin Bremenstuhl,10,10,0,2026-10-06 13:32:00,2026-10-06 13:32:00.600
2026-10-06 13:24:17,CPSA260,0101,Heather-Erin Bremenstuhl,10,10,0,2026-10-06 13:32:01,2026-10-06 13:32:01.030
2026-10-06 13:24:17,CPSA260,0201,Heather-Erin Bremenstuhl,10,10,0,2026-10-06 13:32:01,2026-10-06 13:32:01.030
2026-10-06 13:24:17,CPSA260,0301,Alexandra Lynch,10,10,0,2026-10-06 13:32:01,2026-10-06 13:32:01.030
2026-10-06 13:24:17,CPSF101,0101,Nicholas Fletcher,75,75,0,2026-10-06 13:32:02,2026-10-06 13:32:02.852
2026-10-06 13:24:17,CPSG101,0101,Thomas Holtz,75,75,0,2026-10-06 13:32:04,2026-10-06 13:32:04.632
2026-10-06 13:24:17,CPSG230,0101,John Merck,50,50,0,2026-10-06 13:32:05,2026-10-06 13:32:05.062
2026-10-06 13:24:17,CPSG240,0101,John Merck,25,25,0,2026-10-06 13:32:05,2026-10-06 13:32:05.466
2026-10-06 13:24:17,CPSG250,0101,John Merck,25,25,0,2026-10-06 13:32:05,2026-10-06 13:32:05.878
2026-10-06 13:24:17,CPSN101,0101,Hansol Kwak,75,75,0,2026-10-06 13:32:07,2026-10-06 13:32:07.645
2026-10-06 13:24:17,CPSN230,0101,Ellin Chung,40,40,0,2026-10-06 13:32:08,2026-10-06 13:32:08.054
2026-10-06 13:24:17,CPSN240,0101,Ellin Chung,15,15,0,2026-10-06 13:32:08,2026-10-06 13:32:08.448
2026-10-06 13:24:17,CPSN250,0101,Hansol Kwak,25,25,0,2026-10-06 13:32:08,2026-10-06 13:32:08.856
2026-10-06 13:24:17,CPSP110,0101,Instructor: TBA,18,18,0,2026-10-06 13:32:10,2026-10-06 13:32:10.632
2026-10-06 13:24:17,CPSP110,0201,Instructor: TBA,18,18,0,2026-10-06 13:32:10,2026-10-06 13:32:10.632
2026-10-06 13:24:17,CPSP110,0301,Instructor: TBA,18,18,0,2026-10-06 13:32:10,2026-10-06 13:32:10.632
2026-10-06 13:24:17,CPSP210,0101,Christine Alexander,20,20,0,2026-10-06 13:32:11,2026-10-06 13:32:11.047
2026-10-06 13:24:17,CPSP239A,0101,Heather-Erin Bremenstuhl,10,10,0,2026-10-06 13:32:11,2026-10-06 13:32:11.464
2026-10-06 13:24:17,CPSP259J,0101,Alison Burns,10,10,0,2026-10-06 13:32:11,2026-10-06 13:32:11.874
2026-10-06 13:24:17,CPSP279N,0101,Stacy Kosko,10,10,0,2026-10-06 13:32:12,2026-10-06 13:32:12.280
2026-10-06 13:24:17,CPSP339P,0101,Kelly Brower,15,15,0,2026-10-06 13:32:12,2026-10-06 13:32:12.689
2026-10-06 13:24:17,CPSP359G,0101,John Merck,25,25,0,2026-10-06 13:32:13,2026-10-06 13:32:13.107
2026-10-06 13:24:17,CPSP359S,0101,David Eubanks,24,24,0,2026-10-06 13:32:13,2026-10-06 13:32:13.529
2026-10-06 13:24:17,CPSP369E,0101,Tim Knight,7,7,0,2026-10-06 13:32:13,2026-10-06 13:32:13.941
2026-10-06 13:24:17,CPSP369E,0102,Tim Knight,5,5,0,2026-10-06 13:32:13,2026-10-06 13:32:13.941
2026-10-06 13:24:17,CPSS101,0101,Christine Alexander,75,75,0,2026-10-06 13:32:15,2026-10-06 13:32:15.689
2026-10-06 13:24:17,CPSS225,0101,Roan Parrish,20,20,0,2026-10-06 13:32:16,2026-10-06 13:32:16.116
2026-10-06 13:24:17,CPSS225,0201,Thomas Zeller,20,20,0,2026-10-06 13:32:16,2026-10-06 13:32:16.116
2026-10-06 13:24:17,CPSS240,0101,Timothy Reedy,25,25,0,2026-10-06 13:32:16,2026-10-06 13:32:16.537
2026-10-06 13:24:17,CPSS340,0101,Nicole Mogul,20,20,0,2026-10-06 13:32:16,2026-10-06 13:32:16.948
2026-10-06 13:24:17,DATA100,0111,Matthew Griffin,27,27,0,2026-10-06 13:32:35,2026-10-06 13:32:35.682
2026-10-06 13:24:17,DATA100,0112,Matthew Griffin,27,27,0,2026-10-06 13:32:35,2026-10-06 13:32:35.683
2026-10-06 13:24:17,DATA100,0121,Matthew Griffin,27,27,0,2026-10-06 13:32:35,2026-10-06 13:32:35.683
2026-10-06 13:24:17,DATA100,0122,Matthew Griffin,27,27,0,2026-10-06 13:32:35,2026-10-06 13:32:35.683
2026-10-06 13:24:17,DATA100,0123,Matthew Griffin,27,27,0,2026-10-06 13:32:35,2026-10-06 13:32:35.683
2026-10-06 13:24:17,DATA100,0131,Matthew Griffin,27,27,0,2026-10-06 13:32:35,2026-10-06 13:32:35.683
2026-10-06 13:24:17,DATA100,0211,Matthew Griffin,27,27,0,2026-10-06 13:32:35,2026-10-06 13:32:35.683
2026-10-06 13:24:17,DATA100,0212,Matthew Griffin,27,27,0,2026-10-06 13:32:35,2026-10-06 13:32:35.683
2026-10-06 13:24:17,DATA100,0221,Matthew Griffin,27,27,0,2026-10-06 13:32:35,2026-10-06 13:32:35.683
2026-10-06 13:24:17,DATA100,0222,Matthew Griffin,27,27,0,2026-10-06 13:32:35,2026-10-06 13:32:35.684
2026-10-06 13:24:17,DATA100,0223,Matthew Griffin,27,27,0,2026-10-06 13:32:35,2026-10-06 13:32:35.684
2026-10-06 13:24:17,DATA100,0224,Matthew Griffin,27,27,0,2026-10-06 13:32:35,2026-10-06 13:32:35.684
2026-10-06 13:24:17,DATA100,0231,Matthew Griffin,27,27,0,2026-10-06 13:32:35,2026-10-06 13:32:35.684
2026-10-06 13:24:17,DATA100,0241,Matthew Griffin,27,27,0,2026-10-06 13:32:35,2026-10-06 13:32:35.684
2026-10-06 13:24:17,DATA100,0242,Matthew Griffin,27,27,0,2026-10-06 13:32:35,2026-10-06 13:32:35.684
2026-10-06 13:24:17,DATA100,0311,Jonathan Fernandes,25,25,0,2026-10-06 13:32:35,2026-10-06 13:32:35.684
2026-10-06 13:24:17,DATA100,0312,Jonathan Fernandes,25,25,0,2026-10-06 13:32:35,2026-10-06 13:32:35.684
2026-10-06 13:24:17,DATA100,0321,Jonathan Fernandes,25,25,0,2026-10-06 13:32:35,2026-10-06 13:32:35.685
2026-10-06 13:24:17,DATA100,0322,Jonathan Fernandes,25,25,0,2026-10-06 13:32:35,2026-10-06 13:32:35.685
2026-10-06 13:24:17,DATA100,0323,Jonathan Fernandes,25,25,0,2026-10-06 13:32:35,2026-10-06 13:32:35.685
2026-10-06 13:24:17,DATA110,0101,Susan Mazzullo,310,310,0,2026-10-06 13:32:36,2026-10-06 13:32:36.108
2026-10-06 13:24:17,DATA120,0101,Fardina Alam,200,200,0,2026-10-06 13:32:37,2026-10-06 13:32:37.231
2026-10-06 13:24:17,DATA200,0101,Fardina Alam,90,90,0,2026-10-06 13:32:37,2026-10-06 13:32:37.635
2026-10-06 13:24:17,DATA250,0101,Todd Rowland,30,30,0,2026-10-06 13:32:38,2026-10-06 13:32:38.032
2026-10-06 13:24:17,DATA320,0101,Maksym Morawski,20,20,0,2026-10-06 13:32:38,2026-10-06 13:32:38.444
2026-10-06 13:24:17,DATA320,0201,Fardina Alam,20,20,0,2026-10-06 13:32:38,2026-10-06 13:32:38.444
2026-10-06 13:24:17,DATA320,0301,Anna Evtushenko,12,12,0,2026-10-06 13:32:38,2026-10-06 13:32:38.445
2026-10-06 13:24:17,DATA350,0101,Todd Rowland,30,30,0,2026-10-06 13:32:39,2026-10-06 13:32:39.064
2026-10-06 13:24:17,DATA350,0201,Raluca Rosca,30,30,0,2026-10-06 13:32:39,2026-10-06 13:32:39.064
2026-10-06 13:24:17,DATA400,0111,Archana Khurana,27,27,0,2026-10-06 13:32:39,2026-10-06 13:32:39.497
2026-10-06 13:24:17,DATA400,0121,Archana Khurana,27,27,0,2026-10-06 13:32:39,2026-10-06 13:32:39.498
2026-10-06 13:24:17,DATA400,0131,Archana Khurana,27,27,0,2026-10-06 13:32:39,2026-10-06 13:32:39.498
2026-10-06 13:24:17,DATA400,0211,Salman Safdar,27,27,0,2026-10-06 13:32:39,2026-10-06 13:32:39.498
2026-10-06 13:24:17,DATA400,0311,Shixin Zheng,27,27,0,2026-10-06 13:32:39,2026-10-06 13:32:39.498
2026-10-06 13:24:17,DATA400,0321,Shixin Zheng,27,27,0,2026-10-06 13:32:39,2026-10-06 13:32:39.498
2026-10-06 13:24:17,DATA400,0331,Shixin Zheng,27,27,0,2026-10-06 13:32:39,2026-10-06 13:32:39.498
2026-10-06 13:24:17,DATA400,0411,Mestiyage Gunatilleka,27,27,0,2026-10-06 13:32:39,2026-10-06 13:32:39.498
2026-10-06 13:24:17,DATA400,0421,Mestiyage Gunatilleka,27,27,0,2026-10-06 13:32:39,2026-10-06 13:32:39.498
2026-10-06 13:24:17,DATA400,0431,Mestiyage Gunatilleka,27,27,0,2026-10-06 13:32:39,2026-10-06 13:32:39.499
2026-10-06 13:24:17,EALL361,0101,Jyana Browne,20,20,0,2026-10-06 13:32:41,2026-10-06 13:32:41.236
2026-10-06 13:24:17,EDDI300,0101,Nicole Mehta,20,20,0,2026-10-06 13:32:57,2026-10-06 13:32:57.320
2026-10-06 13:24:17,EMBA788G,GX01,Judy Frels,31,31,0,2026-10-06 13:33:31,2026-10-06 13:33:31.079
2026-10-06 13:24:17,EMBA788V,GX01,Zhi-Long Chen,31,31,0,2026-10-06 13:33:31,2026-10-06 13:33:31.491
2026-10-06 13:24:17,ENAI603,0101,A Seyed,35,35,0,2026-10-06 13:33:46,2026-10-06 13:33:46.645
2026-10-06 13:24:17,ENAI603,AEC1,A Seyed,20,20,0,2026-10-06 13:33:46,2026-10-06 13:33:46.645
2026-10-06 13:24:17,ENBC312,ESG1,Kyunghun Lee,20,20,0,2026-10-06 13:33:48,2026-10-06 13:33:48.413
2026-10-06 13:24:17,ENBC321,ESG1,Jamasp Azarnoosh,20,20,0,2026-10-06 13:33:48,2026-10-06 13:33:48.828
2026-10-06 13:24:17,ENBC342,ESG1,Lan Ma,20,20,0,2026-10-06 13:33:49,2026-10-06 13:33:49.241
2026-10-06 13:24:17,ENBC351,ESG1,Jarred Callura,20,20,0,2026-10-06 13:33:49,2026-10-06 13:33:49.660
2026-10-06 13:24:17,ENBC352,ESG1,Jarred Callura,20,20,0,2026-10-06 13:33:50,2026-10-06 13:33:50.129
2026-10-06 13:24:17,ENBC403,ESG1,Jamasp Azarnoosh,20,20,0,2026-10-06 13:33:50,2026-10-06 13:33:50.533
2026-10-06 13:24:17,ENBC441,ESG1,Lan Ma,20,20,0,2026-10-06 13:33:50,2026-10-06 13:33:50.944
2026-10-06 13:24:17,ENBC455,ESG1,Jarred Callura,20,20,0,2026-10-06 13:33:51,2026-10-06 13:33:51.353
2026-10-06 13:24:17,ENBC491,ESG1,Lan Ma,20,20,0,2026-10-06 13:33:51,2026-10-06 13:33:51.763
2026-10-06 13:24:17,ENCO099,0101,Lizzy Solovey,200,200,0,2026-10-06 13:34:02,2026-10-06 13:34:02.989
2026-10-06 13:24:17,ENEB304,ESG1,Nestor Michael Tiglao,20,20,0,2026-10-06 13:34:04,2026-10-06 13:34:04.783
2026-10-06 13:24:17,ENEB345,ESG1,Nestor Michael Tiglao,20,20,0,2026-10-06 13:34:05,2026-10-06 13:34:05.197
2026-10-06 13:24:17,ENEB352,ESG1,Mohamed Hany,20,20,0,2026-10-06 13:34:05,2026-10-06 13:34:05.605
2026-10-06 13:24:17,ENEB353,ESG1,Manoj Franklin,20,20,0,2026-10-06 13:34:06,2026-10-06 13:34:06.056
2026-10-06 13:24:17,ENEB355,ESG1,Nestor Michael Tiglao,20,20,0,2026-10-06 13:34:06,2026-10-06 13:34:06.472
2026-10-06 13:24:17,ENEB408B,ESG1,Jerry Wu,20,20,0,2026-10-06 13:34:06,2026-10-06 13:34:06.886
2026-10-06 13:24:17,ENEB443,ESG1,George Zaki,20,20,0,2026-10-06 13:34:07,2026-10-06 13:34:07.308
2026-10-06 13:24:17,ENEB453,ESG1,Nestor Michael Tiglao,20,20,0,2026-10-06 13:34:07,2026-10-06 13:34:07.727
2026-10-06 13:24:17,ENEB455,ESG1,Jerry Wu,20,20,0,2026-10-06 13:34:08,2026-10-06 13:34:08.145
2026-10-06 13:24:17,ENEB456,ESG1,Nestor Michael Tiglao,20,20,0,2026-10-06 13:34:08,2026-10-06 13:34:08.565
2026-10-06 13:24:17,ENED037,0101,Hillary Owusu,20,20,0,2026-10-06 13:34:10,2026-10-06 13:34:10.342
2026-10-06 13:24:17,ENED290H,0101,Christopher Troilo,45,45,0,2026-10-06 13:34:10,2026-10-06 13:34:10.766
2026-10-06 13:24:17,ENED390H,0101,Natcha Thawesaengskulthai,45,45,0,2026-10-06 13:34:11,2026-10-06 13:34:11.177
2026-10-06 13:24:17,ENED394H,0101,Maria Bardossy,40,40,0,2026-10-06 13:34:11,2026-10-06 13:34:11.593
2026-10-06 13:24:17,ENED396,0101,Jessica Roffe,24,24,0,2026-10-06 13:34:12,2026-10-06 13:34:12.003
2026-10-06 13:24:17,ENED397,0101,Emily Marks,9,9,0,2026-10-06 13:34:12,2026-10-06 13:34:12.415
2026-10-06 13:24:17,ENED490H,0101,David Ashley,45,45,0,2026-10-06 13:34:12,2026-10-06 13:34:12.843
2026-10-06 13:24:17,ENED491,0101,Jessica Roffe,10,10,0,2026-10-06 13:34:13,2026-10-06 13:34:13.241
2026-10-06 13:24:17,ENMT313,ESG1,Nicholas Limparis,3,3,0,2026-10-06 13:35:42,2026-10-06 13:35:42.877
2026-10-06 13:24:17,ENMT332,ESG1,Norman Wereley,4,4,0,2026-10-06 13:35:43,2026-10-06 13:35:43.295
2026-10-06 13:24:17,ENMT362,ESG1,Young Choi,3,3,0,2026-10-06 13:35:43,2026-10-06 13:35:43.700
2026-10-06 13:24:17,ENMT372,ESG1,Gurtajbir Herr,3,3,0,2026-10-06 13:35:44,2026-10-06 13:35:44.118
2026-10-06 13:24:17,ENMT477,ESG1,Gurtajbir Herr,7,7,0,2026-10-06 13:35:44,2026-10-06 13:35:44.553
2026-10-06 13:24:17,ENMT488C,ESG1,Colleen Murray,7,7,0,2026-10-06 13:35:44,2026-10-06 13:35:44.978
2026-10-06 13:24:17,ENMT488P,ESG1,Colleen Murray,7,7,0,2026-10-06 13:35:45,2026-10-06 13:35:45.392
2026-10-06 13:24:17,ENMT488Z,ESG1,Nicholas Limparis,7,7,0,2026-10-06 13:35:45,2026-10-06 13:35:45.812
2026-10-06 13:24:17,ENSP102,0101,Joanna Goger,22,22,0,2026-10-06 13:36:02,2026-10-06 13:36:02.715
2026-10-06 13:24:17,ENSP102,0102,Joanna Goger,22,22,0,2026-10-06 13:36:02,2026-10-06 13:36:02.715
2026-10-06 13:24:17,ENSP102,0103,Joanna Goger,23,23,0,2026-10-06 13:36:02,2026-10-06 13:36:02.715
2026-10-06 13:24:17,ENSP102,0104,Joanna Goger,22,22,0,2026-10-06 13:36:02,2026-10-06 13:36:02.715
2026-10-06 13:24:17,ENSP102,0105,Joanna Goger,22,22,0,2026-10-06 13:36:02,2026-10-06 13:36:02.715
2026-10-06 13:24:17,ENSP102,0106,Joanna Goger,22,22,0,2026-10-06 13:36:02,2026-10-06 13:36:02.715
2026-10-06 13:24:17,ENSP102,0107,Joanna Goger,22,22,0,2026-10-06 13:36:02,2026-10-06 13:36:02.716
2026-10-06 13:24:17,ENSP306,0101,Caroline Boules,30,30,0,2026-10-06 13:36:03,2026-10-06 13:36:03.230
2026-10-06 13:24:17,ENSP330,0101,Joanna Goger,35,35,0,2026-10-06 13:36:03,2026-10-06 13:36:03.649
2026-10-06 13:24:17,ENSP342,0101,Annette Spivy,35,35,0,2026-10-06 13:36:04,2026-10-06 13:36:04.066
2026-10-06 13:24:17,ENSP370,0101,Arielle Wharton,30,30,0,2026-10-06 13:36:04,2026-10-06 13:36:04.498
2026-10-06 13:24:17,ENSP399R,0101,Melissa Kenney,15,15,0,2026-10-06 13:36:05,2026-10-06 13:36:05.791
2026-10-06 13:24:17,ENSP399R,0301,Instructor: TBA,15,15,0,2026-10-06 13:36:05,2026-10-06 13:36:05.791
2026-10-06 13:24:17,ENSP399R,0601,Annette Spivy,10,10,0,2026-10-06 13:36:05,2026-10-06 13:36:05.792
2026-10-06 13:24:17,ENSP399R,1001,Jennifer Mullinax,10,10,0,2026-10-06 13:36:05,2026-10-06 13:36:05.792
2026-10-06 13:24:17,ENSP400,0101,Caroline Boules,30,30,0,2026-10-06 13:36:06,2026-10-06 13:36:06.209
2026-10-06 13:24:17,ENSP400,0102,Annette Spivy,30,30,0,2026-10-06 13:36:06,2026-10-06 13:36:06.209
2026-10-06 13:24:17,ENSP400,0104,Colleen O'Donnell,20,20,0,2026-10-06 13:36:06,2026-10-06 13:36:06.209
2026-10-06 13:24:17,FGSM398,0101,Jayakumar Arasan,120,120,0,2026-10-06 13:36:38,2026-10-06 13:36:38.902
2026-10-06 13:24:17,FGSM398,0201,Jayakumar Arasan,120,120,0,2026-10-06 13:36:38,2026-10-06 13:36:38.902
2026-10-06 13:24:17,GEMS102,0101,David Lovell,180,180,0,2026-10-06 13:37:11,2026-10-06 13:37:11.836
2026-10-06 13:24:17,GEMS208D,0101,Allison Lansverk,1,1,0,2026-10-06 13:37:12,2026-10-06 13:37:12.244
2026-10-06 13:24:17,GEMS208E,0101,Allison Lansverk,18,18,0,2026-10-06 13:37:12,2026-10-06 13:37:12.674
2026-10-06 13:24:17,GEMS208F,0201,Allison Lansverk,12,12,0,2026-10-06 13:37:13,2026-10-06 13:37:13.084
2026-10-06 13:24:17,GEMS208J,0101,Allison Lansverk,24,24,0,2026-10-06 13:37:13,2026-10-06 13:37:13.495
2026-10-06 13:24:17,GEMS208K,0101,Allison Lansverk,30,30,0,2026-10-06 13:37:13,2026-10-06 13:37:13.910
2026-10-06 13:24:17,GEMS208P,0101,Allison Lansverk,15,15,0,2026-10-06 13:37:14,2026-10-06 13:37:14.326
2026-10-06 13:24:17,GEMS208Q,0201,Allison Lansverk,1,1,0,2026-10-06 13:37:14,2026-10-06 13:37:14.744
2026-10-06 13:24:17,GEMS296,0113,David Lovell,5,5,0,2026-10-06 13:37:15,2026-10-06 13:37:15.176
2026-10-06 13:24:17,GEMS297,0101,Instructor: TBA,14,14,0,2026-10-06 13:37:15,2026-10-06 13:37:15.632
2026-10-06 13:24:17,GEMS297,0102,Instructor: TBA,14,14,0,2026-10-06 13:37:15,2026-10-06 13:37:15.632
2026-10-06 13:24:17,GEMS297,0103,Instructor: TBA,14,14,0,2026-10-06 13:37:15,2026-10-06 13:37:15.632
2026-10-06 13:24:17,GEMS297,0104,Instructor: TBA,14,14,0,2026-10-06 13:37:15,2026-10-06 13:37:15.632
2026-10-06 13:24:17,GEMS297,0105,Instructor: TBA,14,14,0,2026-10-06 13:37:15,2026-10-06 13:37:15.632
2026-10-06 13:24:17,GEMS297,0106,Instructor: TBA,14,14,0,2026-10-06 13:37:15,2026-10-06 13:37:15.632
2026-10-06 13:24:17,GEMS297,0107,Instructor: TBA,14,14,0,2026-10-06 13:37:15,2026-10-06 13:37:15.632
2026-10-06 13:24:17,GEMS297,0108,Instructor: TBA,14,14,0,2026-10-06 13:37:15,2026-10-06 13:37:15.633
2026-10-06 13:24:17,GEMS297,0109,Instructor: TBA,14,14,0,2026-10-06 13:37:15,2026-10-06 13:37:15.633
2026-10-06 13:24:17,GEMS297,0110,Instructor: TBA,14,14,0,2026-10-06 13:37:15,2026-10-06 13:37:15.633
2026-10-06 13:24:17,GEMS297,0111,Instructor: TBA,14,14,0,2026-10-06 13:37:15,2026-10-06 13:37:15.633
2026-10-06 13:24:17,GEMS297,0112,Instructor: TBA,14,14,0,2026-10-06 13:37:15,2026-10-06 13:37:15.633
2026-10-06 13:24:17,GEMS297,0113,Instructor: TBA,14,14,0,2026-10-06 13:37:15,2026-10-06 13:37:15.633
2026-10-06 13:24:17,GEMS297,0114,Instructor: TBA,14,14,0,2026-10-06 13:37:15,2026-10-06 13:37:15.633
2026-10-06 13:24:17,GEMS297,0115,Instructor: TBA,5,5,0,2026-10-06 13:37:15,2026-10-06 13:37:15.633
2026-10-06 13:24:17,GEMS396,0113,David Lovell,5,5,0,2026-10-06 13:37:16,2026-10-06 13:37:16.090
2026-10-06 13:24:17,GEMS397,0101,Michael Humber,14,14,0,2026-10-06 13:37:16,2026-10-06 13:37:16.518
2026-10-06 13:24:17,GEMS397,0102,Seth Dickey,14,14,0,2026-10-06 13:37:16,2026-10-06 13:37:16.518
2026-10-06 13:24:17,GEMS397,0103,Cecilia Huertas Cerdeira,14,14,0,2026-10-06 13:37:16,2026-10-06 13:37:16.518
2026-10-06 13:24:17,GEMS397,0104,Rodolphe Gentili,14,14,0,2026-10-06 13:37:16,2026-10-06 13:37:16.518
2026-10-06 13:24:17,GEMS397,0105,Allison Reilly,14,14,0,2026-10-06 13:37:16,2026-10-06 13:37:16.518
2026-10-06 13:24:17,GEMS397,0106,Peter Sunderland,14,14,0,2026-10-06 13:37:16,2026-10-06 13:37:16.518
2026-10-06 13:24:17,GEMS397,0107,Brett Lacey,14,14,0,2026-10-06 13:37:16,2026-10-06 13:37:16.519
2026-10-06 13:24:17,GEMS397,0108,Natalia Buzulukova,14,14,0,2026-10-06 13:37:16,2026-10-06 13:37:16.519
2026-10-06 13:24:17,GEMS397,0109,Anil Deane,14,14,0,2026-10-06 13:37:16,2026-10-06 13:37:16.519
2026-10-06 13:24:17,GEMS397,0110,Colenso Speer,14,14,0,2026-10-06 13:37:16,2026-10-06 13:37:16.519
2026-10-06 13:24:17,GEMS397,0111,Alisa Clyne,14,14,0,2026-10-06 13:37:16,2026-10-06 13:37:16.519
2026-10-06 13:24:17,GEMS397,0112,Xin Zan,14,14,0,2026-10-06 13:37:16,2026-10-06 13:37:16.519
2026-10-06 13:24:17,GEMS397,0113,Instructor: TBA,14,14,0,2026-10-06 13:37:16,2026-10-06 13:37:16.519
2026-10-06 13:24:17,GEMS397,0114,David Lovell,5,5,0,2026-10-06 13:37:16,2026-10-06 13:37:16.519
2026-10-06 13:24:17,GEMS397,0115,David Lovell,5,5,0,2026-10-06 13:37:16,2026-10-06 13:37:16.520
2026-10-06 13:24:17,GEMS496,0113,David Lovell,5,5,0,2026-10-06 13:37:16,2026-10-06 13:37:16.924
2026-10-06 13:24:17,GEMS497,0101,Eric Haag,14,14,0,2026-10-06 13:37:17,2026-10-06 13:37:17.355
2026-10-06 13:24:17,GEMS497,0102,Mohammad Nayeem Teli,14,14,0,2026-10-06 13:37:17,2026-10-06 13:37:17.355
2026-10-06 13:24:17,GEMS497,0103,Norberto Gonzalez- Juarbe,14,14,0,2026-10-06 13:37:17,2026-10-06 13:37:17.355
2026-10-06 13:24:17,GEMS497,0104,Abhinav Shrivastava,14,14,0,2026-10-06 13:37:17,2026-10-06 13:37:17.356
2026-10-06 13:24:17,GEMS497,0105,Hector Alcala,14,14,0,2026-10-06 13:37:17,2026-10-06 13:37:17.356
2026-10-06 13:24:17,GEMS497,0106,Massimo Ricotti,14,14,0,2026-10-06 13:37:17,2026-10-06 13:37:17.356
2026-10-06 13:24:17,GEMS497,0107,Reza Ghodssi,14,14,0,2026-10-06 13:37:17,2026-10-06 13:37:17.356
2026-10-06 13:24:17,GEMS497,0108,Nikhil Chopra,14,14,0,2026-10-06 13:37:17,2026-10-06 13:37:17.356
2026-10-06 13:24:17,GEMS497,0109,Kimberly Stroka,14,14,0,2026-10-06 13:37:17,2026-10-06 13:37:17.356
2026-10-06 13:24:17,GEMS497,0110,Gorjan Alagic,14,14,0,2026-10-06 13:37:17,2026-10-06 13:37:17.356
2026-10-06 13:24:17,GEMS497,0111,Alisa Clyne,14,14,0,2026-10-06 13:37:17,2026-10-06 13:37:17.356
2026-10-06 13:24:17,GEMS497,0112,Xin Zan,14,14,0,2026-10-06 13:37:17,2026-10-06 13:37:17.357
2026-10-06 13:24:17,GEMS497,0113,David Lovell,14,14,0,2026-10-06 13:37:17,2026-10-06 13:37:17.357
2026-10-06 13:24:17,GEMS497,0114,David Lovell,14,14,0,2026-10-06 13:37:17,2026-10-06 13:37:17.357
2026-10-06 13:24:17,GFPL100,0101,Alec Worsnop,21,21,0,2026-10-06 13:37:50,2026-10-06 13:37:50.784
2026-10-06 13:24:17,GFPL100,0102,Alec Worsnop,21,21,0,2026-10-06 13:37:50,2026-10-06 13:37:50.784
2026-10-06 13:24:17,GFPL100,0103,Alec Worsnop,21,21,0,2026-10-06 13:37:50,2026-10-06 13:37:50.785
2026-10-06 13:24:17,GFPL100,0104,Alec Worsnop,21,21,0,2026-10-06 13:37:50,2026-10-06 13:37:50.785
2026-10-06 13:24:17,GFPL100,0105,Alec Worsnop,21,21,0,2026-10-06 13:37:50,2026-10-06 13:37:50.785
2026-10-06 13:24:17,GFPL100,0106,Alec Worsnop,20,20,0,2026-10-06 13:37:50,2026-10-06 13:37:50.785
2026-10-06 13:24:17,GFPL102,0101,Caroline Ritter,95,95,0,2026-10-06 13:37:51,2026-10-06 13:37:51.210
2026-10-06 13:24:17,GFPL372,0101,Devin Entrikin,40,40,0,2026-10-06 13:37:51,2026-10-06 13:37:51.619
2026-10-06 13:24:17,GLBC200,0101,Parker Brookie,30,30,0,2026-10-06 13:37:53,2026-10-06 13:37:53.369
2026-10-06 13:24:17,GLBC360,0101,Hester Baer,30,30,0,2026-10-06 13:37:53,2026-10-06 13:37:53.777
2026-10-06 13:24:17,HACS101,0101,Michel Cukier,35,35,0,2026-10-06 13:38:26,2026-10-06 13:38:26.913
2026-10-06 13:24:17,HACS101,0201,Michel Cukier,35,35,0,2026-10-06 13:38:26,2026-10-06 13:38:26.914
2026-10-06 13:24:17,HACS201,0101,Bertrand Sobesto,26,26,0,2026-10-06 13:38:27,2026-10-06 13:38:27.330
2026-10-06 13:24:17,HACS208A,0101,Lawrence Gordon,20,20,0,2026-10-06 13:38:27,2026-10-06 13:38:27.745
2026-10-06 13:24:17,HACS208E,0101,Ian Serbin,26,26,0,2026-10-06 13:38:28,2026-10-06 13:38:28.161
2026-10-06 13:24:17,HACS208Z,0101,Zulema Belyeu,30,30,0,2026-10-06 13:38:28,2026-10-06 13:38:28.585
2026-10-06 13:24:17,HACS297,0101,Sarah Herberger,25,25,0,2026-10-06 13:38:29,2026-10-06 13:38:29.827
2026-10-06 13:24:17,HACS318A,0101,Lindsey Schrott,75,75,0,2026-10-06 13:38:30,2026-10-06 13:38:30.251
2026-10-06 13:24:17,HACS408C,0101,Lamia Zia,26,26,0,2026-10-06 13:38:30,2026-10-06 13:38:30.668
2026-10-06 13:24:17,HACS408P,0101,Firoozeh Rahimian,26,26,0,2026-10-06 13:38:31,2026-10-06 13:38:31.087
2026-10-06 13:24:17,HACS408T,0101,Kevin Bock,30,30,0,2026-10-06 13:38:31,2026-10-06 13:38:31.509
2026-10-06 13:24:17,HACS408V,0101,Edward Condon,30,30,0,2026-10-06 13:38:31,2026-10-06 13:38:31.907
2026-10-06 13:24:17,HACS497,0101,Cassie Harrington,25,25,0,2026-10-06 13:38:32,2026-10-06 13:38:32.737
2026-10-06 13:24:17,HACS498,0101,Thomas Woods,10,10,0,2026-10-06 13:38:33,2026-10-06 13:38:33.165
2026-10-06 13:24:17,HACS498,0201,Neal Ziring,18,18,0,2026-10-06 13:38:33,2026-10-06 13:38:33.165
2026-10-06 13:24:17,HACS498,0301,Michel Cukier,4,4,0,2026-10-06 13:38:33,2026-10-06 13:38:33.165
2026-10-06 13:24:17,HBUS105,0101,Daniel McCarthy,35,35,0,2026-10-06 13:38:34,2026-10-06 13:38:34.904
2026-10-06 13:24:17,HBUS105,0201,Daniel McCarthy,35,35,0,2026-10-06 13:38:34,2026-10-06 13:38:34.904
2026-10-06 13:24:17,HBUS205,0101,Nicole Coomber,30,30,0,2026-10-06 13:38:35,2026-10-06 13:38:35.315
2026-10-06 13:24:17,HBUS205,0201,Nicole Coomber,30,30,0,2026-10-06 13:38:35,2026-10-06 13:38:35.316
2026-10-06 13:24:17,HDCC106,0101,Jeffrey Everett,13,13,0,2026-10-06 13:38:37,2026-10-06 13:38:37.088
2026-10-06 13:24:17,HDCC106,0201,William Evans,13,13,0,2026-10-06 13:38:37,2026-10-06 13:38:37.088
2026-10-06 13:24:17,HDCC106,0301,Grant Bollmer,13,13,0,2026-10-06 13:38:37,2026-10-06 13:38:37.088
2026-10-06 13:24:17,HDCC106,0401,Cliff Bakalian,13,13,0,2026-10-06 13:38:37,2026-10-06 13:38:37.088
2026-10-06 13:24:17,HDCC106,0501,Katherine Izsak,13,13,0,2026-10-06 13:38:37,2026-10-06 13:38:37.088
2026-10-06 13:24:17,HDCC209B,0101,Katherine Macyshyn,16,16,0,2026-10-06 13:38:37,2026-10-06 13:38:37.503
2026-10-06 13:24:17,HDCC209C,0101,Josue Porras-Fernandez,16,16,0,2026-10-06 13:38:37,2026-10-06 13:38:37.912
2026-10-06 13:24:17,HDCC209D,0101,Kaisha Snowden,16,16,0,2026-10-06 13:38:38,2026-10-06 13:38:38.320
2026-10-06 13:24:17,HDCC209E,0101,Antwon Key,16,16,0,2026-10-06 13:38:38,2026-10-06 13:38:38.751
2026-10-06 13:24:17,HEBR107,0101,Avital Karpman,15,15,0,2026-10-06 13:38:40,2026-10-06 13:38:40.934
2026-10-06 13:24:17,HEBR107,0201,Avital Karpman,15,15,0,2026-10-06 13:38:40,2026-10-06 13:38:40.934
2026-10-06 13:24:17,HEBR207,0101,Avital Karpman,15,15,0,2026-10-06 13:38:41,2026-10-06 13:38:41.352
2026-10-06 13:24:17,HEBR249A,0101,Aliza Sandalon,15,15,0,2026-10-06 13:38:41,2026-10-06 13:38:41.761
2026-10-06 13:24:17,HEBR314,0101,Aliza Sandalon,20,20,0,2026-10-06 13:38:42,2026-10-06 13:38:42.175
2026-10-06 13:24:17,HEBR488,0101,Bernard Cooperman,10,10,0,2026-10-06 13:38:43,2026-10-06 13:38:43.006
2026-10-06 13:24:17,HEBR488,0102,Aner Tal,10,10,0,2026-10-06 13:38:43,2026-10-06 13:38:43.006
2026-10-06 13:24:17,HGLO298,0101,Daniel Tuke,30,30,0,2026-10-06 13:39:12,2026-10-06 13:39:12.991
2026-10-06 13:24:17,HHUM106,0101,Sarah Humud,17,17,0,2026-10-06 13:39:14,2026-10-06 13:39:14.753
2026-10-06 13:24:17,HHUM106,0102,Sarah Humud,17,17,0,2026-10-06 13:39:14,2026-10-06 13:39:14.754
2026-10-06 13:24:17,HHUM106,0103,Sarah Humud,17,17,0,2026-10-06 13:39:14,2026-10-06 13:39:14.754
2026-10-06 13:24:17,HHUM106,0104,Sarah Humud,17,17,0,2026-10-06 13:39:14,2026-10-06 13:39:14.754
2026-10-06 13:24:17,HHUM206,0101,Sarah Humud,15,15,0,2026-10-06 13:39:15,2026-10-06 13:39:15.183
2026-10-06 13:24:17,HHUM206,0102,Sarah Humud,15,15,0,2026-10-06 13:39:15,2026-10-06 13:39:15.183
2026-10-06 13:24:17,HHUM206,0103,Sarah Humud,15,15,0,2026-10-06 13:39:15,2026-10-06 13:39:15.183
2026-10-06 13:24:17,HHUM206,0104,Sarah Humud,15,15,0,2026-10-06 13:39:15,2026-10-06 13:39:15.183
2026-10-06 13:24:17,HHUM328,0101,Sarah Humud,20,20,0,2026-10-06 13:39:15,2026-10-06 13:39:15.591
2026-10-06 13:24:17,HHUM329,0101,Sarah Humud,5,5,0,2026-10-06 13:39:16,2026-10-06 13:39:16.005
2026-10-06 13:24:17,HISP200,0101,Stefan Woehlke,22,22,0,2026-10-06 13:39:17,2026-10-06 13:39:17.815
2026-10-06 13:24:17,HISP200,0102,Stefan Woehlke,22,22,0,2026-10-06 13:39:17,2026-10-06 13:39:17.815
2026-10-06 13:24:17,HISP200,0103,Stefan Woehlke,22,22,0,2026-10-06 13:39:17,2026-10-06 13:39:17.815
2026-10-06 13:24:17,HISP200,0104,Stefan Woehlke,22,22,0,2026-10-06 13:39:17,2026-10-06 13:39:17.815
2026-10-06 13:24:17,HISP200,0105,Stefan Woehlke,22,22,0,2026-10-06 13:39:17,2026-10-06 13:39:17.815
2026-10-06 13:24:17,HISP319E,0101,Michelle Magalong,20,20,0,2026-10-06 13:39:18,2026-10-06 13:39:18.224
2026-10-06 13:24:17,HISP319S,0101,Michelle Magalong,30,30,0,2026-10-06 13:39:18,2026-10-06 13:39:18.667
2026-10-06 13:24:17,HISP619E,0101,Michelle Magalong,24,24,0,2026-10-06 13:39:19,2026-10-06 13:39:19.102
2026-10-06 13:24:17,HISP619O,0101,Stefan Woehlke,5,5,0,2026-10-06 13:39:19,2026-10-06 13:39:19.518
2026-10-06 13:24:17,HISP630,0101,Rhonda Sincavage,15,15,0,2026-10-06 13:39:19,2026-10-06 13:39:19.938
2026-10-06 13:24:17,HISP635,0101,Eola Dance,10,10,0,2026-10-06 13:39:20,2026-10-06 13:39:20.342
2026-10-06 13:24:17,HISP640,0101,Frederick Stachura,15,15,0,2026-10-06 13:39:20,2026-10-06 13:39:20.769
2026-10-06 13:24:17,HISP655,0101,Donald Linebaugh,15,15,0,2026-10-06 13:39:21,2026-10-06 13:39:21.186
2026-10-06 13:24:17,HISP660,0101,Instructor: TBA,15,15,0,2026-10-06 13:39:21,2026-10-06 13:39:21.602
2026-10-06 13:24:17,HISP670,0101,Alfonso Narvaez,15,15,0,2026-10-06 13:39:22,2026-10-06 13:39:22.017
2026-10-06 13:24:17,HISP690,0101,Donald Linebaugh,15,15,0,2026-10-06 13:39:22,2026-10-06 13:39:22.450
2026-10-06 13:24:17,HISP701,0101,Instructor: TBA,5,5,0,2026-10-06 13:39:22,2026-10-06 13:39:22.875
2026-10-06 13:24:17,HISP710,0101,Susan Kern,15,15,0,2026-10-06 13:39:23,2026-10-06 13:39:23.301
2026-10-06 13:24:17,HISP711,0101,Susan Kern,15,15,0,2026-10-06 13:39:23,2026-10-06 13:39:23.710
2026-10-06 13:24:17,HLSC102,0101,Sabrina Kramer,94,94,0,2026-10-06 13:40:03,2026-10-06 13:40:03.394
2026-10-06 13:24:17,HLSC102,0102,Jalah Townsend,35,35,0,2026-10-06 13:40:03,2026-10-06 13:40:03.394
2026-10-06 13:24:17,HLSC227,0101,Najib El-Sayed,25,25,0,2026-10-06 13:40:03,2026-10-06 13:40:03.823
2026-10-06 13:24:17,HLSC322,0101,Leslie Pick,23,23,0,2026-10-06 13:40:04,2026-10-06 13:40:04.270
2026-10-06 13:24:17,HLSC322,0102,Leslie Pick,23,23,0,2026-10-06 13:40:04,2026-10-06 13:40:04.271
2026-10-06 13:24:17,HLSC322,0103,Sabrina Kramer,23,23,0,2026-10-06 13:40:04,2026-10-06 13:40:04.271
2026-10-06 13:24:17,HLSC322,0104,Sabrina Kramer,23,23,0,2026-10-06 13:40:04,2026-10-06 13:40:04.271
2026-10-06 13:24:17,HLSC329,0101,Sabrina Kramer,12,12,0,2026-10-06 13:40:04,2026-10-06 13:40:04.715
2026-10-06 13:24:17,HNUH100,0101,Max Barnewitz,10,10,0,2026-10-06 13:40:25,2026-10-06 13:40:25.026
2026-10-06 13:24:17,HNUH218D,0101,Brian Gilmore,50,50,0,2026-10-06 13:40:25,2026-10-06 13:40:25.440
2026-10-06 13:24:17,HNUH218L,0101,Shauna Rigaud,20,20,0,2026-10-06 13:40:25,2026-10-06 13:40:25.864
2026-10-06 13:24:17,HNUH218L,0201,Shauna Rigaud,20,20,0,2026-10-06 13:40:25,2026-10-06 13:40:25.864
2026-10-06 13:24:17,HNUH218M,0101,Ebonie Johnson Cooper,20,20,0,2026-10-06 13:40:26,2026-10-06 13:40:26.292
2026-10-06 13:24:17,HNUH218N,0101,Sujith Kumar,20,20,0,2026-10-06 13:40:26,2026-10-06 13:40:26.696
2026-10-06 13:24:17,HNUH228D,0101,Matthew McLaughlin,60,60,0,2026-10-06 13:40:27,2026-10-06 13:40:27.106
2026-10-06 13:24:17,HNUH228L,0101,Alena Wigodner,20,20,0,2026-10-06 13:40:27,2026-10-06 13:40:27.519
2026-10-06 13:24:17,HNUH228L,0201,Alena Wigodner,20,20,0,2026-10-06 13:40:27,2026-10-06 13:40:27.519
2026-10-06 13:24:17,HNUH228M,0101,Ted Baker,20,20,0,2026-10-06 13:40:27,2026-10-06 13:40:27.942
2026-10-06 13:24:17,HNUH229P,0101,Tyson Slocum,20,20,0,2026-10-06 13:40:28,2026-10-06 13:40:28.358
2026-10-06 13:24:17,HNUH238D,0101,Susan Moeller,60,60,0,2026-10-06 13:40:28,2026-10-06 13:40:28.785
2026-10-06 13:24:17,HNUH238L,0101,Kimberly Johnson,20,20,0,2026-10-06 13:40:29,2026-10-06 13:40:29.201
2026-10-06 13:24:17,HNUH238L,0201,Kimberly Johnson,20,20,0,2026-10-06 13:40:29,2026-10-06 13:40:29.201
2026-10-06 13:24:17,HNUH238M,0101,Daniel Reck,20,20,0,2026-10-06 13:40:29,2026-10-06 13:40:29.614
2026-10-06 13:24:17,HNUH239I,0101,Jon Crocker,20,20,0,2026-10-06 13:40:30,2026-10-06 13:40:30.029
2026-10-06 13:24:17,HNUH248D,0101,Juan Uriagereka,45,45,0,2026-10-06 13:40:30,2026-10-06 13:40:30.693
2026-10-06 13:24:17,HNUH248L,0101,Robert Graham,20,20,0,2026-10-06 13:40:31,2026-10-06 13:40:31.325
2026-10-06 13:24:17,HNUH249T,0101,Daniel Rosenthal,20,20,0,2026-10-06 13:40:32,2026-10-06 13:40:32.144
2026-10-06 13:24:17,HNUH258C,0101,Bill Fagan,55,55,0,2026-10-06 13:40:32,2026-10-06 13:40:32.786
2026-10-06 13:24:17,HNUH258O,0101,Amy Green,20,20,0,2026-10-06 13:40:33,2026-10-06 13:40:33.195
2026-10-06 13:24:17,HNUH259T,0101,Ingrid Satelmajer,20,20,0,2026-10-06 13:40:33,2026-10-06 13:40:33.711
2026-10-06 13:24:17,HNUH268C,0101,Perla Guerrero,60,60,0,2026-10-06 13:40:34,2026-10-06 13:40:34.325
2026-10-06 13:24:17,HNUH268Q,0101,Binod Paudyal,20,20,0,2026-10-06 13:40:34,2026-10-06 13:40:34.944
2026-10-06 13:24:17,HNUH268R,0201,Vasfiye Toprak,20,20,0,2026-10-06 13:40:35,2026-10-06 13:40:35.751
2026-10-06 13:24:17,HNUH269T,0101,James Stillwell,20,20,0,2026-10-06 13:40:36,2026-10-06 13:40:36.853
2026-10-06 13:24:17,HNUH278C,0101,Chinyere Osuji,60,60,0,2026-10-06 13:40:37,2026-10-06 13:40:37.263
2026-10-06 13:24:17,HNUH278I,0101,Marisa Franco,20,20,0,2026-10-06 13:40:37,2026-10-06 13:40:37.675
2026-10-06 13:24:17,HNUH278I,0201,Marisa Franco,20,20,0,2026-10-06 13:40:37,2026-10-06 13:40:37.675
2026-10-06 13:24:17,HNUH278O,0101,DeNeen Brown,20,20,0,2026-10-06 13:40:38,2026-10-06 13:40:38.304
2026-10-06 13:24:17,HNUH278Q,0101,Katherine Coogan,20,20,0,2026-10-06 13:40:38,2026-10-06 13:40:38.723
2026-10-06 13:24:17,HNUH278R,0101,Max Barnewitz,20,20,0,2026-10-06 13:40:39,2026-10-06 13:40:39.137
2026-10-06 13:24:17,HNUH288C,0101,Julia Steinberg,30,30,0,2026-10-06 13:40:39,2026-10-06 13:40:39.549
2026-10-06 13:24:17,HNUH288C,0102,Julia Steinberg,30,30,0,2026-10-06 13:40:39,2026-10-06 13:40:39.550
2026-10-06 13:24:17,HNUH288O,0101,Ariana Nash,20,20,0,2026-10-06 13:40:39,2026-10-06 13:40:39.983
2026-10-06 13:24:17,HNUH300,0201,Vasfiye Toprak,20,20,0,2026-10-06 13:40:40,2026-10-06 13:40:40.400
2026-10-06 13:24:17,HNUH300,0301,Shauna Rigaud,20,20,0,2026-10-06 13:40:40,2026-10-06 13:40:40.400
2026-10-06 13:24:17,HNUH300,0401,Vasfiye Toprak,20,20,0,2026-10-06 13:40:40,2026-10-06 13:40:40.400
2026-10-06 13:24:17,HNUH300,0501,Ingrid Satelmajer,20,20,0,2026-10-06 13:40:40,2026-10-06 13:40:40.400
2026-10-06 13:24:17,HNUH300,0701,Jordan Johnson,20,20,0,2026-10-06 13:40:40,2026-10-06 13:40:40.400
2026-10-06 13:24:17,HNUH300,0801,Instructor: TBA,20,20,0,2026-10-06 13:40:40,2026-10-06 13:40:40.400
2026-10-06 13:24:17,HNUH300,0901,Alena Wigodner,20,20,0,2026-10-06 13:40:40,2026-10-06 13:40:40.400
2026-10-06 13:24:17,HNUH300,1001,Robert Graham,20,20,0,2026-10-06 13:40:40,2026-10-06 13:40:40.401
2026-10-06 13:24:17,HNUH300,1101,Max Barnewitz,20,20,0,2026-10-06 13:40:40,2026-10-06 13:40:40.401
2026-10-06 13:24:17,HNUH398P,0101,Jayakumar Arasan,120,120,0,2026-10-06 13:40:41,2026-10-06 13:40:41.034
2026-10-06 13:24:17,HNUH398P,0201,Jayakumar Arasan,120,120,0,2026-10-06 13:40:41,2026-10-06 13:40:41.034
2026-10-06 13:24:17,HONR379W,0101,Blake Wilder,15,15,0,2026-10-06 13:40:42,2026-10-06 13:40:42.786
2026-10-06 13:24:17,IDEA201,0101,Mira Azarm,20,20,0,2026-10-06 13:40:44,2026-10-06 13:40:44.546
2026-10-06 13:24:17,IDEA201,0102,Christina Hnatov,10,10,0,2026-10-06 13:40:44,2026-10-06 13:40:44.546
2026-10-06 13:24:17,IDEA201,0103,Brooke Smith,60,60,0,2026-10-06 13:40:44,2026-10-06 13:40:44.546
2026-10-06 13:24:17,IDEA201,0104,Brooke Smith,60,60,0,2026-10-06 13:40:44,2026-10-06 13:40:44.546
2026-10-06 13:24:17,IDEA311,0101,Brooke Smith,40,40,0,2026-10-06 13:40:45,2026-10-06 13:40:45.170
2026-10-06 13:24:17,IDEA311,0102,Brooke Smith,15,15,0,2026-10-06 13:40:45,2026-10-06 13:40:45.170
2026-10-06 13:24:17,IDEA312,0101,Meredith Kaunitz,15,15,0,2026-10-06 13:40:45,2026-10-06 13:40:45.587
2026-10-06 13:24:17,IMDM101,0101,Stevens Miller,30,30,0,2026-10-06 13:40:48,2026-10-06 13:40:48.198
2026-10-06 13:24:17,IMDM101,0201,Stevens Miller,30,30,0,2026-10-06 13:40:48,2026-10-06 13:40:48.199
2026-10-06 13:24:17,IMDM101,0301,Myungin Lee,30,30,0,2026-10-06 13:40:48,2026-10-06 13:40:48.199
2026-10-06 13:24:17,IMDM127,0101,Matthew Nolan,30,30,0,2026-10-06 13:40:48,2026-10-06 13:40:48.661
2026-10-06 13:24:17,IMDM150,0101,Cy Keener,45,45,0,2026-10-06 13:40:49,2026-10-06 13:40:49.291
2026-10-06 13:24:17,IMDM290,0101,Myungin Lee,30,30,0,2026-10-06 13:40:49,2026-10-06 13:40:49.710
2026-10-06 13:24:17,IMDM290,0201,Myungin Lee,30,30,0,2026-10-06 13:40:49,2026-10-06 13:40:49.710
2026-10-06 13:24:17,IMDM351,0101,Georgia Creson,15,15,0,2026-10-06 13:41:02,2026-10-06 13:41:02.603
2026-10-06 13:24:17,IMDM390,0101,Stefano Passeri,30,30,0,2026-10-06 13:41:03,2026-10-06 13:41:03.031
2026-10-06 13:24:17,IMDM390,0201,Stefano Passeri,30,30,0,2026-10-06 13:41:03,2026-10-06 13:41:03.031
2026-10-06 13:24:17,IMDM491,0101,Matthew Nolan,30,30,0,2026-10-06 13:41:03,2026-10-06 13:41:03.917
2026-10-06 13:24:17,IMDM491,0201,Matthew Nolan,30,30,0,2026-10-06 13:41:03,2026-10-06 13:41:03.917
2026-10-06 13:24:17,IMDM498I,0101,Snehesh Shrestha,16,16,0,2026-10-06 13:41:04,2026-10-06 13:41:04.326
2026-10-06 13:24:17,IMDM498J,0101,Yael Inbar,15,15,0,2026-10-06 13:41:04,2026-10-06 13:41:04.766
2026-10-06 13:24:17,IMMR200,0101,Instructor: TBA,40,40,0,2026-10-06 13:41:06,2026-10-06 13:41:06.960
2026-10-06 13:24:17,IMMR394,0101,Wenxi Yang,25,25,0,2026-10-06 13:41:07,2026-10-06 13:41:07.366
2026-10-06 13:24:17,IMMR399,0101,Christina Getrich,1,1,0,2026-10-06 13:41:34,2026-10-06 13:41:34.513
2026-10-06 13:24:17,INFM612,IM01,Instructor: TBA,40,40,0,2026-10-06 13:41:42,2026-10-06 13:41:42.358
2026-10-06 13:24:17,INFM737,IM01,David Loshin,40,40,0,2026-10-06 13:41:42,2026-10-06 13:41:42.772
2026-10-06 13:24:17,ISRL187,0101,Bernard Cooperman,23,23,0,2026-10-06 13:42:20,2026-10-06 13:42:20.624
2026-10-06 13:24:17,ISRL187,0102,Bernard Cooperman,23,23,0,2026-10-06 13:42:20,2026-10-06 13:42:20.625
2026-10-06 13:24:17,ISRL187,0103,Bernard Cooperman,23,23,0,2026-10-06 13:42:20,2026-10-06 13:42:20.625
2026-10-06 13:24:17,ISRL249O,0101,Aner Tal,35,35,0,2026-10-06 13:42:21,2026-10-06 13:42:21.045
2026-10-06 13:24:17,ISRL249P,0101,Aliza Sandalon,15,15,0,2026-10-06 13:42:21,2026-10-06 13:42:21.461
2026-10-06 13:24:17,ISRL282,0101,Shirelle Doughty,30,30,0,2026-10-06 13:42:21,2026-10-06 13:42:21.870
2026-10-06 13:24:17,ISRL329D,0101,Regev Ben-David,35,35,0,2026-10-06 13:42:22,2026-10-06 13:42:22.303
2026-10-06 13:24:17,ISRL329Y,0101,Marwa Maziad,30,30,0,2026-10-06 13:42:22,2026-10-06 13:42:22.709
2026-10-06 13:24:17,ISRL342,0101,Elli Lieberman,35,35,0,2026-10-06 13:42:23,2026-10-06 13:42:23.134
2026-10-06 13:24:17,ISRL349N,0101,Morad Elsana,30,30,0,2026-10-06 13:42:23,2026-10-06 13:42:23.557
2026-10-06 13:24:17,ISRL349W,0101,Avital Karpman,35,35,0,2026-10-06 13:42:23,2026-10-06 13:42:23.983
2026-10-06 13:24:17,ISRL372,0101,Shirelle Doughty,30,30,0,2026-10-06 13:42:24,2026-10-06 13:42:24.396
2026-10-06 13:24:17,ISRL380,0101,Regev Ben-David,35,35,0,2026-10-06 13:42:24,2026-10-06 13:42:24.801
2026-10-06 13:24:17,ISRL383,0101,Ilai Saltzman,35,35,0,2026-10-06 13:42:25,2026-10-06 13:42:25.253
2026-10-06 13:24:17,JAPN102,0101,Kumiko Akikawa,15,15,0,2026-10-06 13:42:30,2026-10-06 13:42:30.229
2026-10-06 13:24:17,JAPN102,0201,Kumiko Akikawa,15,15,0,2026-10-06 13:42:30,2026-10-06 13:42:30.229
2026-10-06 13:24:17,JAPN202,0101,Makiko Inoue,15,15,0,2026-10-06 13:42:30,2026-10-06 13:42:30.642
2026-10-06 13:24:17,JAPN202,0201,Makiko Inoue,15,15,0,2026-10-06 13:42:30,2026-10-06 13:42:30.642
2026-10-06 13:24:17,JAPN302,0101,Mari Hamada,15,15,0,2026-10-06 13:42:31,2026-10-06 13:42:31.076
2026-10-06 13:24:17,JAPN306,0101,Lindsay Yotsukura,15,15,0,2026-10-06 13:42:31,2026-10-06 13:42:31.485
2026-10-06 13:24:17,JAPN335,0101,Michele Mason,20,20,0,2026-10-06 13:42:31,2026-10-06 13:42:31.893
2026-10-06 13:24:17,JAPN355,0101,Jyana Browne,20,20,0,2026-10-06 13:42:32,2026-10-06 13:42:32.313
2026-10-06 13:24:17,JAPN361,0101,Jyana Browne,20,20,0,2026-10-06 13:42:32,2026-10-06 13:42:32.728
2026-10-06 13:24:17,JAPN425,0101,Michele Mason,30,30,0,2026-10-06 13:42:33,2026-10-06 13:42:33.568
2026-10-06 13:24:17,JAPN457,0101,Lindsay Yotsukura,15,15,0,2026-10-06 13:42:33,2026-10-06 13:42:33.980
2026-10-06 13:24:17,JWST187,0101,Bernard Cooperman,23,23,0,2026-10-06 13:43:05,2026-10-06 13:43:05.134
2026-10-06 13:24:17,JWST187,0102,Bernard Cooperman,23,23,0,2026-10-06 13:43:05,2026-10-06 13:43:05.135
2026-10-06 13:24:17,JWST187,0103,Bernard Cooperman,23,23,0,2026-10-06 13:43:05,2026-10-06 13:43:05.135
2026-10-06 13:24:17,JWST233,0101,Hayim Lapin,45,45,0,2026-10-06 13:43:05,2026-10-06 13:43:05.550
2026-10-06 13:24:17,JWST319A,0101,Daniel Richter,35,35,0,2026-10-06 13:43:05,2026-10-06 13:43:05.962
2026-10-06 13:24:17,JWST319J,0101,Nathan Levine,35,35,0,2026-10-06 13:43:06,2026-10-06 13:43:06.381
2026-10-06 13:24:17,JWST319P,0101,Lauren Kotkin,18,18,0,2026-10-06 13:43:06,2026-10-06 13:43:06.793
2026-10-06 13:24:17,JWST319Q,0101,Regev Ben-David,35,35,0,2026-10-06 13:43:07,2026-10-06 13:43:07.207
2026-10-06 13:24:17,JWST319W,0101,Avital Karpman,35,35,0,2026-10-06 13:43:07,2026-10-06 13:43:07.632
2026-10-06 13:24:17,JWST324,0101,Matthew Suriano,25,25,0,2026-10-06 13:43:08,2026-10-06 13:43:08.049
2026-10-06 13:24:17,JWST372,0101,Shirelle Doughty,30,30,0,2026-10-06 13:43:08,2026-10-06 13:43:08.463
2026-10-06 13:24:17,JWST386,0101,Instructor: TBA,5,5,0,2026-10-06 13:43:08,2026-10-06 13:43:08.874
2026-10-06 13:24:17,JWST419B,0101,Bernard Cooperman,20,20,0,2026-10-06 13:43:09,2026-10-06 13:43:09.693
2026-10-06 13:24:17,JWST427,0101,Matthew Suriano,15,15,0,2026-10-06 13:43:10,2026-10-06 13:43:10.106
2026-10-06 13:24:17,JWST469C,0101,Bernard Cooperman,10,10,0,2026-10-06 13:43:10,2026-10-06 13:43:10.516
2026-10-06 13:24:17,KORA101,0101,Seong Minne Koh,15,15,0,2026-10-06 13:43:53,2026-10-06 13:43:53.486
2026-10-06 13:24:17,KORA102,0101,Saerom Kwak,15,15,0,2026-10-06 13:43:53,2026-10-06 13:43:53.902
2026-10-06 13:24:17,KORA102,0201,Saerom Kwak,15,15,0,2026-10-06 13:43:53,2026-10-06 13:43:53.902
2026-10-06 13:24:17,KORA102,0301,Saerom Kwak,15,15,0,2026-10-06 13:43:53,2026-10-06 13:43:53.903
2026-10-06 13:24:17,KORA102,0401,Saerom Kwak,15,15,0,2026-10-06 13:43:53,2026-10-06 13:43:53.903
2026-10-06 13:24:17,KORA202,0101,Seong Minne Koh,15,15,0,2026-10-06 13:43:54,2026-10-06 13:43:54.320
2026-10-06 13:24:17,KORA202,0301,Seong Minne Koh,15,15,0,2026-10-06 13:43:54,2026-10-06 13:43:54.320
2026-10-06 13:24:17,KORA398O,0101,Instructor: TBA,10,10,0,2026-10-06 13:43:54,2026-10-06 13:43:54.729
2026-10-06 13:24:17,KORA398V,0101,Seong Minne Koh,10,10,0,2026-10-06 13:43:55,2026-10-06 13:43:55.147
2026-10-06 13:24:17,LEAD217,0101,Festus Ainoo,25,25,0,2026-10-06 13:44:14,2026-10-06 13:44:14.436
2026-10-06 13:24:17,LEAD217,0201,Festus Ainoo,25,25,0,2026-10-06 13:44:14,2026-10-06 13:44:14.436
2026-10-06 13:24:17,LEAD321,0101,Courtney Holder,10,10,0,2026-10-06 13:44:14,2026-10-06 13:44:14.861
2026-10-06 13:24:17,LEAD417,0101,Anastasia Lavrenyuk,20,20,0,2026-10-06 13:44:15,2026-10-06 13:44:15.282
2026-10-06 13:24:17,LGBT200,0101,Sayan Bhattacharya,25,25,0,2026-10-06 13:44:17,2026-10-06 13:44:17.067
2026-10-06 13:24:17,LGBT200,0102,Sayan Bhattacharya,25,25,0,2026-10-06 13:44:17,2026-10-06 13:44:17.067
2026-10-06 13:24:17,LGBT265,0201,Instructor: TBA,30,30,0,2026-10-06 13:44:17,2026-10-06 13:44:17.484
2026-10-06 13:24:17,LGBT306,0101,Sydney Lewis,30,30,0,2026-10-06 13:44:17,2026-10-06 13:44:17.894
2026-10-06 13:24:17,LGBT310,0101,Sayan Bhattacharya,25,25,0,2026-10-06 13:44:18,2026-10-06 13:44:18.320
2026-10-06 13:24:17,LGBT338F,0101,Alexis Lothian,30,30,0,2026-10-06 13:44:18,2026-10-06 13:44:18.731
2026-10-06 13:24:17,LGBT475,0101,Sydney Lewis,20,20,0,2026-10-06 13:44:19,2026-10-06 13:44:19.146
2026-10-06 13:24:17,MLAW150,0101,David Gray,25,25,0,2026-10-06 13:45:08,2026-10-06 13:45:08.704
2026-10-06 13:24:17,MLAW150,0102,David Gray,25,25,0,2026-10-06 13:45:08,2026-10-06 13:45:08.704
2026-10-06 13:24:17,MLAW150,0103,David Gray,25,25,0,2026-10-06 13:45:08,2026-10-06 13:45:08.704
2026-10-06 13:24:17,MLAW304,0101,Christine White,40,40,0,2026-10-06 13:45:09,2026-10-06 13:45:09.133
2026-10-06 13:24:17,MLAW305,0201,Brian Gilmore,60,60,0,2026-10-06 13:45:09,2026-10-06 13:45:09.552
2026-10-06 13:24:17,MLAW325,0101,Grace Benton,12,12,0,2026-10-06 13:45:09,2026-10-06 13:45:09.963
2026-10-06 13:24:17,MLAW358W,0101,Michael Spivey,25,25,0,2026-10-06 13:45:10,2026-10-06 13:45:10.405
2026-10-06 13:24:17,MLAW358W,0102,Michael Spivey,25,25,0,2026-10-06 13:45:10,2026-10-06 13:45:10.405
2026-10-06 13:24:17,MLAW358W,0103,Michael Spivey,25,25,0,2026-10-06 13:45:10,2026-10-06 13:45:10.405
2026-10-06 13:24:17,MLAW358W,0104,Michael Spivey,25,25,0,2026-10-06 13:45:10,2026-10-06 13:45:10.405
2026-10-06 13:24:17,MLAW358W,0105,Michael Spivey,25,25,0,2026-10-06 13:45:10,2026-10-06 13:45:10.405
2026-10-06 13:24:17,MLAW358W,0106,Michael Spivey,25,25,0,2026-10-06 13:45:10,2026-10-06 13:45:10.405
2026-10-06 13:24:17,MLAW358Y,0101,Martin Kobren,5,5,0,2026-10-06 13:45:10,2026-10-06 13:45:10.827
2026-10-06 13:24:17,MLAW358Z,0101,Christine White,19,19,0,2026-10-06 13:45:11,2026-10-06 13:45:11.248
2026-10-06 13:24:17,MLAW359,0101,Brandee Pettus,8,8,0,2026-10-06 13:45:11,2026-10-06 13:45:11.659
2026-10-06 13:24:17,MLAW378E,0101,Brandee Pettus,5,5,0,2026-10-06 13:45:12,2026-10-06 13:45:12.072
2026-10-06 13:24:17,MLAW378F,0101,Brian Gilmore,15,15,0,2026-10-06 13:45:12,2026-10-06 13:45:12.487
2026-10-06 13:24:17,MLAW378J,0101,Natalie Ram,20,20,0,2026-10-06 13:45:12,2026-10-06 13:45:12.900
2026-10-06 13:24:17,MLAW378T,0101,Marley Weiss,20,20,0,2026-10-06 13:45:13,2026-10-06 13:45:13.311
2026-10-06 13:24:17,MLAW388,0101,Brandee Pettus,33,33,0,2026-10-06 13:45:13,2026-10-06 13:45:13.733
2026-10-06 13:24:17,MLAW388,0201,Brandee Pettus,6,6,0,2026-10-06 13:45:13,2026-10-06 13:45:13.734
2026-10-06 13:24:17,MLAW404,0101,Christine White,75,75,0,2026-10-06 13:45:14,2026-10-06 13:45:14.151
2026-10-06 13:24:17,NAVY101,0101,Beau Cisneros,30,30,0,2026-10-06 13:45:58,2026-10-06 13:45:58.044
2026-10-06 13:24:17,NAVY108,0101,Christopher Boehm,150,150,0,2026-10-06 13:45:58,2026-10-06 13:45:58.454
2026-10-06 13:24:17,NAVY201,0101,Austin Cranfill,30,30,0,2026-10-06 13:45:58,2026-10-06 13:45:58.876
2026-10-06 13:24:17,NAVY301,0101,Beau Cisneros,35,35,0,2026-10-06 13:45:59,2026-10-06 13:45:59.290
2026-10-06 13:24:17,NAVY401,0101,John Gonser,36,36,0,2026-10-06 13:45:59,2026-10-06 13:45:59.701
2026-10-06 13:24:17,NAVY402,0102,Jenna Weiner,25,25,0,2026-10-06 13:46:00,2026-10-06 13:46:00.122
2026-10-06 13:24:17,NEUR200,0101,Ana Navarro Cebrian,90,90,0,2026-10-06 13:46:02,2026-10-06 13:46:02.047
2026-10-06 13:24:17,NEUR200,0201,Ana Navarro Cebrian,90,90,0,2026-10-06 13:46:02,2026-10-06 13:46:02.047
2026-10-06 13:24:17,NEUR305,0101,Amanda Chicoli,90,90,0,2026-10-06 13:46:02,2026-10-06 13:46:02.507
2026-10-06 13:24:17,NEUR306,0101,Chan Lin,64,64,0,2026-10-06 13:46:02,2026-10-06 13:46:02.921
2026-10-06 13:24:17,NEUR306,0102,Melissa Caras,40,40,0,2026-10-06 13:46:02,2026-10-06 13:46:02.921
2026-10-06 13:24:17,NEUR338A,0101,Amanda Chicoli,20,20,0,2026-10-06 13:46:03,2026-10-06 13:46:03.764
2026-10-06 13:24:17,NEUR398H,0101,Nikolas Francis,20,20,0,2026-10-06 13:46:05,2026-10-06 13:46:05.003
2026-10-06 13:24:17,NEUR405,0101,Hilary Bierman,16,16,0,2026-10-06 13:46:05,2026-10-06 13:46:05.421
2026-10-06 13:24:17,NEUR405,0102,Hilary Bierman,16,16,0,2026-10-06 13:46:05,2026-10-06 13:46:05.421
2026-10-06 13:24:17,NEUR405,0103,Hilary Bierman,16,16,0,2026-10-06 13:46:05,2026-10-06 13:46:05.421
2026-10-06 13:24:17,NEUR405,0106,Hilary Bierman,16,16,0,2026-10-06 13:46:05,2026-10-06 13:46:05.421
2026-10-06 13:24:17,PEER318,0101,Christina Jay,15,15,0,2026-10-06 13:46:18,2026-10-06 13:46:18.487
2026-10-06 13:24:17,PEER319,0101,Grace Boudreau,15,15,0,2026-10-06 13:46:18,2026-10-06 13:46:18.907
2026-10-06 13:24:17,PEER322,0101,Aleia Gardner,15,15,0,2026-10-06 13:46:19,2026-10-06 13:46:19.325
2026-10-06 13:24:17,PHPE308A,0101,Rachel Singpurwalla,25,25,0,2026-10-06 13:46:32,2026-10-06 13:46:32.288
2026-10-06 13:24:17,PHPE308M,0101,Eric Pacuit,30,30,0,2026-10-06 13:46:32,2026-10-06 13:46:32.692
2026-10-06 13:24:17,PHPE308P,0101,Xinzhi Zhao,30,30,0,2026-10-06 13:46:33,2026-10-06 13:46:33.106
2026-10-06 13:24:17,PHPE308U,0101,Aner Tal,35,35,0,2026-10-06 13:46:33,2026-10-06 13:46:33.521
2026-10-06 13:24:17,PHPE308Z,0101,Hallie Liberto,30,30,0,2026-10-06 13:46:33,2026-10-06 13:46:33.932
2026-10-06 13:24:17,PHPE400,0101,Instructor: TBA,30,30,0,2026-10-06 13:46:34,2026-10-06 13:46:34.763
2026-10-06 13:24:17,PHPE401,0101,Xinzhi Zhao,27,27,0,2026-10-06 13:46:35,2026-10-06 13:46:35.186
2026-10-06 13:24:17,PHPE401,0102,Xinzhi Zhao,27,27,0,2026-10-06 13:46:35,2026-10-06 13:46:35.186
2026-10-06 13:24:17,PHPE402,0101,Ben Fan,30,30,0,2026-10-06 13:46:35,2026-10-06 13:46:35.602
2026-10-06 13:24:17,PHPE408M,0101,Nicholas Laskowski,25,25,0,2026-10-06 13:46:36,2026-10-06 13:46:36.017
2026-10-06 13:24:17,PHPE408Q,0101,Samuel Kerstein,20,20,0,2026-10-06 13:46:36,2026-10-06 13:46:36.435
2026-10-06 13:24:17,PHPE408Z,0101,Avia Pasternak,30,30,0,2026-10-06 13:46:36,2026-10-06 13:46:36.848
2026-10-06 13:24:17,PHSC399,0101,Shannon Edward,30,30,0,2026-10-06 13:46:39,2026-10-06 13:46:39.039
2026-10-06 13:24:17,PHSC399,ESG1,Shannon Edward,20,20,0,2026-10-06 13:46:39,2026-10-06 13:46:39.039
2026-10-06 13:24:17,PHSC415,0101,Jessica O'Hara,36,36,0,2026-10-06 13:46:39,2026-10-06 13:46:39.453
2026-10-06 13:24:17,PHSC415,0102,Jessica O'Hara,36,36,0,2026-10-06 13:46:39,2026-10-06 13:46:39.454
2026-10-06 13:24:17,PHSC415,0103,Jessica O'Hara,36,36,0,2026-10-06 13:46:39,2026-10-06 13:46:39.454
2026-10-06 13:24:17,PHSC415,0104,Jessica O'Hara,36,36,0,2026-10-06 13:46:39,2026-10-06 13:46:39.454
2026-10-06 13:24:17,PHSC415,0105,Jessica O'Hara,36,36,0,2026-10-06 13:46:39,2026-10-06 13:46:39.454
2026-10-06 13:24:17,PHSC425,0101,Jennifer German,30,30,0,2026-10-06 13:46:39,2026-10-06 13:46:39.864
2026-10-06 13:24:17,PHSC440,0101,Kendall Bustad,35,35,0,2026-10-06 13:46:40,2026-10-06 13:46:40.286
2026-10-06 13:24:17,PHSC450,0101,Kendall Bustad,20,20,0,2026-10-06 13:46:40,2026-10-06 13:46:40.711
2026-10-06 13:24:17,PHSC450,0102,Kendall Bustad,20,20,0,2026-10-06 13:46:40,2026-10-06 13:46:40.711
2026-10-06 13:24:17,PHSC450,0103,Kendall Bustad,20,20,0,2026-10-06 13:46:40,2026-10-06 13:46:40.711
2026-10-06 13:24:17,PHSC450,0104,Kendall Bustad,20,20,0,2026-10-06 13:46:40,2026-10-06 13:46:40.712
2026-10-06 13:24:17,PHSC450,0105,Kendall Bustad,20,20,0,2026-10-06 13:46:40,2026-10-06 13:46:40.712
2026-10-06 13:24:17,PHSC450,0106,Kendall Bustad,20,20,0,2026-10-06 13:46:40,2026-10-06 13:46:40.712
2026-10-06 13:24:17,PHSC450,0107,Kendall Bustad,20,20,0,2026-10-06 13:46:40,2026-10-06 13:46:40.712
2026-10-06 13:24:17,PHSC490,0101,Shannon Edward,30,30,0,2026-10-06 13:46:41,2026-10-06 13:46:41.132
2026-10-06 13:24:17,PHSC497,0101,Gretchen De Silva,20,20,0,2026-10-06 13:46:41,2026-10-06 13:46:41.561
2026-10-06 13:24:17,PHSC497,0201,Kendall Bustad,20,20,0,2026-10-06 13:46:41,2026-10-06 13:46:41.561
2026-10-06 13:24:17,PHSC497,0301,Gretchen De Silva,20,20,0,2026-10-06 13:46:41,2026-10-06 13:46:41.561
2026-10-06 13:24:17,PHSC497,0401,Aysha Jawed,20,20,0,2026-10-06 13:46:41,2026-10-06 13:46:41.562
2026-10-06 13:24:17,PHSC497,0501,Jennifer German,20,20,0,2026-10-06 13:46:41,2026-10-06 13:46:41.562
2026-10-06 13:24:17,PHSC497,0601,Ann Truelove,20,20,0,2026-10-06 13:46:41,2026-10-06 13:46:41.562
2026-10-06 13:24:17,PHSC497,0701,Lakeshia Watson,20,20,0,2026-10-06 13:46:41,2026-10-06 13:46:41.562
2026-10-06 13:24:17,PHSC497,0801,Carmen Booker,20,20,0,2026-10-06 13:46:41,2026-10-06 13:46:41.562
2026-10-06 13:24:17,PHSC497,0901,Darya Soltani,20,20,0,2026-10-06 13:46:41,2026-10-06 13:46:41.562
2026-10-06 13:24:17,PHSC497,1001,Brienna Anderson,20,20,0,2026-10-06 13:46:41,2026-10-06 13:46:41.562
2026-10-06 13:24:17,PHSC497,1101,Margaret Smith,20,20,0,2026-10-06 13:46:41,2026-10-06 13:46:41.562
2026-10-06 13:24:17,PHSC497,1201,Eric Silfen,20,20,0,2026-10-06 13:46:41,2026-10-06 13:46:41.563
2026-10-06 13:24:17,PHSC497,1301,Lakeshia Watson,20,20,0,2026-10-06 13:46:41,2026-10-06 13:46:41.563
2026-10-06 13:24:17,RDEV250,0101,Wayne Ricardo Curtis,75,75,0,2026-10-06 13:47:56,2026-10-06 13:47:56.591
2026-10-06 13:24:17,RDEV250,0102,Wayne Ricardo Curtis,75,75,0,2026-10-06 13:47:56,2026-10-06 13:47:56.591
2026-10-06 13:24:17,RDEV270,0101,John Park,30,30,0,2026-10-06 13:47:57,2026-10-06 13:47:57.008
2026-10-06 13:24:17,RDEV350,0101,Jesse Saginor,25,25,0,2026-10-06 13:47:57,2026-10-06 13:47:57.423
2026-10-06 13:24:17,RDEV350,0102,Instructor: TBA,30,30,0,2026-10-06 13:47:57,2026-10-06 13:47:57.423
2026-10-06 13:24:17,RDEV410,0101,Peter Goldsmith,30,30,0,2026-10-06 13:47:57,2026-10-06 13:47:57.834
2026-10-06 13:24:17,RDEV415,0101,Bilal Ali,20,20,0,2026-10-06 13:47:58,2026-10-06 13:47:58.251
2026-10-06 13:24:17,RDEV445,0101,Matthew O'Malley,15,15,0,2026-10-06 13:47:58,2026-10-06 13:47:58.670
2026-10-06 13:24:17,RDEV450,0101,Kathryn Corby,30,30,0,2026-10-06 13:47:59,2026-10-06 13:47:59.096
2026-10-06 13:24:17,RDEV450,0102,Thomas Dwyer,20,20,0,2026-10-06 13:47:59,2026-10-06 13:47:59.096
2026-10-06 13:24:17,RDEV450,0103,John Park,30,30,0,2026-10-06 13:47:59,2026-10-06 13:47:59.096
2026-10-06 13:24:17,RDEV478D,0101,Jesse Saginor,20,20,0,2026-10-06 13:47:59,2026-10-06 13:47:59.506
2026-10-06 13:24:17,RDEV600,0101,Jesse Saginor,10,10,0,2026-10-06 13:47:59,2026-10-06 13:47:59.919
2026-10-06 13:24:17,RDEV603,0101,Thomas Dwyer,18,18,0,2026-10-06 13:48:00,2026-10-06 13:48:00.351
2026-10-06 13:24:17,RDEV610,0101,David Warner,20,20,0,2026-10-06 13:48:00,2026-10-06 13:48:00.769
2026-10-06 13:24:17,RDEV615,0101,Bilal Ali,20,20,0,2026-10-06 13:48:01,2026-10-06 13:48:01.193
2026-10-06 13:24:17,RDEV630,0101,Mansur Abdul-Malik,30,30,0,2026-10-06 13:48:01,2026-10-06 13:48:01.766
2026-10-06 13:24:17,RDEV650,0101,Matthew O'Malley,25,25,0,2026-10-06 13:48:02,2026-10-06 13:48:02.270
2026-10-06 13:24:17,RDEV689F,0101,Zachary Marks,20,20,0,2026-10-06 13:48:02,2026-10-06 13:48:02.741
2026-10-06 13:24:17,RDEV689I,0101,Ronald McDonald,14,14,0,2026-10-06 13:48:03,2026-10-06 13:48:03.176
2026-10-06 13:24:17,RDEV689R,0101,Nick Egelanian,15,15,0,2026-10-06 13:48:03,2026-10-06 13:48:03.605
2026-10-06 13:24:17,RDEV689Y,0101,Instructor: TBA,12,12,0,2026-10-06 13:48:04,2026-10-06 13:48:04.056
2026-10-06 13:24:17,RDEV690,0101,Tanya Bansal,12,12,0,2026-10-06 13:48:04,2026-10-06 13:48:04.496
2026-10-06 13:24:17,RELS170,0101,Katherine Wasdin,21,21,0,2026-10-06 13:48:06,2026-10-06 13:48:06.322
2026-10-06 13:24:17,RELS170,0102,Katherine Wasdin,21,21,0,2026-10-06 13:48:06,2026-10-06 13:48:06.323
2026-10-06 13:24:17,RELS170,0103,Katherine Wasdin,21,21,0,2026-10-06 13:48:06,2026-10-06 13:48:06.323
2026-10-06 13:24:17,RELS170,0104,Katherine Wasdin,21,21,0,2026-10-06 13:48:06,2026-10-06 13:48:06.323
2026-10-06 13:24:17,RELS170,0105,Katherine Wasdin,21,21,0,2026-10-06 13:48:06,2026-10-06 13:48:06.323
2026-10-06 13:24:17,RELS170,0106,Katherine Wasdin,21,21,0,2026-10-06 13:48:06,2026-10-06 13:48:06.323
2026-10-06 13:24:17,RELS170,0107,Katherine Wasdin,21,21,0,2026-10-06 13:48:06,2026-10-06 13:48:06.323
2026-10-06 13:24:17,RELS170,0108,Katherine Wasdin,21,21,0,2026-10-06 13:48:06,2026-10-06 13:48:06.323
2026-10-06 13:24:17,RELS170,0109,Katherine Wasdin,21,21,0,2026-10-06 13:48:06,2026-10-06 13:48:06.323
2026-10-06 13:24:17,RELS264,0101,Jay Moses,30,30,0,2026-10-06 13:48:06,2026-10-06 13:48:06.742
2026-10-06 13:24:17,RELS271,0101,Instructor: TBA,40,40,0,2026-10-06 13:48:07,2026-10-06 13:48:07.166
2026-10-06 13:24:17,RELS319Q,0101,Regev Ben-David,35,35,0,2026-10-06 13:48:07,2026-10-06 13:48:07.573
2026-10-06 13:24:17,RELS342,0101,Stefano Villani,27,27,0,2026-10-06 13:48:07,2026-10-06 13:48:07.983
2026-10-06 13:24:17,RELS427,0101,Matthew Suriano,15,15,0,2026-10-06 13:48:08,2026-10-06 13:48:08.400
2026-10-06 13:24:17,RELS429M,0101,Antoine Borrut,27,27,0,2026-10-06 13:48:08,2026-10-06 13:48:08.816
2026-10-06 13:24:17,RUSS102,0101,Inna Hardman,15,15,0,2026-10-06 13:48:10,2026-10-06 13:48:10.654
2026-10-06 13:24:17,RUSS102,0201,Inna Hardman,15,15,0,2026-10-06 13:48:10,2026-10-06 13:48:10.654
2026-10-06 13:24:17,RUSS202,0101,Zhanna Gerus-Vernola,15,15,0,2026-10-06 13:48:11,2026-10-06 13:48:11.078
2026-10-06 13:24:17,RUSS302,0101,Izolda Savenkova,15,15,0,2026-10-06 13:48:11,2026-10-06 13:48:11.490
2026-10-06 13:24:17,RUSS398A,0101,Instructor: TBA,15,15,0,2026-10-06 13:48:12,2026-10-06 13:48:12.290
2026-10-06 13:24:17,RUSS398F,0101,Elizabeth Papazian,25,25,0,2026-10-06 13:48:12,2026-10-06 13:48:12.707
2026-10-06 13:24:17,RUSS406,0101,Izolda Savenkova,15,15,0,2026-10-06 13:48:13,2026-10-06 13:48:13.551
2026-10-06 13:24:17,RUSS412,0101,Inna Hardman,15,15,0,2026-10-06 13:48:13,2026-10-06 13:48:13.970
2026-10-06 13:24:17,SDSB123,0101,Srijeeta Mitra,26,26,0,2026-10-06 13:48:16,2026-10-06 13:48:16.152
2026-10-06 13:24:17,SDSB180,0101,Srijeeta Mitra,155,155,0,2026-10-06 13:48:16,2026-10-06 13:48:16.575
2026-10-06 13:24:17,SDSB233,0101,Richard Engstrom,28,28,0,2026-10-06 13:48:16,2026-10-06 13:48:16.996
2026-10-06 13:24:17,SDSB233,0102,Richard Engstrom,28,28,0,2026-10-06 13:48:16,2026-10-06 13:48:16.996
2026-10-06 13:24:17,SDSB326,0101,Jacob Coutts,40,40,0,2026-10-06 13:48:17,2026-10-06 13:48:17.412
2026-10-06 13:24:17,SDSB340,0101,Neil Lund,24,24,0,2026-10-06 13:48:17,2026-10-06 13:48:17.828
2026-10-06 13:24:17,SDSI414,0101,Instructor: TBA,40,40,0,2026-10-06 13:48:19,2026-10-06 13:48:19.588
2026-10-06 13:24:17,SDSI414,0102,Instructor: TBA,40,40,0,2026-10-06 13:48:19,2026-10-06 13:48:19.588
2026-10-06 13:24:17,SDSI414,0103,Instructor: TBA,40,40,0,2026-10-06 13:48:19,2026-10-06 13:48:19.588
2026-10-06 13:24:17,SDSI414,0201,Instructor: TBA,40,40,0,2026-10-06 13:48:19,2026-10-06 13:48:19.588
2026-10-06 13:24:17,SDSI414,0202,Instructor: TBA,40,40,0,2026-10-06 13:48:19,2026-10-06 13:48:19.589
2026-10-06 13:24:17,SDSI492,0101,Instructor: TBA,45,45,0,2026-10-06 13:48:20,2026-10-06 13:48:20.015
2026-10-06 13:24:17,SDSI492,0103,Instructor: TBA,45,45,0,2026-10-06 13:48:20,2026-10-06 13:48:20.015
2026-10-06 13:24:17,SDSI492,0104,Andrew Fellows,35,35,0,2026-10-06 13:48:20,2026-10-06 13:48:20.015
2026-10-06 13:24:17,SDSI492,0105,Instructor: TBA,45,45,0,2026-10-06 13:48:20,2026-10-06 13:48:20.016
2026-10-06 13:24:17,SDSI492,0106,Instructor: TBA,45,45,0,2026-10-06 13:48:20,2026-10-06 13:48:20.016
2026-10-06 13:24:17,SDSI492,0107,TJ Rainsford,45,45,0,2026-10-06 13:48:20,2026-10-06 13:48:20.016
2026-10-06 13:24:17,SDSI492,0108,TJ Rainsford,45,45,0,2026-10-06 13:48:20,2026-10-06 13:48:20.016
2026-10-06 13:24:17,SDSI492,0110,Patrick Thornton,45,45,0,2026-10-06 13:48:20,2026-10-06 13:48:20.016
2026-10-06 13:24:17,SDSI496,0101,Jacob Coutts,25,25,0,2026-10-06 13:48:20,2026-10-06 13:48:20.437
2026-10-06 13:24:17,SLLC109I,0101,Instructor: TBA,5,5,0,2026-10-06 13:48:24,2026-10-06 13:48:24.151
2026-10-06 13:24:17,SLLC286,0101,Andrew Schonebaum,60,60,0,2026-10-06 13:48:24,2026-10-06 13:48:24.565
2026-10-06 13:24:17,SLLC287,0101,Sean Pue,20,20,0,2026-10-06 13:48:24,2026-10-06 13:48:24.984
2026-10-06 13:24:17,SLLC305,0101,Nahal Akbari-Saneh,25,25,0,2026-10-06 13:48:25,2026-10-06 13:48:25.393
2026-10-06 13:24:17,SLLC309,0101,Ahmed Hanafy,10,10,0,2026-10-06 13:48:25,2026-10-06 13:48:25.837
2026-10-06 13:24:17,SLLC309,0102,Ahmed Hanafy,10,10,0,2026-10-06 13:48:25,2026-10-06 13:48:25.837
2026-10-06 13:24:17,SLLC309,0103,Ahmed Hanafy,10,10,0,2026-10-06 13:48:25,2026-10-06 13:48:25.837
2026-10-06 13:24:17,SLLC309,0104,Ahmed Hanafy,10,10,0,2026-10-06 13:48:25,2026-10-06 13:48:25.837
2026-10-06 13:24:17,SLLC309,0105,Ahmed Hanafy,10,10,0,2026-10-06 13:48:25,2026-10-06 13:48:25.838
2026-10-06 13:24:17,SLLC309,0106,Ahmed Hanafy,10,10,0,2026-10-06 13:48:25,2026-10-06 13:48:25.838
2026-10-06 13:24:17,SLLC309,0107,Ahmed Hanafy,10,10,0,2026-10-06 13:48:25,2026-10-06 13:48:25.838
2026-10-06 13:24:17,SLLC309,0108,Ahmed Hanafy,10,10,0,2026-10-06 13:48:25,2026-10-06 13:48:25.838
2026-10-06 13:24:17,SLLC309,0109,Ahmed Hanafy,10,10,0,2026-10-06 13:48:25,2026-10-06 13:48:25.838
2026-10-06 13:24:17,SLLC309,0110,Ahmed Hanafy,10,10,0,2026-10-06 13:48:25,2026-10-06 13:48:25.838
2026-10-06 13:24:17,SLLC309,0111,Ahmed Hanafy,10,10,0,2026-10-06 13:48:25,2026-10-06 13:48:25.838
2026-10-06 13:24:17,SLLC329,0101,Marilyn Matar,10,10,0,2026-10-06 13:48:26,2026-10-06 13:48:26.269
2026-10-06 13:24:17,SLLC329,0102,Marilyn Matar,10,10,0,2026-10-06 13:48:26,2026-10-06 13:48:26.269
2026-10-06 13:24:17,SLLC329,0103,Marilyn Matar,20,20,0,2026-10-06 13:48:26,2026-10-06 13:48:26.269
2026-10-06 13:24:17,SLLC329,0104,Marilyn Matar,10,10,0,2026-10-06 13:48:26,2026-10-06 13:48:26.270
2026-10-06 13:24:17,SLLC329,0105,Marilyn Matar,10,10,0,2026-10-06 13:48:26,2026-10-06 13:48:26.270
2026-10-06 13:24:17,SLLC329,0106,Marilyn Matar,10,10,0,2026-10-06 13:48:26,2026-10-06 13:48:26.270
2026-10-06 13:24:17,SLLC329,0107,Marilyn Matar,10,10,0,2026-10-06 13:48:26,2026-10-06 13:48:26.270
2026-10-06 13:24:17,SLLC329,0108,Marilyn Matar,10,10,0,2026-10-06 13:48:26,2026-10-06 13:48:26.270
2026-10-06 13:24:17,SLLC329,0109,Marilyn Matar,10,10,0,2026-10-06 13:48:26,2026-10-06 13:48:26.270
2026-10-06 13:24:17,SLLC329,0110,Marilyn Matar,20,20,0,2026-10-06 13:48:26,2026-10-06 13:48:26.270
2026-10-06 13:24:17,SMLP471,0101,Jennifer Hsin,60,60,0,2026-10-06 13:48:28,2026-10-06 13:48:28.160
2026-10-06 13:24:17,SMLP474,0101,Sara Herald,60,60,0,2026-10-06 13:48:28,2026-10-06 13:48:28.577
2026-10-06 13:24:17,SPHL100,0101,Shuling Wu,20,20,0,2026-10-06 13:49:03,2026-10-06 13:49:03.566
2026-10-06 13:24:17,SPHL100,0102,Shuling Wu,20,20,0,2026-10-06 13:49:03,2026-10-06 13:49:03.566
2026-10-06 13:24:17,SPHL100,0103,Shuling Wu,20,20,0,2026-10-06 13:49:03,2026-10-06 13:49:03.566
2026-10-06 13:24:17,SPHL100,0104,Shuling Wu,20,20,0,2026-10-06 13:49:03,2026-10-06 13:49:03.566
2026-10-06 13:24:17,SPHL100,0105,Shuling Wu,20,20,0,2026-10-06 13:49:03,2026-10-06 13:49:03.566
2026-10-06 13:24:17,SPHL100,0106,Shuling Wu,20,20,0,2026-10-06 13:49:03,2026-10-06 13:49:03.566
2026-10-06 13:24:17,SPHL100,0107,Shuling Wu,20,20,0,2026-10-06 13:49:03,2026-10-06 13:49:03.567
2026-10-06 13:24:17,SPHL100,0108,Shuling Wu,20,20,0,2026-10-06 13:49:03,2026-10-06 13:49:03.567
2026-10-06 13:24:17,SPHL100,0109,Shuling Wu,20,20,0,2026-10-06 13:49:03,2026-10-06 13:49:03.567
2026-10-06 13:24:17,SPHL100,0110,Shuling Wu,20,20,0,2026-10-06 13:49:03,2026-10-06 13:49:03.567
2026-10-06 13:24:17,SPHL100,0201,Shuling Wu,20,20,0,2026-10-06 13:49:03,2026-10-06 13:49:03.567
2026-10-06 13:24:17,SPHL100,0202,Shuling Wu,20,20,0,2026-10-06 13:49:03,2026-10-06 13:49:03.567
2026-10-06 13:24:17,SPHL100,0203,Shuling Wu,20,20,0,2026-10-06 13:49:03,2026-10-06 13:49:03.567
2026-10-06 13:24:17,SPHL100,0204,Shuling Wu,20,20,0,2026-10-06 13:49:03,2026-10-06 13:49:03.567
2026-10-06 13:24:17,SPHL100,0205,Shuling Wu,20,20,0,2026-10-06 13:49:03,2026-10-06 13:49:03.567
2026-10-06 13:24:17,SPHL100,0206,Shuling Wu,20,20,0,2026-10-06 13:49:03,2026-10-06 13:49:03.568
2026-10-06 13:24:17,SPHL100,0207,Shuling Wu,20,20,0,2026-10-06 13:49:03,2026-10-06 13:49:03.568
2026-10-06 13:24:17,SPHL100,0208,Shuling Wu,20,20,0,2026-10-06 13:49:03,2026-10-06 13:49:03.568
2026-10-06 13:24:17,SPHL246,0101,April Khaing,20,20,0,2026-10-06 13:49:03,2026-10-06 13:49:03.999
2026-10-06 13:24:17,SPHL276,0101,Dina Borzekowski,25,25,0,2026-10-06 13:49:04,2026-10-06 13:49:04.419
2026-10-06 13:24:17,SPHL321,0101,Sylvette La Touche-Howard,15,15,0,2026-10-06 13:49:04,2026-10-06 13:49:04.835
2026-10-06 13:24:17,SPHL333,0101,Cynthia Kershaw,75,75,0,2026-10-06 13:49:05,2026-10-06 13:49:05.258
2026-10-06 13:24:17,SPHL478,0101,Tracy Zeeger,10,10,0,2026-10-06 13:49:06,2026-10-06 13:49:06.105
2026-10-06 13:24:17,SPHL600,0101,Sylvette La Touche-Howard,8,8,0,2026-10-06 13:49:06,2026-10-06 13:49:06.536
2026-10-06 13:24:17,SPHL610,0101,Danielle Catona,22,22,0,2026-10-06 13:49:07,2026-10-06 13:49:07.018
2026-10-06 13:24:17,SPHL610,0102,Danielle Catona,22,22,0,2026-10-06 13:49:07,2026-10-06 13:49:07.018
2026-10-06 13:24:17,SPHL610,0103,Danielle Catona,22,22,0,2026-10-06 13:49:07,2026-10-06 13:49:07.018
2026-10-06 13:24:17,SPHL610,PLB1,Priscilla Novak,20,20,0,2026-10-06 13:49:07,2026-10-06 13:49:07.018
2026-10-06 13:24:17,SPHL610,PLH1,Priscilla Novak,28,28,0,2026-10-06 13:49:07,2026-10-06 13:49:07.018
2026-10-06 13:24:17,SPHL610,PLK1,Priscilla Novak,5,5,0,2026-10-06 13:49:07,2026-10-06 13:49:07.019
2026-10-06 13:24:17,SPHL611,0101,Danielle Catona,45,45,0,2026-10-06 13:49:07,2026-10-06 13:49:07.437
2026-10-06 13:24:17,SPHL611,0201,Danielle Catona,45,45,0,2026-10-06 13:49:07,2026-10-06 13:49:07.438
2026-10-06 13:24:17,SPHL611,PLB1,Evelyn King-Marshall,20,20,0,2026-10-06 13:49:07,2026-10-06 13:49:07.438
2026-10-06 13:24:17,SPHL611,PLH1,Evelyn King-Marshall,28,28,0,2026-10-06 13:49:07,2026-10-06 13:49:07.438
2026-10-06 13:24:17,SPHL611,PLK1,Evelyn King-Marshall,5,5,0,2026-10-06 13:49:07,2026-10-06 13:49:07.438
2026-10-06 13:24:17,SPHL612,0101,James Hagberg,15,15,0,2026-10-06 13:49:07,2026-10-06 13:49:07.845
2026-10-06 13:24:17,TLTC310,0101,Sarah Kistner,20,20,0,2026-10-06 13:49:46,2026-10-06 13:49:46.532
2026-10-06 13:24:17,TLTC333,0101,Mona Thompson,55,55,0,2026-10-06 13:49:46,2026-10-06 13:49:46.951
2026-10-06 13:24:17,TLTC333,0102,Mona Thompson,55,55,0,2026-10-06 13:49:46,2026-10-06 13:49:46.951
2026-10-06 13:24:17,TLTC333,0105,Mona Thompson,55,55,0,2026-10-06 13:49:46,2026-10-06 13:49:46.951
2026-10-06 13:24:17,URSP372,0101,Priscila Alves,20,20,0,2026-10-06 13:49:56,2026-10-06 13:49:56.769
2026-10-06 13:24:17,URSP488A,0101,Chengri Ding,30,30,0,2026-10-06 13:49:57,2026-10-06 13:49:57.240
2026-10-06 13:24:17,URSP600,0101,Kevin Nelson,25,25,0,2026-10-06 13:49:57,2026-10-06 13:49:57.663
2026-10-06 13:24:17,URSP603,0101,Dawn Jourdan,33,33,0,2026-10-06 13:49:58,2026-10-06 13:49:58.087
2026-10-06 13:24:17,URSP606,0101,Chengri Ding,15,15,0,2026-10-06 13:49:58,2026-10-06 13:49:58.503
2026-10-06 13:24:17,URSP631,0101,Hiroyuki Iseki,15,15,0,2026-10-06 13:49:58,2026-10-06 13:49:58.932
2026-10-06 13:24:17,URSP668B,0101,Eric Burnstein,20,20,0,2026-10-06 13:49:59,2026-10-06 13:49:59.352
2026-10-06 13:24:17,URSP673,0101,Riem ElZoghbi,25,25,0,2026-10-06 13:49:59,2026-10-06 13:49:59.773
2026-10-06 13:24:17,URSP688M,0101,Andrew Bernish,20,20,0,2026-10-06 13:50:00,2026-10-06 13:50:00.241
2026-10-06 13:24:17,URSP688P,0101,Sonja Ewing,15,15,0,2026-10-06 13:50:00,2026-10-06 13:50:00.680
2026-10-06 13:24:17,URSP688Y,0101,Chester Harvey,30,30,0,2026-10-06 13:50:01,2026-10-06 13:50:01.095
2026-10-06 13:24:17,URSP708,0101,Nicholas Finio,10,10,0,2026-10-06 13:50:01,2026-10-06 13:50:01.581
2026-10-06 13:24:17,URSP709,0101,Casey Dawkins,10,10,0,2026-10-06 13:50:02,2026-10-06 13:50:02.108
2026-10-06 13:24:17,URSP805,0101,Casey Dawkins,15,15,0,2026-10-06 13:50:03,2026-10-06 13:50:03.840
2026-10-06 13:24:17,USLT202,0101,Robert Chester,26,26,0,2026-10-06 13:50:07,2026-10-06 13:50:07.707
2026-10-06 13:24:17,USLT403,0101,Perla Guerrero,20,20,0,2026-10-06 13:50:08,2026-10-06 13:50:08.119
2026-10-06 13:24:17,USLT420,0101,Robert Chester,27,27,0,2026-10-06 13:50:08,2026-10-06 13:50:08.536
2026-10-06 13:24:17,USLT488,0101,Nancy Mirabal,30,30,0,2026-10-06 13:50:08,2026-10-06 13:50:08.959
2026-10-06 13:24:17,USLT498L,0101,Fernando Rios,12,12,0,2026-10-06 13:50:11,2026-10-06 13:50:11.771
2026-10-06 13:24:17,VIPS208,0102,Ken Kiger,10,10,0,2026-10-06 13:50:13,2026-10-06 13:50:13.561
2026-10-06 13:24:17,VIPS208,0103,Bryan Quinn,10,10,0,2026-10-06 13:50:13,2026-10-06 13:50:13.561
2026-10-06 13:24:17,VIPS208,0104,Ryan Sochol,10,10,0,2026-10-06 13:50:13,2026-10-06 13:50:13.561
2026-10-06 13:24:17,VIPS208,0105,Molly Carton,10,10,0,2026-10-06 13:50:13,2026-10-06 13:50:13.561
2026-10-06 13:24:17,VIPS208,0106,James Baeder,11,11,0,2026-10-06 13:50:13,2026-10-06 13:50:13.561
2026-10-06 13:24:17,VIPS208,0107,Catherine Spirito,10,10,0,2026-10-06 13:50:13,2026-10-06 13:50:13.561
2026-10-06 13:24:17,VIPS208,0108,Ronald Yaros,10,10,0,2026-10-06 13:50:13,2026-10-06 13:50:13.561
2026-10-06 13:24:17,VIPS208,0109,Carinna Ferguson,10,10,0,2026-10-06 13:50:13,2026-10-06 13:50:13.561
2026-10-06 13:24:17,VIPS208,0110,Tracy Riggins,10,10,0,2026-10-06 13:50:13,2026-10-06 13:50:13.562
2026-10-06 13:24:17,VIPS208,0111,Kevin Calabro,10,10,0,2026-10-06 13:50:13,2026-10-06 13:50:13.562
2026-10-06 13:24:17,VIPS208,0112,Raffaele Viglianti,10,10,0,2026-10-06 13:50:13,2026-10-06 13:50:13.562
2026-10-06 13:24:17,VIPS208,0113,Shabnam Jabeen,10,10,0,2026-10-06 13:50:13,2026-10-06 13:50:13.562
2026-10-06 13:24:17,VIPS208,0114,Ning Zeng,10,10,0,2026-10-06 13:50:13,2026-10-06 13:50:13.562
2026-10-06 13:24:17,VIPS208,0115,Veronica Kang,10,10,0,2026-10-06 13:50:13,2026-10-06 13:50:13.562
2026-10-06 13:24:17,VIPS208,0116,David Stewart,10,10,0,2026-10-06 13:50:13,2026-10-06 13:50:13.562
2026-10-06 13:24:17,VIPS208,0117,Meredith Epstein,10,10,0,2026-10-06 13:50:13,2026-10-06 13:50:13.562
2026-10-06 13:24:17,VIPS208,0118,Magaly Toro Ibaceta,10,10,0,2026-10-06 13:50:13,2026-10-06 13:50:13.562
2026-10-06 13:24:17,VIPS208,0120,Marisa Parham,10,10,0,2026-10-06 13:50:13,2026-10-06 13:50:13.563
2026-10-06 13:24:17,VIPS208,0121,Becky Epanchin-Niell,10,10,0,2026-10-06 13:50:13,2026-10-06 13:50:13.563
2026-10-06 13:24:17,VIPS208,0122,Timothy Reedy,10,10,0,2026-10-06 13:50:13,2026-10-06 13:50:13.563
2026-10-06 13:24:17,VIPS208,0123,Lingnan Lin,10,10,0,2026-10-06 13:50:13,2026-10-06 13:50:13.563
2026-10-06 13:24:17,VIPS208,0124,Jeffrey Moro,10,10,0,2026-10-06 13:50:13,2026-10-06 13:50:13.563
2026-10-06 13:24:17,VIPS208,0125,Peter Sunderland,10,10,0,2026-10-06 13:50:13,2026-10-06 13:50:13.563
2026-10-06 13:24:17,VIPS208,0126,Brienna Anderson,10,10,0,2026-10-06 13:50:13,2026-10-06 13:50:13.563
2026-10-06 13:24:17,VIPS308,0102,Ken Kiger,10,10,0,2026-10-06 13:50:14,2026-10-06 13:50:14.042
2026-10-06 13:24:17,VIPS308,0103,Bryan Quinn,13,13,0,2026-10-06 13:50:14,2026-10-06 13:50:14.043
2026-10-06 13:24:17,VIPS308,0104,Ryan Sochol,10,10,0,2026-10-06 13:50:14,2026-10-06 13:50:14.043
2026-10-06 13:24:17,VIPS308,0105,Molly Carton,10,10,0,2026-10-06 13:50:14,2026-10-06 13:50:14.043
2026-10-06 13:24:17,VIPS308,0106,James Baeder,10,10,0,2026-10-06 13:50:14,2026-10-06 13:50:14.043
2026-10-06 13:24:17,VIPS308,0107,Catherine Spirito,10,10,0,2026-10-06 13:50:14,2026-10-06 13:50:14.043
2026-10-06 13:24:17,VIPS308,0108,Ronald Yaros,10,10,0,2026-10-06 13:50:14,2026-10-06 13:50:14.043
2026-10-06 13:24:17,VIPS308,0109,Carinna Ferguson,10,10,0,2026-10-06 13:50:14,2026-10-06 13:50:14.043
2026-10-06 13:24:17,VIPS308,0110,Tracy Riggins,10,10,0,2026-10-06 13:50:14,2026-10-06 13:50:14.043
2026-10-06 13:24:17,VIPS308,0111,Kevin Calabro,10,10,0,2026-10-06 13:50:14,2026-10-06 13:50:14.044
2026-10-06 13:24:17,VIPS308,0112,Raffaele Viglianti,10,10,0,2026-10-06 13:50:14,2026-10-06 13:50:14.044
2026-10-06 13:24:17,VIPS308,0113,Shabnam Jabeen,10,10,0,2026-10-06 13:50:14,2026-10-06 13:50:14.044
2026-10-06 13:24:17,VIPS308,0114,Ning Zeng,10,10,0,2026-10-06 13:50:14,2026-10-06 13:50:14.044
2026-10-06 13:24:17,VIPS308,0115,Veronica Kang,10,10,0,2026-10-06 13:50:14,2026-10-06 13:50:14.044
2026-10-06 13:24:17,VIPS308,0116,David Stewart,10,10,0,2026-10-06 13:50:14,2026-10-06 13:50:14.044
2026-10-06 13:24:17,VIPS308,0117,Meredith Epstein,10,10,0,2026-10-06 13:50:14,2026-10-06 13:50:14.044
2026-10-06 13:24:17,VIPS308,0118,Magaly Toro Ibaceta,10,10,0,2026-10-06 13:50:14,2026-10-06 13:50:14.044
2026-10-06 13:24:17,VIPS308,0120,Marisa Parham,10,10,0,2026-10-06 13:50:14,2026-10-06 13:50:14.045
2026-10-06 13:24:17,VIPS308,0121,Becky Epanchin-Niell,10,10,0,2026-10-06 13:50:14,2026-10-06 13:50:14.045
2026-10-06 13:24:17,VIPS308,0122,Timothy Reedy,10,10,0,2026-10-06 13:50:14,2026-10-06 13:50:14.045
2026-10-06 13:24:17,VIPS308,0123,Lingnan Lin,10,10,0,2026-10-06 13:50:14,2026-10-06 13:50:14.045
2026-10-06 13:24:17,VIPS308,0124,Jeffrey Moro,10,10,0,2026-10-06 13:50:14,2026-10-06 13:50:14.045
2026-10-06 13:24:17,VIPS308,0125,Peter Sunderland,10,10,0,2026-10-06 13:50:14,2026-10-06 13:50:14.045
2026-10-06 13:24:17,VIPS308,0126,Brienna Anderson,10,10,0,2026-10-06 13:50:14,2026-10-06 13:50:14.045
2026-10-06 13:24:17,VIPS408,0102,Ken Kiger,10,10,0,2026-10-06 13:50:14,2026-10-06 13:50:14.508
2026-10-06 13:24:17,VIPS408,0103,Bryan Quinn,10,10,0,2026-10-06 13:50:14,2026-10-06 13:50:14.508
2026-10-06 13:24:17,VIPS408,0104,Ryan Sochol,10,10,0,2026-10-06 13:50:14,2026-10-06 13:50:14.508
2026-10-06 13:24:17,VIPS408,0105,Molly Carton,10,10,0,2026-10-06 13:50:14,2026-10-06 13:50:14.508
2026-10-06 13:24:17,VIPS408,0106,James Baeder,10,10,0,2026-10-06 13:50:14,2026-10-06 13:50:14.508
2026-10-06 13:24:17,VIPS408,0107,Catherine Spirito,10,10,0,2026-10-06 13:50:14,2026-10-06 13:50:14.508
2026-10-06 13:24:17,VIPS408,0108,Ronald Yaros,10,10,0,2026-10-06 13:50:14,2026-10-06 13:50:14.508
2026-10-06 13:24:17,VIPS408,0109,Carinna Ferguson,10,10,0,2026-10-06 13:50:14,2026-10-06 13:50:14.508
2026-10-06 13:24:17,VIPS408,0110,Tracy Riggins,10,10,0,2026-10-06 13:50:14,2026-10-06 13:50:14.509
2026-10-06 13:24:17,VIPS408,0111,Kevin Calabro,10,10,0,2026-10-06 13:50:14,2026-10-06 13:50:14.509
2026-10-06 13:24:17,VIPS408,0112,Raffaele Viglianti,10,10,0,2026-10-06 13:50:14,2026-10-06 13:50:14.509
2026-10-06 13:24:17,VIPS408,0113,Shabnam Jabeen,10,10,0,2026-10-06 13:50:14,2026-10-06 13:50:14.509
2026-10-06 13:24:17,VIPS408,0114,Ning Zeng,10,10,0,2026-10-06 13:50:14,2026-10-06 13:50:14.509
2026-10-06 13:24:17,VIPS408,0115,Veronica Kang,10,10,0,2026-10-06 13:50:14,2026-10-06 13:50:14.509
2026-10-06 13:24:17,VIPS408,0116,David Stewart,10,10,0,2026-10-06 13:50:14,2026-10-06 13:50:14.509
2026-10-06 13:24:17,VIPS408,0117,Meredith Epstein,10,10,0,2026-10-06 13:50:14,2026-10-06 13:50:14.509
2026-10-06 13:24:17,VIPS408,0118,Magaly Toro Ibaceta,10,10,0,2026-10-06 13:50:14,2026-10-06 13:50:14.510
2026-10-06 13:24:17,VIPS408,0120,Marisa Parham,10,10,0,2026-10-06 13:50:14,2026-10-06 13:50:14.510
2026-10-06 13:24:17,VIPS408,0121,Becky Epanchin-Niell,10,10,0,2026-10-06 13:50:14,2026-10-06 13:50:14.510
2026-10-06 13:24:17,VIPS408,0122,Timothy Reedy,10,10,0,2026-10-06 13:50:14,2026-10-06 13:50:14.510
2026-10-06 13:24:17,VIPS408,0123,Lingnan Lin,10,10,0,2026-10-06 13:50:14,2026-10-06 13:50:14.510
2026-10-06 13:24:17,VIPS408,0124,Jeffrey Moro,10,10,0,2026-10-06 13:50:14,2026-10-06 13:50:14.510
2026-10-06 13:24:17,VIPS408,0125,Peter Sunderland,10,10,0,2026-10-06 13:50:14,2026-10-06 13:50:14.510
2026-10-06 13:24:17,VIPS408,0126,Brienna Anderson,10,10,0,2026-10-06 13:50:14,2026-10-06 13:50:14.510
2026-10-06 13:24:17,WEID139N,0101,Denise Joseph,60,60,0,2026-10-06 13:51:11,2026-10-06 13:51:11.187
2026-10-06 13:24:17,WEID139T,0201,Taylor Togafau-Lewis,45,45,0,2026-10-06 13:51:11,2026-10-06 13:51:11.601
2026-10-06 13:24:17,WGSS105,0101,Jessica Mathiason,30,30,0,2026-10-06 13:51:13,2026-10-06 13:51:13.543
2026-10-06 13:24:17,WGSS105,0102,Jessica Mathiason,30,30,0,2026-10-06 13:51:13,2026-10-06 13:51:13.544
2026-10-06 13:24:17,WGSS105,0103,Jessica Mathiason,30,30,0,2026-10-06 13:51:13,2026-10-06 13:51:13.544
2026-10-06 13:24:17,WGSS105,0104,Jessica Mathiason,30,30,0,2026-10-06 13:51:13,2026-10-06 13:51:13.544
2026-10-06 13:24:17,WGSS115,0101,Alexis Lothian,25,25,0,2026-10-06 13:51:13,2026-10-06 13:51:13.968
2026-10-06 13:24:17,WGSS115,0102,Alexis Lothian,25,25,0,2026-10-06 13:51:13,2026-10-06 13:51:13.968
2026-10-06 13:24:17,WGSS201,0101,Sayan Bhattacharya,25,25,0,2026-10-06 13:51:14,2026-10-06 13:51:14.386
2026-10-06 13:24:17,WGSS201,0102,Sayan Bhattacharya,25,25,0,2026-10-06 13:51:14,2026-10-06 13:51:14.387
2026-10-06 13:24:17,WGSS205,0101,Shelbi Meissner,21,21,0,2026-10-06 13:51:14,2026-10-06 13:51:14.799
2026-10-06 13:24:17,WGSS205,0201,Shelbi Meissner,21,21,0,2026-10-06 13:51:14,2026-10-06 13:51:14.799
2026-10-06 13:24:17,WGSS230,0101,Daniel Richter,20,20,0,2026-10-06 13:51:15,2026-10-06 13:51:15.222
2026-10-06 13:24:17,WGSS230,0201,Robert Lucci,20,20,0,2026-10-06 13:51:15,2026-10-06 13:51:15.223
2026-10-06 13:24:17,WGSS250,0101,Lidia Garcia Berrelleza,25,25,0,2026-10-06 13:51:15,2026-10-06 13:51:15.638
2026-10-06 13:24:17,WGSS250,0201,Shameem Razack,25,25,0,2026-10-06 13:51:15,2026-10-06 13:51:15.638
2026-10-06 13:24:17,WGSS255,0101,Instructor: TBA,30,30,0,2026-10-06 13:51:16,2026-10-06 13:51:16.056
2026-10-06 13:24:17,WGSS265,0101,Ashley Newby,40,40,0,2026-10-06 13:51:16,2026-10-06 13:51:16.471
2026-10-06 13:24:17,WGSS275,0101,Instructor: TBA,30,30,0,2026-10-06 13:51:16,2026-10-06 13:51:16.881
2026-10-06 13:24:17,WGSS280,0101,Jessica Mathiason,52,52,0,2026-10-06 13:51:17,2026-10-06 13:51:17.317
2026-10-06 13:24:17,WGSS290,0101,Jessica Mathiason,30,30,0,2026-10-06 13:51:17,2026-10-06 13:51:17.741
2026-10-06 13:24:17,WGSS290,0201,Sydney Lewis,31,31,0,2026-10-06 13:51:17,2026-10-06 13:51:17.741
2026-10-06 13:24:17,WGSS298C,0101,Will Mosley,35,35,0,2026-10-06 13:51:18,2026-10-06 13:51:18.173
2026-10-06 13:24:17,WGSS298S,0101,Jordan Keesler,25,25,0,2026-10-06 13:51:18,2026-10-06 13:51:18.584
2026-10-06 13:24:17,WGSS302,0101,Will Mosley,25,25,0,2026-10-06 13:51:18,2026-10-06 13:51:18.990
2026-10-06 13:24:17,WGSS306,0101,Sydney Lewis,30,30,0,2026-10-06 13:51:19,2026-10-06 13:51:19.408
2026-10-06 13:24:17,WGSS310,0101,Sayan Bhattacharya,25,25,0,2026-10-06 13:51:19,2026-10-06 13:51:19.826
2026-10-06 13:24:17,WGSS319F,0101,Alexis Lothian,30,30,0,2026-10-06 13:51:20,2026-10-06 13:51:20.260
2026-10-06 13:24:17,WGSS379G,0101,Chinyere Osuji,20,20,0,2026-10-06 13:51:20,2026-10-06 13:51:20.679
2026-10-06 13:24:17,WGSS379U,0101,John Drabinski,25,25,0,2026-10-06 13:51:21,2026-10-06 13:51:21.092
2026-10-06 13:24:17,WGSS422,0101,Jennifer Cho,18,18,0,2026-10-06 13:51:21,2026-10-06 13:51:21.511
2026-10-06 13:24:17,WGSS471,0101,Katherine Sharp,25,25,0,2026-10-06 13:51:21,2026-10-06 13:51:21.927
2026-10-06 13:24:17,WGSS471,0201,Katherine Sharp,45,45,0,2026-10-06 13:51:21,2026-10-06 13:51:21.928
2026-10-06 13:24:17,WGSS475,0101,Sydney Lewis,20,20,0,2026-10-06 13:51:22,2026-10-06 13:51:22.344
2026-10-06 13:24:17,WGSS487,0101,Eva Hageman,15,15,0,2026-10-06 13:51:22,2026-10-06 13:51:22.753
2026-10-06 13:24:17,WGSS487H,0101,Eva Hageman,5,5,0,2026-10-06 13:51:23,2026-10-06 13:51:23.160
2026-10-06 13:24:17,WGSS602,0101,Shelbi Meissner,12,12,0,2026-10-06 13:51:24,2026-10-06 13:51:24.828
2026-10-06 13:24:17,WGSS708,0101,Alexis Lothian,10,10,0,2026-10-06 13:51:26,2026-10-06 13:51:26.068
2026-10-06 13:24:17,XPER455,0101,TJ Rainsford,25,25,0,2026-10-06 13:51:29,2026-10-06 13:51:29.089
